ISO-10303-21;
HEADER;

/* File generated by HOOPS Exchange Version 25.8.0 */

FILE_DESCRIPTION(('HOOPS Exchange Step'),'2;1');

FILE_NAME('/home/tfannes/repo/klepto/cart/stl/base.step',
'2026-09-12T13:17:48+02:00',
('tfannes'),
('Unknown organisation'),
'HOOPS Exchange 2025.8',
'HOOPS Exchange',
'Unknown authorisation');

FILE_SCHEMA( ('AP203_CONFIGURATION_CONTROLLED_3D_DESIGN_OF_MECHANICAL_PARTS_AND_ASSEMBLIES_MIM_LF') );

ENDSEC;

DATA;
#3=(NAMED_UNIT(*)PLANE_ANGLE_UNIT()SI_UNIT($,.RADIAN.));
#4=PLANE_ANGLE_MEASURE_WITH_UNIT(PLANE_ANGLE_MEASURE(0.0174532925),#3);
#5=(CONVERSION_BASED_UNIT('DEGREE',#4)NAMED_UNIT(#6)PLANE_ANGLE_UNIT());
#6=DIMENSIONAL_EXPONENTS(0.,0.,0.,0.,0.,0.,0.);
#7=(NAMED_UNIT(*)SI_UNIT($,.STERADIAN.)SOLID_ANGLE_UNIT());
#8=(LENGTH_UNIT()NAMED_UNIT(*)SI_UNIT(.MILLI.,.METRE.));
#9=UNCERTAINTY_MEASURE_WITH_UNIT(LENGTH_MEASURE(1.000000E-03),#8,'DISTANCE_ACCURACY_VALUE','Maximum Tolerance applied to model');
#10=(GEOMETRIC_REPRESENTATION_CONTEXT(3)GLOBAL_UNCERTAINTY_ASSIGNED_CONTEXT((#9))GLOBAL_UNIT_ASSIGNED_CONTEXT((#8,#5,#7))REPRESENTATION_CONTEXT('','root'));
#12=CARTESIAN_POINT('',(0.,0.,0.));
#13=DIRECTION('',(0.,0.,1.));
#14=DIRECTION('',(1.,0.,0.));
#15=AXIS2_PLACEMENT_3D('TS3D_PRODUCT_CSYS',#12,#13,#14);
#26=(NAMED_UNIT(*)PLANE_ANGLE_UNIT()SI_UNIT($,.RADIAN.));
#27=PLANE_ANGLE_MEASURE_WITH_UNIT(PLANE_ANGLE_MEASURE(0.0174532925),#26);
#28=(CONVERSION_BASED_UNIT('DEGREE',#27)NAMED_UNIT(#29)PLANE_ANGLE_UNIT());
#29=DIMENSIONAL_EXPONENTS(0.,0.,0.,0.,0.,0.,0.);
#30=(NAMED_UNIT(*)SI_UNIT($,.STERADIAN.)SOLID_ANGLE_UNIT());
#31=(LENGTH_UNIT()NAMED_UNIT(*)SI_UNIT(.MILLI.,.METRE.));
#32=UNCERTAINTY_MEASURE_WITH_UNIT(LENGTH_MEASURE(1.000000E-05),#31,'DISTANCE_ACCURACY_VALUE','Maximum Tolerance applied to model');
#33=(GEOMETRIC_REPRESENTATION_CONTEXT(3)GLOBAL_UNCERTAINTY_ASSIGNED_CONTEXT((#32))GLOBAL_UNIT_ASSIGNED_CONTEXT((#31,#28,#30))REPRESENTATION_CONTEXT('','0'));
#45=CARTESIAN_POINT('',(0.,0.,0.));
#46=DIRECTION('',(0.,0.,1.));
#47=DIRECTION('',(1.,0.,-0.));
#48=AXIS2_PLACEMENT_3D('',#45,#46,#47);
#49=ITEM_DEFINED_TRANSFORMATION('','',#48,#15);
#50=(REPRESENTATION_RELATIONSHIP('','',#35,#16)REPRESENTATION_RELATIONSHIP_WITH_TRANSFORMATION(#49)SHAPE_REPRESENTATION_RELATIONSHIP());
#51=NEXT_ASSEMBLY_USAGE_OCCURRENCE('Base_1','Base','Base',#25,#44,$);
#52=PRODUCT_DEFINITION_SHAPE('','',#51);
#53=CONTEXT_DEPENDENT_SHAPE_REPRESENTATION(#50,#52);
#55=CARTESIAN_POINT('',(-65.125767812,9.75,27.));
#56=CARTESIAN_POINT('',(-65.125767812,13.25,27.));
#57=CARTESIAN_POINT('',(-86.,9.75,27.));
#58=CARTESIAN_POINT('',(-86.,13.25,27.));
#59=B_SPLINE_SURFACE_WITH_KNOTS('',1,1,((#55,#56),(#57,#58)),.UNSPECIFIED.,.F.,.F.,.U.,(2,2),(2,2),(0.017625768,0.0385),(-0.001427127,0.002072873),.UNSPECIFIED.);
#60=CARTESIAN_POINT('',(-65.125767812,9.75,27.));
#61=VERTEX_POINT('',#60);
#62=CARTESIAN_POINT('',(-77.51371307,9.75,27.));
#63=VERTEX_POINT('',#62);
#64=CARTESIAN_POINT('',(-65.125767812,9.75,27.));
#65=CARTESIAN_POINT('',(-77.51371307,9.75,27.));
#66=B_SPLINE_CURVE_WITH_KNOTS('',1,(#64,#65),.UNSPECIFIED.,.F.,.F.,(2,2),(-0.011147011,0.001240934),.UNSPECIFIED.);
#67=EDGE_CURVE('',#61,#63,#66,.T.);
#68=ORIENTED_EDGE('',*,*,#67,.F.);
#69=CARTESIAN_POINT('',(-65.125767812,13.25,27.));
#70=VERTEX_POINT('',#69);
#71=CARTESIAN_POINT('',(-65.125767812,9.75,27.));
#72=CARTESIAN_POINT('',(-65.125767812,13.25,27.));
#73=B_SPLINE_CURVE_WITH_KNOTS('',1,(#71,#72),.UNSPECIFIED.,.F.,.F.,(2,2),(-0.001427127,0.002072873),.UNSPECIFIED.);
#74=EDGE_CURVE('',#61,#70,#73,.T.);
#75=ORIENTED_EDGE('',*,*,#74,.T.);
#76=CARTESIAN_POINT('',(-86.,13.25,27.));
#77=VERTEX_POINT('',#76);
#78=CARTESIAN_POINT('',(-65.125767812,13.25,27.));
#79=CARTESIAN_POINT('',(-86.,13.25,27.));
#80=B_SPLINE_CURVE_WITH_KNOTS('',1,(#78,#79),.UNSPECIFIED.,.F.,.F.,(2,2),(-0.012387945,0.008486287),.UNSPECIFIED.);
#81=EDGE_CURVE('',#70,#77,#80,.T.);
#82=ORIENTED_EDGE('',*,*,#81,.T.);
#83=CARTESIAN_POINT('',(-86.,11.25,27.));
#84=VERTEX_POINT('',#83);
#85=CARTESIAN_POINT('',(-86.,13.25,27.));
#86=CARTESIAN_POINT('',(-86.,11.25,27.));
#87=B_SPLINE_CURVE_WITH_KNOTS('',1,(#85,#86),.UNSPECIFIED.,.F.,.F.,(2,2),(0.,0.002),.UNSPECIFIED.);
#88=EDGE_CURVE('',#77,#84,#87,.T.);
#89=ORIENTED_EDGE('',*,*,#88,.T.);
#90=CARTESIAN_POINT('',(-77.51371307,11.25,27.));
#91=VERTEX_POINT('',#90);
#92=CARTESIAN_POINT('',(-77.51371307,11.25,27.));
#93=CARTESIAN_POINT('',(-86.,11.25,27.));
#94=B_SPLINE_CURVE_WITH_KNOTS('',1,(#92,#93),.UNSPECIFIED.,.F.,.F.,(2,2),(-0.,0.008486287),.UNSPECIFIED.);
#95=EDGE_CURVE('',#91,#84,#94,.T.);
#96=ORIENTED_EDGE('',*,*,#95,.F.);
#97=CARTESIAN_POINT('',(-77.51371307,9.75,27.));
#98=CARTESIAN_POINT('',(-77.51371307,11.25,27.));
#99=B_SPLINE_CURVE_WITH_KNOTS('',1,(#97,#98),.UNSPECIFIED.,.F.,.F.,(2,2),(-0.001427127,0.000072873),.UNSPECIFIED.);
#100=EDGE_CURVE('',#63,#91,#99,.T.);
#101=ORIENTED_EDGE('',*,*,#100,.F.);
#102=EDGE_LOOP('',(#68,#75,#82,#89,#96,#101));
#103=FACE_BOUND('',#102,.T.);
#104=ADVANCED_FACE('',(#103),#59,.F.);
#105=CARTESIAN_POINT('',(-47.5,9.75,-2.));
#106=CARTESIAN_POINT('',(-47.5,13.25,-2.));
#107=CARTESIAN_POINT('',(-47.5,9.75,9.374232188));
#108=CARTESIAN_POINT('',(-47.5,13.25,9.374232188));
#109=B_SPLINE_SURFACE_WITH_KNOTS('',1,1,((#105,#106),(#107,#108)),.UNSPECIFIED.,.F.,.F.,.U.,(2,2),(2,2),(-0.0103,0.001074232),(-0.001427127,0.002072873),.UNSPECIFIED.);
#110=CARTESIAN_POINT('',(-47.5,13.25,-2.));
#111=VERTEX_POINT('',#110);
#112=CARTESIAN_POINT('',(-47.5,13.25,9.374232188));
#113=VERTEX_POINT('',#112);
#114=CARTESIAN_POINT('',(-47.5,13.25,-2.));
#115=CARTESIAN_POINT('',(-47.5,13.25,9.374232188));
#116=B_SPLINE_CURVE_WITH_KNOTS('',1,(#114,#115),.UNSPECIFIED.,.F.,.F.,(2,2),(0.011,0.022374232),.UNSPECIFIED.);
#117=EDGE_CURVE('',#111,#113,#116,.T.);
#118=ORIENTED_EDGE('',*,*,#117,.T.);
#119=CARTESIAN_POINT('',(-47.5,9.75,9.374232188));
#120=VERTEX_POINT('',#119);
#121=CARTESIAN_POINT('',(-47.5,13.25,9.374232188));
#122=CARTESIAN_POINT('',(-47.5,9.75,9.374232188));
#123=B_SPLINE_CURVE_WITH_KNOTS('',1,(#121,#122),.UNSPECIFIED.,.F.,.F.,(2,2),(-0.001427127,0.002072873),.UNSPECIFIED.);
#124=EDGE_CURVE('',#113,#120,#123,.T.);
#125=ORIENTED_EDGE('',*,*,#124,.T.);
#126=CARTESIAN_POINT('',(-47.5,9.75,8.3));
#127=VERTEX_POINT('',#126);
#128=CARTESIAN_POINT('',(-47.5,9.75,8.3));
#129=CARTESIAN_POINT('',(-47.5,9.75,9.374232188));
#130=B_SPLINE_CURVE_WITH_KNOTS('',1,(#128,#129),.UNSPECIFIED.,.F.,.F.,(2,2),(0.0013,0.002374232),.UNSPECIFIED.);
#131=EDGE_CURVE('',#127,#120,#130,.T.);
#132=ORIENTED_EDGE('',*,*,#131,.F.);
#133=CARTESIAN_POINT('',(-47.5,11.25,8.3));
#134=VERTEX_POINT('',#133);
#135=CARTESIAN_POINT('',(-47.5,9.75,8.3));
#136=CARTESIAN_POINT('',(-47.5,11.25,8.3));
#137=B_SPLINE_CURVE_WITH_KNOTS('',1,(#135,#136),.UNSPECIFIED.,.F.,.F.,(2,2),(-0.001427127,0.000072873),.UNSPECIFIED.);
#138=EDGE_CURVE('',#127,#134,#137,.T.);
#139=ORIENTED_EDGE('',*,*,#138,.T.);
#140=CARTESIAN_POINT('',(-47.5,11.25,5.8));
#141=VERTEX_POINT('',#140);
#142=CARTESIAN_POINT('',(-47.5,11.25,5.8));
#143=CARTESIAN_POINT('',(-47.5,11.25,8.3));
#144=B_SPLINE_CURVE_WITH_KNOTS('',1,(#142,#143),.UNSPECIFIED.,.F.,.F.,(2,2),(0.0188,0.0213),.UNSPECIFIED.);
#145=EDGE_CURVE('',#141,#134,#144,.T.);
#146=ORIENTED_EDGE('',*,*,#145,.F.);
#147=CARTESIAN_POINT('',(-47.5,9.75,5.8));
#148=VERTEX_POINT('',#147);
#149=CARTESIAN_POINT('',(-47.5,9.75,5.8));
#150=CARTESIAN_POINT('',(-47.5,11.25,5.8));
#151=B_SPLINE_CURVE_WITH_KNOTS('',1,(#149,#150),.UNSPECIFIED.,.F.,.F.,(2,2),(-0.001427127,0.000072873),.UNSPECIFIED.);
#152=EDGE_CURVE('',#148,#141,#151,.T.);
#153=ORIENTED_EDGE('',*,*,#152,.F.);
#154=CARTESIAN_POINT('',(-47.5,9.75,-2.));
#155=VERTEX_POINT('',#154);
#156=CARTESIAN_POINT('',(-47.5,9.75,5.8));
#157=CARTESIAN_POINT('',(-47.5,9.75,-2.));
#158=B_SPLINE_CURVE_WITH_KNOTS('',1,(#156,#157),.UNSPECIFIED.,.F.,.F.,(2,2),(0.0025,0.0103),.UNSPECIFIED.);
#159=EDGE_CURVE('',#148,#155,#158,.T.);
#160=ORIENTED_EDGE('',*,*,#159,.T.);
#161=CARTESIAN_POINT('',(-47.5,9.75,-2.));
#162=CARTESIAN_POINT('',(-47.5,13.25,-2.));
#163=B_SPLINE_CURVE_WITH_KNOTS('',1,(#161,#162),.UNSPECIFIED.,.F.,.F.,(2,2),(-0.001427127,0.002072873),.UNSPECIFIED.);
#164=EDGE_CURVE('',#155,#111,#163,.T.);
#165=ORIENTED_EDGE('',*,*,#164,.T.);
#166=EDGE_LOOP('',(#118,#125,#132,#139,#146,#153,#160,#165));
#167=FACE_BOUND('',#166,.T.);
#168=ADVANCED_FACE('',(#167),#109,.F.);
#169=CARTESIAN_POINT('',(-81.185582816,-9.5,8.3));
#170=CARTESIAN_POINT('',(-81.185582816,11.25,8.3));
#171=CARTESIAN_POINT('',(-47.5,-9.5,8.3));
#172=CARTESIAN_POINT('',(-47.5,11.25,8.3));
#173=B_SPLINE_SURFACE_WITH_KNOTS('',1,1,((#169,#170),(#171,#172)),.UNSPECIFIED.,.F.,.F.,.U.,(2,2),(2,2),(-0.00367187,0.030013713),(-0.020677127,0.000072873),.UNSPECIFIED.);
#174=CARTESIAN_POINT('',(-77.91371307,-1.125,8.3));
#175=VERTEX_POINT('',#174);
#176=CARTESIAN_POINT('',(-80.41371307,-1.125,8.3));
#177=VERTEX_POINT('',#176);
#178=CARTESIAN_POINT('',(-77.91371307,-1.125,8.3));
#179=CARTESIAN_POINT('',(-80.41371307,-1.125,8.3));
#180=B_SPLINE_CURVE_WITH_KNOTS('',1,(#178,#179),.UNSPECIFIED.,.F.,.F.,(2,2),(-0.0021,0.0004),.UNSPECIFIED.);
#181=EDGE_CURVE('',#175,#177,#180,.T.);
#182=ORIENTED_EDGE('',*,*,#181,.F.);
#183=CARTESIAN_POINT('',(-77.91371307,-9.5,8.3));
#184=VERTEX_POINT('',#183);
#185=CARTESIAN_POINT('',(-77.91371307,-1.125,8.3));
#186=CARTESIAN_POINT('',(-77.91371307,-9.5,8.3));
#187=B_SPLINE_CURVE_WITH_KNOTS('',1,(#185,#186),.UNSPECIFIED.,.F.,.F.,(2,2),(0.012302127,0.020677127),.UNSPECIFIED.);
#188=EDGE_CURVE('',#175,#184,#187,.T.);
#189=ORIENTED_EDGE('',*,*,#188,.T.);
#190=CARTESIAN_POINT('',(-81.185582816,-9.5,8.3));
#191=VERTEX_POINT('',#190);
#192=CARTESIAN_POINT('',(-77.91371307,-9.5,8.3));
#193=CARTESIAN_POINT('',(-81.185582816,-9.5,8.3));
#194=B_SPLINE_CURVE_WITH_KNOTS('',1,(#192,#193),.UNSPECIFIED.,.F.,.F.,(2,2),(-0.081185583,-0.077913713),.UNSPECIFIED.);
#195=EDGE_CURVE('',#184,#191,#194,.T.);
#196=ORIENTED_EDGE('',*,*,#195,.T.);
#197=CARTESIAN_POINT('',(-81.185582816,11.25,8.3));
#198=VERTEX_POINT('',#197);
#199=CARTESIAN_POINT('',(-81.185582816,-9.5,8.3));
#200=CARTESIAN_POINT('',(-81.185582816,11.25,8.3));
#201=B_SPLINE_CURVE_WITH_KNOTS('',1,(#199,#200),.UNSPECIFIED.,.F.,.F.,(2,2),(0.066740558,0.087490558),.UNSPECIFIED.);
#202=EDGE_CURVE('',#191,#198,#201,.T.);
#203=ORIENTED_EDGE('',*,*,#202,.T.);
#204=CARTESIAN_POINT('',(-81.185582816,11.25,8.3));
#205=CARTESIAN_POINT('',(-47.5,11.25,8.3));
#206=B_SPLINE_CURVE_WITH_KNOTS('',1,(#204,#205),.UNSPECIFIED.,.F.,.F.,(2,2),(-0.00367187,0.030013713),.UNSPECIFIED.);
#207=EDGE_CURVE('',#198,#134,#206,.T.);
#208=ORIENTED_EDGE('',*,*,#207,.T.);
#209=ORIENTED_EDGE('',*,*,#138,.F.);
#210=CARTESIAN_POINT('',(-77.91371307,9.75,8.3));
#211=VERTEX_POINT('',#210);
#212=CARTESIAN_POINT('',(-77.91371307,9.75,8.3));
#213=CARTESIAN_POINT('',(-47.5,9.75,8.3));
#214=B_SPLINE_CURVE_WITH_KNOTS('',1,(#212,#213),.UNSPECIFIED.,.F.,.F.,(2,2),(-0.001640934,0.028772779),.UNSPECIFIED.);
#215=EDGE_CURVE('',#211,#127,#214,.T.);
#216=ORIENTED_EDGE('',*,*,#215,.F.);
#217=CARTESIAN_POINT('',(-77.91371307,2.875,8.3));
#218=VERTEX_POINT('',#217);
#219=CARTESIAN_POINT('',(-77.91371307,9.75,8.3));
#220=CARTESIAN_POINT('',(-77.91371307,2.875,8.3));
#221=B_SPLINE_CURVE_WITH_KNOTS('',1,(#219,#220),.UNSPECIFIED.,.F.,.F.,(2,2),(0.001427127,0.008302127),.UNSPECIFIED.);
#222=EDGE_CURVE('',#211,#218,#221,.T.);
#223=ORIENTED_EDGE('',*,*,#222,.T.);
#224=CARTESIAN_POINT('',(-80.41371307,2.875,8.3));
#225=VERTEX_POINT('',#224);
#226=CARTESIAN_POINT('',(-77.91371307,2.875,8.3));
#227=CARTESIAN_POINT('',(-80.41371307,2.875,8.3));
#228=B_SPLINE_CURVE_WITH_KNOTS('',1,(#226,#227),.UNSPECIFIED.,.F.,.F.,(2,2),(0.025913713,0.028413713),.UNSPECIFIED.);
#229=EDGE_CURVE('',#218,#225,#228,.T.);
#230=ORIENTED_EDGE('',*,*,#229,.T.);
#231=CARTESIAN_POINT('',(-80.41371307,2.875,8.3));
#232=CARTESIAN_POINT('',(-80.41371307,-1.125,8.3));
#233=B_SPLINE_CURVE_WITH_KNOTS('',1,(#231,#232),.UNSPECIFIED.,.F.,.F.,(2,2),(0.008302127,0.012302127),.UNSPECIFIED.);
#234=EDGE_CURVE('',#225,#177,#233,.T.);
#235=ORIENTED_EDGE('',*,*,#234,.T.);
#236=EDGE_LOOP('',(#182,#189,#196,#203,#208,#209,#216,#223,#230,#235));
#237=FACE_BOUND('',#236,.T.);
#238=ADVANCED_FACE('',(#237),#173,.F.);
#239=CARTESIAN_POINT('',(-47.5,9.75,8.3));
#240=CARTESIAN_POINT('',(-47.5,9.75,27.));
#241=CARTESIAN_POINT('',(-77.91371307,9.75,8.3));
#242=CARTESIAN_POINT('',(-77.91371307,9.75,27.));
#243=B_SPLINE_SURFACE_WITH_KNOTS('',1,1,((#239,#240),(#241,#242)),.UNSPECIFIED.,.F.,.F.,.U.,(2,2),(2,2),(-0.028772779,0.001640934),(0.0013,0.02),.UNSPECIFIED.);
#244=ORIENTED_EDGE('',*,*,#131,.T.);
#245=CARTESIAN_POINT('',(-47.5,9.75,9.374232188));
#246=CARTESIAN_POINT('',(-47.5,9.75,27.));
#247=CARTESIAN_POINT('',(-65.125767812,9.75,27.));
#248=(BOUNDED_CURVE()
B_SPLINE_CURVE(2,(#245,#246,#247),.UNSPECIFIED.,.F.,.F.)
B_SPLINE_CURVE_WITH_KNOTS((3,3),(1.570796327,3.141592654),.UNSPECIFIED.)
CURVE()
GEOMETRIC_REPRESENTATION_ITEM()
RATIONAL_B_SPLINE_CURVE((1.,0.707106781,1.))
REPRESENTATION_ITEM(''));
#249=EDGE_CURVE('',#120,#61,#248,.T.);
#250=ORIENTED_EDGE('',*,*,#249,.T.);
#251=ORIENTED_EDGE('',*,*,#67,.T.);
#252=CARTESIAN_POINT('',(-77.51371307,9.75,8.7));
#253=VERTEX_POINT('',#252);
#254=CARTESIAN_POINT('',(-77.51371307,9.75,27.));
#255=CARTESIAN_POINT('',(-77.51371307,9.75,8.7));
#256=B_SPLINE_CURVE_WITH_KNOTS('',1,(#254,#255),.UNSPECIFIED.,.F.,.F.,(2,2),(0.007702824,0.026002824),.UNSPECIFIED.);
#257=EDGE_CURVE('',#63,#253,#256,.T.);
#258=ORIENTED_EDGE('',*,*,#257,.T.);
#259=CARTESIAN_POINT('',(-77.51371307,9.75,8.7));
#260=CARTESIAN_POINT('',(-77.51371307,9.75,8.3));
#261=CARTESIAN_POINT('',(-77.91371307,9.75,8.3));
#262=(BOUNDED_CURVE()
B_SPLINE_CURVE(2,(#259,#260,#261),.UNSPECIFIED.,.F.,.F.)
B_SPLINE_CURVE_WITH_KNOTS((3,3),(3.141592654,4.71238898),.UNSPECIFIED.)
CURVE()
GEOMETRIC_REPRESENTATION_ITEM()
RATIONAL_B_SPLINE_CURVE((1.,0.707106781,1.))
REPRESENTATION_ITEM(''));
#263=EDGE_CURVE('',#253,#211,#262,.T.);
#264=ORIENTED_EDGE('',*,*,#263,.T.);
#265=ORIENTED_EDGE('',*,*,#215,.T.);
#266=EDGE_LOOP('',(#244,#250,#251,#258,#264,#265));
#267=FACE_BOUND('',#266,.T.);
#268=ADVANCED_FACE('',(#267),#243,.F.);
#269=CARTESIAN_POINT('',(-81.185582816,-9.5,5.8));
#270=CARTESIAN_POINT('',(-81.185582816,11.25,5.8));
#271=CARTESIAN_POINT('',(-47.5,-9.5,5.8));
#272=CARTESIAN_POINT('',(-47.5,11.25,5.8));
#273=B_SPLINE_SURFACE_WITH_KNOTS('',1,1,((#269,#270),(#271,#272)),.UNSPECIFIED.,.F.,.F.,.U.,(2,2),(2,2),(-0.00367187,0.030013713),(-0.020677127,0.000072873),.UNSPECIFIED.);
#274=CARTESIAN_POINT('',(-81.185582816,-9.5,5.8));
#275=VERTEX_POINT('',#274);
#276=CARTESIAN_POINT('',(-77.91371307,-9.5,5.8));
#277=VERTEX_POINT('',#276);
#278=CARTESIAN_POINT('',(-81.185582816,-9.5,5.8));
#279=CARTESIAN_POINT('',(-77.91371307,-9.5,5.8));
#280=B_SPLINE_CURVE_WITH_KNOTS('',1,(#278,#279),.UNSPECIFIED.,.F.,.F.,(2,2),(0.077913713,0.081185583),.UNSPECIFIED.);
#281=EDGE_CURVE('',#275,#277,#280,.T.);
#282=ORIENTED_EDGE('',*,*,#281,.T.);
#283=CARTESIAN_POINT('',(-77.91371307,9.75,5.8));
#284=VERTEX_POINT('',#283);
#285=CARTESIAN_POINT('',(-77.91371307,-9.5,5.8));
#286=CARTESIAN_POINT('',(-77.91371307,9.75,5.8));
#287=B_SPLINE_CURVE_WITH_KNOTS('',1,(#285,#286),.UNSPECIFIED.,.F.,.F.,(2,2),(-0.00015,0.0191),.UNSPECIFIED.);
#288=EDGE_CURVE('',#277,#284,#287,.T.);
#289=ORIENTED_EDGE('',*,*,#288,.T.);
#290=CARTESIAN_POINT('',(-77.91371307,9.75,5.8));
#291=CARTESIAN_POINT('',(-47.5,9.75,5.8));
#292=B_SPLINE_CURVE_WITH_KNOTS('',1,(#290,#291),.UNSPECIFIED.,.F.,.F.,(2,2),(-0.001640934,0.028772779),.UNSPECIFIED.);
#293=EDGE_CURVE('',#284,#148,#292,.T.);
#294=ORIENTED_EDGE('',*,*,#293,.T.);
#295=ORIENTED_EDGE('',*,*,#152,.T.);
#296=CARTESIAN_POINT('',(-81.185582816,11.25,5.8));
#297=VERTEX_POINT('',#296);
#298=CARTESIAN_POINT('',(-81.185582816,11.25,5.8));
#299=CARTESIAN_POINT('',(-47.5,11.25,5.8));
#300=B_SPLINE_CURVE_WITH_KNOTS('',1,(#298,#299),.UNSPECIFIED.,.F.,.F.,(2,2),(-0.00367187,0.030013713),.UNSPECIFIED.);
#301=EDGE_CURVE('',#297,#141,#300,.T.);
#302=ORIENTED_EDGE('',*,*,#301,.F.);
#303=CARTESIAN_POINT('',(-81.185582816,11.25,5.8));
#304=CARTESIAN_POINT('',(-81.185582816,-9.5,5.8));
#305=B_SPLINE_CURVE_WITH_KNOTS('',1,(#303,#304),.UNSPECIFIED.,.F.,.F.,(2,2),(-0.01125,0.0095),.UNSPECIFIED.);
#306=EDGE_CURVE('',#297,#275,#305,.T.);
#307=ORIENTED_EDGE('',*,*,#306,.T.);
#308=EDGE_LOOP('',(#282,#289,#294,#295,#302,#307));
#309=FACE_BOUND('',#308,.T.);
#310=ADVANCED_FACE('',(#309),#273,.T.);
#311=CARTESIAN_POINT('',(-47.5,9.75,-2.));
#312=CARTESIAN_POINT('',(-47.5,9.75,5.8));
#313=CARTESIAN_POINT('',(-77.91371307,9.75,-2.));
#314=CARTESIAN_POINT('',(-77.91371307,9.75,5.8));
#315=B_SPLINE_SURFACE_WITH_KNOTS('',1,1,((#311,#312),(#313,#314)),.UNSPECIFIED.,.F.,.F.,.U.,(2,2),(2,2),(-0.028772779,0.001640934),(-0.009,-0.0012),.UNSPECIFIED.);
#316=CARTESIAN_POINT('',(-77.51371307,9.75,-2.));
#317=VERTEX_POINT('',#316);
#318=CARTESIAN_POINT('',(-47.5,9.75,-2.));
#319=CARTESIAN_POINT('',(-77.51371307,9.75,-2.));
#320=B_SPLINE_CURVE_WITH_KNOTS('',1,(#318,#319),.UNSPECIFIED.,.F.,.F.,(2,2),(-0.028772779,0.001240934),.UNSPECIFIED.);
#321=EDGE_CURVE('',#155,#317,#320,.T.);
#322=ORIENTED_EDGE('',*,*,#321,.F.);
#323=ORIENTED_EDGE('',*,*,#159,.F.);
#324=ORIENTED_EDGE('',*,*,#293,.F.);
#325=CARTESIAN_POINT('',(-77.51371307,9.75,5.4));
#326=VERTEX_POINT('',#325);
#327=CARTESIAN_POINT('',(-77.91371307,9.75,5.8));
#328=CARTESIAN_POINT('',(-77.51371307,9.75,5.8));
#329=CARTESIAN_POINT('',(-77.51371307,9.75,5.4));
#330=(BOUNDED_CURVE()
B_SPLINE_CURVE(2,(#327,#328,#329),.UNSPECIFIED.,.F.,.F.)
B_SPLINE_CURVE_WITH_KNOTS((3,3),(1.570796327,3.141592654),.UNSPECIFIED.)
CURVE()
GEOMETRIC_REPRESENTATION_ITEM()
RATIONAL_B_SPLINE_CURVE((1.,0.707106781,1.))
REPRESENTATION_ITEM(''));
#331=EDGE_CURVE('',#284,#326,#330,.T.);
#332=ORIENTED_EDGE('',*,*,#331,.T.);
#333=CARTESIAN_POINT('',(-77.51371307,9.75,-2.));
#334=CARTESIAN_POINT('',(-77.51371307,9.75,5.4));
#335=B_SPLINE_CURVE_WITH_KNOTS('',1,(#333,#334),.UNSPECIFIED.,.F.,.F.,(2,2),(-0.009,-0.0016),.UNSPECIFIED.);
#336=EDGE_CURVE('',#317,#326,#335,.T.);
#337=ORIENTED_EDGE('',*,*,#336,.F.);
#338=EDGE_LOOP('',(#322,#323,#324,#332,#337));
#339=FACE_BOUND('',#338,.T.);
#340=ADVANCED_FACE('',(#339),#315,.F.);
#341=CARTESIAN_POINT('',(-77.51371307,-9.5,-2.));
#342=CARTESIAN_POINT('',(-77.51371307,9.75,-2.));
#343=CARTESIAN_POINT('',(-77.51371307,-9.5,5.4));
#344=CARTESIAN_POINT('',(-77.51371307,9.75,5.4));
#345=B_SPLINE_SURFACE_WITH_KNOTS('',1,1,((#341,#342),(#343,#344)),.UNSPECIFIED.,.F.,.F.,.U.,(2,2),(2,2),(0.001453943,0.008853943),(-0.012375,0.006875),.UNSPECIFIED.);
#346=ORIENTED_EDGE('',*,*,#336,.T.);
#347=CARTESIAN_POINT('',(-77.51371307,-9.5,5.4));
#348=VERTEX_POINT('',#347);
#349=CARTESIAN_POINT('',(-77.51371307,9.75,5.4));
#350=CARTESIAN_POINT('',(-77.51371307,-9.5,5.4));
#351=B_SPLINE_CURVE_WITH_KNOTS('',1,(#349,#350),.UNSPECIFIED.,.F.,.F.,(2,2),(-0.01925,0.),.UNSPECIFIED.);
#352=EDGE_CURVE('',#326,#348,#351,.T.);
#353=ORIENTED_EDGE('',*,*,#352,.T.);
#354=CARTESIAN_POINT('',(-77.51371307,-9.5,-2.));
#355=VERTEX_POINT('',#354);
#356=CARTESIAN_POINT('',(-77.51371307,-9.5,-2.));
#357=CARTESIAN_POINT('',(-77.51371307,-9.5,5.4));
#358=B_SPLINE_CURVE_WITH_KNOTS('',1,(#356,#357),.UNSPECIFIED.,.F.,.F.,(2,2),(0.00275,0.01015),.UNSPECIFIED.);
#359=EDGE_CURVE('',#355,#348,#358,.T.);
#360=ORIENTED_EDGE('',*,*,#359,.F.);
#361=CARTESIAN_POINT('',(-77.51371307,9.75,-2.));
#362=CARTESIAN_POINT('',(-77.51371307,-9.5,-2.));
#363=B_SPLINE_CURVE_WITH_KNOTS('',1,(#361,#362),.UNSPECIFIED.,.F.,.F.,(2,2),(-0.006875,0.012375),.UNSPECIFIED.);
#364=EDGE_CURVE('',#317,#355,#363,.T.);
#365=ORIENTED_EDGE('',*,*,#364,.F.);
#366=EDGE_LOOP('',(#346,#353,#360,#365));
#367=FACE_BOUND('',#366,.T.);
#368=ADVANCED_FACE('',(#367),#345,.F.);
#369=CARTESIAN_POINT('',(-47.5,11.25,5.8));
#370=CARTESIAN_POINT('',(-47.5,11.25,8.3));
#371=CARTESIAN_POINT('',(-82.,11.25,5.8));
#372=CARTESIAN_POINT('',(-82.,11.25,8.3));
#373=B_SPLINE_SURFACE_WITH_KNOTS('',1,1,((#369,#370),(#371,#372)),.UNSPECIFIED.,.F.,.F.,.U.,(2,2),(2,2),(-0.028772779,0.005727221),(-0.0012,0.0013),.UNSPECIFIED.);
#374=ORIENTED_EDGE('',*,*,#207,.F.);
#375=CARTESIAN_POINT('',(-82.,11.25,7.485582816));
#376=VERTEX_POINT('',#375);
#377=CARTESIAN_POINT('',(-82.,11.25,7.485582816));
#378=CARTESIAN_POINT('',(-82.,11.25,8.3));
#379=CARTESIAN_POINT('',(-81.185582816,11.25,8.3));
#380=(BOUNDED_CURVE()
B_SPLINE_CURVE(2,(#377,#378,#379),.UNSPECIFIED.,.F.,.F.)
B_SPLINE_CURVE_WITH_KNOTS((3,3),(4.71238898,6.283185307),.UNSPECIFIED.)
CURVE()
GEOMETRIC_REPRESENTATION_ITEM()
RATIONAL_B_SPLINE_CURVE((1.,0.707106781,1.))
REPRESENTATION_ITEM(''));
#381=EDGE_CURVE('',#376,#198,#380,.T.);
#382=ORIENTED_EDGE('',*,*,#381,.F.);
#383=CARTESIAN_POINT('',(-82.,11.25,6.614417184));
#384=VERTEX_POINT('',#383);
#385=CARTESIAN_POINT('',(-82.,11.25,6.614417184));
#386=CARTESIAN_POINT('',(-82.,11.25,7.485582816));
#387=B_SPLINE_CURVE_WITH_KNOTS('',1,(#385,#386),.UNSPECIFIED.,.F.,.F.,(2,2),(-0.012235583,-0.011364417),.UNSPECIFIED.);
#388=EDGE_CURVE('',#384,#376,#387,.T.);
#389=ORIENTED_EDGE('',*,*,#388,.F.);
#390=CARTESIAN_POINT('',(-81.185582816,11.25,5.8));
#391=CARTESIAN_POINT('',(-82.,11.25,5.8));
#392=CARTESIAN_POINT('',(-82.,11.25,6.614417184));
#393=(BOUNDED_CURVE()
B_SPLINE_CURVE(2,(#390,#391,#392),.UNSPECIFIED.,.F.,.F.)
B_SPLINE_CURVE_WITH_KNOTS((3,3),(3.141592654,4.71238898),.UNSPECIFIED.)
CURVE()
GEOMETRIC_REPRESENTATION_ITEM()
RATIONAL_B_SPLINE_CURVE((1.,0.707106781,1.))
REPRESENTATION_ITEM(''));
#394=EDGE_CURVE('',#297,#384,#393,.T.);
#395=ORIENTED_EDGE('',*,*,#394,.F.);
#396=ORIENTED_EDGE('',*,*,#301,.T.);
#397=ORIENTED_EDGE('',*,*,#145,.T.);
#398=EDGE_LOOP('',(#374,#382,#389,#395,#396,#397));
#399=FACE_BOUND('',#398,.T.);
#400=ADVANCED_FACE('',(#399),#373,.F.);
#401=CARTESIAN_POINT('',(-86.,-9.5,-13.));
#402=CARTESIAN_POINT('',(-86.,13.25,-13.));
#403=CARTESIAN_POINT('',(-86.,-9.5,53.405647197));
#404=CARTESIAN_POINT('',(-86.,13.25,53.405647197));
#405=B_SPLINE_SURFACE_WITH_KNOTS('',1,1,((#401,#402),(#403,#404)),.UNSPECIFIED.,.F.,.F.,.U.,(2,2),(2,2),(-0.04,0.026405647),(-0.02275,0.),.UNSPECIFIED.);
#406=CARTESIAN_POINT('',(-86.,13.25,-13.));
#407=VERTEX_POINT('',#406);
#408=CARTESIAN_POINT('',(-86.,-9.5,-13.));
#409=VERTEX_POINT('',#408);
#410=CARTESIAN_POINT('',(-86.,13.25,-13.));
#411=CARTESIAN_POINT('',(-86.,-9.5,-13.));
#412=B_SPLINE_CURVE_WITH_KNOTS('',1,(#410,#411),.UNSPECIFIED.,.F.,.F.,(2,2),(0.,0.02275),.UNSPECIFIED.);
#413=EDGE_CURVE('',#407,#409,#412,.T.);
#414=ORIENTED_EDGE('',*,*,#413,.T.);
#415=CARTESIAN_POINT('',(-86.,-9.5,53.405647197));
#416=VERTEX_POINT('',#415);
#417=CARTESIAN_POINT('',(-86.,-9.5,53.405647197));
#418=CARTESIAN_POINT('',(-86.,-9.5,-13.));
#419=B_SPLINE_CURVE_WITH_KNOTS('',1,(#417,#418),.UNSPECIFIED.,.F.,.F.,(2,2),(0.,0.066405647),.UNSPECIFIED.);
#420=EDGE_CURVE('',#416,#409,#419,.T.);
#421=ORIENTED_EDGE('',*,*,#420,.F.);
#422=CARTESIAN_POINT('',(-86.,11.25,53.405647197));
#423=VERTEX_POINT('',#422);
#424=CARTESIAN_POINT('',(-86.,11.25,53.405647197));
#425=CARTESIAN_POINT('',(-86.,-9.5,53.405647197));
#426=B_SPLINE_CURVE_WITH_KNOTS('',1,(#424,#425),.UNSPECIFIED.,.F.,.F.,(2,2),(0.000380225,0.021130225),.UNSPECIFIED.);
#427=EDGE_CURVE('',#423,#416,#426,.T.);
#428=ORIENTED_EDGE('',*,*,#427,.F.);
#429=CARTESIAN_POINT('',(-86.,11.25,53.405647197));
#430=CARTESIAN_POINT('',(-86.,11.25,27.));
#431=B_SPLINE_CURVE_WITH_KNOTS('',1,(#429,#430),.UNSPECIFIED.,.F.,.F.,(2,2),(0.,0.026405647),.UNSPECIFIED.);
#432=EDGE_CURVE('',#423,#84,#431,.T.);
#433=ORIENTED_EDGE('',*,*,#432,.T.);
#434=ORIENTED_EDGE('',*,*,#88,.F.);
#435=CARTESIAN_POINT('',(-86.,13.25,27.));
#436=CARTESIAN_POINT('',(-86.,13.25,-13.));
#437=B_SPLINE_CURVE_WITH_KNOTS('',1,(#435,#436),.UNSPECIFIED.,.F.,.F.,(2,2),(0.,0.04),.UNSPECIFIED.);
#438=EDGE_CURVE('',#77,#407,#437,.T.);
#439=ORIENTED_EDGE('',*,*,#438,.T.);
#440=EDGE_LOOP('',(#414,#421,#428,#433,#434,#439));
#441=FACE_BOUND('',#440,.T.);
#442=CARTESIAN_POINT('',(-86.,4.6,48.877823598));
#443=VERTEX_POINT('',#442);
#444=CARTESIAN_POINT('',(-86.,6.35,50.627823598));
#445=VERTEX_POINT('',#444);
#446=CARTESIAN_POINT('',(-86.,6.35,50.627823598));
#447=CARTESIAN_POINT('',(-86.,8.1,50.627823598));
#448=CARTESIAN_POINT('',(-86.,8.1,48.877823598));
#449=CARTESIAN_POINT('',(-86.,8.1,47.127823598));
#450=CARTESIAN_POINT('',(-86.,6.35,47.127823598));
#451=CARTESIAN_POINT('',(-86.,4.6,47.127823598));
#452=CARTESIAN_POINT('',(-86.,4.6,48.877823598));
#453=CARTESIAN_POINT('',(-86.,4.6,50.627823598));
#454=CARTESIAN_POINT('',(-86.,6.35,50.627823598));
#455=(BOUNDED_CURVE()
B_SPLINE_CURVE(2,(#446,#447,#448,#449,#450,#451,#452,#453,#454),.UNSPECIFIED.,.T.,.F.)
B_SPLINE_CURVE_WITH_KNOTS((3,2,2,2,3),(0.,1.570796327,3.141592654,4.71238898,6.283185307),.UNSPECIFIED.)
CURVE()
GEOMETRIC_REPRESENTATION_ITEM()
RATIONAL_B_SPLINE_CURVE((1.,0.707106781,1.,0.707106781,1.,0.707106781,1.,0.707106781,1.))
REPRESENTATION_ITEM(''));
#456=EDGE_CURVE('',#443,#445,#455,.T.);
#457=ORIENTED_EDGE('',*,*,#456,.F.);
#458=CARTESIAN_POINT('',(-86.,6.35,50.627823598));
#459=CARTESIAN_POINT('',(-86.,8.1,50.627823598));
#460=CARTESIAN_POINT('',(-86.,8.1,48.877823598));
#461=CARTESIAN_POINT('',(-86.,8.1,47.127823598));
#462=CARTESIAN_POINT('',(-86.,6.35,47.127823598));
#463=CARTESIAN_POINT('',(-86.,4.6,47.127823598));
#464=CARTESIAN_POINT('',(-86.,4.6,48.877823598));
#465=CARTESIAN_POINT('',(-86.,4.6,50.627823598));
#466=CARTESIAN_POINT('',(-86.,6.35,50.627823598));
#467=(BOUNDED_CURVE()
B_SPLINE_CURVE(2,(#458,#459,#460,#461,#462,#463,#464,#465,#466),.UNSPECIFIED.,.T.,.F.)
B_SPLINE_CURVE_WITH_KNOTS((3,2,2,2,3),(0.,1.570796327,3.141592654,4.71238898,6.283185307),.UNSPECIFIED.)
CURVE()
GEOMETRIC_REPRESENTATION_ITEM()
RATIONAL_B_SPLINE_CURVE((1.,0.707106781,1.,0.707106781,1.,0.707106781,1.,0.707106781,1.))
REPRESENTATION_ITEM(''));
#468=EDGE_CURVE('',#445,#443,#467,.T.);
#469=ORIENTED_EDGE('',*,*,#468,.F.);
#470=EDGE_LOOP('',(#457,#469));
#471=FACE_BOUND('',#470,.T.);
#472=CARTESIAN_POINT('',(-86.,4.6,18.822176402));
#473=VERTEX_POINT('',#472);
#474=CARTESIAN_POINT('',(-86.,6.35,20.572176402));
#475=VERTEX_POINT('',#474);
#476=CARTESIAN_POINT('',(-86.,6.35,20.572176402));
#477=CARTESIAN_POINT('',(-86.,8.1,20.572176402));
#478=CARTESIAN_POINT('',(-86.,8.1,18.822176402));
#479=CARTESIAN_POINT('',(-86.,8.1,17.072176402));
#480=CARTESIAN_POINT('',(-86.,6.35,17.072176402));
#481=CARTESIAN_POINT('',(-86.,4.6,17.072176402));
#482=CARTESIAN_POINT('',(-86.,4.6,18.822176402));
#483=CARTESIAN_POINT('',(-86.,4.6,20.572176402));
#484=CARTESIAN_POINT('',(-86.,6.35,20.572176402));
#485=(BOUNDED_CURVE()
B_SPLINE_CURVE(2,(#476,#477,#478,#479,#480,#481,#482,#483,#484),.UNSPECIFIED.,.T.,.F.)
B_SPLINE_CURVE_WITH_KNOTS((3,2,2,2,3),(0.,1.570796327,3.141592654,4.71238898,6.283185307),.UNSPECIFIED.)
CURVE()
GEOMETRIC_REPRESENTATION_ITEM()
RATIONAL_B_SPLINE_CURVE((1.,0.707106781,1.,0.707106781,1.,0.707106781,1.,0.707106781,1.))
REPRESENTATION_ITEM(''));
#486=EDGE_CURVE('',#473,#475,#485,.T.);
#487=ORIENTED_EDGE('',*,*,#486,.F.);
#488=CARTESIAN_POINT('',(-86.,6.35,20.572176402));
#489=CARTESIAN_POINT('',(-86.,8.1,20.572176402));
#490=CARTESIAN_POINT('',(-86.,8.1,18.822176402));
#491=CARTESIAN_POINT('',(-86.,8.1,17.072176402));
#492=CARTESIAN_POINT('',(-86.,6.35,17.072176402));
#493=CARTESIAN_POINT('',(-86.,4.6,17.072176402));
#494=CARTESIAN_POINT('',(-86.,4.6,18.822176402));
#495=CARTESIAN_POINT('',(-86.,4.6,20.572176402));
#496=CARTESIAN_POINT('',(-86.,6.35,20.572176402));
#497=(BOUNDED_CURVE()
B_SPLINE_CURVE(2,(#488,#489,#490,#491,#492,#493,#494,#495,#496),.UNSPECIFIED.,.T.,.F.)
B_SPLINE_CURVE_WITH_KNOTS((3,2,2,2,3),(0.,1.570796327,3.141592654,4.71238898,6.283185307),.UNSPECIFIED.)
CURVE()
GEOMETRIC_REPRESENTATION_ITEM()
RATIONAL_B_SPLINE_CURVE((1.,0.707106781,1.,0.707106781,1.,0.707106781,1.,0.707106781,1.))
REPRESENTATION_ITEM(''));
#498=EDGE_CURVE('',#475,#473,#497,.T.);
#499=ORIENTED_EDGE('',*,*,#498,.F.);
#500=EDGE_LOOP('',(#487,#499));
#501=FACE_BOUND('',#500,.T.);
#502=ADVANCED_FACE('',(#441,#471,#501),#405,.T.);
#503=CARTESIAN_POINT('',(2.5,-36.95,-13.));
#504=CARTESIAN_POINT('',(2.5,36.95,-13.));
#505=CARTESIAN_POINT('',(-86.,-36.95,-13.));
#506=CARTESIAN_POINT('',(-86.,36.95,-13.));
#507=B_SPLINE_SURFACE_WITH_KNOTS('',1,1,((#503,#504),(#505,#506)),.UNSPECIFIED.,.F.,.F.,.U.,(2,2),(2,2),(-0.0885,0.),(-0.0502,0.0237),.UNSPECIFIED.);
#508=CARTESIAN_POINT('',(-47.5,13.25,-13.));
#509=VERTEX_POINT('',#508);
#510=CARTESIAN_POINT('',(-86.,13.25,-13.));
#511=CARTESIAN_POINT('',(-47.5,13.25,-13.));
#512=B_SPLINE_CURVE_WITH_KNOTS('',1,(#510,#511),.UNSPECIFIED.,.F.,.F.,(2,2),(0.,0.0385),.UNSPECIFIED.);
#513=EDGE_CURVE('',#407,#509,#512,.T.);
#514=ORIENTED_EDGE('',*,*,#513,.T.);
#515=CARTESIAN_POINT('',(-47.5,18.75,-13.));
#516=VERTEX_POINT('',#515);
#517=CARTESIAN_POINT('',(-47.5,18.75,-13.));
#518=CARTESIAN_POINT('',(-47.5,13.25,-13.));
#519=B_SPLINE_CURVE_WITH_KNOTS('',1,(#517,#518),.UNSPECIFIED.,.F.,.F.,(2,2),(-0.,0.0055),.UNSPECIFIED.);
#520=EDGE_CURVE('',#516,#509,#519,.T.);
#521=ORIENTED_EDGE('',*,*,#520,.F.);
#522=CARTESIAN_POINT('',(-6.78231978,18.75,-13.));
#523=VERTEX_POINT('',#522);
#524=CARTESIAN_POINT('',(-6.78231978,18.75,-13.));
#525=CARTESIAN_POINT('',(-47.5,18.75,-13.));
#526=B_SPLINE_CURVE_WITH_KNOTS('',1,(#524,#525),.UNSPECIFIED.,.F.,.F.,(2,2),(0.00464116,0.04535884),.UNSPECIFIED.);
#527=EDGE_CURVE('',#523,#516,#526,.T.);
#528=ORIENTED_EDGE('',*,*,#527,.F.);
#529=CARTESIAN_POINT('',(-6.78231978,36.95,-13.));
#530=VERTEX_POINT('',#529);
#531=CARTESIAN_POINT('',(-6.78231978,36.95,-13.));
#532=CARTESIAN_POINT('',(-6.78231978,18.75,-13.));
#533=B_SPLINE_CURVE_WITH_KNOTS('',1,(#531,#532),.UNSPECIFIED.,.F.,.F.,(2,2),(-0.057325,-0.039125),.UNSPECIFIED.);
#534=EDGE_CURVE('',#530,#523,#533,.T.);
#535=ORIENTED_EDGE('',*,*,#534,.F.);
#536=CARTESIAN_POINT('',(2.5,36.95,-13.));
#537=VERTEX_POINT('',#536);
#538=CARTESIAN_POINT('',(-6.78231978,36.95,-13.));
#539=CARTESIAN_POINT('',(2.5,36.95,-13.));
#540=B_SPLINE_CURVE_WITH_KNOTS('',1,(#538,#539),.UNSPECIFIED.,.F.,.F.,(2,2),(-0.00528232,0.004),.UNSPECIFIED.);
#541=EDGE_CURVE('',#530,#537,#540,.T.);
#542=ORIENTED_EDGE('',*,*,#541,.T.);
#543=CARTESIAN_POINT('',(2.5,-36.95,-13.));
#544=VERTEX_POINT('',#543);
#545=CARTESIAN_POINT('',(2.5,-36.95,-13.));
#546=CARTESIAN_POINT('',(2.5,36.95,-13.));
#547=B_SPLINE_CURVE_WITH_KNOTS('',1,(#545,#546),.UNSPECIFIED.,.F.,.F.,(2,2),(-0.03695,0.03695),.UNSPECIFIED.);
#548=EDGE_CURVE('',#544,#537,#547,.T.);
#549=ORIENTED_EDGE('',*,*,#548,.F.);
#550=CARTESIAN_POINT('',(-6.78231978,-36.95,-13.));
#551=VERTEX_POINT('',#550);
#552=CARTESIAN_POINT('',(-6.78231978,-36.95,-13.));
#553=CARTESIAN_POINT('',(2.5,-36.95,-13.));
#554=B_SPLINE_CURVE_WITH_KNOTS('',1,(#552,#553),.UNSPECIFIED.,.F.,.F.,(2,2),(-0.00464116,0.00464116),.UNSPECIFIED.);
#555=EDGE_CURVE('',#551,#544,#554,.T.);
#556=ORIENTED_EDGE('',*,*,#555,.F.);
#557=CARTESIAN_POINT('',(-6.78231978,-18.75,-13.));
#558=VERTEX_POINT('',#557);
#559=CARTESIAN_POINT('',(-6.78231978,-36.95,-13.));
#560=CARTESIAN_POINT('',(-6.78231978,-18.75,-13.));
#561=B_SPLINE_CURVE_WITH_KNOTS('',1,(#559,#560),.UNSPECIFIED.,.F.,.F.,(2,2),(-0.03695,-0.01875),.UNSPECIFIED.);
#562=EDGE_CURVE('',#551,#558,#561,.T.);
#563=ORIENTED_EDGE('',*,*,#562,.T.);
#564=CARTESIAN_POINT('',(-47.5,-18.75,-13.));
#565=VERTEX_POINT('',#564);
#566=CARTESIAN_POINT('',(-6.78231978,-18.75,-13.));
#567=CARTESIAN_POINT('',(-47.5,-18.75,-13.));
#568=B_SPLINE_CURVE_WITH_KNOTS('',1,(#566,#567),.UNSPECIFIED.,.F.,.F.,(2,2),(0.00464116,0.04535884),.UNSPECIFIED.);
#569=EDGE_CURVE('',#558,#565,#568,.T.);
#570=ORIENTED_EDGE('',*,*,#569,.T.);
#571=CARTESIAN_POINT('',(-47.5,-9.5,-13.));
#572=VERTEX_POINT('',#571);
#573=CARTESIAN_POINT('',(-47.5,-18.75,-13.));
#574=CARTESIAN_POINT('',(-47.5,-9.5,-13.));
#575=B_SPLINE_CURVE_WITH_KNOTS('',1,(#573,#574),.UNSPECIFIED.,.F.,.F.,(2,2),(0.001625,0.010875),.UNSPECIFIED.);
#576=EDGE_CURVE('',#565,#572,#575,.T.);
#577=ORIENTED_EDGE('',*,*,#576,.T.);
#578=CARTESIAN_POINT('',(-86.,-9.5,-13.));
#579=CARTESIAN_POINT('',(-47.5,-9.5,-13.));
#580=B_SPLINE_CURVE_WITH_KNOTS('',1,(#578,#579),.UNSPECIFIED.,.F.,.F.,(2,2),(-0.08385884,-0.04535884),.UNSPECIFIED.);
#581=EDGE_CURVE('',#409,#572,#580,.T.);
#582=ORIENTED_EDGE('',*,*,#581,.F.);
#583=ORIENTED_EDGE('',*,*,#413,.F.);
#584=EDGE_LOOP('',(#514,#521,#528,#535,#542,#549,#556,#563,#570,#577,#582,#583));
#585=FACE_BOUND('',#584,.T.);
#586=ADVANCED_FACE('',(#585),#507,.T.);
#587=CARTESIAN_POINT('',(-47.5,13.25,-13.));
#588=CARTESIAN_POINT('',(-47.5,13.25,27.));
#589=CARTESIAN_POINT('',(-86.,13.25,-13.));
#590=CARTESIAN_POINT('',(-86.,13.25,27.));
#591=B_SPLINE_SURFACE_WITH_KNOTS('',1,1,((#587,#588),(#589,#590)),.UNSPECIFIED.,.F.,.F.,.U.,(2,2),(2,2),(-0.028772779,0.009727221),(-0.02,0.02),.UNSPECIFIED.);
#592=ORIENTED_EDGE('',*,*,#81,.F.);
#593=CARTESIAN_POINT('',(-65.125767812,13.25,27.));
#594=CARTESIAN_POINT('',(-57.824935737,13.25,27.));
#595=CARTESIAN_POINT('',(-52.662467869,13.25,21.837532131));
#596=CARTESIAN_POINT('',(-47.5,13.25,16.675064263));
#597=CARTESIAN_POINT('',(-47.5,13.25,9.374232188));
#598=(BOUNDED_CURVE()
B_SPLINE_CURVE(2,(#593,#594,#595,#596,#597),.UNSPECIFIED.,.F.,.F.)
B_SPLINE_CURVE_WITH_KNOTS((3,2,3),(1.570796327,2.35619449,3.141592654),.UNSPECIFIED.)
CURVE()
GEOMETRIC_REPRESENTATION_ITEM()
RATIONAL_B_SPLINE_CURVE((1.,0.923879533,1.,0.923879533,1.))
REPRESENTATION_ITEM(''));
#599=EDGE_CURVE('',#70,#113,#598,.T.);
#600=ORIENTED_EDGE('',*,*,#599,.T.);
#601=ORIENTED_EDGE('',*,*,#117,.F.);
#602=CARTESIAN_POINT('',(-47.5,13.25,-13.));
#603=CARTESIAN_POINT('',(-47.5,13.25,-2.));
#604=B_SPLINE_CURVE_WITH_KNOTS('',1,(#602,#603),.UNSPECIFIED.,.F.,.F.,(2,2),(0.,0.011),.UNSPECIFIED.);
#605=EDGE_CURVE('',#509,#111,#604,.T.);
#606=ORIENTED_EDGE('',*,*,#605,.F.);
#607=ORIENTED_EDGE('',*,*,#513,.F.);
#608=ORIENTED_EDGE('',*,*,#438,.F.);
#609=EDGE_LOOP('',(#592,#600,#601,#606,#607,#608));
#610=FACE_BOUND('',#609,.T.);
#611=ADVANCED_FACE('',(#610),#591,.T.);
#612=CARTESIAN_POINT('',(2.5,-36.95,-2.));
#613=CARTESIAN_POINT('',(2.5,36.95,-2.));
#614=CARTESIAN_POINT('',(-77.51371307,-36.95,-2.));
#615=CARTESIAN_POINT('',(-77.51371307,36.95,-2.));
#616=B_SPLINE_SURFACE_WITH_KNOTS('',1,1,((#612,#613),(#614,#615)),.UNSPECIFIED.,.F.,.F.,.U.,(2,2),(2,2),(-0.004,0.076013713),(-0.0057,0.0682),.UNSPECIFIED.);
#617=ORIENTED_EDGE('',*,*,#164,.F.);
#618=ORIENTED_EDGE('',*,*,#321,.T.);
#619=ORIENTED_EDGE('',*,*,#364,.T.);
#620=CARTESIAN_POINT('',(-47.5,-9.5,-2.));
#621=VERTEX_POINT('',#620);
#622=CARTESIAN_POINT('',(-47.5,-9.5,-2.));
#623=CARTESIAN_POINT('',(-77.51371307,-9.5,-2.));
#624=B_SPLINE_CURVE_WITH_KNOTS('',1,(#622,#623),.UNSPECIFIED.,.F.,.F.,(2,2),(-0.03125,-0.001236287),.UNSPECIFIED.);
#625=EDGE_CURVE('',#621,#355,#624,.T.);
#626=ORIENTED_EDGE('',*,*,#625,.F.);
#627=CARTESIAN_POINT('',(-47.5,-18.75,-2.));
#628=VERTEX_POINT('',#627);
#629=CARTESIAN_POINT('',(-47.5,-18.75,-2.));
#630=CARTESIAN_POINT('',(-47.5,-9.5,-2.));
#631=B_SPLINE_CURVE_WITH_KNOTS('',1,(#629,#630),.UNSPECIFIED.,.F.,.F.,(2,2),(0.001625,0.010875),.UNSPECIFIED.);
#632=EDGE_CURVE('',#628,#621,#631,.T.);
#633=ORIENTED_EDGE('',*,*,#632,.F.);
#634=CARTESIAN_POINT('',(-6.78231978,-18.75,-2.));
#635=VERTEX_POINT('',#634);
#636=CARTESIAN_POINT('',(-6.78231978,-18.75,-2.));
#637=CARTESIAN_POINT('',(-47.5,-18.75,-2.));
#638=B_SPLINE_CURVE_WITH_KNOTS('',1,(#636,#637),.UNSPECIFIED.,.F.,.F.,(2,2),(0.00528232,0.046),.UNSPECIFIED.);
#639=EDGE_CURVE('',#635,#628,#638,.T.);
#640=ORIENTED_EDGE('',*,*,#639,.F.);
#641=CARTESIAN_POINT('',(-6.78231978,-36.95,-2.));
#642=VERTEX_POINT('',#641);
#643=CARTESIAN_POINT('',(-6.78231978,-18.75,-2.));
#644=CARTESIAN_POINT('',(-6.78231978,-36.95,-2.));
#645=B_SPLINE_CURVE_WITH_KNOTS('',1,(#643,#644),.UNSPECIFIED.,.F.,.F.,(2,2),(0.00925,0.02745),.UNSPECIFIED.);
#646=EDGE_CURVE('',#635,#642,#645,.T.);
#647=ORIENTED_EDGE('',*,*,#646,.T.);
#648=CARTESIAN_POINT('',(2.5,-36.95,-2.));
#649=VERTEX_POINT('',#648);
#650=CARTESIAN_POINT('',(-6.78231978,-36.95,-2.));
#651=CARTESIAN_POINT('',(2.5,-36.95,-2.));
#652=B_SPLINE_CURVE_WITH_KNOTS('',1,(#650,#651),.UNSPECIFIED.,.F.,.F.,(2,2),(-0.00528232,0.004),.UNSPECIFIED.);
#653=EDGE_CURVE('',#642,#649,#652,.T.);
#654=ORIENTED_EDGE('',*,*,#653,.T.);
#655=CARTESIAN_POINT('',(2.5,-12.6,-2.));
#656=VERTEX_POINT('',#655);
#657=CARTESIAN_POINT('',(2.5,-12.6,-2.));
#658=CARTESIAN_POINT('',(2.5,-36.95,-2.));
#659=B_SPLINE_CURVE_WITH_KNOTS('',1,(#657,#658),.UNSPECIFIED.,.F.,.F.,(2,2),(-0.01865,0.0057),.UNSPECIFIED.);
#660=EDGE_CURVE('',#656,#649,#659,.T.);
#661=ORIENTED_EDGE('',*,*,#660,.F.);
#662=CARTESIAN_POINT('',(-10.70231978,-12.6,-2.));
#663=VERTEX_POINT('',#662);
#664=CARTESIAN_POINT('',(2.5,-12.6,-2.));
#665=CARTESIAN_POINT('',(-10.70231978,-12.6,-2.));
#666=B_SPLINE_CURVE_WITH_KNOTS('',1,(#664,#665),.UNSPECIFIED.,.F.,.F.,(2,2),(0.,0.01320232),.UNSPECIFIED.);
#667=EDGE_CURVE('',#656,#663,#666,.T.);
#668=ORIENTED_EDGE('',*,*,#667,.T.);
#669=CARTESIAN_POINT('',(-10.70231978,-15.1,-2.));
#670=VERTEX_POINT('',#669);
#671=CARTESIAN_POINT('',(-10.70231978,-12.6,-2.));
#672=CARTESIAN_POINT('',(-10.70231978,-15.1,-2.));
#673=B_SPLINE_CURVE_WITH_KNOTS('',1,(#671,#672),.UNSPECIFIED.,.F.,.F.,(2,2),(0.,0.0025),.UNSPECIFIED.);
#674=EDGE_CURVE('',#663,#670,#673,.T.);
#675=ORIENTED_EDGE('',*,*,#674,.T.);
#676=CARTESIAN_POINT('',(-19.70231978,-15.1,-2.));
#677=VERTEX_POINT('',#676);
#678=CARTESIAN_POINT('',(-10.70231978,-15.1,-2.));
#679=CARTESIAN_POINT('',(-19.70231978,-15.1,-2.));
#680=B_SPLINE_CURVE_WITH_KNOTS('',1,(#678,#679),.UNSPECIFIED.,.F.,.F.,(2,2),(-0.0065,0.0025),.UNSPECIFIED.);
#681=EDGE_CURVE('',#670,#677,#680,.T.);
#682=ORIENTED_EDGE('',*,*,#681,.T.);
#683=CARTESIAN_POINT('',(-19.70231978,-9.6,-2.));
#684=VERTEX_POINT('',#683);
#685=CARTESIAN_POINT('',(-19.70231978,-15.1,-2.));
#686=CARTESIAN_POINT('',(-19.70231978,-9.6,-2.));
#687=B_SPLINE_CURVE_WITH_KNOTS('',1,(#685,#686),.UNSPECIFIED.,.F.,.F.,(2,2),(-0.01484209,-0.00934209),.UNSPECIFIED.);
#688=EDGE_CURVE('',#677,#684,#687,.T.);
#689=ORIENTED_EDGE('',*,*,#688,.T.);
#690=CARTESIAN_POINT('',(-17.20231978,-9.6,-2.));
#691=VERTEX_POINT('',#690);
#692=CARTESIAN_POINT('',(-17.20231978,-9.6,-2.));
#693=CARTESIAN_POINT('',(-19.70231978,-9.6,-2.));
#694=B_SPLINE_CURVE_WITH_KNOTS('',1,(#692,#693),.UNSPECIFIED.,.F.,.F.,(2,2),(0.01042,0.01292),.UNSPECIFIED.);
#695=EDGE_CURVE('',#691,#684,#694,.T.);
#696=ORIENTED_EDGE('',*,*,#695,.F.);
#697=CARTESIAN_POINT('',(-17.20231978,-12.6,-2.));
#698=VERTEX_POINT('',#697);
#699=CARTESIAN_POINT('',(-17.20231978,-9.6,-2.));
#700=CARTESIAN_POINT('',(-17.20231978,-12.6,-2.));
#701=B_SPLINE_CURVE_WITH_KNOTS('',1,(#699,#700),.UNSPECIFIED.,.F.,.F.,(2,2),(-0.0005,0.0025),.UNSPECIFIED.);
#702=EDGE_CURVE('',#691,#698,#701,.T.);
#703=ORIENTED_EDGE('',*,*,#702,.T.);
#704=CARTESIAN_POINT('',(-13.20231978,-12.6,-2.));
#705=VERTEX_POINT('',#704);
#706=CARTESIAN_POINT('',(-17.20231978,-12.6,-2.));
#707=CARTESIAN_POINT('',(-13.20231978,-12.6,-2.));
#708=B_SPLINE_CURVE_WITH_KNOTS('',1,(#706,#707),.UNSPECIFIED.,.F.,.F.,(2,2),(0.0025,0.0065),.UNSPECIFIED.);
#709=EDGE_CURVE('',#698,#705,#708,.T.);
#710=ORIENTED_EDGE('',*,*,#709,.T.);
#711=CARTESIAN_POINT('',(-13.20231978,-9.6,-2.));
#712=VERTEX_POINT('',#711);
#713=CARTESIAN_POINT('',(-13.20231978,-12.6,-2.));
#714=CARTESIAN_POINT('',(-13.20231978,-9.6,-2.));
#715=B_SPLINE_CURVE_WITH_KNOTS('',1,(#713,#714),.UNSPECIFIED.,.F.,.F.,(2,2),(0.,0.003),.UNSPECIFIED.);
#716=EDGE_CURVE('',#705,#712,#715,.T.);
#717=ORIENTED_EDGE('',*,*,#716,.T.);
#718=CARTESIAN_POINT('',(-6.70231978,-9.6,-2.));
#719=VERTEX_POINT('',#718);
#720=CARTESIAN_POINT('',(-6.70231978,-9.6,-2.));
#721=CARTESIAN_POINT('',(-13.20231978,-9.6,-2.));
#722=B_SPLINE_CURVE_WITH_KNOTS('',1,(#720,#721),.UNSPECIFIED.,.F.,.F.,(2,2),(-0.00008,0.00642),.UNSPECIFIED.);
#723=EDGE_CURVE('',#719,#712,#722,.T.);
#724=ORIENTED_EDGE('',*,*,#723,.F.);
#725=CARTESIAN_POINT('',(-6.70231978,9.6,-2.));
#726=VERTEX_POINT('',#725);
#727=CARTESIAN_POINT('',(-6.70231978,9.6,-2.));
#728=CARTESIAN_POINT('',(-6.70231978,-9.6,-2.));
#729=B_SPLINE_CURVE_WITH_KNOTS('',1,(#727,#728),.UNSPECIFIED.,.F.,.F.,(2,2),(0.029756684,0.048956684),.UNSPECIFIED.);
#730=EDGE_CURVE('',#726,#719,#729,.T.);
#731=ORIENTED_EDGE('',*,*,#730,.F.);
#732=CARTESIAN_POINT('',(-13.20231978,9.6,-2.));
#733=VERTEX_POINT('',#732);
#734=CARTESIAN_POINT('',(-6.70231978,9.6,-2.));
#735=CARTESIAN_POINT('',(-13.20231978,9.6,-2.));
#736=B_SPLINE_CURVE_WITH_KNOTS('',1,(#734,#735),.UNSPECIFIED.,.F.,.F.,(2,2),(-0.00008,0.00642),.UNSPECIFIED.);
#737=EDGE_CURVE('',#726,#733,#736,.T.);
#738=ORIENTED_EDGE('',*,*,#737,.T.);
#739=CARTESIAN_POINT('',(-13.20231978,12.6,-2.));
#740=VERTEX_POINT('',#739);
#741=CARTESIAN_POINT('',(-13.20231978,12.6,-2.));
#742=CARTESIAN_POINT('',(-13.20231978,9.6,-2.));
#743=B_SPLINE_CURVE_WITH_KNOTS('',1,(#741,#742),.UNSPECIFIED.,.F.,.F.,(2,2),(0.,0.003),.UNSPECIFIED.);
#744=EDGE_CURVE('',#740,#733,#743,.T.);
#745=ORIENTED_EDGE('',*,*,#744,.F.);
#746=CARTESIAN_POINT('',(-17.20231978,12.6,-2.));
#747=VERTEX_POINT('',#746);
#748=CARTESIAN_POINT('',(-13.20231978,12.6,-2.));
#749=CARTESIAN_POINT('',(-17.20231978,12.6,-2.));
#750=B_SPLINE_CURVE_WITH_KNOTS('',1,(#748,#749),.UNSPECIFIED.,.F.,.F.,(2,2),(-0.004,0.),.UNSPECIFIED.);
#751=EDGE_CURVE('',#740,#747,#750,.T.);
#752=ORIENTED_EDGE('',*,*,#751,.T.);
#753=CARTESIAN_POINT('',(-17.20231978,9.6,-2.));
#754=VERTEX_POINT('',#753);
#755=CARTESIAN_POINT('',(-17.20231978,9.6,-2.));
#756=CARTESIAN_POINT('',(-17.20231978,12.6,-2.));
#757=B_SPLINE_CURVE_WITH_KNOTS('',1,(#755,#756),.UNSPECIFIED.,.F.,.F.,(2,2),(-0.0005,0.0025),.UNSPECIFIED.);
#758=EDGE_CURVE('',#754,#747,#757,.T.);
#759=ORIENTED_EDGE('',*,*,#758,.F.);
#760=CARTESIAN_POINT('',(-19.70231978,9.6,-2.));
#761=VERTEX_POINT('',#760);
#762=CARTESIAN_POINT('',(-17.20231978,9.6,-2.));
#763=CARTESIAN_POINT('',(-19.70231978,9.6,-2.));
#764=B_SPLINE_CURVE_WITH_KNOTS('',1,(#762,#763),.UNSPECIFIED.,.F.,.F.,(2,2),(0.01042,0.01292),.UNSPECIFIED.);
#765=EDGE_CURVE('',#754,#761,#764,.T.);
#766=ORIENTED_EDGE('',*,*,#765,.T.);
#767=CARTESIAN_POINT('',(-19.70231978,15.1,-2.));
#768=VERTEX_POINT('',#767);
#769=CARTESIAN_POINT('',(-19.70231978,9.6,-2.));
#770=CARTESIAN_POINT('',(-19.70231978,15.1,-2.));
#771=B_SPLINE_CURVE_WITH_KNOTS('',1,(#769,#770),.UNSPECIFIED.,.F.,.F.,(2,2),(0.00985791,0.01535791),.UNSPECIFIED.);
#772=EDGE_CURVE('',#761,#768,#771,.T.);
#773=ORIENTED_EDGE('',*,*,#772,.T.);
#774=CARTESIAN_POINT('',(-10.70231978,15.1,-2.));
#775=VERTEX_POINT('',#774);
#776=CARTESIAN_POINT('',(-19.70231978,15.1,-2.));
#777=CARTESIAN_POINT('',(-10.70231978,15.1,-2.));
#778=B_SPLINE_CURVE_WITH_KNOTS('',1,(#776,#777),.UNSPECIFIED.,.F.,.F.,(2,2),(0.,0.009),.UNSPECIFIED.);
#779=EDGE_CURVE('',#768,#775,#778,.T.);
#780=ORIENTED_EDGE('',*,*,#779,.T.);
#781=CARTESIAN_POINT('',(-10.70231978,12.6,-2.));
#782=VERTEX_POINT('',#781);
#783=CARTESIAN_POINT('',(-10.70231978,15.1,-2.));
#784=CARTESIAN_POINT('',(-10.70231978,12.6,-2.));
#785=B_SPLINE_CURVE_WITH_KNOTS('',1,(#783,#784),.UNSPECIFIED.,.F.,.F.,(2,2),(0.,0.0025),.UNSPECIFIED.);
#786=EDGE_CURVE('',#775,#782,#785,.T.);
#787=ORIENTED_EDGE('',*,*,#786,.T.);
#788=CARTESIAN_POINT('',(2.5,12.6,-2.));
#789=VERTEX_POINT('',#788);
#790=CARTESIAN_POINT('',(2.5,12.6,-2.));
#791=CARTESIAN_POINT('',(-10.70231978,12.6,-2.));
#792=B_SPLINE_CURVE_WITH_KNOTS('',1,(#790,#791),.UNSPECIFIED.,.F.,.F.,(2,2),(-0.,0.01320232),.UNSPECIFIED.);
#793=EDGE_CURVE('',#789,#782,#792,.T.);
#794=ORIENTED_EDGE('',*,*,#793,.F.);
#795=CARTESIAN_POINT('',(2.5,36.95,-2.));
#796=VERTEX_POINT('',#795);
#797=CARTESIAN_POINT('',(2.5,12.6,-2.));
#798=CARTESIAN_POINT('',(2.5,36.95,-2.));
#799=B_SPLINE_CURVE_WITH_KNOTS('',1,(#797,#798),.UNSPECIFIED.,.F.,.F.,(2,2),(0.007391779,0.031741779),.UNSPECIFIED.);
#800=EDGE_CURVE('',#789,#796,#799,.T.);
#801=ORIENTED_EDGE('',*,*,#800,.T.);
#802=CARTESIAN_POINT('',(-6.78231978,36.95,-2.));
#803=VERTEX_POINT('',#802);
#804=CARTESIAN_POINT('',(-6.78231978,36.95,-2.));
#805=CARTESIAN_POINT('',(2.5,36.95,-2.));
#806=B_SPLINE_CURVE_WITH_KNOTS('',1,(#804,#805),.UNSPECIFIED.,.F.,.F.,(2,2),(-0.00528232,0.004),.UNSPECIFIED.);
#807=EDGE_CURVE('',#803,#796,#806,.T.);
#808=ORIENTED_EDGE('',*,*,#807,.F.);
#809=CARTESIAN_POINT('',(-6.78231978,18.75,-2.));
#810=VERTEX_POINT('',#809);
#811=CARTESIAN_POINT('',(-6.78231978,18.75,-2.));
#812=CARTESIAN_POINT('',(-6.78231978,36.95,-2.));
#813=B_SPLINE_CURVE_WITH_KNOTS('',1,(#811,#812),.UNSPECIFIED.,.F.,.F.,(2,2),(0.00925,0.02745),.UNSPECIFIED.);
#814=EDGE_CURVE('',#810,#803,#813,.T.);
#815=ORIENTED_EDGE('',*,*,#814,.F.);
#816=CARTESIAN_POINT('',(-47.5,18.75,-2.));
#817=VERTEX_POINT('',#816);
#818=CARTESIAN_POINT('',(-6.78231978,18.75,-2.));
#819=CARTESIAN_POINT('',(-47.5,18.75,-2.));
#820=B_SPLINE_CURVE_WITH_KNOTS('',1,(#818,#819),.UNSPECIFIED.,.F.,.F.,(2,2),(-0.076838927,-0.036121247),.UNSPECIFIED.);
#821=EDGE_CURVE('',#810,#817,#820,.T.);
#822=ORIENTED_EDGE('',*,*,#821,.T.);
#823=CARTESIAN_POINT('',(-47.5,18.75,-2.));
#824=CARTESIAN_POINT('',(-47.5,13.25,-2.));
#825=B_SPLINE_CURVE_WITH_KNOTS('',1,(#823,#824),.UNSPECIFIED.,.F.,.F.,(2,2),(0.,0.0055),.UNSPECIFIED.);
#826=EDGE_CURVE('',#817,#111,#825,.T.);
#827=ORIENTED_EDGE('',*,*,#826,.T.);
#828=EDGE_LOOP('',(#617,#618,#619,#626,#633,#640,#647,#654,#661,#668,#675,#682,#689,#696,#703,#710,#717,#724,#731,#738,#745,#752,#759,#766,#773,#780,
#787,#794,#801,#808,#815,#822,#827));
#829=FACE_BOUND('',#828,.T.);
#830=ADVANCED_FACE('',(#829),#616,.F.);
#831=CARTESIAN_POINT('',(-77.51371307,2.875,8.7));
#832=CARTESIAN_POINT('',(-77.51371307,11.25,8.7));
#833=CARTESIAN_POINT('',(-77.51371307,2.875,53.405647197));
#834=CARTESIAN_POINT('',(-77.51371307,11.25,53.405647197));
#835=B_SPLINE_SURFACE_WITH_KNOTS('',1,1,((#831,#832),(#833,#834)),.UNSPECIFIED.,.F.,.F.,.U.,(2,2),(2,2),(-0.026002824,0.018702824),(0.002,0.010375),.UNSPECIFIED.);
#836=CARTESIAN_POINT('',(-77.51371307,2.875,8.7));
#837=VERTEX_POINT('',#836);
#838=CARTESIAN_POINT('',(-77.51371307,2.875,53.405647197));
#839=VERTEX_POINT('',#838);
#840=CARTESIAN_POINT('',(-77.51371307,2.875,8.7));
#841=CARTESIAN_POINT('',(-77.51371307,2.875,53.405647197));
#842=B_SPLINE_CURVE_WITH_KNOTS('',1,(#840,#841),.UNSPECIFIED.,.F.,.F.,(2,2),(-0.009705647,0.035),.UNSPECIFIED.);
#843=EDGE_CURVE('',#837,#839,#842,.T.);
#844=ORIENTED_EDGE('',*,*,#843,.F.);
#845=CARTESIAN_POINT('',(-77.51371307,2.875,8.7));
#846=CARTESIAN_POINT('',(-77.51371307,9.75,8.7));
#847=B_SPLINE_CURVE_WITH_KNOTS('',1,(#845,#846),.UNSPECIFIED.,.F.,.F.,(2,2),(-0.008875,-0.002),.UNSPECIFIED.);
#848=EDGE_CURVE('',#837,#253,#847,.T.);
#849=ORIENTED_EDGE('',*,*,#848,.T.);
#850=ORIENTED_EDGE('',*,*,#257,.F.);
#851=ORIENTED_EDGE('',*,*,#100,.T.);
#852=CARTESIAN_POINT('',(-77.51371307,11.25,53.405647197));
#853=VERTEX_POINT('',#852);
#854=CARTESIAN_POINT('',(-77.51371307,11.25,27.));
#855=CARTESIAN_POINT('',(-77.51371307,11.25,53.405647197));
#856=B_SPLINE_CURVE_WITH_KNOTS('',1,(#854,#855),.UNSPECIFIED.,.F.,.F.,(2,2),(0.011,0.037405647),.UNSPECIFIED.);
#857=EDGE_CURVE('',#91,#853,#856,.T.);
#858=ORIENTED_EDGE('',*,*,#857,.T.);
#859=CARTESIAN_POINT('',(-77.51371307,11.25,53.405647197));
#860=CARTESIAN_POINT('',(-77.51371307,2.875,53.405647197));
#861=B_SPLINE_CURVE_WITH_KNOTS('',1,(#859,#860),.UNSPECIFIED.,.F.,.F.,(2,2),(0.,0.008375),.UNSPECIFIED.);
#862=EDGE_CURVE('',#853,#839,#861,.T.);
#863=ORIENTED_EDGE('',*,*,#862,.T.);
#864=EDGE_LOOP('',(#844,#849,#850,#851,#858,#863));
#865=FACE_BOUND('',#864,.T.);
#866=CARTESIAN_POINT('',(-77.51371307,6.35,51.727823598));
#867=VERTEX_POINT('',#866);
#868=CARTESIAN_POINT('',(-77.51371307,9.2,48.877823598));
#869=VERTEX_POINT('',#868);
#870=CARTESIAN_POINT('',(-77.51371307,6.35,51.727823598));
#871=CARTESIAN_POINT('',(-77.51371307,9.2,51.727823598));
#872=CARTESIAN_POINT('',(-77.51371307,9.2,48.877823598));
#873=CARTESIAN_POINT('',(-77.51371307,9.2,46.027823598));
#874=CARTESIAN_POINT('',(-77.51371307,6.35,46.027823598));
#875=CARTESIAN_POINT('',(-77.51371307,3.5,46.027823598));
#876=CARTESIAN_POINT('',(-77.51371307,3.5,48.877823598));
#877=CARTESIAN_POINT('',(-77.51371307,3.5,51.727823598));
#878=CARTESIAN_POINT('',(-77.51371307,6.35,51.727823598));
#879=(BOUNDED_CURVE()
B_SPLINE_CURVE(2,(#870,#871,#872,#873,#874,#875,#876,#877,#878),.UNSPECIFIED.,.T.,.F.)
B_SPLINE_CURVE_WITH_KNOTS((3,2,2,2,3),(0.,1.570796327,3.141592654,4.71238898,6.283185307),.UNSPECIFIED.)
CURVE()
GEOMETRIC_REPRESENTATION_ITEM()
RATIONAL_B_SPLINE_CURVE((1.,0.707106781,1.,0.707106781,1.,0.707106781,1.,0.707106781,1.))
REPRESENTATION_ITEM(''));
#880=EDGE_CURVE('',#867,#869,#879,.T.);
#881=ORIENTED_EDGE('',*,*,#880,.T.);
#882=CARTESIAN_POINT('',(-77.51371307,6.35,51.727823598));
#883=CARTESIAN_POINT('',(-77.51371307,9.2,51.727823598));
#884=CARTESIAN_POINT('',(-77.51371307,9.2,48.877823598));
#885=CARTESIAN_POINT('',(-77.51371307,9.2,46.027823598));
#886=CARTESIAN_POINT('',(-77.51371307,6.35,46.027823598));
#887=CARTESIAN_POINT('',(-77.51371307,3.5,46.027823598));
#888=CARTESIAN_POINT('',(-77.51371307,3.5,48.877823598));
#889=CARTESIAN_POINT('',(-77.51371307,3.5,51.727823598));
#890=CARTESIAN_POINT('',(-77.51371307,6.35,51.727823598));
#891=(BOUNDED_CURVE()
B_SPLINE_CURVE(2,(#882,#883,#884,#885,#886,#887,#888,#889,#890),.UNSPECIFIED.,.T.,.F.)
B_SPLINE_CURVE_WITH_KNOTS((3,2,2,2,3),(0.,1.570796327,3.141592654,4.71238898,6.283185307),.UNSPECIFIED.)
CURVE()
GEOMETRIC_REPRESENTATION_ITEM()
RATIONAL_B_SPLINE_CURVE((1.,0.707106781,1.,0.707106781,1.,0.707106781,1.,0.707106781,1.))
REPRESENTATION_ITEM(''));
#892=EDGE_CURVE('',#869,#867,#891,.T.);
#893=ORIENTED_EDGE('',*,*,#892,.T.);
#894=EDGE_LOOP('',(#881,#893));
#895=FACE_BOUND('',#894,.T.);
#896=CARTESIAN_POINT('',(-77.51371307,6.35,21.64238138));
#897=VERTEX_POINT('',#896);
#898=CARTESIAN_POINT('',(-77.51371307,9.170204978,18.822176402));
#899=VERTEX_POINT('',#898);
#900=CARTESIAN_POINT('',(-77.51371307,6.35,21.64238138));
#901=CARTESIAN_POINT('',(-77.51371307,9.170204978,21.64238138));
#902=CARTESIAN_POINT('',(-77.51371307,9.170204978,18.822176402));
#903=CARTESIAN_POINT('',(-77.51371307,9.170204978,16.001971423));
#904=CARTESIAN_POINT('',(-77.51371307,6.35,16.001971423));
#905=CARTESIAN_POINT('',(-77.51371307,3.529795022,16.001971423));
#906=CARTESIAN_POINT('',(-77.51371307,3.529795022,18.822176402));
#907=CARTESIAN_POINT('',(-77.51371307,3.529795022,21.64238138));
#908=CARTESIAN_POINT('',(-77.51371307,6.35,21.64238138));
#909=(BOUNDED_CURVE()
B_SPLINE_CURVE(2,(#900,#901,#902,#903,#904,#905,#906,#907,#908),.UNSPECIFIED.,.T.,.F.)
B_SPLINE_CURVE_WITH_KNOTS((3,2,2,2,3),(0.,1.570796327,3.141592654,4.71238898,6.283185307),.UNSPECIFIED.)
CURVE()
GEOMETRIC_REPRESENTATION_ITEM()
RATIONAL_B_SPLINE_CURVE((1.,0.707106781,1.,0.707106781,1.,0.707106781,1.,0.707106781,1.))
REPRESENTATION_ITEM(''));
#910=EDGE_CURVE('',#897,#899,#909,.T.);
#911=ORIENTED_EDGE('',*,*,#910,.T.);
#912=CARTESIAN_POINT('',(-77.51371307,6.35,21.64238138));
#913=CARTESIAN_POINT('',(-77.51371307,9.170204978,21.64238138));
#914=CARTESIAN_POINT('',(-77.51371307,9.170204978,18.822176402));
#915=CARTESIAN_POINT('',(-77.51371307,9.170204978,16.001971423));
#916=CARTESIAN_POINT('',(-77.51371307,6.35,16.001971423));
#917=CARTESIAN_POINT('',(-77.51371307,3.529795022,16.001971423));
#918=CARTESIAN_POINT('',(-77.51371307,3.529795022,18.822176402));
#919=CARTESIAN_POINT('',(-77.51371307,3.529795022,21.64238138));
#920=CARTESIAN_POINT('',(-77.51371307,6.35,21.64238138));
#921=(BOUNDED_CURVE()
B_SPLINE_CURVE(2,(#912,#913,#914,#915,#916,#917,#918,#919,#920),.UNSPECIFIED.,.T.,.F.)
B_SPLINE_CURVE_WITH_KNOTS((3,2,2,2,3),(0.,1.570796327,3.141592654,4.71238898,6.283185307),.UNSPECIFIED.)
CURVE()
GEOMETRIC_REPRESENTATION_ITEM()
RATIONAL_B_SPLINE_CURVE((1.,0.707106781,1.,0.707106781,1.,0.707106781,1.,0.707106781,1.))
REPRESENTATION_ITEM(''));
#922=EDGE_CURVE('',#899,#897,#921,.T.);
#923=ORIENTED_EDGE('',*,*,#922,.T.);
#924=EDGE_LOOP('',(#911,#923));
#925=FACE_BOUND('',#924,.T.);
#926=ADVANCED_FACE('',(#865,#895,#925),#835,.F.);
#927=CARTESIAN_POINT('',(-86.,-9.5,-13.));
#928=CARTESIAN_POINT('',(-47.5,-9.5,-13.));
#929=CARTESIAN_POINT('',(-86.,-9.5,53.405647197));
#930=CARTESIAN_POINT('',(-47.5,-9.5,53.405647197));
#931=B_SPLINE_SURFACE_WITH_KNOTS('',1,1,((#927,#928),(#929,#930)),.UNSPECIFIED.,.F.,.F.,.U.,(2,2),(2,2),(-0.00825,0.058155647),(-0.00725,0.03125),.UNSPECIFIED.);
#932=ORIENTED_EDGE('',*,*,#359,.T.);
#933=CARTESIAN_POINT('',(-77.51371307,-9.5,5.4));
#934=CARTESIAN_POINT('',(-77.51371307,-9.5,5.8));
#935=CARTESIAN_POINT('',(-77.91371307,-9.5,5.8));
#936=(BOUNDED_CURVE()
B_SPLINE_CURVE(2,(#933,#934,#935),.UNSPECIFIED.,.F.,.F.)
B_SPLINE_CURVE_WITH_KNOTS((3,3),(6.283185307,7.853981634),.UNSPECIFIED.)
CURVE()
GEOMETRIC_REPRESENTATION_ITEM()
RATIONAL_B_SPLINE_CURVE((1.,0.707106781,1.))
REPRESENTATION_ITEM(''));
#937=EDGE_CURVE('',#348,#277,#936,.T.);
#938=ORIENTED_EDGE('',*,*,#937,.T.);
#939=ORIENTED_EDGE('',*,*,#281,.F.);
#940=CARTESIAN_POINT('',(-82.,-9.5,6.614417184));
#941=VERTEX_POINT('',#940);
#942=CARTESIAN_POINT('',(-81.185582816,-9.5,5.8));
#943=CARTESIAN_POINT('',(-82.,-9.5,5.8));
#944=CARTESIAN_POINT('',(-82.,-9.5,6.614417184));
#945=(BOUNDED_CURVE()
B_SPLINE_CURVE(2,(#942,#943,#944),.UNSPECIFIED.,.F.,.F.)
B_SPLINE_CURVE_WITH_KNOTS((3,3),(4.71238898,6.283185307),.UNSPECIFIED.)
CURVE()
GEOMETRIC_REPRESENTATION_ITEM()
RATIONAL_B_SPLINE_CURVE((1.,0.707106781,1.))
REPRESENTATION_ITEM(''));
#946=EDGE_CURVE('',#275,#941,#945,.T.);
#947=ORIENTED_EDGE('',*,*,#946,.T.);
#948=CARTESIAN_POINT('',(-82.,-9.5,7.485582816));
#949=VERTEX_POINT('',#948);
#950=CARTESIAN_POINT('',(-82.,-9.5,7.485582816));
#951=CARTESIAN_POINT('',(-82.,-9.5,6.614417184));
#952=B_SPLINE_CURVE_WITH_KNOTS('',1,(#950,#951),.UNSPECIFIED.,.F.,.F.,(2,2),(0.006614417,0.007485583),.UNSPECIFIED.);
#953=EDGE_CURVE('',#949,#941,#952,.T.);
#954=ORIENTED_EDGE('',*,*,#953,.F.);
#955=CARTESIAN_POINT('',(-82.,-9.5,7.485582816));
#956=CARTESIAN_POINT('',(-82.,-9.5,8.3));
#957=CARTESIAN_POINT('',(-81.185582816,-9.5,8.3));
#958=(BOUNDED_CURVE()
B_SPLINE_CURVE(2,(#955,#956,#957),.UNSPECIFIED.,.F.,.F.)
B_SPLINE_CURVE_WITH_KNOTS((3,3),(6.283185307,7.853981634),.UNSPECIFIED.)
CURVE()
GEOMETRIC_REPRESENTATION_ITEM()
RATIONAL_B_SPLINE_CURVE((1.,0.707106781,1.))
REPRESENTATION_ITEM(''));
#959=EDGE_CURVE('',#949,#191,#958,.T.);
#960=ORIENTED_EDGE('',*,*,#959,.T.);
#961=ORIENTED_EDGE('',*,*,#195,.F.);
#962=CARTESIAN_POINT('',(-77.51371307,-9.5,8.7));
#963=VERTEX_POINT('',#962);
#964=CARTESIAN_POINT('',(-77.91371307,-9.5,8.3));
#965=CARTESIAN_POINT('',(-77.51371307,-9.5,8.3));
#966=CARTESIAN_POINT('',(-77.51371307,-9.5,8.7));
#967=(BOUNDED_CURVE()
B_SPLINE_CURVE(2,(#964,#965,#966),.UNSPECIFIED.,.F.,.F.)
B_SPLINE_CURVE_WITH_KNOTS((3,3),(1.570796327,3.141592654),.UNSPECIFIED.)
CURVE()
GEOMETRIC_REPRESENTATION_ITEM()
RATIONAL_B_SPLINE_CURVE((1.,0.707106781,1.))
REPRESENTATION_ITEM(''));
#968=EDGE_CURVE('',#184,#963,#967,.T.);
#969=ORIENTED_EDGE('',*,*,#968,.T.);
#970=CARTESIAN_POINT('',(-77.51371307,-9.5,53.405647197));
#971=VERTEX_POINT('',#970);
#972=CARTESIAN_POINT('',(-77.51371307,-9.5,8.7));
#973=CARTESIAN_POINT('',(-77.51371307,-9.5,53.405647197));
#974=B_SPLINE_CURVE_WITH_KNOTS('',1,(#972,#973),.UNSPECIFIED.,.F.,.F.,(2,2),(0.01345,0.058155647),.UNSPECIFIED.);
#975=EDGE_CURVE('',#963,#971,#974,.T.);
#976=ORIENTED_EDGE('',*,*,#975,.T.);
#977=CARTESIAN_POINT('',(-86.,-9.5,53.405647197));
#978=CARTESIAN_POINT('',(-77.51371307,-9.5,53.405647197));
#979=B_SPLINE_CURVE_WITH_KNOTS('',1,(#977,#978),.UNSPECIFIED.,.F.,.F.,(2,2),(-0.000993143,0.007493143),.UNSPECIFIED.);
#980=EDGE_CURVE('',#416,#971,#979,.T.);
#981=ORIENTED_EDGE('',*,*,#980,.F.);
#982=ORIENTED_EDGE('',*,*,#420,.T.);
#983=ORIENTED_EDGE('',*,*,#581,.T.);
#984=CARTESIAN_POINT('',(-47.5,-9.5,-13.));
#985=CARTESIAN_POINT('',(-47.5,-9.5,-2.));
#986=B_SPLINE_CURVE_WITH_KNOTS('',1,(#984,#985),.UNSPECIFIED.,.F.,.F.,(2,2),(-0.005975401,0.005024599),.UNSPECIFIED.);
#987=EDGE_CURVE('',#572,#621,#986,.T.);
#988=ORIENTED_EDGE('',*,*,#987,.T.);
#989=ORIENTED_EDGE('',*,*,#625,.T.);
#990=EDGE_LOOP('',(#932,#938,#939,#947,#954,#960,#961,#969,#976,#981,#982,#983,#988,#989));
#991=FACE_BOUND('',#990,.T.);
#992=ADVANCED_FACE('',(#991),#931,.F.);
#993=CARTESIAN_POINT('',(-86.,11.25,27.));
#994=CARTESIAN_POINT('',(-77.51371307,11.25,27.));
#995=CARTESIAN_POINT('',(-86.,11.25,53.405647197));
#996=CARTESIAN_POINT('',(-77.51371307,11.25,53.405647197));
#997=B_SPLINE_SURFACE_WITH_KNOTS('',1,1,((#993,#994),(#995,#996)),.UNSPECIFIED.,.F.,.F.,.U.,(2,2),(2,2),(0.03175,0.058155647),(-0.00725,0.001236287),.UNSPECIFIED.);
#998=ORIENTED_EDGE('',*,*,#857,.F.);
#999=ORIENTED_EDGE('',*,*,#95,.T.);
#1000=ORIENTED_EDGE('',*,*,#432,.F.);
#1001=CARTESIAN_POINT('',(-77.51371307,11.25,53.405647197));
#1002=CARTESIAN_POINT('',(-86.,11.25,53.405647197));
#1003=B_SPLINE_CURVE_WITH_KNOTS('',1,(#1001,#1002),.UNSPECIFIED.,.F.,.F.,(2,2),(0.0025,0.010986287),.UNSPECIFIED.);
#1004=EDGE_CURVE('',#853,#423,#1003,.T.);
#1005=ORIENTED_EDGE('',*,*,#1004,.F.);
#1006=EDGE_LOOP('',(#998,#999,#1000,#1005));
#1007=FACE_BOUND('',#1006,.T.);
#1008=ADVANCED_FACE('',(#1007),#997,.T.);
#1009=CARTESIAN_POINT('',(-19.70231978,-15.1,16.));
#1010=CARTESIAN_POINT('',(-19.70231978,-9.6,16.));
#1011=CARTESIAN_POINT('',(-19.70231978,-15.1,-2.));
#1012=CARTESIAN_POINT('',(-19.70231978,-9.6,-2.));
#1013=B_SPLINE_SURFACE_WITH_KNOTS('',1,1,((#1009,#1010),(#1011,#1012)),.UNSPECIFIED.,.F.,.F.,.U.,(2,2),(2,2),(-0.018,0.),(-0.0277,-0.0222),.UNSPECIFIED.);
#1014=CARTESIAN_POINT('',(-19.70231978,-9.6,16.));
#1015=VERTEX_POINT('',#1014);
#1016=CARTESIAN_POINT('',(-19.70231978,-9.6,16.));
#1017=CARTESIAN_POINT('',(-19.70231978,-9.6,-2.));
#1018=B_SPLINE_CURVE_WITH_KNOTS('',1,(#1016,#1017),.UNSPECIFIED.,.F.,.F.,(2,2),(-0.001802263,0.016197737),.UNSPECIFIED.);
#1019=EDGE_CURVE('',#1015,#684,#1018,.T.);
#1020=ORIENTED_EDGE('',*,*,#1019,.T.);
#1021=ORIENTED_EDGE('',*,*,#688,.F.);
#1022=CARTESIAN_POINT('',(-19.70231978,-15.1,16.));
#1023=VERTEX_POINT('',#1022);
#1024=CARTESIAN_POINT('',(-19.70231978,-15.1,-2.));
#1025=CARTESIAN_POINT('',(-19.70231978,-15.1,16.));
#1026=B_SPLINE_CURVE_WITH_KNOTS('',1,(#1024,#1025),.UNSPECIFIED.,.F.,.F.,(2,2),(0.,0.018),.UNSPECIFIED.);
#1027=EDGE_CURVE('',#677,#1023,#1026,.T.);
#1028=ORIENTED_EDGE('',*,*,#1027,.T.);
#1029=CARTESIAN_POINT('',(-19.70231978,-15.1,16.));
#1030=CARTESIAN_POINT('',(-19.70231978,-9.6,16.));
#1031=B_SPLINE_CURVE_WITH_KNOTS('',1,(#1029,#1030),.UNSPECIFIED.,.F.,.F.,(2,2),(0.,0.0055),.UNSPECIFIED.);
#1032=EDGE_CURVE('',#1023,#1015,#1031,.T.);
#1033=ORIENTED_EDGE('',*,*,#1032,.T.);
#1034=EDGE_LOOP('',(#1020,#1021,#1028,#1033));
#1035=FACE_BOUND('',#1034,.T.);
#1036=ADVANCED_FACE('',(#1035),#1013,.F.);
#1037=CARTESIAN_POINT('',(-19.70231978,-15.1,16.));
#1038=CARTESIAN_POINT('',(-3.014767963,-15.1,16.));
#1039=CARTESIAN_POINT('',(-19.70231978,-7.5,16.));
#1040=CARTESIAN_POINT('',(-3.014767963,-7.5,16.));
#1041=B_SPLINE_SURFACE_WITH_KNOTS('',1,1,((#1037,#1038),(#1039,#1040)),.UNSPECIFIED.,.F.,.F.,.U.,(2,2),(2,2),(-0.017741576,-0.010141576),(-0.013,0.003687552),.UNSPECIFIED.);
#1042=CARTESIAN_POINT('',(-17.20231978,-9.6,16.));
#1043=VERTEX_POINT('',#1042);
#1044=CARTESIAN_POINT('',(-17.20231978,-9.6,16.));
#1045=CARTESIAN_POINT('',(-19.70231978,-9.6,16.));
#1046=B_SPLINE_CURVE_WITH_KNOTS('',1,(#1044,#1045),.UNSPECIFIED.,.F.,.F.,(2,2),(0.01042,0.01292),.UNSPECIFIED.);
#1047=EDGE_CURVE('',#1043,#1015,#1046,.T.);
#1048=ORIENTED_EDGE('',*,*,#1047,.T.);
#1049=ORIENTED_EDGE('',*,*,#1032,.F.);
#1050=CARTESIAN_POINT('',(-10.70231978,-15.1,16.));
#1051=VERTEX_POINT('',#1050);
#1052=CARTESIAN_POINT('',(-10.70231978,-15.1,16.));
#1053=CARTESIAN_POINT('',(-19.70231978,-15.1,16.));
#1054=B_SPLINE_CURVE_WITH_KNOTS('',1,(#1052,#1053),.UNSPECIFIED.,.F.,.F.,(2,2),(-0.0065,0.0025),.UNSPECIFIED.);
#1055=EDGE_CURVE('',#1051,#1023,#1054,.T.);
#1056=ORIENTED_EDGE('',*,*,#1055,.F.);
#1057=CARTESIAN_POINT('',(-10.70231978,-12.6,16.));
#1058=VERTEX_POINT('',#1057);
#1059=CARTESIAN_POINT('',(-10.70231978,-12.6,16.));
#1060=CARTESIAN_POINT('',(-10.70231978,-15.1,16.));
#1061=B_SPLINE_CURVE_WITH_KNOTS('',1,(#1059,#1060),.UNSPECIFIED.,.F.,.F.,(2,2),(0.,0.0025),.UNSPECIFIED.);
#1062=EDGE_CURVE('',#1058,#1051,#1061,.T.);
#1063=ORIENTED_EDGE('',*,*,#1062,.F.);
#1064=CARTESIAN_POINT('',(-6.235879041,-12.6,16.));
#1065=VERTEX_POINT('',#1064);
#1066=CARTESIAN_POINT('',(-10.70231978,-12.6,16.));
#1067=CARTESIAN_POINT('',(-6.235879041,-12.6,16.));
#1068=B_SPLINE_CURVE_WITH_KNOTS('',1,(#1066,#1067),.UNSPECIFIED.,.F.,.F.,(2,2),(-0.004,0.000466441),.UNSPECIFIED.);
#1069=EDGE_CURVE('',#1058,#1065,#1068,.T.);
#1070=ORIENTED_EDGE('',*,*,#1069,.T.);
#1071=CARTESIAN_POINT('',(-3.014767963,-7.5,16.));
#1072=VERTEX_POINT('',#1071);
#1073=CARTESIAN_POINT('',(-3.014767963,-7.5,16.));
#1074=CARTESIAN_POINT('',(-5.086774808,-9.758551782,16.));
#1075=CARTESIAN_POINT('',(-6.235879041,-12.6,16.));
#1076=(BOUNDED_CURVE()
B_SPLINE_CURVE(2,(#1073,#1074,#1075),.UNSPECIFIED.,.F.,.F.)
B_SPLINE_CURVE_WITH_KNOTS((3,3),(3.970040617,4.328088437),.UNSPECIFIED.)
CURVE()
GEOMETRIC_REPRESENTATION_ITEM()
RATIONAL_B_SPLINE_CURVE((1.,0.984017973,1.))
REPRESENTATION_ITEM(''));
#1077=EDGE_CURVE('',#1072,#1065,#1076,.T.);
#1078=ORIENTED_EDGE('',*,*,#1077,.F.);
#1079=CARTESIAN_POINT('',(-6.70231978,-7.5,16.));
#1080=VERTEX_POINT('',#1079);
#1081=CARTESIAN_POINT('',(-3.014767963,-7.5,16.));
#1082=CARTESIAN_POINT('',(-6.70231978,-7.5,16.));
#1083=B_SPLINE_CURVE_WITH_KNOTS('',1,(#1081,#1082),.UNSPECIFIED.,.F.,.F.,(2,2),(0.078387739,0.082075291),.UNSPECIFIED.);
#1084=EDGE_CURVE('',#1072,#1080,#1083,.T.);
#1085=ORIENTED_EDGE('',*,*,#1084,.T.);
#1086=CARTESIAN_POINT('',(-6.70231978,-9.6,16.));
#1087=VERTEX_POINT('',#1086);
#1088=CARTESIAN_POINT('',(-6.70231978,-7.5,16.));
#1089=CARTESIAN_POINT('',(-6.70231978,-9.6,16.));
#1090=B_SPLINE_CURVE_WITH_KNOTS('',1,(#1088,#1089),.UNSPECIFIED.,.F.,.F.,(2,2),(0.010141576,0.012241576),.UNSPECIFIED.);
#1091=EDGE_CURVE('',#1080,#1087,#1090,.T.);
#1092=ORIENTED_EDGE('',*,*,#1091,.T.);
#1093=CARTESIAN_POINT('',(-13.20231978,-9.6,16.));
#1094=VERTEX_POINT('',#1093);
#1095=CARTESIAN_POINT('',(-6.70231978,-9.6,16.));
#1096=CARTESIAN_POINT('',(-13.20231978,-9.6,16.));
#1097=B_SPLINE_CURVE_WITH_KNOTS('',1,(#1095,#1096),.UNSPECIFIED.,.F.,.F.,(2,2),(-0.00008,0.00642),.UNSPECIFIED.);
#1098=EDGE_CURVE('',#1087,#1094,#1097,.T.);
#1099=ORIENTED_EDGE('',*,*,#1098,.T.);
#1100=CARTESIAN_POINT('',(-13.20231978,-12.6,16.));
#1101=VERTEX_POINT('',#1100);
#1102=CARTESIAN_POINT('',(-13.20231978,-12.6,16.));
#1103=CARTESIAN_POINT('',(-13.20231978,-9.6,16.));
#1104=B_SPLINE_CURVE_WITH_KNOTS('',1,(#1102,#1103),.UNSPECIFIED.,.F.,.F.,(2,2),(0.,0.003),.UNSPECIFIED.);
#1105=EDGE_CURVE('',#1101,#1094,#1104,.T.);
#1106=ORIENTED_EDGE('',*,*,#1105,.F.);
#1107=CARTESIAN_POINT('',(-17.20231978,-12.6,16.));
#1108=VERTEX_POINT('',#1107);
#1109=CARTESIAN_POINT('',(-17.20231978,-12.6,16.));
#1110=CARTESIAN_POINT('',(-13.20231978,-12.6,16.));
#1111=B_SPLINE_CURVE_WITH_KNOTS('',1,(#1109,#1110),.UNSPECIFIED.,.F.,.F.,(2,2),(0.0025,0.0065),.UNSPECIFIED.);
#1112=EDGE_CURVE('',#1108,#1101,#1111,.T.);
#1113=ORIENTED_EDGE('',*,*,#1112,.F.);
#1114=CARTESIAN_POINT('',(-17.20231978,-9.6,16.));
#1115=CARTESIAN_POINT('',(-17.20231978,-12.6,16.));
#1116=B_SPLINE_CURVE_WITH_KNOTS('',1,(#1114,#1115),.UNSPECIFIED.,.F.,.F.,(2,2),(-0.0005,0.0025),.UNSPECIFIED.);
#1117=EDGE_CURVE('',#1043,#1108,#1116,.T.);
#1118=ORIENTED_EDGE('',*,*,#1117,.F.);
#1119=EDGE_LOOP('',(#1048,#1049,#1056,#1063,#1070,#1078,#1085,#1092,#1099,#1106,#1113,#1118));
#1120=FACE_BOUND('',#1119,.T.);
#1121=ADVANCED_FACE('',(#1120),#1041,.F.);
#1122=CARTESIAN_POINT('',(-19.70231978,7.5,16.));
#1123=CARTESIAN_POINT('',(-3.014767963,7.5,16.));
#1124=CARTESIAN_POINT('',(-19.70231978,15.1,16.));
#1125=CARTESIAN_POINT('',(-3.014767963,15.1,16.));
#1126=B_SPLINE_SURFACE_WITH_KNOTS('',1,1,((#1122,#1123),(#1124,#1125)),.UNSPECIFIED.,.F.,.F.,.U.,(2,2),(2,2),(0.004858424,0.012458424),(-0.013,0.003687552),.UNSPECIFIED.);
#1127=CARTESIAN_POINT('',(-19.70231978,9.6,16.));
#1128=VERTEX_POINT('',#1127);
#1129=CARTESIAN_POINT('',(-19.70231978,15.1,16.));
#1130=VERTEX_POINT('',#1129);
#1131=CARTESIAN_POINT('',(-19.70231978,9.6,16.));
#1132=CARTESIAN_POINT('',(-19.70231978,15.1,16.));
#1133=B_SPLINE_CURVE_WITH_KNOTS('',1,(#1131,#1132),.UNSPECIFIED.,.F.,.F.,(2,2),(-0.003,0.0025),.UNSPECIFIED.);
#1134=EDGE_CURVE('',#1128,#1130,#1133,.T.);
#1135=ORIENTED_EDGE('',*,*,#1134,.F.);
#1136=CARTESIAN_POINT('',(-17.20231978,9.6,16.));
#1137=VERTEX_POINT('',#1136);
#1138=CARTESIAN_POINT('',(-17.20231978,9.6,16.));
#1139=CARTESIAN_POINT('',(-19.70231978,9.6,16.));
#1140=B_SPLINE_CURVE_WITH_KNOTS('',1,(#1138,#1139),.UNSPECIFIED.,.F.,.F.,(2,2),(0.01042,0.01292),.UNSPECIFIED.);
#1141=EDGE_CURVE('',#1137,#1128,#1140,.T.);
#1142=ORIENTED_EDGE('',*,*,#1141,.F.);
#1143=CARTESIAN_POINT('',(-17.20231978,12.6,16.));
#1144=VERTEX_POINT('',#1143);
#1145=CARTESIAN_POINT('',(-17.20231978,9.6,16.));
#1146=CARTESIAN_POINT('',(-17.20231978,12.6,16.));
#1147=B_SPLINE_CURVE_WITH_KNOTS('',1,(#1145,#1146),.UNSPECIFIED.,.F.,.F.,(2,2),(-0.0005,0.0025),.UNSPECIFIED.);
#1148=EDGE_CURVE('',#1137,#1144,#1147,.T.);
#1149=ORIENTED_EDGE('',*,*,#1148,.T.);
#1150=CARTESIAN_POINT('',(-13.20231978,12.6,16.));
#1151=VERTEX_POINT('',#1150);
#1152=CARTESIAN_POINT('',(-13.20231978,12.6,16.));
#1153=CARTESIAN_POINT('',(-17.20231978,12.6,16.));
#1154=B_SPLINE_CURVE_WITH_KNOTS('',1,(#1152,#1153),.UNSPECIFIED.,.F.,.F.,(2,2),(-0.004,0.),.UNSPECIFIED.);
#1155=EDGE_CURVE('',#1151,#1144,#1154,.T.);
#1156=ORIENTED_EDGE('',*,*,#1155,.F.);
#1157=CARTESIAN_POINT('',(-13.20231978,9.6,16.));
#1158=VERTEX_POINT('',#1157);
#1159=CARTESIAN_POINT('',(-13.20231978,12.6,16.));
#1160=CARTESIAN_POINT('',(-13.20231978,9.6,16.));
#1161=B_SPLINE_CURVE_WITH_KNOTS('',1,(#1159,#1160),.UNSPECIFIED.,.F.,.F.,(2,2),(0.,0.003),.UNSPECIFIED.);
#1162=EDGE_CURVE('',#1151,#1158,#1161,.T.);
#1163=ORIENTED_EDGE('',*,*,#1162,.T.);
#1164=CARTESIAN_POINT('',(-6.70231978,9.6,16.));
#1165=VERTEX_POINT('',#1164);
#1166=CARTESIAN_POINT('',(-6.70231978,9.6,16.));
#1167=CARTESIAN_POINT('',(-13.20231978,9.6,16.));
#1168=B_SPLINE_CURVE_WITH_KNOTS('',1,(#1166,#1167),.UNSPECIFIED.,.F.,.F.,(2,2),(-0.00008,0.00642),.UNSPECIFIED.);
#1169=EDGE_CURVE('',#1165,#1158,#1168,.T.);
#1170=ORIENTED_EDGE('',*,*,#1169,.F.);
#1171=CARTESIAN_POINT('',(-6.70231978,7.5,16.));
#1172=VERTEX_POINT('',#1171);
#1173=CARTESIAN_POINT('',(-6.70231978,9.6,16.));
#1174=CARTESIAN_POINT('',(-6.70231978,7.5,16.));
#1175=B_SPLINE_CURVE_WITH_KNOTS('',1,(#1173,#1174),.UNSPECIFIED.,.F.,.F.,(2,2),(-0.006958424,-0.004858424),.UNSPECIFIED.);
#1176=EDGE_CURVE('',#1165,#1172,#1175,.T.);
#1177=ORIENTED_EDGE('',*,*,#1176,.T.);
#1178=CARTESIAN_POINT('',(-3.014767963,7.5,16.));
#1179=VERTEX_POINT('',#1178);
#1180=CARTESIAN_POINT('',(-3.014767963,7.5,16.));
#1181=CARTESIAN_POINT('',(-6.70231978,7.5,16.));
#1182=B_SPLINE_CURVE_WITH_KNOTS('',1,(#1180,#1181),.UNSPECIFIED.,.F.,.F.,(2,2),(0.078387739,0.082075291),.UNSPECIFIED.);
#1183=EDGE_CURVE('',#1179,#1172,#1182,.T.);
#1184=ORIENTED_EDGE('',*,*,#1183,.F.);
#1185=CARTESIAN_POINT('',(-6.235879041,12.6,16.));
#1186=VERTEX_POINT('',#1185);
#1187=CARTESIAN_POINT('',(-3.014767963,7.5,16.));
#1188=CARTESIAN_POINT('',(-4.375325207,8.983049631,16.));
#1189=CARTESIAN_POINT('',(-5.476412911,10.722029647,16.));
#1190=CARTESIAN_POINT('',(-6.235879041,12.6,16.));
#1191=B_SPLINE_CURVE_WITH_KNOTS('',3,(#1187,#1188,#1189,#1190),.UNSPECIFIED.,.F.,.F.,(4,4),(0.798637642,0.84730365),.UNSPECIFIED.);
#1192=EDGE_CURVE('',#1179,#1186,#1191,.T.);
#1193=ORIENTED_EDGE('',*,*,#1192,.T.);
#1194=CARTESIAN_POINT('',(-10.70231978,12.6,16.));
#1195=VERTEX_POINT('',#1194);
#1196=CARTESIAN_POINT('',(-10.70231978,12.6,16.));
#1197=CARTESIAN_POINT('',(-6.235879041,12.6,16.));
#1198=B_SPLINE_CURVE_WITH_KNOTS('',1,(#1196,#1197),.UNSPECIFIED.,.F.,.F.,(2,2),(-0.004,0.000466441),.UNSPECIFIED.);
#1199=EDGE_CURVE('',#1195,#1186,#1198,.T.);
#1200=ORIENTED_EDGE('',*,*,#1199,.F.);
#1201=CARTESIAN_POINT('',(-10.70231978,15.1,16.));
#1202=VERTEX_POINT('',#1201);
#1203=CARTESIAN_POINT('',(-10.70231978,15.1,16.));
#1204=CARTESIAN_POINT('',(-10.70231978,12.6,16.));
#1205=B_SPLINE_CURVE_WITH_KNOTS('',1,(#1203,#1204),.UNSPECIFIED.,.F.,.F.,(2,2),(0.,0.0025),.UNSPECIFIED.);
#1206=EDGE_CURVE('',#1202,#1195,#1205,.T.);
#1207=ORIENTED_EDGE('',*,*,#1206,.F.);
#1208=CARTESIAN_POINT('',(-19.70231978,15.1,16.));
#1209=CARTESIAN_POINT('',(-10.70231978,15.1,16.));
#1210=B_SPLINE_CURVE_WITH_KNOTS('',1,(#1208,#1209),.UNSPECIFIED.,.F.,.F.,(2,2),(0.,0.009),.UNSPECIFIED.);
#1211=EDGE_CURVE('',#1130,#1202,#1210,.T.);
#1212=ORIENTED_EDGE('',*,*,#1211,.F.);
#1213=EDGE_LOOP('',(#1135,#1142,#1149,#1156,#1163,#1170,#1177,#1184,#1193,#1200,#1207,#1212));
#1214=FACE_BOUND('',#1213,.T.);
#1215=ADVANCED_FACE('',(#1214),#1126,.F.);
#1216=CARTESIAN_POINT('',(-6.236038183,12.600393534,13.350727248));
#1217=CARTESIAN_POINT('',(-6.237011361,12.600000002,13.382587444));
#1218=CARTESIAN_POINT('',(-6.237011361,12.600000002,13.414464929));
#1219=CARTESIAN_POINT('',(-5.08692299,9.758713305,13.350727248));
#1220=CARTESIAN_POINT('',(-5.087824948,9.758143653,13.382587444));
#1221=CARTESIAN_POINT('',(-5.087824948,9.758143653,13.414464929));
#1222=CARTESIAN_POINT('',(-3.014767963,7.5,13.350727248));
#1223=CARTESIAN_POINT('',(-3.015541494,7.499290359,13.382587444));
#1224=CARTESIAN_POINT('',(-3.015541494,7.499290359,13.414464929));
#1225=(BOUNDED_SURFACE()
B_SPLINE_SURFACE(2,2,((#1216,#1217,#1218),(#1219,#1220,#1221),(#1222,#1223,#1224)),.UNSPECIFIED.,.F.,.F.,.U.)
B_SPLINE_SURFACE_WITH_KNOTS((3,3),(3,3),(3.494444759,3.847549849),(6.246846956,6.283185307),.UNSPECIFIED.)
GEOMETRIC_REPRESENTATION_ITEM()
RATIONAL_B_SPLINE_SURFACE(((0.768079466,0.773109547,0.778383647),(0.796107454,0.801321087,0.806787645),(0.852183524,0.857764395,0.863616004)))
REPRESENTATION_ITEM('')
SURFACE()
);
#1226=CARTESIAN_POINT('',(-3.01619291,7.5,13.414464929));
#1227=VERTEX_POINT('',#1226);
#1228=CARTESIAN_POINT('',(-6.237011366,12.6,13.414464929));
#1229=VERTEX_POINT('',#1228);
#1230=CARTESIAN_POINT('',(-3.01619268,7.500000212,13.414464929));
#1231=CARTESIAN_POINT('',(-5.088011424,9.758604795,13.414464929));
#1232=CARTESIAN_POINT('',(-6.237011361,12.600000002,13.414464929));
#1233=(BOUNDED_CURVE()
B_SPLINE_CURVE(2,(#1230,#1231,#1232),.UNSPECIFIED.,.F.,.F.)
B_SPLINE_CURVE_WITH_KNOTS((3,3),(2.435694846,2.788740548),.UNSPECIFIED.)
CURVE()
GEOMETRIC_REPRESENTATION_ITEM()
RATIONAL_B_SPLINE_CURVE((0.863596889,0.806782867,0.778383647))
REPRESENTATION_ITEM(''));
#1234=EDGE_CURVE('',#1227,#1229,#1233,.T.);
#1235=ORIENTED_EDGE('',*,*,#1234,.F.);
#1236=CARTESIAN_POINT('',(-3.014767963,7.5,13.350727248));
#1237=VERTEX_POINT('',#1236);
#1238=CARTESIAN_POINT('',(-3.014767963,7.5,13.350727248));
#1239=CARTESIAN_POINT('',(-3.01666933,7.5,13.393251224));
#1240=CARTESIAN_POINT('',(-3.016666454,7.5,13.435742963));
#1241=CARTESIAN_POINT('',(-3.014767963,7.5,13.478202611));
#1242=B_SPLINE_CURVE_WITH_KNOTS('',3,(#1238,#1239,#1240,#1241),.UNSPECIFIED.,.F.,.F.,(4,4),(0.015734774,0.01586047),.UNSPECIFIED.);
#1243=EDGE_CURVE('',#1237,#1227,#1242,.T.);
#1244=ORIENTED_EDGE('',*,*,#1243,.F.);
#1245=CARTESIAN_POINT('',(-6.235879041,12.6,13.350727248));
#1246=VERTEX_POINT('',#1245);
#1247=CARTESIAN_POINT('',(-3.014768285,7.500000351,13.350727248));
#1248=CARTESIAN_POINT('',(-3.659992247,8.203314539,13.350727248));
#1249=CARTESIAN_POINT('',(-4.267077914,8.98505728,13.350727248));
#1250=CARTESIAN_POINT('',(-4.811872097,9.838791357,13.350727248));
#1251=CARTESIAN_POINT('',(-5.356666279,10.692525435,13.350727248));
#1252=CARTESIAN_POINT('',(-5.838867083,11.618288428,13.350727248));
#1253=CARTESIAN_POINT('',(-6.235879048,12.600000018,13.350727248));
#1254=B_SPLINE_CURVE_WITH_KNOTS('',3,(#1247,#1248,#1249,#1250,#1251,#1252,#1253),.UNSPECIFIED.,.F.,.F.,(4,3,4),(0.798637642,0.822970644,0.847303646),.UNSPECIFIED.);
#1255=EDGE_CURVE('',#1237,#1246,#1254,.T.);
#1256=ORIENTED_EDGE('',*,*,#1255,.T.);
#1257=CARTESIAN_POINT('',(-6.236988082,12.6,13.405325099));
#1258=VERTEX_POINT('',#1257);
#1259=CARTESIAN_POINT('',(-6.235879041,12.6,13.350727248));
#1260=CARTESIAN_POINT('',(-6.236525693,12.6,13.368922074));
#1261=CARTESIAN_POINT('',(-6.236895359,12.6,13.387121358));
#1262=CARTESIAN_POINT('',(-6.236988082,12.6,13.405325099));
#1263=B_SPLINE_CURVE_WITH_KNOTS('',3,(#1259,#1260,#1261,#1262),.UNSPECIFIED.,.F.,.F.,(4,4),(0.012552184,0.012606111),.UNSPECIFIED.);
#1264=EDGE_CURVE('',#1246,#1258,#1263,.T.);
#1265=ORIENTED_EDGE('',*,*,#1264,.T.);
#1266=CARTESIAN_POINT('',(-6.236988082,12.6,13.405325099));
#1267=CARTESIAN_POINT('',(-6.23711178,12.6,13.429609663));
#1268=CARTESIAN_POINT('',(-6.236742689,12.6,13.453902157));
#1269=CARTESIAN_POINT('',(-6.235879041,12.6,13.478202611));
#1270=B_SPLINE_CURVE_WITH_KNOTS('',3,(#1266,#1267,#1268,#1269),.UNSPECIFIED.,.F.,.F.,(4,4),(0.012606111,0.012678051),.UNSPECIFIED.);
#1271=EDGE_CURVE('',#1258,#1229,#1270,.T.);
#1272=ORIENTED_EDGE('',*,*,#1271,.T.);
#1273=EDGE_LOOP('',(#1235,#1244,#1256,#1265,#1272));
#1274=FACE_BOUND('',#1273,.T.);
#1275=ADVANCED_FACE('',(#1274),#1225,.F.);
#1276=CARTESIAN_POINT('',(-6.70231978,7.5,8.928571429));
#1277=CARTESIAN_POINT('',(-6.70231978,7.5,16.));
#1278=CARTESIAN_POINT('',(0.040104713,7.5,8.928571429));
#1279=CARTESIAN_POINT('',(0.040104713,7.5,16.));
#1280=B_SPLINE_SURFACE_WITH_KNOTS('',1,1,((#1276,#1277),(#1278,#1279)),.UNSPECIFIED.,.F.,.F.,.U.,(2,2),(2,2),(-0.082075291,-0.075332867),(0.,0.007071429),.UNSPECIFIED.);
#1281=ORIENTED_EDGE('',*,*,#1243,.T.);
#1282=CARTESIAN_POINT('',(-3.014767963,7.5,13.478202611));
#1283=VERTEX_POINT('',#1282);
#1284=CARTESIAN_POINT('',(-3.014767963,7.5,13.350727248));
#1285=CARTESIAN_POINT('',(-3.01666933,7.5,13.393251224));
#1286=CARTESIAN_POINT('',(-3.016666454,7.5,13.435742963));
#1287=CARTESIAN_POINT('',(-3.014767963,7.5,13.478202611));
#1288=B_SPLINE_CURVE_WITH_KNOTS('',3,(#1284,#1285,#1286,#1287),.UNSPECIFIED.,.F.,.F.,(4,4),(0.015734774,0.01586047),.UNSPECIFIED.);
#1289=EDGE_CURVE('',#1227,#1283,#1288,.T.);
#1290=ORIENTED_EDGE('',*,*,#1289,.T.);
#1291=CARTESIAN_POINT('',(-3.014767963,7.5,13.478202611));
#1292=CARTESIAN_POINT('',(-3.014767963,7.5,16.));
#1293=B_SPLINE_CURVE_WITH_KNOTS('',1,(#1291,#1292),.UNSPECIFIED.,.F.,.F.,(2,2),(0.000072878,0.002594675),.UNSPECIFIED.);
#1294=EDGE_CURVE('',#1283,#1179,#1293,.T.);
#1295=ORIENTED_EDGE('',*,*,#1294,.T.);
#1296=ORIENTED_EDGE('',*,*,#1183,.T.);
#1297=CARTESIAN_POINT('',(-6.70231978,7.5,8.928571429));
#1298=VERTEX_POINT('',#1297);
#1299=CARTESIAN_POINT('',(-6.70231978,7.5,16.));
#1300=CARTESIAN_POINT('',(-6.70231978,7.5,8.928571429));
#1301=B_SPLINE_CURVE_WITH_KNOTS('',1,(#1299,#1300),.UNSPECIFIED.,.F.,.F.,(2,2),(-0.018,-0.010928571),.UNSPECIFIED.);
#1302=EDGE_CURVE('',#1172,#1298,#1301,.T.);
#1303=ORIENTED_EDGE('',*,*,#1302,.T.);
#1304=CARTESIAN_POINT('',(0.040104713,7.5,8.928571429));
#1305=VERTEX_POINT('',#1304);
#1306=CARTESIAN_POINT('',(0.040104713,7.5,8.928571429));
#1307=CARTESIAN_POINT('',(-6.70231978,7.5,8.928571429));
#1308=B_SPLINE_CURVE_WITH_KNOTS('',1,(#1306,#1307),.UNSPECIFIED.,.F.,.F.,(2,2),(0.075332867,0.082075291),.UNSPECIFIED.);
#1309=EDGE_CURVE('',#1305,#1298,#1308,.T.);
#1310=ORIENTED_EDGE('',*,*,#1309,.F.);
#1311=CARTESIAN_POINT('',(-1.924518297,7.5,10.978571429));
#1312=VERTEX_POINT('',#1311);
#1313=CARTESIAN_POINT('',(-1.924518297,7.5,10.978571429));
#1314=CARTESIAN_POINT('',(-1.530683743,7.5,10.706425296));
#1315=CARTESIAN_POINT('',(-1.162591421,7.5,10.402579851));
#1316=CARTESIAN_POINT('',(-0.827836055,7.5,10.060368258));
#1317=CARTESIAN_POINT('',(-0.49308069,7.5,9.718156666));
#1318=CARTESIAN_POINT('',(-0.198139062,7.5,9.345232553));
#1319=CARTESIAN_POINT('',(0.040104713,7.5,8.928571429));
#1320=B_SPLINE_CURVE_WITH_KNOTS('',3,(#1313,#1314,#1315,#1316,#1317,#1318,#1319),.UNSPECIFIED.,.F.,.F.,(4,3,4),(0.,0.001430333,0.002860666),.UNSPECIFIED.);
#1321=EDGE_CURVE('',#1312,#1305,#1320,.T.);
#1322=ORIENTED_EDGE('',*,*,#1321,.F.);
#1323=CARTESIAN_POINT('',(-3.014767963,7.5,13.350727248));
#1324=CARTESIAN_POINT('',(-3.004620607,7.5,13.123783293));
#1325=CARTESIAN_POINT('',(-2.983947877,7.5,12.898020442));
#1326=CARTESIAN_POINT('',(-2.944525425,7.5,12.674361592));
#1327=CARTESIAN_POINT('',(-2.905102973,7.5,12.450702742));
#1328=CARTESIAN_POINT('',(-2.847077836,7.5,12.231863161));
#1329=CARTESIAN_POINT('',(-2.762337502,7.5,12.023990439));
#1330=CARTESIAN_POINT('',(-2.719967336,7.5,11.920054078));
#1331=CARTESIAN_POINT('',(-2.670858675,7.5,11.818639295));
#1332=CARTESIAN_POINT('',(-2.613827693,7.5,11.720189085));
#1333=CARTESIAN_POINT('',(-2.55679671,7.5,11.621738875));
#1334=CARTESIAN_POINT('',(-2.4922851,7.5,11.52731495));
#1335=CARTESIAN_POINT('',(-2.421790688,7.5,11.43927602));
#1336=CARTESIAN_POINT('',(-2.351296275,7.5,11.351237089));
#1337=CARTESIAN_POINT('',(-2.274424432,7.5,11.268843118));
#1338=CARTESIAN_POINT('',(-2.191322953,7.5,11.191963287));
#1339=CARTESIAN_POINT('',(-2.108221474,7.5,11.115083456));
#1340=CARTESIAN_POINT('',(-2.018537283,7.5,11.043540089));
#1341=CARTESIAN_POINT('',(-1.924518297,7.5,10.978571429));
#1342=B_SPLINE_CURVE_WITH_KNOTS('',3,(#1323,#1324,#1325,#1326,#1327,#1328,#1329,#1330,#1331,#1332,#1333,#1334,#1335,#1336,#1337,#1338,#1339,#1340,#1341),.UNSPECIFIED.,.F.,.F.,(4,3,3,3,3,3,4),(0.,0.00067998,0.00135996,0.00169995,0.00203994,0.00237993,0.00271992),.UNSPECIFIED.);
#1343=EDGE_CURVE('',#1237,#1312,#1342,.T.);
#1344=ORIENTED_EDGE('',*,*,#1343,.F.);
#1345=EDGE_LOOP('',(#1281,#1290,#1295,#1296,#1303,#1310,#1322,#1344));
#1346=FACE_BOUND('',#1345,.T.);
#1347=ADVANCED_FACE('',(#1346),#1280,.T.);
#1348=CARTESIAN_POINT('',(-5.506343182,-12.895030063,10.978571429));
#1349=CARTESIAN_POINT('',(-5.290735331,-12.361758233,10.978571429));
#1350=CARTESIAN_POINT('',(-5.049016036,-11.845365188,10.978571429));
#1351=CARTESIAN_POINT('',(-4.784620025,-11.349622667,10.978571429));
#1352=CARTESIAN_POINT('',(-4.188511999,-10.231920118,10.978571429));
#1353=CARTESIAN_POINT('',(-3.478193747,-9.219311112,10.978571429));
#1354=CARTESIAN_POINT('',(-2.702324865,-8.330294685,10.978571429));
#1355=CARTESIAN_POINT('',(-2.449415539,-8.040502749,10.978571429));
#1356=CARTESIAN_POINT('',(-2.189618984,-7.76379397,10.978571429));
#1357=CARTESIAN_POINT('',(-1.924463608,-7.500054978,10.978571429));
#1358=CARTESIAN_POINT('',(-5.585703351,-12.86293618,11.062447866));
#1359=CARTESIAN_POINT('',(-5.368952688,-12.326837785,11.062447866));
#1360=CARTESIAN_POINT('',(-5.125952179,-11.807707641,11.062447866));
#1361=CARTESIAN_POINT('',(-4.860154758,-11.309337476,11.062447866));
#1362=CARTESIAN_POINT('',(-4.260887109,-10.185710634,11.062447866));
#1363=CARTESIAN_POINT('',(-3.546803872,-9.167734375,11.062447866));
#1364=CARTESIAN_POINT('',(-2.76682256,-8.274005788,11.062447866));
#1365=CARTESIAN_POINT('',(-2.512572708,-7.982677833,11.062447866));
#1366=CARTESIAN_POINT('',(-2.251399122,-7.704502381,11.062447866));
#1367=CARTESIAN_POINT('',(-1.984838311,-7.439365462,11.062447866));
#1368=CARTESIAN_POINT('',(-5.65267486,-12.83585237,11.148171797));
#1369=CARTESIAN_POINT('',(-5.434959785,-12.297368656,11.148171797));
#1370=CARTESIAN_POINT('',(-5.190878069,-11.775928692,11.148171797));
#1371=CARTESIAN_POINT('',(-4.923898007,-11.275341076,11.148171797));
#1372=CARTESIAN_POINT('',(-4.321963974,-10.146714764,11.148171797));
#1373=CARTESIAN_POINT('',(-3.604703492,-9.124209117,11.148171797));
#1374=CARTESIAN_POINT('',(-2.821251727,-8.22650397,11.148171797));
#1375=CARTESIAN_POINT('',(-2.565870614,-7.933879778,11.148171797));
#1376=CARTESIAN_POINT('',(-2.303534962,-7.654466612,11.148171797));
#1377=CARTESIAN_POINT('',(-2.035788114,-7.388149991,11.148171797));
#1378=CARTESIAN_POINT('',(-5.709960714,-12.812685515,11.232336281));
#1379=CARTESIAN_POINT('',(-5.491420705,-12.272161456,11.232336281));
#1380=CARTESIAN_POINT('',(-5.246414149,-11.748745726,11.232336281));
#1381=CARTESIAN_POINT('',(-4.978422485,-11.246261355,11.232336281));
#1382=CARTESIAN_POINT('',(-4.374207689,-10.113358613,11.232336281));
#1383=CARTESIAN_POINT('',(-3.654229465,-9.086978634,11.232336281));
#1384=CARTESIAN_POINT('',(-2.867809157,-8.18587203,11.232336281));
#1385=CARTESIAN_POINT('',(-2.611460391,-7.892139069,11.232336281));
#1386=CARTESIAN_POINT('',(-2.348130733,-7.61166719,11.232336281));
#1387=CARTESIAN_POINT('',(-2.079369378,-7.344341481,11.232336281));
#1388=CARTESIAN_POINT('',(-5.767246569,-12.789518661,11.316500764));
#1389=CARTESIAN_POINT('',(-5.547881624,-12.246954256,11.316500764));
#1390=CARTESIAN_POINT('',(-5.301950229,-11.72156276,11.316500764));
#1391=CARTESIAN_POINT('',(-5.032946962,-11.217181634,11.316500764));
#1392=CARTESIAN_POINT('',(-4.426451404,-10.080002463,11.316500764));
#1393=CARTESIAN_POINT('',(-3.703755439,-9.049748151,11.316500764));
#1394=CARTESIAN_POINT('',(-2.914366588,-8.145240091,11.316500764));
#1395=CARTESIAN_POINT('',(-2.657050168,-7.85039836,11.316500764));
#1396=CARTESIAN_POINT('',(-2.392726505,-7.568867769,11.316500764));
#1397=CARTESIAN_POINT('',(-2.122950642,-7.30053297,11.316500764));
#1398=CARTESIAN_POINT('',(-5.814950124,-12.770226964,11.399192523));
#1399=CARTESIAN_POINT('',(-5.594898233,-12.225963505,11.399192523));
#1400=CARTESIAN_POINT('',(-5.348196698,-11.698926733,11.399192523));
#1401=CARTESIAN_POINT('',(-5.07835104,-11.192966125,11.399192523));
#1402=CARTESIAN_POINT('',(-4.469956227,-10.05222585,11.399192523));
#1403=CARTESIAN_POINT('',(-3.744997122,-9.018745272,11.399192523));
#1404=CARTESIAN_POINT('',(-2.95313628,-8.111404723,11.399192523));
#1405=CARTESIAN_POINT('',(-2.695014068,-7.815639688,11.399192523));
#1406=CARTESIAN_POINT('',(-2.429862669,-7.533227477,11.399192523));
#1407=CARTESIAN_POINT('',(-2.159241996,-7.264052381,11.399192523));
#1408=CARTESIAN_POINT('',(-5.855896285,-12.753668011,11.479343538));
#1409=CARTESIAN_POINT('',(-5.635254756,-12.207946176,11.479343538));
#1410=CARTESIAN_POINT('',(-5.387892174,-11.679497188,11.479343538));
#1411=CARTESIAN_POINT('',(-5.117323454,-11.172180838,11.479343538));
#1412=CARTESIAN_POINT('',(-4.507298422,-10.028383903,11.479343538));
#1413=CARTESIAN_POINT('',(-3.78039676,-8.992134071,11.479343538));
#1414=CARTESIAN_POINT('',(-2.986414095,-8.082362267,11.479343538));
#1415=CARTESIAN_POINT('',(-2.727600233,-7.785804717,11.479343538));
#1416=CARTESIAN_POINT('',(-2.461738351,-7.502635771,11.479343538));
#1417=CARTESIAN_POINT('',(-2.190392539,-7.23273941,11.479343538));
#1418=CARTESIAN_POINT('',(-5.937788607,-12.720550105,11.639645567));
#1419=CARTESIAN_POINT('',(-5.715967802,-12.171911519,11.639645567));
#1420=CARTESIAN_POINT('',(-5.467283126,-11.640638097,11.639645567));
#1421=CARTESIAN_POINT('',(-5.195268282,-11.130610263,11.639645567));
#1422=CARTESIAN_POINT('',(-4.581982812,-9.980700008,11.639645567));
#1423=CARTESIAN_POINT('',(-3.851196036,-8.93891167,11.639645567));
#1424=CARTESIAN_POINT('',(-3.052969724,-8.024277354,11.639645567));
#1425=CARTESIAN_POINT('',(-2.792772564,-7.726134776,11.639645567));
#1426=CARTESIAN_POINT('',(-2.525489714,-7.44145236,11.639645567));
#1427=CARTESIAN_POINT('',(-2.252693624,-7.170113467,11.639645567));
#1428=CARTESIAN_POINT('',(-5.993427488,-12.698049299,11.789695668));
#1429=CARTESIAN_POINT('',(-5.770805465,-12.147429027,11.789695668));
#1430=CARTESIAN_POINT('',(-5.521222539,-11.614236643,11.789695668));
#1431=CARTESIAN_POINT('',(-5.248225176,-11.102366587,11.789695668));
#1432=CARTESIAN_POINT('',(-4.632724516,-9.948302849,11.789695668));
#1433=CARTESIAN_POINT('',(-3.899298134,-8.902751567,11.789695668));
#1434=CARTESIAN_POINT('',(-3.098188624,-7.984813587,11.789695668));
#1435=CARTESIAN_POINT('',(-2.837051631,-7.685594116,11.789695668));
#1436=CARTESIAN_POINT('',(-2.568803354,-7.399883425,11.789695668));
#1437=CARTESIAN_POINT('',(-2.295021923,-7.127564455,11.789695668));
#1438=CARTESIAN_POINT('',(-6.03689661,-12.680470041,11.931311707));
#1439=CARTESIAN_POINT('',(-5.813648618,-12.128301533,11.931311707));
#1440=CARTESIAN_POINT('',(-5.563363914,-11.593609916,11.931311707));
#1441=CARTESIAN_POINT('',(-5.289598935,-11.080300582,11.931311707));
#1442=CARTESIAN_POINT('',(-4.672367608,-9.922991844,11.931311707));
#1443=CARTESIAN_POINT('',(-3.936878975,-8.874500676,11.931311707));
#1444=CARTESIAN_POINT('',(-3.133516903,-7.953981634,11.931311707));
#1445=CARTESIAN_POINT('',(-2.871645644,-7.653920817,11.931311707));
#1446=CARTESIAN_POINT('',(-2.602643105,-7.367406764,11.931311707));
#1447=CARTESIAN_POINT('',(-2.328091854,-7.094322087,11.931311707));
#1448=CARTESIAN_POINT('',(-6.080365733,-12.662890783,12.072927745));
#1449=CARTESIAN_POINT('',(-5.856491771,-12.109174038,12.072927745));
#1450=CARTESIAN_POINT('',(-5.605505288,-11.57298319,12.072927745));
#1451=CARTESIAN_POINT('',(-5.330972695,-11.058234576,12.072927745));
#1452=CARTESIAN_POINT('',(-4.712010701,-9.897680838,12.072927745));
#1453=CARTESIAN_POINT('',(-3.974459816,-8.846249785,12.072927745));
#1454=CARTESIAN_POINT('',(-3.168845181,-7.923149682,12.072927745));
#1455=CARTESIAN_POINT('',(-2.906239656,-7.622247518,12.072927745));
#1456=CARTESIAN_POINT('',(-2.636482856,-7.334930103,12.072927745));
#1457=CARTESIAN_POINT('',(-2.361161786,-7.061079718,12.072927745));
#1458=CARTESIAN_POINT('',(-6.111249347,-12.650401203,12.206555115));
#1459=CARTESIAN_POINT('',(-5.886930651,-12.09558448,12.206555115));
#1460=CARTESIAN_POINT('',(-5.635445575,-11.558328468,12.206555115));
#1461=CARTESIAN_POINT('',(-5.360367612,-11.042557287,12.206555115));
#1462=CARTESIAN_POINT('',(-4.740176026,-9.879698065,12.206555115));
#1463=CARTESIAN_POINT('',(-4.00115997,-8.826178305,12.206555115));
#1464=CARTESIAN_POINT('',(-3.193944951,-7.901244429,12.206555115));
#1465=CARTESIAN_POINT('',(-2.93081775,-7.599744512,12.206555115));
#1466=CARTESIAN_POINT('',(-2.660525068,-7.311856329,12.206555115));
#1467=CARTESIAN_POINT('',(-2.384657061,-7.03746193,12.206555115));
#1468=CARTESIAN_POINT('',(-6.135592133,-12.640556788,12.334833583));
#1469=CARTESIAN_POINT('',(-5.910922893,-12.084873049,12.334833583));
#1470=CARTESIAN_POINT('',(-5.659044819,-11.546777464,12.334833583));
#1471=CARTESIAN_POINT('',(-5.38353699,-11.030200285,12.334833583));
#1472=CARTESIAN_POINT('',(-4.762376228,-9.865523857,12.334833583));
#1473=CARTESIAN_POINT('',(-4.022205307,-8.810357756,12.334833583));
#1474=CARTESIAN_POINT('',(-3.213728849,-7.883978481,12.334833583));
#1475=CARTESIAN_POINT('',(-2.950190459,-7.582007408,12.334833583));
#1476=CARTESIAN_POINT('',(-2.679475388,-7.293669341,12.334833583));
#1477=CARTESIAN_POINT('',(-2.403176282,-7.018846145,12.334833583));
#1478=CARTESIAN_POINT('',(-6.159934918,-12.630712372,12.463112052));
#1479=CARTESIAN_POINT('',(-5.934915134,-12.074161618,12.463112052));
#1480=CARTESIAN_POINT('',(-5.682644063,-11.535226461,12.463112052));
#1481=CARTESIAN_POINT('',(-5.406706369,-11.017843283,12.463112052));
#1482=CARTESIAN_POINT('',(-4.78457643,-9.851349649,12.463112052));
#1483=CARTESIAN_POINT('',(-4.043250645,-8.794537207,12.463112052));
#1484=CARTESIAN_POINT('',(-3.233512748,-7.866712533,12.463112052));
#1485=CARTESIAN_POINT('',(-2.969563167,-7.564270305,12.463112052));
#1486=CARTESIAN_POINT('',(-2.698425709,-7.275482354,12.463112052));
#1487=CARTESIAN_POINT('',(-2.421695502,-7.00023036,12.463112052));
#1488=CARTESIAN_POINT('',(-6.177527557,-12.623597769,12.586041889));
#1489=CARTESIAN_POINT('',(-5.952254434,-12.066420419,12.586041889));
#1490=CARTESIAN_POINT('',(-5.699699342,-11.526878499,12.586041889));
#1491=CARTESIAN_POINT('',(-5.423450982,-11.008912823,12.586041889));
#1492=CARTESIAN_POINT('',(-4.800620615,-9.841105885,12.586041889));
#1493=CARTESIAN_POINT('',(-4.058460204,-8.783103626,12.586041889));
#1494=CARTESIAN_POINT('',(-3.24781066,-7.854234356,12.586041889));
#1495=CARTESIAN_POINT('',(-2.98356391,-7.551451621,12.586041889));
#1496=CARTESIAN_POINT('',(-2.71212119,-7.262338537,12.586041889));
#1497=CARTESIAN_POINT('',(-2.435079425,-6.986776649,12.586041889));
#1498=CARTESIAN_POINT('',(-6.191137656,-12.618093736,12.704529123));
#1499=CARTESIAN_POINT('',(-5.965668543,-12.060431637,12.704529123));
#1500=CARTESIAN_POINT('',(-5.712893726,-11.52042031,12.704529123));
#1501=CARTESIAN_POINT('',(-5.436405027,-11.002003999,12.704529123));
#1502=CARTESIAN_POINT('',(-4.813032792,-9.833181058,12.704529123));
#1503=CARTESIAN_POINT('',(-4.070226694,-8.774258326,12.704529123));
#1504=CARTESIAN_POINT('',(-3.258871876,-7.84458093,12.704529123));
#1505=CARTESIAN_POINT('',(-2.994395229,-7.541534772,12.704529123));
#1506=CARTESIAN_POINT('',(-2.722716352,-7.252170156,12.704529123));
#1507=CARTESIAN_POINT('',(-2.445433557,-6.976368527,12.704529123));
#1508=CARTESIAN_POINT('',(-6.218055527,-12.607207936,12.938871582));
#1509=CARTESIAN_POINT('',(-5.992198788,-12.048587105,12.938871582));
#1510=CARTESIAN_POINT('',(-5.738989401,-11.507647391,12.938871582));
#1511=CARTESIAN_POINT('',(-5.462025363,-10.98833982,12.938871582));
#1512=CARTESIAN_POINT('',(-4.837581427,-9.817507441,12.938871582));
#1513=CARTESIAN_POINT('',(-4.093498299,-8.756764211,12.938871582));
#1514=CARTESIAN_POINT('',(-3.280748601,-7.825488516,12.938871582));
#1515=CARTESIAN_POINT('',(-3.015817266,-7.521921361,12.938871582));
#1516=CARTESIAN_POINT('',(-2.743671319,-7.23205927,12.938871582));
#1517=CARTESIAN_POINT('',(-2.465911821,-6.955783483,12.938871582));
#1518=CARTESIAN_POINT('',(-6.229598443,-12.602539889,13.156612569));
#1519=CARTESIAN_POINT('',(-6.003575482,-12.043507935,13.156612569));
#1520=CARTESIAN_POINT('',(-5.750179742,-11.502170111,13.156612569));
#1521=CARTESIAN_POINT('',(-5.47301187,-10.98248035,13.156612569));
#1522=CARTESIAN_POINT('',(-4.848108368,-9.810786283,13.156612569));
#1523=CARTESIAN_POINT('',(-4.103477623,-8.749262388,13.156612569));
#1524=CARTESIAN_POINT('',(-3.290129774,-7.817301311,13.156612569));
#1525=CARTESIAN_POINT('',(-3.02500346,-7.513510742,13.156612569));
#1526=CARTESIAN_POINT('',(-2.752657224,-7.223435324,13.156612569));
#1527=CARTESIAN_POINT('',(-2.474693305,-6.946956209,13.156612569));
#1528=CARTESIAN_POINT('',(-6.23551665,-12.600146519,13.350740102));
#1529=CARTESIAN_POINT('',(-6.009408465,-12.040903777,13.350740102));
#1530=CARTESIAN_POINT('',(-5.755917181,-11.499361836,13.350740102));
#1531=CARTESIAN_POINT('',(-5.478644799,-10.979476121,13.350740102));
#1532=CARTESIAN_POINT('',(-4.853505672,-9.807340256,13.350740102));
#1533=CARTESIAN_POINT('',(-4.108594157,-8.745416103,13.350740102));
#1534=CARTESIAN_POINT('',(-3.294939627,-7.813103621,13.350740102));
#1535=CARTESIAN_POINT('',(-3.029713344,-7.509198505,13.350740102));
#1536=CARTESIAN_POINT('',(-2.757264418,-7.219013711,13.350740102));
#1537=CARTESIAN_POINT('',(-2.47919569,-6.942430347,13.350740102));
#1538=B_SPLINE_SURFACE_WITH_KNOTS('',3,3,((#1348,#1349,#1350,#1351,#1352,#1353,#1354,#1355,#1356,#1357),(#1358,#1359,#1360,#1361,#1362,#1363,#1364,#1365,#1366,#1367),(#1368,#1369,#1370,#1371,#1372,#1373,#1374,#1375,#1376,#1377),(#1378,#1379,#1380,#1381,#1382,#1383,#1384,#1385,#1386,#1387),(#1388,#1389,#1390,#1391,#1392,#1393,#1394,#1395,#1396,#1397),(#1398,#1399,#1400,#1401,#1402,#1403,#1404,#1405,#1406,#1407),(#1408,#1409,#1410,#1411,#1412,#1413,#1414,#1415,#1416,#1417),(#1418,#1419,#1420,#1421,#1422,#1423,#1424,#1425,#1426,#1427),(#1428,#1429,#1430,#1431,#1432,#1433,#1434,#1435,#1436,#1437),(#1438,#1439,#1440,#1441,#1442,#1443,#1444,#1445,#1446,#1447),(#1448,#1449,#1450,#1451,#1452,#1453,#1454,#1455,#1456,#1457),(#1458,#1459,#1460,#1461,#1462,#1463,#1464,#1465,#1466,#1467),(#1468,#1469,#1470,#1471,#1472,#1473,#1474,#1475,#1476,#1477),(#1478,#1479,#1480,#1481,#1482,#1483,#1484,#1485,#1486,#1487),(#1488,#1489,#1490,#1491,#1492,#1493,#1494,#1495,#1496,#1497),(#1498,#1499,#1500,#1501,#1502,#1503,#1504,#1505,#1506,#1507),(#1508,#1509,#1510,#1511,#1512,#1513,#1514,#1515,#1516,#1517),(#1518,#1519,#1520,#1521,#1522,#1523,#1524,#1525,#1526,#1527),(#1528,#1529,#1530,#1531,#1532,#1533,#1534,#1535,#1536,#1537)),.UNSPECIFIED.,.F.,.F.,.U.,(4,3,3,3,3,3,4),(4,3,3,4),(0.,0.0625,0.125,0.25,0.375,0.5,0.74722332),(0.798639466,0.8125,0.84375,0.853936536),.UNSPECIFIED.);
#1539=CARTESIAN_POINT('',(-5.384026998,-12.6,10.978571429));
#1540=VERTEX_POINT('',#1539);
#1541=CARTESIAN_POINT('',(-1.924518297,-7.5,10.978571429));
#1542=VERTEX_POINT('',#1541);
#1543=CARTESIAN_POINT('',(-5.384026998,-12.6,10.978571429));
#1544=CARTESIAN_POINT('',(-4.955587267,-11.598050543,10.978571429));
#1545=CARTESIAN_POINT('',(-4.434220284,-10.66130014,10.978571429));
#1546=CARTESIAN_POINT('',(-3.847933467,-9.807503284,10.978571429));
#1547=CARTESIAN_POINT('',(-3.261646651,-8.953706428,10.978571429));
#1548=CARTESIAN_POINT('',(-2.610848836,-8.182770402,10.978571429));
#1549=CARTESIAN_POINT('',(-1.924518661,-7.500000362,10.978571429));
#1550=B_SPLINE_CURVE_WITH_KNOTS('',3,(#1543,#1544,#1545,#1546,#1547,#1548,#1549),.UNSPECIFIED.,.F.,.F.,(4,3,4),(0.801208164,0.827571285,0.853934407),.UNSPECIFIED.);
#1551=EDGE_CURVE('',#1540,#1542,#1550,.T.);
#1552=ORIENTED_EDGE('',*,*,#1551,.T.);
#1553=CARTESIAN_POINT('',(-3.014767963,-7.5,13.350727248));
#1554=VERTEX_POINT('',#1553);
#1555=CARTESIAN_POINT('',(-1.924518297,-7.5,10.978571429));
#1556=CARTESIAN_POINT('',(-2.112473889,-7.5,11.108451824));
#1557=CARTESIAN_POINT('',(-2.278668881,-7.5,11.260808296));
#1558=CARTESIAN_POINT('',(-2.420791308,-7.5,11.438028824));
#1559=CARTESIAN_POINT('',(-2.491852521,-7.5,11.526639088));
#1560=CARTESIAN_POINT('',(-2.556563187,-7.5,11.621443371));
#1561=CARTESIAN_POINT('',(-2.613257235,-7.5,11.71920485));
#1562=CARTESIAN_POINT('',(-2.669951282,-7.5,11.81696633));
#1563=CARTESIAN_POINT('',(-2.719266281,-7.5,11.918432654));
#1564=CARTESIAN_POINT('',(-2.762013666,-7.5,12.023196421));
#1565=CARTESIAN_POINT('',(-2.804761051,-7.5,12.127960188));
#1566=CARTESIAN_POINT('',(-2.841070462,-7.5,12.236624462));
#1567=CARTESIAN_POINT('',(-2.871187268,-7.5,12.345980797));
#1568=CARTESIAN_POINT('',(-2.901304073,-7.5,12.455337132));
#1569=CARTESIAN_POINT('',(-2.925432571,-7.5,12.565658368));
#1570=CARTESIAN_POINT('',(-2.944941105,-7.5,12.676724023));
#1571=CARTESIAN_POINT('',(-2.983958171,-7.5,12.898855332));
#1572=CARTESIAN_POINT('',(-3.004627794,-7.5,13.12394298));
#1573=CARTESIAN_POINT('',(-3.014767963,-7.5,13.350727248));
#1574=B_SPLINE_CURVE_WITH_KNOTS('',3,(#1555,#1556,#1557,#1558,#1559,#1560,#1561,#1562,#1563,#1564,#1565,#1566,#1567,#1568,#1569,#1570,#1571,#1572,#1573),.UNSPECIFIED.,.F.,.F.,(4,3,3,3,3,3,4),(0.,0.000676136,0.001014204,0.001352272,0.00169034,0.002028408,0.002704544),.UNSPECIFIED.);
#1575=EDGE_CURVE('',#1542,#1554,#1574,.T.);
#1576=ORIENTED_EDGE('',*,*,#1575,.T.);
#1577=CARTESIAN_POINT('',(-6.235879041,-12.6,13.350727248));
#1578=VERTEX_POINT('',#1577);
#1579=CARTESIAN_POINT('',(-3.014767963,-7.5,13.350727248));
#1580=CARTESIAN_POINT('',(-5.086774808,-9.758551782,13.350727248));
#1581=CARTESIAN_POINT('',(-6.235879041,-12.6,13.350727248));
#1582=(BOUNDED_CURVE()
B_SPLINE_CURVE(2,(#1579,#1580,#1581),.UNSPECIFIED.,.F.,.F.)
B_SPLINE_CURVE_WITH_KNOTS((3,3),(3.970040617,4.328088437),.UNSPECIFIED.)
CURVE()
GEOMETRIC_REPRESENTATION_ITEM()
RATIONAL_B_SPLINE_CURVE((1.,0.984017973,1.))
REPRESENTATION_ITEM(''));
#1583=EDGE_CURVE('',#1554,#1578,#1582,.T.);
#1584=ORIENTED_EDGE('',*,*,#1583,.T.);
#1585=CARTESIAN_POINT('',(-6.235879041,-12.6,13.350727248));
#1586=CARTESIAN_POINT('',(-6.22818484,-12.6,13.134236694));
#1587=CARTESIAN_POINT('',(-6.212861899,-12.6,12.91855827));
#1588=CARTESIAN_POINT('',(-6.184198913,-12.6,12.704299985));
#1589=CARTESIAN_POINT('',(-6.155535927,-12.6,12.490041701));
#1590=CARTESIAN_POINT('',(-6.113180089,-12.6,12.27617896));
#1591=CARTESIAN_POINT('',(-6.050568422,-12.6,12.07057274));
#1592=CARTESIAN_POINT('',(-5.987956755,-12.6,11.86496652));
#1593=CARTESIAN_POINT('',(-5.904436165,-12.6,11.665489988));
#1594=CARTESIAN_POINT('',(-5.792969814,-12.6,11.478848729));
#1595=CARTESIAN_POINT('',(-5.681503463,-12.6,11.292207471));
#1596=CARTESIAN_POINT('',(-5.546181335,-12.6,11.124654503));
#1597=CARTESIAN_POINT('',(-5.384026998,-12.6,10.978571429));
#1598=B_SPLINE_CURVE_WITH_KNOTS('',3,(#1585,#1586,#1587,#1588,#1589,#1590,#1591,#1592,#1593,#1594,#1595,#1596,#1597),.UNSPECIFIED.,.F.,.F.,(4,3,3,3,4),(0.,0.000648266,0.001296532,0.001944798,0.002593064),.UNSPECIFIED.);
#1599=EDGE_CURVE('',#1578,#1540,#1598,.T.);
#1600=ORIENTED_EDGE('',*,*,#1599,.T.);
#1601=EDGE_LOOP('',(#1552,#1576,#1584,#1600));
#1602=FACE_BOUND('',#1601,.T.);
#1603=ADVANCED_FACE('',(#1602),#1538,.F.);
#1604=CARTESIAN_POINT('',(-3.865900226,-13.249160288,7.05));
#1605=CARTESIAN_POINT('',(-3.701229646,-12.863849127,7.05));
#1606=CARTESIAN_POINT('',(-3.521384086,-12.489009176,7.05));
#1607=CARTESIAN_POINT('',(-3.328030173,-12.126470588,7.05));
#1608=CARTESIAN_POINT('',(-2.792851395,-11.123010381,7.05));
#1609=CARTESIAN_POINT('',(-2.15513602,-10.21390192,7.05));
#1610=CARTESIAN_POINT('',(-1.45857006,-9.415753425,7.05));
#1611=CARTESIAN_POINT('',(-0.857021823,-8.726479403,7.05));
#1612=CARTESIAN_POINT('',(-0.212074378,-8.119647643,7.05));
#1613=CARTESIAN_POINT('',(0.450756528,-7.593365492,7.05));
#1614=CARTESIAN_POINT('',(-3.865900226,-13.249160288,7.405109726));
#1615=CARTESIAN_POINT('',(-3.701229646,-12.863849127,7.405109726));
#1616=CARTESIAN_POINT('',(-3.521384086,-12.489009176,7.405109726));
#1617=CARTESIAN_POINT('',(-3.328030173,-12.126470588,7.405109726));
#1618=CARTESIAN_POINT('',(-2.792851395,-11.123010381,7.405109726));
#1619=CARTESIAN_POINT('',(-2.15513602,-10.21390192,7.405109726));
#1620=CARTESIAN_POINT('',(-1.45857006,-9.415753425,7.405109726));
#1621=CARTESIAN_POINT('',(-0.857021823,-8.726479403,7.405109726));
#1622=CARTESIAN_POINT('',(-0.212074378,-8.119647643,7.405109726));
#1623=CARTESIAN_POINT('',(0.450756528,-7.593365492,7.405109726));
#1624=CARTESIAN_POINT('',(-3.897820363,-13.235511041,7.767288951));
#1625=CARTESIAN_POINT('',(-3.732755521,-12.849277348,7.767288951));
#1626=CARTESIAN_POINT('',(-3.552479364,-12.473539936,7.767288951));
#1627=CARTESIAN_POINT('',(-3.358662513,-12.11013334,7.767288951));
#1628=CARTESIAN_POINT('',(-2.822202383,-11.104270596,7.767288951));
#1629=CARTESIAN_POINT('',(-2.182960156,-10.192985501,7.767288951));
#1630=CARTESIAN_POINT('',(-1.484726442,-9.392926036,7.767288951));
#1631=CARTESIAN_POINT('',(-0.881737947,-8.702001719,7.767288951));
#1632=CARTESIAN_POINT('',(-0.235246335,-8.093717051,7.767288951));
#1633=CARTESIAN_POINT('',(0.429171555,-7.566174848,7.767288951));
#1634=CARTESIAN_POINT('',(-3.963625914,-13.207372184,8.126041136));
#1635=CARTESIAN_POINT('',(-3.797748272,-12.819236628,8.126041136));
#1636=CARTESIAN_POINT('',(-3.616584413,-12.441649038,8.126041136));
#1637=CARTESIAN_POINT('',(-3.421813184,-12.076452982,8.126041136));
#1638=CARTESIAN_POINT('',(-2.882711457,-11.065637244,8.126041136));
#1639=CARTESIAN_POINT('',(-2.240321522,-10.149864868,8.126041136));
#1640=CARTESIAN_POINT('',(-1.538649617,-9.345865811,8.126041136));
#1641=CARTESIAN_POINT('',(-0.932691932,-8.651539296,8.126041136));
#1642=CARTESIAN_POINT('',(-0.283016914,-8.040259358,8.126041136));
#1643=CARTESIAN_POINT('',(0.384672653,-7.510119471,8.126041136));
#1644=CARTESIAN_POINT('',(-4.029431466,-13.179233327,8.484793321));
#1645=CARTESIAN_POINT('',(-3.862741023,-12.789195908,8.484793321));
#1646=CARTESIAN_POINT('',(-3.680689462,-12.40975814,8.484793321));
#1647=CARTESIAN_POINT('',(-3.484963854,-12.042772625,8.484793321));
#1648=CARTESIAN_POINT('',(-2.943220531,-11.027003893,8.484793321));
#1649=CARTESIAN_POINT('',(-2.297682887,-10.106744235,8.484793321));
#1650=CARTESIAN_POINT('',(-1.592572793,-9.298805585,8.484793321));
#1651=CARTESIAN_POINT('',(-0.983645916,-8.601076873,8.484793321));
#1652=CARTESIAN_POINT('',(-0.330787494,-7.986801665,8.484793321));
#1653=CARTESIAN_POINT('',(0.34017375,-7.454064094,8.484793321));
#1654=CARTESIAN_POINT('',(-4.129149046,-13.136593478,8.839976312));
#1655=CARTESIAN_POINT('',(-3.961226938,-12.743674096,8.839976312));
#1656=CARTESIAN_POINT('',(-3.777830209,-12.361432684,8.839976312));
#1657=CARTESIAN_POINT('',(-3.580658396,-11.991735536,8.839976312));
#1658=CARTESIAN_POINT('',(-3.034912164,-10.96846135,8.839976312));
#1659=CARTESIAN_POINT('',(-2.384604681,-10.041401948,8.839976312));
#1660=CARTESIAN_POINT('',(-1.674284571,-9.227493488,8.839976312));
#1661=CARTESIAN_POINT('',(-1.06085837,-8.5246093,8.839976312));
#1662=CARTESIAN_POINT('',(-0.403176016,-7.905795249,8.839976312));
#1663=CARTESIAN_POINT('',(0.27274292,-7.369121313,8.839976312));
#1664=CARTESIAN_POINT('',(-4.260773456,-13.080310073,9.180658358));
#1665=CARTESIAN_POINT('',(-4.091225584,-12.68358658,9.180658358));
#1666=CARTESIAN_POINT('',(-3.906053271,-12.297644439,9.180658358));
#1667=CARTESIAN_POINT('',(-3.706972508,-11.924368009,9.180658358));
#1668=CARTESIAN_POINT('',(-3.155942548,-10.891186834,9.180658358));
#1669=CARTESIAN_POINT('',(-2.499339012,-9.955151962,9.180658358));
#1670=CARTESIAN_POINT('',(-1.782141826,-9.13336352,9.180658358));
#1671=CARTESIAN_POINT('',(-1.162776644,-8.423674248,9.180658358));
#1672=CARTESIAN_POINT('',(-0.498726835,-7.798869053,9.180658358));
#1673=CARTESIAN_POINT('',(0.183736116,-7.256999224,9.180658358));
#1674=CARTESIAN_POINT('',(-4.392397866,-13.024026668,9.521340404));
#1675=CARTESIAN_POINT('',(-4.22122423,-12.623499065,9.521340404));
#1676=CARTESIAN_POINT('',(-4.034276333,-12.233856193,9.521340404));
#1677=CARTESIAN_POINT('',(-3.83328662,-11.857000483,9.521340404));
#1678=CARTESIAN_POINT('',(-3.276972933,-10.813912318,9.521340404));
#1679=CARTESIAN_POINT('',(-2.614073342,-9.868901975,9.521340404));
#1680=CARTESIAN_POINT('',(-1.889999081,-9.039233551,9.521340404));
#1681=CARTESIAN_POINT('',(-1.264694917,-8.322739197,9.521340404));
#1682=CARTESIAN_POINT('',(-0.594277654,-7.691942856,9.521340404));
#1683=CARTESIAN_POINT('',(0.094729312,-7.144877134,9.521340404));
#1684=CARTESIAN_POINT('',(-4.555875874,-12.954122469,9.847383727));
#1685=CARTESIAN_POINT('',(-4.382683033,-12.548870146,9.847383727));
#1686=CARTESIAN_POINT('',(-4.193529853,-12.154630954,9.847383727));
#1687=CARTESIAN_POINT('',(-3.990169218,-11.773329764,9.847383727));
#1688=CARTESIAN_POINT('',(-3.427293121,-10.717937082,9.847383727));
#1689=CARTESIAN_POINT('',(-2.756573809,-9.761779171,9.847383727));
#1690=CARTESIAN_POINT('',(-2.023958195,-8.92232378,9.847383727));
#1691=CARTESIAN_POINT('',(-1.391277793,-8.197377486,9.847383727));
#1692=CARTESIAN_POINT('',(-0.712952127,-7.559140121,9.847383727));
#1693=CARTESIAN_POINT('',(-0.01581747,-7.005621081,9.847383727));
#1694=CARTESIAN_POINT('',(-4.745431421,-12.873067355,10.149579926));
#1695=CARTESIAN_POINT('',(-4.569897276,-12.462336639,10.149579926));
#1696=CARTESIAN_POINT('',(-4.378187034,-12.062767935,10.149579926));
#1697=CARTESIAN_POINT('',(-4.172077274,-11.676312134,10.149579926));
#1698=CARTESIAN_POINT('',(-3.601591951,-10.606652154,10.149579926));
#1699=CARTESIAN_POINT('',(-2.921805537,-9.637568447,10.149579926));
#1700=CARTESIAN_POINT('',(-2.179286078,-8.7867649,10.149579926));
#1701=CARTESIAN_POINT('',(-1.538052803,-8.052018439,10.149579926));
#1702=CARTESIAN_POINT('',(-0.850557209,-7.405153078,10.149579926));
#1703=CARTESIAN_POINT('',(-0.143998355,-6.844151306,10.149579926));
#1704=CARTESIAN_POINT('',(-4.934986967,-12.79201224,10.451776126));
#1705=CARTESIAN_POINT('',(-4.757111519,-12.375803132,10.451776126));
#1706=CARTESIAN_POINT('',(-4.562844215,-11.970904916,10.451776126));
#1707=CARTESIAN_POINT('',(-4.353985329,-11.579294505,10.451776126));
#1708=CARTESIAN_POINT('',(-3.775890781,-10.495367226,10.451776126));
#1709=CARTESIAN_POINT('',(-3.087037265,-9.513357723,10.451776126));
#1710=CARTESIAN_POINT('',(-2.334613961,-8.65120602,10.451776126));
#1711=CARTESIAN_POINT('',(-1.684827812,-7.906659391,10.451776126));
#1712=CARTESIAN_POINT('',(-0.98816229,-7.251166036,10.451776126));
#1713=CARTESIAN_POINT('',(-0.27217924,-6.682681531,10.451776126));
#1714=CARTESIAN_POINT('',(-5.150508065,-12.699854097,10.730046391));
#1715=CARTESIAN_POINT('',(-4.969970599,-12.277416159,10.730046391));
#1716=CARTESIAN_POINT('',(-4.772795964,-11.866458387,10.730046391));
#1717=CARTESIAN_POINT('',(-4.560811374,-11.468987281,10.730046391));
#1718=CARTESIAN_POINT('',(-3.974065278,-10.368838352,10.730046391));
#1719=CARTESIAN_POINT('',(-3.274902639,-9.372132462,10.730046391));
#1720=CARTESIAN_POINT('',(-2.511218848,-8.497078118,10.730046391));
#1721=CARTESIAN_POINT('',(-1.851708243,-7.741388883,10.730046391));
#1722=CARTESIAN_POINT('',(-1.144616685,-7.076085659,10.730046391));
#1723=CARTESIAN_POINT('',(-0.4179185,-6.499093427,10.730046391));
#1724=CARTESIAN_POINT('',(-5.383725725,-12.600128795,10.978571429));
#1725=CARTESIAN_POINT('',(-5.200307663,-12.170950574,10.978571429));
#1726=CARTESIAN_POINT('',(-4.999986972,-11.753435693,10.978571429));
#1727=CARTESIAN_POINT('',(-4.784620025,-11.349622667,10.978571429));
#1728=CARTESIAN_POINT('',(-4.188511999,-10.231920118,10.978571429));
#1729=CARTESIAN_POINT('',(-3.478193747,-9.219311112,10.978571429));
#1730=CARTESIAN_POINT('',(-2.702324865,-8.330294685,10.978571429));
#1731=CARTESIAN_POINT('',(-2.032291322,-7.562547918,10.978571429));
#1732=CARTESIAN_POINT('',(-1.313917641,-6.886629331,10.978571429));
#1733=CARTESIAN_POINT('',(-0.575624496,-6.300430798,10.978571429));
#1734=B_SPLINE_SURFACE_WITH_KNOTS('',3,3,((#1604,#1605,#1606,#1607,#1608,#1609,#1610,#1611,#1612,#1613),(#1614,#1615,#1616,#1617,#1618,#1619,#1620,#1621,#1622,#1623),(#1624,#1625,#1626,#1627,#1628,#1629,#1630,#1631,#1632,#1633),(#1634,#1635,#1636,#1637,#1638,#1639,#1640,#1641,#1642,#1643),(#1644,#1645,#1646,#1647,#1648,#1649,#1650,#1651,#1652,#1653),(#1654,#1655,#1656,#1657,#1658,#1659,#1660,#1661,#1662,#1663),(#1664,#1665,#1666,#1667,#1668,#1669,#1670,#1671,#1672,#1673),(#1674,#1675,#1676,#1677,#1678,#1679,#1680,#1681,#1682,#1683),(#1684,#1685,#1686,#1687,#1688,#1689,#1690,#1691,#1692,#1693),(#1694,#1695,#1696,#1697,#1698,#1699,#1700,#1701,#1702,#1703),(#1704,#1705,#1706,#1707,#1708,#1709,#1710,#1711,#1712,#1713),(#1714,#1715,#1716,#1717,#1718,#1719,#1720,#1721,#1722,#1723),(#1724,#1725,#1726,#1727,#1728,#1729,#1730,#1731,#1732,#1733)),.UNSPECIFIED.,.F.,.F.,.U.,(4,3,3,3,4),(4,3,3,4),(0.,0.25,0.5,0.75,1.),(0.801209736,0.8125,0.84375,0.870737225),.UNSPECIFIED.);
#1735=CARTESIAN_POINT('',(0.450742364,-7.593347652,7.05));
#1736=VERTEX_POINT('',#1735);
#1737=CARTESIAN_POINT('',(0.377996717,-7.614299498,7.614285715));
#1738=VERTEX_POINT('',#1737);
#1739=CARTESIAN_POINT('',(0.450742364,-7.593347652,7.05));
#1740=CARTESIAN_POINT('',(0.420601402,-7.617274701,7.371975898));
#1741=CARTESIAN_POINT('',(0.371745019,-7.620414119,7.690230134));
#1742=CARTESIAN_POINT('',(0.30352479,-7.604271724,8.004668201));
#1743=CARTESIAN_POINT('',(0.23530456,-7.588129329,8.319106267));
#1744=CARTESIAN_POINT('',(0.146929405,-7.552154612,8.630947135));
#1745=CARTESIAN_POINT('',(0.040104713,-7.5,8.928571429));
#1746=B_SPLINE_CURVE_WITH_KNOTS('',3,(#1739,#1740,#1741,#1742,#1743,#1744,#1745),.UNSPECIFIED.,.F.,.F.,(4,3,4),(0.,0.00096533,0.00193066),.UNSPECIFIED.);
#1747=EDGE_CURVE('',#1736,#1738,#1746,.T.);
#1748=ORIENTED_EDGE('',*,*,#1747,.T.);
#1749=CARTESIAN_POINT('',(0.040104713,-7.5,8.928571429));
#1750=VERTEX_POINT('',#1749);
#1751=CARTESIAN_POINT('',(0.450742364,-7.593347652,7.05));
#1752=CARTESIAN_POINT('',(0.420601402,-7.617274701,7.371975898));
#1753=CARTESIAN_POINT('',(0.371745019,-7.620414119,7.690230134));
#1754=CARTESIAN_POINT('',(0.30352479,-7.604271724,8.004668201));
#1755=CARTESIAN_POINT('',(0.23530456,-7.588129329,8.319106267));
#1756=CARTESIAN_POINT('',(0.146929405,-7.552154612,8.630947135));
#1757=CARTESIAN_POINT('',(0.040104713,-7.5,8.928571429));
#1758=B_SPLINE_CURVE_WITH_KNOTS('',3,(#1751,#1752,#1753,#1754,#1755,#1756,#1757),.UNSPECIFIED.,.F.,.F.,(4,3,4),(0.,0.00096533,0.00193066),.UNSPECIFIED.);
#1759=EDGE_CURVE('',#1738,#1750,#1758,.T.);
#1760=ORIENTED_EDGE('',*,*,#1759,.T.);
#1761=CARTESIAN_POINT('',(0.040104713,-7.5,8.928571429));
#1762=CARTESIAN_POINT('',(-0.198083275,-7.5,9.345134988));
#1763=CARTESIAN_POINT('',(-0.493586532,-7.5,9.718756716));
#1764=CARTESIAN_POINT('',(-0.82839873,-7.5,10.060943396));
#1765=CARTESIAN_POINT('',(-1.163210929,-7.5,10.403130076));
#1766=CARTESIAN_POINT('',(-1.530729586,-7.5,10.706456975));
#1767=CARTESIAN_POINT('',(-1.924518297,-7.5,10.978571429));
#1768=B_SPLINE_CURVE_WITH_KNOTS('',3,(#1761,#1762,#1763,#1764,#1765,#1766,#1767),.UNSPECIFIED.,.F.,.F.,(4,3,4),(0.,0.001427099,0.002854198),.UNSPECIFIED.);
#1769=EDGE_CURVE('',#1750,#1542,#1768,.T.);
#1770=ORIENTED_EDGE('',*,*,#1769,.T.);
#1771=ORIENTED_EDGE('',*,*,#1551,.F.);
#1772=CARTESIAN_POINT('',(-3.569536791,-12.6,7.05));
#1773=VERTEX_POINT('',#1772);
#1774=CARTESIAN_POINT('',(-5.384026998,-12.6,10.978571429));
#1775=CARTESIAN_POINT('',(-5.106328144,-12.6,10.72839556));
#1776=CARTESIAN_POINT('',(-4.85523849,-12.6,10.454990659));
#1777=CARTESIAN_POINT('',(-4.631787015,-12.6,10.157458456));
#1778=CARTESIAN_POINT('',(-4.520061278,-12.6,10.008692354));
#1779=CARTESIAN_POINT('',(-4.415012987,-12.6,9.853236842));
#1780=CARTESIAN_POINT('',(-4.319109287,-12.6,9.694379888));
#1781=CARTESIAN_POINT('',(-4.223205588,-12.6,9.535522934));
#1782=CARTESIAN_POINT('',(-4.135958272,-12.6,9.372723826));
#1783=CARTESIAN_POINT('',(-4.057451499,-12.6,9.205944238));
#1784=CARTESIAN_POINT('',(-3.978944725,-12.6,9.039164649));
#1785=CARTESIAN_POINT('',(-3.909175417,-12.6,8.868405982));
#1786=CARTESIAN_POINT('',(-3.848500298,-12.6,8.693505783));
#1787=CARTESIAN_POINT('',(-3.787825179,-12.6,8.518605584));
#1788=CARTESIAN_POINT('',(-3.736038065,-12.6,8.338570602));
#1789=CARTESIAN_POINT('',(-3.694568152,-12.6,8.156759952));
#1790=CARTESIAN_POINT('',(-3.611628327,-12.6,7.793138652));
#1791=CARTESIAN_POINT('',(-3.569536791,-12.6,7.424271885));
#1792=CARTESIAN_POINT('',(-3.569536791,-12.6,7.05));
#1793=B_SPLINE_CURVE_WITH_KNOTS('',3,(#1774,#1775,#1776,#1777,#1778,#1779,#1780,#1781,#1782,#1783,#1784,#1785,#1786,#1787,#1788,#1789,#1790,#1791,#1792),.UNSPECIFIED.,.F.,.F.,(4,3,3,3,3,3,4),(0.,0.001113274,0.001669911,0.002226548,0.002783185,0.003339822,0.004453096),.UNSPECIFIED.);
#1794=EDGE_CURVE('',#1540,#1773,#1793,.T.);
#1795=ORIENTED_EDGE('',*,*,#1794,.T.);
#1796=CARTESIAN_POINT('',(-3.569536792,-12.600000001,7.05));
#1797=CARTESIAN_POINT('',(-3.062395733,-11.55891334,7.05));
#1798=CARTESIAN_POINT('',(-2.444135878,-10.609310363,7.05));
#1799=CARTESIAN_POINT('',(-1.759305964,-9.771735341,7.05));
#1800=CARTESIAN_POINT('',(-1.074476049,-8.934160318,7.05));
#1801=CARTESIAN_POINT('',(-0.323829695,-8.20823259,7.05));
#1802=CARTESIAN_POINT('',(0.450742332,-7.593347678,7.05));
#1803=B_SPLINE_CURVE_WITH_KNOTS('',3,(#1796,#1797,#1798,#1799,#1800,#1801,#1802),.UNSPECIFIED.,.F.,.F.,(4,3,4),(0.807652588,0.8391946,0.870736611),.UNSPECIFIED.);
#1804=EDGE_CURVE('',#1773,#1736,#1803,.T.);
#1805=ORIENTED_EDGE('',*,*,#1804,.T.);
#1806=EDGE_LOOP('',(#1748,#1760,#1770,#1771,#1795,#1805));
#1807=FACE_BOUND('',#1806,.T.);
#1808=ADVANCED_FACE('',(#1807),#1734,.F.);
#1809=CARTESIAN_POINT('',(-3.014767963,-7.5,13.350727248));
#1810=CARTESIAN_POINT('',(-3.015541494,-7.499290359,13.382587444));
#1811=CARTESIAN_POINT('',(-3.015541494,-7.499290359,13.414464929));
#1812=CARTESIAN_POINT('',(-5.086922683,-9.75871297,13.350727248));
#1813=CARTESIAN_POINT('',(-5.087824641,-9.758143318,13.382587444));
#1814=CARTESIAN_POINT('',(-5.087824641,-9.758143318,13.414464929));
#1815=CARTESIAN_POINT('',(-6.236037853,-12.600392718,13.350727248));
#1816=CARTESIAN_POINT('',(-6.23701103,-12.599999186,13.382587444));
#1817=CARTESIAN_POINT('',(-6.23701103,-12.599999186,13.414464929));
#1818=(BOUNDED_SURFACE()
B_SPLINE_SURFACE(2,2,((#1809,#1810,#1811),(#1812,#1813,#1814),(#1815,#1816,#1817)),.UNSPECIFIED.,.F.,.F.,.U.)
B_SPLINE_SURFACE_WITH_KNOTS((3,3),(3,3),(2.435635458,2.788740499),(6.246846956,6.283185307),.UNSPECIFIED.)
GEOMETRIC_REPRESENTATION_ITEM()
RATIONAL_B_SPLINE_SURFACE(((0.852183524,0.857764395,0.863616004),(0.796107462,0.801321095,0.806787652),(0.768079474,0.773109555,0.778383655)))
REPRESENTATION_ITEM('')
SURFACE()
);
#1819=CARTESIAN_POINT('',(-6.237009016,-12.6,13.414464929));
#1820=VERTEX_POINT('',#1819);
#1821=CARTESIAN_POINT('',(-3.016192913,-7.5,13.414464929));
#1822=VERTEX_POINT('',#1821);
#1823=CARTESIAN_POINT('',(-6.23701103,-12.599999185,13.414464929));
#1824=CARTESIAN_POINT('',(-5.088011117,-9.758604461,13.414464929));
#1825=CARTESIAN_POINT('',(-3.016192681,-7.500000213,13.414464929));
#1826=(BOUNDED_CURVE()
B_SPLINE_CURVE(2,(#1823,#1824,#1825),.UNSPECIFIED.,.F.,.F.)
B_SPLINE_CURVE_WITH_KNOTS((3,3),(3.494444808,3.847490461),.UNSPECIFIED.)
CURVE()
GEOMETRIC_REPRESENTATION_ITEM()
RATIONAL_B_SPLINE_CURVE((0.778383655,0.806782875,0.863596889))
REPRESENTATION_ITEM(''));
#1827=EDGE_CURVE('',#1820,#1822,#1826,.T.);
#1828=ORIENTED_EDGE('',*,*,#1827,.F.);
#1829=CARTESIAN_POINT('',(-6.235879041,-12.6,13.350727248));
#1830=CARTESIAN_POINT('',(-6.237382864,-12.6,13.393040218));
#1831=CARTESIAN_POINT('',(-6.237388482,-12.6,13.435731491));
#1832=CARTESIAN_POINT('',(-6.235879041,-12.6,13.478202612));
#1833=B_SPLINE_CURVE_WITH_KNOTS('',3,(#1829,#1830,#1831,#1832),.UNSPECIFIED.,.F.,.F.,(4,4),(0.01237011,0.012495753),.UNSPECIFIED.);
#1834=EDGE_CURVE('',#1578,#1820,#1833,.T.);
#1835=ORIENTED_EDGE('',*,*,#1834,.F.);
#1836=ORIENTED_EDGE('',*,*,#1583,.F.);
#1837=CARTESIAN_POINT('',(-3.014767963,-7.5,13.478202611));
#1838=CARTESIAN_POINT('',(-3.016665362,-7.5,13.435767543));
#1839=CARTESIAN_POINT('',(-3.016670428,-7.5,13.393275907));
#1840=CARTESIAN_POINT('',(-3.014767963,-7.5,13.350727248));
#1841=B_SPLINE_CURVE_WITH_KNOTS('',3,(#1837,#1838,#1839,#1840),.UNSPECIFIED.,.F.,.F.,(4,4),(0.000227862,0.000355281),.UNSPECIFIED.);
#1842=EDGE_CURVE('',#1822,#1554,#1841,.T.);
#1843=ORIENTED_EDGE('',*,*,#1842,.F.);
#1844=EDGE_LOOP('',(#1828,#1835,#1836,#1843));
#1845=FACE_BOUND('',#1844,.T.);
#1846=ADVANCED_FACE('',(#1845),#1818,.F.);
#1847=CARTESIAN_POINT('',(-5.506343182,12.895030063,10.978571429));
#1848=CARTESIAN_POINT('',(-5.290735331,12.361758233,10.978571429));
#1849=CARTESIAN_POINT('',(-5.049016036,11.845365188,10.978571429));
#1850=CARTESIAN_POINT('',(-4.784620025,11.349622667,10.978571429));
#1851=CARTESIAN_POINT('',(-4.188511999,10.231920118,10.978571429));
#1852=CARTESIAN_POINT('',(-3.478193747,9.219311112,10.978571429));
#1853=CARTESIAN_POINT('',(-2.702324865,8.330294685,10.978571429));
#1854=CARTESIAN_POINT('',(-2.449415539,8.040502749,10.978571429));
#1855=CARTESIAN_POINT('',(-2.189618984,7.76379397,10.978571429));
#1856=CARTESIAN_POINT('',(-1.924463608,7.500054978,10.978571429));
#1857=CARTESIAN_POINT('',(-5.585703351,12.86293618,11.062447866));
#1858=CARTESIAN_POINT('',(-5.368952688,12.326837785,11.062447866));
#1859=CARTESIAN_POINT('',(-5.125952179,11.807707641,11.062447866));
#1860=CARTESIAN_POINT('',(-4.860154758,11.309337476,11.062447866));
#1861=CARTESIAN_POINT('',(-4.260887109,10.185710634,11.062447866));
#1862=CARTESIAN_POINT('',(-3.546803872,9.167734375,11.062447866));
#1863=CARTESIAN_POINT('',(-2.76682256,8.274005788,11.062447866));
#1864=CARTESIAN_POINT('',(-2.512572708,7.982677833,11.062447866));
#1865=CARTESIAN_POINT('',(-2.251399122,7.704502381,11.062447866));
#1866=CARTESIAN_POINT('',(-1.984838311,7.439365462,11.062447866));
#1867=CARTESIAN_POINT('',(-5.65267486,12.83585237,11.148171797));
#1868=CARTESIAN_POINT('',(-5.434959785,12.297368656,11.148171797));
#1869=CARTESIAN_POINT('',(-5.190878069,11.775928692,11.148171797));
#1870=CARTESIAN_POINT('',(-4.923898007,11.275341076,11.148171797));
#1871=CARTESIAN_POINT('',(-4.321963974,10.146714764,11.148171797));
#1872=CARTESIAN_POINT('',(-3.604703492,9.124209117,11.148171797));
#1873=CARTESIAN_POINT('',(-2.821251727,8.22650397,11.148171797));
#1874=CARTESIAN_POINT('',(-2.565870614,7.933879778,11.148171797));
#1875=CARTESIAN_POINT('',(-2.303534962,7.654466612,11.148171797));
#1876=CARTESIAN_POINT('',(-2.035788114,7.388149991,11.148171797));
#1877=CARTESIAN_POINT('',(-5.709960714,12.812685515,11.232336281));
#1878=CARTESIAN_POINT('',(-5.491420705,12.272161456,11.232336281));
#1879=CARTESIAN_POINT('',(-5.246414149,11.748745726,11.232336281));
#1880=CARTESIAN_POINT('',(-4.978422485,11.246261355,11.232336281));
#1881=CARTESIAN_POINT('',(-4.374207689,10.113358613,11.232336281));
#1882=CARTESIAN_POINT('',(-3.654229465,9.086978634,11.232336281));
#1883=CARTESIAN_POINT('',(-2.867809157,8.18587203,11.232336281));
#1884=CARTESIAN_POINT('',(-2.611460391,7.892139069,11.232336281));
#1885=CARTESIAN_POINT('',(-2.348130733,7.61166719,11.232336281));
#1886=CARTESIAN_POINT('',(-2.079369378,7.344341481,11.232336281));
#1887=CARTESIAN_POINT('',(-5.767246569,12.789518661,11.316500764));
#1888=CARTESIAN_POINT('',(-5.547881624,12.246954256,11.316500764));
#1889=CARTESIAN_POINT('',(-5.301950229,11.72156276,11.316500764));
#1890=CARTESIAN_POINT('',(-5.032946962,11.217181634,11.316500764));
#1891=CARTESIAN_POINT('',(-4.426451404,10.080002463,11.316500764));
#1892=CARTESIAN_POINT('',(-3.703755439,9.049748151,11.316500764));
#1893=CARTESIAN_POINT('',(-2.914366588,8.145240091,11.316500764));
#1894=CARTESIAN_POINT('',(-2.657050168,7.85039836,11.316500764));
#1895=CARTESIAN_POINT('',(-2.392726505,7.568867769,11.316500764));
#1896=CARTESIAN_POINT('',(-2.122950642,7.30053297,11.316500764));
#1897=CARTESIAN_POINT('',(-5.814950124,12.770226964,11.399192523));
#1898=CARTESIAN_POINT('',(-5.594898233,12.225963505,11.399192523));
#1899=CARTESIAN_POINT('',(-5.348196698,11.698926733,11.399192523));
#1900=CARTESIAN_POINT('',(-5.07835104,11.192966125,11.399192523));
#1901=CARTESIAN_POINT('',(-4.469956227,10.05222585,11.399192523));
#1902=CARTESIAN_POINT('',(-3.744997122,9.018745272,11.399192523));
#1903=CARTESIAN_POINT('',(-2.95313628,8.111404723,11.399192523));
#1904=CARTESIAN_POINT('',(-2.695014068,7.815639688,11.399192523));
#1905=CARTESIAN_POINT('',(-2.429862669,7.533227477,11.399192523));
#1906=CARTESIAN_POINT('',(-2.159241996,7.264052381,11.399192523));
#1907=CARTESIAN_POINT('',(-5.855896285,12.753668011,11.479343538));
#1908=CARTESIAN_POINT('',(-5.635254756,12.207946176,11.479343538));
#1909=CARTESIAN_POINT('',(-5.387892174,11.679497188,11.479343538));
#1910=CARTESIAN_POINT('',(-5.117323454,11.172180838,11.479343538));
#1911=CARTESIAN_POINT('',(-4.507298422,10.028383903,11.479343538));
#1912=CARTESIAN_POINT('',(-3.78039676,8.992134071,11.479343538));
#1913=CARTESIAN_POINT('',(-2.986414095,8.082362267,11.479343538));
#1914=CARTESIAN_POINT('',(-2.727600233,7.785804717,11.479343538));
#1915=CARTESIAN_POINT('',(-2.461738351,7.502635771,11.479343538));
#1916=CARTESIAN_POINT('',(-2.190392539,7.23273941,11.479343538));
#1917=CARTESIAN_POINT('',(-5.937788607,12.720550105,11.639645567));
#1918=CARTESIAN_POINT('',(-5.715967802,12.171911519,11.639645567));
#1919=CARTESIAN_POINT('',(-5.467283126,11.640638097,11.639645567));
#1920=CARTESIAN_POINT('',(-5.195268282,11.130610263,11.639645567));
#1921=CARTESIAN_POINT('',(-4.581982812,9.980700008,11.639645567));
#1922=CARTESIAN_POINT('',(-3.851196036,8.93891167,11.639645567));
#1923=CARTESIAN_POINT('',(-3.052969724,8.024277354,11.639645567));
#1924=CARTESIAN_POINT('',(-2.792772564,7.726134776,11.639645567));
#1925=CARTESIAN_POINT('',(-2.525489714,7.44145236,11.639645567));
#1926=CARTESIAN_POINT('',(-2.252693624,7.170113467,11.639645567));
#1927=CARTESIAN_POINT('',(-5.993427488,12.698049299,11.789695668));
#1928=CARTESIAN_POINT('',(-5.770805465,12.147429027,11.789695668));
#1929=CARTESIAN_POINT('',(-5.521222539,11.614236643,11.789695668));
#1930=CARTESIAN_POINT('',(-5.248225176,11.102366587,11.789695668));
#1931=CARTESIAN_POINT('',(-4.632724516,9.948302849,11.789695668));
#1932=CARTESIAN_POINT('',(-3.899298134,8.902751567,11.789695668));
#1933=CARTESIAN_POINT('',(-3.098188624,7.984813587,11.789695668));
#1934=CARTESIAN_POINT('',(-2.837051631,7.685594116,11.789695668));
#1935=CARTESIAN_POINT('',(-2.568803354,7.399883425,11.789695668));
#1936=CARTESIAN_POINT('',(-2.295021923,7.127564455,11.789695668));
#1937=CARTESIAN_POINT('',(-6.03689661,12.680470041,11.931311707));
#1938=CARTESIAN_POINT('',(-5.813648618,12.128301533,11.931311707));
#1939=CARTESIAN_POINT('',(-5.563363914,11.593609916,11.931311707));
#1940=CARTESIAN_POINT('',(-5.289598935,11.080300582,11.931311707));
#1941=CARTESIAN_POINT('',(-4.672367608,9.922991844,11.931311707));
#1942=CARTESIAN_POINT('',(-3.936878975,8.874500676,11.931311707));
#1943=CARTESIAN_POINT('',(-3.133516903,7.953981634,11.931311707));
#1944=CARTESIAN_POINT('',(-2.871645644,7.653920817,11.931311707));
#1945=CARTESIAN_POINT('',(-2.602643105,7.367406764,11.931311707));
#1946=CARTESIAN_POINT('',(-2.328091854,7.094322087,11.931311707));
#1947=CARTESIAN_POINT('',(-6.080365733,12.662890783,12.072927745));
#1948=CARTESIAN_POINT('',(-5.856491771,12.109174038,12.072927745));
#1949=CARTESIAN_POINT('',(-5.605505288,11.57298319,12.072927745));
#1950=CARTESIAN_POINT('',(-5.330972695,11.058234576,12.072927745));
#1951=CARTESIAN_POINT('',(-4.712010701,9.897680838,12.072927745));
#1952=CARTESIAN_POINT('',(-3.974459816,8.846249785,12.072927745));
#1953=CARTESIAN_POINT('',(-3.168845181,7.923149682,12.072927745));
#1954=CARTESIAN_POINT('',(-2.906239656,7.622247518,12.072927745));
#1955=CARTESIAN_POINT('',(-2.636482856,7.334930103,12.072927745));
#1956=CARTESIAN_POINT('',(-2.361161786,7.061079718,12.072927745));
#1957=CARTESIAN_POINT('',(-6.111249347,12.650401203,12.206555115));
#1958=CARTESIAN_POINT('',(-5.886930651,12.09558448,12.206555115));
#1959=CARTESIAN_POINT('',(-5.635445575,11.558328468,12.206555115));
#1960=CARTESIAN_POINT('',(-5.360367612,11.042557287,12.206555115));
#1961=CARTESIAN_POINT('',(-4.740176026,9.879698065,12.206555115));
#1962=CARTESIAN_POINT('',(-4.00115997,8.826178305,12.206555115));
#1963=CARTESIAN_POINT('',(-3.193944951,7.901244429,12.206555115));
#1964=CARTESIAN_POINT('',(-2.93081775,7.599744512,12.206555115));
#1965=CARTESIAN_POINT('',(-2.660525068,7.311856329,12.206555115));
#1966=CARTESIAN_POINT('',(-2.384657061,7.03746193,12.206555115));
#1967=CARTESIAN_POINT('',(-6.135592133,12.640556788,12.334833583));
#1968=CARTESIAN_POINT('',(-5.910922893,12.084873049,12.334833583));
#1969=CARTESIAN_POINT('',(-5.659044819,11.546777464,12.334833583));
#1970=CARTESIAN_POINT('',(-5.38353699,11.030200285,12.334833583));
#1971=CARTESIAN_POINT('',(-4.762376228,9.865523857,12.334833583));
#1972=CARTESIAN_POINT('',(-4.022205307,8.810357756,12.334833583));
#1973=CARTESIAN_POINT('',(-3.213728849,7.883978481,12.334833583));
#1974=CARTESIAN_POINT('',(-2.950190459,7.582007408,12.334833583));
#1975=CARTESIAN_POINT('',(-2.679475388,7.293669341,12.334833583));
#1976=CARTESIAN_POINT('',(-2.403176282,7.018846145,12.334833583));
#1977=CARTESIAN_POINT('',(-6.159934918,12.630712372,12.463112052));
#1978=CARTESIAN_POINT('',(-5.934915134,12.074161618,12.463112052));
#1979=CARTESIAN_POINT('',(-5.682644063,11.535226461,12.463112052));
#1980=CARTESIAN_POINT('',(-5.406706369,11.017843283,12.463112052));
#1981=CARTESIAN_POINT('',(-4.78457643,9.851349649,12.463112052));
#1982=CARTESIAN_POINT('',(-4.043250645,8.794537207,12.463112052));
#1983=CARTESIAN_POINT('',(-3.233512748,7.866712533,12.463112052));
#1984=CARTESIAN_POINT('',(-2.969563167,7.564270305,12.463112052));
#1985=CARTESIAN_POINT('',(-2.698425709,7.275482354,12.463112052));
#1986=CARTESIAN_POINT('',(-2.421695502,7.00023036,12.463112052));
#1987=CARTESIAN_POINT('',(-6.177527557,12.623597769,12.586041889));
#1988=CARTESIAN_POINT('',(-5.952254434,12.066420419,12.586041889));
#1989=CARTESIAN_POINT('',(-5.699699342,11.526878499,12.586041889));
#1990=CARTESIAN_POINT('',(-5.423450982,11.008912823,12.586041889));
#1991=CARTESIAN_POINT('',(-4.800620615,9.841105885,12.586041889));
#1992=CARTESIAN_POINT('',(-4.058460204,8.783103626,12.586041889));
#1993=CARTESIAN_POINT('',(-3.24781066,7.854234356,12.586041889));
#1994=CARTESIAN_POINT('',(-2.98356391,7.551451621,12.586041889));
#1995=CARTESIAN_POINT('',(-2.71212119,7.262338537,12.586041889));
#1996=CARTESIAN_POINT('',(-2.435079425,6.986776649,12.586041889));
#1997=CARTESIAN_POINT('',(-6.191137656,12.618093736,12.704529123));
#1998=CARTESIAN_POINT('',(-5.965668543,12.060431637,12.704529123));
#1999=CARTESIAN_POINT('',(-5.712893726,11.52042031,12.704529123));
#2000=CARTESIAN_POINT('',(-5.436405027,11.002003999,12.704529123));
#2001=CARTESIAN_POINT('',(-4.813032792,9.833181058,12.704529123));
#2002=CARTESIAN_POINT('',(-4.070226694,8.774258326,12.704529123));
#2003=CARTESIAN_POINT('',(-3.258871876,7.84458093,12.704529123));
#2004=CARTESIAN_POINT('',(-2.994395229,7.541534772,12.704529123));
#2005=CARTESIAN_POINT('',(-2.722716352,7.252170156,12.704529123));
#2006=CARTESIAN_POINT('',(-2.445433557,6.976368527,12.704529123));
#2007=CARTESIAN_POINT('',(-6.218055527,12.607207936,12.938871582));
#2008=CARTESIAN_POINT('',(-5.992198788,12.048587105,12.938871582));
#2009=CARTESIAN_POINT('',(-5.738989401,11.507647391,12.938871582));
#2010=CARTESIAN_POINT('',(-5.462025363,10.98833982,12.938871582));
#2011=CARTESIAN_POINT('',(-4.837581427,9.817507441,12.938871582));
#2012=CARTESIAN_POINT('',(-4.093498299,8.756764211,12.938871582));
#2013=CARTESIAN_POINT('',(-3.280748601,7.825488516,12.938871582));
#2014=CARTESIAN_POINT('',(-3.015817266,7.521921361,12.938871582));
#2015=CARTESIAN_POINT('',(-2.743671319,7.23205927,12.938871582));
#2016=CARTESIAN_POINT('',(-2.465911821,6.955783483,12.938871582));
#2017=CARTESIAN_POINT('',(-6.229598443,12.602539889,13.156612569));
#2018=CARTESIAN_POINT('',(-6.003575482,12.043507935,13.156612569));
#2019=CARTESIAN_POINT('',(-5.750179742,11.502170111,13.156612569));
#2020=CARTESIAN_POINT('',(-5.47301187,10.98248035,13.156612569));
#2021=CARTESIAN_POINT('',(-4.848108368,9.810786283,13.156612569));
#2022=CARTESIAN_POINT('',(-4.103477623,8.749262388,13.156612569));
#2023=CARTESIAN_POINT('',(-3.290129774,7.817301311,13.156612569));
#2024=CARTESIAN_POINT('',(-3.02500346,7.513510742,13.156612569));
#2025=CARTESIAN_POINT('',(-2.752657224,7.223435324,13.156612569));
#2026=CARTESIAN_POINT('',(-2.474693305,6.946956209,13.156612569));
#2027=CARTESIAN_POINT('',(-6.23551665,12.600146519,13.350740102));
#2028=CARTESIAN_POINT('',(-6.009408465,12.040903777,13.350740102));
#2029=CARTESIAN_POINT('',(-5.755917181,11.499361836,13.350740102));
#2030=CARTESIAN_POINT('',(-5.478644799,10.979476121,13.350740102));
#2031=CARTESIAN_POINT('',(-4.853505672,9.807340256,13.350740102));
#2032=CARTESIAN_POINT('',(-4.108594157,8.745416103,13.350740102));
#2033=CARTESIAN_POINT('',(-3.294939627,7.813103621,13.350740102));
#2034=CARTESIAN_POINT('',(-3.029713344,7.509198505,13.350740102));
#2035=CARTESIAN_POINT('',(-2.757264418,7.219013711,13.350740102));
#2036=CARTESIAN_POINT('',(-2.47919569,6.942430347,13.350740102));
#2037=B_SPLINE_SURFACE_WITH_KNOTS('',3,3,((#1847,#1848,#1849,#1850,#1851,#1852,#1853,#1854,#1855,#1856),(#1857,#1858,#1859,#1860,#1861,#1862,#1863,#1864,#1865,#1866),(#1867,#1868,#1869,#1870,#1871,#1872,#1873,#1874,#1875,#1876),(#1877,#1878,#1879,#1880,#1881,#1882,#1883,#1884,#1885,#1886),(#1887,#1888,#1889,#1890,#1891,#1892,#1893,#1894,#1895,#1896),(#1897,#1898,#1899,#1900,#1901,#1902,#1903,#1904,#1905,#1906),(#1907,#1908,#1909,#1910,#1911,#1912,#1913,#1914,#1915,#1916),(#1917,#1918,#1919,#1920,#1921,#1922,#1923,#1924,#1925,#1926),(#1927,#1928,#1929,#1930,#1931,#1932,#1933,#1934,#1935,#1936),(#1937,#1938,#1939,#1940,#1941,#1942,#1943,#1944,#1945,#1946),(#1947,#1948,#1949,#1950,#1951,#1952,#1953,#1954,#1955,#1956),(#1957,#1958,#1959,#1960,#1961,#1962,#1963,#1964,#1965,#1966),(#1967,#1968,#1969,#1970,#1971,#1972,#1973,#1974,#1975,#1976),(#1977,#1978,#1979,#1980,#1981,#1982,#1983,#1984,#1985,#1986),(#1987,#1988,#1989,#1990,#1991,#1992,#1993,#1994,#1995,#1996),(#1997,#1998,#1999,#2000,#2001,#2002,#2003,#2004,#2005,#2006),(#2007,#2008,#2009,#2010,#2011,#2012,#2013,#2014,#2015,#2016),(#2017,#2018,#2019,#2020,#2021,#2022,#2023,#2024,#2025,#2026),(#2027,#2028,#2029,#2030,#2031,#2032,#2033,#2034,#2035,#2036)),.UNSPECIFIED.,.F.,.F.,.U.,(4,3,3,3,3,3,4),(4,3,3,4),(0.,0.0625,0.125,0.25,0.375,0.5,0.74722332),(0.798639466,0.8125,0.84375,0.853936536),.UNSPECIFIED.);
#2038=ORIENTED_EDGE('',*,*,#1255,.F.);
#2039=ORIENTED_EDGE('',*,*,#1343,.T.);
#2040=CARTESIAN_POINT('',(-5.384026998,12.6,10.978571429));
#2041=VERTEX_POINT('',#2040);
#2042=CARTESIAN_POINT('',(-5.384026998,12.6,10.978571429));
#2043=CARTESIAN_POINT('',(-4.955587267,11.598050543,10.978571429));
#2044=CARTESIAN_POINT('',(-4.434220284,10.66130014,10.978571429));
#2045=CARTESIAN_POINT('',(-3.847933467,9.807503284,10.978571429));
#2046=CARTESIAN_POINT('',(-3.261646651,8.953706428,10.978571429));
#2047=CARTESIAN_POINT('',(-2.610848836,8.182770402,10.978571429));
#2048=CARTESIAN_POINT('',(-1.924518661,7.500000362,10.978571429));
#2049=B_SPLINE_CURVE_WITH_KNOTS('',3,(#2042,#2043,#2044,#2045,#2046,#2047,#2048),.UNSPECIFIED.,.F.,.F.,(4,3,4),(0.801208164,0.827571285,0.853934407),.UNSPECIFIED.);
#2050=EDGE_CURVE('',#2041,#1312,#2049,.T.);
#2051=ORIENTED_EDGE('',*,*,#2050,.F.);
#2052=CARTESIAN_POINT('',(-6.235879041,12.6,13.350727248));
#2053=CARTESIAN_POINT('',(-6.22818484,12.6,13.134236694));
#2054=CARTESIAN_POINT('',(-6.212861899,12.6,12.91855827));
#2055=CARTESIAN_POINT('',(-6.184198913,12.6,12.704299985));
#2056=CARTESIAN_POINT('',(-6.155535927,12.6,12.490041701));
#2057=CARTESIAN_POINT('',(-6.113180089,12.6,12.27617896));
#2058=CARTESIAN_POINT('',(-6.050568422,12.6,12.07057274));
#2059=CARTESIAN_POINT('',(-5.987956755,12.6,11.86496652));
#2060=CARTESIAN_POINT('',(-5.904436165,12.6,11.665489988));
#2061=CARTESIAN_POINT('',(-5.792969814,12.6,11.478848729));
#2062=CARTESIAN_POINT('',(-5.681503463,12.6,11.292207471));
#2063=CARTESIAN_POINT('',(-5.546181335,12.6,11.124654503));
#2064=CARTESIAN_POINT('',(-5.384026998,12.6,10.978571429));
#2065=B_SPLINE_CURVE_WITH_KNOTS('',3,(#2052,#2053,#2054,#2055,#2056,#2057,#2058,#2059,#2060,#2061,#2062,#2063,#2064),.UNSPECIFIED.,.F.,.F.,(4,3,3,3,4),(0.,0.000648266,0.001296532,0.001944798,0.002593064),.UNSPECIFIED.);
#2066=EDGE_CURVE('',#1246,#2041,#2065,.T.);
#2067=ORIENTED_EDGE('',*,*,#2066,.F.);
#2068=EDGE_LOOP('',(#2038,#2039,#2051,#2067));
#2069=FACE_BOUND('',#2068,.T.);
#2070=ADVANCED_FACE('',(#2069),#2037,.T.);
#2071=CARTESIAN_POINT('',(-3.865900226,13.249160288,7.05));
#2072=CARTESIAN_POINT('',(-3.701229646,12.863849127,7.05));
#2073=CARTESIAN_POINT('',(-3.521384086,12.489009176,7.05));
#2074=CARTESIAN_POINT('',(-3.328030173,12.126470588,7.05));
#2075=CARTESIAN_POINT('',(-2.792851395,11.123010381,7.05));
#2076=CARTESIAN_POINT('',(-2.15513602,10.21390192,7.05));
#2077=CARTESIAN_POINT('',(-1.45857006,9.415753425,7.05));
#2078=CARTESIAN_POINT('',(-0.857021823,8.726479403,7.05));
#2079=CARTESIAN_POINT('',(-0.212074378,8.119647643,7.05));
#2080=CARTESIAN_POINT('',(0.450756528,7.593365492,7.05));
#2081=CARTESIAN_POINT('',(-3.865900226,13.249160288,7.405109726));
#2082=CARTESIAN_POINT('',(-3.701229646,12.863849127,7.405109726));
#2083=CARTESIAN_POINT('',(-3.521384086,12.489009176,7.405109726));
#2084=CARTESIAN_POINT('',(-3.328030173,12.126470588,7.405109726));
#2085=CARTESIAN_POINT('',(-2.792851395,11.123010381,7.405109726));
#2086=CARTESIAN_POINT('',(-2.15513602,10.21390192,7.405109726));
#2087=CARTESIAN_POINT('',(-1.45857006,9.415753425,7.405109726));
#2088=CARTESIAN_POINT('',(-0.857021823,8.726479403,7.405109726));
#2089=CARTESIAN_POINT('',(-0.212074378,8.119647643,7.405109726));
#2090=CARTESIAN_POINT('',(0.450756528,7.593365492,7.405109726));
#2091=CARTESIAN_POINT('',(-3.897820363,13.235511041,7.767288951));
#2092=CARTESIAN_POINT('',(-3.732755521,12.849277348,7.767288951));
#2093=CARTESIAN_POINT('',(-3.552479364,12.473539936,7.767288951));
#2094=CARTESIAN_POINT('',(-3.358662513,12.11013334,7.767288951));
#2095=CARTESIAN_POINT('',(-2.822202383,11.104270596,7.767288951));
#2096=CARTESIAN_POINT('',(-2.182960156,10.192985501,7.767288951));
#2097=CARTESIAN_POINT('',(-1.484726442,9.392926036,7.767288951));
#2098=CARTESIAN_POINT('',(-0.881737947,8.702001719,7.767288951));
#2099=CARTESIAN_POINT('',(-0.235246335,8.093717051,7.767288951));
#2100=CARTESIAN_POINT('',(0.429171555,7.566174848,7.767288951));
#2101=CARTESIAN_POINT('',(-3.963625914,13.207372184,8.126041136));
#2102=CARTESIAN_POINT('',(-3.797748272,12.819236628,8.126041136));
#2103=CARTESIAN_POINT('',(-3.616584413,12.441649038,8.126041136));
#2104=CARTESIAN_POINT('',(-3.421813184,12.076452982,8.126041136));
#2105=CARTESIAN_POINT('',(-2.882711457,11.065637244,8.126041136));
#2106=CARTESIAN_POINT('',(-2.240321522,10.149864868,8.126041136));
#2107=CARTESIAN_POINT('',(-1.538649617,9.345865811,8.126041136));
#2108=CARTESIAN_POINT('',(-0.932691932,8.651539296,8.126041136));
#2109=CARTESIAN_POINT('',(-0.283016914,8.040259358,8.126041136));
#2110=CARTESIAN_POINT('',(0.384672653,7.510119471,8.126041136));
#2111=CARTESIAN_POINT('',(-4.029431466,13.179233327,8.484793321));
#2112=CARTESIAN_POINT('',(-3.862741023,12.789195908,8.484793321));
#2113=CARTESIAN_POINT('',(-3.680689462,12.40975814,8.484793321));
#2114=CARTESIAN_POINT('',(-3.484963854,12.042772625,8.484793321));
#2115=CARTESIAN_POINT('',(-2.943220531,11.027003893,8.484793321));
#2116=CARTESIAN_POINT('',(-2.297682887,10.106744235,8.484793321));
#2117=CARTESIAN_POINT('',(-1.592572793,9.298805585,8.484793321));
#2118=CARTESIAN_POINT('',(-0.983645916,8.601076873,8.484793321));
#2119=CARTESIAN_POINT('',(-0.330787494,7.986801665,8.484793321));
#2120=CARTESIAN_POINT('',(0.34017375,7.454064094,8.484793321));
#2121=CARTESIAN_POINT('',(-4.129149046,13.136593478,8.839976312));
#2122=CARTESIAN_POINT('',(-3.961226938,12.743674096,8.839976312));
#2123=CARTESIAN_POINT('',(-3.777830209,12.361432684,8.839976312));
#2124=CARTESIAN_POINT('',(-3.580658396,11.991735536,8.839976312));
#2125=CARTESIAN_POINT('',(-3.034912164,10.96846135,8.839976312));
#2126=CARTESIAN_POINT('',(-2.384604681,10.041401948,8.839976312));
#2127=CARTESIAN_POINT('',(-1.674284571,9.227493488,8.839976312));
#2128=CARTESIAN_POINT('',(-1.06085837,8.5246093,8.839976312));
#2129=CARTESIAN_POINT('',(-0.403176016,7.905795249,8.839976312));
#2130=CARTESIAN_POINT('',(0.27274292,7.369121313,8.839976312));
#2131=CARTESIAN_POINT('',(-4.260773456,13.080310073,9.180658358));
#2132=CARTESIAN_POINT('',(-4.091225584,12.68358658,9.180658358));
#2133=CARTESIAN_POINT('',(-3.906053271,12.297644439,9.180658358));
#2134=CARTESIAN_POINT('',(-3.706972508,11.924368009,9.180658358));
#2135=CARTESIAN_POINT('',(-3.155942548,10.891186834,9.180658358));
#2136=CARTESIAN_POINT('',(-2.499339012,9.955151962,9.180658358));
#2137=CARTESIAN_POINT('',(-1.782141826,9.13336352,9.180658358));
#2138=CARTESIAN_POINT('',(-1.162776644,8.423674248,9.180658358));
#2139=CARTESIAN_POINT('',(-0.498726835,7.798869053,9.180658358));
#2140=CARTESIAN_POINT('',(0.183736116,7.256999224,9.180658358));
#2141=CARTESIAN_POINT('',(-4.392397866,13.024026668,9.521340404));
#2142=CARTESIAN_POINT('',(-4.22122423,12.623499065,9.521340404));
#2143=CARTESIAN_POINT('',(-4.034276333,12.233856193,9.521340404));
#2144=CARTESIAN_POINT('',(-3.83328662,11.857000483,9.521340404));
#2145=CARTESIAN_POINT('',(-3.276972933,10.813912318,9.521340404));
#2146=CARTESIAN_POINT('',(-2.614073342,9.868901975,9.521340404));
#2147=CARTESIAN_POINT('',(-1.889999081,9.039233551,9.521340404));
#2148=CARTESIAN_POINT('',(-1.264694917,8.322739197,9.521340404));
#2149=CARTESIAN_POINT('',(-0.594277654,7.691942856,9.521340404));
#2150=CARTESIAN_POINT('',(0.094729312,7.144877134,9.521340404));
#2151=CARTESIAN_POINT('',(-4.555875874,12.954122469,9.847383727));
#2152=CARTESIAN_POINT('',(-4.382683033,12.548870146,9.847383727));
#2153=CARTESIAN_POINT('',(-4.193529853,12.154630954,9.847383727));
#2154=CARTESIAN_POINT('',(-3.990169218,11.773329764,9.847383727));
#2155=CARTESIAN_POINT('',(-3.427293121,10.717937082,9.847383727));
#2156=CARTESIAN_POINT('',(-2.756573809,9.761779171,9.847383727));
#2157=CARTESIAN_POINT('',(-2.023958195,8.92232378,9.847383727));
#2158=CARTESIAN_POINT('',(-1.391277793,8.197377486,9.847383727));
#2159=CARTESIAN_POINT('',(-0.712952127,7.559140121,9.847383727));
#2160=CARTESIAN_POINT('',(-0.01581747,7.005621081,9.847383727));
#2161=CARTESIAN_POINT('',(-4.745431421,12.873067355,10.149579926));
#2162=CARTESIAN_POINT('',(-4.569897276,12.462336639,10.149579926));
#2163=CARTESIAN_POINT('',(-4.378187034,12.062767935,10.149579926));
#2164=CARTESIAN_POINT('',(-4.172077274,11.676312134,10.149579926));
#2165=CARTESIAN_POINT('',(-3.601591951,10.606652154,10.149579926));
#2166=CARTESIAN_POINT('',(-2.921805537,9.637568447,10.149579926));
#2167=CARTESIAN_POINT('',(-2.179286078,8.7867649,10.149579926));
#2168=CARTESIAN_POINT('',(-1.538052803,8.052018439,10.149579926));
#2169=CARTESIAN_POINT('',(-0.850557209,7.405153078,10.149579926));
#2170=CARTESIAN_POINT('',(-0.143998355,6.844151306,10.149579926));
#2171=CARTESIAN_POINT('',(-4.934986967,12.79201224,10.451776126));
#2172=CARTESIAN_POINT('',(-4.757111519,12.375803132,10.451776126));
#2173=CARTESIAN_POINT('',(-4.562844215,11.970904916,10.451776126));
#2174=CARTESIAN_POINT('',(-4.353985329,11.579294505,10.451776126));
#2175=CARTESIAN_POINT('',(-3.775890781,10.495367226,10.451776126));
#2176=CARTESIAN_POINT('',(-3.087037265,9.513357723,10.451776126));
#2177=CARTESIAN_POINT('',(-2.334613961,8.65120602,10.451776126));
#2178=CARTESIAN_POINT('',(-1.684827812,7.906659391,10.451776126));
#2179=CARTESIAN_POINT('',(-0.98816229,7.251166036,10.451776126));
#2180=CARTESIAN_POINT('',(-0.27217924,6.682681531,10.451776126));
#2181=CARTESIAN_POINT('',(-5.150508065,12.699854097,10.730046391));
#2182=CARTESIAN_POINT('',(-4.969970599,12.277416159,10.730046391));
#2183=CARTESIAN_POINT('',(-4.772795964,11.866458387,10.730046391));
#2184=CARTESIAN_POINT('',(-4.560811374,11.468987281,10.730046391));
#2185=CARTESIAN_POINT('',(-3.974065278,10.368838352,10.730046391));
#2186=CARTESIAN_POINT('',(-3.274902639,9.372132462,10.730046391));
#2187=CARTESIAN_POINT('',(-2.511218848,8.497078118,10.730046391));
#2188=CARTESIAN_POINT('',(-1.851708243,7.741388883,10.730046391));
#2189=CARTESIAN_POINT('',(-1.144616685,7.076085659,10.730046391));
#2190=CARTESIAN_POINT('',(-0.4179185,6.499093427,10.730046391));
#2191=CARTESIAN_POINT('',(-5.383725725,12.600128795,10.978571429));
#2192=CARTESIAN_POINT('',(-5.200307663,12.170950574,10.978571429));
#2193=CARTESIAN_POINT('',(-4.999986972,11.753435693,10.978571429));
#2194=CARTESIAN_POINT('',(-4.784620025,11.349622667,10.978571429));
#2195=CARTESIAN_POINT('',(-4.188511999,10.231920118,10.978571429));
#2196=CARTESIAN_POINT('',(-3.478193747,9.219311112,10.978571429));
#2197=CARTESIAN_POINT('',(-2.702324865,8.330294685,10.978571429));
#2198=CARTESIAN_POINT('',(-2.032291322,7.562547918,10.978571429));
#2199=CARTESIAN_POINT('',(-1.313917641,6.886629331,10.978571429));
#2200=CARTESIAN_POINT('',(-0.575624496,6.300430798,10.978571429));
#2201=B_SPLINE_SURFACE_WITH_KNOTS('',3,3,((#2071,#2072,#2073,#2074,#2075,#2076,#2077,#2078,#2079,#2080),(#2081,#2082,#2083,#2084,#2085,#2086,#2087,#2088,#2089,#2090),(#2091,#2092,#2093,#2094,#2095,#2096,#2097,#2098,#2099,#2100),(#2101,#2102,#2103,#2104,#2105,#2106,#2107,#2108,#2109,#2110),(#2111,#2112,#2113,#2114,#2115,#2116,#2117,#2118,#2119,#2120),(#2121,#2122,#2123,#2124,#2125,#2126,#2127,#2128,#2129,#2130),(#2131,#2132,#2133,#2134,#2135,#2136,#2137,#2138,#2139,#2140),(#2141,#2142,#2143,#2144,#2145,#2146,#2147,#2148,#2149,#2150),(#2151,#2152,#2153,#2154,#2155,#2156,#2157,#2158,#2159,#2160),(#2161,#2162,#2163,#2164,#2165,#2166,#2167,#2168,#2169,#2170),(#2171,#2172,#2173,#2174,#2175,#2176,#2177,#2178,#2179,#2180),(#2181,#2182,#2183,#2184,#2185,#2186,#2187,#2188,#2189,#2190),(#2191,#2192,#2193,#2194,#2195,#2196,#2197,#2198,#2199,#2200)),.UNSPECIFIED.,.F.,.F.,.U.,(4,3,3,3,4),(4,3,3,4),(0.,0.25,0.5,0.75,1.),(0.801209736,0.8125,0.84375,0.870737225),.UNSPECIFIED.);
#2202=ORIENTED_EDGE('',*,*,#2050,.T.);
#2203=ORIENTED_EDGE('',*,*,#1321,.T.);
#2204=CARTESIAN_POINT('',(0.450742364,7.593347652,7.05));
#2205=VERTEX_POINT('',#2204);
#2206=CARTESIAN_POINT('',(0.040104713,7.5,8.928571429));
#2207=CARTESIAN_POINT('',(0.0934123,7.526026301,8.780051773));
#2208=CARTESIAN_POINT('',(0.141914232,7.547979234,8.628852463));
#2209=CARTESIAN_POINT('',(0.18577045,7.565486172,8.474963309));
#2210=CARTESIAN_POINT('',(0.229626668,7.58299311,8.321074155));
#2211=CARTESIAN_POINT('',(0.268943586,7.596065246,8.163906325));
#2212=CARTESIAN_POINT('',(0.303196252,7.604193871,8.006181758));
#2213=CARTESIAN_POINT('',(0.371701584,7.620451121,7.690732624));
#2214=CARTESIAN_POINT('',(0.42060297,7.617273456,7.371959145));
#2215=CARTESIAN_POINT('',(0.450742364,7.593347652,7.05));
#2216=B_SPLINE_CURVE_WITH_KNOTS('',3,(#2206,#2207,#2208,#2209,#2210,#2211,#2212,#2213,#2214,#2215),.UNSPECIFIED.,.F.,.F.,(4,3,3,4),(0.002512866,0.002995387,0.003477908,0.00444295),.UNSPECIFIED.);
#2217=EDGE_CURVE('',#1305,#2205,#2216,.T.);
#2218=ORIENTED_EDGE('',*,*,#2217,.T.);
#2219=CARTESIAN_POINT('',(-3.569536791,12.6,7.05));
#2220=VERTEX_POINT('',#2219);
#2221=CARTESIAN_POINT('',(-3.569536792,12.600000001,7.05));
#2222=CARTESIAN_POINT('',(-3.062395733,11.55891334,7.05));
#2223=CARTESIAN_POINT('',(-2.444135878,10.609310363,7.05));
#2224=CARTESIAN_POINT('',(-1.759305964,9.771735341,7.05));
#2225=CARTESIAN_POINT('',(-1.074476049,8.934160318,7.05));
#2226=CARTESIAN_POINT('',(-0.323829695,8.20823259,7.05));
#2227=CARTESIAN_POINT('',(0.450742332,7.593347678,7.05));
#2228=B_SPLINE_CURVE_WITH_KNOTS('',3,(#2221,#2222,#2223,#2224,#2225,#2226,#2227),.UNSPECIFIED.,.F.,.F.,(4,3,4),(0.807652588,0.8391946,0.870736611),.UNSPECIFIED.);
#2229=EDGE_CURVE('',#2220,#2205,#2228,.T.);
#2230=ORIENTED_EDGE('',*,*,#2229,.F.);
#2231=CARTESIAN_POINT('',(-5.384026998,12.6,10.978571429));
#2232=CARTESIAN_POINT('',(-5.106328144,12.6,10.72839556));
#2233=CARTESIAN_POINT('',(-4.85523849,12.6,10.454990659));
#2234=CARTESIAN_POINT('',(-4.631787015,12.6,10.157458456));
#2235=CARTESIAN_POINT('',(-4.520061278,12.6,10.008692354));
#2236=CARTESIAN_POINT('',(-4.415012987,12.6,9.853236842));
#2237=CARTESIAN_POINT('',(-4.319109287,12.6,9.694379888));
#2238=CARTESIAN_POINT('',(-4.223205588,12.6,9.535522934));
#2239=CARTESIAN_POINT('',(-4.135958272,12.6,9.372723826));
#2240=CARTESIAN_POINT('',(-4.057451499,12.6,9.205944238));
#2241=CARTESIAN_POINT('',(-3.978944725,12.6,9.039164649));
#2242=CARTESIAN_POINT('',(-3.909175417,12.6,8.868405982));
#2243=CARTESIAN_POINT('',(-3.848500298,12.6,8.693505783));
#2244=CARTESIAN_POINT('',(-3.787825179,12.6,8.518605584));
#2245=CARTESIAN_POINT('',(-3.736038065,12.6,8.338570602));
#2246=CARTESIAN_POINT('',(-3.694568152,12.6,8.156759952));
#2247=CARTESIAN_POINT('',(-3.611628327,12.6,7.793138652));
#2248=CARTESIAN_POINT('',(-3.569536791,12.6,7.424271885));
#2249=CARTESIAN_POINT('',(-3.569536791,12.6,7.05));
#2250=B_SPLINE_CURVE_WITH_KNOTS('',3,(#2231,#2232,#2233,#2234,#2235,#2236,#2237,#2238,#2239,#2240,#2241,#2242,#2243,#2244,#2245,#2246,#2247,#2248,#2249),.UNSPECIFIED.,.F.,.F.,(4,3,3,3,3,3,4),(0.,0.001113274,0.001669911,0.002226548,0.002783185,0.003339822,0.004453096),.UNSPECIFIED.);
#2251=EDGE_CURVE('',#2041,#2220,#2250,.T.);
#2252=ORIENTED_EDGE('',*,*,#2251,.F.);
#2253=EDGE_LOOP('',(#2202,#2203,#2218,#2230,#2252));
#2254=FACE_BOUND('',#2253,.T.);
#2255=ADVANCED_FACE('',(#2254),#2201,.T.);
#2256=CARTESIAN_POINT('',(-6.70231978,-9.6,-2.));
#2257=CARTESIAN_POINT('',(-6.70231978,-9.6,16.));
#2258=CARTESIAN_POINT('',(-6.70231978,9.6,-2.));
#2259=CARTESIAN_POINT('',(-6.70231978,9.6,16.));
#2260=B_SPLINE_SURFACE_WITH_KNOTS('',1,1,((#2256,#2257),(#2258,#2259)),.UNSPECIFIED.,.F.,.F.,.U.,(2,2),(2,2),(-0.012241576,0.006958424),(-0.,0.018),.UNSPECIFIED.);
#2261=CARTESIAN_POINT('',(-6.70231978,-7.5,8.928571429));
#2262=VERTEX_POINT('',#2261);
#2263=CARTESIAN_POINT('',(-6.70231978,-7.5,8.928571429));
#2264=CARTESIAN_POINT('',(-6.70231978,-7.5,16.));
#2265=B_SPLINE_CURVE_WITH_KNOTS('',1,(#2263,#2264),.UNSPECIFIED.,.F.,.F.,(2,2),(0.010928571,0.018),.UNSPECIFIED.);
#2266=EDGE_CURVE('',#2262,#1080,#2265,.T.);
#2267=ORIENTED_EDGE('',*,*,#2266,.F.);
#2268=CARTESIAN_POINT('',(-6.70231978,-7.614285714,7.614285714));
#2269=VERTEX_POINT('',#2268);
#2270=CARTESIAN_POINT('',(-6.70231978,7.5,8.928571429));
#2271=CARTESIAN_POINT('',(-6.70231978,8.363756557,3.99952586));
#2272=CARTESIAN_POINT('',(-6.70231978,4.181878278,1.251170046));
#2273=CARTESIAN_POINT('',(-6.70231978,0.,-1.497185767));
#2274=CARTESIAN_POINT('',(-6.70231978,-4.181878278,1.251170046));
#2275=CARTESIAN_POINT('',(-6.70231978,-8.363756557,3.99952586));
#2276=CARTESIAN_POINT('',(-6.70231978,-7.5,8.928571429));
#2277=(BOUNDED_CURVE()
B_SPLINE_CURVE(2,(#2270,#2271,#2272,#2273,#2274,#2275,#2276),.UNSPECIFIED.,.F.,.F.)
B_SPLINE_CURVE_WITH_KNOTS((3,2,2,3),(2.968115976,4.130964646,5.293813315,6.456661985),.UNSPECIFIED.)
CURVE()
GEOMETRIC_REPRESENTATION_ITEM()
RATIONAL_B_SPLINE_CURVE((1.,0.835681232,1.,0.835681232,1.,0.835681232,1.))
REPRESENTATION_ITEM(''));
#2278=EDGE_CURVE('',#2269,#2262,#2277,.T.);
#2279=ORIENTED_EDGE('',*,*,#2278,.F.);
#2280=CARTESIAN_POINT('',(-6.70231978,7.5,8.928571429));
#2281=CARTESIAN_POINT('',(-6.70231978,8.363756557,3.99952586));
#2282=CARTESIAN_POINT('',(-6.70231978,4.181878278,1.251170046));
#2283=CARTESIAN_POINT('',(-6.70231978,0.,-1.497185767));
#2284=CARTESIAN_POINT('',(-6.70231978,-4.181878278,1.251170046));
#2285=CARTESIAN_POINT('',(-6.70231978,-8.363756557,3.99952586));
#2286=CARTESIAN_POINT('',(-6.70231978,-7.5,8.928571429));
#2287=(BOUNDED_CURVE()
B_SPLINE_CURVE(2,(#2280,#2281,#2282,#2283,#2284,#2285,#2286),.UNSPECIFIED.,.F.,.F.)
B_SPLINE_CURVE_WITH_KNOTS((3,2,2,3),(2.968115976,4.130964646,5.293813315,6.456661985),.UNSPECIFIED.)
CURVE()
GEOMETRIC_REPRESENTATION_ITEM()
RATIONAL_B_SPLINE_CURVE((1.,0.835681232,1.,0.835681232,1.,0.835681232,1.))
REPRESENTATION_ITEM(''));
#2288=EDGE_CURVE('',#1298,#2269,#2287,.T.);
#2289=ORIENTED_EDGE('',*,*,#2288,.F.);
#2290=ORIENTED_EDGE('',*,*,#1302,.F.);
#2291=ORIENTED_EDGE('',*,*,#1176,.F.);
#2292=CARTESIAN_POINT('',(-6.70231978,9.6,-2.));
#2293=CARTESIAN_POINT('',(-6.70231978,9.6,16.));
#2294=B_SPLINE_CURVE_WITH_KNOTS('',1,(#2292,#2293),.UNSPECIFIED.,.F.,.F.,(2,2),(0.,0.018),.UNSPECIFIED.);
#2295=EDGE_CURVE('',#726,#1165,#2294,.T.);
#2296=ORIENTED_EDGE('',*,*,#2295,.F.);
#2297=ORIENTED_EDGE('',*,*,#730,.T.);
#2298=CARTESIAN_POINT('',(-6.70231978,-9.6,-2.));
#2299=CARTESIAN_POINT('',(-6.70231978,-9.6,16.));
#2300=B_SPLINE_CURVE_WITH_KNOTS('',1,(#2298,#2299),.UNSPECIFIED.,.F.,.F.,(2,2),(0.,0.018),.UNSPECIFIED.);
#2301=EDGE_CURVE('',#719,#1087,#2300,.T.);
#2302=ORIENTED_EDGE('',*,*,#2301,.T.);
#2303=ORIENTED_EDGE('',*,*,#1091,.F.);
#2304=EDGE_LOOP('',(#2267,#2279,#2289,#2290,#2291,#2296,#2297,#2302,#2303));
#2305=FACE_BOUND('',#2304,.T.);
#2306=ADVANCED_FACE('',(#2305),#2260,.F.);
#2307=CARTESIAN_POINT('',(0.377996717,-7.614285714,7.614285714));
#2308=CARTESIAN_POINT('',(-6.70231978,-7.614285714,7.614285714));
#2309=CARTESIAN_POINT('',(0.377996717,-7.614285714,8.276397516));
#2310=CARTESIAN_POINT('',(-6.70231978,-7.614285714,8.276397516));
#2311=CARTESIAN_POINT('',(0.377996717,-7.5,8.928571429));
#2312=CARTESIAN_POINT('',(-6.70231978,-7.5,8.928571429));
#2313=(BOUNDED_SURFACE()
B_SPLINE_SURFACE(2,1,((#2307,#2308),(#2309,#2310),(#2311,#2312)),.UNSPECIFIED.,.F.,.F.,.U.)
B_SPLINE_SURFACE_WITH_KNOTS((3,3),(2,2),(0.,0.200242528),(0.150463134,0.15754345),.UNSPECIFIED.)
GEOMETRIC_REPRESENTATION_ITEM()
RATIONAL_B_SPLINE_SURFACE(((1.,1.),(0.952195618,0.952195618),(0.913532271,0.913532271)))
REPRESENTATION_ITEM('')
SURFACE()
);
#2314=CARTESIAN_POINT('',(-6.70231978,-7.614285714,7.614285714));
#2315=CARTESIAN_POINT('',(0.377996717,-7.614285714,7.614285714));
#2316=B_SPLINE_CURVE_WITH_KNOTS('',1,(#2314,#2315),.UNSPECIFIED.,.F.,.F.,(2,2),(0.148133843,0.15521416),.UNSPECIFIED.);
#2317=EDGE_CURVE('',#2269,#1738,#2316,.T.);
#2318=ORIENTED_EDGE('',*,*,#2317,.F.);
#2319=ORIENTED_EDGE('',*,*,#2278,.T.);
#2320=CARTESIAN_POINT('',(0.040104713,-7.5,8.928571429));
#2321=CARTESIAN_POINT('',(-6.70231978,-7.5,8.928571429));
#2322=B_SPLINE_CURVE_WITH_KNOTS('',1,(#2320,#2321),.UNSPECIFIED.,.F.,.F.,(2,2),(0.075332867,0.082075291),.UNSPECIFIED.);
#2323=EDGE_CURVE('',#1750,#2262,#2322,.T.);
#2324=ORIENTED_EDGE('',*,*,#2323,.F.);
#2325=ORIENTED_EDGE('',*,*,#1759,.F.);
#2326=EDGE_LOOP('',(#2318,#2319,#2324,#2325));
#2327=FACE_BOUND('',#2326,.T.);
#2328=ADVANCED_FACE('',(#2327),#2313,.F.);
#2329=CARTESIAN_POINT('',(2.5,36.95,-13.));
#2330=CARTESIAN_POINT('',(2.5,36.95,1.089757028));
#2331=CARTESIAN_POINT('',(2.5,-36.95,-13.));
#2332=CARTESIAN_POINT('',(2.5,-36.95,1.089757028));
#2333=B_SPLINE_SURFACE_WITH_KNOTS('',1,1,((#2329,#2330),(#2331,#2332)),.UNSPECIFIED.,.F.,.F.,.U.,(2,2),(2,2),(-0.034308424,0.039591576),(-0.029,-0.014910243),.UNSPECIFIED.);
#2334=CARTESIAN_POINT('',(2.5,-3.925286278,1.089757028));
#2335=VERTEX_POINT('',#2334);
#2336=CARTESIAN_POINT('',(2.5,3.925286278,1.089757028));
#2337=VERTEX_POINT('',#2336);
#2338=CARTESIAN_POINT('',(2.5,-3.925286278,1.089757028));
#2339=CARTESIAN_POINT('',(2.5,-0.,-1.271773299));
#2340=CARTESIAN_POINT('',(2.5,3.925286278,1.089757028));
#2341=(BOUNDED_CURVE()
B_SPLINE_CURVE(2,(#2338,#2339,#2340),.UNSPECIFIED.,.F.,.F.)
B_SPLINE_CURVE_WITH_KNOTS((3,3),(4.17077923,5.25399873),.UNSPECIFIED.)
CURVE()
GEOMETRIC_REPRESENTATION_ITEM()
RATIONAL_B_SPLINE_CURVE((1.,0.85687994,1.))
REPRESENTATION_ITEM(''));
#2342=EDGE_CURVE('',#2335,#2337,#2341,.T.);
#2343=ORIENTED_EDGE('',*,*,#2342,.F.);
#2344=CARTESIAN_POINT('',(2.5,-5.611857088,0.15));
#2345=VERTEX_POINT('',#2344);
#2346=CARTESIAN_POINT('',(2.5,-3.925286278,1.089757028));
#2347=CARTESIAN_POINT('',(2.5,-3.965776989,1.01550309));
#2348=CARTESIAN_POINT('',(2.5,-4.011714839,0.944985933));
#2349=CARTESIAN_POINT('',(2.5,-4.062841716,0.878028491));
#2350=CARTESIAN_POINT('',(2.5,-4.113968593,0.811071048));
#2351=CARTESIAN_POINT('',(2.5,-4.170766655,0.74724229));
#2352=CARTESIAN_POINT('',(2.5,-4.231511172,0.68823809));
#2353=CARTESIAN_POINT('',(2.5,-4.353000205,0.570229691));
#2354=CARTESIAN_POINT('',(2.5,-4.489730429,0.471114373));
#2355=CARTESIAN_POINT('',(2.5,-4.63930676,0.390454805));
#2356=CARTESIAN_POINT('',(2.5,-4.788883091,0.309795237));
#2357=CARTESIAN_POINT('',(2.5,-4.946158625,0.250224442));
#2358=CARTESIAN_POINT('',(2.5,-5.110500056,0.210007736));
#2359=CARTESIAN_POINT('',(2.5,-5.192670771,0.189899384));
#2360=CARTESIAN_POINT('',(2.5,-5.276646037,0.17478554));
#2361=CARTESIAN_POINT('',(2.5,-5.360297033,0.164847728));
#2362=CARTESIAN_POINT('',(2.5,-5.44394803,0.154909916));
#2363=CARTESIAN_POINT('',(2.5,-5.527802976,0.149999984));
#2364=CARTESIAN_POINT('',(2.5,-5.611857088,0.15));
#2365=B_SPLINE_CURVE_WITH_KNOTS('',3,(#2346,#2347,#2348,#2349,#2350,#2351,#2352,#2353,#2354,#2355,#2356,#2357,#2358,#2359,#2360,#2361,#2362,#2363,#2364),.UNSPECIFIED.,.F.,.F.,(4,3,3,3,3,3,4),(0.007085323,0.007337313,0.007589304,0.008093285,0.008597266,0.008849257,0.009101247),.UNSPECIFIED.);
#2366=EDGE_CURVE('',#2335,#2345,#2365,.T.);
#2367=ORIENTED_EDGE('',*,*,#2366,.T.);
#2368=CARTESIAN_POINT('',(2.5,-12.6,0.15));
#2369=VERTEX_POINT('',#2368);
#2370=CARTESIAN_POINT('',(2.5,-12.6,0.15));
#2371=CARTESIAN_POINT('',(2.5,-5.611857088,0.15));
#2372=B_SPLINE_CURVE_WITH_KNOTS('',1,(#2370,#2371),.UNSPECIFIED.,.F.,.F.,(2,2),(-0.015241576,-0.008253433),.UNSPECIFIED.);
#2373=EDGE_CURVE('',#2369,#2345,#2372,.T.);
#2374=ORIENTED_EDGE('',*,*,#2373,.F.);
#2375=CARTESIAN_POINT('',(2.5,-12.6,0.15));
#2376=CARTESIAN_POINT('',(2.5,-12.6,-2.));
#2377=B_SPLINE_CURVE_WITH_KNOTS('',1,(#2375,#2376),.UNSPECIFIED.,.F.,.F.,(2,2),(0.01585,0.018),.UNSPECIFIED.);
#2378=EDGE_CURVE('',#2369,#656,#2377,.T.);
#2379=ORIENTED_EDGE('',*,*,#2378,.T.);
#2380=ORIENTED_EDGE('',*,*,#660,.T.);
#2381=CARTESIAN_POINT('',(2.5,-36.95,-2.));
#2382=CARTESIAN_POINT('',(2.5,-36.95,-13.));
#2383=B_SPLINE_CURVE_WITH_KNOTS('',1,(#2381,#2382),.UNSPECIFIED.,.F.,.F.,(2,2),(0.,0.011),.UNSPECIFIED.);
#2384=EDGE_CURVE('',#649,#544,#2383,.T.);
#2385=ORIENTED_EDGE('',*,*,#2384,.T.);
#2386=ORIENTED_EDGE('',*,*,#548,.T.);
#2387=CARTESIAN_POINT('',(2.5,36.95,-2.));
#2388=CARTESIAN_POINT('',(2.5,36.95,-13.));
#2389=B_SPLINE_CURVE_WITH_KNOTS('',1,(#2387,#2388),.UNSPECIFIED.,.F.,.F.,(2,2),(0.,0.011),.UNSPECIFIED.);
#2390=EDGE_CURVE('',#796,#537,#2389,.T.);
#2391=ORIENTED_EDGE('',*,*,#2390,.F.);
#2392=ORIENTED_EDGE('',*,*,#800,.F.);
#2393=CARTESIAN_POINT('',(2.5,12.6,0.15));
#2394=VERTEX_POINT('',#2393);
#2395=CARTESIAN_POINT('',(2.5,12.6,0.15));
#2396=CARTESIAN_POINT('',(2.5,12.6,-2.));
#2397=B_SPLINE_CURVE_WITH_KNOTS('',1,(#2395,#2396),.UNSPECIFIED.,.F.,.F.,(2,2),(0.01585,0.018),.UNSPECIFIED.);
#2398=EDGE_CURVE('',#2394,#789,#2397,.T.);
#2399=ORIENTED_EDGE('',*,*,#2398,.F.);
#2400=CARTESIAN_POINT('',(2.5,5.611857088,0.15));
#2401=VERTEX_POINT('',#2400);
#2402=CARTESIAN_POINT('',(2.5,5.611857088,0.15));
#2403=CARTESIAN_POINT('',(2.5,12.6,0.15));
#2404=B_SPLINE_CURVE_WITH_KNOTS('',1,(#2402,#2403),.UNSPECIFIED.,.F.,.F.,(2,2),(0.002970281,0.009958424),.UNSPECIFIED.);
#2405=EDGE_CURVE('',#2401,#2394,#2404,.T.);
#2406=ORIENTED_EDGE('',*,*,#2405,.F.);
#2407=CARTESIAN_POINT('',(2.5,5.611857088,0.15));
#2408=CARTESIAN_POINT('',(2.5,5.441699922,0.15));
#2409=CARTESIAN_POINT('',(2.5,5.274899674,0.169862583));
#2410=CARTESIAN_POINT('',(2.5,5.111486568,0.209766581));
#2411=CARTESIAN_POINT('',(2.5,4.948073461,0.249670578));
#2412=CARTESIAN_POINT('',(2.5,4.787096851,0.310781957));
#2413=CARTESIAN_POINT('',(2.5,4.639511896,0.390344201));
#2414=CARTESIAN_POINT('',(2.5,4.565719418,0.430125323));
#2415=CARTESIAN_POINT('',(2.5,4.4946849,0.474646743));
#2416=CARTESIAN_POINT('',(2.5,4.426567253,0.524181593));
#2417=CARTESIAN_POINT('',(2.5,4.358449607,0.573716443));
#2418=CARTESIAN_POINT('',(2.5,4.292751622,0.628794267));
#2419=CARTESIAN_POINT('',(2.5,4.231958675,0.687803563));
#2420=CARTESIAN_POINT('',(2.5,4.171165727,0.746812858));
#2421=CARTESIAN_POINT('',(2.5,4.11508647,0.809745391));
#2422=CARTESIAN_POINT('',(2.5,4.063850348,0.876708901));
#2423=CARTESIAN_POINT('',(2.5,4.012614226,0.94367241));
#2424=CARTESIAN_POINT('',(2.5,3.965903684,1.015270705));
#2425=CARTESIAN_POINT('',(2.5,3.925286278,1.089757028));
#2426=B_SPLINE_CURVE_WITH_KNOTS('',3,(#2407,#2408,#2409,#2410,#2411,#2412,#2413,#2414,#2415,#2416,#2417,#2418,#2419,#2420,#2421,#2422,#2423,#2424,#2425),.UNSPECIFIED.,.F.,.F.,(4,3,3,3,3,3,4),(0.009293493,0.009797942,0.010302391,0.010554616,0.01080684,0.011059065,0.01131129),.UNSPECIFIED.);
#2427=EDGE_CURVE('',#2401,#2337,#2426,.T.);
#2428=ORIENTED_EDGE('',*,*,#2427,.T.);
#2429=EDGE_LOOP('',(#2343,#2367,#2374,#2379,#2380,#2385,#2386,#2391,#2392,#2399,#2406,#2428));
#2430=FACE_BOUND('',#2429,.T.);
#2431=CARTESIAN_POINT('',(2.5,-32.95,-8.725));
#2432=VERTEX_POINT('',#2431);
#2433=CARTESIAN_POINT('',(2.5,-31.38260553,-4.920791472));
#2434=VERTEX_POINT('',#2433);
#2435=CARTESIAN_POINT('',(2.5,-31.38260553,-4.920791472));
#2436=CARTESIAN_POINT('',(2.5,-32.961814058,-3.353397002));
#2437=CARTESIAN_POINT('',(2.5,-34.529208528,-4.93260553));
#2438=CARTESIAN_POINT('',(2.5,-36.096602998,-6.511814058));
#2439=CARTESIAN_POINT('',(2.5,-34.51739447,-8.079208528));
#2440=CARTESIAN_POINT('',(2.5,-32.938185942,-9.646602998));
#2441=CARTESIAN_POINT('',(2.5,-31.370791472,-8.06739447));
#2442=CARTESIAN_POINT('',(2.5,-29.803397002,-6.488185942));
#2443=CARTESIAN_POINT('',(2.5,-31.38260553,-4.920791472));
#2444=(BOUNDED_CURVE()
B_SPLINE_CURVE(2,(#2435,#2436,#2437,#2438,#2439,#2440,#2441,#2442,#2443),.UNSPECIFIED.,.T.,.F.)
B_SPLINE_CURVE_WITH_KNOTS((3,2,2,2,3),(0.,1.570796327,3.141592654,4.71238898,6.283185307),.UNSPECIFIED.)
CURVE()
GEOMETRIC_REPRESENTATION_ITEM()
RATIONAL_B_SPLINE_CURVE((1.,0.707106781,1.,0.707106781,1.,0.707106781,1.,0.707106781,1.))
REPRESENTATION_ITEM(''));
#2445=EDGE_CURVE('',#2432,#2434,#2444,.T.);
#2446=ORIENTED_EDGE('',*,*,#2445,.F.);
#2447=CARTESIAN_POINT('',(2.5,-31.38260553,-4.920791472));
#2448=CARTESIAN_POINT('',(2.5,-32.961814058,-3.353397002));
#2449=CARTESIAN_POINT('',(2.5,-34.529208528,-4.93260553));
#2450=CARTESIAN_POINT('',(2.5,-36.096602998,-6.511814058));
#2451=CARTESIAN_POINT('',(2.5,-34.51739447,-8.079208528));
#2452=CARTESIAN_POINT('',(2.5,-32.938185942,-9.646602998));
#2453=CARTESIAN_POINT('',(2.5,-31.370791472,-8.06739447));
#2454=CARTESIAN_POINT('',(2.5,-29.803397002,-6.488185942));
#2455=CARTESIAN_POINT('',(2.5,-31.38260553,-4.920791472));
#2456=(BOUNDED_CURVE()
B_SPLINE_CURVE(2,(#2447,#2448,#2449,#2450,#2451,#2452,#2453,#2454,#2455),.UNSPECIFIED.,.T.,.F.)
B_SPLINE_CURVE_WITH_KNOTS((3,2,2,2,3),(0.,1.570796327,3.141592654,4.71238898,6.283185307),.UNSPECIFIED.)
CURVE()
GEOMETRIC_REPRESENTATION_ITEM()
RATIONAL_B_SPLINE_CURVE((1.,0.707106781,1.,0.707106781,1.,0.707106781,1.,0.707106781,1.))
REPRESENTATION_ITEM(''));
#2457=EDGE_CURVE('',#2434,#2432,#2456,.T.);
#2458=ORIENTED_EDGE('',*,*,#2457,.F.);
#2459=EDGE_LOOP('',(#2446,#2458));
#2460=FACE_BOUND('',#2459,.T.);
#2461=CARTESIAN_POINT('',(2.5,34.449463001,-4.856152163));
#2462=VERTEX_POINT('',#2461);
#2463=CARTESIAN_POINT('',(2.5,32.95,-8.725));
#2464=VERTEX_POINT('',#2463);
#2465=CARTESIAN_POINT('',(2.5,34.449463001,-4.856152163));
#2466=CARTESIAN_POINT('',(2.5,36.093310837,-6.355615164));
#2467=CARTESIAN_POINT('',(2.5,34.593847837,-7.999463001));
#2468=CARTESIAN_POINT('',(2.5,33.094384836,-9.643310837));
#2469=CARTESIAN_POINT('',(2.5,31.450536999,-8.143847837));
#2470=CARTESIAN_POINT('',(2.5,29.806689163,-6.644384836));
#2471=CARTESIAN_POINT('',(2.5,31.306152163,-5.000536999));
#2472=CARTESIAN_POINT('',(2.5,32.805615164,-3.356689163));
#2473=CARTESIAN_POINT('',(2.5,34.449463001,-4.856152163));
#2474=(BOUNDED_CURVE()
B_SPLINE_CURVE(2,(#2465,#2466,#2467,#2468,#2469,#2470,#2471,#2472,#2473),.UNSPECIFIED.,.T.,.F.)
B_SPLINE_CURVE_WITH_KNOTS((3,2,2,2,3),(0.,1.570796327,3.141592654,4.71238898,6.283185307),.UNSPECIFIED.)
CURVE()
GEOMETRIC_REPRESENTATION_ITEM()
RATIONAL_B_SPLINE_CURVE((1.,0.707106781,1.,0.707106781,1.,0.707106781,1.,0.707106781,1.))
REPRESENTATION_ITEM(''));
#2475=EDGE_CURVE('',#2462,#2464,#2474,.T.);
#2476=ORIENTED_EDGE('',*,*,#2475,.T.);
#2477=CARTESIAN_POINT('',(2.5,34.449463001,-4.856152163));
#2478=CARTESIAN_POINT('',(2.5,36.093310837,-6.355615164));
#2479=CARTESIAN_POINT('',(2.5,34.593847837,-7.999463001));
#2480=CARTESIAN_POINT('',(2.5,33.094384836,-9.643310837));
#2481=CARTESIAN_POINT('',(2.5,31.450536999,-8.143847837));
#2482=CARTESIAN_POINT('',(2.5,29.806689163,-6.644384836));
#2483=CARTESIAN_POINT('',(2.5,31.306152163,-5.000536999));
#2484=CARTESIAN_POINT('',(2.5,32.805615164,-3.356689163));
#2485=CARTESIAN_POINT('',(2.5,34.449463001,-4.856152163));
#2486=(BOUNDED_CURVE()
B_SPLINE_CURVE(2,(#2477,#2478,#2479,#2480,#2481,#2482,#2483,#2484,#2485),.UNSPECIFIED.,.T.,.F.)
B_SPLINE_CURVE_WITH_KNOTS((3,2,2,2,3),(0.,1.570796327,3.141592654,4.71238898,6.283185307),.UNSPECIFIED.)
CURVE()
GEOMETRIC_REPRESENTATION_ITEM()
RATIONAL_B_SPLINE_CURVE((1.,0.707106781,1.,0.707106781,1.,0.707106781,1.,0.707106781,1.))
REPRESENTATION_ITEM(''));
#2487=EDGE_CURVE('',#2464,#2462,#2486,.T.);
#2488=ORIENTED_EDGE('',*,*,#2487,.T.);
#2489=EDGE_LOOP('',(#2476,#2488));
#2490=FACE_BOUND('',#2489,.T.);
#2491=CARTESIAN_POINT('',(2.5,1.410793859,-4.779451922));
#2492=VERTEX_POINT('',#2491);
#2493=CARTESIAN_POINT('',(2.5,-0.,-8.725));
#2494=VERTEX_POINT('',#2493);
#2495=CARTESIAN_POINT('',(2.5,1.410793859,-4.779451922));
#2496=CARTESIAN_POINT('',(2.5,3.131341937,-6.190245782));
#2497=CARTESIAN_POINT('',(2.5,1.720548078,-7.910793859));
#2498=CARTESIAN_POINT('',(2.5,0.309754218,-9.631341937));
#2499=CARTESIAN_POINT('',(2.5,-1.410793859,-8.220548078));
#2500=CARTESIAN_POINT('',(2.5,-3.131341937,-6.809754218));
#2501=CARTESIAN_POINT('',(2.5,-1.720548078,-5.089206141));
#2502=CARTESIAN_POINT('',(2.5,-0.309754218,-3.368658063));
#2503=CARTESIAN_POINT('',(2.5,1.410793859,-4.779451922));
#2504=(BOUNDED_CURVE()
B_SPLINE_CURVE(2,(#2495,#2496,#2497,#2498,#2499,#2500,#2501,#2502,#2503),.UNSPECIFIED.,.T.,.F.)
B_SPLINE_CURVE_WITH_KNOTS((3,2,2,2,3),(0.,1.570796327,3.141592654,4.71238898,6.283185307),.UNSPECIFIED.)
CURVE()
GEOMETRIC_REPRESENTATION_ITEM()
RATIONAL_B_SPLINE_CURVE((1.,0.707106781,1.,0.707106781,1.,0.707106781,1.,0.707106781,1.))
REPRESENTATION_ITEM(''));
#2505=EDGE_CURVE('',#2492,#2494,#2504,.T.);
#2506=ORIENTED_EDGE('',*,*,#2505,.T.);
#2507=CARTESIAN_POINT('',(2.5,1.410793859,-4.779451922));
#2508=CARTESIAN_POINT('',(2.5,3.131341937,-6.190245782));
#2509=CARTESIAN_POINT('',(2.5,1.720548078,-7.910793859));
#2510=CARTESIAN_POINT('',(2.5,0.309754218,-9.631341937));
#2511=CARTESIAN_POINT('',(2.5,-1.410793859,-8.220548078));
#2512=CARTESIAN_POINT('',(2.5,-3.131341937,-6.809754218));
#2513=CARTESIAN_POINT('',(2.5,-1.720548078,-5.089206141));
#2514=CARTESIAN_POINT('',(2.5,-0.309754218,-3.368658063));
#2515=CARTESIAN_POINT('',(2.5,1.410793859,-4.779451922));
#2516=(BOUNDED_CURVE()
B_SPLINE_CURVE(2,(#2507,#2508,#2509,#2510,#2511,#2512,#2513,#2514,#2515),.UNSPECIFIED.,.T.,.F.)
B_SPLINE_CURVE_WITH_KNOTS((3,2,2,2,3),(0.,1.570796327,3.141592654,4.71238898,6.283185307),.UNSPECIFIED.)
CURVE()
GEOMETRIC_REPRESENTATION_ITEM()
RATIONAL_B_SPLINE_CURVE((1.,0.707106781,1.,0.707106781,1.,0.707106781,1.,0.707106781,1.))
REPRESENTATION_ITEM(''));
#2517=EDGE_CURVE('',#2494,#2492,#2516,.T.);
#2518=ORIENTED_EDGE('',*,*,#2517,.T.);
#2519=EDGE_LOOP('',(#2506,#2518));
#2520=FACE_BOUND('',#2519,.T.);
#2521=ADVANCED_FACE('',(#2430,#2460,#2490,#2520),#2333,.F.);
#2522=CARTESIAN_POINT('',(-5.469095295,-12.600131311,3.044479076));
#2523=CARTESIAN_POINT('',(-5.281219784,-12.158008236,3.044479076));
#2524=CARTESIAN_POINT('',(-5.075492895,-11.728119767,3.044479076));
#2525=CARTESIAN_POINT('',(-4.853916716,-11.312664432,3.044479076));
#2526=CARTESIAN_POINT('',(-4.254910005,-10.189526848,3.044479076));
#2527=CARTESIAN_POINT('',(-3.541137699,-9.171993844,3.044479076));
#2528=CARTESIAN_POINT('',(-2.761496012,-8.278654411,3.044479076));
#2529=CARTESIAN_POINT('',(-2.019048023,-7.427932757,3.044479076));
#2530=CARTESIAN_POINT('',(-1.217533681,-6.689415078,3.044479076));
#2531=CARTESIAN_POINT('',(-0.39524687,-6.060260894,3.044479076));
#2532=CARTESIAN_POINT('',(-5.445004084,-12.610373973,3.070128908));
#2533=CARTESIAN_POINT('',(-5.257431625,-12.168964065,3.070128908));
#2534=CARTESIAN_POINT('',(-5.052036584,-11.739769028,3.070128908));
#2535=CARTESIAN_POINT('',(-4.830817819,-11.324983843,3.070128908));
#2536=CARTESIAN_POINT('',(-4.232777336,-10.203657938,3.070128908));
#2537=CARTESIAN_POINT('',(-3.520156382,-9.187766267,3.070128908));
#2538=CARTESIAN_POINT('',(-2.741772297,-8.295867836,3.070128908));
#2539=CARTESIAN_POINT('',(-2.000521914,-7.446518439,3.070128908));
#2540=CARTESIAN_POINT('',(-1.200300455,-6.709192026,3.070128908));
#2541=CARTESIAN_POINT('',(-0.379340035,-6.0810527,3.070128908));
#2542=CARTESIAN_POINT('',(-5.420912872,-12.620616635,3.09577874));
#2543=CARTESIAN_POINT('',(-5.233643467,-12.179919894,3.09577874));
#2544=CARTESIAN_POINT('',(-5.028580273,-11.751418289,3.09577874));
#2545=CARTESIAN_POINT('',(-4.807718922,-11.337303255,3.09577874));
#2546=CARTESIAN_POINT('',(-4.210644667,-10.217789028,3.09577874));
#2547=CARTESIAN_POINT('',(-3.499175064,-9.203538689,3.09577874));
#2548=CARTESIAN_POINT('',(-2.722048581,-8.313081261,3.09577874));
#2549=CARTESIAN_POINT('',(-1.981995804,-7.465104121,3.09577874));
#2550=CARTESIAN_POINT('',(-1.183067229,-6.728968975,3.09577874));
#2551=CARTESIAN_POINT('',(-0.363433199,-6.101844507,3.09577874));
#2552=CARTESIAN_POINT('',(-5.396821661,-12.630859297,3.121428571));
#2553=CARTESIAN_POINT('',(-5.209855308,-12.190875724,3.121428571));
#2554=CARTESIAN_POINT('',(-5.005123963,-11.76306755,3.121428571));
#2555=CARTESIAN_POINT('',(-4.784620025,-11.349622667,3.121428571));
#2556=CARTESIAN_POINT('',(-4.188511999,-10.231920118,3.121428571));
#2557=CARTESIAN_POINT('',(-3.478193747,-9.219311112,3.121428571));
#2558=CARTESIAN_POINT('',(-2.702324865,-8.330294685,3.121428571));
#2559=CARTESIAN_POINT('',(-1.963469695,-7.483689803,3.121428571));
#2560=CARTESIAN_POINT('',(-1.165834004,-6.748745924,3.121428571));
#2561=CARTESIAN_POINT('',(-0.347526364,-6.122636313,3.121428571));
#2562=CARTESIAN_POINT('',(-5.163398328,-12.730101973,3.369953609));
#2563=CARTESIAN_POINT('',(-4.979368298,-12.297028382,3.369953609));
#2564=CARTESIAN_POINT('',(-4.777852277,-11.875938974,3.369953609));
#2565=CARTESIAN_POINT('',(-4.560811374,-11.468987281,3.369953609));
#2566=CARTESIAN_POINT('',(-3.974065278,-10.368838352,3.369953609));
#2567=CARTESIAN_POINT('',(-3.274902639,-9.372132462,3.369953609));
#2568=CARTESIAN_POINT('',(-2.511218848,-8.497078118,3.369953609));
#2569=CARTESIAN_POINT('',(-1.783967465,-7.663769242,3.369953609));
#2570=CARTESIAN_POINT('',(-0.998858715,-6.940367723,3.369953609));
#2571=CARTESIAN_POINT('',(-0.193402671,-6.324091221,3.369953609));
#2572=CARTESIAN_POINT('',(-4.947687164,-12.821814113,3.648223874));
#2573=CARTESIAN_POINT('',(-4.766370649,-12.395126174,3.648223874));
#2574=CARTESIAN_POINT('',(-4.567825973,-11.980245712,3.648223874));
#2575=CARTESIAN_POINT('',(-4.353985329,-11.579294505,3.648223874));
#2576=CARTESIAN_POINT('',(-3.775890781,-10.495367226,3.648223874));
#2577=CARTESIAN_POINT('',(-3.087037265,-9.513357723,3.648223874));
#2578=CARTESIAN_POINT('',(-2.334613961,-8.65120602,3.648223874));
#2579=CARTESIAN_POINT('',(-1.61808587,-7.830184249,3.648223874));
#2580=CARTESIAN_POINT('',(-0.844553515,-7.117449256,3.648223874));
#2581=CARTESIAN_POINT('',(-0.050973887,-6.510259724,3.648223874));
#2582=CARTESIAN_POINT('',(-4.75796445,-12.902476957,3.950420074));
#2583=CARTESIAN_POINT('',(-4.579034532,-12.48140534,3.950420074));
#2584=CARTESIAN_POINT('',(-4.38310322,-12.071985783,3.950420074));
#2585=CARTESIAN_POINT('',(-4.172077274,-11.676312134,3.950420074));
#2586=CARTESIAN_POINT('',(-3.601591951,-10.606652154,3.950420074));
#2587=CARTESIAN_POINT('',(-2.921805537,-9.637568447,3.950420074));
#2588=CARTESIAN_POINT('',(-2.179286078,-8.7867649,3.950420074));
#2589=CARTESIAN_POINT('',(-1.472189358,-7.976549908,3.950420074));
#2590=CARTESIAN_POINT('',(-0.708838698,-7.273196358,3.950420074));
#2591=CARTESIAN_POINT('',(0.074295361,-6.673999018,3.950420074));
#2592=CARTESIAN_POINT('',(-4.568241736,-12.983139801,4.252616273));
#2593=CARTESIAN_POINT('',(-4.391698414,-12.567684505,4.252616273));
#2594=CARTESIAN_POINT('',(-4.198380466,-12.163725853,4.252616273));
#2595=CARTESIAN_POINT('',(-3.990169218,-11.773329764,4.252616273));
#2596=CARTESIAN_POINT('',(-3.427293121,-10.717937082,4.252616273));
#2597=CARTESIAN_POINT('',(-2.756573809,-9.761779171,4.252616273));
#2598=CARTESIAN_POINT('',(-2.023958195,-8.92232378,4.252616273));
#2599=CARTESIAN_POINT('',(-1.326292845,-8.122915567,4.252616273));
#2600=CARTESIAN_POINT('',(-0.573123881,-7.428943461,4.252616273));
#2601=CARTESIAN_POINT('',(0.199564609,-6.837738312,4.252616273));
#2602=CARTESIAN_POINT('',(-4.404619558,-13.052705696,4.578659596));
#2603=CARTESIAN_POINT('',(-4.230134504,-12.642094073,4.578659596));
#2604=CARTESIAN_POINT('',(-4.039070393,-12.242845057,4.578659596));
#2605=CARTESIAN_POINT('',(-3.83328662,-11.857000483,4.578659596));
#2606=CARTESIAN_POINT('',(-3.276972933,-10.813912318,4.578659596));
#2607=CARTESIAN_POINT('',(-2.614073342,-9.868901975,4.578659596));
#2608=CARTESIAN_POINT('',(-1.889999081,-9.039233551,4.578659596));
#2609=CARTESIAN_POINT('',(-1.20046761,-8.249145407,4.578659596));
#2610=CARTESIAN_POINT('',(-0.456079624,-7.563264121,4.578659596));
#2611=CARTESIAN_POINT('',(0.307600314,-6.978951662,4.578659596));
#2612=CARTESIAN_POINT('',(-4.272879069,-13.108716714,4.919341642));
#2613=CARTESIAN_POINT('',(-4.10005123,-12.702004977,4.919341642));
#2614=CARTESIAN_POINT('',(-3.910801799,-12.306547928,4.919341642));
#2615=CARTESIAN_POINT('',(-3.706972508,-11.924368009,4.919341642));
#2616=CARTESIAN_POINT('',(-3.155942548,-10.891186834,4.919341642));
#2617=CARTESIAN_POINT('',(-2.499339012,-9.955151962,4.919341642));
#2618=CARTESIAN_POINT('',(-1.782141826,-9.13336352,4.919341642));
#2619=CARTESIAN_POINT('',(-1.099159351,-8.350779434,4.919341642));
#2620=CARTESIAN_POINT('',(-0.361841375,-7.671412476,4.919341642));
#2621=CARTESIAN_POINT('',(0.394585323,-7.09264967,4.919341642));
#2622=CARTESIAN_POINT('',(-4.141138581,-13.164727733,5.260023688));
#2623=CARTESIAN_POINT('',(-3.969967957,-12.761915882,5.260023688));
#2624=CARTESIAN_POINT('',(-3.782533204,-12.3702508,5.260023688));
#2625=CARTESIAN_POINT('',(-3.580658396,-11.991735536,5.260023688));
#2626=CARTESIAN_POINT('',(-3.034912164,-10.96846135,5.260023688));
#2627=CARTESIAN_POINT('',(-2.384604681,-10.041401948,5.260023688));
#2628=CARTESIAN_POINT('',(-1.674284571,-9.227493488,5.260023688));
#2629=CARTESIAN_POINT('',(-0.997851092,-8.452413461,5.260023688));
#2630=CARTESIAN_POINT('',(-0.267603127,-7.779560831,5.260023688));
#2631=CARTESIAN_POINT('',(0.481570331,-7.206347678,5.260023688));
#2632=CARTESIAN_POINT('',(-4.04133306,-13.207161225,5.615206679));
#2633=CARTESIAN_POINT('',(-3.871417929,-12.807303896,5.615206679));
#2634=CARTESIAN_POINT('',(-3.685357962,-12.418511577,5.615206679));
#2635=CARTESIAN_POINT('',(-3.484963854,-12.042772625,5.615206679));
#2636=CARTESIAN_POINT('',(-2.943220531,-11.027003893,5.615206679));
#2637=CARTESIAN_POINT('',(-2.297682887,-10.106744235,5.615206679));
#2638=CARTESIAN_POINT('',(-1.592572793,-9.298805585,5.615206679));
#2639=CARTESIAN_POINT('',(-0.921100781,-8.529410572,5.615206679));
#2640=CARTESIAN_POINT('',(-0.196208997,-7.861493144,5.615206679));
#2641=CARTESIAN_POINT('',(0.547469465,-7.292484362,5.615206679));
#2642=CARTESIAN_POINT('',(-3.975469476,-13.235163903,5.973958864));
#2643=CARTESIAN_POINT('',(-3.806382868,-12.837256319,5.973958864));
#2644=CARTESIAN_POINT('',(-3.621230149,-12.450359792,5.973958864));
#2645=CARTESIAN_POINT('',(-3.421813184,-12.076452982,5.973958864));
#2646=CARTESIAN_POINT('',(-2.882711457,-11.065637244,5.973958864));
#2647=CARTESIAN_POINT('',(-2.240321522,-10.149864868,5.973958864));
#2648=CARTESIAN_POINT('',(-1.538649617,-9.345865811,5.973958864));
#2649=CARTESIAN_POINT('',(-0.870451773,-8.580222447,5.973958864));
#2650=CARTESIAN_POINT('',(-0.149094637,-7.915561854,5.973958864));
#2651=CARTESIAN_POINT('',(0.590957573,-7.349327619,5.973958864));
#2652=CARTESIAN_POINT('',(-3.909605891,-13.263166581,6.332711049));
#2653=CARTESIAN_POINT('',(-3.741347807,-12.867208743,6.332711049));
#2654=CARTESIAN_POINT('',(-3.557102336,-12.482208008,6.332711049));
#2655=CARTESIAN_POINT('',(-3.358662513,-12.11013334,6.332711049));
#2656=CARTESIAN_POINT('',(-2.822202383,-11.104270596,6.332711049));
#2657=CARTESIAN_POINT('',(-2.182960156,-10.192985501,6.332711049));
#2658=CARTESIAN_POINT('',(-1.484726442,-9.392926036,6.332711049));
#2659=CARTESIAN_POINT('',(-0.819802765,-8.631034323,6.332711049));
#2660=CARTESIAN_POINT('',(-0.101980276,-7.969630564,6.332711049));
#2661=CARTESIAN_POINT('',(0.63444568,-7.406170875,6.332711049));
#2662=CARTESIAN_POINT('',(-3.877657604,-13.276749771,6.694890274));
#2663=CARTESIAN_POINT('',(-3.70980141,-12.881737692,6.694890274));
#2664=CARTESIAN_POINT('',(-3.525996015,-12.497656543,6.694890274));
#2665=CARTESIAN_POINT('',(-3.328030173,-12.126470588,6.694890274));
#2666=CARTESIAN_POINT('',(-2.792851395,-11.123010381,6.694890274));
#2667=CARTESIAN_POINT('',(-2.15513602,-10.21390192,6.694890274));
#2668=CARTESIAN_POINT('',(-1.45857006,-9.415753425,6.694890274));
#2669=CARTESIAN_POINT('',(-0.795234575,-8.655681515,6.694890274));
#2670=CARTESIAN_POINT('',(-0.079126629,-7.995857541,6.694890274));
#2671=CARTESIAN_POINT('',(0.655540349,-7.433743694,6.694890274));
#2672=CARTESIAN_POINT('',(-3.877657604,-13.276749771,7.05));
#2673=CARTESIAN_POINT('',(-3.70980141,-12.881737692,7.05));
#2674=CARTESIAN_POINT('',(-3.525996015,-12.497656543,7.05));
#2675=CARTESIAN_POINT('',(-3.328030173,-12.126470588,7.05));
#2676=CARTESIAN_POINT('',(-2.792851395,-11.123010381,7.05));
#2677=CARTESIAN_POINT('',(-2.15513602,-10.21390192,7.05));
#2678=CARTESIAN_POINT('',(-1.45857006,-9.415753425,7.05));
#2679=CARTESIAN_POINT('',(-0.795234575,-8.655681515,7.05));
#2680=CARTESIAN_POINT('',(-0.079126629,-7.995857541,7.05));
#2681=CARTESIAN_POINT('',(0.655540349,-7.433743694,7.05));
#2682=B_SPLINE_SURFACE_WITH_KNOTS('',3,3,((#2522,#2523,#2524,#2525,#2526,#2527,#2528,#2529,#2530,#2531),(#2532,#2533,#2534,#2535,#2536,#2537,#2538,#2539,#2540,#2541),(#2542,#2543,#2544,#2545,#2546,#2547,#2548,#2549,#2550,#2551),(#2552,#2553,#2554,#2555,#2556,#2557,#2558,#2559,#2560,#2561),(#2562,#2563,#2564,#2565,#2566,#2567,#2568,#2569,#2570,#2571),(#2572,#2573,#2574,#2575,#2576,#2577,#2578,#2579,#2580,#2581),(#2582,#2583,#2584,#2585,#2586,#2587,#2588,#2589,#2590,#2591),(#2592,#2593,#2594,#2595,#2596,#2597,#2598,#2599,#2600,#2601),(#2602,#2603,#2604,#2605,#2606,#2607,#2608,#2609,#2610,#2611),(#2612,#2613,#2614,#2615,#2616,#2617,#2618,#2619,#2620,#2621),(#2622,#2623,#2624,#2625,#2626,#2627,#2628,#2629,#2630,#2631),(#2632,#2633,#2634,#2635,#2636,#2637,#2638,#2639,#2640,#2641),(#2642,#2643,#2644,#2645,#2646,#2647,#2648,#2649,#2650,#2651),(#2652,#2653,#2654,#2655,#2656,#2657,#2658,#2659,#2660,#2661),(#2662,#2663,#2664,#2665,#2666,#2667,#2668,#2669,#2670,#2671),(#2672,#2673,#2674,#2675,#2676,#2677,#2678,#2679,#2680,#2681)),.UNSPECIFIED.,.F.,.F.,.U.,(4,3,3,3,3,4),(4,3,3,4),(-0.020273047,0.,0.25,0.5,0.75,1.),(0.800940437,0.8125,0.84375,0.873509183),.UNSPECIFIED.);
#2683=CARTESIAN_POINT('',(-5.469404302,-12.6,3.044479076));
#2684=VERTEX_POINT('',#2683);
#2685=CARTESIAN_POINT('',(-0.434656183,-6.090501969,3.044479076));
#2686=VERTEX_POINT('',#2685);
#2687=CARTESIAN_POINT('',(-5.469404302,-12.6,3.044479076));
#2688=CARTESIAN_POINT('',(-3.805089571,-8.685455279,3.044479076));
#2689=CARTESIAN_POINT('',(-0.434656183,-6.090501969,3.044479076));
#2690=(BOUNDED_CURVE()
B_SPLINE_CURVE(2,(#2687,#2688,#2689),.UNSPECIFIED.,.F.,.F.)
B_SPLINE_CURVE_WITH_KNOTS((3,3),(5.114396634,5.627058819),.UNSPECIFIED.)
CURVE()
GEOMETRIC_REPRESENTATION_ITEM()
RATIONAL_B_SPLINE_CURVE((1.,0.967326677,1.))
REPRESENTATION_ITEM(''));
#2691=EDGE_CURVE('',#2684,#2686,#2690,.T.);
#2692=ORIENTED_EDGE('',*,*,#2691,.T.);
#2693=CARTESIAN_POINT('',(-0.434656183,-6.090501969,3.044479076));
#2694=CARTESIAN_POINT('',(-0.38874295,-6.139823824,3.110213774));
#2695=CARTESIAN_POINT('',(-0.340290328,-6.187350104,3.175720791));
#2696=CARTESIAN_POINT('',(-0.295578536,-6.234736495,3.243312393));
#2697=CARTESIAN_POINT('',(-0.250866743,-6.282122887,3.310903995));
#2698=CARTESIAN_POINT('',(-0.208421268,-6.328959644,3.380050491));
#2699=CARTESIAN_POINT('',(-0.168083394,-6.375127535,3.45074205));
#2700=CARTESIAN_POINT('',(-0.087407646,-6.467463318,3.592125166));
#2701=CARTESIAN_POINT('',(-0.015131984,-6.557118751,3.739675419));
#2702=CARTESIAN_POINT('',(0.04965023,-6.643243047,3.893443235));
#2703=CARTESIAN_POINT('',(0.114432444,-6.729367344,4.047211052));
#2704=CARTESIAN_POINT('',(0.171821529,-6.812191627,4.207816089));
#2705=CARTESIAN_POINT('',(0.221273034,-6.889141983,4.371282527));
#2706=CARTESIAN_POINT('',(0.270724539,-6.966092339,4.534748965));
#2707=CARTESIAN_POINT('',(0.312599141,-7.037621224,4.70178487));
#2708=CARTESIAN_POINT('',(0.347634371,-7.103457346,4.872344674));
#2709=CARTESIAN_POINT('',(0.382669602,-7.169293468,5.042904477));
#2710=CARTESIAN_POINT('',(0.410859332,-7.229440303,5.216988096));
#2711=CARTESIAN_POINT('',(0.432522447,-7.283582075,5.394650814));
#2712=CARTESIAN_POINT('',(0.454185561,-7.337723848,5.572313533));
#2713=CARTESIAN_POINT('',(0.469344202,-7.386046506,5.754449731));
#2714=CARTESIAN_POINT('',(0.477843363,-7.427429344,5.937789286));
#2715=CARTESIAN_POINT('',(0.494841685,-7.510195021,6.304468397));
#2716=CARTESIAN_POINT('',(0.485827716,-7.565495558,6.675206466));
#2717=CARTESIAN_POINT('',(0.450742364,-7.593347652,7.05));
#2718=B_SPLINE_CURVE_WITH_KNOTS('',3,(#2693,#2694,#2695,#2696,#2697,#2698,#2699,#2700,#2701,#2702,#2703,#2704,#2705,#2706,#2707,#2708,#2709,#2710,#2711,#2712,#2713,#2714,#2715,#2716,#2717),.UNSPECIFIED.,.F.,.F.,(4,3,3,3,3,3,3,3,4),(0.,0.00028062,0.00056124,0.00112248,0.001683719,0.002244959,0.002806199,0.003367439,0.004489919),.UNSPECIFIED.);
#2719=EDGE_CURVE('',#2686,#1736,#2718,.T.);
#2720=ORIENTED_EDGE('',*,*,#2719,.T.);
#2721=ORIENTED_EDGE('',*,*,#1804,.F.);
#2722=CARTESIAN_POINT('',(-3.569536791,-12.6,7.05));
#2723=CARTESIAN_POINT('',(-3.569536791,-12.6,6.66601689));
#2724=CARTESIAN_POINT('',(-3.613816903,-12.6,6.288281098));
#2725=CARTESIAN_POINT('',(-3.700729912,-12.6,5.916560224));
#2726=CARTESIAN_POINT('',(-3.744186416,-12.6,5.730699787));
#2727=CARTESIAN_POINT('',(-3.798688329,-12.6,5.545850537));
#2728=CARTESIAN_POINT('',(-3.862523446,-12.6,5.36660064));
#2729=CARTESIAN_POINT('',(-3.926358563,-12.6,5.187350742));
#2730=CARTESIAN_POINT('',(-3.99969857,-12.6,5.012674218));
#2731=CARTESIAN_POINT('',(-4.082123714,-12.6,4.842369097));
#2732=CARTESIAN_POINT('',(-4.164548857,-12.6,4.672063976));
#2733=CARTESIAN_POINT('',(-4.256062659,-12.6,4.506131954));
#2734=CARTESIAN_POINT('',(-4.35654763,-12.6,4.344516498));
#2735=CARTESIAN_POINT('',(-4.4570326,-12.6,4.182901043));
#2736=CARTESIAN_POINT('',(-4.567045273,-12.6,4.024982378));
#2737=CARTESIAN_POINT('',(-4.68400906,-12.6,3.874103377));
#2738=CARTESIAN_POINT('',(-4.800972847,-12.6,3.723224376));
#2739=CARTESIAN_POINT('',(-4.925122432,-12.6,3.578846835));
#2740=CARTESIAN_POINT('',(-5.056207424,-12.6,3.44074421));
#2741=CARTESIAN_POINT('',(-5.121749919,-12.6,3.371692897));
#2742=CARTESIAN_POINT('',(-5.189030245,-12.6,3.304213913));
#2743=CARTESIAN_POINT('',(-5.258039054,-12.6,3.2382988));
#2744=CARTESIAN_POINT('',(-5.327047862,-12.6,3.172383686));
#2745=CARTESIAN_POINT('',(-5.39835227,-12.6,3.108545552));
#2746=CARTESIAN_POINT('',(-5.469404302,-12.6,3.044479076));
#2747=B_SPLINE_CURVE_WITH_KNOTS('',3,(#2722,#2723,#2724,#2725,#2726,#2727,#2728,#2729,#2730,#2731,#2732,#2733,#2734,#2735,#2736,#2737,#2738,#2739,#2740,#2741,#2742,#2743,#2744,#2745,#2746),.UNSPECIFIED.,.F.,.F.,(4,3,3,3,3,3,3,3,4),(0.,0.001140653,0.001710979,0.002281305,0.002851632,0.003421958,0.003992285,0.004277448,0.004562611),.UNSPECIFIED.);
#2748=EDGE_CURVE('',#1773,#2684,#2747,.T.);
#2749=ORIENTED_EDGE('',*,*,#2748,.T.);
#2750=EDGE_LOOP('',(#2692,#2720,#2721,#2749));
#2751=FACE_BOUND('',#2750,.T.);
#2752=ADVANCED_FACE('',(#2751),#2682,.F.);
#2753=CARTESIAN_POINT('',(-5.549700338,-12.792278753,3.044479076));
#2754=CARTESIAN_POINT('',(-6.01858581,-12.599996731,2.547938118));
#2755=CARTESIAN_POINT('',(-6.01858581,-12.599996731,1.838446128));
#2756=CARTESIAN_POINT('',(-3.643351352,-8.143589615,3.044479076));
#2757=CARTESIAN_POINT('',(-4.052708855,-7.806146858,2.547938118));
#2758=CARTESIAN_POINT('',(-4.052708855,-7.806146858,1.838446128));
#2759=CARTESIAN_POINT('',(0.55613538,-5.38518639,3.044479076));
#2760=CARTESIAN_POINT('',(0.277911743,-4.961609279,2.547938118));
#2761=CARTESIAN_POINT('',(0.277911743,-4.961609279,1.838446128));
#2762=(BOUNDED_SURFACE()
B_SPLINE_SURFACE(2,2,((#2753,#2754,#2755),(#2756,#2757,#2758),(#2759,#2760,#2761)),.UNSPECIFIED.,.F.,.F.,.U.)
B_SPLINE_SURFACE_WITH_KNOTS((3,3),(3,3),(5.113888955,5.666446331),(5.488112312,6.283185307),.UNSPECIFIED.)
GEOMETRIC_REPRESENTATION_ITEM()
RATIONAL_B_SPLINE_SURFACE(((0.643082709,0.641706847,0.753398643),(0.629954256,0.628606482,0.738018104),(0.676238536,0.674791738,0.7922421)))
REPRESENTATION_ITEM('')
SURFACE()
);
#2763=CARTESIAN_POINT('',(0.277889196,-4.961574952,1.838446135));
#2764=VERTEX_POINT('',#2763);
#2765=CARTESIAN_POINT('',(-6.018571238,-12.6,1.838446132));
#2766=VERTEX_POINT('',#2765);
#2767=CARTESIAN_POINT('',(0.277911743,-4.961609279,1.838446128));
#2768=CARTESIAN_POINT('',(-4.052707708,-7.806146105,1.838446128));
#2769=CARTESIAN_POINT('',(-6.01858486,-12.599994414,1.838446128));
#2770=(BOUNDED_CURVE()
B_SPLINE_CURVE(2,(#2767,#2768,#2769),.UNSPECIFIED.,.F.,.F.)
B_SPLINE_CURVE_WITH_KNOTS((3,3),(0.616738977,1.169296216),.UNSPECIFIED.)
CURVE()
GEOMETRIC_REPRESENTATION_ITEM()
RATIONAL_B_SPLINE_CURVE((0.7922421,0.738018118,0.753398636))
REPRESENTATION_ITEM(''));
#2771=EDGE_CURVE('',#2764,#2766,#2770,.T.);
#2772=ORIENTED_EDGE('',*,*,#2771,.F.);
#2773=CARTESIAN_POINT('',(-0.434656183,-6.090501969,3.044479076));
#2774=CARTESIAN_POINT('',(-0.481398414,-6.040289694,2.97755795));
#2775=CARTESIAN_POINT('',(-0.510156112,-5.984247509,2.905244803));
#2776=CARTESIAN_POINT('',(-0.520655232,-5.92486665,2.8316816));
#2777=CARTESIAN_POINT('',(-0.531154352,-5.865485792,2.758118398));
#2778=CARTESIAN_POINT('',(-0.523369949,-5.803638234,2.684411787));
#2779=CARTESIAN_POINT('',(-0.502901769,-5.74301223,2.614769992));
#2780=CARTESIAN_POINT('',(-0.461965409,-5.621760222,2.4754864));
#2781=CARTESIAN_POINT('',(-0.372730884,-5.504002854,2.35050817));
#2782=CARTESIAN_POINT('',(-0.266533658,-5.394594787,2.240674821));
#2783=CARTESIAN_POINT('',(-0.160336431,-5.285186719,2.130841473));
#2784=CARTESIAN_POINT('',(-0.033696372,-5.181218094,2.033109677));
#2785=CARTESIAN_POINT('',(0.100927139,-5.083579679,1.945550001));
#2786=CARTESIAN_POINT('',(0.23555065,-4.985941264,1.857990325));
#2787=CARTESIAN_POINT('',(0.378837137,-4.894162237,1.780134544));
#2788=CARTESIAN_POINT('',(0.527971706,-4.806424787,1.708726663));
#2789=CARTESIAN_POINT('',(0.826240846,-4.630949886,1.565910902));
#2790=CARTESIAN_POINT('',(1.148903855,-4.471125629,1.448430369));
#2791=CARTESIAN_POINT('',(1.479685098,-4.325315214,1.347787869));
#2792=CARTESIAN_POINT('',(1.810466341,-4.179504798,1.24714537));
#2793=CARTESIAN_POINT('',(2.151427506,-4.046977125,1.162968998));
#2794=CARTESIAN_POINT('',(2.5,-3.925286278,1.089757028));
#2795=B_SPLINE_CURVE_WITH_KNOTS('',3,(#2773,#2774,#2775,#2776,#2777,#2778,#2779,#2780,#2781,#2782,#2783,#2784,#2785,#2786,#2787,#2788,#2789,#2790,#2791,#2792,#2793,#2794),.UNSPECIFIED.,.F.,.F.,(4,3,3,3,3,3,3,4),(0.000000282,0.000283609,0.000566937,0.001133591,0.001700245,0.0022669,0.003400208,0.004533517),.UNSPECIFIED.);
#2796=EDGE_CURVE('',#2686,#2764,#2795,.T.);
#2797=ORIENTED_EDGE('',*,*,#2796,.F.);
#2798=ORIENTED_EDGE('',*,*,#2691,.F.);
#2799=CARTESIAN_POINT('',(-4.176123895,-12.6,0.15));
#2800=CARTESIAN_POINT('',(-4.261981446,-12.6,0.149999984));
#2801=CARTESIAN_POINT('',(-4.347648109,-12.6,0.155356799));
#2802=CARTESIAN_POINT('',(-4.43311904,-12.6,0.166206392));
#2803=CARTESIAN_POINT('',(-4.518589971,-12.6,0.177055984));
#2804=CARTESIAN_POINT('',(-4.604486506,-12.6,0.193597053));
#2805=CARTESIAN_POINT('',(-4.688042559,-12.6,0.215467925));
#2806=CARTESIAN_POINT('',(-4.855154667,-12.6,0.259209667));
#2807=CARTESIAN_POINT('',(-5.013933698,-12.6,0.32369006));
#2808=CARTESIAN_POINT('',(-5.163779824,-12.6,0.410401908));
#2809=CARTESIAN_POINT('',(-5.238702887,-12.6,0.453757832));
#2810=CARTESIAN_POINT('',(-5.311085516,-12.6,0.502744325));
#2811=CARTESIAN_POINT('',(-5.37862267,-12.6,0.555912346));
#2812=CARTESIAN_POINT('',(-5.446159824,-12.6,0.609080368));
#2813=CARTESIAN_POINT('',(-5.509504925,-12.6,0.66677842));
#2814=CARTESIAN_POINT('',(-5.568516603,-12.6,0.729159268));
#2815=CARTESIAN_POINT('',(-5.68653996,-12.6,0.853920965));
#2816=CARTESIAN_POINT('',(-5.78743895,-12.6,0.998680816));
#2817=CARTESIAN_POINT('',(-5.862471227,-12.6,1.155382328));
#2818=CARTESIAN_POINT('',(-5.899987366,-12.6,1.233733084));
#2819=CARTESIAN_POINT('',(-5.931174019,-12.6,1.315203386));
#2820=CARTESIAN_POINT('',(-5.955307976,-12.6,1.397737191));
#2821=CARTESIAN_POINT('',(-5.979441932,-12.6,1.480270996));
#2822=CARTESIAN_POINT('',(-5.996810913,-12.6,1.564428801));
#2823=CARTESIAN_POINT('',(-6.007216207,-12.6,1.650258308));
#2824=CARTESIAN_POINT('',(-6.0176215,-12.6,1.736087816));
#2825=CARTESIAN_POINT('',(-6.020882101,-12.6,1.823561699));
#2826=CARTESIAN_POINT('',(-6.016971144,-12.6,1.909486622));
#2827=CARTESIAN_POINT('',(-6.013060187,-12.6,1.995411546));
#2828=CARTESIAN_POINT('',(-6.002115967,-12.6,2.080609468));
#2829=CARTESIAN_POINT('',(-5.984109155,-12.6,2.165077358));
#2830=CARTESIAN_POINT('',(-5.966102343,-12.6,2.249545248));
#2831=CARTESIAN_POINT('',(-5.940816604,-12.6,2.333429097));
#2832=CARTESIAN_POINT('',(-5.909390521,-12.6,2.413599291));
#2833=CARTESIAN_POINT('',(-5.877964439,-12.6,2.493769484));
#2834=CARTESIAN_POINT('',(-5.840278472,-12.6,2.571019646));
#2835=CARTESIAN_POINT('',(-5.79644472,-12.6,2.645402067));
#2836=CARTESIAN_POINT('',(-5.752610968,-12.6,2.719784487));
#2837=CARTESIAN_POINT('',(-5.702329984,-12.6,2.791484445));
#2838=CARTESIAN_POINT('',(-5.647617465,-12.6,2.858063192));
#2839=CARTESIAN_POINT('',(-5.592904945,-12.6,2.924641939));
#2840=CARTESIAN_POINT('',(-5.533448602,-12.6,2.986731399));
#2841=CARTESIAN_POINT('',(-5.469404302,-12.6,3.044479076));
#2842=B_SPLINE_CURVE_WITH_KNOTS('',3,(#2799,#2800,#2801,#2802,#2803,#2804,#2805,#2806,#2807,#2808,#2809,#2810,#2811,#2812,#2813,#2814,#2815,#2816,#2817,#2818,#2819,#2820,#2821,#2822,#2823,#2824,
#2825,#2826,#2827,#2828,#2829,#2830,#2831,#2832,#2833,#2834,#2835,#2836,#2837,#2838,#2839,#2840,#2841),.UNSPECIFIED.,.F.,.F.,(4,3,3,3,3,3,3,3,3,3,3,3,3,3,4),(0.008989798,0.00924746,0.009505122,0.010020446,0.010278108,0.010535769,0.011051093,0.011308755,0.011566417,0.011824078,0.01208174,0.012339402,0.012597064,0.012854726,0.013112388),.UNSPECIFIED.);
#2843=EDGE_CURVE('',#2766,#2684,#2842,.T.);
#2844=ORIENTED_EDGE('',*,*,#2843,.F.);
#2845=EDGE_LOOP('',(#2772,#2797,#2798,#2844));
#2846=FACE_BOUND('',#2845,.T.);
#2847=ADVANCED_FACE('',(#2846),#2762,.F.);
#2848=CARTESIAN_POINT('',(-5.469095295,12.600131311,3.044479076));
#2849=CARTESIAN_POINT('',(-5.281219784,12.158008236,3.044479076));
#2850=CARTESIAN_POINT('',(-5.075492895,11.728119767,3.044479076));
#2851=CARTESIAN_POINT('',(-4.853916716,11.312664432,3.044479076));
#2852=CARTESIAN_POINT('',(-4.254910005,10.189526848,3.044479076));
#2853=CARTESIAN_POINT('',(-3.541137699,9.171993844,3.044479076));
#2854=CARTESIAN_POINT('',(-2.761496012,8.278654411,3.044479076));
#2855=CARTESIAN_POINT('',(-2.019044281,7.427928469,3.044479076));
#2856=CARTESIAN_POINT('',(-1.217525602,6.689407634,3.044479076));
#2857=CARTESIAN_POINT('',(-0.395234437,6.060251381,3.044479076));
#2858=CARTESIAN_POINT('',(-5.445004084,12.610373973,3.070128908));
#2859=CARTESIAN_POINT('',(-5.257431625,12.168964065,3.070128908));
#2860=CARTESIAN_POINT('',(-5.052036584,11.739769028,3.070128908));
#2861=CARTESIAN_POINT('',(-4.830817819,11.324983843,3.070128908));
#2862=CARTESIAN_POINT('',(-4.232777336,10.203657938,3.070128908));
#2863=CARTESIAN_POINT('',(-3.520156382,9.187766267,3.070128908));
#2864=CARTESIAN_POINT('',(-2.741772297,8.295867836,3.070128908));
#2865=CARTESIAN_POINT('',(-2.000518178,7.446514158,3.070128908));
#2866=CARTESIAN_POINT('',(-1.200292389,6.709184594,3.070128908));
#2867=CARTESIAN_POINT('',(-0.379327622,6.081043203,3.070128908));
#2868=CARTESIAN_POINT('',(-5.420912872,12.620616635,3.09577874));
#2869=CARTESIAN_POINT('',(-5.233643467,12.179919894,3.09577874));
#2870=CARTESIAN_POINT('',(-5.028580273,11.751418289,3.09577874));
#2871=CARTESIAN_POINT('',(-4.807718922,11.337303255,3.09577874));
#2872=CARTESIAN_POINT('',(-4.210644667,10.217789028,3.09577874));
#2873=CARTESIAN_POINT('',(-3.499175064,9.203538689,3.09577874));
#2874=CARTESIAN_POINT('',(-2.722048581,8.313081261,3.09577874));
#2875=CARTESIAN_POINT('',(-1.981992075,7.465099847,3.09577874));
#2876=CARTESIAN_POINT('',(-1.183059177,6.728961555,3.09577874));
#2877=CARTESIAN_POINT('',(-0.363420807,6.101835025,3.09577874));
#2878=CARTESIAN_POINT('',(-5.396821661,12.630859297,3.121428571));
#2879=CARTESIAN_POINT('',(-5.209855308,12.190875724,3.121428571));
#2880=CARTESIAN_POINT('',(-5.005123963,11.76306755,3.121428571));
#2881=CARTESIAN_POINT('',(-4.784620025,11.349622667,3.121428571));
#2882=CARTESIAN_POINT('',(-4.188511999,10.231920118,3.121428571));
#2883=CARTESIAN_POINT('',(-3.478193747,9.219311112,3.121428571));
#2884=CARTESIAN_POINT('',(-2.702324865,8.330294685,3.121428571));
#2885=CARTESIAN_POINT('',(-1.963465972,7.483685536,3.121428571));
#2886=CARTESIAN_POINT('',(-1.165825964,6.748738516,3.121428571));
#2887=CARTESIAN_POINT('',(-0.347513992,6.122626846,3.121428571));
#2888=CARTESIAN_POINT('',(-5.163398328,12.730101973,3.369953609));
#2889=CARTESIAN_POINT('',(-4.979368298,12.297028382,3.369953609));
#2890=CARTESIAN_POINT('',(-4.777852277,11.875938974,3.369953609));
#2891=CARTESIAN_POINT('',(-4.560811374,11.468987281,3.369953609));
#2892=CARTESIAN_POINT('',(-3.974065278,10.368838352,3.369953609));
#2893=CARTESIAN_POINT('',(-3.274902639,9.372132462,3.369953609));
#2894=CARTESIAN_POINT('',(-2.511218848,8.497078118,3.369953609));
#2895=CARTESIAN_POINT('',(-1.7839638,7.663765043,3.369953609));
#2896=CARTESIAN_POINT('',(-0.998850801,6.940360432,3.369953609));
#2897=CARTESIAN_POINT('',(-0.193390493,6.324081903,3.369953609));
#2898=CARTESIAN_POINT('',(-4.947687164,12.821814113,3.648223874));
#2899=CARTESIAN_POINT('',(-4.766370649,12.395126174,3.648223874));
#2900=CARTESIAN_POINT('',(-4.567825973,11.980245712,3.648223874));
#2901=CARTESIAN_POINT('',(-4.353985329,11.579294505,3.648223874));
#2902=CARTESIAN_POINT('',(-3.775890781,10.495367226,3.648223874));
#2903=CARTESIAN_POINT('',(-3.087037265,9.513357723,3.648223874));
#2904=CARTESIAN_POINT('',(-2.334613961,8.65120602,3.648223874));
#2905=CARTESIAN_POINT('',(-1.618082259,7.830180111,3.648223874));
#2906=CARTESIAN_POINT('',(-0.844545718,7.117442071,3.648223874));
#2907=CARTESIAN_POINT('',(-0.050961889,6.510250544,3.648223874));
#2908=CARTESIAN_POINT('',(-4.75796445,12.902476957,3.950420074));
#2909=CARTESIAN_POINT('',(-4.579034532,12.48140534,3.950420074));
#2910=CARTESIAN_POINT('',(-4.38310322,12.071985783,3.950420074));
#2911=CARTESIAN_POINT('',(-4.172077274,11.676312134,3.950420074));
#2912=CARTESIAN_POINT('',(-3.601591951,10.606652154,3.950420074));
#2913=CARTESIAN_POINT('',(-2.921805537,9.637568447,3.950420074));
#2914=CARTESIAN_POINT('',(-2.179286078,8.7867649,3.950420074));
#2915=CARTESIAN_POINT('',(-1.472185794,7.976545825,3.950420074));
#2916=CARTESIAN_POINT('',(-0.708831004,7.273189269,3.950420074));
#2917=CARTESIAN_POINT('',(0.074307201,6.673989959,3.950420074));
#2918=CARTESIAN_POINT('',(-4.568241736,12.983139801,4.252616273));
#2919=CARTESIAN_POINT('',(-4.391698414,12.567684505,4.252616273));
#2920=CARTESIAN_POINT('',(-4.198380466,12.163725853,4.252616273));
#2921=CARTESIAN_POINT('',(-3.990169218,11.773329764,4.252616273));
#2922=CARTESIAN_POINT('',(-3.427293121,10.717937082,4.252616273));
#2923=CARTESIAN_POINT('',(-2.756573809,9.761779171,4.252616273));
#2924=CARTESIAN_POINT('',(-2.023958195,8.92232378,4.252616273));
#2925=CARTESIAN_POINT('',(-1.326289329,8.122911538,4.252616273));
#2926=CARTESIAN_POINT('',(-0.573116289,7.428936466,4.252616273));
#2927=CARTESIAN_POINT('',(0.199576291,6.837729374,4.252616273));
#2928=CARTESIAN_POINT('',(-4.404619558,13.052705696,4.578659596));
#2929=CARTESIAN_POINT('',(-4.230134504,12.642094073,4.578659596));
#2930=CARTESIAN_POINT('',(-4.039070393,12.242845057,4.578659596));
#2931=CARTESIAN_POINT('',(-3.83328662,11.857000483,4.578659596));
#2932=CARTESIAN_POINT('',(-3.276972933,10.813912318,4.578659596));
#2933=CARTESIAN_POINT('',(-2.614073342,9.868901975,4.578659596));
#2934=CARTESIAN_POINT('',(-1.889999081,9.039233551,4.578659596));
#2935=CARTESIAN_POINT('',(-1.200464135,8.249141425,4.578659596));
#2936=CARTESIAN_POINT('',(-0.456072121,7.563257208,4.578659596));
#2937=CARTESIAN_POINT('',(0.30761186,6.978942828,4.578659596));
#2938=CARTESIAN_POINT('',(-4.272879069,13.108716714,4.919341642));
#2939=CARTESIAN_POINT('',(-4.10005123,12.702004977,4.919341642));
#2940=CARTESIAN_POINT('',(-3.910801799,12.306547928,4.919341642));
#2941=CARTESIAN_POINT('',(-3.706972508,11.924368009,4.919341642));
#2942=CARTESIAN_POINT('',(-3.155942548,10.891186834,4.919341642));
#2943=CARTESIAN_POINT('',(-2.499339012,9.955151962,4.919341642));
#2944=CARTESIAN_POINT('',(-1.782141826,9.13336352,4.919341642));
#2945=CARTESIAN_POINT('',(-1.099155909,8.35077549,4.919341642));
#2946=CARTESIAN_POINT('',(-0.361833943,7.671405628,4.919341642));
#2947=CARTESIAN_POINT('',(0.39459676,7.092640919,4.919341642));
#2948=CARTESIAN_POINT('',(-4.141138581,13.164727733,5.260023688));
#2949=CARTESIAN_POINT('',(-3.969967957,12.761915882,5.260023688));
#2950=CARTESIAN_POINT('',(-3.782533204,12.3702508,5.260023688));
#2951=CARTESIAN_POINT('',(-3.580658396,11.991735536,5.260023688));
#2952=CARTESIAN_POINT('',(-3.034912164,10.96846135,5.260023688));
#2953=CARTESIAN_POINT('',(-2.384604681,10.041401948,5.260023688));
#2954=CARTESIAN_POINT('',(-1.674284571,9.227493488,5.260023688));
#2955=CARTESIAN_POINT('',(-0.997847683,8.452409555,5.260023688));
#2956=CARTESIAN_POINT('',(-0.267595766,7.779554049,5.260023688));
#2957=CARTESIAN_POINT('',(0.481581659,7.206339011,5.260023688));
#2958=CARTESIAN_POINT('',(-4.04133306,13.207161225,5.615206679));
#2959=CARTESIAN_POINT('',(-3.871417929,12.807303896,5.615206679));
#2960=CARTESIAN_POINT('',(-3.685357962,12.418511577,5.615206679));
#2961=CARTESIAN_POINT('',(-3.484963854,12.042772625,5.615206679));
#2962=CARTESIAN_POINT('',(-2.943220531,11.027003893,5.615206679));
#2963=CARTESIAN_POINT('',(-2.297682887,10.106744235,5.615206679));
#2964=CARTESIAN_POINT('',(-1.592572793,9.298805585,5.615206679));
#2965=CARTESIAN_POINT('',(-0.921097397,8.529406694,5.615206679));
#2966=CARTESIAN_POINT('',(-0.19620169,7.861486411,5.615206679));
#2967=CARTESIAN_POINT('',(0.54748071,7.292475759,5.615206679));
#2968=CARTESIAN_POINT('',(-3.975469476,13.235163903,5.973958864));
#2969=CARTESIAN_POINT('',(-3.806382868,12.837256319,5.973958864));
#2970=CARTESIAN_POINT('',(-3.621230149,12.450359792,5.973958864));
#2971=CARTESIAN_POINT('',(-3.421813184,12.076452982,5.973958864));
#2972=CARTESIAN_POINT('',(-2.882711457,11.065637244,5.973958864));
#2973=CARTESIAN_POINT('',(-2.240321522,10.149864868,5.973958864));
#2974=CARTESIAN_POINT('',(-1.538649617,9.345865811,5.973958864));
#2975=CARTESIAN_POINT('',(-0.870448405,8.580218589,5.973958864));
#2976=CARTESIAN_POINT('',(-0.149087365,7.915555154,5.973958864));
#2977=CARTESIAN_POINT('',(0.590968762,7.349319057,5.973958864));
#2978=CARTESIAN_POINT('',(-3.909605891,13.263166581,6.332711049));
#2979=CARTESIAN_POINT('',(-3.741347807,12.867208743,6.332711049));
#2980=CARTESIAN_POINT('',(-3.557102336,12.482208008,6.332711049));
#2981=CARTESIAN_POINT('',(-3.358662513,12.11013334,6.332711049));
#2982=CARTESIAN_POINT('',(-2.822202383,11.104270596,6.332711049));
#2983=CARTESIAN_POINT('',(-2.182960156,10.192985501,6.332711049));
#2984=CARTESIAN_POINT('',(-1.484726442,9.392926036,6.332711049));
#2985=CARTESIAN_POINT('',(-0.819799414,8.631030483,6.332711049));
#2986=CARTESIAN_POINT('',(-0.101973041,7.969623898,6.332711049));
#2987=CARTESIAN_POINT('',(0.634456814,7.406162355,6.332711049));
#2988=CARTESIAN_POINT('',(-3.877657604,13.276749771,6.694890274));
#2989=CARTESIAN_POINT('',(-3.70980141,12.881737692,6.694890274));
#2990=CARTESIAN_POINT('',(-3.525996015,12.497656543,6.694890274));
#2991=CARTESIAN_POINT('',(-3.328030173,12.126470588,6.694890274));
#2992=CARTESIAN_POINT('',(-2.792851395,11.123010381,6.694890274));
#2993=CARTESIAN_POINT('',(-2.15513602,10.21390192,6.694890274));
#2994=CARTESIAN_POINT('',(-1.45857006,9.415753425,6.694890274));
#2995=CARTESIAN_POINT('',(-0.795231232,8.655677684,6.694890274));
#2996=CARTESIAN_POINT('',(-0.079119411,7.99585089,6.694890274));
#2997=CARTESIAN_POINT('',(0.655551457,7.433735195,6.694890274));
#2998=CARTESIAN_POINT('',(-3.877657604,13.276749771,7.05));
#2999=CARTESIAN_POINT('',(-3.70980141,12.881737692,7.05));
#3000=CARTESIAN_POINT('',(-3.525996015,12.497656543,7.05));
#3001=CARTESIAN_POINT('',(-3.328030173,12.126470588,7.05));
#3002=CARTESIAN_POINT('',(-2.792851395,11.123010381,7.05));
#3003=CARTESIAN_POINT('',(-2.15513602,10.21390192,7.05));
#3004=CARTESIAN_POINT('',(-1.45857006,9.415753425,7.05));
#3005=CARTESIAN_POINT('',(-0.795231232,8.655677684,7.05));
#3006=CARTESIAN_POINT('',(-0.079119411,7.99585089,7.05));
#3007=CARTESIAN_POINT('',(0.655551457,7.433735195,7.05));
#3008=B_SPLINE_SURFACE_WITH_KNOTS('',3,3,((#2848,#2849,#2850,#2851,#2852,#2853,#2854,#2855,#2856,#2857),(#2858,#2859,#2860,#2861,#2862,#2863,#2864,#2865,#2866,#2867),(#2868,#2869,#2870,#2871,#2872,#2873,#2874,#2875,#2876,#2877),(#2878,#2879,#2880,#2881,#2882,#2883,#2884,#2885,#2886,#2887),(#2888,#2889,#2890,#2891,#2892,#2893,#2894,#2895,#2896,#2897),(#2898,#2899,#2900,#2901,#2902,#2903,#2904,#2905,#2906,#2907),(#2908,#2909,#2910,#2911,#2912,#2913,#2914,#2915,#2916,#2917),(#2918,#2919,#2920,#2921,#2922,#2923,#2924,#2925,#2926,#2927),(#2928,#2929,#2930,#2931,#2932,#2933,#2934,#2935,#2936,#2937),(#2938,#2939,#2940,#2941,#2942,#2943,#2944,#2945,#2946,#2947),(#2948,#2949,#2950,#2951,#2952,#2953,#2954,#2955,#2956,#2957),(#2958,#2959,#2960,#2961,#2962,#2963,#2964,#2965,#2966,#2967),(#2968,#2969,#2970,#2971,#2972,#2973,#2974,#2975,#2976,#2977),(#2978,#2979,#2980,#2981,#2982,#2983,#2984,#2985,#2986,#2987),(#2988,#2989,#2990,#2991,#2992,#2993,#2994,#2995,#2996,#2997),(#2998,#2999,#3000,#3001,#3002,#3003,#3004,#3005,#3006,#3007)),.UNSPECIFIED.,.F.,.F.,.U.,(4,3,3,3,3,4),(4,3,3,4),(-0.020273047,0.,0.25,0.5,0.75,1.),(0.800940437,0.8125,0.84375,0.873509333),.UNSPECIFIED.);
#3009=ORIENTED_EDGE('',*,*,#2229,.T.);
#3010=CARTESIAN_POINT('',(-0.434656183,6.090501969,3.044479076));
#3011=VERTEX_POINT('',#3010);
#3012=CARTESIAN_POINT('',(0.450742364,7.593347652,7.05));
#3013=CARTESIAN_POINT('',(0.485828239,7.565495143,6.675200881));
#3014=CARTESIAN_POINT('',(0.494812304,7.51021629,6.304767809));
#3015=CARTESIAN_POINT('',(0.47788471,7.427630863,5.938682328));
#3016=CARTESIAN_POINT('',(0.469420913,7.386338149,5.755639588));
#3017=CARTESIAN_POINT('',(0.454270826,7.337957333,5.573125389));
#3018=CARTESIAN_POINT('',(0.432585961,7.283740844,5.39517187));
#3019=CARTESIAN_POINT('',(0.410901095,7.229524356,5.217218352));
#3020=CARTESIAN_POINT('',(0.382689487,7.169335728,5.043026571));
#3021=CARTESIAN_POINT('',(0.347670394,7.103525041,4.872520055));
#3022=CARTESIAN_POINT('',(0.312651302,7.037714354,4.702013539));
#3023=CARTESIAN_POINT('',(0.270830188,6.966277805,4.535192594));
#3024=CARTESIAN_POINT('',(0.221516422,6.889520766,4.3720873));
#3025=CARTESIAN_POINT('',(0.172202655,6.812763726,4.208982005));
#3026=CARTESIAN_POINT('',(0.115043429,6.730212498,4.048783041));
#3027=CARTESIAN_POINT('',(0.050137793,6.643891358,3.894600974));
#3028=CARTESIAN_POINT('',(-0.014767844,6.557570218,3.740418907));
#3029=CARTESIAN_POINT('',(-0.087163614,6.467751627,3.592579564));
#3030=CARTESIAN_POINT('',(-0.16792929,6.37530392,3.451012139));
#3031=CARTESIAN_POINT('',(-0.208312128,6.329080067,3.380228427));
#3032=CARTESIAN_POINT('',(-0.25079495,6.282200273,3.311015961));
#3033=CARTESIAN_POINT('',(-0.295532243,6.234785557,3.243382375));
#3034=CARTESIAN_POINT('',(-0.340269536,6.18737084,3.175748789));
#3035=CARTESIAN_POINT('',(-0.388729087,6.139838717,3.110233622));
#3036=CARTESIAN_POINT('',(-0.434656183,6.090501969,3.044479076));
#3037=B_SPLINE_CURVE_WITH_KNOTS('',3,(#3012,#3013,#3014,#3015,#3016,#3017,#3018,#3019,#3020,#3021,#3022,#3023,#3024,#3025,#3026,#3027,#3028,#3029,#3030,#3031,#3032,#3033,#3034,#3035,#3036),.UNSPECIFIED.,.F.,.F.,(4,3,3,3,3,3,3,3,4),(0.,0.001123617,0.001685426,0.002247235,0.002809043,0.003370852,0.00393266,0.004213565,0.004494469),.UNSPECIFIED.);
#3038=EDGE_CURVE('',#2205,#3011,#3037,.T.);
#3039=ORIENTED_EDGE('',*,*,#3038,.T.);
#3040=CARTESIAN_POINT('',(-5.469404302,12.6,3.044479076));
#3041=VERTEX_POINT('',#3040);
#3042=CARTESIAN_POINT('',(-5.469404302,12.600000001,3.044479076));
#3043=CARTESIAN_POINT('',(-5.176369392,11.910768427,3.044479076));
#3044=CARTESIAN_POINT('',(-4.83965188,11.25177432,3.044479076));
#3045=CARTESIAN_POINT('',(-4.468017717,10.629415458,3.044479076));
#3046=CARTESIAN_POINT('',(-4.096383553,10.007056596,3.044479076));
#3047=CARTESIAN_POINT('',(-3.689899773,9.421330349,3.044479076));
#3048=CARTESIAN_POINT('',(-3.257992373,8.87581484,3.044479076));
#3049=CARTESIAN_POINT('',(-2.826084973,8.330299331,3.044479076));
#3050=CARTESIAN_POINT('',(-2.368807877,7.824969665,3.044479076));
#3051=CARTESIAN_POINT('',(-1.895331876,7.360799642,3.044479076));
#3052=CARTESIAN_POINT('',(-1.421855874,6.896629618,3.044479076));
#3053=CARTESIAN_POINT('',(-0.932216485,6.473582012,3.044479076));
#3054=CARTESIAN_POINT('',(-0.434656254,6.090502023,3.044479076));
#3055=B_SPLINE_CURVE_WITH_KNOTS('',3,(#3042,#3043,#3044,#3045,#3046,#3047,#3048,#3049,#3050,#3051,#3052,#3053,#3054),.UNSPECIFIED.,.F.,.F.,(4,3,3,3,4),(0.800938831,0.818962489,0.836986148,0.855009806,0.873033465),.UNSPECIFIED.);
#3056=EDGE_CURVE('',#3041,#3011,#3055,.T.);
#3057=ORIENTED_EDGE('',*,*,#3056,.F.);
#3058=CARTESIAN_POINT('',(-3.569536791,12.6,7.05));
#3059=CARTESIAN_POINT('',(-3.569536791,12.6,6.66601689));
#3060=CARTESIAN_POINT('',(-3.613816903,12.6,6.288281098));
#3061=CARTESIAN_POINT('',(-3.700729912,12.6,5.916560224));
#3062=CARTESIAN_POINT('',(-3.744186416,12.6,5.730699787));
#3063=CARTESIAN_POINT('',(-3.798688329,12.6,5.545850537));
#3064=CARTESIAN_POINT('',(-3.862523446,12.6,5.36660064));
#3065=CARTESIAN_POINT('',(-3.926358563,12.6,5.187350742));
#3066=CARTESIAN_POINT('',(-3.99969857,12.6,5.012674218));
#3067=CARTESIAN_POINT('',(-4.082123714,12.6,4.842369097));
#3068=CARTESIAN_POINT('',(-4.164548857,12.6,4.672063976));
#3069=CARTESIAN_POINT('',(-4.256062659,12.6,4.506131954));
#3070=CARTESIAN_POINT('',(-4.35654763,12.6,4.344516498));
#3071=CARTESIAN_POINT('',(-4.4570326,12.6,4.182901043));
#3072=CARTESIAN_POINT('',(-4.567045273,12.6,4.024982378));
#3073=CARTESIAN_POINT('',(-4.68400906,12.6,3.874103377));
#3074=CARTESIAN_POINT('',(-4.800972847,12.6,3.723224376));
#3075=CARTESIAN_POINT('',(-4.925122432,12.6,3.578846835));
#3076=CARTESIAN_POINT('',(-5.056207424,12.6,3.44074421));
#3077=CARTESIAN_POINT('',(-5.121749919,12.6,3.371692897));
#3078=CARTESIAN_POINT('',(-5.189030245,12.6,3.304213913));
#3079=CARTESIAN_POINT('',(-5.258039054,12.6,3.2382988));
#3080=CARTESIAN_POINT('',(-5.327047862,12.6,3.172383686));
#3081=CARTESIAN_POINT('',(-5.39835227,12.6,3.108545552));
#3082=CARTESIAN_POINT('',(-5.469404302,12.6,3.044479076));
#3083=B_SPLINE_CURVE_WITH_KNOTS('',3,(#3058,#3059,#3060,#3061,#3062,#3063,#3064,#3065,#3066,#3067,#3068,#3069,#3070,#3071,#3072,#3073,#3074,#3075,#3076,#3077,#3078,#3079,#3080,#3081,#3082),.UNSPECIFIED.,.F.,.F.,(4,3,3,3,3,3,3,3,4),(0.,0.001140653,0.001710979,0.002281305,0.002851632,0.003421958,0.003992285,0.004277448,0.004562611),.UNSPECIFIED.);
#3084=EDGE_CURVE('',#2220,#3041,#3083,.T.);
#3085=ORIENTED_EDGE('',*,*,#3084,.F.);
#3086=EDGE_LOOP('',(#3009,#3039,#3057,#3085));
#3087=FACE_BOUND('',#3086,.T.);
#3088=ADVANCED_FACE('',(#3087),#3008,.T.);
#3089=CARTESIAN_POINT('',(-4.456392165,13.240622473,0.15));
#3090=CARTESIAN_POINT('',(-6.018584437,12.599993383,0.15));
#3091=CARTESIAN_POINT('',(-6.018584437,12.599993383,1.838446128));
#3092=CARTESIAN_POINT('',(-2.507073177,8.487152625,0.15));
#3093=CARTESIAN_POINT('',(-3.850539249,7.313153471,0.15));
#3094=CARTESIAN_POINT('',(-3.850539249,7.313153471,1.838446128));
#3095=CARTESIAN_POINT('',(1.942251501,5.918333825,0.15));
#3096=CARTESIAN_POINT('',(1.098028437,4.456096586,0.15));
#3097=CARTESIAN_POINT('',(1.098028437,4.456096586,1.838446128));
#3098=CARTESIAN_POINT('',(2.525535884,5.581574429,0.15));
#3099=CARTESIAN_POINT('',(1.746761101,4.081550607,0.15));
#3100=CARTESIAN_POINT('',(1.746761101,4.081550607,1.838446128));
#3101=CARTESIAN_POINT('',(3.13657363,5.298271701,0.15));
#3102=CARTESIAN_POINT('',(2.426361235,3.76645948,0.15));
#3103=CARTESIAN_POINT('',(2.426361235,3.76645948,1.838446128));
#3104=(BOUNDED_SURFACE()
B_SPLINE_SURFACE(2,2,((#3089,#3090,#3091),(#3092,#3093,#3094),(#3095,#3096,#3097),(#3098,#3099,#3100),(#3101,#3102,#3103)),.UNSPECIFIED.,.F.,.F.,.U.)
B_SPLINE_SURFACE_WITH_KNOTS((3,2,3),(3,3),(3.499052479,4.188790205,4.294308574),(4.71238898,6.283185307),.UNSPECIFIED.)
GEOMETRIC_REPRESENTATION_ITEM()
RATIONAL_B_SPLINE_SURFACE(((0.779129783,0.550927953,0.779129783),(0.835337247,0.590672632,0.835337247),(1.,0.707106781,1.),(0.974809345,0.689294298,0.974809345),(0.952156966,0.673276648,0.952156966)))
REPRESENTATION_ITEM('')
SURFACE()
);
#3105=CARTESIAN_POINT('',(0.277899341,4.961572701,1.838446134));
#3106=VERTEX_POINT('',#3105);
#3107=CARTESIAN_POINT('',(-6.018568303,12.6,1.838446133));
#3108=VERTEX_POINT('',#3107);
#3109=CARTESIAN_POINT('',(0.277919864,4.961603945,1.838446128));
#3110=CARTESIAN_POINT('',(-4.052705178,7.806140844,1.838446128));
#3111=CARTESIAN_POINT('',(-6.018584437,12.599993383,1.838446128));
#3112=(BOUNDED_CURVE()
B_SPLINE_CURVE(2,(#3109,#3110,#3111),.UNSPECIFIED.,.F.,.F.)
B_SPLINE_CURVE_WITH_KNOTS((3,3),(2.1628909,2.784132828),.UNSPECIFIED.)
CURVE()
GEOMETRIC_REPRESENTATION_ITEM()
RATIONAL_B_SPLINE_CURVE((0.968365239,0.829755452,0.779129783))
REPRESENTATION_ITEM(''));
#3113=EDGE_CURVE('',#3106,#3108,#3112,.T.);
#3114=ORIENTED_EDGE('',*,*,#3113,.F.);
#3115=CARTESIAN_POINT('',(2.5,3.925286278,1.089757028));
#3116=CARTESIAN_POINT('',(2.151321929,4.047014052,1.162991298));
#3117=CARTESIAN_POINT('',(1.810615894,4.179468697,1.247132837));
#3118=CARTESIAN_POINT('',(1.480503869,4.324954331,1.347538793));
#3119=CARTESIAN_POINT('',(1.315447856,4.397697148,1.397741772));
#3120=CARTESIAN_POINT('',(1.153064011,4.473722442,1.45205352));
#3121=CARTESIAN_POINT('',(0.994006218,4.553672872,1.511711642));
#3122=CARTESIAN_POINT('',(0.834948424,4.633623302,1.571369763));
#3123=CARTESIAN_POINT('',(0.67857205,4.717845524,1.636642544));
#3124=CARTESIAN_POINT('',(0.528529703,4.806096547,1.70845953));
#3125=CARTESIAN_POINT('',(0.378487357,4.89434757,1.780276516));
#3126=CARTESIAN_POINT('',(0.234718413,4.98649865,1.85847351));
#3127=CARTESIAN_POINT('',(0.100077733,5.084195889,1.946102662));
#3128=CARTESIAN_POINT('',(-0.034562946,5.181893128,2.033731815));
#3129=CARTESIAN_POINT('',(-0.161164309,5.28584362,2.131452694));
#3130=CARTESIAN_POINT('',(-0.267646678,5.395742553,2.241827316));
#3131=CARTESIAN_POINT('',(-0.320887862,5.450692019,2.297014627));
#3132=CARTESIAN_POINT('',(-0.369521646,5.507733588,2.356007614));
#3133=CARTESIAN_POINT('',(-0.409991186,5.565925655,2.418343207));
#3134=CARTESIAN_POINT('',(-0.450460727,5.624117721,2.480678799));
#3135=CARTESIAN_POINT('',(-0.482903996,5.683295492,2.546140184));
#3136=CARTESIAN_POINT('',(-0.503291151,5.744170251,2.616100537));
#3137=CARTESIAN_POINT('',(-0.523678307,5.80504501,2.68606089));
#3138=CARTESIAN_POINT('',(-0.531200009,5.866073583,2.758823822));
#3139=CARTESIAN_POINT('',(-0.520526021,5.925592254,2.832580644));
#3140=CARTESIAN_POINT('',(-0.509852032,5.985110924,2.906337466));
#3141=CARTESIAN_POINT('',(-0.481322903,6.040370687,2.977665599));
#3142=CARTESIAN_POINT('',(-0.434656183,6.090501969,3.044479076));
#3143=B_SPLINE_CURVE_WITH_KNOTS('',3,(#3115,#3116,#3117,#3118,#3119,#3120,#3121,#3122,#3123,#3124,#3125,#3126,#3127,#3128,#3129,#3130,#3131,#3132,#3133,#3134,#3135,#3136,#3137,#3138,#3139,#3140,
#3141,#3142),.UNSPECIFIED.,.F.,.F.,(4,3,3,3,3,3,3,3,3,4),(0.000000215,0.001123591,0.001685279,0.002246967,0.002808654,0.003370342,0.003651186,0.00393203,0.004212874,0.004493718),.UNSPECIFIED.);
#3144=EDGE_CURVE('',#2337,#3106,#3143,.T.);
#3145=ORIENTED_EDGE('',*,*,#3144,.F.);
#3146=ORIENTED_EDGE('',*,*,#2427,.F.);
#3147=CARTESIAN_POINT('',(-4.176123895,12.6,0.15));
#3148=VERTEX_POINT('',#3147);
#3149=CARTESIAN_POINT('',(2.5,5.611857088,0.15));
#3150=CARTESIAN_POINT('',(-2.022879329,7.974012993,0.15));
#3151=CARTESIAN_POINT('',(-4.176123895,12.6,0.15));
#3152=(BOUNDED_CURVE()
B_SPLINE_CURVE(2,(#3149,#3150,#3151),.UNSPECIFIED.,.F.,.F.)
B_SPLINE_CURVE_WITH_KNOTS((3,3),(3.577234281,4.231085949),.UNSPECIFIED.)
CURVE()
GEOMETRIC_REPRESENTATION_ITEM()
RATIONAL_B_SPLINE_CURVE((1.,0.947034034,1.))
REPRESENTATION_ITEM(''));
#3153=EDGE_CURVE('',#2401,#3148,#3152,.T.);
#3154=ORIENTED_EDGE('',*,*,#3153,.T.);
#3155=CARTESIAN_POINT('',(-4.176123895,12.6,0.15));
#3156=CARTESIAN_POINT('',(-4.348046291,12.6,0.149999969));
#3157=CARTESIAN_POINT('',(-4.519829763,12.6,0.171477027));
#3158=CARTESIAN_POINT('',(-4.687626892,12.6,0.215359171));
#3159=CARTESIAN_POINT('',(-4.855424021,12.6,0.259241316));
#3160=CARTESIAN_POINT('',(-5.014188091,12.6,0.323873022));
#3161=CARTESIAN_POINT('',(-5.163491995,12.6,0.410235384));
#3162=CARTESIAN_POINT('',(-5.238143947,12.6,0.453416565));
#3163=CARTESIAN_POINT('',(-5.310798635,12.6,0.502525303));
#3164=CARTESIAN_POINT('',(-5.37853476,12.6,0.555843144));
#3165=CARTESIAN_POINT('',(-5.446270885,12.6,0.609160985));
#3166=CARTESIAN_POINT('',(-5.509645793,12.6,0.666921703));
#3167=CARTESIAN_POINT('',(-5.568570358,12.6,0.729216094));
#3168=CARTESIAN_POINT('',(-5.686419487,12.6,0.853804877));
#3169=CARTESIAN_POINT('',(-5.787325063,12.6,0.998547359));
#3170=CARTESIAN_POINT('',(-5.862289414,12.6,1.155002747));
#3171=CARTESIAN_POINT('',(-5.89977159,12.6,1.233230441));
#3172=CARTESIAN_POINT('',(-5.93112223,12.6,1.315032172));
#3173=CARTESIAN_POINT('',(-5.95529938,12.6,1.397707796));
#3174=CARTESIAN_POINT('',(-5.97947653,12.6,1.48038342));
#3175=CARTESIAN_POINT('',(-5.996811333,12.6,1.564506063));
#3176=CARTESIAN_POINT('',(-6.007196806,12.6,1.650098348));
#3177=CARTESIAN_POINT('',(-6.017582279,12.6,1.735690634));
#3178=CARTESIAN_POINT('',(-6.020889674,12.6,1.823356844));
#3179=CARTESIAN_POINT('',(-6.016972586,12.6,1.909454942));
#3180=CARTESIAN_POINT('',(-6.013055498,12.6,1.995553041));
#3181=CARTESIAN_POINT('',(-6.002085558,12.6,2.08072921));
#3182=CARTESIAN_POINT('',(-5.984127371,12.6,2.164991897));
#3183=CARTESIAN_POINT('',(-5.966169184,12.6,2.249254583));
#3184=CARTESIAN_POINT('',(-5.940896345,12.6,2.333218657));
#3185=CARTESIAN_POINT('',(-5.909407828,12.6,2.413555138));
#3186=CARTESIAN_POINT('',(-5.877919311,12.6,2.493891619));
#3187=CARTESIAN_POINT('',(-5.840211666,12.6,2.571127525));
#3188=CARTESIAN_POINT('',(-5.796471833,12.6,2.645356056));
#3189=CARTESIAN_POINT('',(-5.752732,12.6,2.719584587));
#3190=CARTESIAN_POINT('',(-5.702479684,12.6,2.79129772));
#3191=CARTESIAN_POINT('',(-5.647653455,12.6,2.858019395));
#3192=CARTESIAN_POINT('',(-5.592827225,12.6,2.92474107));
#3193=CARTESIAN_POINT('',(-5.533342925,12.6,2.986826702));
#3194=CARTESIAN_POINT('',(-5.469404302,12.6,3.044479076));
#3195=B_SPLINE_CURVE_WITH_KNOTS('',3,(#3155,#3156,#3157,#3158,#3159,#3160,#3161,#3162,#3163,#3164,#3165,#3166,#3167,#3168,#3169,#3170,#3171,#3172,#3173,#3174,#3175,#3176,#3177,#3178,#3179,#3180,
#3181,#3182,#3183,#3184,#3185,#3186,#3187,#3188,#3189,#3190,#3191,#3192,#3193,#3194),.UNSPECIFIED.,.F.,.F.,(4,3,3,3,3,3,3,3,3,3,3,3,3,4),(0.008946421,0.009461755,0.009977089,0.010234756,0.010492423,0.011007757,0.011265424,0.01152309,0.011780757,0.012038424,0.012296091,0.012553758,0.012811425,0.013069092),.UNSPECIFIED.);
#3196=EDGE_CURVE('',#3148,#3108,#3195,.T.);
#3197=ORIENTED_EDGE('',*,*,#3196,.T.);
#3198=EDGE_LOOP('',(#3114,#3145,#3146,#3154,#3197));
#3199=FACE_BOUND('',#3198,.T.);
#3200=ADVANCED_FACE('',(#3199),#3104,.F.);
#3201=CARTESIAN_POINT('',(2.5,12.6,-2.));
#3202=CARTESIAN_POINT('',(2.5,12.6,16.));
#3203=CARTESIAN_POINT('',(-10.70231978,12.6,-2.));
#3204=CARTESIAN_POINT('',(-10.70231978,12.6,16.));
#3205=B_SPLINE_SURFACE_WITH_KNOTS('',1,1,((#3201,#3202),(#3203,#3204)),.UNSPECIFIED.,.F.,.F.,.U.,(2,2),(2,2),(-0.00460116,0.00860116),(-0.009,0.009),.UNSPECIFIED.);
#3206=CARTESIAN_POINT('',(-6.235879041,12.6,13.478202611));
#3207=VERTEX_POINT('',#3206);
#3208=CARTESIAN_POINT('',(-6.235879041,12.6,13.478202611));
#3209=CARTESIAN_POINT('',(-6.235879041,12.6,16.));
#3210=B_SPLINE_CURVE_WITH_KNOTS('',1,(#3208,#3209),.UNSPECIFIED.,.F.,.F.,(2,2),(0.000072878,0.002594675),.UNSPECIFIED.);
#3211=EDGE_CURVE('',#3207,#1186,#3210,.T.);
#3212=ORIENTED_EDGE('',*,*,#3211,.F.);
#3213=CARTESIAN_POINT('',(-6.236988082,12.6,13.405325099));
#3214=CARTESIAN_POINT('',(-6.23711178,12.6,13.429609663));
#3215=CARTESIAN_POINT('',(-6.236742689,12.6,13.453902157));
#3216=CARTESIAN_POINT('',(-6.235879041,12.6,13.478202611));
#3217=B_SPLINE_CURVE_WITH_KNOTS('',3,(#3213,#3214,#3215,#3216),.UNSPECIFIED.,.F.,.F.,(4,4),(0.012606111,0.012678051),.UNSPECIFIED.);
#3218=EDGE_CURVE('',#1229,#3207,#3217,.T.);
#3219=ORIENTED_EDGE('',*,*,#3218,.F.);
#3220=ORIENTED_EDGE('',*,*,#1271,.F.);
#3221=ORIENTED_EDGE('',*,*,#1264,.F.);
#3222=ORIENTED_EDGE('',*,*,#2066,.T.);
#3223=ORIENTED_EDGE('',*,*,#2251,.T.);
#3224=ORIENTED_EDGE('',*,*,#3084,.T.);
#3225=CARTESIAN_POINT('',(-4.176123895,12.6,0.15));
#3226=CARTESIAN_POINT('',(-4.348046291,12.6,0.149999969));
#3227=CARTESIAN_POINT('',(-4.519829763,12.6,0.171477027));
#3228=CARTESIAN_POINT('',(-4.687626892,12.6,0.215359171));
#3229=CARTESIAN_POINT('',(-4.855424021,12.6,0.259241316));
#3230=CARTESIAN_POINT('',(-5.014188091,12.6,0.323873022));
#3231=CARTESIAN_POINT('',(-5.163491995,12.6,0.410235384));
#3232=CARTESIAN_POINT('',(-5.238143947,12.6,0.453416565));
#3233=CARTESIAN_POINT('',(-5.310798635,12.6,0.502525303));
#3234=CARTESIAN_POINT('',(-5.37853476,12.6,0.555843144));
#3235=CARTESIAN_POINT('',(-5.446270885,12.6,0.609160985));
#3236=CARTESIAN_POINT('',(-5.509645793,12.6,0.666921703));
#3237=CARTESIAN_POINT('',(-5.568570358,12.6,0.729216094));
#3238=CARTESIAN_POINT('',(-5.686419487,12.6,0.853804877));
#3239=CARTESIAN_POINT('',(-5.787325063,12.6,0.998547359));
#3240=CARTESIAN_POINT('',(-5.862289414,12.6,1.155002747));
#3241=CARTESIAN_POINT('',(-5.89977159,12.6,1.233230441));
#3242=CARTESIAN_POINT('',(-5.93112223,12.6,1.315032172));
#3243=CARTESIAN_POINT('',(-5.95529938,12.6,1.397707796));
#3244=CARTESIAN_POINT('',(-5.97947653,12.6,1.48038342));
#3245=CARTESIAN_POINT('',(-5.996811333,12.6,1.564506063));
#3246=CARTESIAN_POINT('',(-6.007196806,12.6,1.650098348));
#3247=CARTESIAN_POINT('',(-6.017582279,12.6,1.735690634));
#3248=CARTESIAN_POINT('',(-6.020889674,12.6,1.823356844));
#3249=CARTESIAN_POINT('',(-6.016972586,12.6,1.909454942));
#3250=CARTESIAN_POINT('',(-6.013055498,12.6,1.995553041));
#3251=CARTESIAN_POINT('',(-6.002085558,12.6,2.08072921));
#3252=CARTESIAN_POINT('',(-5.984127371,12.6,2.164991897));
#3253=CARTESIAN_POINT('',(-5.966169184,12.6,2.249254583));
#3254=CARTESIAN_POINT('',(-5.940896345,12.6,2.333218657));
#3255=CARTESIAN_POINT('',(-5.909407828,12.6,2.413555138));
#3256=CARTESIAN_POINT('',(-5.877919311,12.6,2.493891619));
#3257=CARTESIAN_POINT('',(-5.840211666,12.6,2.571127525));
#3258=CARTESIAN_POINT('',(-5.796471833,12.6,2.645356056));
#3259=CARTESIAN_POINT('',(-5.752732,12.6,2.719584587));
#3260=CARTESIAN_POINT('',(-5.702479684,12.6,2.79129772));
#3261=CARTESIAN_POINT('',(-5.647653455,12.6,2.858019395));
#3262=CARTESIAN_POINT('',(-5.592827225,12.6,2.92474107));
#3263=CARTESIAN_POINT('',(-5.533342925,12.6,2.986826702));
#3264=CARTESIAN_POINT('',(-5.469404302,12.6,3.044479076));
#3265=B_SPLINE_CURVE_WITH_KNOTS('',3,(#3225,#3226,#3227,#3228,#3229,#3230,#3231,#3232,#3233,#3234,#3235,#3236,#3237,#3238,#3239,#3240,#3241,#3242,#3243,#3244,#3245,#3246,#3247,#3248,#3249,#3250,
#3251,#3252,#3253,#3254,#3255,#3256,#3257,#3258,#3259,#3260,#3261,#3262,#3263,#3264),.UNSPECIFIED.,.F.,.F.,(4,3,3,3,3,3,3,3,3,3,3,3,3,4),(0.008946421,0.009461755,0.009977089,0.010234756,0.010492423,0.011007757,0.011265424,0.01152309,0.011780757,0.012038424,0.012296091,0.012553758,0.012811425,0.013069092),.UNSPECIFIED.);
#3266=EDGE_CURVE('',#3108,#3041,#3265,.T.);
#3267=ORIENTED_EDGE('',*,*,#3266,.F.);
#3268=ORIENTED_EDGE('',*,*,#3196,.F.);
#3269=CARTESIAN_POINT('',(-4.176123895,12.6,0.15));
#3270=CARTESIAN_POINT('',(2.5,12.6,0.15));
#3271=B_SPLINE_CURVE_WITH_KNOTS('',1,(#3269,#3270),.UNSPECIFIED.,.F.,.F.,(2,2),(-0.002074964,0.00460116),.UNSPECIFIED.);
#3272=EDGE_CURVE('',#3148,#2394,#3271,.T.);
#3273=ORIENTED_EDGE('',*,*,#3272,.T.);
#3274=ORIENTED_EDGE('',*,*,#2398,.T.);
#3275=ORIENTED_EDGE('',*,*,#793,.T.);
#3276=CARTESIAN_POINT('',(-10.70231978,12.6,-2.));
#3277=CARTESIAN_POINT('',(-10.70231978,12.6,16.));
#3278=B_SPLINE_CURVE_WITH_KNOTS('',1,(#3276,#3277),.UNSPECIFIED.,.F.,.F.,(2,2),(0.,0.018),.UNSPECIFIED.);
#3279=EDGE_CURVE('',#782,#1195,#3278,.T.);
#3280=ORIENTED_EDGE('',*,*,#3279,.T.);
#3281=ORIENTED_EDGE('',*,*,#1199,.T.);
#3282=EDGE_LOOP('',(#3212,#3219,#3220,#3221,#3222,#3223,#3224,#3267,#3268,#3273,#3274,#3275,#3280,#3281));
#3283=FACE_BOUND('',#3282,.T.);
#3284=ADVANCED_FACE('',(#3283),#3205,.T.);
#3285=CARTESIAN_POINT('',(2.5,-12.6,-2.));
#3286=CARTESIAN_POINT('',(2.5,-12.6,16.));
#3287=CARTESIAN_POINT('',(-10.70231978,-12.6,-2.));
#3288=CARTESIAN_POINT('',(-10.70231978,-12.6,16.));
#3289=B_SPLINE_SURFACE_WITH_KNOTS('',1,1,((#3285,#3286),(#3287,#3288)),.UNSPECIFIED.,.F.,.F.,.U.,(2,2),(2,2),(-0.00460116,0.00860116),(-0.009,0.009),.UNSPECIFIED.);
#3290=ORIENTED_EDGE('',*,*,#1834,.T.);
#3291=CARTESIAN_POINT('',(-6.235879041,-12.6,13.478202612));
#3292=VERTEX_POINT('',#3291);
#3293=CARTESIAN_POINT('',(-6.235879041,-12.6,13.350727248));
#3294=CARTESIAN_POINT('',(-6.237382864,-12.6,13.393040218));
#3295=CARTESIAN_POINT('',(-6.237388482,-12.6,13.435731491));
#3296=CARTESIAN_POINT('',(-6.235879041,-12.6,13.478202612));
#3297=B_SPLINE_CURVE_WITH_KNOTS('',3,(#3293,#3294,#3295,#3296),.UNSPECIFIED.,.F.,.F.,(4,4),(0.01237011,0.012495753),.UNSPECIFIED.);
#3298=EDGE_CURVE('',#1820,#3292,#3297,.T.);
#3299=ORIENTED_EDGE('',*,*,#3298,.T.);
#3300=CARTESIAN_POINT('',(-6.235879041,-12.6,13.478202612));
#3301=CARTESIAN_POINT('',(-6.235879041,-12.6,16.));
#3302=B_SPLINE_CURVE_WITH_KNOTS('',1,(#3300,#3301),.UNSPECIFIED.,.F.,.F.,(2,2),(0.000062234,0.002584031),.UNSPECIFIED.);
#3303=EDGE_CURVE('',#3292,#1065,#3302,.T.);
#3304=ORIENTED_EDGE('',*,*,#3303,.T.);
#3305=ORIENTED_EDGE('',*,*,#1069,.F.);
#3306=CARTESIAN_POINT('',(-10.70231978,-12.6,-2.));
#3307=CARTESIAN_POINT('',(-10.70231978,-12.6,16.));
#3308=B_SPLINE_CURVE_WITH_KNOTS('',1,(#3306,#3307),.UNSPECIFIED.,.F.,.F.,(2,2),(0.,0.018),.UNSPECIFIED.);
#3309=EDGE_CURVE('',#663,#1058,#3308,.T.);
#3310=ORIENTED_EDGE('',*,*,#3309,.F.);
#3311=ORIENTED_EDGE('',*,*,#667,.F.);
#3312=ORIENTED_EDGE('',*,*,#2378,.F.);
#3313=CARTESIAN_POINT('',(-4.176123895,-12.6,0.15));
#3314=VERTEX_POINT('',#3313);
#3315=CARTESIAN_POINT('',(-4.176123895,-12.6,0.15));
#3316=CARTESIAN_POINT('',(2.5,-12.6,0.15));
#3317=B_SPLINE_CURVE_WITH_KNOTS('',1,(#3315,#3316),.UNSPECIFIED.,.F.,.F.,(2,2),(-0.002074964,0.00460116),.UNSPECIFIED.);
#3318=EDGE_CURVE('',#3314,#2369,#3317,.T.);
#3319=ORIENTED_EDGE('',*,*,#3318,.F.);
#3320=CARTESIAN_POINT('',(-4.176123895,-12.6,0.15));
#3321=CARTESIAN_POINT('',(-4.261981446,-12.6,0.149999984));
#3322=CARTESIAN_POINT('',(-4.347648109,-12.6,0.155356799));
#3323=CARTESIAN_POINT('',(-4.43311904,-12.6,0.166206392));
#3324=CARTESIAN_POINT('',(-4.518589971,-12.6,0.177055984));
#3325=CARTESIAN_POINT('',(-4.604486506,-12.6,0.193597053));
#3326=CARTESIAN_POINT('',(-4.688042559,-12.6,0.215467925));
#3327=CARTESIAN_POINT('',(-4.855154667,-12.6,0.259209667));
#3328=CARTESIAN_POINT('',(-5.013933698,-12.6,0.32369006));
#3329=CARTESIAN_POINT('',(-5.163779824,-12.6,0.410401908));
#3330=CARTESIAN_POINT('',(-5.238702887,-12.6,0.453757832));
#3331=CARTESIAN_POINT('',(-5.311085516,-12.6,0.502744325));
#3332=CARTESIAN_POINT('',(-5.37862267,-12.6,0.555912346));
#3333=CARTESIAN_POINT('',(-5.446159824,-12.6,0.609080368));
#3334=CARTESIAN_POINT('',(-5.509504925,-12.6,0.66677842));
#3335=CARTESIAN_POINT('',(-5.568516603,-12.6,0.729159268));
#3336=CARTESIAN_POINT('',(-5.68653996,-12.6,0.853920965));
#3337=CARTESIAN_POINT('',(-5.78743895,-12.6,0.998680816));
#3338=CARTESIAN_POINT('',(-5.862471227,-12.6,1.155382328));
#3339=CARTESIAN_POINT('',(-5.899987366,-12.6,1.233733084));
#3340=CARTESIAN_POINT('',(-5.931174019,-12.6,1.315203386));
#3341=CARTESIAN_POINT('',(-5.955307976,-12.6,1.397737191));
#3342=CARTESIAN_POINT('',(-5.979441932,-12.6,1.480270996));
#3343=CARTESIAN_POINT('',(-5.996810913,-12.6,1.564428801));
#3344=CARTESIAN_POINT('',(-6.007216207,-12.6,1.650258308));
#3345=CARTESIAN_POINT('',(-6.0176215,-12.6,1.736087816));
#3346=CARTESIAN_POINT('',(-6.020882101,-12.6,1.823561699));
#3347=CARTESIAN_POINT('',(-6.016971144,-12.6,1.909486622));
#3348=CARTESIAN_POINT('',(-6.013060187,-12.6,1.995411546));
#3349=CARTESIAN_POINT('',(-6.002115967,-12.6,2.080609468));
#3350=CARTESIAN_POINT('',(-5.984109155,-12.6,2.165077358));
#3351=CARTESIAN_POINT('',(-5.966102343,-12.6,2.249545248));
#3352=CARTESIAN_POINT('',(-5.940816604,-12.6,2.333429097));
#3353=CARTESIAN_POINT('',(-5.909390521,-12.6,2.413599291));
#3354=CARTESIAN_POINT('',(-5.877964439,-12.6,2.493769484));
#3355=CARTESIAN_POINT('',(-5.840278472,-12.6,2.571019646));
#3356=CARTESIAN_POINT('',(-5.79644472,-12.6,2.645402067));
#3357=CARTESIAN_POINT('',(-5.752610968,-12.6,2.719784487));
#3358=CARTESIAN_POINT('',(-5.702329984,-12.6,2.791484445));
#3359=CARTESIAN_POINT('',(-5.647617465,-12.6,2.858063192));
#3360=CARTESIAN_POINT('',(-5.592904945,-12.6,2.924641939));
#3361=CARTESIAN_POINT('',(-5.533448602,-12.6,2.986731399));
#3362=CARTESIAN_POINT('',(-5.469404302,-12.6,3.044479076));
#3363=B_SPLINE_CURVE_WITH_KNOTS('',3,(#3320,#3321,#3322,#3323,#3324,#3325,#3326,#3327,#3328,#3329,#3330,#3331,#3332,#3333,#3334,#3335,#3336,#3337,#3338,#3339,#3340,#3341,#3342,#3343,#3344,#3345,
#3346,#3347,#3348,#3349,#3350,#3351,#3352,#3353,#3354,#3355,#3356,#3357,#3358,#3359,#3360,#3361,#3362),.UNSPECIFIED.,.F.,.F.,(4,3,3,3,3,3,3,3,3,3,3,3,3,3,4),(0.008989798,0.00924746,0.009505122,0.010020446,0.010278108,0.010535769,0.011051093,0.011308755,0.011566417,0.011824078,0.01208174,0.012339402,0.012597064,0.012854726,0.013112388),.UNSPECIFIED.);
#3364=EDGE_CURVE('',#3314,#2766,#3363,.T.);
#3365=ORIENTED_EDGE('',*,*,#3364,.T.);
#3366=ORIENTED_EDGE('',*,*,#2843,.T.);
#3367=ORIENTED_EDGE('',*,*,#2748,.F.);
#3368=ORIENTED_EDGE('',*,*,#1794,.F.);
#3369=ORIENTED_EDGE('',*,*,#1599,.F.);
#3370=EDGE_LOOP('',(#3290,#3299,#3304,#3305,#3310,#3311,#3312,#3319,#3365,#3366,#3367,#3368,#3369));
#3371=FACE_BOUND('',#3370,.T.);
#3372=ADVANCED_FACE('',(#3371),#3289,.F.);
#3373=CARTESIAN_POINT('',(-77.51371307,-9.5,8.7));
#3374=CARTESIAN_POINT('',(-77.51371307,-1.125,8.7));
#3375=CARTESIAN_POINT('',(-77.51371307,-9.5,53.405647197));
#3376=CARTESIAN_POINT('',(-77.51371307,-1.125,53.405647197));
#3377=B_SPLINE_SURFACE_WITH_KNOTS('',1,1,((#3373,#3374),(#3375,#3376)),.UNSPECIFIED.,.F.,.F.,.U.,(2,2),(2,2),(-0.026002824,0.018702824),(-0.010375,-0.002),.UNSPECIFIED.);
#3378=ORIENTED_EDGE('',*,*,#975,.F.);
#3379=CARTESIAN_POINT('',(-77.51371307,-1.125,8.7));
#3380=VERTEX_POINT('',#3379);
#3381=CARTESIAN_POINT('',(-77.51371307,-9.5,8.7));
#3382=CARTESIAN_POINT('',(-77.51371307,-1.125,8.7));
#3383=B_SPLINE_CURVE_WITH_KNOTS('',1,(#3381,#3382),.UNSPECIFIED.,.F.,.F.,(2,2),(0.002,0.010375),.UNSPECIFIED.);
#3384=EDGE_CURVE('',#963,#3380,#3383,.T.);
#3385=ORIENTED_EDGE('',*,*,#3384,.T.);
#3386=CARTESIAN_POINT('',(-77.51371307,-1.125,53.405647197));
#3387=VERTEX_POINT('',#3386);
#3388=CARTESIAN_POINT('',(-77.51371307,-1.125,8.7));
#3389=CARTESIAN_POINT('',(-77.51371307,-1.125,53.405647197));
#3390=B_SPLINE_CURVE_WITH_KNOTS('',1,(#3388,#3389),.UNSPECIFIED.,.F.,.F.,(2,2),(-0.009705647,0.035),.UNSPECIFIED.);
#3391=EDGE_CURVE('',#3380,#3387,#3390,.T.);
#3392=ORIENTED_EDGE('',*,*,#3391,.T.);
#3393=CARTESIAN_POINT('',(-77.51371307,-1.125,53.405647197));
#3394=CARTESIAN_POINT('',(-77.51371307,-9.5,53.405647197));
#3395=B_SPLINE_CURVE_WITH_KNOTS('',1,(#3393,#3394),.UNSPECIFIED.,.F.,.F.,(2,2),(0.012375,0.02075),.UNSPECIFIED.);
#3396=EDGE_CURVE('',#3387,#971,#3395,.T.);
#3397=ORIENTED_EDGE('',*,*,#3396,.T.);
#3398=EDGE_LOOP('',(#3378,#3385,#3392,#3397));
#3399=FACE_BOUND('',#3398,.T.);
#3400=ADVANCED_FACE('',(#3399),#3377,.F.);
#3401=CARTESIAN_POINT('',(-13.20231978,9.6,-2.));
#3402=CARTESIAN_POINT('',(-6.70231978,9.6,-2.));
#3403=CARTESIAN_POINT('',(-13.20231978,9.6,16.));
#3404=CARTESIAN_POINT('',(-6.70231978,9.6,16.));
#3405=B_SPLINE_SURFACE_WITH_KNOTS('',1,1,((#3401,#3402),(#3403,#3404)),.UNSPECIFIED.,.F.,.F.,.U.,(2,2),(2,2),(-0.016197737,0.001802263),(-0.00642,0.00008),.UNSPECIFIED.);
#3406=CARTESIAN_POINT('',(-13.20231978,9.6,-2.));
#3407=CARTESIAN_POINT('',(-13.20231978,9.6,16.));
#3408=B_SPLINE_CURVE_WITH_KNOTS('',1,(#3406,#3407),.UNSPECIFIED.,.F.,.F.,(2,2),(-0.016197737,0.001802263),.UNSPECIFIED.);
#3409=EDGE_CURVE('',#733,#1158,#3408,.T.);
#3410=ORIENTED_EDGE('',*,*,#3409,.F.);
#3411=ORIENTED_EDGE('',*,*,#737,.F.);
#3412=ORIENTED_EDGE('',*,*,#2295,.T.);
#3413=ORIENTED_EDGE('',*,*,#1169,.T.);
#3414=EDGE_LOOP('',(#3410,#3411,#3412,#3413));
#3415=FACE_BOUND('',#3414,.T.);
#3416=ADVANCED_FACE('',(#3415),#3405,.F.);
#3417=CARTESIAN_POINT('',(-19.70231978,9.6,-2.));
#3418=CARTESIAN_POINT('',(-17.20231978,9.6,-2.));
#3419=CARTESIAN_POINT('',(-19.70231978,9.6,16.));
#3420=CARTESIAN_POINT('',(-17.20231978,9.6,16.));
#3421=B_SPLINE_SURFACE_WITH_KNOTS('',1,1,((#3417,#3418),(#3419,#3420)),.UNSPECIFIED.,.F.,.F.,.U.,(2,2),(2,2),(-0.016197737,0.001802263),(-0.01292,-0.01042),.UNSPECIFIED.);
#3422=ORIENTED_EDGE('',*,*,#1141,.T.);
#3423=CARTESIAN_POINT('',(-19.70231978,9.6,16.));
#3424=CARTESIAN_POINT('',(-19.70231978,9.6,-2.));
#3425=B_SPLINE_CURVE_WITH_KNOTS('',1,(#3423,#3424),.UNSPECIFIED.,.F.,.F.,(2,2),(-0.001802263,0.016197737),.UNSPECIFIED.);
#3426=EDGE_CURVE('',#1128,#761,#3425,.T.);
#3427=ORIENTED_EDGE('',*,*,#3426,.T.);
#3428=ORIENTED_EDGE('',*,*,#765,.F.);
#3429=CARTESIAN_POINT('',(-17.20231978,9.6,-2.));
#3430=CARTESIAN_POINT('',(-17.20231978,9.6,16.));
#3431=B_SPLINE_CURVE_WITH_KNOTS('',1,(#3429,#3430),.UNSPECIFIED.,.F.,.F.,(2,2),(0.,0.018),.UNSPECIFIED.);
#3432=EDGE_CURVE('',#754,#1137,#3431,.T.);
#3433=ORIENTED_EDGE('',*,*,#3432,.T.);
#3434=EDGE_LOOP('',(#3422,#3427,#3428,#3433));
#3435=FACE_BOUND('',#3434,.T.);
#3436=ADVANCED_FACE('',(#3435),#3421,.F.);
#3437=CARTESIAN_POINT('',(-13.20231978,-9.6,-2.));
#3438=CARTESIAN_POINT('',(-6.70231978,-9.6,-2.));
#3439=CARTESIAN_POINT('',(-13.20231978,-9.6,16.));
#3440=CARTESIAN_POINT('',(-6.70231978,-9.6,16.));
#3441=B_SPLINE_SURFACE_WITH_KNOTS('',1,1,((#3437,#3438),(#3439,#3440)),.UNSPECIFIED.,.F.,.F.,.U.,(2,2),(2,2),(-0.016197737,0.001802263),(-0.00642,0.00008),.UNSPECIFIED.);
#3442=ORIENTED_EDGE('',*,*,#723,.T.);
#3443=CARTESIAN_POINT('',(-13.20231978,-9.6,-2.));
#3444=CARTESIAN_POINT('',(-13.20231978,-9.6,16.));
#3445=B_SPLINE_CURVE_WITH_KNOTS('',1,(#3443,#3444),.UNSPECIFIED.,.F.,.F.,(2,2),(0.,0.018),.UNSPECIFIED.);
#3446=EDGE_CURVE('',#712,#1094,#3445,.T.);
#3447=ORIENTED_EDGE('',*,*,#3446,.T.);
#3448=ORIENTED_EDGE('',*,*,#1098,.F.);
#3449=ORIENTED_EDGE('',*,*,#2301,.F.);
#3450=EDGE_LOOP('',(#3442,#3447,#3448,#3449));
#3451=FACE_BOUND('',#3450,.T.);
#3452=ADVANCED_FACE('',(#3451),#3441,.T.);
#3453=CARTESIAN_POINT('',(-19.70231978,-9.6,-2.));
#3454=CARTESIAN_POINT('',(-17.20231978,-9.6,-2.));
#3455=CARTESIAN_POINT('',(-19.70231978,-9.6,16.));
#3456=CARTESIAN_POINT('',(-17.20231978,-9.6,16.));
#3457=B_SPLINE_SURFACE_WITH_KNOTS('',1,1,((#3453,#3454),(#3455,#3456)),.UNSPECIFIED.,.F.,.F.,.U.,(2,2),(2,2),(-0.016197737,0.001802263),(-0.01292,-0.01042),.UNSPECIFIED.);
#3458=ORIENTED_EDGE('',*,*,#1019,.F.);
#3459=ORIENTED_EDGE('',*,*,#1047,.F.);
#3460=CARTESIAN_POINT('',(-17.20231978,-9.6,-2.));
#3461=CARTESIAN_POINT('',(-17.20231978,-9.6,16.));
#3462=B_SPLINE_CURVE_WITH_KNOTS('',1,(#3460,#3461),.UNSPECIFIED.,.F.,.F.,(2,2),(-0.016197737,0.001802263),.UNSPECIFIED.);
#3463=EDGE_CURVE('',#691,#1043,#3462,.T.);
#3464=ORIENTED_EDGE('',*,*,#3463,.F.);
#3465=ORIENTED_EDGE('',*,*,#695,.T.);
#3466=EDGE_LOOP('',(#3458,#3459,#3464,#3465));
#3467=FACE_BOUND('',#3466,.T.);
#3468=ADVANCED_FACE('',(#3467),#3457,.T.);
#3469=CARTESIAN_POINT('',(-47.5,18.75,-2.));
#3470=CARTESIAN_POINT('',(-6.78231978,18.75,-2.));
#3471=CARTESIAN_POINT('',(-47.5,18.75,-13.));
#3472=CARTESIAN_POINT('',(-6.78231978,18.75,-13.));
#3473=B_SPLINE_SURFACE_WITH_KNOTS('',1,1,((#3469,#3470),(#3471,#3472)),.UNSPECIFIED.,.F.,.F.,.U.,(2,2),(2,2),(-0.00275,0.00825),(-0.00625,0.03446768),.UNSPECIFIED.);
#3474=CARTESIAN_POINT('',(-41.25,18.75,-11.));
#3475=VERTEX_POINT('',#3474);
#3476=CARTESIAN_POINT('',(-41.25,18.75,-11.));
#3477=CARTESIAN_POINT('',(-37.75,18.75,-11.));
#3478=CARTESIAN_POINT('',(-37.75,18.75,-7.5));
#3479=CARTESIAN_POINT('',(-37.75,18.75,-4.));
#3480=CARTESIAN_POINT('',(-41.25,18.75,-4.));
#3481=CARTESIAN_POINT('',(-44.75,18.75,-4.));
#3482=CARTESIAN_POINT('',(-44.75,18.75,-7.5));
#3483=CARTESIAN_POINT('',(-44.75,18.75,-11.));
#3484=CARTESIAN_POINT('',(-41.25,18.75,-11.));
#3485=(BOUNDED_CURVE()
B_SPLINE_CURVE(2,(#3476,#3477,#3478,#3479,#3480,#3481,#3482,#3483,#3484),.UNSPECIFIED.,.T.,.F.)
B_SPLINE_CURVE_WITH_KNOTS((3,2,2,2,3),(0.,1.570796327,3.141592654,4.71238898,6.283185307),.UNSPECIFIED.)
CURVE()
GEOMETRIC_REPRESENTATION_ITEM()
RATIONAL_B_SPLINE_CURVE((1.,0.707106781,1.,0.707106781,1.,0.707106781,1.,0.707106781,1.))
REPRESENTATION_ITEM(''));
#3486=EDGE_CURVE('',#3475,#3475,#3485,.T.);
#3487=ORIENTED_EDGE('',*,*,#3486,.T.);
#3488=EDGE_LOOP('',(#3487));
#3489=FACE_BOUND('',#3488,.T.);
#3490=CARTESIAN_POINT('',(-47.5,18.75,-13.));
#3491=CARTESIAN_POINT('',(-47.5,18.75,-2.));
#3492=B_SPLINE_CURVE_WITH_KNOTS('',1,(#3490,#3491),.UNSPECIFIED.,.F.,.F.,(2,2),(-0.005975401,0.005024599),.UNSPECIFIED.);
#3493=EDGE_CURVE('',#516,#817,#3492,.T.);
#3494=ORIENTED_EDGE('',*,*,#3493,.T.);
#3495=ORIENTED_EDGE('',*,*,#821,.F.);
#3496=CARTESIAN_POINT('',(-6.78231978,18.75,-2.));
#3497=CARTESIAN_POINT('',(-6.78231978,18.75,-13.));
#3498=B_SPLINE_CURVE_WITH_KNOTS('',1,(#3496,#3497),.UNSPECIFIED.,.F.,.F.,(2,2),(-0.00376949,0.00723051),.UNSPECIFIED.);
#3499=EDGE_CURVE('',#810,#523,#3498,.T.);
#3500=ORIENTED_EDGE('',*,*,#3499,.T.);
#3501=ORIENTED_EDGE('',*,*,#527,.T.);
#3502=EDGE_LOOP('',(#3494,#3495,#3500,#3501));
#3503=FACE_BOUND('',#3502,.T.);
#3504=ADVANCED_FACE('',(#3489,#3503),#3473,.F.);
#3505=CARTESIAN_POINT('',(-47.5,-18.75,-13.));
#3506=CARTESIAN_POINT('',(-47.5,-9.5,-13.));
#3507=CARTESIAN_POINT('',(-47.5,-18.75,-2.));
#3508=CARTESIAN_POINT('',(-47.5,-9.5,-2.));
#3509=B_SPLINE_SURFACE_WITH_KNOTS('',1,1,((#3505,#3506),(#3507,#3508)),.UNSPECIFIED.,.F.,.F.,.U.,(2,2),(2,2),(-0.005975401,0.005024599),(-0.,0.00925),.UNSPECIFIED.);
#3510=ORIENTED_EDGE('',*,*,#632,.T.);
#3511=ORIENTED_EDGE('',*,*,#987,.F.);
#3512=ORIENTED_EDGE('',*,*,#576,.F.);
#3513=CARTESIAN_POINT('',(-47.5,-18.75,-13.));
#3514=CARTESIAN_POINT('',(-47.5,-18.75,-2.));
#3515=B_SPLINE_CURVE_WITH_KNOTS('',1,(#3513,#3514),.UNSPECIFIED.,.F.,.F.,(2,2),(-0.005975401,0.005024599),.UNSPECIFIED.);
#3516=EDGE_CURVE('',#565,#628,#3515,.T.);
#3517=ORIENTED_EDGE('',*,*,#3516,.T.);
#3518=EDGE_LOOP('',(#3510,#3511,#3512,#3517));
#3519=FACE_BOUND('',#3518,.T.);
#3520=ADVANCED_FACE('',(#3519),#3509,.T.);
#3521=CARTESIAN_POINT('',(-47.5,13.25,-13.));
#3522=CARTESIAN_POINT('',(-47.5,18.75,-13.));
#3523=CARTESIAN_POINT('',(-47.5,13.25,-2.));
#3524=CARTESIAN_POINT('',(-47.5,18.75,-2.));
#3525=B_SPLINE_SURFACE_WITH_KNOTS('',1,1,((#3521,#3522),(#3523,#3524)),.UNSPECIFIED.,.F.,.F.,.U.,(2,2),(2,2),(-0.005975401,0.005024599),(-0.0055,0.),.UNSPECIFIED.);
#3526=ORIENTED_EDGE('',*,*,#520,.T.);
#3527=ORIENTED_EDGE('',*,*,#605,.T.);
#3528=ORIENTED_EDGE('',*,*,#826,.F.);
#3529=ORIENTED_EDGE('',*,*,#3493,.F.);
#3530=EDGE_LOOP('',(#3526,#3527,#3528,#3529));
#3531=FACE_BOUND('',#3530,.T.);
#3532=ADVANCED_FACE('',(#3531),#3525,.T.);
#3533=CARTESIAN_POINT('',(-6.78231978,18.75,-2.));
#3534=CARTESIAN_POINT('',(-6.78231978,36.95,-2.));
#3535=CARTESIAN_POINT('',(-6.78231978,18.75,-13.));
#3536=CARTESIAN_POINT('',(-6.78231978,36.95,-13.));
#3537=B_SPLINE_SURFACE_WITH_KNOTS('',1,1,((#3533,#3534),(#3535,#3536)),.UNSPECIFIED.,.F.,.F.,.U.,(2,2),(2,2),(0.00525,0.01625),(0.01875,0.03695),.UNSPECIFIED.);
#3538=ORIENTED_EDGE('',*,*,#3499,.F.);
#3539=ORIENTED_EDGE('',*,*,#814,.T.);
#3540=CARTESIAN_POINT('',(-6.78231978,36.95,-2.));
#3541=CARTESIAN_POINT('',(-6.78231978,36.95,-13.));
#3542=B_SPLINE_CURVE_WITH_KNOTS('',1,(#3540,#3541),.UNSPECIFIED.,.F.,.F.,(2,2),(0.00525,0.01625),.UNSPECIFIED.);
#3543=EDGE_CURVE('',#803,#530,#3542,.T.);
#3544=ORIENTED_EDGE('',*,*,#3543,.T.);
#3545=ORIENTED_EDGE('',*,*,#534,.T.);
#3546=EDGE_LOOP('',(#3538,#3539,#3544,#3545));
#3547=FACE_BOUND('',#3546,.T.);
#3548=ADVANCED_FACE('',(#3547),#3537,.F.);
#3549=CARTESIAN_POINT('',(-86.,-9.5,53.405647197));
#3550=CARTESIAN_POINT('',(-86.,11.25,53.405647197));
#3551=CARTESIAN_POINT('',(-77.51371307,-9.5,53.405647197));
#3552=CARTESIAN_POINT('',(-77.51371307,11.25,53.405647197));
#3553=B_SPLINE_SURFACE_WITH_KNOTS('',1,1,((#3549,#3550),(#3551,#3552)),.UNSPECIFIED.,.F.,.F.,.U.,(2,2),(2,2),(-0.010986287,-0.0025),(-0.021130225,-0.000380225),.UNSPECIFIED.);
#3554=CARTESIAN_POINT('',(-80.01371307,-1.125,53.405647197));
#3555=VERTEX_POINT('',#3554);
#3556=CARTESIAN_POINT('',(-80.01371307,-1.125,53.405647197));
#3557=CARTESIAN_POINT('',(-77.51371307,-1.125,53.405647197));
#3558=B_SPLINE_CURVE_WITH_KNOTS('',1,(#3556,#3557),.UNSPECIFIED.,.F.,.F.,(2,2),(0.,0.0025),.UNSPECIFIED.);
#3559=EDGE_CURVE('',#3555,#3387,#3558,.T.);
#3560=ORIENTED_EDGE('',*,*,#3559,.F.);
#3561=CARTESIAN_POINT('',(-80.01371307,2.875,53.405647197));
#3562=VERTEX_POINT('',#3561);
#3563=CARTESIAN_POINT('',(-80.01371307,2.875,53.405647197));
#3564=CARTESIAN_POINT('',(-80.01371307,-1.125,53.405647197));
#3565=B_SPLINE_CURVE_WITH_KNOTS('',1,(#3563,#3564),.UNSPECIFIED.,.F.,.F.,(2,2),(0.,0.004),.UNSPECIFIED.);
#3566=EDGE_CURVE('',#3562,#3555,#3565,.T.);
#3567=ORIENTED_EDGE('',*,*,#3566,.F.);
#3568=CARTESIAN_POINT('',(-77.51371307,2.875,53.405647197));
#3569=CARTESIAN_POINT('',(-80.01371307,2.875,53.405647197));
#3570=B_SPLINE_CURVE_WITH_KNOTS('',1,(#3568,#3569),.UNSPECIFIED.,.F.,.F.,(2,2),(0.,0.0025),.UNSPECIFIED.);
#3571=EDGE_CURVE('',#839,#3562,#3570,.T.);
#3572=ORIENTED_EDGE('',*,*,#3571,.F.);
#3573=ORIENTED_EDGE('',*,*,#862,.F.);
#3574=ORIENTED_EDGE('',*,*,#1004,.T.);
#3575=ORIENTED_EDGE('',*,*,#427,.T.);
#3576=ORIENTED_EDGE('',*,*,#980,.T.);
#3577=ORIENTED_EDGE('',*,*,#3396,.F.);
#3578=EDGE_LOOP('',(#3560,#3567,#3572,#3573,#3574,#3575,#3576,#3577));
#3579=FACE_BOUND('',#3578,.T.);
#3580=ADVANCED_FACE('',(#3579),#3553,.T.);
#3581=CARTESIAN_POINT('',(2.5,-36.95,-2.));
#3582=CARTESIAN_POINT('',(-6.78231978,-36.95,-2.));
#3583=CARTESIAN_POINT('',(2.5,-36.95,-13.));
#3584=CARTESIAN_POINT('',(-6.78231978,-36.95,-13.));
#3585=B_SPLINE_SURFACE_WITH_KNOTS('',1,1,((#3581,#3582),(#3583,#3584)),.UNSPECIFIED.,.F.,.F.,.U.,(2,2),(2,2),(-0.,0.011),(-0.004,0.00528232),.UNSPECIFIED.);
#3586=ORIENTED_EDGE('',*,*,#2384,.F.);
#3587=ORIENTED_EDGE('',*,*,#653,.F.);
#3588=CARTESIAN_POINT('',(-6.78231978,-36.95,-2.));
#3589=CARTESIAN_POINT('',(-6.78231978,-36.95,-13.));
#3590=B_SPLINE_CURVE_WITH_KNOTS('',1,(#3588,#3589),.UNSPECIFIED.,.F.,.F.,(2,2),(0.00525,0.01625),.UNSPECIFIED.);
#3591=EDGE_CURVE('',#642,#551,#3590,.T.);
#3592=ORIENTED_EDGE('',*,*,#3591,.T.);
#3593=ORIENTED_EDGE('',*,*,#555,.T.);
#3594=EDGE_LOOP('',(#3586,#3587,#3592,#3593));
#3595=FACE_BOUND('',#3594,.T.);
#3596=ADVANCED_FACE('',(#3595),#3585,.F.);
#3597=CARTESIAN_POINT('',(-6.78231978,-36.95,-2.));
#3598=CARTESIAN_POINT('',(-6.78231978,-18.75,-2.));
#3599=CARTESIAN_POINT('',(-6.78231978,-36.95,-13.));
#3600=CARTESIAN_POINT('',(-6.78231978,-18.75,-13.));
#3601=B_SPLINE_SURFACE_WITH_KNOTS('',1,1,((#3597,#3598),(#3599,#3600)),.UNSPECIFIED.,.F.,.F.,.U.,(2,2),(2,2),(0.00525,0.01625),(-0.03695,-0.01875),.UNSPECIFIED.);
#3602=CARTESIAN_POINT('',(-6.78231978,-18.75,-13.));
#3603=CARTESIAN_POINT('',(-6.78231978,-18.75,-2.));
#3604=B_SPLINE_CURVE_WITH_KNOTS('',1,(#3602,#3603),.UNSPECIFIED.,.F.,.F.,(2,2),(-0.00723051,0.00376949),.UNSPECIFIED.);
#3605=EDGE_CURVE('',#558,#635,#3604,.T.);
#3606=ORIENTED_EDGE('',*,*,#3605,.F.);
#3607=ORIENTED_EDGE('',*,*,#562,.F.);
#3608=ORIENTED_EDGE('',*,*,#3591,.F.);
#3609=ORIENTED_EDGE('',*,*,#646,.F.);
#3610=EDGE_LOOP('',(#3606,#3607,#3608,#3609));
#3611=FACE_BOUND('',#3610,.T.);
#3612=ADVANCED_FACE('',(#3611),#3601,.F.);
#3613=CARTESIAN_POINT('',(-82.,-9.5,7.485582816));
#3614=CARTESIAN_POINT('',(-82.,11.25,7.485582816));
#3615=CARTESIAN_POINT('',(-82.,-9.5,6.614417184));
#3616=CARTESIAN_POINT('',(-82.,11.25,6.614417184));
#3617=B_SPLINE_SURFACE_WITH_KNOTS('',1,1,((#3613,#3614),(#3615,#3616)),.UNSPECIFIED.,.F.,.F.,.U.,(2,2),(2,2),(-0.007485583,-0.006614417),(-0.0095,0.01125),.UNSPECIFIED.);
#3618=CARTESIAN_POINT('',(-82.,-9.5,6.614417184));
#3619=CARTESIAN_POINT('',(-82.,11.25,6.614417184));
#3620=B_SPLINE_CURVE_WITH_KNOTS('',1,(#3618,#3619),.UNSPECIFIED.,.F.,.F.,(2,2),(-0.0095,0.01125),.UNSPECIFIED.);
#3621=EDGE_CURVE('',#941,#384,#3620,.T.);
#3622=ORIENTED_EDGE('',*,*,#3621,.T.);
#3623=ORIENTED_EDGE('',*,*,#388,.T.);
#3624=CARTESIAN_POINT('',(-82.,11.25,7.485582816));
#3625=CARTESIAN_POINT('',(-82.,-9.5,7.485582816));
#3626=B_SPLINE_CURVE_WITH_KNOTS('',1,(#3624,#3625),.UNSPECIFIED.,.F.,.F.,(2,2),(-0.087490558,-0.066740558),.UNSPECIFIED.);
#3627=EDGE_CURVE('',#376,#949,#3626,.T.);
#3628=ORIENTED_EDGE('',*,*,#3627,.T.);
#3629=ORIENTED_EDGE('',*,*,#953,.T.);
#3630=EDGE_LOOP('',(#3622,#3623,#3628,#3629));
#3631=FACE_BOUND('',#3630,.T.);
#3632=ADVANCED_FACE('',(#3631),#3617,.T.);
#3633=CARTESIAN_POINT('',(-82.,-9.5,7.485582816));
#3634=CARTESIAN_POINT('',(-82.,11.25,7.485582816));
#3635=CARTESIAN_POINT('',(-82.,-9.5,8.3));
#3636=CARTESIAN_POINT('',(-82.,11.25,8.3));
#3637=CARTESIAN_POINT('',(-81.185582816,-9.5,8.3));
#3638=CARTESIAN_POINT('',(-81.185582816,11.25,8.3));
#3639=(BOUNDED_SURFACE()
B_SPLINE_SURFACE(2,1,((#3633,#3634),(#3635,#3636),(#3637,#3638)),.UNSPECIFIED.,.F.,.F.,.U.)
B_SPLINE_SURFACE_WITH_KNOTS((3,3),(2,2),(4.749981681,6.283185307),(-0.087490558,-0.066740558),.UNSPECIFIED.)
GEOMETRIC_REPRESENTATION_ITEM()
RATIONAL_B_SPLINE_SURFACE(((0.803847577,0.803847577),(0.633974596,0.633974596),(1.,1.)))
REPRESENTATION_ITEM('')
SURFACE()
);
#3640=ORIENTED_EDGE('',*,*,#3627,.F.);
#3641=ORIENTED_EDGE('',*,*,#381,.T.);
#3642=ORIENTED_EDGE('',*,*,#202,.F.);
#3643=ORIENTED_EDGE('',*,*,#959,.F.);
#3644=EDGE_LOOP('',(#3640,#3641,#3642,#3643));
#3645=FACE_BOUND('',#3644,.T.);
#3646=ADVANCED_FACE('',(#3645),#3639,.F.);
#3647=CARTESIAN_POINT('',(-81.185582816,-9.5,5.8));
#3648=CARTESIAN_POINT('',(-81.185582816,11.25,5.8));
#3649=CARTESIAN_POINT('',(-81.655786796,-9.5,5.8));
#3650=CARTESIAN_POINT('',(-81.655786796,11.25,5.8));
#3651=CARTESIAN_POINT('',(-81.890888787,-9.5,6.207208592));
#3652=CARTESIAN_POINT('',(-81.890888787,11.25,6.207208592));
#3653=CARTESIAN_POINT('',(-82.,-9.5,6.396194757));
#3654=CARTESIAN_POINT('',(-82.,11.25,6.396194757));
#3655=CARTESIAN_POINT('',(-82.,-9.5,6.614417184));
#3656=CARTESIAN_POINT('',(-82.,11.25,6.614417184));
#3657=(BOUNDED_SURFACE()
B_SPLINE_SURFACE(2,1,((#3647,#3648),(#3649,#3650),(#3651,#3652),(#3653,#3654),(#3655,#3656)),.UNSPECIFIED.,.F.,.F.,.U.)
B_SPLINE_SURFACE_WITH_KNOTS((3,2,3),(2,2),(3.141592654,4.188790205,4.749981681),(-0.0095,0.01125),.UNSPECIFIED.)
GEOMETRIC_REPRESENTATION_ITEM()
RATIONAL_B_SPLINE_SURFACE(((0.75,0.75),(0.75,0.75),(1.,1.),(0.866025404,0.866025404),(0.803847577,0.803847577)))
REPRESENTATION_ITEM('')
SURFACE()
);
#3658=ORIENTED_EDGE('',*,*,#306,.F.);
#3659=ORIENTED_EDGE('',*,*,#394,.T.);
#3660=ORIENTED_EDGE('',*,*,#3621,.F.);
#3661=ORIENTED_EDGE('',*,*,#946,.F.);
#3662=EDGE_LOOP('',(#3658,#3659,#3660,#3661));
#3663=FACE_BOUND('',#3662,.T.);
#3664=ADVANCED_FACE('',(#3663),#3657,.F.);
#3665=CARTESIAN_POINT('',(-6.78231978,36.95,-2.));
#3666=CARTESIAN_POINT('',(2.5,36.95,-2.));
#3667=CARTESIAN_POINT('',(-6.78231978,36.95,-13.));
#3668=CARTESIAN_POINT('',(2.5,36.95,-13.));
#3669=B_SPLINE_SURFACE_WITH_KNOTS('',1,1,((#3665,#3666),(#3667,#3668)),.UNSPECIFIED.,.F.,.F.,.U.,(2,2),(2,2),(-0.,0.011),(-0.00528232,0.004),.UNSPECIFIED.);
#3670=ORIENTED_EDGE('',*,*,#2390,.T.);
#3671=ORIENTED_EDGE('',*,*,#541,.F.);
#3672=ORIENTED_EDGE('',*,*,#3543,.F.);
#3673=ORIENTED_EDGE('',*,*,#807,.T.);
#3674=EDGE_LOOP('',(#3670,#3671,#3672,#3673));
#3675=FACE_BOUND('',#3674,.T.);
#3676=ADVANCED_FACE('',(#3675),#3669,.F.);
#3677=CARTESIAN_POINT('',(-4.,32.95,-8.725));
#3678=CARTESIAN_POINT('',(2.5,32.95,-8.725));
#3679=CARTESIAN_POINT('',(-4.,36.803813047,-8.725));
#3680=CARTESIAN_POINT('',(2.5,36.803813047,-8.725));
#3681=CARTESIAN_POINT('',(-4.,34.876906523,-5.3875));
#3682=CARTESIAN_POINT('',(2.5,34.876906523,-5.3875));
#3683=CARTESIAN_POINT('',(-4.,32.95,-2.05));
#3684=CARTESIAN_POINT('',(2.5,32.95,-2.05));
#3685=CARTESIAN_POINT('',(-4.,31.023093477,-5.3875));
#3686=CARTESIAN_POINT('',(2.5,31.023093477,-5.3875));
#3687=CARTESIAN_POINT('',(-4.,29.096186953,-8.725));
#3688=CARTESIAN_POINT('',(2.5,29.096186953,-8.725));
#3689=CARTESIAN_POINT('',(-4.,32.95,-8.725));
#3690=CARTESIAN_POINT('',(2.5,32.95,-8.725));
#3691=(BOUNDED_SURFACE()
B_SPLINE_SURFACE(2,1,((#3677,#3678),(#3679,#3680),(#3681,#3682),(#3683,#3684),(#3685,#3686),(#3687,#3688),(#3689,#3690)),.UNSPECIFIED.,.T.,.F.,.U.)
B_SPLINE_SURFACE_WITH_KNOTS((3,2,2,3),(2,2),(0.,2.094395102,4.188790205,6.283185307),(-0.,0.0065),.UNSPECIFIED.)
GEOMETRIC_REPRESENTATION_ITEM()
RATIONAL_B_SPLINE_SURFACE(((1.,1.),(0.5,0.5),(1.,1.),(0.5,0.5),(1.,1.),(0.5,0.5),(1.,1.)))
REPRESENTATION_ITEM('')
SURFACE()
);
#3692=CARTESIAN_POINT('',(-4.,32.95,-8.725));
#3693=VERTEX_POINT('',#3692);
#3694=CARTESIAN_POINT('',(2.5,32.95,-8.725));
#3695=CARTESIAN_POINT('',(-4.,32.95,-8.725));
#3696=B_SPLINE_CURVE_WITH_KNOTS('',1,(#3694,#3695),.UNSPECIFIED.,.F.,.F.,(2,2),(0.,0.0065),.UNSPECIFIED.);
#3697=EDGE_CURVE('',#2464,#3693,#3696,.T.);
#3698=ORIENTED_EDGE('',*,*,#3697,.F.);
#3699=ORIENTED_EDGE('',*,*,#2475,.F.);
#3700=ORIENTED_EDGE('',*,*,#2487,.F.);
#3701=ORIENTED_EDGE('',*,*,#3697,.T.);
#3702=CARTESIAN_POINT('',(-4.,34.449463001,-4.856152163));
#3703=VERTEX_POINT('',#3702);
#3704=CARTESIAN_POINT('',(-4.,34.449463001,-4.856152163));
#3705=CARTESIAN_POINT('',(-4.,36.093310837,-6.355615164));
#3706=CARTESIAN_POINT('',(-4.,34.593847837,-7.999463001));
#3707=CARTESIAN_POINT('',(-4.,33.094384836,-9.643310837));
#3708=CARTESIAN_POINT('',(-4.,31.450536999,-8.143847837));
#3709=CARTESIAN_POINT('',(-4.,29.806689163,-6.644384836));
#3710=CARTESIAN_POINT('',(-4.,31.306152163,-5.000536999));
#3711=CARTESIAN_POINT('',(-4.,32.805615164,-3.356689163));
#3712=CARTESIAN_POINT('',(-4.,34.449463001,-4.856152163));
#3713=(BOUNDED_CURVE()
B_SPLINE_CURVE(2,(#3704,#3705,#3706,#3707,#3708,#3709,#3710,#3711,#3712),.UNSPECIFIED.,.T.,.F.)
B_SPLINE_CURVE_WITH_KNOTS((3,2,2,2,3),(0.,1.570796327,3.141592654,4.71238898,6.283185307),.UNSPECIFIED.)
CURVE()
GEOMETRIC_REPRESENTATION_ITEM()
RATIONAL_B_SPLINE_CURVE((1.,0.707106781,1.,0.707106781,1.,0.707106781,1.,0.707106781,1.))
REPRESENTATION_ITEM(''));
#3714=EDGE_CURVE('',#3693,#3703,#3713,.T.);
#3715=ORIENTED_EDGE('',*,*,#3714,.T.);
#3716=CARTESIAN_POINT('',(-4.,34.449463001,-4.856152163));
#3717=CARTESIAN_POINT('',(-4.,36.093310837,-6.355615164));
#3718=CARTESIAN_POINT('',(-4.,34.593847837,-7.999463001));
#3719=CARTESIAN_POINT('',(-4.,33.094384836,-9.643310837));
#3720=CARTESIAN_POINT('',(-4.,31.450536999,-8.143847837));
#3721=CARTESIAN_POINT('',(-4.,29.806689163,-6.644384836));
#3722=CARTESIAN_POINT('',(-4.,31.306152163,-5.000536999));
#3723=CARTESIAN_POINT('',(-4.,32.805615164,-3.356689163));
#3724=CARTESIAN_POINT('',(-4.,34.449463001,-4.856152163));
#3725=(BOUNDED_CURVE()
B_SPLINE_CURVE(2,(#3716,#3717,#3718,#3719,#3720,#3721,#3722,#3723,#3724),.UNSPECIFIED.,.T.,.F.)
B_SPLINE_CURVE_WITH_KNOTS((3,2,2,2,3),(0.,1.570796327,3.141592654,4.71238898,6.283185307),.UNSPECIFIED.)
CURVE()
GEOMETRIC_REPRESENTATION_ITEM()
RATIONAL_B_SPLINE_CURVE((1.,0.707106781,1.,0.707106781,1.,0.707106781,1.,0.707106781,1.))
REPRESENTATION_ITEM(''));
#3726=EDGE_CURVE('',#3703,#3693,#3725,.T.);
#3727=ORIENTED_EDGE('',*,*,#3726,.T.);
#3728=EDGE_LOOP('',(#3698,#3699,#3700,#3701,#3715,#3727));
#3729=FACE_BOUND('',#3728,.T.);
#3730=ADVANCED_FACE('',(#3729),#3691,.F.);
#3731=CARTESIAN_POINT('',(-4.,29.806689163,-3.356689163));
#3732=CARTESIAN_POINT('',(-4.,36.093310837,-3.356689163));
#3733=CARTESIAN_POINT('',(-4.,29.806689163,-8.725));
#3734=CARTESIAN_POINT('',(-4.,36.093310837,-8.725));
#3735=B_SPLINE_SURFACE_WITH_KNOTS('',1,1,((#3731,#3732),(#3733,#3734)),.UNSPECIFIED.,.F.,.F.,.U.,(2,2),(2,2),(0.006606689,0.011975),(0.029806689,0.036093311),.UNSPECIFIED.);
#3736=ORIENTED_EDGE('',*,*,#3714,.F.);
#3737=ORIENTED_EDGE('',*,*,#3726,.F.);
#3738=EDGE_LOOP('',(#3736,#3737));
#3739=FACE_BOUND('',#3738,.T.);
#3740=ADVANCED_FACE('',(#3739),#3735,.T.);
#3741=CARTESIAN_POINT('',(-4.,-0.,-8.725));
#3742=CARTESIAN_POINT('',(2.5,-0.,-8.725));
#3743=CARTESIAN_POINT('',(-4.,3.853813047,-8.725));
#3744=CARTESIAN_POINT('',(2.5,3.853813047,-8.725));
#3745=CARTESIAN_POINT('',(-4.,1.926906523,-5.3875));
#3746=CARTESIAN_POINT('',(2.5,1.926906523,-5.3875));
#3747=CARTESIAN_POINT('',(-4.,-0.,-2.05));
#3748=CARTESIAN_POINT('',(2.5,-0.,-2.05));
#3749=CARTESIAN_POINT('',(-4.,-1.926906523,-5.3875));
#3750=CARTESIAN_POINT('',(2.5,-1.926906523,-5.3875));
#3751=CARTESIAN_POINT('',(-4.,-3.853813047,-8.725));
#3752=CARTESIAN_POINT('',(2.5,-3.853813047,-8.725));
#3753=CARTESIAN_POINT('',(-4.,-0.,-8.725));
#3754=CARTESIAN_POINT('',(2.5,-0.,-8.725));
#3755=(BOUNDED_SURFACE()
B_SPLINE_SURFACE(2,1,((#3741,#3742),(#3743,#3744),(#3745,#3746),(#3747,#3748),(#3749,#3750),(#3751,#3752),(#3753,#3754)),.UNSPECIFIED.,.T.,.F.,.U.)
B_SPLINE_SURFACE_WITH_KNOTS((3,2,2,3),(2,2),(0.,2.094395102,4.188790205,6.283185307),(-0.,0.0065),.UNSPECIFIED.)
GEOMETRIC_REPRESENTATION_ITEM()
RATIONAL_B_SPLINE_SURFACE(((1.,1.),(0.5,0.5),(1.,1.),(0.5,0.5),(1.,1.),(0.5,0.5),(1.,1.)))
REPRESENTATION_ITEM('')
SURFACE()
);
#3756=CARTESIAN_POINT('',(-4.,-0.,-8.725));
#3757=VERTEX_POINT('',#3756);
#3758=CARTESIAN_POINT('',(2.5,-0.,-8.725));
#3759=CARTESIAN_POINT('',(-4.,-0.,-8.725));
#3760=B_SPLINE_CURVE_WITH_KNOTS('',1,(#3758,#3759),.UNSPECIFIED.,.F.,.F.,(2,2),(0.,0.0065),.UNSPECIFIED.);
#3761=EDGE_CURVE('',#2494,#3757,#3760,.T.);
#3762=ORIENTED_EDGE('',*,*,#3761,.F.);
#3763=ORIENTED_EDGE('',*,*,#2505,.F.);
#3764=ORIENTED_EDGE('',*,*,#2517,.F.);
#3765=ORIENTED_EDGE('',*,*,#3761,.T.);
#3766=CARTESIAN_POINT('',(-4.,1.410793859,-4.779451922));
#3767=VERTEX_POINT('',#3766);
#3768=CARTESIAN_POINT('',(-4.,1.410793859,-4.779451922));
#3769=CARTESIAN_POINT('',(-4.,3.131341937,-6.190245782));
#3770=CARTESIAN_POINT('',(-4.,1.720548078,-7.910793859));
#3771=CARTESIAN_POINT('',(-4.,0.309754218,-9.631341937));
#3772=CARTESIAN_POINT('',(-4.,-1.410793859,-8.220548078));
#3773=CARTESIAN_POINT('',(-4.,-3.131341937,-6.809754218));
#3774=CARTESIAN_POINT('',(-4.,-1.720548078,-5.089206141));
#3775=CARTESIAN_POINT('',(-4.,-0.309754218,-3.368658063));
#3776=CARTESIAN_POINT('',(-4.,1.410793859,-4.779451922));
#3777=(BOUNDED_CURVE()
B_SPLINE_CURVE(2,(#3768,#3769,#3770,#3771,#3772,#3773,#3774,#3775,#3776),.UNSPECIFIED.,.T.,.F.)
B_SPLINE_CURVE_WITH_KNOTS((3,2,2,2,3),(0.,1.570796327,3.141592654,4.71238898,6.283185307),.UNSPECIFIED.)
CURVE()
GEOMETRIC_REPRESENTATION_ITEM()
RATIONAL_B_SPLINE_CURVE((1.,0.707106781,1.,0.707106781,1.,0.707106781,1.,0.707106781,1.))
REPRESENTATION_ITEM(''));
#3778=EDGE_CURVE('',#3757,#3767,#3777,.T.);
#3779=ORIENTED_EDGE('',*,*,#3778,.T.);
#3780=CARTESIAN_POINT('',(-4.,1.410793859,-4.779451922));
#3781=CARTESIAN_POINT('',(-4.,3.131341937,-6.190245782));
#3782=CARTESIAN_POINT('',(-4.,1.720548078,-7.910793859));
#3783=CARTESIAN_POINT('',(-4.,0.309754218,-9.631341937));
#3784=CARTESIAN_POINT('',(-4.,-1.410793859,-8.220548078));
#3785=CARTESIAN_POINT('',(-4.,-3.131341937,-6.809754218));
#3786=CARTESIAN_POINT('',(-4.,-1.720548078,-5.089206141));
#3787=CARTESIAN_POINT('',(-4.,-0.309754218,-3.368658063));
#3788=CARTESIAN_POINT('',(-4.,1.410793859,-4.779451922));
#3789=(BOUNDED_CURVE()
B_SPLINE_CURVE(2,(#3780,#3781,#3782,#3783,#3784,#3785,#3786,#3787,#3788),.UNSPECIFIED.,.T.,.F.)
B_SPLINE_CURVE_WITH_KNOTS((3,2,2,2,3),(0.,1.570796327,3.141592654,4.71238898,6.283185307),.UNSPECIFIED.)
CURVE()
GEOMETRIC_REPRESENTATION_ITEM()
RATIONAL_B_SPLINE_CURVE((1.,0.707106781,1.,0.707106781,1.,0.707106781,1.,0.707106781,1.))
REPRESENTATION_ITEM(''));
#3790=EDGE_CURVE('',#3767,#3757,#3789,.T.);
#3791=ORIENTED_EDGE('',*,*,#3790,.T.);
#3792=EDGE_LOOP('',(#3762,#3763,#3764,#3765,#3779,#3791));
#3793=FACE_BOUND('',#3792,.T.);
#3794=ADVANCED_FACE('',(#3793),#3755,.F.);
#3795=CARTESIAN_POINT('',(-4.,-3.131341937,-3.368658063));
#3796=CARTESIAN_POINT('',(-4.,3.131341937,-3.368658063));
#3797=CARTESIAN_POINT('',(-4.,-3.131341937,-8.725));
#3798=CARTESIAN_POINT('',(-4.,3.131341937,-8.725));
#3799=B_SPLINE_SURFACE_WITH_KNOTS('',1,1,((#3795,#3796),(#3797,#3798)),.UNSPECIFIED.,.F.,.F.,.U.,(2,2),(2,2),(0.006618658,0.011975),(-0.003131342,0.003131342),.UNSPECIFIED.);
#3800=ORIENTED_EDGE('',*,*,#3778,.F.);
#3801=ORIENTED_EDGE('',*,*,#3790,.F.);
#3802=EDGE_LOOP('',(#3800,#3801));
#3803=FACE_BOUND('',#3802,.T.);
#3804=ADVANCED_FACE('',(#3803),#3799,.T.);
#3805=CARTESIAN_POINT('',(-4.,-32.95,-8.725));
#3806=CARTESIAN_POINT('',(2.5,-32.95,-8.725));
#3807=CARTESIAN_POINT('',(-4.,-29.096186953,-8.725));
#3808=CARTESIAN_POINT('',(2.5,-29.096186953,-8.725));
#3809=CARTESIAN_POINT('',(-4.,-31.023093477,-5.3875));
#3810=CARTESIAN_POINT('',(2.5,-31.023093477,-5.3875));
#3811=CARTESIAN_POINT('',(-4.,-32.95,-2.05));
#3812=CARTESIAN_POINT('',(2.5,-32.95,-2.05));
#3813=CARTESIAN_POINT('',(-4.,-34.876906523,-5.3875));
#3814=CARTESIAN_POINT('',(2.5,-34.876906523,-5.3875));
#3815=CARTESIAN_POINT('',(-4.,-36.803813047,-8.725));
#3816=CARTESIAN_POINT('',(2.5,-36.803813047,-8.725));
#3817=CARTESIAN_POINT('',(-4.,-32.95,-8.725));
#3818=CARTESIAN_POINT('',(2.5,-32.95,-8.725));
#3819=(BOUNDED_SURFACE()
B_SPLINE_SURFACE(2,1,((#3805,#3806),(#3807,#3808),(#3809,#3810),(#3811,#3812),(#3813,#3814),(#3815,#3816),(#3817,#3818)),.UNSPECIFIED.,.T.,.F.,.U.)
B_SPLINE_SURFACE_WITH_KNOTS((3,2,2,3),(2,2),(0.,2.094395102,4.188790205,6.283185307),(-0.,0.0065),.UNSPECIFIED.)
GEOMETRIC_REPRESENTATION_ITEM()
RATIONAL_B_SPLINE_SURFACE(((1.,1.),(0.5,0.5),(1.,1.),(0.5,0.5),(1.,1.),(0.5,0.5),(1.,1.)))
REPRESENTATION_ITEM('')
SURFACE()
);
#3820=CARTESIAN_POINT('',(-4.,-32.95,-8.725));
#3821=VERTEX_POINT('',#3820);
#3822=CARTESIAN_POINT('',(2.5,-32.95,-8.725));
#3823=CARTESIAN_POINT('',(-4.,-32.95,-8.725));
#3824=B_SPLINE_CURVE_WITH_KNOTS('',1,(#3822,#3823),.UNSPECIFIED.,.F.,.F.,(2,2),(0.,0.0065),.UNSPECIFIED.);
#3825=EDGE_CURVE('',#2432,#3821,#3824,.T.);
#3826=ORIENTED_EDGE('',*,*,#3825,.F.);
#3827=ORIENTED_EDGE('',*,*,#2445,.T.);
#3828=ORIENTED_EDGE('',*,*,#2457,.T.);
#3829=ORIENTED_EDGE('',*,*,#3825,.T.);
#3830=CARTESIAN_POINT('',(-4.,-31.38260553,-4.920791472));
#3831=VERTEX_POINT('',#3830);
#3832=CARTESIAN_POINT('',(-4.,-31.38260553,-4.920791472));
#3833=CARTESIAN_POINT('',(-4.,-32.961814058,-3.353397002));
#3834=CARTESIAN_POINT('',(-4.,-34.529208528,-4.93260553));
#3835=CARTESIAN_POINT('',(-4.,-36.096602998,-6.511814058));
#3836=CARTESIAN_POINT('',(-4.,-34.51739447,-8.079208528));
#3837=CARTESIAN_POINT('',(-4.,-32.938185942,-9.646602998));
#3838=CARTESIAN_POINT('',(-4.,-31.370791472,-8.06739447));
#3839=CARTESIAN_POINT('',(-4.,-29.803397002,-6.488185942));
#3840=CARTESIAN_POINT('',(-4.,-31.38260553,-4.920791472));
#3841=(BOUNDED_CURVE()
B_SPLINE_CURVE(2,(#3832,#3833,#3834,#3835,#3836,#3837,#3838,#3839,#3840),.UNSPECIFIED.,.T.,.F.)
B_SPLINE_CURVE_WITH_KNOTS((3,2,2,2,3),(0.,1.570796327,3.141592654,4.71238898,6.283185307),.UNSPECIFIED.)
CURVE()
GEOMETRIC_REPRESENTATION_ITEM()
RATIONAL_B_SPLINE_CURVE((1.,0.707106781,1.,0.707106781,1.,0.707106781,1.,0.707106781,1.))
REPRESENTATION_ITEM(''));
#3842=EDGE_CURVE('',#3831,#3821,#3841,.T.);
#3843=ORIENTED_EDGE('',*,*,#3842,.F.);
#3844=CARTESIAN_POINT('',(-4.,-31.38260553,-4.920791472));
#3845=CARTESIAN_POINT('',(-4.,-32.961814058,-3.353397002));
#3846=CARTESIAN_POINT('',(-4.,-34.529208528,-4.93260553));
#3847=CARTESIAN_POINT('',(-4.,-36.096602998,-6.511814058));
#3848=CARTESIAN_POINT('',(-4.,-34.51739447,-8.079208528));
#3849=CARTESIAN_POINT('',(-4.,-32.938185942,-9.646602998));
#3850=CARTESIAN_POINT('',(-4.,-31.370791472,-8.06739447));
#3851=CARTESIAN_POINT('',(-4.,-29.803397002,-6.488185942));
#3852=CARTESIAN_POINT('',(-4.,-31.38260553,-4.920791472));
#3853=(BOUNDED_CURVE()
B_SPLINE_CURVE(2,(#3844,#3845,#3846,#3847,#3848,#3849,#3850,#3851,#3852),.UNSPECIFIED.,.T.,.F.)
B_SPLINE_CURVE_WITH_KNOTS((3,2,2,2,3),(0.,1.570796327,3.141592654,4.71238898,6.283185307),.UNSPECIFIED.)
CURVE()
GEOMETRIC_REPRESENTATION_ITEM()
RATIONAL_B_SPLINE_CURVE((1.,0.707106781,1.,0.707106781,1.,0.707106781,1.,0.707106781,1.))
REPRESENTATION_ITEM(''));
#3854=EDGE_CURVE('',#3821,#3831,#3853,.T.);
#3855=ORIENTED_EDGE('',*,*,#3854,.F.);
#3856=EDGE_LOOP('',(#3826,#3827,#3828,#3829,#3843,#3855));
#3857=FACE_BOUND('',#3856,.T.);
#3858=ADVANCED_FACE('',(#3857),#3819,.F.);
#3859=CARTESIAN_POINT('',(-4.,-36.096602998,-3.353397002));
#3860=CARTESIAN_POINT('',(-4.,-29.803397002,-3.353397002));
#3861=CARTESIAN_POINT('',(-4.,-36.096602998,-8.725));
#3862=CARTESIAN_POINT('',(-4.,-29.803397002,-8.725));
#3863=B_SPLINE_SURFACE_WITH_KNOTS('',1,1,((#3859,#3860),(#3861,#3862)),.UNSPECIFIED.,.F.,.F.,.U.,(2,2),(2,2),(0.006603397,0.011975),(-0.036096603,-0.029803397),.UNSPECIFIED.);
#3864=ORIENTED_EDGE('',*,*,#3842,.T.);
#3865=ORIENTED_EDGE('',*,*,#3854,.T.);
#3866=EDGE_LOOP('',(#3864,#3865));
#3867=FACE_BOUND('',#3866,.T.);
#3868=ADVANCED_FACE('',(#3867),#3863,.T.);
#3869=CARTESIAN_POINT('',(-81.01371307,4.6,18.822176402));
#3870=CARTESIAN_POINT('',(-86.,4.6,18.822176402));
#3871=CARTESIAN_POINT('',(-81.01371307,4.6,21.853265315));
#3872=CARTESIAN_POINT('',(-86.,4.6,21.853265315));
#3873=CARTESIAN_POINT('',(-81.01371307,7.225,20.337720858));
#3874=CARTESIAN_POINT('',(-86.,7.225,20.337720858));
#3875=CARTESIAN_POINT('',(-81.01371307,9.85,18.822176402));
#3876=CARTESIAN_POINT('',(-86.,9.85,18.822176402));
#3877=CARTESIAN_POINT('',(-81.01371307,7.225,17.306631945));
#3878=CARTESIAN_POINT('',(-86.,7.225,17.306631945));
#3879=CARTESIAN_POINT('',(-81.01371307,4.6,15.791087488));
#3880=CARTESIAN_POINT('',(-86.,4.6,15.791087488));
#3881=CARTESIAN_POINT('',(-81.01371307,4.6,18.822176402));
#3882=CARTESIAN_POINT('',(-86.,4.6,18.822176402));
#3883=(BOUNDED_SURFACE()
B_SPLINE_SURFACE(2,1,((#3869,#3870),(#3871,#3872),(#3873,#3874),(#3875,#3876),(#3877,#3878),(#3879,#3880),(#3881,#3882)),.UNSPECIFIED.,.T.,.F.,.U.)
B_SPLINE_SURFACE_WITH_KNOTS((3,2,2,3),(2,2),(0.,2.094395102,4.188790205,6.283185307),(0.017493457,0.022479744),.UNSPECIFIED.)
GEOMETRIC_REPRESENTATION_ITEM()
RATIONAL_B_SPLINE_SURFACE(((1.,1.),(0.5,0.5),(1.,1.),(0.5,0.5),(1.,1.),(0.5,0.5),(1.,1.)))
REPRESENTATION_ITEM('')
SURFACE()
);
#3884=CARTESIAN_POINT('',(-81.01371307,4.6,18.822176402));
#3885=VERTEX_POINT('',#3884);
#3886=CARTESIAN_POINT('',(-86.,4.6,18.822176402));
#3887=CARTESIAN_POINT('',(-81.01371307,4.6,18.822176402));
#3888=B_SPLINE_CURVE_WITH_KNOTS('',1,(#3886,#3887),.UNSPECIFIED.,.F.,.F.,(2,2),(0.017493457,0.022479744),.UNSPECIFIED.);
#3889=EDGE_CURVE('',#473,#3885,#3888,.T.);
#3890=ORIENTED_EDGE('',*,*,#3889,.F.);
#3891=ORIENTED_EDGE('',*,*,#486,.T.);
#3892=ORIENTED_EDGE('',*,*,#498,.T.);
#3893=ORIENTED_EDGE('',*,*,#3889,.T.);
#3894=CARTESIAN_POINT('',(-81.01371307,6.35,20.572176402));
#3895=VERTEX_POINT('',#3894);
#3896=CARTESIAN_POINT('',(-81.01371307,6.35,20.572176402));
#3897=CARTESIAN_POINT('',(-81.01371307,4.6,20.572176402));
#3898=CARTESIAN_POINT('',(-81.01371307,4.6,18.822176402));
#3899=CARTESIAN_POINT('',(-81.01371307,4.6,17.072176402));
#3900=CARTESIAN_POINT('',(-81.01371307,6.35,17.072176402));
#3901=CARTESIAN_POINT('',(-81.01371307,8.1,17.072176402));
#3902=CARTESIAN_POINT('',(-81.01371307,8.1,18.822176402));
#3903=CARTESIAN_POINT('',(-81.01371307,8.1,20.572176402));
#3904=CARTESIAN_POINT('',(-81.01371307,6.35,20.572176402));
#3905=(BOUNDED_CURVE()
B_SPLINE_CURVE(2,(#3896,#3897,#3898,#3899,#3900,#3901,#3902,#3903,#3904),.UNSPECIFIED.,.T.,.F.)
B_SPLINE_CURVE_WITH_KNOTS((3,2,2,2,3),(0.,1.570796327,3.141592654,4.71238898,6.283185307),.UNSPECIFIED.)
CURVE()
GEOMETRIC_REPRESENTATION_ITEM()
RATIONAL_B_SPLINE_CURVE((1.,0.707106781,1.,0.707106781,1.,0.707106781,1.,0.707106781,1.))
REPRESENTATION_ITEM(''));
#3906=EDGE_CURVE('',#3885,#3895,#3905,.T.);
#3907=ORIENTED_EDGE('',*,*,#3906,.T.);
#3908=CARTESIAN_POINT('',(-81.01371307,6.35,20.572176402));
#3909=CARTESIAN_POINT('',(-81.01371307,4.6,20.572176402));
#3910=CARTESIAN_POINT('',(-81.01371307,4.6,18.822176402));
#3911=CARTESIAN_POINT('',(-81.01371307,4.6,17.072176402));
#3912=CARTESIAN_POINT('',(-81.01371307,6.35,17.072176402));
#3913=CARTESIAN_POINT('',(-81.01371307,8.1,17.072176402));
#3914=CARTESIAN_POINT('',(-81.01371307,8.1,18.822176402));
#3915=CARTESIAN_POINT('',(-81.01371307,8.1,20.572176402));
#3916=CARTESIAN_POINT('',(-81.01371307,6.35,20.572176402));
#3917=(BOUNDED_CURVE()
B_SPLINE_CURVE(2,(#3908,#3909,#3910,#3911,#3912,#3913,#3914,#3915,#3916),.UNSPECIFIED.,.T.,.F.)
B_SPLINE_CURVE_WITH_KNOTS((3,2,2,2,3),(0.,1.570796327,3.141592654,4.71238898,6.283185307),.UNSPECIFIED.)
CURVE()
GEOMETRIC_REPRESENTATION_ITEM()
RATIONAL_B_SPLINE_CURVE((1.,0.707106781,1.,0.707106781,1.,0.707106781,1.,0.707106781,1.))
REPRESENTATION_ITEM(''));
#3918=EDGE_CURVE('',#3895,#3885,#3917,.T.);
#3919=ORIENTED_EDGE('',*,*,#3918,.T.);
#3920=EDGE_LOOP('',(#3890,#3891,#3892,#3893,#3907,#3919));
#3921=FACE_BOUND('',#3920,.T.);
#3922=ADVANCED_FACE('',(#3921),#3883,.F.);
#3923=CARTESIAN_POINT('',(-81.01371307,3.529795022,16.001971423));
#3924=CARTESIAN_POINT('',(-81.01371307,9.170204978,16.001971423));
#3925=CARTESIAN_POINT('',(-81.01371307,3.529795022,21.64238138));
#3926=CARTESIAN_POINT('',(-81.01371307,9.170204978,21.64238138));
#3927=B_SPLINE_SURFACE_WITH_KNOTS('',1,1,((#3923,#3924),(#3925,#3926)),.UNSPECIFIED.,.F.,.F.,.U.,(2,2),(2,2),(-0.030003676,-0.024363266),(-0.001870205,0.003770205),.UNSPECIFIED.);
#3928=CARTESIAN_POINT('',(-81.01371307,9.170204978,18.822176402));
#3929=VERTEX_POINT('',#3928);
#3930=CARTESIAN_POINT('',(-81.01371307,6.35,21.64238138));
#3931=VERTEX_POINT('',#3930);
#3932=CARTESIAN_POINT('',(-81.01371307,6.35,21.64238138));
#3933=CARTESIAN_POINT('',(-81.01371307,9.170204978,21.64238138));
#3934=CARTESIAN_POINT('',(-81.01371307,9.170204978,18.822176402));
#3935=CARTESIAN_POINT('',(-81.01371307,9.170204978,16.001971423));
#3936=CARTESIAN_POINT('',(-81.01371307,6.35,16.001971423));
#3937=CARTESIAN_POINT('',(-81.01371307,3.529795022,16.001971423));
#3938=CARTESIAN_POINT('',(-81.01371307,3.529795022,18.822176402));
#3939=CARTESIAN_POINT('',(-81.01371307,3.529795022,21.64238138));
#3940=CARTESIAN_POINT('',(-81.01371307,6.35,21.64238138));
#3941=(BOUNDED_CURVE()
B_SPLINE_CURVE(2,(#3932,#3933,#3934,#3935,#3936,#3937,#3938,#3939,#3940),.UNSPECIFIED.,.T.,.F.)
B_SPLINE_CURVE_WITH_KNOTS((3,2,2,2,3),(0.,1.570796327,3.141592654,4.71238898,6.283185307),.UNSPECIFIED.)
CURVE()
GEOMETRIC_REPRESENTATION_ITEM()
RATIONAL_B_SPLINE_CURVE((1.,0.707106781,1.,0.707106781,1.,0.707106781,1.,0.707106781,1.))
REPRESENTATION_ITEM(''));
#3942=EDGE_CURVE('',#3929,#3931,#3941,.T.);
#3943=ORIENTED_EDGE('',*,*,#3942,.F.);
#3944=CARTESIAN_POINT('',(-81.01371307,6.35,21.64238138));
#3945=CARTESIAN_POINT('',(-81.01371307,9.170204978,21.64238138));
#3946=CARTESIAN_POINT('',(-81.01371307,9.170204978,18.822176402));
#3947=CARTESIAN_POINT('',(-81.01371307,9.170204978,16.001971423));
#3948=CARTESIAN_POINT('',(-81.01371307,6.35,16.001971423));
#3949=CARTESIAN_POINT('',(-81.01371307,3.529795022,16.001971423));
#3950=CARTESIAN_POINT('',(-81.01371307,3.529795022,18.822176402));
#3951=CARTESIAN_POINT('',(-81.01371307,3.529795022,21.64238138));
#3952=CARTESIAN_POINT('',(-81.01371307,6.35,21.64238138));
#3953=(BOUNDED_CURVE()
B_SPLINE_CURVE(2,(#3944,#3945,#3946,#3947,#3948,#3949,#3950,#3951,#3952),.UNSPECIFIED.,.T.,.F.)
B_SPLINE_CURVE_WITH_KNOTS((3,2,2,2,3),(0.,1.570796327,3.141592654,4.71238898,6.283185307),.UNSPECIFIED.)
CURVE()
GEOMETRIC_REPRESENTATION_ITEM()
RATIONAL_B_SPLINE_CURVE((1.,0.707106781,1.,0.707106781,1.,0.707106781,1.,0.707106781,1.))
REPRESENTATION_ITEM(''));
#3954=EDGE_CURVE('',#3931,#3929,#3953,.T.);
#3955=ORIENTED_EDGE('',*,*,#3954,.F.);
#3956=EDGE_LOOP('',(#3943,#3955));
#3957=FACE_BOUND('',#3956,.T.);
#3958=ORIENTED_EDGE('',*,*,#3906,.F.);
#3959=ORIENTED_EDGE('',*,*,#3918,.F.);
#3960=EDGE_LOOP('',(#3958,#3959));
#3961=FACE_BOUND('',#3960,.T.);
#3962=ADVANCED_FACE('',(#3957,#3961),#3927,.F.);
#3963=CARTESIAN_POINT('',(-81.01371307,9.170204978,18.822176402));
#3964=CARTESIAN_POINT('',(-77.51371307,9.170204978,18.822176402));
#3965=CARTESIAN_POINT('',(-81.01371307,9.170204978,23.706914712));
#3966=CARTESIAN_POINT('',(-77.51371307,9.170204978,23.706914712));
#3967=CARTESIAN_POINT('',(-81.01371307,4.939897511,21.264545557));
#3968=CARTESIAN_POINT('',(-77.51371307,4.939897511,21.264545557));
#3969=CARTESIAN_POINT('',(-81.01371307,0.709590043,18.822176402));
#3970=CARTESIAN_POINT('',(-77.51371307,0.709590043,18.822176402));
#3971=CARTESIAN_POINT('',(-81.01371307,4.939897511,16.379807247));
#3972=CARTESIAN_POINT('',(-77.51371307,4.939897511,16.379807247));
#3973=CARTESIAN_POINT('',(-81.01371307,9.170204978,13.937438091));
#3974=CARTESIAN_POINT('',(-77.51371307,9.170204978,13.937438091));
#3975=CARTESIAN_POINT('',(-81.01371307,9.170204978,18.822176402));
#3976=CARTESIAN_POINT('',(-77.51371307,9.170204978,18.822176402));
#3977=(BOUNDED_SURFACE()
B_SPLINE_SURFACE(2,1,((#3963,#3964),(#3965,#3966),(#3967,#3968),(#3969,#3970),(#3971,#3972),(#3973,#3974),(#3975,#3976)),.UNSPECIFIED.,.T.,.F.,.U.)
B_SPLINE_SURFACE_WITH_KNOTS((3,2,2,3),(2,2),(0.,2.094395102,4.188790205,6.283185307),(-0.0025,0.001),.UNSPECIFIED.)
GEOMETRIC_REPRESENTATION_ITEM()
RATIONAL_B_SPLINE_SURFACE(((1.,1.),(0.5,0.5),(1.,1.),(0.5,0.5),(1.,1.),(0.5,0.5),(1.,1.)))
REPRESENTATION_ITEM('')
SURFACE()
);
#3978=CARTESIAN_POINT('',(-77.51371307,9.170204978,18.822176402));
#3979=CARTESIAN_POINT('',(-81.01371307,9.170204978,18.822176402));
#3980=B_SPLINE_CURVE_WITH_KNOTS('',1,(#3978,#3979),.UNSPECIFIED.,.F.,.F.,(2,2),(-0.0025,0.001),.UNSPECIFIED.);
#3981=EDGE_CURVE('',#899,#3929,#3980,.T.);
#3982=ORIENTED_EDGE('',*,*,#3981,.F.);
#3983=ORIENTED_EDGE('',*,*,#910,.F.);
#3984=ORIENTED_EDGE('',*,*,#922,.F.);
#3985=ORIENTED_EDGE('',*,*,#3981,.T.);
#3986=ORIENTED_EDGE('',*,*,#3942,.T.);
#3987=ORIENTED_EDGE('',*,*,#3954,.T.);
#3988=EDGE_LOOP('',(#3982,#3983,#3984,#3985,#3986,#3987));
#3989=FACE_BOUND('',#3988,.T.);
#3990=ADVANCED_FACE('',(#3989),#3977,.F.);
#3991=CARTESIAN_POINT('',(-81.01371307,4.6,48.877823598));
#3992=CARTESIAN_POINT('',(-86.,4.6,48.877823598));
#3993=CARTESIAN_POINT('',(-81.01371307,4.6,51.908912512));
#3994=CARTESIAN_POINT('',(-86.,4.6,51.908912512));
#3995=CARTESIAN_POINT('',(-81.01371307,7.225,50.393368055));
#3996=CARTESIAN_POINT('',(-86.,7.225,50.393368055));
#3997=CARTESIAN_POINT('',(-81.01371307,9.85,48.877823598));
#3998=CARTESIAN_POINT('',(-86.,9.85,48.877823598));
#3999=CARTESIAN_POINT('',(-81.01371307,7.225,47.362279142));
#4000=CARTESIAN_POINT('',(-86.,7.225,47.362279142));
#4001=CARTESIAN_POINT('',(-81.01371307,4.6,45.846734685));
#4002=CARTESIAN_POINT('',(-86.,4.6,45.846734685));
#4003=CARTESIAN_POINT('',(-81.01371307,4.6,48.877823598));
#4004=CARTESIAN_POINT('',(-86.,4.6,48.877823598));
#4005=(BOUNDED_SURFACE()
B_SPLINE_SURFACE(2,1,((#3991,#3992),(#3993,#3994),(#3995,#3996),(#3997,#3998),(#3999,#4000),(#4001,#4002),(#4003,#4004)),.UNSPECIFIED.,.T.,.F.,.U.)
B_SPLINE_SURFACE_WITH_KNOTS((3,2,2,3),(2,2),(0.,2.094395102,4.188790205,6.283185307),(0.029525592,0.034511879),.UNSPECIFIED.)
GEOMETRIC_REPRESENTATION_ITEM()
RATIONAL_B_SPLINE_SURFACE(((1.,1.),(0.5,0.5),(1.,1.),(0.5,0.5),(1.,1.),(0.5,0.5),(1.,1.)))
REPRESENTATION_ITEM('')
SURFACE()
);
#4006=CARTESIAN_POINT('',(-81.01371307,4.6,48.877823598));
#4007=VERTEX_POINT('',#4006);
#4008=CARTESIAN_POINT('',(-86.,4.6,48.877823598));
#4009=CARTESIAN_POINT('',(-81.01371307,4.6,48.877823598));
#4010=B_SPLINE_CURVE_WITH_KNOTS('',1,(#4008,#4009),.UNSPECIFIED.,.F.,.F.,(2,2),(0.029525592,0.034511879),.UNSPECIFIED.);
#4011=EDGE_CURVE('',#443,#4007,#4010,.T.);
#4012=ORIENTED_EDGE('',*,*,#4011,.F.);
#4013=ORIENTED_EDGE('',*,*,#456,.T.);
#4014=ORIENTED_EDGE('',*,*,#468,.T.);
#4015=ORIENTED_EDGE('',*,*,#4011,.T.);
#4016=CARTESIAN_POINT('',(-81.01371307,6.35,50.627823598));
#4017=VERTEX_POINT('',#4016);
#4018=CARTESIAN_POINT('',(-81.01371307,6.35,50.627823598));
#4019=CARTESIAN_POINT('',(-81.01371307,4.6,50.627823598));
#4020=CARTESIAN_POINT('',(-81.01371307,4.6,48.877823598));
#4021=CARTESIAN_POINT('',(-81.01371307,4.6,47.127823598));
#4022=CARTESIAN_POINT('',(-81.01371307,6.35,47.127823598));
#4023=CARTESIAN_POINT('',(-81.01371307,8.1,47.127823598));
#4024=CARTESIAN_POINT('',(-81.01371307,8.1,48.877823598));
#4025=CARTESIAN_POINT('',(-81.01371307,8.1,50.627823598));
#4026=CARTESIAN_POINT('',(-81.01371307,6.35,50.627823598));
#4027=(BOUNDED_CURVE()
B_SPLINE_CURVE(2,(#4018,#4019,#4020,#4021,#4022,#4023,#4024,#4025,#4026),.UNSPECIFIED.,.T.,.F.)
B_SPLINE_CURVE_WITH_KNOTS((3,2,2,2,3),(0.,1.570796327,3.141592654,4.71238898,6.283185307),.UNSPECIFIED.)
CURVE()
GEOMETRIC_REPRESENTATION_ITEM()
RATIONAL_B_SPLINE_CURVE((1.,0.707106781,1.,0.707106781,1.,0.707106781,1.,0.707106781,1.))
REPRESENTATION_ITEM(''));
#4028=EDGE_CURVE('',#4007,#4017,#4027,.T.);
#4029=ORIENTED_EDGE('',*,*,#4028,.T.);
#4030=CARTESIAN_POINT('',(-81.01371307,6.35,50.627823598));
#4031=CARTESIAN_POINT('',(-81.01371307,4.6,50.627823598));
#4032=CARTESIAN_POINT('',(-81.01371307,4.6,48.877823598));
#4033=CARTESIAN_POINT('',(-81.01371307,4.6,47.127823598));
#4034=CARTESIAN_POINT('',(-81.01371307,6.35,47.127823598));
#4035=CARTESIAN_POINT('',(-81.01371307,8.1,47.127823598));
#4036=CARTESIAN_POINT('',(-81.01371307,8.1,48.877823598));
#4037=CARTESIAN_POINT('',(-81.01371307,8.1,50.627823598));
#4038=CARTESIAN_POINT('',(-81.01371307,6.35,50.627823598));
#4039=(BOUNDED_CURVE()
B_SPLINE_CURVE(2,(#4030,#4031,#4032,#4033,#4034,#4035,#4036,#4037,#4038),.UNSPECIFIED.,.T.,.F.)
B_SPLINE_CURVE_WITH_KNOTS((3,2,2,2,3),(0.,1.570796327,3.141592654,4.71238898,6.283185307),.UNSPECIFIED.)
CURVE()
GEOMETRIC_REPRESENTATION_ITEM()
RATIONAL_B_SPLINE_CURVE((1.,0.707106781,1.,0.707106781,1.,0.707106781,1.,0.707106781,1.))
REPRESENTATION_ITEM(''));
#4040=EDGE_CURVE('',#4017,#4007,#4039,.T.);
#4041=ORIENTED_EDGE('',*,*,#4040,.T.);
#4042=EDGE_LOOP('',(#4012,#4013,#4014,#4015,#4029,#4041));
#4043=FACE_BOUND('',#4042,.T.);
#4044=ADVANCED_FACE('',(#4043),#4005,.F.);
#4045=CARTESIAN_POINT('',(-81.01371307,3.5,46.027823598));
#4046=CARTESIAN_POINT('',(-81.01371307,9.2,46.027823598));
#4047=CARTESIAN_POINT('',(-81.01371307,3.5,51.727823598));
#4048=CARTESIAN_POINT('',(-81.01371307,9.2,51.727823598));
#4049=B_SPLINE_SURFACE_WITH_KNOTS('',1,1,((#4045,#4046),(#4047,#4048)),.UNSPECIFIED.,.F.,.F.,.U.,(2,2),(2,2),(0.000022176,0.005722176),(-0.0019,0.0038),.UNSPECIFIED.);
#4050=CARTESIAN_POINT('',(-81.01371307,9.2,48.877823598));
#4051=VERTEX_POINT('',#4050);
#4052=CARTESIAN_POINT('',(-81.01371307,6.35,51.727823598));
#4053=VERTEX_POINT('',#4052);
#4054=CARTESIAN_POINT('',(-81.01371307,6.35,51.727823598));
#4055=CARTESIAN_POINT('',(-81.01371307,9.2,51.727823598));
#4056=CARTESIAN_POINT('',(-81.01371307,9.2,48.877823598));
#4057=CARTESIAN_POINT('',(-81.01371307,9.2,46.027823598));
#4058=CARTESIAN_POINT('',(-81.01371307,6.35,46.027823598));
#4059=CARTESIAN_POINT('',(-81.01371307,3.5,46.027823598));
#4060=CARTESIAN_POINT('',(-81.01371307,3.5,48.877823598));
#4061=CARTESIAN_POINT('',(-81.01371307,3.5,51.727823598));
#4062=CARTESIAN_POINT('',(-81.01371307,6.35,51.727823598));
#4063=(BOUNDED_CURVE()
B_SPLINE_CURVE(2,(#4054,#4055,#4056,#4057,#4058,#4059,#4060,#4061,#4062),.UNSPECIFIED.,.T.,.F.)
B_SPLINE_CURVE_WITH_KNOTS((3,2,2,2,3),(0.,1.570796327,3.141592654,4.71238898,6.283185307),.UNSPECIFIED.)
CURVE()
GEOMETRIC_REPRESENTATION_ITEM()
RATIONAL_B_SPLINE_CURVE((1.,0.707106781,1.,0.707106781,1.,0.707106781,1.,0.707106781,1.))
REPRESENTATION_ITEM(''));
#4064=EDGE_CURVE('',#4051,#4053,#4063,.T.);
#4065=ORIENTED_EDGE('',*,*,#4064,.F.);
#4066=CARTESIAN_POINT('',(-81.01371307,6.35,51.727823598));
#4067=CARTESIAN_POINT('',(-81.01371307,9.2,51.727823598));
#4068=CARTESIAN_POINT('',(-81.01371307,9.2,48.877823598));
#4069=CARTESIAN_POINT('',(-81.01371307,9.2,46.027823598));
#4070=CARTESIAN_POINT('',(-81.01371307,6.35,46.027823598));
#4071=CARTESIAN_POINT('',(-81.01371307,3.5,46.027823598));
#4072=CARTESIAN_POINT('',(-81.01371307,3.5,48.877823598));
#4073=CARTESIAN_POINT('',(-81.01371307,3.5,51.727823598));
#4074=CARTESIAN_POINT('',(-81.01371307,6.35,51.727823598));
#4075=(BOUNDED_CURVE()
B_SPLINE_CURVE(2,(#4066,#4067,#4068,#4069,#4070,#4071,#4072,#4073,#4074),.UNSPECIFIED.,.T.,.F.)
B_SPLINE_CURVE_WITH_KNOTS((3,2,2,2,3),(0.,1.570796327,3.141592654,4.71238898,6.283185307),.UNSPECIFIED.)
CURVE()
GEOMETRIC_REPRESENTATION_ITEM()
RATIONAL_B_SPLINE_CURVE((1.,0.707106781,1.,0.707106781,1.,0.707106781,1.,0.707106781,1.))
REPRESENTATION_ITEM(''));
#4076=EDGE_CURVE('',#4053,#4051,#4075,.T.);
#4077=ORIENTED_EDGE('',*,*,#4076,.F.);
#4078=EDGE_LOOP('',(#4065,#4077));
#4079=FACE_BOUND('',#4078,.T.);
#4080=ORIENTED_EDGE('',*,*,#4028,.F.);
#4081=ORIENTED_EDGE('',*,*,#4040,.F.);
#4082=EDGE_LOOP('',(#4080,#4081));
#4083=FACE_BOUND('',#4082,.T.);
#4084=ADVANCED_FACE('',(#4079,#4083),#4049,.F.);
#4085=CARTESIAN_POINT('',(-81.01371307,9.2,48.877823598));
#4086=CARTESIAN_POINT('',(-77.51371307,9.2,48.877823598));
#4087=CARTESIAN_POINT('',(-81.01371307,9.2,53.8141684));
#4088=CARTESIAN_POINT('',(-77.51371307,9.2,53.8141684));
#4089=CARTESIAN_POINT('',(-81.01371307,4.925,51.345995999));
#4090=CARTESIAN_POINT('',(-77.51371307,4.925,51.345995999));
#4091=CARTESIAN_POINT('',(-81.01371307,0.65,48.877823598));
#4092=CARTESIAN_POINT('',(-77.51371307,0.65,48.877823598));
#4093=CARTESIAN_POINT('',(-81.01371307,4.925,46.409651198));
#4094=CARTESIAN_POINT('',(-77.51371307,4.925,46.409651198));
#4095=CARTESIAN_POINT('',(-81.01371307,9.2,43.941478797));
#4096=CARTESIAN_POINT('',(-77.51371307,9.2,43.941478797));
#4097=CARTESIAN_POINT('',(-81.01371307,9.2,48.877823598));
#4098=CARTESIAN_POINT('',(-77.51371307,9.2,48.877823598));
#4099=(BOUNDED_SURFACE()
B_SPLINE_SURFACE(2,1,((#4085,#4086),(#4087,#4088),(#4089,#4090),(#4091,#4092),(#4093,#4094),(#4095,#4096),(#4097,#4098)),.UNSPECIFIED.,.T.,.F.,.U.)
B_SPLINE_SURFACE_WITH_KNOTS((3,2,2,3),(2,2),(0.,2.094395102,4.188790205,6.283185307),(-0.0025,0.001),.UNSPECIFIED.)
GEOMETRIC_REPRESENTATION_ITEM()
RATIONAL_B_SPLINE_SURFACE(((1.,1.),(0.5,0.5),(1.,1.),(0.5,0.5),(1.,1.),(0.5,0.5),(1.,1.)))
REPRESENTATION_ITEM('')
SURFACE()
);
#4100=CARTESIAN_POINT('',(-77.51371307,9.2,48.877823598));
#4101=CARTESIAN_POINT('',(-81.01371307,9.2,48.877823598));
#4102=B_SPLINE_CURVE_WITH_KNOTS('',1,(#4100,#4101),.UNSPECIFIED.,.F.,.F.,(2,2),(-0.0025,0.001),.UNSPECIFIED.);
#4103=EDGE_CURVE('',#869,#4051,#4102,.T.);
#4104=ORIENTED_EDGE('',*,*,#4103,.F.);
#4105=ORIENTED_EDGE('',*,*,#880,.F.);
#4106=ORIENTED_EDGE('',*,*,#892,.F.);
#4107=ORIENTED_EDGE('',*,*,#4103,.T.);
#4108=ORIENTED_EDGE('',*,*,#4064,.T.);
#4109=ORIENTED_EDGE('',*,*,#4076,.T.);
#4110=EDGE_LOOP('',(#4104,#4105,#4106,#4107,#4108,#4109));
#4111=FACE_BOUND('',#4110,.T.);
#4112=ADVANCED_FACE('',(#4111),#4099,.F.);
#4113=CARTESIAN_POINT('',(-47.5,-18.75,-2.));
#4114=CARTESIAN_POINT('',(-6.78231978,-18.75,-2.));
#4115=CARTESIAN_POINT('',(-47.5,-18.75,-13.));
#4116=CARTESIAN_POINT('',(-6.78231978,-18.75,-13.));
#4117=B_SPLINE_SURFACE_WITH_KNOTS('',1,1,((#4113,#4114),(#4115,#4116)),.UNSPECIFIED.,.F.,.F.,.U.,(2,2),(2,2),(-0.00275,0.00825),(-0.00625,0.03446768),.UNSPECIFIED.);
#4118=CARTESIAN_POINT('',(-41.25,-18.75,-11.));
#4119=VERTEX_POINT('',#4118);
#4120=CARTESIAN_POINT('',(-38.661952362,-18.75,-5.143729764));
#4121=VERTEX_POINT('',#4120);
#4122=CARTESIAN_POINT('',(-38.661952362,-18.75,-5.143729764));
#4123=CARTESIAN_POINT('',(-41.018222597,-18.75,-2.555682126));
#4124=CARTESIAN_POINT('',(-43.606270236,-18.75,-4.911952362));
#4125=CARTESIAN_POINT('',(-46.194317874,-18.75,-7.268222597));
#4126=CARTESIAN_POINT('',(-43.838047638,-18.75,-9.856270236));
#4127=CARTESIAN_POINT('',(-41.481777403,-18.75,-12.444317874));
#4128=CARTESIAN_POINT('',(-38.893729764,-18.75,-10.088047638));
#4129=CARTESIAN_POINT('',(-36.305682126,-18.75,-7.731777403));
#4130=CARTESIAN_POINT('',(-38.661952362,-18.75,-5.143729764));
#4131=(BOUNDED_CURVE()
B_SPLINE_CURVE(2,(#4122,#4123,#4124,#4125,#4126,#4127,#4128,#4129,#4130),.UNSPECIFIED.,.T.,.F.)
B_SPLINE_CURVE_WITH_KNOTS((3,2,2,2,3),(0.,1.570796327,3.141592654,4.71238898,6.283185307),.UNSPECIFIED.)
CURVE()
GEOMETRIC_REPRESENTATION_ITEM()
RATIONAL_B_SPLINE_CURVE((1.,0.707106781,1.,0.707106781,1.,0.707106781,1.,0.707106781,1.))
REPRESENTATION_ITEM(''));
#4132=EDGE_CURVE('',#4119,#4121,#4131,.T.);
#4133=ORIENTED_EDGE('',*,*,#4132,.F.);
#4134=CARTESIAN_POINT('',(-38.661952362,-18.75,-5.143729764));
#4135=CARTESIAN_POINT('',(-41.018222597,-18.75,-2.555682126));
#4136=CARTESIAN_POINT('',(-43.606270236,-18.75,-4.911952362));
#4137=CARTESIAN_POINT('',(-46.194317874,-18.75,-7.268222597));
#4138=CARTESIAN_POINT('',(-43.838047638,-18.75,-9.856270236));
#4139=CARTESIAN_POINT('',(-41.481777403,-18.75,-12.444317874));
#4140=CARTESIAN_POINT('',(-38.893729764,-18.75,-10.088047638));
#4141=CARTESIAN_POINT('',(-36.305682126,-18.75,-7.731777403));
#4142=CARTESIAN_POINT('',(-38.661952362,-18.75,-5.143729764));
#4143=(BOUNDED_CURVE()
B_SPLINE_CURVE(2,(#4134,#4135,#4136,#4137,#4138,#4139,#4140,#4141,#4142),.UNSPECIFIED.,.T.,.F.)
B_SPLINE_CURVE_WITH_KNOTS((3,2,2,2,3),(0.,1.570796327,3.141592654,4.71238898,6.283185307),.UNSPECIFIED.)
CURVE()
GEOMETRIC_REPRESENTATION_ITEM()
RATIONAL_B_SPLINE_CURVE((1.,0.707106781,1.,0.707106781,1.,0.707106781,1.,0.707106781,1.))
REPRESENTATION_ITEM(''));
#4144=EDGE_CURVE('',#4121,#4119,#4143,.T.);
#4145=ORIENTED_EDGE('',*,*,#4144,.F.);
#4146=EDGE_LOOP('',(#4133,#4145));
#4147=FACE_BOUND('',#4146,.T.);
#4148=ORIENTED_EDGE('',*,*,#639,.T.);
#4149=ORIENTED_EDGE('',*,*,#3516,.F.);
#4150=ORIENTED_EDGE('',*,*,#569,.F.);
#4151=ORIENTED_EDGE('',*,*,#3605,.T.);
#4152=EDGE_LOOP('',(#4148,#4149,#4150,#4151));
#4153=FACE_BOUND('',#4152,.T.);
#4154=ADVANCED_FACE('',(#4147,#4153),#4117,.T.);
#4155=CARTESIAN_POINT('',(-80.41371307,-1.125,53.405647197));
#4156=CARTESIAN_POINT('',(-77.51371307,-1.125,53.405647197));
#4157=CARTESIAN_POINT('',(-80.41371307,-1.125,8.3));
#4158=CARTESIAN_POINT('',(-77.51371307,-1.125,8.3));
#4159=B_SPLINE_SURFACE_WITH_KNOTS('',1,1,((#4155,#4156),(#4157,#4158)),.UNSPECIFIED.,.F.,.F.,.U.,(2,2),(2,2),(-0.035,0.010105647),(-0.0004,0.0025),.UNSPECIFIED.);
#4160=ORIENTED_EDGE('',*,*,#3391,.F.);
#4161=CARTESIAN_POINT('',(-77.51371307,-1.125,8.7));
#4162=CARTESIAN_POINT('',(-77.51371307,-1.125,8.3));
#4163=CARTESIAN_POINT('',(-77.91371307,-1.125,8.3));
#4164=(BOUNDED_CURVE()
B_SPLINE_CURVE(2,(#4161,#4162,#4163),.UNSPECIFIED.,.F.,.F.)
B_SPLINE_CURVE_WITH_KNOTS((3,3),(6.283185307,7.853981634),.UNSPECIFIED.)
CURVE()
GEOMETRIC_REPRESENTATION_ITEM()
RATIONAL_B_SPLINE_CURVE((1.,0.707106781,1.))
REPRESENTATION_ITEM(''));
#4165=EDGE_CURVE('',#3380,#175,#4164,.T.);
#4166=ORIENTED_EDGE('',*,*,#4165,.T.);
#4167=ORIENTED_EDGE('',*,*,#181,.T.);
#4168=CARTESIAN_POINT('',(-80.01371307,-1.125,8.7));
#4169=VERTEX_POINT('',#4168);
#4170=CARTESIAN_POINT('',(-80.41371307,-1.125,8.3));
#4171=CARTESIAN_POINT('',(-80.01371307,-1.125,8.3));
#4172=CARTESIAN_POINT('',(-80.01371307,-1.125,8.7));
#4173=(BOUNDED_CURVE()
B_SPLINE_CURVE(2,(#4170,#4171,#4172),.UNSPECIFIED.,.F.,.F.)
B_SPLINE_CURVE_WITH_KNOTS((3,3),(6.283185307,7.853981634),.UNSPECIFIED.)
CURVE()
GEOMETRIC_REPRESENTATION_ITEM()
RATIONAL_B_SPLINE_CURVE((1.,0.707106781,1.))
REPRESENTATION_ITEM(''));
#4174=EDGE_CURVE('',#177,#4169,#4173,.T.);
#4175=ORIENTED_EDGE('',*,*,#4174,.T.);
#4176=CARTESIAN_POINT('',(-80.01371307,-1.125,8.7));
#4177=CARTESIAN_POINT('',(-80.01371307,-1.125,53.405647197));
#4178=B_SPLINE_CURVE_WITH_KNOTS('',1,(#4176,#4177),.UNSPECIFIED.,.F.,.F.,(2,2),(-0.009705647,0.035),.UNSPECIFIED.);
#4179=EDGE_CURVE('',#4169,#3555,#4178,.T.);
#4180=ORIENTED_EDGE('',*,*,#4179,.T.);
#4181=ORIENTED_EDGE('',*,*,#3559,.T.);
#4182=EDGE_LOOP('',(#4160,#4166,#4167,#4175,#4180,#4181));
#4183=FACE_BOUND('',#4182,.T.);
#4184=ADVANCED_FACE('',(#4183),#4159,.F.);
#4185=CARTESIAN_POINT('',(-80.41371307,2.875,8.3));
#4186=CARTESIAN_POINT('',(-77.51371307,2.875,8.3));
#4187=CARTESIAN_POINT('',(-80.41371307,2.875,53.405647197));
#4188=CARTESIAN_POINT('',(-77.51371307,2.875,53.405647197));
#4189=B_SPLINE_SURFACE_WITH_KNOTS('',1,1,((#4185,#4186),(#4187,#4188)),.UNSPECIFIED.,.F.,.F.,.U.,(2,2),(2,2),(-0.010105647,0.035),(-0.0029,0.),.UNSPECIFIED.);
#4190=ORIENTED_EDGE('',*,*,#229,.F.);
#4191=CARTESIAN_POINT('',(-77.91371307,2.875,8.3));
#4192=CARTESIAN_POINT('',(-77.51371307,2.875,8.3));
#4193=CARTESIAN_POINT('',(-77.51371307,2.875,8.7));
#4194=(BOUNDED_CURVE()
B_SPLINE_CURVE(2,(#4191,#4192,#4193),.UNSPECIFIED.,.F.,.F.)
B_SPLINE_CURVE_WITH_KNOTS((3,3),(1.570796327,3.141592654),.UNSPECIFIED.)
CURVE()
GEOMETRIC_REPRESENTATION_ITEM()
RATIONAL_B_SPLINE_CURVE((1.,0.707106781,1.))
REPRESENTATION_ITEM(''));
#4195=EDGE_CURVE('',#218,#837,#4194,.T.);
#4196=ORIENTED_EDGE('',*,*,#4195,.T.);
#4197=ORIENTED_EDGE('',*,*,#843,.T.);
#4198=ORIENTED_EDGE('',*,*,#3571,.T.);
#4199=CARTESIAN_POINT('',(-80.01371307,2.875,8.7));
#4200=VERTEX_POINT('',#4199);
#4201=CARTESIAN_POINT('',(-80.01371307,2.875,8.7));
#4202=CARTESIAN_POINT('',(-80.01371307,2.875,53.405647197));
#4203=B_SPLINE_CURVE_WITH_KNOTS('',1,(#4201,#4202),.UNSPECIFIED.,.F.,.F.,(2,2),(-0.009705647,0.035),.UNSPECIFIED.);
#4204=EDGE_CURVE('',#4200,#3562,#4203,.T.);
#4205=ORIENTED_EDGE('',*,*,#4204,.F.);
#4206=CARTESIAN_POINT('',(-80.01371307,2.875,8.7));
#4207=CARTESIAN_POINT('',(-80.01371307,2.875,8.3));
#4208=CARTESIAN_POINT('',(-80.41371307,2.875,8.3));
#4209=(BOUNDED_CURVE()
B_SPLINE_CURVE(2,(#4206,#4207,#4208),.UNSPECIFIED.,.F.,.F.)
B_SPLINE_CURVE_WITH_KNOTS((3,3),(1.570796327,3.141592654),.UNSPECIFIED.)
CURVE()
GEOMETRIC_REPRESENTATION_ITEM()
RATIONAL_B_SPLINE_CURVE((1.,0.707106781,1.))
REPRESENTATION_ITEM(''));
#4210=EDGE_CURVE('',#4200,#225,#4209,.T.);
#4211=ORIENTED_EDGE('',*,*,#4210,.T.);
#4212=EDGE_LOOP('',(#4190,#4196,#4197,#4198,#4205,#4211));
#4213=FACE_BOUND('',#4212,.T.);
#4214=ADVANCED_FACE('',(#4213),#4189,.F.);
#4215=CARTESIAN_POINT('',(-80.01371307,-1.125,8.7));
#4216=CARTESIAN_POINT('',(-80.01371307,2.875,8.7));
#4217=CARTESIAN_POINT('',(-80.01371307,-1.125,53.405647197));
#4218=CARTESIAN_POINT('',(-80.01371307,2.875,53.405647197));
#4219=B_SPLINE_SURFACE_WITH_KNOTS('',1,1,((#4215,#4216),(#4217,#4218)),.UNSPECIFIED.,.F.,.F.,.U.,(2,2),(2,2),(-0.009705647,0.035),(-0.004,0.),.UNSPECIFIED.);
#4220=ORIENTED_EDGE('',*,*,#4179,.F.);
#4221=CARTESIAN_POINT('',(-80.01371307,-1.125,8.7));
#4222=CARTESIAN_POINT('',(-80.01371307,2.875,8.7));
#4223=B_SPLINE_CURVE_WITH_KNOTS('',1,(#4221,#4222),.UNSPECIFIED.,.F.,.F.,(2,2),(0.,0.004),.UNSPECIFIED.);
#4224=EDGE_CURVE('',#4169,#4200,#4223,.T.);
#4225=ORIENTED_EDGE('',*,*,#4224,.T.);
#4226=ORIENTED_EDGE('',*,*,#4204,.T.);
#4227=ORIENTED_EDGE('',*,*,#3566,.T.);
#4228=EDGE_LOOP('',(#4220,#4225,#4226,#4227));
#4229=FACE_BOUND('',#4228,.T.);
#4230=ADVANCED_FACE('',(#4229),#4219,.F.);
#4231=CARTESIAN_POINT('',(-17.20231978,-12.6,-2.));
#4232=CARTESIAN_POINT('',(-17.20231978,-9.6,-2.));
#4233=CARTESIAN_POINT('',(-17.20231978,-12.6,16.));
#4234=CARTESIAN_POINT('',(-17.20231978,-9.6,16.));
#4235=B_SPLINE_SURFACE_WITH_KNOTS('',1,1,((#4231,#4232),(#4233,#4234)),.UNSPECIFIED.,.F.,.F.,.U.,(2,2),(2,2),(-0.,0.018),(-0.0025,0.0005),.UNSPECIFIED.);
#4236=ORIENTED_EDGE('',*,*,#1117,.T.);
#4237=CARTESIAN_POINT('',(-17.20231978,-12.6,-2.));
#4238=CARTESIAN_POINT('',(-17.20231978,-12.6,16.));
#4239=B_SPLINE_CURVE_WITH_KNOTS('',1,(#4237,#4238),.UNSPECIFIED.,.F.,.F.,(2,2),(0.,0.018),.UNSPECIFIED.);
#4240=EDGE_CURVE('',#698,#1108,#4239,.T.);
#4241=ORIENTED_EDGE('',*,*,#4240,.F.);
#4242=ORIENTED_EDGE('',*,*,#702,.F.);
#4243=ORIENTED_EDGE('',*,*,#3463,.T.);
#4244=EDGE_LOOP('',(#4236,#4241,#4242,#4243));
#4245=FACE_BOUND('',#4244,.T.);
#4246=ADVANCED_FACE('',(#4245),#4235,.F.);
#4247=CARTESIAN_POINT('',(-13.20231978,-12.6,16.));
#4248=CARTESIAN_POINT('',(-13.20231978,-9.6,16.));
#4249=CARTESIAN_POINT('',(-13.20231978,-12.6,-2.));
#4250=CARTESIAN_POINT('',(-13.20231978,-9.6,-2.));
#4251=B_SPLINE_SURFACE_WITH_KNOTS('',1,1,((#4247,#4248),(#4249,#4250)),.UNSPECIFIED.,.F.,.F.,.U.,(2,2),(2,2),(-0.018,0.),(0.,0.003),.UNSPECIFIED.);
#4252=ORIENTED_EDGE('',*,*,#1105,.T.);
#4253=ORIENTED_EDGE('',*,*,#3446,.F.);
#4254=ORIENTED_EDGE('',*,*,#716,.F.);
#4255=CARTESIAN_POINT('',(-13.20231978,-12.6,-2.));
#4256=CARTESIAN_POINT('',(-13.20231978,-12.6,16.));
#4257=B_SPLINE_CURVE_WITH_KNOTS('',1,(#4255,#4256),.UNSPECIFIED.,.F.,.F.,(2,2),(-0.018,0.),.UNSPECIFIED.);
#4258=EDGE_CURVE('',#705,#1101,#4257,.T.);
#4259=ORIENTED_EDGE('',*,*,#4258,.T.);
#4260=EDGE_LOOP('',(#4252,#4253,#4254,#4259));
#4261=FACE_BOUND('',#4260,.T.);
#4262=ADVANCED_FACE('',(#4261),#4251,.F.);
#4263=CARTESIAN_POINT('',(-17.20231978,9.6,16.));
#4264=CARTESIAN_POINT('',(-17.20231978,12.6,16.));
#4265=CARTESIAN_POINT('',(-17.20231978,9.6,-2.));
#4266=CARTESIAN_POINT('',(-17.20231978,12.6,-2.));
#4267=B_SPLINE_SURFACE_WITH_KNOTS('',1,1,((#4263,#4264),(#4265,#4266)),.UNSPECIFIED.,.F.,.F.,.U.,(2,2),(2,2),(-0.018,0.),(-0.0005,0.0025),.UNSPECIFIED.);
#4268=ORIENTED_EDGE('',*,*,#1148,.F.);
#4269=ORIENTED_EDGE('',*,*,#3432,.F.);
#4270=ORIENTED_EDGE('',*,*,#758,.T.);
#4271=CARTESIAN_POINT('',(-17.20231978,12.6,-2.));
#4272=CARTESIAN_POINT('',(-17.20231978,12.6,16.));
#4273=B_SPLINE_CURVE_WITH_KNOTS('',1,(#4271,#4272),.UNSPECIFIED.,.F.,.F.,(2,2),(0.,0.018),.UNSPECIFIED.);
#4274=EDGE_CURVE('',#747,#1144,#4273,.T.);
#4275=ORIENTED_EDGE('',*,*,#4274,.T.);
#4276=EDGE_LOOP('',(#4268,#4269,#4270,#4275));
#4277=FACE_BOUND('',#4276,.T.);
#4278=ADVANCED_FACE('',(#4277),#4267,.T.);
#4279=CARTESIAN_POINT('',(-13.20231978,9.6,-2.));
#4280=CARTESIAN_POINT('',(-13.20231978,12.6,-2.));
#4281=CARTESIAN_POINT('',(-13.20231978,9.6,16.));
#4282=CARTESIAN_POINT('',(-13.20231978,12.6,16.));
#4283=B_SPLINE_SURFACE_WITH_KNOTS('',1,1,((#4279,#4280),(#4281,#4282)),.UNSPECIFIED.,.F.,.F.,.U.,(2,2),(2,2),(-0.,0.018),(-0.003,0.),.UNSPECIFIED.);
#4284=ORIENTED_EDGE('',*,*,#1162,.F.);
#4285=CARTESIAN_POINT('',(-13.20231978,12.6,-2.));
#4286=CARTESIAN_POINT('',(-13.20231978,12.6,16.));
#4287=B_SPLINE_CURVE_WITH_KNOTS('',1,(#4285,#4286),.UNSPECIFIED.,.F.,.F.,(2,2),(0.,0.018),.UNSPECIFIED.);
#4288=EDGE_CURVE('',#740,#1151,#4287,.T.);
#4289=ORIENTED_EDGE('',*,*,#4288,.F.);
#4290=ORIENTED_EDGE('',*,*,#744,.T.);
#4291=ORIENTED_EDGE('',*,*,#3409,.T.);
#4292=EDGE_LOOP('',(#4284,#4289,#4290,#4291));
#4293=FACE_BOUND('',#4292,.T.);
#4294=ADVANCED_FACE('',(#4293),#4283,.T.);
#4295=CARTESIAN_POINT('',(-17.20231978,12.6,-2.));
#4296=CARTESIAN_POINT('',(-13.20231978,12.6,-2.));
#4297=CARTESIAN_POINT('',(-17.20231978,12.6,16.));
#4298=CARTESIAN_POINT('',(-13.20231978,12.6,16.));
#4299=B_SPLINE_SURFACE_WITH_KNOTS('',1,1,((#4295,#4296),(#4297,#4298)),.UNSPECIFIED.,.F.,.F.,.U.,(2,2),(2,2),(0.,0.018),(0.,0.004),.UNSPECIFIED.);
#4300=ORIENTED_EDGE('',*,*,#751,.F.);
#4301=ORIENTED_EDGE('',*,*,#4288,.T.);
#4302=ORIENTED_EDGE('',*,*,#1155,.T.);
#4303=ORIENTED_EDGE('',*,*,#4274,.F.);
#4304=EDGE_LOOP('',(#4300,#4301,#4302,#4303));
#4305=FACE_BOUND('',#4304,.T.);
#4306=ADVANCED_FACE('',(#4305),#4299,.F.);
#4307=CARTESIAN_POINT('',(-10.70231978,12.6,-2.));
#4308=CARTESIAN_POINT('',(-10.70231978,15.1,-2.));
#4309=CARTESIAN_POINT('',(-10.70231978,12.6,16.));
#4310=CARTESIAN_POINT('',(-10.70231978,15.1,16.));
#4311=B_SPLINE_SURFACE_WITH_KNOTS('',1,1,((#4307,#4308),(#4309,#4310)),.UNSPECIFIED.,.F.,.F.,.U.,(2,2),(2,2),(0.,0.018),(-0.0025,0.),.UNSPECIFIED.);
#4312=ORIENTED_EDGE('',*,*,#1206,.T.);
#4313=ORIENTED_EDGE('',*,*,#3279,.F.);
#4314=ORIENTED_EDGE('',*,*,#786,.F.);
#4315=CARTESIAN_POINT('',(-10.70231978,15.1,-2.));
#4316=CARTESIAN_POINT('',(-10.70231978,15.1,16.));
#4317=B_SPLINE_CURVE_WITH_KNOTS('',1,(#4315,#4316),.UNSPECIFIED.,.F.,.F.,(2,2),(0.,0.018),.UNSPECIFIED.);
#4318=EDGE_CURVE('',#775,#1202,#4317,.T.);
#4319=ORIENTED_EDGE('',*,*,#4318,.T.);
#4320=EDGE_LOOP('',(#4312,#4313,#4314,#4319));
#4321=FACE_BOUND('',#4320,.T.);
#4322=ADVANCED_FACE('',(#4321),#4311,.F.);
#4323=CARTESIAN_POINT('',(-19.70231978,15.1,16.));
#4324=CARTESIAN_POINT('',(-10.70231978,15.1,16.));
#4325=CARTESIAN_POINT('',(-19.70231978,15.1,-2.));
#4326=CARTESIAN_POINT('',(-10.70231978,15.1,-2.));
#4327=B_SPLINE_SURFACE_WITH_KNOTS('',1,1,((#4323,#4324),(#4325,#4326)),.UNSPECIFIED.,.F.,.F.,.U.,(2,2),(2,2),(-0.018,0.),(0.,0.009),.UNSPECIFIED.);
#4328=ORIENTED_EDGE('',*,*,#1211,.T.);
#4329=ORIENTED_EDGE('',*,*,#4318,.F.);
#4330=ORIENTED_EDGE('',*,*,#779,.F.);
#4331=CARTESIAN_POINT('',(-19.70231978,15.1,-2.));
#4332=CARTESIAN_POINT('',(-19.70231978,15.1,16.));
#4333=B_SPLINE_CURVE_WITH_KNOTS('',1,(#4331,#4332),.UNSPECIFIED.,.F.,.F.,(2,2),(0.,0.018),.UNSPECIFIED.);
#4334=EDGE_CURVE('',#768,#1130,#4333,.T.);
#4335=ORIENTED_EDGE('',*,*,#4334,.T.);
#4336=EDGE_LOOP('',(#4328,#4329,#4330,#4335));
#4337=FACE_BOUND('',#4336,.T.);
#4338=ADVANCED_FACE('',(#4337),#4327,.F.);
#4339=CARTESIAN_POINT('',(-19.70231978,9.6,16.));
#4340=CARTESIAN_POINT('',(-19.70231978,15.1,16.));
#4341=CARTESIAN_POINT('',(-19.70231978,9.6,-2.));
#4342=CARTESIAN_POINT('',(-19.70231978,15.1,-2.));
#4343=B_SPLINE_SURFACE_WITH_KNOTS('',1,1,((#4339,#4340),(#4341,#4342)),.UNSPECIFIED.,.F.,.F.,.U.,(2,2),(2,2),(-0.018,0.),(-0.003,0.0025),.UNSPECIFIED.);
#4344=ORIENTED_EDGE('',*,*,#3426,.F.);
#4345=ORIENTED_EDGE('',*,*,#1134,.T.);
#4346=ORIENTED_EDGE('',*,*,#4334,.F.);
#4347=ORIENTED_EDGE('',*,*,#772,.F.);
#4348=EDGE_LOOP('',(#4344,#4345,#4346,#4347));
#4349=FACE_BOUND('',#4348,.T.);
#4350=ADVANCED_FACE('',(#4349),#4343,.F.);
#4351=CARTESIAN_POINT('',(-17.20231978,-12.6,16.));
#4352=CARTESIAN_POINT('',(-13.20231978,-12.6,16.));
#4353=CARTESIAN_POINT('',(-17.20231978,-12.6,-2.));
#4354=CARTESIAN_POINT('',(-13.20231978,-12.6,-2.));
#4355=B_SPLINE_SURFACE_WITH_KNOTS('',1,1,((#4351,#4352),(#4353,#4354)),.UNSPECIFIED.,.F.,.F.,.U.,(2,2),(2,2),(-0.018,0.),(0.0025,0.0065),.UNSPECIFIED.);
#4356=ORIENTED_EDGE('',*,*,#709,.F.);
#4357=ORIENTED_EDGE('',*,*,#4240,.T.);
#4358=ORIENTED_EDGE('',*,*,#1112,.T.);
#4359=ORIENTED_EDGE('',*,*,#4258,.F.);
#4360=EDGE_LOOP('',(#4356,#4357,#4358,#4359));
#4361=FACE_BOUND('',#4360,.T.);
#4362=ADVANCED_FACE('',(#4361),#4355,.F.);
#4363=CARTESIAN_POINT('',(-19.70231978,-15.1,-2.));
#4364=CARTESIAN_POINT('',(-10.70231978,-15.1,-2.));
#4365=CARTESIAN_POINT('',(-19.70231978,-15.1,16.));
#4366=CARTESIAN_POINT('',(-10.70231978,-15.1,16.));
#4367=B_SPLINE_SURFACE_WITH_KNOTS('',1,1,((#4363,#4364),(#4365,#4366)),.UNSPECIFIED.,.F.,.F.,.U.,(2,2),(2,2),(0.,0.018),(-0.0025,0.0065),.UNSPECIFIED.);
#4368=ORIENTED_EDGE('',*,*,#1055,.T.);
#4369=ORIENTED_EDGE('',*,*,#1027,.F.);
#4370=ORIENTED_EDGE('',*,*,#681,.F.);
#4371=CARTESIAN_POINT('',(-10.70231978,-15.1,-2.));
#4372=CARTESIAN_POINT('',(-10.70231978,-15.1,16.));
#4373=B_SPLINE_CURVE_WITH_KNOTS('',1,(#4371,#4372),.UNSPECIFIED.,.F.,.F.,(2,2),(0.,0.018),.UNSPECIFIED.);
#4374=EDGE_CURVE('',#670,#1051,#4373,.T.);
#4375=ORIENTED_EDGE('',*,*,#4374,.T.);
#4376=EDGE_LOOP('',(#4368,#4369,#4370,#4375));
#4377=FACE_BOUND('',#4376,.T.);
#4378=ADVANCED_FACE('',(#4377),#4367,.F.);
#4379=CARTESIAN_POINT('',(-10.70231978,-15.1,-2.));
#4380=CARTESIAN_POINT('',(-10.70231978,-12.6,-2.));
#4381=CARTESIAN_POINT('',(-10.70231978,-15.1,16.));
#4382=CARTESIAN_POINT('',(-10.70231978,-12.6,16.));
#4383=B_SPLINE_SURFACE_WITH_KNOTS('',1,1,((#4379,#4380),(#4381,#4382)),.UNSPECIFIED.,.F.,.F.,.U.,(2,2),(2,2),(0.,0.018),(-0.0025,0.),.UNSPECIFIED.);
#4384=ORIENTED_EDGE('',*,*,#1062,.T.);
#4385=ORIENTED_EDGE('',*,*,#4374,.F.);
#4386=ORIENTED_EDGE('',*,*,#674,.F.);
#4387=ORIENTED_EDGE('',*,*,#3309,.T.);
#4388=EDGE_LOOP('',(#4384,#4385,#4386,#4387));
#4389=FACE_BOUND('',#4388,.T.);
#4390=ADVANCED_FACE('',(#4389),#4383,.F.);
#4391=CARTESIAN_POINT('',(-41.25,18.75,-11.));
#4392=CARTESIAN_POINT('',(-41.25,-18.75,-11.));
#4393=CARTESIAN_POINT('',(-35.187822174,18.75,-11.));
#4394=CARTESIAN_POINT('',(-35.187822174,-18.75,-11.));
#4395=CARTESIAN_POINT('',(-38.218911087,18.75,-5.75));
#4396=CARTESIAN_POINT('',(-38.218911087,-18.75,-5.75));
#4397=CARTESIAN_POINT('',(-41.25,18.75,-0.5));
#4398=CARTESIAN_POINT('',(-41.25,-18.75,-0.5));
#4399=CARTESIAN_POINT('',(-44.281088913,18.75,-5.75));
#4400=CARTESIAN_POINT('',(-44.281088913,-18.75,-5.75));
#4401=CARTESIAN_POINT('',(-47.312177826,18.75,-11.));
#4402=CARTESIAN_POINT('',(-47.312177826,-18.75,-11.));
#4403=CARTESIAN_POINT('',(-41.25,18.75,-11.));
#4404=CARTESIAN_POINT('',(-41.25,-18.75,-11.));
#4405=(BOUNDED_SURFACE()
B_SPLINE_SURFACE(2,1,((#4391,#4392),(#4393,#4394),(#4395,#4396),(#4397,#4398),(#4399,#4400),(#4401,#4402),(#4403,#4404)),.UNSPECIFIED.,.T.,.F.,.U.)
B_SPLINE_SURFACE_WITH_KNOTS((3,2,2,3),(2,2),(0.,2.094395102,4.188790205,6.283185307),(0.013208275,0.050708275),.UNSPECIFIED.)
GEOMETRIC_REPRESENTATION_ITEM()
RATIONAL_B_SPLINE_SURFACE(((1.,1.),(0.5,0.5),(1.,1.),(0.5,0.5),(1.,1.),(0.5,0.5),(1.,1.)))
REPRESENTATION_ITEM('')
SURFACE()
);
#4406=CARTESIAN_POINT('',(-41.25,-18.75,-11.));
#4407=CARTESIAN_POINT('',(-41.25,18.75,-11.));
#4408=B_SPLINE_CURVE_WITH_KNOTS('',1,(#4406,#4407),.UNSPECIFIED.,.F.,.F.,(2,2),(0.013208275,0.050708275),.UNSPECIFIED.);
#4409=EDGE_CURVE('',#4119,#3475,#4408,.T.);
#4410=ORIENTED_EDGE('',*,*,#4409,.F.);
#4411=ORIENTED_EDGE('',*,*,#4132,.T.);
#4412=ORIENTED_EDGE('',*,*,#4144,.T.);
#4413=ORIENTED_EDGE('',*,*,#4409,.T.);
#4414=ORIENTED_EDGE('',*,*,#3486,.F.);
#4415=EDGE_LOOP('',(#4410,#4411,#4412,#4413,#4414));
#4416=FACE_BOUND('',#4415,.T.);
#4417=ADVANCED_FACE('',(#4416),#4405,.F.);
#4418=CARTESIAN_POINT('',(-4.176123895,-12.6,0.15));
#4419=CARTESIAN_POINT('',(-4.176123895,-5.611857088,0.15));
#4420=CARTESIAN_POINT('',(2.5,-12.6,0.15));
#4421=CARTESIAN_POINT('',(2.5,-5.611857088,0.15));
#4422=B_SPLINE_SURFACE_WITH_KNOTS('',1,1,((#4418,#4419),(#4420,#4421)),.UNSPECIFIED.,.F.,.F.,.U.,(2,2),(2,2),(-0.013642211,-0.006966087),(0.00635,0.013338143),.UNSPECIFIED.);
#4423=ORIENTED_EDGE('',*,*,#2373,.T.);
#4424=CARTESIAN_POINT('',(2.5,-5.611857088,0.15));
#4425=CARTESIAN_POINT('',(-2.022879329,-7.974012993,0.15));
#4426=CARTESIAN_POINT('',(-4.176123895,-12.6,0.15));
#4427=(BOUNDED_CURVE()
B_SPLINE_CURVE(2,(#4424,#4425,#4426),.UNSPECIFIED.,.F.,.F.)
B_SPLINE_CURVE_WITH_KNOTS((3,3),(5.148030608,5.801882276),.UNSPECIFIED.)
CURVE()
GEOMETRIC_REPRESENTATION_ITEM()
RATIONAL_B_SPLINE_CURVE((1.,0.947034034,1.))
REPRESENTATION_ITEM(''));
#4428=EDGE_CURVE('',#2345,#3314,#4427,.T.);
#4429=ORIENTED_EDGE('',*,*,#4428,.T.);
#4430=ORIENTED_EDGE('',*,*,#3318,.T.);
#4431=EDGE_LOOP('',(#4423,#4429,#4430));
#4432=FACE_BOUND('',#4431,.T.);
#4433=ADVANCED_FACE('',(#4432),#4422,.T.);
#4434=CARTESIAN_POINT('',(-4.176123895,5.611857088,0.15));
#4435=CARTESIAN_POINT('',(-4.176123895,12.6,0.15));
#4436=CARTESIAN_POINT('',(2.5,5.611857088,0.15));
#4437=CARTESIAN_POINT('',(2.5,12.6,0.15));
#4438=B_SPLINE_SURFACE_WITH_KNOTS('',1,1,((#4434,#4435),(#4436,#4437)),.UNSPECIFIED.,.F.,.F.,.U.,(2,2),(2,2),(-0.013642211,-0.006966087),(-0.013338143,-0.00635),.UNSPECIFIED.);
#4439=ORIENTED_EDGE('',*,*,#2405,.T.);
#4440=ORIENTED_EDGE('',*,*,#3272,.F.);
#4441=ORIENTED_EDGE('',*,*,#3153,.F.);
#4442=EDGE_LOOP('',(#4439,#4440,#4441));
#4443=FACE_BOUND('',#4442,.T.);
#4444=ADVANCED_FACE('',(#4443),#4438,.T.);
#4445=CARTESIAN_POINT('',(0.040104713,-7.5,8.928571429));
#4446=CARTESIAN_POINT('',(0.040104713,-7.5,16.));
#4447=CARTESIAN_POINT('',(-6.70231978,-7.5,8.928571429));
#4448=CARTESIAN_POINT('',(-6.70231978,-7.5,16.));
#4449=B_SPLINE_SURFACE_WITH_KNOTS('',1,1,((#4445,#4446),(#4447,#4448)),.UNSPECIFIED.,.F.,.F.,.U.,(2,2),(2,2),(0.075332867,0.082075291),(-0.007071429,0.),.UNSPECIFIED.);
#4450=CARTESIAN_POINT('',(-3.014767963,-7.5,13.478202611));
#4451=VERTEX_POINT('',#4450);
#4452=CARTESIAN_POINT('',(-3.014767963,-7.5,13.478202611));
#4453=CARTESIAN_POINT('',(-3.014767963,-7.5,16.));
#4454=B_SPLINE_CURVE_WITH_KNOTS('',1,(#4452,#4453),.UNSPECIFIED.,.F.,.F.,(2,2),(0.000062234,0.002584031),.UNSPECIFIED.);
#4455=EDGE_CURVE('',#4451,#1072,#4454,.T.);
#4456=ORIENTED_EDGE('',*,*,#4455,.F.);
#4457=CARTESIAN_POINT('',(-3.014767963,-7.5,13.478202611));
#4458=CARTESIAN_POINT('',(-3.016665362,-7.5,13.435767543));
#4459=CARTESIAN_POINT('',(-3.016670428,-7.5,13.393275907));
#4460=CARTESIAN_POINT('',(-3.014767963,-7.5,13.350727248));
#4461=B_SPLINE_CURVE_WITH_KNOTS('',3,(#4457,#4458,#4459,#4460),.UNSPECIFIED.,.F.,.F.,(4,4),(0.000227862,0.000355281),.UNSPECIFIED.);
#4462=EDGE_CURVE('',#4451,#1822,#4461,.T.);
#4463=ORIENTED_EDGE('',*,*,#4462,.T.);
#4464=ORIENTED_EDGE('',*,*,#1842,.T.);
#4465=ORIENTED_EDGE('',*,*,#1575,.F.);
#4466=ORIENTED_EDGE('',*,*,#1769,.F.);
#4467=ORIENTED_EDGE('',*,*,#2323,.T.);
#4468=ORIENTED_EDGE('',*,*,#2266,.T.);
#4469=ORIENTED_EDGE('',*,*,#1084,.F.);
#4470=EDGE_LOOP('',(#4456,#4463,#4464,#4465,#4466,#4467,#4468,#4469));
#4471=FACE_BOUND('',#4470,.T.);
#4472=ADVANCED_FACE('',(#4471),#4449,.T.);
#4473=CARTESIAN_POINT('',(-3.014767963,-7.5,13.478202611));
#4474=CARTESIAN_POINT('',(-3.014767963,-7.5,16.));
#4475=CARTESIAN_POINT('',(-5.086774808,-9.758551782,13.478202611));
#4476=CARTESIAN_POINT('',(-5.086774808,-9.758551782,16.));
#4477=CARTESIAN_POINT('',(-6.235879041,-12.6,13.478202611));
#4478=CARTESIAN_POINT('',(-6.235879041,-12.6,16.));
#4479=(BOUNDED_SURFACE()
B_SPLINE_SURFACE(2,1,((#4473,#4474),(#4475,#4476),(#4477,#4478)),.UNSPECIFIED.,.F.,.F.,.U.)
B_SPLINE_SURFACE_WITH_KNOTS((3,3),(2,2),(2.435635458,2.788716958),(0.000062234,0.002584031),.UNSPECIFIED.)
GEOMETRIC_REPRESENTATION_ITEM()
RATIONAL_B_SPLINE_SURFACE(((0.863616004,0.863616004),(0.806791441,0.806791441),(0.778387442,0.778387442)))
REPRESENTATION_ITEM('')
SURFACE()
);
#4480=ORIENTED_EDGE('',*,*,#4455,.T.);
#4481=ORIENTED_EDGE('',*,*,#1077,.T.);
#4482=ORIENTED_EDGE('',*,*,#3303,.F.);
#4483=CARTESIAN_POINT('',(-3.014767963,-7.5,13.478202611));
#4484=CARTESIAN_POINT('',(-5.086774808,-9.758551782,13.478202611));
#4485=CARTESIAN_POINT('',(-6.235879041,-12.6,13.478202611));
#4486=(BOUNDED_CURVE()
B_SPLINE_CURVE(2,(#4483,#4484,#4485),.UNSPECIFIED.,.F.,.F.)
B_SPLINE_CURVE_WITH_KNOTS((3,3),(5.096689524,5.454737344),.UNSPECIFIED.)
CURVE()
GEOMETRIC_REPRESENTATION_ITEM()
RATIONAL_B_SPLINE_CURVE((1.,0.984017973,1.))
REPRESENTATION_ITEM(''));
#4487=EDGE_CURVE('',#4451,#3292,#4486,.T.);
#4488=ORIENTED_EDGE('',*,*,#4487,.F.);
#4489=EDGE_LOOP('',(#4480,#4481,#4482,#4488));
#4490=FACE_BOUND('',#4489,.T.);
#4491=ADVANCED_FACE('',(#4490),#4479,.F.);
#4492=CARTESIAN_POINT('',(-6.235879041,12.6,13.478202611));
#4493=CARTESIAN_POINT('',(-6.235879041,12.6,16.));
#4494=CARTESIAN_POINT('',(-5.476412911,10.722029647,13.478202611));
#4495=CARTESIAN_POINT('',(-5.476412911,10.722029647,16.));
#4496=CARTESIAN_POINT('',(-4.375325207,8.983049631,13.478202611));
#4497=CARTESIAN_POINT('',(-4.375325207,8.983049631,16.));
#4498=CARTESIAN_POINT('',(-3.014767963,7.5,13.478202611));
#4499=CARTESIAN_POINT('',(-3.014767963,7.5,16.));
#4500=B_SPLINE_SURFACE_WITH_KNOTS('',3,1,((#4492,#4493),(#4494,#4495),(#4496,#4497),(#4498,#4499)),.UNSPECIFIED.,.F.,.F.,.U.,(4,4),(2,2),(0.798637642,0.84730365),(0.028087338,1.),.UNSPECIFIED.);
#4501=CARTESIAN_POINT('',(-3.014767963,7.5,13.478202611));
#4502=CARTESIAN_POINT('',(-3.356842773,7.872872162,13.478202611));
#4503=CARTESIAN_POINT('',(-3.681042609,8.260209033,13.487657752));
#4504=CARTESIAN_POINT('',(-3.987822434,8.661811393,13.493940068));
#4505=CARTESIAN_POINT('',(-4.294602259,9.063413753,13.500222383));
#4506=CARTESIAN_POINT('',(-4.583687429,9.479087944,13.504219775));
#4507=CARTESIAN_POINT('',(-4.853380676,9.906095997,13.504163742));
#4508=CARTESIAN_POINT('',(-5.123073923,10.333104049,13.504107709));
#4509=CARTESIAN_POINT('',(-5.374305337,10.772955299,13.499998728));
#4510=CARTESIAN_POINT('',(-5.605031657,11.222375255,13.493724667));
#4511=CARTESIAN_POINT('',(-5.835757977,11.67179521,13.487450605));
#4512=CARTESIAN_POINT('',(-6.046169232,12.13089495,13.478202611));
#4513=CARTESIAN_POINT('',(-6.235879041,12.6,13.478202611));
#4514=B_SPLINE_CURVE_WITH_KNOTS('',3,(#4501,#4502,#4503,#4504,#4505,#4506,#4507,#4508,#4509,#4510,#4511,#4512,#4513),.UNSPECIFIED.,.F.,.F.,(4,3,3,3,4),(0.,0.00151543,0.00303086,0.00454629,0.006061719),.UNSPECIFIED.);
#4515=EDGE_CURVE('',#1283,#3207,#4514,.T.);
#4516=ORIENTED_EDGE('',*,*,#4515,.T.);
#4517=ORIENTED_EDGE('',*,*,#3211,.T.);
#4518=ORIENTED_EDGE('',*,*,#1192,.F.);
#4519=ORIENTED_EDGE('',*,*,#1294,.F.);
#4520=EDGE_LOOP('',(#4516,#4517,#4518,#4519));
#4521=FACE_BOUND('',#4520,.T.);
#4522=ADVANCED_FACE('',(#4521),#4500,.F.);
#4523=CARTESIAN_POINT('',(-65.125767812,9.75,27.));
#4524=CARTESIAN_POINT('',(-65.125767812,13.25,27.));
#4525=CARTESIAN_POINT('',(-47.5,9.75,27.));
#4526=CARTESIAN_POINT('',(-47.5,13.25,27.));
#4527=CARTESIAN_POINT('',(-47.5,9.75,9.374232188));
#4528=CARTESIAN_POINT('',(-47.5,13.25,9.374232188));
#4529=(BOUNDED_SURFACE()
B_SPLINE_SURFACE(2,1,((#4523,#4524),(#4525,#4526),(#4527,#4528)),.UNSPECIFIED.,.F.,.F.,.U.)
B_SPLINE_SURFACE_WITH_KNOTS((3,3),(2,2),(0.,1.533203626),(-0.001427127,0.002072873),.UNSPECIFIED.)
GEOMETRIC_REPRESENTATION_ITEM()
RATIONAL_B_SPLINE_SURFACE(((1.,1.),(0.633974596,0.633974596),(0.803847577,0.803847577)))
REPRESENTATION_ITEM('')
SURFACE()
);
#4530=ORIENTED_EDGE('',*,*,#249,.F.);
#4531=ORIENTED_EDGE('',*,*,#124,.F.);
#4532=ORIENTED_EDGE('',*,*,#599,.F.);
#4533=ORIENTED_EDGE('',*,*,#74,.F.);
#4534=EDGE_LOOP('',(#4530,#4531,#4532,#4533));
#4535=FACE_BOUND('',#4534,.T.);
#4536=ADVANCED_FACE('',(#4535),#4529,.T.);
#4537=CARTESIAN_POINT('',(-77.91371307,-9.5,5.8));
#4538=CARTESIAN_POINT('',(-77.91371307,9.75,5.8));
#4539=CARTESIAN_POINT('',(-77.51371307,-9.5,5.8));
#4540=CARTESIAN_POINT('',(-77.51371307,9.75,5.8));
#4541=CARTESIAN_POINT('',(-77.51371307,-9.5,5.4));
#4542=CARTESIAN_POINT('',(-77.51371307,9.75,5.4));
#4543=(BOUNDED_SURFACE()
B_SPLINE_SURFACE(2,1,((#4537,#4538),(#4539,#4540),(#4541,#4542)),.UNSPECIFIED.,.F.,.F.,.U.)
B_SPLINE_SURFACE_WITH_KNOTS((3,3),(2,2),(0.,1.533203626),(-0.012375,0.006875),.UNSPECIFIED.)
GEOMETRIC_REPRESENTATION_ITEM()
RATIONAL_B_SPLINE_SURFACE(((1.,1.),(0.633974596,0.633974596),(0.803847577,0.803847577)))
REPRESENTATION_ITEM('')
SURFACE()
);
#4544=ORIENTED_EDGE('',*,*,#331,.F.);
#4545=ORIENTED_EDGE('',*,*,#288,.F.);
#4546=ORIENTED_EDGE('',*,*,#937,.F.);
#4547=ORIENTED_EDGE('',*,*,#352,.F.);
#4548=EDGE_LOOP('',(#4544,#4545,#4546,#4547));
#4549=FACE_BOUND('',#4548,.T.);
#4550=ADVANCED_FACE('',(#4549),#4543,.T.);
#4551=CARTESIAN_POINT('',(-77.91371307,-1.125,8.3));
#4552=CARTESIAN_POINT('',(-77.91371307,-9.5,8.3));
#4553=CARTESIAN_POINT('',(-77.51371307,-1.125,8.3));
#4554=CARTESIAN_POINT('',(-77.51371307,-9.5,8.3));
#4555=CARTESIAN_POINT('',(-77.51371307,-1.125,8.7));
#4556=CARTESIAN_POINT('',(-77.51371307,-9.5,8.7));
#4557=(BOUNDED_SURFACE()
B_SPLINE_SURFACE(2,1,((#4551,#4552),(#4553,#4554),(#4555,#4556)),.UNSPECIFIED.,.F.,.F.,.U.)
B_SPLINE_SURFACE_WITH_KNOTS((3,3),(2,2),(0.,1.533203626),(0.012302127,0.020677127),.UNSPECIFIED.)
GEOMETRIC_REPRESENTATION_ITEM()
RATIONAL_B_SPLINE_SURFACE(((1.,1.),(0.633974596,0.633974596),(0.803847577,0.803847577)))
REPRESENTATION_ITEM('')
SURFACE()
);
#4558=ORIENTED_EDGE('',*,*,#4165,.F.);
#4559=ORIENTED_EDGE('',*,*,#3384,.F.);
#4560=ORIENTED_EDGE('',*,*,#968,.F.);
#4561=ORIENTED_EDGE('',*,*,#188,.F.);
#4562=EDGE_LOOP('',(#4558,#4559,#4560,#4561));
#4563=FACE_BOUND('',#4562,.T.);
#4564=ADVANCED_FACE('',(#4563),#4557,.T.);
#4565=CARTESIAN_POINT('',(-77.91371307,9.75,8.3));
#4566=CARTESIAN_POINT('',(-77.91371307,2.875,8.3));
#4567=CARTESIAN_POINT('',(-77.51371307,9.75,8.3));
#4568=CARTESIAN_POINT('',(-77.51371307,2.875,8.3));
#4569=CARTESIAN_POINT('',(-77.51371307,9.75,8.7));
#4570=CARTESIAN_POINT('',(-77.51371307,2.875,8.7));
#4571=(BOUNDED_SURFACE()
B_SPLINE_SURFACE(2,1,((#4565,#4566),(#4567,#4568),(#4569,#4570)),.UNSPECIFIED.,.F.,.F.,.U.)
B_SPLINE_SURFACE_WITH_KNOTS((3,3),(2,2),(0.,1.533203626),(0.001427127,0.008302127),.UNSPECIFIED.)
GEOMETRIC_REPRESENTATION_ITEM()
RATIONAL_B_SPLINE_SURFACE(((1.,1.),(0.633974596,0.633974596),(0.803847577,0.803847577)))
REPRESENTATION_ITEM('')
SURFACE()
);
#4572=ORIENTED_EDGE('',*,*,#263,.F.);
#4573=ORIENTED_EDGE('',*,*,#848,.F.);
#4574=ORIENTED_EDGE('',*,*,#4195,.F.);
#4575=ORIENTED_EDGE('',*,*,#222,.F.);
#4576=EDGE_LOOP('',(#4572,#4573,#4574,#4575));
#4577=FACE_BOUND('',#4576,.T.);
#4578=ADVANCED_FACE('',(#4577),#4571,.T.);
#4579=CARTESIAN_POINT('',(-80.41371307,2.875,8.3));
#4580=CARTESIAN_POINT('',(-80.41371307,-1.125,8.3));
#4581=CARTESIAN_POINT('',(-80.01371307,2.875,8.3));
#4582=CARTESIAN_POINT('',(-80.01371307,-1.125,8.3));
#4583=CARTESIAN_POINT('',(-80.01371307,2.875,8.7));
#4584=CARTESIAN_POINT('',(-80.01371307,-1.125,8.7));
#4585=(BOUNDED_SURFACE()
B_SPLINE_SURFACE(2,1,((#4579,#4580),(#4581,#4582),(#4583,#4584)),.UNSPECIFIED.,.F.,.F.,.U.)
B_SPLINE_SURFACE_WITH_KNOTS((3,3),(2,2),(0.,1.533203626),(0.008302127,0.012302127),.UNSPECIFIED.)
GEOMETRIC_REPRESENTATION_ITEM()
RATIONAL_B_SPLINE_SURFACE(((1.,1.),(0.633974596,0.633974596),(0.803847577,0.803847577)))
REPRESENTATION_ITEM('')
SURFACE()
);
#4586=ORIENTED_EDGE('',*,*,#4210,.F.);
#4587=ORIENTED_EDGE('',*,*,#4224,.F.);
#4588=ORIENTED_EDGE('',*,*,#4174,.F.);
#4589=ORIENTED_EDGE('',*,*,#234,.F.);
#4590=EDGE_LOOP('',(#4586,#4587,#4588,#4589));
#4591=FACE_BOUND('',#4590,.T.);
#4592=ADVANCED_FACE('',(#4591),#4585,.T.);
#4593=CARTESIAN_POINT('',(-6.237011362,12.600000006,13.414464929));
#4594=CARTESIAN_POINT('',(-6.237011362,12.600000006,13.459366504));
#4595=CARTESIAN_POINT('',(-6.235081034,12.60078059,13.504219775));
#4596=CARTESIAN_POINT('',(-5.08782495,9.758143654,13.414464929));
#4597=CARTESIAN_POINT('',(-5.08782495,9.758143654,13.459366504));
#4598=CARTESIAN_POINT('',(-5.086035887,9.759273578,13.504219775));
#4599=CARTESIAN_POINT('',(-3.015541494,7.499290359,13.414464929));
#4600=CARTESIAN_POINT('',(-3.015541494,7.499290359,13.459366504));
#4601=CARTESIAN_POINT('',(-3.01400717,7.500697955,13.504219775));
#4602=(BOUNDED_SURFACE()
B_SPLINE_SURFACE(2,2,((#4593,#4594,#4595),(#4596,#4597,#4598),(#4599,#4600,#4601)),.UNSPECIFIED.,.F.,.F.,.U.)
B_SPLINE_SURFACE_WITH_KNOTS((3,3),(3,3),(3.494444759,3.847549849),(0.,0.051043698),.UNSPECIFIED.)
GEOMETRIC_REPRESENTATION_ITEM()
RATIONAL_B_SPLINE_SURFACE(((0.778383647,0.770975233,0.764048297),(0.806787645,0.79910889,0.791929184),(0.863616004,0.855396375,0.847710946)))
REPRESENTATION_ITEM('')
SURFACE()
);
#4603=ORIENTED_EDGE('',*,*,#1234,.T.);
#4604=ORIENTED_EDGE('',*,*,#3218,.T.);
#4605=ORIENTED_EDGE('',*,*,#4515,.F.);
#4606=ORIENTED_EDGE('',*,*,#1289,.F.);
#4607=EDGE_LOOP('',(#4603,#4604,#4605,#4606));
#4608=FACE_BOUND('',#4607,.T.);
#4609=ADVANCED_FACE('',(#4608),#4602,.F.);
#4610=CARTESIAN_POINT('',(-3.015541494,-7.499290359,13.414464929));
#4611=CARTESIAN_POINT('',(-3.015541494,-7.499290359,13.446342414));
#4612=CARTESIAN_POINT('',(-3.014767963,-7.5,13.478202611));
#4613=CARTESIAN_POINT('',(-5.087824641,-9.758143318,13.414464929));
#4614=CARTESIAN_POINT('',(-5.087824641,-9.758143318,13.446342414));
#4615=CARTESIAN_POINT('',(-5.086922683,-9.75871297,13.478202611));
#4616=CARTESIAN_POINT('',(-6.237011031,-12.599999186,13.414464929));
#4617=CARTESIAN_POINT('',(-6.237011031,-12.599999186,13.446342414));
#4618=CARTESIAN_POINT('',(-6.236037853,-12.600392718,13.478202611));
#4619=(BOUNDED_SURFACE()
B_SPLINE_SURFACE(2,2,((#4610,#4611,#4612),(#4613,#4614,#4615),(#4616,#4617,#4618)),.UNSPECIFIED.,.F.,.F.,.U.)
B_SPLINE_SURFACE_WITH_KNOTS((3,3),(3,3),(2.435635458,2.788740499),(0.,0.036338351),.UNSPECIFIED.)
GEOMETRIC_REPRESENTATION_ITEM()
RATIONAL_B_SPLINE_SURFACE(((0.863616004,0.857764395,0.852183524),(0.806787652,0.801321095,0.796107462),(0.778383655,0.773109555,0.768079474)))
REPRESENTATION_ITEM('')
SURFACE()
);
#4620=ORIENTED_EDGE('',*,*,#1827,.T.);
#4621=ORIENTED_EDGE('',*,*,#4462,.F.);
#4622=ORIENTED_EDGE('',*,*,#4487,.T.);
#4623=ORIENTED_EDGE('',*,*,#3298,.F.);
#4624=EDGE_LOOP('',(#4620,#4621,#4622,#4623));
#4625=FACE_BOUND('',#4624,.T.);
#4626=ADVANCED_FACE('',(#4625),#4619,.F.);
#4627=CARTESIAN_POINT('',(2.5,7.5,8.928571429));
#4628=CARTESIAN_POINT('',(-6.70231978,7.5,8.928571429));
#4629=CARTESIAN_POINT('',(2.5,8.419238728,3.682915646));
#4630=CARTESIAN_POINT('',(-6.70231978,8.419238728,3.682915646));
#4631=CARTESIAN_POINT('',(2.5,3.807142857,1.020120854));
#4632=CARTESIAN_POINT('',(-6.70231978,3.807142857,1.020120854));
#4633=CARTESIAN_POINT('',(2.5,-7.614285714,-5.574044006));
#4634=CARTESIAN_POINT('',(-6.70231978,-7.614285714,-5.574044006));
#4635=CARTESIAN_POINT('',(2.5,-7.614285714,7.614285714));
#4636=CARTESIAN_POINT('',(-6.70231978,-7.614285714,7.614285714));
#4637=(BOUNDED_SURFACE()
B_SPLINE_SURFACE(2,1,((#4627,#4628),(#4629,#4630),(#4631,#4632),(#4633,#4634),(#4635,#4636)),.UNSPECIFIED.,.F.,.F.,.U.)
B_SPLINE_SURFACE_WITH_KNOTS((3,2,3),(2,2),(2.98387097,4.188790205,6.283185307),(0.148341131,0.15754345),.UNSPECIFIED.)
GEOMETRIC_REPRESENTATION_ITEM()
RATIONAL_B_SPLINE_SURFACE(((0.755671078,0.755671078),(0.712346722,0.712346722),(1.,1.),(0.5,0.5),(1.,1.)))
REPRESENTATION_ITEM('')
SURFACE()
);
#4638=ORIENTED_EDGE('',*,*,#2317,.T.);
#4639=ORIENTED_EDGE('',*,*,#1747,.F.);
#4640=ORIENTED_EDGE('',*,*,#2719,.F.);
#4641=ORIENTED_EDGE('',*,*,#2796,.T.);
#4642=CARTESIAN_POINT('',(-0.434656183,-6.090501969,3.044479076));
#4643=CARTESIAN_POINT('',(-0.481398414,-6.040289694,2.97755795));
#4644=CARTESIAN_POINT('',(-0.510156112,-5.984247509,2.905244803));
#4645=CARTESIAN_POINT('',(-0.520655232,-5.92486665,2.8316816));
#4646=CARTESIAN_POINT('',(-0.531154352,-5.865485792,2.758118398));
#4647=CARTESIAN_POINT('',(-0.523369949,-5.803638234,2.684411787));
#4648=CARTESIAN_POINT('',(-0.502901769,-5.74301223,2.614769992));
#4649=CARTESIAN_POINT('',(-0.461965409,-5.621760222,2.4754864));
#4650=CARTESIAN_POINT('',(-0.372730884,-5.504002854,2.35050817));
#4651=CARTESIAN_POINT('',(-0.266533658,-5.394594787,2.240674821));
#4652=CARTESIAN_POINT('',(-0.160336431,-5.285186719,2.130841473));
#4653=CARTESIAN_POINT('',(-0.033696372,-5.181218094,2.033109677));
#4654=CARTESIAN_POINT('',(0.100927139,-5.083579679,1.945550001));
#4655=CARTESIAN_POINT('',(0.23555065,-4.985941264,1.857990325));
#4656=CARTESIAN_POINT('',(0.378837137,-4.894162237,1.780134544));
#4657=CARTESIAN_POINT('',(0.527971706,-4.806424787,1.708726663));
#4658=CARTESIAN_POINT('',(0.826240846,-4.630949886,1.565910902));
#4659=CARTESIAN_POINT('',(1.148903855,-4.471125629,1.448430369));
#4660=CARTESIAN_POINT('',(1.479685098,-4.325315214,1.347787869));
#4661=CARTESIAN_POINT('',(1.810466341,-4.179504798,1.24714537));
#4662=CARTESIAN_POINT('',(2.151427506,-4.046977125,1.162968998));
#4663=CARTESIAN_POINT('',(2.5,-3.925286278,1.089757028));
#4664=B_SPLINE_CURVE_WITH_KNOTS('',3,(#4642,#4643,#4644,#4645,#4646,#4647,#4648,#4649,#4650,#4651,#4652,#4653,#4654,#4655,#4656,#4657,#4658,#4659,#4660,#4661,#4662,#4663),.UNSPECIFIED.,.F.,.F.,(4,3,3,3,3,3,3,4),(0.000000282,0.000283609,0.000566937,0.001133591,0.001700245,0.0022669,0.003400208,0.004533517),.UNSPECIFIED.);
#4665=EDGE_CURVE('',#2764,#2335,#4664,.T.);
#4666=ORIENTED_EDGE('',*,*,#4665,.T.);
#4667=ORIENTED_EDGE('',*,*,#2342,.T.);
#4668=ORIENTED_EDGE('',*,*,#3144,.T.);
#4669=CARTESIAN_POINT('',(2.5,3.925286278,1.089757028));
#4670=CARTESIAN_POINT('',(2.151321929,4.047014052,1.162991298));
#4671=CARTESIAN_POINT('',(1.810615894,4.179468697,1.247132837));
#4672=CARTESIAN_POINT('',(1.480503869,4.324954331,1.347538793));
#4673=CARTESIAN_POINT('',(1.315447856,4.397697148,1.397741772));
#4674=CARTESIAN_POINT('',(1.153064011,4.473722442,1.45205352));
#4675=CARTESIAN_POINT('',(0.994006218,4.553672872,1.511711642));
#4676=CARTESIAN_POINT('',(0.834948424,4.633623302,1.571369763));
#4677=CARTESIAN_POINT('',(0.67857205,4.717845524,1.636642544));
#4678=CARTESIAN_POINT('',(0.528529703,4.806096547,1.70845953));
#4679=CARTESIAN_POINT('',(0.378487357,4.89434757,1.780276516));
#4680=CARTESIAN_POINT('',(0.234718413,4.98649865,1.85847351));
#4681=CARTESIAN_POINT('',(0.100077733,5.084195889,1.946102662));
#4682=CARTESIAN_POINT('',(-0.034562946,5.181893128,2.033731815));
#4683=CARTESIAN_POINT('',(-0.161164309,5.28584362,2.131452694));
#4684=CARTESIAN_POINT('',(-0.267646678,5.395742553,2.241827316));
#4685=CARTESIAN_POINT('',(-0.320887862,5.450692019,2.297014627));
#4686=CARTESIAN_POINT('',(-0.369521646,5.507733588,2.356007614));
#4687=CARTESIAN_POINT('',(-0.409991186,5.565925655,2.418343207));
#4688=CARTESIAN_POINT('',(-0.450460727,5.624117721,2.480678799));
#4689=CARTESIAN_POINT('',(-0.482903996,5.683295492,2.546140184));
#4690=CARTESIAN_POINT('',(-0.503291151,5.744170251,2.616100537));
#4691=CARTESIAN_POINT('',(-0.523678307,5.80504501,2.68606089));
#4692=CARTESIAN_POINT('',(-0.531200009,5.866073583,2.758823822));
#4693=CARTESIAN_POINT('',(-0.520526021,5.925592254,2.832580644));
#4694=CARTESIAN_POINT('',(-0.509852032,5.985110924,2.906337466));
#4695=CARTESIAN_POINT('',(-0.481322903,6.040370687,2.977665599));
#4696=CARTESIAN_POINT('',(-0.434656183,6.090501969,3.044479076));
#4697=B_SPLINE_CURVE_WITH_KNOTS('',3,(#4669,#4670,#4671,#4672,#4673,#4674,#4675,#4676,#4677,#4678,#4679,#4680,#4681,#4682,#4683,#4684,#4685,#4686,#4687,#4688,#4689,#4690,#4691,#4692,#4693,#4694,
#4695,#4696),.UNSPECIFIED.,.F.,.F.,(4,3,3,3,3,3,3,3,3,4),(0.000000215,0.001123591,0.001685279,0.002246967,0.002808654,0.003370342,0.003651186,0.00393203,0.004212874,0.004493718),.UNSPECIFIED.);
#4698=EDGE_CURVE('',#3106,#3011,#4697,.T.);
#4699=ORIENTED_EDGE('',*,*,#4698,.T.);
#4700=ORIENTED_EDGE('',*,*,#3038,.F.);
#4701=ORIENTED_EDGE('',*,*,#2217,.F.);
#4702=ORIENTED_EDGE('',*,*,#1309,.T.);
#4703=ORIENTED_EDGE('',*,*,#2288,.T.);
#4704=EDGE_LOOP('',(#4638,#4639,#4640,#4641,#4666,#4667,#4668,#4699,#4700,#4701,#4702,#4703));
#4705=FACE_BOUND('',#4704,.T.);
#4706=ADVANCED_FACE('',(#4705),#4637,.F.);
#4707=CARTESIAN_POINT('',(-6.01858486,-12.599994414,1.838446128));
#4708=CARTESIAN_POINT('',(-6.01858486,-12.599994414,0.15));
#4709=CARTESIAN_POINT('',(-4.456392545,-13.240623399,0.15));
#4710=CARTESIAN_POINT('',(-3.528263265,-6.527273158,1.838446128));
#4711=CARTESIAN_POINT('',(-3.528263265,-6.527273158,0.15));
#4712=CARTESIAN_POINT('',(-2.217310445,-7.78055692,0.15));
#4713=CARTESIAN_POINT('',(2.426361235,-3.76645948,1.838446128));
#4714=CARTESIAN_POINT('',(2.426361235,-3.76645948,0.15));
#4715=CARTESIAN_POINT('',(3.13657363,-5.298271701,0.15));
#4716=(BOUNDED_SURFACE()
B_SPLINE_SURFACE(2,2,((#4707,#4708,#4709),(#4710,#4711,#4712),(#4713,#4714,#4715)),.UNSPECIFIED.,.F.,.F.,.U.)
B_SPLINE_SURFACE_WITH_KNOTS((3,3),(3,3),(5.113889091,5.810062642),(0.,1.570796327),.UNSPECIFIED.)
GEOMETRIC_REPRESENTATION_ITEM()
RATIONAL_B_SPLINE_SURFACE(((0.753398636,0.532733284,0.753398636),(0.734020535,0.519030898,0.734020535),(0.825131121,0.583455811,0.825131121)))
REPRESENTATION_ITEM('')
SURFACE()
);
#4717=ORIENTED_EDGE('',*,*,#2771,.T.);
#4718=ORIENTED_EDGE('',*,*,#3364,.F.);
#4719=ORIENTED_EDGE('',*,*,#4428,.F.);
#4720=ORIENTED_EDGE('',*,*,#2366,.F.);
#4721=ORIENTED_EDGE('',*,*,#4665,.F.);
#4722=EDGE_LOOP('',(#4717,#4718,#4719,#4720,#4721));
#4723=FACE_BOUND('',#4722,.T.);
#4724=ADVANCED_FACE('',(#4723),#4716,.F.);
#4725=CARTESIAN_POINT('',(-6.018585565,12.599996134,1.838446128));
#4726=CARTESIAN_POINT('',(-6.018585565,12.599996134,2.547938118));
#4727=CARTESIAN_POINT('',(-5.549700101,12.792278173,3.044479076));
#4728=CARTESIAN_POINT('',(-4.05270654,7.806141739,1.838446128));
#4729=CARTESIAN_POINT('',(-4.05270654,7.806141739,2.547938118));
#4730=CARTESIAN_POINT('',(-3.643349107,8.14358465,3.044479076));
#4731=CARTESIAN_POINT('',(0.277919864,4.961603945,1.838446128));
#4732=CARTESIAN_POINT('',(0.277919864,4.961603945,2.547938118));
#4733=CARTESIAN_POINT('',(0.556143254,5.385181218,3.044479076));
#4734=(BOUNDED_SURFACE()
B_SPLINE_SURFACE(2,2,((#4725,#4726,#4727),(#4728,#4729,#4730),(#4731,#4732,#4733)),.UNSPECIFIED.,.F.,.F.,.U.)
B_SPLINE_SURFACE_WITH_KNOTS((3,3),(3,3),(3.499052312,4.120294408),(0.,0.795072995),.UNSPECIFIED.)
GEOMETRIC_REPRESENTATION_ITEM()
RATIONAL_B_SPLINE_SURFACE(((0.779129756,0.663623307,0.665046159),(0.829755414,0.706743681,0.708258986),(0.968365239,0.824804517,0.826572953)))
REPRESENTATION_ITEM('')
SURFACE()
);
#4735=ORIENTED_EDGE('',*,*,#3113,.T.);
#4736=ORIENTED_EDGE('',*,*,#3266,.T.);
#4737=ORIENTED_EDGE('',*,*,#3056,.T.);
#4738=ORIENTED_EDGE('',*,*,#4698,.F.);
#4739=EDGE_LOOP('',(#4735,#4736,#4737,#4738));
#4740=FACE_BOUND('',#4739,.T.);
#4741=ADVANCED_FACE('',(#4740),#4734,.F.);
#4742=CLOSED_SHELL('',(#104,#168,#238,#268,#310,#340,#368,#400,#502,#586,#611,#830,#926,#992,#1008,#1036,#1121,#1215,#1275,#1347,#1603,#1808,#1846,#2070,#2255,#2306,
#2328,#2521,#2752,#2847,#3088,#3200,#3284,#3372,#3400,#3416,#3436,#3452,#3468,#3504,#3520,#3532,#3548,#3580,#3596,#3612,#3632,#3646,#3664,#3676,#3730,
#3740,#3794,#3804,#3858,#3868,#3922,#3962,#3990,#4044,#4084,#4112,#4154,#4184,#4214,#4230,#4246,#4262,#4278,#4294,#4306,#4322,#4338,#4350,#4362,#4378,
#4390,#4417,#4433,#4444,#4472,#4491,#4522,#4536,#4550,#4564,#4578,#4592,#4609,#4626,#4706,#4724,#4741));
#4743=MANIFOLD_SOLID_BREP('Base',#4742);
#54=STYLED_ITEM('',(),#4743);
#35=SHAPE_REPRESENTATION('Base',(#15),#33);
#36=ADVANCED_BREP_SHAPE_REPRESENTATION('Base',(#4743),#33);
#4751=SHAPE_REPRESENTATION_RELATIONSHIP('','',#35,#36);
#4752=APPLICATION_CONTEXT('configuration controlled 3D design of mechanical parts and assemblies');
#4753=APPLICATION_PROTOCOL_DEFINITION('international standard','configuration_control_3d_design_ed2_mim',2004,#4752);
#4754=PRODUCT_CONTEXT('',#4752,'mechanical');
#4755=PRODUCT_DEFINITION_CONTEXT('part definition',#4752,'design');
#43=PRODUCT('0','0','',(#4754));
#4756=PRODUCT_RELATED_PRODUCT_CATEGORY('part','',(#43));
#4757=PRODUCT_DEFINITION_FORMATION_WITH_SPECIFIED_SOURCE('','',#43,.NOT_KNOWN.);
#44=PRODUCT_DEFINITION('design','',#4757,#4755);
#42=PRODUCT_DEFINITION_SHAPE('','',#44);
#4758=SHAPE_DEFINITION_REPRESENTATION(#42,#35);
#34=DRAUGHTING_MODEL('',(),#33);
#16=SHAPE_REPRESENTATION('root',(#15,#48),#10);
#24=PRODUCT('root','root','',(#4754));
#4759=PRODUCT_RELATED_PRODUCT_CATEGORY('part','',(#24));
#4760=PRODUCT_DEFINITION_FORMATION_WITH_SPECIFIED_SOURCE('','',#24,.NOT_KNOWN.);
#25=PRODUCT_DEFINITION('design','',#4760,#4755);
#23=PRODUCT_DEFINITION_SHAPE('','',#25);
#4761=SHAPE_DEFINITION_REPRESENTATION(#23,#16);
#11=DRAUGHTING_MODEL('',(),#10);
#1=MECHANICAL_DESIGN_GEOMETRIC_PRESENTATION_REPRESENTATION('',(#54),#10);
ENDSEC;
END-ISO-10303-21;
