ISO-10303-21;
HEADER;

/* File generated by HOOPS Exchange Version 25.8.0 */

FILE_DESCRIPTION(('HOOPS Exchange Step'),'2;1');

FILE_NAME('/home/tfannes/repo/klepto/cart/stl/cartridge.step',
'2026-09-12T13:17:58+02:00',
('tfannes'),
('Unknown organisation'),
'HOOPS Exchange 2025.8',
'HOOPS Exchange',
'Unknown authorisation');

FILE_SCHEMA( ('AP203_CONFIGURATION_CONTROLLED_3D_DESIGN_OF_MECHANICAL_PARTS_AND_ASSEMBLIES_MIM_LF') );

ENDSEC;

DATA;
#3=(NAMED_UNIT(*)PLANE_ANGLE_UNIT()SI_UNIT($,.RADIAN.));
#4=PLANE_ANGLE_MEASURE_WITH_UNIT(PLANE_ANGLE_MEASURE(0.0174532925),#3);
#5=(CONVERSION_BASED_UNIT('DEGREE',#4)NAMED_UNIT(#6)PLANE_ANGLE_UNIT());
#6=DIMENSIONAL_EXPONENTS(0.,0.,0.,0.,0.,0.,0.);
#7=(NAMED_UNIT(*)SI_UNIT($,.STERADIAN.)SOLID_ANGLE_UNIT());
#8=(LENGTH_UNIT()NAMED_UNIT(*)SI_UNIT(.MILLI.,.METRE.));
#9=UNCERTAINTY_MEASURE_WITH_UNIT(LENGTH_MEASURE(1.000000E-03),#8,'DISTANCE_ACCURACY_VALUE','Maximum Tolerance applied to model');
#10=(GEOMETRIC_REPRESENTATION_CONTEXT(3)GLOBAL_UNCERTAINTY_ASSIGNED_CONTEXT((#9))GLOBAL_UNIT_ASSIGNED_CONTEXT((#8,#5,#7))REPRESENTATION_CONTEXT('','root'));
#12=CARTESIAN_POINT('',(0.,0.,0.));
#13=DIRECTION('',(0.,0.,1.));
#14=DIRECTION('',(1.,0.,0.));
#15=AXIS2_PLACEMENT_3D('TS3D_PRODUCT_CSYS',#12,#13,#14);
#26=(NAMED_UNIT(*)PLANE_ANGLE_UNIT()SI_UNIT($,.RADIAN.));
#27=PLANE_ANGLE_MEASURE_WITH_UNIT(PLANE_ANGLE_MEASURE(0.0174532925),#26);
#28=(CONVERSION_BASED_UNIT('DEGREE',#27)NAMED_UNIT(#29)PLANE_ANGLE_UNIT());
#29=DIMENSIONAL_EXPONENTS(0.,0.,0.,0.,0.,0.,0.);
#30=(NAMED_UNIT(*)SI_UNIT($,.STERADIAN.)SOLID_ANGLE_UNIT());
#31=(LENGTH_UNIT()NAMED_UNIT(*)SI_UNIT(.MILLI.,.METRE.));
#32=UNCERTAINTY_MEASURE_WITH_UNIT(LENGTH_MEASURE(1.000000E-05),#31,'DISTANCE_ACCURACY_VALUE','Maximum Tolerance applied to model');
#33=(GEOMETRIC_REPRESENTATION_CONTEXT(3)GLOBAL_UNCERTAINTY_ASSIGNED_CONTEXT((#32))GLOBAL_UNIT_ASSIGNED_CONTEXT((#31,#28,#30))REPRESENTATION_CONTEXT('','0'));
#45=CARTESIAN_POINT('',(0.,0.,0.));
#46=DIRECTION('',(0.,0.,1.));
#47=DIRECTION('',(1.,0.,-0.));
#48=AXIS2_PLACEMENT_3D('',#45,#46,#47);
#49=ITEM_DEFINED_TRANSFORMATION('','',#48,#15);
#50=(REPRESENTATION_RELATIONSHIP('','',#35,#16)REPRESENTATION_RELATIONSHIP_WITH_TRANSFORMATION(#49)SHAPE_REPRESENTATION_RELATIONSHIP());
#51=NEXT_ASSEMBLY_USAGE_OCCURRENCE('Base_1','Base','Base',#25,#44,$);
#52=PRODUCT_DEFINITION_SHAPE('','',#51);
#53=CONTEXT_DEPENDENT_SHAPE_REPRESENTATION(#50,#52);
#55=CARTESIAN_POINT('',(-78.75,-9.5,-4.75));
#56=DIRECTION('',(0.,1.,0.));
#57=DIRECTION('',(0.,-0.,1.));
#58=AXIS2_PLACEMENT_3D('',#55,#56,#57);
#59=PLANE('',#58);
#60=CARTESIAN_POINT('',(-77.41331849,-9.5,79.8));
#61=VERTEX_POINT('',#60);
#62=CARTESIAN_POINT('',(-77.41331849,-9.5,8.7));
#63=VERTEX_POINT('',#62);
#64=CARTESIAN_POINT('',(-77.41331849,-9.5,79.8));
#65=DIRECTION('',(0.,0.,-1.));
#66=VECTOR('',#65,71.1);
#67=LINE('',#64,#66);
#68=EDGE_CURVE('',#61,#63,#67,.T.);
#69=ORIENTED_EDGE('',*,*,#68,.T.);
#70=CARTESIAN_POINT('',(-77.01331849,-9.5,8.3));
#71=VERTEX_POINT('',#70);
#72=CARTESIAN_POINT('',(-77.01331849,-9.5,8.7));
#73=DIRECTION('',(-0.,-1.,-0.));
#74=DIRECTION('',(0.,-0.,1.));
#75=AXIS2_PLACEMENT_3D('',#72,#73,#74);
#76=CIRCLE('',#75,0.4);
#77=EDGE_CURVE('',#63,#71,#76,.T.);
#78=ORIENTED_EDGE('',*,*,#77,.T.);
#79=CARTESIAN_POINT('',(-46.814417184,-9.5,8.3));
#80=VERTEX_POINT('',#79);
#81=CARTESIAN_POINT('',(-46.814417184,-9.5,8.3));
#82=DIRECTION('',(-1.,-0.,-0.));
#83=VECTOR('',#82,30.198901306);
#84=LINE('',#81,#83);
#85=EDGE_CURVE('',#80,#71,#84,.T.);
#86=ORIENTED_EDGE('',*,*,#85,.F.);
#87=CARTESIAN_POINT('',(-46.,-9.5,7.485582816));
#88=VERTEX_POINT('',#87);
#89=CARTESIAN_POINT('',(-46.814417184,-9.5,7.485582816));
#90=DIRECTION('',(-0.,1.,0.));
#91=DIRECTION('',(-1.,-0.,0.));
#92=AXIS2_PLACEMENT_3D('',#89,#90,#91);
#93=CIRCLE('',#92,0.814417184);
#94=EDGE_CURVE('',#80,#88,#93,.T.);
#95=ORIENTED_EDGE('',*,*,#94,.T.);
#96=CARTESIAN_POINT('',(-46.,-9.5,6.614417184));
#97=VERTEX_POINT('',#96);
#98=CARTESIAN_POINT('',(-46.,-9.5,6.614417184));
#99=DIRECTION('',(0.,-0.,1.));
#100=VECTOR('',#99,0.871165632);
#101=LINE('',#98,#100);
#102=EDGE_CURVE('',#97,#88,#101,.T.);
#103=ORIENTED_EDGE('',*,*,#102,.F.);
#104=CARTESIAN_POINT('',(-46.814417184,-9.5,5.8));
#105=VERTEX_POINT('',#104);
#106=CARTESIAN_POINT('',(-46.814417184,-9.5,6.614417184));
#107=DIRECTION('',(-0.,1.,0.));
#108=DIRECTION('',(-1.,-0.,0.));
#109=AXIS2_PLACEMENT_3D('',#106,#107,#108);
#110=CIRCLE('',#109,0.814417184);
#111=EDGE_CURVE('',#97,#105,#110,.T.);
#112=ORIENTED_EDGE('',*,*,#111,.T.);
#113=CARTESIAN_POINT('',(-77.51371307,-9.5,5.8));
#114=VERTEX_POINT('',#113);
#115=CARTESIAN_POINT('',(-77.51371307,-9.5,5.8));
#116=DIRECTION('',(1.,0.,-0.));
#117=VECTOR('',#116,30.699295886);
#118=LINE('',#115,#117);
#119=EDGE_CURVE('',#114,#105,#118,.T.);
#120=ORIENTED_EDGE('',*,*,#119,.F.);
#121=CARTESIAN_POINT('',(-77.51371307,-9.5,-1.9));
#122=VERTEX_POINT('',#121);
#123=CARTESIAN_POINT('',(-77.51371307,-9.5,5.8));
#124=DIRECTION('',(0.,0.,-1.));
#125=VECTOR('',#124,7.7);
#126=LINE('',#123,#125);
#127=EDGE_CURVE('',#114,#122,#126,.T.);
#128=ORIENTED_EDGE('',*,*,#127,.T.);
#129=CARTESIAN_POINT('',(-16.60231978,-9.5,-1.9));
#130=VERTEX_POINT('',#129);
#131=CARTESIAN_POINT('',(-16.60231978,-9.5,-1.9));
#132=DIRECTION('',(-1.,0.,0.));
#133=VECTOR('',#132,60.91139329);
#134=LINE('',#131,#133);
#135=EDGE_CURVE('',#130,#122,#134,.T.);
#136=ORIENTED_EDGE('',*,*,#135,.F.);
#137=CARTESIAN_POINT('',(-17.10231978,-9.5,-1.4));
#138=VERTEX_POINT('',#137);
#139=CARTESIAN_POINT('',(-16.60231978,-9.5,-1.4));
#140=DIRECTION('',(0.,1.,0.));
#141=DIRECTION('',(0.,-0.,1.));
#142=AXIS2_PLACEMENT_3D('',#139,#140,#141);
#143=CIRCLE('',#142,0.5);
#144=EDGE_CURVE('',#130,#138,#143,.T.);
#145=ORIENTED_EDGE('',*,*,#144,.T.);
#146=CARTESIAN_POINT('',(-17.10231978,-9.5,15.6));
#147=VERTEX_POINT('',#146);
#148=CARTESIAN_POINT('',(-17.10231978,-9.5,15.6));
#149=DIRECTION('',(0.,-0.,-1.));
#150=VECTOR('',#149,17.);
#151=LINE('',#148,#150);
#152=EDGE_CURVE('',#147,#138,#151,.T.);
#153=ORIENTED_EDGE('',*,*,#152,.F.);
#154=CARTESIAN_POINT('',(-16.60231978,-9.5,16.1));
#155=VERTEX_POINT('',#154);
#156=CARTESIAN_POINT('',(-16.60231978,-9.5,15.6));
#157=DIRECTION('',(0.,1.,0.));
#158=DIRECTION('',(0.,-0.,1.));
#159=AXIS2_PLACEMENT_3D('',#156,#157,#158);
#160=CIRCLE('',#159,0.5);
#161=EDGE_CURVE('',#147,#155,#160,.T.);
#162=ORIENTED_EDGE('',*,*,#161,.T.);
#163=CARTESIAN_POINT('',(-13.80231978,-9.5,16.1));
#164=VERTEX_POINT('',#163);
#165=CARTESIAN_POINT('',(-13.80231978,-9.5,16.1));
#166=DIRECTION('',(-1.,0.,0.));
#167=VECTOR('',#166,2.8);
#168=LINE('',#165,#167);
#169=EDGE_CURVE('',#164,#155,#168,.T.);
#170=ORIENTED_EDGE('',*,*,#169,.F.);
#171=CARTESIAN_POINT('',(-13.30231978,-9.5,15.6));
#172=VERTEX_POINT('',#171);
#173=CARTESIAN_POINT('',(-13.80231978,-9.5,15.6));
#174=DIRECTION('',(0.,1.,0.));
#175=DIRECTION('',(0.,-0.,1.));
#176=AXIS2_PLACEMENT_3D('',#173,#174,#175);
#177=CIRCLE('',#176,0.5);
#178=EDGE_CURVE('',#164,#172,#177,.T.);
#179=ORIENTED_EDGE('',*,*,#178,.T.);
#180=CARTESIAN_POINT('',(-13.30231978,-9.5,-1.4));
#181=VERTEX_POINT('',#180);
#182=CARTESIAN_POINT('',(-13.30231978,-9.5,15.6));
#183=DIRECTION('',(0.,-0.,-1.));
#184=VECTOR('',#183,17.);
#185=LINE('',#182,#184);
#186=EDGE_CURVE('',#172,#181,#185,.T.);
#187=ORIENTED_EDGE('',*,*,#186,.T.);
#188=CARTESIAN_POINT('',(-13.80231978,-9.5,-1.9));
#189=VERTEX_POINT('',#188);
#190=CARTESIAN_POINT('',(-13.80231978,-9.5,-1.4));
#191=DIRECTION('',(0.,1.,0.));
#192=DIRECTION('',(0.,-0.,1.));
#193=AXIS2_PLACEMENT_3D('',#190,#191,#192);
#194=CIRCLE('',#193,0.5);
#195=EDGE_CURVE('',#181,#189,#194,.T.);
#196=ORIENTED_EDGE('',*,*,#195,.T.);
#197=CARTESIAN_POINT('',(-6.80231978,-9.5,-1.9));
#198=VERTEX_POINT('',#197);
#199=CARTESIAN_POINT('',(-6.80231978,-9.5,-1.9));
#200=DIRECTION('',(-1.,0.,0.));
#201=VECTOR('',#200,7.);
#202=LINE('',#199,#201);
#203=EDGE_CURVE('',#198,#189,#202,.T.);
#204=ORIENTED_EDGE('',*,*,#203,.F.);
#205=CARTESIAN_POINT('',(-6.80231978,-9.5,16.1));
#206=VERTEX_POINT('',#205);
#207=CARTESIAN_POINT('',(-6.80231978,-9.5,-1.9));
#208=DIRECTION('',(0.,-0.,1.));
#209=VECTOR('',#208,18.);
#210=LINE('',#207,#209);
#211=EDGE_CURVE('',#198,#206,#210,.T.);
#212=ORIENTED_EDGE('',*,*,#211,.T.);
#213=CARTESIAN_POINT('',(1.48628693,-9.5,16.1));
#214=VERTEX_POINT('',#213);
#215=CARTESIAN_POINT('',(1.48628693,-9.5,16.1));
#216=DIRECTION('',(-1.,0.,0.));
#217=VECTOR('',#216,8.28860671);
#218=LINE('',#215,#217);
#219=EDGE_CURVE('',#214,#206,#218,.T.);
#220=ORIENTED_EDGE('',*,*,#219,.F.);
#221=CARTESIAN_POINT('',(1.48628693,-9.5,79.8));
#222=VERTEX_POINT('',#221);
#223=CARTESIAN_POINT('',(1.48628693,-9.5,79.8));
#224=DIRECTION('',(0.,0.,-1.));
#225=VECTOR('',#224,63.7);
#226=LINE('',#223,#225);
#227=EDGE_CURVE('',#222,#214,#226,.T.);
#228=ORIENTED_EDGE('',*,*,#227,.F.);
#229=CARTESIAN_POINT('',(1.48628693,-9.5,79.8));
#230=DIRECTION('',(-1.,0.,0.));
#231=VECTOR('',#230,78.899605419);
#232=LINE('',#229,#231);
#233=EDGE_CURVE('',#222,#61,#232,.T.);
#234=ORIENTED_EDGE('',*,*,#233,.T.);
#235=EDGE_LOOP('',(#69,#78,#86,#95,#103,#112,#120,#128,#136,#145,#153,#162,#170,#179,#187,#196,#204,#212,#220,#228,#234));
#236=FACE_BOUND('',#235,.T.);
#237=ADVANCED_FACE('',(#236),#59,.F.);
#238=CARTESIAN_POINT('',(-79.41331849,2.275,37.439291086));
#239=DIRECTION('',(0.,0.,1.));
#240=DIRECTION('',(0.,-1.,0.));
#241=AXIS2_PLACEMENT_3D('',#238,#239,#240);
#242=CYLINDRICAL_SURFACE('',#241,0.5);
#243=CARTESIAN_POINT('',(-79.41331849,2.775,8.7));
#244=VERTEX_POINT('',#243);
#245=CARTESIAN_POINT('',(-79.41331849,2.775,50.447607305));
#246=VERTEX_POINT('',#245);
#247=CARTESIAN_POINT('',(-79.41331849,2.775,8.7));
#248=DIRECTION('',(0.,0.,1.));
#249=VECTOR('',#248,41.747607305);
#250=LINE('',#247,#249);
#251=EDGE_CURVE('',#244,#246,#250,.T.);
#252=ORIENTED_EDGE('',*,*,#251,.F.);
#253=CARTESIAN_POINT('',(-79.91331849,2.275,8.7));
#254=VERTEX_POINT('',#253);
#255=CARTESIAN_POINT('',(-79.41331849,2.275,8.7));
#256=DIRECTION('',(0.,0.,1.));
#257=DIRECTION('',(1.,0.,-0.));
#258=AXIS2_PLACEMENT_3D('',#255,#256,#257);
#259=CIRCLE('',#258,0.5);
#260=EDGE_CURVE('',#244,#254,#259,.T.);
#261=ORIENTED_EDGE('',*,*,#260,.T.);
#262=CARTESIAN_POINT('',(-79.91331849,2.275,50.447607305));
#263=VERTEX_POINT('',#262);
#264=CARTESIAN_POINT('',(-79.91331849,2.275,50.447607305));
#265=DIRECTION('',(-0.,-0.,-1.));
#266=VECTOR('',#265,41.747607305);
#267=LINE('',#264,#266);
#268=EDGE_CURVE('',#263,#254,#267,.T.);
#269=ORIENTED_EDGE('',*,*,#268,.F.);
#270=CARTESIAN_POINT('',(-79.41331849,2.275,50.447607305));
#271=DIRECTION('',(0.,0.,1.));
#272=DIRECTION('',(1.,0.,-0.));
#273=AXIS2_PLACEMENT_3D('',#270,#271,#272);
#274=CIRCLE('',#273,0.5);
#275=EDGE_CURVE('',#246,#263,#274,.T.);
#276=ORIENTED_EDGE('',*,*,#275,.F.);
#277=EDGE_LOOP('',(#252,#261,#269,#276));
#278=FACE_BOUND('',#277,.T.);
#279=ADVANCED_FACE('',(#278),#242,.T.);
#280=CARTESIAN_POINT('',(-77.41331849,-1.025,37.439291086));
#281=DIRECTION('',(0.,1.,-0.));
#282=DIRECTION('',(0.,0.,1.));
#283=AXIS2_PLACEMENT_3D('',#280,#281,#282);
#284=PLANE('',#283);
#285=CARTESIAN_POINT('',(-79.41331849,-1.025,50.447607305));
#286=VERTEX_POINT('',#285);
#287=CARTESIAN_POINT('',(-79.41331849,-1.025,8.7));
#288=VERTEX_POINT('',#287);
#289=CARTESIAN_POINT('',(-79.41331849,-1.025,50.447607305));
#290=DIRECTION('',(-0.,-0.,-1.));
#291=VECTOR('',#290,41.747607305);
#292=LINE('',#289,#291);
#293=EDGE_CURVE('',#286,#288,#292,.T.);
#294=ORIENTED_EDGE('',*,*,#293,.T.);
#295=CARTESIAN_POINT('',(-77.41331849,-1.025,8.7));
#296=VERTEX_POINT('',#295);
#297=CARTESIAN_POINT('',(-79.41331849,-1.025,8.7));
#298=DIRECTION('',(1.,0.,-0.));
#299=VECTOR('',#298,2.);
#300=LINE('',#297,#299);
#301=EDGE_CURVE('',#288,#296,#300,.T.);
#302=ORIENTED_EDGE('',*,*,#301,.T.);
#303=CARTESIAN_POINT('',(-77.41331849,-1.025,52.897097048));
#304=VERTEX_POINT('',#303);
#305=CARTESIAN_POINT('',(-77.41331849,-1.025,8.7));
#306=DIRECTION('',(0.,0.,1.));
#307=VECTOR('',#306,44.197097048);
#308=LINE('',#305,#307);
#309=EDGE_CURVE('',#296,#304,#308,.T.);
#310=ORIENTED_EDGE('',*,*,#309,.T.);
#311=CARTESIAN_POINT('',(-76.91331849,-1.025,50.447607305));
#312=DIRECTION('',(-0.,-1.,0.));
#313=DIRECTION('',(0.,0.,1.));
#314=AXIS2_PLACEMENT_3D('',#311,#312,#313);
#315=CIRCLE('',#314,2.5);
#316=EDGE_CURVE('',#304,#286,#315,.T.);
#317=ORIENTED_EDGE('',*,*,#316,.T.);
#318=EDGE_LOOP('',(#294,#302,#310,#317));
#319=FACE_BOUND('',#318,.T.);
#320=ADVANCED_FACE('',(#319),#284,.F.);
#321=CARTESIAN_POINT('',(-79.91331849,2.775,37.439291086));
#322=DIRECTION('',(0.,-1.,0.));
#323=DIRECTION('',(0.,-0.,-1.));
#324=AXIS2_PLACEMENT_3D('',#321,#322,#323);
#325=PLANE('',#324);
#326=CARTESIAN_POINT('',(-77.41331849,2.775,8.7));
#327=VERTEX_POINT('',#326);
#328=CARTESIAN_POINT('',(-77.41331849,2.775,52.897097048));
#329=VERTEX_POINT('',#328);
#330=CARTESIAN_POINT('',(-77.41331849,2.775,8.7));
#331=DIRECTION('',(0.,0.,1.));
#332=VECTOR('',#331,44.197097048);
#333=LINE('',#330,#332);
#334=EDGE_CURVE('',#327,#329,#333,.T.);
#335=ORIENTED_EDGE('',*,*,#334,.F.);
#336=CARTESIAN_POINT('',(-77.41331849,2.775,8.7));
#337=DIRECTION('',(-1.,0.,0.));
#338=VECTOR('',#337,2.);
#339=LINE('',#336,#338);
#340=EDGE_CURVE('',#327,#244,#339,.T.);
#341=ORIENTED_EDGE('',*,*,#340,.T.);
#342=ORIENTED_EDGE('',*,*,#251,.T.);
#343=CARTESIAN_POINT('',(-76.91331849,2.775,50.447607305));
#344=DIRECTION('',(-0.,1.,-0.));
#345=DIRECTION('',(0.,-0.,-1.));
#346=AXIS2_PLACEMENT_3D('',#343,#344,#345);
#347=CIRCLE('',#346,2.5);
#348=EDGE_CURVE('',#246,#329,#347,.T.);
#349=ORIENTED_EDGE('',*,*,#348,.T.);
#350=EDGE_LOOP('',(#335,#341,#342,#349));
#351=FACE_BOUND('',#350,.T.);
#352=ADVANCED_FACE('',(#351),#325,.F.);
#353=CARTESIAN_POINT('',(-75.,-7.5,15.));
#354=DIRECTION('',(0.,1.,-0.));
#355=DIRECTION('',(0.,0.,1.));
#356=AXIS2_PLACEMENT_3D('',#353,#354,#355);
#357=PLANE('',#356);
#358=CARTESIAN_POINT('',(-75.01371307,-7.5,8.928571429));
#359=VERTEX_POINT('',#358);
#360=CARTESIAN_POINT('',(-75.,-7.5,8.928571429));
#361=VERTEX_POINT('',#360);
#362=CARTESIAN_POINT('',(-75.01371307,-7.5,8.928571429));
#363=DIRECTION('',(1.,-0.,0.));
#364=VECTOR('',#363,0.01371307);
#365=LINE('',#362,#364);
#366=EDGE_CURVE('',#359,#361,#365,.T.);
#367=ORIENTED_EDGE('',*,*,#366,.T.);
#368=CARTESIAN_POINT('',(-75.,-7.5,8.3));
#369=VERTEX_POINT('',#368);
#370=CARTESIAN_POINT('',(-75.,-7.5,8.928571429));
#371=DIRECTION('',(0.,-0.,-1.));
#372=VECTOR('',#371,0.628571429);
#373=LINE('',#370,#372);
#374=EDGE_CURVE('',#361,#369,#373,.T.);
#375=ORIENTED_EDGE('',*,*,#374,.T.);
#376=CARTESIAN_POINT('',(-75.01371307,-7.5,8.3));
#377=VERTEX_POINT('',#376);
#378=CARTESIAN_POINT('',(-75.01371307,-7.5,8.3));
#379=DIRECTION('',(1.,0.,-0.));
#380=VECTOR('',#379,0.01371307);
#381=LINE('',#378,#380);
#382=EDGE_CURVE('',#377,#369,#381,.T.);
#383=ORIENTED_EDGE('',*,*,#382,.F.);
#384=CARTESIAN_POINT('',(-75.01371307,-7.5,8.928571429));
#385=DIRECTION('',(0.,-0.,-1.));
#386=VECTOR('',#385,0.628571429);
#387=LINE('',#384,#386);
#388=EDGE_CURVE('',#359,#377,#387,.T.);
#389=ORIENTED_EDGE('',*,*,#388,.F.);
#390=EDGE_LOOP('',(#367,#375,#383,#389));
#391=FACE_BOUND('',#390,.T.);
#392=ADVANCED_FACE('',(#391),#357,.T.);
#393=CARTESIAN_POINT('',(-75.01371307,7.5,79.8));
#394=DIRECTION('',(1.,0.,0.));
#395=DIRECTION('',(0.,0.,-1.));
#396=AXIS2_PLACEMENT_3D('',#393,#394,#395);
#397=PLANE('',#396);
#398=ORIENTED_EDGE('',*,*,#388,.T.);
#399=CARTESIAN_POINT('',(-75.01371307,7.5,8.3));
#400=VERTEX_POINT('',#399);
#401=CARTESIAN_POINT('',(-75.01371307,7.5,8.3));
#402=DIRECTION('',(0.,-1.,0.));
#403=VECTOR('',#402,15.);
#404=LINE('',#401,#403);
#405=EDGE_CURVE('',#400,#377,#404,.T.);
#406=ORIENTED_EDGE('',*,*,#405,.F.);
#407=CARTESIAN_POINT('',(-75.01371307,7.5,79.8));
#408=VERTEX_POINT('',#407);
#409=CARTESIAN_POINT('',(-75.01371307,7.5,79.8));
#410=DIRECTION('',(0.,-0.,-1.));
#411=VECTOR('',#410,71.5);
#412=LINE('',#409,#411);
#413=EDGE_CURVE('',#408,#400,#412,.T.);
#414=ORIENTED_EDGE('',*,*,#413,.F.);
#415=CARTESIAN_POINT('',(-75.01371307,-6.5,79.8));
#416=VERTEX_POINT('',#415);
#417=CARTESIAN_POINT('',(-75.01371307,7.5,79.8));
#418=DIRECTION('',(0.,-1.,0.));
#419=VECTOR('',#418,14.);
#420=LINE('',#417,#419);
#421=EDGE_CURVE('',#408,#416,#420,.T.);
#422=ORIENTED_EDGE('',*,*,#421,.T.);
#423=CARTESIAN_POINT('',(-75.01371307,-6.5,11.580057636));
#424=VERTEX_POINT('',#423);
#425=CARTESIAN_POINT('',(-75.01371307,-6.5,79.8));
#426=DIRECTION('',(0.,-0.,-1.));
#427=VECTOR('',#426,68.219942364);
#428=LINE('',#425,#427);
#429=EDGE_CURVE('',#416,#424,#428,.T.);
#430=ORIENTED_EDGE('',*,*,#429,.T.);
#431=CARTESIAN_POINT('',(-75.01371307,0.,7.614285714));
#432=DIRECTION('',(-1.,-0.,-0.));
#433=DIRECTION('',(0.,0.,-1.));
#434=AXIS2_PLACEMENT_3D('',#431,#432,#433);
#435=CIRCLE('',#434,7.614285714);
#436=EDGE_CURVE('',#359,#424,#435,.T.);
#437=ORIENTED_EDGE('',*,*,#436,.F.);
#438=EDGE_LOOP('',(#398,#406,#414,#422,#430,#437));
#439=FACE_BOUND('',#438,.T.);
#440=ADVANCED_FACE('',(#439),#397,.T.);
#441=CARTESIAN_POINT('',(-52.,77.990558303,8.3));
#442=DIRECTION('',(0.,0.,1.));
#443=DIRECTION('',(1.,0.,0.));
#444=AXIS2_PLACEMENT_3D('',#441,#442,#443);
#445=PLANE('',#444);
#446=CARTESIAN_POINT('',(-79.41331849,2.375,8.3));
#447=VERTEX_POINT('',#446);
#448=CARTESIAN_POINT('',(-77.01331849,2.375,8.3));
#449=VERTEX_POINT('',#448);
#450=CARTESIAN_POINT('',(-79.41331849,2.375,8.3));
#451=DIRECTION('',(1.,-0.,-0.));
#452=VECTOR('',#451,2.4);
#453=LINE('',#450,#452);
#454=EDGE_CURVE('',#447,#449,#453,.T.);
#455=ORIENTED_EDGE('',*,*,#454,.T.);
#456=CARTESIAN_POINT('',(-77.01331849,9.5,8.3));
#457=VERTEX_POINT('',#456);
#458=CARTESIAN_POINT('',(-77.01331849,2.375,8.3));
#459=DIRECTION('',(-0.,1.,-0.));
#460=VECTOR('',#459,7.125);
#461=LINE('',#458,#460);
#462=EDGE_CURVE('',#449,#457,#461,.T.);
#463=ORIENTED_EDGE('',*,*,#462,.T.);
#464=CARTESIAN_POINT('',(-46.814417184,9.5,8.3));
#465=VERTEX_POINT('',#464);
#466=CARTESIAN_POINT('',(-46.814417184,9.5,8.3));
#467=DIRECTION('',(-1.,0.,0.));
#468=VECTOR('',#467,30.198901306);
#469=LINE('',#466,#468);
#470=EDGE_CURVE('',#465,#457,#469,.T.);
#471=ORIENTED_EDGE('',*,*,#470,.F.);
#472=CARTESIAN_POINT('',(-46.814417184,7.583346415,8.3));
#473=VERTEX_POINT('',#472);
#474=CARTESIAN_POINT('',(-46.814417184,9.5,8.3));
#475=DIRECTION('',(0.,-1.,0.));
#476=VECTOR('',#475,1.916653585);
#477=LINE('',#474,#476);
#478=EDGE_CURVE('',#465,#473,#477,.T.);
#479=ORIENTED_EDGE('',*,*,#478,.T.);
#480=CARTESIAN_POINT('',(-75.,7.583346415,8.3));
#481=VERTEX_POINT('',#480);
#482=CARTESIAN_POINT('',(-75.,7.583346415,8.3));
#483=DIRECTION('',(1.,0.,-0.));
#484=VECTOR('',#483,28.185582816);
#485=LINE('',#482,#484);
#486=EDGE_CURVE('',#481,#473,#485,.T.);
#487=ORIENTED_EDGE('',*,*,#486,.F.);
#488=CARTESIAN_POINT('',(-75.,7.5,8.3));
#489=VERTEX_POINT('',#488);
#490=CARTESIAN_POINT('',(-75.,7.5,8.3));
#491=DIRECTION('',(0.,1.,0.));
#492=VECTOR('',#491,0.083346415);
#493=LINE('',#490,#492);
#494=EDGE_CURVE('',#489,#481,#493,.T.);
#495=ORIENTED_EDGE('',*,*,#494,.F.);
#496=CARTESIAN_POINT('',(-75.01371307,7.5,8.3));
#497=DIRECTION('',(1.,0.,-0.));
#498=VECTOR('',#497,0.01371307);
#499=LINE('',#496,#498);
#500=EDGE_CURVE('',#400,#489,#499,.T.);
#501=ORIENTED_EDGE('',*,*,#500,.F.);
#502=ORIENTED_EDGE('',*,*,#405,.T.);
#503=ORIENTED_EDGE('',*,*,#382,.T.);
#504=CARTESIAN_POINT('',(-75.,-7.583346415,8.3));
#505=VERTEX_POINT('',#504);
#506=CARTESIAN_POINT('',(-75.,-7.583346415,8.3));
#507=DIRECTION('',(0.,1.,0.));
#508=VECTOR('',#507,0.083346415);
#509=LINE('',#506,#508);
#510=EDGE_CURVE('',#505,#369,#509,.T.);
#511=ORIENTED_EDGE('',*,*,#510,.F.);
#512=CARTESIAN_POINT('',(-46.814417184,-7.583346415,8.3));
#513=VERTEX_POINT('',#512);
#514=CARTESIAN_POINT('',(-46.814417184,-7.583346415,8.3));
#515=DIRECTION('',(-1.,-0.,0.));
#516=VECTOR('',#515,28.185582816);
#517=LINE('',#514,#516);
#518=EDGE_CURVE('',#513,#505,#517,.T.);
#519=ORIENTED_EDGE('',*,*,#518,.F.);
#520=CARTESIAN_POINT('',(-46.814417184,-7.583346415,8.3));
#521=DIRECTION('',(0.,-1.,0.));
#522=VECTOR('',#521,1.916653585);
#523=LINE('',#520,#522);
#524=EDGE_CURVE('',#513,#80,#523,.T.);
#525=ORIENTED_EDGE('',*,*,#524,.T.);
#526=ORIENTED_EDGE('',*,*,#85,.T.);
#527=CARTESIAN_POINT('',(-77.01331849,-0.625,8.3));
#528=VERTEX_POINT('',#527);
#529=CARTESIAN_POINT('',(-77.01331849,-9.5,8.3));
#530=DIRECTION('',(-0.,1.,-0.));
#531=VECTOR('',#530,8.875);
#532=LINE('',#529,#531);
#533=EDGE_CURVE('',#71,#528,#532,.T.);
#534=ORIENTED_EDGE('',*,*,#533,.T.);
#535=CARTESIAN_POINT('',(-79.41331849,-0.625,8.3));
#536=VERTEX_POINT('',#535);
#537=CARTESIAN_POINT('',(-77.01331849,-0.625,8.3));
#538=DIRECTION('',(-1.,-0.,0.));
#539=VECTOR('',#538,2.4);
#540=LINE('',#537,#539);
#541=EDGE_CURVE('',#528,#536,#540,.T.);
#542=ORIENTED_EDGE('',*,*,#541,.T.);
#543=CARTESIAN_POINT('',(-79.51331849,-0.525,8.3));
#544=VERTEX_POINT('',#543);
#545=CARTESIAN_POINT('',(-79.41331849,-0.525,8.3));
#546=DIRECTION('',(-0.,-0.,-1.));
#547=DIRECTION('',(1.,0.,-0.));
#548=AXIS2_PLACEMENT_3D('',#545,#546,#547);
#549=CIRCLE('',#548,0.1);
#550=EDGE_CURVE('',#536,#544,#549,.T.);
#551=ORIENTED_EDGE('',*,*,#550,.T.);
#552=CARTESIAN_POINT('',(-79.51331849,2.275,8.3));
#553=VERTEX_POINT('',#552);
#554=CARTESIAN_POINT('',(-79.51331849,-0.525,8.3));
#555=DIRECTION('',(0.,1.,0.));
#556=VECTOR('',#555,2.8);
#557=LINE('',#554,#556);
#558=EDGE_CURVE('',#544,#553,#557,.T.);
#559=ORIENTED_EDGE('',*,*,#558,.T.);
#560=CARTESIAN_POINT('',(-79.41331849,2.275,8.3));
#561=DIRECTION('',(-0.,-0.,-1.));
#562=DIRECTION('',(1.,0.,-0.));
#563=AXIS2_PLACEMENT_3D('',#560,#561,#562);
#564=CIRCLE('',#563,0.1);
#565=EDGE_CURVE('',#553,#447,#564,.T.);
#566=ORIENTED_EDGE('',*,*,#565,.T.);
#567=EDGE_LOOP('',(#455,#463,#471,#479,#487,#495,#501,#502,#503,#511,#519,#525,#526,#534,#542,#551,#559,#566));
#568=FACE_BOUND('',#567,.T.);
#569=ADVANCED_FACE('',(#568),#445,.F.);
#570=CARTESIAN_POINT('',(-32.2,-11.,-1.9));
#571=DIRECTION('',(0.,0.,1.));
#572=DIRECTION('',(1.,0.,0.));
#573=AXIS2_PLACEMENT_3D('',#570,#571,#572);
#574=PLANE('',#573);
#575=CARTESIAN_POINT('',(-13.80231978,12.,-1.9));
#576=VERTEX_POINT('',#575);
#577=CARTESIAN_POINT('',(-13.80231978,9.5,-1.9));
#578=VERTEX_POINT('',#577);
#579=CARTESIAN_POINT('',(-13.80231978,12.,-1.9));
#580=DIRECTION('',(-0.,-1.,-0.));
#581=VECTOR('',#580,2.5);
#582=LINE('',#579,#581);
#583=EDGE_CURVE('',#576,#578,#582,.T.);
#584=ORIENTED_EDGE('',*,*,#583,.T.);
#585=CARTESIAN_POINT('',(-6.80231978,9.5,-1.9));
#586=VERTEX_POINT('',#585);
#587=CARTESIAN_POINT('',(-6.80231978,9.5,-1.9));
#588=DIRECTION('',(-1.,0.,0.));
#589=VECTOR('',#588,7.);
#590=LINE('',#587,#589);
#591=EDGE_CURVE('',#586,#578,#590,.T.);
#592=ORIENTED_EDGE('',*,*,#591,.F.);
#593=CARTESIAN_POINT('',(-6.80231978,9.5,-1.9));
#594=DIRECTION('',(0.,-1.,0.));
#595=VECTOR('',#594,19.);
#596=LINE('',#593,#595);
#597=EDGE_CURVE('',#586,#198,#596,.T.);
#598=ORIENTED_EDGE('',*,*,#597,.T.);
#599=ORIENTED_EDGE('',*,*,#203,.T.);
#600=CARTESIAN_POINT('',(-13.80231978,-12.,-1.9));
#601=VERTEX_POINT('',#600);
#602=CARTESIAN_POINT('',(-13.80231978,-9.5,-1.9));
#603=DIRECTION('',(-0.,-1.,-0.));
#604=VECTOR('',#603,2.5);
#605=LINE('',#602,#604);
#606=EDGE_CURVE('',#189,#601,#605,.T.);
#607=ORIENTED_EDGE('',*,*,#606,.T.);
#608=CARTESIAN_POINT('',(-16.60231978,-12.,-1.9));
#609=VERTEX_POINT('',#608);
#610=CARTESIAN_POINT('',(-13.80231978,-12.,-1.9));
#611=DIRECTION('',(-1.,-0.,0.));
#612=VECTOR('',#611,2.8);
#613=LINE('',#610,#612);
#614=EDGE_CURVE('',#601,#609,#613,.T.);
#615=ORIENTED_EDGE('',*,*,#614,.T.);
#616=CARTESIAN_POINT('',(-16.60231978,-12.,-1.9));
#617=DIRECTION('',(-0.,1.,-0.));
#618=VECTOR('',#617,2.5);
#619=LINE('',#616,#618);
#620=EDGE_CURVE('',#609,#130,#619,.T.);
#621=ORIENTED_EDGE('',*,*,#620,.T.);
#622=ORIENTED_EDGE('',*,*,#135,.T.);
#623=CARTESIAN_POINT('',(-77.51371307,9.722912007,-1.9));
#624=VERTEX_POINT('',#623);
#625=CARTESIAN_POINT('',(-77.51371307,-9.5,-1.9));
#626=DIRECTION('',(0.,1.,0.));
#627=VECTOR('',#626,19.222912007);
#628=LINE('',#625,#627);
#629=EDGE_CURVE('',#122,#624,#628,.T.);
#630=ORIENTED_EDGE('',*,*,#629,.T.);
#631=CARTESIAN_POINT('',(-75.01371307,9.722912007,-1.9));
#632=VERTEX_POINT('',#631);
#633=CARTESIAN_POINT('',(-77.51371307,9.722912007,-1.9));
#634=DIRECTION('',(1.,0.,-0.));
#635=VECTOR('',#634,2.5);
#636=LINE('',#633,#635);
#637=EDGE_CURVE('',#624,#632,#636,.T.);
#638=ORIENTED_EDGE('',*,*,#637,.T.);
#639=CARTESIAN_POINT('',(-75.01371307,9.5,-1.9));
#640=VERTEX_POINT('',#639);
#641=CARTESIAN_POINT('',(-75.01371307,9.722912007,-1.9));
#642=DIRECTION('',(0.,-1.,0.));
#643=VECTOR('',#642,0.222912007);
#644=LINE('',#641,#643);
#645=EDGE_CURVE('',#632,#640,#644,.T.);
#646=ORIENTED_EDGE('',*,*,#645,.T.);
#647=CARTESIAN_POINT('',(-16.60231978,9.5,-1.9));
#648=VERTEX_POINT('',#647);
#649=CARTESIAN_POINT('',(-16.60231978,9.5,-1.9));
#650=DIRECTION('',(-1.,0.,0.));
#651=VECTOR('',#650,58.41139329);
#652=LINE('',#649,#651);
#653=EDGE_CURVE('',#648,#640,#652,.T.);
#654=ORIENTED_EDGE('',*,*,#653,.F.);
#655=CARTESIAN_POINT('',(-16.60231978,12.,-1.9));
#656=VERTEX_POINT('',#655);
#657=CARTESIAN_POINT('',(-16.60231978,9.5,-1.9));
#658=DIRECTION('',(-0.,1.,-0.));
#659=VECTOR('',#658,2.5);
#660=LINE('',#657,#659);
#661=EDGE_CURVE('',#648,#656,#660,.T.);
#662=ORIENTED_EDGE('',*,*,#661,.T.);
#663=CARTESIAN_POINT('',(-16.60231978,12.,-1.9));
#664=DIRECTION('',(1.,-0.,-0.));
#665=VECTOR('',#664,2.8);
#666=LINE('',#663,#665);
#667=EDGE_CURVE('',#656,#576,#666,.T.);
#668=ORIENTED_EDGE('',*,*,#667,.T.);
#669=EDGE_LOOP('',(#584,#592,#598,#599,#607,#615,#621,#622,#630,#638,#646,#654,#662,#668));
#670=FACE_BOUND('',#669,.T.);
#671=ADVANCED_FACE('',(#670),#574,.F.);
#672=CARTESIAN_POINT('',(-45.,-8.540296053,16.1));
#673=DIRECTION('',(0.,0.,1.));
#674=DIRECTION('',(1.,0.,0.));
#675=AXIS2_PLACEMENT_3D('',#672,#673,#674);
#676=PLANE('',#675);
#677=CARTESIAN_POINT('',(-16.60231978,9.5,16.1));
#678=VERTEX_POINT('',#677);
#679=CARTESIAN_POINT('',(-13.80231978,9.5,16.1));
#680=VERTEX_POINT('',#679);
#681=CARTESIAN_POINT('',(-16.60231978,9.5,16.1));
#682=DIRECTION('',(1.,0.,-0.));
#683=VECTOR('',#682,2.8);
#684=LINE('',#681,#683);
#685=EDGE_CURVE('',#678,#680,#684,.T.);
#686=ORIENTED_EDGE('',*,*,#685,.T.);
#687=CARTESIAN_POINT('',(-13.80231978,12.,16.1));
#688=VERTEX_POINT('',#687);
#689=CARTESIAN_POINT('',(-13.80231978,9.5,16.1));
#690=DIRECTION('',(-0.,1.,-0.));
#691=VECTOR('',#690,2.5);
#692=LINE('',#689,#691);
#693=EDGE_CURVE('',#680,#688,#692,.T.);
#694=ORIENTED_EDGE('',*,*,#693,.T.);
#695=CARTESIAN_POINT('',(-16.60231978,12.,16.1));
#696=VERTEX_POINT('',#695);
#697=CARTESIAN_POINT('',(-13.80231978,12.,16.1));
#698=DIRECTION('',(-1.,-0.,0.));
#699=VECTOR('',#698,2.8);
#700=LINE('',#697,#699);
#701=EDGE_CURVE('',#688,#696,#700,.T.);
#702=ORIENTED_EDGE('',*,*,#701,.T.);
#703=CARTESIAN_POINT('',(-16.60231978,12.,16.1));
#704=DIRECTION('',(0.,-1.,0.));
#705=VECTOR('',#704,2.5);
#706=LINE('',#703,#705);
#707=EDGE_CURVE('',#696,#678,#706,.T.);
#708=ORIENTED_EDGE('',*,*,#707,.T.);
#709=EDGE_LOOP('',(#686,#694,#702,#708));
#710=FACE_BOUND('',#709,.T.);
#711=ADVANCED_FACE('',(#710),#676,.T.);
#712=CARTESIAN_POINT('',(-1.5,9.5,-0.75));
#713=DIRECTION('',(0.,1.,0.));
#714=DIRECTION('',(0.,0.,1.));
#715=AXIS2_PLACEMENT_3D('',#712,#713,#714);
#716=PLANE('',#715);
#717=ORIENTED_EDGE('',*,*,#470,.T.);
#718=CARTESIAN_POINT('',(-77.41331849,9.5,8.7));
#719=VERTEX_POINT('',#718);
#720=CARTESIAN_POINT('',(-77.01331849,9.5,8.7));
#721=DIRECTION('',(0.,1.,0.));
#722=DIRECTION('',(0.,-0.,1.));
#723=AXIS2_PLACEMENT_3D('',#720,#721,#722);
#724=CIRCLE('',#723,0.4);
#725=EDGE_CURVE('',#457,#719,#724,.T.);
#726=ORIENTED_EDGE('',*,*,#725,.T.);
#727=CARTESIAN_POINT('',(-77.41331849,9.5,79.8));
#728=VERTEX_POINT('',#727);
#729=CARTESIAN_POINT('',(-77.41331849,9.5,79.8));
#730=DIRECTION('',(0.,0.,-1.));
#731=VECTOR('',#730,71.1);
#732=LINE('',#729,#731);
#733=EDGE_CURVE('',#728,#719,#732,.T.);
#734=ORIENTED_EDGE('',*,*,#733,.F.);
#735=CARTESIAN_POINT('',(1.48628693,9.5,79.8));
#736=VERTEX_POINT('',#735);
#737=CARTESIAN_POINT('',(-77.41331849,9.5,79.8));
#738=DIRECTION('',(1.,0.,-0.));
#739=VECTOR('',#738,78.899605419);
#740=LINE('',#737,#739);
#741=EDGE_CURVE('',#728,#736,#740,.T.);
#742=ORIENTED_EDGE('',*,*,#741,.T.);
#743=CARTESIAN_POINT('',(1.48628693,9.5,16.1));
#744=VERTEX_POINT('',#743);
#745=CARTESIAN_POINT('',(1.48628693,9.5,79.8));
#746=DIRECTION('',(0.,0.,-1.));
#747=VECTOR('',#746,63.7);
#748=LINE('',#745,#747);
#749=EDGE_CURVE('',#736,#744,#748,.T.);
#750=ORIENTED_EDGE('',*,*,#749,.T.);
#751=CARTESIAN_POINT('',(-6.80231978,9.5,16.1));
#752=VERTEX_POINT('',#751);
#753=CARTESIAN_POINT('',(-6.80231978,9.5,16.1));
#754=DIRECTION('',(1.,0.,-0.));
#755=VECTOR('',#754,8.28860671);
#756=LINE('',#753,#755);
#757=EDGE_CURVE('',#752,#744,#756,.T.);
#758=ORIENTED_EDGE('',*,*,#757,.F.);
#759=CARTESIAN_POINT('',(-6.80231978,9.5,-1.9));
#760=DIRECTION('',(0.,0.,1.));
#761=VECTOR('',#760,18.);
#762=LINE('',#759,#761);
#763=EDGE_CURVE('',#586,#752,#762,.T.);
#764=ORIENTED_EDGE('',*,*,#763,.F.);
#765=ORIENTED_EDGE('',*,*,#591,.T.);
#766=CARTESIAN_POINT('',(-13.30231978,9.5,-1.4));
#767=VERTEX_POINT('',#766);
#768=CARTESIAN_POINT('',(-13.80231978,9.5,-1.4));
#769=DIRECTION('',(-0.,-1.,-0.));
#770=DIRECTION('',(0.,-0.,1.));
#771=AXIS2_PLACEMENT_3D('',#768,#769,#770);
#772=CIRCLE('',#771,0.5);
#773=EDGE_CURVE('',#578,#767,#772,.T.);
#774=ORIENTED_EDGE('',*,*,#773,.T.);
#775=CARTESIAN_POINT('',(-13.30231978,9.5,15.6));
#776=VERTEX_POINT('',#775);
#777=CARTESIAN_POINT('',(-13.30231978,9.5,-1.4));
#778=DIRECTION('',(0.,0.,1.));
#779=VECTOR('',#778,17.);
#780=LINE('',#777,#779);
#781=EDGE_CURVE('',#767,#776,#780,.T.);
#782=ORIENTED_EDGE('',*,*,#781,.T.);
#783=CARTESIAN_POINT('',(-13.80231978,9.5,15.6));
#784=DIRECTION('',(-0.,-1.,-0.));
#785=DIRECTION('',(0.,-0.,1.));
#786=AXIS2_PLACEMENT_3D('',#783,#784,#785);
#787=CIRCLE('',#786,0.5);
#788=EDGE_CURVE('',#776,#680,#787,.T.);
#789=ORIENTED_EDGE('',*,*,#788,.T.);
#790=ORIENTED_EDGE('',*,*,#685,.F.);
#791=CARTESIAN_POINT('',(-17.10231978,9.5,15.6));
#792=VERTEX_POINT('',#791);
#793=CARTESIAN_POINT('',(-16.60231978,9.5,15.6));
#794=DIRECTION('',(-0.,-1.,-0.));
#795=DIRECTION('',(0.,-0.,1.));
#796=AXIS2_PLACEMENT_3D('',#793,#794,#795);
#797=CIRCLE('',#796,0.5);
#798=EDGE_CURVE('',#678,#792,#797,.T.);
#799=ORIENTED_EDGE('',*,*,#798,.T.);
#800=CARTESIAN_POINT('',(-17.10231978,9.5,-1.4));
#801=VERTEX_POINT('',#800);
#802=CARTESIAN_POINT('',(-17.10231978,9.5,-1.4));
#803=DIRECTION('',(0.,0.,1.));
#804=VECTOR('',#803,17.);
#805=LINE('',#802,#804);
#806=EDGE_CURVE('',#801,#792,#805,.T.);
#807=ORIENTED_EDGE('',*,*,#806,.F.);
#808=CARTESIAN_POINT('',(-16.60231978,9.5,-1.4));
#809=DIRECTION('',(-0.,-1.,-0.));
#810=DIRECTION('',(0.,-0.,1.));
#811=AXIS2_PLACEMENT_3D('',#808,#809,#810);
#812=CIRCLE('',#811,0.5);
#813=EDGE_CURVE('',#801,#648,#812,.T.);
#814=ORIENTED_EDGE('',*,*,#813,.T.);
#815=ORIENTED_EDGE('',*,*,#653,.T.);
#816=CARTESIAN_POINT('',(-75.01371307,9.5,5.8));
#817=VERTEX_POINT('',#816);
#818=CARTESIAN_POINT('',(-75.01371307,9.5,-1.9));
#819=DIRECTION('',(0.,0.,1.));
#820=VECTOR('',#819,7.7);
#821=LINE('',#818,#820);
#822=EDGE_CURVE('',#640,#817,#821,.T.);
#823=ORIENTED_EDGE('',*,*,#822,.T.);
#824=CARTESIAN_POINT('',(-46.814417184,9.5,5.8));
#825=VERTEX_POINT('',#824);
#826=CARTESIAN_POINT('',(-75.01371307,9.5,5.8));
#827=DIRECTION('',(1.,0.,-0.));
#828=VECTOR('',#827,28.199295886);
#829=LINE('',#826,#828);
#830=EDGE_CURVE('',#817,#825,#829,.T.);
#831=ORIENTED_EDGE('',*,*,#830,.T.);
#832=CARTESIAN_POINT('',(-46.,9.5,6.614417184));
#833=VERTEX_POINT('',#832);
#834=CARTESIAN_POINT('',(-46.814417184,9.5,6.614417184));
#835=DIRECTION('',(0.,-1.,0.));
#836=DIRECTION('',(0.,0.,-1.));
#837=AXIS2_PLACEMENT_3D('',#834,#835,#836);
#838=CIRCLE('',#837,0.814417184);
#839=EDGE_CURVE('',#825,#833,#838,.T.);
#840=ORIENTED_EDGE('',*,*,#839,.T.);
#841=CARTESIAN_POINT('',(-46.,9.5,7.485582816));
#842=VERTEX_POINT('',#841);
#843=CARTESIAN_POINT('',(-46.,9.5,6.614417184));
#844=DIRECTION('',(0.,0.,1.));
#845=VECTOR('',#844,0.871165632);
#846=LINE('',#843,#845);
#847=EDGE_CURVE('',#833,#842,#846,.T.);
#848=ORIENTED_EDGE('',*,*,#847,.T.);
#849=CARTESIAN_POINT('',(-46.814417184,9.5,7.485582816));
#850=DIRECTION('',(0.,-1.,0.));
#851=DIRECTION('',(0.,0.,-1.));
#852=AXIS2_PLACEMENT_3D('',#849,#850,#851);
#853=CIRCLE('',#852,0.814417184);
#854=EDGE_CURVE('',#842,#465,#853,.T.);
#855=ORIENTED_EDGE('',*,*,#854,.T.);
#856=EDGE_LOOP('',(#717,#726,#734,#742,#750,#758,#764,#765,#774,#782,#789,#790,#799,#807,#814,#815,#823,#831,#840,#848,#855));
#857=FACE_BOUND('',#856,.T.);
#858=ADVANCED_FACE('',(#857),#716,.T.);
#859=CARTESIAN_POINT('',(-17.10231978,12.5,2.404831643));
#860=DIRECTION('',(-1.,0.,0.));
#861=DIRECTION('',(0.,0.,1.));
#862=AXIS2_PLACEMENT_3D('',#859,#860,#861);
#863=PLANE('',#862);
#864=ORIENTED_EDGE('',*,*,#806,.T.);
#865=CARTESIAN_POINT('',(-17.10231978,12.,15.6));
#866=VERTEX_POINT('',#865);
#867=CARTESIAN_POINT('',(-17.10231978,9.5,15.6));
#868=DIRECTION('',(-0.,1.,-0.));
#869=VECTOR('',#868,2.5);
#870=LINE('',#867,#869);
#871=EDGE_CURVE('',#792,#866,#870,.T.);
#872=ORIENTED_EDGE('',*,*,#871,.T.);
#873=CARTESIAN_POINT('',(-17.10231978,12.,-1.4));
#874=VERTEX_POINT('',#873);
#875=CARTESIAN_POINT('',(-17.10231978,12.,15.6));
#876=DIRECTION('',(-0.,-0.,-1.));
#877=VECTOR('',#876,17.);
#878=LINE('',#875,#877);
#879=EDGE_CURVE('',#866,#874,#878,.T.);
#880=ORIENTED_EDGE('',*,*,#879,.T.);
#881=CARTESIAN_POINT('',(-17.10231978,12.,-1.4));
#882=DIRECTION('',(0.,-1.,0.));
#883=VECTOR('',#882,2.5);
#884=LINE('',#881,#883);
#885=EDGE_CURVE('',#874,#801,#884,.T.);
#886=ORIENTED_EDGE('',*,*,#885,.T.);
#887=EDGE_LOOP('',(#864,#872,#880,#886));
#888=FACE_BOUND('',#887,.T.);
#889=ADVANCED_FACE('',(#888),#863,.T.);
#890=CARTESIAN_POINT('',(-13.30231978,10.,2.404831643));
#891=DIRECTION('',(1.,0.,0.));
#892=DIRECTION('',(0.,0.,-1.));
#893=AXIS2_PLACEMENT_3D('',#890,#891,#892);
#894=PLANE('',#893);
#895=CARTESIAN_POINT('',(-13.30231978,12.,-1.4));
#896=VERTEX_POINT('',#895);
#897=CARTESIAN_POINT('',(-13.30231978,12.,15.6));
#898=VERTEX_POINT('',#897);
#899=CARTESIAN_POINT('',(-13.30231978,12.,-1.4));
#900=DIRECTION('',(0.,0.,1.));
#901=VECTOR('',#900,17.);
#902=LINE('',#899,#901);
#903=EDGE_CURVE('',#896,#898,#902,.T.);
#904=ORIENTED_EDGE('',*,*,#903,.T.);
#905=CARTESIAN_POINT('',(-13.30231978,12.,15.6));
#906=DIRECTION('',(0.,-1.,0.));
#907=VECTOR('',#906,2.5);
#908=LINE('',#905,#907);
#909=EDGE_CURVE('',#898,#776,#908,.T.);
#910=ORIENTED_EDGE('',*,*,#909,.T.);
#911=ORIENTED_EDGE('',*,*,#781,.F.);
#912=CARTESIAN_POINT('',(-13.30231978,9.5,-1.4));
#913=DIRECTION('',(0.,1.,0.));
#914=VECTOR('',#913,2.5);
#915=LINE('',#912,#914);
#916=EDGE_CURVE('',#767,#896,#915,.T.);
#917=ORIENTED_EDGE('',*,*,#916,.T.);
#918=EDGE_LOOP('',(#904,#910,#911,#917));
#919=FACE_BOUND('',#918,.T.);
#920=ADVANCED_FACE('',(#919),#894,.T.);
#921=CARTESIAN_POINT('',(-13.30231978,12.5,2.404831643));
#922=DIRECTION('',(0.,1.,-0.));
#923=DIRECTION('',(0.,0.,1.));
#924=AXIS2_PLACEMENT_3D('',#921,#922,#923);
#925=PLANE('',#924);
#926=CARTESIAN_POINT('',(-16.60231978,12.5,-1.4));
#927=VERTEX_POINT('',#926);
#928=CARTESIAN_POINT('',(-16.60231978,12.5,15.6));
#929=VERTEX_POINT('',#928);
#930=CARTESIAN_POINT('',(-16.60231978,12.5,-1.4));
#931=DIRECTION('',(0.,0.,1.));
#932=VECTOR('',#931,17.);
#933=LINE('',#930,#932);
#934=EDGE_CURVE('',#927,#929,#933,.T.);
#935=ORIENTED_EDGE('',*,*,#934,.T.);
#936=CARTESIAN_POINT('',(-13.80231978,12.5,15.6));
#937=VERTEX_POINT('',#936);
#938=CARTESIAN_POINT('',(-16.60231978,12.5,15.6));
#939=DIRECTION('',(1.,0.,-0.));
#940=VECTOR('',#939,2.8);
#941=LINE('',#938,#940);
#942=EDGE_CURVE('',#929,#937,#941,.T.);
#943=ORIENTED_EDGE('',*,*,#942,.T.);
#944=CARTESIAN_POINT('',(-13.80231978,12.5,-1.4));
#945=VERTEX_POINT('',#944);
#946=CARTESIAN_POINT('',(-13.80231978,12.5,15.6));
#947=DIRECTION('',(-0.,-0.,-1.));
#948=VECTOR('',#947,17.);
#949=LINE('',#946,#948);
#950=EDGE_CURVE('',#937,#945,#949,.T.);
#951=ORIENTED_EDGE('',*,*,#950,.T.);
#952=CARTESIAN_POINT('',(-13.80231978,12.5,-1.4));
#953=DIRECTION('',(-1.,0.,0.));
#954=VECTOR('',#953,2.8);
#955=LINE('',#952,#954);
#956=EDGE_CURVE('',#945,#927,#955,.T.);
#957=ORIENTED_EDGE('',*,*,#956,.T.);
#958=EDGE_LOOP('',(#935,#943,#951,#957));
#959=FACE_BOUND('',#958,.T.);
#960=ADVANCED_FACE('',(#959),#925,.T.);
#961=CARTESIAN_POINT('',(-6.80231978,39.356683801,16.));
#962=DIRECTION('',(-1.,-0.,0.));
#963=DIRECTION('',(0.,-1.,0.));
#964=AXIS2_PLACEMENT_3D('',#961,#962,#963);
#965=PLANE('',#964);
#966=ORIENTED_EDGE('',*,*,#763,.T.);
#967=CARTESIAN_POINT('',(-6.80231978,7.5,16.1));
#968=VERTEX_POINT('',#967);
#969=CARTESIAN_POINT('',(-6.80231978,9.5,16.1));
#970=DIRECTION('',(0.,-1.,0.));
#971=VECTOR('',#970,2.);
#972=LINE('',#969,#971);
#973=EDGE_CURVE('',#752,#968,#972,.T.);
#974=ORIENTED_EDGE('',*,*,#973,.T.);
#975=CARTESIAN_POINT('',(-6.80231978,7.5,8.928571429));
#976=VERTEX_POINT('',#975);
#977=CARTESIAN_POINT('',(-6.80231978,7.5,8.928571429));
#978=DIRECTION('',(-0.,0.,1.));
#979=VECTOR('',#978,7.171428571);
#980=LINE('',#977,#979);
#981=EDGE_CURVE('',#976,#968,#980,.T.);
#982=ORIENTED_EDGE('',*,*,#981,.F.);
#983=CARTESIAN_POINT('',(-6.80231978,-7.614285714,7.614285714));
#984=VERTEX_POINT('',#983);
#985=CARTESIAN_POINT('',(-6.80231978,0.,7.614285714));
#986=DIRECTION('',(1.,0.,-0.));
#987=DIRECTION('',(0.,-1.,0.));
#988=AXIS2_PLACEMENT_3D('',#985,#986,#987);
#989=CIRCLE('',#988,7.614285714);
#990=EDGE_CURVE('',#984,#976,#989,.T.);
#991=ORIENTED_EDGE('',*,*,#990,.F.);
#992=CARTESIAN_POINT('',(-6.80231978,-7.5,8.928571429));
#993=VERTEX_POINT('',#992);
#994=CARTESIAN_POINT('',(-6.80231978,0.,7.614285714));
#995=DIRECTION('',(1.,0.,-0.));
#996=DIRECTION('',(0.,-1.,0.));
#997=AXIS2_PLACEMENT_3D('',#994,#995,#996);
#998=CIRCLE('',#997,7.614285714);
#999=EDGE_CURVE('',#993,#984,#998,.T.);
#1000=ORIENTED_EDGE('',*,*,#999,.F.);
#1001=CARTESIAN_POINT('',(-6.80231978,-7.5,16.1));
#1002=VERTEX_POINT('',#1001);
#1003=CARTESIAN_POINT('',(-6.80231978,-7.5,8.928571429));
#1004=DIRECTION('',(-0.,0.,1.));
#1005=VECTOR('',#1004,7.171428571);
#1006=LINE('',#1003,#1005);
#1007=EDGE_CURVE('',#993,#1002,#1006,.T.);
#1008=ORIENTED_EDGE('',*,*,#1007,.T.);
#1009=CARTESIAN_POINT('',(-6.80231978,-7.5,16.1));
#1010=DIRECTION('',(0.,-1.,0.));
#1011=VECTOR('',#1010,2.);
#1012=LINE('',#1009,#1011);
#1013=EDGE_CURVE('',#1002,#206,#1012,.T.);
#1014=ORIENTED_EDGE('',*,*,#1013,.T.);
#1015=ORIENTED_EDGE('',*,*,#211,.F.);
#1016=ORIENTED_EDGE('',*,*,#597,.F.);
#1017=EDGE_LOOP('',(#966,#974,#982,#991,#1000,#1008,#1014,#1015,#1016));
#1018=FACE_BOUND('',#1017,.T.);
#1019=ADVANCED_FACE('',(#1018),#965,.F.);
#1020=CARTESIAN_POINT('',(-14.022800422,0.,7.614285714));
#1021=DIRECTION('',(1.,-0.,0.));
#1022=DIRECTION('',(-0.,-1.,0.));
#1023=AXIS2_PLACEMENT_3D('',#1020,#1021,#1022);
#1024=CYLINDRICAL_SURFACE('',#1023,7.614285714);
#1025=CARTESIAN_POINT('',(-46.010230067,-7.614285748,7.614285714));
#1026=VERTEX_POINT('',#1025);
#1027=CARTESIAN_POINT('',(-6.80231978,-7.614285714,7.614285714));
#1028=DIRECTION('',(-1.,0.,-0.));
#1029=VECTOR('',#1028,39.207910287);
#1030=LINE('',#1027,#1029);
#1031=EDGE_CURVE('',#984,#1026,#1030,.T.);
#1032=ORIENTED_EDGE('',*,*,#1031,.F.);
#1033=ORIENTED_EDGE('',*,*,#990,.T.);
#1034=CARTESIAN_POINT('',(-75.,7.5,8.928571429));
#1035=VERTEX_POINT('',#1034);
#1036=CARTESIAN_POINT('',(-6.80231978,7.5,8.928571429));
#1037=DIRECTION('',(-1.,-0.,0.));
#1038=VECTOR('',#1037,68.19768022);
#1039=LINE('',#1036,#1038);
#1040=EDGE_CURVE('',#976,#1035,#1039,.T.);
#1041=ORIENTED_EDGE('',*,*,#1040,.T.);
#1042=CARTESIAN_POINT('',(-75.,0.,7.614285714));
#1043=DIRECTION('',(1.,0.,0.));
#1044=DIRECTION('',(0.,-0.807011868,-0.59053522));
#1045=AXIS2_PLACEMENT_3D('',#1042,#1043,#1044);
#1046=CIRCLE('',#1045,7.614285714);
#1047=EDGE_CURVE('',#481,#1035,#1046,.T.);
#1048=ORIENTED_EDGE('',*,*,#1047,.F.);
#1049=ORIENTED_EDGE('',*,*,#486,.T.);
#1050=CARTESIAN_POINT('',(-46.,7.613197916,7.485582816));
#1051=VERTEX_POINT('',#1050);
#1052=CARTESIAN_POINT('',(-46.814417184,7.583346415,8.3));
#1053=CARTESIAN_POINT('',(-46.760619676,7.583346415,8.3));
#1054=CARTESIAN_POINT('',(-46.707726135,7.583828929,8.294721915));
#1055=CARTESIAN_POINT('',(-46.65569866,7.58474224,8.28438428));
#1056=CARTESIAN_POINT('',(-46.603671185,7.585655551,8.274046646));
#1057=CARTESIAN_POINT('',(-46.551969648,7.587020952,8.258397304));
#1058=CARTESIAN_POINT('',(-46.502687838,7.588699065,8.237979097));
#1059=CARTESIAN_POINT('',(-46.453406027,7.590377179,8.217560891));
#1060=CARTESIAN_POINT('',(-46.406660512,7.592351689,8.192574905));
#1061=CARTESIAN_POINT('',(-46.362423383,7.594484341,8.163061195));
#1062=CARTESIAN_POINT('',(-46.318186254,7.596616994,8.133547485));
#1063=CARTESIAN_POINT('',(-46.276308027,7.598921873,8.099203617));
#1064=CARTESIAN_POINT('',(-46.238765719,7.601129875,8.061691087));
#1065=CARTESIAN_POINT('',(-46.163681101,7.605545877,7.986666027));
#1066=CARTESIAN_POINT('',(-46.10298371,7.609705649,7.89592367));
#1067=CARTESIAN_POINT('',(-46.062309581,7.612068908,7.798008012));
#1068=CARTESIAN_POINT('',(-46.021635452,7.614432167,7.700092353));
#1069=CARTESIAN_POINT('',(-46.,7.615016594,7.593163622));
#1070=CARTESIAN_POINT('',(-46.,7.613197916,7.485582816));
#1071=B_SPLINE_CURVE_WITH_KNOTS('',3,(#1052,#1053,#1054,#1055,#1056,#1057,#1058,#1059,#1060,#1061,#1062,#1063,#1064,#1065,#1066,#1067,#1068,#1069,#1070),.UNSPECIFIED.,.F.,.F.,(4,3,3,3,3,3,4),(0.,0.000159095,0.00031819,0.000477285,0.00063638,0.00095457,0.001272761),.UNSPECIFIED.);
#1072=EDGE_CURVE('',#473,#1051,#1071,.T.);
#1073=ORIENTED_EDGE('',*,*,#1072,.T.);
#1074=CARTESIAN_POINT('',(-46.,7.548351466,6.614417184));
#1075=VERTEX_POINT('',#1074);
#1076=CARTESIAN_POINT('',(-46.,0.,7.614285714));
#1077=DIRECTION('',(-1.,-0.,-0.));
#1078=DIRECTION('',(0.,0.,-1.));
#1079=AXIS2_PLACEMENT_3D('',#1076,#1077,#1078);
#1080=CIRCLE('',#1079,7.614285714);
#1081=EDGE_CURVE('',#1051,#1075,#1080,.T.);
#1082=ORIENTED_EDGE('',*,*,#1081,.T.);
#1083=CARTESIAN_POINT('',(-46.814417184,7.394978992,5.8));
#1084=VERTEX_POINT('',#1083);
#1085=CARTESIAN_POINT('',(-46.,7.548351466,6.614417184));
#1086=CARTESIAN_POINT('',(-46.,7.541231075,6.560662902));
#1087=CARTESIAN_POINT('',(-46.005269062,7.533656112,6.507883794));
#1088=CARTESIAN_POINT('',(-46.015550287,7.52567517,6.456028325));
#1089=CARTESIAN_POINT('',(-46.025831512,7.517694227,6.404172856));
#1090=CARTESIAN_POINT('',(-46.041359428,7.509214829,6.352728848));
#1091=CARTESIAN_POINT('',(-46.061638698,7.500632053,6.303611938));
#1092=CARTESIAN_POINT('',(-46.081917968,7.492049276,6.254495027));
#1093=CARTESIAN_POINT('',(-46.106718938,7.483415181,6.207921452));
#1094=CARTESIAN_POINT('',(-46.135995321,7.474861626,6.163840747));
#1095=CARTESIAN_POINT('',(-46.165271705,7.466308072,6.119760041));
#1096=CARTESIAN_POINT('',(-46.199388812,7.457776078,6.077927103));
#1097=CARTESIAN_POINT('',(-46.236728108,7.449837584,6.040352134));
#1098=CARTESIAN_POINT('',(-46.274067405,7.44189909,6.002777165));
#1099=CARTESIAN_POINT('',(-46.314835108,7.434470918,5.969011652));
#1100=CARTESIAN_POINT('',(-46.359140007,7.4277343,5.939140913));
#1101=CARTESIAN_POINT('',(-46.403444907,7.420997682,5.909270174));
#1102=CARTESIAN_POINT('',(-46.451010773,7.415027948,5.883634757));
#1103=CARTESIAN_POINT('',(-46.500102196,7.410174517,5.863097386));
#1104=CARTESIAN_POINT('',(-46.598285044,7.400467656,5.822022646));
#1105=CARTESIAN_POINT('',(-46.705928182,7.394978992,5.8));
#1106=CARTESIAN_POINT('',(-46.814417184,7.394978992,5.8));
#1107=B_SPLINE_CURVE_WITH_KNOTS('',3,(#1085,#1086,#1087,#1088,#1089,#1090,#1091,#1092,#1093,#1094,#1095,#1096,#1097,#1098,#1099,#1100,#1101,#1102,#1103,#1104,#1105,#1106),.UNSPECIFIED.,.F.,.F.,(4,3,3,3,3,3,3,4),(0.,0.000160341,0.000320682,0.000481023,0.000641364,0.000801705,0.000962046,0.001282728),.UNSPECIFIED.);
#1108=EDGE_CURVE('',#1075,#1084,#1107,.T.);
#1109=ORIENTED_EDGE('',*,*,#1108,.T.);
#1110=CARTESIAN_POINT('',(-75.,7.394978992,5.8));
#1111=VERTEX_POINT('',#1110);
#1112=CARTESIAN_POINT('',(-75.,7.394978992,5.8));
#1113=DIRECTION('',(1.,-0.,0.));
#1114=VECTOR('',#1113,28.185582816);
#1115=LINE('',#1112,#1114);
#1116=EDGE_CURVE('',#1111,#1084,#1115,.T.);
#1117=ORIENTED_EDGE('',*,*,#1116,.F.);
#1118=CARTESIAN_POINT('',(-75.,-7.394978992,5.8));
#1119=VERTEX_POINT('',#1118);
#1120=CARTESIAN_POINT('',(-75.,0.,7.614285714));
#1121=DIRECTION('',(-1.,-0.,0.));
#1122=DIRECTION('',(0.,-0.,-1.));
#1123=AXIS2_PLACEMENT_3D('',#1120,#1121,#1122);
#1124=CIRCLE('',#1123,7.614285714);
#1125=EDGE_CURVE('',#1111,#1119,#1124,.T.);
#1126=ORIENTED_EDGE('',*,*,#1125,.T.);
#1127=CARTESIAN_POINT('',(-46.814417184,-7.394978992,5.8));
#1128=VERTEX_POINT('',#1127);
#1129=CARTESIAN_POINT('',(-75.,-7.394978992,5.8));
#1130=DIRECTION('',(1.,-0.,0.));
#1131=VECTOR('',#1130,28.185582816);
#1132=LINE('',#1129,#1131);
#1133=EDGE_CURVE('',#1119,#1128,#1132,.T.);
#1134=ORIENTED_EDGE('',*,*,#1133,.T.);
#1135=CARTESIAN_POINT('',(-46.,-7.548351466,6.614417184));
#1136=VERTEX_POINT('',#1135);
#1137=CARTESIAN_POINT('',(-46.814417184,-7.394978992,5.8));
#1138=CARTESIAN_POINT('',(-46.760188084,-7.394978992,5.8));
#1139=CARTESIAN_POINT('',(-46.706907201,-7.396300343,5.805362091));
#1140=CARTESIAN_POINT('',(-46.654531084,-7.398849294,5.815848599));
#1141=CARTESIAN_POINT('',(-46.602154966,-7.401398246,5.826335108));
#1142=CARTESIAN_POINT('',(-46.550123396,-7.40523991,5.842219814));
#1143=CARTESIAN_POINT('',(-46.500730279,-7.41011249,5.862834936));
#1144=CARTESIAN_POINT('',(-46.451337163,-7.414985069,5.883450058));
#1145=CARTESIAN_POINT('',(-46.404539642,-7.420852969,5.908643143));
#1146=CARTESIAN_POINT('',(-46.360292027,-7.427559413,5.938365639));
#1147=CARTESIAN_POINT('',(-46.316044412,-7.434265858,5.968088135));
#1148=CARTESIAN_POINT('',(-46.274402848,-7.441835655,6.002485753));
#1149=CARTESIAN_POINT('',(-46.237079458,-7.449762922,6.039998783));
#1150=CARTESIAN_POINT('',(-46.162432678,-7.465617456,6.115024841));
#1151=CARTESIAN_POINT('',(-46.102260059,-7.483472574,6.205462152));
#1152=CARTESIAN_POINT('',(-46.06190352,-7.500520079,6.302971305));
#1153=CARTESIAN_POINT('',(-46.021546982,-7.517567584,6.400480458));
#1154=CARTESIAN_POINT('',(-46.,-7.534115426,6.506944416));
#1155=CARTESIAN_POINT('',(-46.,-7.548351466,6.614417184));
#1156=B_SPLINE_CURVE_WITH_KNOTS('',3,(#1137,#1138,#1139,#1140,#1141,#1142,#1143,#1144,#1145,#1146,#1147,#1148,#1149,#1150,#1151,#1152,#1153,#1154,#1155),.UNSPECIFIED.,.F.,.F.,(4,3,3,3,3,3,4),(0.,0.000160341,0.000320682,0.000481023,0.000641364,0.000962045,0.001282727),.UNSPECIFIED.);
#1157=EDGE_CURVE('',#1128,#1136,#1156,.T.);
#1158=ORIENTED_EDGE('',*,*,#1157,.T.);
#1159=CARTESIAN_POINT('',(-46.,-7.613197916,7.485582816));
#1160=VERTEX_POINT('',#1159);
#1161=CARTESIAN_POINT('',(-46.,0.,7.614285714));
#1162=DIRECTION('',(-1.,-0.,-0.));
#1163=DIRECTION('',(0.,0.,-1.));
#1164=AXIS2_PLACEMENT_3D('',#1161,#1162,#1163);
#1165=CIRCLE('',#1164,7.614285714);
#1166=EDGE_CURVE('',#1136,#1160,#1165,.T.);
#1167=ORIENTED_EDGE('',*,*,#1166,.T.);
#1168=CARTESIAN_POINT('',(-46.,-7.613197916,7.485582816));
#1169=CARTESIAN_POINT('',(-46.,-7.614107243,7.539372527));
#1170=CARTESIAN_POINT('',(-46.00527663,-7.614431682,7.592266936));
#1171=CARTESIAN_POINT('',(-46.015615924,-7.614226549,7.644302371));
#1172=CARTESIAN_POINT('',(-46.025955218,-7.614021416,7.696337806));
#1173=CARTESIAN_POINT('',(-46.041611172,-7.613270189,7.74805715));
#1174=CARTESIAN_POINT('',(-46.062035051,-7.61208485,7.797346309));
#1175=CARTESIAN_POINT('',(-46.08245893,-7.61089951,7.846635468));
#1176=CARTESIAN_POINT('',(-46.107453337,-7.609297525,7.893390426));
#1177=CARTESIAN_POINT('',(-46.136979329,-7.607416819,7.937637351));
#1178=CARTESIAN_POINT('',(-46.166505321,-7.605536113,7.981884276));
#1179=CARTESIAN_POINT('',(-46.200855061,-7.603360619,8.023758647));
#1180=CARTESIAN_POINT('',(-46.23836972,-7.60115317,8.06129513));
#1181=CARTESIAN_POINT('',(-46.313399037,-7.596738273,8.136368096));
#1182=CARTESIAN_POINT('',(-46.404131088,-7.592061896,8.197044219));
#1183=CARTESIAN_POINT('',(-46.502025707,-7.588721635,8.237704425));
#1184=CARTESIAN_POINT('',(-46.599920325,-7.585381374,8.278364631));
#1185=CARTESIAN_POINT('',(-46.70682451,-7.583346415,8.3));
#1186=CARTESIAN_POINT('',(-46.814417184,-7.583346415,8.3));
#1187=B_SPLINE_CURVE_WITH_KNOTS('',3,(#1168,#1169,#1170,#1171,#1172,#1173,#1174,#1175,#1176,#1177,#1178,#1179,#1180,#1181,#1182,#1183,#1184,#1185,#1186),.UNSPECIFIED.,.F.,.F.,(4,3,3,3,3,3,4),(0.,0.000159095,0.000318191,0.000477286,0.000636382,0.000954572,0.001272763),.UNSPECIFIED.);
#1188=EDGE_CURVE('',#1160,#1026,#1187,.T.);
#1189=ORIENTED_EDGE('',*,*,#1188,.T.);
#1190=EDGE_LOOP('',(#1032,#1033,#1041,#1048,#1049,#1073,#1082,#1109,#1117,#1126,#1134,#1158,#1167,#1189));
#1191=FACE_BOUND('',#1190,.T.);
#1192=ADVANCED_FACE('',(#1191),#1024,.F.);
#1193=CARTESIAN_POINT('',(-75.,7.5,15.));
#1194=DIRECTION('',(0.,1.,-0.));
#1195=DIRECTION('',(0.,0.,1.));
#1196=AXIS2_PLACEMENT_3D('',#1193,#1194,#1195);
#1197=PLANE('',#1196);
#1198=CARTESIAN_POINT('',(-75.,7.5,8.928571429));
#1199=DIRECTION('',(0.,-0.,-1.));
#1200=VECTOR('',#1199,0.628571429);
#1201=LINE('',#1198,#1200);
#1202=EDGE_CURVE('',#1035,#489,#1201,.T.);
#1203=ORIENTED_EDGE('',*,*,#1202,.F.);
#1204=ORIENTED_EDGE('',*,*,#1040,.F.);
#1205=ORIENTED_EDGE('',*,*,#981,.T.);
#1206=CARTESIAN_POINT('',(-0.51371307,7.5,16.1));
#1207=VERTEX_POINT('',#1206);
#1208=CARTESIAN_POINT('',(-0.51371307,7.5,16.1));
#1209=DIRECTION('',(-1.,0.,0.));
#1210=VECTOR('',#1209,6.28860671);
#1211=LINE('',#1208,#1210);
#1212=EDGE_CURVE('',#1207,#968,#1211,.T.);
#1213=ORIENTED_EDGE('',*,*,#1212,.F.);
#1214=CARTESIAN_POINT('',(-0.51371307,7.5,79.8));
#1215=VERTEX_POINT('',#1214);
#1216=CARTESIAN_POINT('',(-0.51371307,7.5,79.8));
#1217=DIRECTION('',(0.,-0.,-1.));
#1218=VECTOR('',#1217,63.7);
#1219=LINE('',#1216,#1218);
#1220=EDGE_CURVE('',#1215,#1207,#1219,.T.);
#1221=ORIENTED_EDGE('',*,*,#1220,.F.);
#1222=CARTESIAN_POINT('',(-0.51371307,7.5,79.8));
#1223=DIRECTION('',(-1.,0.,0.));
#1224=VECTOR('',#1223,74.5);
#1225=LINE('',#1222,#1224);
#1226=EDGE_CURVE('',#1215,#408,#1225,.T.);
#1227=ORIENTED_EDGE('',*,*,#1226,.T.);
#1228=ORIENTED_EDGE('',*,*,#413,.T.);
#1229=ORIENTED_EDGE('',*,*,#500,.T.);
#1230=EDGE_LOOP('',(#1203,#1204,#1205,#1213,#1221,#1227,#1228,#1229));
#1231=FACE_BOUND('',#1230,.T.);
#1232=ADVANCED_FACE('',(#1231),#1197,.F.);
#1233=CARTESIAN_POINT('',(-75.,-7.5,15.));
#1234=DIRECTION('',(0.,1.,-0.));
#1235=DIRECTION('',(0.,0.,1.));
#1236=AXIS2_PLACEMENT_3D('',#1233,#1234,#1235);
#1237=PLANE('',#1236);
#1238=CARTESIAN_POINT('',(-74.01371307,-7.5,8.928571429));
#1239=VERTEX_POINT('',#1238);
#1240=CARTESIAN_POINT('',(-6.80231978,-7.5,8.928571429));
#1241=DIRECTION('',(-1.,-0.,0.));
#1242=VECTOR('',#1241,67.21139329);
#1243=LINE('',#1240,#1242);
#1244=EDGE_CURVE('',#993,#1239,#1243,.T.);
#1245=ORIENTED_EDGE('',*,*,#1244,.T.);
#1246=CARTESIAN_POINT('',(-74.01371307,-7.5,79.8));
#1247=VERTEX_POINT('',#1246);
#1248=CARTESIAN_POINT('',(-74.01371307,-7.5,8.928571429));
#1249=DIRECTION('',(-0.,0.,1.));
#1250=VECTOR('',#1249,70.871428571);
#1251=LINE('',#1248,#1250);
#1252=EDGE_CURVE('',#1239,#1247,#1251,.T.);
#1253=ORIENTED_EDGE('',*,*,#1252,.T.);
#1254=CARTESIAN_POINT('',(-0.51371307,-7.5,79.8));
#1255=VERTEX_POINT('',#1254);
#1256=CARTESIAN_POINT('',(-74.01371307,-7.5,79.8));
#1257=DIRECTION('',(1.,0.,-0.));
#1258=VECTOR('',#1257,73.5);
#1259=LINE('',#1256,#1258);
#1260=EDGE_CURVE('',#1247,#1255,#1259,.T.);
#1261=ORIENTED_EDGE('',*,*,#1260,.T.);
#1262=CARTESIAN_POINT('',(-0.51371307,-7.5,16.1));
#1263=VERTEX_POINT('',#1262);
#1264=CARTESIAN_POINT('',(-0.51371307,-7.5,79.8));
#1265=DIRECTION('',(0.,-0.,-1.));
#1266=VECTOR('',#1265,63.7);
#1267=LINE('',#1264,#1266);
#1268=EDGE_CURVE('',#1255,#1263,#1267,.T.);
#1269=ORIENTED_EDGE('',*,*,#1268,.T.);
#1270=CARTESIAN_POINT('',(-6.80231978,-7.5,16.1));
#1271=DIRECTION('',(1.,0.,-0.));
#1272=VECTOR('',#1271,6.28860671);
#1273=LINE('',#1270,#1272);
#1274=EDGE_CURVE('',#1002,#1263,#1273,.T.);
#1275=ORIENTED_EDGE('',*,*,#1274,.F.);
#1276=ORIENTED_EDGE('',*,*,#1007,.F.);
#1277=EDGE_LOOP('',(#1245,#1253,#1261,#1269,#1275,#1276));
#1278=FACE_BOUND('',#1277,.T.);
#1279=ADVANCED_FACE('',(#1278),#1237,.T.);
#1280=CARTESIAN_POINT('',(-77.41331849,-9.5,79.8));
#1281=DIRECTION('',(-1.,0.,0.));
#1282=DIRECTION('',(0.,0.,1.));
#1283=AXIS2_PLACEMENT_3D('',#1280,#1281,#1282);
#1284=PLANE('',#1283);
#1285=ORIENTED_EDGE('',*,*,#309,.F.);
#1286=CARTESIAN_POINT('',(-77.41331849,-1.025,8.7));
#1287=DIRECTION('',(0.,-1.,0.));
#1288=VECTOR('',#1287,8.475);
#1289=LINE('',#1286,#1288);
#1290=EDGE_CURVE('',#296,#63,#1289,.T.);
#1291=ORIENTED_EDGE('',*,*,#1290,.T.);
#1292=ORIENTED_EDGE('',*,*,#68,.F.);
#1293=CARTESIAN_POINT('',(-77.41331849,-9.5,79.8));
#1294=DIRECTION('',(0.,1.,0.));
#1295=VECTOR('',#1294,19.);
#1296=LINE('',#1293,#1295);
#1297=EDGE_CURVE('',#61,#728,#1296,.T.);
#1298=ORIENTED_EDGE('',*,*,#1297,.T.);
#1299=ORIENTED_EDGE('',*,*,#733,.T.);
#1300=CARTESIAN_POINT('',(-77.41331849,9.5,8.7));
#1301=DIRECTION('',(0.,-1.,0.));
#1302=VECTOR('',#1301,6.725);
#1303=LINE('',#1300,#1302);
#1304=EDGE_CURVE('',#719,#327,#1303,.T.);
#1305=ORIENTED_EDGE('',*,*,#1304,.T.);
#1306=ORIENTED_EDGE('',*,*,#334,.T.);
#1307=CARTESIAN_POINT('',(-77.41331849,2.275,53.405647197));
#1308=VERTEX_POINT('',#1307);
#1309=CARTESIAN_POINT('',(-77.41331849,2.775,52.897097048));
#1310=CARTESIAN_POINT('',(-77.41331849,2.775,52.96369532));
#1311=CARTESIAN_POINT('',(-77.41331849,2.762350342,53.029018374));
#1312=CARTESIAN_POINT('',(-77.41331849,2.73763658,53.090374979));
#1313=CARTESIAN_POINT('',(-77.41331849,2.712922819,53.151731585));
#1314=CARTESIAN_POINT('',(-77.41331849,2.676299712,53.208029073));
#1315=CARTESIAN_POINT('',(-77.41331849,2.630350792,53.255179181));
#1316=CARTESIAN_POINT('',(-77.41331849,2.538452951,53.349479398));
#1317=CARTESIAN_POINT('',(-77.41331849,2.408267335,53.405647197));
#1318=CARTESIAN_POINT('',(-77.41331849,2.275,53.405647197));
#1319=B_SPLINE_CURVE_WITH_KNOTS('',3,(#1309,#1310,#1311,#1312,#1313,#1314,#1315,#1316,#1317,#1318),.UNSPECIFIED.,.F.,.F.,(4,3,3,4),(0.,0.000196992,0.000393985,0.00078797),.UNSPECIFIED.);
#1320=EDGE_CURVE('',#329,#1308,#1319,.T.);
#1321=ORIENTED_EDGE('',*,*,#1320,.T.);
#1322=CARTESIAN_POINT('',(-77.41331849,-0.525,53.405647197));
#1323=VERTEX_POINT('',#1322);
#1324=CARTESIAN_POINT('',(-77.41331849,2.275,53.405647197));
#1325=DIRECTION('',(0.,-1.,0.));
#1326=VECTOR('',#1325,2.8);
#1327=LINE('',#1324,#1326);
#1328=EDGE_CURVE('',#1308,#1323,#1327,.T.);
#1329=ORIENTED_EDGE('',*,*,#1328,.T.);
#1330=CARTESIAN_POINT('',(-77.41331849,-0.525,53.405647197));
#1331=CARTESIAN_POINT('',(-77.41331849,-0.591613409,53.405647197));
#1332=CARTESIAN_POINT('',(-77.41331849,-0.657011328,53.392200482));
#1333=CARTESIAN_POINT('',(-77.41331849,-0.717807983,53.366421024));
#1334=CARTESIAN_POINT('',(-77.41331849,-0.778604637,53.340641566));
#1335=CARTESIAN_POINT('',(-77.41331849,-0.834173531,53.302493412));
#1336=CARTESIAN_POINT('',(-77.41331849,-0.880089759,53.255446839));
#1337=CARTESIAN_POINT('',(-77.41331849,-0.971922214,53.161353694));
#1338=CARTESIAN_POINT('',(-77.41331849,-1.025,53.030260357));
#1339=CARTESIAN_POINT('',(-77.41331849,-1.025,52.897097048));
#1340=B_SPLINE_CURVE_WITH_KNOTS('',3,(#1330,#1331,#1332,#1333,#1334,#1335,#1336,#1337,#1338,#1339),.UNSPECIFIED.,.F.,.F.,(4,3,3,4),(0.,0.00019699,0.000393979,0.000787958),.UNSPECIFIED.);
#1341=EDGE_CURVE('',#1323,#304,#1340,.T.);
#1342=ORIENTED_EDGE('',*,*,#1341,.T.);
#1343=EDGE_LOOP('',(#1285,#1291,#1292,#1298,#1299,#1305,#1306,#1321,#1329,#1342));
#1344=FACE_BOUND('',#1343,.T.);
#1345=ADVANCED_FACE('',(#1344),#1284,.T.);
#1346=CARTESIAN_POINT('',(1.48628693,9.5,79.8));
#1347=DIRECTION('',(1.,0.,0.));
#1348=DIRECTION('',(0.,0.,-1.));
#1349=AXIS2_PLACEMENT_3D('',#1346,#1347,#1348);
#1350=PLANE('',#1349);
#1351=CARTESIAN_POINT('',(1.48628693,9.5,79.8));
#1352=DIRECTION('',(0.,-1.,0.));
#1353=VECTOR('',#1352,19.);
#1354=LINE('',#1351,#1353);
#1355=EDGE_CURVE('',#736,#222,#1354,.T.);
#1356=ORIENTED_EDGE('',*,*,#1355,.T.);
#1357=ORIENTED_EDGE('',*,*,#227,.T.);
#1358=CARTESIAN_POINT('',(1.48628693,9.5,16.1));
#1359=DIRECTION('',(0.,-1.,0.));
#1360=VECTOR('',#1359,19.);
#1361=LINE('',#1358,#1360);
#1362=EDGE_CURVE('',#744,#214,#1361,.T.);
#1363=ORIENTED_EDGE('',*,*,#1362,.F.);
#1364=ORIENTED_EDGE('',*,*,#749,.F.);
#1365=EDGE_LOOP('',(#1356,#1357,#1363,#1364));
#1366=FACE_BOUND('',#1365,.T.);
#1367=ADVANCED_FACE('',(#1366),#1350,.T.);
#1368=CARTESIAN_POINT('',(-0.51371307,-7.5,79.8));
#1369=DIRECTION('',(-1.,0.,0.));
#1370=DIRECTION('',(0.,0.,1.));
#1371=AXIS2_PLACEMENT_3D('',#1368,#1369,#1370);
#1372=PLANE('',#1371);
#1373=CARTESIAN_POINT('',(-0.51371307,-7.5,16.1));
#1374=DIRECTION('',(0.,1.,0.));
#1375=VECTOR('',#1374,15.);
#1376=LINE('',#1373,#1375);
#1377=EDGE_CURVE('',#1263,#1207,#1376,.T.);
#1378=ORIENTED_EDGE('',*,*,#1377,.F.);
#1379=ORIENTED_EDGE('',*,*,#1268,.F.);
#1380=CARTESIAN_POINT('',(-0.51371307,-7.5,79.8));
#1381=DIRECTION('',(0.,1.,0.));
#1382=VECTOR('',#1381,15.);
#1383=LINE('',#1380,#1382);
#1384=EDGE_CURVE('',#1255,#1215,#1383,.T.);
#1385=ORIENTED_EDGE('',*,*,#1384,.T.);
#1386=ORIENTED_EDGE('',*,*,#1220,.T.);
#1387=EDGE_LOOP('',(#1378,#1379,#1385,#1386));
#1388=FACE_BOUND('',#1387,.T.);
#1389=ADVANCED_FACE('',(#1388),#1372,.T.);
#1390=CARTESIAN_POINT('',(-45.,-8.540296053,79.8));
#1391=DIRECTION('',(0.,0.,1.));
#1392=DIRECTION('',(1.,0.,0.));
#1393=AXIS2_PLACEMENT_3D('',#1390,#1391,#1392);
#1394=PLANE('',#1393);
#1395=ORIENTED_EDGE('',*,*,#1226,.F.);
#1396=ORIENTED_EDGE('',*,*,#1384,.F.);
#1397=ORIENTED_EDGE('',*,*,#1260,.F.);
#1398=CARTESIAN_POINT('',(-74.01371307,-6.5,79.8));
#1399=DIRECTION('',(-0.,-0.,-1.));
#1400=DIRECTION('',(1.,0.,-0.));
#1401=AXIS2_PLACEMENT_3D('',#1398,#1399,#1400);
#1402=CIRCLE('',#1401,1.);
#1403=EDGE_CURVE('',#1247,#416,#1402,.T.);
#1404=ORIENTED_EDGE('',*,*,#1403,.T.);
#1405=ORIENTED_EDGE('',*,*,#421,.F.);
#1406=EDGE_LOOP('',(#1395,#1396,#1397,#1404,#1405));
#1407=FACE_BOUND('',#1406,.T.);
#1408=ORIENTED_EDGE('',*,*,#1297,.F.);
#1409=ORIENTED_EDGE('',*,*,#233,.F.);
#1410=ORIENTED_EDGE('',*,*,#1355,.F.);
#1411=ORIENTED_EDGE('',*,*,#741,.F.);
#1412=EDGE_LOOP('',(#1408,#1409,#1410,#1411));
#1413=FACE_BOUND('',#1412,.T.);
#1414=ADVANCED_FACE('',(#1407,#1413),#1394,.T.);
#1415=CARTESIAN_POINT('',(-45.,-8.540296053,16.1));
#1416=DIRECTION('',(0.,0.,1.));
#1417=DIRECTION('',(1.,0.,0.));
#1418=AXIS2_PLACEMENT_3D('',#1415,#1416,#1417);
#1419=PLANE('',#1418);
#1420=ORIENTED_EDGE('',*,*,#1362,.T.);
#1421=ORIENTED_EDGE('',*,*,#219,.T.);
#1422=ORIENTED_EDGE('',*,*,#1013,.F.);
#1423=ORIENTED_EDGE('',*,*,#1274,.T.);
#1424=ORIENTED_EDGE('',*,*,#1377,.T.);
#1425=ORIENTED_EDGE('',*,*,#1212,.T.);
#1426=ORIENTED_EDGE('',*,*,#973,.F.);
#1427=ORIENTED_EDGE('',*,*,#757,.T.);
#1428=EDGE_LOOP('',(#1420,#1421,#1422,#1423,#1424,#1425,#1426,#1427));
#1429=FACE_BOUND('',#1428,.T.);
#1430=ADVANCED_FACE('',(#1429),#1419,.F.);
#1431=CARTESIAN_POINT('',(-79.91331849,-1.025,37.439291086));
#1432=DIRECTION('',(1.,0.,0.));
#1433=DIRECTION('',(0.,0.,-1.));
#1434=AXIS2_PLACEMENT_3D('',#1431,#1432,#1433);
#1435=PLANE('',#1434);
#1436=ORIENTED_EDGE('',*,*,#268,.T.);
#1437=CARTESIAN_POINT('',(-79.91331849,-0.525,8.7));
#1438=VERTEX_POINT('',#1437);
#1439=CARTESIAN_POINT('',(-79.91331849,2.275,8.7));
#1440=DIRECTION('',(-0.,-1.,-0.));
#1441=VECTOR('',#1440,2.8);
#1442=LINE('',#1439,#1441);
#1443=EDGE_CURVE('',#254,#1438,#1442,.T.);
#1444=ORIENTED_EDGE('',*,*,#1443,.T.);
#1445=CARTESIAN_POINT('',(-79.91331849,-0.525,50.447607305));
#1446=VERTEX_POINT('',#1445);
#1447=CARTESIAN_POINT('',(-79.91331849,-0.525,8.7));
#1448=DIRECTION('',(0.,0.,1.));
#1449=VECTOR('',#1448,41.747607305);
#1450=LINE('',#1447,#1449);
#1451=EDGE_CURVE('',#1438,#1446,#1450,.T.);
#1452=ORIENTED_EDGE('',*,*,#1451,.T.);
#1453=CARTESIAN_POINT('',(-79.91331849,-0.525,50.447607305));
#1454=DIRECTION('',(-0.,1.,-0.));
#1455=VECTOR('',#1454,2.8);
#1456=LINE('',#1453,#1455);
#1457=EDGE_CURVE('',#1446,#263,#1456,.T.);
#1458=ORIENTED_EDGE('',*,*,#1457,.T.);
#1459=EDGE_LOOP('',(#1436,#1444,#1452,#1458));
#1460=FACE_BOUND('',#1459,.T.);
#1461=ADVANCED_FACE('',(#1460),#1435,.F.);
#1462=CARTESIAN_POINT('',(-74.01371307,-6.5,79.8));
#1463=DIRECTION('',(0.,0.,1.));
#1464=DIRECTION('',(0.,-1.,0.));
#1465=AXIS2_PLACEMENT_3D('',#1462,#1463,#1464);
#1466=CYLINDRICAL_SURFACE('',#1465,1.);
#1467=ORIENTED_EDGE('',*,*,#1403,.F.);
#1468=ORIENTED_EDGE('',*,*,#1252,.F.);
#1469=CARTESIAN_POINT('',(-75.01371307,-6.5,11.580057636));
#1470=CARTESIAN_POINT('',(-75.01371307,-6.636788688,11.355857533));
#1471=CARTESIAN_POINT('',(-74.986731259,-6.759334149,11.129089042));
#1472=CARTESIAN_POINT('',(-74.94298869,-6.86938709,10.898926935));
#1473=CARTESIAN_POINT('',(-74.899246122,-6.979440031,10.668764828));
#1474=CARTESIAN_POINT('',(-74.837973026,-7.077406039,10.433870441));
#1475=CARTESIAN_POINT('',(-74.763048307,-7.162190836,10.198926766));
#1476=CARTESIAN_POINT('',(-74.688123587,-7.246975634,9.96398309));
#1477=CARTESIAN_POINT('',(-74.601238823,-7.318438784,9.729545463));
#1478=CARTESIAN_POINT('',(-74.493673273,-7.377290262,9.499208875));
#1479=CARTESIAN_POINT('',(-74.439890497,-7.406716002,9.384040582));
#1480=CARTESIAN_POINT('',(-74.381106287,-7.433111787,9.269032816));
#1481=CARTESIAN_POINT('',(-74.309132122,-7.455367774,9.161812222));
#1482=CARTESIAN_POINT('',(-74.27314504,-7.466495767,9.108201926));
#1483=CARTESIAN_POINT('',(-74.234317863,-7.476561509,9.056662944));
#1484=CARTESIAN_POINT('',(-74.186685068,-7.484926742,9.011861687));
#1485=CARTESIAN_POINT('',(-74.16286867,-7.489109359,8.989461058));
#1486=CARTESIAN_POINT('',(-74.137024482,-7.492795216,8.969132782));
#1487=CARTESIAN_POINT('',(-74.108033068,-7.495541932,8.95376251));
#1488=CARTESIAN_POINT('',(-74.079041654,-7.498288647,8.938392239));
#1489=CARTESIAN_POINT('',(-74.046913524,-7.5,8.928571429));
#1490=CARTESIAN_POINT('',(-74.01371307,-7.5,8.928571429));
#1491=B_SPLINE_CURVE_WITH_KNOTS('',3,(#1469,#1470,#1471,#1472,#1473,#1474,#1475,#1476,#1477,#1478,#1479,#1480,#1481,#1482,#1483,#1484,#1485,#1486,#1487,#1488,#1489,#1490),.UNSPECIFIED.,.F.,.F.,(4,3,3,3,3,3,3,4),(0.,0.000776272,0.001552543,0.002328815,0.002716951,0.002911019,0.003008053,0.003105087),.UNSPECIFIED.);
#1492=EDGE_CURVE('',#424,#1239,#1491,.T.);
#1493=ORIENTED_EDGE('',*,*,#1492,.F.);
#1494=ORIENTED_EDGE('',*,*,#429,.F.);
#1495=EDGE_LOOP('',(#1467,#1468,#1493,#1494));
#1496=FACE_BOUND('',#1495,.T.);
#1497=ADVANCED_FACE('',(#1496),#1466,.F.);
#1498=CARTESIAN_POINT('',(-76.91331849,0.875,50.447607305));
#1499=DIRECTION('',(0.,-1.,0.));
#1500=DIRECTION('',(0.,0.,-1.));
#1501=AXIS2_PLACEMENT_3D('',#1498,#1499,#1500);
#1502=CYLINDRICAL_SURFACE('',#1501,3.);
#1503=ORIENTED_EDGE('',*,*,#1328,.F.);
#1504=CARTESIAN_POINT('',(-76.91331849,2.275,50.447607305));
#1505=DIRECTION('',(0.,-1.,0.));
#1506=DIRECTION('',(0.,-0.,-1.));
#1507=AXIS2_PLACEMENT_3D('',#1504,#1505,#1506);
#1508=CIRCLE('',#1507,3.);
#1509=EDGE_CURVE('',#1308,#263,#1508,.T.);
#1510=ORIENTED_EDGE('',*,*,#1509,.T.);
#1511=ORIENTED_EDGE('',*,*,#1457,.F.);
#1512=CARTESIAN_POINT('',(-76.91331849,-0.525,50.447607305));
#1513=DIRECTION('',(0.,1.,-0.));
#1514=DIRECTION('',(0.,0.,1.));
#1515=AXIS2_PLACEMENT_3D('',#1512,#1513,#1514);
#1516=CIRCLE('',#1515,3.);
#1517=EDGE_CURVE('',#1446,#1323,#1516,.T.);
#1518=ORIENTED_EDGE('',*,*,#1517,.T.);
#1519=EDGE_LOOP('',(#1503,#1510,#1511,#1518));
#1520=FACE_BOUND('',#1519,.T.);
#1521=ADVANCED_FACE('',(#1520),#1502,.T.);
#1522=CARTESIAN_POINT('',(-76.91331849,2.275,50.447607305));
#1523=DIRECTION('',(0.,-1.,0.));
#1524=DIRECTION('',(0.,-0.,-1.));
#1525=AXIS2_PLACEMENT_3D('',#1522,#1523,#1524);
#1526=TOROIDAL_SURFACE('',#1525,2.5,0.5);
#1527=ORIENTED_EDGE('',*,*,#275,.T.);
#1528=ORIENTED_EDGE('',*,*,#1509,.F.);
#1529=ORIENTED_EDGE('',*,*,#1320,.F.);
#1530=ORIENTED_EDGE('',*,*,#348,.F.);
#1531=EDGE_LOOP('',(#1527,#1528,#1529,#1530));
#1532=FACE_BOUND('',#1531,.T.);
#1533=ADVANCED_FACE('',(#1532),#1526,.T.);
#1534=CARTESIAN_POINT('',(-79.41331849,-0.525,37.439291086));
#1535=DIRECTION('',(0.,0.,1.));
#1536=DIRECTION('',(0.,-1.,0.));
#1537=AXIS2_PLACEMENT_3D('',#1534,#1535,#1536);
#1538=CYLINDRICAL_SURFACE('',#1537,0.5);
#1539=ORIENTED_EDGE('',*,*,#1451,.F.);
#1540=CARTESIAN_POINT('',(-79.41331849,-0.525,8.7));
#1541=DIRECTION('',(0.,0.,1.));
#1542=DIRECTION('',(1.,0.,-0.));
#1543=AXIS2_PLACEMENT_3D('',#1540,#1541,#1542);
#1544=CIRCLE('',#1543,0.5);
#1545=EDGE_CURVE('',#1438,#288,#1544,.T.);
#1546=ORIENTED_EDGE('',*,*,#1545,.T.);
#1547=ORIENTED_EDGE('',*,*,#293,.F.);
#1548=CARTESIAN_POINT('',(-79.41331849,-0.525,50.447607305));
#1549=DIRECTION('',(0.,0.,1.));
#1550=DIRECTION('',(1.,0.,-0.));
#1551=AXIS2_PLACEMENT_3D('',#1548,#1549,#1550);
#1552=CIRCLE('',#1551,0.5);
#1553=EDGE_CURVE('',#1446,#286,#1552,.T.);
#1554=ORIENTED_EDGE('',*,*,#1553,.F.);
#1555=EDGE_LOOP('',(#1539,#1546,#1547,#1554));
#1556=FACE_BOUND('',#1555,.T.);
#1557=ADVANCED_FACE('',(#1556),#1538,.T.);
#1558=CARTESIAN_POINT('',(-76.91331849,-0.525,50.447607305));
#1559=DIRECTION('',(0.,1.,-0.));
#1560=DIRECTION('',(0.,0.,1.));
#1561=AXIS2_PLACEMENT_3D('',#1558,#1559,#1560);
#1562=TOROIDAL_SURFACE('',#1561,2.5,0.5);
#1563=ORIENTED_EDGE('',*,*,#1341,.F.);
#1564=ORIENTED_EDGE('',*,*,#1517,.F.);
#1565=ORIENTED_EDGE('',*,*,#1553,.T.);
#1566=ORIENTED_EDGE('',*,*,#316,.F.);
#1567=EDGE_LOOP('',(#1563,#1564,#1565,#1566));
#1568=FACE_BOUND('',#1567,.T.);
#1569=ADVANCED_FACE('',(#1568),#1562,.T.);
#1570=CARTESIAN_POINT('',(-75.01371307,11.630224909,1.5));
#1571=DIRECTION('',(1.,0.,0.));
#1572=DIRECTION('',(0.,0.,-1.));
#1573=AXIS2_PLACEMENT_3D('',#1570,#1571,#1572);
#1574=PLANE('',#1573);
#1575=ORIENTED_EDGE('',*,*,#645,.F.);
#1576=CARTESIAN_POINT('',(-75.01371307,9.722912007,5.8));
#1577=VERTEX_POINT('',#1576);
#1578=CARTESIAN_POINT('',(-75.01371307,9.722912007,-1.9));
#1579=DIRECTION('',(0.,-0.,1.));
#1580=VECTOR('',#1579,7.7);
#1581=LINE('',#1578,#1580);
#1582=EDGE_CURVE('',#632,#1577,#1581,.T.);
#1583=ORIENTED_EDGE('',*,*,#1582,.T.);
#1584=CARTESIAN_POINT('',(-75.01371307,9.5,5.8));
#1585=DIRECTION('',(0.,1.,0.));
#1586=VECTOR('',#1585,0.222912007);
#1587=LINE('',#1584,#1586);
#1588=EDGE_CURVE('',#817,#1577,#1587,.T.);
#1589=ORIENTED_EDGE('',*,*,#1588,.F.);
#1590=ORIENTED_EDGE('',*,*,#822,.F.);
#1591=EDGE_LOOP('',(#1575,#1583,#1589,#1590));
#1592=FACE_BOUND('',#1591,.T.);
#1593=ADVANCED_FACE('',(#1592),#1574,.T.);
#1594=CARTESIAN_POINT('',(-46.814417184,77.990558303,7.485582816));
#1595=DIRECTION('',(0.,1.,0.));
#1596=DIRECTION('',(0.,-0.,1.));
#1597=AXIS2_PLACEMENT_3D('',#1594,#1595,#1596);
#1598=CYLINDRICAL_SURFACE('',#1597,0.814417184);
#1599=CARTESIAN_POINT('',(-46.,-7.613197916,7.485582816));
#1600=CARTESIAN_POINT('',(-46.,-7.614107243,7.539372527));
#1601=CARTESIAN_POINT('',(-46.00527663,-7.614431682,7.592266936));
#1602=CARTESIAN_POINT('',(-46.015615924,-7.614226549,7.644302371));
#1603=CARTESIAN_POINT('',(-46.025955218,-7.614021416,7.696337806));
#1604=CARTESIAN_POINT('',(-46.041611172,-7.613270189,7.74805715));
#1605=CARTESIAN_POINT('',(-46.062035051,-7.61208485,7.797346309));
#1606=CARTESIAN_POINT('',(-46.08245893,-7.61089951,7.846635468));
#1607=CARTESIAN_POINT('',(-46.107453337,-7.609297525,7.893390426));
#1608=CARTESIAN_POINT('',(-46.136979329,-7.607416819,7.937637351));
#1609=CARTESIAN_POINT('',(-46.166505321,-7.605536113,7.981884276));
#1610=CARTESIAN_POINT('',(-46.200855061,-7.603360619,8.023758647));
#1611=CARTESIAN_POINT('',(-46.23836972,-7.60115317,8.06129513));
#1612=CARTESIAN_POINT('',(-46.313399037,-7.596738273,8.136368096));
#1613=CARTESIAN_POINT('',(-46.404131088,-7.592061896,8.197044219));
#1614=CARTESIAN_POINT('',(-46.502025707,-7.588721635,8.237704425));
#1615=CARTESIAN_POINT('',(-46.599920325,-7.585381374,8.278364631));
#1616=CARTESIAN_POINT('',(-46.70682451,-7.583346415,8.3));
#1617=CARTESIAN_POINT('',(-46.814417184,-7.583346415,8.3));
#1618=B_SPLINE_CURVE_WITH_KNOTS('',3,(#1599,#1600,#1601,#1602,#1603,#1604,#1605,#1606,#1607,#1608,#1609,#1610,#1611,#1612,#1613,#1614,#1615,#1616,#1617),.UNSPECIFIED.,.F.,.F.,(4,3,3,3,3,3,4),(0.,0.000159095,0.000318191,0.000477286,0.000636382,0.000954572,0.001272763),.UNSPECIFIED.);
#1619=EDGE_CURVE('',#1026,#513,#1618,.T.);
#1620=ORIENTED_EDGE('',*,*,#1619,.F.);
#1621=ORIENTED_EDGE('',*,*,#1188,.F.);
#1622=CARTESIAN_POINT('',(-46.,-9.5,7.485582816));
#1623=DIRECTION('',(-0.,1.,-0.));
#1624=VECTOR('',#1623,1.886802084);
#1625=LINE('',#1622,#1624);
#1626=EDGE_CURVE('',#88,#1160,#1625,.T.);
#1627=ORIENTED_EDGE('',*,*,#1626,.F.);
#1628=ORIENTED_EDGE('',*,*,#94,.F.);
#1629=ORIENTED_EDGE('',*,*,#524,.F.);
#1630=EDGE_LOOP('',(#1620,#1621,#1627,#1628,#1629));
#1631=FACE_BOUND('',#1630,.T.);
#1632=ADVANCED_FACE('',(#1631),#1598,.F.);
#1633=CARTESIAN_POINT('',(-46.814417184,77.990558303,6.614417184));
#1634=DIRECTION('',(0.,1.,0.));
#1635=DIRECTION('',(0.,-0.,1.));
#1636=AXIS2_PLACEMENT_3D('',#1633,#1634,#1635);
#1637=CYLINDRICAL_SURFACE('',#1636,0.814417184);
#1638=CARTESIAN_POINT('',(-46.,-7.548351466,6.614417184));
#1639=DIRECTION('',(0.,-1.,0.));
#1640=VECTOR('',#1639,1.951648534);
#1641=LINE('',#1638,#1640);
#1642=EDGE_CURVE('',#1136,#97,#1641,.T.);
#1643=ORIENTED_EDGE('',*,*,#1642,.F.);
#1644=ORIENTED_EDGE('',*,*,#1157,.F.);
#1645=CARTESIAN_POINT('',(-46.814417184,-9.5,5.8));
#1646=DIRECTION('',(-0.,1.,-0.));
#1647=VECTOR('',#1646,2.105021008);
#1648=LINE('',#1645,#1647);
#1649=EDGE_CURVE('',#105,#1128,#1648,.T.);
#1650=ORIENTED_EDGE('',*,*,#1649,.F.);
#1651=ORIENTED_EDGE('',*,*,#111,.F.);
#1652=EDGE_LOOP('',(#1643,#1644,#1650,#1651));
#1653=FACE_BOUND('',#1652,.T.);
#1654=ADVANCED_FACE('',(#1653),#1637,.F.);
#1655=CARTESIAN_POINT('',(-46.814417184,77.990558303,6.614417184));
#1656=DIRECTION('',(0.,1.,0.));
#1657=DIRECTION('',(0.,-0.,1.));
#1658=AXIS2_PLACEMENT_3D('',#1655,#1656,#1657);
#1659=CYLINDRICAL_SURFACE('',#1658,0.814417184);
#1660=ORIENTED_EDGE('',*,*,#1108,.F.);
#1661=CARTESIAN_POINT('',(-46.,9.5,6.614417184));
#1662=DIRECTION('',(0.,-1.,0.));
#1663=VECTOR('',#1662,1.951648534);
#1664=LINE('',#1661,#1663);
#1665=EDGE_CURVE('',#833,#1075,#1664,.T.);
#1666=ORIENTED_EDGE('',*,*,#1665,.F.);
#1667=ORIENTED_EDGE('',*,*,#839,.F.);
#1668=CARTESIAN_POINT('',(-46.814417184,7.394978992,5.8));
#1669=DIRECTION('',(-0.,1.,-0.));
#1670=VECTOR('',#1669,2.105021008);
#1671=LINE('',#1668,#1670);
#1672=EDGE_CURVE('',#1084,#825,#1671,.T.);
#1673=ORIENTED_EDGE('',*,*,#1672,.F.);
#1674=EDGE_LOOP('',(#1660,#1666,#1667,#1673));
#1675=FACE_BOUND('',#1674,.T.);
#1676=ADVANCED_FACE('',(#1675),#1659,.F.);
#1677=CARTESIAN_POINT('',(-46.814417184,77.990558303,7.485582816));
#1678=DIRECTION('',(0.,1.,0.));
#1679=DIRECTION('',(0.,-0.,1.));
#1680=AXIS2_PLACEMENT_3D('',#1677,#1678,#1679);
#1681=CYLINDRICAL_SURFACE('',#1680,0.814417184);
#1682=ORIENTED_EDGE('',*,*,#1072,.F.);
#1683=ORIENTED_EDGE('',*,*,#478,.F.);
#1684=ORIENTED_EDGE('',*,*,#854,.F.);
#1685=CARTESIAN_POINT('',(-46.,7.613197916,7.485582816));
#1686=DIRECTION('',(-0.,1.,-0.));
#1687=VECTOR('',#1686,1.886802084);
#1688=LINE('',#1685,#1687);
#1689=EDGE_CURVE('',#1051,#842,#1688,.T.);
#1690=ORIENTED_EDGE('',*,*,#1689,.F.);
#1691=EDGE_LOOP('',(#1682,#1683,#1684,#1690));
#1692=FACE_BOUND('',#1691,.T.);
#1693=ADVANCED_FACE('',(#1692),#1681,.F.);
#1694=CARTESIAN_POINT('',(-75.,0.,15.));
#1695=DIRECTION('',(1.,0.,0.));
#1696=DIRECTION('',(0.,0.,-1.));
#1697=AXIS2_PLACEMENT_3D('',#1694,#1695,#1696);
#1698=PLANE('',#1697);
#1699=ORIENTED_EDGE('',*,*,#1125,.F.);
#1700=CARTESIAN_POINT('',(-75.,-7.394978992,5.8));
#1701=DIRECTION('',(0.,1.,0.));
#1702=VECTOR('',#1701,14.789957983);
#1703=LINE('',#1700,#1702);
#1704=EDGE_CURVE('',#1119,#1111,#1703,.T.);
#1705=ORIENTED_EDGE('',*,*,#1704,.F.);
#1706=EDGE_LOOP('',(#1699,#1705));
#1707=FACE_BOUND('',#1706,.T.);
#1708=ADVANCED_FACE('',(#1707),#1698,.T.);
#1709=CARTESIAN_POINT('',(-77.,77.990558303,5.8));
#1710=DIRECTION('',(0.,0.,-1.));
#1711=DIRECTION('',(-1.,0.,0.));
#1712=AXIS2_PLACEMENT_3D('',#1709,#1710,#1711);
#1713=PLANE('',#1712);
#1714=CARTESIAN_POINT('',(-77.51371307,9.722912007,5.8));
#1715=VERTEX_POINT('',#1714);
#1716=CARTESIAN_POINT('',(-77.51371307,2.775,5.8));
#1717=VERTEX_POINT('',#1716);
#1718=CARTESIAN_POINT('',(-77.51371307,9.722912007,5.8));
#1719=DIRECTION('',(0.,-1.,0.));
#1720=VECTOR('',#1719,6.947912007);
#1721=LINE('',#1718,#1720);
#1722=EDGE_CURVE('',#1715,#1717,#1721,.T.);
#1723=ORIENTED_EDGE('',*,*,#1722,.T.);
#1724=CARTESIAN_POINT('',(-77.51371307,-1.025,5.8));
#1725=VERTEX_POINT('',#1724);
#1726=CARTESIAN_POINT('',(-77.51371307,2.775,5.8));
#1727=DIRECTION('',(0.,-1.,0.));
#1728=VECTOR('',#1727,3.8);
#1729=LINE('',#1726,#1728);
#1730=EDGE_CURVE('',#1717,#1725,#1729,.T.);
#1731=ORIENTED_EDGE('',*,*,#1730,.T.);
#1732=CARTESIAN_POINT('',(-77.51371307,-9.5,5.8));
#1733=DIRECTION('',(0.,1.,0.));
#1734=VECTOR('',#1733,8.475);
#1735=LINE('',#1732,#1734);
#1736=EDGE_CURVE('',#114,#1725,#1735,.T.);
#1737=ORIENTED_EDGE('',*,*,#1736,.F.);
#1738=ORIENTED_EDGE('',*,*,#119,.T.);
#1739=ORIENTED_EDGE('',*,*,#1649,.T.);
#1740=ORIENTED_EDGE('',*,*,#1133,.F.);
#1741=ORIENTED_EDGE('',*,*,#1704,.T.);
#1742=ORIENTED_EDGE('',*,*,#1116,.T.);
#1743=ORIENTED_EDGE('',*,*,#1672,.T.);
#1744=ORIENTED_EDGE('',*,*,#830,.F.);
#1745=ORIENTED_EDGE('',*,*,#1588,.T.);
#1746=CARTESIAN_POINT('',(-77.51371307,9.722912007,5.8));
#1747=DIRECTION('',(1.,0.,-0.));
#1748=VECTOR('',#1747,2.5);
#1749=LINE('',#1746,#1748);
#1750=EDGE_CURVE('',#1715,#1577,#1749,.T.);
#1751=ORIENTED_EDGE('',*,*,#1750,.F.);
#1752=EDGE_LOOP('',(#1723,#1731,#1737,#1738,#1739,#1740,#1741,#1742,#1743,#1744,#1745,#1751));
#1753=FACE_BOUND('',#1752,.T.);
#1754=ADVANCED_FACE('',(#1753),#1713,.F.);
#1755=CARTESIAN_POINT('',(-46.,77.990558303,6.3));
#1756=DIRECTION('',(1.,0.,0.));
#1757=DIRECTION('',(0.,0.,-1.));
#1758=AXIS2_PLACEMENT_3D('',#1755,#1756,#1757);
#1759=PLANE('',#1758);
#1760=ORIENTED_EDGE('',*,*,#1081,.F.);
#1761=ORIENTED_EDGE('',*,*,#1689,.T.);
#1762=ORIENTED_EDGE('',*,*,#847,.F.);
#1763=ORIENTED_EDGE('',*,*,#1665,.T.);
#1764=EDGE_LOOP('',(#1760,#1761,#1762,#1763));
#1765=FACE_BOUND('',#1764,.T.);
#1766=ADVANCED_FACE('',(#1765),#1759,.F.);
#1767=CARTESIAN_POINT('',(-46.,77.990558303,6.3));
#1768=DIRECTION('',(1.,0.,0.));
#1769=DIRECTION('',(0.,0.,-1.));
#1770=AXIS2_PLACEMENT_3D('',#1767,#1768,#1769);
#1771=PLANE('',#1770);
#1772=ORIENTED_EDGE('',*,*,#1166,.F.);
#1773=ORIENTED_EDGE('',*,*,#1642,.T.);
#1774=ORIENTED_EDGE('',*,*,#102,.T.);
#1775=ORIENTED_EDGE('',*,*,#1626,.T.);
#1776=EDGE_LOOP('',(#1772,#1773,#1774,#1775));
#1777=FACE_BOUND('',#1776,.T.);
#1778=ADVANCED_FACE('',(#1777),#1771,.F.);
#1779=CARTESIAN_POINT('',(-75.,0.,7.614285714));
#1780=DIRECTION('',(1.,0.,0.));
#1781=DIRECTION('',(0.,0.,-1.));
#1782=AXIS2_PLACEMENT_3D('',#1779,#1780,#1781);
#1783=PLANE('',#1782);
#1784=ORIENTED_EDGE('',*,*,#1202,.T.);
#1785=ORIENTED_EDGE('',*,*,#494,.T.);
#1786=ORIENTED_EDGE('',*,*,#1047,.T.);
#1787=EDGE_LOOP('',(#1784,#1785,#1786));
#1788=FACE_BOUND('',#1787,.T.);
#1789=ADVANCED_FACE('',(#1788),#1783,.T.);
#1790=CARTESIAN_POINT('',(-75.,0.,7.614285714));
#1791=DIRECTION('',(1.,0.,0.));
#1792=DIRECTION('',(0.,0.,-1.));
#1793=AXIS2_PLACEMENT_3D('',#1790,#1791,#1792);
#1794=PLANE('',#1793);
#1795=CARTESIAN_POINT('',(-75.,0.,7.614285714));
#1796=DIRECTION('',(1.,0.,0.));
#1797=DIRECTION('',(0.,-0.807011868,-0.59053522));
#1798=AXIS2_PLACEMENT_3D('',#1795,#1796,#1797);
#1799=CIRCLE('',#1798,7.614285714);
#1800=EDGE_CURVE('',#361,#505,#1799,.T.);
#1801=ORIENTED_EDGE('',*,*,#1800,.T.);
#1802=ORIENTED_EDGE('',*,*,#510,.T.);
#1803=ORIENTED_EDGE('',*,*,#374,.F.);
#1804=EDGE_LOOP('',(#1801,#1802,#1803));
#1805=FACE_BOUND('',#1804,.T.);
#1806=ADVANCED_FACE('',(#1805),#1794,.T.);
#1807=CARTESIAN_POINT('',(-77.51371307,-9.5,38.945374239));
#1808=DIRECTION('',(-1.,0.,0.));
#1809=DIRECTION('',(0.,0.,1.));
#1810=AXIS2_PLACEMENT_3D('',#1807,#1808,#1809);
#1811=PLANE('',#1810);
#1812=ORIENTED_EDGE('',*,*,#1736,.T.);
#1813=ORIENTED_EDGE('',*,*,#1730,.F.);
#1814=ORIENTED_EDGE('',*,*,#1722,.F.);
#1815=CARTESIAN_POINT('',(-77.51371307,9.722912007,5.8));
#1816=DIRECTION('',(0.,0.,-1.));
#1817=VECTOR('',#1816,7.7);
#1818=LINE('',#1815,#1817);
#1819=EDGE_CURVE('',#1715,#624,#1818,.T.);
#1820=ORIENTED_EDGE('',*,*,#1819,.T.);
#1821=ORIENTED_EDGE('',*,*,#629,.F.);
#1822=ORIENTED_EDGE('',*,*,#127,.F.);
#1823=EDGE_LOOP('',(#1812,#1813,#1814,#1820,#1821,#1822));
#1824=FACE_BOUND('',#1823,.T.);
#1825=ADVANCED_FACE('',(#1824),#1811,.T.);
#1826=CARTESIAN_POINT('',(-77.51371307,9.722912007,38.945374239));
#1827=DIRECTION('',(0.,1.,0.));
#1828=DIRECTION('',(0.,-0.,1.));
#1829=AXIS2_PLACEMENT_3D('',#1826,#1827,#1828);
#1830=PLANE('',#1829);
#1831=ORIENTED_EDGE('',*,*,#1819,.F.);
#1832=ORIENTED_EDGE('',*,*,#1750,.T.);
#1833=ORIENTED_EDGE('',*,*,#1582,.F.);
#1834=ORIENTED_EDGE('',*,*,#637,.F.);
#1835=EDGE_LOOP('',(#1831,#1832,#1833,#1834));
#1836=FACE_BOUND('',#1835,.T.);
#1837=ADVANCED_FACE('',(#1836),#1830,.T.);
#1838=CARTESIAN_POINT('',(-17.10231978,-9.5,3.048085817));
#1839=DIRECTION('',(1.,0.,0.));
#1840=DIRECTION('',(0.,0.,-1.));
#1841=AXIS2_PLACEMENT_3D('',#1838,#1839,#1840);
#1842=PLANE('',#1841);
#1843=CARTESIAN_POINT('',(-17.10231978,-12.,-1.4));
#1844=VERTEX_POINT('',#1843);
#1845=CARTESIAN_POINT('',(-17.10231978,-12.,15.6));
#1846=VERTEX_POINT('',#1845);
#1847=CARTESIAN_POINT('',(-17.10231978,-12.,-1.4));
#1848=DIRECTION('',(-0.,0.,1.));
#1849=VECTOR('',#1848,17.);
#1850=LINE('',#1847,#1849);
#1851=EDGE_CURVE('',#1844,#1846,#1850,.T.);
#1852=ORIENTED_EDGE('',*,*,#1851,.T.);
#1853=CARTESIAN_POINT('',(-17.10231978,-12.,15.6));
#1854=DIRECTION('',(-0.,1.,-0.));
#1855=VECTOR('',#1854,2.5);
#1856=LINE('',#1853,#1855);
#1857=EDGE_CURVE('',#1846,#147,#1856,.T.);
#1858=ORIENTED_EDGE('',*,*,#1857,.T.);
#1859=ORIENTED_EDGE('',*,*,#152,.T.);
#1860=CARTESIAN_POINT('',(-17.10231978,-9.5,-1.4));
#1861=DIRECTION('',(0.,-1.,0.));
#1862=VECTOR('',#1861,2.5);
#1863=LINE('',#1860,#1862);
#1864=EDGE_CURVE('',#138,#1844,#1863,.T.);
#1865=ORIENTED_EDGE('',*,*,#1864,.T.);
#1866=EDGE_LOOP('',(#1852,#1858,#1859,#1865));
#1867=FACE_BOUND('',#1866,.T.);
#1868=ADVANCED_FACE('',(#1867),#1842,.F.);
#1869=CARTESIAN_POINT('',(-17.10231978,-12.5,3.048085817));
#1870=DIRECTION('',(0.,1.,-0.));
#1871=DIRECTION('',(0.,0.,1.));
#1872=AXIS2_PLACEMENT_3D('',#1869,#1870,#1871);
#1873=PLANE('',#1872);
#1874=CARTESIAN_POINT('',(-13.80231978,-12.5,-1.4));
#1875=VERTEX_POINT('',#1874);
#1876=CARTESIAN_POINT('',(-13.80231978,-12.5,15.6));
#1877=VERTEX_POINT('',#1876);
#1878=CARTESIAN_POINT('',(-13.80231978,-12.5,-1.4));
#1879=DIRECTION('',(-0.,0.,1.));
#1880=VECTOR('',#1879,17.);
#1881=LINE('',#1878,#1880);
#1882=EDGE_CURVE('',#1875,#1877,#1881,.T.);
#1883=ORIENTED_EDGE('',*,*,#1882,.T.);
#1884=CARTESIAN_POINT('',(-16.60231978,-12.5,15.6));
#1885=VERTEX_POINT('',#1884);
#1886=CARTESIAN_POINT('',(-13.80231978,-12.5,15.6));
#1887=DIRECTION('',(-1.,-0.,0.));
#1888=VECTOR('',#1887,2.8);
#1889=LINE('',#1886,#1888);
#1890=EDGE_CURVE('',#1877,#1885,#1889,.T.);
#1891=ORIENTED_EDGE('',*,*,#1890,.T.);
#1892=CARTESIAN_POINT('',(-16.60231978,-12.5,-1.4));
#1893=VERTEX_POINT('',#1892);
#1894=CARTESIAN_POINT('',(-16.60231978,-12.5,15.6));
#1895=DIRECTION('',(0.,-0.,-1.));
#1896=VECTOR('',#1895,17.);
#1897=LINE('',#1894,#1896);
#1898=EDGE_CURVE('',#1885,#1893,#1897,.T.);
#1899=ORIENTED_EDGE('',*,*,#1898,.T.);
#1900=CARTESIAN_POINT('',(-16.60231978,-12.5,-1.4));
#1901=DIRECTION('',(1.,0.,-0.));
#1902=VECTOR('',#1901,2.8);
#1903=LINE('',#1900,#1902);
#1904=EDGE_CURVE('',#1893,#1875,#1903,.T.);
#1905=ORIENTED_EDGE('',*,*,#1904,.T.);
#1906=EDGE_LOOP('',(#1883,#1891,#1899,#1905));
#1907=FACE_BOUND('',#1906,.T.);
#1908=ADVANCED_FACE('',(#1907),#1873,.F.);
#1909=CARTESIAN_POINT('',(-13.30231978,-12.5,3.048085817));
#1910=DIRECTION('',(-1.,0.,0.));
#1911=DIRECTION('',(0.,0.,1.));
#1912=AXIS2_PLACEMENT_3D('',#1909,#1910,#1911);
#1913=PLANE('',#1912);
#1914=ORIENTED_EDGE('',*,*,#186,.F.);
#1915=CARTESIAN_POINT('',(-13.30231978,-12.,15.6));
#1916=VERTEX_POINT('',#1915);
#1917=CARTESIAN_POINT('',(-13.30231978,-9.5,15.6));
#1918=DIRECTION('',(-0.,-1.,-0.));
#1919=VECTOR('',#1918,2.5);
#1920=LINE('',#1917,#1919);
#1921=EDGE_CURVE('',#172,#1916,#1920,.T.);
#1922=ORIENTED_EDGE('',*,*,#1921,.T.);
#1923=CARTESIAN_POINT('',(-13.30231978,-12.,-1.4));
#1924=VERTEX_POINT('',#1923);
#1925=CARTESIAN_POINT('',(-13.30231978,-12.,15.6));
#1926=DIRECTION('',(0.,-0.,-1.));
#1927=VECTOR('',#1926,17.);
#1928=LINE('',#1925,#1927);
#1929=EDGE_CURVE('',#1916,#1924,#1928,.T.);
#1930=ORIENTED_EDGE('',*,*,#1929,.T.);
#1931=CARTESIAN_POINT('',(-13.30231978,-12.,-1.4));
#1932=DIRECTION('',(0.,1.,0.));
#1933=VECTOR('',#1932,2.5);
#1934=LINE('',#1931,#1933);
#1935=EDGE_CURVE('',#1924,#181,#1934,.T.);
#1936=ORIENTED_EDGE('',*,*,#1935,.T.);
#1937=EDGE_LOOP('',(#1914,#1922,#1930,#1936));
#1938=FACE_BOUND('',#1937,.T.);
#1939=ADVANCED_FACE('',(#1938),#1913,.F.);
#1940=CARTESIAN_POINT('',(-32.2,-11.,16.1));
#1941=DIRECTION('',(0.,0.,1.));
#1942=DIRECTION('',(1.,0.,0.));
#1943=AXIS2_PLACEMENT_3D('',#1940,#1941,#1942);
#1944=PLANE('',#1943);
#1945=ORIENTED_EDGE('',*,*,#169,.T.);
#1946=CARTESIAN_POINT('',(-16.60231978,-12.,16.1));
#1947=VERTEX_POINT('',#1946);
#1948=CARTESIAN_POINT('',(-16.60231978,-9.5,16.1));
#1949=DIRECTION('',(0.,-1.,0.));
#1950=VECTOR('',#1949,2.5);
#1951=LINE('',#1948,#1950);
#1952=EDGE_CURVE('',#155,#1947,#1951,.T.);
#1953=ORIENTED_EDGE('',*,*,#1952,.T.);
#1954=CARTESIAN_POINT('',(-13.80231978,-12.,16.1));
#1955=VERTEX_POINT('',#1954);
#1956=CARTESIAN_POINT('',(-16.60231978,-12.,16.1));
#1957=DIRECTION('',(1.,0.,-0.));
#1958=VECTOR('',#1957,2.8);
#1959=LINE('',#1956,#1958);
#1960=EDGE_CURVE('',#1947,#1955,#1959,.T.);
#1961=ORIENTED_EDGE('',*,*,#1960,.T.);
#1962=CARTESIAN_POINT('',(-13.80231978,-12.,16.1));
#1963=DIRECTION('',(0.,1.,0.));
#1964=VECTOR('',#1963,2.5);
#1965=LINE('',#1962,#1964);
#1966=EDGE_CURVE('',#1955,#164,#1965,.T.);
#1967=ORIENTED_EDGE('',*,*,#1966,.T.);
#1968=EDGE_LOOP('',(#1945,#1953,#1961,#1967));
#1969=FACE_BOUND('',#1968,.T.);
#1970=ADVANCED_FACE('',(#1969),#1944,.T.);
#1971=CARTESIAN_POINT('',(-77.01331849,-9.5,8.7));
#1972=DIRECTION('',(0.,1.,0.));
#1973=DIRECTION('',(0.,-0.,1.));
#1974=AXIS2_PLACEMENT_3D('',#1971,#1972,#1973);
#1975=CYLINDRICAL_SURFACE('',#1974,0.4);
#1976=ORIENTED_EDGE('',*,*,#1290,.F.);
#1977=CARTESIAN_POINT('',(-77.01331849,-0.625,8.7));
#1978=DIRECTION('',(0.707106781,-0.707106781,0.));
#1979=DIRECTION('',(0.707106781,0.707106781,0.));
#1980=AXIS2_PLACEMENT_3D('',#1977,#1978,#1979);
#1981=ELLIPSE('',#1980,0.565685425,0.4);
#1982=EDGE_CURVE('',#296,#528,#1981,.T.);
#1983=ORIENTED_EDGE('',*,*,#1982,.T.);
#1984=ORIENTED_EDGE('',*,*,#533,.F.);
#1985=ORIENTED_EDGE('',*,*,#77,.F.);
#1986=EDGE_LOOP('',(#1976,#1983,#1984,#1985));
#1987=FACE_BOUND('',#1986,.T.);
#1988=ADVANCED_FACE('',(#1987),#1975,.T.);
#1989=CARTESIAN_POINT('',(-77.01331849,-9.5,8.7));
#1990=DIRECTION('',(0.,1.,0.));
#1991=DIRECTION('',(0.,-0.,1.));
#1992=AXIS2_PLACEMENT_3D('',#1989,#1990,#1991);
#1993=CYLINDRICAL_SURFACE('',#1992,0.4);
#1994=ORIENTED_EDGE('',*,*,#725,.F.);
#1995=ORIENTED_EDGE('',*,*,#462,.F.);
#1996=CARTESIAN_POINT('',(-77.01331849,2.375,8.7));
#1997=DIRECTION('',(0.707106781,0.707106781,-0.));
#1998=DIRECTION('',(-0.707106781,0.707106781,0.));
#1999=AXIS2_PLACEMENT_3D('',#1996,#1997,#1998);
#2000=ELLIPSE('',#1999,0.565685425,0.4);
#2001=EDGE_CURVE('',#449,#327,#2000,.T.);
#2002=ORIENTED_EDGE('',*,*,#2001,.T.);
#2003=ORIENTED_EDGE('',*,*,#1304,.F.);
#2004=EDGE_LOOP('',(#1994,#1995,#2002,#2003));
#2005=FACE_BOUND('',#2004,.T.);
#2006=ADVANCED_FACE('',(#2005),#1993,.T.);
#2007=CARTESIAN_POINT('',(-77.41331849,-0.625,8.7));
#2008=DIRECTION('',(1.,0.,0.));
#2009=DIRECTION('',(0.,0.,-1.));
#2010=AXIS2_PLACEMENT_3D('',#2007,#2008,#2009);
#2011=CYLINDRICAL_SURFACE('',#2010,0.4);
#2012=ORIENTED_EDGE('',*,*,#1982,.F.);
#2013=ORIENTED_EDGE('',*,*,#301,.F.);
#2014=CARTESIAN_POINT('',(-79.41331849,-0.625,8.7));
#2015=DIRECTION('',(-1.,0.,0.));
#2016=DIRECTION('',(0.,0.,1.));
#2017=AXIS2_PLACEMENT_3D('',#2014,#2015,#2016);
#2018=CIRCLE('',#2017,0.4);
#2019=EDGE_CURVE('',#536,#288,#2018,.T.);
#2020=ORIENTED_EDGE('',*,*,#2019,.F.);
#2021=ORIENTED_EDGE('',*,*,#541,.F.);
#2022=EDGE_LOOP('',(#2012,#2013,#2020,#2021));
#2023=FACE_BOUND('',#2022,.T.);
#2024=ADVANCED_FACE('',(#2023),#2011,.T.);
#2025=CARTESIAN_POINT('',(-79.91331849,2.375,8.7));
#2026=DIRECTION('',(-1.,0.,0.));
#2027=DIRECTION('',(0.,0.,1.));
#2028=AXIS2_PLACEMENT_3D('',#2025,#2026,#2027);
#2029=CYLINDRICAL_SURFACE('',#2028,0.4);
#2030=ORIENTED_EDGE('',*,*,#2001,.F.);
#2031=ORIENTED_EDGE('',*,*,#454,.F.);
#2032=CARTESIAN_POINT('',(-79.41331849,2.375,8.7));
#2033=DIRECTION('',(-1.,0.,0.));
#2034=DIRECTION('',(0.,0.,1.));
#2035=AXIS2_PLACEMENT_3D('',#2032,#2033,#2034);
#2036=CIRCLE('',#2035,0.4);
#2037=EDGE_CURVE('',#244,#447,#2036,.T.);
#2038=ORIENTED_EDGE('',*,*,#2037,.F.);
#2039=ORIENTED_EDGE('',*,*,#340,.F.);
#2040=EDGE_LOOP('',(#2030,#2031,#2038,#2039));
#2041=FACE_BOUND('',#2040,.T.);
#2042=ADVANCED_FACE('',(#2041),#2029,.T.);
#2043=CARTESIAN_POINT('',(-79.41331849,-0.525,8.7));
#2044=DIRECTION('',(0.,0.,1.));
#2045=DIRECTION('',(1.,0.,-0.));
#2046=AXIS2_PLACEMENT_3D('',#2043,#2044,#2045);
#2047=DEGENERATE_TOROIDAL_SURFACE('',#2046,0.1,0.4,.T.);
#2048=ORIENTED_EDGE('',*,*,#2019,.T.);
#2049=ORIENTED_EDGE('',*,*,#1545,.F.);
#2050=CARTESIAN_POINT('',(-79.51331849,-0.525,8.7));
#2051=DIRECTION('',(0.,1.,0.));
#2052=DIRECTION('',(0.,-0.,1.));
#2053=AXIS2_PLACEMENT_3D('',#2050,#2051,#2052);
#2054=CIRCLE('',#2053,0.4);
#2055=EDGE_CURVE('',#544,#1438,#2054,.T.);
#2056=ORIENTED_EDGE('',*,*,#2055,.F.);
#2057=ORIENTED_EDGE('',*,*,#550,.F.);
#2058=EDGE_LOOP('',(#2048,#2049,#2056,#2057));
#2059=FACE_BOUND('',#2058,.T.);
#2060=ADVANCED_FACE('',(#2059),#2047,.T.);
#2061=CARTESIAN_POINT('',(-79.41331849,2.275,8.7));
#2062=DIRECTION('',(0.,0.,1.));
#2063=DIRECTION('',(1.,0.,-0.));
#2064=AXIS2_PLACEMENT_3D('',#2061,#2062,#2063);
#2065=DEGENERATE_TOROIDAL_SURFACE('',#2064,0.1,0.4,.T.);
#2066=ORIENTED_EDGE('',*,*,#2037,.T.);
#2067=ORIENTED_EDGE('',*,*,#565,.F.);
#2068=CARTESIAN_POINT('',(-79.51331849,2.275,8.7));
#2069=DIRECTION('',(0.,-1.,0.));
#2070=DIRECTION('',(1.,0.,0.));
#2071=AXIS2_PLACEMENT_3D('',#2068,#2069,#2070);
#2072=CIRCLE('',#2071,0.4);
#2073=EDGE_CURVE('',#254,#553,#2072,.T.);
#2074=ORIENTED_EDGE('',*,*,#2073,.F.);
#2075=ORIENTED_EDGE('',*,*,#260,.F.);
#2076=EDGE_LOOP('',(#2066,#2067,#2074,#2075));
#2077=FACE_BOUND('',#2076,.T.);
#2078=ADVANCED_FACE('',(#2077),#2065,.T.);
#2079=CARTESIAN_POINT('',(-79.51331849,77.990558303,8.7));
#2080=DIRECTION('',(0.,1.,0.));
#2081=DIRECTION('',(0.,-0.,1.));
#2082=AXIS2_PLACEMENT_3D('',#2079,#2080,#2081);
#2083=CYLINDRICAL_SURFACE('',#2082,0.4);
#2084=ORIENTED_EDGE('',*,*,#2055,.T.);
#2085=ORIENTED_EDGE('',*,*,#1443,.F.);
#2086=ORIENTED_EDGE('',*,*,#2073,.T.);
#2087=ORIENTED_EDGE('',*,*,#558,.F.);
#2088=EDGE_LOOP('',(#2084,#2085,#2086,#2087));
#2089=FACE_BOUND('',#2088,.T.);
#2090=ADVANCED_FACE('',(#2089),#2083,.T.);
#2091=CARTESIAN_POINT('',(-13.80231978,10.,-1.4));
#2092=DIRECTION('',(0.,-1.,0.));
#2093=DIRECTION('',(0.,0.,-1.));
#2094=AXIS2_PLACEMENT_3D('',#2091,#2092,#2093);
#2095=CYLINDRICAL_SURFACE('',#2094,0.5);
#2096=ORIENTED_EDGE('',*,*,#773,.F.);
#2097=ORIENTED_EDGE('',*,*,#583,.F.);
#2098=CARTESIAN_POINT('',(-13.80231978,12.,-1.4));
#2099=DIRECTION('',(-0.,1.,-0.));
#2100=DIRECTION('',(0.,0.,-1.));
#2101=AXIS2_PLACEMENT_3D('',#2098,#2099,#2100);
#2102=CIRCLE('',#2101,0.5);
#2103=EDGE_CURVE('',#896,#576,#2102,.T.);
#2104=ORIENTED_EDGE('',*,*,#2103,.F.);
#2105=ORIENTED_EDGE('',*,*,#916,.F.);
#2106=EDGE_LOOP('',(#2096,#2097,#2104,#2105));
#2107=FACE_BOUND('',#2106,.T.);
#2108=ADVANCED_FACE('',(#2107),#2095,.T.);
#2109=CARTESIAN_POINT('',(-13.80231978,12.,2.404831643));
#2110=DIRECTION('',(0.,0.,1.));
#2111=DIRECTION('',(0.,-1.,0.));
#2112=AXIS2_PLACEMENT_3D('',#2109,#2110,#2111);
#2113=CYLINDRICAL_SURFACE('',#2112,0.5);
#2114=ORIENTED_EDGE('',*,*,#950,.F.);
#2115=CARTESIAN_POINT('',(-13.80231978,12.,15.6));
#2116=DIRECTION('',(-0.,-0.,-1.));
#2117=DIRECTION('',(0.,-1.,0.));
#2118=AXIS2_PLACEMENT_3D('',#2115,#2116,#2117);
#2119=CIRCLE('',#2118,0.5);
#2120=EDGE_CURVE('',#937,#898,#2119,.T.);
#2121=ORIENTED_EDGE('',*,*,#2120,.T.);
#2122=ORIENTED_EDGE('',*,*,#903,.F.);
#2123=CARTESIAN_POINT('',(-13.80231978,12.,-1.4));
#2124=DIRECTION('',(-0.,-0.,-1.));
#2125=DIRECTION('',(0.,-1.,0.));
#2126=AXIS2_PLACEMENT_3D('',#2123,#2124,#2125);
#2127=CIRCLE('',#2126,0.5);
#2128=EDGE_CURVE('',#945,#896,#2127,.T.);
#2129=ORIENTED_EDGE('',*,*,#2128,.F.);
#2130=EDGE_LOOP('',(#2114,#2121,#2122,#2129));
#2131=FACE_BOUND('',#2130,.T.);
#2132=ADVANCED_FACE('',(#2131),#2113,.T.);
#2133=CARTESIAN_POINT('',(-13.80231978,12.,-1.4));
#2134=DIRECTION('',(0.,0.,1.));
#2135=DIRECTION('',(1.,0.,-0.));
#2136=AXIS2_PLACEMENT_3D('',#2133,#2134,#2135);
#2137=SPHERICAL_SURFACE('',#2136,0.5);
#2138=ORIENTED_EDGE('',*,*,#2128,.T.);
#2139=ORIENTED_EDGE('',*,*,#2103,.T.);
#2140=CARTESIAN_POINT('',(-13.80231978,12.,-1.4));
#2141=DIRECTION('',(-1.,-0.,-0.));
#2142=DIRECTION('',(0.,0.,-1.));
#2143=AXIS2_PLACEMENT_3D('',#2140,#2141,#2142);
#2144=CIRCLE('',#2143,0.5);
#2145=EDGE_CURVE('',#945,#576,#2144,.T.);
#2146=ORIENTED_EDGE('',*,*,#2145,.F.);
#2147=EDGE_LOOP('',(#2138,#2139,#2146));
#2148=FACE_BOUND('',#2147,.T.);
#2149=ADVANCED_FACE('',(#2148),#2137,.T.);
#2150=CARTESIAN_POINT('',(-16.60231978,12.5,-1.4));
#2151=DIRECTION('',(0.,1.,0.));
#2152=DIRECTION('',(0.,-0.,1.));
#2153=AXIS2_PLACEMENT_3D('',#2150,#2151,#2152);
#2154=CYLINDRICAL_SURFACE('',#2153,0.5);
#2155=ORIENTED_EDGE('',*,*,#813,.F.);
#2156=ORIENTED_EDGE('',*,*,#885,.F.);
#2157=CARTESIAN_POINT('',(-16.60231978,12.,-1.4));
#2158=DIRECTION('',(0.,1.,0.));
#2159=DIRECTION('',(0.,-0.,1.));
#2160=AXIS2_PLACEMENT_3D('',#2157,#2158,#2159);
#2161=CIRCLE('',#2160,0.5);
#2162=EDGE_CURVE('',#656,#874,#2161,.T.);
#2163=ORIENTED_EDGE('',*,*,#2162,.F.);
#2164=ORIENTED_EDGE('',*,*,#661,.F.);
#2165=EDGE_LOOP('',(#2155,#2156,#2163,#2164));
#2166=FACE_BOUND('',#2165,.T.);
#2167=ADVANCED_FACE('',(#2166),#2154,.T.);
#2168=CARTESIAN_POINT('',(-13.30231978,12.,-1.4));
#2169=DIRECTION('',(1.,0.,0.));
#2170=DIRECTION('',(0.,0.,-1.));
#2171=AXIS2_PLACEMENT_3D('',#2168,#2169,#2170);
#2172=CYLINDRICAL_SURFACE('',#2171,0.5);
#2173=ORIENTED_EDGE('',*,*,#2145,.T.);
#2174=ORIENTED_EDGE('',*,*,#667,.F.);
#2175=CARTESIAN_POINT('',(-16.60231978,12.,-1.4));
#2176=DIRECTION('',(-1.,-0.,-0.));
#2177=DIRECTION('',(0.,0.,-1.));
#2178=AXIS2_PLACEMENT_3D('',#2175,#2176,#2177);
#2179=CIRCLE('',#2178,0.5);
#2180=EDGE_CURVE('',#927,#656,#2179,.T.);
#2181=ORIENTED_EDGE('',*,*,#2180,.F.);
#2182=ORIENTED_EDGE('',*,*,#956,.F.);
#2183=EDGE_LOOP('',(#2173,#2174,#2181,#2182));
#2184=FACE_BOUND('',#2183,.T.);
#2185=ADVANCED_FACE('',(#2184),#2172,.T.);
#2186=CARTESIAN_POINT('',(-16.60231978,12.,-1.4));
#2187=DIRECTION('',(0.,0.,1.));
#2188=DIRECTION('',(1.,0.,-0.));
#2189=AXIS2_PLACEMENT_3D('',#2186,#2187,#2188);
#2190=SPHERICAL_SURFACE('',#2189,0.5);
#2191=ORIENTED_EDGE('',*,*,#2180,.T.);
#2192=ORIENTED_EDGE('',*,*,#2162,.T.);
#2193=CARTESIAN_POINT('',(-16.60231978,12.,-1.4));
#2194=DIRECTION('',(0.,0.,1.));
#2195=DIRECTION('',(0.,-1.,0.));
#2196=AXIS2_PLACEMENT_3D('',#2193,#2194,#2195);
#2197=CIRCLE('',#2196,0.5);
#2198=EDGE_CURVE('',#927,#874,#2197,.T.);
#2199=ORIENTED_EDGE('',*,*,#2198,.F.);
#2200=EDGE_LOOP('',(#2191,#2192,#2199));
#2201=FACE_BOUND('',#2200,.T.);
#2202=ADVANCED_FACE('',(#2201),#2190,.T.);
#2203=CARTESIAN_POINT('',(-16.60231978,12.,2.404831643));
#2204=DIRECTION('',(0.,0.,1.));
#2205=DIRECTION('',(0.,-1.,0.));
#2206=AXIS2_PLACEMENT_3D('',#2203,#2204,#2205);
#2207=CYLINDRICAL_SURFACE('',#2206,0.5);
#2208=ORIENTED_EDGE('',*,*,#879,.F.);
#2209=CARTESIAN_POINT('',(-16.60231978,12.,15.6));
#2210=DIRECTION('',(-0.,-0.,-1.));
#2211=DIRECTION('',(0.,-1.,0.));
#2212=AXIS2_PLACEMENT_3D('',#2209,#2210,#2211);
#2213=CIRCLE('',#2212,0.5);
#2214=EDGE_CURVE('',#866,#929,#2213,.T.);
#2215=ORIENTED_EDGE('',*,*,#2214,.T.);
#2216=ORIENTED_EDGE('',*,*,#934,.F.);
#2217=ORIENTED_EDGE('',*,*,#2198,.T.);
#2218=EDGE_LOOP('',(#2208,#2215,#2216,#2217));
#2219=FACE_BOUND('',#2218,.T.);
#2220=ADVANCED_FACE('',(#2219),#2207,.T.);
#2221=CARTESIAN_POINT('',(-13.80231978,-12.,3.048085817));
#2222=DIRECTION('',(0.,-0.,-1.));
#2223=DIRECTION('',(0.,1.,-0.));
#2224=AXIS2_PLACEMENT_3D('',#2221,#2222,#2223);
#2225=CYLINDRICAL_SURFACE('',#2224,0.5);
#2226=ORIENTED_EDGE('',*,*,#1929,.F.);
#2227=CARTESIAN_POINT('',(-13.80231978,-12.,15.6));
#2228=DIRECTION('',(0.,-0.,-1.));
#2229=DIRECTION('',(0.,1.,-0.));
#2230=AXIS2_PLACEMENT_3D('',#2227,#2228,#2229);
#2231=CIRCLE('',#2230,0.5);
#2232=EDGE_CURVE('',#1916,#1877,#2231,.T.);
#2233=ORIENTED_EDGE('',*,*,#2232,.T.);
#2234=ORIENTED_EDGE('',*,*,#1882,.F.);
#2235=CARTESIAN_POINT('',(-13.80231978,-12.,-1.4));
#2236=DIRECTION('',(0.,-0.,-1.));
#2237=DIRECTION('',(0.,1.,-0.));
#2238=AXIS2_PLACEMENT_3D('',#2235,#2236,#2237);
#2239=CIRCLE('',#2238,0.5);
#2240=EDGE_CURVE('',#1924,#1875,#2239,.T.);
#2241=ORIENTED_EDGE('',*,*,#2240,.F.);
#2242=EDGE_LOOP('',(#2226,#2233,#2234,#2241));
#2243=FACE_BOUND('',#2242,.T.);
#2244=ADVANCED_FACE('',(#2243),#2225,.T.);
#2245=CARTESIAN_POINT('',(-13.80231978,-12.5,-1.4));
#2246=DIRECTION('',(0.,1.,0.));
#2247=DIRECTION('',(0.,-0.,1.));
#2248=AXIS2_PLACEMENT_3D('',#2245,#2246,#2247);
#2249=CYLINDRICAL_SURFACE('',#2248,0.5);
#2250=ORIENTED_EDGE('',*,*,#195,.F.);
#2251=ORIENTED_EDGE('',*,*,#1935,.F.);
#2252=CARTESIAN_POINT('',(-13.80231978,-12.,-1.4));
#2253=DIRECTION('',(-0.,-1.,-0.));
#2254=DIRECTION('',(0.,-0.,1.));
#2255=AXIS2_PLACEMENT_3D('',#2252,#2253,#2254);
#2256=CIRCLE('',#2255,0.5);
#2257=EDGE_CURVE('',#601,#1924,#2256,.T.);
#2258=ORIENTED_EDGE('',*,*,#2257,.F.);
#2259=ORIENTED_EDGE('',*,*,#606,.F.);
#2260=EDGE_LOOP('',(#2250,#2251,#2258,#2259));
#2261=FACE_BOUND('',#2260,.T.);
#2262=ADVANCED_FACE('',(#2261),#2249,.T.);
#2263=CARTESIAN_POINT('',(-13.80231978,-12.,-1.4));
#2264=DIRECTION('',(0.,0.,1.));
#2265=DIRECTION('',(1.,0.,-0.));
#2266=AXIS2_PLACEMENT_3D('',#2263,#2264,#2265);
#2267=SPHERICAL_SURFACE('',#2266,0.5);
#2268=ORIENTED_EDGE('',*,*,#2257,.T.);
#2269=ORIENTED_EDGE('',*,*,#2240,.T.);
#2270=CARTESIAN_POINT('',(-13.80231978,-12.,-1.4));
#2271=DIRECTION('',(-1.,-0.,-0.));
#2272=DIRECTION('',(0.,0.,-1.));
#2273=AXIS2_PLACEMENT_3D('',#2270,#2271,#2272);
#2274=CIRCLE('',#2273,0.5);
#2275=EDGE_CURVE('',#601,#1875,#2274,.T.);
#2276=ORIENTED_EDGE('',*,*,#2275,.F.);
#2277=EDGE_LOOP('',(#2268,#2269,#2276));
#2278=FACE_BOUND('',#2277,.T.);
#2279=ADVANCED_FACE('',(#2278),#2267,.T.);
#2280=CARTESIAN_POINT('',(-17.10231978,-12.,-1.4));
#2281=DIRECTION('',(1.,0.,0.));
#2282=DIRECTION('',(0.,0.,-1.));
#2283=AXIS2_PLACEMENT_3D('',#2280,#2281,#2282);
#2284=CYLINDRICAL_SURFACE('',#2283,0.5);
#2285=ORIENTED_EDGE('',*,*,#2275,.T.);
#2286=ORIENTED_EDGE('',*,*,#1904,.F.);
#2287=CARTESIAN_POINT('',(-16.60231978,-12.,-1.4));
#2288=DIRECTION('',(-1.,-0.,-0.));
#2289=DIRECTION('',(0.,0.,-1.));
#2290=AXIS2_PLACEMENT_3D('',#2287,#2288,#2289);
#2291=CIRCLE('',#2290,0.5);
#2292=EDGE_CURVE('',#609,#1893,#2291,.T.);
#2293=ORIENTED_EDGE('',*,*,#2292,.F.);
#2294=ORIENTED_EDGE('',*,*,#614,.F.);
#2295=EDGE_LOOP('',(#2285,#2286,#2293,#2294));
#2296=FACE_BOUND('',#2295,.T.);
#2297=ADVANCED_FACE('',(#2296),#2284,.T.);
#2298=CARTESIAN_POINT('',(-16.60231978,-9.5,-1.4));
#2299=DIRECTION('',(0.,-1.,0.));
#2300=DIRECTION('',(0.,0.,-1.));
#2301=AXIS2_PLACEMENT_3D('',#2298,#2299,#2300);
#2302=CYLINDRICAL_SURFACE('',#2301,0.5);
#2303=ORIENTED_EDGE('',*,*,#144,.F.);
#2304=ORIENTED_EDGE('',*,*,#620,.F.);
#2305=CARTESIAN_POINT('',(-16.60231978,-12.,-1.4));
#2306=DIRECTION('',(0.,-1.,0.));
#2307=DIRECTION('',(0.,0.,-1.));
#2308=AXIS2_PLACEMENT_3D('',#2305,#2306,#2307);
#2309=CIRCLE('',#2308,0.5);
#2310=EDGE_CURVE('',#1844,#609,#2309,.T.);
#2311=ORIENTED_EDGE('',*,*,#2310,.F.);
#2312=ORIENTED_EDGE('',*,*,#1864,.F.);
#2313=EDGE_LOOP('',(#2303,#2304,#2311,#2312));
#2314=FACE_BOUND('',#2313,.T.);
#2315=ADVANCED_FACE('',(#2314),#2302,.T.);
#2316=CARTESIAN_POINT('',(-16.60231978,-12.,-1.4));
#2317=DIRECTION('',(0.,0.,1.));
#2318=DIRECTION('',(1.,0.,-0.));
#2319=AXIS2_PLACEMENT_3D('',#2316,#2317,#2318);
#2320=SPHERICAL_SURFACE('',#2319,0.5);
#2321=ORIENTED_EDGE('',*,*,#2310,.T.);
#2322=ORIENTED_EDGE('',*,*,#2292,.T.);
#2323=CARTESIAN_POINT('',(-16.60231978,-12.,-1.4));
#2324=DIRECTION('',(-0.,0.,1.));
#2325=DIRECTION('',(0.,1.,-0.));
#2326=AXIS2_PLACEMENT_3D('',#2323,#2324,#2325);
#2327=CIRCLE('',#2326,0.5);
#2328=EDGE_CURVE('',#1844,#1893,#2327,.T.);
#2329=ORIENTED_EDGE('',*,*,#2328,.F.);
#2330=EDGE_LOOP('',(#2321,#2322,#2329));
#2331=FACE_BOUND('',#2330,.T.);
#2332=ADVANCED_FACE('',(#2331),#2320,.T.);
#2333=CARTESIAN_POINT('',(-16.60231978,-12.,3.048085817));
#2334=DIRECTION('',(0.,-0.,-1.));
#2335=DIRECTION('',(0.,1.,-0.));
#2336=AXIS2_PLACEMENT_3D('',#2333,#2334,#2335);
#2337=CYLINDRICAL_SURFACE('',#2336,0.5);
#2338=ORIENTED_EDGE('',*,*,#1898,.F.);
#2339=CARTESIAN_POINT('',(-16.60231978,-12.,15.6));
#2340=DIRECTION('',(0.,-0.,-1.));
#2341=DIRECTION('',(0.,1.,-0.));
#2342=AXIS2_PLACEMENT_3D('',#2339,#2340,#2341);
#2343=CIRCLE('',#2342,0.5);
#2344=EDGE_CURVE('',#1885,#1846,#2343,.T.);
#2345=ORIENTED_EDGE('',*,*,#2344,.T.);
#2346=ORIENTED_EDGE('',*,*,#1851,.F.);
#2347=ORIENTED_EDGE('',*,*,#2328,.T.);
#2348=EDGE_LOOP('',(#2338,#2345,#2346,#2347));
#2349=FACE_BOUND('',#2348,.T.);
#2350=ADVANCED_FACE('',(#2349),#2337,.T.);
#2351=CARTESIAN_POINT('',(-16.60231978,-8.540296053,15.6));
#2352=DIRECTION('',(0.,-1.,0.));
#2353=DIRECTION('',(0.,0.,-1.));
#2354=AXIS2_PLACEMENT_3D('',#2351,#2352,#2353);
#2355=CYLINDRICAL_SURFACE('',#2354,0.5);
#2356=ORIENTED_EDGE('',*,*,#798,.F.);
#2357=ORIENTED_EDGE('',*,*,#707,.F.);
#2358=CARTESIAN_POINT('',(-16.60231978,12.,15.6));
#2359=DIRECTION('',(0.,1.,0.));
#2360=DIRECTION('',(0.,-0.,1.));
#2361=AXIS2_PLACEMENT_3D('',#2358,#2359,#2360);
#2362=CIRCLE('',#2361,0.5);
#2363=EDGE_CURVE('',#866,#696,#2362,.T.);
#2364=ORIENTED_EDGE('',*,*,#2363,.F.);
#2365=ORIENTED_EDGE('',*,*,#871,.F.);
#2366=EDGE_LOOP('',(#2356,#2357,#2364,#2365));
#2367=FACE_BOUND('',#2366,.T.);
#2368=ADVANCED_FACE('',(#2367),#2355,.T.);
#2369=CARTESIAN_POINT('',(-13.80231978,10.,15.6));
#2370=DIRECTION('',(0.,-1.,0.));
#2371=DIRECTION('',(0.,0.,-1.));
#2372=AXIS2_PLACEMENT_3D('',#2369,#2370,#2371);
#2373=CYLINDRICAL_SURFACE('',#2372,0.5);
#2374=ORIENTED_EDGE('',*,*,#788,.F.);
#2375=ORIENTED_EDGE('',*,*,#909,.F.);
#2376=CARTESIAN_POINT('',(-13.80231978,12.,15.6));
#2377=DIRECTION('',(0.,1.,0.));
#2378=DIRECTION('',(0.,-0.,1.));
#2379=AXIS2_PLACEMENT_3D('',#2376,#2377,#2378);
#2380=CIRCLE('',#2379,0.5);
#2381=EDGE_CURVE('',#688,#898,#2380,.T.);
#2382=ORIENTED_EDGE('',*,*,#2381,.F.);
#2383=ORIENTED_EDGE('',*,*,#693,.F.);
#2384=EDGE_LOOP('',(#2374,#2375,#2382,#2383));
#2385=FACE_BOUND('',#2384,.T.);
#2386=ADVANCED_FACE('',(#2385),#2373,.T.);
#2387=CARTESIAN_POINT('',(-16.60231978,12.,15.6));
#2388=DIRECTION('',(0.,0.,1.));
#2389=DIRECTION('',(1.,0.,-0.));
#2390=AXIS2_PLACEMENT_3D('',#2387,#2388,#2389);
#2391=SPHERICAL_SURFACE('',#2390,0.5);
#2392=ORIENTED_EDGE('',*,*,#2214,.F.);
#2393=ORIENTED_EDGE('',*,*,#2363,.T.);
#2394=CARTESIAN_POINT('',(-16.60231978,12.,15.6));
#2395=DIRECTION('',(1.,0.,0.));
#2396=DIRECTION('',(0.,0.,-1.));
#2397=AXIS2_PLACEMENT_3D('',#2394,#2395,#2396);
#2398=CIRCLE('',#2397,0.5);
#2399=EDGE_CURVE('',#929,#696,#2398,.T.);
#2400=ORIENTED_EDGE('',*,*,#2399,.F.);
#2401=EDGE_LOOP('',(#2392,#2393,#2400));
#2402=FACE_BOUND('',#2401,.T.);
#2403=ADVANCED_FACE('',(#2402),#2391,.T.);
#2404=CARTESIAN_POINT('',(-13.80231978,12.,15.6));
#2405=DIRECTION('',(0.,0.,1.));
#2406=DIRECTION('',(1.,0.,-0.));
#2407=AXIS2_PLACEMENT_3D('',#2404,#2405,#2406);
#2408=SPHERICAL_SURFACE('',#2407,0.5);
#2409=ORIENTED_EDGE('',*,*,#2381,.T.);
#2410=ORIENTED_EDGE('',*,*,#2120,.F.);
#2411=CARTESIAN_POINT('',(-13.80231978,12.,15.6));
#2412=DIRECTION('',(-1.,0.,0.));
#2413=DIRECTION('',(0.,0.,1.));
#2414=AXIS2_PLACEMENT_3D('',#2411,#2412,#2413);
#2415=CIRCLE('',#2414,0.5);
#2416=EDGE_CURVE('',#688,#937,#2415,.T.);
#2417=ORIENTED_EDGE('',*,*,#2416,.F.);
#2418=EDGE_LOOP('',(#2409,#2410,#2417));
#2419=FACE_BOUND('',#2418,.T.);
#2420=ADVANCED_FACE('',(#2419),#2408,.T.);
#2421=CARTESIAN_POINT('',(-13.30231978,12.,15.6));
#2422=DIRECTION('',(1.,0.,0.));
#2423=DIRECTION('',(0.,0.,-1.));
#2424=AXIS2_PLACEMENT_3D('',#2421,#2422,#2423);
#2425=CYLINDRICAL_SURFACE('',#2424,0.5);
#2426=ORIENTED_EDGE('',*,*,#2399,.T.);
#2427=ORIENTED_EDGE('',*,*,#701,.F.);
#2428=ORIENTED_EDGE('',*,*,#2416,.T.);
#2429=ORIENTED_EDGE('',*,*,#942,.F.);
#2430=EDGE_LOOP('',(#2426,#2427,#2428,#2429));
#2431=FACE_BOUND('',#2430,.T.);
#2432=ADVANCED_FACE('',(#2431),#2425,.T.);
#2433=CARTESIAN_POINT('',(-13.80231978,-11.,15.6));
#2434=DIRECTION('',(0.,-1.,0.));
#2435=DIRECTION('',(0.,0.,-1.));
#2436=AXIS2_PLACEMENT_3D('',#2433,#2434,#2435);
#2437=CYLINDRICAL_SURFACE('',#2436,0.5);
#2438=CARTESIAN_POINT('',(-13.80231978,-12.,15.6));
#2439=DIRECTION('',(0.,-1.,0.));
#2440=DIRECTION('',(0.,0.,-1.));
#2441=AXIS2_PLACEMENT_3D('',#2438,#2439,#2440);
#2442=CIRCLE('',#2441,0.5);
#2443=EDGE_CURVE('',#1916,#1955,#2442,.T.);
#2444=ORIENTED_EDGE('',*,*,#2443,.F.);
#2445=ORIENTED_EDGE('',*,*,#1921,.F.);
#2446=ORIENTED_EDGE('',*,*,#178,.F.);
#2447=ORIENTED_EDGE('',*,*,#1966,.F.);
#2448=EDGE_LOOP('',(#2444,#2445,#2446,#2447));
#2449=FACE_BOUND('',#2448,.T.);
#2450=ADVANCED_FACE('',(#2449),#2437,.T.);
#2451=CARTESIAN_POINT('',(-13.80231978,-12.,15.6));
#2452=DIRECTION('',(0.,0.,1.));
#2453=DIRECTION('',(1.,0.,-0.));
#2454=AXIS2_PLACEMENT_3D('',#2451,#2452,#2453);
#2455=SPHERICAL_SURFACE('',#2454,0.5);
#2456=ORIENTED_EDGE('',*,*,#2232,.F.);
#2457=ORIENTED_EDGE('',*,*,#2443,.T.);
#2458=CARTESIAN_POINT('',(-13.80231978,-12.,15.6));
#2459=DIRECTION('',(-1.,0.,0.));
#2460=DIRECTION('',(0.,0.,1.));
#2461=AXIS2_PLACEMENT_3D('',#2458,#2459,#2460);
#2462=CIRCLE('',#2461,0.5);
#2463=EDGE_CURVE('',#1877,#1955,#2462,.T.);
#2464=ORIENTED_EDGE('',*,*,#2463,.F.);
#2465=EDGE_LOOP('',(#2456,#2457,#2464));
#2466=FACE_BOUND('',#2465,.T.);
#2467=ADVANCED_FACE('',(#2466),#2455,.T.);
#2468=CARTESIAN_POINT('',(-32.2,-12.,15.6));
#2469=DIRECTION('',(-1.,0.,0.));
#2470=DIRECTION('',(0.,0.,1.));
#2471=AXIS2_PLACEMENT_3D('',#2468,#2469,#2470);
#2472=CYLINDRICAL_SURFACE('',#2471,0.5);
#2473=CARTESIAN_POINT('',(-16.60231978,-12.,15.6));
#2474=DIRECTION('',(-1.,0.,0.));
#2475=DIRECTION('',(0.,0.,1.));
#2476=AXIS2_PLACEMENT_3D('',#2473,#2474,#2475);
#2477=CIRCLE('',#2476,0.5);
#2478=EDGE_CURVE('',#1885,#1947,#2477,.T.);
#2479=ORIENTED_EDGE('',*,*,#2478,.F.);
#2480=ORIENTED_EDGE('',*,*,#1890,.F.);
#2481=ORIENTED_EDGE('',*,*,#2463,.T.);
#2482=ORIENTED_EDGE('',*,*,#1960,.F.);
#2483=EDGE_LOOP('',(#2479,#2480,#2481,#2482));
#2484=FACE_BOUND('',#2483,.T.);
#2485=ADVANCED_FACE('',(#2484),#2472,.T.);
#2486=CARTESIAN_POINT('',(-16.60231978,-12.,15.6));
#2487=DIRECTION('',(0.,0.,1.));
#2488=DIRECTION('',(1.,0.,-0.));
#2489=AXIS2_PLACEMENT_3D('',#2486,#2487,#2488);
#2490=SPHERICAL_SURFACE('',#2489,0.5);
#2491=ORIENTED_EDGE('',*,*,#2344,.F.);
#2492=ORIENTED_EDGE('',*,*,#2478,.T.);
#2493=CARTESIAN_POINT('',(-16.60231978,-12.,15.6));
#2494=DIRECTION('',(0.,1.,0.));
#2495=DIRECTION('',(-1.,0.,0.));
#2496=AXIS2_PLACEMENT_3D('',#2493,#2494,#2495);
#2497=CIRCLE('',#2496,0.5);
#2498=EDGE_CURVE('',#1846,#1947,#2497,.T.);
#2499=ORIENTED_EDGE('',*,*,#2498,.F.);
#2500=EDGE_LOOP('',(#2491,#2492,#2499));
#2501=FACE_BOUND('',#2500,.T.);
#2502=ADVANCED_FACE('',(#2501),#2490,.T.);
#2503=CARTESIAN_POINT('',(-16.60231978,-11.,15.6));
#2504=DIRECTION('',(0.,1.,0.));
#2505=DIRECTION('',(0.,-0.,1.));
#2506=AXIS2_PLACEMENT_3D('',#2503,#2504,#2505);
#2507=CYLINDRICAL_SURFACE('',#2506,0.5);
#2508=ORIENTED_EDGE('',*,*,#161,.F.);
#2509=ORIENTED_EDGE('',*,*,#1857,.F.);
#2510=ORIENTED_EDGE('',*,*,#2498,.T.);
#2511=ORIENTED_EDGE('',*,*,#1952,.F.);
#2512=EDGE_LOOP('',(#2508,#2509,#2510,#2511));
#2513=FACE_BOUND('',#2512,.T.);
#2514=ADVANCED_FACE('',(#2513),#2507,.T.);
#2515=CARTESIAN_POINT('',(-14.022800422,0.,7.614285714));
#2516=DIRECTION('',(1.,-0.,0.));
#2517=DIRECTION('',(-0.,-1.,0.));
#2518=AXIS2_PLACEMENT_3D('',#2515,#2516,#2517);
#2519=CYLINDRICAL_SURFACE('',#2518,7.614285714);
#2520=ORIENTED_EDGE('',*,*,#1031,.T.);
#2521=ORIENTED_EDGE('',*,*,#1619,.T.);
#2522=ORIENTED_EDGE('',*,*,#518,.T.);
#2523=ORIENTED_EDGE('',*,*,#1800,.F.);
#2524=ORIENTED_EDGE('',*,*,#366,.F.);
#2525=ORIENTED_EDGE('',*,*,#436,.T.);
#2526=ORIENTED_EDGE('',*,*,#1492,.T.);
#2527=ORIENTED_EDGE('',*,*,#1244,.F.);
#2528=ORIENTED_EDGE('',*,*,#999,.T.);
#2529=EDGE_LOOP('',(#2520,#2521,#2522,#2523,#2524,#2525,#2526,#2527,#2528));
#2530=FACE_BOUND('',#2529,.T.);
#2531=ADVANCED_FACE('',(#2530),#2519,.F.);
#2532=CLOSED_SHELL('',(#237,#279,#320,#352,#392,#440,#569,#671,#711,#858,#889,#920,#960,#1019,#1192,#1232,#1279,#1345,#1367,#1389,#1414,#1430,#1461,#1497,#1521,#1533,
#1557,#1569,#1593,#1632,#1654,#1676,#1693,#1708,#1754,#1766,#1778,#1789,#1806,#1825,#1837,#1868,#1908,#1939,#1970,#1988,#2006,#2024,#2042,#2060,#2078,
#2090,#2108,#2132,#2149,#2167,#2185,#2202,#2220,#2244,#2262,#2279,#2297,#2315,#2332,#2350,#2368,#2386,#2403,#2420,#2432,#2450,#2467,#2485,#2502,#2514,
#2531));
#2533=MANIFOLD_SOLID_BREP('Cartridge',#2532);
#54=STYLED_ITEM('',(),#2533);
#35=SHAPE_REPRESENTATION('Base',(#15),#33);
#36=ADVANCED_BREP_SHAPE_REPRESENTATION('Base',(#2533),#33);
#2541=SHAPE_REPRESENTATION_RELATIONSHIP('','',#35,#36);
#2542=APPLICATION_CONTEXT('configuration controlled 3D design of mechanical parts and assemblies');
#2543=APPLICATION_PROTOCOL_DEFINITION('international standard','configuration_control_3d_design_ed2_mim',2004,#2542);
#2544=PRODUCT_CONTEXT('',#2542,'mechanical');
#2545=PRODUCT_DEFINITION_CONTEXT('part definition',#2542,'design');
#43=PRODUCT('0','0','',(#2544));
#2546=PRODUCT_RELATED_PRODUCT_CATEGORY('part','',(#43));
#2547=PRODUCT_DEFINITION_FORMATION_WITH_SPECIFIED_SOURCE('','',#43,.NOT_KNOWN.);
#44=PRODUCT_DEFINITION('design','',#2547,#2545);
#42=PRODUCT_DEFINITION_SHAPE('','',#44);
#2548=SHAPE_DEFINITION_REPRESENTATION(#42,#35);
#34=DRAUGHTING_MODEL('',(),#33);
#16=SHAPE_REPRESENTATION('root',(#15,#48),#10);
#24=PRODUCT('root','root','',(#2544));
#2549=PRODUCT_RELATED_PRODUCT_CATEGORY('part','',(#24));
#2550=PRODUCT_DEFINITION_FORMATION_WITH_SPECIFIED_SOURCE('','',#24,.NOT_KNOWN.);
#25=PRODUCT_DEFINITION('design','',#2550,#2545);
#23=PRODUCT_DEFINITION_SHAPE('','',#25);
#2551=SHAPE_DEFINITION_REPRESENTATION(#23,#16);
#11=DRAUGHTING_MODEL('',(),#10);
#1=MECHANICAL_DESIGN_GEOMETRIC_PRESENTATION_REPRESENTATION('',(#54),#10);
ENDSEC;
END-ISO-10303-21;
