ISO-10303-21;
HEADER;

/* File generated by HOOPS Exchange Version 25.8.0 */

FILE_DESCRIPTION(('HOOPS Exchange Step'),'2;1');

FILE_NAME('/home/tfannes/prints/260619_sg90_holder/holder_2.step',
'2026-06-19T17:06:27+02:00',
('tfannes'),
('Unknown organisation'),
'HOOPS Exchange 2025.8',
'HOOPS Exchange',
'Unknown authorisation');

FILE_SCHEMA( ('AP203_CONFIGURATION_CONTROLLED_3D_DESIGN_OF_MECHANICAL_PARTS_AND_ASSEMBLIES_MIM_LF') );

ENDSEC;

DATA;
#3=(NAMED_UNIT(*)PLANE_ANGLE_UNIT()SI_UNIT($,.RADIAN.));
#4=PLANE_ANGLE_MEASURE_WITH_UNIT(PLANE_ANGLE_MEASURE(0.0174532925),#3);
#5=(CONVERSION_BASED_UNIT('DEGREE',#4)NAMED_UNIT(#6)PLANE_ANGLE_UNIT());
#6=DIMENSIONAL_EXPONENTS(0.,0.,0.,0.,0.,0.,0.);
#7=(NAMED_UNIT(*)SI_UNIT($,.STERADIAN.)SOLID_ANGLE_UNIT());
#8=(LENGTH_UNIT()NAMED_UNIT(*)SI_UNIT(.MILLI.,.METRE.));
#9=UNCERTAINTY_MEASURE_WITH_UNIT(LENGTH_MEASURE(1.000000E-05),#8,'DISTANCE_ACCURACY_VALUE','Maximum Tolerance applied to model');
#10=(GEOMETRIC_REPRESENTATION_CONTEXT(3)GLOBAL_UNCERTAINTY_ASSIGNED_CONTEXT((#9))GLOBAL_UNIT_ASSIGNED_CONTEXT((#8,#5,#7))REPRESENTATION_CONTEXT('','root'));
#12=CARTESIAN_POINT('',(0.,0.,0.));
#13=DIRECTION('',(0.,0.,1.));
#14=DIRECTION('',(1.,0.,0.));
#15=AXIS2_PLACEMENT_3D('TS3D_PRODUCT_CSYS',#12,#13,#14);
#27=CARTESIAN_POINT('',(-25.,-12.5,0.));
#28=CARTESIAN_POINT('',(-25.,12.5,0.));
#29=CARTESIAN_POINT('',(25.,-12.5,0.));
#30=CARTESIAN_POINT('',(25.,12.5,0.));
#31=B_SPLINE_SURFACE_WITH_KNOTS('',1,1,((#27,#28),(#29,#30)),.UNSPECIFIED.,.F.,.F.,.U.,(2,2),(2,2),(-0.05,0.),(-0.0375,-0.0125),.UNSPECIFIED.);
#32=CARTESIAN_POINT('',(-8.150668377,2.958089248,-0.000009472));
#33=VERTEX_POINT('',#32);
#34=CARTESIAN_POINT('',(-4.998581995,8.417576547,0.000006592));
#35=VERTEX_POINT('',#34);
#36=CARTESIAN_POINT('',(-8.150498145,2.958138275,0.));
#37=CARTESIAN_POINT('',(-8.2813286,3.053828066,0.));
#38=CARTESIAN_POINT('',(-8.398231494,3.155272584,0.));
#39=CARTESIAN_POINT('',(-8.51790044,3.259117393,0.));
#40=CARTESIAN_POINT('',(-8.62780545,3.372782209,0.));
#41=CARTESIAN_POINT('',(-8.847444567,3.59993509,0.));
#42=CARTESIAN_POINT('',(-9.025902324,3.862903314,0.));
#43=CARTESIAN_POINT('',(-9.204231035,4.125681383,0.));
#44=CARTESIAN_POINT('',(-9.333979938,4.413184746,0.));
#45=CARTESIAN_POINT('',(-9.465231989,4.704018853,0.));
#46=CARTESIAN_POINT('',(-9.541201177,5.007781921,0.));
#47=CARTESIAN_POINT('',(-9.617641502,5.313428833,0.));
#48=CARTESIAN_POINT('',(-9.636678547,5.62913734,0.));
#49=CARTESIAN_POINT('',(-9.655686375,5.944361325,0.));
#50=CARTESIAN_POINT('',(-9.616858055,6.256428393,0.));
#51=CARTESIAN_POINT('',(-9.577707395,6.571086135,0.));
#52=CARTESIAN_POINT('',(-9.481578319,6.868044929,0.));
#53=CARTESIAN_POINT('',(-9.384778811,7.167074802,0.));
#54=CARTESIAN_POINT('',(-9.231604745,7.441026617,0.));
#55=CARTESIAN_POINT('',(-9.155247559,7.577591442,0.));
#56=CARTESIAN_POINT('',(-9.065955223,7.705995079,0.));
#57=CARTESIAN_POINT('',(-8.97656073,7.834545619,0.));
#58=CARTESIAN_POINT('',(-8.875396692,7.953208808,0.));
#59=CARTESIAN_POINT('',(-8.773742048,8.072447467,0.));
#60=CARTESIAN_POINT('',(-8.661578449,8.180099588,0.));
#61=CARTESIAN_POINT('',(-8.548490594,8.28863879,0.));
#62=CARTESIAN_POINT('',(-8.426237815,8.383951749,0.));
#63=CARTESIAN_POINT('',(-8.179832415,8.576058857,0.));
#64=CARTESIAN_POINT('',(-7.899153118,8.711616661,0.));
#65=CARTESIAN_POINT('',(-7.759256994,8.779181357,0.));
#66=CARTESIAN_POINT('',(-7.613157177,8.831568499,0.));
#67=CARTESIAN_POINT('',(-7.466828044,8.884037867,0.));
#68=CARTESIAN_POINT('',(-7.316533344,8.920480136,0.));
#69=CARTESIAN_POINT('',(-7.165383199,8.957129827,0.));
#70=CARTESIAN_POINT('',(-7.012583291,8.977004256,0.));
#71=CARTESIAN_POINT('',(-6.858343931,8.997065911,0.));
#72=CARTESIAN_POINT('',(-6.704809533,8.99973144,0.));
#73=CARTESIAN_POINT('',(-6.550549527,9.002409566,0.));
#74=CARTESIAN_POINT('',(-6.39697201,8.987386777,0.));
#75=CARTESIAN_POINT('',(-6.243698392,8.972393716,0.));
#76=CARTESIAN_POINT('',(-6.093105134,8.940036216,0.));
#77=CARTESIAN_POINT('',(-5.942468706,8.90766944,0.));
#78=CARTESIAN_POINT('',(-5.797200217,8.858513399,0.));
#79=CARTESIAN_POINT('',(-5.651208908,8.80911277,0.));
#80=CARTESIAN_POINT('',(-5.513287227,8.74365975,0.));
#81=CARTESIAN_POINT('',(-5.37406798,8.677590949,0.));
#82=CARTESIAN_POINT('',(-5.245587274,8.59636854,0.));
#83=CARTESIAN_POINT('',(-5.114536844,8.513521612,0.));
#84=CARTESIAN_POINT('',(-4.998546137,8.417647418,0.));
#85=B_SPLINE_CURVE_WITH_KNOTS('',2,(#36,#37,#38,#39,#40,#41,#42,#43,#44,#45,#46,#47,#48,#49,#50,#51,#52,#53,#54,#55,#56,#57,#58,#59,#60,#61,
#62,#63,#64,#65,#66,#67,#68,#69,#70,#71,#72,#73,#74,#75,#76,#77,#78,#79,#80,#81,#82,#83,#84),.UNSPECIFIED.,.F.,.F.,(3,2,2,2,2,2,2,2,2,2,2,2,2,2,2,2,2,2,2,2,2,2,2,2,3),(0.,0.03125,0.0625,0.125,0.1875,0.25,0.3125,0.375,0.4375,0.5,0.53125,0.5625,0.59375,0.625,0.6875,0.71875,0.75,0.78125,0.8125,0.84375,0.875,0.90625,0.9375,0.96875,1.),.UNSPECIFIED.);
#86=EDGE_CURVE('',#33,#35,#85,.T.);
#87=ORIENTED_EDGE('',*,*,#86,.F.);
#88=CARTESIAN_POINT('',(-4.99858832,8.417534161,0.));
#89=CARTESIAN_POINT('',(-4.852280048,8.363033412,0.));
#90=CARTESIAN_POINT('',(-4.714069641,8.290389256,0.));
#91=CARTESIAN_POINT('',(-4.57787963,8.218807033,0.));
#92=CARTESIAN_POINT('',(-4.448590861,8.128651263,0.));
#93=CARTESIAN_POINT('',(-4.320933197,8.039632896,0.));
#94=CARTESIAN_POINT('',(-4.202590141,7.933840683,0.));
#95=CARTESIAN_POINT('',(-4.086944791,7.830460073,0.));
#96=CARTESIAN_POINT('',(-3.982574595,7.7127094,0.));
#97=CARTESIAN_POINT('',(-3.87928605,7.596179047,0.));
#98=CARTESIAN_POINT('',(-3.78920667,7.467463323,0.));
#99=CARTESIAN_POINT('',(-3.699320425,7.339023573,0.));
#100=CARTESIAN_POINT('',(-3.624546975,7.200595539,0.));
#101=CARTESIAN_POINT('',(-3.551205534,7.064818584,0.));
#102=CARTESIAN_POINT('',(-3.492671537,6.918868032,0.));
#103=CARTESIAN_POINT('',(-3.43497301,6.775000665,0.));
#104=CARTESIAN_POINT('',(-3.392741595,6.62304796,0.));
#105=CARTESIAN_POINT('',(-3.351008266,6.472887413,0.));
#106=CARTESIAN_POINT('',(-3.325328522,6.317029567,0.));
#107=CARTESIAN_POINT('',(-3.300121765,6.164042418,0.));
#108=CARTESIAN_POINT('',(-3.291061533,6.007727212,0.));
#109=CARTESIAN_POINT('',(-3.282038904,5.85206075,0.));
#110=CARTESIAN_POINT('',(-3.289497052,5.695326333,0.));
#111=CARTESIAN_POINT('',(-3.296927446,5.539175182,0.));
#112=CARTESIAN_POINT('',(-3.321026841,5.383719789,0.));
#113=CARTESIAN_POINT('',(-3.344644176,5.231373965,0.));
#114=CARTESIAN_POINT('',(-3.384530103,5.079438358,0.));
#115=CARTESIAN_POINT('',(-3.423843455,4.929683835,0.));
#116=CARTESIAN_POINT('',(-3.478778454,4.782312199,0.));
#117=CARTESIAN_POINT('',(-3.533265189,4.636143098,0.));
#118=CARTESIAN_POINT('',(-3.602687946,4.494383777,0.));
#119=CARTESIAN_POINT('',(-3.670906668,4.355083062,0.));
#120=CARTESIAN_POINT('',(-3.752938191,4.2219604,0.));
#121=CARTESIAN_POINT('',(-3.834463868,4.089658638,0.));
#122=CARTESIAN_POINT('',(-3.928883386,3.965265931,0.));
#123=CARTESIAN_POINT('',(-4.023561155,3.840532991,0.));
#124=CARTESIAN_POINT('',(-4.130539978,3.725214732,0.));
#125=CARTESIAN_POINT('',(-4.235630959,3.611931479,0.));
#126=CARTESIAN_POINT('',(-4.353191225,3.507395739,0.));
#127=CARTESIAN_POINT('',(-4.468458706,3.404898765,0.));
#128=CARTESIAN_POINT('',(-4.594689107,3.312128717,0.));
#129=CARTESIAN_POINT('',(-4.71987689,3.220124917,0.));
#130=CARTESIAN_POINT('',(-4.854641531,3.138944485,0.));
#131=CARTESIAN_POINT('',(-4.988110152,3.058544759,0.));
#132=CARTESIAN_POINT('',(-5.129640302,2.989908575,0.));
#133=CARTESIAN_POINT('',(-5.269080466,2.922285946,0.));
#134=CARTESIAN_POINT('',(-5.414954595,2.867080933,0.));
#135=CARTESIAN_POINT('',(-5.560262996,2.812090016,0.));
#136=CARTESIAN_POINT('',(-5.710492536,2.770287188,0.));
#137=CARTESIAN_POINT('',(-5.860481667,2.728551257,0.));
#138=CARTESIAN_POINT('',(-6.015908496,2.700219828,0.));
#139=CARTESIAN_POINT('',(-6.168136157,2.672471549,0.));
#140=CARTESIAN_POINT('',(-6.324630142,2.657996629,0.));
#141=CARTESIAN_POINT('',(-6.478280111,2.643784767,0.));
#142=CARTESIAN_POINT('',(-6.634680664,2.642770615,0.));
#143=CARTESIAN_POINT('',(-6.789748829,2.641765103,0.));
#144=CARTESIAN_POINT('',(-6.946034305,2.654018495,0.));
#145=CARTESIAN_POINT('',(-7.101715637,2.666224519,0.));
#146=CARTESIAN_POINT('',(-7.257067361,2.691742797,0.));
#147=CARTESIAN_POINT('',(-7.4103388,2.716919364,0.));
#148=CARTESIAN_POINT('',(-7.561795217,2.755085484,0.));
#149=CARTESIAN_POINT('',(-7.86441936,2.831344975,0.));
#150=CARTESIAN_POINT('',(-8.150716761,2.958044133,0.));
#151=B_SPLINE_CURVE_WITH_KNOTS('',2,(#88,#89,#90,#91,#92,#93,#94,#95,#96,#97,#98,#99,#100,#101,#102,#103,#104,#105,#106,#107,#108,#109,#110,#111,#112,#113,
#114,#115,#116,#117,#118,#119,#120,#121,#122,#123,#124,#125,#126,#127,#128,#129,#130,#131,#132,#133,#134,#135,#136,#137,#138,
#139,#140,#141,#142,#143,#144,#145,#146,#147,#148,#149,#150),.UNSPECIFIED.,.F.,.F.,(3,2,2,2,2,2,2,2,2,2,2,2,2,2,2,2,2,2,2,2,2,2,2,2,2,2,
2,2,2,2,2,3),(0.,0.03125,0.0625,0.09375,0.125,0.15625,0.1875,0.21875,0.25,0.28125,0.3125,0.34375,0.375,0.40625,0.4375,0.46875,0.5,0.53125,0.5625,0.59375,0.625,0.65625,0.6875,0.71875,0.75,0.78125,
0.8125,0.84375,0.875,0.90625,0.9375,1.),.UNSPECIFIED.);
#152=EDGE_CURVE('',#35,#33,#151,.T.);
#153=ORIENTED_EDGE('',*,*,#152,.F.);
#154=EDGE_LOOP('',(#87,#153));
#155=FACE_BOUND('',#154,.T.);
#156=CARTESIAN_POINT('',(-20.650668377,2.958089248,-0.000009472));
#157=VERTEX_POINT('',#156);
#158=CARTESIAN_POINT('',(-17.498581995,8.417576547,0.000006592));
#159=VERTEX_POINT('',#158);
#160=CARTESIAN_POINT('',(-20.650498145,2.958138275,0.));
#161=CARTESIAN_POINT('',(-20.7813286,3.053828066,0.));
#162=CARTESIAN_POINT('',(-20.898231494,3.155272584,0.));
#163=CARTESIAN_POINT('',(-21.01790044,3.259117393,0.));
#164=CARTESIAN_POINT('',(-21.12780545,3.372782209,0.));
#165=CARTESIAN_POINT('',(-21.347444567,3.59993509,0.));
#166=CARTESIAN_POINT('',(-21.525902324,3.862903314,0.));
#167=CARTESIAN_POINT('',(-21.704231035,4.125681383,0.));
#168=CARTESIAN_POINT('',(-21.833979938,4.413184746,0.));
#169=CARTESIAN_POINT('',(-21.965231989,4.704018853,0.));
#170=CARTESIAN_POINT('',(-22.041201177,5.007781921,0.));
#171=CARTESIAN_POINT('',(-22.117641502,5.313428833,0.));
#172=CARTESIAN_POINT('',(-22.136678547,5.62913734,0.));
#173=CARTESIAN_POINT('',(-22.155686375,5.944361325,0.));
#174=CARTESIAN_POINT('',(-22.116858055,6.256428393,0.));
#175=CARTESIAN_POINT('',(-22.077707395,6.571086135,0.));
#176=CARTESIAN_POINT('',(-21.981578319,6.868044929,0.));
#177=CARTESIAN_POINT('',(-21.884778811,7.167074802,0.));
#178=CARTESIAN_POINT('',(-21.731604745,7.441026617,0.));
#179=CARTESIAN_POINT('',(-21.655247559,7.577591442,0.));
#180=CARTESIAN_POINT('',(-21.565955223,7.705995079,0.));
#181=CARTESIAN_POINT('',(-21.47656073,7.834545619,0.));
#182=CARTESIAN_POINT('',(-21.375396692,7.953208808,0.));
#183=CARTESIAN_POINT('',(-21.273742048,8.072447467,0.));
#184=CARTESIAN_POINT('',(-21.161578449,8.180099588,0.));
#185=CARTESIAN_POINT('',(-21.048490594,8.28863879,0.));
#186=CARTESIAN_POINT('',(-20.926237815,8.383951749,0.));
#187=CARTESIAN_POINT('',(-20.679832415,8.576058857,0.));
#188=CARTESIAN_POINT('',(-20.399153118,8.711616661,0.));
#189=CARTESIAN_POINT('',(-20.259256994,8.779181357,0.));
#190=CARTESIAN_POINT('',(-20.113157177,8.831568499,0.));
#191=CARTESIAN_POINT('',(-19.966828044,8.884037867,0.));
#192=CARTESIAN_POINT('',(-19.816533344,8.920480136,0.));
#193=CARTESIAN_POINT('',(-19.665383199,8.957129827,0.));
#194=CARTESIAN_POINT('',(-19.512583291,8.977004256,0.));
#195=CARTESIAN_POINT('',(-19.358343931,8.997065911,0.));
#196=CARTESIAN_POINT('',(-19.204809533,8.99973144,0.));
#197=CARTESIAN_POINT('',(-19.050549527,9.002409566,0.));
#198=CARTESIAN_POINT('',(-18.89697201,8.987386777,0.));
#199=CARTESIAN_POINT('',(-18.743698392,8.972393716,0.));
#200=CARTESIAN_POINT('',(-18.593105134,8.940036216,0.));
#201=CARTESIAN_POINT('',(-18.442468706,8.90766944,0.));
#202=CARTESIAN_POINT('',(-18.297200217,8.858513399,0.));
#203=CARTESIAN_POINT('',(-18.151208908,8.80911277,0.));
#204=CARTESIAN_POINT('',(-18.013287227,8.74365975,0.));
#205=CARTESIAN_POINT('',(-17.87406798,8.677590949,0.));
#206=CARTESIAN_POINT('',(-17.745587274,8.59636854,0.));
#207=CARTESIAN_POINT('',(-17.614536844,8.513521612,0.));
#208=CARTESIAN_POINT('',(-17.498546137,8.417647418,0.));
#209=B_SPLINE_CURVE_WITH_KNOTS('',2,(#160,#161,#162,#163,#164,#165,#166,#167,#168,#169,#170,#171,#172,#173,#174,#175,#176,#177,#178,#179,#180,#181,#182,#183,#184,#185,
#186,#187,#188,#189,#190,#191,#192,#193,#194,#195,#196,#197,#198,#199,#200,#201,#202,#203,#204,#205,#206,#207,#208),.UNSPECIFIED.,.F.,.F.,(3,2,2,2,2,2,2,2,2,2,2,2,2,2,2,2,2,2,2,2,2,2,2,2,3),(0.,0.03125,0.0625,0.125,0.1875,0.25,0.3125,0.375,0.4375,0.5,0.53125,0.5625,0.59375,0.625,0.6875,0.71875,0.75,0.78125,0.8125,0.84375,0.875,0.90625,0.9375,0.96875,1.),.UNSPECIFIED.);
#210=EDGE_CURVE('',#157,#159,#209,.T.);
#211=ORIENTED_EDGE('',*,*,#210,.F.);
#212=CARTESIAN_POINT('',(-17.49858832,8.417534161,0.));
#213=CARTESIAN_POINT('',(-17.352280048,8.363033412,0.));
#214=CARTESIAN_POINT('',(-17.214069641,8.290389256,0.));
#215=CARTESIAN_POINT('',(-17.07787963,8.218807033,0.));
#216=CARTESIAN_POINT('',(-16.948590861,8.128651263,0.));
#217=CARTESIAN_POINT('',(-16.820933197,8.039632896,0.));
#218=CARTESIAN_POINT('',(-16.702590141,7.933840683,0.));
#219=CARTESIAN_POINT('',(-16.586944791,7.830460073,0.));
#220=CARTESIAN_POINT('',(-16.482574595,7.7127094,0.));
#221=CARTESIAN_POINT('',(-16.37928605,7.596179047,0.));
#222=CARTESIAN_POINT('',(-16.28920667,7.467463323,0.));
#223=CARTESIAN_POINT('',(-16.199320425,7.339023573,0.));
#224=CARTESIAN_POINT('',(-16.124546975,7.200595539,0.));
#225=CARTESIAN_POINT('',(-16.051205534,7.064818584,0.));
#226=CARTESIAN_POINT('',(-15.992671537,6.918868032,0.));
#227=CARTESIAN_POINT('',(-15.93497301,6.775000665,0.));
#228=CARTESIAN_POINT('',(-15.892741595,6.62304796,0.));
#229=CARTESIAN_POINT('',(-15.851008266,6.472887413,0.));
#230=CARTESIAN_POINT('',(-15.825328522,6.317029567,0.));
#231=CARTESIAN_POINT('',(-15.800121765,6.164042418,0.));
#232=CARTESIAN_POINT('',(-15.791061533,6.007727212,0.));
#233=CARTESIAN_POINT('',(-15.782038904,5.85206075,0.));
#234=CARTESIAN_POINT('',(-15.789497052,5.695326333,0.));
#235=CARTESIAN_POINT('',(-15.796927446,5.539175182,0.));
#236=CARTESIAN_POINT('',(-15.821026841,5.383719789,0.));
#237=CARTESIAN_POINT('',(-15.844644176,5.231373965,0.));
#238=CARTESIAN_POINT('',(-15.884530103,5.079438358,0.));
#239=CARTESIAN_POINT('',(-15.923843455,4.929683835,0.));
#240=CARTESIAN_POINT('',(-15.978778454,4.782312199,0.));
#241=CARTESIAN_POINT('',(-16.033265189,4.636143098,0.));
#242=CARTESIAN_POINT('',(-16.102687946,4.494383777,0.));
#243=CARTESIAN_POINT('',(-16.170906668,4.355083062,0.));
#244=CARTESIAN_POINT('',(-16.252938191,4.2219604,0.));
#245=CARTESIAN_POINT('',(-16.334463868,4.089658638,0.));
#246=CARTESIAN_POINT('',(-16.428883386,3.965265931,0.));
#247=CARTESIAN_POINT('',(-16.523561155,3.840532991,0.));
#248=CARTESIAN_POINT('',(-16.630539978,3.725214732,0.));
#249=CARTESIAN_POINT('',(-16.735630959,3.611931479,0.));
#250=CARTESIAN_POINT('',(-16.853191225,3.507395739,0.));
#251=CARTESIAN_POINT('',(-16.968458706,3.404898765,0.));
#252=CARTESIAN_POINT('',(-17.094689107,3.312128717,0.));
#253=CARTESIAN_POINT('',(-17.21987689,3.220124917,0.));
#254=CARTESIAN_POINT('',(-17.354641531,3.138944485,0.));
#255=CARTESIAN_POINT('',(-17.488110152,3.058544759,0.));
#256=CARTESIAN_POINT('',(-17.629640302,2.989908575,0.));
#257=CARTESIAN_POINT('',(-17.769080466,2.922285946,0.));
#258=CARTESIAN_POINT('',(-17.914954595,2.867080933,0.));
#259=CARTESIAN_POINT('',(-18.060262996,2.812090016,0.));
#260=CARTESIAN_POINT('',(-18.210492536,2.770287188,0.));
#261=CARTESIAN_POINT('',(-18.360481667,2.728551257,0.));
#262=CARTESIAN_POINT('',(-18.515908496,2.700219828,0.));
#263=CARTESIAN_POINT('',(-18.668136157,2.672471549,0.));
#264=CARTESIAN_POINT('',(-18.824630142,2.657996629,0.));
#265=CARTESIAN_POINT('',(-18.978280111,2.643784767,0.));
#266=CARTESIAN_POINT('',(-19.134680664,2.642770615,0.));
#267=CARTESIAN_POINT('',(-19.289748829,2.641765103,0.));
#268=CARTESIAN_POINT('',(-19.446034305,2.654018495,0.));
#269=CARTESIAN_POINT('',(-19.601715637,2.666224519,0.));
#270=CARTESIAN_POINT('',(-19.757067361,2.691742797,0.));
#271=CARTESIAN_POINT('',(-19.9103388,2.716919364,0.));
#272=CARTESIAN_POINT('',(-20.061795217,2.755085484,0.));
#273=CARTESIAN_POINT('',(-20.36441936,2.831344975,0.));
#274=CARTESIAN_POINT('',(-20.650716761,2.958044133,0.));
#275=B_SPLINE_CURVE_WITH_KNOTS('',2,(#212,#213,#214,#215,#216,#217,#218,#219,#220,#221,#222,#223,#224,#225,#226,#227,#228,#229,#230,#231,#232,#233,#234,#235,#236,#237,
#238,#239,#240,#241,#242,#243,#244,#245,#246,#247,#248,#249,#250,#251,#252,#253,#254,#255,#256,#257,#258,#259,#260,#261,#262,
#263,#264,#265,#266,#267,#268,#269,#270,#271,#272,#273,#274),.UNSPECIFIED.,.F.,.F.,(3,2,2,2,2,2,2,2,2,2,2,2,2,2,2,2,2,2,2,2,2,2,2,2,2,2,
2,2,2,2,2,3),(0.,0.03125,0.0625,0.09375,0.125,0.15625,0.1875,0.21875,0.25,0.28125,0.3125,0.34375,0.375,0.40625,0.4375,0.46875,0.5,0.53125,0.5625,0.59375,0.625,0.65625,0.6875,0.71875,0.75,0.78125,
0.8125,0.84375,0.875,0.90625,0.9375,1.),.UNSPECIFIED.);
#276=EDGE_CURVE('',#159,#157,#275,.T.);
#277=ORIENTED_EDGE('',*,*,#276,.F.);
#278=EDGE_LOOP('',(#211,#277));
#279=FACE_BOUND('',#278,.T.);
#280=CARTESIAN_POINT('',(16.849331623,2.958089248,-0.000009472));
#281=VERTEX_POINT('',#280);
#282=CARTESIAN_POINT('',(20.001418005,8.417576547,0.000006592));
#283=VERTEX_POINT('',#282);
#284=CARTESIAN_POINT('',(16.849501855,2.958138275,0.));
#285=CARTESIAN_POINT('',(16.7186714,3.053828066,0.));
#286=CARTESIAN_POINT('',(16.601768506,3.155272584,0.));
#287=CARTESIAN_POINT('',(16.48209956,3.259117393,0.));
#288=CARTESIAN_POINT('',(16.37219455,3.372782209,0.));
#289=CARTESIAN_POINT('',(16.152555433,3.59993509,0.));
#290=CARTESIAN_POINT('',(15.974097676,3.862903314,0.));
#291=CARTESIAN_POINT('',(15.795768965,4.125681383,0.));
#292=CARTESIAN_POINT('',(15.666020062,4.413184746,0.));
#293=CARTESIAN_POINT('',(15.534768011,4.704018853,0.));
#294=CARTESIAN_POINT('',(15.458798823,5.007781921,0.));
#295=CARTESIAN_POINT('',(15.382358498,5.313428833,0.));
#296=CARTESIAN_POINT('',(15.363321453,5.62913734,0.));
#297=CARTESIAN_POINT('',(15.344313625,5.944361325,0.));
#298=CARTESIAN_POINT('',(15.383141945,6.256428393,0.));
#299=CARTESIAN_POINT('',(15.422292605,6.571086135,0.));
#300=CARTESIAN_POINT('',(15.518421681,6.868044929,0.));
#301=CARTESIAN_POINT('',(15.615221189,7.167074802,0.));
#302=CARTESIAN_POINT('',(15.768395255,7.441026617,0.));
#303=CARTESIAN_POINT('',(15.844752441,7.577591442,0.));
#304=CARTESIAN_POINT('',(15.934044777,7.705995079,0.));
#305=CARTESIAN_POINT('',(16.02343927,7.834545619,0.));
#306=CARTESIAN_POINT('',(16.124603308,7.953208808,0.));
#307=CARTESIAN_POINT('',(16.226257952,8.072447467,0.));
#308=CARTESIAN_POINT('',(16.338421551,8.180099588,0.));
#309=CARTESIAN_POINT('',(16.451509406,8.28863879,0.));
#310=CARTESIAN_POINT('',(16.573762185,8.383951749,0.));
#311=CARTESIAN_POINT('',(16.820167585,8.576058857,0.));
#312=CARTESIAN_POINT('',(17.100846882,8.711616661,0.));
#313=CARTESIAN_POINT('',(17.240743006,8.779181357,0.));
#314=CARTESIAN_POINT('',(17.386842823,8.831568499,0.));
#315=CARTESIAN_POINT('',(17.533171956,8.884037867,0.));
#316=CARTESIAN_POINT('',(17.683466656,8.920480136,0.));
#317=CARTESIAN_POINT('',(17.834616801,8.957129827,0.));
#318=CARTESIAN_POINT('',(17.987416709,8.977004256,0.));
#319=CARTESIAN_POINT('',(18.141656069,8.997065911,0.));
#320=CARTESIAN_POINT('',(18.295190467,8.99973144,0.));
#321=CARTESIAN_POINT('',(18.449450473,9.002409566,0.));
#322=CARTESIAN_POINT('',(18.60302799,8.987386777,0.));
#323=CARTESIAN_POINT('',(18.756301608,8.972393716,0.));
#324=CARTESIAN_POINT('',(18.906894866,8.940036216,0.));
#325=CARTESIAN_POINT('',(19.057531294,8.90766944,0.));
#326=CARTESIAN_POINT('',(19.202799783,8.858513399,0.));
#327=CARTESIAN_POINT('',(19.348791092,8.80911277,0.));
#328=CARTESIAN_POINT('',(19.486712773,8.74365975,0.));
#329=CARTESIAN_POINT('',(19.62593202,8.677590949,0.));
#330=CARTESIAN_POINT('',(19.754412726,8.59636854,0.));
#331=CARTESIAN_POINT('',(19.885463156,8.513521612,0.));
#332=CARTESIAN_POINT('',(20.001453863,8.417647418,0.));
#333=B_SPLINE_CURVE_WITH_KNOTS('',2,(#284,#285,#286,#287,#288,#289,#290,#291,#292,#293,#294,#295,#296,#297,#298,#299,#300,#301,#302,#303,#304,#305,#306,#307,#308,#309,
#310,#311,#312,#313,#314,#315,#316,#317,#318,#319,#320,#321,#322,#323,#324,#325,#326,#327,#328,#329,#330,#331,#332),.UNSPECIFIED.,.F.,.F.,(3,2,2,2,2,2,2,2,2,2,2,2,2,2,2,2,2,2,2,2,2,2,2,2,3),(0.,0.03125,0.0625,0.125,0.1875,0.25,0.3125,0.375,0.4375,0.5,0.53125,0.5625,0.59375,0.625,0.6875,0.71875,0.75,0.78125,0.8125,0.84375,0.875,0.90625,0.9375,0.96875,1.),.UNSPECIFIED.);
#334=EDGE_CURVE('',#281,#283,#333,.T.);
#335=ORIENTED_EDGE('',*,*,#334,.F.);
#336=CARTESIAN_POINT('',(20.00141168,8.417534161,0.));
#337=CARTESIAN_POINT('',(20.147719952,8.363033412,0.));
#338=CARTESIAN_POINT('',(20.285930359,8.290389256,0.));
#339=CARTESIAN_POINT('',(20.42212037,8.218807033,0.));
#340=CARTESIAN_POINT('',(20.551409139,8.128651263,0.));
#341=CARTESIAN_POINT('',(20.679066803,8.039632896,0.));
#342=CARTESIAN_POINT('',(20.797409859,7.933840683,0.));
#343=CARTESIAN_POINT('',(20.913055209,7.830460073,0.));
#344=CARTESIAN_POINT('',(21.017425405,7.7127094,0.));
#345=CARTESIAN_POINT('',(21.12071395,7.596179047,0.));
#346=CARTESIAN_POINT('',(21.21079333,7.467463323,0.));
#347=CARTESIAN_POINT('',(21.300679575,7.339023573,0.));
#348=CARTESIAN_POINT('',(21.375453025,7.200595539,0.));
#349=CARTESIAN_POINT('',(21.448794466,7.064818584,0.));
#350=CARTESIAN_POINT('',(21.507328463,6.918868032,0.));
#351=CARTESIAN_POINT('',(21.56502699,6.775000665,0.));
#352=CARTESIAN_POINT('',(21.607258405,6.62304796,0.));
#353=CARTESIAN_POINT('',(21.648991734,6.472887413,0.));
#354=CARTESIAN_POINT('',(21.674671478,6.317029567,0.));
#355=CARTESIAN_POINT('',(21.699878235,6.164042418,0.));
#356=CARTESIAN_POINT('',(21.708938467,6.007727212,0.));
#357=CARTESIAN_POINT('',(21.717961096,5.85206075,0.));
#358=CARTESIAN_POINT('',(21.710502948,5.695326333,0.));
#359=CARTESIAN_POINT('',(21.703072554,5.539175182,0.));
#360=CARTESIAN_POINT('',(21.678973159,5.383719789,0.));
#361=CARTESIAN_POINT('',(21.655355824,5.231373965,0.));
#362=CARTESIAN_POINT('',(21.615469897,5.079438358,0.));
#363=CARTESIAN_POINT('',(21.576156545,4.929683835,0.));
#364=CARTESIAN_POINT('',(21.521221546,4.782312199,0.));
#365=CARTESIAN_POINT('',(21.466734811,4.636143098,0.));
#366=CARTESIAN_POINT('',(21.397312054,4.494383777,0.));
#367=CARTESIAN_POINT('',(21.329093332,4.355083062,0.));
#368=CARTESIAN_POINT('',(21.247061809,4.2219604,0.));
#369=CARTESIAN_POINT('',(21.165536132,4.089658638,0.));
#370=CARTESIAN_POINT('',(21.071116614,3.965265931,0.));
#371=CARTESIAN_POINT('',(20.976438845,3.840532991,0.));
#372=CARTESIAN_POINT('',(20.869460022,3.725214732,0.));
#373=CARTESIAN_POINT('',(20.764369041,3.611931479,0.));
#374=CARTESIAN_POINT('',(20.646808775,3.507395739,0.));
#375=CARTESIAN_POINT('',(20.531541294,3.404898765,0.));
#376=CARTESIAN_POINT('',(20.405310893,3.312128717,0.));
#377=CARTESIAN_POINT('',(20.28012311,3.220124917,0.));
#378=CARTESIAN_POINT('',(20.145358469,3.138944485,0.));
#379=CARTESIAN_POINT('',(20.011889848,3.058544759,0.));
#380=CARTESIAN_POINT('',(19.870359698,2.989908575,0.));
#381=CARTESIAN_POINT('',(19.730919534,2.922285946,0.));
#382=CARTESIAN_POINT('',(19.585045405,2.867080933,0.));
#383=CARTESIAN_POINT('',(19.439737004,2.812090016,0.));
#384=CARTESIAN_POINT('',(19.289507464,2.770287188,0.));
#385=CARTESIAN_POINT('',(19.139518333,2.728551257,0.));
#386=CARTESIAN_POINT('',(18.984091504,2.700219828,0.));
#387=CARTESIAN_POINT('',(18.831863843,2.672471549,0.));
#388=CARTESIAN_POINT('',(18.675369858,2.657996629,0.));
#389=CARTESIAN_POINT('',(18.521719889,2.643784767,0.));
#390=CARTESIAN_POINT('',(18.365319336,2.642770615,0.));
#391=CARTESIAN_POINT('',(18.210251171,2.641765103,0.));
#392=CARTESIAN_POINT('',(18.053965695,2.654018495,0.));
#393=CARTESIAN_POINT('',(17.898284363,2.666224519,0.));
#394=CARTESIAN_POINT('',(17.742932639,2.691742797,0.));
#395=CARTESIAN_POINT('',(17.5896612,2.716919364,0.));
#396=CARTESIAN_POINT('',(17.438204783,2.755085484,0.));
#397=CARTESIAN_POINT('',(17.13558064,2.831344975,0.));
#398=CARTESIAN_POINT('',(16.849283239,2.958044133,0.));
#399=B_SPLINE_CURVE_WITH_KNOTS('',2,(#336,#337,#338,#339,#340,#341,#342,#343,#344,#345,#346,#347,#348,#349,#350,#351,#352,#353,#354,#355,#356,#357,#358,#359,#360,#361,
#362,#363,#364,#365,#366,#367,#368,#369,#370,#371,#372,#373,#374,#375,#376,#377,#378,#379,#380,#381,#382,#383,#384,#385,#386,
#387,#388,#389,#390,#391,#392,#393,#394,#395,#396,#397,#398),.UNSPECIFIED.,.F.,.F.,(3,2,2,2,2,2,2,2,2,2,2,2,2,2,2,2,2,2,2,2,2,2,2,2,2,2,
2,2,2,2,2,3),(0.,0.03125,0.0625,0.09375,0.125,0.15625,0.1875,0.21875,0.25,0.28125,0.3125,0.34375,0.375,0.40625,0.4375,0.46875,0.5,0.53125,0.5625,0.59375,0.625,0.65625,0.6875,0.71875,0.75,0.78125,
0.8125,0.84375,0.875,0.90625,0.9375,1.),.UNSPECIFIED.);
#400=EDGE_CURVE('',#283,#281,#399,.T.);
#401=ORIENTED_EDGE('',*,*,#400,.F.);
#402=EDGE_LOOP('',(#335,#401));
#403=FACE_BOUND('',#402,.T.);
#404=CARTESIAN_POINT('',(-20.650668377,-9.541910752,-0.000009472));
#405=VERTEX_POINT('',#404);
#406=CARTESIAN_POINT('',(-17.498581995,-4.082423453,0.000006592));
#407=VERTEX_POINT('',#406);
#408=CARTESIAN_POINT('',(-20.650498145,-9.541861725,0.));
#409=CARTESIAN_POINT('',(-20.7813286,-9.446171934,0.));
#410=CARTESIAN_POINT('',(-20.898231494,-9.344727416,0.));
#411=CARTESIAN_POINT('',(-21.01790044,-9.240882607,0.));
#412=CARTESIAN_POINT('',(-21.12780545,-9.127217791,0.));
#413=CARTESIAN_POINT('',(-21.347444567,-8.90006491,0.));
#414=CARTESIAN_POINT('',(-21.525902324,-8.637096686,0.));
#415=CARTESIAN_POINT('',(-21.704231035,-8.374318617,0.));
#416=CARTESIAN_POINT('',(-21.833979938,-8.086815254,0.));
#417=CARTESIAN_POINT('',(-21.965231989,-7.795981147,0.));
#418=CARTESIAN_POINT('',(-22.041201177,-7.492218079,0.));
#419=CARTESIAN_POINT('',(-22.117641502,-7.186571167,0.));
#420=CARTESIAN_POINT('',(-22.136678547,-6.87086266,0.));
#421=CARTESIAN_POINT('',(-22.155686375,-6.555638675,0.));
#422=CARTESIAN_POINT('',(-22.116858055,-6.243571607,0.));
#423=CARTESIAN_POINT('',(-22.077707395,-5.928913865,0.));
#424=CARTESIAN_POINT('',(-21.981578319,-5.631955071,0.));
#425=CARTESIAN_POINT('',(-21.884778811,-5.332925198,0.));
#426=CARTESIAN_POINT('',(-21.731604745,-5.058973383,0.));
#427=CARTESIAN_POINT('',(-21.655247559,-4.922408558,0.));
#428=CARTESIAN_POINT('',(-21.565955223,-4.794004921,0.));
#429=CARTESIAN_POINT('',(-21.47656073,-4.665454381,0.));
#430=CARTESIAN_POINT('',(-21.375396692,-4.546791192,0.));
#431=CARTESIAN_POINT('',(-21.273742048,-4.427552533,0.));
#432=CARTESIAN_POINT('',(-21.161578449,-4.319900412,0.));
#433=CARTESIAN_POINT('',(-21.048490594,-4.21136121,0.));
#434=CARTESIAN_POINT('',(-20.926237815,-4.116048251,0.));
#435=CARTESIAN_POINT('',(-20.679832415,-3.923941143,0.));
#436=CARTESIAN_POINT('',(-20.399153118,-3.788383339,0.));
#437=CARTESIAN_POINT('',(-20.259256994,-3.720818643,0.));
#438=CARTESIAN_POINT('',(-20.113157177,-3.668431501,0.));
#439=CARTESIAN_POINT('',(-19.966828044,-3.615962133,0.));
#440=CARTESIAN_POINT('',(-19.816533344,-3.579519864,0.));
#441=CARTESIAN_POINT('',(-19.665383199,-3.542870173,0.));
#442=CARTESIAN_POINT('',(-19.512583291,-3.522995744,0.));
#443=CARTESIAN_POINT('',(-19.358343931,-3.502934089,0.));
#444=CARTESIAN_POINT('',(-19.204809533,-3.50026856,0.));
#445=CARTESIAN_POINT('',(-19.050549527,-3.497590434,0.));
#446=CARTESIAN_POINT('',(-18.89697201,-3.512613223,0.));
#447=CARTESIAN_POINT('',(-18.743698392,-3.527606284,0.));
#448=CARTESIAN_POINT('',(-18.593105134,-3.559963784,0.));
#449=CARTESIAN_POINT('',(-18.442468706,-3.59233056,0.));
#450=CARTESIAN_POINT('',(-18.297200217,-3.641486601,0.));
#451=CARTESIAN_POINT('',(-18.151208908,-3.69088723,0.));
#452=CARTESIAN_POINT('',(-18.013287227,-3.75634025,0.));
#453=CARTESIAN_POINT('',(-17.87406798,-3.822409051,0.));
#454=CARTESIAN_POINT('',(-17.745587274,-3.90363146,0.));
#455=CARTESIAN_POINT('',(-17.614536844,-3.986478388,0.));
#456=CARTESIAN_POINT('',(-17.498546137,-4.082352582,0.));
#457=B_SPLINE_CURVE_WITH_KNOTS('',2,(#408,#409,#410,#411,#412,#413,#414,#415,#416,#417,#418,#419,#420,#421,#422,#423,#424,#425,#426,#427,#428,#429,#430,#431,#432,#433,
#434,#435,#436,#437,#438,#439,#440,#441,#442,#443,#444,#445,#446,#447,#448,#449,#450,#451,#452,#453,#454,#455,#456),.UNSPECIFIED.,.F.,.F.,(3,2,2,2,2,2,2,2,2,2,2,2,2,2,2,2,2,2,2,2,2,2,2,2,3),(0.,0.03125,0.0625,0.125,0.1875,0.25,0.3125,0.375,0.4375,0.5,0.53125,0.5625,0.59375,0.625,0.6875,0.71875,0.75,0.78125,0.8125,0.84375,0.875,0.90625,0.9375,0.96875,1.),.UNSPECIFIED.);
#458=EDGE_CURVE('',#405,#407,#457,.T.);
#459=ORIENTED_EDGE('',*,*,#458,.F.);
#460=CARTESIAN_POINT('',(-17.49858832,-4.082465839,0.));
#461=CARTESIAN_POINT('',(-17.352280048,-4.136966588,0.));
#462=CARTESIAN_POINT('',(-17.214069641,-4.209610744,0.));
#463=CARTESIAN_POINT('',(-17.07787963,-4.281192967,0.));
#464=CARTESIAN_POINT('',(-16.948590861,-4.371348737,0.));
#465=CARTESIAN_POINT('',(-16.820933197,-4.460367104,0.));
#466=CARTESIAN_POINT('',(-16.702590141,-4.566159317,0.));
#467=CARTESIAN_POINT('',(-16.586944791,-4.669539927,0.));
#468=CARTESIAN_POINT('',(-16.482574595,-4.7872906,0.));
#469=CARTESIAN_POINT('',(-16.37928605,-4.903820953,0.));
#470=CARTESIAN_POINT('',(-16.28920667,-5.032536677,0.));
#471=CARTESIAN_POINT('',(-16.199320425,-5.160976427,0.));
#472=CARTESIAN_POINT('',(-16.124546975,-5.299404461,0.));
#473=CARTESIAN_POINT('',(-16.051205534,-5.435181416,0.));
#474=CARTESIAN_POINT('',(-15.992671537,-5.581131968,0.));
#475=CARTESIAN_POINT('',(-15.93497301,-5.724999335,0.));
#476=CARTESIAN_POINT('',(-15.892741595,-5.87695204,0.));
#477=CARTESIAN_POINT('',(-15.851008266,-6.027112587,0.));
#478=CARTESIAN_POINT('',(-15.825328522,-6.182970433,0.));
#479=CARTESIAN_POINT('',(-15.800121765,-6.335957582,0.));
#480=CARTESIAN_POINT('',(-15.791061533,-6.492272788,0.));
#481=CARTESIAN_POINT('',(-15.782038904,-6.64793925,0.));
#482=CARTESIAN_POINT('',(-15.789497052,-6.804673667,0.));
#483=CARTESIAN_POINT('',(-15.796927446,-6.960824818,0.));
#484=CARTESIAN_POINT('',(-15.821026841,-7.116280211,0.));
#485=CARTESIAN_POINT('',(-15.844644176,-7.268626035,0.));
#486=CARTESIAN_POINT('',(-15.884530103,-7.420561642,0.));
#487=CARTESIAN_POINT('',(-15.923843455,-7.570316165,0.));
#488=CARTESIAN_POINT('',(-15.978778454,-7.717687801,0.));
#489=CARTESIAN_POINT('',(-16.033265189,-7.863856902,0.));
#490=CARTESIAN_POINT('',(-16.102687946,-8.005616223,0.));
#491=CARTESIAN_POINT('',(-16.170906668,-8.144916938,0.));
#492=CARTESIAN_POINT('',(-16.252938191,-8.2780396,0.));
#493=CARTESIAN_POINT('',(-16.334463868,-8.410341362,0.));
#494=CARTESIAN_POINT('',(-16.428883386,-8.534734069,0.));
#495=CARTESIAN_POINT('',(-16.523561155,-8.659467009,0.));
#496=CARTESIAN_POINT('',(-16.630539978,-8.774785268,0.));
#497=CARTESIAN_POINT('',(-16.735630959,-8.888068521,0.));
#498=CARTESIAN_POINT('',(-16.853191225,-8.992604261,0.));
#499=CARTESIAN_POINT('',(-16.968458706,-9.095101235,0.));
#500=CARTESIAN_POINT('',(-17.094689107,-9.187871283,0.));
#501=CARTESIAN_POINT('',(-17.21987689,-9.279875083,0.));
#502=CARTESIAN_POINT('',(-17.354641531,-9.361055515,0.));
#503=CARTESIAN_POINT('',(-17.488110152,-9.441455241,0.));
#504=CARTESIAN_POINT('',(-17.629640302,-9.510091425,0.));
#505=CARTESIAN_POINT('',(-17.769080466,-9.577714054,0.));
#506=CARTESIAN_POINT('',(-17.914954595,-9.632919067,0.));
#507=CARTESIAN_POINT('',(-18.060262996,-9.687909984,0.));
#508=CARTESIAN_POINT('',(-18.210492536,-9.729712812,0.));
#509=CARTESIAN_POINT('',(-18.360481667,-9.771448743,0.));
#510=CARTESIAN_POINT('',(-18.515908496,-9.799780172,0.));
#511=CARTESIAN_POINT('',(-18.668136157,-9.827528451,0.));
#512=CARTESIAN_POINT('',(-18.824630142,-9.842003371,0.));
#513=CARTESIAN_POINT('',(-18.978280111,-9.856215233,0.));
#514=CARTESIAN_POINT('',(-19.134680664,-9.857229385,0.));
#515=CARTESIAN_POINT('',(-19.289748829,-9.858234897,0.));
#516=CARTESIAN_POINT('',(-19.446034305,-9.845981505,0.));
#517=CARTESIAN_POINT('',(-19.601715637,-9.833775481,0.));
#518=CARTESIAN_POINT('',(-19.757067361,-9.808257203,0.));
#519=CARTESIAN_POINT('',(-19.9103388,-9.783080636,0.));
#520=CARTESIAN_POINT('',(-20.061795217,-9.744914516,0.));
#521=CARTESIAN_POINT('',(-20.36441936,-9.668655025,0.));
#522=CARTESIAN_POINT('',(-20.650716761,-9.541955867,0.));
#523=B_SPLINE_CURVE_WITH_KNOTS('',2,(#460,#461,#462,#463,#464,#465,#466,#467,#468,#469,#470,#471,#472,#473,#474,#475,#476,#477,#478,#479,#480,#481,#482,#483,#484,#485,
#486,#487,#488,#489,#490,#491,#492,#493,#494,#495,#496,#497,#498,#499,#500,#501,#502,#503,#504,#505,#506,#507,#508,#509,#510,
#511,#512,#513,#514,#515,#516,#517,#518,#519,#520,#521,#522),.UNSPECIFIED.,.F.,.F.,(3,2,2,2,2,2,2,2,2,2,2,2,2,2,2,2,2,2,2,2,2,2,2,2,2,2,
2,2,2,2,2,3),(0.,0.03125,0.0625,0.09375,0.125,0.15625,0.1875,0.21875,0.25,0.28125,0.3125,0.34375,0.375,0.40625,0.4375,0.46875,0.5,0.53125,0.5625,0.59375,0.625,0.65625,0.6875,0.71875,0.75,0.78125,
0.8125,0.84375,0.875,0.90625,0.9375,1.),.UNSPECIFIED.);
#524=EDGE_CURVE('',#407,#405,#523,.T.);
#525=ORIENTED_EDGE('',*,*,#524,.F.);
#526=EDGE_LOOP('',(#459,#525));
#527=FACE_BOUND('',#526,.T.);
#528=CARTESIAN_POINT('',(-25.,-12.5,-0.));
#529=VERTEX_POINT('',#528);
#530=CARTESIAN_POINT('',(-25.,12.5,-0.));
#531=VERTEX_POINT('',#530);
#532=CARTESIAN_POINT('',(-25.,-12.5,-0.));
#533=CARTESIAN_POINT('',(-25.,12.5,-0.));
#534=B_SPLINE_CURVE_WITH_KNOTS('',1,(#532,#533),.UNSPECIFIED.,.F.,.F.,(2,2),(0.,0.025),.UNSPECIFIED.);
#535=EDGE_CURVE('',#529,#531,#534,.T.);
#536=ORIENTED_EDGE('',*,*,#535,.T.);
#537=CARTESIAN_POINT('',(25.,12.5,-0.));
#538=VERTEX_POINT('',#537);
#539=CARTESIAN_POINT('',(-25.,12.5,-0.));
#540=CARTESIAN_POINT('',(25.,12.5,-0.));
#541=B_SPLINE_CURVE_WITH_KNOTS('',1,(#539,#540),.UNSPECIFIED.,.F.,.F.,(2,2),(0.,0.05),.UNSPECIFIED.);
#542=EDGE_CURVE('',#531,#538,#541,.T.);
#543=ORIENTED_EDGE('',*,*,#542,.T.);
#544=CARTESIAN_POINT('',(25.,-12.5,-0.));
#545=VERTEX_POINT('',#544);
#546=CARTESIAN_POINT('',(25.,12.5,-0.));
#547=CARTESIAN_POINT('',(25.,-12.5,-0.));
#548=B_SPLINE_CURVE_WITH_KNOTS('',1,(#546,#547),.UNSPECIFIED.,.F.,.F.,(2,2),(0.,0.025),.UNSPECIFIED.);
#549=EDGE_CURVE('',#538,#545,#548,.T.);
#550=ORIENTED_EDGE('',*,*,#549,.T.);
#551=CARTESIAN_POINT('',(25.,-12.5,-0.));
#552=CARTESIAN_POINT('',(-25.,-12.5,-0.));
#553=B_SPLINE_CURVE_WITH_KNOTS('',1,(#551,#552),.UNSPECIFIED.,.F.,.F.,(2,2),(0.,0.05),.UNSPECIFIED.);
#554=EDGE_CURVE('',#545,#529,#553,.T.);
#555=ORIENTED_EDGE('',*,*,#554,.T.);
#556=EDGE_LOOP('',(#536,#543,#550,#555));
#557=FACE_BOUND('',#556,.T.);
#558=CARTESIAN_POINT('',(16.849331623,-9.541910752,-0.000009472));
#559=VERTEX_POINT('',#558);
#560=CARTESIAN_POINT('',(20.001418005,-4.082423453,0.000006592));
#561=VERTEX_POINT('',#560);
#562=CARTESIAN_POINT('',(16.849501855,-9.541861725,0.));
#563=CARTESIAN_POINT('',(16.7186714,-9.446171934,0.));
#564=CARTESIAN_POINT('',(16.601768506,-9.344727416,0.));
#565=CARTESIAN_POINT('',(16.48209956,-9.240882607,0.));
#566=CARTESIAN_POINT('',(16.37219455,-9.127217791,0.));
#567=CARTESIAN_POINT('',(16.152555433,-8.90006491,0.));
#568=CARTESIAN_POINT('',(15.974097676,-8.637096686,0.));
#569=CARTESIAN_POINT('',(15.795768965,-8.374318617,0.));
#570=CARTESIAN_POINT('',(15.666020062,-8.086815254,0.));
#571=CARTESIAN_POINT('',(15.534768011,-7.795981147,0.));
#572=CARTESIAN_POINT('',(15.458798823,-7.492218079,0.));
#573=CARTESIAN_POINT('',(15.382358498,-7.186571167,0.));
#574=CARTESIAN_POINT('',(15.363321453,-6.87086266,0.));
#575=CARTESIAN_POINT('',(15.344313625,-6.555638675,0.));
#576=CARTESIAN_POINT('',(15.383141945,-6.243571607,0.));
#577=CARTESIAN_POINT('',(15.422292605,-5.928913865,0.));
#578=CARTESIAN_POINT('',(15.518421681,-5.631955071,0.));
#579=CARTESIAN_POINT('',(15.615221189,-5.332925198,0.));
#580=CARTESIAN_POINT('',(15.768395255,-5.058973383,0.));
#581=CARTESIAN_POINT('',(15.844752441,-4.922408558,0.));
#582=CARTESIAN_POINT('',(15.934044777,-4.794004921,0.));
#583=CARTESIAN_POINT('',(16.02343927,-4.665454381,0.));
#584=CARTESIAN_POINT('',(16.124603308,-4.546791192,0.));
#585=CARTESIAN_POINT('',(16.226257952,-4.427552533,0.));
#586=CARTESIAN_POINT('',(16.338421551,-4.319900412,0.));
#587=CARTESIAN_POINT('',(16.451509406,-4.21136121,0.));
#588=CARTESIAN_POINT('',(16.573762185,-4.116048251,0.));
#589=CARTESIAN_POINT('',(16.820167585,-3.923941143,0.));
#590=CARTESIAN_POINT('',(17.100846882,-3.788383339,0.));
#591=CARTESIAN_POINT('',(17.240743006,-3.720818643,0.));
#592=CARTESIAN_POINT('',(17.386842823,-3.668431501,0.));
#593=CARTESIAN_POINT('',(17.533171956,-3.615962133,0.));
#594=CARTESIAN_POINT('',(17.683466656,-3.579519864,0.));
#595=CARTESIAN_POINT('',(17.834616801,-3.542870173,0.));
#596=CARTESIAN_POINT('',(17.987416709,-3.522995744,0.));
#597=CARTESIAN_POINT('',(18.141656069,-3.502934089,0.));
#598=CARTESIAN_POINT('',(18.295190467,-3.50026856,0.));
#599=CARTESIAN_POINT('',(18.449450473,-3.497590434,0.));
#600=CARTESIAN_POINT('',(18.60302799,-3.512613223,0.));
#601=CARTESIAN_POINT('',(18.756301608,-3.527606284,0.));
#602=CARTESIAN_POINT('',(18.906894866,-3.559963784,0.));
#603=CARTESIAN_POINT('',(19.057531294,-3.59233056,0.));
#604=CARTESIAN_POINT('',(19.202799783,-3.641486601,0.));
#605=CARTESIAN_POINT('',(19.348791092,-3.69088723,0.));
#606=CARTESIAN_POINT('',(19.486712773,-3.75634025,0.));
#607=CARTESIAN_POINT('',(19.62593202,-3.822409051,0.));
#608=CARTESIAN_POINT('',(19.754412726,-3.90363146,0.));
#609=CARTESIAN_POINT('',(19.885463156,-3.986478388,0.));
#610=CARTESIAN_POINT('',(20.001453863,-4.082352582,0.));
#611=B_SPLINE_CURVE_WITH_KNOTS('',2,(#562,#563,#564,#565,#566,#567,#568,#569,#570,#571,#572,#573,#574,#575,#576,#577,#578,#579,#580,#581,#582,#583,#584,#585,#586,#587,
#588,#589,#590,#591,#592,#593,#594,#595,#596,#597,#598,#599,#600,#601,#602,#603,#604,#605,#606,#607,#608,#609,#610),.UNSPECIFIED.,.F.,.F.,(3,2,2,2,2,2,2,2,2,2,2,2,2,2,2,2,2,2,2,2,2,2,2,2,3),(0.,0.03125,0.0625,0.125,0.1875,0.25,0.3125,0.375,0.4375,0.5,0.53125,0.5625,0.59375,0.625,0.6875,0.71875,0.75,0.78125,0.8125,0.84375,0.875,0.90625,0.9375,0.96875,1.),.UNSPECIFIED.);
#612=EDGE_CURVE('',#559,#561,#611,.T.);
#613=ORIENTED_EDGE('',*,*,#612,.F.);
#614=CARTESIAN_POINT('',(20.00141168,-4.082465839,0.));
#615=CARTESIAN_POINT('',(20.147719952,-4.136966588,0.));
#616=CARTESIAN_POINT('',(20.285930359,-4.209610744,0.));
#617=CARTESIAN_POINT('',(20.42212037,-4.281192967,0.));
#618=CARTESIAN_POINT('',(20.551409139,-4.371348737,0.));
#619=CARTESIAN_POINT('',(20.679066803,-4.460367104,0.));
#620=CARTESIAN_POINT('',(20.797409859,-4.566159317,0.));
#621=CARTESIAN_POINT('',(20.913055209,-4.669539927,0.));
#622=CARTESIAN_POINT('',(21.017425405,-4.7872906,0.));
#623=CARTESIAN_POINT('',(21.12071395,-4.903820953,0.));
#624=CARTESIAN_POINT('',(21.21079333,-5.032536677,0.));
#625=CARTESIAN_POINT('',(21.300679575,-5.160976427,0.));
#626=CARTESIAN_POINT('',(21.375453025,-5.299404461,0.));
#627=CARTESIAN_POINT('',(21.448794466,-5.435181416,0.));
#628=CARTESIAN_POINT('',(21.507328463,-5.581131968,0.));
#629=CARTESIAN_POINT('',(21.56502699,-5.724999335,0.));
#630=CARTESIAN_POINT('',(21.607258405,-5.87695204,0.));
#631=CARTESIAN_POINT('',(21.648991734,-6.027112587,0.));
#632=CARTESIAN_POINT('',(21.674671478,-6.182970433,0.));
#633=CARTESIAN_POINT('',(21.699878235,-6.335957582,0.));
#634=CARTESIAN_POINT('',(21.708938467,-6.492272788,0.));
#635=CARTESIAN_POINT('',(21.717961096,-6.64793925,0.));
#636=CARTESIAN_POINT('',(21.710502948,-6.804673667,0.));
#637=CARTESIAN_POINT('',(21.703072554,-6.960824818,0.));
#638=CARTESIAN_POINT('',(21.678973159,-7.116280211,0.));
#639=CARTESIAN_POINT('',(21.655355824,-7.268626035,0.));
#640=CARTESIAN_POINT('',(21.615469897,-7.420561642,0.));
#641=CARTESIAN_POINT('',(21.576156545,-7.570316165,0.));
#642=CARTESIAN_POINT('',(21.521221546,-7.717687801,0.));
#643=CARTESIAN_POINT('',(21.466734811,-7.863856902,0.));
#644=CARTESIAN_POINT('',(21.397312054,-8.005616223,0.));
#645=CARTESIAN_POINT('',(21.329093332,-8.144916938,0.));
#646=CARTESIAN_POINT('',(21.247061809,-8.2780396,0.));
#647=CARTESIAN_POINT('',(21.165536132,-8.410341362,0.));
#648=CARTESIAN_POINT('',(21.071116614,-8.534734069,0.));
#649=CARTESIAN_POINT('',(20.976438845,-8.659467009,0.));
#650=CARTESIAN_POINT('',(20.869460022,-8.774785268,0.));
#651=CARTESIAN_POINT('',(20.764369041,-8.888068521,0.));
#652=CARTESIAN_POINT('',(20.646808775,-8.992604261,0.));
#653=CARTESIAN_POINT('',(20.531541294,-9.095101235,0.));
#654=CARTESIAN_POINT('',(20.405310893,-9.187871283,0.));
#655=CARTESIAN_POINT('',(20.28012311,-9.279875083,0.));
#656=CARTESIAN_POINT('',(20.145358469,-9.361055515,0.));
#657=CARTESIAN_POINT('',(20.011889848,-9.441455241,0.));
#658=CARTESIAN_POINT('',(19.870359698,-9.510091425,0.));
#659=CARTESIAN_POINT('',(19.730919534,-9.577714054,0.));
#660=CARTESIAN_POINT('',(19.585045405,-9.632919067,0.));
#661=CARTESIAN_POINT('',(19.439737004,-9.687909984,0.));
#662=CARTESIAN_POINT('',(19.289507464,-9.729712812,0.));
#663=CARTESIAN_POINT('',(19.139518333,-9.771448743,0.));
#664=CARTESIAN_POINT('',(18.984091504,-9.799780172,0.));
#665=CARTESIAN_POINT('',(18.831863843,-9.827528451,0.));
#666=CARTESIAN_POINT('',(18.675369858,-9.842003371,0.));
#667=CARTESIAN_POINT('',(18.521719889,-9.856215233,0.));
#668=CARTESIAN_POINT('',(18.365319336,-9.857229385,0.));
#669=CARTESIAN_POINT('',(18.210251171,-9.858234897,0.));
#670=CARTESIAN_POINT('',(18.053965695,-9.845981505,0.));
#671=CARTESIAN_POINT('',(17.898284363,-9.833775481,0.));
#672=CARTESIAN_POINT('',(17.742932639,-9.808257203,0.));
#673=CARTESIAN_POINT('',(17.5896612,-9.783080636,0.));
#674=CARTESIAN_POINT('',(17.438204783,-9.744914516,0.));
#675=CARTESIAN_POINT('',(17.13558064,-9.668655025,0.));
#676=CARTESIAN_POINT('',(16.849283239,-9.541955867,0.));
#677=B_SPLINE_CURVE_WITH_KNOTS('',2,(#614,#615,#616,#617,#618,#619,#620,#621,#622,#623,#624,#625,#626,#627,#628,#629,#630,#631,#632,#633,#634,#635,#636,#637,#638,#639,
#640,#641,#642,#643,#644,#645,#646,#647,#648,#649,#650,#651,#652,#653,#654,#655,#656,#657,#658,#659,#660,#661,#662,#663,#664,
#665,#666,#667,#668,#669,#670,#671,#672,#673,#674,#675,#676),.UNSPECIFIED.,.F.,.F.,(3,2,2,2,2,2,2,2,2,2,2,2,2,2,2,2,2,2,2,2,2,2,2,2,2,2,
2,2,2,2,2,3),(0.,0.03125,0.0625,0.09375,0.125,0.15625,0.1875,0.21875,0.25,0.28125,0.3125,0.34375,0.375,0.40625,0.4375,0.46875,0.5,0.53125,0.5625,0.59375,0.625,0.65625,0.6875,0.71875,0.75,0.78125,
0.8125,0.84375,0.875,0.90625,0.9375,1.),.UNSPECIFIED.);
#678=EDGE_CURVE('',#561,#559,#677,.T.);
#679=ORIENTED_EDGE('',*,*,#678,.F.);
#680=EDGE_LOOP('',(#613,#679));
#681=FACE_BOUND('',#680,.T.);
#682=CARTESIAN_POINT('',(4.349331623,2.958089248,-0.000009472));
#683=VERTEX_POINT('',#682);
#684=CARTESIAN_POINT('',(7.501418005,8.417576547,0.000006592));
#685=VERTEX_POINT('',#684);
#686=CARTESIAN_POINT('',(4.349501855,2.958138275,0.));
#687=CARTESIAN_POINT('',(4.2186714,3.053828066,0.));
#688=CARTESIAN_POINT('',(4.101768506,3.155272584,0.));
#689=CARTESIAN_POINT('',(3.98209956,3.259117393,0.));
#690=CARTESIAN_POINT('',(3.87219455,3.372782209,0.));
#691=CARTESIAN_POINT('',(3.652555433,3.59993509,0.));
#692=CARTESIAN_POINT('',(3.474097676,3.862903314,0.));
#693=CARTESIAN_POINT('',(3.295768965,4.125681383,0.));
#694=CARTESIAN_POINT('',(3.166020062,4.413184746,0.));
#695=CARTESIAN_POINT('',(3.034768011,4.704018853,0.));
#696=CARTESIAN_POINT('',(2.958798823,5.007781921,0.));
#697=CARTESIAN_POINT('',(2.882358498,5.313428833,0.));
#698=CARTESIAN_POINT('',(2.863321453,5.62913734,0.));
#699=CARTESIAN_POINT('',(2.844313625,5.944361325,0.));
#700=CARTESIAN_POINT('',(2.883141945,6.256428393,0.));
#701=CARTESIAN_POINT('',(2.922292605,6.571086135,0.));
#702=CARTESIAN_POINT('',(3.018421681,6.868044929,0.));
#703=CARTESIAN_POINT('',(3.115221189,7.167074802,0.));
#704=CARTESIAN_POINT('',(3.268395255,7.441026617,0.));
#705=CARTESIAN_POINT('',(3.344752441,7.577591442,0.));
#706=CARTESIAN_POINT('',(3.434044777,7.705995079,0.));
#707=CARTESIAN_POINT('',(3.52343927,7.834545619,0.));
#708=CARTESIAN_POINT('',(3.624603308,7.953208808,0.));
#709=CARTESIAN_POINT('',(3.726257952,8.072447467,0.));
#710=CARTESIAN_POINT('',(3.838421551,8.180099588,0.));
#711=CARTESIAN_POINT('',(3.951509406,8.28863879,0.));
#712=CARTESIAN_POINT('',(4.073762185,8.383951749,0.));
#713=CARTESIAN_POINT('',(4.320167585,8.576058857,0.));
#714=CARTESIAN_POINT('',(4.600846882,8.711616661,0.));
#715=CARTESIAN_POINT('',(4.740743006,8.779181357,0.));
#716=CARTESIAN_POINT('',(4.886842823,8.831568499,0.));
#717=CARTESIAN_POINT('',(5.033171956,8.884037867,0.));
#718=CARTESIAN_POINT('',(5.183466656,8.920480136,0.));
#719=CARTESIAN_POINT('',(5.334616801,8.957129827,0.));
#720=CARTESIAN_POINT('',(5.487416709,8.977004256,0.));
#721=CARTESIAN_POINT('',(5.641656069,8.997065911,0.));
#722=CARTESIAN_POINT('',(5.795190467,8.99973144,0.));
#723=CARTESIAN_POINT('',(5.949450473,9.002409566,0.));
#724=CARTESIAN_POINT('',(6.10302799,8.987386777,0.));
#725=CARTESIAN_POINT('',(6.256301608,8.972393716,0.));
#726=CARTESIAN_POINT('',(6.406894866,8.940036216,0.));
#727=CARTESIAN_POINT('',(6.557531294,8.90766944,0.));
#728=CARTESIAN_POINT('',(6.702799783,8.858513399,0.));
#729=CARTESIAN_POINT('',(6.848791092,8.80911277,0.));
#730=CARTESIAN_POINT('',(6.986712773,8.74365975,0.));
#731=CARTESIAN_POINT('',(7.12593202,8.677590949,0.));
#732=CARTESIAN_POINT('',(7.254412726,8.59636854,0.));
#733=CARTESIAN_POINT('',(7.385463156,8.513521612,0.));
#734=CARTESIAN_POINT('',(7.501453863,8.417647418,0.));
#735=B_SPLINE_CURVE_WITH_KNOTS('',2,(#686,#687,#688,#689,#690,#691,#692,#693,#694,#695,#696,#697,#698,#699,#700,#701,#702,#703,#704,#705,#706,#707,#708,#709,#710,#711,
#712,#713,#714,#715,#716,#717,#718,#719,#720,#721,#722,#723,#724,#725,#726,#727,#728,#729,#730,#731,#732,#733,#734),.UNSPECIFIED.,.F.,.F.,(3,2,2,2,2,2,2,2,2,2,2,2,2,2,2,2,2,2,2,2,2,2,2,2,3),(0.,0.03125,0.0625,0.125,0.1875,0.25,0.3125,0.375,0.4375,0.5,0.53125,0.5625,0.59375,0.625,0.6875,0.71875,0.75,0.78125,0.8125,0.84375,0.875,0.90625,0.9375,0.96875,1.),.UNSPECIFIED.);
#736=EDGE_CURVE('',#683,#685,#735,.T.);
#737=ORIENTED_EDGE('',*,*,#736,.F.);
#738=CARTESIAN_POINT('',(7.50141168,8.417534161,0.));
#739=CARTESIAN_POINT('',(7.647719952,8.363033412,0.));
#740=CARTESIAN_POINT('',(7.785930359,8.290389256,0.));
#741=CARTESIAN_POINT('',(7.92212037,8.218807033,0.));
#742=CARTESIAN_POINT('',(8.051409139,8.128651263,0.));
#743=CARTESIAN_POINT('',(8.179066803,8.039632896,0.));
#744=CARTESIAN_POINT('',(8.297409859,7.933840683,0.));
#745=CARTESIAN_POINT('',(8.413055209,7.830460073,0.));
#746=CARTESIAN_POINT('',(8.517425405,7.7127094,0.));
#747=CARTESIAN_POINT('',(8.62071395,7.596179047,0.));
#748=CARTESIAN_POINT('',(8.71079333,7.467463323,0.));
#749=CARTESIAN_POINT('',(8.800679575,7.339023573,0.));
#750=CARTESIAN_POINT('',(8.875453025,7.200595539,0.));
#751=CARTESIAN_POINT('',(8.948794466,7.064818584,0.));
#752=CARTESIAN_POINT('',(9.007328463,6.918868032,0.));
#753=CARTESIAN_POINT('',(9.06502699,6.775000665,0.));
#754=CARTESIAN_POINT('',(9.107258405,6.62304796,0.));
#755=CARTESIAN_POINT('',(9.148991734,6.472887413,0.));
#756=CARTESIAN_POINT('',(9.174671478,6.317029567,0.));
#757=CARTESIAN_POINT('',(9.199878235,6.164042418,0.));
#758=CARTESIAN_POINT('',(9.208938467,6.007727212,0.));
#759=CARTESIAN_POINT('',(9.217961096,5.85206075,0.));
#760=CARTESIAN_POINT('',(9.210502948,5.695326333,0.));
#761=CARTESIAN_POINT('',(9.203072554,5.539175182,0.));
#762=CARTESIAN_POINT('',(9.178973159,5.383719789,0.));
#763=CARTESIAN_POINT('',(9.155355824,5.231373965,0.));
#764=CARTESIAN_POINT('',(9.115469897,5.079438358,0.));
#765=CARTESIAN_POINT('',(9.076156545,4.929683835,0.));
#766=CARTESIAN_POINT('',(9.021221546,4.782312199,0.));
#767=CARTESIAN_POINT('',(8.966734811,4.636143098,0.));
#768=CARTESIAN_POINT('',(8.897312054,4.494383777,0.));
#769=CARTESIAN_POINT('',(8.829093332,4.355083062,0.));
#770=CARTESIAN_POINT('',(8.747061809,4.2219604,0.));
#771=CARTESIAN_POINT('',(8.665536132,4.089658638,0.));
#772=CARTESIAN_POINT('',(8.571116614,3.965265931,0.));
#773=CARTESIAN_POINT('',(8.476438845,3.840532991,0.));
#774=CARTESIAN_POINT('',(8.369460022,3.725214732,0.));
#775=CARTESIAN_POINT('',(8.264369041,3.611931479,0.));
#776=CARTESIAN_POINT('',(8.146808775,3.507395739,0.));
#777=CARTESIAN_POINT('',(8.031541294,3.404898765,0.));
#778=CARTESIAN_POINT('',(7.905310893,3.312128717,0.));
#779=CARTESIAN_POINT('',(7.78012311,3.220124917,0.));
#780=CARTESIAN_POINT('',(7.645358469,3.138944485,0.));
#781=CARTESIAN_POINT('',(7.511889848,3.058544759,0.));
#782=CARTESIAN_POINT('',(7.370359698,2.989908575,0.));
#783=CARTESIAN_POINT('',(7.230919534,2.922285946,0.));
#784=CARTESIAN_POINT('',(7.085045405,2.867080933,0.));
#785=CARTESIAN_POINT('',(6.939737004,2.812090016,0.));
#786=CARTESIAN_POINT('',(6.789507464,2.770287188,0.));
#787=CARTESIAN_POINT('',(6.639518333,2.728551257,0.));
#788=CARTESIAN_POINT('',(6.484091504,2.700219828,0.));
#789=CARTESIAN_POINT('',(6.331863843,2.672471549,0.));
#790=CARTESIAN_POINT('',(6.175369858,2.657996629,0.));
#791=CARTESIAN_POINT('',(6.021719889,2.643784767,0.));
#792=CARTESIAN_POINT('',(5.865319336,2.642770615,0.));
#793=CARTESIAN_POINT('',(5.710251171,2.641765103,0.));
#794=CARTESIAN_POINT('',(5.553965695,2.654018495,0.));
#795=CARTESIAN_POINT('',(5.398284363,2.666224519,0.));
#796=CARTESIAN_POINT('',(5.242932639,2.691742797,0.));
#797=CARTESIAN_POINT('',(5.0896612,2.716919364,0.));
#798=CARTESIAN_POINT('',(4.938204783,2.755085484,0.));
#799=CARTESIAN_POINT('',(4.63558064,2.831344975,0.));
#800=CARTESIAN_POINT('',(4.349283239,2.958044133,0.));
#801=B_SPLINE_CURVE_WITH_KNOTS('',2,(#738,#739,#740,#741,#742,#743,#744,#745,#746,#747,#748,#749,#750,#751,#752,#753,#754,#755,#756,#757,#758,#759,#760,#761,#762,#763,
#764,#765,#766,#767,#768,#769,#770,#771,#772,#773,#774,#775,#776,#777,#778,#779,#780,#781,#782,#783,#784,#785,#786,#787,#788,
#789,#790,#791,#792,#793,#794,#795,#796,#797,#798,#799,#800),.UNSPECIFIED.,.F.,.F.,(3,2,2,2,2,2,2,2,2,2,2,2,2,2,2,2,2,2,2,2,2,2,2,2,2,2,
2,2,2,2,2,3),(0.,0.03125,0.0625,0.09375,0.125,0.15625,0.1875,0.21875,0.25,0.28125,0.3125,0.34375,0.375,0.40625,0.4375,0.46875,0.5,0.53125,0.5625,0.59375,0.625,0.65625,0.6875,0.71875,0.75,0.78125,
0.8125,0.84375,0.875,0.90625,0.9375,1.),.UNSPECIFIED.);
#802=EDGE_CURVE('',#685,#683,#801,.T.);
#803=ORIENTED_EDGE('',*,*,#802,.F.);
#804=EDGE_LOOP('',(#737,#803));
#805=FACE_BOUND('',#804,.T.);
#806=CARTESIAN_POINT('',(-8.150668377,-9.541910752,-0.000009472));
#807=VERTEX_POINT('',#806);
#808=CARTESIAN_POINT('',(-4.998581995,-4.082423453,0.000006592));
#809=VERTEX_POINT('',#808);
#810=CARTESIAN_POINT('',(-8.150498145,-9.541861725,0.));
#811=CARTESIAN_POINT('',(-8.2813286,-9.446171934,0.));
#812=CARTESIAN_POINT('',(-8.398231494,-9.344727416,0.));
#813=CARTESIAN_POINT('',(-8.51790044,-9.240882607,0.));
#814=CARTESIAN_POINT('',(-8.62780545,-9.127217791,0.));
#815=CARTESIAN_POINT('',(-8.847444567,-8.90006491,0.));
#816=CARTESIAN_POINT('',(-9.025902324,-8.637096686,0.));
#817=CARTESIAN_POINT('',(-9.204231035,-8.374318617,0.));
#818=CARTESIAN_POINT('',(-9.333979938,-8.086815254,0.));
#819=CARTESIAN_POINT('',(-9.465231989,-7.795981147,0.));
#820=CARTESIAN_POINT('',(-9.541201177,-7.492218079,0.));
#821=CARTESIAN_POINT('',(-9.617641502,-7.186571167,0.));
#822=CARTESIAN_POINT('',(-9.636678547,-6.87086266,0.));
#823=CARTESIAN_POINT('',(-9.655686375,-6.555638675,0.));
#824=CARTESIAN_POINT('',(-9.616858055,-6.243571607,0.));
#825=CARTESIAN_POINT('',(-9.577707395,-5.928913865,0.));
#826=CARTESIAN_POINT('',(-9.481578319,-5.631955071,0.));
#827=CARTESIAN_POINT('',(-9.384778811,-5.332925198,0.));
#828=CARTESIAN_POINT('',(-9.231604745,-5.058973383,0.));
#829=CARTESIAN_POINT('',(-9.155247559,-4.922408558,0.));
#830=CARTESIAN_POINT('',(-9.065955223,-4.794004921,0.));
#831=CARTESIAN_POINT('',(-8.97656073,-4.665454381,0.));
#832=CARTESIAN_POINT('',(-8.875396692,-4.546791192,0.));
#833=CARTESIAN_POINT('',(-8.773742048,-4.427552533,0.));
#834=CARTESIAN_POINT('',(-8.661578449,-4.319900412,0.));
#835=CARTESIAN_POINT('',(-8.548490594,-4.21136121,0.));
#836=CARTESIAN_POINT('',(-8.426237815,-4.116048251,0.));
#837=CARTESIAN_POINT('',(-8.179832415,-3.923941143,0.));
#838=CARTESIAN_POINT('',(-7.899153118,-3.788383339,0.));
#839=CARTESIAN_POINT('',(-7.759256994,-3.720818643,0.));
#840=CARTESIAN_POINT('',(-7.613157177,-3.668431501,0.));
#841=CARTESIAN_POINT('',(-7.466828044,-3.615962133,0.));
#842=CARTESIAN_POINT('',(-7.316533344,-3.579519864,0.));
#843=CARTESIAN_POINT('',(-7.165383199,-3.542870173,0.));
#844=CARTESIAN_POINT('',(-7.012583291,-3.522995744,0.));
#845=CARTESIAN_POINT('',(-6.858343931,-3.502934089,0.));
#846=CARTESIAN_POINT('',(-6.704809533,-3.50026856,0.));
#847=CARTESIAN_POINT('',(-6.550549527,-3.497590434,0.));
#848=CARTESIAN_POINT('',(-6.39697201,-3.512613223,0.));
#849=CARTESIAN_POINT('',(-6.243698392,-3.527606284,0.));
#850=CARTESIAN_POINT('',(-6.093105134,-3.559963784,0.));
#851=CARTESIAN_POINT('',(-5.942468706,-3.59233056,0.));
#852=CARTESIAN_POINT('',(-5.797200217,-3.641486601,0.));
#853=CARTESIAN_POINT('',(-5.651208908,-3.69088723,0.));
#854=CARTESIAN_POINT('',(-5.513287227,-3.75634025,0.));
#855=CARTESIAN_POINT('',(-5.37406798,-3.822409051,0.));
#856=CARTESIAN_POINT('',(-5.245587274,-3.90363146,0.));
#857=CARTESIAN_POINT('',(-5.114536844,-3.986478388,0.));
#858=CARTESIAN_POINT('',(-4.998546137,-4.082352582,0.));
#859=B_SPLINE_CURVE_WITH_KNOTS('',2,(#810,#811,#812,#813,#814,#815,#816,#817,#818,#819,#820,#821,#822,#823,#824,#825,#826,#827,#828,#829,#830,#831,#832,#833,#834,#835,
#836,#837,#838,#839,#840,#841,#842,#843,#844,#845,#846,#847,#848,#849,#850,#851,#852,#853,#854,#855,#856,#857,#858),.UNSPECIFIED.,.F.,.F.,(3,2,2,2,2,2,2,2,2,2,2,2,2,2,2,2,2,2,2,2,2,2,2,2,3),(0.,0.03125,0.0625,0.125,0.1875,0.25,0.3125,0.375,0.4375,0.5,0.53125,0.5625,0.59375,0.625,0.6875,0.71875,0.75,0.78125,0.8125,0.84375,0.875,0.90625,0.9375,0.96875,1.),.UNSPECIFIED.);
#860=EDGE_CURVE('',#807,#809,#859,.T.);
#861=ORIENTED_EDGE('',*,*,#860,.F.);
#862=CARTESIAN_POINT('',(-4.99858832,-4.082465839,0.));
#863=CARTESIAN_POINT('',(-4.852280048,-4.136966588,0.));
#864=CARTESIAN_POINT('',(-4.714069641,-4.209610744,0.));
#865=CARTESIAN_POINT('',(-4.57787963,-4.281192967,0.));
#866=CARTESIAN_POINT('',(-4.448590861,-4.371348737,0.));
#867=CARTESIAN_POINT('',(-4.320933197,-4.460367104,0.));
#868=CARTESIAN_POINT('',(-4.202590141,-4.566159317,0.));
#869=CARTESIAN_POINT('',(-4.086944791,-4.669539927,0.));
#870=CARTESIAN_POINT('',(-3.982574595,-4.7872906,0.));
#871=CARTESIAN_POINT('',(-3.87928605,-4.903820953,0.));
#872=CARTESIAN_POINT('',(-3.78920667,-5.032536677,0.));
#873=CARTESIAN_POINT('',(-3.699320425,-5.160976427,0.));
#874=CARTESIAN_POINT('',(-3.624546975,-5.299404461,0.));
#875=CARTESIAN_POINT('',(-3.551205534,-5.435181416,0.));
#876=CARTESIAN_POINT('',(-3.492671537,-5.581131968,0.));
#877=CARTESIAN_POINT('',(-3.43497301,-5.724999335,0.));
#878=CARTESIAN_POINT('',(-3.392741595,-5.87695204,0.));
#879=CARTESIAN_POINT('',(-3.351008266,-6.027112587,0.));
#880=CARTESIAN_POINT('',(-3.325328522,-6.182970433,0.));
#881=CARTESIAN_POINT('',(-3.300121765,-6.335957582,0.));
#882=CARTESIAN_POINT('',(-3.291061533,-6.492272788,0.));
#883=CARTESIAN_POINT('',(-3.282038904,-6.64793925,0.));
#884=CARTESIAN_POINT('',(-3.289497052,-6.804673667,0.));
#885=CARTESIAN_POINT('',(-3.296927446,-6.960824818,0.));
#886=CARTESIAN_POINT('',(-3.321026841,-7.116280211,0.));
#887=CARTESIAN_POINT('',(-3.344644176,-7.268626035,0.));
#888=CARTESIAN_POINT('',(-3.384530103,-7.420561642,0.));
#889=CARTESIAN_POINT('',(-3.423843455,-7.570316165,0.));
#890=CARTESIAN_POINT('',(-3.478778454,-7.717687801,0.));
#891=CARTESIAN_POINT('',(-3.533265189,-7.863856902,0.));
#892=CARTESIAN_POINT('',(-3.602687946,-8.005616223,0.));
#893=CARTESIAN_POINT('',(-3.670906668,-8.144916938,0.));
#894=CARTESIAN_POINT('',(-3.752938191,-8.2780396,0.));
#895=CARTESIAN_POINT('',(-3.834463868,-8.410341362,0.));
#896=CARTESIAN_POINT('',(-3.928883386,-8.534734069,0.));
#897=CARTESIAN_POINT('',(-4.023561155,-8.659467009,0.));
#898=CARTESIAN_POINT('',(-4.130539978,-8.774785268,0.));
#899=CARTESIAN_POINT('',(-4.235630959,-8.888068521,0.));
#900=CARTESIAN_POINT('',(-4.353191225,-8.992604261,0.));
#901=CARTESIAN_POINT('',(-4.468458706,-9.095101235,0.));
#902=CARTESIAN_POINT('',(-4.594689107,-9.187871283,0.));
#903=CARTESIAN_POINT('',(-4.71987689,-9.279875083,0.));
#904=CARTESIAN_POINT('',(-4.854641531,-9.361055515,0.));
#905=CARTESIAN_POINT('',(-4.988110152,-9.441455241,0.));
#906=CARTESIAN_POINT('',(-5.129640302,-9.510091425,0.));
#907=CARTESIAN_POINT('',(-5.269080466,-9.577714054,0.));
#908=CARTESIAN_POINT('',(-5.414954595,-9.632919067,0.));
#909=CARTESIAN_POINT('',(-5.560262996,-9.687909984,0.));
#910=CARTESIAN_POINT('',(-5.710492536,-9.729712812,0.));
#911=CARTESIAN_POINT('',(-5.860481667,-9.771448743,0.));
#912=CARTESIAN_POINT('',(-6.015908496,-9.799780172,0.));
#913=CARTESIAN_POINT('',(-6.168136157,-9.827528451,0.));
#914=CARTESIAN_POINT('',(-6.324630142,-9.842003371,0.));
#915=CARTESIAN_POINT('',(-6.478280111,-9.856215233,0.));
#916=CARTESIAN_POINT('',(-6.634680664,-9.857229385,0.));
#917=CARTESIAN_POINT('',(-6.789748829,-9.858234897,0.));
#918=CARTESIAN_POINT('',(-6.946034305,-9.845981505,0.));
#919=CARTESIAN_POINT('',(-7.101715637,-9.833775481,0.));
#920=CARTESIAN_POINT('',(-7.257067361,-9.808257203,0.));
#921=CARTESIAN_POINT('',(-7.4103388,-9.783080636,0.));
#922=CARTESIAN_POINT('',(-7.561795217,-9.744914516,0.));
#923=CARTESIAN_POINT('',(-7.86441936,-9.668655025,0.));
#924=CARTESIAN_POINT('',(-8.150716761,-9.541955867,0.));
#925=B_SPLINE_CURVE_WITH_KNOTS('',2,(#862,#863,#864,#865,#866,#867,#868,#869,#870,#871,#872,#873,#874,#875,#876,#877,#878,#879,#880,#881,#882,#883,#884,#885,#886,#887,
#888,#889,#890,#891,#892,#893,#894,#895,#896,#897,#898,#899,#900,#901,#902,#903,#904,#905,#906,#907,#908,#909,#910,#911,#912,
#913,#914,#915,#916,#917,#918,#919,#920,#921,#922,#923,#924),.UNSPECIFIED.,.F.,.F.,(3,2,2,2,2,2,2,2,2,2,2,2,2,2,2,2,2,2,2,2,2,2,2,2,2,2,
2,2,2,2,2,3),(0.,0.03125,0.0625,0.09375,0.125,0.15625,0.1875,0.21875,0.25,0.28125,0.3125,0.34375,0.375,0.40625,0.4375,0.46875,0.5,0.53125,0.5625,0.59375,0.625,0.65625,0.6875,0.71875,0.75,0.78125,
0.8125,0.84375,0.875,0.90625,0.9375,1.),.UNSPECIFIED.);
#926=EDGE_CURVE('',#809,#807,#925,.T.);
#927=ORIENTED_EDGE('',*,*,#926,.F.);
#928=EDGE_LOOP('',(#861,#927));
#929=FACE_BOUND('',#928,.T.);
#930=CARTESIAN_POINT('',(4.349331623,-9.541910752,-0.000009472));
#931=VERTEX_POINT('',#930);
#932=CARTESIAN_POINT('',(7.501418005,-4.082423453,0.000006592));
#933=VERTEX_POINT('',#932);
#934=CARTESIAN_POINT('',(4.349501855,-9.541861725,0.));
#935=CARTESIAN_POINT('',(4.2186714,-9.446171934,0.));
#936=CARTESIAN_POINT('',(4.101768506,-9.344727416,0.));
#937=CARTESIAN_POINT('',(3.98209956,-9.240882607,0.));
#938=CARTESIAN_POINT('',(3.87219455,-9.127217791,0.));
#939=CARTESIAN_POINT('',(3.652555433,-8.90006491,0.));
#940=CARTESIAN_POINT('',(3.474097676,-8.637096686,0.));
#941=CARTESIAN_POINT('',(3.295768965,-8.374318617,0.));
#942=CARTESIAN_POINT('',(3.166020062,-8.086815254,0.));
#943=CARTESIAN_POINT('',(3.034768011,-7.795981147,0.));
#944=CARTESIAN_POINT('',(2.958798823,-7.492218079,0.));
#945=CARTESIAN_POINT('',(2.882358498,-7.186571167,0.));
#946=CARTESIAN_POINT('',(2.863321453,-6.87086266,0.));
#947=CARTESIAN_POINT('',(2.844313625,-6.555638675,0.));
#948=CARTESIAN_POINT('',(2.883141945,-6.243571607,0.));
#949=CARTESIAN_POINT('',(2.922292605,-5.928913865,0.));
#950=CARTESIAN_POINT('',(3.018421681,-5.631955071,0.));
#951=CARTESIAN_POINT('',(3.115221189,-5.332925198,0.));
#952=CARTESIAN_POINT('',(3.268395255,-5.058973383,0.));
#953=CARTESIAN_POINT('',(3.344752441,-4.922408558,0.));
#954=CARTESIAN_POINT('',(3.434044777,-4.794004921,0.));
#955=CARTESIAN_POINT('',(3.52343927,-4.665454381,0.));
#956=CARTESIAN_POINT('',(3.624603308,-4.546791192,0.));
#957=CARTESIAN_POINT('',(3.726257952,-4.427552533,0.));
#958=CARTESIAN_POINT('',(3.838421551,-4.319900412,0.));
#959=CARTESIAN_POINT('',(3.951509406,-4.21136121,0.));
#960=CARTESIAN_POINT('',(4.073762185,-4.116048251,0.));
#961=CARTESIAN_POINT('',(4.320167585,-3.923941143,0.));
#962=CARTESIAN_POINT('',(4.600846882,-3.788383339,0.));
#963=CARTESIAN_POINT('',(4.740743006,-3.720818643,0.));
#964=CARTESIAN_POINT('',(4.886842823,-3.668431501,0.));
#965=CARTESIAN_POINT('',(5.033171956,-3.615962133,0.));
#966=CARTESIAN_POINT('',(5.183466656,-3.579519864,0.));
#967=CARTESIAN_POINT('',(5.334616801,-3.542870173,0.));
#968=CARTESIAN_POINT('',(5.487416709,-3.522995744,0.));
#969=CARTESIAN_POINT('',(5.641656069,-3.502934089,0.));
#970=CARTESIAN_POINT('',(5.795190467,-3.50026856,0.));
#971=CARTESIAN_POINT('',(5.949450473,-3.497590434,0.));
#972=CARTESIAN_POINT('',(6.10302799,-3.512613223,0.));
#973=CARTESIAN_POINT('',(6.256301608,-3.527606284,0.));
#974=CARTESIAN_POINT('',(6.406894866,-3.559963784,0.));
#975=CARTESIAN_POINT('',(6.557531294,-3.59233056,0.));
#976=CARTESIAN_POINT('',(6.702799783,-3.641486601,0.));
#977=CARTESIAN_POINT('',(6.848791092,-3.69088723,0.));
#978=CARTESIAN_POINT('',(6.986712773,-3.75634025,0.));
#979=CARTESIAN_POINT('',(7.12593202,-3.822409051,0.));
#980=CARTESIAN_POINT('',(7.254412726,-3.90363146,0.));
#981=CARTESIAN_POINT('',(7.385463156,-3.986478388,0.));
#982=CARTESIAN_POINT('',(7.501453863,-4.082352582,0.));
#983=B_SPLINE_CURVE_WITH_KNOTS('',2,(#934,#935,#936,#937,#938,#939,#940,#941,#942,#943,#944,#945,#946,#947,#948,#949,#950,#951,#952,#953,#954,#955,#956,#957,#958,#959,
#960,#961,#962,#963,#964,#965,#966,#967,#968,#969,#970,#971,#972,#973,#974,#975,#976,#977,#978,#979,#980,#981,#982),.UNSPECIFIED.,.F.,.F.,(3,2,2,2,2,2,2,2,2,2,2,2,2,2,2,2,2,2,2,2,2,2,2,2,3),(0.,0.03125,0.0625,0.125,0.1875,0.25,0.3125,0.375,0.4375,0.5,0.53125,0.5625,0.59375,0.625,0.6875,0.71875,0.75,0.78125,0.8125,0.84375,0.875,0.90625,0.9375,0.96875,1.),.UNSPECIFIED.);
#984=EDGE_CURVE('',#931,#933,#983,.T.);
#985=ORIENTED_EDGE('',*,*,#984,.F.);
#986=CARTESIAN_POINT('',(7.50141168,-4.082465839,0.));
#987=CARTESIAN_POINT('',(7.647719952,-4.136966588,0.));
#988=CARTESIAN_POINT('',(7.785930359,-4.209610744,0.));
#989=CARTESIAN_POINT('',(7.92212037,-4.281192967,0.));
#990=CARTESIAN_POINT('',(8.051409139,-4.371348737,0.));
#991=CARTESIAN_POINT('',(8.179066803,-4.460367104,0.));
#992=CARTESIAN_POINT('',(8.297409859,-4.566159317,0.));
#993=CARTESIAN_POINT('',(8.413055209,-4.669539927,0.));
#994=CARTESIAN_POINT('',(8.517425405,-4.7872906,0.));
#995=CARTESIAN_POINT('',(8.62071395,-4.903820953,0.));
#996=CARTESIAN_POINT('',(8.71079333,-5.032536677,0.));
#997=CARTESIAN_POINT('',(8.800679575,-5.160976427,0.));
#998=CARTESIAN_POINT('',(8.875453025,-5.299404461,0.));
#999=CARTESIAN_POINT('',(8.948794466,-5.435181416,0.));
#1000=CARTESIAN_POINT('',(9.007328463,-5.581131968,0.));
#1001=CARTESIAN_POINT('',(9.06502699,-5.724999335,0.));
#1002=CARTESIAN_POINT('',(9.107258405,-5.87695204,0.));
#1003=CARTESIAN_POINT('',(9.148991734,-6.027112587,0.));
#1004=CARTESIAN_POINT('',(9.174671478,-6.182970433,0.));
#1005=CARTESIAN_POINT('',(9.199878235,-6.335957582,0.));
#1006=CARTESIAN_POINT('',(9.208938467,-6.492272788,0.));
#1007=CARTESIAN_POINT('',(9.217961096,-6.64793925,0.));
#1008=CARTESIAN_POINT('',(9.210502948,-6.804673667,0.));
#1009=CARTESIAN_POINT('',(9.203072554,-6.960824818,0.));
#1010=CARTESIAN_POINT('',(9.178973159,-7.116280211,0.));
#1011=CARTESIAN_POINT('',(9.155355824,-7.268626035,0.));
#1012=CARTESIAN_POINT('',(9.115469897,-7.420561642,0.));
#1013=CARTESIAN_POINT('',(9.076156545,-7.570316165,0.));
#1014=CARTESIAN_POINT('',(9.021221546,-7.717687801,0.));
#1015=CARTESIAN_POINT('',(8.966734811,-7.863856902,0.));
#1016=CARTESIAN_POINT('',(8.897312054,-8.005616223,0.));
#1017=CARTESIAN_POINT('',(8.829093332,-8.144916938,0.));
#1018=CARTESIAN_POINT('',(8.747061809,-8.2780396,0.));
#1019=CARTESIAN_POINT('',(8.665536132,-8.410341362,0.));
#1020=CARTESIAN_POINT('',(8.571116614,-8.534734069,0.));
#1021=CARTESIAN_POINT('',(8.476438845,-8.659467009,0.));
#1022=CARTESIAN_POINT('',(8.369460022,-8.774785268,0.));
#1023=CARTESIAN_POINT('',(8.264369041,-8.888068521,0.));
#1024=CARTESIAN_POINT('',(8.146808775,-8.992604261,0.));
#1025=CARTESIAN_POINT('',(8.031541294,-9.095101235,0.));
#1026=CARTESIAN_POINT('',(7.905310893,-9.187871283,0.));
#1027=CARTESIAN_POINT('',(7.78012311,-9.279875083,0.));
#1028=CARTESIAN_POINT('',(7.645358469,-9.361055515,0.));
#1029=CARTESIAN_POINT('',(7.511889848,-9.441455241,0.));
#1030=CARTESIAN_POINT('',(7.370359698,-9.510091425,0.));
#1031=CARTESIAN_POINT('',(7.230919534,-9.577714054,0.));
#1032=CARTESIAN_POINT('',(7.085045405,-9.632919067,0.));
#1033=CARTESIAN_POINT('',(6.939737004,-9.687909984,0.));
#1034=CARTESIAN_POINT('',(6.789507464,-9.729712812,0.));
#1035=CARTESIAN_POINT('',(6.639518333,-9.771448743,0.));
#1036=CARTESIAN_POINT('',(6.484091504,-9.799780172,0.));
#1037=CARTESIAN_POINT('',(6.331863843,-9.827528451,0.));
#1038=CARTESIAN_POINT('',(6.175369858,-9.842003371,0.));
#1039=CARTESIAN_POINT('',(6.021719889,-9.856215233,0.));
#1040=CARTESIAN_POINT('',(5.865319336,-9.857229385,0.));
#1041=CARTESIAN_POINT('',(5.710251171,-9.858234897,0.));
#1042=CARTESIAN_POINT('',(5.553965695,-9.845981505,0.));
#1043=CARTESIAN_POINT('',(5.398284363,-9.833775481,0.));
#1044=CARTESIAN_POINT('',(5.242932639,-9.808257203,0.));
#1045=CARTESIAN_POINT('',(5.0896612,-9.783080636,0.));
#1046=CARTESIAN_POINT('',(4.938204783,-9.744914516,0.));
#1047=CARTESIAN_POINT('',(4.63558064,-9.668655025,0.));
#1048=CARTESIAN_POINT('',(4.349283239,-9.541955867,0.));
#1049=B_SPLINE_CURVE_WITH_KNOTS('',2,(#986,#987,#988,#989,#990,#991,#992,#993,#994,#995,#996,#997,#998,#999,#1000,#1001,#1002,#1003,#1004,#1005,#1006,#1007,#1008,#1009,#1010,#1011,
#1012,#1013,#1014,#1015,#1016,#1017,#1018,#1019,#1020,#1021,#1022,#1023,#1024,#1025,#1026,#1027,#1028,#1029,#1030,#1031,#1032,#1033,#1034,#1035,#1036,
#1037,#1038,#1039,#1040,#1041,#1042,#1043,#1044,#1045,#1046,#1047,#1048),.UNSPECIFIED.,.F.,.F.,(3,2,2,2,2,2,2,2,2,2,2,2,2,2,2,2,2,2,2,2,2,2,2,2,2,2,
2,2,2,2,2,3),(0.,0.03125,0.0625,0.09375,0.125,0.15625,0.1875,0.21875,0.25,0.28125,0.3125,0.34375,0.375,0.40625,0.4375,0.46875,0.5,0.53125,0.5625,0.59375,0.625,0.65625,0.6875,0.71875,0.75,0.78125,
0.8125,0.84375,0.875,0.90625,0.9375,1.),.UNSPECIFIED.);
#1050=EDGE_CURVE('',#933,#931,#1049,.T.);
#1051=ORIENTED_EDGE('',*,*,#1050,.F.);
#1052=EDGE_LOOP('',(#985,#1051));
#1053=FACE_BOUND('',#1052,.T.);
#1054=ADVANCED_FACE('',(#155,#279,#403,#527,#557,#681,#805,#929,#1053),#31,.F.);
#1055=CARTESIAN_POINT('',(-25.,-12.5,-0.));
#1056=CARTESIAN_POINT('',(-25.,12.5,-0.));
#1057=CARTESIAN_POINT('',(-25.,-12.5,5.5));
#1058=CARTESIAN_POINT('',(-25.,12.5,5.5));
#1059=B_SPLINE_SURFACE_WITH_KNOTS('',1,1,((#1055,#1056),(#1057,#1058)),.UNSPECIFIED.,.F.,.F.,.U.,(2,2),(2,2),(-0.0055,0.),(0.,0.025),.UNSPECIFIED.);
#1060=ORIENTED_EDGE('',*,*,#535,.F.);
#1061=CARTESIAN_POINT('',(-25.,-12.5,5.5));
#1062=VERTEX_POINT('',#1061);
#1063=CARTESIAN_POINT('',(-25.,-12.5,5.5));
#1064=CARTESIAN_POINT('',(-25.,-12.5,-0.));
#1065=B_SPLINE_CURVE_WITH_KNOTS('',1,(#1063,#1064),.UNSPECIFIED.,.F.,.F.,(2,2),(0.,0.0055),.UNSPECIFIED.);
#1066=EDGE_CURVE('',#1062,#529,#1065,.T.);
#1067=ORIENTED_EDGE('',*,*,#1066,.F.);
#1068=CARTESIAN_POINT('',(-25.,12.5,5.5));
#1069=VERTEX_POINT('',#1068);
#1070=CARTESIAN_POINT('',(-25.,-12.5,5.5));
#1071=CARTESIAN_POINT('',(-25.,12.5,5.5));
#1072=B_SPLINE_CURVE_WITH_KNOTS('',1,(#1070,#1071),.UNSPECIFIED.,.F.,.F.,(2,2),(0.,0.025),.UNSPECIFIED.);
#1073=EDGE_CURVE('',#1062,#1069,#1072,.T.);
#1074=ORIENTED_EDGE('',*,*,#1073,.T.);
#1075=CARTESIAN_POINT('',(-25.,12.5,5.5));
#1076=CARTESIAN_POINT('',(-25.,12.5,-0.));
#1077=B_SPLINE_CURVE_WITH_KNOTS('',1,(#1075,#1076),.UNSPECIFIED.,.F.,.F.,(2,2),(0.,0.0055),.UNSPECIFIED.);
#1078=EDGE_CURVE('',#1069,#531,#1077,.T.);
#1079=ORIENTED_EDGE('',*,*,#1078,.T.);
#1080=EDGE_LOOP('',(#1060,#1067,#1074,#1079));
#1081=FACE_BOUND('',#1080,.T.);
#1082=ADVANCED_FACE('',(#1081),#1059,.T.);
#1083=CARTESIAN_POINT('',(-25.,-12.5,5.5));
#1084=CARTESIAN_POINT('',(25.,-12.5,5.5));
#1085=CARTESIAN_POINT('',(-25.,-12.5,-0.));
#1086=CARTESIAN_POINT('',(25.,-12.5,-0.));
#1087=B_SPLINE_SURFACE_WITH_KNOTS('',1,1,((#1083,#1084),(#1085,#1086)),.UNSPECIFIED.,.F.,.F.,.U.,(2,2),(2,2),(0.,0.0055),(-0.05,0.),.UNSPECIFIED.);
#1088=ORIENTED_EDGE('',*,*,#554,.F.);
#1089=CARTESIAN_POINT('',(25.,-12.5,5.5));
#1090=VERTEX_POINT('',#1089);
#1091=CARTESIAN_POINT('',(25.,-12.5,5.5));
#1092=CARTESIAN_POINT('',(25.,-12.5,-0.));
#1093=B_SPLINE_CURVE_WITH_KNOTS('',1,(#1091,#1092),.UNSPECIFIED.,.F.,.F.,(2,2),(0.,0.0055),.UNSPECIFIED.);
#1094=EDGE_CURVE('',#1090,#545,#1093,.T.);
#1095=ORIENTED_EDGE('',*,*,#1094,.F.);
#1096=CARTESIAN_POINT('',(25.,-12.5,5.5));
#1097=CARTESIAN_POINT('',(-25.,-12.5,5.5));
#1098=B_SPLINE_CURVE_WITH_KNOTS('',1,(#1096,#1097),.UNSPECIFIED.,.F.,.F.,(2,2),(0.,0.05),.UNSPECIFIED.);
#1099=EDGE_CURVE('',#1090,#1062,#1098,.T.);
#1100=ORIENTED_EDGE('',*,*,#1099,.T.);
#1101=ORIENTED_EDGE('',*,*,#1066,.T.);
#1102=EDGE_LOOP('',(#1088,#1095,#1100,#1101));
#1103=FACE_BOUND('',#1102,.T.);
#1104=ADVANCED_FACE('',(#1103),#1087,.T.);
#1105=CARTESIAN_POINT('',(25.,-12.5,5.5));
#1106=CARTESIAN_POINT('',(25.,12.5,5.5));
#1107=CARTESIAN_POINT('',(25.,-12.5,-0.));
#1108=CARTESIAN_POINT('',(25.,12.5,-0.));
#1109=B_SPLINE_SURFACE_WITH_KNOTS('',1,1,((#1105,#1106),(#1107,#1108)),.UNSPECIFIED.,.F.,.F.,.U.,(2,2),(2,2),(0.,0.0055),(-0.025,0.),.UNSPECIFIED.);
#1110=ORIENTED_EDGE('',*,*,#549,.F.);
#1111=CARTESIAN_POINT('',(25.,12.5,5.5));
#1112=VERTEX_POINT('',#1111);
#1113=CARTESIAN_POINT('',(25.,12.5,5.5));
#1114=CARTESIAN_POINT('',(25.,12.5,-0.));
#1115=B_SPLINE_CURVE_WITH_KNOTS('',1,(#1113,#1114),.UNSPECIFIED.,.F.,.F.,(2,2),(0.,0.0055),.UNSPECIFIED.);
#1116=EDGE_CURVE('',#1112,#538,#1115,.T.);
#1117=ORIENTED_EDGE('',*,*,#1116,.F.);
#1118=CARTESIAN_POINT('',(25.,12.5,5.5));
#1119=CARTESIAN_POINT('',(25.,-12.5,5.5));
#1120=B_SPLINE_CURVE_WITH_KNOTS('',1,(#1118,#1119),.UNSPECIFIED.,.F.,.F.,(2,2),(0.,0.025),.UNSPECIFIED.);
#1121=EDGE_CURVE('',#1112,#1090,#1120,.T.);
#1122=ORIENTED_EDGE('',*,*,#1121,.T.);
#1123=ORIENTED_EDGE('',*,*,#1094,.T.);
#1124=EDGE_LOOP('',(#1110,#1117,#1122,#1123));
#1125=FACE_BOUND('',#1124,.T.);
#1126=ADVANCED_FACE('',(#1125),#1109,.T.);
#1127=CARTESIAN_POINT('',(-25.,12.5,-0.));
#1128=CARTESIAN_POINT('',(25.,12.5,-0.));
#1129=CARTESIAN_POINT('',(-25.,12.5,5.5));
#1130=CARTESIAN_POINT('',(25.,12.5,5.5));
#1131=B_SPLINE_SURFACE_WITH_KNOTS('',1,1,((#1127,#1128),(#1129,#1130)),.UNSPECIFIED.,.F.,.F.,.U.,(2,2),(2,2),(-0.0055,0.),(0.,0.05),.UNSPECIFIED.);
#1132=ORIENTED_EDGE('',*,*,#542,.F.);
#1133=ORIENTED_EDGE('',*,*,#1078,.F.);
#1134=CARTESIAN_POINT('',(-25.,12.5,5.5));
#1135=CARTESIAN_POINT('',(25.,12.5,5.5));
#1136=B_SPLINE_CURVE_WITH_KNOTS('',1,(#1134,#1135),.UNSPECIFIED.,.F.,.F.,(2,2),(0.,0.05),.UNSPECIFIED.);
#1137=EDGE_CURVE('',#1069,#1112,#1136,.T.);
#1138=ORIENTED_EDGE('',*,*,#1137,.T.);
#1139=ORIENTED_EDGE('',*,*,#1116,.T.);
#1140=EDGE_LOOP('',(#1132,#1133,#1138,#1139));
#1141=FACE_BOUND('',#1140,.T.);
#1142=ADVANCED_FACE('',(#1141),#1131,.T.);
#1143=CARTESIAN_POINT('',(-25.,-12.5,5.5));
#1144=CARTESIAN_POINT('',(-25.,12.5,5.5));
#1145=CARTESIAN_POINT('',(25.,-12.5,5.5));
#1146=CARTESIAN_POINT('',(25.,12.5,5.5));
#1147=B_SPLINE_SURFACE_WITH_KNOTS('',1,1,((#1143,#1144),(#1145,#1146)),.UNSPECIFIED.,.F.,.F.,.U.,(2,2),(2,2),(-0.05,0.),(-0.0375,-0.0125),.UNSPECIFIED.);
#1148=CARTESIAN_POINT('',(4.347114138,-2.951576494,5.500575969));
#1149=VERTEX_POINT('',#1148);
#1150=CARTESIAN_POINT('',(7.512190455,-8.413863907,5.500132583));
#1151=VERTEX_POINT('',#1150);
#1152=CARTESIAN_POINT('',(4.350278087,-2.955772702,5.5));
#1153=CARTESIAN_POINT('',(4.181632582,-3.079095078,5.5));
#1154=CARTESIAN_POINT('',(4.025519498,-3.215615109,5.5));
#1155=CARTESIAN_POINT('',(3.881248172,-3.36460547,5.5));
#1156=CARTESIAN_POINT('',(3.809112509,-3.439100651,5.5));
#1157=CARTESIAN_POINT('',(3.739958655,-3.516735917,5.5));
#1158=CARTESIAN_POINT('',(3.673828221,-3.597555091,5.5));
#1159=CARTESIAN_POINT('',(3.607697787,-3.678374264,5.5));
#1160=CARTESIAN_POINT('',(3.544415544,-3.762688512,5.5));
#1161=CARTESIAN_POINT('',(3.48530749,-3.84873256,5.5));
#1162=CARTESIAN_POINT('',(3.367091384,-4.020820656,5.5));
#1163=CARTESIAN_POINT('',(3.26436931,-4.200913566,5.5));
#1164=CARTESIAN_POINT('',(3.177271454,-4.389078548,5.5));
#1165=CARTESIAN_POINT('',(3.133722526,-4.48316104,5.5));
#1166=CARTESIAN_POINT('',(3.094107699,-4.579276039,5.5));
#1167=CARTESIAN_POINT('',(3.058627415,-4.677527102,5.5));
#1168=CARTESIAN_POINT('',(3.023147131,-4.775778165,5.5));
#1169=CARTESIAN_POINT('',(2.991745948,-4.876543479,5.5));
#1170=CARTESIAN_POINT('',(2.965307462,-4.977453575,5.5));
#1171=CARTESIAN_POINT('',(2.912430489,-5.179273767,5.5));
#1172=CARTESIAN_POINT('',(2.878740105,-5.383423425,5.5));
#1173=CARTESIAN_POINT('',(2.864403488,-5.589922847,5.5));
#1174=CARTESIAN_POINT('',(2.857235179,-5.693172557,5.5));
#1175=CARTESIAN_POINT('',(2.854848872,-5.797002856,5.5));
#1176=CARTESIAN_POINT('',(2.857287725,-5.901418984,5.5));
#1177=CARTESIAN_POINT('',(2.859726578,-6.005835111,5.5));
#1178=CARTESIAN_POINT('',(2.867073927,-6.111132169,5.5));
#1179=CARTESIAN_POINT('',(2.879102489,-6.214814247,5.5));
#1180=CARTESIAN_POINT('',(2.903159612,-6.422178403,5.5));
#1181=CARTESIAN_POINT('',(2.945706137,-6.625217842,5.5));
#1182=CARTESIAN_POINT('',(3.006784517,-6.823922635,5.5));
#1183=CARTESIAN_POINT('',(3.067862897,-7.022627428,5.5));
#1184=CARTESIAN_POINT('',(3.148671439,-7.21871945,5.5));
#1185=CARTESIAN_POINT('',(3.24626757,-7.402098691,5.5));
#1186=CARTESIAN_POINT('',(3.343863701,-7.585477932,5.5));
#1187=CARTESIAN_POINT('',(3.458421366,-7.757724824,5.5));
#1188=CARTESIAN_POINT('',(3.591420441,-7.917868082,5.5));
#1189=CARTESIAN_POINT('',(3.657919979,-7.997939711,5.5));
#1190=CARTESIAN_POINT('',(3.729457982,-8.075445773,5.5));
#1191=CARTESIAN_POINT('',(3.804494906,-8.148687889,5.5));
#1192=CARTESIAN_POINT('',(3.87953183,-8.221930005,5.5));
#1193=CARTESIAN_POINT('',(3.957791699,-8.290752138,5.5));
#1194=CARTESIAN_POINT('',(4.039154311,-8.355319137,5.5));
#1195=CARTESIAN_POINT('',(4.364604758,-8.613587132,5.5));
#1196=CARTESIAN_POINT('',(4.74692828,-8.807609275,5.5));
#1197=CARTESIAN_POINT('',(5.148552586,-8.91162493,5.5));
#1198=CARTESIAN_POINT('',(5.9518012,-9.119656242,5.5));
#1199=CARTESIAN_POINT('',(6.865108235,-8.955790449,5.5));
#1200=CARTESIAN_POINT('',(7.512549883,-8.414457206,5.5));
#1201=B_SPLINE_CURVE_WITH_KNOTS('',3,(#1152,#1153,#1154,#1155,#1156,#1157,#1158,#1159,#1160,#1161,#1162,#1163,#1164,#1165,#1166,#1167,#1168,#1169,#1170,#1171,#1172,#1173,#1174,#1175,#1176,#1177,
#1178,#1179,#1180,#1181,#1182,#1183,#1184,#1185,#1186,#1187,#1188,#1189,#1190,#1191,#1192,#1193,#1194,#1195,#1196,#1197,#1198,#1199,#1200),.UNSPECIFIED.,.F.,.F.,(4,3,3,3,3,3,3,3,3,3,3,3,3,3,3,3,4),(0.00014585,0.000767485,0.001078303,0.001389121,0.002010756,0.002321574,0.002632391,0.003254027,0.003564845,0.003875662,0.004497298,0.005118933,0.005740569,0.006051386,0.006362204,0.007605475,0.010092017),.UNSPECIFIED.);
#1202=EDGE_CURVE('',#1149,#1151,#1201,.T.);
#1203=ORIENTED_EDGE('',*,*,#1202,.F.);
#1204=CARTESIAN_POINT('',(4.370292766,-2.939899694,5.49979243));
#1205=VERTEX_POINT('',#1204);
#1206=CARTESIAN_POINT('',(4.346333028,-2.951618235,5.5));
#1207=CARTESIAN_POINT('',(4.370849359,-2.940841285,5.5));
#1208=B_SPLINE_CURVE_WITH_KNOTS('',1,(#1206,#1207),.UNSPECIFIED.,.F.,.F.,(2,2),(0.,1.),.UNSPECIFIED.);
#1209=EDGE_CURVE('',#1149,#1205,#1208,.T.);
#1210=ORIENTED_EDGE('',*,*,#1209,.T.);
#1211=CARTESIAN_POINT('',(7.512549144,-8.414457823,5.5));
#1212=CARTESIAN_POINT('',(8.295548935,-8.115865094,5.5));
#1213=CARTESIAN_POINT('',(8.889581705,-7.423361823,5.5));
#1214=CARTESIAN_POINT('',(9.108574702,-6.62213917,5.5));
#1215=CARTESIAN_POINT('',(9.2180712,-6.221527843,5.5));
#1216=CARTESIAN_POINT('',(9.239113093,-5.796844052,5.5));
#1217=CARTESIAN_POINT('',(9.177763069,-5.386405834,5.5));
#1218=CARTESIAN_POINT('',(9.147088057,-5.181186726,5.5));
#1219=CARTESIAN_POINT('',(9.096374317,-4.981244477,5.5));
#1220=CARTESIAN_POINT('',(9.025075385,-4.78672299,5.5));
#1221=CARTESIAN_POINT('',(8.989425919,-4.689462247,5.5));
#1222=CARTESIAN_POINT('',(8.948245038,-4.593055174,5.5));
#1223=CARTESIAN_POINT('',(8.902412261,-4.499548996,5.5));
#1224=CARTESIAN_POINT('',(8.856579485,-4.406042819,5.5));
#1225=CARTESIAN_POINT('',(8.806270402,-4.315531136,5.5));
#1226=CARTESIAN_POINT('',(8.751762482,-4.22782833,5.5));
#1227=CARTESIAN_POINT('',(8.533730803,-3.877017105,5.5));
#1228=CARTESIAN_POINT('',(8.244522399,-3.566832368,5.5));
#1229=CARTESIAN_POINT('',(7.913471353,-3.320006254,5.5));
#1230=CARTESIAN_POINT('',(7.830708591,-3.258299725,5.5));
#1231=CARTESIAN_POINT('',(7.745064677,-3.200266935,5.5));
#1232=CARTESIAN_POINT('',(7.656473314,-3.145992415,5.5));
#1233=CARTESIAN_POINT('',(7.56788195,-3.091717896,5.5));
#1234=CARTESIAN_POINT('',(7.47603205,-3.041095917,5.5));
#1235=CARTESIAN_POINT('',(7.382960677,-2.995287151,5.5));
#1236=CARTESIAN_POINT('',(7.196817931,-2.903669619,5.5));
#1237=CARTESIAN_POINT('',(7.004220292,-2.830412071,5.5));
#1238=CARTESIAN_POINT('',(6.805483406,-2.774616697,5.5));
#1239=CARTESIAN_POINT('',(6.606746521,-2.718821324,5.5));
#1240=CARTESIAN_POINT('',(6.400114985,-2.680271753,5.5));
#1241=CARTESIAN_POINT('',(6.19412401,-2.659718264,5.5));
#1242=CARTESIAN_POINT('',(5.988133034,-2.639164775,5.5));
#1243=CARTESIAN_POINT('',(5.781863953,-2.636032716,5.5));
#1244=CARTESIAN_POINT('',(5.575321523,-2.650024089,5.5));
#1245=CARTESIAN_POINT('',(5.368779093,-2.664015462,5.5));
#1246=CARTESIAN_POINT('',(5.161153402,-2.695606676,5.5));
#1247=CARTESIAN_POINT('',(4.95991183,-2.744016226,5.5));
#1248=CARTESIAN_POINT('',(4.758670257,-2.792425776,5.5));
#1249=CARTESIAN_POINT('',(4.562194887,-2.857607593,5.5));
#1250=CARTESIAN_POINT('',(4.370849349,-2.940841289,5.5));
#1251=B_SPLINE_CURVE_WITH_KNOTS('',3,(#1211,#1212,#1213,#1214,#1215,#1216,#1217,#1218,#1219,#1220,#1221,#1222,#1223,#1224,#1225,#1226,#1227,#1228,#1229,#1230,#1231,#1232,#1233,#1234,#1235,#1236,
#1237,#1238,#1239,#1240,#1241,#1242,#1243,#1244,#1245,#1246,#1247,#1248,#1249,#1250),.UNSPECIFIED.,.F.,.F.,(4,3,3,3,3,3,3,3,3,3,3,3,3,4),(0.000011164,0.002487225,0.003725255,0.004344271,0.004653778,0.004963286,0.006201317,0.006510824,0.006820332,0.007439347,0.008058362,0.008677378,0.009296393,0.009915408),.UNSPECIFIED.);
#1252=EDGE_CURVE('',#1151,#1205,#1251,.T.);
#1253=ORIENTED_EDGE('',*,*,#1252,.F.);
#1254=EDGE_LOOP('',(#1203,#1210,#1253));
#1255=FACE_BOUND('',#1254,.T.);
#1256=CARTESIAN_POINT('',(-8.152885862,9.548423506,5.500575969));
#1257=VERTEX_POINT('',#1256);
#1258=CARTESIAN_POINT('',(-4.987809545,4.086136093,5.500132583));
#1259=VERTEX_POINT('',#1258);
#1260=CARTESIAN_POINT('',(-8.149721913,9.544227298,5.5));
#1261=CARTESIAN_POINT('',(-8.318367418,9.420904922,5.5));
#1262=CARTESIAN_POINT('',(-8.474480502,9.284384891,5.5));
#1263=CARTESIAN_POINT('',(-8.618751828,9.13539453,5.5));
#1264=CARTESIAN_POINT('',(-8.690887491,9.060899349,5.5));
#1265=CARTESIAN_POINT('',(-8.760041345,8.983264083,5.5));
#1266=CARTESIAN_POINT('',(-8.826171779,8.902444909,5.5));
#1267=CARTESIAN_POINT('',(-8.892302213,8.821625736,5.5));
#1268=CARTESIAN_POINT('',(-8.955584456,8.737311488,5.5));
#1269=CARTESIAN_POINT('',(-9.01469251,8.65126744,5.5));
#1270=CARTESIAN_POINT('',(-9.132908616,8.479179344,5.5));
#1271=CARTESIAN_POINT('',(-9.23563069,8.299086434,5.5));
#1272=CARTESIAN_POINT('',(-9.322728546,8.110921452,5.5));
#1273=CARTESIAN_POINT('',(-9.366277474,8.01683896,5.5));
#1274=CARTESIAN_POINT('',(-9.405892301,7.920723961,5.5));
#1275=CARTESIAN_POINT('',(-9.441372585,7.822472898,5.5));
#1276=CARTESIAN_POINT('',(-9.476852869,7.724221835,5.5));
#1277=CARTESIAN_POINT('',(-9.508254052,7.623456521,5.5));
#1278=CARTESIAN_POINT('',(-9.534692538,7.522546425,5.5));
#1279=CARTESIAN_POINT('',(-9.587569511,7.320726233,5.5));
#1280=CARTESIAN_POINT('',(-9.621259895,7.116576575,5.5));
#1281=CARTESIAN_POINT('',(-9.635596512,6.910077153,5.5));
#1282=CARTESIAN_POINT('',(-9.642764821,6.806827443,5.5));
#1283=CARTESIAN_POINT('',(-9.645151128,6.702997144,5.5));
#1284=CARTESIAN_POINT('',(-9.642712275,6.598581016,5.5));
#1285=CARTESIAN_POINT('',(-9.640273422,6.494164889,5.5));
#1286=CARTESIAN_POINT('',(-9.632926073,6.388867831,5.5));
#1287=CARTESIAN_POINT('',(-9.620897511,6.285185753,5.5));
#1288=CARTESIAN_POINT('',(-9.596840388,6.077821597,5.5));
#1289=CARTESIAN_POINT('',(-9.554293863,5.874782158,5.5));
#1290=CARTESIAN_POINT('',(-9.493215483,5.676077365,5.5));
#1291=CARTESIAN_POINT('',(-9.432137103,5.477372572,5.5));
#1292=CARTESIAN_POINT('',(-9.351328561,5.28128055,5.5));
#1293=CARTESIAN_POINT('',(-9.25373243,5.097901309,5.5));
#1294=CARTESIAN_POINT('',(-9.156136299,4.914522068,5.5));
#1295=CARTESIAN_POINT('',(-9.041578634,4.742275176,5.5));
#1296=CARTESIAN_POINT('',(-8.908579559,4.582131918,5.5));
#1297=CARTESIAN_POINT('',(-8.842080021,4.502060289,5.5));
#1298=CARTESIAN_POINT('',(-8.770542018,4.424554227,5.5));
#1299=CARTESIAN_POINT('',(-8.695505094,4.351312111,5.5));
#1300=CARTESIAN_POINT('',(-8.62046817,4.278069995,5.5));
#1301=CARTESIAN_POINT('',(-8.542208301,4.209247862,5.5));
#1302=CARTESIAN_POINT('',(-8.460845689,4.144680863,5.5));
#1303=CARTESIAN_POINT('',(-8.135395242,3.886412868,5.5));
#1304=CARTESIAN_POINT('',(-7.75307172,3.692390725,5.5));
#1305=CARTESIAN_POINT('',(-7.351447414,3.58837507,5.5));
#1306=CARTESIAN_POINT('',(-6.5481988,3.380343758,5.5));
#1307=CARTESIAN_POINT('',(-5.634891765,3.544209551,5.5));
#1308=CARTESIAN_POINT('',(-4.987450117,4.085542794,5.5));
#1309=B_SPLINE_CURVE_WITH_KNOTS('',3,(#1260,#1261,#1262,#1263,#1264,#1265,#1266,#1267,#1268,#1269,#1270,#1271,#1272,#1273,#1274,#1275,#1276,#1277,#1278,#1279,#1280,#1281,#1282,#1283,#1284,#1285,
#1286,#1287,#1288,#1289,#1290,#1291,#1292,#1293,#1294,#1295,#1296,#1297,#1298,#1299,#1300,#1301,#1302,#1303,#1304,#1305,#1306,#1307,#1308),.UNSPECIFIED.,.F.,.F.,(4,3,3,3,3,3,3,3,3,3,3,3,3,3,3,3,4),(0.00014585,0.000767485,0.001078303,0.001389121,0.002010756,0.002321574,0.002632391,0.003254027,0.003564845,0.003875662,0.004497298,0.005118933,0.005740569,0.006051386,0.006362204,0.007605475,0.010092017),.UNSPECIFIED.);
#1310=EDGE_CURVE('',#1257,#1259,#1309,.T.);
#1311=ORIENTED_EDGE('',*,*,#1310,.F.);
#1312=CARTESIAN_POINT('',(-8.129707234,9.560100306,5.49979243));
#1313=VERTEX_POINT('',#1312);
#1314=CARTESIAN_POINT('',(-8.153666972,9.548381765,5.5));
#1315=CARTESIAN_POINT('',(-8.129150641,9.559158715,5.5));
#1316=B_SPLINE_CURVE_WITH_KNOTS('',1,(#1314,#1315),.UNSPECIFIED.,.F.,.F.,(2,2),(0.,1.),.UNSPECIFIED.);
#1317=EDGE_CURVE('',#1257,#1313,#1316,.T.);
#1318=ORIENTED_EDGE('',*,*,#1317,.T.);
#1319=CARTESIAN_POINT('',(-4.987450856,4.085542177,5.5));
#1320=CARTESIAN_POINT('',(-4.204451065,4.384134906,5.5));
#1321=CARTESIAN_POINT('',(-3.610418295,5.076638177,5.5));
#1322=CARTESIAN_POINT('',(-3.391425298,5.87786083,5.5));
#1323=CARTESIAN_POINT('',(-3.2819288,6.278472157,5.5));
#1324=CARTESIAN_POINT('',(-3.260886907,6.703155948,5.5));
#1325=CARTESIAN_POINT('',(-3.322236931,7.113594166,5.5));
#1326=CARTESIAN_POINT('',(-3.352911943,7.318813274,5.5));
#1327=CARTESIAN_POINT('',(-3.403625683,7.518755523,5.5));
#1328=CARTESIAN_POINT('',(-3.474924615,7.71327701,5.5));
#1329=CARTESIAN_POINT('',(-3.510574081,7.810537753,5.5));
#1330=CARTESIAN_POINT('',(-3.551754962,7.906944826,5.5));
#1331=CARTESIAN_POINT('',(-3.597587739,8.000451004,5.5));
#1332=CARTESIAN_POINT('',(-3.643420515,8.093957181,5.5));
#1333=CARTESIAN_POINT('',(-3.693729598,8.184468864,5.5));
#1334=CARTESIAN_POINT('',(-3.748237518,8.27217167,5.5));
#1335=CARTESIAN_POINT('',(-3.966269197,8.622982895,5.5));
#1336=CARTESIAN_POINT('',(-4.255477601,8.933167632,5.5));
#1337=CARTESIAN_POINT('',(-4.586528647,9.179993746,5.5));
#1338=CARTESIAN_POINT('',(-4.669291409,9.241700275,5.5));
#1339=CARTESIAN_POINT('',(-4.754935323,9.299733065,5.5));
#1340=CARTESIAN_POINT('',(-4.843526686,9.354007585,5.5));
#1341=CARTESIAN_POINT('',(-4.93211805,9.408282104,5.5));
#1342=CARTESIAN_POINT('',(-5.02396795,9.458904083,5.5));
#1343=CARTESIAN_POINT('',(-5.117039323,9.504712849,5.5));
#1344=CARTESIAN_POINT('',(-5.303182069,9.596330381,5.5));
#1345=CARTESIAN_POINT('',(-5.495779708,9.669587929,5.5));
#1346=CARTESIAN_POINT('',(-5.694516594,9.725383303,5.5));
#1347=CARTESIAN_POINT('',(-5.893253479,9.781178676,5.5));
#1348=CARTESIAN_POINT('',(-6.099885015,9.819728247,5.5));
#1349=CARTESIAN_POINT('',(-6.30587599,9.840281736,5.5));
#1350=CARTESIAN_POINT('',(-6.511866966,9.860835225,5.5));
#1351=CARTESIAN_POINT('',(-6.718136047,9.863967284,5.5));
#1352=CARTESIAN_POINT('',(-6.924678477,9.849975911,5.5));
#1353=CARTESIAN_POINT('',(-7.131220907,9.835984538,5.5));
#1354=CARTESIAN_POINT('',(-7.338846598,9.804393324,5.5));
#1355=CARTESIAN_POINT('',(-7.54008817,9.755983774,5.5));
#1356=CARTESIAN_POINT('',(-7.741329743,9.707574224,5.5));
#1357=CARTESIAN_POINT('',(-7.937805113,9.642392407,5.5));
#1358=CARTESIAN_POINT('',(-8.129150651,9.559158711,5.5));
#1359=B_SPLINE_CURVE_WITH_KNOTS('',3,(#1319,#1320,#1321,#1322,#1323,#1324,#1325,#1326,#1327,#1328,#1329,#1330,#1331,#1332,#1333,#1334,#1335,#1336,#1337,#1338,#1339,#1340,#1341,#1342,#1343,#1344,
#1345,#1346,#1347,#1348,#1349,#1350,#1351,#1352,#1353,#1354,#1355,#1356,#1357,#1358),.UNSPECIFIED.,.F.,.F.,(4,3,3,3,3,3,3,3,3,3,3,3,3,4),(0.000011164,0.002487225,0.003725255,0.004344271,0.004653778,0.004963286,0.006201317,0.006510824,0.006820332,0.007439347,0.008058362,0.008677378,0.009296393,0.009915408),.UNSPECIFIED.);
#1360=EDGE_CURVE('',#1259,#1313,#1359,.T.);
#1361=ORIENTED_EDGE('',*,*,#1360,.F.);
#1362=EDGE_LOOP('',(#1311,#1318,#1361));
#1363=FACE_BOUND('',#1362,.T.);
#1364=CARTESIAN_POINT('',(-8.152885862,-2.951576494,5.500575969));
#1365=VERTEX_POINT('',#1364);
#1366=CARTESIAN_POINT('',(-4.987809545,-8.413863907,5.500132583));
#1367=VERTEX_POINT('',#1366);
#1368=CARTESIAN_POINT('',(-8.149721913,-2.955772702,5.5));
#1369=CARTESIAN_POINT('',(-8.318367418,-3.079095078,5.5));
#1370=CARTESIAN_POINT('',(-8.474480502,-3.215615109,5.5));
#1371=CARTESIAN_POINT('',(-8.618751828,-3.36460547,5.5));
#1372=CARTESIAN_POINT('',(-8.690887491,-3.439100651,5.5));
#1373=CARTESIAN_POINT('',(-8.760041345,-3.516735917,5.5));
#1374=CARTESIAN_POINT('',(-8.826171779,-3.597555091,5.5));
#1375=CARTESIAN_POINT('',(-8.892302213,-3.678374264,5.5));
#1376=CARTESIAN_POINT('',(-8.955584456,-3.762688512,5.5));
#1377=CARTESIAN_POINT('',(-9.01469251,-3.84873256,5.5));
#1378=CARTESIAN_POINT('',(-9.132908616,-4.020820656,5.5));
#1379=CARTESIAN_POINT('',(-9.23563069,-4.200913566,5.5));
#1380=CARTESIAN_POINT('',(-9.322728546,-4.389078548,5.5));
#1381=CARTESIAN_POINT('',(-9.366277474,-4.48316104,5.5));
#1382=CARTESIAN_POINT('',(-9.405892301,-4.579276039,5.5));
#1383=CARTESIAN_POINT('',(-9.441372585,-4.677527102,5.5));
#1384=CARTESIAN_POINT('',(-9.476852869,-4.775778165,5.5));
#1385=CARTESIAN_POINT('',(-9.508254052,-4.876543479,5.5));
#1386=CARTESIAN_POINT('',(-9.534692538,-4.977453575,5.5));
#1387=CARTESIAN_POINT('',(-9.587569511,-5.179273767,5.5));
#1388=CARTESIAN_POINT('',(-9.621259895,-5.383423425,5.5));
#1389=CARTESIAN_POINT('',(-9.635596512,-5.589922847,5.5));
#1390=CARTESIAN_POINT('',(-9.642764821,-5.693172557,5.5));
#1391=CARTESIAN_POINT('',(-9.645151128,-5.797002856,5.5));
#1392=CARTESIAN_POINT('',(-9.642712275,-5.901418984,5.5));
#1393=CARTESIAN_POINT('',(-9.640273422,-6.005835111,5.5));
#1394=CARTESIAN_POINT('',(-9.632926073,-6.111132169,5.5));
#1395=CARTESIAN_POINT('',(-9.620897511,-6.214814247,5.5));
#1396=CARTESIAN_POINT('',(-9.596840388,-6.422178403,5.5));
#1397=CARTESIAN_POINT('',(-9.554293863,-6.625217842,5.5));
#1398=CARTESIAN_POINT('',(-9.493215483,-6.823922635,5.5));
#1399=CARTESIAN_POINT('',(-9.432137103,-7.022627428,5.5));
#1400=CARTESIAN_POINT('',(-9.351328561,-7.21871945,5.5));
#1401=CARTESIAN_POINT('',(-9.25373243,-7.402098691,5.5));
#1402=CARTESIAN_POINT('',(-9.156136299,-7.585477932,5.5));
#1403=CARTESIAN_POINT('',(-9.041578634,-7.757724824,5.5));
#1404=CARTESIAN_POINT('',(-8.908579559,-7.917868082,5.5));
#1405=CARTESIAN_POINT('',(-8.842080021,-7.997939711,5.5));
#1406=CARTESIAN_POINT('',(-8.770542018,-8.075445773,5.5));
#1407=CARTESIAN_POINT('',(-8.695505094,-8.148687889,5.5));
#1408=CARTESIAN_POINT('',(-8.62046817,-8.221930005,5.5));
#1409=CARTESIAN_POINT('',(-8.542208301,-8.290752138,5.5));
#1410=CARTESIAN_POINT('',(-8.460845689,-8.355319137,5.5));
#1411=CARTESIAN_POINT('',(-8.135395242,-8.613587132,5.5));
#1412=CARTESIAN_POINT('',(-7.75307172,-8.807609275,5.5));
#1413=CARTESIAN_POINT('',(-7.351447414,-8.91162493,5.5));
#1414=CARTESIAN_POINT('',(-6.5481988,-9.119656242,5.5));
#1415=CARTESIAN_POINT('',(-5.634891765,-8.955790449,5.5));
#1416=CARTESIAN_POINT('',(-4.987450117,-8.414457206,5.5));
#1417=B_SPLINE_CURVE_WITH_KNOTS('',3,(#1368,#1369,#1370,#1371,#1372,#1373,#1374,#1375,#1376,#1377,#1378,#1379,#1380,#1381,#1382,#1383,#1384,#1385,#1386,#1387,#1388,#1389,#1390,#1391,#1392,#1393,
#1394,#1395,#1396,#1397,#1398,#1399,#1400,#1401,#1402,#1403,#1404,#1405,#1406,#1407,#1408,#1409,#1410,#1411,#1412,#1413,#1414,#1415,#1416),.UNSPECIFIED.,.F.,.F.,(4,3,3,3,3,3,3,3,3,3,3,3,3,3,3,3,4),(0.00014585,0.000767485,0.001078303,0.001389121,0.002010756,0.002321574,0.002632391,0.003254027,0.003564845,0.003875662,0.004497298,0.005118933,0.005740569,0.006051386,0.006362204,0.007605475,0.010092017),.UNSPECIFIED.);
#1418=EDGE_CURVE('',#1365,#1367,#1417,.T.);
#1419=ORIENTED_EDGE('',*,*,#1418,.F.);
#1420=CARTESIAN_POINT('',(-8.129707234,-2.939899694,5.49979243));
#1421=VERTEX_POINT('',#1420);
#1422=CARTESIAN_POINT('',(-8.153666972,-2.951618235,5.5));
#1423=CARTESIAN_POINT('',(-8.129150641,-2.940841285,5.5));
#1424=B_SPLINE_CURVE_WITH_KNOTS('',1,(#1422,#1423),.UNSPECIFIED.,.F.,.F.,(2,2),(0.,1.),.UNSPECIFIED.);
#1425=EDGE_CURVE('',#1365,#1421,#1424,.T.);
#1426=ORIENTED_EDGE('',*,*,#1425,.T.);
#1427=CARTESIAN_POINT('',(-4.987450856,-8.414457823,5.5));
#1428=CARTESIAN_POINT('',(-4.204451065,-8.115865094,5.5));
#1429=CARTESIAN_POINT('',(-3.610418295,-7.423361823,5.5));
#1430=CARTESIAN_POINT('',(-3.391425298,-6.62213917,5.5));
#1431=CARTESIAN_POINT('',(-3.2819288,-6.221527843,5.5));
#1432=CARTESIAN_POINT('',(-3.260886907,-5.796844052,5.5));
#1433=CARTESIAN_POINT('',(-3.322236931,-5.386405834,5.5));
#1434=CARTESIAN_POINT('',(-3.352911943,-5.181186726,5.5));
#1435=CARTESIAN_POINT('',(-3.403625683,-4.981244477,5.5));
#1436=CARTESIAN_POINT('',(-3.474924615,-4.78672299,5.5));
#1437=CARTESIAN_POINT('',(-3.510574081,-4.689462247,5.5));
#1438=CARTESIAN_POINT('',(-3.551754962,-4.593055174,5.5));
#1439=CARTESIAN_POINT('',(-3.597587739,-4.499548996,5.5));
#1440=CARTESIAN_POINT('',(-3.643420515,-4.406042819,5.5));
#1441=CARTESIAN_POINT('',(-3.693729598,-4.315531136,5.5));
#1442=CARTESIAN_POINT('',(-3.748237518,-4.22782833,5.5));
#1443=CARTESIAN_POINT('',(-3.966269197,-3.877017105,5.5));
#1444=CARTESIAN_POINT('',(-4.255477601,-3.566832368,5.5));
#1445=CARTESIAN_POINT('',(-4.586528647,-3.320006254,5.5));
#1446=CARTESIAN_POINT('',(-4.669291409,-3.258299725,5.5));
#1447=CARTESIAN_POINT('',(-4.754935323,-3.200266935,5.5));
#1448=CARTESIAN_POINT('',(-4.843526686,-3.145992415,5.5));
#1449=CARTESIAN_POINT('',(-4.93211805,-3.091717896,5.5));
#1450=CARTESIAN_POINT('',(-5.02396795,-3.041095917,5.5));
#1451=CARTESIAN_POINT('',(-5.117039323,-2.995287151,5.5));
#1452=CARTESIAN_POINT('',(-5.303182069,-2.903669619,5.5));
#1453=CARTESIAN_POINT('',(-5.495779708,-2.830412071,5.5));
#1454=CARTESIAN_POINT('',(-5.694516594,-2.774616697,5.5));
#1455=CARTESIAN_POINT('',(-5.893253479,-2.718821324,5.5));
#1456=CARTESIAN_POINT('',(-6.099885015,-2.680271753,5.5));
#1457=CARTESIAN_POINT('',(-6.30587599,-2.659718264,5.5));
#1458=CARTESIAN_POINT('',(-6.511866966,-2.639164775,5.5));
#1459=CARTESIAN_POINT('',(-6.718136047,-2.636032716,5.5));
#1460=CARTESIAN_POINT('',(-6.924678477,-2.650024089,5.5));
#1461=CARTESIAN_POINT('',(-7.131220907,-2.664015462,5.5));
#1462=CARTESIAN_POINT('',(-7.338846598,-2.695606676,5.5));
#1463=CARTESIAN_POINT('',(-7.54008817,-2.744016226,5.5));
#1464=CARTESIAN_POINT('',(-7.741329743,-2.792425776,5.5));
#1465=CARTESIAN_POINT('',(-7.937805113,-2.857607593,5.5));
#1466=CARTESIAN_POINT('',(-8.129150651,-2.940841289,5.5));
#1467=B_SPLINE_CURVE_WITH_KNOTS('',3,(#1427,#1428,#1429,#1430,#1431,#1432,#1433,#1434,#1435,#1436,#1437,#1438,#1439,#1440,#1441,#1442,#1443,#1444,#1445,#1446,#1447,#1448,#1449,#1450,#1451,#1452,
#1453,#1454,#1455,#1456,#1457,#1458,#1459,#1460,#1461,#1462,#1463,#1464,#1465,#1466),.UNSPECIFIED.,.F.,.F.,(4,3,3,3,3,3,3,3,3,3,3,3,3,4),(0.000011164,0.002487225,0.003725255,0.004344271,0.004653778,0.004963286,0.006201317,0.006510824,0.006820332,0.007439347,0.008058362,0.008677378,0.009296393,0.009915408),.UNSPECIFIED.);
#1468=EDGE_CURVE('',#1367,#1421,#1467,.T.);
#1469=ORIENTED_EDGE('',*,*,#1468,.F.);
#1470=EDGE_LOOP('',(#1419,#1426,#1469));
#1471=FACE_BOUND('',#1470,.T.);
#1472=CARTESIAN_POINT('',(-20.652885862,9.548423506,5.500575969));
#1473=VERTEX_POINT('',#1472);
#1474=CARTESIAN_POINT('',(-17.487809545,4.086136093,5.500132583));
#1475=VERTEX_POINT('',#1474);
#1476=CARTESIAN_POINT('',(-20.649721913,9.544227298,5.5));
#1477=CARTESIAN_POINT('',(-20.818367418,9.420904922,5.5));
#1478=CARTESIAN_POINT('',(-20.974480502,9.284384891,5.5));
#1479=CARTESIAN_POINT('',(-21.118751828,9.13539453,5.5));
#1480=CARTESIAN_POINT('',(-21.190887491,9.060899349,5.5));
#1481=CARTESIAN_POINT('',(-21.260041345,8.983264083,5.5));
#1482=CARTESIAN_POINT('',(-21.326171779,8.902444909,5.5));
#1483=CARTESIAN_POINT('',(-21.392302213,8.821625736,5.5));
#1484=CARTESIAN_POINT('',(-21.455584456,8.737311488,5.5));
#1485=CARTESIAN_POINT('',(-21.51469251,8.65126744,5.5));
#1486=CARTESIAN_POINT('',(-21.632908616,8.479179344,5.5));
#1487=CARTESIAN_POINT('',(-21.73563069,8.299086434,5.5));
#1488=CARTESIAN_POINT('',(-21.822728546,8.110921452,5.5));
#1489=CARTESIAN_POINT('',(-21.866277474,8.01683896,5.5));
#1490=CARTESIAN_POINT('',(-21.905892301,7.920723961,5.5));
#1491=CARTESIAN_POINT('',(-21.941372585,7.822472898,5.5));
#1492=CARTESIAN_POINT('',(-21.976852869,7.724221835,5.5));
#1493=CARTESIAN_POINT('',(-22.008254052,7.623456521,5.5));
#1494=CARTESIAN_POINT('',(-22.034692538,7.522546425,5.5));
#1495=CARTESIAN_POINT('',(-22.087569511,7.320726233,5.5));
#1496=CARTESIAN_POINT('',(-22.121259895,7.116576575,5.5));
#1497=CARTESIAN_POINT('',(-22.135596512,6.910077153,5.5));
#1498=CARTESIAN_POINT('',(-22.142764821,6.806827443,5.5));
#1499=CARTESIAN_POINT('',(-22.145151128,6.702997144,5.5));
#1500=CARTESIAN_POINT('',(-22.142712275,6.598581016,5.5));
#1501=CARTESIAN_POINT('',(-22.140273422,6.494164889,5.5));
#1502=CARTESIAN_POINT('',(-22.132926073,6.388867831,5.5));
#1503=CARTESIAN_POINT('',(-22.120897511,6.285185753,5.5));
#1504=CARTESIAN_POINT('',(-22.096840388,6.077821597,5.5));
#1505=CARTESIAN_POINT('',(-22.054293863,5.874782158,5.5));
#1506=CARTESIAN_POINT('',(-21.993215483,5.676077365,5.5));
#1507=CARTESIAN_POINT('',(-21.932137103,5.477372572,5.5));
#1508=CARTESIAN_POINT('',(-21.851328561,5.28128055,5.5));
#1509=CARTESIAN_POINT('',(-21.75373243,5.097901309,5.5));
#1510=CARTESIAN_POINT('',(-21.656136299,4.914522068,5.5));
#1511=CARTESIAN_POINT('',(-21.541578634,4.742275176,5.5));
#1512=CARTESIAN_POINT('',(-21.408579559,4.582131918,5.5));
#1513=CARTESIAN_POINT('',(-21.342080021,4.502060289,5.5));
#1514=CARTESIAN_POINT('',(-21.270542018,4.424554227,5.5));
#1515=CARTESIAN_POINT('',(-21.195505094,4.351312111,5.5));
#1516=CARTESIAN_POINT('',(-21.12046817,4.278069995,5.5));
#1517=CARTESIAN_POINT('',(-21.042208301,4.209247862,5.5));
#1518=CARTESIAN_POINT('',(-20.960845689,4.144680863,5.5));
#1519=CARTESIAN_POINT('',(-20.635395242,3.886412868,5.5));
#1520=CARTESIAN_POINT('',(-20.25307172,3.692390725,5.5));
#1521=CARTESIAN_POINT('',(-19.851447414,3.58837507,5.5));
#1522=CARTESIAN_POINT('',(-19.0481988,3.380343758,5.5));
#1523=CARTESIAN_POINT('',(-18.134891765,3.544209551,5.5));
#1524=CARTESIAN_POINT('',(-17.487450117,4.085542794,5.5));
#1525=B_SPLINE_CURVE_WITH_KNOTS('',3,(#1476,#1477,#1478,#1479,#1480,#1481,#1482,#1483,#1484,#1485,#1486,#1487,#1488,#1489,#1490,#1491,#1492,#1493,#1494,#1495,#1496,#1497,#1498,#1499,#1500,#1501,
#1502,#1503,#1504,#1505,#1506,#1507,#1508,#1509,#1510,#1511,#1512,#1513,#1514,#1515,#1516,#1517,#1518,#1519,#1520,#1521,#1522,#1523,#1524),.UNSPECIFIED.,.F.,.F.,(4,3,3,3,3,3,3,3,3,3,3,3,3,3,3,3,4),(0.00014585,0.000767485,0.001078303,0.001389121,0.002010756,0.002321574,0.002632391,0.003254027,0.003564845,0.003875662,0.004497298,0.005118933,0.005740569,0.006051386,0.006362204,0.007605475,0.010092017),.UNSPECIFIED.);
#1526=EDGE_CURVE('',#1473,#1475,#1525,.T.);
#1527=ORIENTED_EDGE('',*,*,#1526,.F.);
#1528=CARTESIAN_POINT('',(-20.629707234,9.560100306,5.49979243));
#1529=VERTEX_POINT('',#1528);
#1530=CARTESIAN_POINT('',(-20.653666972,9.548381765,5.5));
#1531=CARTESIAN_POINT('',(-20.629150641,9.559158715,5.5));
#1532=B_SPLINE_CURVE_WITH_KNOTS('',1,(#1530,#1531),.UNSPECIFIED.,.F.,.F.,(2,2),(0.,1.),.UNSPECIFIED.);
#1533=EDGE_CURVE('',#1473,#1529,#1532,.T.);
#1534=ORIENTED_EDGE('',*,*,#1533,.T.);
#1535=CARTESIAN_POINT('',(-17.487450856,4.085542177,5.5));
#1536=CARTESIAN_POINT('',(-16.704451065,4.384134906,5.5));
#1537=CARTESIAN_POINT('',(-16.110418295,5.076638177,5.5));
#1538=CARTESIAN_POINT('',(-15.891425298,5.87786083,5.5));
#1539=CARTESIAN_POINT('',(-15.7819288,6.278472157,5.5));
#1540=CARTESIAN_POINT('',(-15.760886907,6.703155948,5.5));
#1541=CARTESIAN_POINT('',(-15.822236931,7.113594166,5.5));
#1542=CARTESIAN_POINT('',(-15.852911943,7.318813274,5.5));
#1543=CARTESIAN_POINT('',(-15.903625683,7.518755523,5.5));
#1544=CARTESIAN_POINT('',(-15.974924615,7.71327701,5.5));
#1545=CARTESIAN_POINT('',(-16.010574081,7.810537753,5.5));
#1546=CARTESIAN_POINT('',(-16.051754962,7.906944826,5.5));
#1547=CARTESIAN_POINT('',(-16.097587739,8.000451004,5.5));
#1548=CARTESIAN_POINT('',(-16.143420515,8.093957181,5.5));
#1549=CARTESIAN_POINT('',(-16.193729598,8.184468864,5.5));
#1550=CARTESIAN_POINT('',(-16.248237518,8.27217167,5.5));
#1551=CARTESIAN_POINT('',(-16.466269197,8.622982895,5.5));
#1552=CARTESIAN_POINT('',(-16.755477601,8.933167632,5.5));
#1553=CARTESIAN_POINT('',(-17.086528647,9.179993746,5.5));
#1554=CARTESIAN_POINT('',(-17.169291409,9.241700275,5.5));
#1555=CARTESIAN_POINT('',(-17.254935323,9.299733065,5.5));
#1556=CARTESIAN_POINT('',(-17.343526686,9.354007585,5.5));
#1557=CARTESIAN_POINT('',(-17.43211805,9.408282104,5.5));
#1558=CARTESIAN_POINT('',(-17.52396795,9.458904083,5.5));
#1559=CARTESIAN_POINT('',(-17.617039323,9.504712849,5.5));
#1560=CARTESIAN_POINT('',(-17.803182069,9.596330381,5.5));
#1561=CARTESIAN_POINT('',(-17.995779708,9.669587929,5.5));
#1562=CARTESIAN_POINT('',(-18.194516594,9.725383303,5.5));
#1563=CARTESIAN_POINT('',(-18.393253479,9.781178676,5.5));
#1564=CARTESIAN_POINT('',(-18.599885015,9.819728247,5.5));
#1565=CARTESIAN_POINT('',(-18.80587599,9.840281736,5.5));
#1566=CARTESIAN_POINT('',(-19.011866966,9.860835225,5.5));
#1567=CARTESIAN_POINT('',(-19.218136047,9.863967284,5.5));
#1568=CARTESIAN_POINT('',(-19.424678477,9.849975911,5.5));
#1569=CARTESIAN_POINT('',(-19.631220907,9.835984538,5.5));
#1570=CARTESIAN_POINT('',(-19.838846598,9.804393324,5.5));
#1571=CARTESIAN_POINT('',(-20.04008817,9.755983774,5.5));
#1572=CARTESIAN_POINT('',(-20.241329743,9.707574224,5.5));
#1573=CARTESIAN_POINT('',(-20.437805113,9.642392407,5.5));
#1574=CARTESIAN_POINT('',(-20.629150651,9.559158711,5.5));
#1575=B_SPLINE_CURVE_WITH_KNOTS('',3,(#1535,#1536,#1537,#1538,#1539,#1540,#1541,#1542,#1543,#1544,#1545,#1546,#1547,#1548,#1549,#1550,#1551,#1552,#1553,#1554,#1555,#1556,#1557,#1558,#1559,#1560,
#1561,#1562,#1563,#1564,#1565,#1566,#1567,#1568,#1569,#1570,#1571,#1572,#1573,#1574),.UNSPECIFIED.,.F.,.F.,(4,3,3,3,3,3,3,3,3,3,3,3,3,4),(0.000011164,0.002487225,0.003725255,0.004344271,0.004653778,0.004963286,0.006201317,0.006510824,0.006820332,0.007439347,0.008058362,0.008677378,0.009296393,0.009915408),.UNSPECIFIED.);
#1576=EDGE_CURVE('',#1475,#1529,#1575,.T.);
#1577=ORIENTED_EDGE('',*,*,#1576,.F.);
#1578=EDGE_LOOP('',(#1527,#1534,#1577));
#1579=FACE_BOUND('',#1578,.T.);
#1580=CARTESIAN_POINT('',(4.347114138,9.548423506,5.500575969));
#1581=VERTEX_POINT('',#1580);
#1582=CARTESIAN_POINT('',(7.512190455,4.086136093,5.500132583));
#1583=VERTEX_POINT('',#1582);
#1584=CARTESIAN_POINT('',(4.350278087,9.544227298,5.5));
#1585=CARTESIAN_POINT('',(4.181632582,9.420904922,5.5));
#1586=CARTESIAN_POINT('',(4.025519498,9.284384891,5.5));
#1587=CARTESIAN_POINT('',(3.881248172,9.13539453,5.5));
#1588=CARTESIAN_POINT('',(3.809112509,9.060899349,5.5));
#1589=CARTESIAN_POINT('',(3.739958655,8.983264083,5.5));
#1590=CARTESIAN_POINT('',(3.673828221,8.902444909,5.5));
#1591=CARTESIAN_POINT('',(3.607697787,8.821625736,5.5));
#1592=CARTESIAN_POINT('',(3.544415544,8.737311488,5.5));
#1593=CARTESIAN_POINT('',(3.48530749,8.65126744,5.5));
#1594=CARTESIAN_POINT('',(3.367091384,8.479179344,5.5));
#1595=CARTESIAN_POINT('',(3.26436931,8.299086434,5.5));
#1596=CARTESIAN_POINT('',(3.177271454,8.110921452,5.5));
#1597=CARTESIAN_POINT('',(3.133722526,8.01683896,5.5));
#1598=CARTESIAN_POINT('',(3.094107699,7.920723961,5.5));
#1599=CARTESIAN_POINT('',(3.058627415,7.822472898,5.5));
#1600=CARTESIAN_POINT('',(3.023147131,7.724221835,5.5));
#1601=CARTESIAN_POINT('',(2.991745948,7.623456521,5.5));
#1602=CARTESIAN_POINT('',(2.965307462,7.522546425,5.5));
#1603=CARTESIAN_POINT('',(2.912430489,7.320726233,5.5));
#1604=CARTESIAN_POINT('',(2.878740105,7.116576575,5.5));
#1605=CARTESIAN_POINT('',(2.864403488,6.910077153,5.5));
#1606=CARTESIAN_POINT('',(2.857235179,6.806827443,5.5));
#1607=CARTESIAN_POINT('',(2.854848872,6.702997144,5.5));
#1608=CARTESIAN_POINT('',(2.857287725,6.598581016,5.5));
#1609=CARTESIAN_POINT('',(2.859726578,6.494164889,5.5));
#1610=CARTESIAN_POINT('',(2.867073927,6.388867831,5.5));
#1611=CARTESIAN_POINT('',(2.879102489,6.285185753,5.5));
#1612=CARTESIAN_POINT('',(2.903159612,6.077821597,5.5));
#1613=CARTESIAN_POINT('',(2.945706137,5.874782158,5.5));
#1614=CARTESIAN_POINT('',(3.006784517,5.676077365,5.5));
#1615=CARTESIAN_POINT('',(3.067862897,5.477372572,5.5));
#1616=CARTESIAN_POINT('',(3.148671439,5.28128055,5.5));
#1617=CARTESIAN_POINT('',(3.24626757,5.097901309,5.5));
#1618=CARTESIAN_POINT('',(3.343863701,4.914522068,5.5));
#1619=CARTESIAN_POINT('',(3.458421366,4.742275176,5.5));
#1620=CARTESIAN_POINT('',(3.591420441,4.582131918,5.5));
#1621=CARTESIAN_POINT('',(3.657919979,4.502060289,5.5));
#1622=CARTESIAN_POINT('',(3.729457982,4.424554227,5.5));
#1623=CARTESIAN_POINT('',(3.804494906,4.351312111,5.5));
#1624=CARTESIAN_POINT('',(3.87953183,4.278069995,5.5));
#1625=CARTESIAN_POINT('',(3.957791699,4.209247862,5.5));
#1626=CARTESIAN_POINT('',(4.039154311,4.144680863,5.5));
#1627=CARTESIAN_POINT('',(4.364604758,3.886412868,5.5));
#1628=CARTESIAN_POINT('',(4.74692828,3.692390725,5.5));
#1629=CARTESIAN_POINT('',(5.148552586,3.58837507,5.5));
#1630=CARTESIAN_POINT('',(5.9518012,3.380343758,5.5));
#1631=CARTESIAN_POINT('',(6.865108235,3.544209551,5.5));
#1632=CARTESIAN_POINT('',(7.512549883,4.085542794,5.5));
#1633=B_SPLINE_CURVE_WITH_KNOTS('',3,(#1584,#1585,#1586,#1587,#1588,#1589,#1590,#1591,#1592,#1593,#1594,#1595,#1596,#1597,#1598,#1599,#1600,#1601,#1602,#1603,#1604,#1605,#1606,#1607,#1608,#1609,
#1610,#1611,#1612,#1613,#1614,#1615,#1616,#1617,#1618,#1619,#1620,#1621,#1622,#1623,#1624,#1625,#1626,#1627,#1628,#1629,#1630,#1631,#1632),.UNSPECIFIED.,.F.,.F.,(4,3,3,3,3,3,3,3,3,3,3,3,3,3,3,3,4),(0.00014585,0.000767485,0.001078303,0.001389121,0.002010756,0.002321574,0.002632391,0.003254027,0.003564845,0.003875662,0.004497298,0.005118933,0.005740569,0.006051386,0.006362204,0.007605475,0.010092017),.UNSPECIFIED.);
#1634=EDGE_CURVE('',#1581,#1583,#1633,.T.);
#1635=ORIENTED_EDGE('',*,*,#1634,.F.);
#1636=CARTESIAN_POINT('',(4.370292766,9.560100306,5.49979243));
#1637=VERTEX_POINT('',#1636);
#1638=CARTESIAN_POINT('',(4.346333028,9.548381765,5.5));
#1639=CARTESIAN_POINT('',(4.370849359,9.559158715,5.5));
#1640=B_SPLINE_CURVE_WITH_KNOTS('',1,(#1638,#1639),.UNSPECIFIED.,.F.,.F.,(2,2),(0.,1.),.UNSPECIFIED.);
#1641=EDGE_CURVE('',#1581,#1637,#1640,.T.);
#1642=ORIENTED_EDGE('',*,*,#1641,.T.);
#1643=CARTESIAN_POINT('',(7.512549144,4.085542177,5.5));
#1644=CARTESIAN_POINT('',(8.295548935,4.384134906,5.5));
#1645=CARTESIAN_POINT('',(8.889581705,5.076638177,5.5));
#1646=CARTESIAN_POINT('',(9.108574702,5.87786083,5.5));
#1647=CARTESIAN_POINT('',(9.2180712,6.278472157,5.5));
#1648=CARTESIAN_POINT('',(9.239113093,6.703155948,5.5));
#1649=CARTESIAN_POINT('',(9.177763069,7.113594166,5.5));
#1650=CARTESIAN_POINT('',(9.147088057,7.318813274,5.5));
#1651=CARTESIAN_POINT('',(9.096374317,7.518755523,5.5));
#1652=CARTESIAN_POINT('',(9.025075385,7.71327701,5.5));
#1653=CARTESIAN_POINT('',(8.989425919,7.810537753,5.5));
#1654=CARTESIAN_POINT('',(8.948245038,7.906944826,5.5));
#1655=CARTESIAN_POINT('',(8.902412261,8.000451004,5.5));
#1656=CARTESIAN_POINT('',(8.856579485,8.093957181,5.5));
#1657=CARTESIAN_POINT('',(8.806270402,8.184468864,5.5));
#1658=CARTESIAN_POINT('',(8.751762482,8.27217167,5.5));
#1659=CARTESIAN_POINT('',(8.533730803,8.622982895,5.5));
#1660=CARTESIAN_POINT('',(8.244522399,8.933167632,5.5));
#1661=CARTESIAN_POINT('',(7.913471353,9.179993746,5.5));
#1662=CARTESIAN_POINT('',(7.830708591,9.241700275,5.5));
#1663=CARTESIAN_POINT('',(7.745064677,9.299733065,5.5));
#1664=CARTESIAN_POINT('',(7.656473314,9.354007585,5.5));
#1665=CARTESIAN_POINT('',(7.56788195,9.408282104,5.5));
#1666=CARTESIAN_POINT('',(7.47603205,9.458904083,5.5));
#1667=CARTESIAN_POINT('',(7.382960677,9.504712849,5.5));
#1668=CARTESIAN_POINT('',(7.196817931,9.596330381,5.5));
#1669=CARTESIAN_POINT('',(7.004220292,9.669587929,5.5));
#1670=CARTESIAN_POINT('',(6.805483406,9.725383303,5.5));
#1671=CARTESIAN_POINT('',(6.606746521,9.781178676,5.5));
#1672=CARTESIAN_POINT('',(6.400114985,9.819728247,5.5));
#1673=CARTESIAN_POINT('',(6.19412401,9.840281736,5.5));
#1674=CARTESIAN_POINT('',(5.988133034,9.860835225,5.5));
#1675=CARTESIAN_POINT('',(5.781863953,9.863967284,5.5));
#1676=CARTESIAN_POINT('',(5.575321523,9.849975911,5.5));
#1677=CARTESIAN_POINT('',(5.368779093,9.835984538,5.5));
#1678=CARTESIAN_POINT('',(5.161153402,9.804393324,5.5));
#1679=CARTESIAN_POINT('',(4.95991183,9.755983774,5.5));
#1680=CARTESIAN_POINT('',(4.758670257,9.707574224,5.5));
#1681=CARTESIAN_POINT('',(4.562194887,9.642392407,5.5));
#1682=CARTESIAN_POINT('',(4.370849349,9.559158711,5.5));
#1683=B_SPLINE_CURVE_WITH_KNOTS('',3,(#1643,#1644,#1645,#1646,#1647,#1648,#1649,#1650,#1651,#1652,#1653,#1654,#1655,#1656,#1657,#1658,#1659,#1660,#1661,#1662,#1663,#1664,#1665,#1666,#1667,#1668,
#1669,#1670,#1671,#1672,#1673,#1674,#1675,#1676,#1677,#1678,#1679,#1680,#1681,#1682),.UNSPECIFIED.,.F.,.F.,(4,3,3,3,3,3,3,3,3,3,3,3,3,4),(0.000011164,0.002487225,0.003725255,0.004344271,0.004653778,0.004963286,0.006201317,0.006510824,0.006820332,0.007439347,0.008058362,0.008677378,0.009296393,0.009915408),.UNSPECIFIED.);
#1684=EDGE_CURVE('',#1583,#1637,#1683,.T.);
#1685=ORIENTED_EDGE('',*,*,#1684,.F.);
#1686=EDGE_LOOP('',(#1635,#1642,#1685));
#1687=FACE_BOUND('',#1686,.T.);
#1688=CARTESIAN_POINT('',(16.847114138,9.548423506,5.500575969));
#1689=VERTEX_POINT('',#1688);
#1690=CARTESIAN_POINT('',(20.012190455,4.086136093,5.500132583));
#1691=VERTEX_POINT('',#1690);
#1692=CARTESIAN_POINT('',(16.850278087,9.544227298,5.5));
#1693=CARTESIAN_POINT('',(16.681632582,9.420904922,5.5));
#1694=CARTESIAN_POINT('',(16.525519498,9.284384891,5.5));
#1695=CARTESIAN_POINT('',(16.381248172,9.13539453,5.5));
#1696=CARTESIAN_POINT('',(16.309112509,9.060899349,5.5));
#1697=CARTESIAN_POINT('',(16.239958655,8.983264083,5.5));
#1698=CARTESIAN_POINT('',(16.173828221,8.902444909,5.5));
#1699=CARTESIAN_POINT('',(16.107697787,8.821625736,5.5));
#1700=CARTESIAN_POINT('',(16.044415544,8.737311488,5.5));
#1701=CARTESIAN_POINT('',(15.98530749,8.65126744,5.5));
#1702=CARTESIAN_POINT('',(15.867091384,8.479179344,5.5));
#1703=CARTESIAN_POINT('',(15.76436931,8.299086434,5.5));
#1704=CARTESIAN_POINT('',(15.677271454,8.110921452,5.5));
#1705=CARTESIAN_POINT('',(15.633722526,8.01683896,5.5));
#1706=CARTESIAN_POINT('',(15.594107699,7.920723961,5.5));
#1707=CARTESIAN_POINT('',(15.558627415,7.822472898,5.5));
#1708=CARTESIAN_POINT('',(15.523147131,7.724221835,5.5));
#1709=CARTESIAN_POINT('',(15.491745948,7.623456521,5.5));
#1710=CARTESIAN_POINT('',(15.465307462,7.522546425,5.5));
#1711=CARTESIAN_POINT('',(15.412430489,7.320726233,5.5));
#1712=CARTESIAN_POINT('',(15.378740105,7.116576575,5.5));
#1713=CARTESIAN_POINT('',(15.364403488,6.910077153,5.5));
#1714=CARTESIAN_POINT('',(15.357235179,6.806827443,5.5));
#1715=CARTESIAN_POINT('',(15.354848872,6.702997144,5.5));
#1716=CARTESIAN_POINT('',(15.357287725,6.598581016,5.5));
#1717=CARTESIAN_POINT('',(15.359726578,6.494164889,5.5));
#1718=CARTESIAN_POINT('',(15.367073927,6.388867831,5.5));
#1719=CARTESIAN_POINT('',(15.379102489,6.285185753,5.5));
#1720=CARTESIAN_POINT('',(15.403159612,6.077821597,5.5));
#1721=CARTESIAN_POINT('',(15.445706137,5.874782158,5.5));
#1722=CARTESIAN_POINT('',(15.506784517,5.676077365,5.5));
#1723=CARTESIAN_POINT('',(15.567862897,5.477372572,5.5));
#1724=CARTESIAN_POINT('',(15.648671439,5.28128055,5.5));
#1725=CARTESIAN_POINT('',(15.74626757,5.097901309,5.5));
#1726=CARTESIAN_POINT('',(15.843863701,4.914522068,5.5));
#1727=CARTESIAN_POINT('',(15.958421366,4.742275176,5.5));
#1728=CARTESIAN_POINT('',(16.091420441,4.582131918,5.5));
#1729=CARTESIAN_POINT('',(16.157919979,4.502060289,5.5));
#1730=CARTESIAN_POINT('',(16.229457982,4.424554227,5.5));
#1731=CARTESIAN_POINT('',(16.304494906,4.351312111,5.5));
#1732=CARTESIAN_POINT('',(16.37953183,4.278069995,5.5));
#1733=CARTESIAN_POINT('',(16.457791699,4.209247862,5.5));
#1734=CARTESIAN_POINT('',(16.539154311,4.144680863,5.5));
#1735=CARTESIAN_POINT('',(16.864604758,3.886412868,5.5));
#1736=CARTESIAN_POINT('',(17.24692828,3.692390725,5.5));
#1737=CARTESIAN_POINT('',(17.648552586,3.58837507,5.5));
#1738=CARTESIAN_POINT('',(18.4518012,3.380343758,5.5));
#1739=CARTESIAN_POINT('',(19.365108235,3.544209551,5.5));
#1740=CARTESIAN_POINT('',(20.012549883,4.085542794,5.5));
#1741=B_SPLINE_CURVE_WITH_KNOTS('',3,(#1692,#1693,#1694,#1695,#1696,#1697,#1698,#1699,#1700,#1701,#1702,#1703,#1704,#1705,#1706,#1707,#1708,#1709,#1710,#1711,#1712,#1713,#1714,#1715,#1716,#1717,
#1718,#1719,#1720,#1721,#1722,#1723,#1724,#1725,#1726,#1727,#1728,#1729,#1730,#1731,#1732,#1733,#1734,#1735,#1736,#1737,#1738,#1739,#1740),.UNSPECIFIED.,.F.,.F.,(4,3,3,3,3,3,3,3,3,3,3,3,3,3,3,3,4),(0.00014585,0.000767485,0.001078303,0.001389121,0.002010756,0.002321574,0.002632391,0.003254027,0.003564845,0.003875662,0.004497298,0.005118933,0.005740569,0.006051386,0.006362204,0.007605475,0.010092017),.UNSPECIFIED.);
#1742=EDGE_CURVE('',#1689,#1691,#1741,.T.);
#1743=ORIENTED_EDGE('',*,*,#1742,.F.);
#1744=CARTESIAN_POINT('',(16.870292766,9.560100306,5.49979243));
#1745=VERTEX_POINT('',#1744);
#1746=CARTESIAN_POINT('',(16.846333028,9.548381765,5.5));
#1747=CARTESIAN_POINT('',(16.870849359,9.559158715,5.5));
#1748=B_SPLINE_CURVE_WITH_KNOTS('',1,(#1746,#1747),.UNSPECIFIED.,.F.,.F.,(2,2),(0.,1.),.UNSPECIFIED.);
#1749=EDGE_CURVE('',#1689,#1745,#1748,.T.);
#1750=ORIENTED_EDGE('',*,*,#1749,.T.);
#1751=CARTESIAN_POINT('',(20.012549144,4.085542177,5.5));
#1752=CARTESIAN_POINT('',(20.795548935,4.384134906,5.5));
#1753=CARTESIAN_POINT('',(21.389581705,5.076638177,5.5));
#1754=CARTESIAN_POINT('',(21.608574702,5.87786083,5.5));
#1755=CARTESIAN_POINT('',(21.7180712,6.278472157,5.5));
#1756=CARTESIAN_POINT('',(21.739113093,6.703155948,5.5));
#1757=CARTESIAN_POINT('',(21.677763069,7.113594166,5.5));
#1758=CARTESIAN_POINT('',(21.647088057,7.318813274,5.5));
#1759=CARTESIAN_POINT('',(21.596374317,7.518755523,5.5));
#1760=CARTESIAN_POINT('',(21.525075385,7.71327701,5.5));
#1761=CARTESIAN_POINT('',(21.489425919,7.810537753,5.5));
#1762=CARTESIAN_POINT('',(21.448245038,7.906944826,5.5));
#1763=CARTESIAN_POINT('',(21.402412261,8.000451004,5.5));
#1764=CARTESIAN_POINT('',(21.356579485,8.093957181,5.5));
#1765=CARTESIAN_POINT('',(21.306270402,8.184468864,5.5));
#1766=CARTESIAN_POINT('',(21.251762482,8.27217167,5.5));
#1767=CARTESIAN_POINT('',(21.033730803,8.622982895,5.5));
#1768=CARTESIAN_POINT('',(20.744522399,8.933167632,5.5));
#1769=CARTESIAN_POINT('',(20.413471353,9.179993746,5.5));
#1770=CARTESIAN_POINT('',(20.330708591,9.241700275,5.5));
#1771=CARTESIAN_POINT('',(20.245064677,9.299733065,5.5));
#1772=CARTESIAN_POINT('',(20.156473314,9.354007585,5.5));
#1773=CARTESIAN_POINT('',(20.06788195,9.408282104,5.5));
#1774=CARTESIAN_POINT('',(19.97603205,9.458904083,5.5));
#1775=CARTESIAN_POINT('',(19.882960677,9.504712849,5.5));
#1776=CARTESIAN_POINT('',(19.696817931,9.596330381,5.5));
#1777=CARTESIAN_POINT('',(19.504220292,9.669587929,5.5));
#1778=CARTESIAN_POINT('',(19.305483406,9.725383303,5.5));
#1779=CARTESIAN_POINT('',(19.106746521,9.781178676,5.5));
#1780=CARTESIAN_POINT('',(18.900114985,9.819728247,5.5));
#1781=CARTESIAN_POINT('',(18.69412401,9.840281736,5.5));
#1782=CARTESIAN_POINT('',(18.488133034,9.860835225,5.5));
#1783=CARTESIAN_POINT('',(18.281863953,9.863967284,5.5));
#1784=CARTESIAN_POINT('',(18.075321523,9.849975911,5.5));
#1785=CARTESIAN_POINT('',(17.868779093,9.835984538,5.5));
#1786=CARTESIAN_POINT('',(17.661153402,9.804393324,5.5));
#1787=CARTESIAN_POINT('',(17.45991183,9.755983774,5.5));
#1788=CARTESIAN_POINT('',(17.258670257,9.707574224,5.5));
#1789=CARTESIAN_POINT('',(17.062194887,9.642392407,5.5));
#1790=CARTESIAN_POINT('',(16.870849349,9.559158711,5.5));
#1791=B_SPLINE_CURVE_WITH_KNOTS('',3,(#1751,#1752,#1753,#1754,#1755,#1756,#1757,#1758,#1759,#1760,#1761,#1762,#1763,#1764,#1765,#1766,#1767,#1768,#1769,#1770,#1771,#1772,#1773,#1774,#1775,#1776,
#1777,#1778,#1779,#1780,#1781,#1782,#1783,#1784,#1785,#1786,#1787,#1788,#1789,#1790),.UNSPECIFIED.,.F.,.F.,(4,3,3,3,3,3,3,3,3,3,3,3,3,4),(0.000011164,0.002487225,0.003725255,0.004344271,0.004653778,0.004963286,0.006201317,0.006510824,0.006820332,0.007439347,0.008058362,0.008677378,0.009296393,0.009915408),.UNSPECIFIED.);
#1792=EDGE_CURVE('',#1691,#1745,#1791,.T.);
#1793=ORIENTED_EDGE('',*,*,#1792,.F.);
#1794=EDGE_LOOP('',(#1743,#1750,#1793));
#1795=FACE_BOUND('',#1794,.T.);
#1796=CARTESIAN_POINT('',(16.847114138,-2.951576494,5.500575969));
#1797=VERTEX_POINT('',#1796);
#1798=CARTESIAN_POINT('',(20.012190455,-8.413863907,5.500132583));
#1799=VERTEX_POINT('',#1798);
#1800=CARTESIAN_POINT('',(16.850278087,-2.955772702,5.5));
#1801=CARTESIAN_POINT('',(16.681632582,-3.079095078,5.5));
#1802=CARTESIAN_POINT('',(16.525519498,-3.215615109,5.5));
#1803=CARTESIAN_POINT('',(16.381248172,-3.36460547,5.5));
#1804=CARTESIAN_POINT('',(16.309112509,-3.439100651,5.5));
#1805=CARTESIAN_POINT('',(16.239958655,-3.516735917,5.5));
#1806=CARTESIAN_POINT('',(16.173828221,-3.597555091,5.5));
#1807=CARTESIAN_POINT('',(16.107697787,-3.678374264,5.5));
#1808=CARTESIAN_POINT('',(16.044415544,-3.762688512,5.5));
#1809=CARTESIAN_POINT('',(15.98530749,-3.84873256,5.5));
#1810=CARTESIAN_POINT('',(15.867091384,-4.020820656,5.5));
#1811=CARTESIAN_POINT('',(15.76436931,-4.200913566,5.5));
#1812=CARTESIAN_POINT('',(15.677271454,-4.389078548,5.5));
#1813=CARTESIAN_POINT('',(15.633722526,-4.48316104,5.5));
#1814=CARTESIAN_POINT('',(15.594107699,-4.579276039,5.5));
#1815=CARTESIAN_POINT('',(15.558627415,-4.677527102,5.5));
#1816=CARTESIAN_POINT('',(15.523147131,-4.775778165,5.5));
#1817=CARTESIAN_POINT('',(15.491745948,-4.876543479,5.5));
#1818=CARTESIAN_POINT('',(15.465307462,-4.977453575,5.5));
#1819=CARTESIAN_POINT('',(15.412430489,-5.179273767,5.5));
#1820=CARTESIAN_POINT('',(15.378740105,-5.383423425,5.5));
#1821=CARTESIAN_POINT('',(15.364403488,-5.589922847,5.5));
#1822=CARTESIAN_POINT('',(15.357235179,-5.693172557,5.5));
#1823=CARTESIAN_POINT('',(15.354848872,-5.797002856,5.5));
#1824=CARTESIAN_POINT('',(15.357287725,-5.901418984,5.5));
#1825=CARTESIAN_POINT('',(15.359726578,-6.005835111,5.5));
#1826=CARTESIAN_POINT('',(15.367073927,-6.111132169,5.5));
#1827=CARTESIAN_POINT('',(15.379102489,-6.214814247,5.5));
#1828=CARTESIAN_POINT('',(15.403159612,-6.422178403,5.5));
#1829=CARTESIAN_POINT('',(15.445706137,-6.625217842,5.5));
#1830=CARTESIAN_POINT('',(15.506784517,-6.823922635,5.5));
#1831=CARTESIAN_POINT('',(15.567862897,-7.022627428,5.5));
#1832=CARTESIAN_POINT('',(15.648671439,-7.21871945,5.5));
#1833=CARTESIAN_POINT('',(15.74626757,-7.402098691,5.5));
#1834=CARTESIAN_POINT('',(15.843863701,-7.585477932,5.5));
#1835=CARTESIAN_POINT('',(15.958421366,-7.757724824,5.5));
#1836=CARTESIAN_POINT('',(16.091420441,-7.917868082,5.5));
#1837=CARTESIAN_POINT('',(16.157919979,-7.997939711,5.5));
#1838=CARTESIAN_POINT('',(16.229457982,-8.075445773,5.5));
#1839=CARTESIAN_POINT('',(16.304494906,-8.148687889,5.5));
#1840=CARTESIAN_POINT('',(16.37953183,-8.221930005,5.5));
#1841=CARTESIAN_POINT('',(16.457791699,-8.290752138,5.5));
#1842=CARTESIAN_POINT('',(16.539154311,-8.355319137,5.5));
#1843=CARTESIAN_POINT('',(16.864604758,-8.613587132,5.5));
#1844=CARTESIAN_POINT('',(17.24692828,-8.807609275,5.5));
#1845=CARTESIAN_POINT('',(17.648552586,-8.91162493,5.5));
#1846=CARTESIAN_POINT('',(18.4518012,-9.119656242,5.5));
#1847=CARTESIAN_POINT('',(19.365108235,-8.955790449,5.5));
#1848=CARTESIAN_POINT('',(20.012549883,-8.414457206,5.5));
#1849=B_SPLINE_CURVE_WITH_KNOTS('',3,(#1800,#1801,#1802,#1803,#1804,#1805,#1806,#1807,#1808,#1809,#1810,#1811,#1812,#1813,#1814,#1815,#1816,#1817,#1818,#1819,#1820,#1821,#1822,#1823,#1824,#1825,
#1826,#1827,#1828,#1829,#1830,#1831,#1832,#1833,#1834,#1835,#1836,#1837,#1838,#1839,#1840,#1841,#1842,#1843,#1844,#1845,#1846,#1847,#1848),.UNSPECIFIED.,.F.,.F.,(4,3,3,3,3,3,3,3,3,3,3,3,3,3,3,3,4),(0.00014585,0.000767485,0.001078303,0.001389121,0.002010756,0.002321574,0.002632391,0.003254027,0.003564845,0.003875662,0.004497298,0.005118933,0.005740569,0.006051386,0.006362204,0.007605475,0.010092017),.UNSPECIFIED.);
#1850=EDGE_CURVE('',#1797,#1799,#1849,.T.);
#1851=ORIENTED_EDGE('',*,*,#1850,.F.);
#1852=CARTESIAN_POINT('',(16.870292766,-2.939899694,5.49979243));
#1853=VERTEX_POINT('',#1852);
#1854=CARTESIAN_POINT('',(16.846333028,-2.951618235,5.5));
#1855=CARTESIAN_POINT('',(16.870849359,-2.940841285,5.5));
#1856=B_SPLINE_CURVE_WITH_KNOTS('',1,(#1854,#1855),.UNSPECIFIED.,.F.,.F.,(2,2),(0.,1.),.UNSPECIFIED.);
#1857=EDGE_CURVE('',#1797,#1853,#1856,.T.);
#1858=ORIENTED_EDGE('',*,*,#1857,.T.);
#1859=CARTESIAN_POINT('',(20.012549144,-8.414457823,5.5));
#1860=CARTESIAN_POINT('',(20.795548935,-8.115865094,5.5));
#1861=CARTESIAN_POINT('',(21.389581705,-7.423361823,5.5));
#1862=CARTESIAN_POINT('',(21.608574702,-6.62213917,5.5));
#1863=CARTESIAN_POINT('',(21.7180712,-6.221527843,5.5));
#1864=CARTESIAN_POINT('',(21.739113093,-5.796844052,5.5));
#1865=CARTESIAN_POINT('',(21.677763069,-5.386405834,5.5));
#1866=CARTESIAN_POINT('',(21.647088057,-5.181186726,5.5));
#1867=CARTESIAN_POINT('',(21.596374317,-4.981244477,5.5));
#1868=CARTESIAN_POINT('',(21.525075385,-4.78672299,5.5));
#1869=CARTESIAN_POINT('',(21.489425919,-4.689462247,5.5));
#1870=CARTESIAN_POINT('',(21.448245038,-4.593055174,5.5));
#1871=CARTESIAN_POINT('',(21.402412261,-4.499548996,5.5));
#1872=CARTESIAN_POINT('',(21.356579485,-4.406042819,5.5));
#1873=CARTESIAN_POINT('',(21.306270402,-4.315531136,5.5));
#1874=CARTESIAN_POINT('',(21.251762482,-4.22782833,5.5));
#1875=CARTESIAN_POINT('',(21.033730803,-3.877017105,5.5));
#1876=CARTESIAN_POINT('',(20.744522399,-3.566832368,5.5));
#1877=CARTESIAN_POINT('',(20.413471353,-3.320006254,5.5));
#1878=CARTESIAN_POINT('',(20.330708591,-3.258299725,5.5));
#1879=CARTESIAN_POINT('',(20.245064677,-3.200266935,5.5));
#1880=CARTESIAN_POINT('',(20.156473314,-3.145992415,5.5));
#1881=CARTESIAN_POINT('',(20.06788195,-3.091717896,5.5));
#1882=CARTESIAN_POINT('',(19.97603205,-3.041095917,5.5));
#1883=CARTESIAN_POINT('',(19.882960677,-2.995287151,5.5));
#1884=CARTESIAN_POINT('',(19.696817931,-2.903669619,5.5));
#1885=CARTESIAN_POINT('',(19.504220292,-2.830412071,5.5));
#1886=CARTESIAN_POINT('',(19.305483406,-2.774616697,5.5));
#1887=CARTESIAN_POINT('',(19.106746521,-2.718821324,5.5));
#1888=CARTESIAN_POINT('',(18.900114985,-2.680271753,5.5));
#1889=CARTESIAN_POINT('',(18.69412401,-2.659718264,5.5));
#1890=CARTESIAN_POINT('',(18.488133034,-2.639164775,5.5));
#1891=CARTESIAN_POINT('',(18.281863953,-2.636032716,5.5));
#1892=CARTESIAN_POINT('',(18.075321523,-2.650024089,5.5));
#1893=CARTESIAN_POINT('',(17.868779093,-2.664015462,5.5));
#1894=CARTESIAN_POINT('',(17.661153402,-2.695606676,5.5));
#1895=CARTESIAN_POINT('',(17.45991183,-2.744016226,5.5));
#1896=CARTESIAN_POINT('',(17.258670257,-2.792425776,5.5));
#1897=CARTESIAN_POINT('',(17.062194887,-2.857607593,5.5));
#1898=CARTESIAN_POINT('',(16.870849349,-2.940841289,5.5));
#1899=B_SPLINE_CURVE_WITH_KNOTS('',3,(#1859,#1860,#1861,#1862,#1863,#1864,#1865,#1866,#1867,#1868,#1869,#1870,#1871,#1872,#1873,#1874,#1875,#1876,#1877,#1878,#1879,#1880,#1881,#1882,#1883,#1884,
#1885,#1886,#1887,#1888,#1889,#1890,#1891,#1892,#1893,#1894,#1895,#1896,#1897,#1898),.UNSPECIFIED.,.F.,.F.,(4,3,3,3,3,3,3,3,3,3,3,3,3,4),(0.000011164,0.002487225,0.003725255,0.004344271,0.004653778,0.004963286,0.006201317,0.006510824,0.006820332,0.007439347,0.008058362,0.008677378,0.009296393,0.009915408),.UNSPECIFIED.);
#1900=EDGE_CURVE('',#1799,#1853,#1899,.T.);
#1901=ORIENTED_EDGE('',*,*,#1900,.F.);
#1902=EDGE_LOOP('',(#1851,#1858,#1901));
#1903=FACE_BOUND('',#1902,.T.);
#1904=CARTESIAN_POINT('',(-20.652885862,-2.951576494,5.500575969));
#1905=VERTEX_POINT('',#1904);
#1906=CARTESIAN_POINT('',(-17.487809545,-8.413863907,5.500132583));
#1907=VERTEX_POINT('',#1906);
#1908=CARTESIAN_POINT('',(-20.649721913,-2.955772702,5.5));
#1909=CARTESIAN_POINT('',(-20.818367418,-3.079095078,5.5));
#1910=CARTESIAN_POINT('',(-20.974480502,-3.215615109,5.5));
#1911=CARTESIAN_POINT('',(-21.118751828,-3.36460547,5.5));
#1912=CARTESIAN_POINT('',(-21.190887491,-3.439100651,5.5));
#1913=CARTESIAN_POINT('',(-21.260041345,-3.516735917,5.5));
#1914=CARTESIAN_POINT('',(-21.326171779,-3.597555091,5.5));
#1915=CARTESIAN_POINT('',(-21.392302213,-3.678374264,5.5));
#1916=CARTESIAN_POINT('',(-21.455584456,-3.762688512,5.5));
#1917=CARTESIAN_POINT('',(-21.51469251,-3.84873256,5.5));
#1918=CARTESIAN_POINT('',(-21.632908616,-4.020820656,5.5));
#1919=CARTESIAN_POINT('',(-21.73563069,-4.200913566,5.5));
#1920=CARTESIAN_POINT('',(-21.822728546,-4.389078548,5.5));
#1921=CARTESIAN_POINT('',(-21.866277474,-4.48316104,5.5));
#1922=CARTESIAN_POINT('',(-21.905892301,-4.579276039,5.5));
#1923=CARTESIAN_POINT('',(-21.941372585,-4.677527102,5.5));
#1924=CARTESIAN_POINT('',(-21.976852869,-4.775778165,5.5));
#1925=CARTESIAN_POINT('',(-22.008254052,-4.876543479,5.5));
#1926=CARTESIAN_POINT('',(-22.034692538,-4.977453575,5.5));
#1927=CARTESIAN_POINT('',(-22.087569511,-5.179273767,5.5));
#1928=CARTESIAN_POINT('',(-22.121259895,-5.383423425,5.5));
#1929=CARTESIAN_POINT('',(-22.135596512,-5.589922847,5.5));
#1930=CARTESIAN_POINT('',(-22.142764821,-5.693172557,5.5));
#1931=CARTESIAN_POINT('',(-22.145151128,-5.797002856,5.5));
#1932=CARTESIAN_POINT('',(-22.142712275,-5.901418984,5.5));
#1933=CARTESIAN_POINT('',(-22.140273422,-6.005835111,5.5));
#1934=CARTESIAN_POINT('',(-22.132926073,-6.111132169,5.5));
#1935=CARTESIAN_POINT('',(-22.120897511,-6.214814247,5.5));
#1936=CARTESIAN_POINT('',(-22.096840388,-6.422178403,5.5));
#1937=CARTESIAN_POINT('',(-22.054293863,-6.625217842,5.5));
#1938=CARTESIAN_POINT('',(-21.993215483,-6.823922635,5.5));
#1939=CARTESIAN_POINT('',(-21.932137103,-7.022627428,5.5));
#1940=CARTESIAN_POINT('',(-21.851328561,-7.21871945,5.5));
#1941=CARTESIAN_POINT('',(-21.75373243,-7.402098691,5.5));
#1942=CARTESIAN_POINT('',(-21.656136299,-7.585477932,5.5));
#1943=CARTESIAN_POINT('',(-21.541578634,-7.757724824,5.5));
#1944=CARTESIAN_POINT('',(-21.408579559,-7.917868082,5.5));
#1945=CARTESIAN_POINT('',(-21.342080021,-7.997939711,5.5));
#1946=CARTESIAN_POINT('',(-21.270542018,-8.075445773,5.5));
#1947=CARTESIAN_POINT('',(-21.195505094,-8.148687889,5.5));
#1948=CARTESIAN_POINT('',(-21.12046817,-8.221930005,5.5));
#1949=CARTESIAN_POINT('',(-21.042208301,-8.290752138,5.5));
#1950=CARTESIAN_POINT('',(-20.960845689,-8.355319137,5.5));
#1951=CARTESIAN_POINT('',(-20.635395242,-8.613587132,5.5));
#1952=CARTESIAN_POINT('',(-20.25307172,-8.807609275,5.5));
#1953=CARTESIAN_POINT('',(-19.851447414,-8.91162493,5.5));
#1954=CARTESIAN_POINT('',(-19.0481988,-9.119656242,5.5));
#1955=CARTESIAN_POINT('',(-18.134891765,-8.955790449,5.5));
#1956=CARTESIAN_POINT('',(-17.487450117,-8.414457206,5.5));
#1957=B_SPLINE_CURVE_WITH_KNOTS('',3,(#1908,#1909,#1910,#1911,#1912,#1913,#1914,#1915,#1916,#1917,#1918,#1919,#1920,#1921,#1922,#1923,#1924,#1925,#1926,#1927,#1928,#1929,#1930,#1931,#1932,#1933,
#1934,#1935,#1936,#1937,#1938,#1939,#1940,#1941,#1942,#1943,#1944,#1945,#1946,#1947,#1948,#1949,#1950,#1951,#1952,#1953,#1954,#1955,#1956),.UNSPECIFIED.,.F.,.F.,(4,3,3,3,3,3,3,3,3,3,3,3,3,3,3,3,4),(0.00014585,0.000767485,0.001078303,0.001389121,0.002010756,0.002321574,0.002632391,0.003254027,0.003564845,0.003875662,0.004497298,0.005118933,0.005740569,0.006051386,0.006362204,0.007605475,0.010092017),.UNSPECIFIED.);
#1958=EDGE_CURVE('',#1905,#1907,#1957,.T.);
#1959=ORIENTED_EDGE('',*,*,#1958,.F.);
#1960=CARTESIAN_POINT('',(-20.629707234,-2.939899694,5.49979243));
#1961=VERTEX_POINT('',#1960);
#1962=CARTESIAN_POINT('',(-20.653666972,-2.951618235,5.5));
#1963=CARTESIAN_POINT('',(-20.629150641,-2.940841285,5.5));
#1964=B_SPLINE_CURVE_WITH_KNOTS('',1,(#1962,#1963),.UNSPECIFIED.,.F.,.F.,(2,2),(0.,1.),.UNSPECIFIED.);
#1965=EDGE_CURVE('',#1905,#1961,#1964,.T.);
#1966=ORIENTED_EDGE('',*,*,#1965,.T.);
#1967=CARTESIAN_POINT('',(-17.487450856,-8.414457823,5.5));
#1968=CARTESIAN_POINT('',(-16.704451065,-8.115865094,5.5));
#1969=CARTESIAN_POINT('',(-16.110418295,-7.423361823,5.5));
#1970=CARTESIAN_POINT('',(-15.891425298,-6.62213917,5.5));
#1971=CARTESIAN_POINT('',(-15.7819288,-6.221527843,5.5));
#1972=CARTESIAN_POINT('',(-15.760886907,-5.796844052,5.5));
#1973=CARTESIAN_POINT('',(-15.822236931,-5.386405834,5.5));
#1974=CARTESIAN_POINT('',(-15.852911943,-5.181186726,5.5));
#1975=CARTESIAN_POINT('',(-15.903625683,-4.981244477,5.5));
#1976=CARTESIAN_POINT('',(-15.974924615,-4.78672299,5.5));
#1977=CARTESIAN_POINT('',(-16.010574081,-4.689462247,5.5));
#1978=CARTESIAN_POINT('',(-16.051754962,-4.593055174,5.5));
#1979=CARTESIAN_POINT('',(-16.097587739,-4.499548996,5.5));
#1980=CARTESIAN_POINT('',(-16.143420515,-4.406042819,5.5));
#1981=CARTESIAN_POINT('',(-16.193729598,-4.315531136,5.5));
#1982=CARTESIAN_POINT('',(-16.248237518,-4.22782833,5.5));
#1983=CARTESIAN_POINT('',(-16.466269197,-3.877017105,5.5));
#1984=CARTESIAN_POINT('',(-16.755477601,-3.566832368,5.5));
#1985=CARTESIAN_POINT('',(-17.086528647,-3.320006254,5.5));
#1986=CARTESIAN_POINT('',(-17.169291409,-3.258299725,5.5));
#1987=CARTESIAN_POINT('',(-17.254935323,-3.200266935,5.5));
#1988=CARTESIAN_POINT('',(-17.343526686,-3.145992415,5.5));
#1989=CARTESIAN_POINT('',(-17.43211805,-3.091717896,5.5));
#1990=CARTESIAN_POINT('',(-17.52396795,-3.041095917,5.5));
#1991=CARTESIAN_POINT('',(-17.617039323,-2.995287151,5.5));
#1992=CARTESIAN_POINT('',(-17.803182069,-2.903669619,5.5));
#1993=CARTESIAN_POINT('',(-17.995779708,-2.830412071,5.5));
#1994=CARTESIAN_POINT('',(-18.194516594,-2.774616697,5.5));
#1995=CARTESIAN_POINT('',(-18.393253479,-2.718821324,5.5));
#1996=CARTESIAN_POINT('',(-18.599885015,-2.680271753,5.5));
#1997=CARTESIAN_POINT('',(-18.80587599,-2.659718264,5.5));
#1998=CARTESIAN_POINT('',(-19.011866966,-2.639164775,5.5));
#1999=CARTESIAN_POINT('',(-19.218136047,-2.636032716,5.5));
#2000=CARTESIAN_POINT('',(-19.424678477,-2.650024089,5.5));
#2001=CARTESIAN_POINT('',(-19.631220907,-2.664015462,5.5));
#2002=CARTESIAN_POINT('',(-19.838846598,-2.695606676,5.5));
#2003=CARTESIAN_POINT('',(-20.04008817,-2.744016226,5.5));
#2004=CARTESIAN_POINT('',(-20.241329743,-2.792425776,5.5));
#2005=CARTESIAN_POINT('',(-20.437805113,-2.857607593,5.5));
#2006=CARTESIAN_POINT('',(-20.629150651,-2.940841289,5.5));
#2007=B_SPLINE_CURVE_WITH_KNOTS('',3,(#1967,#1968,#1969,#1970,#1971,#1972,#1973,#1974,#1975,#1976,#1977,#1978,#1979,#1980,#1981,#1982,#1983,#1984,#1985,#1986,#1987,#1988,#1989,#1990,#1991,#1992,
#1993,#1994,#1995,#1996,#1997,#1998,#1999,#2000,#2001,#2002,#2003,#2004,#2005,#2006),.UNSPECIFIED.,.F.,.F.,(4,3,3,3,3,3,3,3,3,3,3,3,3,4),(0.000011164,0.002487225,0.003725255,0.004344271,0.004653778,0.004963286,0.006201317,0.006510824,0.006820332,0.007439347,0.008058362,0.008677378,0.009296393,0.009915408),.UNSPECIFIED.);
#2008=EDGE_CURVE('',#1907,#1961,#2007,.T.);
#2009=ORIENTED_EDGE('',*,*,#2008,.F.);
#2010=EDGE_LOOP('',(#1959,#1966,#2009));
#2011=FACE_BOUND('',#2010,.T.);
#2012=ORIENTED_EDGE('',*,*,#1073,.F.);
#2013=ORIENTED_EDGE('',*,*,#1099,.F.);
#2014=ORIENTED_EDGE('',*,*,#1121,.F.);
#2015=ORIENTED_EDGE('',*,*,#1137,.F.);
#2016=EDGE_LOOP('',(#2012,#2013,#2014,#2015));
#2017=FACE_BOUND('',#2016,.T.);
#2018=ADVANCED_FACE('',(#1255,#1363,#1471,#1579,#1687,#1795,#1903,#2011,#2017),#1147,.T.);
#2019=CARTESIAN_POINT('',(-20.650574189,-9.542001671,-0.000009183));
#2020=CARTESIAN_POINT('',(-20.579244059,-9.583316794,0.005170507));
#2021=CARTESIAN_POINT('',(-19.848859311,-9.974808029,0.057221674));
#2022=CARTESIAN_POINT('',(-18.226225101,-10.243125885,0.156144319));
#2023=CARTESIAN_POINT('',(-16.095534633,-9.279999483,0.296758751));
#2024=CARTESIAN_POINT('',(-14.860796973,-7.293396693,0.437373183));
#2025=CARTESIAN_POINT('',(-14.934102594,-4.959692584,0.577987615));
#2026=CARTESIAN_POINT('',(-16.298594133,-3.052028393,0.718602046));
#2027=CARTESIAN_POINT('',(-18.479175959,-2.239026245,0.859216478));
#2028=CARTESIAN_POINT('',(-21.364226126,-2.879226404,1.036286504));
#2029=CARTESIAN_POINT('',(-23.324125492,-6.240666285,1.249812122));
#2030=CARTESIAN_POINT('',(-21.030544388,-10.213765558,1.499793335));
#2031=CARTESIAN_POINT('',(-16.859848986,-10.200660567,1.728942779));
#2032=CARTESIAN_POINT('',(-14.682673726,-7.338627485,1.937260456));
#2033=CARTESIAN_POINT('',(-15.096233959,-4.150248476,2.124746365));
#2034=CARTESIAN_POINT('',(-17.655670524,-2.178597545,2.312232275));
#2035=CARTESIAN_POINT('',(-20.852339592,-2.598767942,2.499718184));
#2036=CARTESIAN_POINT('',(-22.819680013,-5.153673144,2.687204093));
#2037=CARTESIAN_POINT('',(-22.402296757,-8.352736448,2.874690002));
#2038=CARTESIAN_POINT('',(-19.846411051,-10.319054317,3.062175911));
#2039=CARTESIAN_POINT('',(-16.6478458,-9.902928809,3.24966182));
#2040=CARTESIAN_POINT('',(-14.681102384,-7.346449335,3.43714773));
#2041=CARTESIAN_POINT('',(-15.096603298,-4.148976202,3.624633639));
#2042=CARTESIAN_POINT('',(-17.653599705,-2.179939956,3.812119548));
#2043=CARTESIAN_POINT('',(-20.316712847,-2.529191287,3.968357806));
#2044=CARTESIAN_POINT('',(-21.836819113,-3.873254604,4.093348412));
#2045=CARTESIAN_POINT('',(-22.747507224,-5.685958886,4.218339018));
#2046=CARTESIAN_POINT('',(-22.404824797,-8.350703042,4.374577276));
#2047=CARTESIAN_POINT('',(-19.848033013,-10.318449542,4.562063185));
#2048=CARTESIAN_POINT('',(-16.64976518,-9.904085173,4.749549094));
#2049=CARTESIAN_POINT('',(-14.681528379,-7.347920551,4.937035003));
#2050=CARTESIAN_POINT('',(-15.095523189,-4.150572103,5.124520912));
#2051=CARTESIAN_POINT('',(-17.65141566,-2.180802705,5.312006822));
#2052=CARTESIAN_POINT('',(-20.848569222,-2.597156163,5.499492731));
#2053=CARTESIAN_POINT('',(-22.819841841,-5.147757775,5.68697864));
#2054=CARTESIAN_POINT('',(-22.401693892,-8.353814499,5.874464549));
#2055=CARTESIAN_POINT('',(-19.855225459,-10.310748228,6.061950458));
#2056=CARTESIAN_POINT('',(-17.709502706,-10.049366126,6.18710304));
#2057=CARTESIAN_POINT('',(-16.849731603,-9.550289442,6.249760318));
#2058=CARTESIAN_POINT('',(-16.847510447,-9.548996824,6.249922293));
#2059=CARTESIAN_POINT('',(-20.431421826,-9.168897587,-0.249691735));
#2060=CARTESIAN_POINT('',(-20.368175891,-9.205448924,-0.244512046));
#2061=CARTESIAN_POINT('',(-19.720596192,-9.551753259,-0.192460878));
#2062=CARTESIAN_POINT('',(-18.282436537,-9.788143099,-0.093538234));
#2063=CARTESIAN_POINT('',(-16.395103892,-8.93282956,0.047076198));
#2064=CARTESIAN_POINT('',(-15.302612108,-7.171306517,0.18769063));
#2065=CARTESIAN_POINT('',(-15.369566075,-5.103309309,0.328305062));
#2066=CARTESIAN_POINT('',(-16.580367085,-3.413958852,0.468919494));
#2067=CARTESIAN_POINT('',(-18.513428623,-2.695361943,0.609533925));
#2068=CARTESIAN_POINT('',(-21.069527932,-3.265152783,0.786603951));
#2069=CARTESIAN_POINT('',(-22.803463466,-6.245633963,1.00012957));
#2070=CARTESIAN_POINT('',(-20.767566324,-9.764519763,1.250110782));
#2071=CARTESIAN_POINT('',(-17.071630865,-9.749344375,1.479260226));
#2072=CARTESIAN_POINT('',(-15.144725303,-7.211237005,1.687577903));
#2073=CARTESIAN_POINT('',(-15.513934105,-4.386142176,1.875063812));
#2074=CARTESIAN_POINT('',(-17.783713476,-2.641108933,2.062549722));
#2075=CARTESIAN_POINT('',(-20.616149241,-3.016180971,2.250035631));
#2076=CARTESIAN_POINT('',(-22.357366329,-5.28194249,2.43752154));
#2077=CARTESIAN_POINT('',(-21.984762233,-8.116501552,2.625007449));
#2078=CARTESIAN_POINT('',(-19.718132631,-9.856812101,2.812493358));
#2079=CARTESIAN_POINT('',(-16.884013901,-9.485322692,2.999979268));
#2080=CARTESIAN_POINT('',(-15.143326701,-7.21816687,3.187465177));
#2081=CARTESIAN_POINT('',(-15.51426176,-4.385014935,3.374951086));
#2082=CARTESIAN_POINT('',(-17.781877475,-2.642297197,3.562436995));
#2083=CARTESIAN_POINT('',(-20.141552215,-2.954065994,3.718675253));
#2084=CARTESIAN_POINT('',(-21.48747756,-4.146434327,3.843665859));
#2085=CARTESIAN_POINT('',(-22.292953483,-5.75357647,3.968656465));
#2086=CARTESIAN_POINT('',(-21.987005023,-8.114702591,4.124894723));
#2087=CARTESIAN_POINT('',(-19.719570204,-9.856276913,4.312380632));
#2088=CARTESIAN_POINT('',(-16.885713985,-9.486349222,4.499866541));
#2089=CARTESIAN_POINT('',(-15.143702406,-7.219470965,4.68735245));
#2090=CARTESIAN_POINT('',(-15.513303962,-4.38642859,4.874838359));
#2091=CARTESIAN_POINT('',(-17.779941041,-2.643059245,5.062324269));
#2092=CARTESIAN_POINT('',(-20.612809474,-3.014749697,5.249810178));
#2093=CARTESIAN_POINT('',(-22.357514694,-5.276700186,5.437296087));
#2094=CARTESIAN_POINT('',(-21.984227217,-8.117457085,5.624781996));
#2095=CARTESIAN_POINT('',(-19.72595099,-9.849458501,5.812267905));
#2096=CARTESIAN_POINT('',(-17.824697678,-9.615997439,5.937420487));
#2097=CARTESIAN_POINT('',(-17.06322,-9.172996406,6.000077765));
#2098=CARTESIAN_POINT('',(-17.061252781,-9.171849029,6.00023974));
#2099=CARTESIAN_POINT('',(-20.211909631,-8.795991561,-0.499357109));
#2100=CARTESIAN_POINT('',(-20.156743586,-8.827771315,-0.494177419));
#2101=CARTESIAN_POINT('',(-19.591928256,-9.128808976,-0.442126252));
#2102=CARTESIAN_POINT('',(-18.338217743,-9.333094919,-0.343203608));
#2103=CARTESIAN_POINT('',(-16.694351674,-8.585366192,-0.202589176));
#2104=CARTESIAN_POINT('',(-15.744323107,-7.048793869,-0.061974744));
#2105=CARTESIAN_POINT('',(-15.805177366,-5.246516677,0.078639688));
#2106=CARTESIAN_POINT('',(-16.862490937,-3.775631473,0.21925412));
#2107=CARTESIAN_POINT('',(-18.548115168,-3.151677364,0.359868552));
#2108=CARTESIAN_POINT('',(-20.775188306,-3.651368612,0.536938577));
#2109=CARTESIAN_POINT('',(-22.28279209,-6.251096099,0.750464196));
#2110=CARTESIAN_POINT('',(-20.504155183,-9.315511354,1.000445408));
#2111=CARTESIAN_POINT('',(-17.282989964,-9.297815574,1.229594853));
#2112=CARTESIAN_POINT('',(-15.606668614,-7.083404473,1.437912529));
#2113=CARTESIAN_POINT('',(-15.931868649,-4.621645879,1.625398439));
#2114=CARTESIAN_POINT('',(-17.912198965,-3.103511037,1.812884348));
#2115=CARTESIAN_POINT('',(-20.380348549,-3.433829199,2.000370257));
#2116=CARTESIAN_POINT('',(-21.895162183,-5.410653891,2.187856166));
#2117=CARTESIAN_POINT('',(-21.566992444,-7.880656596,2.375342075));
#2118=CARTESIAN_POINT('',(-19.589412236,-9.394679331,2.562827985));
#2119=CARTESIAN_POINT('',(-17.119791981,-9.067481457,2.750313894));
#2120=CARTESIAN_POINT('',(-15.605441584,-7.08944234,2.937799803));
#2121=CARTESIAN_POINT('',(-15.932155191,-4.620663771,3.125285712));
#2122=CARTESIAN_POINT('',(-17.910597493,-3.104544675,3.312771621));
#2123=CARTESIAN_POINT('',(-19.966789838,-3.379118693,3.469009879));
#2124=CARTESIAN_POINT('',(-21.13838589,-4.419952632,3.594000485));
#2125=CARTESIAN_POINT('',(-21.838452504,-5.821627315,3.718991091));
#2126=CARTESIAN_POINT('',(-21.568949726,-7.879091873,3.875229349));
#2127=CARTESIAN_POINT('',(-19.590665654,-9.394214284,4.062715258));
#2128=CARTESIAN_POINT('',(-17.121272536,-9.068378268,4.250201167));
#2129=CARTESIAN_POINT('',(-15.605767162,-7.090579362,4.437687076));
#2130=CARTESIAN_POINT('',(-15.931319099,-4.621894865,4.625172986));
#2131=CARTESIAN_POINT('',(-17.908908743,-3.105206157,4.812658895));
#2132=CARTESIAN_POINT('',(-20.377439536,-3.432577874,5.000144804));
#2133=CARTESIAN_POINT('',(-21.895297783,-5.40608493,5.187630713));
#2134=CARTESIAN_POINT('',(-21.566525069,-7.88148912,5.375116622));
#2135=CARTESIAN_POINT('',(-19.59623531,-9.388279499,5.562602532));
#2136=CARTESIAN_POINT('',(-17.939484593,-9.18250812,5.687755113));
#2137=CARTESIAN_POINT('',(-17.276356176,-8.795490878,5.750412391));
#2138=CARTESIAN_POINT('',(-17.274643038,-8.794488507,5.750574366));
#2139=CARTESIAN_POINT('',(-19.990740581,-8.423918757,-0.748825554));
#2140=CARTESIAN_POINT('',(-19.943636308,-8.450891022,-0.743645865));
#2141=CARTESIAN_POINT('',(-19.461415192,-8.706295246,-0.691594697));
#2142=CARTESIAN_POINT('',(-18.392068702,-8.877679422,-0.592672053));
#2143=CARTESIAN_POINT('',(-16.992198204,-8.236524779,-0.452057621));
#2144=CARTESIAN_POINT('',(-16.185635177,-6.924357517,-0.311443189));
#2145=CARTESIAN_POINT('',(-16.241524338,-5.387901767,-0.170828757));
#2146=CARTESIAN_POINT('',(-17.146241359,-4.136199736,-0.030214325));
#2147=CARTESIAN_POINT('',(-18.584762876,-3.607973967,0.110400106));
#2148=CARTESIAN_POINT('',(-20.482417644,-4.038951264,0.287470132));
#2149=CARTESIAN_POINT('',(-21.761995909,-6.258787304,0.500995751));
#2150=CARTESIAN_POINT('',(-20.238749828,-8.867501655,0.750976963));
#2151=CARTESIAN_POINT('',(-17.492477405,-8.845256032,0.980126407));
#2152=CARTESIAN_POINT('',(-16.068197098,-6.953559515,1.188444084));
#2153=CARTESIAN_POINT('',(-16.350927062,-4.855429163,1.375929993));
#2154=CARTESIAN_POINT('',(-18.042699151,-3.565494403,1.563415903));
#2155=CARTESIAN_POINT('',(-20.146266752,-3.852604086,1.750901812));
#2156=CARTESIAN_POINT('',(-21.433377926,-5.541378295,1.938387721));
#2157=CARTESIAN_POINT('',(-21.148095701,-7.64653155,2.12587363));
#2158=CARTESIAN_POINT('',(-19.458679188,-8.932966194,2.313359539));
#2159=CARTESIAN_POINT('',(-17.353849785,-8.648513794,2.500845449));
#2160=CARTESIAN_POINT('',(-16.067136866,-6.958704909,2.688331358));
#2161=CARTESIAN_POINT('',(-16.351174417,-4.854592603,2.875817267));
#2162=CARTESIAN_POINT('',(-18.041331178,-3.566371592,3.063303176));
#2163=CARTESIAN_POINT('',(-19.793794956,-3.805040636,3.219541434));
#2164=CARTESIAN_POINT('',(-20.790364936,-4.695040824,3.34453204));
#2165=CARTESIAN_POINT('',(-21.384115885,-5.891641636,3.469522646));
#2166=CARTESIAN_POINT('',(-21.149767001,-7.645200848,3.625760904));
#2167=CARTESIAN_POINT('',(-19.459749191,-8.932573257,3.813246813));
#2168=CARTESIAN_POINT('',(-17.355109881,-8.649281502,4.000732722));
#2169=CARTESIAN_POINT('',(-16.067412571,-6.959675064,4.188218631));
#2170=CARTESIAN_POINT('',(-16.350457978,-4.855639944,4.37570454));
#2171=CARTESIAN_POINT('',(-18.039890214,-3.566932563,4.56319045));
#2172=CARTESIAN_POINT('',(-20.143789305,-3.851530454,4.750676359));
#2173=CARTESIAN_POINT('',(-21.433503799,-5.537483678,4.938162268));
#2174=CARTESIAN_POINT('',(-21.147695207,-7.647239456,5.125648177));
#2175=CARTESIAN_POINT('',(-19.464510408,-8.927525586,5.313134086));
#2176=CARTESIAN_POINT('',(-18.052450448,-8.748405728,5.438286668));
#2177=CARTESIAN_POINT('',(-17.487938618,-8.416967294,5.500943946));
#2178=CARTESIAN_POINT('',(-17.486480254,-8.41610888,5.501105921));
#2179=B_SPLINE_SURFACE_WITH_KNOTS('',3,3,((#2019,#2020,#2021,#2022,#2023,#2024,#2025,#2026,#2027,#2028,#2029,#2030,#2031,#2032,#2033,#2034,#2035,#2036,#2037,#2038,#2039,#2040,#2041,#2042,#2043,#2044,
#2045,#2046,#2047,#2048,#2049,#2050,#2051,#2052,#2053,#2054,#2055,#2056,#2057,#2058),(#2059,#2060,#2061,#2062,#2063,#2064,#2065,#2066,#2067,#2068,#2069,#2070,#2071,#2072,#2073,#2074,#2075,#2076,#2077,#2078,#2079,#2080,#2081,#2082,#2083,#2084,
#2085,#2086,#2087,#2088,#2089,#2090,#2091,#2092,#2093,#2094,#2095,#2096,#2097,#2098),(#2099,#2100,#2101,#2102,#2103,#2104,#2105,#2106,#2107,#2108,#2109,#2110,#2111,#2112,#2113,#2114,#2115,#2116,#2117,#2118,#2119,#2120,#2121,#2122,#2123,#2124,
#2125,#2126,#2127,#2128,#2129,#2130,#2131,#2132,#2133,#2134,#2135,#2136,#2137,#2138),(#2139,#2140,#2141,#2142,#2143,#2144,#2145,#2146,#2147,#2148,#2149,#2150,#2151,#2152,#2153,#2154,#2155,#2156,#2157,#2158,#2159,#2160,#2161,#2162,#2163,#2164,
#2165,#2166,#2167,#2168,#2169,#2170,#2171,#2172,#2173,#2174,#2175,#2176,#2177,#2178)),.UNSPECIFIED.,.F.,.F.,.U.,(4,4),(4,1,1,1,1,1,1,1,1,1,1,1,1,1,1,1,1,1,1,1,1,1,1,1,1,1,
1,1,1,1,1,1,1,1,1,1,1,4),(-0.043409303,0.10644836),(10.468243376,10.533333278,11.122337633,11.711341988,12.300346343,12.889350698,13.478355053,14.067359408,14.656363763,15.703482616,16.750601469,17.797720323,18.583059463,19.368398603,20.153737742,20.939076882,21.724416022,22.509755162,23.295094302,24.080433442,24.865772582,25.651111722,26.436450862,27.221790002,27.614459572,28.007129142,
28.792468282,29.577807422,30.363146562,31.148485702,31.933824842,32.719163981,33.504503121,34.289842261,35.075181401,35.860520541,36.645859681,36.647895121),.UNSPECIFIED.);
#2180=ORIENTED_EDGE('',*,*,#1958,.T.);
#2181=CARTESIAN_POINT('',(-17.486480254,-8.416108881,5.501105921));
#2182=CARTESIAN_POINT('',(-18.005021989,-8.71894057,5.442440429));
#2183=CARTESIAN_POINT('',(-18.63912314,-8.820720992,5.386189954));
#2184=CARTESIAN_POINT('',(-19.228206339,-8.707653636,5.329519768));
#2185=CARTESIAN_POINT('',(-19.817289539,-8.594586279,5.272849583));
#2186=CARTESIAN_POINT('',(-20.36079717,-8.255158616,5.21460046));
#2187=CARTESIAN_POINT('',(-20.730225779,-7.781771163,5.157181773));
#2188=CARTESIAN_POINT('',(-21.099654387,-7.308383711,5.099763086));
#2189=CARTESIAN_POINT('',(-21.282118458,-6.695643819,5.042815822));
#2190=CARTESIAN_POINT('',(-21.247835052,-6.095912295,4.985359226));
#2191=CARTESIAN_POINT('',(-21.230693349,-5.796046533,4.956630928));
#2192=CARTESIAN_POINT('',(-21.158743546,-5.500135574,4.928096889));
#2193=CARTESIAN_POINT('',(-21.034741531,-5.22657691,4.899435513));
#2194=CARTESIAN_POINT('',(-20.910739516,-4.953018245,4.870774137));
#2195=CARTESIAN_POINT('',(-20.736938773,-4.70128155,4.842099657));
#2196=CARTESIAN_POINT('',(-20.525699308,-4.487294013,4.813434407));
#2197=CARTESIAN_POINT('',(-20.314459843,-4.273306476,4.784769158));
#2198=CARTESIAN_POINT('',(-20.065569057,-4.097526711,4.756270761));
#2199=CARTESIAN_POINT('',(-19.792348486,-3.973635216,4.727653303));
#2200=CARTESIAN_POINT('',(-19.519127915,-3.849743721,4.699035845));
#2201=CARTESIAN_POINT('',(-19.222656456,-3.77586272,4.670295869));
#2202=CARTESIAN_POINT('',(-18.922662835,-3.754540066,4.641569891));
#2203=CARTESIAN_POINT('',(-18.622669214,-3.733217413,4.612843914));
#2204=CARTESIAN_POINT('',(-18.319140059,-3.764474786,4.584198897));
#2205=CARTESIAN_POINT('',(-18.031909212,-3.850944203,4.555537926));
#2206=CARTESIAN_POINT('',(-17.744678365,-3.93741362,4.526876956));
#2207=CARTESIAN_POINT('',(-17.4734675,-4.077885941,4.498243573));
#2208=CARTESIAN_POINT('',(-17.234146467,-4.260166789,4.469619137));
#2209=CARTESIAN_POINT('',(-16.994825433,-4.442447637,4.440994702));
#2210=CARTESIAN_POINT('',(-16.78741197,-4.666563073,4.412363028));
#2211=CARTESIAN_POINT('',(-16.627803292,-4.920328678,4.383712872));
#2212=CARTESIAN_POINT('',(-16.468194615,-5.174094282,4.355062715));
#2213=CARTESIAN_POINT('',(-16.35741643,-5.458080081,4.326373961));
#2214=CARTESIAN_POINT('',(-16.298265129,-5.752907925,4.29772049));
#2215=CARTESIAN_POINT('',(-16.239113827,-6.047735768,4.26906702));
#2216=CARTESIAN_POINT('',(-16.231616691,-6.353403533,4.240395354));
#2217=CARTESIAN_POINT('',(-16.278514391,-6.649932035,4.211725105));
#2218=CARTESIAN_POINT('',(-16.325412091,-6.946460537,4.183054855));
#2219=CARTESIAN_POINT('',(-16.428511505,-7.23326642,4.154571884));
#2220=CARTESIAN_POINT('',(-16.57857712,-7.493630292,4.126074448));
#2221=CARTESIAN_POINT('',(-16.728642735,-7.753994163,4.097577012));
#2222=CARTESIAN_POINT('',(-16.925285692,-7.987905705,4.068753177));
#2223=CARTESIAN_POINT('',(-17.156113975,-8.180000035,4.03994191));
#2224=CARTESIAN_POINT('',(-17.386942257,-8.372094365,4.011130643));
#2225=CARTESIAN_POINT('',(-17.652859702,-8.520797961,3.982536957));
#2226=CARTESIAN_POINT('',(-17.937482463,-8.617082358,3.953876222));
#2227=CARTESIAN_POINT('',(-18.506727986,-8.809651151,3.896554752));
#2228=CARTESIAN_POINT('',(-19.145925402,-8.796289317,3.839426738));
#2229=CARTESIAN_POINT('',(-19.700229146,-8.566087186,3.782096997));
#2230=CARTESIAN_POINT('',(-20.254532891,-8.335885055,3.724767257));
#2231=CARTESIAN_POINT('',(-20.727386672,-7.902440767,3.667374378));
#2232=CARTESIAN_POINT('',(-20.992566942,-7.364266964,3.610058777));
#2233=CARTESIAN_POINT('',(-21.257747211,-6.826093161,3.552743177));
#2234=CARTESIAN_POINT('',(-21.323919862,-6.188309218,3.495806647));
#2235=CARTESIAN_POINT('',(-21.170526797,-5.608612273,3.438305175));
#2236=CARTESIAN_POINT('',(-21.017133732,-5.028915328,3.380803703));
#2237=CARTESIAN_POINT('',(-20.64347751,-4.507264434,3.323323481));
#2238=CARTESIAN_POINT('',(-20.146280767,-4.171517103,3.266327197));
#2239=CARTESIAN_POINT('',(-19.649084023,-3.835769772,3.209330912));
#2240=CARTESIAN_POINT('',(-19.024581655,-3.69312274,3.151675313));
#2241=CARTESIAN_POINT('',(-18.428828932,-3.767328718,3.094340637));
#2242=CARTESIAN_POINT('',(-17.83307621,-3.841534695,3.037005962));
#2243=CARTESIAN_POINT('',(-17.271004417,-4.146840357,2.979728317));
#2244=CARTESIAN_POINT('',(-16.871940038,-4.595934797,2.922442509));
#2245=CARTESIAN_POINT('',(-16.672407849,-4.820482017,2.893799605));
#2246=CARTESIAN_POINT('',(-16.514926086,-5.081100159,2.865152083));
#2247=CARTESIAN_POINT('',(-16.409688203,-5.362347593,2.836497603));
#2248=CARTESIAN_POINT('',(-16.30445032,-5.643595027,2.807843123));
#2249=CARTESIAN_POINT('',(-16.249678793,-5.94445863,2.77917902));
#2250=CARTESIAN_POINT('',(-16.248041054,-6.245089365,2.750525687));
#2251=CARTESIAN_POINT('',(-16.246403315,-6.545720101,2.721872355));
#2252=CARTESIAN_POINT('',(-16.298625923,-6.845901672,2.693284304));
#2253=CARTESIAN_POINT('',(-16.404728555,-7.126489444,2.664635616));
#2254=CARTESIAN_POINT('',(-16.510831188,-7.407077217,2.635986928));
#2255=CARTESIAN_POINT('',(-16.668652904,-7.66867613,2.607280699));
#2256=CARTESIAN_POINT('',(-16.866026513,-7.895591774,2.578629831));
#2257=CARTESIAN_POINT('',(-17.063400122,-8.122507418,2.549978963));
#2258=CARTESIAN_POINT('',(-17.300513185,-8.314549524,2.521318099));
#2259=CARTESIAN_POINT('',(-17.564955371,-8.456018954,2.492664965));
#2260=CARTESIAN_POINT('',(-17.829397557,-8.597488384,2.46401183));
#2261=CARTESIAN_POINT('',(-18.120499262,-8.689534696,2.435428288));
#2262=CARTESIAN_POINT('',(-18.418581405,-8.729447513,2.406828604));
#2263=CARTESIAN_POINT('',(-18.716663549,-8.76936033,2.37822892));
#2264=CARTESIAN_POINT('',(-19.021726562,-8.757109662,2.349593557));
#2265=CARTESIAN_POINT('',(-19.314053767,-8.68998347,2.320915885));
#2266=CARTESIAN_POINT('',(-19.606380973,-8.622857278,2.292238212));
#2267=CARTESIAN_POINT('',(-19.885675972,-8.499681048,2.263464113));
#2268=CARTESIAN_POINT('',(-20.135958782,-8.332427781,2.234780047));
#2269=CARTESIAN_POINT('',(-20.386241592,-8.165174514,2.20609598));
#2270=CARTESIAN_POINT('',(-20.607411372,-7.953772864,2.177401096));
#2271=CARTESIAN_POINT('',(-20.78339341,-7.710757388,2.148763731));
#2272=CARTESIAN_POINT('',(-20.959375449,-7.467741911,2.120126366));
#2273=CARTESIAN_POINT('',(-21.088405441,-7.19225712,2.09164366));
#2274=CARTESIAN_POINT('',(-21.165529786,-6.902268259,2.062987397));
#2275=CARTESIAN_POINT('',(-21.24265413,-6.612279398,2.034331133));
#2276=CARTESIAN_POINT('',(-21.268965317,-6.30818347,2.0057184));
#2277=CARTESIAN_POINT('',(-21.241434489,-6.009144805,1.977063503));
#2278=CARTESIAN_POINT('',(-21.213903661,-5.710106141,1.948408607));
#2279=CARTESIAN_POINT('',(-21.130212686,-5.416640935,1.919620916));
#2280=CARTESIAN_POINT('',(-20.996483463,-5.146903882,1.891044849));
#2281=CARTESIAN_POINT('',(-20.862754239,-4.87716683,1.862468781));
#2282=CARTESIAN_POINT('',(-20.681242505,-4.630395249,1.834504632));
#2283=CARTESIAN_POINT('',(-20.463194802,-4.423683859,1.806101596));
#2284=CARTESIAN_POINT('',(-20.245147099,-4.216972469,1.777698559));
#2285=CARTESIAN_POINT('',(-19.990299612,-4.051455887,1.748937866));
#2286=CARTESIAN_POINT('',(-19.712764452,-3.938750728,1.719470139));
#2287=CARTESIAN_POINT('',(-19.435229292,-3.826045568,1.690002412));
#2288=CARTESIAN_POINT('',(-19.136508181,-3.759956653,1.662259059));
#2289=CARTESIAN_POINT('',(-18.834896008,-3.749411794,1.63312979));
#2290=CARTESIAN_POINT('',(-18.533283835,-3.738866934,1.60400052));
#2291=CARTESIAN_POINT('',(-18.230256988,-3.783075014,1.574423593));
#2292=CARTESIAN_POINT('',(-17.94627947,-3.877536972,1.547437805));
#2293=CARTESIAN_POINT('',(-17.662301953,-3.971998929,1.520452017));
#2294=CARTESIAN_POINT('',(-17.397718625,-4.118072291,1.49366094));
#2295=CARTESIAN_POINT('',(-17.16750726,-4.309407707,1.46343238));
#2296=CARTESIAN_POINT('',(-16.937295894,-4.500743123,1.433203821));
#2297=CARTESIAN_POINT('',(-16.735556503,-4.73199883,1.404440534));
#2298=CARTESIAN_POINT('',(-16.583379687,-4.994235019,1.375475762));
#2299=CARTESIAN_POINT('',(-16.431202871,-5.256471208,1.346510989));
#2300=CARTESIAN_POINT('',(-16.330391295,-5.546922126,1.317518966));
#2301=CARTESIAN_POINT('',(-16.278980246,-5.842281372,1.290744389));
#2302=CARTESIAN_POINT('',(-16.227569197,-6.137640618,1.263969813));
#2303=CARTESIAN_POINT('',(-16.232808448,-6.439765056,1.234497487));
#2304=CARTESIAN_POINT('',(-16.292530137,-6.732759729,1.20427032));
#2305=CARTESIAN_POINT('',(-16.352251825,-7.025754402,1.174043153));
#2306=CARTESIAN_POINT('',(-16.463524623,-7.31110111,1.146415419));
#2307=CARTESIAN_POINT('',(-16.622761912,-7.56797401,1.117605553));
#2308=CARTESIAN_POINT('',(-16.7819992,-7.82484691,1.088795687));
#2309=CARTESIAN_POINT('',(-16.9864803,-8.053717847,1.060020774));
#2310=CARTESIAN_POINT('',(-17.223826169,-8.237773561,1.031428319));
#2311=CARTESIAN_POINT('',(-17.461172038,-8.421829274,1.002835863));
#2312=CARTESIAN_POINT('',(-17.732443042,-8.559882243,0.975009519));
#2313=CARTESIAN_POINT('',(-18.020627177,-8.645435014,0.947079255));
#2314=CARTESIAN_POINT('',(-18.308811312,-8.730987785,0.91914899));
#2315=CARTESIAN_POINT('',(-18.613074727,-8.764848558,0.890872761));
#2316=CARTESIAN_POINT('',(-18.912921861,-8.74537386,0.861257126));
#2317=CARTESIAN_POINT('',(-19.062845429,-8.735636511,0.846449309));
#2318=CARTESIAN_POINT('',(-19.211789317,-8.713165642,0.831638886));
#2319=CARTESIAN_POINT('',(-19.357547702,-8.677542351,0.816670335));
#2320=CARTESIAN_POINT('',(-19.503306087,-8.64191906,0.801701785));
#2321=CARTESIAN_POINT('',(-19.646859977,-8.595789021,0.788218786));
#2322=CARTESIAN_POINT('',(-19.783931466,-8.53449345,0.773517343));
#2323=CARTESIAN_POINT('',(-20.058074443,-8.411902307,0.744114456));
#2324=CARTESIAN_POINT('',(-20.306675077,-8.235232214,0.715308851));
#2325=CARTESIAN_POINT('',(-20.518079657,-8.021625573,0.687853017));
#2326=CARTESIAN_POINT('',(-20.940888818,-7.594412289,0.632941349));
#2327=CARTESIAN_POINT('',(-21.212395037,-7.015242649,0.575642347));
#2328=CARTESIAN_POINT('',(-21.252431012,-6.414916441,0.515834336));
#2329=CARTESIAN_POINT('',(-21.292466987,-5.814590233,0.456026324));
#2330=CARTESIAN_POINT('',(-21.098887672,-5.2051574,0.404104988));
#2331=CARTESIAN_POINT('',(-20.734532715,-4.727685905,0.346031392));
#2332=CARTESIAN_POINT('',(-20.643443976,-4.608318031,0.331512993));
#2333=CARTESIAN_POINT('',(-20.54189003,-4.497029662,0.316732484));
#2334=CARTESIAN_POINT('',(-20.431097496,-4.395889951,0.301720779));
#2335=CARTESIAN_POINT('',(-20.320304963,-4.294750239,0.286709074));
#2336=CARTESIAN_POINT('',(-20.202671439,-4.199961045,0.27404599));
#2337=CARTESIAN_POINT('',(-20.073967252,-4.122314152,0.257951841));
#2338=CARTESIAN_POINT('',(-20.009615159,-4.083490706,0.249904767));
#2339=CARTESIAN_POINT('',(-19.944845227,-4.045082038,0.243636738));
#2340=CARTESIAN_POINT('',(-19.877568546,-4.011381227,0.236379755));
#2341=CARTESIAN_POINT('',(-19.810291865,-3.977680416,0.229122772));
#2342=CARTESIAN_POINT('',(-19.741213972,-3.94772636,0.221541872));
#2343=CARTESIAN_POINT('',(-19.671405464,-3.919628178,0.214822825));
#2344=CARTESIAN_POINT('',(-19.531788447,-3.863431814,0.201384731));
#2345=CARTESIAN_POINT('',(-19.386105867,-3.82327632,0.186110387));
#2346=CARTESIAN_POINT('',(-19.238670625,-3.794590155,0.171871217));
#2347=CARTESIAN_POINT('',(-18.64892966,-3.679845496,0.114914538));
#2348=CARTESIAN_POINT('',(-18.018908543,-3.780878275,0.059215127));
#2349=CARTESIAN_POINT('',(-17.498556927,-4.082381559,0.000052736));
#2350=B_SPLINE_CURVE_WITH_KNOTS('',3,(#2181,#2182,#2183,#2184,#2185,#2186,#2187,#2188,#2189,#2190,#2191,#2192,#2193,#2194,#2195,#2196,#2197,#2198,#2199,#2200,#2201,#2202,#2203,#2204,#2205,#2206,
#2207,#2208,#2209,#2210,#2211,#2212,#2213,#2214,#2215,#2216,#2217,#2218,#2219,#2220,#2221,#2222,#2223,#2224,#2225,#2226,#2227,#2228,#2229,#2230,#2231,
#2232,#2233,#2234,#2235,#2236,#2237,#2238,#2239,#2240,#2241,#2242,#2243,#2244,#2245,#2246,#2247,#2248,#2249,#2250,#2251,#2252,#2253,#2254,#2255,#2256,
#2257,#2258,#2259,#2260,#2261,#2262,#2263,#2264,#2265,#2266,#2267,#2268,#2269,#2270,#2271,#2272,#2273,#2274,#2275,#2276,#2277,#2278,#2279,#2280,#2281,
#2282,#2283,#2284,#2285,#2286,#2287,#2288,#2289,#2290,#2291,#2292,#2293,#2294,#2295,#2296,#2297,#2298,#2299,#2300,#2301,#2302,#2303,#2304,#2305,#2306,
#2307,#2308,#2309,#2310,#2311,#2312,#2313,#2314,#2315,#2316,#2317,#2318,#2319,#2320,#2321,#2322,#2323,#2324,#2325,#2326,#2327,#2328,#2329,#2330,#2331,
#2332,#2333,#2334,#2335,#2336,#2337,#2338,#2339,#2340,#2341,#2342,#2343,#2344,#2345,#2346,#2347,#2348,#2349),.UNSPECIFIED.,.F.,.F.,(4,3,3,3,3,3,3,3,3,3,3,3,3,3,3,3,3,3,3,3,3,3,3,3,3,3,
3,3,3,3,3,3,3,3,3,3,3,3,3,3,3,3,3,3,3,3,3,3,3,3,3,
3,3,3,3,3,4),(9.773279213,9.954891934,10.136504655,10.318117376,10.408923737,10.499730097,10.590536458,10.681342819,10.772149179,10.86295554,10.9537619,11.044568261,11.135374622,11.226180982,11.316987343,11.407793704,11.589406425,11.771019146,11.952631867,12.134244588,12.31585731,12.497470031,12.588276391,12.679082752,12.769889113,12.860695473,
12.951501834,13.042308195,13.133114555,13.223920916,13.314727276,13.405533637,13.496339998,13.587146358,13.677952719,13.768759079,13.85956544,13.950371801,14.041178161,14.131984522,14.222790882,14.313597243,14.404403604,14.495209964,14.586016325,14.676822686,14.722225866,14.767629046,14.858435407,15.040048128,15.221660849,
15.267064029,15.31246721,15.3351688,15.35787039,15.40327357,15.584886292),.UNSPECIFIED.);
#2351=EDGE_CURVE('',#1907,#407,#2350,.T.);
#2352=ORIENTED_EDGE('',*,*,#2351,.T.);
#2353=ORIENTED_EDGE('',*,*,#524,.T.);
#2354=CARTESIAN_POINT('',(-20.627681598,-2.9434079,5.498292087));
#2355=CARTESIAN_POINT('',(-19.839459812,-2.493801262,5.442525363));
#2356=CARTESIAN_POINT('',(-18.875553316,-2.343582126,5.384054372));
#2357=CARTESIAN_POINT('',(-17.981527745,-2.526627896,5.325929235));
#2358=CARTESIAN_POINT('',(-17.087502173,-2.709673666,5.267804099));
#2359=CARTESIAN_POINT('',(-16.270633385,-3.232784764,5.21192198));
#2360=CARTESIAN_POINT('',(-15.718738559,-3.955363262,5.154748455));
#2361=CARTESIAN_POINT('',(-15.166843733,-4.67794176,5.09757493));
#2362=CARTESIAN_POINT('',(-14.897341493,-5.612933096,5.040182312));
#2363=CARTESIAN_POINT('',(-14.959221001,-6.523671748,4.982837856));
#2364=CARTESIAN_POINT('',(-14.990160755,-6.979041074,4.954165628));
#2365=CARTESIAN_POINT('',(-15.105163185,-7.4267855,4.925521113));
#2366=CARTESIAN_POINT('',(-15.297658979,-7.839810835,4.89689491));
#2367=CARTESIAN_POINT('',(-15.490154774,-8.252836171,4.868268707));
#2368=CARTESIAN_POINT('',(-15.757210534,-8.632049748,4.839654613));
#2369=CARTESIAN_POINT('',(-16.080559844,-8.953718744,4.811030836));
#2370=CARTESIAN_POINT('',(-16.403909153,-9.27538774,4.78240706));
#2371=CARTESIAN_POINT('',(-16.784514475,-9.537979355,4.753524877));
#2372=CARTESIAN_POINT('',(-17.201204041,-9.721884097,4.724847013));
#2373=CARTESIAN_POINT('',(-17.617893607,-9.905788839,4.696169149));
#2374=CARTESIAN_POINT('',(-18.069001844,-10.013901644,4.667676669));
#2375=CARTESIAN_POINT('',(-18.524523096,-10.042046676,4.639148483));
#2376=CARTESIAN_POINT('',(-18.980044347,-10.070191708,4.610620297));
#2377=CARTESIAN_POINT('',(-19.439861266,-10.018036226,4.581958267));
#2378=CARTESIAN_POINT('',(-19.87442926,-9.882689585,4.553330432));
#2379=CARTESIAN_POINT('',(-20.308997253,-9.747342944,4.524702597));
#2380=CARTESIAN_POINT('',(-20.718789807,-9.530468738,4.496038047));
#2381=CARTESIAN_POINT('',(-21.079593195,-9.250508696,4.467361173));
#2382=CARTESIAN_POINT('',(-21.440396582,-8.970548654,4.438684298));
#2383=CARTESIAN_POINT('',(-21.752239874,-8.627544987,4.410021734));
#2384=CARTESIAN_POINT('',(-21.99095091,-8.239957264,4.381388339));
#2385=CARTESIAN_POINT('',(-22.229661945,-7.852369542,4.352754943));
#2386=CARTESIAN_POINT('',(-22.393864965,-7.419420326,4.324185025));
#2387=CARTESIAN_POINT('',(-22.479350333,-6.971136473,4.295550861));
#2388=CARTESIAN_POINT('',(-22.564835701,-6.52285262,4.266916698));
#2389=CARTESIAN_POINT('',(-22.571929239,-6.059386863,4.238300991));
#2390=CARTESIAN_POINT('',(-22.497178603,-5.610319907,4.209682535));
#2391=CARTESIAN_POINT('',(-22.422427968,-5.161252951,4.181064078));
#2392=CARTESIAN_POINT('',(-22.262308804,-4.72730826,4.152145696));
#2393=CARTESIAN_POINT('',(-22.030936393,-4.333899496,4.123292121));
#2394=CARTESIAN_POINT('',(-21.799563982,-3.940490732,4.094438545));
#2395=CARTESIAN_POINT('',(-21.498321074,-3.587214117,4.066119526));
#2396=CARTESIAN_POINT('',(-21.145553204,-3.298624107,4.037702217));
#2397=CARTESIAN_POINT('',(-20.792785334,-3.010034097,4.009284907));
#2398=CARTESIAN_POINT('',(-20.387132521,-2.788815656,3.980562642));
#2399=CARTESIAN_POINT('',(-19.95414418,-2.646200555,3.951934467));
#2400=CARTESIAN_POINT('',(-19.088167497,-2.360970351,3.894678117));
#2401=CARTESIAN_POINT('',(-18.117900879,-2.38830859,3.837150452));
#2402=CARTESIAN_POINT('',(-17.278895018,-2.744619541,3.779937192));
#2403=CARTESIAN_POINT('',(-16.439889156,-3.100930493,3.722723933));
#2404=CARTESIAN_POINT('',(-15.728606506,-3.764053775,3.66556728));
#2405=CARTESIAN_POINT('',(-15.332138165,-4.583346935,3.608288015));
#2406=CARTESIAN_POINT('',(-14.935669825,-5.402640096,3.55100875));
#2407=CARTESIAN_POINT('',(-14.842186639,-6.371744402,3.493215861));
#2408=CARTESIAN_POINT('',(-15.081398694,-7.250380825,3.436253405));
#2409=CARTESIAN_POINT('',(-15.320610749,-8.129017248,3.379290949));
#2410=CARTESIAN_POINT('',(-15.892493035,-8.916115828,3.322231446));
#2411=CARTESIAN_POINT('',(-16.650872592,-9.420467501,3.264501458));
#2412=CARTESIAN_POINT('',(-17.409252149,-9.924819174,3.20677147));
#2413=CARTESIAN_POINT('',(-18.358984788,-10.135773037,3.150058002));
#2414=CARTESIAN_POINT('',(-19.261870538,-10.017011536,3.092815671));
#2415=CARTESIAN_POINT('',(-20.164756289,-9.898250035,3.03557334));
#2416=CARTESIAN_POINT('',(-21.015697261,-9.429987967,2.978272323));
#2417=CARTESIAN_POINT('',(-21.617387521,-8.744502403,2.920981532));
#2418=CARTESIAN_POINT('',(-21.918232651,-8.401759621,2.892336137));
#2419=CARTESIAN_POINT('',(-22.154766104,-8.004635797,2.863691849));
#2420=CARTESIAN_POINT('',(-22.311946524,-7.576799528,2.835060854));
#2421=CARTESIAN_POINT('',(-22.469126943,-7.148963259,2.806429858));
#2422=CARTESIAN_POINT('',(-22.549642513,-6.691976631,2.777804907));
#2423=CARTESIAN_POINT('',(-22.549590584,-6.235798708,2.749167253));
#2424=CARTESIAN_POINT('',(-22.549538656,-5.779620785,2.720529599));
#2425=CARTESIAN_POINT('',(-22.467517575,-5.324586613,2.691793615));
#2426=CARTESIAN_POINT('',(-22.304048514,-4.899472515,2.663157901));
#2427=CARTESIAN_POINT('',(-22.140579454,-4.474358416,2.634522187));
#2428=CARTESIAN_POINT('',(-21.898870497,-4.078347967,2.605970348));
#2429=CARTESIAN_POINT('',(-21.597340975,-3.735660597,2.577333039));
#2430=CARTESIAN_POINT('',(-21.295811453,-3.392973228,2.54869573));
#2431=CARTESIAN_POINT('',(-20.934547433,-3.103653347,2.520068851));
#2432=CARTESIAN_POINT('',(-20.53217214,-2.890907276,2.491432555));
#2433=CARTESIAN_POINT('',(-20.129796846,-2.678161206,2.46279626));
#2434=CARTESIAN_POINT('',(-19.68711024,-2.540619235,2.434054442));
#2435=CARTESIAN_POINT('',(-19.234253919,-2.482310008,2.405343426));
#2436=CARTESIAN_POINT('',(-18.781397597,-2.424000781,2.37663241));
#2437=CARTESIAN_POINT('',(-18.318370802,-2.444884692,2.347977915));
#2438=CARTESIAN_POINT('',(-17.875248185,-2.548999343,2.319380647));
#2439=CARTESIAN_POINT('',(-17.432125568,-2.653113994,2.290783378));
#2440=CARTESIAN_POINT('',(-17.009297762,-2.841926743,2.262325001));
#2441=CARTESIAN_POINT('',(-16.631034371,-3.097394533,2.233722356));
#2442=CARTESIAN_POINT('',(-16.252770981,-3.352862324,2.205119712));
#2443=CARTESIAN_POINT('',(-15.918842238,-3.674569503,2.176527604));
#2444=CARTESIAN_POINT('',(-15.653137436,-4.044370325,2.147870976));
#2445=CARTESIAN_POINT('',(-15.387432635,-4.414171147,2.119214349));
#2446=CARTESIAN_POINT('',(-15.193117627,-4.833975199,2.090344765));
#2447=CARTESIAN_POINT('',(-15.077589471,-5.275489261,2.061742072));
#2448=CARTESIAN_POINT('',(-14.962061315,-5.717003322,2.033139379));
#2449=CARTESIAN_POINT('',(-14.924830749,-6.179667355,2.004473276));
#2450=CARTESIAN_POINT('',(-14.969032853,-6.633145885,1.975841178));
#2451=CARTESIAN_POINT('',(-15.013234958,-7.086624414,1.94720908));
#2452=CARTESIAN_POINT('',(-15.140913326,-7.530579786,1.919042012));
#2453=CARTESIAN_POINT('',(-15.345068584,-7.93820177,1.889949861));
#2454=CARTESIAN_POINT('',(-15.7533791,-8.753445738,1.83176556));
#2455=CARTESIAN_POINT('',(-16.457082927,-9.423341909,1.772827484));
#2456=CARTESIAN_POINT('',(-17.302020235,-9.765018944,1.717614848));
#2457=CARTESIAN_POINT('',(-17.72448889,-9.935857462,1.690008531));
#2458=CARTESIAN_POINT('',(-18.17924307,-10.025215653,1.660329988));
#2459=CARTESIAN_POINT('',(-18.634428307,-10.040186281,1.632320285));
#2460=CARTESIAN_POINT('',(-19.089613544,-10.055156909,1.604310582));
#2461=CARTESIAN_POINT('',(-19.54708241,-9.994119163,1.576725209));
#2462=CARTESIAN_POINT('',(-19.97853729,-9.848561815,1.545700348));
#2463=CARTESIAN_POINT('',(-20.40999217,-9.703004466,1.514675488));
#2464=CARTESIAN_POINT('',(-20.814833737,-9.474106726,1.483630442));
#2465=CARTESIAN_POINT('',(-21.166908395,-9.182387642,1.457434341));
#2466=CARTESIAN_POINT('',(-21.518983053,-8.890668558,1.43123824));
#2467=CARTESIAN_POINT('',(-21.812203194,-8.532437702,1.402781454));
#2468=CARTESIAN_POINT('',(-22.038076542,-8.139144918,1.374386034));
#2469=CARTESIAN_POINT('',(-22.26394989,-7.745852133,1.345990614));
#2470=CARTESIAN_POINT('',(-22.425270024,-7.313685023,1.317667687));
#2471=CARTESIAN_POINT('',(-22.500024267,-6.86409747,1.286324858));
#2472=CARTESIAN_POINT('',(-22.57477851,-6.414509918,1.254982028));
#2473=CARTESIAN_POINT('',(-22.568897065,-5.950408786,1.227705679));
#2474=CARTESIAN_POINT('',(-22.477971539,-5.50368347,1.2014443));
#2475=CARTESIAN_POINT('',(-22.387046014,-5.056958155,1.175182921));
#2476=CARTESIAN_POINT('',(-22.208034024,-4.629830616,1.145103569));
#2477=CARTESIAN_POINT('',(-21.966477955,-4.242753985,1.116650208));
#2478=CARTESIAN_POINT('',(-21.724921886,-3.855677354,1.088196847));
#2479=CARTESIAN_POINT('',(-21.419203406,-3.506992424,1.061279337));
#2480=CARTESIAN_POINT('',(-21.059253025,-3.229334923,1.030958753));
#2481=CARTESIAN_POINT('',(-20.879277835,-3.090506172,1.015798461));
#2482=CARTESIAN_POINT('',(-20.688367413,-2.96593032,1.002443574));
#2483=CARTESIAN_POINT('',(-20.485663729,-2.86339294,0.987441137));
#2484=CARTESIAN_POINT('',(-20.282960046,-2.760855559,0.9724387));
#2485=CARTESIAN_POINT('',(-20.070294239,-2.677559891,0.957417699));
#2486=CARTESIAN_POINT('',(-19.851485049,-2.613592964,0.942555058));
#2487=CARTESIAN_POINT('',(-19.41386667,-2.48565911,0.912829776));
#2488=CARTESIAN_POINT('',(-18.951482652,-2.435045308,0.883720877));
#2489=CARTESIAN_POINT('',(-18.495287915,-2.463737068,0.856562819));
#2490=CARTESIAN_POINT('',(-17.582898441,-2.521120589,0.802246702));
#2491=CARTESIAN_POINT('',(-16.706352942,-2.908542425,0.748357581));
#2492=CARTESIAN_POINT('',(-16.066565469,-3.559832057,0.686831398));
#2493=CARTESIAN_POINT('',(-15.746671733,-3.885476873,0.656068306));
#2494=CARTESIAN_POINT('',(-15.482457281,-4.270377164,0.62589141));
#2495=CARTESIAN_POINT('',(-15.291103991,-4.687398644,0.598113475));
#2496=CARTESIAN_POINT('',(-15.195427346,-4.895909384,0.584224507));
#2497=CARTESIAN_POINT('',(-15.117382859,-5.112299267,0.571426597));
#2498=CARTESIAN_POINT('',(-15.061468552,-5.333480724,0.557806238));
#2499=CARTESIAN_POINT('',(-15.005554246,-5.554662182,0.544185879));
#2500=CARTESIAN_POINT('',(-14.973017881,-5.780263553,0.528880134));
#2501=CARTESIAN_POINT('',(-14.957431427,-6.006017373,0.51536475));
#2502=CARTESIAN_POINT('',(-14.926258521,-6.457525012,0.488333981));
#2503=CARTESIAN_POINT('',(-14.977158988,-6.913878998,0.459764747));
#2504=CARTESIAN_POINT('',(-15.113136367,-7.348643908,0.428839333));
#2505=CARTESIAN_POINT('',(-15.249113747,-7.783408817,0.397913918));
#2506=CARTESIAN_POINT('',(-15.463427462,-8.19652465,0.368265067));
#2507=CARTESIAN_POINT('',(-15.740502393,-8.560962836,0.340278363));
#2508=CARTESIAN_POINT('',(-15.879039858,-8.74318193,0.326285011));
#2509=CARTESIAN_POINT('',(-16.033184061,-8.913310421,0.312746145));
#2510=CARTESIAN_POINT('',(-16.20109303,-9.067764294,0.299409436));
#2511=CARTESIAN_POINT('',(-16.369001999,-9.222218167,0.286072728));
#2512=CARTESIAN_POINT('',(-16.553644171,-9.35634217,0.26984676));
#2513=CARTESIAN_POINT('',(-16.744972938,-9.478904125,0.257647585));
#2514=CARTESIAN_POINT('',(-16.840637322,-9.540185103,0.251547998));
#2515=CARTESIAN_POINT('',(-16.940783724,-9.5940755,0.243387062));
#2516=CARTESIAN_POINT('',(-17.04230585,-9.645033632,0.236253059));
#2517=CARTESIAN_POINT('',(-17.143827976,-9.695991764,0.229119056));
#2518=CARTESIAN_POINT('',(-17.246817876,-9.744637611,0.223312007));
#2519=CARTESIAN_POINT('',(-17.353434215,-9.78436206,0.214843149));
#2520=CARTESIAN_POINT('',(-17.566666891,-9.863810956,0.197905432));
#2521=CARTESIAN_POINT('',(-17.784458492,-9.933446572,0.186328628));
#2522=CARTESIAN_POINT('',(-18.008455061,-9.978049098,0.171838705));
#2523=CARTESIAN_POINT('',(-18.904441337,-10.156459206,0.113879013));
#2524=CARTESIAN_POINT('',(-19.862091753,-9.994594783,0.055069174));
#2525=CARTESIAN_POINT('',(-20.650515723,-9.541902133,-0.000075793));
#2526=B_SPLINE_CURVE_WITH_KNOTS('',3,(#2354,#2355,#2356,#2357,#2358,#2359,#2360,#2361,#2362,#2363,#2364,#2365,#2366,#2367,#2368,#2369,#2370,#2371,#2372,#2373,#2374,#2375,#2376,#2377,#2378,#2379,
#2380,#2381,#2382,#2383,#2384,#2385,#2386,#2387,#2388,#2389,#2390,#2391,#2392,#2393,#2394,#2395,#2396,#2397,#2398,#2399,#2400,#2401,#2402,#2403,#2404,
#2405,#2406,#2407,#2408,#2409,#2410,#2411,#2412,#2413,#2414,#2415,#2416,#2417,#2418,#2419,#2420,#2421,#2422,#2423,#2424,#2425,#2426,#2427,#2428,#2429,
#2430,#2431,#2432,#2433,#2434,#2435,#2436,#2437,#2438,#2439,#2440,#2441,#2442,#2443,#2444,#2445,#2446,#2447,#2448,#2449,#2450,#2451,#2452,#2453,#2454,
#2455,#2456,#2457,#2458,#2459,#2460,#2461,#2462,#2463,#2464,#2465,#2466,#2467,#2468,#2469,#2470,#2471,#2472,#2473,#2474,#2475,#2476,#2477,#2478,#2479,
#2480,#2481,#2482,#2483,#2484,#2485,#2486,#2487,#2488,#2489,#2490,#2491,#2492,#2493,#2494,#2495,#2496,#2497,#2498,#2499,#2500,#2501,#2502,#2503,#2504,
#2505,#2506,#2507,#2508,#2509,#2510,#2511,#2512,#2513,#2514,#2515,#2516,#2517,#2518,#2519,#2520,#2521,#2522,#2523,#2524,#2525),.UNSPECIFIED.,.F.,.F.,(4,3,3,3,3,3,3,3,3,3,3,3,3,3,3,3,3,3,3,3,3,3,3,3,3,3,
3,3,3,3,3,3,3,3,3,3,3,3,3,3,3,3,3,3,3,3,3,3,3,3,3,
3,3,3,3,3,3,4),(4.802176942,5.077134627,5.352092312,5.627049996,5.764528839,5.902007681,6.039486524,6.176965366,6.314444208,6.451923051,6.589401893,6.726880736,6.864359578,7.00183842,7.139317263,7.276796105,7.55175379,7.826711475,8.101669159,8.376626844,8.651584529,8.926542214,9.064021056,9.201499899,9.338978741,9.476457583,
9.613936426,9.751415268,9.88889411,10.026372953,10.163851795,10.301330638,10.43880948,10.576288322,10.851246007,10.98872485,11.126203692,11.263682534,11.401161377,11.538640219,11.676119061,11.813597904,11.951076746,12.019816167,12.088555589,12.226034431,12.500992116,12.638470958,12.707210379,12.775949801,12.913428643,
13.050907485,13.119646907,13.188386328,13.222756038,13.257125749,13.32586517,13.600822855),.UNSPECIFIED.);
#2527=EDGE_CURVE('',#1961,#405,#2526,.T.);
#2528=ORIENTED_EDGE('',*,*,#2527,.F.);
#2529=ORIENTED_EDGE('',*,*,#1965,.F.);
#2530=EDGE_LOOP('',(#2180,#2352,#2353,#2528,#2529));
#2531=FACE_BOUND('',#2530,.T.);
#2532=ADVANCED_FACE('',(#2531),#2179,.F.);
#2533=CARTESIAN_POINT('',(-17.498579898,-4.082211034,-0.));
#2534=CARTESIAN_POINT('',(-17.54552316,-4.055023473,0.005176629));
#2535=CARTESIAN_POINT('',(-18.026448513,-3.797256512,0.057224736));
#2536=CARTESIAN_POINT('',(-19.094898319,-3.620579733,0.156144319));
#2537=CARTESIAN_POINT('',(-20.497932176,-4.254782156,0.296758751));
#2538=CARTESIAN_POINT('',(-21.310988082,-5.562940816,0.437373183));
#2539=CARTESIAN_POINT('',(-21.262721677,-7.099644227,0.577987615));
#2540=CARTESIAN_POINT('',(-20.364215415,-8.355832692,0.718602047));
#2541=CARTESIAN_POINT('',(-18.928337823,-8.891162408,0.859216479));
#2542=CARTESIAN_POINT('',(-17.028564277,-8.469621603,1.036286504));
#2543=CARTESIAN_POINT('',(-15.737985657,-6.256144016,1.249812123));
#2544=CARTESIAN_POINT('',(-17.248307377,-3.639901807,1.499793335));
#2545=CARTESIAN_POINT('',(-19.994629858,-3.648556887,1.72894278));
#2546=CARTESIAN_POINT('',(-21.428288848,-5.533147547,1.937260457));
#2547=CARTESIAN_POINT('',(-21.155949937,-7.632661184,2.124746366));
#2548=CARTESIAN_POINT('',(-19.47060538,-8.930965486,2.312232275));
#2549=CARTESIAN_POINT('',(-17.365634973,-8.654288661,2.499718184));
#2550=CARTESIAN_POINT('',(-16.070169281,-6.971917377,2.687204093));
#2551=CARTESIAN_POINT('',(-16.345009537,-4.865375033,2.874690003));
#2552=CARTESIAN_POINT('',(-18.02802787,-3.570580679,3.062175912));
#2553=CARTESIAN_POINT('',(-20.134240822,-3.84459374,3.249661821));
#2554=CARTESIAN_POINT('',(-21.429317178,-5.528002082,3.43714773));
#2555=CARTESIAN_POINT('',(-21.155712538,-7.633497727,3.624633639));
#2556=CARTESIAN_POINT('',(-19.471969278,-8.93007962,3.812119549));
#2557=CARTESIAN_POINT('',(-17.718332436,-8.700109667,3.968357806));
#2558=CARTESIAN_POINT('',(-16.717377318,-7.815051398,4.093348412));
#2559=CARTESIAN_POINT('',(-16.117684426,-6.621416098,4.218339018));
#2560=CARTESIAN_POINT('',(-16.343351918,-4.8667186,4.374577276));
#2561=CARTESIAN_POINT('',(-18.026955587,-3.570975511,4.562063185));
#2562=CARTESIAN_POINT('',(-20.132978098,-3.843831879,4.749549095));
#2563=CARTESIAN_POINT('',(-21.42904013,-5.527034203,4.937035004));
#2564=CARTESIAN_POINT('',(-21.156419036,-7.632445545,5.124520913));
#2565=CARTESIAN_POINT('',(-19.473406642,-8.929514078,5.312006822));
#2566=CARTESIAN_POINT('',(-17.368118368,-8.655349912,5.499492731));
#2567=CARTESIAN_POINT('',(-16.070061794,-6.975811881,5.68697864));
#2568=CARTESIAN_POINT('',(-16.345407229,-4.864668485,5.87446455));
#2569=CARTESIAN_POINT('',(-18.01539562,-3.581296587,6.061186607));
#2570=CARTESIAN_POINT('',(-19.416080863,-3.745884827,6.185413361));
#2571=CARTESIAN_POINT('',(-19.977584947,-4.06321966,6.247144812));
#2572=CARTESIAN_POINT('',(-17.288840123,-3.70357772,-0.249468445));
#2573=CARTESIAN_POINT('',(-17.343982922,-3.671833019,-0.244291816));
#2574=CARTESIAN_POINT('',(-17.908847579,-3.370969163,-0.19224371));
#2575=CARTESIAN_POINT('',(-19.16257068,-3.167012302,-0.093324126));
#2576=CARTESIAN_POINT('',(-20.806247336,-3.915157268,0.047290306));
#2577=CARTESIAN_POINT('',(-21.755879158,-5.451980362,0.187904738));
#2578=CARTESIAN_POINT('',(-21.694568752,-7.254229332,0.32851917));
#2579=CARTESIAN_POINT('',(-20.636871291,-8.72486336,0.469133602));
#2580=CARTESIAN_POINT('',(-18.951096173,-9.348359642,0.609748034));
#2581=CARTESIAN_POINT('',(-16.724143855,-8.848127481,0.786818059));
#2582=CARTESIAN_POINT('',(-15.217195507,-6.247995638,1.000343678));
#2583=CARTESIAN_POINT('',(-16.996648104,-3.184029352,1.25032489));
#2584=CARTESIAN_POINT('',(-20.217778878,-3.202577053,1.479474335));
#2585=CARTESIAN_POINT('',(-21.893551372,-5.417395223,1.687792011));
#2586=CARTESIAN_POINT('',(-21.567707654,-7.879077177,1.875277921));
#2587=CARTESIAN_POINT('',(-19.586998463,-9.396703212,2.06276383));
#2588=CARTESIAN_POINT('',(-17.118929419,-9.065752724,2.250249739));
#2589=CARTESIAN_POINT('',(-15.604623766,-7.088541464,2.437735648));
#2590=CARTESIAN_POINT('',(-15.933424916,-4.618622004,2.625221557));
#2591=CARTESIAN_POINT('',(-17.911393065,-3.105106366,2.812707467));
#2592=CARTESIAN_POINT('',(-20.3809287,-3.432935854,3.000193376));
#2593=CARTESIAN_POINT('',(-21.894773911,-5.411362754,3.187679285));
#2594=CARTESIAN_POINT('',(-21.56742565,-7.880057654,3.375165194));
#2595=CARTESIAN_POINT('',(-19.588601308,-9.395668872,3.562651103));
#2596=CARTESIAN_POINT('',(-17.532467581,-9.120573379,3.718889361));
#2597=CARTESIAN_POINT('',(-16.361155217,-8.079431042,3.843879967));
#2598=CARTESIAN_POINT('',(-15.66142459,-6.677584222,3.968870573));
#2599=CARTESIAN_POINT('',(-15.931477823,-4.620193736,4.125108831));
#2600=CARTESIAN_POINT('',(-17.91013366,-3.10556539,4.31259474));
#2601=CARTESIAN_POINT('',(-20.379450254,-3.432038581,4.500080649));
#2602=CARTESIAN_POINT('',(-21.894451188,-5.410226781,4.687566558));
#2603=CARTESIAN_POINT('',(-21.568258568,-7.878826002,4.875052468));
#2604=CARTESIAN_POINT('',(-19.590288426,-9.395009155,5.062538377));
#2605=CARTESIAN_POINT('',(-17.121839065,-9.067005391,5.250024286));
#2606=CARTESIAN_POINT('',(-15.604485568,-7.093108452,5.437510195));
#2607=CARTESIAN_POINT('',(-15.933893884,-4.617795432,5.624996104));
#2608=CARTESIAN_POINT('',(-17.896544107,-3.11763568,5.811718162));
#2609=CARTESIAN_POINT('',(-19.538901682,-3.314964187,5.935944916));
#2610=CARTESIAN_POINT('',(-20.196518458,-3.688882749,5.997676367));
#2611=CARTESIAN_POINT('',(-17.077545209,-3.325954883,-0.499133819));
#2612=CARTESIAN_POINT('',(-17.140865599,-3.289619368,-0.49395719));
#2613=CARTESIAN_POINT('',(-17.789460088,-2.945312821,-0.441909083));
#2614=CARTESIAN_POINT('',(-19.228284067,-2.71329224,-0.3429895));
#2615=CARTESIAN_POINT('',(-21.113018061,-3.574316922,-0.202375068));
#2616=CARTESIAN_POINT('',(-22.200161986,-5.339151781,-0.061760636));
#2617=CARTESIAN_POINT('',(-22.126946477,-7.406922228,0.078853796));
#2618=CARTESIAN_POINT('',(-20.911022315,-9.092617338,0.219468228));
#2619=CARTESIAN_POINT('',(-18.975801743,-9.8053223,0.36008266));
#2620=CARTESIAN_POINT('',(-16.421433234,-9.227819216,0.537152685));
#2621=CARTESIAN_POINT('',(-14.696526744,-6.242076575,0.750678304));
#2622=CARTESIAN_POINT('',(-16.743116561,-2.729369036,1.000659516));
#2623=CARTESIAN_POINT('',(-20.438954224,-2.755778736,1.229808961));
#2624=CARTESIAN_POINT('',(-22.358179983,-5.299688291,1.438126638));
#2625=CARTESIAN_POINT('',(-21.980393143,-8.12365957,1.625612547));
#2626=CARTESIAN_POINT('',(-19.705347895,-9.861802933,1.813098456));
#2627=CARTESIAN_POINT('',(-16.87405637,-9.478147446,2.000584365));
#2628=CARTESIAN_POINT('',(-15.13971715,-7.207120118,2.188070274));
#2629=CARTESIAN_POINT('',(-15.520909489,-4.373702507,2.375556184));
#2630=CARTESIAN_POINT('',(-17.792803991,-2.640270667,2.563042093));
#2631=CARTESIAN_POINT('',(-20.62578276,-3.02034772,2.750528002));
#2632=CARTESIAN_POINT('',(-22.359592011,-5.292768914,2.938013911));
#2633=CARTESIAN_POINT('',(-21.980068452,-8.12478409,3.12549982));
#2634=CARTESIAN_POINT('',(-19.707188431,-9.860618476,3.312985729));
#2635=CARTESIAN_POINT('',(-17.348455319,-9.541706514,3.469223987));
#2636=CARTESIAN_POINT('',(-16.006170112,-8.345253222,3.594214593));
#2637=CARTESIAN_POINT('',(-15.205544192,-6.735685693,3.719205199));
#2638=CARTESIAN_POINT('',(-15.518672388,-4.375502382,3.875443457));
#2639=CARTESIAN_POINT('',(-17.791358469,-2.640795683,4.062929366));
#2640=CARTESIAN_POINT('',(-20.624087727,-3.019315776,4.250415275));
#2641=CARTESIAN_POINT('',(-22.359223852,-5.29146496,4.437901185));
#2642=CARTESIAN_POINT('',(-21.981025629,-8.123372118,4.625387094));
#2643=CARTESIAN_POINT('',(-19.709125467,-9.859864557,4.812873003));
#2644=CARTESIAN_POINT('',(-16.877392798,-9.47958922,5.000358912));
#2645=CARTESIAN_POINT('',(-15.13955141,-7.212360212,5.187844821));
#2646=CARTESIAN_POINT('',(-15.521448733,-4.37275446,5.37533073));
#2647=CARTESIAN_POINT('',(-17.775746553,-2.654623256,5.562052788));
#2648=CARTESIAN_POINT('',(-19.659844071,-2.883648801,5.686279542));
#2649=CARTESIAN_POINT('',(-20.413786473,-3.313723025,5.748010993));
#2650=CARTESIAN_POINT('',(-16.865897787,-2.948542876,-0.748816372));
#2651=CARTESIAN_POINT('',(-16.937391188,-2.907608913,-0.743639743));
#2652=CARTESIAN_POINT('',(-17.669671995,-2.519781416,-0.691591637));
#2653=CARTESIAN_POINT('',(-19.293565146,-2.259522262,-0.592672053));
#2654=CARTESIAN_POINT('',(-21.419456981,-3.233194848,-0.452057621));
#2655=CARTESIAN_POINT('',(-22.644325584,-5.225904727,-0.311443189));
#2656=CARTESIAN_POINT('',(-22.559457232,-7.559200718,-0.170828757));
#2657=CARTESIAN_POINT('',(-21.185514764,-9.460101053,-0.030214325));
#2658=CARTESIAN_POINT('',(-19.000940205,-10.262249123,0.110400107));
#2659=CARTESIAN_POINT('',(-16.1190913,-9.607787355,0.287470132));
#2660=CARTESIAN_POINT('',(-14.175866414,-6.236652012,0.500995751));
#2661=CARTESIAN_POINT('',(-16.489160699,-2.274961487,0.750976963));
#2662=CARTESIAN_POINT('',(-20.659699462,-2.308783116,0.980126408));
#2663=CARTESIAN_POINT('',(-22.822684499,-5.181543442,1.188444085));
#2664=CARTESIAN_POINT('',(-22.393298919,-8.367843845,1.375929994));
#2665=CARTESIAN_POINT('',(-19.824135652,-10.326777536,1.563415903));
#2666=CARTESIAN_POINT('',(-16.629581183,-9.890763253,1.750901812));
#2667=CARTESIAN_POINT('',(-14.674935859,-7.326136613,1.938387721));
#2668=CARTESIAN_POINT('',(-15.108172937,-4.12918115,2.12587363));
#2669=CARTESIAN_POINT('',(-17.673777141,-2.175560201,2.31335954));
#2670=CARTESIAN_POINT('',(-20.870238612,-2.607538609,2.500845449));
#2671=CARTESIAN_POINT('',(-22.824284877,-5.173737211,2.688331358));
#2672=CARTESIAN_POINT('',(-22.392932103,-8.369112444,2.875817267));
#2673=CARTESIAN_POINT('',(-19.826213555,-10.325442516,3.063303176));
#2674=CARTESIAN_POINT('',(-17.164847508,-9.963003245,3.219541434));
#2675=CARTESIAN_POINT('',(-15.651446868,-8.611404818,3.34453204));
#2676=CARTESIAN_POINT('',(-14.749732058,-6.794218199,3.469522646));
#2677=CARTESIAN_POINT('',(-15.105645538,-4.131209029,3.625760904));
#2678=CARTESIAN_POINT('',(-17.672145784,-2.176151726,3.813246813));
#2679=CARTESIAN_POINT('',(-20.868326759,-2.60637213,4.000732722));
#2680=CARTESIAN_POINT('',(-22.823871435,-5.172265289,4.188218631));
#2681=CARTESIAN_POINT('',(-22.394012924,-8.367519905,4.375704541));
#2682=CARTESIAN_POINT('',(-19.828400615,-10.3245945,4.56319045));
#2683=CARTESIAN_POINT('',(-16.633344511,-9.892393583,4.750676359));
#2684=CARTESIAN_POINT('',(-14.674743305,-7.332050051,4.938162268));
#2685=CARTESIAN_POINT('',(-15.108782198,-4.128111171,5.125648177));
#2686=CARTESIAN_POINT('',(-17.654512945,-2.191738419,5.312370235));
#2687=CARTESIAN_POINT('',(-19.780374011,-2.452230621,5.436596989));
#2688=CARTESIAN_POINT('',(-20.630692697,-2.938367495,5.49832844));
#2689=B_SPLINE_SURFACE_WITH_KNOTS('',3,3,((#2533,#2534,#2535,#2536,#2537,#2538,#2539,#2540,#2541,#2542,#2543,#2544,#2545,#2546,#2547,#2548,#2549,#2550,#2551,#2552,#2553,#2554,#2555,#2556,#2557,#2558,
#2559,#2560,#2561,#2562,#2563,#2564,#2565,#2566,#2567,#2568,#2569,#2570,#2571),(#2572,#2573,#2574,#2575,#2576,#2577,#2578,#2579,#2580,#2581,#2582,#2583,#2584,#2585,#2586,#2587,#2588,#2589,#2590,#2591,#2592,#2593,#2594,#2595,#2596,#2597,
#2598,#2599,#2600,#2601,#2602,#2603,#2604,#2605,#2606,#2607,#2608,#2609,#2610),(#2611,#2612,#2613,#2614,#2615,#2616,#2617,#2618,#2619,#2620,#2621,#2622,#2623,#2624,#2625,#2626,#2627,#2628,#2629,#2630,#2631,#2632,#2633,#2634,#2635,#2636,
#2637,#2638,#2639,#2640,#2641,#2642,#2643,#2644,#2645,#2646,#2647,#2648,#2649),(#2650,#2651,#2652,#2653,#2654,#2655,#2656,#2657,#2658,#2659,#2660,#2661,#2662,#2663,#2664,#2665,#2666,#2667,#2668,#2669,#2670,#2671,#2672,#2673,#2674,#2675,
#2676,#2677,#2678,#2679,#2680,#2681,#2682,#2683,#2684,#2685,#2686,#2687,#2688)),.UNSPECIFIED.,.F.,.F.,.U.,(4,4),(4,1,1,1,1,1,1,1,1,1,1,1,1,1,1,1,1,1,1,1,1,1,1,1,1,1,
1,1,1,1,1,1,1,1,1,1,4),(0.170679769,0.320537433),(7.339034499,7.40408594,7.993090295,8.58209465,9.171099005,9.76010336,10.349107715,10.93811207,11.527116425,12.574235278,13.621354131,14.668472984,15.453812124,16.239151264,17.024490404,17.809829544,18.595168684,19.380507824,20.165846964,20.951186104,21.736525244,22.521864384,23.307203524,24.092542664,24.485212234,24.877881804,
25.663220944,26.448560083,27.233899223,28.019238363,28.804577503,29.589916643,30.375255783,31.160594923,31.945934063,32.731273203,33.507013496),.UNSPECIFIED.);
#2690=ORIENTED_EDGE('',*,*,#2008,.T.);
#2691=ORIENTED_EDGE('',*,*,#2527,.T.);
#2692=ORIENTED_EDGE('',*,*,#458,.T.);
#2693=ORIENTED_EDGE('',*,*,#2351,.F.);
#2694=EDGE_LOOP('',(#2690,#2691,#2692,#2693));
#2695=FACE_BOUND('',#2694,.T.);
#2696=ADVANCED_FACE('',(#2695),#2689,.F.);
#2697=CARTESIAN_POINT('',(16.849425811,-9.542001671,-0.000009183));
#2698=CARTESIAN_POINT('',(16.920755941,-9.583316794,0.005170507));
#2699=CARTESIAN_POINT('',(17.651140689,-9.974808029,0.057221674));
#2700=CARTESIAN_POINT('',(19.273774899,-10.243125885,0.156144319));
#2701=CARTESIAN_POINT('',(21.404465367,-9.279999483,0.296758751));
#2702=CARTESIAN_POINT('',(22.639203027,-7.293396693,0.437373183));
#2703=CARTESIAN_POINT('',(22.565897406,-4.959692584,0.577987615));
#2704=CARTESIAN_POINT('',(21.201405867,-3.052028393,0.718602046));
#2705=CARTESIAN_POINT('',(19.020824041,-2.239026245,0.859216478));
#2706=CARTESIAN_POINT('',(16.135773874,-2.879226404,1.036286504));
#2707=CARTESIAN_POINT('',(14.175874508,-6.240666285,1.249812122));
#2708=CARTESIAN_POINT('',(16.469455612,-10.213765558,1.499793335));
#2709=CARTESIAN_POINT('',(20.640151014,-10.200660567,1.728942779));
#2710=CARTESIAN_POINT('',(22.817326274,-7.338627485,1.937260456));
#2711=CARTESIAN_POINT('',(22.403766041,-4.150248476,2.124746365));
#2712=CARTESIAN_POINT('',(19.844329476,-2.178597545,2.312232275));
#2713=CARTESIAN_POINT('',(16.647660408,-2.598767942,2.499718184));
#2714=CARTESIAN_POINT('',(14.680319987,-5.153673144,2.687204093));
#2715=CARTESIAN_POINT('',(15.097703243,-8.352736448,2.874690002));
#2716=CARTESIAN_POINT('',(17.653588949,-10.319054317,3.062175911));
#2717=CARTESIAN_POINT('',(20.8521542,-9.902928809,3.24966182));
#2718=CARTESIAN_POINT('',(22.818897616,-7.346449335,3.43714773));
#2719=CARTESIAN_POINT('',(22.403396702,-4.148976202,3.624633639));
#2720=CARTESIAN_POINT('',(19.846400295,-2.179939956,3.812119548));
#2721=CARTESIAN_POINT('',(17.183287153,-2.529191287,3.968357806));
#2722=CARTESIAN_POINT('',(15.663180887,-3.873254604,4.093348412));
#2723=CARTESIAN_POINT('',(14.752492776,-5.685958886,4.218339018));
#2724=CARTESIAN_POINT('',(15.095175203,-8.350703042,4.374577276));
#2725=CARTESIAN_POINT('',(17.651966987,-10.318449542,4.562063185));
#2726=CARTESIAN_POINT('',(20.85023482,-9.904085173,4.749549094));
#2727=CARTESIAN_POINT('',(22.818471621,-7.347920551,4.937035003));
#2728=CARTESIAN_POINT('',(22.404476811,-4.150572103,5.124520912));
#2729=CARTESIAN_POINT('',(19.84858434,-2.180802705,5.312006822));
#2730=CARTESIAN_POINT('',(16.651430778,-2.597156163,5.499492731));
#2731=CARTESIAN_POINT('',(14.680158159,-5.147757775,5.68697864));
#2732=CARTESIAN_POINT('',(15.098306108,-8.353814499,5.874464549));
#2733=CARTESIAN_POINT('',(17.644774541,-10.310748228,6.061950458));
#2734=CARTESIAN_POINT('',(19.790497294,-10.049366126,6.18710304));
#2735=CARTESIAN_POINT('',(20.650268397,-9.550289442,6.249760318));
#2736=CARTESIAN_POINT('',(20.652489553,-9.548996824,6.249922293));
#2737=CARTESIAN_POINT('',(17.068578174,-9.168897587,-0.249691735));
#2738=CARTESIAN_POINT('',(17.131824109,-9.205448924,-0.244512046));
#2739=CARTESIAN_POINT('',(17.779403808,-9.551753259,-0.192460878));
#2740=CARTESIAN_POINT('',(19.217563463,-9.788143099,-0.093538234));
#2741=CARTESIAN_POINT('',(21.104896108,-8.93282956,0.047076198));
#2742=CARTESIAN_POINT('',(22.197387892,-7.171306517,0.18769063));
#2743=CARTESIAN_POINT('',(22.130433925,-5.103309309,0.328305062));
#2744=CARTESIAN_POINT('',(20.919632915,-3.413958852,0.468919494));
#2745=CARTESIAN_POINT('',(18.986571377,-2.695361943,0.609533925));
#2746=CARTESIAN_POINT('',(16.430472068,-3.265152783,0.786603951));
#2747=CARTESIAN_POINT('',(14.696536534,-6.245633963,1.00012957));
#2748=CARTESIAN_POINT('',(16.732433676,-9.764519763,1.250110782));
#2749=CARTESIAN_POINT('',(20.428369135,-9.749344375,1.479260226));
#2750=CARTESIAN_POINT('',(22.355274697,-7.211237005,1.687577903));
#2751=CARTESIAN_POINT('',(21.986065895,-4.386142176,1.875063812));
#2752=CARTESIAN_POINT('',(19.716286524,-2.641108933,2.062549722));
#2753=CARTESIAN_POINT('',(16.883850759,-3.016180971,2.250035631));
#2754=CARTESIAN_POINT('',(15.142633671,-5.28194249,2.43752154));
#2755=CARTESIAN_POINT('',(15.515237767,-8.116501552,2.625007449));
#2756=CARTESIAN_POINT('',(17.781867369,-9.856812101,2.812493358));
#2757=CARTESIAN_POINT('',(20.615986099,-9.485322692,2.999979268));
#2758=CARTESIAN_POINT('',(22.356673299,-7.21816687,3.187465177));
#2759=CARTESIAN_POINT('',(21.98573824,-4.385014935,3.374951086));
#2760=CARTESIAN_POINT('',(19.718122525,-2.642297197,3.562436995));
#2761=CARTESIAN_POINT('',(17.358447785,-2.954065994,3.718675253));
#2762=CARTESIAN_POINT('',(16.01252244,-4.146434327,3.843665859));
#2763=CARTESIAN_POINT('',(15.207046517,-5.75357647,3.968656465));
#2764=CARTESIAN_POINT('',(15.512994977,-8.114702591,4.124894723));
#2765=CARTESIAN_POINT('',(17.780429796,-9.856276913,4.312380632));
#2766=CARTESIAN_POINT('',(20.614286015,-9.486349222,4.499866541));
#2767=CARTESIAN_POINT('',(22.356297594,-7.219470965,4.68735245));
#2768=CARTESIAN_POINT('',(21.986696038,-4.38642859,4.874838359));
#2769=CARTESIAN_POINT('',(19.720058959,-2.643059245,5.062324269));
#2770=CARTESIAN_POINT('',(16.887190526,-3.014749697,5.249810178));
#2771=CARTESIAN_POINT('',(15.142485306,-5.276700186,5.437296087));
#2772=CARTESIAN_POINT('',(15.515772783,-8.117457085,5.624781996));
#2773=CARTESIAN_POINT('',(17.77404901,-9.849458501,5.812267905));
#2774=CARTESIAN_POINT('',(19.675302322,-9.615997439,5.937420487));
#2775=CARTESIAN_POINT('',(20.43678,-9.172996406,6.000077765));
#2776=CARTESIAN_POINT('',(20.438747219,-9.171849029,6.00023974));
#2777=CARTESIAN_POINT('',(17.288090369,-8.795991561,-0.499357109));
#2778=CARTESIAN_POINT('',(17.343256414,-8.827771315,-0.494177419));
#2779=CARTESIAN_POINT('',(17.908071744,-9.128808976,-0.442126252));
#2780=CARTESIAN_POINT('',(19.161782257,-9.333094919,-0.343203608));
#2781=CARTESIAN_POINT('',(20.805648326,-8.585366192,-0.202589176));
#2782=CARTESIAN_POINT('',(21.755676893,-7.048793869,-0.061974744));
#2783=CARTESIAN_POINT('',(21.694822634,-5.246516677,0.078639688));
#2784=CARTESIAN_POINT('',(20.637509063,-3.775631473,0.21925412));
#2785=CARTESIAN_POINT('',(18.951884832,-3.151677364,0.359868552));
#2786=CARTESIAN_POINT('',(16.724811694,-3.651368612,0.536938577));
#2787=CARTESIAN_POINT('',(15.21720791,-6.251096099,0.750464196));
#2788=CARTESIAN_POINT('',(16.995844817,-9.315511354,1.000445408));
#2789=CARTESIAN_POINT('',(20.217010036,-9.297815574,1.229594853));
#2790=CARTESIAN_POINT('',(21.893331386,-7.083404473,1.437912529));
#2791=CARTESIAN_POINT('',(21.568131351,-4.621645879,1.625398439));
#2792=CARTESIAN_POINT('',(19.587801035,-3.103511037,1.812884348));
#2793=CARTESIAN_POINT('',(17.119651451,-3.433829199,2.000370257));
#2794=CARTESIAN_POINT('',(15.604837817,-5.410653891,2.187856166));
#2795=CARTESIAN_POINT('',(15.933007556,-7.880656596,2.375342075));
#2796=CARTESIAN_POINT('',(17.910587764,-9.394679331,2.562827985));
#2797=CARTESIAN_POINT('',(20.380208019,-9.067481457,2.750313894));
#2798=CARTESIAN_POINT('',(21.894558416,-7.08944234,2.937799803));
#2799=CARTESIAN_POINT('',(21.567844809,-4.620663771,3.125285712));
#2800=CARTESIAN_POINT('',(19.589402507,-3.104544675,3.312771621));
#2801=CARTESIAN_POINT('',(17.533210162,-3.379118693,3.469009879));
#2802=CARTESIAN_POINT('',(16.36161411,-4.419952632,3.594000485));
#2803=CARTESIAN_POINT('',(15.661547496,-5.821627315,3.718991091));
#2804=CARTESIAN_POINT('',(15.931050274,-7.879091873,3.875229349));
#2805=CARTESIAN_POINT('',(17.909334346,-9.394214284,4.062715258));
#2806=CARTESIAN_POINT('',(20.378727464,-9.068378268,4.250201167));
#2807=CARTESIAN_POINT('',(21.894232838,-7.090579362,4.437687076));
#2808=CARTESIAN_POINT('',(21.568680901,-4.621894865,4.625172986));
#2809=CARTESIAN_POINT('',(19.591091257,-3.105206157,4.812658895));
#2810=CARTESIAN_POINT('',(17.122560464,-3.432577874,5.000144804));
#2811=CARTESIAN_POINT('',(15.604702217,-5.40608493,5.187630713));
#2812=CARTESIAN_POINT('',(15.933474931,-7.88148912,5.375116622));
#2813=CARTESIAN_POINT('',(17.90376469,-9.388279499,5.562602532));
#2814=CARTESIAN_POINT('',(19.560515407,-9.18250812,5.687755113));
#2815=CARTESIAN_POINT('',(20.223643824,-8.795490878,5.750412391));
#2816=CARTESIAN_POINT('',(20.225356962,-8.794488507,5.750574366));
#2817=CARTESIAN_POINT('',(17.509259419,-8.423918757,-0.748825554));
#2818=CARTESIAN_POINT('',(17.556363692,-8.450891022,-0.743645865));
#2819=CARTESIAN_POINT('',(18.038584808,-8.706295246,-0.691594697));
#2820=CARTESIAN_POINT('',(19.107931298,-8.877679422,-0.592672053));
#2821=CARTESIAN_POINT('',(20.507801796,-8.236524779,-0.452057621));
#2822=CARTESIAN_POINT('',(21.314364823,-6.924357517,-0.311443189));
#2823=CARTESIAN_POINT('',(21.258475662,-5.387901767,-0.170828757));
#2824=CARTESIAN_POINT('',(20.353758641,-4.136199736,-0.030214325));
#2825=CARTESIAN_POINT('',(18.915237124,-3.607973967,0.110400106));
#2826=CARTESIAN_POINT('',(17.017582356,-4.038951264,0.287470132));
#2827=CARTESIAN_POINT('',(15.738004091,-6.258787304,0.500995751));
#2828=CARTESIAN_POINT('',(17.261250172,-8.867501655,0.750976963));
#2829=CARTESIAN_POINT('',(20.007522595,-8.845256032,0.980126407));
#2830=CARTESIAN_POINT('',(21.431802902,-6.953559515,1.188444084));
#2831=CARTESIAN_POINT('',(21.149072938,-4.855429163,1.375929993));
#2832=CARTESIAN_POINT('',(19.457300849,-3.565494403,1.563415903));
#2833=CARTESIAN_POINT('',(17.353733248,-3.852604086,1.750901812));
#2834=CARTESIAN_POINT('',(16.066622074,-5.541378295,1.938387721));
#2835=CARTESIAN_POINT('',(16.351904299,-7.64653155,2.12587363));
#2836=CARTESIAN_POINT('',(18.041320812,-8.932966194,2.313359539));
#2837=CARTESIAN_POINT('',(20.146150215,-8.648513794,2.500845449));
#2838=CARTESIAN_POINT('',(21.432863134,-6.958704909,2.688331358));
#2839=CARTESIAN_POINT('',(21.148825583,-4.854592603,2.875817267));
#2840=CARTESIAN_POINT('',(19.458668822,-3.566371592,3.063303176));
#2841=CARTESIAN_POINT('',(17.706205044,-3.805040636,3.219541434));
#2842=CARTESIAN_POINT('',(16.709635064,-4.695040824,3.34453204));
#2843=CARTESIAN_POINT('',(16.115884115,-5.891641636,3.469522646));
#2844=CARTESIAN_POINT('',(16.350232999,-7.645200848,3.625760904));
#2845=CARTESIAN_POINT('',(18.040250809,-8.932573257,3.813246813));
#2846=CARTESIAN_POINT('',(20.144890119,-8.649281502,4.000732722));
#2847=CARTESIAN_POINT('',(21.432587429,-6.959675064,4.188218631));
#2848=CARTESIAN_POINT('',(21.149542022,-4.855639944,4.37570454));
#2849=CARTESIAN_POINT('',(19.460109786,-3.566932563,4.56319045));
#2850=CARTESIAN_POINT('',(17.356210695,-3.851530454,4.750676359));
#2851=CARTESIAN_POINT('',(16.066496201,-5.537483678,4.938162268));
#2852=CARTESIAN_POINT('',(16.352304793,-7.647239456,5.125648177));
#2853=CARTESIAN_POINT('',(18.035489592,-8.927525586,5.313134086));
#2854=CARTESIAN_POINT('',(19.447549552,-8.748405728,5.438286668));
#2855=CARTESIAN_POINT('',(20.012061382,-8.416967294,5.500943946));
#2856=CARTESIAN_POINT('',(20.013519746,-8.41610888,5.501105921));
#2857=B_SPLINE_SURFACE_WITH_KNOTS('',3,3,((#2697,#2698,#2699,#2700,#2701,#2702,#2703,#2704,#2705,#2706,#2707,#2708,#2709,#2710,#2711,#2712,#2713,#2714,#2715,#2716,#2717,#2718,#2719,#2720,#2721,#2722,
#2723,#2724,#2725,#2726,#2727,#2728,#2729,#2730,#2731,#2732,#2733,#2734,#2735,#2736),(#2737,#2738,#2739,#2740,#2741,#2742,#2743,#2744,#2745,#2746,#2747,#2748,#2749,#2750,#2751,#2752,#2753,#2754,#2755,#2756,#2757,#2758,#2759,#2760,#2761,#2762,
#2763,#2764,#2765,#2766,#2767,#2768,#2769,#2770,#2771,#2772,#2773,#2774,#2775,#2776),(#2777,#2778,#2779,#2780,#2781,#2782,#2783,#2784,#2785,#2786,#2787,#2788,#2789,#2790,#2791,#2792,#2793,#2794,#2795,#2796,#2797,#2798,#2799,#2800,#2801,#2802,
#2803,#2804,#2805,#2806,#2807,#2808,#2809,#2810,#2811,#2812,#2813,#2814,#2815,#2816),(#2817,#2818,#2819,#2820,#2821,#2822,#2823,#2824,#2825,#2826,#2827,#2828,#2829,#2830,#2831,#2832,#2833,#2834,#2835,#2836,#2837,#2838,#2839,#2840,#2841,#2842,
#2843,#2844,#2845,#2846,#2847,#2848,#2849,#2850,#2851,#2852,#2853,#2854,#2855,#2856)),.UNSPECIFIED.,.F.,.F.,.U.,(4,4),(4,1,1,1,1,1,1,1,1,1,1,1,1,1,1,1,1,1,1,1,1,1,1,1,1,1,
1,1,1,1,1,1,1,1,1,1,1,4),(-0.043409303,0.10644836),(10.468243376,10.533333278,11.122337633,11.711341988,12.300346343,12.889350698,13.478355053,14.067359408,14.656363763,15.703482616,16.750601469,17.797720323,18.583059463,19.368398603,20.153737742,20.939076882,21.724416022,22.509755162,23.295094302,24.080433442,24.865772582,25.651111722,26.436450862,27.221790002,27.614459572,28.007129142,
28.792468282,29.577807422,30.363146562,31.148485702,31.933824842,32.719163981,33.504503121,34.289842261,35.075181401,35.860520541,36.645859681,36.647895121),.UNSPECIFIED.);
#2858=ORIENTED_EDGE('',*,*,#1850,.T.);
#2859=CARTESIAN_POINT('',(20.013519746,-8.416108881,5.501105921));
#2860=CARTESIAN_POINT('',(19.494978011,-8.71894057,5.442440429));
#2861=CARTESIAN_POINT('',(18.86087686,-8.820720992,5.386189954));
#2862=CARTESIAN_POINT('',(18.271793661,-8.707653636,5.329519768));
#2863=CARTESIAN_POINT('',(17.682710461,-8.594586279,5.272849583));
#2864=CARTESIAN_POINT('',(17.13920283,-8.255158616,5.21460046));
#2865=CARTESIAN_POINT('',(16.769774221,-7.781771163,5.157181773));
#2866=CARTESIAN_POINT('',(16.400345613,-7.308383711,5.099763086));
#2867=CARTESIAN_POINT('',(16.217881542,-6.695643819,5.042815822));
#2868=CARTESIAN_POINT('',(16.252164948,-6.095912295,4.985359226));
#2869=CARTESIAN_POINT('',(16.269306651,-5.796046533,4.956630928));
#2870=CARTESIAN_POINT('',(16.341256454,-5.500135574,4.928096889));
#2871=CARTESIAN_POINT('',(16.465258469,-5.22657691,4.899435513));
#2872=CARTESIAN_POINT('',(16.589260484,-4.953018245,4.870774137));
#2873=CARTESIAN_POINT('',(16.763061227,-4.70128155,4.842099657));
#2874=CARTESIAN_POINT('',(16.974300692,-4.487294013,4.813434407));
#2875=CARTESIAN_POINT('',(17.185540157,-4.273306476,4.784769158));
#2876=CARTESIAN_POINT('',(17.434430943,-4.097526711,4.756270761));
#2877=CARTESIAN_POINT('',(17.707651514,-3.973635216,4.727653303));
#2878=CARTESIAN_POINT('',(17.980872085,-3.849743721,4.699035845));
#2879=CARTESIAN_POINT('',(18.277343544,-3.77586272,4.670295869));
#2880=CARTESIAN_POINT('',(18.577337165,-3.754540066,4.641569891));
#2881=CARTESIAN_POINT('',(18.877330786,-3.733217413,4.612843914));
#2882=CARTESIAN_POINT('',(19.180859941,-3.764474786,4.584198897));
#2883=CARTESIAN_POINT('',(19.468090788,-3.850944203,4.555537926));
#2884=CARTESIAN_POINT('',(19.755321635,-3.93741362,4.526876956));
#2885=CARTESIAN_POINT('',(20.0265325,-4.077885941,4.498243573));
#2886=CARTESIAN_POINT('',(20.265853533,-4.260166789,4.469619137));
#2887=CARTESIAN_POINT('',(20.505174567,-4.442447637,4.440994702));
#2888=CARTESIAN_POINT('',(20.71258803,-4.666563073,4.412363028));
#2889=CARTESIAN_POINT('',(20.872196708,-4.920328678,4.383712872));
#2890=CARTESIAN_POINT('',(21.031805385,-5.174094282,4.355062715));
#2891=CARTESIAN_POINT('',(21.14258357,-5.458080081,4.326373961));
#2892=CARTESIAN_POINT('',(21.201734871,-5.752907925,4.29772049));
#2893=CARTESIAN_POINT('',(21.260886173,-6.047735768,4.26906702));
#2894=CARTESIAN_POINT('',(21.268383309,-6.353403533,4.240395354));
#2895=CARTESIAN_POINT('',(21.221485609,-6.649932035,4.211725105));
#2896=CARTESIAN_POINT('',(21.174587909,-6.946460537,4.183054855));
#2897=CARTESIAN_POINT('',(21.071488495,-7.23326642,4.154571884));
#2898=CARTESIAN_POINT('',(20.92142288,-7.493630292,4.126074448));
#2899=CARTESIAN_POINT('',(20.771357265,-7.753994163,4.097577012));
#2900=CARTESIAN_POINT('',(20.574714308,-7.987905705,4.068753177));
#2901=CARTESIAN_POINT('',(20.343886025,-8.180000035,4.03994191));
#2902=CARTESIAN_POINT('',(20.113057743,-8.372094365,4.011130643));
#2903=CARTESIAN_POINT('',(19.847140298,-8.520797961,3.982536957));
#2904=CARTESIAN_POINT('',(19.562517537,-8.617082358,3.953876222));
#2905=CARTESIAN_POINT('',(18.993272014,-8.809651151,3.896554752));
#2906=CARTESIAN_POINT('',(18.354074598,-8.796289317,3.839426738));
#2907=CARTESIAN_POINT('',(17.799770854,-8.566087186,3.782096997));
#2908=CARTESIAN_POINT('',(17.245467109,-8.335885055,3.724767257));
#2909=CARTESIAN_POINT('',(16.772613328,-7.902440767,3.667374378));
#2910=CARTESIAN_POINT('',(16.507433058,-7.364266964,3.610058777));
#2911=CARTESIAN_POINT('',(16.242252789,-6.826093161,3.552743177));
#2912=CARTESIAN_POINT('',(16.176080138,-6.188309218,3.495806647));
#2913=CARTESIAN_POINT('',(16.329473203,-5.608612273,3.438305175));
#2914=CARTESIAN_POINT('',(16.482866268,-5.028915328,3.380803703));
#2915=CARTESIAN_POINT('',(16.85652249,-4.507264434,3.323323481));
#2916=CARTESIAN_POINT('',(17.353719233,-4.171517103,3.266327197));
#2917=CARTESIAN_POINT('',(17.850915977,-3.835769772,3.209330912));
#2918=CARTESIAN_POINT('',(18.475418345,-3.69312274,3.151675313));
#2919=CARTESIAN_POINT('',(19.071171068,-3.767328718,3.094340637));
#2920=CARTESIAN_POINT('',(19.66692379,-3.841534695,3.037005962));
#2921=CARTESIAN_POINT('',(20.228995583,-4.146840357,2.979728317));
#2922=CARTESIAN_POINT('',(20.628059962,-4.595934797,2.922442509));
#2923=CARTESIAN_POINT('',(20.827592151,-4.820482017,2.893799605));
#2924=CARTESIAN_POINT('',(20.985073914,-5.081100159,2.865152083));
#2925=CARTESIAN_POINT('',(21.090311797,-5.362347593,2.836497603));
#2926=CARTESIAN_POINT('',(21.19554968,-5.643595027,2.807843123));
#2927=CARTESIAN_POINT('',(21.250321207,-5.94445863,2.77917902));
#2928=CARTESIAN_POINT('',(21.251958946,-6.245089365,2.750525687));
#2929=CARTESIAN_POINT('',(21.253596685,-6.545720101,2.721872355));
#2930=CARTESIAN_POINT('',(21.201374077,-6.845901672,2.693284304));
#2931=CARTESIAN_POINT('',(21.095271445,-7.126489444,2.664635616));
#2932=CARTESIAN_POINT('',(20.989168812,-7.407077217,2.635986928));
#2933=CARTESIAN_POINT('',(20.831347096,-7.66867613,2.607280699));
#2934=CARTESIAN_POINT('',(20.633973487,-7.895591774,2.578629831));
#2935=CARTESIAN_POINT('',(20.436599878,-8.122507418,2.549978963));
#2936=CARTESIAN_POINT('',(20.199486815,-8.314549524,2.521318099));
#2937=CARTESIAN_POINT('',(19.935044629,-8.456018954,2.492664965));
#2938=CARTESIAN_POINT('',(19.670602443,-8.597488384,2.46401183));
#2939=CARTESIAN_POINT('',(19.379500738,-8.689534696,2.435428288));
#2940=CARTESIAN_POINT('',(19.081418595,-8.729447513,2.406828604));
#2941=CARTESIAN_POINT('',(18.783336451,-8.76936033,2.37822892));
#2942=CARTESIAN_POINT('',(18.478273438,-8.757109662,2.349593557));
#2943=CARTESIAN_POINT('',(18.185946233,-8.68998347,2.320915885));
#2944=CARTESIAN_POINT('',(17.893619027,-8.622857278,2.292238212));
#2945=CARTESIAN_POINT('',(17.614324028,-8.499681048,2.263464113));
#2946=CARTESIAN_POINT('',(17.364041218,-8.332427781,2.234780047));
#2947=CARTESIAN_POINT('',(17.113758408,-8.165174514,2.20609598));
#2948=CARTESIAN_POINT('',(16.892588628,-7.953772864,2.177401096));
#2949=CARTESIAN_POINT('',(16.71660659,-7.710757388,2.148763731));
#2950=CARTESIAN_POINT('',(16.540624551,-7.467741911,2.120126366));
#2951=CARTESIAN_POINT('',(16.411594559,-7.19225712,2.09164366));
#2952=CARTESIAN_POINT('',(16.334470214,-6.902268259,2.062987397));
#2953=CARTESIAN_POINT('',(16.25734587,-6.612279398,2.034331133));
#2954=CARTESIAN_POINT('',(16.231034683,-6.30818347,2.0057184));
#2955=CARTESIAN_POINT('',(16.258565511,-6.009144805,1.977063503));
#2956=CARTESIAN_POINT('',(16.286096339,-5.710106141,1.948408607));
#2957=CARTESIAN_POINT('',(16.369787314,-5.416640935,1.919620916));
#2958=CARTESIAN_POINT('',(16.503516537,-5.146903882,1.891044849));
#2959=CARTESIAN_POINT('',(16.637245761,-4.87716683,1.862468781));
#2960=CARTESIAN_POINT('',(16.818757495,-4.630395249,1.834504632));
#2961=CARTESIAN_POINT('',(17.036805198,-4.423683859,1.806101596));
#2962=CARTESIAN_POINT('',(17.254852901,-4.216972469,1.777698559));
#2963=CARTESIAN_POINT('',(17.509700388,-4.051455887,1.748937866));
#2964=CARTESIAN_POINT('',(17.787235548,-3.938750728,1.719470139));
#2965=CARTESIAN_POINT('',(18.064770708,-3.826045568,1.690002412));
#2966=CARTESIAN_POINT('',(18.363491819,-3.759956653,1.662259059));
#2967=CARTESIAN_POINT('',(18.665103992,-3.749411794,1.63312979));
#2968=CARTESIAN_POINT('',(18.966716165,-3.738866934,1.60400052));
#2969=CARTESIAN_POINT('',(19.269743012,-3.783075014,1.574423593));
#2970=CARTESIAN_POINT('',(19.55372053,-3.877536972,1.547437805));
#2971=CARTESIAN_POINT('',(19.837698047,-3.971998929,1.520452017));
#2972=CARTESIAN_POINT('',(20.102281375,-4.118072291,1.49366094));
#2973=CARTESIAN_POINT('',(20.33249274,-4.309407707,1.46343238));
#2974=CARTESIAN_POINT('',(20.562704106,-4.500743123,1.433203821));
#2975=CARTESIAN_POINT('',(20.764443497,-4.73199883,1.404440534));
#2976=CARTESIAN_POINT('',(20.916620313,-4.994235019,1.375475762));
#2977=CARTESIAN_POINT('',(21.068797129,-5.256471208,1.346510989));
#2978=CARTESIAN_POINT('',(21.169608705,-5.546922126,1.317518966));
#2979=CARTESIAN_POINT('',(21.221019754,-5.842281372,1.290744389));
#2980=CARTESIAN_POINT('',(21.272430803,-6.137640618,1.263969813));
#2981=CARTESIAN_POINT('',(21.267191552,-6.439765056,1.234497487));
#2982=CARTESIAN_POINT('',(21.207469863,-6.732759729,1.20427032));
#2983=CARTESIAN_POINT('',(21.147748175,-7.025754402,1.174043153));
#2984=CARTESIAN_POINT('',(21.036475377,-7.31110111,1.146415419));
#2985=CARTESIAN_POINT('',(20.877238088,-7.56797401,1.117605553));
#2986=CARTESIAN_POINT('',(20.7180008,-7.82484691,1.088795687));
#2987=CARTESIAN_POINT('',(20.5135197,-8.053717847,1.060020774));
#2988=CARTESIAN_POINT('',(20.276173831,-8.237773561,1.031428319));
#2989=CARTESIAN_POINT('',(20.038827962,-8.421829274,1.002835863));
#2990=CARTESIAN_POINT('',(19.767556958,-8.559882243,0.975009519));
#2991=CARTESIAN_POINT('',(19.479372823,-8.645435014,0.947079255));
#2992=CARTESIAN_POINT('',(19.191188688,-8.730987785,0.91914899));
#2993=CARTESIAN_POINT('',(18.886925273,-8.764848558,0.890872761));
#2994=CARTESIAN_POINT('',(18.587078139,-8.74537386,0.861257126));
#2995=CARTESIAN_POINT('',(18.437154571,-8.735636511,0.846449309));
#2996=CARTESIAN_POINT('',(18.288210683,-8.713165642,0.831638886));
#2997=CARTESIAN_POINT('',(18.142452298,-8.677542351,0.816670335));
#2998=CARTESIAN_POINT('',(17.996693913,-8.64191906,0.801701785));
#2999=CARTESIAN_POINT('',(17.853140023,-8.595789021,0.788218786));
#3000=CARTESIAN_POINT('',(17.716068534,-8.53449345,0.773517343));
#3001=CARTESIAN_POINT('',(17.441925557,-8.411902307,0.744114456));
#3002=CARTESIAN_POINT('',(17.193324923,-8.235232214,0.715308851));
#3003=CARTESIAN_POINT('',(16.981920343,-8.021625573,0.687853017));
#3004=CARTESIAN_POINT('',(16.559111182,-7.594412289,0.632941349));
#3005=CARTESIAN_POINT('',(16.287604963,-7.015242649,0.575642347));
#3006=CARTESIAN_POINT('',(16.247568988,-6.414916441,0.515834336));
#3007=CARTESIAN_POINT('',(16.207533013,-5.814590233,0.456026324));
#3008=CARTESIAN_POINT('',(16.401112328,-5.2051574,0.404104988));
#3009=CARTESIAN_POINT('',(16.765467285,-4.727685905,0.346031392));
#3010=CARTESIAN_POINT('',(16.856556024,-4.608318031,0.331512993));
#3011=CARTESIAN_POINT('',(16.95810997,-4.497029662,0.316732484));
#3012=CARTESIAN_POINT('',(17.068902504,-4.395889951,0.301720779));
#3013=CARTESIAN_POINT('',(17.179695037,-4.294750239,0.286709074));
#3014=CARTESIAN_POINT('',(17.297328561,-4.199961045,0.27404599));
#3015=CARTESIAN_POINT('',(17.426032748,-4.122314152,0.257951841));
#3016=CARTESIAN_POINT('',(17.490384841,-4.083490706,0.249904767));
#3017=CARTESIAN_POINT('',(17.555154773,-4.045082038,0.243636738));
#3018=CARTESIAN_POINT('',(17.622431454,-4.011381227,0.236379755));
#3019=CARTESIAN_POINT('',(17.689708135,-3.977680416,0.229122772));
#3020=CARTESIAN_POINT('',(17.758786028,-3.94772636,0.221541872));
#3021=CARTESIAN_POINT('',(17.828594536,-3.919628178,0.214822825));
#3022=CARTESIAN_POINT('',(17.968211553,-3.863431814,0.201384731));
#3023=CARTESIAN_POINT('',(18.113894133,-3.82327632,0.186110387));
#3024=CARTESIAN_POINT('',(18.261329375,-3.794590155,0.171871217));
#3025=CARTESIAN_POINT('',(18.85107034,-3.679845496,0.114914538));
#3026=CARTESIAN_POINT('',(19.481091457,-3.780878275,0.059215127));
#3027=CARTESIAN_POINT('',(20.001443073,-4.082381559,0.000052736));
#3028=B_SPLINE_CURVE_WITH_KNOTS('',3,(#2859,#2860,#2861,#2862,#2863,#2864,#2865,#2866,#2867,#2868,#2869,#2870,#2871,#2872,#2873,#2874,#2875,#2876,#2877,#2878,#2879,#2880,#2881,#2882,#2883,#2884,
#2885,#2886,#2887,#2888,#2889,#2890,#2891,#2892,#2893,#2894,#2895,#2896,#2897,#2898,#2899,#2900,#2901,#2902,#2903,#2904,#2905,#2906,#2907,#2908,#2909,
#2910,#2911,#2912,#2913,#2914,#2915,#2916,#2917,#2918,#2919,#2920,#2921,#2922,#2923,#2924,#2925,#2926,#2927,#2928,#2929,#2930,#2931,#2932,#2933,#2934,
#2935,#2936,#2937,#2938,#2939,#2940,#2941,#2942,#2943,#2944,#2945,#2946,#2947,#2948,#2949,#2950,#2951,#2952,#2953,#2954,#2955,#2956,#2957,#2958,#2959,
#2960,#2961,#2962,#2963,#2964,#2965,#2966,#2967,#2968,#2969,#2970,#2971,#2972,#2973,#2974,#2975,#2976,#2977,#2978,#2979,#2980,#2981,#2982,#2983,#2984,
#2985,#2986,#2987,#2988,#2989,#2990,#2991,#2992,#2993,#2994,#2995,#2996,#2997,#2998,#2999,#3000,#3001,#3002,#3003,#3004,#3005,#3006,#3007,#3008,#3009,
#3010,#3011,#3012,#3013,#3014,#3015,#3016,#3017,#3018,#3019,#3020,#3021,#3022,#3023,#3024,#3025,#3026,#3027),.UNSPECIFIED.,.F.,.F.,(4,3,3,3,3,3,3,3,3,3,3,3,3,3,3,3,3,3,3,3,3,3,3,3,3,3,
3,3,3,3,3,3,3,3,3,3,3,3,3,3,3,3,3,3,3,3,3,3,3,3,3,
3,3,3,3,3,4),(9.773279213,9.954891934,10.136504655,10.318117376,10.408923737,10.499730097,10.590536458,10.681342819,10.772149179,10.86295554,10.9537619,11.044568261,11.135374622,11.226180982,11.316987343,11.407793704,11.589406425,11.771019146,11.952631867,12.134244588,12.31585731,12.497470031,12.588276391,12.679082752,12.769889113,12.860695473,
12.951501834,13.042308195,13.133114555,13.223920916,13.314727276,13.405533637,13.496339998,13.587146358,13.677952719,13.768759079,13.85956544,13.950371801,14.041178161,14.131984522,14.222790882,14.313597243,14.404403604,14.495209964,14.586016325,14.676822686,14.722225866,14.767629046,14.858435407,15.040048128,15.221660849,
15.267064029,15.31246721,15.3351688,15.35787039,15.40327357,15.584886292),.UNSPECIFIED.);
#3029=EDGE_CURVE('',#1799,#561,#3028,.T.);
#3030=ORIENTED_EDGE('',*,*,#3029,.T.);
#3031=ORIENTED_EDGE('',*,*,#678,.T.);
#3032=CARTESIAN_POINT('',(16.872318402,-2.9434079,5.498292087));
#3033=CARTESIAN_POINT('',(17.660540188,-2.493801262,5.442525363));
#3034=CARTESIAN_POINT('',(18.624446684,-2.343582126,5.384054372));
#3035=CARTESIAN_POINT('',(19.518472255,-2.526627896,5.325929235));
#3036=CARTESIAN_POINT('',(20.412497827,-2.709673666,5.267804099));
#3037=CARTESIAN_POINT('',(21.229366615,-3.232784764,5.21192198));
#3038=CARTESIAN_POINT('',(21.781261441,-3.955363262,5.154748455));
#3039=CARTESIAN_POINT('',(22.333156267,-4.67794176,5.09757493));
#3040=CARTESIAN_POINT('',(22.602658507,-5.612933096,5.040182312));
#3041=CARTESIAN_POINT('',(22.540778999,-6.523671748,4.982837856));
#3042=CARTESIAN_POINT('',(22.509839245,-6.979041074,4.954165628));
#3043=CARTESIAN_POINT('',(22.394836815,-7.4267855,4.925521113));
#3044=CARTESIAN_POINT('',(22.202341021,-7.839810835,4.89689491));
#3045=CARTESIAN_POINT('',(22.009845226,-8.252836171,4.868268707));
#3046=CARTESIAN_POINT('',(21.742789466,-8.632049748,4.839654613));
#3047=CARTESIAN_POINT('',(21.419440156,-8.953718744,4.811030836));
#3048=CARTESIAN_POINT('',(21.096090847,-9.27538774,4.78240706));
#3049=CARTESIAN_POINT('',(20.715485525,-9.537979355,4.753524877));
#3050=CARTESIAN_POINT('',(20.298795959,-9.721884097,4.724847013));
#3051=CARTESIAN_POINT('',(19.882106393,-9.905788839,4.696169149));
#3052=CARTESIAN_POINT('',(19.430998156,-10.013901644,4.667676669));
#3053=CARTESIAN_POINT('',(18.975476904,-10.042046676,4.639148483));
#3054=CARTESIAN_POINT('',(18.519955653,-10.070191708,4.610620297));
#3055=CARTESIAN_POINT('',(18.060138734,-10.018036226,4.581958267));
#3056=CARTESIAN_POINT('',(17.62557074,-9.882689585,4.553330432));
#3057=CARTESIAN_POINT('',(17.191002747,-9.747342944,4.524702597));
#3058=CARTESIAN_POINT('',(16.781210193,-9.530468738,4.496038047));
#3059=CARTESIAN_POINT('',(16.420406805,-9.250508696,4.467361173));
#3060=CARTESIAN_POINT('',(16.059603418,-8.970548654,4.438684298));
#3061=CARTESIAN_POINT('',(15.747760126,-8.627544987,4.410021734));
#3062=CARTESIAN_POINT('',(15.50904909,-8.239957264,4.381388339));
#3063=CARTESIAN_POINT('',(15.270338055,-7.852369542,4.352754943));
#3064=CARTESIAN_POINT('',(15.106135035,-7.419420326,4.324185025));
#3065=CARTESIAN_POINT('',(15.020649667,-6.971136473,4.295550861));
#3066=CARTESIAN_POINT('',(14.935164299,-6.52285262,4.266916698));
#3067=CARTESIAN_POINT('',(14.928070761,-6.059386863,4.238300991));
#3068=CARTESIAN_POINT('',(15.002821397,-5.610319907,4.209682535));
#3069=CARTESIAN_POINT('',(15.077572032,-5.161252951,4.181064078));
#3070=CARTESIAN_POINT('',(15.237691196,-4.72730826,4.152145696));
#3071=CARTESIAN_POINT('',(15.469063607,-4.333899496,4.123292121));
#3072=CARTESIAN_POINT('',(15.700436018,-3.940490732,4.094438545));
#3073=CARTESIAN_POINT('',(16.001678926,-3.587214117,4.066119526));
#3074=CARTESIAN_POINT('',(16.354446796,-3.298624107,4.037702217));
#3075=CARTESIAN_POINT('',(16.707214666,-3.010034097,4.009284907));
#3076=CARTESIAN_POINT('',(17.112867479,-2.788815656,3.980562642));
#3077=CARTESIAN_POINT('',(17.54585582,-2.646200555,3.951934467));
#3078=CARTESIAN_POINT('',(18.411832503,-2.360970351,3.894678117));
#3079=CARTESIAN_POINT('',(19.382099121,-2.38830859,3.837150452));
#3080=CARTESIAN_POINT('',(20.221104982,-2.744619541,3.779937192));
#3081=CARTESIAN_POINT('',(21.060110844,-3.100930493,3.722723933));
#3082=CARTESIAN_POINT('',(21.771393494,-3.764053775,3.66556728));
#3083=CARTESIAN_POINT('',(22.167861835,-4.583346935,3.608288015));
#3084=CARTESIAN_POINT('',(22.564330175,-5.402640096,3.55100875));
#3085=CARTESIAN_POINT('',(22.657813361,-6.371744402,3.493215861));
#3086=CARTESIAN_POINT('',(22.418601306,-7.250380825,3.436253405));
#3087=CARTESIAN_POINT('',(22.179389251,-8.129017248,3.379290949));
#3088=CARTESIAN_POINT('',(21.607506965,-8.916115828,3.322231446));
#3089=CARTESIAN_POINT('',(20.849127408,-9.420467501,3.264501458));
#3090=CARTESIAN_POINT('',(20.090747851,-9.924819174,3.20677147));
#3091=CARTESIAN_POINT('',(19.141015212,-10.135773037,3.150058002));
#3092=CARTESIAN_POINT('',(18.238129462,-10.017011536,3.092815671));
#3093=CARTESIAN_POINT('',(17.335243711,-9.898250035,3.03557334));
#3094=CARTESIAN_POINT('',(16.484302739,-9.429987967,2.978272323));
#3095=CARTESIAN_POINT('',(15.882612479,-8.744502403,2.920981532));
#3096=CARTESIAN_POINT('',(15.581767349,-8.401759621,2.892336137));
#3097=CARTESIAN_POINT('',(15.345233896,-8.004635797,2.863691849));
#3098=CARTESIAN_POINT('',(15.188053476,-7.576799528,2.835060854));
#3099=CARTESIAN_POINT('',(15.030873057,-7.148963259,2.806429858));
#3100=CARTESIAN_POINT('',(14.950357487,-6.691976631,2.777804907));
#3101=CARTESIAN_POINT('',(14.950409416,-6.235798708,2.749167253));
#3102=CARTESIAN_POINT('',(14.950461344,-5.779620785,2.720529599));
#3103=CARTESIAN_POINT('',(15.032482425,-5.324586613,2.691793615));
#3104=CARTESIAN_POINT('',(15.195951486,-4.899472515,2.663157901));
#3105=CARTESIAN_POINT('',(15.359420546,-4.474358416,2.634522187));
#3106=CARTESIAN_POINT('',(15.601129503,-4.078347967,2.605970348));
#3107=CARTESIAN_POINT('',(15.902659025,-3.735660597,2.577333039));
#3108=CARTESIAN_POINT('',(16.204188547,-3.392973228,2.54869573));
#3109=CARTESIAN_POINT('',(16.565452567,-3.103653347,2.520068851));
#3110=CARTESIAN_POINT('',(16.96782786,-2.890907276,2.491432555));
#3111=CARTESIAN_POINT('',(17.370203154,-2.678161206,2.46279626));
#3112=CARTESIAN_POINT('',(17.81288976,-2.540619235,2.434054442));
#3113=CARTESIAN_POINT('',(18.265746081,-2.482310008,2.405343426));
#3114=CARTESIAN_POINT('',(18.718602403,-2.424000781,2.37663241));
#3115=CARTESIAN_POINT('',(19.181629198,-2.444884692,2.347977915));
#3116=CARTESIAN_POINT('',(19.624751815,-2.548999343,2.319380647));
#3117=CARTESIAN_POINT('',(20.067874432,-2.653113994,2.290783378));
#3118=CARTESIAN_POINT('',(20.490702238,-2.841926743,2.262325001));
#3119=CARTESIAN_POINT('',(20.868965629,-3.097394533,2.233722356));
#3120=CARTESIAN_POINT('',(21.247229019,-3.352862324,2.205119712));
#3121=CARTESIAN_POINT('',(21.581157762,-3.674569503,2.176527604));
#3122=CARTESIAN_POINT('',(21.846862564,-4.044370325,2.147870976));
#3123=CARTESIAN_POINT('',(22.112567365,-4.414171147,2.119214349));
#3124=CARTESIAN_POINT('',(22.306882373,-4.833975199,2.090344765));
#3125=CARTESIAN_POINT('',(22.422410529,-5.275489261,2.061742072));
#3126=CARTESIAN_POINT('',(22.537938685,-5.717003322,2.033139379));
#3127=CARTESIAN_POINT('',(22.575169251,-6.179667355,2.004473276));
#3128=CARTESIAN_POINT('',(22.530967147,-6.633145885,1.975841178));
#3129=CARTESIAN_POINT('',(22.486765042,-7.086624414,1.94720908));
#3130=CARTESIAN_POINT('',(22.359086674,-7.530579786,1.919042012));
#3131=CARTESIAN_POINT('',(22.154931416,-7.93820177,1.889949861));
#3132=CARTESIAN_POINT('',(21.7466209,-8.753445738,1.83176556));
#3133=CARTESIAN_POINT('',(21.042917073,-9.423341909,1.772827484));
#3134=CARTESIAN_POINT('',(20.197979765,-9.765018944,1.717614848));
#3135=CARTESIAN_POINT('',(19.77551111,-9.935857462,1.690008531));
#3136=CARTESIAN_POINT('',(19.32075693,-10.025215653,1.660329988));
#3137=CARTESIAN_POINT('',(18.865571693,-10.040186281,1.632320285));
#3138=CARTESIAN_POINT('',(18.410386456,-10.055156909,1.604310582));
#3139=CARTESIAN_POINT('',(17.95291759,-9.994119163,1.576725209));
#3140=CARTESIAN_POINT('',(17.52146271,-9.848561815,1.545700348));
#3141=CARTESIAN_POINT('',(17.09000783,-9.703004466,1.514675488));
#3142=CARTESIAN_POINT('',(16.685166263,-9.474106726,1.483630442));
#3143=CARTESIAN_POINT('',(16.333091605,-9.182387642,1.457434341));
#3144=CARTESIAN_POINT('',(15.981016947,-8.890668558,1.43123824));
#3145=CARTESIAN_POINT('',(15.687796806,-8.532437702,1.402781454));
#3146=CARTESIAN_POINT('',(15.461923458,-8.139144918,1.374386034));
#3147=CARTESIAN_POINT('',(15.23605011,-7.745852133,1.345990614));
#3148=CARTESIAN_POINT('',(15.074729976,-7.313685023,1.317667687));
#3149=CARTESIAN_POINT('',(14.999975733,-6.86409747,1.286324858));
#3150=CARTESIAN_POINT('',(14.92522149,-6.414509918,1.254982028));
#3151=CARTESIAN_POINT('',(14.931102935,-5.950408786,1.227705679));
#3152=CARTESIAN_POINT('',(15.022028461,-5.50368347,1.2014443));
#3153=CARTESIAN_POINT('',(15.112953986,-5.056958155,1.175182921));
#3154=CARTESIAN_POINT('',(15.291965976,-4.629830616,1.145103569));
#3155=CARTESIAN_POINT('',(15.533522045,-4.242753985,1.116650208));
#3156=CARTESIAN_POINT('',(15.775078114,-3.855677354,1.088196847));
#3157=CARTESIAN_POINT('',(16.080796594,-3.506992424,1.061279337));
#3158=CARTESIAN_POINT('',(16.440746975,-3.229334923,1.030958753));
#3159=CARTESIAN_POINT('',(16.620722165,-3.090506172,1.015798461));
#3160=CARTESIAN_POINT('',(16.811632587,-2.96593032,1.002443574));
#3161=CARTESIAN_POINT('',(17.014336271,-2.86339294,0.987441137));
#3162=CARTESIAN_POINT('',(17.217039954,-2.760855559,0.9724387));
#3163=CARTESIAN_POINT('',(17.429705761,-2.677559891,0.957417699));
#3164=CARTESIAN_POINT('',(17.648514951,-2.613592964,0.942555058));
#3165=CARTESIAN_POINT('',(18.08613333,-2.48565911,0.912829776));
#3166=CARTESIAN_POINT('',(18.548517348,-2.435045308,0.883720877));
#3167=CARTESIAN_POINT('',(19.004712085,-2.463737068,0.856562819));
#3168=CARTESIAN_POINT('',(19.917101559,-2.521120589,0.802246702));
#3169=CARTESIAN_POINT('',(20.793647058,-2.908542425,0.748357581));
#3170=CARTESIAN_POINT('',(21.433434531,-3.559832057,0.686831398));
#3171=CARTESIAN_POINT('',(21.753328267,-3.885476873,0.656068306));
#3172=CARTESIAN_POINT('',(22.017542719,-4.270377164,0.62589141));
#3173=CARTESIAN_POINT('',(22.208896009,-4.687398644,0.598113475));
#3174=CARTESIAN_POINT('',(22.304572654,-4.895909384,0.584224507));
#3175=CARTESIAN_POINT('',(22.382617141,-5.112299267,0.571426597));
#3176=CARTESIAN_POINT('',(22.438531448,-5.333480724,0.557806238));
#3177=CARTESIAN_POINT('',(22.494445754,-5.554662182,0.544185879));
#3178=CARTESIAN_POINT('',(22.526982119,-5.780263553,0.528880134));
#3179=CARTESIAN_POINT('',(22.542568573,-6.006017373,0.51536475));
#3180=CARTESIAN_POINT('',(22.573741479,-6.457525012,0.488333981));
#3181=CARTESIAN_POINT('',(22.522841012,-6.913878998,0.459764747));
#3182=CARTESIAN_POINT('',(22.386863633,-7.348643908,0.428839333));
#3183=CARTESIAN_POINT('',(22.250886253,-7.783408817,0.397913918));
#3184=CARTESIAN_POINT('',(22.036572538,-8.19652465,0.368265067));
#3185=CARTESIAN_POINT('',(21.759497607,-8.560962836,0.340278363));
#3186=CARTESIAN_POINT('',(21.620960142,-8.74318193,0.326285011));
#3187=CARTESIAN_POINT('',(21.466815939,-8.913310421,0.312746145));
#3188=CARTESIAN_POINT('',(21.29890697,-9.067764294,0.299409436));
#3189=CARTESIAN_POINT('',(21.130998001,-9.222218167,0.286072728));
#3190=CARTESIAN_POINT('',(20.946355829,-9.35634217,0.26984676));
#3191=CARTESIAN_POINT('',(20.755027062,-9.478904125,0.257647585));
#3192=CARTESIAN_POINT('',(20.659362678,-9.540185103,0.251547998));
#3193=CARTESIAN_POINT('',(20.559216276,-9.5940755,0.243387062));
#3194=CARTESIAN_POINT('',(20.45769415,-9.645033632,0.236253059));
#3195=CARTESIAN_POINT('',(20.356172024,-9.695991764,0.229119056));
#3196=CARTESIAN_POINT('',(20.253182124,-9.744637611,0.223312007));
#3197=CARTESIAN_POINT('',(20.146565785,-9.78436206,0.214843149));
#3198=CARTESIAN_POINT('',(19.933333109,-9.863810956,0.197905432));
#3199=CARTESIAN_POINT('',(19.715541508,-9.933446572,0.186328628));
#3200=CARTESIAN_POINT('',(19.491544939,-9.978049098,0.171838705));
#3201=CARTESIAN_POINT('',(18.595558663,-10.156459206,0.113879013));
#3202=CARTESIAN_POINT('',(17.637908247,-9.994594783,0.055069174));
#3203=CARTESIAN_POINT('',(16.849484277,-9.541902133,-0.000075793));
#3204=B_SPLINE_CURVE_WITH_KNOTS('',3,(#3032,#3033,#3034,#3035,#3036,#3037,#3038,#3039,#3040,#3041,#3042,#3043,#3044,#3045,#3046,#3047,#3048,#3049,#3050,#3051,#3052,#3053,#3054,#3055,#3056,#3057,
#3058,#3059,#3060,#3061,#3062,#3063,#3064,#3065,#3066,#3067,#3068,#3069,#3070,#3071,#3072,#3073,#3074,#3075,#3076,#3077,#3078,#3079,#3080,#3081,#3082,
#3083,#3084,#3085,#3086,#3087,#3088,#3089,#3090,#3091,#3092,#3093,#3094,#3095,#3096,#3097,#3098,#3099,#3100,#3101,#3102,#3103,#3104,#3105,#3106,#3107,
#3108,#3109,#3110,#3111,#3112,#3113,#3114,#3115,#3116,#3117,#3118,#3119,#3120,#3121,#3122,#3123,#3124,#3125,#3126,#3127,#3128,#3129,#3130,#3131,#3132,
#3133,#3134,#3135,#3136,#3137,#3138,#3139,#3140,#3141,#3142,#3143,#3144,#3145,#3146,#3147,#3148,#3149,#3150,#3151,#3152,#3153,#3154,#3155,#3156,#3157,
#3158,#3159,#3160,#3161,#3162,#3163,#3164,#3165,#3166,#3167,#3168,#3169,#3170,#3171,#3172,#3173,#3174,#3175,#3176,#3177,#3178,#3179,#3180,#3181,#3182,
#3183,#3184,#3185,#3186,#3187,#3188,#3189,#3190,#3191,#3192,#3193,#3194,#3195,#3196,#3197,#3198,#3199,#3200,#3201,#3202,#3203),.UNSPECIFIED.,.F.,.F.,(4,3,3,3,3,3,3,3,3,3,3,3,3,3,3,3,3,3,3,3,3,3,3,3,3,3,
3,3,3,3,3,3,3,3,3,3,3,3,3,3,3,3,3,3,3,3,3,3,3,3,3,
3,3,3,3,3,3,4),(4.802176942,5.077134627,5.352092312,5.627049996,5.764528839,5.902007681,6.039486524,6.176965366,6.314444208,6.451923051,6.589401893,6.726880736,6.864359578,7.00183842,7.139317263,7.276796105,7.55175379,7.826711475,8.101669159,8.376626844,8.651584529,8.926542214,9.064021056,9.201499899,9.338978741,9.476457583,
9.613936426,9.751415268,9.88889411,10.026372953,10.163851795,10.301330638,10.43880948,10.576288322,10.851246007,10.98872485,11.126203692,11.263682534,11.401161377,11.538640219,11.676119061,11.813597904,11.951076746,12.019816167,12.088555589,12.226034431,12.500992116,12.638470958,12.707210379,12.775949801,12.913428643,
13.050907485,13.119646907,13.188386328,13.222756038,13.257125749,13.32586517,13.600822855),.UNSPECIFIED.);
#3205=EDGE_CURVE('',#1853,#559,#3204,.T.);
#3206=ORIENTED_EDGE('',*,*,#3205,.F.);
#3207=ORIENTED_EDGE('',*,*,#1857,.F.);
#3208=EDGE_LOOP('',(#2858,#3030,#3031,#3206,#3207));
#3209=FACE_BOUND('',#3208,.T.);
#3210=ADVANCED_FACE('',(#3209),#2857,.F.);
#3211=CARTESIAN_POINT('',(20.001420102,-4.082211034,-0.));
#3212=CARTESIAN_POINT('',(19.95447684,-4.055023473,0.005176629));
#3213=CARTESIAN_POINT('',(19.473551487,-3.797256512,0.057224736));
#3214=CARTESIAN_POINT('',(18.405101681,-3.620579733,0.156144319));
#3215=CARTESIAN_POINT('',(17.002067824,-4.254782156,0.296758751));
#3216=CARTESIAN_POINT('',(16.189011918,-5.562940816,0.437373183));
#3217=CARTESIAN_POINT('',(16.237278323,-7.099644227,0.577987615));
#3218=CARTESIAN_POINT('',(17.135784585,-8.355832692,0.718602047));
#3219=CARTESIAN_POINT('',(18.571662177,-8.891162408,0.859216479));
#3220=CARTESIAN_POINT('',(20.471435723,-8.469621603,1.036286504));
#3221=CARTESIAN_POINT('',(21.762014343,-6.256144016,1.249812123));
#3222=CARTESIAN_POINT('',(20.251692623,-3.639901807,1.499793335));
#3223=CARTESIAN_POINT('',(17.505370142,-3.648556887,1.72894278));
#3224=CARTESIAN_POINT('',(16.071711152,-5.533147547,1.937260457));
#3225=CARTESIAN_POINT('',(16.344050063,-7.632661184,2.124746366));
#3226=CARTESIAN_POINT('',(18.02939462,-8.930965486,2.312232275));
#3227=CARTESIAN_POINT('',(20.134365027,-8.654288661,2.499718184));
#3228=CARTESIAN_POINT('',(21.429830719,-6.971917377,2.687204093));
#3229=CARTESIAN_POINT('',(21.154990463,-4.865375033,2.874690003));
#3230=CARTESIAN_POINT('',(19.47197213,-3.570580679,3.062175912));
#3231=CARTESIAN_POINT('',(17.365759178,-3.84459374,3.249661821));
#3232=CARTESIAN_POINT('',(16.070682822,-5.528002082,3.43714773));
#3233=CARTESIAN_POINT('',(16.344287462,-7.633497727,3.624633639));
#3234=CARTESIAN_POINT('',(18.028030722,-8.93007962,3.812119549));
#3235=CARTESIAN_POINT('',(19.781667564,-8.700109667,3.968357806));
#3236=CARTESIAN_POINT('',(20.782622682,-7.815051398,4.093348412));
#3237=CARTESIAN_POINT('',(21.382315574,-6.621416098,4.218339018));
#3238=CARTESIAN_POINT('',(21.156648082,-4.8667186,4.374577276));
#3239=CARTESIAN_POINT('',(19.473044413,-3.570975511,4.562063185));
#3240=CARTESIAN_POINT('',(17.367021902,-3.843831879,4.749549095));
#3241=CARTESIAN_POINT('',(16.07095987,-5.527034203,4.937035004));
#3242=CARTESIAN_POINT('',(16.343580964,-7.632445545,5.124520913));
#3243=CARTESIAN_POINT('',(18.026593358,-8.929514078,5.312006822));
#3244=CARTESIAN_POINT('',(20.131881632,-8.655349912,5.499492731));
#3245=CARTESIAN_POINT('',(21.429938206,-6.975811881,5.68697864));
#3246=CARTESIAN_POINT('',(21.154592771,-4.864668485,5.87446455));
#3247=CARTESIAN_POINT('',(19.48460438,-3.581296587,6.061186607));
#3248=CARTESIAN_POINT('',(18.083919137,-3.745884827,6.185413361));
#3249=CARTESIAN_POINT('',(17.522415053,-4.06321966,6.247144812));
#3250=CARTESIAN_POINT('',(20.211159877,-3.70357772,-0.249468445));
#3251=CARTESIAN_POINT('',(20.156017078,-3.671833019,-0.244291816));
#3252=CARTESIAN_POINT('',(19.591152421,-3.370969163,-0.19224371));
#3253=CARTESIAN_POINT('',(18.33742932,-3.167012302,-0.093324126));
#3254=CARTESIAN_POINT('',(16.693752664,-3.915157268,0.047290306));
#3255=CARTESIAN_POINT('',(15.744120842,-5.451980362,0.187904738));
#3256=CARTESIAN_POINT('',(15.805431248,-7.254229332,0.32851917));
#3257=CARTESIAN_POINT('',(16.863128709,-8.72486336,0.469133602));
#3258=CARTESIAN_POINT('',(18.548903827,-9.348359642,0.609748034));
#3259=CARTESIAN_POINT('',(20.775856145,-8.848127481,0.786818059));
#3260=CARTESIAN_POINT('',(22.282804493,-6.247995638,1.000343678));
#3261=CARTESIAN_POINT('',(20.503351896,-3.184029352,1.25032489));
#3262=CARTESIAN_POINT('',(17.282221122,-3.202577053,1.479474335));
#3263=CARTESIAN_POINT('',(15.606448628,-5.417395223,1.687792011));
#3264=CARTESIAN_POINT('',(15.932292346,-7.879077177,1.875277921));
#3265=CARTESIAN_POINT('',(17.913001537,-9.396703212,2.06276383));
#3266=CARTESIAN_POINT('',(20.381070581,-9.065752724,2.250249739));
#3267=CARTESIAN_POINT('',(21.895376234,-7.088541464,2.437735648));
#3268=CARTESIAN_POINT('',(21.566575084,-4.618622004,2.625221557));
#3269=CARTESIAN_POINT('',(19.588606935,-3.105106366,2.812707467));
#3270=CARTESIAN_POINT('',(17.1190713,-3.432935854,3.000193376));
#3271=CARTESIAN_POINT('',(15.605226089,-5.411362754,3.187679285));
#3272=CARTESIAN_POINT('',(15.93257435,-7.880057654,3.375165194));
#3273=CARTESIAN_POINT('',(17.911398692,-9.395668872,3.562651103));
#3274=CARTESIAN_POINT('',(19.967532419,-9.120573379,3.718889361));
#3275=CARTESIAN_POINT('',(21.138844783,-8.079431042,3.843879967));
#3276=CARTESIAN_POINT('',(21.83857541,-6.677584222,3.968870573));
#3277=CARTESIAN_POINT('',(21.568522177,-4.620193736,4.125108831));
#3278=CARTESIAN_POINT('',(19.58986634,-3.10556539,4.31259474));
#3279=CARTESIAN_POINT('',(17.120549746,-3.432038581,4.500080649));
#3280=CARTESIAN_POINT('',(15.605548812,-5.410226781,4.687566558));
#3281=CARTESIAN_POINT('',(15.931741432,-7.878826002,4.875052468));
#3282=CARTESIAN_POINT('',(17.909711574,-9.395009155,5.062538377));
#3283=CARTESIAN_POINT('',(20.378160935,-9.067005391,5.250024286));
#3284=CARTESIAN_POINT('',(21.895514432,-7.093108452,5.437510195));
#3285=CARTESIAN_POINT('',(21.566106116,-4.617795432,5.624996104));
#3286=CARTESIAN_POINT('',(19.603455893,-3.11763568,5.811718162));
#3287=CARTESIAN_POINT('',(17.961098318,-3.314964187,5.935944916));
#3288=CARTESIAN_POINT('',(17.303481542,-3.688882749,5.997676367));
#3289=CARTESIAN_POINT('',(20.422454791,-3.325954883,-0.499133819));
#3290=CARTESIAN_POINT('',(20.359134401,-3.289619368,-0.49395719));
#3291=CARTESIAN_POINT('',(19.710539912,-2.945312821,-0.441909083));
#3292=CARTESIAN_POINT('',(18.271715933,-2.71329224,-0.3429895));
#3293=CARTESIAN_POINT('',(16.386981939,-3.574316922,-0.202375068));
#3294=CARTESIAN_POINT('',(15.299838014,-5.339151781,-0.061760636));
#3295=CARTESIAN_POINT('',(15.373053523,-7.406922228,0.078853796));
#3296=CARTESIAN_POINT('',(16.588977685,-9.092617338,0.219468228));
#3297=CARTESIAN_POINT('',(18.524198257,-9.8053223,0.36008266));
#3298=CARTESIAN_POINT('',(21.078566766,-9.227819216,0.537152685));
#3299=CARTESIAN_POINT('',(22.803473256,-6.242076575,0.750678304));
#3300=CARTESIAN_POINT('',(20.756883439,-2.729369036,1.000659516));
#3301=CARTESIAN_POINT('',(17.061045776,-2.755778736,1.229808961));
#3302=CARTESIAN_POINT('',(15.141820017,-5.299688291,1.438126638));
#3303=CARTESIAN_POINT('',(15.519606857,-8.12365957,1.625612547));
#3304=CARTESIAN_POINT('',(17.794652105,-9.861802933,1.813098456));
#3305=CARTESIAN_POINT('',(20.62594363,-9.478147446,2.000584365));
#3306=CARTESIAN_POINT('',(22.36028285,-7.207120118,2.188070274));
#3307=CARTESIAN_POINT('',(21.979090511,-4.373702507,2.375556184));
#3308=CARTESIAN_POINT('',(19.707196009,-2.640270667,2.563042093));
#3309=CARTESIAN_POINT('',(16.87421724,-3.02034772,2.750528002));
#3310=CARTESIAN_POINT('',(15.140407989,-5.292768914,2.938013911));
#3311=CARTESIAN_POINT('',(15.519931548,-8.12478409,3.12549982));
#3312=CARTESIAN_POINT('',(17.792811569,-9.860618476,3.312985729));
#3313=CARTESIAN_POINT('',(20.151544681,-9.541706514,3.469223987));
#3314=CARTESIAN_POINT('',(21.493829888,-8.345253222,3.594214593));
#3315=CARTESIAN_POINT('',(22.294455808,-6.735685693,3.719205199));
#3316=CARTESIAN_POINT('',(21.981327612,-4.375502382,3.875443457));
#3317=CARTESIAN_POINT('',(19.708641531,-2.640795683,4.062929366));
#3318=CARTESIAN_POINT('',(16.875912273,-3.019315776,4.250415275));
#3319=CARTESIAN_POINT('',(15.140776148,-5.29146496,4.437901185));
#3320=CARTESIAN_POINT('',(15.518974371,-8.123372118,4.625387094));
#3321=CARTESIAN_POINT('',(17.790874533,-9.859864557,4.812873003));
#3322=CARTESIAN_POINT('',(20.622607202,-9.47958922,5.000358912));
#3323=CARTESIAN_POINT('',(22.36044859,-7.212360212,5.187844821));
#3324=CARTESIAN_POINT('',(21.978551267,-4.37275446,5.37533073));
#3325=CARTESIAN_POINT('',(19.724253447,-2.654623256,5.562052788));
#3326=CARTESIAN_POINT('',(17.840155929,-2.883648801,5.686279542));
#3327=CARTESIAN_POINT('',(17.086213527,-3.313723025,5.748010993));
#3328=CARTESIAN_POINT('',(20.634102213,-2.948542876,-0.748816372));
#3329=CARTESIAN_POINT('',(20.562608812,-2.907608913,-0.743639743));
#3330=CARTESIAN_POINT('',(19.830328005,-2.519781416,-0.691591637));
#3331=CARTESIAN_POINT('',(18.206434854,-2.259522262,-0.592672053));
#3332=CARTESIAN_POINT('',(16.080543019,-3.233194848,-0.452057621));
#3333=CARTESIAN_POINT('',(14.855674416,-5.225904727,-0.311443189));
#3334=CARTESIAN_POINT('',(14.940542768,-7.559200718,-0.170828757));
#3335=CARTESIAN_POINT('',(16.314485236,-9.460101053,-0.030214325));
#3336=CARTESIAN_POINT('',(18.499059795,-10.262249123,0.110400107));
#3337=CARTESIAN_POINT('',(21.3809087,-9.607787355,0.287470132));
#3338=CARTESIAN_POINT('',(23.324133586,-6.236652012,0.500995751));
#3339=CARTESIAN_POINT('',(21.010839301,-2.274961487,0.750976963));
#3340=CARTESIAN_POINT('',(16.840300538,-2.308783116,0.980126408));
#3341=CARTESIAN_POINT('',(14.677315501,-5.181543442,1.188444085));
#3342=CARTESIAN_POINT('',(15.106701081,-8.367843845,1.375929994));
#3343=CARTESIAN_POINT('',(17.675864348,-10.326777536,1.563415903));
#3344=CARTESIAN_POINT('',(20.870418817,-9.890763253,1.750901812));
#3345=CARTESIAN_POINT('',(22.825064141,-7.326136613,1.938387721));
#3346=CARTESIAN_POINT('',(22.391827063,-4.12918115,2.12587363));
#3347=CARTESIAN_POINT('',(19.826222859,-2.175560201,2.31335954));
#3348=CARTESIAN_POINT('',(16.629761388,-2.607538609,2.500845449));
#3349=CARTESIAN_POINT('',(14.675715123,-5.173737211,2.688331358));
#3350=CARTESIAN_POINT('',(15.107067897,-8.369112444,2.875817267));
#3351=CARTESIAN_POINT('',(17.673786445,-10.325442516,3.063303176));
#3352=CARTESIAN_POINT('',(20.335152492,-9.963003245,3.219541434));
#3353=CARTESIAN_POINT('',(21.848553132,-8.611404818,3.34453204));
#3354=CARTESIAN_POINT('',(22.750267942,-6.794218199,3.469522646));
#3355=CARTESIAN_POINT('',(22.394354462,-4.131209029,3.625760904));
#3356=CARTESIAN_POINT('',(19.827854216,-2.176151726,3.813246813));
#3357=CARTESIAN_POINT('',(16.631673241,-2.60637213,4.000732722));
#3358=CARTESIAN_POINT('',(14.676128565,-5.172265289,4.188218631));
#3359=CARTESIAN_POINT('',(15.105987076,-8.367519905,4.375704541));
#3360=CARTESIAN_POINT('',(17.671599385,-10.3245945,4.56319045));
#3361=CARTESIAN_POINT('',(20.866655489,-9.892393583,4.750676359));
#3362=CARTESIAN_POINT('',(22.825256695,-7.332050051,4.938162268));
#3363=CARTESIAN_POINT('',(22.391217802,-4.128111171,5.125648177));
#3364=CARTESIAN_POINT('',(19.845487055,-2.191738419,5.312370235));
#3365=CARTESIAN_POINT('',(17.719625989,-2.452230621,5.436596989));
#3366=CARTESIAN_POINT('',(16.869307303,-2.938367495,5.49832844));
#3367=B_SPLINE_SURFACE_WITH_KNOTS('',3,3,((#3211,#3212,#3213,#3214,#3215,#3216,#3217,#3218,#3219,#3220,#3221,#3222,#3223,#3224,#3225,#3226,#3227,#3228,#3229,#3230,#3231,#3232,#3233,#3234,#3235,#3236,
#3237,#3238,#3239,#3240,#3241,#3242,#3243,#3244,#3245,#3246,#3247,#3248,#3249),(#3250,#3251,#3252,#3253,#3254,#3255,#3256,#3257,#3258,#3259,#3260,#3261,#3262,#3263,#3264,#3265,#3266,#3267,#3268,#3269,#3270,#3271,#3272,#3273,#3274,#3275,
#3276,#3277,#3278,#3279,#3280,#3281,#3282,#3283,#3284,#3285,#3286,#3287,#3288),(#3289,#3290,#3291,#3292,#3293,#3294,#3295,#3296,#3297,#3298,#3299,#3300,#3301,#3302,#3303,#3304,#3305,#3306,#3307,#3308,#3309,#3310,#3311,#3312,#3313,#3314,
#3315,#3316,#3317,#3318,#3319,#3320,#3321,#3322,#3323,#3324,#3325,#3326,#3327),(#3328,#3329,#3330,#3331,#3332,#3333,#3334,#3335,#3336,#3337,#3338,#3339,#3340,#3341,#3342,#3343,#3344,#3345,#3346,#3347,#3348,#3349,#3350,#3351,#3352,#3353,
#3354,#3355,#3356,#3357,#3358,#3359,#3360,#3361,#3362,#3363,#3364,#3365,#3366)),.UNSPECIFIED.,.F.,.F.,.U.,(4,4),(4,1,1,1,1,1,1,1,1,1,1,1,1,1,1,1,1,1,1,1,1,1,1,1,1,1,
1,1,1,1,1,1,1,1,1,1,4),(0.170679769,0.320537433),(7.339034499,7.40408594,7.993090295,8.58209465,9.171099005,9.76010336,10.349107715,10.93811207,11.527116425,12.574235278,13.621354131,14.668472984,15.453812124,16.239151264,17.024490404,17.809829544,18.595168684,19.380507824,20.165846964,20.951186104,21.736525244,22.521864384,23.307203524,24.092542664,24.485212234,24.877881804,
25.663220944,26.448560083,27.233899223,28.019238363,28.804577503,29.589916643,30.375255783,31.160594923,31.945934063,32.731273203,33.507013496),.UNSPECIFIED.);
#3368=ORIENTED_EDGE('',*,*,#1900,.T.);
#3369=ORIENTED_EDGE('',*,*,#3205,.T.);
#3370=ORIENTED_EDGE('',*,*,#612,.T.);
#3371=ORIENTED_EDGE('',*,*,#3029,.F.);
#3372=EDGE_LOOP('',(#3368,#3369,#3370,#3371));
#3373=FACE_BOUND('',#3372,.T.);
#3374=ADVANCED_FACE('',(#3373),#3367,.F.);
#3375=CARTESIAN_POINT('',(16.849425811,2.957998329,-0.000009183));
#3376=CARTESIAN_POINT('',(16.920755941,2.916683206,0.005170507));
#3377=CARTESIAN_POINT('',(17.651140689,2.525191971,0.057221674));
#3378=CARTESIAN_POINT('',(19.273774899,2.256874115,0.156144319));
#3379=CARTESIAN_POINT('',(21.404465367,3.220000517,0.296758751));
#3380=CARTESIAN_POINT('',(22.639203027,5.206603307,0.437373183));
#3381=CARTESIAN_POINT('',(22.565897406,7.540307416,0.577987615));
#3382=CARTESIAN_POINT('',(21.201405867,9.447971607,0.718602046));
#3383=CARTESIAN_POINT('',(19.020824041,10.260973755,0.859216478));
#3384=CARTESIAN_POINT('',(16.135773874,9.620773596,1.036286504));
#3385=CARTESIAN_POINT('',(14.175874508,6.259333715,1.249812122));
#3386=CARTESIAN_POINT('',(16.469455612,2.286234442,1.499793335));
#3387=CARTESIAN_POINT('',(20.640151014,2.299339433,1.728942779));
#3388=CARTESIAN_POINT('',(22.817326274,5.161372515,1.937260456));
#3389=CARTESIAN_POINT('',(22.403766041,8.349751524,2.124746365));
#3390=CARTESIAN_POINT('',(19.844329476,10.321402455,2.312232275));
#3391=CARTESIAN_POINT('',(16.647660408,9.901232058,2.499718184));
#3392=CARTESIAN_POINT('',(14.680319987,7.346326856,2.687204093));
#3393=CARTESIAN_POINT('',(15.097703243,4.147263552,2.874690002));
#3394=CARTESIAN_POINT('',(17.653588949,2.180945683,3.062175911));
#3395=CARTESIAN_POINT('',(20.8521542,2.597071191,3.24966182));
#3396=CARTESIAN_POINT('',(22.818897616,5.153550665,3.43714773));
#3397=CARTESIAN_POINT('',(22.403396702,8.351023798,3.624633639));
#3398=CARTESIAN_POINT('',(19.846400295,10.320060044,3.812119548));
#3399=CARTESIAN_POINT('',(17.183287153,9.970808713,3.968357806));
#3400=CARTESIAN_POINT('',(15.663180887,8.626745396,4.093348412));
#3401=CARTESIAN_POINT('',(14.752492776,6.814041114,4.218339018));
#3402=CARTESIAN_POINT('',(15.095175203,4.149296958,4.374577276));
#3403=CARTESIAN_POINT('',(17.651966987,2.181550458,4.562063185));
#3404=CARTESIAN_POINT('',(20.85023482,2.595914827,4.749549094));
#3405=CARTESIAN_POINT('',(22.818471621,5.152079449,4.937035003));
#3406=CARTESIAN_POINT('',(22.404476811,8.349427897,5.124520912));
#3407=CARTESIAN_POINT('',(19.84858434,10.319197295,5.312006822));
#3408=CARTESIAN_POINT('',(16.651430778,9.902843837,5.499492731));
#3409=CARTESIAN_POINT('',(14.680158159,7.352242225,5.68697864));
#3410=CARTESIAN_POINT('',(15.098306108,4.146185501,5.874464549));
#3411=CARTESIAN_POINT('',(17.644774541,2.189251772,6.061950458));
#3412=CARTESIAN_POINT('',(19.790497294,2.450633874,6.18710304));
#3413=CARTESIAN_POINT('',(20.650268397,2.949710558,6.249760318));
#3414=CARTESIAN_POINT('',(20.652489553,2.951003176,6.249922293));
#3415=CARTESIAN_POINT('',(17.068578174,3.331102413,-0.249691735));
#3416=CARTESIAN_POINT('',(17.131824109,3.294551076,-0.244512046));
#3417=CARTESIAN_POINT('',(17.779403808,2.948246741,-0.192460878));
#3418=CARTESIAN_POINT('',(19.217563463,2.711856901,-0.093538234));
#3419=CARTESIAN_POINT('',(21.104896108,3.56717044,0.047076198));
#3420=CARTESIAN_POINT('',(22.197387892,5.328693483,0.18769063));
#3421=CARTESIAN_POINT('',(22.130433925,7.396690691,0.328305062));
#3422=CARTESIAN_POINT('',(20.919632915,9.086041148,0.468919494));
#3423=CARTESIAN_POINT('',(18.986571377,9.804638057,0.609533925));
#3424=CARTESIAN_POINT('',(16.430472068,9.234847217,0.786603951));
#3425=CARTESIAN_POINT('',(14.696536534,6.254366037,1.00012957));
#3426=CARTESIAN_POINT('',(16.732433676,2.735480237,1.250110782));
#3427=CARTESIAN_POINT('',(20.428369135,2.750655625,1.479260226));
#3428=CARTESIAN_POINT('',(22.355274697,5.288762995,1.687577903));
#3429=CARTESIAN_POINT('',(21.986065895,8.113857824,1.875063812));
#3430=CARTESIAN_POINT('',(19.716286524,9.858891067,2.062549722));
#3431=CARTESIAN_POINT('',(16.883850759,9.483819029,2.250035631));
#3432=CARTESIAN_POINT('',(15.142633671,7.21805751,2.43752154));
#3433=CARTESIAN_POINT('',(15.515237767,4.383498448,2.625007449));
#3434=CARTESIAN_POINT('',(17.781867369,2.643187899,2.812493358));
#3435=CARTESIAN_POINT('',(20.615986099,3.014677308,2.999979268));
#3436=CARTESIAN_POINT('',(22.356673299,5.28183313,3.187465177));
#3437=CARTESIAN_POINT('',(21.98573824,8.114985065,3.374951086));
#3438=CARTESIAN_POINT('',(19.718122525,9.857702803,3.562436995));
#3439=CARTESIAN_POINT('',(17.358447785,9.545934006,3.718675253));
#3440=CARTESIAN_POINT('',(16.01252244,8.353565673,3.843665859));
#3441=CARTESIAN_POINT('',(15.207046517,6.74642353,3.968656465));
#3442=CARTESIAN_POINT('',(15.512994977,4.385297409,4.124894723));
#3443=CARTESIAN_POINT('',(17.780429796,2.643723087,4.312380632));
#3444=CARTESIAN_POINT('',(20.614286015,3.013650778,4.499866541));
#3445=CARTESIAN_POINT('',(22.356297594,5.280529035,4.68735245));
#3446=CARTESIAN_POINT('',(21.986696038,8.11357141,4.874838359));
#3447=CARTESIAN_POINT('',(19.720058959,9.856940755,5.062324269));
#3448=CARTESIAN_POINT('',(16.887190526,9.485250303,5.249810178));
#3449=CARTESIAN_POINT('',(15.142485306,7.223299814,5.437296087));
#3450=CARTESIAN_POINT('',(15.515772783,4.382542915,5.624781996));
#3451=CARTESIAN_POINT('',(17.77404901,2.650541499,5.812267905));
#3452=CARTESIAN_POINT('',(19.675302322,2.884002561,5.937420487));
#3453=CARTESIAN_POINT('',(20.43678,3.327003594,6.000077765));
#3454=CARTESIAN_POINT('',(20.438747219,3.328150971,6.00023974));
#3455=CARTESIAN_POINT('',(17.288090369,3.704008439,-0.499357109));
#3456=CARTESIAN_POINT('',(17.343256414,3.672228685,-0.494177419));
#3457=CARTESIAN_POINT('',(17.908071744,3.371191024,-0.442126252));
#3458=CARTESIAN_POINT('',(19.161782257,3.166905081,-0.343203608));
#3459=CARTESIAN_POINT('',(20.805648326,3.914633808,-0.202589176));
#3460=CARTESIAN_POINT('',(21.755676893,5.451206131,-0.061974744));
#3461=CARTESIAN_POINT('',(21.694822634,7.253483323,0.078639688));
#3462=CARTESIAN_POINT('',(20.637509063,8.724368527,0.21925412));
#3463=CARTESIAN_POINT('',(18.951884832,9.348322636,0.359868552));
#3464=CARTESIAN_POINT('',(16.724811694,8.848631388,0.536938577));
#3465=CARTESIAN_POINT('',(15.21720791,6.248903901,0.750464196));
#3466=CARTESIAN_POINT('',(16.995844817,3.184488646,1.000445408));
#3467=CARTESIAN_POINT('',(20.217010036,3.202184426,1.229594853));
#3468=CARTESIAN_POINT('',(21.893331386,5.416595527,1.437912529));
#3469=CARTESIAN_POINT('',(21.568131351,7.878354121,1.625398439));
#3470=CARTESIAN_POINT('',(19.587801035,9.396488963,1.812884348));
#3471=CARTESIAN_POINT('',(17.119651451,9.066170801,2.000370257));
#3472=CARTESIAN_POINT('',(15.604837817,7.089346109,2.187856166));
#3473=CARTESIAN_POINT('',(15.933007556,4.619343404,2.375342075));
#3474=CARTESIAN_POINT('',(17.910587764,3.105320669,2.562827985));
#3475=CARTESIAN_POINT('',(20.380208019,3.432518543,2.750313894));
#3476=CARTESIAN_POINT('',(21.894558416,5.41055766,2.937799803));
#3477=CARTESIAN_POINT('',(21.567844809,7.879336229,3.125285712));
#3478=CARTESIAN_POINT('',(19.589402507,9.395455325,3.312771621));
#3479=CARTESIAN_POINT('',(17.533210162,9.120881307,3.469009879));
#3480=CARTESIAN_POINT('',(16.36161411,8.080047368,3.594000485));
#3481=CARTESIAN_POINT('',(15.661547496,6.678372685,3.718991091));
#3482=CARTESIAN_POINT('',(15.931050274,4.620908127,3.875229349));
#3483=CARTESIAN_POINT('',(17.909334346,3.105785716,4.062715258));
#3484=CARTESIAN_POINT('',(20.378727464,3.431621732,4.250201167));
#3485=CARTESIAN_POINT('',(21.894232838,5.409420638,4.437687076));
#3486=CARTESIAN_POINT('',(21.568680901,7.878105135,4.625172986));
#3487=CARTESIAN_POINT('',(19.591091257,9.394793843,4.812658895));
#3488=CARTESIAN_POINT('',(17.122560464,9.067422126,5.000144804));
#3489=CARTESIAN_POINT('',(15.604702217,7.09391507,5.187630713));
#3490=CARTESIAN_POINT('',(15.933474931,4.61851088,5.375116622));
#3491=CARTESIAN_POINT('',(17.90376469,3.111720501,5.562602532));
#3492=CARTESIAN_POINT('',(19.560515407,3.31749188,5.687755113));
#3493=CARTESIAN_POINT('',(20.223643824,3.704509122,5.750412391));
#3494=CARTESIAN_POINT('',(20.225356962,3.705511493,5.750574366));
#3495=CARTESIAN_POINT('',(17.509259419,4.076081243,-0.748825554));
#3496=CARTESIAN_POINT('',(17.556363692,4.049108978,-0.743645865));
#3497=CARTESIAN_POINT('',(18.038584808,3.793704754,-0.691594697));
#3498=CARTESIAN_POINT('',(19.107931298,3.622320578,-0.592672053));
#3499=CARTESIAN_POINT('',(20.507801796,4.263475221,-0.452057621));
#3500=CARTESIAN_POINT('',(21.314364823,5.575642483,-0.311443189));
#3501=CARTESIAN_POINT('',(21.258475662,7.112098233,-0.170828757));
#3502=CARTESIAN_POINT('',(20.353758641,8.363800264,-0.030214325));
#3503=CARTESIAN_POINT('',(18.915237124,8.892026033,0.110400106));
#3504=CARTESIAN_POINT('',(17.017582356,8.461048736,0.287470132));
#3505=CARTESIAN_POINT('',(15.738004091,6.241212696,0.500995751));
#3506=CARTESIAN_POINT('',(17.261250172,3.632498345,0.750976963));
#3507=CARTESIAN_POINT('',(20.007522595,3.654743968,0.980126407));
#3508=CARTESIAN_POINT('',(21.431802902,5.546440485,1.188444084));
#3509=CARTESIAN_POINT('',(21.149072938,7.644570837,1.375929993));
#3510=CARTESIAN_POINT('',(19.457300849,8.934505597,1.563415903));
#3511=CARTESIAN_POINT('',(17.353733248,8.647395914,1.750901812));
#3512=CARTESIAN_POINT('',(16.066622074,6.958621705,1.938387721));
#3513=CARTESIAN_POINT('',(16.351904299,4.85346845,2.12587363));
#3514=CARTESIAN_POINT('',(18.041320812,3.567033806,2.313359539));
#3515=CARTESIAN_POINT('',(20.146150215,3.851486206,2.500845449));
#3516=CARTESIAN_POINT('',(21.432863134,5.541295091,2.688331358));
#3517=CARTESIAN_POINT('',(21.148825583,7.645407397,2.875817267));
#3518=CARTESIAN_POINT('',(19.458668822,8.933628408,3.063303176));
#3519=CARTESIAN_POINT('',(17.706205044,8.694959364,3.219541434));
#3520=CARTESIAN_POINT('',(16.709635064,7.804959176,3.34453204));
#3521=CARTESIAN_POINT('',(16.115884115,6.608358364,3.469522646));
#3522=CARTESIAN_POINT('',(16.350232999,4.854799152,3.625760904));
#3523=CARTESIAN_POINT('',(18.040250809,3.567426743,3.813246813));
#3524=CARTESIAN_POINT('',(20.144890119,3.850718498,4.000732722));
#3525=CARTESIAN_POINT('',(21.432587429,5.540324936,4.188218631));
#3526=CARTESIAN_POINT('',(21.149542022,7.644360056,4.37570454));
#3527=CARTESIAN_POINT('',(19.460109786,8.933067437,4.56319045));
#3528=CARTESIAN_POINT('',(17.356210695,8.648469546,4.750676359));
#3529=CARTESIAN_POINT('',(16.066496201,6.962516322,4.938162268));
#3530=CARTESIAN_POINT('',(16.352304793,4.852760544,5.125648177));
#3531=CARTESIAN_POINT('',(18.035489592,3.572474414,5.313134086));
#3532=CARTESIAN_POINT('',(19.447549552,3.751594272,5.438286668));
#3533=CARTESIAN_POINT('',(20.012061382,4.083032706,5.500943946));
#3534=CARTESIAN_POINT('',(20.013519746,4.08389112,5.501105921));
#3535=B_SPLINE_SURFACE_WITH_KNOTS('',3,3,((#3375,#3376,#3377,#3378,#3379,#3380,#3381,#3382,#3383,#3384,#3385,#3386,#3387,#3388,#3389,#3390,#3391,#3392,#3393,#3394,#3395,#3396,#3397,#3398,#3399,#3400,
#3401,#3402,#3403,#3404,#3405,#3406,#3407,#3408,#3409,#3410,#3411,#3412,#3413,#3414),(#3415,#3416,#3417,#3418,#3419,#3420,#3421,#3422,#3423,#3424,#3425,#3426,#3427,#3428,#3429,#3430,#3431,#3432,#3433,#3434,#3435,#3436,#3437,#3438,#3439,#3440,
#3441,#3442,#3443,#3444,#3445,#3446,#3447,#3448,#3449,#3450,#3451,#3452,#3453,#3454),(#3455,#3456,#3457,#3458,#3459,#3460,#3461,#3462,#3463,#3464,#3465,#3466,#3467,#3468,#3469,#3470,#3471,#3472,#3473,#3474,#3475,#3476,#3477,#3478,#3479,#3480,
#3481,#3482,#3483,#3484,#3485,#3486,#3487,#3488,#3489,#3490,#3491,#3492,#3493,#3494),(#3495,#3496,#3497,#3498,#3499,#3500,#3501,#3502,#3503,#3504,#3505,#3506,#3507,#3508,#3509,#3510,#3511,#3512,#3513,#3514,#3515,#3516,#3517,#3518,#3519,#3520,
#3521,#3522,#3523,#3524,#3525,#3526,#3527,#3528,#3529,#3530,#3531,#3532,#3533,#3534)),.UNSPECIFIED.,.F.,.F.,.U.,(4,4),(4,1,1,1,1,1,1,1,1,1,1,1,1,1,1,1,1,1,1,1,1,1,1,1,1,1,
1,1,1,1,1,1,1,1,1,1,1,4),(-0.043409303,0.10644836),(10.468243376,10.533333278,11.122337633,11.711341988,12.300346343,12.889350698,13.478355053,14.067359408,14.656363763,15.703482616,16.750601469,17.797720323,18.583059463,19.368398603,20.153737742,20.939076882,21.724416022,22.509755162,23.295094302,24.080433442,24.865772582,25.651111722,26.436450862,27.221790002,27.614459572,28.007129142,
28.792468282,29.577807422,30.363146562,31.148485702,31.933824842,32.719163981,33.504503121,34.289842261,35.075181401,35.860520541,36.645859681,36.647895121),.UNSPECIFIED.);
#3536=ORIENTED_EDGE('',*,*,#1742,.T.);
#3537=CARTESIAN_POINT('',(20.013519746,4.083891119,5.501105921));
#3538=CARTESIAN_POINT('',(19.494978011,3.78105943,5.442440429));
#3539=CARTESIAN_POINT('',(18.86087686,3.679279008,5.386189954));
#3540=CARTESIAN_POINT('',(18.271793661,3.792346364,5.329519768));
#3541=CARTESIAN_POINT('',(17.682710461,3.905413721,5.272849583));
#3542=CARTESIAN_POINT('',(17.13920283,4.244841384,5.21460046));
#3543=CARTESIAN_POINT('',(16.769774221,4.718228837,5.157181773));
#3544=CARTESIAN_POINT('',(16.400345613,5.191616289,5.099763086));
#3545=CARTESIAN_POINT('',(16.217881542,5.804356181,5.042815822));
#3546=CARTESIAN_POINT('',(16.252164948,6.404087705,4.985359226));
#3547=CARTESIAN_POINT('',(16.269306651,6.703953467,4.956630928));
#3548=CARTESIAN_POINT('',(16.341256454,6.999864426,4.928096889));
#3549=CARTESIAN_POINT('',(16.465258469,7.27342309,4.899435513));
#3550=CARTESIAN_POINT('',(16.589260484,7.546981755,4.870774137));
#3551=CARTESIAN_POINT('',(16.763061227,7.79871845,4.842099657));
#3552=CARTESIAN_POINT('',(16.974300692,8.012705987,4.813434407));
#3553=CARTESIAN_POINT('',(17.185540157,8.226693524,4.784769158));
#3554=CARTESIAN_POINT('',(17.434430943,8.402473289,4.756270761));
#3555=CARTESIAN_POINT('',(17.707651514,8.526364784,4.727653303));
#3556=CARTESIAN_POINT('',(17.980872085,8.650256279,4.699035845));
#3557=CARTESIAN_POINT('',(18.277343544,8.72413728,4.670295869));
#3558=CARTESIAN_POINT('',(18.577337165,8.745459934,4.641569891));
#3559=CARTESIAN_POINT('',(18.877330786,8.766782587,4.612843914));
#3560=CARTESIAN_POINT('',(19.180859941,8.735525214,4.584198897));
#3561=CARTESIAN_POINT('',(19.468090788,8.649055797,4.555537926));
#3562=CARTESIAN_POINT('',(19.755321635,8.56258638,4.526876956));
#3563=CARTESIAN_POINT('',(20.0265325,8.422114059,4.498243573));
#3564=CARTESIAN_POINT('',(20.265853533,8.239833211,4.469619137));
#3565=CARTESIAN_POINT('',(20.505174567,8.057552363,4.440994702));
#3566=CARTESIAN_POINT('',(20.71258803,7.833436927,4.412363028));
#3567=CARTESIAN_POINT('',(20.872196708,7.579671322,4.383712872));
#3568=CARTESIAN_POINT('',(21.031805385,7.325905718,4.355062715));
#3569=CARTESIAN_POINT('',(21.14258357,7.041919919,4.326373961));
#3570=CARTESIAN_POINT('',(21.201734871,6.747092075,4.29772049));
#3571=CARTESIAN_POINT('',(21.260886173,6.452264232,4.26906702));
#3572=CARTESIAN_POINT('',(21.268383309,6.146596467,4.240395354));
#3573=CARTESIAN_POINT('',(21.221485609,5.850067965,4.211725105));
#3574=CARTESIAN_POINT('',(21.174587909,5.553539463,4.183054855));
#3575=CARTESIAN_POINT('',(21.071488495,5.26673358,4.154571884));
#3576=CARTESIAN_POINT('',(20.92142288,5.006369708,4.126074448));
#3577=CARTESIAN_POINT('',(20.771357265,4.746005837,4.097577012));
#3578=CARTESIAN_POINT('',(20.574714308,4.512094295,4.068753177));
#3579=CARTESIAN_POINT('',(20.343886025,4.319999965,4.03994191));
#3580=CARTESIAN_POINT('',(20.113057743,4.127905635,4.011130643));
#3581=CARTESIAN_POINT('',(19.847140298,3.979202039,3.982536957));
#3582=CARTESIAN_POINT('',(19.562517537,3.882917642,3.953876222));
#3583=CARTESIAN_POINT('',(18.993272014,3.690348849,3.896554752));
#3584=CARTESIAN_POINT('',(18.354074598,3.703710683,3.839426738));
#3585=CARTESIAN_POINT('',(17.799770854,3.933912814,3.782096997));
#3586=CARTESIAN_POINT('',(17.245467109,4.164114945,3.724767257));
#3587=CARTESIAN_POINT('',(16.772613328,4.597559233,3.667374378));
#3588=CARTESIAN_POINT('',(16.507433058,5.135733036,3.610058777));
#3589=CARTESIAN_POINT('',(16.242252789,5.673906839,3.552743177));
#3590=CARTESIAN_POINT('',(16.176080138,6.311690782,3.495806647));
#3591=CARTESIAN_POINT('',(16.329473203,6.891387727,3.438305175));
#3592=CARTESIAN_POINT('',(16.482866268,7.471084672,3.380803703));
#3593=CARTESIAN_POINT('',(16.85652249,7.992735566,3.323323481));
#3594=CARTESIAN_POINT('',(17.353719233,8.328482897,3.266327197));
#3595=CARTESIAN_POINT('',(17.850915977,8.664230228,3.209330912));
#3596=CARTESIAN_POINT('',(18.475418345,8.80687726,3.151675313));
#3597=CARTESIAN_POINT('',(19.071171068,8.732671282,3.094340637));
#3598=CARTESIAN_POINT('',(19.66692379,8.658465305,3.037005962));
#3599=CARTESIAN_POINT('',(20.228995583,8.353159643,2.979728317));
#3600=CARTESIAN_POINT('',(20.628059962,7.904065203,2.922442509));
#3601=CARTESIAN_POINT('',(20.827592151,7.679517983,2.893799605));
#3602=CARTESIAN_POINT('',(20.985073914,7.418899841,2.865152083));
#3603=CARTESIAN_POINT('',(21.090311797,7.137652407,2.836497603));
#3604=CARTESIAN_POINT('',(21.19554968,6.856404973,2.807843123));
#3605=CARTESIAN_POINT('',(21.250321207,6.55554137,2.77917902));
#3606=CARTESIAN_POINT('',(21.251958946,6.254910635,2.750525687));
#3607=CARTESIAN_POINT('',(21.253596685,5.954279899,2.721872355));
#3608=CARTESIAN_POINT('',(21.201374077,5.654098328,2.693284304));
#3609=CARTESIAN_POINT('',(21.095271445,5.373510556,2.664635616));
#3610=CARTESIAN_POINT('',(20.989168812,5.092922783,2.635986928));
#3611=CARTESIAN_POINT('',(20.831347096,4.83132387,2.607280699));
#3612=CARTESIAN_POINT('',(20.633973487,4.604408226,2.578629831));
#3613=CARTESIAN_POINT('',(20.436599878,4.377492582,2.549978963));
#3614=CARTESIAN_POINT('',(20.199486815,4.185450476,2.521318099));
#3615=CARTESIAN_POINT('',(19.935044629,4.043981046,2.492664965));
#3616=CARTESIAN_POINT('',(19.670602443,3.902511616,2.46401183));
#3617=CARTESIAN_POINT('',(19.379500738,3.810465304,2.435428288));
#3618=CARTESIAN_POINT('',(19.081418595,3.770552487,2.406828604));
#3619=CARTESIAN_POINT('',(18.783336451,3.73063967,2.37822892));
#3620=CARTESIAN_POINT('',(18.478273438,3.742890338,2.349593557));
#3621=CARTESIAN_POINT('',(18.185946233,3.81001653,2.320915885));
#3622=CARTESIAN_POINT('',(17.893619027,3.877142722,2.292238212));
#3623=CARTESIAN_POINT('',(17.614324028,4.000318952,2.263464113));
#3624=CARTESIAN_POINT('',(17.364041218,4.167572219,2.234780047));
#3625=CARTESIAN_POINT('',(17.113758408,4.334825486,2.20609598));
#3626=CARTESIAN_POINT('',(16.892588628,4.546227136,2.177401096));
#3627=CARTESIAN_POINT('',(16.71660659,4.789242612,2.148763731));
#3628=CARTESIAN_POINT('',(16.540624551,5.032258089,2.120126366));
#3629=CARTESIAN_POINT('',(16.411594559,5.30774288,2.09164366));
#3630=CARTESIAN_POINT('',(16.334470214,5.597731741,2.062987397));
#3631=CARTESIAN_POINT('',(16.25734587,5.887720602,2.034331133));
#3632=CARTESIAN_POINT('',(16.231034683,6.19181653,2.0057184));
#3633=CARTESIAN_POINT('',(16.258565511,6.490855195,1.977063503));
#3634=CARTESIAN_POINT('',(16.286096339,6.789893859,1.948408607));
#3635=CARTESIAN_POINT('',(16.369787314,7.083359065,1.919620916));
#3636=CARTESIAN_POINT('',(16.503516537,7.353096118,1.891044849));
#3637=CARTESIAN_POINT('',(16.637245761,7.62283317,1.862468781));
#3638=CARTESIAN_POINT('',(16.818757495,7.869604751,1.834504632));
#3639=CARTESIAN_POINT('',(17.036805198,8.076316141,1.806101596));
#3640=CARTESIAN_POINT('',(17.254852901,8.283027531,1.777698559));
#3641=CARTESIAN_POINT('',(17.509700388,8.448544113,1.748937866));
#3642=CARTESIAN_POINT('',(17.787235548,8.561249272,1.719470139));
#3643=CARTESIAN_POINT('',(18.064770708,8.673954432,1.690002412));
#3644=CARTESIAN_POINT('',(18.363491819,8.740043347,1.662259059));
#3645=CARTESIAN_POINT('',(18.665103992,8.750588206,1.63312979));
#3646=CARTESIAN_POINT('',(18.966716165,8.761133066,1.60400052));
#3647=CARTESIAN_POINT('',(19.269743012,8.716924986,1.574423593));
#3648=CARTESIAN_POINT('',(19.55372053,8.622463028,1.547437805));
#3649=CARTESIAN_POINT('',(19.837698047,8.528001071,1.520452017));
#3650=CARTESIAN_POINT('',(20.102281375,8.381927709,1.49366094));
#3651=CARTESIAN_POINT('',(20.33249274,8.190592293,1.46343238));
#3652=CARTESIAN_POINT('',(20.562704106,7.999256877,1.433203821));
#3653=CARTESIAN_POINT('',(20.764443497,7.76800117,1.404440534));
#3654=CARTESIAN_POINT('',(20.916620313,7.505764981,1.375475762));
#3655=CARTESIAN_POINT('',(21.068797129,7.243528792,1.346510989));
#3656=CARTESIAN_POINT('',(21.169608705,6.953077874,1.317518966));
#3657=CARTESIAN_POINT('',(21.221019754,6.657718628,1.290744389));
#3658=CARTESIAN_POINT('',(21.272430803,6.362359382,1.263969813));
#3659=CARTESIAN_POINT('',(21.267191552,6.060234944,1.234497487));
#3660=CARTESIAN_POINT('',(21.207469863,5.767240271,1.20427032));
#3661=CARTESIAN_POINT('',(21.147748175,5.474245598,1.174043153));
#3662=CARTESIAN_POINT('',(21.036475377,5.18889889,1.146415419));
#3663=CARTESIAN_POINT('',(20.877238088,4.93202599,1.117605553));
#3664=CARTESIAN_POINT('',(20.7180008,4.67515309,1.088795687));
#3665=CARTESIAN_POINT('',(20.5135197,4.446282153,1.060020774));
#3666=CARTESIAN_POINT('',(20.276173831,4.262226439,1.031428319));
#3667=CARTESIAN_POINT('',(20.038827962,4.078170726,1.002835863));
#3668=CARTESIAN_POINT('',(19.767556958,3.940117757,0.975009519));
#3669=CARTESIAN_POINT('',(19.479372823,3.854564986,0.947079255));
#3670=CARTESIAN_POINT('',(19.191188688,3.769012215,0.91914899));
#3671=CARTESIAN_POINT('',(18.886925273,3.735151442,0.890872761));
#3672=CARTESIAN_POINT('',(18.587078139,3.75462614,0.861257126));
#3673=CARTESIAN_POINT('',(18.437154571,3.764363489,0.846449309));
#3674=CARTESIAN_POINT('',(18.288210683,3.786834358,0.831638886));
#3675=CARTESIAN_POINT('',(18.142452298,3.822457649,0.816670335));
#3676=CARTESIAN_POINT('',(17.996693913,3.85808094,0.801701785));
#3677=CARTESIAN_POINT('',(17.853140023,3.904210979,0.788218786));
#3678=CARTESIAN_POINT('',(17.716068534,3.96550655,0.773517343));
#3679=CARTESIAN_POINT('',(17.441925557,4.088097693,0.744114456));
#3680=CARTESIAN_POINT('',(17.193324923,4.264767786,0.715308851));
#3681=CARTESIAN_POINT('',(16.981920343,4.478374427,0.687853017));
#3682=CARTESIAN_POINT('',(16.559111182,4.905587711,0.632941349));
#3683=CARTESIAN_POINT('',(16.287604963,5.484757351,0.575642347));
#3684=CARTESIAN_POINT('',(16.247568988,6.085083559,0.515834336));
#3685=CARTESIAN_POINT('',(16.207533013,6.685409767,0.456026324));
#3686=CARTESIAN_POINT('',(16.401112328,7.2948426,0.404104988));
#3687=CARTESIAN_POINT('',(16.765467285,7.772314095,0.346031392));
#3688=CARTESIAN_POINT('',(16.856556024,7.891681969,0.331512993));
#3689=CARTESIAN_POINT('',(16.95810997,8.002970338,0.316732484));
#3690=CARTESIAN_POINT('',(17.068902504,8.104110049,0.301720779));
#3691=CARTESIAN_POINT('',(17.179695037,8.205249761,0.286709074));
#3692=CARTESIAN_POINT('',(17.297328561,8.300038955,0.27404599));
#3693=CARTESIAN_POINT('',(17.426032748,8.377685848,0.257951841));
#3694=CARTESIAN_POINT('',(17.490384841,8.416509294,0.249904767));
#3695=CARTESIAN_POINT('',(17.555154773,8.454917962,0.243636738));
#3696=CARTESIAN_POINT('',(17.622431454,8.488618773,0.236379755));
#3697=CARTESIAN_POINT('',(17.689708135,8.522319584,0.229122772));
#3698=CARTESIAN_POINT('',(17.758786028,8.55227364,0.221541872));
#3699=CARTESIAN_POINT('',(17.828594536,8.580371822,0.214822825));
#3700=CARTESIAN_POINT('',(17.968211553,8.636568186,0.201384731));
#3701=CARTESIAN_POINT('',(18.113894133,8.67672368,0.186110387));
#3702=CARTESIAN_POINT('',(18.261329375,8.705409845,0.171871217));
#3703=CARTESIAN_POINT('',(18.85107034,8.820154504,0.114914538));
#3704=CARTESIAN_POINT('',(19.481091457,8.719121725,0.059215127));
#3705=CARTESIAN_POINT('',(20.001443073,8.417618441,0.000052736));
#3706=B_SPLINE_CURVE_WITH_KNOTS('',3,(#3537,#3538,#3539,#3540,#3541,#3542,#3543,#3544,#3545,#3546,#3547,#3548,#3549,#3550,#3551,#3552,#3553,#3554,#3555,#3556,#3557,#3558,#3559,#3560,#3561,#3562,
#3563,#3564,#3565,#3566,#3567,#3568,#3569,#3570,#3571,#3572,#3573,#3574,#3575,#3576,#3577,#3578,#3579,#3580,#3581,#3582,#3583,#3584,#3585,#3586,#3587,
#3588,#3589,#3590,#3591,#3592,#3593,#3594,#3595,#3596,#3597,#3598,#3599,#3600,#3601,#3602,#3603,#3604,#3605,#3606,#3607,#3608,#3609,#3610,#3611,#3612,
#3613,#3614,#3615,#3616,#3617,#3618,#3619,#3620,#3621,#3622,#3623,#3624,#3625,#3626,#3627,#3628,#3629,#3630,#3631,#3632,#3633,#3634,#3635,#3636,#3637,
#3638,#3639,#3640,#3641,#3642,#3643,#3644,#3645,#3646,#3647,#3648,#3649,#3650,#3651,#3652,#3653,#3654,#3655,#3656,#3657,#3658,#3659,#3660,#3661,#3662,
#3663,#3664,#3665,#3666,#3667,#3668,#3669,#3670,#3671,#3672,#3673,#3674,#3675,#3676,#3677,#3678,#3679,#3680,#3681,#3682,#3683,#3684,#3685,#3686,#3687,
#3688,#3689,#3690,#3691,#3692,#3693,#3694,#3695,#3696,#3697,#3698,#3699,#3700,#3701,#3702,#3703,#3704,#3705),.UNSPECIFIED.,.F.,.F.,(4,3,3,3,3,3,3,3,3,3,3,3,3,3,3,3,3,3,3,3,3,3,3,3,3,3,
3,3,3,3,3,3,3,3,3,3,3,3,3,3,3,3,3,3,3,3,3,3,3,3,3,
3,3,3,3,3,4),(9.773279213,9.954891934,10.136504655,10.318117376,10.408923737,10.499730097,10.590536458,10.681342819,10.772149179,10.86295554,10.9537619,11.044568261,11.135374622,11.226180982,11.316987343,11.407793704,11.589406425,11.771019146,11.952631867,12.134244588,12.31585731,12.497470031,12.588276391,12.679082752,12.769889113,12.860695473,
12.951501834,13.042308195,13.133114555,13.223920916,13.314727276,13.405533637,13.496339998,13.587146358,13.677952719,13.768759079,13.85956544,13.950371801,14.041178161,14.131984522,14.222790882,14.313597243,14.404403604,14.495209964,14.586016325,14.676822686,14.722225866,14.767629046,14.858435407,15.040048128,15.221660849,
15.267064029,15.31246721,15.3351688,15.35787039,15.40327357,15.584886292),.UNSPECIFIED.);
#3707=EDGE_CURVE('',#1691,#283,#3706,.T.);
#3708=ORIENTED_EDGE('',*,*,#3707,.T.);
#3709=ORIENTED_EDGE('',*,*,#400,.T.);
#3710=CARTESIAN_POINT('',(16.872318402,9.5565921,5.498292087));
#3711=CARTESIAN_POINT('',(17.660540188,10.006198738,5.442525363));
#3712=CARTESIAN_POINT('',(18.624446684,10.156417874,5.384054372));
#3713=CARTESIAN_POINT('',(19.518472255,9.973372104,5.325929235));
#3714=CARTESIAN_POINT('',(20.412497827,9.790326334,5.267804099));
#3715=CARTESIAN_POINT('',(21.229366615,9.267215236,5.21192198));
#3716=CARTESIAN_POINT('',(21.781261441,8.544636738,5.154748455));
#3717=CARTESIAN_POINT('',(22.333156267,7.82205824,5.09757493));
#3718=CARTESIAN_POINT('',(22.602658507,6.887066904,5.040182312));
#3719=CARTESIAN_POINT('',(22.540778999,5.976328252,4.982837856));
#3720=CARTESIAN_POINT('',(22.509839245,5.520958926,4.954165628));
#3721=CARTESIAN_POINT('',(22.394836815,5.0732145,4.925521113));
#3722=CARTESIAN_POINT('',(22.202341021,4.660189165,4.89689491));
#3723=CARTESIAN_POINT('',(22.009845226,4.247163829,4.868268707));
#3724=CARTESIAN_POINT('',(21.742789466,3.867950252,4.839654613));
#3725=CARTESIAN_POINT('',(21.419440156,3.546281256,4.811030836));
#3726=CARTESIAN_POINT('',(21.096090847,3.22461226,4.78240706));
#3727=CARTESIAN_POINT('',(20.715485525,2.962020645,4.753524877));
#3728=CARTESIAN_POINT('',(20.298795959,2.778115903,4.724847013));
#3729=CARTESIAN_POINT('',(19.882106393,2.594211161,4.696169149));
#3730=CARTESIAN_POINT('',(19.430998156,2.486098356,4.667676669));
#3731=CARTESIAN_POINT('',(18.975476904,2.457953324,4.639148483));
#3732=CARTESIAN_POINT('',(18.519955653,2.429808292,4.610620297));
#3733=CARTESIAN_POINT('',(18.060138734,2.481963774,4.581958267));
#3734=CARTESIAN_POINT('',(17.62557074,2.617310415,4.553330432));
#3735=CARTESIAN_POINT('',(17.191002747,2.752657056,4.524702597));
#3736=CARTESIAN_POINT('',(16.781210193,2.969531262,4.496038047));
#3737=CARTESIAN_POINT('',(16.420406805,3.249491304,4.467361173));
#3738=CARTESIAN_POINT('',(16.059603418,3.529451346,4.438684298));
#3739=CARTESIAN_POINT('',(15.747760126,3.872455013,4.410021734));
#3740=CARTESIAN_POINT('',(15.50904909,4.260042736,4.381388339));
#3741=CARTESIAN_POINT('',(15.270338055,4.647630458,4.352754943));
#3742=CARTESIAN_POINT('',(15.106135035,5.080579674,4.324185025));
#3743=CARTESIAN_POINT('',(15.020649667,5.528863527,4.295550861));
#3744=CARTESIAN_POINT('',(14.935164299,5.97714738,4.266916698));
#3745=CARTESIAN_POINT('',(14.928070761,6.440613137,4.238300991));
#3746=CARTESIAN_POINT('',(15.002821397,6.889680093,4.209682535));
#3747=CARTESIAN_POINT('',(15.077572032,7.338747049,4.181064078));
#3748=CARTESIAN_POINT('',(15.237691196,7.77269174,4.152145696));
#3749=CARTESIAN_POINT('',(15.469063607,8.166100504,4.123292121));
#3750=CARTESIAN_POINT('',(15.700436018,8.559509268,4.094438545));
#3751=CARTESIAN_POINT('',(16.001678926,8.912785883,4.066119526));
#3752=CARTESIAN_POINT('',(16.354446796,9.201375893,4.037702217));
#3753=CARTESIAN_POINT('',(16.707214666,9.489965903,4.009284907));
#3754=CARTESIAN_POINT('',(17.112867479,9.711184344,3.980562642));
#3755=CARTESIAN_POINT('',(17.54585582,9.853799445,3.951934467));
#3756=CARTESIAN_POINT('',(18.411832503,10.139029649,3.894678117));
#3757=CARTESIAN_POINT('',(19.382099121,10.11169141,3.837150452));
#3758=CARTESIAN_POINT('',(20.221104982,9.755380459,3.779937192));
#3759=CARTESIAN_POINT('',(21.060110844,9.399069507,3.722723933));
#3760=CARTESIAN_POINT('',(21.771393494,8.735946225,3.66556728));
#3761=CARTESIAN_POINT('',(22.167861835,7.916653065,3.608288015));
#3762=CARTESIAN_POINT('',(22.564330175,7.097359904,3.55100875));
#3763=CARTESIAN_POINT('',(22.657813361,6.128255598,3.493215861));
#3764=CARTESIAN_POINT('',(22.418601306,5.249619175,3.436253405));
#3765=CARTESIAN_POINT('',(22.179389251,4.370982752,3.379290949));
#3766=CARTESIAN_POINT('',(21.607506965,3.583884172,3.322231446));
#3767=CARTESIAN_POINT('',(20.849127408,3.079532499,3.264501458));
#3768=CARTESIAN_POINT('',(20.090747851,2.575180826,3.20677147));
#3769=CARTESIAN_POINT('',(19.141015212,2.364226963,3.150058002));
#3770=CARTESIAN_POINT('',(18.238129462,2.482988464,3.092815671));
#3771=CARTESIAN_POINT('',(17.335243711,2.601749965,3.03557334));
#3772=CARTESIAN_POINT('',(16.484302739,3.070012033,2.978272323));
#3773=CARTESIAN_POINT('',(15.882612479,3.755497597,2.920981532));
#3774=CARTESIAN_POINT('',(15.581767349,4.098240379,2.892336137));
#3775=CARTESIAN_POINT('',(15.345233896,4.495364203,2.863691849));
#3776=CARTESIAN_POINT('',(15.188053476,4.923200472,2.835060854));
#3777=CARTESIAN_POINT('',(15.030873057,5.351036741,2.806429858));
#3778=CARTESIAN_POINT('',(14.950357487,5.808023369,2.777804907));
#3779=CARTESIAN_POINT('',(14.950409416,6.264201292,2.749167253));
#3780=CARTESIAN_POINT('',(14.950461344,6.720379215,2.720529599));
#3781=CARTESIAN_POINT('',(15.032482425,7.175413387,2.691793615));
#3782=CARTESIAN_POINT('',(15.195951486,7.600527485,2.663157901));
#3783=CARTESIAN_POINT('',(15.359420546,8.025641584,2.634522187));
#3784=CARTESIAN_POINT('',(15.601129503,8.421652033,2.605970348));
#3785=CARTESIAN_POINT('',(15.902659025,8.764339403,2.577333039));
#3786=CARTESIAN_POINT('',(16.204188547,9.107026772,2.54869573));
#3787=CARTESIAN_POINT('',(16.565452567,9.396346653,2.520068851));
#3788=CARTESIAN_POINT('',(16.96782786,9.609092724,2.491432555));
#3789=CARTESIAN_POINT('',(17.370203154,9.821838794,2.46279626));
#3790=CARTESIAN_POINT('',(17.81288976,9.959380765,2.434054442));
#3791=CARTESIAN_POINT('',(18.265746081,10.017689992,2.405343426));
#3792=CARTESIAN_POINT('',(18.718602403,10.075999219,2.37663241));
#3793=CARTESIAN_POINT('',(19.181629198,10.055115308,2.347977915));
#3794=CARTESIAN_POINT('',(19.624751815,9.951000657,2.319380647));
#3795=CARTESIAN_POINT('',(20.067874432,9.846886006,2.290783378));
#3796=CARTESIAN_POINT('',(20.490702238,9.658073257,2.262325001));
#3797=CARTESIAN_POINT('',(20.868965629,9.402605467,2.233722356));
#3798=CARTESIAN_POINT('',(21.247229019,9.147137676,2.205119712));
#3799=CARTESIAN_POINT('',(21.581157762,8.825430497,2.176527604));
#3800=CARTESIAN_POINT('',(21.846862564,8.455629675,2.147870976));
#3801=CARTESIAN_POINT('',(22.112567365,8.085828853,2.119214349));
#3802=CARTESIAN_POINT('',(22.306882373,7.666024801,2.090344765));
#3803=CARTESIAN_POINT('',(22.422410529,7.224510739,2.061742072));
#3804=CARTESIAN_POINT('',(22.537938685,6.782996678,2.033139379));
#3805=CARTESIAN_POINT('',(22.575169251,6.320332645,2.004473276));
#3806=CARTESIAN_POINT('',(22.530967147,5.866854115,1.975841178));
#3807=CARTESIAN_POINT('',(22.486765042,5.413375586,1.94720908));
#3808=CARTESIAN_POINT('',(22.359086674,4.969420214,1.919042012));
#3809=CARTESIAN_POINT('',(22.154931416,4.56179823,1.889949861));
#3810=CARTESIAN_POINT('',(21.7466209,3.746554262,1.83176556));
#3811=CARTESIAN_POINT('',(21.042917073,3.076658091,1.772827484));
#3812=CARTESIAN_POINT('',(20.197979765,2.734981056,1.717614848));
#3813=CARTESIAN_POINT('',(19.77551111,2.564142538,1.690008531));
#3814=CARTESIAN_POINT('',(19.32075693,2.474784347,1.660329988));
#3815=CARTESIAN_POINT('',(18.865571693,2.459813719,1.632320285));
#3816=CARTESIAN_POINT('',(18.410386456,2.444843091,1.604310582));
#3817=CARTESIAN_POINT('',(17.95291759,2.505880837,1.576725209));
#3818=CARTESIAN_POINT('',(17.52146271,2.651438185,1.545700348));
#3819=CARTESIAN_POINT('',(17.09000783,2.796995534,1.514675488));
#3820=CARTESIAN_POINT('',(16.685166263,3.025893274,1.483630442));
#3821=CARTESIAN_POINT('',(16.333091605,3.317612358,1.457434341));
#3822=CARTESIAN_POINT('',(15.981016947,3.609331442,1.43123824));
#3823=CARTESIAN_POINT('',(15.687796806,3.967562298,1.402781454));
#3824=CARTESIAN_POINT('',(15.461923458,4.360855082,1.374386034));
#3825=CARTESIAN_POINT('',(15.23605011,4.754147867,1.345990614));
#3826=CARTESIAN_POINT('',(15.074729976,5.186314977,1.317667687));
#3827=CARTESIAN_POINT('',(14.999975733,5.63590253,1.286324858));
#3828=CARTESIAN_POINT('',(14.92522149,6.085490082,1.254982028));
#3829=CARTESIAN_POINT('',(14.931102935,6.549591214,1.227705679));
#3830=CARTESIAN_POINT('',(15.022028461,6.99631653,1.2014443));
#3831=CARTESIAN_POINT('',(15.112953986,7.443041845,1.175182921));
#3832=CARTESIAN_POINT('',(15.291965976,7.870169384,1.145103569));
#3833=CARTESIAN_POINT('',(15.533522045,8.257246015,1.116650208));
#3834=CARTESIAN_POINT('',(15.775078114,8.644322646,1.088196847));
#3835=CARTESIAN_POINT('',(16.080796594,8.993007576,1.061279337));
#3836=CARTESIAN_POINT('',(16.440746975,9.270665077,1.030958753));
#3837=CARTESIAN_POINT('',(16.620722165,9.409493828,1.015798461));
#3838=CARTESIAN_POINT('',(16.811632587,9.53406968,1.002443574));
#3839=CARTESIAN_POINT('',(17.014336271,9.63660706,0.987441137));
#3840=CARTESIAN_POINT('',(17.217039954,9.739144441,0.9724387));
#3841=CARTESIAN_POINT('',(17.429705761,9.822440109,0.957417699));
#3842=CARTESIAN_POINT('',(17.648514951,9.886407036,0.942555058));
#3843=CARTESIAN_POINT('',(18.08613333,10.01434089,0.912829776));
#3844=CARTESIAN_POINT('',(18.548517348,10.064954692,0.883720877));
#3845=CARTESIAN_POINT('',(19.004712085,10.036262932,0.856562819));
#3846=CARTESIAN_POINT('',(19.917101559,9.978879411,0.802246702));
#3847=CARTESIAN_POINT('',(20.793647058,9.591457575,0.748357581));
#3848=CARTESIAN_POINT('',(21.433434531,8.940167943,0.686831398));
#3849=CARTESIAN_POINT('',(21.753328267,8.614523127,0.656068306));
#3850=CARTESIAN_POINT('',(22.017542719,8.229622836,0.62589141));
#3851=CARTESIAN_POINT('',(22.208896009,7.812601356,0.598113475));
#3852=CARTESIAN_POINT('',(22.304572654,7.604090616,0.584224507));
#3853=CARTESIAN_POINT('',(22.382617141,7.387700733,0.571426597));
#3854=CARTESIAN_POINT('',(22.438531448,7.166519276,0.557806238));
#3855=CARTESIAN_POINT('',(22.494445754,6.945337818,0.544185879));
#3856=CARTESIAN_POINT('',(22.526982119,6.719736447,0.528880134));
#3857=CARTESIAN_POINT('',(22.542568573,6.493982627,0.51536475));
#3858=CARTESIAN_POINT('',(22.573741479,6.042474988,0.488333981));
#3859=CARTESIAN_POINT('',(22.522841012,5.586121002,0.459764747));
#3860=CARTESIAN_POINT('',(22.386863633,5.151356092,0.428839333));
#3861=CARTESIAN_POINT('',(22.250886253,4.716591183,0.397913918));
#3862=CARTESIAN_POINT('',(22.036572538,4.30347535,0.368265067));
#3863=CARTESIAN_POINT('',(21.759497607,3.939037164,0.340278363));
#3864=CARTESIAN_POINT('',(21.620960142,3.75681807,0.326285011));
#3865=CARTESIAN_POINT('',(21.466815939,3.586689579,0.312746145));
#3866=CARTESIAN_POINT('',(21.29890697,3.432235706,0.299409436));
#3867=CARTESIAN_POINT('',(21.130998001,3.277781833,0.286072728));
#3868=CARTESIAN_POINT('',(20.946355829,3.14365783,0.26984676));
#3869=CARTESIAN_POINT('',(20.755027062,3.021095875,0.257647585));
#3870=CARTESIAN_POINT('',(20.659362678,2.959814897,0.251547998));
#3871=CARTESIAN_POINT('',(20.559216276,2.9059245,0.243387062));
#3872=CARTESIAN_POINT('',(20.45769415,2.854966368,0.236253059));
#3873=CARTESIAN_POINT('',(20.356172024,2.804008236,0.229119056));
#3874=CARTESIAN_POINT('',(20.253182124,2.755362389,0.223312007));
#3875=CARTESIAN_POINT('',(20.146565785,2.71563794,0.214843149));
#3876=CARTESIAN_POINT('',(19.933333109,2.636189044,0.197905432));
#3877=CARTESIAN_POINT('',(19.715541508,2.566553428,0.186328628));
#3878=CARTESIAN_POINT('',(19.491544939,2.521950902,0.171838705));
#3879=CARTESIAN_POINT('',(18.595558663,2.343540794,0.113879013));
#3880=CARTESIAN_POINT('',(17.637908247,2.505405217,0.055069174));
#3881=CARTESIAN_POINT('',(16.849484277,2.958097867,-0.000075793));
#3882=B_SPLINE_CURVE_WITH_KNOTS('',3,(#3710,#3711,#3712,#3713,#3714,#3715,#3716,#3717,#3718,#3719,#3720,#3721,#3722,#3723,#3724,#3725,#3726,#3727,#3728,#3729,#3730,#3731,#3732,#3733,#3734,#3735,
#3736,#3737,#3738,#3739,#3740,#3741,#3742,#3743,#3744,#3745,#3746,#3747,#3748,#3749,#3750,#3751,#3752,#3753,#3754,#3755,#3756,#3757,#3758,#3759,#3760,
#3761,#3762,#3763,#3764,#3765,#3766,#3767,#3768,#3769,#3770,#3771,#3772,#3773,#3774,#3775,#3776,#3777,#3778,#3779,#3780,#3781,#3782,#3783,#3784,#3785,
#3786,#3787,#3788,#3789,#3790,#3791,#3792,#3793,#3794,#3795,#3796,#3797,#3798,#3799,#3800,#3801,#3802,#3803,#3804,#3805,#3806,#3807,#3808,#3809,#3810,
#3811,#3812,#3813,#3814,#3815,#3816,#3817,#3818,#3819,#3820,#3821,#3822,#3823,#3824,#3825,#3826,#3827,#3828,#3829,#3830,#3831,#3832,#3833,#3834,#3835,
#3836,#3837,#3838,#3839,#3840,#3841,#3842,#3843,#3844,#3845,#3846,#3847,#3848,#3849,#3850,#3851,#3852,#3853,#3854,#3855,#3856,#3857,#3858,#3859,#3860,
#3861,#3862,#3863,#3864,#3865,#3866,#3867,#3868,#3869,#3870,#3871,#3872,#3873,#3874,#3875,#3876,#3877,#3878,#3879,#3880,#3881),.UNSPECIFIED.,.F.,.F.,(4,3,3,3,3,3,3,3,3,3,3,3,3,3,3,3,3,3,3,3,3,3,3,3,3,3,
3,3,3,3,3,3,3,3,3,3,3,3,3,3,3,3,3,3,3,3,3,3,3,3,3,
3,3,3,3,3,3,4),(4.802176942,5.077134627,5.352092312,5.627049996,5.764528839,5.902007681,6.039486524,6.176965366,6.314444208,6.451923051,6.589401893,6.726880736,6.864359578,7.00183842,7.139317263,7.276796105,7.55175379,7.826711475,8.101669159,8.376626844,8.651584529,8.926542214,9.064021056,9.201499899,9.338978741,9.476457583,
9.613936426,9.751415268,9.88889411,10.026372953,10.163851795,10.301330638,10.43880948,10.576288322,10.851246007,10.98872485,11.126203692,11.263682534,11.401161377,11.538640219,11.676119061,11.813597904,11.951076746,12.019816167,12.088555589,12.226034431,12.500992116,12.638470958,12.707210379,12.775949801,12.913428643,
13.050907485,13.119646907,13.188386328,13.222756038,13.257125749,13.32586517,13.600822855),.UNSPECIFIED.);
#3883=EDGE_CURVE('',#1745,#281,#3882,.T.);
#3884=ORIENTED_EDGE('',*,*,#3883,.F.);
#3885=ORIENTED_EDGE('',*,*,#1749,.F.);
#3886=EDGE_LOOP('',(#3536,#3708,#3709,#3884,#3885));
#3887=FACE_BOUND('',#3886,.T.);
#3888=ADVANCED_FACE('',(#3887),#3535,.F.);
#3889=CARTESIAN_POINT('',(20.001420102,8.417788966,-0.));
#3890=CARTESIAN_POINT('',(19.95447684,8.444976527,0.005176629));
#3891=CARTESIAN_POINT('',(19.473551487,8.702743488,0.057224736));
#3892=CARTESIAN_POINT('',(18.405101681,8.879420267,0.156144319));
#3893=CARTESIAN_POINT('',(17.002067824,8.245217844,0.296758751));
#3894=CARTESIAN_POINT('',(16.189011918,6.937059184,0.437373183));
#3895=CARTESIAN_POINT('',(16.237278323,5.400355773,0.577987615));
#3896=CARTESIAN_POINT('',(17.135784585,4.144167308,0.718602047));
#3897=CARTESIAN_POINT('',(18.571662177,3.608837592,0.859216479));
#3898=CARTESIAN_POINT('',(20.471435723,4.030378397,1.036286504));
#3899=CARTESIAN_POINT('',(21.762014343,6.243855984,1.249812123));
#3900=CARTESIAN_POINT('',(20.251692623,8.860098193,1.499793335));
#3901=CARTESIAN_POINT('',(17.505370142,8.851443113,1.72894278));
#3902=CARTESIAN_POINT('',(16.071711152,6.966852453,1.937260457));
#3903=CARTESIAN_POINT('',(16.344050063,4.867338816,2.124746366));
#3904=CARTESIAN_POINT('',(18.02939462,3.569034514,2.312232275));
#3905=CARTESIAN_POINT('',(20.134365027,3.845711339,2.499718184));
#3906=CARTESIAN_POINT('',(21.429830719,5.528082623,2.687204093));
#3907=CARTESIAN_POINT('',(21.154990463,7.634624967,2.874690003));
#3908=CARTESIAN_POINT('',(19.47197213,8.929419321,3.062175912));
#3909=CARTESIAN_POINT('',(17.365759178,8.65540626,3.249661821));
#3910=CARTESIAN_POINT('',(16.070682822,6.971997918,3.43714773));
#3911=CARTESIAN_POINT('',(16.344287462,4.866502273,3.624633639));
#3912=CARTESIAN_POINT('',(18.028030722,3.56992038,3.812119549));
#3913=CARTESIAN_POINT('',(19.781667564,3.799890333,3.968357806));
#3914=CARTESIAN_POINT('',(20.782622682,4.684948602,4.093348412));
#3915=CARTESIAN_POINT('',(21.382315574,5.878583902,4.218339018));
#3916=CARTESIAN_POINT('',(21.156648082,7.6332814,4.374577276));
#3917=CARTESIAN_POINT('',(19.473044413,8.929024489,4.562063185));
#3918=CARTESIAN_POINT('',(17.367021902,8.656168121,4.749549095));
#3919=CARTESIAN_POINT('',(16.07095987,6.972965797,4.937035004));
#3920=CARTESIAN_POINT('',(16.343580964,4.867554455,5.124520913));
#3921=CARTESIAN_POINT('',(18.026593358,3.570485922,5.312006822));
#3922=CARTESIAN_POINT('',(20.131881632,3.844650088,5.499492731));
#3923=CARTESIAN_POINT('',(21.429938206,5.524188119,5.68697864));
#3924=CARTESIAN_POINT('',(21.154592771,7.635331515,5.87446455));
#3925=CARTESIAN_POINT('',(19.48460438,8.918703413,6.061186607));
#3926=CARTESIAN_POINT('',(18.083919137,8.754115173,6.185413361));
#3927=CARTESIAN_POINT('',(17.522415053,8.43678034,6.247144812));
#3928=CARTESIAN_POINT('',(20.211159877,8.79642228,-0.249468445));
#3929=CARTESIAN_POINT('',(20.156017078,8.828166981,-0.244291816));
#3930=CARTESIAN_POINT('',(19.591152421,9.129030837,-0.19224371));
#3931=CARTESIAN_POINT('',(18.33742932,9.332987698,-0.093324126));
#3932=CARTESIAN_POINT('',(16.693752664,8.584842732,0.047290306));
#3933=CARTESIAN_POINT('',(15.744120842,7.048019638,0.187904738));
#3934=CARTESIAN_POINT('',(15.805431248,5.245770668,0.32851917));
#3935=CARTESIAN_POINT('',(16.863128709,3.77513664,0.469133602));
#3936=CARTESIAN_POINT('',(18.548903827,3.151640358,0.609748034));
#3937=CARTESIAN_POINT('',(20.775856145,3.651872519,0.786818059));
#3938=CARTESIAN_POINT('',(22.282804493,6.252004362,1.000343678));
#3939=CARTESIAN_POINT('',(20.503351896,9.315970648,1.25032489));
#3940=CARTESIAN_POINT('',(17.282221122,9.297422947,1.479474335));
#3941=CARTESIAN_POINT('',(15.606448628,7.082604777,1.687792011));
#3942=CARTESIAN_POINT('',(15.932292346,4.620922823,1.875277921));
#3943=CARTESIAN_POINT('',(17.913001537,3.103296788,2.06276383));
#3944=CARTESIAN_POINT('',(20.381070581,3.434247276,2.250249739));
#3945=CARTESIAN_POINT('',(21.895376234,5.411458536,2.437735648));
#3946=CARTESIAN_POINT('',(21.566575084,7.881377996,2.625221557));
#3947=CARTESIAN_POINT('',(19.588606935,9.394893634,2.812707467));
#3948=CARTESIAN_POINT('',(17.1190713,9.067064146,3.000193376));
#3949=CARTESIAN_POINT('',(15.605226089,7.088637246,3.187679285));
#3950=CARTESIAN_POINT('',(15.93257435,4.619942346,3.375165194));
#3951=CARTESIAN_POINT('',(17.911398692,3.104331128,3.562651103));
#3952=CARTESIAN_POINT('',(19.967532419,3.379426621,3.718889361));
#3953=CARTESIAN_POINT('',(21.138844783,4.420568958,3.843879967));
#3954=CARTESIAN_POINT('',(21.83857541,5.822415778,3.968870573));
#3955=CARTESIAN_POINT('',(21.568522177,7.879806264,4.125108831));
#3956=CARTESIAN_POINT('',(19.58986634,9.39443461,4.31259474));
#3957=CARTESIAN_POINT('',(17.120549746,9.067961419,4.500080649));
#3958=CARTESIAN_POINT('',(15.605548812,7.089773219,4.687566558));
#3959=CARTESIAN_POINT('',(15.931741432,4.621173998,4.875052468));
#3960=CARTESIAN_POINT('',(17.909711574,3.104990845,5.062538377));
#3961=CARTESIAN_POINT('',(20.378160935,3.432994609,5.250024286));
#3962=CARTESIAN_POINT('',(21.895514432,5.406891548,5.437510195));
#3963=CARTESIAN_POINT('',(21.566106116,7.882204568,5.624996104));
#3964=CARTESIAN_POINT('',(19.603455893,9.38236432,5.811718162));
#3965=CARTESIAN_POINT('',(17.961098318,9.185035813,5.935944916));
#3966=CARTESIAN_POINT('',(17.303481542,8.811117251,5.997676367));
#3967=CARTESIAN_POINT('',(20.422454791,9.174045117,-0.499133819));
#3968=CARTESIAN_POINT('',(20.359134401,9.210380632,-0.49395719));
#3969=CARTESIAN_POINT('',(19.710539912,9.554687179,-0.441909083));
#3970=CARTESIAN_POINT('',(18.271715933,9.78670776,-0.3429895));
#3971=CARTESIAN_POINT('',(16.386981939,8.925683078,-0.202375068));
#3972=CARTESIAN_POINT('',(15.299838014,7.160848219,-0.061760636));
#3973=CARTESIAN_POINT('',(15.373053523,5.093077772,0.078853796));
#3974=CARTESIAN_POINT('',(16.588977685,3.407382662,0.219468228));
#3975=CARTESIAN_POINT('',(18.524198257,2.6946777,0.36008266));
#3976=CARTESIAN_POINT('',(21.078566766,3.272180784,0.537152685));
#3977=CARTESIAN_POINT('',(22.803473256,6.257923425,0.750678304));
#3978=CARTESIAN_POINT('',(20.756883439,9.770630964,1.000659516));
#3979=CARTESIAN_POINT('',(17.061045776,9.744221264,1.229808961));
#3980=CARTESIAN_POINT('',(15.141820017,7.200311709,1.438126638));
#3981=CARTESIAN_POINT('',(15.519606857,4.37634043,1.625612547));
#3982=CARTESIAN_POINT('',(17.794652105,2.638197067,1.813098456));
#3983=CARTESIAN_POINT('',(20.62594363,3.021852554,2.000584365));
#3984=CARTESIAN_POINT('',(22.36028285,5.292879882,2.188070274));
#3985=CARTESIAN_POINT('',(21.979090511,8.126297493,2.375556184));
#3986=CARTESIAN_POINT('',(19.707196009,9.859729333,2.563042093));
#3987=CARTESIAN_POINT('',(16.87421724,9.47965228,2.750528002));
#3988=CARTESIAN_POINT('',(15.140407989,7.207231086,2.938013911));
#3989=CARTESIAN_POINT('',(15.519931548,4.37521591,3.12549982));
#3990=CARTESIAN_POINT('',(17.792811569,2.639381524,3.312985729));
#3991=CARTESIAN_POINT('',(20.151544681,2.958293486,3.469223987));
#3992=CARTESIAN_POINT('',(21.493829888,4.154746778,3.594214593));
#3993=CARTESIAN_POINT('',(22.294455808,5.764314307,3.719205199));
#3994=CARTESIAN_POINT('',(21.981327612,8.124497618,3.875443457));
#3995=CARTESIAN_POINT('',(19.708641531,9.859204317,4.062929366));
#3996=CARTESIAN_POINT('',(16.875912273,9.480684224,4.250415275));
#3997=CARTESIAN_POINT('',(15.140776148,7.20853504,4.437901185));
#3998=CARTESIAN_POINT('',(15.518974371,4.376627882,4.625387094));
#3999=CARTESIAN_POINT('',(17.790874533,2.640135443,4.812873003));
#4000=CARTESIAN_POINT('',(20.622607202,3.02041078,5.000358912));
#4001=CARTESIAN_POINT('',(22.36044859,5.287639788,5.187844821));
#4002=CARTESIAN_POINT('',(21.978551267,8.12724554,5.37533073));
#4003=CARTESIAN_POINT('',(19.724253447,9.845376744,5.562052788));
#4004=CARTESIAN_POINT('',(17.840155929,9.616351199,5.686279542));
#4005=CARTESIAN_POINT('',(17.086213527,9.186276975,5.748010993));
#4006=CARTESIAN_POINT('',(20.634102213,9.551457124,-0.748816372));
#4007=CARTESIAN_POINT('',(20.562608812,9.592391087,-0.743639743));
#4008=CARTESIAN_POINT('',(19.830328005,9.980218584,-0.691591637));
#4009=CARTESIAN_POINT('',(18.206434854,10.240477738,-0.592672053));
#4010=CARTESIAN_POINT('',(16.080543019,9.266805152,-0.452057621));
#4011=CARTESIAN_POINT('',(14.855674416,7.274095273,-0.311443189));
#4012=CARTESIAN_POINT('',(14.940542768,4.940799282,-0.170828757));
#4013=CARTESIAN_POINT('',(16.314485236,3.039898947,-0.030214325));
#4014=CARTESIAN_POINT('',(18.499059795,2.237750877,0.110400107));
#4015=CARTESIAN_POINT('',(21.3809087,2.892212645,0.287470132));
#4016=CARTESIAN_POINT('',(23.324133586,6.263347988,0.500995751));
#4017=CARTESIAN_POINT('',(21.010839301,10.225038513,0.750976963));
#4018=CARTESIAN_POINT('',(16.840300538,10.191216884,0.980126408));
#4019=CARTESIAN_POINT('',(14.677315501,7.318456558,1.188444085));
#4020=CARTESIAN_POINT('',(15.106701081,4.132156155,1.375929994));
#4021=CARTESIAN_POINT('',(17.675864348,2.173222464,1.563415903));
#4022=CARTESIAN_POINT('',(20.870418817,2.609236747,1.750901812));
#4023=CARTESIAN_POINT('',(22.825064141,5.173863387,1.938387721));
#4024=CARTESIAN_POINT('',(22.391827063,8.37081885,2.12587363));
#4025=CARTESIAN_POINT('',(19.826222859,10.324439799,2.31335954));
#4026=CARTESIAN_POINT('',(16.629761388,9.892461391,2.500845449));
#4027=CARTESIAN_POINT('',(14.675715123,7.326262789,2.688331358));
#4028=CARTESIAN_POINT('',(15.107067897,4.130887556,2.875817267));
#4029=CARTESIAN_POINT('',(17.673786445,2.174557484,3.063303176));
#4030=CARTESIAN_POINT('',(20.335152492,2.536996755,3.219541434));
#4031=CARTESIAN_POINT('',(21.848553132,3.888595182,3.34453204));
#4032=CARTESIAN_POINT('',(22.750267942,5.705781801,3.469522646));
#4033=CARTESIAN_POINT('',(22.394354462,8.368790971,3.625760904));
#4034=CARTESIAN_POINT('',(19.827854216,10.323848274,3.813246813));
#4035=CARTESIAN_POINT('',(16.631673241,9.89362787,4.000732722));
#4036=CARTESIAN_POINT('',(14.676128565,7.327734711,4.188218631));
#4037=CARTESIAN_POINT('',(15.105987076,4.132480095,4.375704541));
#4038=CARTESIAN_POINT('',(17.671599385,2.1754055,4.56319045));
#4039=CARTESIAN_POINT('',(20.866655489,2.607606417,4.750676359));
#4040=CARTESIAN_POINT('',(22.825256695,5.167949949,4.938162268));
#4041=CARTESIAN_POINT('',(22.391217802,8.371888829,5.125648177));
#4042=CARTESIAN_POINT('',(19.845487055,10.308261581,5.312370235));
#4043=CARTESIAN_POINT('',(17.719625989,10.047769379,5.436596989));
#4044=CARTESIAN_POINT('',(16.869307303,9.561632505,5.49832844));
#4045=B_SPLINE_SURFACE_WITH_KNOTS('',3,3,((#3889,#3890,#3891,#3892,#3893,#3894,#3895,#3896,#3897,#3898,#3899,#3900,#3901,#3902,#3903,#3904,#3905,#3906,#3907,#3908,#3909,#3910,#3911,#3912,#3913,#3914,
#3915,#3916,#3917,#3918,#3919,#3920,#3921,#3922,#3923,#3924,#3925,#3926,#3927),(#3928,#3929,#3930,#3931,#3932,#3933,#3934,#3935,#3936,#3937,#3938,#3939,#3940,#3941,#3942,#3943,#3944,#3945,#3946,#3947,#3948,#3949,#3950,#3951,#3952,#3953,
#3954,#3955,#3956,#3957,#3958,#3959,#3960,#3961,#3962,#3963,#3964,#3965,#3966),(#3967,#3968,#3969,#3970,#3971,#3972,#3973,#3974,#3975,#3976,#3977,#3978,#3979,#3980,#3981,#3982,#3983,#3984,#3985,#3986,#3987,#3988,#3989,#3990,#3991,#3992,
#3993,#3994,#3995,#3996,#3997,#3998,#3999,#4000,#4001,#4002,#4003,#4004,#4005),(#4006,#4007,#4008,#4009,#4010,#4011,#4012,#4013,#4014,#4015,#4016,#4017,#4018,#4019,#4020,#4021,#4022,#4023,#4024,#4025,#4026,#4027,#4028,#4029,#4030,#4031,
#4032,#4033,#4034,#4035,#4036,#4037,#4038,#4039,#4040,#4041,#4042,#4043,#4044)),.UNSPECIFIED.,.F.,.F.,.U.,(4,4),(4,1,1,1,1,1,1,1,1,1,1,1,1,1,1,1,1,1,1,1,1,1,1,1,1,1,
1,1,1,1,1,1,1,1,1,1,4),(0.170679769,0.320537433),(7.339034499,7.40408594,7.993090295,8.58209465,9.171099005,9.76010336,10.349107715,10.93811207,11.527116425,12.574235278,13.621354131,14.668472984,15.453812124,16.239151264,17.024490404,17.809829544,18.595168684,19.380507824,20.165846964,20.951186104,21.736525244,22.521864384,23.307203524,24.092542664,24.485212234,24.877881804,
25.663220944,26.448560083,27.233899223,28.019238363,28.804577503,29.589916643,30.375255783,31.160594923,31.945934063,32.731273203,33.507013496),.UNSPECIFIED.);
#4046=ORIENTED_EDGE('',*,*,#1792,.T.);
#4047=ORIENTED_EDGE('',*,*,#3883,.T.);
#4048=ORIENTED_EDGE('',*,*,#334,.T.);
#4049=ORIENTED_EDGE('',*,*,#3707,.F.);
#4050=EDGE_LOOP('',(#4046,#4047,#4048,#4049));
#4051=FACE_BOUND('',#4050,.T.);
#4052=ADVANCED_FACE('',(#4051),#4045,.F.);
#4053=CARTESIAN_POINT('',(4.349425811,2.957998329,-0.000009183));
#4054=CARTESIAN_POINT('',(4.420755941,2.916683206,0.005170507));
#4055=CARTESIAN_POINT('',(5.151140689,2.525191971,0.057221674));
#4056=CARTESIAN_POINT('',(6.773774899,2.256874115,0.156144319));
#4057=CARTESIAN_POINT('',(8.904465367,3.220000517,0.296758751));
#4058=CARTESIAN_POINT('',(10.139203027,5.206603307,0.437373183));
#4059=CARTESIAN_POINT('',(10.065897406,7.540307416,0.577987615));
#4060=CARTESIAN_POINT('',(8.701405867,9.447971607,0.718602046));
#4061=CARTESIAN_POINT('',(6.520824041,10.260973755,0.859216478));
#4062=CARTESIAN_POINT('',(3.635773874,9.620773596,1.036286504));
#4063=CARTESIAN_POINT('',(1.675874508,6.259333715,1.249812122));
#4064=CARTESIAN_POINT('',(3.969455612,2.286234442,1.499793335));
#4065=CARTESIAN_POINT('',(8.140151014,2.299339433,1.728942779));
#4066=CARTESIAN_POINT('',(10.317326274,5.161372515,1.937260456));
#4067=CARTESIAN_POINT('',(9.903766041,8.349751524,2.124746365));
#4068=CARTESIAN_POINT('',(7.344329476,10.321402455,2.312232275));
#4069=CARTESIAN_POINT('',(4.147660408,9.901232058,2.499718184));
#4070=CARTESIAN_POINT('',(2.180319987,7.346326856,2.687204093));
#4071=CARTESIAN_POINT('',(2.597703243,4.147263552,2.874690002));
#4072=CARTESIAN_POINT('',(5.153588949,2.180945683,3.062175911));
#4073=CARTESIAN_POINT('',(8.3521542,2.597071191,3.24966182));
#4074=CARTESIAN_POINT('',(10.318897616,5.153550665,3.43714773));
#4075=CARTESIAN_POINT('',(9.903396702,8.351023798,3.624633639));
#4076=CARTESIAN_POINT('',(7.346400295,10.320060044,3.812119548));
#4077=CARTESIAN_POINT('',(4.683287153,9.970808713,3.968357806));
#4078=CARTESIAN_POINT('',(3.163180887,8.626745396,4.093348412));
#4079=CARTESIAN_POINT('',(2.252492776,6.814041114,4.218339018));
#4080=CARTESIAN_POINT('',(2.595175203,4.149296958,4.374577276));
#4081=CARTESIAN_POINT('',(5.151966987,2.181550458,4.562063185));
#4082=CARTESIAN_POINT('',(8.35023482,2.595914827,4.749549094));
#4083=CARTESIAN_POINT('',(10.318471621,5.152079449,4.937035003));
#4084=CARTESIAN_POINT('',(9.904476811,8.349427897,5.124520912));
#4085=CARTESIAN_POINT('',(7.34858434,10.319197295,5.312006822));
#4086=CARTESIAN_POINT('',(4.151430778,9.902843837,5.499492731));
#4087=CARTESIAN_POINT('',(2.180158159,7.352242225,5.68697864));
#4088=CARTESIAN_POINT('',(2.598306108,4.146185501,5.874464549));
#4089=CARTESIAN_POINT('',(5.144774541,2.189251772,6.061950458));
#4090=CARTESIAN_POINT('',(7.290497294,2.450633874,6.18710304));
#4091=CARTESIAN_POINT('',(8.150268397,2.949710558,6.249760318));
#4092=CARTESIAN_POINT('',(8.152489553,2.951003176,6.249922293));
#4093=CARTESIAN_POINT('',(4.568578174,3.331102413,-0.249691735));
#4094=CARTESIAN_POINT('',(4.631824109,3.294551076,-0.244512046));
#4095=CARTESIAN_POINT('',(5.279403808,2.948246741,-0.192460878));
#4096=CARTESIAN_POINT('',(6.717563463,2.711856901,-0.093538234));
#4097=CARTESIAN_POINT('',(8.604896108,3.56717044,0.047076198));
#4098=CARTESIAN_POINT('',(9.697387892,5.328693483,0.18769063));
#4099=CARTESIAN_POINT('',(9.630433925,7.396690691,0.328305062));
#4100=CARTESIAN_POINT('',(8.419632915,9.086041148,0.468919494));
#4101=CARTESIAN_POINT('',(6.486571377,9.804638057,0.609533925));
#4102=CARTESIAN_POINT('',(3.930472068,9.234847217,0.786603951));
#4103=CARTESIAN_POINT('',(2.196536534,6.254366037,1.00012957));
#4104=CARTESIAN_POINT('',(4.232433676,2.735480237,1.250110782));
#4105=CARTESIAN_POINT('',(7.928369135,2.750655625,1.479260226));
#4106=CARTESIAN_POINT('',(9.855274697,5.288762995,1.687577903));
#4107=CARTESIAN_POINT('',(9.486065895,8.113857824,1.875063812));
#4108=CARTESIAN_POINT('',(7.216286524,9.858891067,2.062549722));
#4109=CARTESIAN_POINT('',(4.383850759,9.483819029,2.250035631));
#4110=CARTESIAN_POINT('',(2.642633671,7.21805751,2.43752154));
#4111=CARTESIAN_POINT('',(3.015237767,4.383498448,2.625007449));
#4112=CARTESIAN_POINT('',(5.281867369,2.643187899,2.812493358));
#4113=CARTESIAN_POINT('',(8.115986099,3.014677308,2.999979268));
#4114=CARTESIAN_POINT('',(9.856673299,5.28183313,3.187465177));
#4115=CARTESIAN_POINT('',(9.48573824,8.114985065,3.374951086));
#4116=CARTESIAN_POINT('',(7.218122525,9.857702803,3.562436995));
#4117=CARTESIAN_POINT('',(4.858447785,9.545934006,3.718675253));
#4118=CARTESIAN_POINT('',(3.51252244,8.353565673,3.843665859));
#4119=CARTESIAN_POINT('',(2.707046517,6.74642353,3.968656465));
#4120=CARTESIAN_POINT('',(3.012994977,4.385297409,4.124894723));
#4121=CARTESIAN_POINT('',(5.280429796,2.643723087,4.312380632));
#4122=CARTESIAN_POINT('',(8.114286015,3.013650778,4.499866541));
#4123=CARTESIAN_POINT('',(9.856297594,5.280529035,4.68735245));
#4124=CARTESIAN_POINT('',(9.486696038,8.11357141,4.874838359));
#4125=CARTESIAN_POINT('',(7.220058959,9.856940755,5.062324269));
#4126=CARTESIAN_POINT('',(4.387190526,9.485250303,5.249810178));
#4127=CARTESIAN_POINT('',(2.642485306,7.223299814,5.437296087));
#4128=CARTESIAN_POINT('',(3.015772783,4.382542915,5.624781996));
#4129=CARTESIAN_POINT('',(5.27404901,2.650541499,5.812267905));
#4130=CARTESIAN_POINT('',(7.175302322,2.884002561,5.937420487));
#4131=CARTESIAN_POINT('',(7.93678,3.327003594,6.000077765));
#4132=CARTESIAN_POINT('',(7.938747219,3.328150971,6.00023974));
#4133=CARTESIAN_POINT('',(4.788090369,3.704008439,-0.499357109));
#4134=CARTESIAN_POINT('',(4.843256414,3.672228685,-0.494177419));
#4135=CARTESIAN_POINT('',(5.408071744,3.371191024,-0.442126252));
#4136=CARTESIAN_POINT('',(6.661782257,3.166905081,-0.343203608));
#4137=CARTESIAN_POINT('',(8.305648326,3.914633808,-0.202589176));
#4138=CARTESIAN_POINT('',(9.255676893,5.451206131,-0.061974744));
#4139=CARTESIAN_POINT('',(9.194822634,7.253483323,0.078639688));
#4140=CARTESIAN_POINT('',(8.137509063,8.724368527,0.21925412));
#4141=CARTESIAN_POINT('',(6.451884832,9.348322636,0.359868552));
#4142=CARTESIAN_POINT('',(4.224811694,8.848631388,0.536938577));
#4143=CARTESIAN_POINT('',(2.71720791,6.248903901,0.750464196));
#4144=CARTESIAN_POINT('',(4.495844817,3.184488646,1.000445408));
#4145=CARTESIAN_POINT('',(7.717010036,3.202184426,1.229594853));
#4146=CARTESIAN_POINT('',(9.393331386,5.416595527,1.437912529));
#4147=CARTESIAN_POINT('',(9.068131351,7.878354121,1.625398439));
#4148=CARTESIAN_POINT('',(7.087801035,9.396488963,1.812884348));
#4149=CARTESIAN_POINT('',(4.619651451,9.066170801,2.000370257));
#4150=CARTESIAN_POINT('',(3.104837817,7.089346109,2.187856166));
#4151=CARTESIAN_POINT('',(3.433007556,4.619343404,2.375342075));
#4152=CARTESIAN_POINT('',(5.410587764,3.105320669,2.562827985));
#4153=CARTESIAN_POINT('',(7.880208019,3.432518543,2.750313894));
#4154=CARTESIAN_POINT('',(9.394558416,5.41055766,2.937799803));
#4155=CARTESIAN_POINT('',(9.067844809,7.879336229,3.125285712));
#4156=CARTESIAN_POINT('',(7.089402507,9.395455325,3.312771621));
#4157=CARTESIAN_POINT('',(5.033210162,9.120881307,3.469009879));
#4158=CARTESIAN_POINT('',(3.86161411,8.080047368,3.594000485));
#4159=CARTESIAN_POINT('',(3.161547496,6.678372685,3.718991091));
#4160=CARTESIAN_POINT('',(3.431050274,4.620908127,3.875229349));
#4161=CARTESIAN_POINT('',(5.409334346,3.105785716,4.062715258));
#4162=CARTESIAN_POINT('',(7.878727464,3.431621732,4.250201167));
#4163=CARTESIAN_POINT('',(9.394232838,5.409420638,4.437687076));
#4164=CARTESIAN_POINT('',(9.068680901,7.878105135,4.625172986));
#4165=CARTESIAN_POINT('',(7.091091257,9.394793843,4.812658895));
#4166=CARTESIAN_POINT('',(4.622560464,9.067422126,5.000144804));
#4167=CARTESIAN_POINT('',(3.104702217,7.09391507,5.187630713));
#4168=CARTESIAN_POINT('',(3.433474931,4.61851088,5.375116622));
#4169=CARTESIAN_POINT('',(5.40376469,3.111720501,5.562602532));
#4170=CARTESIAN_POINT('',(7.060515407,3.31749188,5.687755113));
#4171=CARTESIAN_POINT('',(7.723643824,3.704509122,5.750412391));
#4172=CARTESIAN_POINT('',(7.725356962,3.705511493,5.750574366));
#4173=CARTESIAN_POINT('',(5.009259419,4.076081243,-0.748825554));
#4174=CARTESIAN_POINT('',(5.056363692,4.049108978,-0.743645865));
#4175=CARTESIAN_POINT('',(5.538584808,3.793704754,-0.691594697));
#4176=CARTESIAN_POINT('',(6.607931298,3.622320578,-0.592672053));
#4177=CARTESIAN_POINT('',(8.007801796,4.263475221,-0.452057621));
#4178=CARTESIAN_POINT('',(8.814364823,5.575642483,-0.311443189));
#4179=CARTESIAN_POINT('',(8.758475662,7.112098233,-0.170828757));
#4180=CARTESIAN_POINT('',(7.853758641,8.363800264,-0.030214325));
#4181=CARTESIAN_POINT('',(6.415237124,8.892026033,0.110400106));
#4182=CARTESIAN_POINT('',(4.517582356,8.461048736,0.287470132));
#4183=CARTESIAN_POINT('',(3.238004091,6.241212696,0.500995751));
#4184=CARTESIAN_POINT('',(4.761250172,3.632498345,0.750976963));
#4185=CARTESIAN_POINT('',(7.507522595,3.654743968,0.980126407));
#4186=CARTESIAN_POINT('',(8.931802902,5.546440485,1.188444084));
#4187=CARTESIAN_POINT('',(8.649072938,7.644570837,1.375929993));
#4188=CARTESIAN_POINT('',(6.957300849,8.934505597,1.563415903));
#4189=CARTESIAN_POINT('',(4.853733248,8.647395914,1.750901812));
#4190=CARTESIAN_POINT('',(3.566622074,6.958621705,1.938387721));
#4191=CARTESIAN_POINT('',(3.851904299,4.85346845,2.12587363));
#4192=CARTESIAN_POINT('',(5.541320812,3.567033806,2.313359539));
#4193=CARTESIAN_POINT('',(7.646150215,3.851486206,2.500845449));
#4194=CARTESIAN_POINT('',(8.932863134,5.541295091,2.688331358));
#4195=CARTESIAN_POINT('',(8.648825583,7.645407397,2.875817267));
#4196=CARTESIAN_POINT('',(6.958668822,8.933628408,3.063303176));
#4197=CARTESIAN_POINT('',(5.206205044,8.694959364,3.219541434));
#4198=CARTESIAN_POINT('',(4.209635064,7.804959176,3.34453204));
#4199=CARTESIAN_POINT('',(3.615884115,6.608358364,3.469522646));
#4200=CARTESIAN_POINT('',(3.850232999,4.854799152,3.625760904));
#4201=CARTESIAN_POINT('',(5.540250809,3.567426743,3.813246813));
#4202=CARTESIAN_POINT('',(7.644890119,3.850718498,4.000732722));
#4203=CARTESIAN_POINT('',(8.932587429,5.540324936,4.188218631));
#4204=CARTESIAN_POINT('',(8.649542022,7.644360056,4.37570454));
#4205=CARTESIAN_POINT('',(6.960109786,8.933067437,4.56319045));
#4206=CARTESIAN_POINT('',(4.856210695,8.648469546,4.750676359));
#4207=CARTESIAN_POINT('',(3.566496201,6.962516322,4.938162268));
#4208=CARTESIAN_POINT('',(3.852304793,4.852760544,5.125648177));
#4209=CARTESIAN_POINT('',(5.535489592,3.572474414,5.313134086));
#4210=CARTESIAN_POINT('',(6.947549552,3.751594272,5.438286668));
#4211=CARTESIAN_POINT('',(7.512061382,4.083032706,5.500943946));
#4212=CARTESIAN_POINT('',(7.513519746,4.08389112,5.501105921));
#4213=B_SPLINE_SURFACE_WITH_KNOTS('',3,3,((#4053,#4054,#4055,#4056,#4057,#4058,#4059,#4060,#4061,#4062,#4063,#4064,#4065,#4066,#4067,#4068,#4069,#4070,#4071,#4072,#4073,#4074,#4075,#4076,#4077,#4078,
#4079,#4080,#4081,#4082,#4083,#4084,#4085,#4086,#4087,#4088,#4089,#4090,#4091,#4092),(#4093,#4094,#4095,#4096,#4097,#4098,#4099,#4100,#4101,#4102,#4103,#4104,#4105,#4106,#4107,#4108,#4109,#4110,#4111,#4112,#4113,#4114,#4115,#4116,#4117,#4118,
#4119,#4120,#4121,#4122,#4123,#4124,#4125,#4126,#4127,#4128,#4129,#4130,#4131,#4132),(#4133,#4134,#4135,#4136,#4137,#4138,#4139,#4140,#4141,#4142,#4143,#4144,#4145,#4146,#4147,#4148,#4149,#4150,#4151,#4152,#4153,#4154,#4155,#4156,#4157,#4158,
#4159,#4160,#4161,#4162,#4163,#4164,#4165,#4166,#4167,#4168,#4169,#4170,#4171,#4172),(#4173,#4174,#4175,#4176,#4177,#4178,#4179,#4180,#4181,#4182,#4183,#4184,#4185,#4186,#4187,#4188,#4189,#4190,#4191,#4192,#4193,#4194,#4195,#4196,#4197,#4198,
#4199,#4200,#4201,#4202,#4203,#4204,#4205,#4206,#4207,#4208,#4209,#4210,#4211,#4212)),.UNSPECIFIED.,.F.,.F.,.U.,(4,4),(4,1,1,1,1,1,1,1,1,1,1,1,1,1,1,1,1,1,1,1,1,1,1,1,1,1,
1,1,1,1,1,1,1,1,1,1,1,4),(-0.043409303,0.10644836),(10.468243376,10.533333278,11.122337633,11.711341988,12.300346343,12.889350698,13.478355053,14.067359408,14.656363763,15.703482616,16.750601469,17.797720323,18.583059463,19.368398603,20.153737742,20.939076882,21.724416022,22.509755162,23.295094302,24.080433442,24.865772582,25.651111722,26.436450862,27.221790002,27.614459572,28.007129142,
28.792468282,29.577807422,30.363146562,31.148485702,31.933824842,32.719163981,33.504503121,34.289842261,35.075181401,35.860520541,36.645859681,36.647895121),.UNSPECIFIED.);
#4214=ORIENTED_EDGE('',*,*,#1634,.T.);
#4215=CARTESIAN_POINT('',(7.513519746,4.083891119,5.501105921));
#4216=CARTESIAN_POINT('',(6.994978011,3.78105943,5.442440429));
#4217=CARTESIAN_POINT('',(6.36087686,3.679279008,5.386189954));
#4218=CARTESIAN_POINT('',(5.771793661,3.792346364,5.329519768));
#4219=CARTESIAN_POINT('',(5.182710461,3.905413721,5.272849583));
#4220=CARTESIAN_POINT('',(4.63920283,4.244841384,5.21460046));
#4221=CARTESIAN_POINT('',(4.269774221,4.718228837,5.157181773));
#4222=CARTESIAN_POINT('',(3.900345613,5.191616289,5.099763086));
#4223=CARTESIAN_POINT('',(3.717881542,5.804356181,5.042815822));
#4224=CARTESIAN_POINT('',(3.752164948,6.404087705,4.985359226));
#4225=CARTESIAN_POINT('',(3.769306651,6.703953467,4.956630928));
#4226=CARTESIAN_POINT('',(3.841256454,6.999864426,4.928096889));
#4227=CARTESIAN_POINT('',(3.965258469,7.27342309,4.899435513));
#4228=CARTESIAN_POINT('',(4.089260484,7.546981755,4.870774137));
#4229=CARTESIAN_POINT('',(4.263061227,7.79871845,4.842099657));
#4230=CARTESIAN_POINT('',(4.474300692,8.012705987,4.813434407));
#4231=CARTESIAN_POINT('',(4.685540157,8.226693524,4.784769158));
#4232=CARTESIAN_POINT('',(4.934430943,8.402473289,4.756270761));
#4233=CARTESIAN_POINT('',(5.207651514,8.526364784,4.727653303));
#4234=CARTESIAN_POINT('',(5.480872085,8.650256279,4.699035845));
#4235=CARTESIAN_POINT('',(5.777343544,8.72413728,4.670295869));
#4236=CARTESIAN_POINT('',(6.077337165,8.745459934,4.641569891));
#4237=CARTESIAN_POINT('',(6.377330786,8.766782587,4.612843914));
#4238=CARTESIAN_POINT('',(6.680859941,8.735525214,4.584198897));
#4239=CARTESIAN_POINT('',(6.968090788,8.649055797,4.555537926));
#4240=CARTESIAN_POINT('',(7.255321635,8.56258638,4.526876956));
#4241=CARTESIAN_POINT('',(7.5265325,8.422114059,4.498243573));
#4242=CARTESIAN_POINT('',(7.765853533,8.239833211,4.469619137));
#4243=CARTESIAN_POINT('',(8.005174567,8.057552363,4.440994702));
#4244=CARTESIAN_POINT('',(8.21258803,7.833436927,4.412363028));
#4245=CARTESIAN_POINT('',(8.372196708,7.579671322,4.383712872));
#4246=CARTESIAN_POINT('',(8.531805385,7.325905718,4.355062715));
#4247=CARTESIAN_POINT('',(8.64258357,7.041919919,4.326373961));
#4248=CARTESIAN_POINT('',(8.701734871,6.747092075,4.29772049));
#4249=CARTESIAN_POINT('',(8.760886173,6.452264232,4.26906702));
#4250=CARTESIAN_POINT('',(8.768383309,6.146596467,4.240395354));
#4251=CARTESIAN_POINT('',(8.721485609,5.850067965,4.211725105));
#4252=CARTESIAN_POINT('',(8.674587909,5.553539463,4.183054855));
#4253=CARTESIAN_POINT('',(8.571488495,5.26673358,4.154571884));
#4254=CARTESIAN_POINT('',(8.42142288,5.006369708,4.126074448));
#4255=CARTESIAN_POINT('',(8.271357265,4.746005837,4.097577012));
#4256=CARTESIAN_POINT('',(8.074714308,4.512094295,4.068753177));
#4257=CARTESIAN_POINT('',(7.843886025,4.319999965,4.03994191));
#4258=CARTESIAN_POINT('',(7.613057743,4.127905635,4.011130643));
#4259=CARTESIAN_POINT('',(7.347140298,3.979202039,3.982536957));
#4260=CARTESIAN_POINT('',(7.062517537,3.882917642,3.953876222));
#4261=CARTESIAN_POINT('',(6.493272014,3.690348849,3.896554752));
#4262=CARTESIAN_POINT('',(5.854074598,3.703710683,3.839426738));
#4263=CARTESIAN_POINT('',(5.299770854,3.933912814,3.782096997));
#4264=CARTESIAN_POINT('',(4.745467109,4.164114945,3.724767257));
#4265=CARTESIAN_POINT('',(4.272613328,4.597559233,3.667374378));
#4266=CARTESIAN_POINT('',(4.007433058,5.135733036,3.610058777));
#4267=CARTESIAN_POINT('',(3.742252789,5.673906839,3.552743177));
#4268=CARTESIAN_POINT('',(3.676080138,6.311690782,3.495806647));
#4269=CARTESIAN_POINT('',(3.829473203,6.891387727,3.438305175));
#4270=CARTESIAN_POINT('',(3.982866268,7.471084672,3.380803703));
#4271=CARTESIAN_POINT('',(4.35652249,7.992735566,3.323323481));
#4272=CARTESIAN_POINT('',(4.853719233,8.328482897,3.266327197));
#4273=CARTESIAN_POINT('',(5.350915977,8.664230228,3.209330912));
#4274=CARTESIAN_POINT('',(5.975418345,8.80687726,3.151675313));
#4275=CARTESIAN_POINT('',(6.571171068,8.732671282,3.094340637));
#4276=CARTESIAN_POINT('',(7.16692379,8.658465305,3.037005962));
#4277=CARTESIAN_POINT('',(7.728995583,8.353159643,2.979728317));
#4278=CARTESIAN_POINT('',(8.128059962,7.904065203,2.922442509));
#4279=CARTESIAN_POINT('',(8.327592151,7.679517983,2.893799605));
#4280=CARTESIAN_POINT('',(8.485073914,7.418899841,2.865152083));
#4281=CARTESIAN_POINT('',(8.590311797,7.137652407,2.836497603));
#4282=CARTESIAN_POINT('',(8.69554968,6.856404973,2.807843123));
#4283=CARTESIAN_POINT('',(8.750321207,6.55554137,2.77917902));
#4284=CARTESIAN_POINT('',(8.751958946,6.254910635,2.750525687));
#4285=CARTESIAN_POINT('',(8.753596685,5.954279899,2.721872355));
#4286=CARTESIAN_POINT('',(8.701374077,5.654098328,2.693284304));
#4287=CARTESIAN_POINT('',(8.595271445,5.373510556,2.664635616));
#4288=CARTESIAN_POINT('',(8.489168812,5.092922783,2.635986928));
#4289=CARTESIAN_POINT('',(8.331347096,4.83132387,2.607280699));
#4290=CARTESIAN_POINT('',(8.133973487,4.604408226,2.578629831));
#4291=CARTESIAN_POINT('',(7.936599878,4.377492582,2.549978963));
#4292=CARTESIAN_POINT('',(7.699486815,4.185450476,2.521318099));
#4293=CARTESIAN_POINT('',(7.435044629,4.043981046,2.492664965));
#4294=CARTESIAN_POINT('',(7.170602443,3.902511616,2.46401183));
#4295=CARTESIAN_POINT('',(6.879500738,3.810465304,2.435428288));
#4296=CARTESIAN_POINT('',(6.581418595,3.770552487,2.406828604));
#4297=CARTESIAN_POINT('',(6.283336451,3.73063967,2.37822892));
#4298=CARTESIAN_POINT('',(5.978273438,3.742890338,2.349593557));
#4299=CARTESIAN_POINT('',(5.685946233,3.81001653,2.320915885));
#4300=CARTESIAN_POINT('',(5.393619027,3.877142722,2.292238212));
#4301=CARTESIAN_POINT('',(5.114324028,4.000318952,2.263464113));
#4302=CARTESIAN_POINT('',(4.864041218,4.167572219,2.234780047));
#4303=CARTESIAN_POINT('',(4.613758408,4.334825486,2.20609598));
#4304=CARTESIAN_POINT('',(4.392588628,4.546227136,2.177401096));
#4305=CARTESIAN_POINT('',(4.21660659,4.789242612,2.148763731));
#4306=CARTESIAN_POINT('',(4.040624551,5.032258089,2.120126366));
#4307=CARTESIAN_POINT('',(3.911594559,5.30774288,2.09164366));
#4308=CARTESIAN_POINT('',(3.834470214,5.597731741,2.062987397));
#4309=CARTESIAN_POINT('',(3.75734587,5.887720602,2.034331133));
#4310=CARTESIAN_POINT('',(3.731034683,6.19181653,2.0057184));
#4311=CARTESIAN_POINT('',(3.758565511,6.490855195,1.977063503));
#4312=CARTESIAN_POINT('',(3.786096339,6.789893859,1.948408607));
#4313=CARTESIAN_POINT('',(3.869787314,7.083359065,1.919620916));
#4314=CARTESIAN_POINT('',(4.003516537,7.353096118,1.891044849));
#4315=CARTESIAN_POINT('',(4.137245761,7.62283317,1.862468781));
#4316=CARTESIAN_POINT('',(4.318757495,7.869604751,1.834504632));
#4317=CARTESIAN_POINT('',(4.536805198,8.076316141,1.806101596));
#4318=CARTESIAN_POINT('',(4.754852901,8.283027531,1.777698559));
#4319=CARTESIAN_POINT('',(5.009700388,8.448544113,1.748937866));
#4320=CARTESIAN_POINT('',(5.287235548,8.561249272,1.719470139));
#4321=CARTESIAN_POINT('',(5.564770708,8.673954432,1.690002412));
#4322=CARTESIAN_POINT('',(5.863491819,8.740043347,1.662259059));
#4323=CARTESIAN_POINT('',(6.165103992,8.750588206,1.63312979));
#4324=CARTESIAN_POINT('',(6.466716165,8.761133066,1.60400052));
#4325=CARTESIAN_POINT('',(6.769743012,8.716924986,1.574423593));
#4326=CARTESIAN_POINT('',(7.05372053,8.622463028,1.547437805));
#4327=CARTESIAN_POINT('',(7.337698047,8.528001071,1.520452017));
#4328=CARTESIAN_POINT('',(7.602281375,8.381927709,1.49366094));
#4329=CARTESIAN_POINT('',(7.83249274,8.190592293,1.46343238));
#4330=CARTESIAN_POINT('',(8.062704106,7.999256877,1.433203821));
#4331=CARTESIAN_POINT('',(8.264443497,7.76800117,1.404440534));
#4332=CARTESIAN_POINT('',(8.416620313,7.505764981,1.375475762));
#4333=CARTESIAN_POINT('',(8.568797129,7.243528792,1.346510989));
#4334=CARTESIAN_POINT('',(8.669608705,6.953077874,1.317518966));
#4335=CARTESIAN_POINT('',(8.721019754,6.657718628,1.290744389));
#4336=CARTESIAN_POINT('',(8.772430803,6.362359382,1.263969813));
#4337=CARTESIAN_POINT('',(8.767191552,6.060234944,1.234497487));
#4338=CARTESIAN_POINT('',(8.707469863,5.767240271,1.20427032));
#4339=CARTESIAN_POINT('',(8.647748175,5.474245598,1.174043153));
#4340=CARTESIAN_POINT('',(8.536475377,5.18889889,1.146415419));
#4341=CARTESIAN_POINT('',(8.377238088,4.93202599,1.117605553));
#4342=CARTESIAN_POINT('',(8.2180008,4.67515309,1.088795687));
#4343=CARTESIAN_POINT('',(8.0135197,4.446282153,1.060020774));
#4344=CARTESIAN_POINT('',(7.776173831,4.262226439,1.031428319));
#4345=CARTESIAN_POINT('',(7.538827962,4.078170726,1.002835863));
#4346=CARTESIAN_POINT('',(7.267556958,3.940117757,0.975009519));
#4347=CARTESIAN_POINT('',(6.979372823,3.854564986,0.947079255));
#4348=CARTESIAN_POINT('',(6.691188688,3.769012215,0.91914899));
#4349=CARTESIAN_POINT('',(6.386925273,3.735151442,0.890872761));
#4350=CARTESIAN_POINT('',(6.087078139,3.75462614,0.861257126));
#4351=CARTESIAN_POINT('',(5.937154571,3.764363489,0.846449309));
#4352=CARTESIAN_POINT('',(5.788210683,3.786834358,0.831638886));
#4353=CARTESIAN_POINT('',(5.642452298,3.822457649,0.816670335));
#4354=CARTESIAN_POINT('',(5.496693913,3.85808094,0.801701785));
#4355=CARTESIAN_POINT('',(5.353140023,3.904210979,0.788218786));
#4356=CARTESIAN_POINT('',(5.216068534,3.96550655,0.773517343));
#4357=CARTESIAN_POINT('',(4.941925557,4.088097693,0.744114456));
#4358=CARTESIAN_POINT('',(4.693324923,4.264767786,0.715308851));
#4359=CARTESIAN_POINT('',(4.481920343,4.478374427,0.687853017));
#4360=CARTESIAN_POINT('',(4.059111182,4.905587711,0.632941349));
#4361=CARTESIAN_POINT('',(3.787604963,5.484757351,0.575642347));
#4362=CARTESIAN_POINT('',(3.747568988,6.085083559,0.515834336));
#4363=CARTESIAN_POINT('',(3.707533013,6.685409767,0.456026324));
#4364=CARTESIAN_POINT('',(3.901112328,7.2948426,0.404104988));
#4365=CARTESIAN_POINT('',(4.265467285,7.772314095,0.346031392));
#4366=CARTESIAN_POINT('',(4.356556024,7.891681969,0.331512993));
#4367=CARTESIAN_POINT('',(4.45810997,8.002970338,0.316732484));
#4368=CARTESIAN_POINT('',(4.568902504,8.104110049,0.301720779));
#4369=CARTESIAN_POINT('',(4.679695037,8.205249761,0.286709074));
#4370=CARTESIAN_POINT('',(4.797328561,8.300038955,0.27404599));
#4371=CARTESIAN_POINT('',(4.926032748,8.377685848,0.257951841));
#4372=CARTESIAN_POINT('',(4.990384841,8.416509294,0.249904767));
#4373=CARTESIAN_POINT('',(5.055154773,8.454917962,0.243636738));
#4374=CARTESIAN_POINT('',(5.122431454,8.488618773,0.236379755));
#4375=CARTESIAN_POINT('',(5.189708135,8.522319584,0.229122772));
#4376=CARTESIAN_POINT('',(5.258786028,8.55227364,0.221541872));
#4377=CARTESIAN_POINT('',(5.328594536,8.580371822,0.214822825));
#4378=CARTESIAN_POINT('',(5.468211553,8.636568186,0.201384731));
#4379=CARTESIAN_POINT('',(5.613894133,8.67672368,0.186110387));
#4380=CARTESIAN_POINT('',(5.761329375,8.705409845,0.171871217));
#4381=CARTESIAN_POINT('',(6.35107034,8.820154504,0.114914538));
#4382=CARTESIAN_POINT('',(6.981091457,8.719121725,0.059215127));
#4383=CARTESIAN_POINT('',(7.501443073,8.417618441,0.000052736));
#4384=B_SPLINE_CURVE_WITH_KNOTS('',3,(#4215,#4216,#4217,#4218,#4219,#4220,#4221,#4222,#4223,#4224,#4225,#4226,#4227,#4228,#4229,#4230,#4231,#4232,#4233,#4234,#4235,#4236,#4237,#4238,#4239,#4240,
#4241,#4242,#4243,#4244,#4245,#4246,#4247,#4248,#4249,#4250,#4251,#4252,#4253,#4254,#4255,#4256,#4257,#4258,#4259,#4260,#4261,#4262,#4263,#4264,#4265,
#4266,#4267,#4268,#4269,#4270,#4271,#4272,#4273,#4274,#4275,#4276,#4277,#4278,#4279,#4280,#4281,#4282,#4283,#4284,#4285,#4286,#4287,#4288,#4289,#4290,
#4291,#4292,#4293,#4294,#4295,#4296,#4297,#4298,#4299,#4300,#4301,#4302,#4303,#4304,#4305,#4306,#4307,#4308,#4309,#4310,#4311,#4312,#4313,#4314,#4315,
#4316,#4317,#4318,#4319,#4320,#4321,#4322,#4323,#4324,#4325,#4326,#4327,#4328,#4329,#4330,#4331,#4332,#4333,#4334,#4335,#4336,#4337,#4338,#4339,#4340,
#4341,#4342,#4343,#4344,#4345,#4346,#4347,#4348,#4349,#4350,#4351,#4352,#4353,#4354,#4355,#4356,#4357,#4358,#4359,#4360,#4361,#4362,#4363,#4364,#4365,
#4366,#4367,#4368,#4369,#4370,#4371,#4372,#4373,#4374,#4375,#4376,#4377,#4378,#4379,#4380,#4381,#4382,#4383),.UNSPECIFIED.,.F.,.F.,(4,3,3,3,3,3,3,3,3,3,3,3,3,3,3,3,3,3,3,3,3,3,3,3,3,3,
3,3,3,3,3,3,3,3,3,3,3,3,3,3,3,3,3,3,3,3,3,3,3,3,3,
3,3,3,3,3,4),(9.773279213,9.954891934,10.136504655,10.318117376,10.408923737,10.499730097,10.590536458,10.681342819,10.772149179,10.86295554,10.9537619,11.044568261,11.135374622,11.226180982,11.316987343,11.407793704,11.589406425,11.771019146,11.952631867,12.134244588,12.31585731,12.497470031,12.588276391,12.679082752,12.769889113,12.860695473,
12.951501834,13.042308195,13.133114555,13.223920916,13.314727276,13.405533637,13.496339998,13.587146358,13.677952719,13.768759079,13.85956544,13.950371801,14.041178161,14.131984522,14.222790882,14.313597243,14.404403604,14.495209964,14.586016325,14.676822686,14.722225866,14.767629046,14.858435407,15.040048128,15.221660849,
15.267064029,15.31246721,15.3351688,15.35787039,15.40327357,15.584886292),.UNSPECIFIED.);
#4385=EDGE_CURVE('',#1583,#685,#4384,.T.);
#4386=ORIENTED_EDGE('',*,*,#4385,.T.);
#4387=ORIENTED_EDGE('',*,*,#802,.T.);
#4388=CARTESIAN_POINT('',(4.372318402,9.5565921,5.498292087));
#4389=CARTESIAN_POINT('',(5.160540188,10.006198738,5.442525363));
#4390=CARTESIAN_POINT('',(6.124446684,10.156417874,5.384054372));
#4391=CARTESIAN_POINT('',(7.018472255,9.973372104,5.325929235));
#4392=CARTESIAN_POINT('',(7.912497827,9.790326334,5.267804099));
#4393=CARTESIAN_POINT('',(8.729366615,9.267215236,5.21192198));
#4394=CARTESIAN_POINT('',(9.281261441,8.544636738,5.154748455));
#4395=CARTESIAN_POINT('',(9.833156267,7.82205824,5.09757493));
#4396=CARTESIAN_POINT('',(10.102658507,6.887066904,5.040182312));
#4397=CARTESIAN_POINT('',(10.040778999,5.976328252,4.982837856));
#4398=CARTESIAN_POINT('',(10.009839245,5.520958926,4.954165628));
#4399=CARTESIAN_POINT('',(9.894836815,5.0732145,4.925521113));
#4400=CARTESIAN_POINT('',(9.702341021,4.660189165,4.89689491));
#4401=CARTESIAN_POINT('',(9.509845226,4.247163829,4.868268707));
#4402=CARTESIAN_POINT('',(9.242789466,3.867950252,4.839654613));
#4403=CARTESIAN_POINT('',(8.919440156,3.546281256,4.811030836));
#4404=CARTESIAN_POINT('',(8.596090847,3.22461226,4.78240706));
#4405=CARTESIAN_POINT('',(8.215485525,2.962020645,4.753524877));
#4406=CARTESIAN_POINT('',(7.798795959,2.778115903,4.724847013));
#4407=CARTESIAN_POINT('',(7.382106393,2.594211161,4.696169149));
#4408=CARTESIAN_POINT('',(6.930998156,2.486098356,4.667676669));
#4409=CARTESIAN_POINT('',(6.475476904,2.457953324,4.639148483));
#4410=CARTESIAN_POINT('',(6.019955653,2.429808292,4.610620297));
#4411=CARTESIAN_POINT('',(5.560138734,2.481963774,4.581958267));
#4412=CARTESIAN_POINT('',(5.12557074,2.617310415,4.553330432));
#4413=CARTESIAN_POINT('',(4.691002747,2.752657056,4.524702597));
#4414=CARTESIAN_POINT('',(4.281210193,2.969531262,4.496038047));
#4415=CARTESIAN_POINT('',(3.920406805,3.249491304,4.467361173));
#4416=CARTESIAN_POINT('',(3.559603418,3.529451346,4.438684298));
#4417=CARTESIAN_POINT('',(3.247760126,3.872455013,4.410021734));
#4418=CARTESIAN_POINT('',(3.00904909,4.260042736,4.381388339));
#4419=CARTESIAN_POINT('',(2.770338055,4.647630458,4.352754943));
#4420=CARTESIAN_POINT('',(2.606135035,5.080579674,4.324185025));
#4421=CARTESIAN_POINT('',(2.520649667,5.528863527,4.295550861));
#4422=CARTESIAN_POINT('',(2.435164299,5.97714738,4.266916698));
#4423=CARTESIAN_POINT('',(2.428070761,6.440613137,4.238300991));
#4424=CARTESIAN_POINT('',(2.502821397,6.889680093,4.209682535));
#4425=CARTESIAN_POINT('',(2.577572032,7.338747049,4.181064078));
#4426=CARTESIAN_POINT('',(2.737691196,7.77269174,4.152145696));
#4427=CARTESIAN_POINT('',(2.969063607,8.166100504,4.123292121));
#4428=CARTESIAN_POINT('',(3.200436018,8.559509268,4.094438545));
#4429=CARTESIAN_POINT('',(3.501678926,8.912785883,4.066119526));
#4430=CARTESIAN_POINT('',(3.854446796,9.201375893,4.037702217));
#4431=CARTESIAN_POINT('',(4.207214666,9.489965903,4.009284907));
#4432=CARTESIAN_POINT('',(4.612867479,9.711184344,3.980562642));
#4433=CARTESIAN_POINT('',(5.04585582,9.853799445,3.951934467));
#4434=CARTESIAN_POINT('',(5.911832503,10.139029649,3.894678117));
#4435=CARTESIAN_POINT('',(6.882099121,10.11169141,3.837150452));
#4436=CARTESIAN_POINT('',(7.721104982,9.755380459,3.779937192));
#4437=CARTESIAN_POINT('',(8.560110844,9.399069507,3.722723933));
#4438=CARTESIAN_POINT('',(9.271393494,8.735946225,3.66556728));
#4439=CARTESIAN_POINT('',(9.667861835,7.916653065,3.608288015));
#4440=CARTESIAN_POINT('',(10.064330175,7.097359904,3.55100875));
#4441=CARTESIAN_POINT('',(10.157813361,6.128255598,3.493215861));
#4442=CARTESIAN_POINT('',(9.918601306,5.249619175,3.436253405));
#4443=CARTESIAN_POINT('',(9.679389251,4.370982752,3.379290949));
#4444=CARTESIAN_POINT('',(9.107506965,3.583884172,3.322231446));
#4445=CARTESIAN_POINT('',(8.349127408,3.079532499,3.264501458));
#4446=CARTESIAN_POINT('',(7.590747851,2.575180826,3.20677147));
#4447=CARTESIAN_POINT('',(6.641015212,2.364226963,3.150058002));
#4448=CARTESIAN_POINT('',(5.738129462,2.482988464,3.092815671));
#4449=CARTESIAN_POINT('',(4.835243711,2.601749965,3.03557334));
#4450=CARTESIAN_POINT('',(3.984302739,3.070012033,2.978272323));
#4451=CARTESIAN_POINT('',(3.382612479,3.755497597,2.920981532));
#4452=CARTESIAN_POINT('',(3.081767349,4.098240379,2.892336137));
#4453=CARTESIAN_POINT('',(2.845233896,4.495364203,2.863691849));
#4454=CARTESIAN_POINT('',(2.688053476,4.923200472,2.835060854));
#4455=CARTESIAN_POINT('',(2.530873057,5.351036741,2.806429858));
#4456=CARTESIAN_POINT('',(2.450357487,5.808023369,2.777804907));
#4457=CARTESIAN_POINT('',(2.450409416,6.264201292,2.749167253));
#4458=CARTESIAN_POINT('',(2.450461344,6.720379215,2.720529599));
#4459=CARTESIAN_POINT('',(2.532482425,7.175413387,2.691793615));
#4460=CARTESIAN_POINT('',(2.695951486,7.600527485,2.663157901));
#4461=CARTESIAN_POINT('',(2.859420546,8.025641584,2.634522187));
#4462=CARTESIAN_POINT('',(3.101129503,8.421652033,2.605970348));
#4463=CARTESIAN_POINT('',(3.402659025,8.764339403,2.577333039));
#4464=CARTESIAN_POINT('',(3.704188547,9.107026772,2.54869573));
#4465=CARTESIAN_POINT('',(4.065452567,9.396346653,2.520068851));
#4466=CARTESIAN_POINT('',(4.46782786,9.609092724,2.491432555));
#4467=CARTESIAN_POINT('',(4.870203154,9.821838794,2.46279626));
#4468=CARTESIAN_POINT('',(5.31288976,9.959380765,2.434054442));
#4469=CARTESIAN_POINT('',(5.765746081,10.017689992,2.405343426));
#4470=CARTESIAN_POINT('',(6.218602403,10.075999219,2.37663241));
#4471=CARTESIAN_POINT('',(6.681629198,10.055115308,2.347977915));
#4472=CARTESIAN_POINT('',(7.124751815,9.951000657,2.319380647));
#4473=CARTESIAN_POINT('',(7.567874432,9.846886006,2.290783378));
#4474=CARTESIAN_POINT('',(7.990702238,9.658073257,2.262325001));
#4475=CARTESIAN_POINT('',(8.368965629,9.402605467,2.233722356));
#4476=CARTESIAN_POINT('',(8.747229019,9.147137676,2.205119712));
#4477=CARTESIAN_POINT('',(9.081157762,8.825430497,2.176527604));
#4478=CARTESIAN_POINT('',(9.346862564,8.455629675,2.147870976));
#4479=CARTESIAN_POINT('',(9.612567365,8.085828853,2.119214349));
#4480=CARTESIAN_POINT('',(9.806882373,7.666024801,2.090344765));
#4481=CARTESIAN_POINT('',(9.922410529,7.224510739,2.061742072));
#4482=CARTESIAN_POINT('',(10.037938685,6.782996678,2.033139379));
#4483=CARTESIAN_POINT('',(10.075169251,6.320332645,2.004473276));
#4484=CARTESIAN_POINT('',(10.030967147,5.866854115,1.975841178));
#4485=CARTESIAN_POINT('',(9.986765042,5.413375586,1.94720908));
#4486=CARTESIAN_POINT('',(9.859086674,4.969420214,1.919042012));
#4487=CARTESIAN_POINT('',(9.654931416,4.56179823,1.889949861));
#4488=CARTESIAN_POINT('',(9.2466209,3.746554262,1.83176556));
#4489=CARTESIAN_POINT('',(8.542917073,3.076658091,1.772827484));
#4490=CARTESIAN_POINT('',(7.697979765,2.734981056,1.717614848));
#4491=CARTESIAN_POINT('',(7.27551111,2.564142538,1.690008531));
#4492=CARTESIAN_POINT('',(6.82075693,2.474784347,1.660329988));
#4493=CARTESIAN_POINT('',(6.365571693,2.459813719,1.632320285));
#4494=CARTESIAN_POINT('',(5.910386456,2.444843091,1.604310582));
#4495=CARTESIAN_POINT('',(5.45291759,2.505880837,1.576725209));
#4496=CARTESIAN_POINT('',(5.02146271,2.651438185,1.545700348));
#4497=CARTESIAN_POINT('',(4.59000783,2.796995534,1.514675488));
#4498=CARTESIAN_POINT('',(4.185166263,3.025893274,1.483630442));
#4499=CARTESIAN_POINT('',(3.833091605,3.317612358,1.457434341));
#4500=CARTESIAN_POINT('',(3.481016947,3.609331442,1.43123824));
#4501=CARTESIAN_POINT('',(3.187796806,3.967562298,1.402781454));
#4502=CARTESIAN_POINT('',(2.961923458,4.360855082,1.374386034));
#4503=CARTESIAN_POINT('',(2.73605011,4.754147867,1.345990614));
#4504=CARTESIAN_POINT('',(2.574729976,5.186314977,1.317667687));
#4505=CARTESIAN_POINT('',(2.499975733,5.63590253,1.286324858));
#4506=CARTESIAN_POINT('',(2.42522149,6.085490082,1.254982028));
#4507=CARTESIAN_POINT('',(2.431102935,6.549591214,1.227705679));
#4508=CARTESIAN_POINT('',(2.522028461,6.99631653,1.2014443));
#4509=CARTESIAN_POINT('',(2.612953986,7.443041845,1.175182921));
#4510=CARTESIAN_POINT('',(2.791965976,7.870169384,1.145103569));
#4511=CARTESIAN_POINT('',(3.033522045,8.257246015,1.116650208));
#4512=CARTESIAN_POINT('',(3.275078114,8.644322646,1.088196847));
#4513=CARTESIAN_POINT('',(3.580796594,8.993007576,1.061279337));
#4514=CARTESIAN_POINT('',(3.940746975,9.270665077,1.030958753));
#4515=CARTESIAN_POINT('',(4.120722165,9.409493828,1.015798461));
#4516=CARTESIAN_POINT('',(4.311632587,9.53406968,1.002443574));
#4517=CARTESIAN_POINT('',(4.514336271,9.63660706,0.987441137));
#4518=CARTESIAN_POINT('',(4.717039954,9.739144441,0.9724387));
#4519=CARTESIAN_POINT('',(4.929705761,9.822440109,0.957417699));
#4520=CARTESIAN_POINT('',(5.148514951,9.886407036,0.942555058));
#4521=CARTESIAN_POINT('',(5.58613333,10.01434089,0.912829776));
#4522=CARTESIAN_POINT('',(6.048517348,10.064954692,0.883720877));
#4523=CARTESIAN_POINT('',(6.504712085,10.036262932,0.856562819));
#4524=CARTESIAN_POINT('',(7.417101559,9.978879411,0.802246702));
#4525=CARTESIAN_POINT('',(8.293647058,9.591457575,0.748357581));
#4526=CARTESIAN_POINT('',(8.933434531,8.940167943,0.686831398));
#4527=CARTESIAN_POINT('',(9.253328267,8.614523127,0.656068306));
#4528=CARTESIAN_POINT('',(9.517542719,8.229622836,0.62589141));
#4529=CARTESIAN_POINT('',(9.708896009,7.812601356,0.598113475));
#4530=CARTESIAN_POINT('',(9.804572654,7.604090616,0.584224507));
#4531=CARTESIAN_POINT('',(9.882617141,7.387700733,0.571426597));
#4532=CARTESIAN_POINT('',(9.938531448,7.166519276,0.557806238));
#4533=CARTESIAN_POINT('',(9.994445754,6.945337818,0.544185879));
#4534=CARTESIAN_POINT('',(10.026982119,6.719736447,0.528880134));
#4535=CARTESIAN_POINT('',(10.042568573,6.493982627,0.51536475));
#4536=CARTESIAN_POINT('',(10.073741479,6.042474988,0.488333981));
#4537=CARTESIAN_POINT('',(10.022841012,5.586121002,0.459764747));
#4538=CARTESIAN_POINT('',(9.886863633,5.151356092,0.428839333));
#4539=CARTESIAN_POINT('',(9.750886253,4.716591183,0.397913918));
#4540=CARTESIAN_POINT('',(9.536572538,4.30347535,0.368265067));
#4541=CARTESIAN_POINT('',(9.259497607,3.939037164,0.340278363));
#4542=CARTESIAN_POINT('',(9.120960142,3.75681807,0.326285011));
#4543=CARTESIAN_POINT('',(8.966815939,3.586689579,0.312746145));
#4544=CARTESIAN_POINT('',(8.79890697,3.432235706,0.299409436));
#4545=CARTESIAN_POINT('',(8.630998001,3.277781833,0.286072728));
#4546=CARTESIAN_POINT('',(8.446355829,3.14365783,0.26984676));
#4547=CARTESIAN_POINT('',(8.255027062,3.021095875,0.257647585));
#4548=CARTESIAN_POINT('',(8.159362678,2.959814897,0.251547998));
#4549=CARTESIAN_POINT('',(8.059216276,2.9059245,0.243387062));
#4550=CARTESIAN_POINT('',(7.95769415,2.854966368,0.236253059));
#4551=CARTESIAN_POINT('',(7.856172024,2.804008236,0.229119056));
#4552=CARTESIAN_POINT('',(7.753182124,2.755362389,0.223312007));
#4553=CARTESIAN_POINT('',(7.646565785,2.71563794,0.214843149));
#4554=CARTESIAN_POINT('',(7.433333109,2.636189044,0.197905432));
#4555=CARTESIAN_POINT('',(7.215541508,2.566553428,0.186328628));
#4556=CARTESIAN_POINT('',(6.991544939,2.521950902,0.171838705));
#4557=CARTESIAN_POINT('',(6.095558663,2.343540794,0.113879013));
#4558=CARTESIAN_POINT('',(5.137908247,2.505405217,0.055069174));
#4559=CARTESIAN_POINT('',(4.349484277,2.958097867,-0.000075793));
#4560=B_SPLINE_CURVE_WITH_KNOTS('',3,(#4388,#4389,#4390,#4391,#4392,#4393,#4394,#4395,#4396,#4397,#4398,#4399,#4400,#4401,#4402,#4403,#4404,#4405,#4406,#4407,#4408,#4409,#4410,#4411,#4412,#4413,
#4414,#4415,#4416,#4417,#4418,#4419,#4420,#4421,#4422,#4423,#4424,#4425,#4426,#4427,#4428,#4429,#4430,#4431,#4432,#4433,#4434,#4435,#4436,#4437,#4438,
#4439,#4440,#4441,#4442,#4443,#4444,#4445,#4446,#4447,#4448,#4449,#4450,#4451,#4452,#4453,#4454,#4455,#4456,#4457,#4458,#4459,#4460,#4461,#4462,#4463,
#4464,#4465,#4466,#4467,#4468,#4469,#4470,#4471,#4472,#4473,#4474,#4475,#4476,#4477,#4478,#4479,#4480,#4481,#4482,#4483,#4484,#4485,#4486,#4487,#4488,
#4489,#4490,#4491,#4492,#4493,#4494,#4495,#4496,#4497,#4498,#4499,#4500,#4501,#4502,#4503,#4504,#4505,#4506,#4507,#4508,#4509,#4510,#4511,#4512,#4513,
#4514,#4515,#4516,#4517,#4518,#4519,#4520,#4521,#4522,#4523,#4524,#4525,#4526,#4527,#4528,#4529,#4530,#4531,#4532,#4533,#4534,#4535,#4536,#4537,#4538,
#4539,#4540,#4541,#4542,#4543,#4544,#4545,#4546,#4547,#4548,#4549,#4550,#4551,#4552,#4553,#4554,#4555,#4556,#4557,#4558,#4559),.UNSPECIFIED.,.F.,.F.,(4,3,3,3,3,3,3,3,3,3,3,3,3,3,3,3,3,3,3,3,3,3,3,3,3,3,
3,3,3,3,3,3,3,3,3,3,3,3,3,3,3,3,3,3,3,3,3,3,3,3,3,
3,3,3,3,3,3,4),(4.802176942,5.077134627,5.352092312,5.627049996,5.764528839,5.902007681,6.039486524,6.176965366,6.314444208,6.451923051,6.589401893,6.726880736,6.864359578,7.00183842,7.139317263,7.276796105,7.55175379,7.826711475,8.101669159,8.376626844,8.651584529,8.926542214,9.064021056,9.201499899,9.338978741,9.476457583,
9.613936426,9.751415268,9.88889411,10.026372953,10.163851795,10.301330638,10.43880948,10.576288322,10.851246007,10.98872485,11.126203692,11.263682534,11.401161377,11.538640219,11.676119061,11.813597904,11.951076746,12.019816167,12.088555589,12.226034431,12.500992116,12.638470958,12.707210379,12.775949801,12.913428643,
13.050907485,13.119646907,13.188386328,13.222756038,13.257125749,13.32586517,13.600822855),.UNSPECIFIED.);
#4561=EDGE_CURVE('',#1637,#683,#4560,.T.);
#4562=ORIENTED_EDGE('',*,*,#4561,.F.);
#4563=ORIENTED_EDGE('',*,*,#1641,.F.);
#4564=EDGE_LOOP('',(#4214,#4386,#4387,#4562,#4563));
#4565=FACE_BOUND('',#4564,.T.);
#4566=ADVANCED_FACE('',(#4565),#4213,.F.);
#4567=CARTESIAN_POINT('',(7.501420102,8.417788966,-0.));
#4568=CARTESIAN_POINT('',(7.45447684,8.444976527,0.005176629));
#4569=CARTESIAN_POINT('',(6.973551487,8.702743488,0.057224736));
#4570=CARTESIAN_POINT('',(5.905101681,8.879420267,0.156144319));
#4571=CARTESIAN_POINT('',(4.502067824,8.245217844,0.296758751));
#4572=CARTESIAN_POINT('',(3.689011918,6.937059184,0.437373183));
#4573=CARTESIAN_POINT('',(3.737278323,5.400355773,0.577987615));
#4574=CARTESIAN_POINT('',(4.635784585,4.144167308,0.718602047));
#4575=CARTESIAN_POINT('',(6.071662177,3.608837592,0.859216479));
#4576=CARTESIAN_POINT('',(7.971435723,4.030378397,1.036286504));
#4577=CARTESIAN_POINT('',(9.262014343,6.243855984,1.249812123));
#4578=CARTESIAN_POINT('',(7.751692623,8.860098193,1.499793335));
#4579=CARTESIAN_POINT('',(5.005370142,8.851443113,1.72894278));
#4580=CARTESIAN_POINT('',(3.571711152,6.966852453,1.937260457));
#4581=CARTESIAN_POINT('',(3.844050063,4.867338816,2.124746366));
#4582=CARTESIAN_POINT('',(5.52939462,3.569034514,2.312232275));
#4583=CARTESIAN_POINT('',(7.634365027,3.845711339,2.499718184));
#4584=CARTESIAN_POINT('',(8.929830719,5.528082623,2.687204093));
#4585=CARTESIAN_POINT('',(8.654990463,7.634624967,2.874690003));
#4586=CARTESIAN_POINT('',(6.97197213,8.929419321,3.062175912));
#4587=CARTESIAN_POINT('',(4.865759178,8.65540626,3.249661821));
#4588=CARTESIAN_POINT('',(3.570682822,6.971997918,3.43714773));
#4589=CARTESIAN_POINT('',(3.844287462,4.866502273,3.624633639));
#4590=CARTESIAN_POINT('',(5.528030722,3.56992038,3.812119549));
#4591=CARTESIAN_POINT('',(7.281667564,3.799890333,3.968357806));
#4592=CARTESIAN_POINT('',(8.282622682,4.684948602,4.093348412));
#4593=CARTESIAN_POINT('',(8.882315574,5.878583902,4.218339018));
#4594=CARTESIAN_POINT('',(8.656648082,7.6332814,4.374577276));
#4595=CARTESIAN_POINT('',(6.973044413,8.929024489,4.562063185));
#4596=CARTESIAN_POINT('',(4.867021902,8.656168121,4.749549095));
#4597=CARTESIAN_POINT('',(3.57095987,6.972965797,4.937035004));
#4598=CARTESIAN_POINT('',(3.843580964,4.867554455,5.124520913));
#4599=CARTESIAN_POINT('',(5.526593358,3.570485922,5.312006822));
#4600=CARTESIAN_POINT('',(7.631881632,3.844650088,5.499492731));
#4601=CARTESIAN_POINT('',(8.929938206,5.524188119,5.68697864));
#4602=CARTESIAN_POINT('',(8.654592771,7.635331515,5.87446455));
#4603=CARTESIAN_POINT('',(6.98460438,8.918703413,6.061186607));
#4604=CARTESIAN_POINT('',(5.583919137,8.754115173,6.185413361));
#4605=CARTESIAN_POINT('',(5.022415053,8.43678034,6.247144812));
#4606=CARTESIAN_POINT('',(7.711159877,8.79642228,-0.249468445));
#4607=CARTESIAN_POINT('',(7.656017078,8.828166981,-0.244291816));
#4608=CARTESIAN_POINT('',(7.091152421,9.129030837,-0.19224371));
#4609=CARTESIAN_POINT('',(5.83742932,9.332987698,-0.093324126));
#4610=CARTESIAN_POINT('',(4.193752664,8.584842732,0.047290306));
#4611=CARTESIAN_POINT('',(3.244120842,7.048019638,0.187904738));
#4612=CARTESIAN_POINT('',(3.305431248,5.245770668,0.32851917));
#4613=CARTESIAN_POINT('',(4.363128709,3.77513664,0.469133602));
#4614=CARTESIAN_POINT('',(6.048903827,3.151640358,0.609748034));
#4615=CARTESIAN_POINT('',(8.275856145,3.651872519,0.786818059));
#4616=CARTESIAN_POINT('',(9.782804493,6.252004362,1.000343678));
#4617=CARTESIAN_POINT('',(8.003351896,9.315970648,1.25032489));
#4618=CARTESIAN_POINT('',(4.782221122,9.297422947,1.479474335));
#4619=CARTESIAN_POINT('',(3.106448628,7.082604777,1.687792011));
#4620=CARTESIAN_POINT('',(3.432292346,4.620922823,1.875277921));
#4621=CARTESIAN_POINT('',(5.413001537,3.103296788,2.06276383));
#4622=CARTESIAN_POINT('',(7.881070581,3.434247276,2.250249739));
#4623=CARTESIAN_POINT('',(9.395376234,5.411458536,2.437735648));
#4624=CARTESIAN_POINT('',(9.066575084,7.881377996,2.625221557));
#4625=CARTESIAN_POINT('',(7.088606935,9.394893634,2.812707467));
#4626=CARTESIAN_POINT('',(4.6190713,9.067064146,3.000193376));
#4627=CARTESIAN_POINT('',(3.105226089,7.088637246,3.187679285));
#4628=CARTESIAN_POINT('',(3.43257435,4.619942346,3.375165194));
#4629=CARTESIAN_POINT('',(5.411398692,3.104331128,3.562651103));
#4630=CARTESIAN_POINT('',(7.467532419,3.379426621,3.718889361));
#4631=CARTESIAN_POINT('',(8.638844783,4.420568958,3.843879967));
#4632=CARTESIAN_POINT('',(9.33857541,5.822415778,3.968870573));
#4633=CARTESIAN_POINT('',(9.068522177,7.879806264,4.125108831));
#4634=CARTESIAN_POINT('',(7.08986634,9.39443461,4.31259474));
#4635=CARTESIAN_POINT('',(4.620549746,9.067961419,4.500080649));
#4636=CARTESIAN_POINT('',(3.105548812,7.089773219,4.687566558));
#4637=CARTESIAN_POINT('',(3.431741432,4.621173998,4.875052468));
#4638=CARTESIAN_POINT('',(5.409711574,3.104990845,5.062538377));
#4639=CARTESIAN_POINT('',(7.878160935,3.432994609,5.250024286));
#4640=CARTESIAN_POINT('',(9.395514432,5.406891548,5.437510195));
#4641=CARTESIAN_POINT('',(9.066106116,7.882204568,5.624996104));
#4642=CARTESIAN_POINT('',(7.103455893,9.38236432,5.811718162));
#4643=CARTESIAN_POINT('',(5.461098318,9.185035813,5.935944916));
#4644=CARTESIAN_POINT('',(4.803481542,8.811117251,5.997676367));
#4645=CARTESIAN_POINT('',(7.922454791,9.174045117,-0.499133819));
#4646=CARTESIAN_POINT('',(7.859134401,9.210380632,-0.49395719));
#4647=CARTESIAN_POINT('',(7.210539912,9.554687179,-0.441909083));
#4648=CARTESIAN_POINT('',(5.771715933,9.78670776,-0.3429895));
#4649=CARTESIAN_POINT('',(3.886981939,8.925683078,-0.202375068));
#4650=CARTESIAN_POINT('',(2.799838014,7.160848219,-0.061760636));
#4651=CARTESIAN_POINT('',(2.873053523,5.093077772,0.078853796));
#4652=CARTESIAN_POINT('',(4.088977685,3.407382662,0.219468228));
#4653=CARTESIAN_POINT('',(6.024198257,2.6946777,0.36008266));
#4654=CARTESIAN_POINT('',(8.578566766,3.272180784,0.537152685));
#4655=CARTESIAN_POINT('',(10.303473256,6.257923425,0.750678304));
#4656=CARTESIAN_POINT('',(8.256883439,9.770630964,1.000659516));
#4657=CARTESIAN_POINT('',(4.561045776,9.744221264,1.229808961));
#4658=CARTESIAN_POINT('',(2.641820017,7.200311709,1.438126638));
#4659=CARTESIAN_POINT('',(3.019606857,4.37634043,1.625612547));
#4660=CARTESIAN_POINT('',(5.294652105,2.638197067,1.813098456));
#4661=CARTESIAN_POINT('',(8.12594363,3.021852554,2.000584365));
#4662=CARTESIAN_POINT('',(9.86028285,5.292879882,2.188070274));
#4663=CARTESIAN_POINT('',(9.479090511,8.126297493,2.375556184));
#4664=CARTESIAN_POINT('',(7.207196009,9.859729333,2.563042093));
#4665=CARTESIAN_POINT('',(4.37421724,9.47965228,2.750528002));
#4666=CARTESIAN_POINT('',(2.640407989,7.207231086,2.938013911));
#4667=CARTESIAN_POINT('',(3.019931548,4.37521591,3.12549982));
#4668=CARTESIAN_POINT('',(5.292811569,2.639381524,3.312985729));
#4669=CARTESIAN_POINT('',(7.651544681,2.958293486,3.469223987));
#4670=CARTESIAN_POINT('',(8.993829888,4.154746778,3.594214593));
#4671=CARTESIAN_POINT('',(9.794455808,5.764314307,3.719205199));
#4672=CARTESIAN_POINT('',(9.481327612,8.124497618,3.875443457));
#4673=CARTESIAN_POINT('',(7.208641531,9.859204317,4.062929366));
#4674=CARTESIAN_POINT('',(4.375912273,9.480684224,4.250415275));
#4675=CARTESIAN_POINT('',(2.640776148,7.20853504,4.437901185));
#4676=CARTESIAN_POINT('',(3.018974371,4.376627882,4.625387094));
#4677=CARTESIAN_POINT('',(5.290874533,2.640135443,4.812873003));
#4678=CARTESIAN_POINT('',(8.122607202,3.02041078,5.000358912));
#4679=CARTESIAN_POINT('',(9.86044859,5.287639788,5.187844821));
#4680=CARTESIAN_POINT('',(9.478551267,8.12724554,5.37533073));
#4681=CARTESIAN_POINT('',(7.224253447,9.845376744,5.562052788));
#4682=CARTESIAN_POINT('',(5.340155929,9.616351199,5.686279542));
#4683=CARTESIAN_POINT('',(4.586213527,9.186276975,5.748010993));
#4684=CARTESIAN_POINT('',(8.134102213,9.551457124,-0.748816372));
#4685=CARTESIAN_POINT('',(8.062608812,9.592391087,-0.743639743));
#4686=CARTESIAN_POINT('',(7.330328005,9.980218584,-0.691591637));
#4687=CARTESIAN_POINT('',(5.706434854,10.240477738,-0.592672053));
#4688=CARTESIAN_POINT('',(3.580543019,9.266805152,-0.452057621));
#4689=CARTESIAN_POINT('',(2.355674416,7.274095273,-0.311443189));
#4690=CARTESIAN_POINT('',(2.440542768,4.940799282,-0.170828757));
#4691=CARTESIAN_POINT('',(3.814485236,3.039898947,-0.030214325));
#4692=CARTESIAN_POINT('',(5.999059795,2.237750877,0.110400107));
#4693=CARTESIAN_POINT('',(8.8809087,2.892212645,0.287470132));
#4694=CARTESIAN_POINT('',(10.824133586,6.263347988,0.500995751));
#4695=CARTESIAN_POINT('',(8.510839301,10.225038513,0.750976963));
#4696=CARTESIAN_POINT('',(4.340300538,10.191216884,0.980126408));
#4697=CARTESIAN_POINT('',(2.177315501,7.318456558,1.188444085));
#4698=CARTESIAN_POINT('',(2.606701081,4.132156155,1.375929994));
#4699=CARTESIAN_POINT('',(5.175864348,2.173222464,1.563415903));
#4700=CARTESIAN_POINT('',(8.370418817,2.609236747,1.750901812));
#4701=CARTESIAN_POINT('',(10.325064141,5.173863387,1.938387721));
#4702=CARTESIAN_POINT('',(9.891827063,8.37081885,2.12587363));
#4703=CARTESIAN_POINT('',(7.326222859,10.324439799,2.31335954));
#4704=CARTESIAN_POINT('',(4.129761388,9.892461391,2.500845449));
#4705=CARTESIAN_POINT('',(2.175715123,7.326262789,2.688331358));
#4706=CARTESIAN_POINT('',(2.607067897,4.130887556,2.875817267));
#4707=CARTESIAN_POINT('',(5.173786445,2.174557484,3.063303176));
#4708=CARTESIAN_POINT('',(7.835152492,2.536996755,3.219541434));
#4709=CARTESIAN_POINT('',(9.348553132,3.888595182,3.34453204));
#4710=CARTESIAN_POINT('',(10.250267942,5.705781801,3.469522646));
#4711=CARTESIAN_POINT('',(9.894354462,8.368790971,3.625760904));
#4712=CARTESIAN_POINT('',(7.327854216,10.323848274,3.813246813));
#4713=CARTESIAN_POINT('',(4.131673241,9.89362787,4.000732722));
#4714=CARTESIAN_POINT('',(2.176128565,7.327734711,4.188218631));
#4715=CARTESIAN_POINT('',(2.605987076,4.132480095,4.375704541));
#4716=CARTESIAN_POINT('',(5.171599385,2.1754055,4.56319045));
#4717=CARTESIAN_POINT('',(8.366655489,2.607606417,4.750676359));
#4718=CARTESIAN_POINT('',(10.325256695,5.167949949,4.938162268));
#4719=CARTESIAN_POINT('',(9.891217802,8.371888829,5.125648177));
#4720=CARTESIAN_POINT('',(7.345487055,10.308261581,5.312370235));
#4721=CARTESIAN_POINT('',(5.219625989,10.047769379,5.436596989));
#4722=CARTESIAN_POINT('',(4.369307303,9.561632505,5.49832844));
#4723=B_SPLINE_SURFACE_WITH_KNOTS('',3,3,((#4567,#4568,#4569,#4570,#4571,#4572,#4573,#4574,#4575,#4576,#4577,#4578,#4579,#4580,#4581,#4582,#4583,#4584,#4585,#4586,#4587,#4588,#4589,#4590,#4591,#4592,
#4593,#4594,#4595,#4596,#4597,#4598,#4599,#4600,#4601,#4602,#4603,#4604,#4605),(#4606,#4607,#4608,#4609,#4610,#4611,#4612,#4613,#4614,#4615,#4616,#4617,#4618,#4619,#4620,#4621,#4622,#4623,#4624,#4625,#4626,#4627,#4628,#4629,#4630,#4631,
#4632,#4633,#4634,#4635,#4636,#4637,#4638,#4639,#4640,#4641,#4642,#4643,#4644),(#4645,#4646,#4647,#4648,#4649,#4650,#4651,#4652,#4653,#4654,#4655,#4656,#4657,#4658,#4659,#4660,#4661,#4662,#4663,#4664,#4665,#4666,#4667,#4668,#4669,#4670,
#4671,#4672,#4673,#4674,#4675,#4676,#4677,#4678,#4679,#4680,#4681,#4682,#4683),(#4684,#4685,#4686,#4687,#4688,#4689,#4690,#4691,#4692,#4693,#4694,#4695,#4696,#4697,#4698,#4699,#4700,#4701,#4702,#4703,#4704,#4705,#4706,#4707,#4708,#4709,
#4710,#4711,#4712,#4713,#4714,#4715,#4716,#4717,#4718,#4719,#4720,#4721,#4722)),.UNSPECIFIED.,.F.,.F.,.U.,(4,4),(4,1,1,1,1,1,1,1,1,1,1,1,1,1,1,1,1,1,1,1,1,1,1,1,1,1,
1,1,1,1,1,1,1,1,1,1,4),(0.170679769,0.320537433),(7.339034499,7.40408594,7.993090295,8.58209465,9.171099005,9.76010336,10.349107715,10.93811207,11.527116425,12.574235278,13.621354131,14.668472984,15.453812124,16.239151264,17.024490404,17.809829544,18.595168684,19.380507824,20.165846964,20.951186104,21.736525244,22.521864384,23.307203524,24.092542664,24.485212234,24.877881804,
25.663220944,26.448560083,27.233899223,28.019238363,28.804577503,29.589916643,30.375255783,31.160594923,31.945934063,32.731273203,33.507013496),.UNSPECIFIED.);
#4724=ORIENTED_EDGE('',*,*,#1684,.T.);
#4725=ORIENTED_EDGE('',*,*,#4561,.T.);
#4726=ORIENTED_EDGE('',*,*,#736,.T.);
#4727=ORIENTED_EDGE('',*,*,#4385,.F.);
#4728=EDGE_LOOP('',(#4724,#4725,#4726,#4727));
#4729=FACE_BOUND('',#4728,.T.);
#4730=ADVANCED_FACE('',(#4729),#4723,.F.);
#4731=CARTESIAN_POINT('',(-20.650574189,2.957998329,-0.000009183));
#4732=CARTESIAN_POINT('',(-20.579244059,2.916683206,0.005170507));
#4733=CARTESIAN_POINT('',(-19.848859311,2.525191971,0.057221674));
#4734=CARTESIAN_POINT('',(-18.226225101,2.256874115,0.156144319));
#4735=CARTESIAN_POINT('',(-16.095534633,3.220000517,0.296758751));
#4736=CARTESIAN_POINT('',(-14.860796973,5.206603307,0.437373183));
#4737=CARTESIAN_POINT('',(-14.934102594,7.540307416,0.577987615));
#4738=CARTESIAN_POINT('',(-16.298594133,9.447971607,0.718602046));
#4739=CARTESIAN_POINT('',(-18.479175959,10.260973755,0.859216478));
#4740=CARTESIAN_POINT('',(-21.364226126,9.620773596,1.036286504));
#4741=CARTESIAN_POINT('',(-23.324125492,6.259333715,1.249812122));
#4742=CARTESIAN_POINT('',(-21.030544388,2.286234442,1.499793335));
#4743=CARTESIAN_POINT('',(-16.859848986,2.299339433,1.728942779));
#4744=CARTESIAN_POINT('',(-14.682673726,5.161372515,1.937260456));
#4745=CARTESIAN_POINT('',(-15.096233959,8.349751524,2.124746365));
#4746=CARTESIAN_POINT('',(-17.655670524,10.321402455,2.312232275));
#4747=CARTESIAN_POINT('',(-20.852339592,9.901232058,2.499718184));
#4748=CARTESIAN_POINT('',(-22.819680013,7.346326856,2.687204093));
#4749=CARTESIAN_POINT('',(-22.402296757,4.147263552,2.874690002));
#4750=CARTESIAN_POINT('',(-19.846411051,2.180945683,3.062175911));
#4751=CARTESIAN_POINT('',(-16.6478458,2.597071191,3.24966182));
#4752=CARTESIAN_POINT('',(-14.681102384,5.153550665,3.43714773));
#4753=CARTESIAN_POINT('',(-15.096603298,8.351023798,3.624633639));
#4754=CARTESIAN_POINT('',(-17.653599705,10.320060044,3.812119548));
#4755=CARTESIAN_POINT('',(-20.316712847,9.970808713,3.968357806));
#4756=CARTESIAN_POINT('',(-21.836819113,8.626745396,4.093348412));
#4757=CARTESIAN_POINT('',(-22.747507224,6.814041114,4.218339018));
#4758=CARTESIAN_POINT('',(-22.404824797,4.149296958,4.374577276));
#4759=CARTESIAN_POINT('',(-19.848033013,2.181550458,4.562063185));
#4760=CARTESIAN_POINT('',(-16.64976518,2.595914827,4.749549094));
#4761=CARTESIAN_POINT('',(-14.681528379,5.152079449,4.937035003));
#4762=CARTESIAN_POINT('',(-15.095523189,8.349427897,5.124520912));
#4763=CARTESIAN_POINT('',(-17.65141566,10.319197295,5.312006822));
#4764=CARTESIAN_POINT('',(-20.848569222,9.902843837,5.499492731));
#4765=CARTESIAN_POINT('',(-22.819841841,7.352242225,5.68697864));
#4766=CARTESIAN_POINT('',(-22.401693892,4.146185501,5.874464549));
#4767=CARTESIAN_POINT('',(-19.855225459,2.189251772,6.061950458));
#4768=CARTESIAN_POINT('',(-17.709502706,2.450633874,6.18710304));
#4769=CARTESIAN_POINT('',(-16.849731603,2.949710558,6.249760318));
#4770=CARTESIAN_POINT('',(-16.847510447,2.951003176,6.249922293));
#4771=CARTESIAN_POINT('',(-20.431421826,3.331102413,-0.249691735));
#4772=CARTESIAN_POINT('',(-20.368175891,3.294551076,-0.244512046));
#4773=CARTESIAN_POINT('',(-19.720596192,2.948246741,-0.192460878));
#4774=CARTESIAN_POINT('',(-18.282436537,2.711856901,-0.093538234));
#4775=CARTESIAN_POINT('',(-16.395103892,3.56717044,0.047076198));
#4776=CARTESIAN_POINT('',(-15.302612108,5.328693483,0.18769063));
#4777=CARTESIAN_POINT('',(-15.369566075,7.396690691,0.328305062));
#4778=CARTESIAN_POINT('',(-16.580367085,9.086041148,0.468919494));
#4779=CARTESIAN_POINT('',(-18.513428623,9.804638057,0.609533925));
#4780=CARTESIAN_POINT('',(-21.069527932,9.234847217,0.786603951));
#4781=CARTESIAN_POINT('',(-22.803463466,6.254366037,1.00012957));
#4782=CARTESIAN_POINT('',(-20.767566324,2.735480237,1.250110782));
#4783=CARTESIAN_POINT('',(-17.071630865,2.750655625,1.479260226));
#4784=CARTESIAN_POINT('',(-15.144725303,5.288762995,1.687577903));
#4785=CARTESIAN_POINT('',(-15.513934105,8.113857824,1.875063812));
#4786=CARTESIAN_POINT('',(-17.783713476,9.858891067,2.062549722));
#4787=CARTESIAN_POINT('',(-20.616149241,9.483819029,2.250035631));
#4788=CARTESIAN_POINT('',(-22.357366329,7.21805751,2.43752154));
#4789=CARTESIAN_POINT('',(-21.984762233,4.383498448,2.625007449));
#4790=CARTESIAN_POINT('',(-19.718132631,2.643187899,2.812493358));
#4791=CARTESIAN_POINT('',(-16.884013901,3.014677308,2.999979268));
#4792=CARTESIAN_POINT('',(-15.143326701,5.28183313,3.187465177));
#4793=CARTESIAN_POINT('',(-15.51426176,8.114985065,3.374951086));
#4794=CARTESIAN_POINT('',(-17.781877475,9.857702803,3.562436995));
#4795=CARTESIAN_POINT('',(-20.141552215,9.545934006,3.718675253));
#4796=CARTESIAN_POINT('',(-21.48747756,8.353565673,3.843665859));
#4797=CARTESIAN_POINT('',(-22.292953483,6.74642353,3.968656465));
#4798=CARTESIAN_POINT('',(-21.987005023,4.385297409,4.124894723));
#4799=CARTESIAN_POINT('',(-19.719570204,2.643723087,4.312380632));
#4800=CARTESIAN_POINT('',(-16.885713985,3.013650778,4.499866541));
#4801=CARTESIAN_POINT('',(-15.143702406,5.280529035,4.68735245));
#4802=CARTESIAN_POINT('',(-15.513303962,8.11357141,4.874838359));
#4803=CARTESIAN_POINT('',(-17.779941041,9.856940755,5.062324269));
#4804=CARTESIAN_POINT('',(-20.612809474,9.485250303,5.249810178));
#4805=CARTESIAN_POINT('',(-22.357514694,7.223299814,5.437296087));
#4806=CARTESIAN_POINT('',(-21.984227217,4.382542915,5.624781996));
#4807=CARTESIAN_POINT('',(-19.72595099,2.650541499,5.812267905));
#4808=CARTESIAN_POINT('',(-17.824697678,2.884002561,5.937420487));
#4809=CARTESIAN_POINT('',(-17.06322,3.327003594,6.000077765));
#4810=CARTESIAN_POINT('',(-17.061252781,3.328150971,6.00023974));
#4811=CARTESIAN_POINT('',(-20.211909631,3.704008439,-0.499357109));
#4812=CARTESIAN_POINT('',(-20.156743586,3.672228685,-0.494177419));
#4813=CARTESIAN_POINT('',(-19.591928256,3.371191024,-0.442126252));
#4814=CARTESIAN_POINT('',(-18.338217743,3.166905081,-0.343203608));
#4815=CARTESIAN_POINT('',(-16.694351674,3.914633808,-0.202589176));
#4816=CARTESIAN_POINT('',(-15.744323107,5.451206131,-0.061974744));
#4817=CARTESIAN_POINT('',(-15.805177366,7.253483323,0.078639688));
#4818=CARTESIAN_POINT('',(-16.862490937,8.724368527,0.21925412));
#4819=CARTESIAN_POINT('',(-18.548115168,9.348322636,0.359868552));
#4820=CARTESIAN_POINT('',(-20.775188306,8.848631388,0.536938577));
#4821=CARTESIAN_POINT('',(-22.28279209,6.248903901,0.750464196));
#4822=CARTESIAN_POINT('',(-20.504155183,3.184488646,1.000445408));
#4823=CARTESIAN_POINT('',(-17.282989964,3.202184426,1.229594853));
#4824=CARTESIAN_POINT('',(-15.606668614,5.416595527,1.437912529));
#4825=CARTESIAN_POINT('',(-15.931868649,7.878354121,1.625398439));
#4826=CARTESIAN_POINT('',(-17.912198965,9.396488963,1.812884348));
#4827=CARTESIAN_POINT('',(-20.380348549,9.066170801,2.000370257));
#4828=CARTESIAN_POINT('',(-21.895162183,7.089346109,2.187856166));
#4829=CARTESIAN_POINT('',(-21.566992444,4.619343404,2.375342075));
#4830=CARTESIAN_POINT('',(-19.589412236,3.105320669,2.562827985));
#4831=CARTESIAN_POINT('',(-17.119791981,3.432518543,2.750313894));
#4832=CARTESIAN_POINT('',(-15.605441584,5.41055766,2.937799803));
#4833=CARTESIAN_POINT('',(-15.932155191,7.879336229,3.125285712));
#4834=CARTESIAN_POINT('',(-17.910597493,9.395455325,3.312771621));
#4835=CARTESIAN_POINT('',(-19.966789838,9.120881307,3.469009879));
#4836=CARTESIAN_POINT('',(-21.13838589,8.080047368,3.594000485));
#4837=CARTESIAN_POINT('',(-21.838452504,6.678372685,3.718991091));
#4838=CARTESIAN_POINT('',(-21.568949726,4.620908127,3.875229349));
#4839=CARTESIAN_POINT('',(-19.590665654,3.105785716,4.062715258));
#4840=CARTESIAN_POINT('',(-17.121272536,3.431621732,4.250201167));
#4841=CARTESIAN_POINT('',(-15.605767162,5.409420638,4.437687076));
#4842=CARTESIAN_POINT('',(-15.931319099,7.878105135,4.625172986));
#4843=CARTESIAN_POINT('',(-17.908908743,9.394793843,4.812658895));
#4844=CARTESIAN_POINT('',(-20.377439536,9.067422126,5.000144804));
#4845=CARTESIAN_POINT('',(-21.895297783,7.09391507,5.187630713));
#4846=CARTESIAN_POINT('',(-21.566525069,4.61851088,5.375116622));
#4847=CARTESIAN_POINT('',(-19.59623531,3.111720501,5.562602532));
#4848=CARTESIAN_POINT('',(-17.939484593,3.31749188,5.687755113));
#4849=CARTESIAN_POINT('',(-17.276356176,3.704509122,5.750412391));
#4850=CARTESIAN_POINT('',(-17.274643038,3.705511493,5.750574366));
#4851=CARTESIAN_POINT('',(-19.990740581,4.076081243,-0.748825554));
#4852=CARTESIAN_POINT('',(-19.943636308,4.049108978,-0.743645865));
#4853=CARTESIAN_POINT('',(-19.461415192,3.793704754,-0.691594697));
#4854=CARTESIAN_POINT('',(-18.392068702,3.622320578,-0.592672053));
#4855=CARTESIAN_POINT('',(-16.992198204,4.263475221,-0.452057621));
#4856=CARTESIAN_POINT('',(-16.185635177,5.575642483,-0.311443189));
#4857=CARTESIAN_POINT('',(-16.241524338,7.112098233,-0.170828757));
#4858=CARTESIAN_POINT('',(-17.146241359,8.363800264,-0.030214325));
#4859=CARTESIAN_POINT('',(-18.584762876,8.892026033,0.110400106));
#4860=CARTESIAN_POINT('',(-20.482417644,8.461048736,0.287470132));
#4861=CARTESIAN_POINT('',(-21.761995909,6.241212696,0.500995751));
#4862=CARTESIAN_POINT('',(-20.238749828,3.632498345,0.750976963));
#4863=CARTESIAN_POINT('',(-17.492477405,3.654743968,0.980126407));
#4864=CARTESIAN_POINT('',(-16.068197098,5.546440485,1.188444084));
#4865=CARTESIAN_POINT('',(-16.350927062,7.644570837,1.375929993));
#4866=CARTESIAN_POINT('',(-18.042699151,8.934505597,1.563415903));
#4867=CARTESIAN_POINT('',(-20.146266752,8.647395914,1.750901812));
#4868=CARTESIAN_POINT('',(-21.433377926,6.958621705,1.938387721));
#4869=CARTESIAN_POINT('',(-21.148095701,4.85346845,2.12587363));
#4870=CARTESIAN_POINT('',(-19.458679188,3.567033806,2.313359539));
#4871=CARTESIAN_POINT('',(-17.353849785,3.851486206,2.500845449));
#4872=CARTESIAN_POINT('',(-16.067136866,5.541295091,2.688331358));
#4873=CARTESIAN_POINT('',(-16.351174417,7.645407397,2.875817267));
#4874=CARTESIAN_POINT('',(-18.041331178,8.933628408,3.063303176));
#4875=CARTESIAN_POINT('',(-19.793794956,8.694959364,3.219541434));
#4876=CARTESIAN_POINT('',(-20.790364936,7.804959176,3.34453204));
#4877=CARTESIAN_POINT('',(-21.384115885,6.608358364,3.469522646));
#4878=CARTESIAN_POINT('',(-21.149767001,4.854799152,3.625760904));
#4879=CARTESIAN_POINT('',(-19.459749191,3.567426743,3.813246813));
#4880=CARTESIAN_POINT('',(-17.355109881,3.850718498,4.000732722));
#4881=CARTESIAN_POINT('',(-16.067412571,5.540324936,4.188218631));
#4882=CARTESIAN_POINT('',(-16.350457978,7.644360056,4.37570454));
#4883=CARTESIAN_POINT('',(-18.039890214,8.933067437,4.56319045));
#4884=CARTESIAN_POINT('',(-20.143789305,8.648469546,4.750676359));
#4885=CARTESIAN_POINT('',(-21.433503799,6.962516322,4.938162268));
#4886=CARTESIAN_POINT('',(-21.147695207,4.852760544,5.125648177));
#4887=CARTESIAN_POINT('',(-19.464510408,3.572474414,5.313134086));
#4888=CARTESIAN_POINT('',(-18.052450448,3.751594272,5.438286668));
#4889=CARTESIAN_POINT('',(-17.487938618,4.083032706,5.500943946));
#4890=CARTESIAN_POINT('',(-17.486480254,4.08389112,5.501105921));
#4891=B_SPLINE_SURFACE_WITH_KNOTS('',3,3,((#4731,#4732,#4733,#4734,#4735,#4736,#4737,#4738,#4739,#4740,#4741,#4742,#4743,#4744,#4745,#4746,#4747,#4748,#4749,#4750,#4751,#4752,#4753,#4754,#4755,#4756,
#4757,#4758,#4759,#4760,#4761,#4762,#4763,#4764,#4765,#4766,#4767,#4768,#4769,#4770),(#4771,#4772,#4773,#4774,#4775,#4776,#4777,#4778,#4779,#4780,#4781,#4782,#4783,#4784,#4785,#4786,#4787,#4788,#4789,#4790,#4791,#4792,#4793,#4794,#4795,#4796,
#4797,#4798,#4799,#4800,#4801,#4802,#4803,#4804,#4805,#4806,#4807,#4808,#4809,#4810),(#4811,#4812,#4813,#4814,#4815,#4816,#4817,#4818,#4819,#4820,#4821,#4822,#4823,#4824,#4825,#4826,#4827,#4828,#4829,#4830,#4831,#4832,#4833,#4834,#4835,#4836,
#4837,#4838,#4839,#4840,#4841,#4842,#4843,#4844,#4845,#4846,#4847,#4848,#4849,#4850),(#4851,#4852,#4853,#4854,#4855,#4856,#4857,#4858,#4859,#4860,#4861,#4862,#4863,#4864,#4865,#4866,#4867,#4868,#4869,#4870,#4871,#4872,#4873,#4874,#4875,#4876,
#4877,#4878,#4879,#4880,#4881,#4882,#4883,#4884,#4885,#4886,#4887,#4888,#4889,#4890)),.UNSPECIFIED.,.F.,.F.,.U.,(4,4),(4,1,1,1,1,1,1,1,1,1,1,1,1,1,1,1,1,1,1,1,1,1,1,1,1,1,
1,1,1,1,1,1,1,1,1,1,1,4),(-0.043409303,0.10644836),(10.468243376,10.533333278,11.122337633,11.711341988,12.300346343,12.889350698,13.478355053,14.067359408,14.656363763,15.703482616,16.750601469,17.797720323,18.583059463,19.368398603,20.153737742,20.939076882,21.724416022,22.509755162,23.295094302,24.080433442,24.865772582,25.651111722,26.436450862,27.221790002,27.614459572,28.007129142,
28.792468282,29.577807422,30.363146562,31.148485702,31.933824842,32.719163981,33.504503121,34.289842261,35.075181401,35.860520541,36.645859681,36.647895121),.UNSPECIFIED.);
#4892=ORIENTED_EDGE('',*,*,#1526,.T.);
#4893=CARTESIAN_POINT('',(-17.486480254,4.083891119,5.501105921));
#4894=CARTESIAN_POINT('',(-18.005021989,3.78105943,5.442440429));
#4895=CARTESIAN_POINT('',(-18.63912314,3.679279008,5.386189954));
#4896=CARTESIAN_POINT('',(-19.228206339,3.792346364,5.329519768));
#4897=CARTESIAN_POINT('',(-19.817289539,3.905413721,5.272849583));
#4898=CARTESIAN_POINT('',(-20.36079717,4.244841384,5.21460046));
#4899=CARTESIAN_POINT('',(-20.730225779,4.718228837,5.157181773));
#4900=CARTESIAN_POINT('',(-21.099654387,5.191616289,5.099763086));
#4901=CARTESIAN_POINT('',(-21.282118458,5.804356181,5.042815822));
#4902=CARTESIAN_POINT('',(-21.247835052,6.404087705,4.985359226));
#4903=CARTESIAN_POINT('',(-21.230693349,6.703953467,4.956630928));
#4904=CARTESIAN_POINT('',(-21.158743546,6.999864426,4.928096889));
#4905=CARTESIAN_POINT('',(-21.034741531,7.27342309,4.899435513));
#4906=CARTESIAN_POINT('',(-20.910739516,7.546981755,4.870774137));
#4907=CARTESIAN_POINT('',(-20.736938773,7.79871845,4.842099657));
#4908=CARTESIAN_POINT('',(-20.525699308,8.012705987,4.813434407));
#4909=CARTESIAN_POINT('',(-20.314459843,8.226693524,4.784769158));
#4910=CARTESIAN_POINT('',(-20.065569057,8.402473289,4.756270761));
#4911=CARTESIAN_POINT('',(-19.792348486,8.526364784,4.727653303));
#4912=CARTESIAN_POINT('',(-19.519127915,8.650256279,4.699035845));
#4913=CARTESIAN_POINT('',(-19.222656456,8.72413728,4.670295869));
#4914=CARTESIAN_POINT('',(-18.922662835,8.745459934,4.641569891));
#4915=CARTESIAN_POINT('',(-18.622669214,8.766782587,4.612843914));
#4916=CARTESIAN_POINT('',(-18.319140059,8.735525214,4.584198897));
#4917=CARTESIAN_POINT('',(-18.031909212,8.649055797,4.555537926));
#4918=CARTESIAN_POINT('',(-17.744678365,8.56258638,4.526876956));
#4919=CARTESIAN_POINT('',(-17.4734675,8.422114059,4.498243573));
#4920=CARTESIAN_POINT('',(-17.234146467,8.239833211,4.469619137));
#4921=CARTESIAN_POINT('',(-16.994825433,8.057552363,4.440994702));
#4922=CARTESIAN_POINT('',(-16.78741197,7.833436927,4.412363028));
#4923=CARTESIAN_POINT('',(-16.627803292,7.579671322,4.383712872));
#4924=CARTESIAN_POINT('',(-16.468194615,7.325905718,4.355062715));
#4925=CARTESIAN_POINT('',(-16.35741643,7.041919919,4.326373961));
#4926=CARTESIAN_POINT('',(-16.298265129,6.747092075,4.29772049));
#4927=CARTESIAN_POINT('',(-16.239113827,6.452264232,4.26906702));
#4928=CARTESIAN_POINT('',(-16.231616691,6.146596467,4.240395354));
#4929=CARTESIAN_POINT('',(-16.278514391,5.850067965,4.211725105));
#4930=CARTESIAN_POINT('',(-16.325412091,5.553539463,4.183054855));
#4931=CARTESIAN_POINT('',(-16.428511505,5.26673358,4.154571884));
#4932=CARTESIAN_POINT('',(-16.57857712,5.006369708,4.126074448));
#4933=CARTESIAN_POINT('',(-16.728642735,4.746005837,4.097577012));
#4934=CARTESIAN_POINT('',(-16.925285692,4.512094295,4.068753177));
#4935=CARTESIAN_POINT('',(-17.156113975,4.319999965,4.03994191));
#4936=CARTESIAN_POINT('',(-17.386942257,4.127905635,4.011130643));
#4937=CARTESIAN_POINT('',(-17.652859702,3.979202039,3.982536957));
#4938=CARTESIAN_POINT('',(-17.937482463,3.882917642,3.953876222));
#4939=CARTESIAN_POINT('',(-18.506727986,3.690348849,3.896554752));
#4940=CARTESIAN_POINT('',(-19.145925402,3.703710683,3.839426738));
#4941=CARTESIAN_POINT('',(-19.700229146,3.933912814,3.782096997));
#4942=CARTESIAN_POINT('',(-20.254532891,4.164114945,3.724767257));
#4943=CARTESIAN_POINT('',(-20.727386672,4.597559233,3.667374378));
#4944=CARTESIAN_POINT('',(-20.992566942,5.135733036,3.610058777));
#4945=CARTESIAN_POINT('',(-21.257747211,5.673906839,3.552743177));
#4946=CARTESIAN_POINT('',(-21.323919862,6.311690782,3.495806647));
#4947=CARTESIAN_POINT('',(-21.170526797,6.891387727,3.438305175));
#4948=CARTESIAN_POINT('',(-21.017133732,7.471084672,3.380803703));
#4949=CARTESIAN_POINT('',(-20.64347751,7.992735566,3.323323481));
#4950=CARTESIAN_POINT('',(-20.146280767,8.328482897,3.266327197));
#4951=CARTESIAN_POINT('',(-19.649084023,8.664230228,3.209330912));
#4952=CARTESIAN_POINT('',(-19.024581655,8.80687726,3.151675313));
#4953=CARTESIAN_POINT('',(-18.428828932,8.732671282,3.094340637));
#4954=CARTESIAN_POINT('',(-17.83307621,8.658465305,3.037005962));
#4955=CARTESIAN_POINT('',(-17.271004417,8.353159643,2.979728317));
#4956=CARTESIAN_POINT('',(-16.871940038,7.904065203,2.922442509));
#4957=CARTESIAN_POINT('',(-16.672407849,7.679517983,2.893799605));
#4958=CARTESIAN_POINT('',(-16.514926086,7.418899841,2.865152083));
#4959=CARTESIAN_POINT('',(-16.409688203,7.137652407,2.836497603));
#4960=CARTESIAN_POINT('',(-16.30445032,6.856404973,2.807843123));
#4961=CARTESIAN_POINT('',(-16.249678793,6.55554137,2.77917902));
#4962=CARTESIAN_POINT('',(-16.248041054,6.254910635,2.750525687));
#4963=CARTESIAN_POINT('',(-16.246403315,5.954279899,2.721872355));
#4964=CARTESIAN_POINT('',(-16.298625923,5.654098328,2.693284304));
#4965=CARTESIAN_POINT('',(-16.404728555,5.373510556,2.664635616));
#4966=CARTESIAN_POINT('',(-16.510831188,5.092922783,2.635986928));
#4967=CARTESIAN_POINT('',(-16.668652904,4.83132387,2.607280699));
#4968=CARTESIAN_POINT('',(-16.866026513,4.604408226,2.578629831));
#4969=CARTESIAN_POINT('',(-17.063400122,4.377492582,2.549978963));
#4970=CARTESIAN_POINT('',(-17.300513185,4.185450476,2.521318099));
#4971=CARTESIAN_POINT('',(-17.564955371,4.043981046,2.492664965));
#4972=CARTESIAN_POINT('',(-17.829397557,3.902511616,2.46401183));
#4973=CARTESIAN_POINT('',(-18.120499262,3.810465304,2.435428288));
#4974=CARTESIAN_POINT('',(-18.418581405,3.770552487,2.406828604));
#4975=CARTESIAN_POINT('',(-18.716663549,3.73063967,2.37822892));
#4976=CARTESIAN_POINT('',(-19.021726562,3.742890338,2.349593557));
#4977=CARTESIAN_POINT('',(-19.314053767,3.81001653,2.320915885));
#4978=CARTESIAN_POINT('',(-19.606380973,3.877142722,2.292238212));
#4979=CARTESIAN_POINT('',(-19.885675972,4.000318952,2.263464113));
#4980=CARTESIAN_POINT('',(-20.135958782,4.167572219,2.234780047));
#4981=CARTESIAN_POINT('',(-20.386241592,4.334825486,2.20609598));
#4982=CARTESIAN_POINT('',(-20.607411372,4.546227136,2.177401096));
#4983=CARTESIAN_POINT('',(-20.78339341,4.789242612,2.148763731));
#4984=CARTESIAN_POINT('',(-20.959375449,5.032258089,2.120126366));
#4985=CARTESIAN_POINT('',(-21.088405441,5.30774288,2.09164366));
#4986=CARTESIAN_POINT('',(-21.165529786,5.597731741,2.062987397));
#4987=CARTESIAN_POINT('',(-21.24265413,5.887720602,2.034331133));
#4988=CARTESIAN_POINT('',(-21.268965317,6.19181653,2.0057184));
#4989=CARTESIAN_POINT('',(-21.241434489,6.490855195,1.977063503));
#4990=CARTESIAN_POINT('',(-21.213903661,6.789893859,1.948408607));
#4991=CARTESIAN_POINT('',(-21.130212686,7.083359065,1.919620916));
#4992=CARTESIAN_POINT('',(-20.996483463,7.353096118,1.891044849));
#4993=CARTESIAN_POINT('',(-20.862754239,7.62283317,1.862468781));
#4994=CARTESIAN_POINT('',(-20.681242505,7.869604751,1.834504632));
#4995=CARTESIAN_POINT('',(-20.463194802,8.076316141,1.806101596));
#4996=CARTESIAN_POINT('',(-20.245147099,8.283027531,1.777698559));
#4997=CARTESIAN_POINT('',(-19.990299612,8.448544113,1.748937866));
#4998=CARTESIAN_POINT('',(-19.712764452,8.561249272,1.719470139));
#4999=CARTESIAN_POINT('',(-19.435229292,8.673954432,1.690002412));
#5000=CARTESIAN_POINT('',(-19.136508181,8.740043347,1.662259059));
#5001=CARTESIAN_POINT('',(-18.834896008,8.750588206,1.63312979));
#5002=CARTESIAN_POINT('',(-18.533283835,8.761133066,1.60400052));
#5003=CARTESIAN_POINT('',(-18.230256988,8.716924986,1.574423593));
#5004=CARTESIAN_POINT('',(-17.94627947,8.622463028,1.547437805));
#5005=CARTESIAN_POINT('',(-17.662301953,8.528001071,1.520452017));
#5006=CARTESIAN_POINT('',(-17.397718625,8.381927709,1.49366094));
#5007=CARTESIAN_POINT('',(-17.16750726,8.190592293,1.46343238));
#5008=CARTESIAN_POINT('',(-16.937295894,7.999256877,1.433203821));
#5009=CARTESIAN_POINT('',(-16.735556503,7.76800117,1.404440534));
#5010=CARTESIAN_POINT('',(-16.583379687,7.505764981,1.375475762));
#5011=CARTESIAN_POINT('',(-16.431202871,7.243528792,1.346510989));
#5012=CARTESIAN_POINT('',(-16.330391295,6.953077874,1.317518966));
#5013=CARTESIAN_POINT('',(-16.278980246,6.657718628,1.290744389));
#5014=CARTESIAN_POINT('',(-16.227569197,6.362359382,1.263969813));
#5015=CARTESIAN_POINT('',(-16.232808448,6.060234944,1.234497487));
#5016=CARTESIAN_POINT('',(-16.292530137,5.767240271,1.20427032));
#5017=CARTESIAN_POINT('',(-16.352251825,5.474245598,1.174043153));
#5018=CARTESIAN_POINT('',(-16.463524623,5.18889889,1.146415419));
#5019=CARTESIAN_POINT('',(-16.622761912,4.93202599,1.117605553));
#5020=CARTESIAN_POINT('',(-16.7819992,4.67515309,1.088795687));
#5021=CARTESIAN_POINT('',(-16.9864803,4.446282153,1.060020774));
#5022=CARTESIAN_POINT('',(-17.223826169,4.262226439,1.031428319));
#5023=CARTESIAN_POINT('',(-17.461172038,4.078170726,1.002835863));
#5024=CARTESIAN_POINT('',(-17.732443042,3.940117757,0.975009519));
#5025=CARTESIAN_POINT('',(-18.020627177,3.854564986,0.947079255));
#5026=CARTESIAN_POINT('',(-18.308811312,3.769012215,0.91914899));
#5027=CARTESIAN_POINT('',(-18.613074727,3.735151442,0.890872761));
#5028=CARTESIAN_POINT('',(-18.912921861,3.75462614,0.861257126));
#5029=CARTESIAN_POINT('',(-19.062845429,3.764363489,0.846449309));
#5030=CARTESIAN_POINT('',(-19.211789317,3.786834358,0.831638886));
#5031=CARTESIAN_POINT('',(-19.357547702,3.822457649,0.816670335));
#5032=CARTESIAN_POINT('',(-19.503306087,3.85808094,0.801701785));
#5033=CARTESIAN_POINT('',(-19.646859977,3.904210979,0.788218786));
#5034=CARTESIAN_POINT('',(-19.783931466,3.96550655,0.773517343));
#5035=CARTESIAN_POINT('',(-20.058074443,4.088097693,0.744114456));
#5036=CARTESIAN_POINT('',(-20.306675077,4.264767786,0.715308851));
#5037=CARTESIAN_POINT('',(-20.518079657,4.478374427,0.687853017));
#5038=CARTESIAN_POINT('',(-20.940888818,4.905587711,0.632941349));
#5039=CARTESIAN_POINT('',(-21.212395037,5.484757351,0.575642347));
#5040=CARTESIAN_POINT('',(-21.252431012,6.085083559,0.515834336));
#5041=CARTESIAN_POINT('',(-21.292466987,6.685409767,0.456026324));
#5042=CARTESIAN_POINT('',(-21.098887672,7.2948426,0.404104988));
#5043=CARTESIAN_POINT('',(-20.734532715,7.772314095,0.346031392));
#5044=CARTESIAN_POINT('',(-20.643443976,7.891681969,0.331512993));
#5045=CARTESIAN_POINT('',(-20.54189003,8.002970338,0.316732484));
#5046=CARTESIAN_POINT('',(-20.431097496,8.104110049,0.301720779));
#5047=CARTESIAN_POINT('',(-20.320304963,8.205249761,0.286709074));
#5048=CARTESIAN_POINT('',(-20.202671439,8.300038955,0.27404599));
#5049=CARTESIAN_POINT('',(-20.073967252,8.377685848,0.257951841));
#5050=CARTESIAN_POINT('',(-20.009615159,8.416509294,0.249904767));
#5051=CARTESIAN_POINT('',(-19.944845227,8.454917962,0.243636738));
#5052=CARTESIAN_POINT('',(-19.877568546,8.488618773,0.236379755));
#5053=CARTESIAN_POINT('',(-19.810291865,8.522319584,0.229122772));
#5054=CARTESIAN_POINT('',(-19.741213972,8.55227364,0.221541872));
#5055=CARTESIAN_POINT('',(-19.671405464,8.580371822,0.214822825));
#5056=CARTESIAN_POINT('',(-19.531788447,8.636568186,0.201384731));
#5057=CARTESIAN_POINT('',(-19.386105867,8.67672368,0.186110387));
#5058=CARTESIAN_POINT('',(-19.238670625,8.705409845,0.171871217));
#5059=CARTESIAN_POINT('',(-18.64892966,8.820154504,0.114914538));
#5060=CARTESIAN_POINT('',(-18.018908543,8.719121725,0.059215127));
#5061=CARTESIAN_POINT('',(-17.498556927,8.417618441,0.000052736));
#5062=B_SPLINE_CURVE_WITH_KNOTS('',3,(#4893,#4894,#4895,#4896,#4897,#4898,#4899,#4900,#4901,#4902,#4903,#4904,#4905,#4906,#4907,#4908,#4909,#4910,#4911,#4912,#4913,#4914,#4915,#4916,#4917,#4918,
#4919,#4920,#4921,#4922,#4923,#4924,#4925,#4926,#4927,#4928,#4929,#4930,#4931,#4932,#4933,#4934,#4935,#4936,#4937,#4938,#4939,#4940,#4941,#4942,#4943,
#4944,#4945,#4946,#4947,#4948,#4949,#4950,#4951,#4952,#4953,#4954,#4955,#4956,#4957,#4958,#4959,#4960,#4961,#4962,#4963,#4964,#4965,#4966,#4967,#4968,
#4969,#4970,#4971,#4972,#4973,#4974,#4975,#4976,#4977,#4978,#4979,#4980,#4981,#4982,#4983,#4984,#4985,#4986,#4987,#4988,#4989,#4990,#4991,#4992,#4993,
#4994,#4995,#4996,#4997,#4998,#4999,#5000,#5001,#5002,#5003,#5004,#5005,#5006,#5007,#5008,#5009,#5010,#5011,#5012,#5013,#5014,#5015,#5016,#5017,#5018,
#5019,#5020,#5021,#5022,#5023,#5024,#5025,#5026,#5027,#5028,#5029,#5030,#5031,#5032,#5033,#5034,#5035,#5036,#5037,#5038,#5039,#5040,#5041,#5042,#5043,
#5044,#5045,#5046,#5047,#5048,#5049,#5050,#5051,#5052,#5053,#5054,#5055,#5056,#5057,#5058,#5059,#5060,#5061),.UNSPECIFIED.,.F.,.F.,(4,3,3,3,3,3,3,3,3,3,3,3,3,3,3,3,3,3,3,3,3,3,3,3,3,3,
3,3,3,3,3,3,3,3,3,3,3,3,3,3,3,3,3,3,3,3,3,3,3,3,3,
3,3,3,3,3,4),(9.773279213,9.954891934,10.136504655,10.318117376,10.408923737,10.499730097,10.590536458,10.681342819,10.772149179,10.86295554,10.9537619,11.044568261,11.135374622,11.226180982,11.316987343,11.407793704,11.589406425,11.771019146,11.952631867,12.134244588,12.31585731,12.497470031,12.588276391,12.679082752,12.769889113,12.860695473,
12.951501834,13.042308195,13.133114555,13.223920916,13.314727276,13.405533637,13.496339998,13.587146358,13.677952719,13.768759079,13.85956544,13.950371801,14.041178161,14.131984522,14.222790882,14.313597243,14.404403604,14.495209964,14.586016325,14.676822686,14.722225866,14.767629046,14.858435407,15.040048128,15.221660849,
15.267064029,15.31246721,15.3351688,15.35787039,15.40327357,15.584886292),.UNSPECIFIED.);
#5063=EDGE_CURVE('',#1475,#159,#5062,.T.);
#5064=ORIENTED_EDGE('',*,*,#5063,.T.);
#5065=ORIENTED_EDGE('',*,*,#276,.T.);
#5066=CARTESIAN_POINT('',(-20.627681598,9.5565921,5.498292087));
#5067=CARTESIAN_POINT('',(-19.839459812,10.006198738,5.442525363));
#5068=CARTESIAN_POINT('',(-18.875553316,10.156417874,5.384054372));
#5069=CARTESIAN_POINT('',(-17.981527745,9.973372104,5.325929235));
#5070=CARTESIAN_POINT('',(-17.087502173,9.790326334,5.267804099));
#5071=CARTESIAN_POINT('',(-16.270633385,9.267215236,5.21192198));
#5072=CARTESIAN_POINT('',(-15.718738559,8.544636738,5.154748455));
#5073=CARTESIAN_POINT('',(-15.166843733,7.82205824,5.09757493));
#5074=CARTESIAN_POINT('',(-14.897341493,6.887066904,5.040182312));
#5075=CARTESIAN_POINT('',(-14.959221001,5.976328252,4.982837856));
#5076=CARTESIAN_POINT('',(-14.990160755,5.520958926,4.954165628));
#5077=CARTESIAN_POINT('',(-15.105163185,5.0732145,4.925521113));
#5078=CARTESIAN_POINT('',(-15.297658979,4.660189165,4.89689491));
#5079=CARTESIAN_POINT('',(-15.490154774,4.247163829,4.868268707));
#5080=CARTESIAN_POINT('',(-15.757210534,3.867950252,4.839654613));
#5081=CARTESIAN_POINT('',(-16.080559844,3.546281256,4.811030836));
#5082=CARTESIAN_POINT('',(-16.403909153,3.22461226,4.78240706));
#5083=CARTESIAN_POINT('',(-16.784514475,2.962020645,4.753524877));
#5084=CARTESIAN_POINT('',(-17.201204041,2.778115903,4.724847013));
#5085=CARTESIAN_POINT('',(-17.617893607,2.594211161,4.696169149));
#5086=CARTESIAN_POINT('',(-18.069001844,2.486098356,4.667676669));
#5087=CARTESIAN_POINT('',(-18.524523096,2.457953324,4.639148483));
#5088=CARTESIAN_POINT('',(-18.980044347,2.429808292,4.610620297));
#5089=CARTESIAN_POINT('',(-19.439861266,2.481963774,4.581958267));
#5090=CARTESIAN_POINT('',(-19.87442926,2.617310415,4.553330432));
#5091=CARTESIAN_POINT('',(-20.308997253,2.752657056,4.524702597));
#5092=CARTESIAN_POINT('',(-20.718789807,2.969531262,4.496038047));
#5093=CARTESIAN_POINT('',(-21.079593195,3.249491304,4.467361173));
#5094=CARTESIAN_POINT('',(-21.440396582,3.529451346,4.438684298));
#5095=CARTESIAN_POINT('',(-21.752239874,3.872455013,4.410021734));
#5096=CARTESIAN_POINT('',(-21.99095091,4.260042736,4.381388339));
#5097=CARTESIAN_POINT('',(-22.229661945,4.647630458,4.352754943));
#5098=CARTESIAN_POINT('',(-22.393864965,5.080579674,4.324185025));
#5099=CARTESIAN_POINT('',(-22.479350333,5.528863527,4.295550861));
#5100=CARTESIAN_POINT('',(-22.564835701,5.97714738,4.266916698));
#5101=CARTESIAN_POINT('',(-22.571929239,6.440613137,4.238300991));
#5102=CARTESIAN_POINT('',(-22.497178603,6.889680093,4.209682535));
#5103=CARTESIAN_POINT('',(-22.422427968,7.338747049,4.181064078));
#5104=CARTESIAN_POINT('',(-22.262308804,7.77269174,4.152145696));
#5105=CARTESIAN_POINT('',(-22.030936393,8.166100504,4.123292121));
#5106=CARTESIAN_POINT('',(-21.799563982,8.559509268,4.094438545));
#5107=CARTESIAN_POINT('',(-21.498321074,8.912785883,4.066119526));
#5108=CARTESIAN_POINT('',(-21.145553204,9.201375893,4.037702217));
#5109=CARTESIAN_POINT('',(-20.792785334,9.489965903,4.009284907));
#5110=CARTESIAN_POINT('',(-20.387132521,9.711184344,3.980562642));
#5111=CARTESIAN_POINT('',(-19.95414418,9.853799445,3.951934467));
#5112=CARTESIAN_POINT('',(-19.088167497,10.139029649,3.894678117));
#5113=CARTESIAN_POINT('',(-18.117900879,10.11169141,3.837150452));
#5114=CARTESIAN_POINT('',(-17.278895018,9.755380459,3.779937192));
#5115=CARTESIAN_POINT('',(-16.439889156,9.399069507,3.722723933));
#5116=CARTESIAN_POINT('',(-15.728606506,8.735946225,3.66556728));
#5117=CARTESIAN_POINT('',(-15.332138165,7.916653065,3.608288015));
#5118=CARTESIAN_POINT('',(-14.935669825,7.097359904,3.55100875));
#5119=CARTESIAN_POINT('',(-14.842186639,6.128255598,3.493215861));
#5120=CARTESIAN_POINT('',(-15.081398694,5.249619175,3.436253405));
#5121=CARTESIAN_POINT('',(-15.320610749,4.370982752,3.379290949));
#5122=CARTESIAN_POINT('',(-15.892493035,3.583884172,3.322231446));
#5123=CARTESIAN_POINT('',(-16.650872592,3.079532499,3.264501458));
#5124=CARTESIAN_POINT('',(-17.409252149,2.575180826,3.20677147));
#5125=CARTESIAN_POINT('',(-18.358984788,2.364226963,3.150058002));
#5126=CARTESIAN_POINT('',(-19.261870538,2.482988464,3.092815671));
#5127=CARTESIAN_POINT('',(-20.164756289,2.601749965,3.03557334));
#5128=CARTESIAN_POINT('',(-21.015697261,3.070012033,2.978272323));
#5129=CARTESIAN_POINT('',(-21.617387521,3.755497597,2.920981532));
#5130=CARTESIAN_POINT('',(-21.918232651,4.098240379,2.892336137));
#5131=CARTESIAN_POINT('',(-22.154766104,4.495364203,2.863691849));
#5132=CARTESIAN_POINT('',(-22.311946524,4.923200472,2.835060854));
#5133=CARTESIAN_POINT('',(-22.469126943,5.351036741,2.806429858));
#5134=CARTESIAN_POINT('',(-22.549642513,5.808023369,2.777804907));
#5135=CARTESIAN_POINT('',(-22.549590584,6.264201292,2.749167253));
#5136=CARTESIAN_POINT('',(-22.549538656,6.720379215,2.720529599));
#5137=CARTESIAN_POINT('',(-22.467517575,7.175413387,2.691793615));
#5138=CARTESIAN_POINT('',(-22.304048514,7.600527485,2.663157901));
#5139=CARTESIAN_POINT('',(-22.140579454,8.025641584,2.634522187));
#5140=CARTESIAN_POINT('',(-21.898870497,8.421652033,2.605970348));
#5141=CARTESIAN_POINT('',(-21.597340975,8.764339403,2.577333039));
#5142=CARTESIAN_POINT('',(-21.295811453,9.107026772,2.54869573));
#5143=CARTESIAN_POINT('',(-20.934547433,9.396346653,2.520068851));
#5144=CARTESIAN_POINT('',(-20.53217214,9.609092724,2.491432555));
#5145=CARTESIAN_POINT('',(-20.129796846,9.821838794,2.46279626));
#5146=CARTESIAN_POINT('',(-19.68711024,9.959380765,2.434054442));
#5147=CARTESIAN_POINT('',(-19.234253919,10.017689992,2.405343426));
#5148=CARTESIAN_POINT('',(-18.781397597,10.075999219,2.37663241));
#5149=CARTESIAN_POINT('',(-18.318370802,10.055115308,2.347977915));
#5150=CARTESIAN_POINT('',(-17.875248185,9.951000657,2.319380647));
#5151=CARTESIAN_POINT('',(-17.432125568,9.846886006,2.290783378));
#5152=CARTESIAN_POINT('',(-17.009297762,9.658073257,2.262325001));
#5153=CARTESIAN_POINT('',(-16.631034371,9.402605467,2.233722356));
#5154=CARTESIAN_POINT('',(-16.252770981,9.147137676,2.205119712));
#5155=CARTESIAN_POINT('',(-15.918842238,8.825430497,2.176527604));
#5156=CARTESIAN_POINT('',(-15.653137436,8.455629675,2.147870976));
#5157=CARTESIAN_POINT('',(-15.387432635,8.085828853,2.119214349));
#5158=CARTESIAN_POINT('',(-15.193117627,7.666024801,2.090344765));
#5159=CARTESIAN_POINT('',(-15.077589471,7.224510739,2.061742072));
#5160=CARTESIAN_POINT('',(-14.962061315,6.782996678,2.033139379));
#5161=CARTESIAN_POINT('',(-14.924830749,6.320332645,2.004473276));
#5162=CARTESIAN_POINT('',(-14.969032853,5.866854115,1.975841178));
#5163=CARTESIAN_POINT('',(-15.013234958,5.413375586,1.94720908));
#5164=CARTESIAN_POINT('',(-15.140913326,4.969420214,1.919042012));
#5165=CARTESIAN_POINT('',(-15.345068584,4.56179823,1.889949861));
#5166=CARTESIAN_POINT('',(-15.7533791,3.746554262,1.83176556));
#5167=CARTESIAN_POINT('',(-16.457082927,3.076658091,1.772827484));
#5168=CARTESIAN_POINT('',(-17.302020235,2.734981056,1.717614848));
#5169=CARTESIAN_POINT('',(-17.72448889,2.564142538,1.690008531));
#5170=CARTESIAN_POINT('',(-18.17924307,2.474784347,1.660329988));
#5171=CARTESIAN_POINT('',(-18.634428307,2.459813719,1.632320285));
#5172=CARTESIAN_POINT('',(-19.089613544,2.444843091,1.604310582));
#5173=CARTESIAN_POINT('',(-19.54708241,2.505880837,1.576725209));
#5174=CARTESIAN_POINT('',(-19.97853729,2.651438185,1.545700348));
#5175=CARTESIAN_POINT('',(-20.40999217,2.796995534,1.514675488));
#5176=CARTESIAN_POINT('',(-20.814833737,3.025893274,1.483630442));
#5177=CARTESIAN_POINT('',(-21.166908395,3.317612358,1.457434341));
#5178=CARTESIAN_POINT('',(-21.518983053,3.609331442,1.43123824));
#5179=CARTESIAN_POINT('',(-21.812203194,3.967562298,1.402781454));
#5180=CARTESIAN_POINT('',(-22.038076542,4.360855082,1.374386034));
#5181=CARTESIAN_POINT('',(-22.26394989,4.754147867,1.345990614));
#5182=CARTESIAN_POINT('',(-22.425270024,5.186314977,1.317667687));
#5183=CARTESIAN_POINT('',(-22.500024267,5.63590253,1.286324858));
#5184=CARTESIAN_POINT('',(-22.57477851,6.085490082,1.254982028));
#5185=CARTESIAN_POINT('',(-22.568897065,6.549591214,1.227705679));
#5186=CARTESIAN_POINT('',(-22.477971539,6.99631653,1.2014443));
#5187=CARTESIAN_POINT('',(-22.387046014,7.443041845,1.175182921));
#5188=CARTESIAN_POINT('',(-22.208034024,7.870169384,1.145103569));
#5189=CARTESIAN_POINT('',(-21.966477955,8.257246015,1.116650208));
#5190=CARTESIAN_POINT('',(-21.724921886,8.644322646,1.088196847));
#5191=CARTESIAN_POINT('',(-21.419203406,8.993007576,1.061279337));
#5192=CARTESIAN_POINT('',(-21.059253025,9.270665077,1.030958753));
#5193=CARTESIAN_POINT('',(-20.879277835,9.409493828,1.015798461));
#5194=CARTESIAN_POINT('',(-20.688367413,9.53406968,1.002443574));
#5195=CARTESIAN_POINT('',(-20.485663729,9.63660706,0.987441137));
#5196=CARTESIAN_POINT('',(-20.282960046,9.739144441,0.9724387));
#5197=CARTESIAN_POINT('',(-20.070294239,9.822440109,0.957417699));
#5198=CARTESIAN_POINT('',(-19.851485049,9.886407036,0.942555058));
#5199=CARTESIAN_POINT('',(-19.41386667,10.01434089,0.912829776));
#5200=CARTESIAN_POINT('',(-18.951482652,10.064954692,0.883720877));
#5201=CARTESIAN_POINT('',(-18.495287915,10.036262932,0.856562819));
#5202=CARTESIAN_POINT('',(-17.582898441,9.978879411,0.802246702));
#5203=CARTESIAN_POINT('',(-16.706352942,9.591457575,0.748357581));
#5204=CARTESIAN_POINT('',(-16.066565469,8.940167943,0.686831398));
#5205=CARTESIAN_POINT('',(-15.746671733,8.614523127,0.656068306));
#5206=CARTESIAN_POINT('',(-15.482457281,8.229622836,0.62589141));
#5207=CARTESIAN_POINT('',(-15.291103991,7.812601356,0.598113475));
#5208=CARTESIAN_POINT('',(-15.195427346,7.604090616,0.584224507));
#5209=CARTESIAN_POINT('',(-15.117382859,7.387700733,0.571426597));
#5210=CARTESIAN_POINT('',(-15.061468552,7.166519276,0.557806238));
#5211=CARTESIAN_POINT('',(-15.005554246,6.945337818,0.544185879));
#5212=CARTESIAN_POINT('',(-14.973017881,6.719736447,0.528880134));
#5213=CARTESIAN_POINT('',(-14.957431427,6.493982627,0.51536475));
#5214=CARTESIAN_POINT('',(-14.926258521,6.042474988,0.488333981));
#5215=CARTESIAN_POINT('',(-14.977158988,5.586121002,0.459764747));
#5216=CARTESIAN_POINT('',(-15.113136367,5.151356092,0.428839333));
#5217=CARTESIAN_POINT('',(-15.249113747,4.716591183,0.397913918));
#5218=CARTESIAN_POINT('',(-15.463427462,4.30347535,0.368265067));
#5219=CARTESIAN_POINT('',(-15.740502393,3.939037164,0.340278363));
#5220=CARTESIAN_POINT('',(-15.879039858,3.75681807,0.326285011));
#5221=CARTESIAN_POINT('',(-16.033184061,3.586689579,0.312746145));
#5222=CARTESIAN_POINT('',(-16.20109303,3.432235706,0.299409436));
#5223=CARTESIAN_POINT('',(-16.369001999,3.277781833,0.286072728));
#5224=CARTESIAN_POINT('',(-16.553644171,3.14365783,0.26984676));
#5225=CARTESIAN_POINT('',(-16.744972938,3.021095875,0.257647585));
#5226=CARTESIAN_POINT('',(-16.840637322,2.959814897,0.251547998));
#5227=CARTESIAN_POINT('',(-16.940783724,2.9059245,0.243387062));
#5228=CARTESIAN_POINT('',(-17.04230585,2.854966368,0.236253059));
#5229=CARTESIAN_POINT('',(-17.143827976,2.804008236,0.229119056));
#5230=CARTESIAN_POINT('',(-17.246817876,2.755362389,0.223312007));
#5231=CARTESIAN_POINT('',(-17.353434215,2.71563794,0.214843149));
#5232=CARTESIAN_POINT('',(-17.566666891,2.636189044,0.197905432));
#5233=CARTESIAN_POINT('',(-17.784458492,2.566553428,0.186328628));
#5234=CARTESIAN_POINT('',(-18.008455061,2.521950902,0.171838705));
#5235=CARTESIAN_POINT('',(-18.904441337,2.343540794,0.113879013));
#5236=CARTESIAN_POINT('',(-19.862091753,2.505405217,0.055069174));
#5237=CARTESIAN_POINT('',(-20.650515723,2.958097867,-0.000075793));
#5238=B_SPLINE_CURVE_WITH_KNOTS('',3,(#5066,#5067,#5068,#5069,#5070,#5071,#5072,#5073,#5074,#5075,#5076,#5077,#5078,#5079,#5080,#5081,#5082,#5083,#5084,#5085,#5086,#5087,#5088,#5089,#5090,#5091,
#5092,#5093,#5094,#5095,#5096,#5097,#5098,#5099,#5100,#5101,#5102,#5103,#5104,#5105,#5106,#5107,#5108,#5109,#5110,#5111,#5112,#5113,#5114,#5115,#5116,
#5117,#5118,#5119,#5120,#5121,#5122,#5123,#5124,#5125,#5126,#5127,#5128,#5129,#5130,#5131,#5132,#5133,#5134,#5135,#5136,#5137,#5138,#5139,#5140,#5141,
#5142,#5143,#5144,#5145,#5146,#5147,#5148,#5149,#5150,#5151,#5152,#5153,#5154,#5155,#5156,#5157,#5158,#5159,#5160,#5161,#5162,#5163,#5164,#5165,#5166,
#5167,#5168,#5169,#5170,#5171,#5172,#5173,#5174,#5175,#5176,#5177,#5178,#5179,#5180,#5181,#5182,#5183,#5184,#5185,#5186,#5187,#5188,#5189,#5190,#5191,
#5192,#5193,#5194,#5195,#5196,#5197,#5198,#5199,#5200,#5201,#5202,#5203,#5204,#5205,#5206,#5207,#5208,#5209,#5210,#5211,#5212,#5213,#5214,#5215,#5216,
#5217,#5218,#5219,#5220,#5221,#5222,#5223,#5224,#5225,#5226,#5227,#5228,#5229,#5230,#5231,#5232,#5233,#5234,#5235,#5236,#5237),.UNSPECIFIED.,.F.,.F.,(4,3,3,3,3,3,3,3,3,3,3,3,3,3,3,3,3,3,3,3,3,3,3,3,3,3,
3,3,3,3,3,3,3,3,3,3,3,3,3,3,3,3,3,3,3,3,3,3,3,3,3,
3,3,3,3,3,3,4),(4.802176942,5.077134627,5.352092312,5.627049996,5.764528839,5.902007681,6.039486524,6.176965366,6.314444208,6.451923051,6.589401893,6.726880736,6.864359578,7.00183842,7.139317263,7.276796105,7.55175379,7.826711475,8.101669159,8.376626844,8.651584529,8.926542214,9.064021056,9.201499899,9.338978741,9.476457583,
9.613936426,9.751415268,9.88889411,10.026372953,10.163851795,10.301330638,10.43880948,10.576288322,10.851246007,10.98872485,11.126203692,11.263682534,11.401161377,11.538640219,11.676119061,11.813597904,11.951076746,12.019816167,12.088555589,12.226034431,12.500992116,12.638470958,12.707210379,12.775949801,12.913428643,
13.050907485,13.119646907,13.188386328,13.222756038,13.257125749,13.32586517,13.600822855),.UNSPECIFIED.);
#5239=EDGE_CURVE('',#1529,#157,#5238,.T.);
#5240=ORIENTED_EDGE('',*,*,#5239,.F.);
#5241=ORIENTED_EDGE('',*,*,#1533,.F.);
#5242=EDGE_LOOP('',(#4892,#5064,#5065,#5240,#5241));
#5243=FACE_BOUND('',#5242,.T.);
#5244=ADVANCED_FACE('',(#5243),#4891,.F.);
#5245=CARTESIAN_POINT('',(-17.498579898,8.417788966,-0.));
#5246=CARTESIAN_POINT('',(-17.54552316,8.444976527,0.005176629));
#5247=CARTESIAN_POINT('',(-18.026448513,8.702743488,0.057224736));
#5248=CARTESIAN_POINT('',(-19.094898319,8.879420267,0.156144319));
#5249=CARTESIAN_POINT('',(-20.497932176,8.245217844,0.296758751));
#5250=CARTESIAN_POINT('',(-21.310988082,6.937059184,0.437373183));
#5251=CARTESIAN_POINT('',(-21.262721677,5.400355773,0.577987615));
#5252=CARTESIAN_POINT('',(-20.364215415,4.144167308,0.718602047));
#5253=CARTESIAN_POINT('',(-18.928337823,3.608837592,0.859216479));
#5254=CARTESIAN_POINT('',(-17.028564277,4.030378397,1.036286504));
#5255=CARTESIAN_POINT('',(-15.737985657,6.243855984,1.249812123));
#5256=CARTESIAN_POINT('',(-17.248307377,8.860098193,1.499793335));
#5257=CARTESIAN_POINT('',(-19.994629858,8.851443113,1.72894278));
#5258=CARTESIAN_POINT('',(-21.428288848,6.966852453,1.937260457));
#5259=CARTESIAN_POINT('',(-21.155949937,4.867338816,2.124746366));
#5260=CARTESIAN_POINT('',(-19.47060538,3.569034514,2.312232275));
#5261=CARTESIAN_POINT('',(-17.365634973,3.845711339,2.499718184));
#5262=CARTESIAN_POINT('',(-16.070169281,5.528082623,2.687204093));
#5263=CARTESIAN_POINT('',(-16.345009537,7.634624967,2.874690003));
#5264=CARTESIAN_POINT('',(-18.02802787,8.929419321,3.062175912));
#5265=CARTESIAN_POINT('',(-20.134240822,8.65540626,3.249661821));
#5266=CARTESIAN_POINT('',(-21.429317178,6.971997918,3.43714773));
#5267=CARTESIAN_POINT('',(-21.155712538,4.866502273,3.624633639));
#5268=CARTESIAN_POINT('',(-19.471969278,3.56992038,3.812119549));
#5269=CARTESIAN_POINT('',(-17.718332436,3.799890333,3.968357806));
#5270=CARTESIAN_POINT('',(-16.717377318,4.684948602,4.093348412));
#5271=CARTESIAN_POINT('',(-16.117684426,5.878583902,4.218339018));
#5272=CARTESIAN_POINT('',(-16.343351918,7.6332814,4.374577276));
#5273=CARTESIAN_POINT('',(-18.026955587,8.929024489,4.562063185));
#5274=CARTESIAN_POINT('',(-20.132978098,8.656168121,4.749549095));
#5275=CARTESIAN_POINT('',(-21.42904013,6.972965797,4.937035004));
#5276=CARTESIAN_POINT('',(-21.156419036,4.867554455,5.124520913));
#5277=CARTESIAN_POINT('',(-19.473406642,3.570485922,5.312006822));
#5278=CARTESIAN_POINT('',(-17.368118368,3.844650088,5.499492731));
#5279=CARTESIAN_POINT('',(-16.070061794,5.524188119,5.68697864));
#5280=CARTESIAN_POINT('',(-16.345407229,7.635331515,5.87446455));
#5281=CARTESIAN_POINT('',(-18.01539562,8.918703413,6.061186607));
#5282=CARTESIAN_POINT('',(-19.416080863,8.754115173,6.185413361));
#5283=CARTESIAN_POINT('',(-19.977584947,8.43678034,6.247144812));
#5284=CARTESIAN_POINT('',(-17.288840123,8.79642228,-0.249468445));
#5285=CARTESIAN_POINT('',(-17.343982922,8.828166981,-0.244291816));
#5286=CARTESIAN_POINT('',(-17.908847579,9.129030837,-0.19224371));
#5287=CARTESIAN_POINT('',(-19.16257068,9.332987698,-0.093324126));
#5288=CARTESIAN_POINT('',(-20.806247336,8.584842732,0.047290306));
#5289=CARTESIAN_POINT('',(-21.755879158,7.048019638,0.187904738));
#5290=CARTESIAN_POINT('',(-21.694568752,5.245770668,0.32851917));
#5291=CARTESIAN_POINT('',(-20.636871291,3.77513664,0.469133602));
#5292=CARTESIAN_POINT('',(-18.951096173,3.151640358,0.609748034));
#5293=CARTESIAN_POINT('',(-16.724143855,3.651872519,0.786818059));
#5294=CARTESIAN_POINT('',(-15.217195507,6.252004362,1.000343678));
#5295=CARTESIAN_POINT('',(-16.996648104,9.315970648,1.25032489));
#5296=CARTESIAN_POINT('',(-20.217778878,9.297422947,1.479474335));
#5297=CARTESIAN_POINT('',(-21.893551372,7.082604777,1.687792011));
#5298=CARTESIAN_POINT('',(-21.567707654,4.620922823,1.875277921));
#5299=CARTESIAN_POINT('',(-19.586998463,3.103296788,2.06276383));
#5300=CARTESIAN_POINT('',(-17.118929419,3.434247276,2.250249739));
#5301=CARTESIAN_POINT('',(-15.604623766,5.411458536,2.437735648));
#5302=CARTESIAN_POINT('',(-15.933424916,7.881377996,2.625221557));
#5303=CARTESIAN_POINT('',(-17.911393065,9.394893634,2.812707467));
#5304=CARTESIAN_POINT('',(-20.3809287,9.067064146,3.000193376));
#5305=CARTESIAN_POINT('',(-21.894773911,7.088637246,3.187679285));
#5306=CARTESIAN_POINT('',(-21.56742565,4.619942346,3.375165194));
#5307=CARTESIAN_POINT('',(-19.588601308,3.104331128,3.562651103));
#5308=CARTESIAN_POINT('',(-17.532467581,3.379426621,3.718889361));
#5309=CARTESIAN_POINT('',(-16.361155217,4.420568958,3.843879967));
#5310=CARTESIAN_POINT('',(-15.66142459,5.822415778,3.968870573));
#5311=CARTESIAN_POINT('',(-15.931477823,7.879806264,4.125108831));
#5312=CARTESIAN_POINT('',(-17.91013366,9.39443461,4.31259474));
#5313=CARTESIAN_POINT('',(-20.379450254,9.067961419,4.500080649));
#5314=CARTESIAN_POINT('',(-21.894451188,7.089773219,4.687566558));
#5315=CARTESIAN_POINT('',(-21.568258568,4.621173998,4.875052468));
#5316=CARTESIAN_POINT('',(-19.590288426,3.104990845,5.062538377));
#5317=CARTESIAN_POINT('',(-17.121839065,3.432994609,5.250024286));
#5318=CARTESIAN_POINT('',(-15.604485568,5.406891548,5.437510195));
#5319=CARTESIAN_POINT('',(-15.933893884,7.882204568,5.624996104));
#5320=CARTESIAN_POINT('',(-17.896544107,9.38236432,5.811718162));
#5321=CARTESIAN_POINT('',(-19.538901682,9.185035813,5.935944916));
#5322=CARTESIAN_POINT('',(-20.196518458,8.811117251,5.997676367));
#5323=CARTESIAN_POINT('',(-17.077545209,9.174045117,-0.499133819));
#5324=CARTESIAN_POINT('',(-17.140865599,9.210380632,-0.49395719));
#5325=CARTESIAN_POINT('',(-17.789460088,9.554687179,-0.441909083));
#5326=CARTESIAN_POINT('',(-19.228284067,9.78670776,-0.3429895));
#5327=CARTESIAN_POINT('',(-21.113018061,8.925683078,-0.202375068));
#5328=CARTESIAN_POINT('',(-22.200161986,7.160848219,-0.061760636));
#5329=CARTESIAN_POINT('',(-22.126946477,5.093077772,0.078853796));
#5330=CARTESIAN_POINT('',(-20.911022315,3.407382662,0.219468228));
#5331=CARTESIAN_POINT('',(-18.975801743,2.6946777,0.36008266));
#5332=CARTESIAN_POINT('',(-16.421433234,3.272180784,0.537152685));
#5333=CARTESIAN_POINT('',(-14.696526744,6.257923425,0.750678304));
#5334=CARTESIAN_POINT('',(-16.743116561,9.770630964,1.000659516));
#5335=CARTESIAN_POINT('',(-20.438954224,9.744221264,1.229808961));
#5336=CARTESIAN_POINT('',(-22.358179983,7.200311709,1.438126638));
#5337=CARTESIAN_POINT('',(-21.980393143,4.37634043,1.625612547));
#5338=CARTESIAN_POINT('',(-19.705347895,2.638197067,1.813098456));
#5339=CARTESIAN_POINT('',(-16.87405637,3.021852554,2.000584365));
#5340=CARTESIAN_POINT('',(-15.13971715,5.292879882,2.188070274));
#5341=CARTESIAN_POINT('',(-15.520909489,8.126297493,2.375556184));
#5342=CARTESIAN_POINT('',(-17.792803991,9.859729333,2.563042093));
#5343=CARTESIAN_POINT('',(-20.62578276,9.47965228,2.750528002));
#5344=CARTESIAN_POINT('',(-22.359592011,7.207231086,2.938013911));
#5345=CARTESIAN_POINT('',(-21.980068452,4.37521591,3.12549982));
#5346=CARTESIAN_POINT('',(-19.707188431,2.639381524,3.312985729));
#5347=CARTESIAN_POINT('',(-17.348455319,2.958293486,3.469223987));
#5348=CARTESIAN_POINT('',(-16.006170112,4.154746778,3.594214593));
#5349=CARTESIAN_POINT('',(-15.205544192,5.764314307,3.719205199));
#5350=CARTESIAN_POINT('',(-15.518672388,8.124497618,3.875443457));
#5351=CARTESIAN_POINT('',(-17.791358469,9.859204317,4.062929366));
#5352=CARTESIAN_POINT('',(-20.624087727,9.480684224,4.250415275));
#5353=CARTESIAN_POINT('',(-22.359223852,7.20853504,4.437901185));
#5354=CARTESIAN_POINT('',(-21.981025629,4.376627882,4.625387094));
#5355=CARTESIAN_POINT('',(-19.709125467,2.640135443,4.812873003));
#5356=CARTESIAN_POINT('',(-16.877392798,3.02041078,5.000358912));
#5357=CARTESIAN_POINT('',(-15.13955141,5.287639788,5.187844821));
#5358=CARTESIAN_POINT('',(-15.521448733,8.12724554,5.37533073));
#5359=CARTESIAN_POINT('',(-17.775746553,9.845376744,5.562052788));
#5360=CARTESIAN_POINT('',(-19.659844071,9.616351199,5.686279542));
#5361=CARTESIAN_POINT('',(-20.413786473,9.186276975,5.748010993));
#5362=CARTESIAN_POINT('',(-16.865897787,9.551457124,-0.748816372));
#5363=CARTESIAN_POINT('',(-16.937391188,9.592391087,-0.743639743));
#5364=CARTESIAN_POINT('',(-17.669671995,9.980218584,-0.691591637));
#5365=CARTESIAN_POINT('',(-19.293565146,10.240477738,-0.592672053));
#5366=CARTESIAN_POINT('',(-21.419456981,9.266805152,-0.452057621));
#5367=CARTESIAN_POINT('',(-22.644325584,7.274095273,-0.311443189));
#5368=CARTESIAN_POINT('',(-22.559457232,4.940799282,-0.170828757));
#5369=CARTESIAN_POINT('',(-21.185514764,3.039898947,-0.030214325));
#5370=CARTESIAN_POINT('',(-19.000940205,2.237750877,0.110400107));
#5371=CARTESIAN_POINT('',(-16.1190913,2.892212645,0.287470132));
#5372=CARTESIAN_POINT('',(-14.175866414,6.263347988,0.500995751));
#5373=CARTESIAN_POINT('',(-16.489160699,10.225038513,0.750976963));
#5374=CARTESIAN_POINT('',(-20.659699462,10.191216884,0.980126408));
#5375=CARTESIAN_POINT('',(-22.822684499,7.318456558,1.188444085));
#5376=CARTESIAN_POINT('',(-22.393298919,4.132156155,1.375929994));
#5377=CARTESIAN_POINT('',(-19.824135652,2.173222464,1.563415903));
#5378=CARTESIAN_POINT('',(-16.629581183,2.609236747,1.750901812));
#5379=CARTESIAN_POINT('',(-14.674935859,5.173863387,1.938387721));
#5380=CARTESIAN_POINT('',(-15.108172937,8.37081885,2.12587363));
#5381=CARTESIAN_POINT('',(-17.673777141,10.324439799,2.31335954));
#5382=CARTESIAN_POINT('',(-20.870238612,9.892461391,2.500845449));
#5383=CARTESIAN_POINT('',(-22.824284877,7.326262789,2.688331358));
#5384=CARTESIAN_POINT('',(-22.392932103,4.130887556,2.875817267));
#5385=CARTESIAN_POINT('',(-19.826213555,2.174557484,3.063303176));
#5386=CARTESIAN_POINT('',(-17.164847508,2.536996755,3.219541434));
#5387=CARTESIAN_POINT('',(-15.651446868,3.888595182,3.34453204));
#5388=CARTESIAN_POINT('',(-14.749732058,5.705781801,3.469522646));
#5389=CARTESIAN_POINT('',(-15.105645538,8.368790971,3.625760904));
#5390=CARTESIAN_POINT('',(-17.672145784,10.323848274,3.813246813));
#5391=CARTESIAN_POINT('',(-20.868326759,9.89362787,4.000732722));
#5392=CARTESIAN_POINT('',(-22.823871435,7.327734711,4.188218631));
#5393=CARTESIAN_POINT('',(-22.394012924,4.132480095,4.375704541));
#5394=CARTESIAN_POINT('',(-19.828400615,2.1754055,4.56319045));
#5395=CARTESIAN_POINT('',(-16.633344511,2.607606417,4.750676359));
#5396=CARTESIAN_POINT('',(-14.674743305,5.167949949,4.938162268));
#5397=CARTESIAN_POINT('',(-15.108782198,8.371888829,5.125648177));
#5398=CARTESIAN_POINT('',(-17.654512945,10.308261581,5.312370235));
#5399=CARTESIAN_POINT('',(-19.780374011,10.047769379,5.436596989));
#5400=CARTESIAN_POINT('',(-20.630692697,9.561632505,5.49832844));
#5401=B_SPLINE_SURFACE_WITH_KNOTS('',3,3,((#5245,#5246,#5247,#5248,#5249,#5250,#5251,#5252,#5253,#5254,#5255,#5256,#5257,#5258,#5259,#5260,#5261,#5262,#5263,#5264,#5265,#5266,#5267,#5268,#5269,#5270,
#5271,#5272,#5273,#5274,#5275,#5276,#5277,#5278,#5279,#5280,#5281,#5282,#5283),(#5284,#5285,#5286,#5287,#5288,#5289,#5290,#5291,#5292,#5293,#5294,#5295,#5296,#5297,#5298,#5299,#5300,#5301,#5302,#5303,#5304,#5305,#5306,#5307,#5308,#5309,
#5310,#5311,#5312,#5313,#5314,#5315,#5316,#5317,#5318,#5319,#5320,#5321,#5322),(#5323,#5324,#5325,#5326,#5327,#5328,#5329,#5330,#5331,#5332,#5333,#5334,#5335,#5336,#5337,#5338,#5339,#5340,#5341,#5342,#5343,#5344,#5345,#5346,#5347,#5348,
#5349,#5350,#5351,#5352,#5353,#5354,#5355,#5356,#5357,#5358,#5359,#5360,#5361),(#5362,#5363,#5364,#5365,#5366,#5367,#5368,#5369,#5370,#5371,#5372,#5373,#5374,#5375,#5376,#5377,#5378,#5379,#5380,#5381,#5382,#5383,#5384,#5385,#5386,#5387,
#5388,#5389,#5390,#5391,#5392,#5393,#5394,#5395,#5396,#5397,#5398,#5399,#5400)),.UNSPECIFIED.,.F.,.F.,.U.,(4,4),(4,1,1,1,1,1,1,1,1,1,1,1,1,1,1,1,1,1,1,1,1,1,1,1,1,1,
1,1,1,1,1,1,1,1,1,1,4),(0.170679769,0.320537433),(7.339034499,7.40408594,7.993090295,8.58209465,9.171099005,9.76010336,10.349107715,10.93811207,11.527116425,12.574235278,13.621354131,14.668472984,15.453812124,16.239151264,17.024490404,17.809829544,18.595168684,19.380507824,20.165846964,20.951186104,21.736525244,22.521864384,23.307203524,24.092542664,24.485212234,24.877881804,
25.663220944,26.448560083,27.233899223,28.019238363,28.804577503,29.589916643,30.375255783,31.160594923,31.945934063,32.731273203,33.507013496),.UNSPECIFIED.);
#5402=ORIENTED_EDGE('',*,*,#1576,.T.);
#5403=ORIENTED_EDGE('',*,*,#5239,.T.);
#5404=ORIENTED_EDGE('',*,*,#210,.T.);
#5405=ORIENTED_EDGE('',*,*,#5063,.F.);
#5406=EDGE_LOOP('',(#5402,#5403,#5404,#5405));
#5407=FACE_BOUND('',#5406,.T.);
#5408=ADVANCED_FACE('',(#5407),#5401,.F.);
#5409=CARTESIAN_POINT('',(-8.150574189,-9.542001671,-0.000009183));
#5410=CARTESIAN_POINT('',(-8.079244059,-9.583316794,0.005170507));
#5411=CARTESIAN_POINT('',(-7.348859311,-9.974808029,0.057221674));
#5412=CARTESIAN_POINT('',(-5.726225101,-10.243125885,0.156144319));
#5413=CARTESIAN_POINT('',(-3.595534633,-9.279999483,0.296758751));
#5414=CARTESIAN_POINT('',(-2.360796973,-7.293396693,0.437373183));
#5415=CARTESIAN_POINT('',(-2.434102594,-4.959692584,0.577987615));
#5416=CARTESIAN_POINT('',(-3.798594133,-3.052028393,0.718602046));
#5417=CARTESIAN_POINT('',(-5.979175959,-2.239026245,0.859216478));
#5418=CARTESIAN_POINT('',(-8.864226126,-2.879226404,1.036286504));
#5419=CARTESIAN_POINT('',(-10.824125492,-6.240666285,1.249812122));
#5420=CARTESIAN_POINT('',(-8.530544388,-10.213765558,1.499793335));
#5421=CARTESIAN_POINT('',(-4.359848986,-10.200660567,1.728942779));
#5422=CARTESIAN_POINT('',(-2.182673726,-7.338627485,1.937260456));
#5423=CARTESIAN_POINT('',(-2.596233959,-4.150248476,2.124746365));
#5424=CARTESIAN_POINT('',(-5.155670524,-2.178597545,2.312232275));
#5425=CARTESIAN_POINT('',(-8.352339592,-2.598767942,2.499718184));
#5426=CARTESIAN_POINT('',(-10.319680013,-5.153673144,2.687204093));
#5427=CARTESIAN_POINT('',(-9.902296757,-8.352736448,2.874690002));
#5428=CARTESIAN_POINT('',(-7.346411051,-10.319054317,3.062175911));
#5429=CARTESIAN_POINT('',(-4.1478458,-9.902928809,3.24966182));
#5430=CARTESIAN_POINT('',(-2.181102384,-7.346449335,3.43714773));
#5431=CARTESIAN_POINT('',(-2.596603298,-4.148976202,3.624633639));
#5432=CARTESIAN_POINT('',(-5.153599705,-2.179939956,3.812119548));
#5433=CARTESIAN_POINT('',(-7.816712847,-2.529191287,3.968357806));
#5434=CARTESIAN_POINT('',(-9.336819113,-3.873254604,4.093348412));
#5435=CARTESIAN_POINT('',(-10.247507224,-5.685958886,4.218339018));
#5436=CARTESIAN_POINT('',(-9.904824797,-8.350703042,4.374577276));
#5437=CARTESIAN_POINT('',(-7.348033013,-10.318449542,4.562063185));
#5438=CARTESIAN_POINT('',(-4.14976518,-9.904085173,4.749549094));
#5439=CARTESIAN_POINT('',(-2.181528379,-7.347920551,4.937035003));
#5440=CARTESIAN_POINT('',(-2.595523189,-4.150572103,5.124520912));
#5441=CARTESIAN_POINT('',(-5.15141566,-2.180802705,5.312006822));
#5442=CARTESIAN_POINT('',(-8.348569222,-2.597156163,5.499492731));
#5443=CARTESIAN_POINT('',(-10.319841841,-5.147757775,5.68697864));
#5444=CARTESIAN_POINT('',(-9.901693892,-8.353814499,5.874464549));
#5445=CARTESIAN_POINT('',(-7.355225459,-10.310748228,6.061950458));
#5446=CARTESIAN_POINT('',(-5.209502706,-10.049366126,6.18710304));
#5447=CARTESIAN_POINT('',(-4.349731603,-9.550289442,6.249760318));
#5448=CARTESIAN_POINT('',(-4.347510447,-9.548996824,6.249922293));
#5449=CARTESIAN_POINT('',(-7.931421826,-9.168897587,-0.249691735));
#5450=CARTESIAN_POINT('',(-7.868175891,-9.205448924,-0.244512046));
#5451=CARTESIAN_POINT('',(-7.220596192,-9.551753259,-0.192460878));
#5452=CARTESIAN_POINT('',(-5.782436537,-9.788143099,-0.093538234));
#5453=CARTESIAN_POINT('',(-3.895103892,-8.93282956,0.047076198));
#5454=CARTESIAN_POINT('',(-2.802612108,-7.171306517,0.18769063));
#5455=CARTESIAN_POINT('',(-2.869566075,-5.103309309,0.328305062));
#5456=CARTESIAN_POINT('',(-4.080367085,-3.413958852,0.468919494));
#5457=CARTESIAN_POINT('',(-6.013428623,-2.695361943,0.609533925));
#5458=CARTESIAN_POINT('',(-8.569527932,-3.265152783,0.786603951));
#5459=CARTESIAN_POINT('',(-10.303463466,-6.245633963,1.00012957));
#5460=CARTESIAN_POINT('',(-8.267566324,-9.764519763,1.250110782));
#5461=CARTESIAN_POINT('',(-4.571630865,-9.749344375,1.479260226));
#5462=CARTESIAN_POINT('',(-2.644725303,-7.211237005,1.687577903));
#5463=CARTESIAN_POINT('',(-3.013934105,-4.386142176,1.875063812));
#5464=CARTESIAN_POINT('',(-5.283713476,-2.641108933,2.062549722));
#5465=CARTESIAN_POINT('',(-8.116149241,-3.016180971,2.250035631));
#5466=CARTESIAN_POINT('',(-9.857366329,-5.28194249,2.43752154));
#5467=CARTESIAN_POINT('',(-9.484762233,-8.116501552,2.625007449));
#5468=CARTESIAN_POINT('',(-7.218132631,-9.856812101,2.812493358));
#5469=CARTESIAN_POINT('',(-4.384013901,-9.485322692,2.999979268));
#5470=CARTESIAN_POINT('',(-2.643326701,-7.21816687,3.187465177));
#5471=CARTESIAN_POINT('',(-3.01426176,-4.385014935,3.374951086));
#5472=CARTESIAN_POINT('',(-5.281877475,-2.642297197,3.562436995));
#5473=CARTESIAN_POINT('',(-7.641552215,-2.954065994,3.718675253));
#5474=CARTESIAN_POINT('',(-8.98747756,-4.146434327,3.843665859));
#5475=CARTESIAN_POINT('',(-9.792953483,-5.75357647,3.968656465));
#5476=CARTESIAN_POINT('',(-9.487005023,-8.114702591,4.124894723));
#5477=CARTESIAN_POINT('',(-7.219570204,-9.856276913,4.312380632));
#5478=CARTESIAN_POINT('',(-4.385713985,-9.486349222,4.499866541));
#5479=CARTESIAN_POINT('',(-2.643702406,-7.219470965,4.68735245));
#5480=CARTESIAN_POINT('',(-3.013303962,-4.38642859,4.874838359));
#5481=CARTESIAN_POINT('',(-5.279941041,-2.643059245,5.062324269));
#5482=CARTESIAN_POINT('',(-8.112809474,-3.014749697,5.249810178));
#5483=CARTESIAN_POINT('',(-9.857514694,-5.276700186,5.437296087));
#5484=CARTESIAN_POINT('',(-9.484227217,-8.117457085,5.624781996));
#5485=CARTESIAN_POINT('',(-7.22595099,-9.849458501,5.812267905));
#5486=CARTESIAN_POINT('',(-5.324697678,-9.615997439,5.937420487));
#5487=CARTESIAN_POINT('',(-4.56322,-9.172996406,6.000077765));
#5488=CARTESIAN_POINT('',(-4.561252781,-9.171849029,6.00023974));
#5489=CARTESIAN_POINT('',(-7.711909631,-8.795991561,-0.499357109));
#5490=CARTESIAN_POINT('',(-7.656743586,-8.827771315,-0.494177419));
#5491=CARTESIAN_POINT('',(-7.091928256,-9.128808976,-0.442126252));
#5492=CARTESIAN_POINT('',(-5.838217743,-9.333094919,-0.343203608));
#5493=CARTESIAN_POINT('',(-4.194351674,-8.585366192,-0.202589176));
#5494=CARTESIAN_POINT('',(-3.244323107,-7.048793869,-0.061974744));
#5495=CARTESIAN_POINT('',(-3.305177366,-5.246516677,0.078639688));
#5496=CARTESIAN_POINT('',(-4.362490937,-3.775631473,0.21925412));
#5497=CARTESIAN_POINT('',(-6.048115168,-3.151677364,0.359868552));
#5498=CARTESIAN_POINT('',(-8.275188306,-3.651368612,0.536938577));
#5499=CARTESIAN_POINT('',(-9.78279209,-6.251096099,0.750464196));
#5500=CARTESIAN_POINT('',(-8.004155183,-9.315511354,1.000445408));
#5501=CARTESIAN_POINT('',(-4.782989964,-9.297815574,1.229594853));
#5502=CARTESIAN_POINT('',(-3.106668614,-7.083404473,1.437912529));
#5503=CARTESIAN_POINT('',(-3.431868649,-4.621645879,1.625398439));
#5504=CARTESIAN_POINT('',(-5.412198965,-3.103511037,1.812884348));
#5505=CARTESIAN_POINT('',(-7.880348549,-3.433829199,2.000370257));
#5506=CARTESIAN_POINT('',(-9.395162183,-5.410653891,2.187856166));
#5507=CARTESIAN_POINT('',(-9.066992444,-7.880656596,2.375342075));
#5508=CARTESIAN_POINT('',(-7.089412236,-9.394679331,2.562827985));
#5509=CARTESIAN_POINT('',(-4.619791981,-9.067481457,2.750313894));
#5510=CARTESIAN_POINT('',(-3.105441584,-7.08944234,2.937799803));
#5511=CARTESIAN_POINT('',(-3.432155191,-4.620663771,3.125285712));
#5512=CARTESIAN_POINT('',(-5.410597493,-3.104544675,3.312771621));
#5513=CARTESIAN_POINT('',(-7.466789838,-3.379118693,3.469009879));
#5514=CARTESIAN_POINT('',(-8.63838589,-4.419952632,3.594000485));
#5515=CARTESIAN_POINT('',(-9.338452504,-5.821627315,3.718991091));
#5516=CARTESIAN_POINT('',(-9.068949726,-7.879091873,3.875229349));
#5517=CARTESIAN_POINT('',(-7.090665654,-9.394214284,4.062715258));
#5518=CARTESIAN_POINT('',(-4.621272536,-9.068378268,4.250201167));
#5519=CARTESIAN_POINT('',(-3.105767162,-7.090579362,4.437687076));
#5520=CARTESIAN_POINT('',(-3.431319099,-4.621894865,4.625172986));
#5521=CARTESIAN_POINT('',(-5.408908743,-3.105206157,4.812658895));
#5522=CARTESIAN_POINT('',(-7.877439536,-3.432577874,5.000144804));
#5523=CARTESIAN_POINT('',(-9.395297783,-5.40608493,5.187630713));
#5524=CARTESIAN_POINT('',(-9.066525069,-7.88148912,5.375116622));
#5525=CARTESIAN_POINT('',(-7.09623531,-9.388279499,5.562602532));
#5526=CARTESIAN_POINT('',(-5.439484593,-9.18250812,5.687755113));
#5527=CARTESIAN_POINT('',(-4.776356176,-8.795490878,5.750412391));
#5528=CARTESIAN_POINT('',(-4.774643038,-8.794488507,5.750574366));
#5529=CARTESIAN_POINT('',(-7.490740581,-8.423918757,-0.748825554));
#5530=CARTESIAN_POINT('',(-7.443636308,-8.450891022,-0.743645865));
#5531=CARTESIAN_POINT('',(-6.961415192,-8.706295246,-0.691594697));
#5532=CARTESIAN_POINT('',(-5.892068702,-8.877679422,-0.592672053));
#5533=CARTESIAN_POINT('',(-4.492198204,-8.236524779,-0.452057621));
#5534=CARTESIAN_POINT('',(-3.685635177,-6.924357517,-0.311443189));
#5535=CARTESIAN_POINT('',(-3.741524338,-5.387901767,-0.170828757));
#5536=CARTESIAN_POINT('',(-4.646241359,-4.136199736,-0.030214325));
#5537=CARTESIAN_POINT('',(-6.084762876,-3.607973967,0.110400106));
#5538=CARTESIAN_POINT('',(-7.982417644,-4.038951264,0.287470132));
#5539=CARTESIAN_POINT('',(-9.261995909,-6.258787304,0.500995751));
#5540=CARTESIAN_POINT('',(-7.738749828,-8.867501655,0.750976963));
#5541=CARTESIAN_POINT('',(-4.992477405,-8.845256032,0.980126407));
#5542=CARTESIAN_POINT('',(-3.568197098,-6.953559515,1.188444084));
#5543=CARTESIAN_POINT('',(-3.850927062,-4.855429163,1.375929993));
#5544=CARTESIAN_POINT('',(-5.542699151,-3.565494403,1.563415903));
#5545=CARTESIAN_POINT('',(-7.646266752,-3.852604086,1.750901812));
#5546=CARTESIAN_POINT('',(-8.933377926,-5.541378295,1.938387721));
#5547=CARTESIAN_POINT('',(-8.648095701,-7.64653155,2.12587363));
#5548=CARTESIAN_POINT('',(-6.958679188,-8.932966194,2.313359539));
#5549=CARTESIAN_POINT('',(-4.853849785,-8.648513794,2.500845449));
#5550=CARTESIAN_POINT('',(-3.567136866,-6.958704909,2.688331358));
#5551=CARTESIAN_POINT('',(-3.851174417,-4.854592603,2.875817267));
#5552=CARTESIAN_POINT('',(-5.541331178,-3.566371592,3.063303176));
#5553=CARTESIAN_POINT('',(-7.293794956,-3.805040636,3.219541434));
#5554=CARTESIAN_POINT('',(-8.290364936,-4.695040824,3.34453204));
#5555=CARTESIAN_POINT('',(-8.884115885,-5.891641636,3.469522646));
#5556=CARTESIAN_POINT('',(-8.649767001,-7.645200848,3.625760904));
#5557=CARTESIAN_POINT('',(-6.959749191,-8.932573257,3.813246813));
#5558=CARTESIAN_POINT('',(-4.855109881,-8.649281502,4.000732722));
#5559=CARTESIAN_POINT('',(-3.567412571,-6.959675064,4.188218631));
#5560=CARTESIAN_POINT('',(-3.850457978,-4.855639944,4.37570454));
#5561=CARTESIAN_POINT('',(-5.539890214,-3.566932563,4.56319045));
#5562=CARTESIAN_POINT('',(-7.643789305,-3.851530454,4.750676359));
#5563=CARTESIAN_POINT('',(-8.933503799,-5.537483678,4.938162268));
#5564=CARTESIAN_POINT('',(-8.647695207,-7.647239456,5.125648177));
#5565=CARTESIAN_POINT('',(-6.964510408,-8.927525586,5.313134086));
#5566=CARTESIAN_POINT('',(-5.552450448,-8.748405728,5.438286668));
#5567=CARTESIAN_POINT('',(-4.987938618,-8.416967294,5.500943946));
#5568=CARTESIAN_POINT('',(-4.986480254,-8.41610888,5.501105921));
#5569=B_SPLINE_SURFACE_WITH_KNOTS('',3,3,((#5409,#5410,#5411,#5412,#5413,#5414,#5415,#5416,#5417,#5418,#5419,#5420,#5421,#5422,#5423,#5424,#5425,#5426,#5427,#5428,#5429,#5430,#5431,#5432,#5433,#5434,
#5435,#5436,#5437,#5438,#5439,#5440,#5441,#5442,#5443,#5444,#5445,#5446,#5447,#5448),(#5449,#5450,#5451,#5452,#5453,#5454,#5455,#5456,#5457,#5458,#5459,#5460,#5461,#5462,#5463,#5464,#5465,#5466,#5467,#5468,#5469,#5470,#5471,#5472,#5473,#5474,
#5475,#5476,#5477,#5478,#5479,#5480,#5481,#5482,#5483,#5484,#5485,#5486,#5487,#5488),(#5489,#5490,#5491,#5492,#5493,#5494,#5495,#5496,#5497,#5498,#5499,#5500,#5501,#5502,#5503,#5504,#5505,#5506,#5507,#5508,#5509,#5510,#5511,#5512,#5513,#5514,
#5515,#5516,#5517,#5518,#5519,#5520,#5521,#5522,#5523,#5524,#5525,#5526,#5527,#5528),(#5529,#5530,#5531,#5532,#5533,#5534,#5535,#5536,#5537,#5538,#5539,#5540,#5541,#5542,#5543,#5544,#5545,#5546,#5547,#5548,#5549,#5550,#5551,#5552,#5553,#5554,
#5555,#5556,#5557,#5558,#5559,#5560,#5561,#5562,#5563,#5564,#5565,#5566,#5567,#5568)),.UNSPECIFIED.,.F.,.F.,.U.,(4,4),(4,1,1,1,1,1,1,1,1,1,1,1,1,1,1,1,1,1,1,1,1,1,1,1,1,1,
1,1,1,1,1,1,1,1,1,1,1,4),(-0.043409303,0.10644836),(10.468243376,10.533333278,11.122337633,11.711341988,12.300346343,12.889350698,13.478355053,14.067359408,14.656363763,15.703482616,16.750601469,17.797720323,18.583059463,19.368398603,20.153737742,20.939076882,21.724416022,22.509755162,23.295094302,24.080433442,24.865772582,25.651111722,26.436450862,27.221790002,27.614459572,28.007129142,
28.792468282,29.577807422,30.363146562,31.148485702,31.933824842,32.719163981,33.504503121,34.289842261,35.075181401,35.860520541,36.645859681,36.647895121),.UNSPECIFIED.);
#5570=ORIENTED_EDGE('',*,*,#1418,.T.);
#5571=CARTESIAN_POINT('',(-4.986480254,-8.416108881,5.501105921));
#5572=CARTESIAN_POINT('',(-5.505021989,-8.71894057,5.442440429));
#5573=CARTESIAN_POINT('',(-6.13912314,-8.820720992,5.386189954));
#5574=CARTESIAN_POINT('',(-6.728206339,-8.707653636,5.329519768));
#5575=CARTESIAN_POINT('',(-7.317289539,-8.594586279,5.272849583));
#5576=CARTESIAN_POINT('',(-7.86079717,-8.255158616,5.21460046));
#5577=CARTESIAN_POINT('',(-8.230225779,-7.781771163,5.157181773));
#5578=CARTESIAN_POINT('',(-8.599654387,-7.308383711,5.099763086));
#5579=CARTESIAN_POINT('',(-8.782118458,-6.695643819,5.042815822));
#5580=CARTESIAN_POINT('',(-8.747835052,-6.095912295,4.985359226));
#5581=CARTESIAN_POINT('',(-8.730693349,-5.796046533,4.956630928));
#5582=CARTESIAN_POINT('',(-8.658743546,-5.500135574,4.928096889));
#5583=CARTESIAN_POINT('',(-8.534741531,-5.22657691,4.899435513));
#5584=CARTESIAN_POINT('',(-8.410739516,-4.953018245,4.870774137));
#5585=CARTESIAN_POINT('',(-8.236938773,-4.70128155,4.842099657));
#5586=CARTESIAN_POINT('',(-8.025699308,-4.487294013,4.813434407));
#5587=CARTESIAN_POINT('',(-7.814459843,-4.273306476,4.784769158));
#5588=CARTESIAN_POINT('',(-7.565569057,-4.097526711,4.756270761));
#5589=CARTESIAN_POINT('',(-7.292348486,-3.973635216,4.727653303));
#5590=CARTESIAN_POINT('',(-7.019127915,-3.849743721,4.699035845));
#5591=CARTESIAN_POINT('',(-6.722656456,-3.77586272,4.670295869));
#5592=CARTESIAN_POINT('',(-6.422662835,-3.754540066,4.641569891));
#5593=CARTESIAN_POINT('',(-6.122669214,-3.733217413,4.612843914));
#5594=CARTESIAN_POINT('',(-5.819140059,-3.764474786,4.584198897));
#5595=CARTESIAN_POINT('',(-5.531909212,-3.850944203,4.555537926));
#5596=CARTESIAN_POINT('',(-5.244678365,-3.93741362,4.526876956));
#5597=CARTESIAN_POINT('',(-4.9734675,-4.077885941,4.498243573));
#5598=CARTESIAN_POINT('',(-4.734146467,-4.260166789,4.469619137));
#5599=CARTESIAN_POINT('',(-4.494825433,-4.442447637,4.440994702));
#5600=CARTESIAN_POINT('',(-4.28741197,-4.666563073,4.412363028));
#5601=CARTESIAN_POINT('',(-4.127803292,-4.920328678,4.383712872));
#5602=CARTESIAN_POINT('',(-3.968194615,-5.174094282,4.355062715));
#5603=CARTESIAN_POINT('',(-3.85741643,-5.458080081,4.326373961));
#5604=CARTESIAN_POINT('',(-3.798265129,-5.752907925,4.29772049));
#5605=CARTESIAN_POINT('',(-3.739113827,-6.047735768,4.26906702));
#5606=CARTESIAN_POINT('',(-3.731616691,-6.353403533,4.240395354));
#5607=CARTESIAN_POINT('',(-3.778514391,-6.649932035,4.211725105));
#5608=CARTESIAN_POINT('',(-3.825412091,-6.946460537,4.183054855));
#5609=CARTESIAN_POINT('',(-3.928511505,-7.23326642,4.154571884));
#5610=CARTESIAN_POINT('',(-4.07857712,-7.493630292,4.126074448));
#5611=CARTESIAN_POINT('',(-4.228642735,-7.753994163,4.097577012));
#5612=CARTESIAN_POINT('',(-4.425285692,-7.987905705,4.068753177));
#5613=CARTESIAN_POINT('',(-4.656113975,-8.180000035,4.03994191));
#5614=CARTESIAN_POINT('',(-4.886942257,-8.372094365,4.011130643));
#5615=CARTESIAN_POINT('',(-5.152859702,-8.520797961,3.982536957));
#5616=CARTESIAN_POINT('',(-5.437482463,-8.617082358,3.953876222));
#5617=CARTESIAN_POINT('',(-6.006727986,-8.809651151,3.896554752));
#5618=CARTESIAN_POINT('',(-6.645925402,-8.796289317,3.839426738));
#5619=CARTESIAN_POINT('',(-7.200229146,-8.566087186,3.782096997));
#5620=CARTESIAN_POINT('',(-7.754532891,-8.335885055,3.724767257));
#5621=CARTESIAN_POINT('',(-8.227386672,-7.902440767,3.667374378));
#5622=CARTESIAN_POINT('',(-8.492566942,-7.364266964,3.610058777));
#5623=CARTESIAN_POINT('',(-8.757747211,-6.826093161,3.552743177));
#5624=CARTESIAN_POINT('',(-8.823919862,-6.188309218,3.495806647));
#5625=CARTESIAN_POINT('',(-8.670526797,-5.608612273,3.438305175));
#5626=CARTESIAN_POINT('',(-8.517133732,-5.028915328,3.380803703));
#5627=CARTESIAN_POINT('',(-8.14347751,-4.507264434,3.323323481));
#5628=CARTESIAN_POINT('',(-7.646280767,-4.171517103,3.266327197));
#5629=CARTESIAN_POINT('',(-7.149084023,-3.835769772,3.209330912));
#5630=CARTESIAN_POINT('',(-6.524581655,-3.69312274,3.151675313));
#5631=CARTESIAN_POINT('',(-5.928828932,-3.767328718,3.094340637));
#5632=CARTESIAN_POINT('',(-5.33307621,-3.841534695,3.037005962));
#5633=CARTESIAN_POINT('',(-4.771004417,-4.146840357,2.979728317));
#5634=CARTESIAN_POINT('',(-4.371940038,-4.595934797,2.922442509));
#5635=CARTESIAN_POINT('',(-4.172407849,-4.820482017,2.893799605));
#5636=CARTESIAN_POINT('',(-4.014926086,-5.081100159,2.865152083));
#5637=CARTESIAN_POINT('',(-3.909688203,-5.362347593,2.836497603));
#5638=CARTESIAN_POINT('',(-3.80445032,-5.643595027,2.807843123));
#5639=CARTESIAN_POINT('',(-3.749678793,-5.94445863,2.77917902));
#5640=CARTESIAN_POINT('',(-3.748041054,-6.245089365,2.750525687));
#5641=CARTESIAN_POINT('',(-3.746403315,-6.545720101,2.721872355));
#5642=CARTESIAN_POINT('',(-3.798625923,-6.845901672,2.693284304));
#5643=CARTESIAN_POINT('',(-3.904728555,-7.126489444,2.664635616));
#5644=CARTESIAN_POINT('',(-4.010831188,-7.407077217,2.635986928));
#5645=CARTESIAN_POINT('',(-4.168652904,-7.66867613,2.607280699));
#5646=CARTESIAN_POINT('',(-4.366026513,-7.895591774,2.578629831));
#5647=CARTESIAN_POINT('',(-4.563400122,-8.122507418,2.549978963));
#5648=CARTESIAN_POINT('',(-4.800513185,-8.314549524,2.521318099));
#5649=CARTESIAN_POINT('',(-5.064955371,-8.456018954,2.492664965));
#5650=CARTESIAN_POINT('',(-5.329397557,-8.597488384,2.46401183));
#5651=CARTESIAN_POINT('',(-5.620499262,-8.689534696,2.435428288));
#5652=CARTESIAN_POINT('',(-5.918581405,-8.729447513,2.406828604));
#5653=CARTESIAN_POINT('',(-6.216663549,-8.76936033,2.37822892));
#5654=CARTESIAN_POINT('',(-6.521726562,-8.757109662,2.349593557));
#5655=CARTESIAN_POINT('',(-6.814053767,-8.68998347,2.320915885));
#5656=CARTESIAN_POINT('',(-7.106380973,-8.622857278,2.292238212));
#5657=CARTESIAN_POINT('',(-7.385675972,-8.499681048,2.263464113));
#5658=CARTESIAN_POINT('',(-7.635958782,-8.332427781,2.234780047));
#5659=CARTESIAN_POINT('',(-7.886241592,-8.165174514,2.20609598));
#5660=CARTESIAN_POINT('',(-8.107411372,-7.953772864,2.177401096));
#5661=CARTESIAN_POINT('',(-8.28339341,-7.710757388,2.148763731));
#5662=CARTESIAN_POINT('',(-8.459375449,-7.467741911,2.120126366));
#5663=CARTESIAN_POINT('',(-8.588405441,-7.19225712,2.09164366));
#5664=CARTESIAN_POINT('',(-8.665529786,-6.902268259,2.062987397));
#5665=CARTESIAN_POINT('',(-8.74265413,-6.612279398,2.034331133));
#5666=CARTESIAN_POINT('',(-8.768965317,-6.30818347,2.0057184));
#5667=CARTESIAN_POINT('',(-8.741434489,-6.009144805,1.977063503));
#5668=CARTESIAN_POINT('',(-8.713903661,-5.710106141,1.948408607));
#5669=CARTESIAN_POINT('',(-8.630212686,-5.416640935,1.919620916));
#5670=CARTESIAN_POINT('',(-8.496483463,-5.146903882,1.891044849));
#5671=CARTESIAN_POINT('',(-8.362754239,-4.87716683,1.862468781));
#5672=CARTESIAN_POINT('',(-8.181242505,-4.630395249,1.834504632));
#5673=CARTESIAN_POINT('',(-7.963194802,-4.423683859,1.806101596));
#5674=CARTESIAN_POINT('',(-7.745147099,-4.216972469,1.777698559));
#5675=CARTESIAN_POINT('',(-7.490299612,-4.051455887,1.748937866));
#5676=CARTESIAN_POINT('',(-7.212764452,-3.938750728,1.719470139));
#5677=CARTESIAN_POINT('',(-6.935229292,-3.826045568,1.690002412));
#5678=CARTESIAN_POINT('',(-6.636508181,-3.759956653,1.662259059));
#5679=CARTESIAN_POINT('',(-6.334896008,-3.749411794,1.63312979));
#5680=CARTESIAN_POINT('',(-6.033283835,-3.738866934,1.60400052));
#5681=CARTESIAN_POINT('',(-5.730256988,-3.783075014,1.574423593));
#5682=CARTESIAN_POINT('',(-5.44627947,-3.877536972,1.547437805));
#5683=CARTESIAN_POINT('',(-5.162301953,-3.971998929,1.520452017));
#5684=CARTESIAN_POINT('',(-4.897718625,-4.118072291,1.49366094));
#5685=CARTESIAN_POINT('',(-4.66750726,-4.309407707,1.46343238));
#5686=CARTESIAN_POINT('',(-4.437295894,-4.500743123,1.433203821));
#5687=CARTESIAN_POINT('',(-4.235556503,-4.73199883,1.404440534));
#5688=CARTESIAN_POINT('',(-4.083379687,-4.994235019,1.375475762));
#5689=CARTESIAN_POINT('',(-3.931202871,-5.256471208,1.346510989));
#5690=CARTESIAN_POINT('',(-3.830391295,-5.546922126,1.317518966));
#5691=CARTESIAN_POINT('',(-3.778980246,-5.842281372,1.290744389));
#5692=CARTESIAN_POINT('',(-3.727569197,-6.137640618,1.263969813));
#5693=CARTESIAN_POINT('',(-3.732808448,-6.439765056,1.234497487));
#5694=CARTESIAN_POINT('',(-3.792530137,-6.732759729,1.20427032));
#5695=CARTESIAN_POINT('',(-3.852251825,-7.025754402,1.174043153));
#5696=CARTESIAN_POINT('',(-3.963524623,-7.31110111,1.146415419));
#5697=CARTESIAN_POINT('',(-4.122761912,-7.56797401,1.117605553));
#5698=CARTESIAN_POINT('',(-4.2819992,-7.82484691,1.088795687));
#5699=CARTESIAN_POINT('',(-4.4864803,-8.053717847,1.060020774));
#5700=CARTESIAN_POINT('',(-4.723826169,-8.237773561,1.031428319));
#5701=CARTESIAN_POINT('',(-4.961172038,-8.421829274,1.002835863));
#5702=CARTESIAN_POINT('',(-5.232443042,-8.559882243,0.975009519));
#5703=CARTESIAN_POINT('',(-5.520627177,-8.645435014,0.947079255));
#5704=CARTESIAN_POINT('',(-5.808811312,-8.730987785,0.91914899));
#5705=CARTESIAN_POINT('',(-6.113074727,-8.764848558,0.890872761));
#5706=CARTESIAN_POINT('',(-6.412921861,-8.74537386,0.861257126));
#5707=CARTESIAN_POINT('',(-6.562845429,-8.735636511,0.846449309));
#5708=CARTESIAN_POINT('',(-6.711789317,-8.713165642,0.831638886));
#5709=CARTESIAN_POINT('',(-6.857547702,-8.677542351,0.816670335));
#5710=CARTESIAN_POINT('',(-7.003306087,-8.64191906,0.801701785));
#5711=CARTESIAN_POINT('',(-7.146859977,-8.595789021,0.788218786));
#5712=CARTESIAN_POINT('',(-7.283931466,-8.53449345,0.773517343));
#5713=CARTESIAN_POINT('',(-7.558074443,-8.411902307,0.744114456));
#5714=CARTESIAN_POINT('',(-7.806675077,-8.235232214,0.715308851));
#5715=CARTESIAN_POINT('',(-8.018079657,-8.021625573,0.687853017));
#5716=CARTESIAN_POINT('',(-8.440888818,-7.594412289,0.632941349));
#5717=CARTESIAN_POINT('',(-8.712395037,-7.015242649,0.575642347));
#5718=CARTESIAN_POINT('',(-8.752431012,-6.414916441,0.515834336));
#5719=CARTESIAN_POINT('',(-8.792466987,-5.814590233,0.456026324));
#5720=CARTESIAN_POINT('',(-8.598887672,-5.2051574,0.404104988));
#5721=CARTESIAN_POINT('',(-8.234532715,-4.727685905,0.346031392));
#5722=CARTESIAN_POINT('',(-8.143443976,-4.608318031,0.331512993));
#5723=CARTESIAN_POINT('',(-8.04189003,-4.497029662,0.316732484));
#5724=CARTESIAN_POINT('',(-7.931097496,-4.395889951,0.301720779));
#5725=CARTESIAN_POINT('',(-7.820304963,-4.294750239,0.286709074));
#5726=CARTESIAN_POINT('',(-7.702671439,-4.199961045,0.27404599));
#5727=CARTESIAN_POINT('',(-7.573967252,-4.122314152,0.257951841));
#5728=CARTESIAN_POINT('',(-7.509615159,-4.083490706,0.249904767));
#5729=CARTESIAN_POINT('',(-7.444845227,-4.045082038,0.243636738));
#5730=CARTESIAN_POINT('',(-7.377568546,-4.011381227,0.236379755));
#5731=CARTESIAN_POINT('',(-7.310291865,-3.977680416,0.229122772));
#5732=CARTESIAN_POINT('',(-7.241213972,-3.94772636,0.221541872));
#5733=CARTESIAN_POINT('',(-7.171405464,-3.919628178,0.214822825));
#5734=CARTESIAN_POINT('',(-7.031788447,-3.863431814,0.201384731));
#5735=CARTESIAN_POINT('',(-6.886105867,-3.82327632,0.186110387));
#5736=CARTESIAN_POINT('',(-6.738670625,-3.794590155,0.171871217));
#5737=CARTESIAN_POINT('',(-6.14892966,-3.679845496,0.114914538));
#5738=CARTESIAN_POINT('',(-5.518908543,-3.780878275,0.059215127));
#5739=CARTESIAN_POINT('',(-4.998556927,-4.082381559,0.000052736));
#5740=B_SPLINE_CURVE_WITH_KNOTS('',3,(#5571,#5572,#5573,#5574,#5575,#5576,#5577,#5578,#5579,#5580,#5581,#5582,#5583,#5584,#5585,#5586,#5587,#5588,#5589,#5590,#5591,#5592,#5593,#5594,#5595,#5596,
#5597,#5598,#5599,#5600,#5601,#5602,#5603,#5604,#5605,#5606,#5607,#5608,#5609,#5610,#5611,#5612,#5613,#5614,#5615,#5616,#5617,#5618,#5619,#5620,#5621,
#5622,#5623,#5624,#5625,#5626,#5627,#5628,#5629,#5630,#5631,#5632,#5633,#5634,#5635,#5636,#5637,#5638,#5639,#5640,#5641,#5642,#5643,#5644,#5645,#5646,
#5647,#5648,#5649,#5650,#5651,#5652,#5653,#5654,#5655,#5656,#5657,#5658,#5659,#5660,#5661,#5662,#5663,#5664,#5665,#5666,#5667,#5668,#5669,#5670,#5671,
#5672,#5673,#5674,#5675,#5676,#5677,#5678,#5679,#5680,#5681,#5682,#5683,#5684,#5685,#5686,#5687,#5688,#5689,#5690,#5691,#5692,#5693,#5694,#5695,#5696,
#5697,#5698,#5699,#5700,#5701,#5702,#5703,#5704,#5705,#5706,#5707,#5708,#5709,#5710,#5711,#5712,#5713,#5714,#5715,#5716,#5717,#5718,#5719,#5720,#5721,
#5722,#5723,#5724,#5725,#5726,#5727,#5728,#5729,#5730,#5731,#5732,#5733,#5734,#5735,#5736,#5737,#5738,#5739),.UNSPECIFIED.,.F.,.F.,(4,3,3,3,3,3,3,3,3,3,3,3,3,3,3,3,3,3,3,3,3,3,3,3,3,3,
3,3,3,3,3,3,3,3,3,3,3,3,3,3,3,3,3,3,3,3,3,3,3,3,3,
3,3,3,3,3,4),(9.773279213,9.954891934,10.136504655,10.318117376,10.408923737,10.499730097,10.590536458,10.681342819,10.772149179,10.86295554,10.9537619,11.044568261,11.135374622,11.226180982,11.316987343,11.407793704,11.589406425,11.771019146,11.952631867,12.134244588,12.31585731,12.497470031,12.588276391,12.679082752,12.769889113,12.860695473,
12.951501834,13.042308195,13.133114555,13.223920916,13.314727276,13.405533637,13.496339998,13.587146358,13.677952719,13.768759079,13.85956544,13.950371801,14.041178161,14.131984522,14.222790882,14.313597243,14.404403604,14.495209964,14.586016325,14.676822686,14.722225866,14.767629046,14.858435407,15.040048128,15.221660849,
15.267064029,15.31246721,15.3351688,15.35787039,15.40327357,15.584886292),.UNSPECIFIED.);
#5741=EDGE_CURVE('',#1367,#809,#5740,.T.);
#5742=ORIENTED_EDGE('',*,*,#5741,.T.);
#5743=ORIENTED_EDGE('',*,*,#926,.T.);
#5744=CARTESIAN_POINT('',(-8.127681598,-2.9434079,5.498292087));
#5745=CARTESIAN_POINT('',(-7.339459812,-2.493801262,5.442525363));
#5746=CARTESIAN_POINT('',(-6.375553316,-2.343582126,5.384054372));
#5747=CARTESIAN_POINT('',(-5.481527745,-2.526627896,5.325929235));
#5748=CARTESIAN_POINT('',(-4.587502173,-2.709673666,5.267804099));
#5749=CARTESIAN_POINT('',(-3.770633385,-3.232784764,5.21192198));
#5750=CARTESIAN_POINT('',(-3.218738559,-3.955363262,5.154748455));
#5751=CARTESIAN_POINT('',(-2.666843733,-4.67794176,5.09757493));
#5752=CARTESIAN_POINT('',(-2.397341493,-5.612933096,5.040182312));
#5753=CARTESIAN_POINT('',(-2.459221001,-6.523671748,4.982837856));
#5754=CARTESIAN_POINT('',(-2.490160755,-6.979041074,4.954165628));
#5755=CARTESIAN_POINT('',(-2.605163185,-7.4267855,4.925521113));
#5756=CARTESIAN_POINT('',(-2.797658979,-7.839810835,4.89689491));
#5757=CARTESIAN_POINT('',(-2.990154774,-8.252836171,4.868268707));
#5758=CARTESIAN_POINT('',(-3.257210534,-8.632049748,4.839654613));
#5759=CARTESIAN_POINT('',(-3.580559844,-8.953718744,4.811030836));
#5760=CARTESIAN_POINT('',(-3.903909153,-9.27538774,4.78240706));
#5761=CARTESIAN_POINT('',(-4.284514475,-9.537979355,4.753524877));
#5762=CARTESIAN_POINT('',(-4.701204041,-9.721884097,4.724847013));
#5763=CARTESIAN_POINT('',(-5.117893607,-9.905788839,4.696169149));
#5764=CARTESIAN_POINT('',(-5.569001844,-10.013901644,4.667676669));
#5765=CARTESIAN_POINT('',(-6.024523096,-10.042046676,4.639148483));
#5766=CARTESIAN_POINT('',(-6.480044347,-10.070191708,4.610620297));
#5767=CARTESIAN_POINT('',(-6.939861266,-10.018036226,4.581958267));
#5768=CARTESIAN_POINT('',(-7.37442926,-9.882689585,4.553330432));
#5769=CARTESIAN_POINT('',(-7.808997253,-9.747342944,4.524702597));
#5770=CARTESIAN_POINT('',(-8.218789807,-9.530468738,4.496038047));
#5771=CARTESIAN_POINT('',(-8.579593195,-9.250508696,4.467361173));
#5772=CARTESIAN_POINT('',(-8.940396582,-8.970548654,4.438684298));
#5773=CARTESIAN_POINT('',(-9.252239874,-8.627544987,4.410021734));
#5774=CARTESIAN_POINT('',(-9.49095091,-8.239957264,4.381388339));
#5775=CARTESIAN_POINT('',(-9.729661945,-7.852369542,4.352754943));
#5776=CARTESIAN_POINT('',(-9.893864965,-7.419420326,4.324185025));
#5777=CARTESIAN_POINT('',(-9.979350333,-6.971136473,4.295550861));
#5778=CARTESIAN_POINT('',(-10.064835701,-6.52285262,4.266916698));
#5779=CARTESIAN_POINT('',(-10.071929239,-6.059386863,4.238300991));
#5780=CARTESIAN_POINT('',(-9.997178603,-5.610319907,4.209682535));
#5781=CARTESIAN_POINT('',(-9.922427968,-5.161252951,4.181064078));
#5782=CARTESIAN_POINT('',(-9.762308804,-4.72730826,4.152145696));
#5783=CARTESIAN_POINT('',(-9.530936393,-4.333899496,4.123292121));
#5784=CARTESIAN_POINT('',(-9.299563982,-3.940490732,4.094438545));
#5785=CARTESIAN_POINT('',(-8.998321074,-3.587214117,4.066119526));
#5786=CARTESIAN_POINT('',(-8.645553204,-3.298624107,4.037702217));
#5787=CARTESIAN_POINT('',(-8.292785334,-3.010034097,4.009284907));
#5788=CARTESIAN_POINT('',(-7.887132521,-2.788815656,3.980562642));
#5789=CARTESIAN_POINT('',(-7.45414418,-2.646200555,3.951934467));
#5790=CARTESIAN_POINT('',(-6.588167497,-2.360970351,3.894678117));
#5791=CARTESIAN_POINT('',(-5.617900879,-2.38830859,3.837150452));
#5792=CARTESIAN_POINT('',(-4.778895018,-2.744619541,3.779937192));
#5793=CARTESIAN_POINT('',(-3.939889156,-3.100930493,3.722723933));
#5794=CARTESIAN_POINT('',(-3.228606506,-3.764053775,3.66556728));
#5795=CARTESIAN_POINT('',(-2.832138165,-4.583346935,3.608288015));
#5796=CARTESIAN_POINT('',(-2.435669825,-5.402640096,3.55100875));
#5797=CARTESIAN_POINT('',(-2.342186639,-6.371744402,3.493215861));
#5798=CARTESIAN_POINT('',(-2.581398694,-7.250380825,3.436253405));
#5799=CARTESIAN_POINT('',(-2.820610749,-8.129017248,3.379290949));
#5800=CARTESIAN_POINT('',(-3.392493035,-8.916115828,3.322231446));
#5801=CARTESIAN_POINT('',(-4.150872592,-9.420467501,3.264501458));
#5802=CARTESIAN_POINT('',(-4.909252149,-9.924819174,3.20677147));
#5803=CARTESIAN_POINT('',(-5.858984788,-10.135773037,3.150058002));
#5804=CARTESIAN_POINT('',(-6.761870538,-10.017011536,3.092815671));
#5805=CARTESIAN_POINT('',(-7.664756289,-9.898250035,3.03557334));
#5806=CARTESIAN_POINT('',(-8.515697261,-9.429987967,2.978272323));
#5807=CARTESIAN_POINT('',(-9.117387521,-8.744502403,2.920981532));
#5808=CARTESIAN_POINT('',(-9.418232651,-8.401759621,2.892336137));
#5809=CARTESIAN_POINT('',(-9.654766104,-8.004635797,2.863691849));
#5810=CARTESIAN_POINT('',(-9.811946524,-7.576799528,2.835060854));
#5811=CARTESIAN_POINT('',(-9.969126943,-7.148963259,2.806429858));
#5812=CARTESIAN_POINT('',(-10.049642513,-6.691976631,2.777804907));
#5813=CARTESIAN_POINT('',(-10.049590584,-6.235798708,2.749167253));
#5814=CARTESIAN_POINT('',(-10.049538656,-5.779620785,2.720529599));
#5815=CARTESIAN_POINT('',(-9.967517575,-5.324586613,2.691793615));
#5816=CARTESIAN_POINT('',(-9.804048514,-4.899472515,2.663157901));
#5817=CARTESIAN_POINT('',(-9.640579454,-4.474358416,2.634522187));
#5818=CARTESIAN_POINT('',(-9.398870497,-4.078347967,2.605970348));
#5819=CARTESIAN_POINT('',(-9.097340975,-3.735660597,2.577333039));
#5820=CARTESIAN_POINT('',(-8.795811453,-3.392973228,2.54869573));
#5821=CARTESIAN_POINT('',(-8.434547433,-3.103653347,2.520068851));
#5822=CARTESIAN_POINT('',(-8.03217214,-2.890907276,2.491432555));
#5823=CARTESIAN_POINT('',(-7.629796846,-2.678161206,2.46279626));
#5824=CARTESIAN_POINT('',(-7.18711024,-2.540619235,2.434054442));
#5825=CARTESIAN_POINT('',(-6.734253919,-2.482310008,2.405343426));
#5826=CARTESIAN_POINT('',(-6.281397597,-2.424000781,2.37663241));
#5827=CARTESIAN_POINT('',(-5.818370802,-2.444884692,2.347977915));
#5828=CARTESIAN_POINT('',(-5.375248185,-2.548999343,2.319380647));
#5829=CARTESIAN_POINT('',(-4.932125568,-2.653113994,2.290783378));
#5830=CARTESIAN_POINT('',(-4.509297762,-2.841926743,2.262325001));
#5831=CARTESIAN_POINT('',(-4.131034371,-3.097394533,2.233722356));
#5832=CARTESIAN_POINT('',(-3.752770981,-3.352862324,2.205119712));
#5833=CARTESIAN_POINT('',(-3.418842238,-3.674569503,2.176527604));
#5834=CARTESIAN_POINT('',(-3.153137436,-4.044370325,2.147870976));
#5835=CARTESIAN_POINT('',(-2.887432635,-4.414171147,2.119214349));
#5836=CARTESIAN_POINT('',(-2.693117627,-4.833975199,2.090344765));
#5837=CARTESIAN_POINT('',(-2.577589471,-5.275489261,2.061742072));
#5838=CARTESIAN_POINT('',(-2.462061315,-5.717003322,2.033139379));
#5839=CARTESIAN_POINT('',(-2.424830749,-6.179667355,2.004473276));
#5840=CARTESIAN_POINT('',(-2.469032853,-6.633145885,1.975841178));
#5841=CARTESIAN_POINT('',(-2.513234958,-7.086624414,1.94720908));
#5842=CARTESIAN_POINT('',(-2.640913326,-7.530579786,1.919042012));
#5843=CARTESIAN_POINT('',(-2.845068584,-7.93820177,1.889949861));
#5844=CARTESIAN_POINT('',(-3.2533791,-8.753445738,1.83176556));
#5845=CARTESIAN_POINT('',(-3.957082927,-9.423341909,1.772827484));
#5846=CARTESIAN_POINT('',(-4.802020235,-9.765018944,1.717614848));
#5847=CARTESIAN_POINT('',(-5.22448889,-9.935857462,1.690008531));
#5848=CARTESIAN_POINT('',(-5.67924307,-10.025215653,1.660329988));
#5849=CARTESIAN_POINT('',(-6.134428307,-10.040186281,1.632320285));
#5850=CARTESIAN_POINT('',(-6.589613544,-10.055156909,1.604310582));
#5851=CARTESIAN_POINT('',(-7.04708241,-9.994119163,1.576725209));
#5852=CARTESIAN_POINT('',(-7.47853729,-9.848561815,1.545700348));
#5853=CARTESIAN_POINT('',(-7.90999217,-9.703004466,1.514675488));
#5854=CARTESIAN_POINT('',(-8.314833737,-9.474106726,1.483630442));
#5855=CARTESIAN_POINT('',(-8.666908395,-9.182387642,1.457434341));
#5856=CARTESIAN_POINT('',(-9.018983053,-8.890668558,1.43123824));
#5857=CARTESIAN_POINT('',(-9.312203194,-8.532437702,1.402781454));
#5858=CARTESIAN_POINT('',(-9.538076542,-8.139144918,1.374386034));
#5859=CARTESIAN_POINT('',(-9.76394989,-7.745852133,1.345990614));
#5860=CARTESIAN_POINT('',(-9.925270024,-7.313685023,1.317667687));
#5861=CARTESIAN_POINT('',(-10.000024267,-6.86409747,1.286324858));
#5862=CARTESIAN_POINT('',(-10.07477851,-6.414509918,1.254982028));
#5863=CARTESIAN_POINT('',(-10.068897065,-5.950408786,1.227705679));
#5864=CARTESIAN_POINT('',(-9.977971539,-5.50368347,1.2014443));
#5865=CARTESIAN_POINT('',(-9.887046014,-5.056958155,1.175182921));
#5866=CARTESIAN_POINT('',(-9.708034024,-4.629830616,1.145103569));
#5867=CARTESIAN_POINT('',(-9.466477955,-4.242753985,1.116650208));
#5868=CARTESIAN_POINT('',(-9.224921886,-3.855677354,1.088196847));
#5869=CARTESIAN_POINT('',(-8.919203406,-3.506992424,1.061279337));
#5870=CARTESIAN_POINT('',(-8.559253025,-3.229334923,1.030958753));
#5871=CARTESIAN_POINT('',(-8.379277835,-3.090506172,1.015798461));
#5872=CARTESIAN_POINT('',(-8.188367413,-2.96593032,1.002443574));
#5873=CARTESIAN_POINT('',(-7.985663729,-2.86339294,0.987441137));
#5874=CARTESIAN_POINT('',(-7.782960046,-2.760855559,0.9724387));
#5875=CARTESIAN_POINT('',(-7.570294239,-2.677559891,0.957417699));
#5876=CARTESIAN_POINT('',(-7.351485049,-2.613592964,0.942555058));
#5877=CARTESIAN_POINT('',(-6.91386667,-2.48565911,0.912829776));
#5878=CARTESIAN_POINT('',(-6.451482652,-2.435045308,0.883720877));
#5879=CARTESIAN_POINT('',(-5.995287915,-2.463737068,0.856562819));
#5880=CARTESIAN_POINT('',(-5.082898441,-2.521120589,0.802246702));
#5881=CARTESIAN_POINT('',(-4.206352942,-2.908542425,0.748357581));
#5882=CARTESIAN_POINT('',(-3.566565469,-3.559832057,0.686831398));
#5883=CARTESIAN_POINT('',(-3.246671733,-3.885476873,0.656068306));
#5884=CARTESIAN_POINT('',(-2.982457281,-4.270377164,0.62589141));
#5885=CARTESIAN_POINT('',(-2.791103991,-4.687398644,0.598113475));
#5886=CARTESIAN_POINT('',(-2.695427346,-4.895909384,0.584224507));
#5887=CARTESIAN_POINT('',(-2.617382859,-5.112299267,0.571426597));
#5888=CARTESIAN_POINT('',(-2.561468552,-5.333480724,0.557806238));
#5889=CARTESIAN_POINT('',(-2.505554246,-5.554662182,0.544185879));
#5890=CARTESIAN_POINT('',(-2.473017881,-5.780263553,0.528880134));
#5891=CARTESIAN_POINT('',(-2.457431427,-6.006017373,0.51536475));
#5892=CARTESIAN_POINT('',(-2.426258521,-6.457525012,0.488333981));
#5893=CARTESIAN_POINT('',(-2.477158988,-6.913878998,0.459764747));
#5894=CARTESIAN_POINT('',(-2.613136367,-7.348643908,0.428839333));
#5895=CARTESIAN_POINT('',(-2.749113747,-7.783408817,0.397913918));
#5896=CARTESIAN_POINT('',(-2.963427462,-8.19652465,0.368265067));
#5897=CARTESIAN_POINT('',(-3.240502393,-8.560962836,0.340278363));
#5898=CARTESIAN_POINT('',(-3.379039858,-8.74318193,0.326285011));
#5899=CARTESIAN_POINT('',(-3.533184061,-8.913310421,0.312746145));
#5900=CARTESIAN_POINT('',(-3.70109303,-9.067764294,0.299409436));
#5901=CARTESIAN_POINT('',(-3.869001999,-9.222218167,0.286072728));
#5902=CARTESIAN_POINT('',(-4.053644171,-9.35634217,0.26984676));
#5903=CARTESIAN_POINT('',(-4.244972938,-9.478904125,0.257647585));
#5904=CARTESIAN_POINT('',(-4.340637322,-9.540185103,0.251547998));
#5905=CARTESIAN_POINT('',(-4.440783724,-9.5940755,0.243387062));
#5906=CARTESIAN_POINT('',(-4.54230585,-9.645033632,0.236253059));
#5907=CARTESIAN_POINT('',(-4.643827976,-9.695991764,0.229119056));
#5908=CARTESIAN_POINT('',(-4.746817876,-9.744637611,0.223312007));
#5909=CARTESIAN_POINT('',(-4.853434215,-9.78436206,0.214843149));
#5910=CARTESIAN_POINT('',(-5.066666891,-9.863810956,0.197905432));
#5911=CARTESIAN_POINT('',(-5.284458492,-9.933446572,0.186328628));
#5912=CARTESIAN_POINT('',(-5.508455061,-9.978049098,0.171838705));
#5913=CARTESIAN_POINT('',(-6.404441337,-10.156459206,0.113879013));
#5914=CARTESIAN_POINT('',(-7.362091753,-9.994594783,0.055069174));
#5915=CARTESIAN_POINT('',(-8.150515723,-9.541902133,-0.000075793));
#5916=B_SPLINE_CURVE_WITH_KNOTS('',3,(#5744,#5745,#5746,#5747,#5748,#5749,#5750,#5751,#5752,#5753,#5754,#5755,#5756,#5757,#5758,#5759,#5760,#5761,#5762,#5763,#5764,#5765,#5766,#5767,#5768,#5769,
#5770,#5771,#5772,#5773,#5774,#5775,#5776,#5777,#5778,#5779,#5780,#5781,#5782,#5783,#5784,#5785,#5786,#5787,#5788,#5789,#5790,#5791,#5792,#5793,#5794,
#5795,#5796,#5797,#5798,#5799,#5800,#5801,#5802,#5803,#5804,#5805,#5806,#5807,#5808,#5809,#5810,#5811,#5812,#5813,#5814,#5815,#5816,#5817,#5818,#5819,
#5820,#5821,#5822,#5823,#5824,#5825,#5826,#5827,#5828,#5829,#5830,#5831,#5832,#5833,#5834,#5835,#5836,#5837,#5838,#5839,#5840,#5841,#5842,#5843,#5844,
#5845,#5846,#5847,#5848,#5849,#5850,#5851,#5852,#5853,#5854,#5855,#5856,#5857,#5858,#5859,#5860,#5861,#5862,#5863,#5864,#5865,#5866,#5867,#5868,#5869,
#5870,#5871,#5872,#5873,#5874,#5875,#5876,#5877,#5878,#5879,#5880,#5881,#5882,#5883,#5884,#5885,#5886,#5887,#5888,#5889,#5890,#5891,#5892,#5893,#5894,
#5895,#5896,#5897,#5898,#5899,#5900,#5901,#5902,#5903,#5904,#5905,#5906,#5907,#5908,#5909,#5910,#5911,#5912,#5913,#5914,#5915),.UNSPECIFIED.,.F.,.F.,(4,3,3,3,3,3,3,3,3,3,3,3,3,3,3,3,3,3,3,3,3,3,3,3,3,3,
3,3,3,3,3,3,3,3,3,3,3,3,3,3,3,3,3,3,3,3,3,3,3,3,3,
3,3,3,3,3,3,4),(4.802176942,5.077134627,5.352092312,5.627049996,5.764528839,5.902007681,6.039486524,6.176965366,6.314444208,6.451923051,6.589401893,6.726880736,6.864359578,7.00183842,7.139317263,7.276796105,7.55175379,7.826711475,8.101669159,8.376626844,8.651584529,8.926542214,9.064021056,9.201499899,9.338978741,9.476457583,
9.613936426,9.751415268,9.88889411,10.026372953,10.163851795,10.301330638,10.43880948,10.576288322,10.851246007,10.98872485,11.126203692,11.263682534,11.401161377,11.538640219,11.676119061,11.813597904,11.951076746,12.019816167,12.088555589,12.226034431,12.500992116,12.638470958,12.707210379,12.775949801,12.913428643,
13.050907485,13.119646907,13.188386328,13.222756038,13.257125749,13.32586517,13.600822855),.UNSPECIFIED.);
#5917=EDGE_CURVE('',#1421,#807,#5916,.T.);
#5918=ORIENTED_EDGE('',*,*,#5917,.F.);
#5919=ORIENTED_EDGE('',*,*,#1425,.F.);
#5920=EDGE_LOOP('',(#5570,#5742,#5743,#5918,#5919));
#5921=FACE_BOUND('',#5920,.T.);
#5922=ADVANCED_FACE('',(#5921),#5569,.F.);
#5923=CARTESIAN_POINT('',(-4.998579898,-4.082211034,-0.));
#5924=CARTESIAN_POINT('',(-5.04552316,-4.055023473,0.005176629));
#5925=CARTESIAN_POINT('',(-5.526448513,-3.797256512,0.057224736));
#5926=CARTESIAN_POINT('',(-6.594898319,-3.620579733,0.156144319));
#5927=CARTESIAN_POINT('',(-7.997932176,-4.254782156,0.296758751));
#5928=CARTESIAN_POINT('',(-8.810988082,-5.562940816,0.437373183));
#5929=CARTESIAN_POINT('',(-8.762721677,-7.099644227,0.577987615));
#5930=CARTESIAN_POINT('',(-7.864215415,-8.355832692,0.718602047));
#5931=CARTESIAN_POINT('',(-6.428337823,-8.891162408,0.859216479));
#5932=CARTESIAN_POINT('',(-4.528564277,-8.469621603,1.036286504));
#5933=CARTESIAN_POINT('',(-3.237985657,-6.256144016,1.249812123));
#5934=CARTESIAN_POINT('',(-4.748307377,-3.639901807,1.499793335));
#5935=CARTESIAN_POINT('',(-7.494629858,-3.648556887,1.72894278));
#5936=CARTESIAN_POINT('',(-8.928288848,-5.533147547,1.937260457));
#5937=CARTESIAN_POINT('',(-8.655949937,-7.632661184,2.124746366));
#5938=CARTESIAN_POINT('',(-6.97060538,-8.930965486,2.312232275));
#5939=CARTESIAN_POINT('',(-4.865634973,-8.654288661,2.499718184));
#5940=CARTESIAN_POINT('',(-3.570169281,-6.971917377,2.687204093));
#5941=CARTESIAN_POINT('',(-3.845009537,-4.865375033,2.874690003));
#5942=CARTESIAN_POINT('',(-5.52802787,-3.570580679,3.062175912));
#5943=CARTESIAN_POINT('',(-7.634240822,-3.84459374,3.249661821));
#5944=CARTESIAN_POINT('',(-8.929317178,-5.528002082,3.43714773));
#5945=CARTESIAN_POINT('',(-8.655712538,-7.633497727,3.624633639));
#5946=CARTESIAN_POINT('',(-6.971969278,-8.93007962,3.812119549));
#5947=CARTESIAN_POINT('',(-5.218332436,-8.700109667,3.968357806));
#5948=CARTESIAN_POINT('',(-4.217377318,-7.815051398,4.093348412));
#5949=CARTESIAN_POINT('',(-3.617684426,-6.621416098,4.218339018));
#5950=CARTESIAN_POINT('',(-3.843351918,-4.8667186,4.374577276));
#5951=CARTESIAN_POINT('',(-5.526955587,-3.570975511,4.562063185));
#5952=CARTESIAN_POINT('',(-7.632978098,-3.843831879,4.749549095));
#5953=CARTESIAN_POINT('',(-8.92904013,-5.527034203,4.937035004));
#5954=CARTESIAN_POINT('',(-8.656419036,-7.632445545,5.124520913));
#5955=CARTESIAN_POINT('',(-6.973406642,-8.929514078,5.312006822));
#5956=CARTESIAN_POINT('',(-4.868118368,-8.655349912,5.499492731));
#5957=CARTESIAN_POINT('',(-3.570061794,-6.975811881,5.68697864));
#5958=CARTESIAN_POINT('',(-3.845407229,-4.864668485,5.87446455));
#5959=CARTESIAN_POINT('',(-5.51539562,-3.581296587,6.061186607));
#5960=CARTESIAN_POINT('',(-6.916080863,-3.745884827,6.185413361));
#5961=CARTESIAN_POINT('',(-7.477584947,-4.06321966,6.247144812));
#5962=CARTESIAN_POINT('',(-4.788840123,-3.70357772,-0.249468445));
#5963=CARTESIAN_POINT('',(-4.843982922,-3.671833019,-0.244291816));
#5964=CARTESIAN_POINT('',(-5.408847579,-3.370969163,-0.19224371));
#5965=CARTESIAN_POINT('',(-6.66257068,-3.167012302,-0.093324126));
#5966=CARTESIAN_POINT('',(-8.306247336,-3.915157268,0.047290306));
#5967=CARTESIAN_POINT('',(-9.255879158,-5.451980362,0.187904738));
#5968=CARTESIAN_POINT('',(-9.194568752,-7.254229332,0.32851917));
#5969=CARTESIAN_POINT('',(-8.136871291,-8.72486336,0.469133602));
#5970=CARTESIAN_POINT('',(-6.451096173,-9.348359642,0.609748034));
#5971=CARTESIAN_POINT('',(-4.224143855,-8.848127481,0.786818059));
#5972=CARTESIAN_POINT('',(-2.717195507,-6.247995638,1.000343678));
#5973=CARTESIAN_POINT('',(-4.496648104,-3.184029352,1.25032489));
#5974=CARTESIAN_POINT('',(-7.717778878,-3.202577053,1.479474335));
#5975=CARTESIAN_POINT('',(-9.393551372,-5.417395223,1.687792011));
#5976=CARTESIAN_POINT('',(-9.067707654,-7.879077177,1.875277921));
#5977=CARTESIAN_POINT('',(-7.086998463,-9.396703212,2.06276383));
#5978=CARTESIAN_POINT('',(-4.618929419,-9.065752724,2.250249739));
#5979=CARTESIAN_POINT('',(-3.104623766,-7.088541464,2.437735648));
#5980=CARTESIAN_POINT('',(-3.433424916,-4.618622004,2.625221557));
#5981=CARTESIAN_POINT('',(-5.411393065,-3.105106366,2.812707467));
#5982=CARTESIAN_POINT('',(-7.8809287,-3.432935854,3.000193376));
#5983=CARTESIAN_POINT('',(-9.394773911,-5.411362754,3.187679285));
#5984=CARTESIAN_POINT('',(-9.06742565,-7.880057654,3.375165194));
#5985=CARTESIAN_POINT('',(-7.088601308,-9.395668872,3.562651103));
#5986=CARTESIAN_POINT('',(-5.032467581,-9.120573379,3.718889361));
#5987=CARTESIAN_POINT('',(-3.861155217,-8.079431042,3.843879967));
#5988=CARTESIAN_POINT('',(-3.16142459,-6.677584222,3.968870573));
#5989=CARTESIAN_POINT('',(-3.431477823,-4.620193736,4.125108831));
#5990=CARTESIAN_POINT('',(-5.41013366,-3.10556539,4.31259474));
#5991=CARTESIAN_POINT('',(-7.879450254,-3.432038581,4.500080649));
#5992=CARTESIAN_POINT('',(-9.394451188,-5.410226781,4.687566558));
#5993=CARTESIAN_POINT('',(-9.068258568,-7.878826002,4.875052468));
#5994=CARTESIAN_POINT('',(-7.090288426,-9.395009155,5.062538377));
#5995=CARTESIAN_POINT('',(-4.621839065,-9.067005391,5.250024286));
#5996=CARTESIAN_POINT('',(-3.104485568,-7.093108452,5.437510195));
#5997=CARTESIAN_POINT('',(-3.433893884,-4.617795432,5.624996104));
#5998=CARTESIAN_POINT('',(-5.396544107,-3.11763568,5.811718162));
#5999=CARTESIAN_POINT('',(-7.038901682,-3.314964187,5.935944916));
#6000=CARTESIAN_POINT('',(-7.696518458,-3.688882749,5.997676367));
#6001=CARTESIAN_POINT('',(-4.577545209,-3.325954883,-0.499133819));
#6002=CARTESIAN_POINT('',(-4.640865599,-3.289619368,-0.49395719));
#6003=CARTESIAN_POINT('',(-5.289460088,-2.945312821,-0.441909083));
#6004=CARTESIAN_POINT('',(-6.728284067,-2.71329224,-0.3429895));
#6005=CARTESIAN_POINT('',(-8.613018061,-3.574316922,-0.202375068));
#6006=CARTESIAN_POINT('',(-9.700161986,-5.339151781,-0.061760636));
#6007=CARTESIAN_POINT('',(-9.626946477,-7.406922228,0.078853796));
#6008=CARTESIAN_POINT('',(-8.411022315,-9.092617338,0.219468228));
#6009=CARTESIAN_POINT('',(-6.475801743,-9.8053223,0.36008266));
#6010=CARTESIAN_POINT('',(-3.921433234,-9.227819216,0.537152685));
#6011=CARTESIAN_POINT('',(-2.196526744,-6.242076575,0.750678304));
#6012=CARTESIAN_POINT('',(-4.243116561,-2.729369036,1.000659516));
#6013=CARTESIAN_POINT('',(-7.938954224,-2.755778736,1.229808961));
#6014=CARTESIAN_POINT('',(-9.858179983,-5.299688291,1.438126638));
#6015=CARTESIAN_POINT('',(-9.480393143,-8.12365957,1.625612547));
#6016=CARTESIAN_POINT('',(-7.205347895,-9.861802933,1.813098456));
#6017=CARTESIAN_POINT('',(-4.37405637,-9.478147446,2.000584365));
#6018=CARTESIAN_POINT('',(-2.63971715,-7.207120118,2.188070274));
#6019=CARTESIAN_POINT('',(-3.020909489,-4.373702507,2.375556184));
#6020=CARTESIAN_POINT('',(-5.292803991,-2.640270667,2.563042093));
#6021=CARTESIAN_POINT('',(-8.12578276,-3.02034772,2.750528002));
#6022=CARTESIAN_POINT('',(-9.859592011,-5.292768914,2.938013911));
#6023=CARTESIAN_POINT('',(-9.480068452,-8.12478409,3.12549982));
#6024=CARTESIAN_POINT('',(-7.207188431,-9.860618476,3.312985729));
#6025=CARTESIAN_POINT('',(-4.848455319,-9.541706514,3.469223987));
#6026=CARTESIAN_POINT('',(-3.506170112,-8.345253222,3.594214593));
#6027=CARTESIAN_POINT('',(-2.705544192,-6.735685693,3.719205199));
#6028=CARTESIAN_POINT('',(-3.018672388,-4.375502382,3.875443457));
#6029=CARTESIAN_POINT('',(-5.291358469,-2.640795683,4.062929366));
#6030=CARTESIAN_POINT('',(-8.124087727,-3.019315776,4.250415275));
#6031=CARTESIAN_POINT('',(-9.859223852,-5.29146496,4.437901185));
#6032=CARTESIAN_POINT('',(-9.481025629,-8.123372118,4.625387094));
#6033=CARTESIAN_POINT('',(-7.209125467,-9.859864557,4.812873003));
#6034=CARTESIAN_POINT('',(-4.377392798,-9.47958922,5.000358912));
#6035=CARTESIAN_POINT('',(-2.63955141,-7.212360212,5.187844821));
#6036=CARTESIAN_POINT('',(-3.021448733,-4.37275446,5.37533073));
#6037=CARTESIAN_POINT('',(-5.275746553,-2.654623256,5.562052788));
#6038=CARTESIAN_POINT('',(-7.159844071,-2.883648801,5.686279542));
#6039=CARTESIAN_POINT('',(-7.913786473,-3.313723025,5.748010993));
#6040=CARTESIAN_POINT('',(-4.365897787,-2.948542876,-0.748816372));
#6041=CARTESIAN_POINT('',(-4.437391188,-2.907608913,-0.743639743));
#6042=CARTESIAN_POINT('',(-5.169671995,-2.519781416,-0.691591637));
#6043=CARTESIAN_POINT('',(-6.793565146,-2.259522262,-0.592672053));
#6044=CARTESIAN_POINT('',(-8.919456981,-3.233194848,-0.452057621));
#6045=CARTESIAN_POINT('',(-10.144325584,-5.225904727,-0.311443189));
#6046=CARTESIAN_POINT('',(-10.059457232,-7.559200718,-0.170828757));
#6047=CARTESIAN_POINT('',(-8.685514764,-9.460101053,-0.030214325));
#6048=CARTESIAN_POINT('',(-6.500940205,-10.262249123,0.110400107));
#6049=CARTESIAN_POINT('',(-3.6190913,-9.607787355,0.287470132));
#6050=CARTESIAN_POINT('',(-1.675866414,-6.236652012,0.500995751));
#6051=CARTESIAN_POINT('',(-3.989160699,-2.274961487,0.750976963));
#6052=CARTESIAN_POINT('',(-8.159699462,-2.308783116,0.980126408));
#6053=CARTESIAN_POINT('',(-10.322684499,-5.181543442,1.188444085));
#6054=CARTESIAN_POINT('',(-9.893298919,-8.367843845,1.375929994));
#6055=CARTESIAN_POINT('',(-7.324135652,-10.326777536,1.563415903));
#6056=CARTESIAN_POINT('',(-4.129581183,-9.890763253,1.750901812));
#6057=CARTESIAN_POINT('',(-2.174935859,-7.326136613,1.938387721));
#6058=CARTESIAN_POINT('',(-2.608172937,-4.12918115,2.12587363));
#6059=CARTESIAN_POINT('',(-5.173777141,-2.175560201,2.31335954));
#6060=CARTESIAN_POINT('',(-8.370238612,-2.607538609,2.500845449));
#6061=CARTESIAN_POINT('',(-10.324284877,-5.173737211,2.688331358));
#6062=CARTESIAN_POINT('',(-9.892932103,-8.369112444,2.875817267));
#6063=CARTESIAN_POINT('',(-7.326213555,-10.325442516,3.063303176));
#6064=CARTESIAN_POINT('',(-4.664847508,-9.963003245,3.219541434));
#6065=CARTESIAN_POINT('',(-3.151446868,-8.611404818,3.34453204));
#6066=CARTESIAN_POINT('',(-2.249732058,-6.794218199,3.469522646));
#6067=CARTESIAN_POINT('',(-2.605645538,-4.131209029,3.625760904));
#6068=CARTESIAN_POINT('',(-5.172145784,-2.176151726,3.813246813));
#6069=CARTESIAN_POINT('',(-8.368326759,-2.60637213,4.000732722));
#6070=CARTESIAN_POINT('',(-10.323871435,-5.172265289,4.188218631));
#6071=CARTESIAN_POINT('',(-9.894012924,-8.367519905,4.375704541));
#6072=CARTESIAN_POINT('',(-7.328400615,-10.3245945,4.56319045));
#6073=CARTESIAN_POINT('',(-4.133344511,-9.892393583,4.750676359));
#6074=CARTESIAN_POINT('',(-2.174743305,-7.332050051,4.938162268));
#6075=CARTESIAN_POINT('',(-2.608782198,-4.128111171,5.125648177));
#6076=CARTESIAN_POINT('',(-5.154512945,-2.191738419,5.312370235));
#6077=CARTESIAN_POINT('',(-7.280374011,-2.452230621,5.436596989));
#6078=CARTESIAN_POINT('',(-8.130692697,-2.938367495,5.49832844));
#6079=B_SPLINE_SURFACE_WITH_KNOTS('',3,3,((#5923,#5924,#5925,#5926,#5927,#5928,#5929,#5930,#5931,#5932,#5933,#5934,#5935,#5936,#5937,#5938,#5939,#5940,#5941,#5942,#5943,#5944,#5945,#5946,#5947,#5948,
#5949,#5950,#5951,#5952,#5953,#5954,#5955,#5956,#5957,#5958,#5959,#5960,#5961),(#5962,#5963,#5964,#5965,#5966,#5967,#5968,#5969,#5970,#5971,#5972,#5973,#5974,#5975,#5976,#5977,#5978,#5979,#5980,#5981,#5982,#5983,#5984,#5985,#5986,#5987,
#5988,#5989,#5990,#5991,#5992,#5993,#5994,#5995,#5996,#5997,#5998,#5999,#6000),(#6001,#6002,#6003,#6004,#6005,#6006,#6007,#6008,#6009,#6010,#6011,#6012,#6013,#6014,#6015,#6016,#6017,#6018,#6019,#6020,#6021,#6022,#6023,#6024,#6025,#6026,
#6027,#6028,#6029,#6030,#6031,#6032,#6033,#6034,#6035,#6036,#6037,#6038,#6039),(#6040,#6041,#6042,#6043,#6044,#6045,#6046,#6047,#6048,#6049,#6050,#6051,#6052,#6053,#6054,#6055,#6056,#6057,#6058,#6059,#6060,#6061,#6062,#6063,#6064,#6065,
#6066,#6067,#6068,#6069,#6070,#6071,#6072,#6073,#6074,#6075,#6076,#6077,#6078)),.UNSPECIFIED.,.F.,.F.,.U.,(4,4),(4,1,1,1,1,1,1,1,1,1,1,1,1,1,1,1,1,1,1,1,1,1,1,1,1,1,
1,1,1,1,1,1,1,1,1,1,4),(0.170679769,0.320537433),(7.339034499,7.40408594,7.993090295,8.58209465,9.171099005,9.76010336,10.349107715,10.93811207,11.527116425,12.574235278,13.621354131,14.668472984,15.453812124,16.239151264,17.024490404,17.809829544,18.595168684,19.380507824,20.165846964,20.951186104,21.736525244,22.521864384,23.307203524,24.092542664,24.485212234,24.877881804,
25.663220944,26.448560083,27.233899223,28.019238363,28.804577503,29.589916643,30.375255783,31.160594923,31.945934063,32.731273203,33.507013496),.UNSPECIFIED.);
#6080=ORIENTED_EDGE('',*,*,#1468,.T.);
#6081=ORIENTED_EDGE('',*,*,#5917,.T.);
#6082=ORIENTED_EDGE('',*,*,#860,.T.);
#6083=ORIENTED_EDGE('',*,*,#5741,.F.);
#6084=EDGE_LOOP('',(#6080,#6081,#6082,#6083));
#6085=FACE_BOUND('',#6084,.T.);
#6086=ADVANCED_FACE('',(#6085),#6079,.F.);
#6087=CARTESIAN_POINT('',(-8.150574189,2.957998329,-0.000009183));
#6088=CARTESIAN_POINT('',(-8.079244059,2.916683206,0.005170507));
#6089=CARTESIAN_POINT('',(-7.348859311,2.525191971,0.057221674));
#6090=CARTESIAN_POINT('',(-5.726225101,2.256874115,0.156144319));
#6091=CARTESIAN_POINT('',(-3.595534633,3.220000517,0.296758751));
#6092=CARTESIAN_POINT('',(-2.360796973,5.206603307,0.437373183));
#6093=CARTESIAN_POINT('',(-2.434102594,7.540307416,0.577987615));
#6094=CARTESIAN_POINT('',(-3.798594133,9.447971607,0.718602046));
#6095=CARTESIAN_POINT('',(-5.979175959,10.260973755,0.859216478));
#6096=CARTESIAN_POINT('',(-8.864226126,9.620773596,1.036286504));
#6097=CARTESIAN_POINT('',(-10.824125492,6.259333715,1.249812122));
#6098=CARTESIAN_POINT('',(-8.530544388,2.286234442,1.499793335));
#6099=CARTESIAN_POINT('',(-4.359848986,2.299339433,1.728942779));
#6100=CARTESIAN_POINT('',(-2.182673726,5.161372515,1.937260456));
#6101=CARTESIAN_POINT('',(-2.596233959,8.349751524,2.124746365));
#6102=CARTESIAN_POINT('',(-5.155670524,10.321402455,2.312232275));
#6103=CARTESIAN_POINT('',(-8.352339592,9.901232058,2.499718184));
#6104=CARTESIAN_POINT('',(-10.319680013,7.346326856,2.687204093));
#6105=CARTESIAN_POINT('',(-9.902296757,4.147263552,2.874690002));
#6106=CARTESIAN_POINT('',(-7.346411051,2.180945683,3.062175911));
#6107=CARTESIAN_POINT('',(-4.1478458,2.597071191,3.24966182));
#6108=CARTESIAN_POINT('',(-2.181102384,5.153550665,3.43714773));
#6109=CARTESIAN_POINT('',(-2.596603298,8.351023798,3.624633639));
#6110=CARTESIAN_POINT('',(-5.153599705,10.320060044,3.812119548));
#6111=CARTESIAN_POINT('',(-7.816712847,9.970808713,3.968357806));
#6112=CARTESIAN_POINT('',(-9.336819113,8.626745396,4.093348412));
#6113=CARTESIAN_POINT('',(-10.247507224,6.814041114,4.218339018));
#6114=CARTESIAN_POINT('',(-9.904824797,4.149296958,4.374577276));
#6115=CARTESIAN_POINT('',(-7.348033013,2.181550458,4.562063185));
#6116=CARTESIAN_POINT('',(-4.14976518,2.595914827,4.749549094));
#6117=CARTESIAN_POINT('',(-2.181528379,5.152079449,4.937035003));
#6118=CARTESIAN_POINT('',(-2.595523189,8.349427897,5.124520912));
#6119=CARTESIAN_POINT('',(-5.15141566,10.319197295,5.312006822));
#6120=CARTESIAN_POINT('',(-8.348569222,9.902843837,5.499492731));
#6121=CARTESIAN_POINT('',(-10.319841841,7.352242225,5.68697864));
#6122=CARTESIAN_POINT('',(-9.901693892,4.146185501,5.874464549));
#6123=CARTESIAN_POINT('',(-7.355225459,2.189251772,6.061950458));
#6124=CARTESIAN_POINT('',(-5.209502706,2.450633874,6.18710304));
#6125=CARTESIAN_POINT('',(-4.349731603,2.949710558,6.249760318));
#6126=CARTESIAN_POINT('',(-4.347510447,2.951003176,6.249922293));
#6127=CARTESIAN_POINT('',(-7.931421826,3.331102413,-0.249691735));
#6128=CARTESIAN_POINT('',(-7.868175891,3.294551076,-0.244512046));
#6129=CARTESIAN_POINT('',(-7.220596192,2.948246741,-0.192460878));
#6130=CARTESIAN_POINT('',(-5.782436537,2.711856901,-0.093538234));
#6131=CARTESIAN_POINT('',(-3.895103892,3.56717044,0.047076198));
#6132=CARTESIAN_POINT('',(-2.802612108,5.328693483,0.18769063));
#6133=CARTESIAN_POINT('',(-2.869566075,7.396690691,0.328305062));
#6134=CARTESIAN_POINT('',(-4.080367085,9.086041148,0.468919494));
#6135=CARTESIAN_POINT('',(-6.013428623,9.804638057,0.609533925));
#6136=CARTESIAN_POINT('',(-8.569527932,9.234847217,0.786603951));
#6137=CARTESIAN_POINT('',(-10.303463466,6.254366037,1.00012957));
#6138=CARTESIAN_POINT('',(-8.267566324,2.735480237,1.250110782));
#6139=CARTESIAN_POINT('',(-4.571630865,2.750655625,1.479260226));
#6140=CARTESIAN_POINT('',(-2.644725303,5.288762995,1.687577903));
#6141=CARTESIAN_POINT('',(-3.013934105,8.113857824,1.875063812));
#6142=CARTESIAN_POINT('',(-5.283713476,9.858891067,2.062549722));
#6143=CARTESIAN_POINT('',(-8.116149241,9.483819029,2.250035631));
#6144=CARTESIAN_POINT('',(-9.857366329,7.21805751,2.43752154));
#6145=CARTESIAN_POINT('',(-9.484762233,4.383498448,2.625007449));
#6146=CARTESIAN_POINT('',(-7.218132631,2.643187899,2.812493358));
#6147=CARTESIAN_POINT('',(-4.384013901,3.014677308,2.999979268));
#6148=CARTESIAN_POINT('',(-2.643326701,5.28183313,3.187465177));
#6149=CARTESIAN_POINT('',(-3.01426176,8.114985065,3.374951086));
#6150=CARTESIAN_POINT('',(-5.281877475,9.857702803,3.562436995));
#6151=CARTESIAN_POINT('',(-7.641552215,9.545934006,3.718675253));
#6152=CARTESIAN_POINT('',(-8.98747756,8.353565673,3.843665859));
#6153=CARTESIAN_POINT('',(-9.792953483,6.74642353,3.968656465));
#6154=CARTESIAN_POINT('',(-9.487005023,4.385297409,4.124894723));
#6155=CARTESIAN_POINT('',(-7.219570204,2.643723087,4.312380632));
#6156=CARTESIAN_POINT('',(-4.385713985,3.013650778,4.499866541));
#6157=CARTESIAN_POINT('',(-2.643702406,5.280529035,4.68735245));
#6158=CARTESIAN_POINT('',(-3.013303962,8.11357141,4.874838359));
#6159=CARTESIAN_POINT('',(-5.279941041,9.856940755,5.062324269));
#6160=CARTESIAN_POINT('',(-8.112809474,9.485250303,5.249810178));
#6161=CARTESIAN_POINT('',(-9.857514694,7.223299814,5.437296087));
#6162=CARTESIAN_POINT('',(-9.484227217,4.382542915,5.624781996));
#6163=CARTESIAN_POINT('',(-7.22595099,2.650541499,5.812267905));
#6164=CARTESIAN_POINT('',(-5.324697678,2.884002561,5.937420487));
#6165=CARTESIAN_POINT('',(-4.56322,3.327003594,6.000077765));
#6166=CARTESIAN_POINT('',(-4.561252781,3.328150971,6.00023974));
#6167=CARTESIAN_POINT('',(-7.711909631,3.704008439,-0.499357109));
#6168=CARTESIAN_POINT('',(-7.656743586,3.672228685,-0.494177419));
#6169=CARTESIAN_POINT('',(-7.091928256,3.371191024,-0.442126252));
#6170=CARTESIAN_POINT('',(-5.838217743,3.166905081,-0.343203608));
#6171=CARTESIAN_POINT('',(-4.194351674,3.914633808,-0.202589176));
#6172=CARTESIAN_POINT('',(-3.244323107,5.451206131,-0.061974744));
#6173=CARTESIAN_POINT('',(-3.305177366,7.253483323,0.078639688));
#6174=CARTESIAN_POINT('',(-4.362490937,8.724368527,0.21925412));
#6175=CARTESIAN_POINT('',(-6.048115168,9.348322636,0.359868552));
#6176=CARTESIAN_POINT('',(-8.275188306,8.848631388,0.536938577));
#6177=CARTESIAN_POINT('',(-9.78279209,6.248903901,0.750464196));
#6178=CARTESIAN_POINT('',(-8.004155183,3.184488646,1.000445408));
#6179=CARTESIAN_POINT('',(-4.782989964,3.202184426,1.229594853));
#6180=CARTESIAN_POINT('',(-3.106668614,5.416595527,1.437912529));
#6181=CARTESIAN_POINT('',(-3.431868649,7.878354121,1.625398439));
#6182=CARTESIAN_POINT('',(-5.412198965,9.396488963,1.812884348));
#6183=CARTESIAN_POINT('',(-7.880348549,9.066170801,2.000370257));
#6184=CARTESIAN_POINT('',(-9.395162183,7.089346109,2.187856166));
#6185=CARTESIAN_POINT('',(-9.066992444,4.619343404,2.375342075));
#6186=CARTESIAN_POINT('',(-7.089412236,3.105320669,2.562827985));
#6187=CARTESIAN_POINT('',(-4.619791981,3.432518543,2.750313894));
#6188=CARTESIAN_POINT('',(-3.105441584,5.41055766,2.937799803));
#6189=CARTESIAN_POINT('',(-3.432155191,7.879336229,3.125285712));
#6190=CARTESIAN_POINT('',(-5.410597493,9.395455325,3.312771621));
#6191=CARTESIAN_POINT('',(-7.466789838,9.120881307,3.469009879));
#6192=CARTESIAN_POINT('',(-8.63838589,8.080047368,3.594000485));
#6193=CARTESIAN_POINT('',(-9.338452504,6.678372685,3.718991091));
#6194=CARTESIAN_POINT('',(-9.068949726,4.620908127,3.875229349));
#6195=CARTESIAN_POINT('',(-7.090665654,3.105785716,4.062715258));
#6196=CARTESIAN_POINT('',(-4.621272536,3.431621732,4.250201167));
#6197=CARTESIAN_POINT('',(-3.105767162,5.409420638,4.437687076));
#6198=CARTESIAN_POINT('',(-3.431319099,7.878105135,4.625172986));
#6199=CARTESIAN_POINT('',(-5.408908743,9.394793843,4.812658895));
#6200=CARTESIAN_POINT('',(-7.877439536,9.067422126,5.000144804));
#6201=CARTESIAN_POINT('',(-9.395297783,7.09391507,5.187630713));
#6202=CARTESIAN_POINT('',(-9.066525069,4.61851088,5.375116622));
#6203=CARTESIAN_POINT('',(-7.09623531,3.111720501,5.562602532));
#6204=CARTESIAN_POINT('',(-5.439484593,3.31749188,5.687755113));
#6205=CARTESIAN_POINT('',(-4.776356176,3.704509122,5.750412391));
#6206=CARTESIAN_POINT('',(-4.774643038,3.705511493,5.750574366));
#6207=CARTESIAN_POINT('',(-7.490740581,4.076081243,-0.748825554));
#6208=CARTESIAN_POINT('',(-7.443636308,4.049108978,-0.743645865));
#6209=CARTESIAN_POINT('',(-6.961415192,3.793704754,-0.691594697));
#6210=CARTESIAN_POINT('',(-5.892068702,3.622320578,-0.592672053));
#6211=CARTESIAN_POINT('',(-4.492198204,4.263475221,-0.452057621));
#6212=CARTESIAN_POINT('',(-3.685635177,5.575642483,-0.311443189));
#6213=CARTESIAN_POINT('',(-3.741524338,7.112098233,-0.170828757));
#6214=CARTESIAN_POINT('',(-4.646241359,8.363800264,-0.030214325));
#6215=CARTESIAN_POINT('',(-6.084762876,8.892026033,0.110400106));
#6216=CARTESIAN_POINT('',(-7.982417644,8.461048736,0.287470132));
#6217=CARTESIAN_POINT('',(-9.261995909,6.241212696,0.500995751));
#6218=CARTESIAN_POINT('',(-7.738749828,3.632498345,0.750976963));
#6219=CARTESIAN_POINT('',(-4.992477405,3.654743968,0.980126407));
#6220=CARTESIAN_POINT('',(-3.568197098,5.546440485,1.188444084));
#6221=CARTESIAN_POINT('',(-3.850927062,7.644570837,1.375929993));
#6222=CARTESIAN_POINT('',(-5.542699151,8.934505597,1.563415903));
#6223=CARTESIAN_POINT('',(-7.646266752,8.647395914,1.750901812));
#6224=CARTESIAN_POINT('',(-8.933377926,6.958621705,1.938387721));
#6225=CARTESIAN_POINT('',(-8.648095701,4.85346845,2.12587363));
#6226=CARTESIAN_POINT('',(-6.958679188,3.567033806,2.313359539));
#6227=CARTESIAN_POINT('',(-4.853849785,3.851486206,2.500845449));
#6228=CARTESIAN_POINT('',(-3.567136866,5.541295091,2.688331358));
#6229=CARTESIAN_POINT('',(-3.851174417,7.645407397,2.875817267));
#6230=CARTESIAN_POINT('',(-5.541331178,8.933628408,3.063303176));
#6231=CARTESIAN_POINT('',(-7.293794956,8.694959364,3.219541434));
#6232=CARTESIAN_POINT('',(-8.290364936,7.804959176,3.34453204));
#6233=CARTESIAN_POINT('',(-8.884115885,6.608358364,3.469522646));
#6234=CARTESIAN_POINT('',(-8.649767001,4.854799152,3.625760904));
#6235=CARTESIAN_POINT('',(-6.959749191,3.567426743,3.813246813));
#6236=CARTESIAN_POINT('',(-4.855109881,3.850718498,4.000732722));
#6237=CARTESIAN_POINT('',(-3.567412571,5.540324936,4.188218631));
#6238=CARTESIAN_POINT('',(-3.850457978,7.644360056,4.37570454));
#6239=CARTESIAN_POINT('',(-5.539890214,8.933067437,4.56319045));
#6240=CARTESIAN_POINT('',(-7.643789305,8.648469546,4.750676359));
#6241=CARTESIAN_POINT('',(-8.933503799,6.962516322,4.938162268));
#6242=CARTESIAN_POINT('',(-8.647695207,4.852760544,5.125648177));
#6243=CARTESIAN_POINT('',(-6.964510408,3.572474414,5.313134086));
#6244=CARTESIAN_POINT('',(-5.552450448,3.751594272,5.438286668));
#6245=CARTESIAN_POINT('',(-4.987938618,4.083032706,5.500943946));
#6246=CARTESIAN_POINT('',(-4.986480254,4.08389112,5.501105921));
#6247=B_SPLINE_SURFACE_WITH_KNOTS('',3,3,((#6087,#6088,#6089,#6090,#6091,#6092,#6093,#6094,#6095,#6096,#6097,#6098,#6099,#6100,#6101,#6102,#6103,#6104,#6105,#6106,#6107,#6108,#6109,#6110,#6111,#6112,
#6113,#6114,#6115,#6116,#6117,#6118,#6119,#6120,#6121,#6122,#6123,#6124,#6125,#6126),(#6127,#6128,#6129,#6130,#6131,#6132,#6133,#6134,#6135,#6136,#6137,#6138,#6139,#6140,#6141,#6142,#6143,#6144,#6145,#6146,#6147,#6148,#6149,#6150,#6151,#6152,
#6153,#6154,#6155,#6156,#6157,#6158,#6159,#6160,#6161,#6162,#6163,#6164,#6165,#6166),(#6167,#6168,#6169,#6170,#6171,#6172,#6173,#6174,#6175,#6176,#6177,#6178,#6179,#6180,#6181,#6182,#6183,#6184,#6185,#6186,#6187,#6188,#6189,#6190,#6191,#6192,
#6193,#6194,#6195,#6196,#6197,#6198,#6199,#6200,#6201,#6202,#6203,#6204,#6205,#6206),(#6207,#6208,#6209,#6210,#6211,#6212,#6213,#6214,#6215,#6216,#6217,#6218,#6219,#6220,#6221,#6222,#6223,#6224,#6225,#6226,#6227,#6228,#6229,#6230,#6231,#6232,
#6233,#6234,#6235,#6236,#6237,#6238,#6239,#6240,#6241,#6242,#6243,#6244,#6245,#6246)),.UNSPECIFIED.,.F.,.F.,.U.,(4,4),(4,1,1,1,1,1,1,1,1,1,1,1,1,1,1,1,1,1,1,1,1,1,1,1,1,1,
1,1,1,1,1,1,1,1,1,1,1,4),(-0.043409303,0.10644836),(10.468243376,10.533333278,11.122337633,11.711341988,12.300346343,12.889350698,13.478355053,14.067359408,14.656363763,15.703482616,16.750601469,17.797720323,18.583059463,19.368398603,20.153737742,20.939076882,21.724416022,22.509755162,23.295094302,24.080433442,24.865772582,25.651111722,26.436450862,27.221790002,27.614459572,28.007129142,
28.792468282,29.577807422,30.363146562,31.148485702,31.933824842,32.719163981,33.504503121,34.289842261,35.075181401,35.860520541,36.645859681,36.647895121),.UNSPECIFIED.);
#6248=ORIENTED_EDGE('',*,*,#1310,.T.);
#6249=CARTESIAN_POINT('',(-4.986480254,4.083891119,5.501105921));
#6250=CARTESIAN_POINT('',(-5.505021989,3.78105943,5.442440429));
#6251=CARTESIAN_POINT('',(-6.13912314,3.679279008,5.386189954));
#6252=CARTESIAN_POINT('',(-6.728206339,3.792346364,5.329519768));
#6253=CARTESIAN_POINT('',(-7.317289539,3.905413721,5.272849583));
#6254=CARTESIAN_POINT('',(-7.86079717,4.244841384,5.21460046));
#6255=CARTESIAN_POINT('',(-8.230225779,4.718228837,5.157181773));
#6256=CARTESIAN_POINT('',(-8.599654387,5.191616289,5.099763086));
#6257=CARTESIAN_POINT('',(-8.782118458,5.804356181,5.042815822));
#6258=CARTESIAN_POINT('',(-8.747835052,6.404087705,4.985359226));
#6259=CARTESIAN_POINT('',(-8.730693349,6.703953467,4.956630928));
#6260=CARTESIAN_POINT('',(-8.658743546,6.999864426,4.928096889));
#6261=CARTESIAN_POINT('',(-8.534741531,7.27342309,4.899435513));
#6262=CARTESIAN_POINT('',(-8.410739516,7.546981755,4.870774137));
#6263=CARTESIAN_POINT('',(-8.236938773,7.79871845,4.842099657));
#6264=CARTESIAN_POINT('',(-8.025699308,8.012705987,4.813434407));
#6265=CARTESIAN_POINT('',(-7.814459843,8.226693524,4.784769158));
#6266=CARTESIAN_POINT('',(-7.565569057,8.402473289,4.756270761));
#6267=CARTESIAN_POINT('',(-7.292348486,8.526364784,4.727653303));
#6268=CARTESIAN_POINT('',(-7.019127915,8.650256279,4.699035845));
#6269=CARTESIAN_POINT('',(-6.722656456,8.72413728,4.670295869));
#6270=CARTESIAN_POINT('',(-6.422662835,8.745459934,4.641569891));
#6271=CARTESIAN_POINT('',(-6.122669214,8.766782587,4.612843914));
#6272=CARTESIAN_POINT('',(-5.819140059,8.735525214,4.584198897));
#6273=CARTESIAN_POINT('',(-5.531909212,8.649055797,4.555537926));
#6274=CARTESIAN_POINT('',(-5.244678365,8.56258638,4.526876956));
#6275=CARTESIAN_POINT('',(-4.9734675,8.422114059,4.498243573));
#6276=CARTESIAN_POINT('',(-4.734146467,8.239833211,4.469619137));
#6277=CARTESIAN_POINT('',(-4.494825433,8.057552363,4.440994702));
#6278=CARTESIAN_POINT('',(-4.28741197,7.833436927,4.412363028));
#6279=CARTESIAN_POINT('',(-4.127803292,7.579671322,4.383712872));
#6280=CARTESIAN_POINT('',(-3.968194615,7.325905718,4.355062715));
#6281=CARTESIAN_POINT('',(-3.85741643,7.041919919,4.326373961));
#6282=CARTESIAN_POINT('',(-3.798265129,6.747092075,4.29772049));
#6283=CARTESIAN_POINT('',(-3.739113827,6.452264232,4.26906702));
#6284=CARTESIAN_POINT('',(-3.731616691,6.146596467,4.240395354));
#6285=CARTESIAN_POINT('',(-3.778514391,5.850067965,4.211725105));
#6286=CARTESIAN_POINT('',(-3.825412091,5.553539463,4.183054855));
#6287=CARTESIAN_POINT('',(-3.928511505,5.26673358,4.154571884));
#6288=CARTESIAN_POINT('',(-4.07857712,5.006369708,4.126074448));
#6289=CARTESIAN_POINT('',(-4.228642735,4.746005837,4.097577012));
#6290=CARTESIAN_POINT('',(-4.425285692,4.512094295,4.068753177));
#6291=CARTESIAN_POINT('',(-4.656113975,4.319999965,4.03994191));
#6292=CARTESIAN_POINT('',(-4.886942257,4.127905635,4.011130643));
#6293=CARTESIAN_POINT('',(-5.152859702,3.979202039,3.982536957));
#6294=CARTESIAN_POINT('',(-5.437482463,3.882917642,3.953876222));
#6295=CARTESIAN_POINT('',(-6.006727986,3.690348849,3.896554752));
#6296=CARTESIAN_POINT('',(-6.645925402,3.703710683,3.839426738));
#6297=CARTESIAN_POINT('',(-7.200229146,3.933912814,3.782096997));
#6298=CARTESIAN_POINT('',(-7.754532891,4.164114945,3.724767257));
#6299=CARTESIAN_POINT('',(-8.227386672,4.597559233,3.667374378));
#6300=CARTESIAN_POINT('',(-8.492566942,5.135733036,3.610058777));
#6301=CARTESIAN_POINT('',(-8.757747211,5.673906839,3.552743177));
#6302=CARTESIAN_POINT('',(-8.823919862,6.311690782,3.495806647));
#6303=CARTESIAN_POINT('',(-8.670526797,6.891387727,3.438305175));
#6304=CARTESIAN_POINT('',(-8.517133732,7.471084672,3.380803703));
#6305=CARTESIAN_POINT('',(-8.14347751,7.992735566,3.323323481));
#6306=CARTESIAN_POINT('',(-7.646280767,8.328482897,3.266327197));
#6307=CARTESIAN_POINT('',(-7.149084023,8.664230228,3.209330912));
#6308=CARTESIAN_POINT('',(-6.524581655,8.80687726,3.151675313));
#6309=CARTESIAN_POINT('',(-5.928828932,8.732671282,3.094340637));
#6310=CARTESIAN_POINT('',(-5.33307621,8.658465305,3.037005962));
#6311=CARTESIAN_POINT('',(-4.771004417,8.353159643,2.979728317));
#6312=CARTESIAN_POINT('',(-4.371940038,7.904065203,2.922442509));
#6313=CARTESIAN_POINT('',(-4.172407849,7.679517983,2.893799605));
#6314=CARTESIAN_POINT('',(-4.014926086,7.418899841,2.865152083));
#6315=CARTESIAN_POINT('',(-3.909688203,7.137652407,2.836497603));
#6316=CARTESIAN_POINT('',(-3.80445032,6.856404973,2.807843123));
#6317=CARTESIAN_POINT('',(-3.749678793,6.55554137,2.77917902));
#6318=CARTESIAN_POINT('',(-3.748041054,6.254910635,2.750525687));
#6319=CARTESIAN_POINT('',(-3.746403315,5.954279899,2.721872355));
#6320=CARTESIAN_POINT('',(-3.798625923,5.654098328,2.693284304));
#6321=CARTESIAN_POINT('',(-3.904728555,5.373510556,2.664635616));
#6322=CARTESIAN_POINT('',(-4.010831188,5.092922783,2.635986928));
#6323=CARTESIAN_POINT('',(-4.168652904,4.83132387,2.607280699));
#6324=CARTESIAN_POINT('',(-4.366026513,4.604408226,2.578629831));
#6325=CARTESIAN_POINT('',(-4.563400122,4.377492582,2.549978963));
#6326=CARTESIAN_POINT('',(-4.800513185,4.185450476,2.521318099));
#6327=CARTESIAN_POINT('',(-5.064955371,4.043981046,2.492664965));
#6328=CARTESIAN_POINT('',(-5.329397557,3.902511616,2.46401183));
#6329=CARTESIAN_POINT('',(-5.620499262,3.810465304,2.435428288));
#6330=CARTESIAN_POINT('',(-5.918581405,3.770552487,2.406828604));
#6331=CARTESIAN_POINT('',(-6.216663549,3.73063967,2.37822892));
#6332=CARTESIAN_POINT('',(-6.521726562,3.742890338,2.349593557));
#6333=CARTESIAN_POINT('',(-6.814053767,3.81001653,2.320915885));
#6334=CARTESIAN_POINT('',(-7.106380973,3.877142722,2.292238212));
#6335=CARTESIAN_POINT('',(-7.385675972,4.000318952,2.263464113));
#6336=CARTESIAN_POINT('',(-7.635958782,4.167572219,2.234780047));
#6337=CARTESIAN_POINT('',(-7.886241592,4.334825486,2.20609598));
#6338=CARTESIAN_POINT('',(-8.107411372,4.546227136,2.177401096));
#6339=CARTESIAN_POINT('',(-8.28339341,4.789242612,2.148763731));
#6340=CARTESIAN_POINT('',(-8.459375449,5.032258089,2.120126366));
#6341=CARTESIAN_POINT('',(-8.588405441,5.30774288,2.09164366));
#6342=CARTESIAN_POINT('',(-8.665529786,5.597731741,2.062987397));
#6343=CARTESIAN_POINT('',(-8.74265413,5.887720602,2.034331133));
#6344=CARTESIAN_POINT('',(-8.768965317,6.19181653,2.0057184));
#6345=CARTESIAN_POINT('',(-8.741434489,6.490855195,1.977063503));
#6346=CARTESIAN_POINT('',(-8.713903661,6.789893859,1.948408607));
#6347=CARTESIAN_POINT('',(-8.630212686,7.083359065,1.919620916));
#6348=CARTESIAN_POINT('',(-8.496483463,7.353096118,1.891044849));
#6349=CARTESIAN_POINT('',(-8.362754239,7.62283317,1.862468781));
#6350=CARTESIAN_POINT('',(-8.181242505,7.869604751,1.834504632));
#6351=CARTESIAN_POINT('',(-7.963194802,8.076316141,1.806101596));
#6352=CARTESIAN_POINT('',(-7.745147099,8.283027531,1.777698559));
#6353=CARTESIAN_POINT('',(-7.490299612,8.448544113,1.748937866));
#6354=CARTESIAN_POINT('',(-7.212764452,8.561249272,1.719470139));
#6355=CARTESIAN_POINT('',(-6.935229292,8.673954432,1.690002412));
#6356=CARTESIAN_POINT('',(-6.636508181,8.740043347,1.662259059));
#6357=CARTESIAN_POINT('',(-6.334896008,8.750588206,1.63312979));
#6358=CARTESIAN_POINT('',(-6.033283835,8.761133066,1.60400052));
#6359=CARTESIAN_POINT('',(-5.730256988,8.716924986,1.574423593));
#6360=CARTESIAN_POINT('',(-5.44627947,8.622463028,1.547437805));
#6361=CARTESIAN_POINT('',(-5.162301953,8.528001071,1.520452017));
#6362=CARTESIAN_POINT('',(-4.897718625,8.381927709,1.49366094));
#6363=CARTESIAN_POINT('',(-4.66750726,8.190592293,1.46343238));
#6364=CARTESIAN_POINT('',(-4.437295894,7.999256877,1.433203821));
#6365=CARTESIAN_POINT('',(-4.235556503,7.76800117,1.404440534));
#6366=CARTESIAN_POINT('',(-4.083379687,7.505764981,1.375475762));
#6367=CARTESIAN_POINT('',(-3.931202871,7.243528792,1.346510989));
#6368=CARTESIAN_POINT('',(-3.830391295,6.953077874,1.317518966));
#6369=CARTESIAN_POINT('',(-3.778980246,6.657718628,1.290744389));
#6370=CARTESIAN_POINT('',(-3.727569197,6.362359382,1.263969813));
#6371=CARTESIAN_POINT('',(-3.732808448,6.060234944,1.234497487));
#6372=CARTESIAN_POINT('',(-3.792530137,5.767240271,1.20427032));
#6373=CARTESIAN_POINT('',(-3.852251825,5.474245598,1.174043153));
#6374=CARTESIAN_POINT('',(-3.963524623,5.18889889,1.146415419));
#6375=CARTESIAN_POINT('',(-4.122761912,4.93202599,1.117605553));
#6376=CARTESIAN_POINT('',(-4.2819992,4.67515309,1.088795687));
#6377=CARTESIAN_POINT('',(-4.4864803,4.446282153,1.060020774));
#6378=CARTESIAN_POINT('',(-4.723826169,4.262226439,1.031428319));
#6379=CARTESIAN_POINT('',(-4.961172038,4.078170726,1.002835863));
#6380=CARTESIAN_POINT('',(-5.232443042,3.940117757,0.975009519));
#6381=CARTESIAN_POINT('',(-5.520627177,3.854564986,0.947079255));
#6382=CARTESIAN_POINT('',(-5.808811312,3.769012215,0.91914899));
#6383=CARTESIAN_POINT('',(-6.113074727,3.735151442,0.890872761));
#6384=CARTESIAN_POINT('',(-6.412921861,3.75462614,0.861257126));
#6385=CARTESIAN_POINT('',(-6.562845429,3.764363489,0.846449309));
#6386=CARTESIAN_POINT('',(-6.711789317,3.786834358,0.831638886));
#6387=CARTESIAN_POINT('',(-6.857547702,3.822457649,0.816670335));
#6388=CARTESIAN_POINT('',(-7.003306087,3.85808094,0.801701785));
#6389=CARTESIAN_POINT('',(-7.146859977,3.904210979,0.788218786));
#6390=CARTESIAN_POINT('',(-7.283931466,3.96550655,0.773517343));
#6391=CARTESIAN_POINT('',(-7.558074443,4.088097693,0.744114456));
#6392=CARTESIAN_POINT('',(-7.806675077,4.264767786,0.715308851));
#6393=CARTESIAN_POINT('',(-8.018079657,4.478374427,0.687853017));
#6394=CARTESIAN_POINT('',(-8.440888818,4.905587711,0.632941349));
#6395=CARTESIAN_POINT('',(-8.712395037,5.484757351,0.575642347));
#6396=CARTESIAN_POINT('',(-8.752431012,6.085083559,0.515834336));
#6397=CARTESIAN_POINT('',(-8.792466987,6.685409767,0.456026324));
#6398=CARTESIAN_POINT('',(-8.598887672,7.2948426,0.404104988));
#6399=CARTESIAN_POINT('',(-8.234532715,7.772314095,0.346031392));
#6400=CARTESIAN_POINT('',(-8.143443976,7.891681969,0.331512993));
#6401=CARTESIAN_POINT('',(-8.04189003,8.002970338,0.316732484));
#6402=CARTESIAN_POINT('',(-7.931097496,8.104110049,0.301720779));
#6403=CARTESIAN_POINT('',(-7.820304963,8.205249761,0.286709074));
#6404=CARTESIAN_POINT('',(-7.702671439,8.300038955,0.27404599));
#6405=CARTESIAN_POINT('',(-7.573967252,8.377685848,0.257951841));
#6406=CARTESIAN_POINT('',(-7.509615159,8.416509294,0.249904767));
#6407=CARTESIAN_POINT('',(-7.444845227,8.454917962,0.243636738));
#6408=CARTESIAN_POINT('',(-7.377568546,8.488618773,0.236379755));
#6409=CARTESIAN_POINT('',(-7.310291865,8.522319584,0.229122772));
#6410=CARTESIAN_POINT('',(-7.241213972,8.55227364,0.221541872));
#6411=CARTESIAN_POINT('',(-7.171405464,8.580371822,0.214822825));
#6412=CARTESIAN_POINT('',(-7.031788447,8.636568186,0.201384731));
#6413=CARTESIAN_POINT('',(-6.886105867,8.67672368,0.186110387));
#6414=CARTESIAN_POINT('',(-6.738670625,8.705409845,0.171871217));
#6415=CARTESIAN_POINT('',(-6.14892966,8.820154504,0.114914538));
#6416=CARTESIAN_POINT('',(-5.518908543,8.719121725,0.059215127));
#6417=CARTESIAN_POINT('',(-4.998556927,8.417618441,0.000052736));
#6418=B_SPLINE_CURVE_WITH_KNOTS('',3,(#6249,#6250,#6251,#6252,#6253,#6254,#6255,#6256,#6257,#6258,#6259,#6260,#6261,#6262,#6263,#6264,#6265,#6266,#6267,#6268,#6269,#6270,#6271,#6272,#6273,#6274,
#6275,#6276,#6277,#6278,#6279,#6280,#6281,#6282,#6283,#6284,#6285,#6286,#6287,#6288,#6289,#6290,#6291,#6292,#6293,#6294,#6295,#6296,#6297,#6298,#6299,
#6300,#6301,#6302,#6303,#6304,#6305,#6306,#6307,#6308,#6309,#6310,#6311,#6312,#6313,#6314,#6315,#6316,#6317,#6318,#6319,#6320,#6321,#6322,#6323,#6324,
#6325,#6326,#6327,#6328,#6329,#6330,#6331,#6332,#6333,#6334,#6335,#6336,#6337,#6338,#6339,#6340,#6341,#6342,#6343,#6344,#6345,#6346,#6347,#6348,#6349,
#6350,#6351,#6352,#6353,#6354,#6355,#6356,#6357,#6358,#6359,#6360,#6361,#6362,#6363,#6364,#6365,#6366,#6367,#6368,#6369,#6370,#6371,#6372,#6373,#6374,
#6375,#6376,#6377,#6378,#6379,#6380,#6381,#6382,#6383,#6384,#6385,#6386,#6387,#6388,#6389,#6390,#6391,#6392,#6393,#6394,#6395,#6396,#6397,#6398,#6399,
#6400,#6401,#6402,#6403,#6404,#6405,#6406,#6407,#6408,#6409,#6410,#6411,#6412,#6413,#6414,#6415,#6416,#6417),.UNSPECIFIED.,.F.,.F.,(4,3,3,3,3,3,3,3,3,3,3,3,3,3,3,3,3,3,3,3,3,3,3,3,3,3,
3,3,3,3,3,3,3,3,3,3,3,3,3,3,3,3,3,3,3,3,3,3,3,3,3,
3,3,3,3,3,4),(9.773279213,9.954891934,10.136504655,10.318117376,10.408923737,10.499730097,10.590536458,10.681342819,10.772149179,10.86295554,10.9537619,11.044568261,11.135374622,11.226180982,11.316987343,11.407793704,11.589406425,11.771019146,11.952631867,12.134244588,12.31585731,12.497470031,12.588276391,12.679082752,12.769889113,12.860695473,
12.951501834,13.042308195,13.133114555,13.223920916,13.314727276,13.405533637,13.496339998,13.587146358,13.677952719,13.768759079,13.85956544,13.950371801,14.041178161,14.131984522,14.222790882,14.313597243,14.404403604,14.495209964,14.586016325,14.676822686,14.722225866,14.767629046,14.858435407,15.040048128,15.221660849,
15.267064029,15.31246721,15.3351688,15.35787039,15.40327357,15.584886292),.UNSPECIFIED.);
#6419=EDGE_CURVE('',#1259,#35,#6418,.T.);
#6420=ORIENTED_EDGE('',*,*,#6419,.T.);
#6421=ORIENTED_EDGE('',*,*,#152,.T.);
#6422=CARTESIAN_POINT('',(-8.127681598,9.5565921,5.498292087));
#6423=CARTESIAN_POINT('',(-7.339459812,10.006198738,5.442525363));
#6424=CARTESIAN_POINT('',(-6.375553316,10.156417874,5.384054372));
#6425=CARTESIAN_POINT('',(-5.481527745,9.973372104,5.325929235));
#6426=CARTESIAN_POINT('',(-4.587502173,9.790326334,5.267804099));
#6427=CARTESIAN_POINT('',(-3.770633385,9.267215236,5.21192198));
#6428=CARTESIAN_POINT('',(-3.218738559,8.544636738,5.154748455));
#6429=CARTESIAN_POINT('',(-2.666843733,7.82205824,5.09757493));
#6430=CARTESIAN_POINT('',(-2.397341493,6.887066904,5.040182312));
#6431=CARTESIAN_POINT('',(-2.459221001,5.976328252,4.982837856));
#6432=CARTESIAN_POINT('',(-2.490160755,5.520958926,4.954165628));
#6433=CARTESIAN_POINT('',(-2.605163185,5.0732145,4.925521113));
#6434=CARTESIAN_POINT('',(-2.797658979,4.660189165,4.89689491));
#6435=CARTESIAN_POINT('',(-2.990154774,4.247163829,4.868268707));
#6436=CARTESIAN_POINT('',(-3.257210534,3.867950252,4.839654613));
#6437=CARTESIAN_POINT('',(-3.580559844,3.546281256,4.811030836));
#6438=CARTESIAN_POINT('',(-3.903909153,3.22461226,4.78240706));
#6439=CARTESIAN_POINT('',(-4.284514475,2.962020645,4.753524877));
#6440=CARTESIAN_POINT('',(-4.701204041,2.778115903,4.724847013));
#6441=CARTESIAN_POINT('',(-5.117893607,2.594211161,4.696169149));
#6442=CARTESIAN_POINT('',(-5.569001844,2.486098356,4.667676669));
#6443=CARTESIAN_POINT('',(-6.024523096,2.457953324,4.639148483));
#6444=CARTESIAN_POINT('',(-6.480044347,2.429808292,4.610620297));
#6445=CARTESIAN_POINT('',(-6.939861266,2.481963774,4.581958267));
#6446=CARTESIAN_POINT('',(-7.37442926,2.617310415,4.553330432));
#6447=CARTESIAN_POINT('',(-7.808997253,2.752657056,4.524702597));
#6448=CARTESIAN_POINT('',(-8.218789807,2.969531262,4.496038047));
#6449=CARTESIAN_POINT('',(-8.579593195,3.249491304,4.467361173));
#6450=CARTESIAN_POINT('',(-8.940396582,3.529451346,4.438684298));
#6451=CARTESIAN_POINT('',(-9.252239874,3.872455013,4.410021734));
#6452=CARTESIAN_POINT('',(-9.49095091,4.260042736,4.381388339));
#6453=CARTESIAN_POINT('',(-9.729661945,4.647630458,4.352754943));
#6454=CARTESIAN_POINT('',(-9.893864965,5.080579674,4.324185025));
#6455=CARTESIAN_POINT('',(-9.979350333,5.528863527,4.295550861));
#6456=CARTESIAN_POINT('',(-10.064835701,5.97714738,4.266916698));
#6457=CARTESIAN_POINT('',(-10.071929239,6.440613137,4.238300991));
#6458=CARTESIAN_POINT('',(-9.997178603,6.889680093,4.209682535));
#6459=CARTESIAN_POINT('',(-9.922427968,7.338747049,4.181064078));
#6460=CARTESIAN_POINT('',(-9.762308804,7.77269174,4.152145696));
#6461=CARTESIAN_POINT('',(-9.530936393,8.166100504,4.123292121));
#6462=CARTESIAN_POINT('',(-9.299563982,8.559509268,4.094438545));
#6463=CARTESIAN_POINT('',(-8.998321074,8.912785883,4.066119526));
#6464=CARTESIAN_POINT('',(-8.645553204,9.201375893,4.037702217));
#6465=CARTESIAN_POINT('',(-8.292785334,9.489965903,4.009284907));
#6466=CARTESIAN_POINT('',(-7.887132521,9.711184344,3.980562642));
#6467=CARTESIAN_POINT('',(-7.45414418,9.853799445,3.951934467));
#6468=CARTESIAN_POINT('',(-6.588167497,10.139029649,3.894678117));
#6469=CARTESIAN_POINT('',(-5.617900879,10.11169141,3.837150452));
#6470=CARTESIAN_POINT('',(-4.778895018,9.755380459,3.779937192));
#6471=CARTESIAN_POINT('',(-3.939889156,9.399069507,3.722723933));
#6472=CARTESIAN_POINT('',(-3.228606506,8.735946225,3.66556728));
#6473=CARTESIAN_POINT('',(-2.832138165,7.916653065,3.608288015));
#6474=CARTESIAN_POINT('',(-2.435669825,7.097359904,3.55100875));
#6475=CARTESIAN_POINT('',(-2.342186639,6.128255598,3.493215861));
#6476=CARTESIAN_POINT('',(-2.581398694,5.249619175,3.436253405));
#6477=CARTESIAN_POINT('',(-2.820610749,4.370982752,3.379290949));
#6478=CARTESIAN_POINT('',(-3.392493035,3.583884172,3.322231446));
#6479=CARTESIAN_POINT('',(-4.150872592,3.079532499,3.264501458));
#6480=CARTESIAN_POINT('',(-4.909252149,2.575180826,3.20677147));
#6481=CARTESIAN_POINT('',(-5.858984788,2.364226963,3.150058002));
#6482=CARTESIAN_POINT('',(-6.761870538,2.482988464,3.092815671));
#6483=CARTESIAN_POINT('',(-7.664756289,2.601749965,3.03557334));
#6484=CARTESIAN_POINT('',(-8.515697261,3.070012033,2.978272323));
#6485=CARTESIAN_POINT('',(-9.117387521,3.755497597,2.920981532));
#6486=CARTESIAN_POINT('',(-9.418232651,4.098240379,2.892336137));
#6487=CARTESIAN_POINT('',(-9.654766104,4.495364203,2.863691849));
#6488=CARTESIAN_POINT('',(-9.811946524,4.923200472,2.835060854));
#6489=CARTESIAN_POINT('',(-9.969126943,5.351036741,2.806429858));
#6490=CARTESIAN_POINT('',(-10.049642513,5.808023369,2.777804907));
#6491=CARTESIAN_POINT('',(-10.049590584,6.264201292,2.749167253));
#6492=CARTESIAN_POINT('',(-10.049538656,6.720379215,2.720529599));
#6493=CARTESIAN_POINT('',(-9.967517575,7.175413387,2.691793615));
#6494=CARTESIAN_POINT('',(-9.804048514,7.600527485,2.663157901));
#6495=CARTESIAN_POINT('',(-9.640579454,8.025641584,2.634522187));
#6496=CARTESIAN_POINT('',(-9.398870497,8.421652033,2.605970348));
#6497=CARTESIAN_POINT('',(-9.097340975,8.764339403,2.577333039));
#6498=CARTESIAN_POINT('',(-8.795811453,9.107026772,2.54869573));
#6499=CARTESIAN_POINT('',(-8.434547433,9.396346653,2.520068851));
#6500=CARTESIAN_POINT('',(-8.03217214,9.609092724,2.491432555));
#6501=CARTESIAN_POINT('',(-7.629796846,9.821838794,2.46279626));
#6502=CARTESIAN_POINT('',(-7.18711024,9.959380765,2.434054442));
#6503=CARTESIAN_POINT('',(-6.734253919,10.017689992,2.405343426));
#6504=CARTESIAN_POINT('',(-6.281397597,10.075999219,2.37663241));
#6505=CARTESIAN_POINT('',(-5.818370802,10.055115308,2.347977915));
#6506=CARTESIAN_POINT('',(-5.375248185,9.951000657,2.319380647));
#6507=CARTESIAN_POINT('',(-4.932125568,9.846886006,2.290783378));
#6508=CARTESIAN_POINT('',(-4.509297762,9.658073257,2.262325001));
#6509=CARTESIAN_POINT('',(-4.131034371,9.402605467,2.233722356));
#6510=CARTESIAN_POINT('',(-3.752770981,9.147137676,2.205119712));
#6511=CARTESIAN_POINT('',(-3.418842238,8.825430497,2.176527604));
#6512=CARTESIAN_POINT('',(-3.153137436,8.455629675,2.147870976));
#6513=CARTESIAN_POINT('',(-2.887432635,8.085828853,2.119214349));
#6514=CARTESIAN_POINT('',(-2.693117627,7.666024801,2.090344765));
#6515=CARTESIAN_POINT('',(-2.577589471,7.224510739,2.061742072));
#6516=CARTESIAN_POINT('',(-2.462061315,6.782996678,2.033139379));
#6517=CARTESIAN_POINT('',(-2.424830749,6.320332645,2.004473276));
#6518=CARTESIAN_POINT('',(-2.469032853,5.866854115,1.975841178));
#6519=CARTESIAN_POINT('',(-2.513234958,5.413375586,1.94720908));
#6520=CARTESIAN_POINT('',(-2.640913326,4.969420214,1.919042012));
#6521=CARTESIAN_POINT('',(-2.845068584,4.56179823,1.889949861));
#6522=CARTESIAN_POINT('',(-3.2533791,3.746554262,1.83176556));
#6523=CARTESIAN_POINT('',(-3.957082927,3.076658091,1.772827484));
#6524=CARTESIAN_POINT('',(-4.802020235,2.734981056,1.717614848));
#6525=CARTESIAN_POINT('',(-5.22448889,2.564142538,1.690008531));
#6526=CARTESIAN_POINT('',(-5.67924307,2.474784347,1.660329988));
#6527=CARTESIAN_POINT('',(-6.134428307,2.459813719,1.632320285));
#6528=CARTESIAN_POINT('',(-6.589613544,2.444843091,1.604310582));
#6529=CARTESIAN_POINT('',(-7.04708241,2.505880837,1.576725209));
#6530=CARTESIAN_POINT('',(-7.47853729,2.651438185,1.545700348));
#6531=CARTESIAN_POINT('',(-7.90999217,2.796995534,1.514675488));
#6532=CARTESIAN_POINT('',(-8.314833737,3.025893274,1.483630442));
#6533=CARTESIAN_POINT('',(-8.666908395,3.317612358,1.457434341));
#6534=CARTESIAN_POINT('',(-9.018983053,3.609331442,1.43123824));
#6535=CARTESIAN_POINT('',(-9.312203194,3.967562298,1.402781454));
#6536=CARTESIAN_POINT('',(-9.538076542,4.360855082,1.374386034));
#6537=CARTESIAN_POINT('',(-9.76394989,4.754147867,1.345990614));
#6538=CARTESIAN_POINT('',(-9.925270024,5.186314977,1.317667687));
#6539=CARTESIAN_POINT('',(-10.000024267,5.63590253,1.286324858));
#6540=CARTESIAN_POINT('',(-10.07477851,6.085490082,1.254982028));
#6541=CARTESIAN_POINT('',(-10.068897065,6.549591214,1.227705679));
#6542=CARTESIAN_POINT('',(-9.977971539,6.99631653,1.2014443));
#6543=CARTESIAN_POINT('',(-9.887046014,7.443041845,1.175182921));
#6544=CARTESIAN_POINT('',(-9.708034024,7.870169384,1.145103569));
#6545=CARTESIAN_POINT('',(-9.466477955,8.257246015,1.116650208));
#6546=CARTESIAN_POINT('',(-9.224921886,8.644322646,1.088196847));
#6547=CARTESIAN_POINT('',(-8.919203406,8.993007576,1.061279337));
#6548=CARTESIAN_POINT('',(-8.559253025,9.270665077,1.030958753));
#6549=CARTESIAN_POINT('',(-8.379277835,9.409493828,1.015798461));
#6550=CARTESIAN_POINT('',(-8.188367413,9.53406968,1.002443574));
#6551=CARTESIAN_POINT('',(-7.985663729,9.63660706,0.987441137));
#6552=CARTESIAN_POINT('',(-7.782960046,9.739144441,0.9724387));
#6553=CARTESIAN_POINT('',(-7.570294239,9.822440109,0.957417699));
#6554=CARTESIAN_POINT('',(-7.351485049,9.886407036,0.942555058));
#6555=CARTESIAN_POINT('',(-6.91386667,10.01434089,0.912829776));
#6556=CARTESIAN_POINT('',(-6.451482652,10.064954692,0.883720877));
#6557=CARTESIAN_POINT('',(-5.995287915,10.036262932,0.856562819));
#6558=CARTESIAN_POINT('',(-5.082898441,9.978879411,0.802246702));
#6559=CARTESIAN_POINT('',(-4.206352942,9.591457575,0.748357581));
#6560=CARTESIAN_POINT('',(-3.566565469,8.940167943,0.686831398));
#6561=CARTESIAN_POINT('',(-3.246671733,8.614523127,0.656068306));
#6562=CARTESIAN_POINT('',(-2.982457281,8.229622836,0.62589141));
#6563=CARTESIAN_POINT('',(-2.791103991,7.812601356,0.598113475));
#6564=CARTESIAN_POINT('',(-2.695427346,7.604090616,0.584224507));
#6565=CARTESIAN_POINT('',(-2.617382859,7.387700733,0.571426597));
#6566=CARTESIAN_POINT('',(-2.561468552,7.166519276,0.557806238));
#6567=CARTESIAN_POINT('',(-2.505554246,6.945337818,0.544185879));
#6568=CARTESIAN_POINT('',(-2.473017881,6.719736447,0.528880134));
#6569=CARTESIAN_POINT('',(-2.457431427,6.493982627,0.51536475));
#6570=CARTESIAN_POINT('',(-2.426258521,6.042474988,0.488333981));
#6571=CARTESIAN_POINT('',(-2.477158988,5.586121002,0.459764747));
#6572=CARTESIAN_POINT('',(-2.613136367,5.151356092,0.428839333));
#6573=CARTESIAN_POINT('',(-2.749113747,4.716591183,0.397913918));
#6574=CARTESIAN_POINT('',(-2.963427462,4.30347535,0.368265067));
#6575=CARTESIAN_POINT('',(-3.240502393,3.939037164,0.340278363));
#6576=CARTESIAN_POINT('',(-3.379039858,3.75681807,0.326285011));
#6577=CARTESIAN_POINT('',(-3.533184061,3.586689579,0.312746145));
#6578=CARTESIAN_POINT('',(-3.70109303,3.432235706,0.299409436));
#6579=CARTESIAN_POINT('',(-3.869001999,3.277781833,0.286072728));
#6580=CARTESIAN_POINT('',(-4.053644171,3.14365783,0.26984676));
#6581=CARTESIAN_POINT('',(-4.244972938,3.021095875,0.257647585));
#6582=CARTESIAN_POINT('',(-4.340637322,2.959814897,0.251547998));
#6583=CARTESIAN_POINT('',(-4.440783724,2.9059245,0.243387062));
#6584=CARTESIAN_POINT('',(-4.54230585,2.854966368,0.236253059));
#6585=CARTESIAN_POINT('',(-4.643827976,2.804008236,0.229119056));
#6586=CARTESIAN_POINT('',(-4.746817876,2.755362389,0.223312007));
#6587=CARTESIAN_POINT('',(-4.853434215,2.71563794,0.214843149));
#6588=CARTESIAN_POINT('',(-5.066666891,2.636189044,0.197905432));
#6589=CARTESIAN_POINT('',(-5.284458492,2.566553428,0.186328628));
#6590=CARTESIAN_POINT('',(-5.508455061,2.521950902,0.171838705));
#6591=CARTESIAN_POINT('',(-6.404441337,2.343540794,0.113879013));
#6592=CARTESIAN_POINT('',(-7.362091753,2.505405217,0.055069174));
#6593=CARTESIAN_POINT('',(-8.150515723,2.958097867,-0.000075793));
#6594=B_SPLINE_CURVE_WITH_KNOTS('',3,(#6422,#6423,#6424,#6425,#6426,#6427,#6428,#6429,#6430,#6431,#6432,#6433,#6434,#6435,#6436,#6437,#6438,#6439,#6440,#6441,#6442,#6443,#6444,#6445,#6446,#6447,
#6448,#6449,#6450,#6451,#6452,#6453,#6454,#6455,#6456,#6457,#6458,#6459,#6460,#6461,#6462,#6463,#6464,#6465,#6466,#6467,#6468,#6469,#6470,#6471,#6472,
#6473,#6474,#6475,#6476,#6477,#6478,#6479,#6480,#6481,#6482,#6483,#6484,#6485,#6486,#6487,#6488,#6489,#6490,#6491,#6492,#6493,#6494,#6495,#6496,#6497,
#6498,#6499,#6500,#6501,#6502,#6503,#6504,#6505,#6506,#6507,#6508,#6509,#6510,#6511,#6512,#6513,#6514,#6515,#6516,#6517,#6518,#6519,#6520,#6521,#6522,
#6523,#6524,#6525,#6526,#6527,#6528,#6529,#6530,#6531,#6532,#6533,#6534,#6535,#6536,#6537,#6538,#6539,#6540,#6541,#6542,#6543,#6544,#6545,#6546,#6547,
#6548,#6549,#6550,#6551,#6552,#6553,#6554,#6555,#6556,#6557,#6558,#6559,#6560,#6561,#6562,#6563,#6564,#6565,#6566,#6567,#6568,#6569,#6570,#6571,#6572,
#6573,#6574,#6575,#6576,#6577,#6578,#6579,#6580,#6581,#6582,#6583,#6584,#6585,#6586,#6587,#6588,#6589,#6590,#6591,#6592,#6593),.UNSPECIFIED.,.F.,.F.,(4,3,3,3,3,3,3,3,3,3,3,3,3,3,3,3,3,3,3,3,3,3,3,3,3,3,
3,3,3,3,3,3,3,3,3,3,3,3,3,3,3,3,3,3,3,3,3,3,3,3,3,
3,3,3,3,3,3,4),(4.802176942,5.077134627,5.352092312,5.627049996,5.764528839,5.902007681,6.039486524,6.176965366,6.314444208,6.451923051,6.589401893,6.726880736,6.864359578,7.00183842,7.139317263,7.276796105,7.55175379,7.826711475,8.101669159,8.376626844,8.651584529,8.926542214,9.064021056,9.201499899,9.338978741,9.476457583,
9.613936426,9.751415268,9.88889411,10.026372953,10.163851795,10.301330638,10.43880948,10.576288322,10.851246007,10.98872485,11.126203692,11.263682534,11.401161377,11.538640219,11.676119061,11.813597904,11.951076746,12.019816167,12.088555589,12.226034431,12.500992116,12.638470958,12.707210379,12.775949801,12.913428643,
13.050907485,13.119646907,13.188386328,13.222756038,13.257125749,13.32586517,13.600822855),.UNSPECIFIED.);
#6595=EDGE_CURVE('',#1313,#33,#6594,.T.);
#6596=ORIENTED_EDGE('',*,*,#6595,.F.);
#6597=ORIENTED_EDGE('',*,*,#1317,.F.);
#6598=EDGE_LOOP('',(#6248,#6420,#6421,#6596,#6597));
#6599=FACE_BOUND('',#6598,.T.);
#6600=ADVANCED_FACE('',(#6599),#6247,.F.);
#6601=CARTESIAN_POINT('',(-4.998579898,8.417788966,-0.));
#6602=CARTESIAN_POINT('',(-5.04552316,8.444976527,0.005176629));
#6603=CARTESIAN_POINT('',(-5.526448513,8.702743488,0.057224736));
#6604=CARTESIAN_POINT('',(-6.594898319,8.879420267,0.156144319));
#6605=CARTESIAN_POINT('',(-7.997932176,8.245217844,0.296758751));
#6606=CARTESIAN_POINT('',(-8.810988082,6.937059184,0.437373183));
#6607=CARTESIAN_POINT('',(-8.762721677,5.400355773,0.577987615));
#6608=CARTESIAN_POINT('',(-7.864215415,4.144167308,0.718602047));
#6609=CARTESIAN_POINT('',(-6.428337823,3.608837592,0.859216479));
#6610=CARTESIAN_POINT('',(-4.528564277,4.030378397,1.036286504));
#6611=CARTESIAN_POINT('',(-3.237985657,6.243855984,1.249812123));
#6612=CARTESIAN_POINT('',(-4.748307377,8.860098193,1.499793335));
#6613=CARTESIAN_POINT('',(-7.494629858,8.851443113,1.72894278));
#6614=CARTESIAN_POINT('',(-8.928288848,6.966852453,1.937260457));
#6615=CARTESIAN_POINT('',(-8.655949937,4.867338816,2.124746366));
#6616=CARTESIAN_POINT('',(-6.97060538,3.569034514,2.312232275));
#6617=CARTESIAN_POINT('',(-4.865634973,3.845711339,2.499718184));
#6618=CARTESIAN_POINT('',(-3.570169281,5.528082623,2.687204093));
#6619=CARTESIAN_POINT('',(-3.845009537,7.634624967,2.874690003));
#6620=CARTESIAN_POINT('',(-5.52802787,8.929419321,3.062175912));
#6621=CARTESIAN_POINT('',(-7.634240822,8.65540626,3.249661821));
#6622=CARTESIAN_POINT('',(-8.929317178,6.971997918,3.43714773));
#6623=CARTESIAN_POINT('',(-8.655712538,4.866502273,3.624633639));
#6624=CARTESIAN_POINT('',(-6.971969278,3.56992038,3.812119549));
#6625=CARTESIAN_POINT('',(-5.218332436,3.799890333,3.968357806));
#6626=CARTESIAN_POINT('',(-4.217377318,4.684948602,4.093348412));
#6627=CARTESIAN_POINT('',(-3.617684426,5.878583902,4.218339018));
#6628=CARTESIAN_POINT('',(-3.843351918,7.6332814,4.374577276));
#6629=CARTESIAN_POINT('',(-5.526955587,8.929024489,4.562063185));
#6630=CARTESIAN_POINT('',(-7.632978098,8.656168121,4.749549095));
#6631=CARTESIAN_POINT('',(-8.92904013,6.972965797,4.937035004));
#6632=CARTESIAN_POINT('',(-8.656419036,4.867554455,5.124520913));
#6633=CARTESIAN_POINT('',(-6.973406642,3.570485922,5.312006822));
#6634=CARTESIAN_POINT('',(-4.868118368,3.844650088,5.499492731));
#6635=CARTESIAN_POINT('',(-3.570061794,5.524188119,5.68697864));
#6636=CARTESIAN_POINT('',(-3.845407229,7.635331515,5.87446455));
#6637=CARTESIAN_POINT('',(-5.51539562,8.918703413,6.061186607));
#6638=CARTESIAN_POINT('',(-6.916080863,8.754115173,6.185413361));
#6639=CARTESIAN_POINT('',(-7.477584947,8.43678034,6.247144812));
#6640=CARTESIAN_POINT('',(-4.788840123,8.79642228,-0.249468445));
#6641=CARTESIAN_POINT('',(-4.843982922,8.828166981,-0.244291816));
#6642=CARTESIAN_POINT('',(-5.408847579,9.129030837,-0.19224371));
#6643=CARTESIAN_POINT('',(-6.66257068,9.332987698,-0.093324126));
#6644=CARTESIAN_POINT('',(-8.306247336,8.584842732,0.047290306));
#6645=CARTESIAN_POINT('',(-9.255879158,7.048019638,0.187904738));
#6646=CARTESIAN_POINT('',(-9.194568752,5.245770668,0.32851917));
#6647=CARTESIAN_POINT('',(-8.136871291,3.77513664,0.469133602));
#6648=CARTESIAN_POINT('',(-6.451096173,3.151640358,0.609748034));
#6649=CARTESIAN_POINT('',(-4.224143855,3.651872519,0.786818059));
#6650=CARTESIAN_POINT('',(-2.717195507,6.252004362,1.000343678));
#6651=CARTESIAN_POINT('',(-4.496648104,9.315970648,1.25032489));
#6652=CARTESIAN_POINT('',(-7.717778878,9.297422947,1.479474335));
#6653=CARTESIAN_POINT('',(-9.393551372,7.082604777,1.687792011));
#6654=CARTESIAN_POINT('',(-9.067707654,4.620922823,1.875277921));
#6655=CARTESIAN_POINT('',(-7.086998463,3.103296788,2.06276383));
#6656=CARTESIAN_POINT('',(-4.618929419,3.434247276,2.250249739));
#6657=CARTESIAN_POINT('',(-3.104623766,5.411458536,2.437735648));
#6658=CARTESIAN_POINT('',(-3.433424916,7.881377996,2.625221557));
#6659=CARTESIAN_POINT('',(-5.411393065,9.394893634,2.812707467));
#6660=CARTESIAN_POINT('',(-7.8809287,9.067064146,3.000193376));
#6661=CARTESIAN_POINT('',(-9.394773911,7.088637246,3.187679285));
#6662=CARTESIAN_POINT('',(-9.06742565,4.619942346,3.375165194));
#6663=CARTESIAN_POINT('',(-7.088601308,3.104331128,3.562651103));
#6664=CARTESIAN_POINT('',(-5.032467581,3.379426621,3.718889361));
#6665=CARTESIAN_POINT('',(-3.861155217,4.420568958,3.843879967));
#6666=CARTESIAN_POINT('',(-3.16142459,5.822415778,3.968870573));
#6667=CARTESIAN_POINT('',(-3.431477823,7.879806264,4.125108831));
#6668=CARTESIAN_POINT('',(-5.41013366,9.39443461,4.31259474));
#6669=CARTESIAN_POINT('',(-7.879450254,9.067961419,4.500080649));
#6670=CARTESIAN_POINT('',(-9.394451188,7.089773219,4.687566558));
#6671=CARTESIAN_POINT('',(-9.068258568,4.621173998,4.875052468));
#6672=CARTESIAN_POINT('',(-7.090288426,3.104990845,5.062538377));
#6673=CARTESIAN_POINT('',(-4.621839065,3.432994609,5.250024286));
#6674=CARTESIAN_POINT('',(-3.104485568,5.406891548,5.437510195));
#6675=CARTESIAN_POINT('',(-3.433893884,7.882204568,5.624996104));
#6676=CARTESIAN_POINT('',(-5.396544107,9.38236432,5.811718162));
#6677=CARTESIAN_POINT('',(-7.038901682,9.185035813,5.935944916));
#6678=CARTESIAN_POINT('',(-7.696518458,8.811117251,5.997676367));
#6679=CARTESIAN_POINT('',(-4.577545209,9.174045117,-0.499133819));
#6680=CARTESIAN_POINT('',(-4.640865599,9.210380632,-0.49395719));
#6681=CARTESIAN_POINT('',(-5.289460088,9.554687179,-0.441909083));
#6682=CARTESIAN_POINT('',(-6.728284067,9.78670776,-0.3429895));
#6683=CARTESIAN_POINT('',(-8.613018061,8.925683078,-0.202375068));
#6684=CARTESIAN_POINT('',(-9.700161986,7.160848219,-0.061760636));
#6685=CARTESIAN_POINT('',(-9.626946477,5.093077772,0.078853796));
#6686=CARTESIAN_POINT('',(-8.411022315,3.407382662,0.219468228));
#6687=CARTESIAN_POINT('',(-6.475801743,2.6946777,0.36008266));
#6688=CARTESIAN_POINT('',(-3.921433234,3.272180784,0.537152685));
#6689=CARTESIAN_POINT('',(-2.196526744,6.257923425,0.750678304));
#6690=CARTESIAN_POINT('',(-4.243116561,9.770630964,1.000659516));
#6691=CARTESIAN_POINT('',(-7.938954224,9.744221264,1.229808961));
#6692=CARTESIAN_POINT('',(-9.858179983,7.200311709,1.438126638));
#6693=CARTESIAN_POINT('',(-9.480393143,4.37634043,1.625612547));
#6694=CARTESIAN_POINT('',(-7.205347895,2.638197067,1.813098456));
#6695=CARTESIAN_POINT('',(-4.37405637,3.021852554,2.000584365));
#6696=CARTESIAN_POINT('',(-2.63971715,5.292879882,2.188070274));
#6697=CARTESIAN_POINT('',(-3.020909489,8.126297493,2.375556184));
#6698=CARTESIAN_POINT('',(-5.292803991,9.859729333,2.563042093));
#6699=CARTESIAN_POINT('',(-8.12578276,9.47965228,2.750528002));
#6700=CARTESIAN_POINT('',(-9.859592011,7.207231086,2.938013911));
#6701=CARTESIAN_POINT('',(-9.480068452,4.37521591,3.12549982));
#6702=CARTESIAN_POINT('',(-7.207188431,2.639381524,3.312985729));
#6703=CARTESIAN_POINT('',(-4.848455319,2.958293486,3.469223987));
#6704=CARTESIAN_POINT('',(-3.506170112,4.154746778,3.594214593));
#6705=CARTESIAN_POINT('',(-2.705544192,5.764314307,3.719205199));
#6706=CARTESIAN_POINT('',(-3.018672388,8.124497618,3.875443457));
#6707=CARTESIAN_POINT('',(-5.291358469,9.859204317,4.062929366));
#6708=CARTESIAN_POINT('',(-8.124087727,9.480684224,4.250415275));
#6709=CARTESIAN_POINT('',(-9.859223852,7.20853504,4.437901185));
#6710=CARTESIAN_POINT('',(-9.481025629,4.376627882,4.625387094));
#6711=CARTESIAN_POINT('',(-7.209125467,2.640135443,4.812873003));
#6712=CARTESIAN_POINT('',(-4.377392798,3.02041078,5.000358912));
#6713=CARTESIAN_POINT('',(-2.63955141,5.287639788,5.187844821));
#6714=CARTESIAN_POINT('',(-3.021448733,8.12724554,5.37533073));
#6715=CARTESIAN_POINT('',(-5.275746553,9.845376744,5.562052788));
#6716=CARTESIAN_POINT('',(-7.159844071,9.616351199,5.686279542));
#6717=CARTESIAN_POINT('',(-7.913786473,9.186276975,5.748010993));
#6718=CARTESIAN_POINT('',(-4.365897787,9.551457124,-0.748816372));
#6719=CARTESIAN_POINT('',(-4.437391188,9.592391087,-0.743639743));
#6720=CARTESIAN_POINT('',(-5.169671995,9.980218584,-0.691591637));
#6721=CARTESIAN_POINT('',(-6.793565146,10.240477738,-0.592672053));
#6722=CARTESIAN_POINT('',(-8.919456981,9.266805152,-0.452057621));
#6723=CARTESIAN_POINT('',(-10.144325584,7.274095273,-0.311443189));
#6724=CARTESIAN_POINT('',(-10.059457232,4.940799282,-0.170828757));
#6725=CARTESIAN_POINT('',(-8.685514764,3.039898947,-0.030214325));
#6726=CARTESIAN_POINT('',(-6.500940205,2.237750877,0.110400107));
#6727=CARTESIAN_POINT('',(-3.6190913,2.892212645,0.287470132));
#6728=CARTESIAN_POINT('',(-1.675866414,6.263347988,0.500995751));
#6729=CARTESIAN_POINT('',(-3.989160699,10.225038513,0.750976963));
#6730=CARTESIAN_POINT('',(-8.159699462,10.191216884,0.980126408));
#6731=CARTESIAN_POINT('',(-10.322684499,7.318456558,1.188444085));
#6732=CARTESIAN_POINT('',(-9.893298919,4.132156155,1.375929994));
#6733=CARTESIAN_POINT('',(-7.324135652,2.173222464,1.563415903));
#6734=CARTESIAN_POINT('',(-4.129581183,2.609236747,1.750901812));
#6735=CARTESIAN_POINT('',(-2.174935859,5.173863387,1.938387721));
#6736=CARTESIAN_POINT('',(-2.608172937,8.37081885,2.12587363));
#6737=CARTESIAN_POINT('',(-5.173777141,10.324439799,2.31335954));
#6738=CARTESIAN_POINT('',(-8.370238612,9.892461391,2.500845449));
#6739=CARTESIAN_POINT('',(-10.324284877,7.326262789,2.688331358));
#6740=CARTESIAN_POINT('',(-9.892932103,4.130887556,2.875817267));
#6741=CARTESIAN_POINT('',(-7.326213555,2.174557484,3.063303176));
#6742=CARTESIAN_POINT('',(-4.664847508,2.536996755,3.219541434));
#6743=CARTESIAN_POINT('',(-3.151446868,3.888595182,3.34453204));
#6744=CARTESIAN_POINT('',(-2.249732058,5.705781801,3.469522646));
#6745=CARTESIAN_POINT('',(-2.605645538,8.368790971,3.625760904));
#6746=CARTESIAN_POINT('',(-5.172145784,10.323848274,3.813246813));
#6747=CARTESIAN_POINT('',(-8.368326759,9.89362787,4.000732722));
#6748=CARTESIAN_POINT('',(-10.323871435,7.327734711,4.188218631));
#6749=CARTESIAN_POINT('',(-9.894012924,4.132480095,4.375704541));
#6750=CARTESIAN_POINT('',(-7.328400615,2.1754055,4.56319045));
#6751=CARTESIAN_POINT('',(-4.133344511,2.607606417,4.750676359));
#6752=CARTESIAN_POINT('',(-2.174743305,5.167949949,4.938162268));
#6753=CARTESIAN_POINT('',(-2.608782198,8.371888829,5.125648177));
#6754=CARTESIAN_POINT('',(-5.154512945,10.308261581,5.312370235));
#6755=CARTESIAN_POINT('',(-7.280374011,10.047769379,5.436596989));
#6756=CARTESIAN_POINT('',(-8.130692697,9.561632505,5.49832844));
#6757=B_SPLINE_SURFACE_WITH_KNOTS('',3,3,((#6601,#6602,#6603,#6604,#6605,#6606,#6607,#6608,#6609,#6610,#6611,#6612,#6613,#6614,#6615,#6616,#6617,#6618,#6619,#6620,#6621,#6622,#6623,#6624,#6625,#6626,
#6627,#6628,#6629,#6630,#6631,#6632,#6633,#6634,#6635,#6636,#6637,#6638,#6639),(#6640,#6641,#6642,#6643,#6644,#6645,#6646,#6647,#6648,#6649,#6650,#6651,#6652,#6653,#6654,#6655,#6656,#6657,#6658,#6659,#6660,#6661,#6662,#6663,#6664,#6665,
#6666,#6667,#6668,#6669,#6670,#6671,#6672,#6673,#6674,#6675,#6676,#6677,#6678),(#6679,#6680,#6681,#6682,#6683,#6684,#6685,#6686,#6687,#6688,#6689,#6690,#6691,#6692,#6693,#6694,#6695,#6696,#6697,#6698,#6699,#6700,#6701,#6702,#6703,#6704,
#6705,#6706,#6707,#6708,#6709,#6710,#6711,#6712,#6713,#6714,#6715,#6716,#6717),(#6718,#6719,#6720,#6721,#6722,#6723,#6724,#6725,#6726,#6727,#6728,#6729,#6730,#6731,#6732,#6733,#6734,#6735,#6736,#6737,#6738,#6739,#6740,#6741,#6742,#6743,
#6744,#6745,#6746,#6747,#6748,#6749,#6750,#6751,#6752,#6753,#6754,#6755,#6756)),.UNSPECIFIED.,.F.,.F.,.U.,(4,4),(4,1,1,1,1,1,1,1,1,1,1,1,1,1,1,1,1,1,1,1,1,1,1,1,1,1,
1,1,1,1,1,1,1,1,1,1,4),(0.170679769,0.320537433),(7.339034499,7.40408594,7.993090295,8.58209465,9.171099005,9.76010336,10.349107715,10.93811207,11.527116425,12.574235278,13.621354131,14.668472984,15.453812124,16.239151264,17.024490404,17.809829544,18.595168684,19.380507824,20.165846964,20.951186104,21.736525244,22.521864384,23.307203524,24.092542664,24.485212234,24.877881804,
25.663220944,26.448560083,27.233899223,28.019238363,28.804577503,29.589916643,30.375255783,31.160594923,31.945934063,32.731273203,33.507013496),.UNSPECIFIED.);
#6758=ORIENTED_EDGE('',*,*,#1360,.T.);
#6759=ORIENTED_EDGE('',*,*,#6595,.T.);
#6760=ORIENTED_EDGE('',*,*,#86,.T.);
#6761=ORIENTED_EDGE('',*,*,#6419,.F.);
#6762=EDGE_LOOP('',(#6758,#6759,#6760,#6761));
#6763=FACE_BOUND('',#6762,.T.);
#6764=ADVANCED_FACE('',(#6763),#6757,.F.);
#6765=CARTESIAN_POINT('',(4.349425811,-9.542001671,-0.000009183));
#6766=CARTESIAN_POINT('',(4.420755941,-9.583316794,0.005170507));
#6767=CARTESIAN_POINT('',(5.151140689,-9.974808029,0.057221674));
#6768=CARTESIAN_POINT('',(6.773774899,-10.243125885,0.156144319));
#6769=CARTESIAN_POINT('',(8.904465367,-9.279999483,0.296758751));
#6770=CARTESIAN_POINT('',(10.139203027,-7.293396693,0.437373183));
#6771=CARTESIAN_POINT('',(10.065897406,-4.959692584,0.577987615));
#6772=CARTESIAN_POINT('',(8.701405867,-3.052028393,0.718602046));
#6773=CARTESIAN_POINT('',(6.520824041,-2.239026245,0.859216478));
#6774=CARTESIAN_POINT('',(3.635773874,-2.879226404,1.036286504));
#6775=CARTESIAN_POINT('',(1.675874508,-6.240666285,1.249812122));
#6776=CARTESIAN_POINT('',(3.969455612,-10.213765558,1.499793335));
#6777=CARTESIAN_POINT('',(8.140151014,-10.200660567,1.728942779));
#6778=CARTESIAN_POINT('',(10.317326274,-7.338627485,1.937260456));
#6779=CARTESIAN_POINT('',(9.903766041,-4.150248476,2.124746365));
#6780=CARTESIAN_POINT('',(7.344329476,-2.178597545,2.312232275));
#6781=CARTESIAN_POINT('',(4.147660408,-2.598767942,2.499718184));
#6782=CARTESIAN_POINT('',(2.180319987,-5.153673144,2.687204093));
#6783=CARTESIAN_POINT('',(2.597703243,-8.352736448,2.874690002));
#6784=CARTESIAN_POINT('',(5.153588949,-10.319054317,3.062175911));
#6785=CARTESIAN_POINT('',(8.3521542,-9.902928809,3.24966182));
#6786=CARTESIAN_POINT('',(10.318897616,-7.346449335,3.43714773));
#6787=CARTESIAN_POINT('',(9.903396702,-4.148976202,3.624633639));
#6788=CARTESIAN_POINT('',(7.346400295,-2.179939956,3.812119548));
#6789=CARTESIAN_POINT('',(4.683287153,-2.529191287,3.968357806));
#6790=CARTESIAN_POINT('',(3.163180887,-3.873254604,4.093348412));
#6791=CARTESIAN_POINT('',(2.252492776,-5.685958886,4.218339018));
#6792=CARTESIAN_POINT('',(2.595175203,-8.350703042,4.374577276));
#6793=CARTESIAN_POINT('',(5.151966987,-10.318449542,4.562063185));
#6794=CARTESIAN_POINT('',(8.35023482,-9.904085173,4.749549094));
#6795=CARTESIAN_POINT('',(10.318471621,-7.347920551,4.937035003));
#6796=CARTESIAN_POINT('',(9.904476811,-4.150572103,5.124520912));
#6797=CARTESIAN_POINT('',(7.34858434,-2.180802705,5.312006822));
#6798=CARTESIAN_POINT('',(4.151430778,-2.597156163,5.499492731));
#6799=CARTESIAN_POINT('',(2.180158159,-5.147757775,5.68697864));
#6800=CARTESIAN_POINT('',(2.598306108,-8.353814499,5.874464549));
#6801=CARTESIAN_POINT('',(5.144774541,-10.310748228,6.061950458));
#6802=CARTESIAN_POINT('',(7.290497294,-10.049366126,6.18710304));
#6803=CARTESIAN_POINT('',(8.150268397,-9.550289442,6.249760318));
#6804=CARTESIAN_POINT('',(8.152489553,-9.548996824,6.249922293));
#6805=CARTESIAN_POINT('',(4.568578174,-9.168897587,-0.249691735));
#6806=CARTESIAN_POINT('',(4.631824109,-9.205448924,-0.244512046));
#6807=CARTESIAN_POINT('',(5.279403808,-9.551753259,-0.192460878));
#6808=CARTESIAN_POINT('',(6.717563463,-9.788143099,-0.093538234));
#6809=CARTESIAN_POINT('',(8.604896108,-8.93282956,0.047076198));
#6810=CARTESIAN_POINT('',(9.697387892,-7.171306517,0.18769063));
#6811=CARTESIAN_POINT('',(9.630433925,-5.103309309,0.328305062));
#6812=CARTESIAN_POINT('',(8.419632915,-3.413958852,0.468919494));
#6813=CARTESIAN_POINT('',(6.486571377,-2.695361943,0.609533925));
#6814=CARTESIAN_POINT('',(3.930472068,-3.265152783,0.786603951));
#6815=CARTESIAN_POINT('',(2.196536534,-6.245633963,1.00012957));
#6816=CARTESIAN_POINT('',(4.232433676,-9.764519763,1.250110782));
#6817=CARTESIAN_POINT('',(7.928369135,-9.749344375,1.479260226));
#6818=CARTESIAN_POINT('',(9.855274697,-7.211237005,1.687577903));
#6819=CARTESIAN_POINT('',(9.486065895,-4.386142176,1.875063812));
#6820=CARTESIAN_POINT('',(7.216286524,-2.641108933,2.062549722));
#6821=CARTESIAN_POINT('',(4.383850759,-3.016180971,2.250035631));
#6822=CARTESIAN_POINT('',(2.642633671,-5.28194249,2.43752154));
#6823=CARTESIAN_POINT('',(3.015237767,-8.116501552,2.625007449));
#6824=CARTESIAN_POINT('',(5.281867369,-9.856812101,2.812493358));
#6825=CARTESIAN_POINT('',(8.115986099,-9.485322692,2.999979268));
#6826=CARTESIAN_POINT('',(9.856673299,-7.21816687,3.187465177));
#6827=CARTESIAN_POINT('',(9.48573824,-4.385014935,3.374951086));
#6828=CARTESIAN_POINT('',(7.218122525,-2.642297197,3.562436995));
#6829=CARTESIAN_POINT('',(4.858447785,-2.954065994,3.718675253));
#6830=CARTESIAN_POINT('',(3.51252244,-4.146434327,3.843665859));
#6831=CARTESIAN_POINT('',(2.707046517,-5.75357647,3.968656465));
#6832=CARTESIAN_POINT('',(3.012994977,-8.114702591,4.124894723));
#6833=CARTESIAN_POINT('',(5.280429796,-9.856276913,4.312380632));
#6834=CARTESIAN_POINT('',(8.114286015,-9.486349222,4.499866541));
#6835=CARTESIAN_POINT('',(9.856297594,-7.219470965,4.68735245));
#6836=CARTESIAN_POINT('',(9.486696038,-4.38642859,4.874838359));
#6837=CARTESIAN_POINT('',(7.220058959,-2.643059245,5.062324269));
#6838=CARTESIAN_POINT('',(4.387190526,-3.014749697,5.249810178));
#6839=CARTESIAN_POINT('',(2.642485306,-5.276700186,5.437296087));
#6840=CARTESIAN_POINT('',(3.015772783,-8.117457085,5.624781996));
#6841=CARTESIAN_POINT('',(5.27404901,-9.849458501,5.812267905));
#6842=CARTESIAN_POINT('',(7.175302322,-9.615997439,5.937420487));
#6843=CARTESIAN_POINT('',(7.93678,-9.172996406,6.000077765));
#6844=CARTESIAN_POINT('',(7.938747219,-9.171849029,6.00023974));
#6845=CARTESIAN_POINT('',(4.788090369,-8.795991561,-0.499357109));
#6846=CARTESIAN_POINT('',(4.843256414,-8.827771315,-0.494177419));
#6847=CARTESIAN_POINT('',(5.408071744,-9.128808976,-0.442126252));
#6848=CARTESIAN_POINT('',(6.661782257,-9.333094919,-0.343203608));
#6849=CARTESIAN_POINT('',(8.305648326,-8.585366192,-0.202589176));
#6850=CARTESIAN_POINT('',(9.255676893,-7.048793869,-0.061974744));
#6851=CARTESIAN_POINT('',(9.194822634,-5.246516677,0.078639688));
#6852=CARTESIAN_POINT('',(8.137509063,-3.775631473,0.21925412));
#6853=CARTESIAN_POINT('',(6.451884832,-3.151677364,0.359868552));
#6854=CARTESIAN_POINT('',(4.224811694,-3.651368612,0.536938577));
#6855=CARTESIAN_POINT('',(2.71720791,-6.251096099,0.750464196));
#6856=CARTESIAN_POINT('',(4.495844817,-9.315511354,1.000445408));
#6857=CARTESIAN_POINT('',(7.717010036,-9.297815574,1.229594853));
#6858=CARTESIAN_POINT('',(9.393331386,-7.083404473,1.437912529));
#6859=CARTESIAN_POINT('',(9.068131351,-4.621645879,1.625398439));
#6860=CARTESIAN_POINT('',(7.087801035,-3.103511037,1.812884348));
#6861=CARTESIAN_POINT('',(4.619651451,-3.433829199,2.000370257));
#6862=CARTESIAN_POINT('',(3.104837817,-5.410653891,2.187856166));
#6863=CARTESIAN_POINT('',(3.433007556,-7.880656596,2.375342075));
#6864=CARTESIAN_POINT('',(5.410587764,-9.394679331,2.562827985));
#6865=CARTESIAN_POINT('',(7.880208019,-9.067481457,2.750313894));
#6866=CARTESIAN_POINT('',(9.394558416,-7.08944234,2.937799803));
#6867=CARTESIAN_POINT('',(9.067844809,-4.620663771,3.125285712));
#6868=CARTESIAN_POINT('',(7.089402507,-3.104544675,3.312771621));
#6869=CARTESIAN_POINT('',(5.033210162,-3.379118693,3.469009879));
#6870=CARTESIAN_POINT('',(3.86161411,-4.419952632,3.594000485));
#6871=CARTESIAN_POINT('',(3.161547496,-5.821627315,3.718991091));
#6872=CARTESIAN_POINT('',(3.431050274,-7.879091873,3.875229349));
#6873=CARTESIAN_POINT('',(5.409334346,-9.394214284,4.062715258));
#6874=CARTESIAN_POINT('',(7.878727464,-9.068378268,4.250201167));
#6875=CARTESIAN_POINT('',(9.394232838,-7.090579362,4.437687076));
#6876=CARTESIAN_POINT('',(9.068680901,-4.621894865,4.625172986));
#6877=CARTESIAN_POINT('',(7.091091257,-3.105206157,4.812658895));
#6878=CARTESIAN_POINT('',(4.622560464,-3.432577874,5.000144804));
#6879=CARTESIAN_POINT('',(3.104702217,-5.40608493,5.187630713));
#6880=CARTESIAN_POINT('',(3.433474931,-7.88148912,5.375116622));
#6881=CARTESIAN_POINT('',(5.40376469,-9.388279499,5.562602532));
#6882=CARTESIAN_POINT('',(7.060515407,-9.18250812,5.687755113));
#6883=CARTESIAN_POINT('',(7.723643824,-8.795490878,5.750412391));
#6884=CARTESIAN_POINT('',(7.725356962,-8.794488507,5.750574366));
#6885=CARTESIAN_POINT('',(5.009259419,-8.423918757,-0.748825554));
#6886=CARTESIAN_POINT('',(5.056363692,-8.450891022,-0.743645865));
#6887=CARTESIAN_POINT('',(5.538584808,-8.706295246,-0.691594697));
#6888=CARTESIAN_POINT('',(6.607931298,-8.877679422,-0.592672053));
#6889=CARTESIAN_POINT('',(8.007801796,-8.236524779,-0.452057621));
#6890=CARTESIAN_POINT('',(8.814364823,-6.924357517,-0.311443189));
#6891=CARTESIAN_POINT('',(8.758475662,-5.387901767,-0.170828757));
#6892=CARTESIAN_POINT('',(7.853758641,-4.136199736,-0.030214325));
#6893=CARTESIAN_POINT('',(6.415237124,-3.607973967,0.110400106));
#6894=CARTESIAN_POINT('',(4.517582356,-4.038951264,0.287470132));
#6895=CARTESIAN_POINT('',(3.238004091,-6.258787304,0.500995751));
#6896=CARTESIAN_POINT('',(4.761250172,-8.867501655,0.750976963));
#6897=CARTESIAN_POINT('',(7.507522595,-8.845256032,0.980126407));
#6898=CARTESIAN_POINT('',(8.931802902,-6.953559515,1.188444084));
#6899=CARTESIAN_POINT('',(8.649072938,-4.855429163,1.375929993));
#6900=CARTESIAN_POINT('',(6.957300849,-3.565494403,1.563415903));
#6901=CARTESIAN_POINT('',(4.853733248,-3.852604086,1.750901812));
#6902=CARTESIAN_POINT('',(3.566622074,-5.541378295,1.938387721));
#6903=CARTESIAN_POINT('',(3.851904299,-7.64653155,2.12587363));
#6904=CARTESIAN_POINT('',(5.541320812,-8.932966194,2.313359539));
#6905=CARTESIAN_POINT('',(7.646150215,-8.648513794,2.500845449));
#6906=CARTESIAN_POINT('',(8.932863134,-6.958704909,2.688331358));
#6907=CARTESIAN_POINT('',(8.648825583,-4.854592603,2.875817267));
#6908=CARTESIAN_POINT('',(6.958668822,-3.566371592,3.063303176));
#6909=CARTESIAN_POINT('',(5.206205044,-3.805040636,3.219541434));
#6910=CARTESIAN_POINT('',(4.209635064,-4.695040824,3.34453204));
#6911=CARTESIAN_POINT('',(3.615884115,-5.891641636,3.469522646));
#6912=CARTESIAN_POINT('',(3.850232999,-7.645200848,3.625760904));
#6913=CARTESIAN_POINT('',(5.540250809,-8.932573257,3.813246813));
#6914=CARTESIAN_POINT('',(7.644890119,-8.649281502,4.000732722));
#6915=CARTESIAN_POINT('',(8.932587429,-6.959675064,4.188218631));
#6916=CARTESIAN_POINT('',(8.649542022,-4.855639944,4.37570454));
#6917=CARTESIAN_POINT('',(6.960109786,-3.566932563,4.56319045));
#6918=CARTESIAN_POINT('',(4.856210695,-3.851530454,4.750676359));
#6919=CARTESIAN_POINT('',(3.566496201,-5.537483678,4.938162268));
#6920=CARTESIAN_POINT('',(3.852304793,-7.647239456,5.125648177));
#6921=CARTESIAN_POINT('',(5.535489592,-8.927525586,5.313134086));
#6922=CARTESIAN_POINT('',(6.947549552,-8.748405728,5.438286668));
#6923=CARTESIAN_POINT('',(7.512061382,-8.416967294,5.500943946));
#6924=CARTESIAN_POINT('',(7.513519746,-8.41610888,5.501105921));
#6925=B_SPLINE_SURFACE_WITH_KNOTS('',3,3,((#6765,#6766,#6767,#6768,#6769,#6770,#6771,#6772,#6773,#6774,#6775,#6776,#6777,#6778,#6779,#6780,#6781,#6782,#6783,#6784,#6785,#6786,#6787,#6788,#6789,#6790,
#6791,#6792,#6793,#6794,#6795,#6796,#6797,#6798,#6799,#6800,#6801,#6802,#6803,#6804),(#6805,#6806,#6807,#6808,#6809,#6810,#6811,#6812,#6813,#6814,#6815,#6816,#6817,#6818,#6819,#6820,#6821,#6822,#6823,#6824,#6825,#6826,#6827,#6828,#6829,#6830,
#6831,#6832,#6833,#6834,#6835,#6836,#6837,#6838,#6839,#6840,#6841,#6842,#6843,#6844),(#6845,#6846,#6847,#6848,#6849,#6850,#6851,#6852,#6853,#6854,#6855,#6856,#6857,#6858,#6859,#6860,#6861,#6862,#6863,#6864,#6865,#6866,#6867,#6868,#6869,#6870,
#6871,#6872,#6873,#6874,#6875,#6876,#6877,#6878,#6879,#6880,#6881,#6882,#6883,#6884),(#6885,#6886,#6887,#6888,#6889,#6890,#6891,#6892,#6893,#6894,#6895,#6896,#6897,#6898,#6899,#6900,#6901,#6902,#6903,#6904,#6905,#6906,#6907,#6908,#6909,#6910,
#6911,#6912,#6913,#6914,#6915,#6916,#6917,#6918,#6919,#6920,#6921,#6922,#6923,#6924)),.UNSPECIFIED.,.F.,.F.,.U.,(4,4),(4,1,1,1,1,1,1,1,1,1,1,1,1,1,1,1,1,1,1,1,1,1,1,1,1,1,
1,1,1,1,1,1,1,1,1,1,1,4),(-0.043409303,0.10644836),(10.468243376,10.533333278,11.122337633,11.711341988,12.300346343,12.889350698,13.478355053,14.067359408,14.656363763,15.703482616,16.750601469,17.797720323,18.583059463,19.368398603,20.153737742,20.939076882,21.724416022,22.509755162,23.295094302,24.080433442,24.865772582,25.651111722,26.436450862,27.221790002,27.614459572,28.007129142,
28.792468282,29.577807422,30.363146562,31.148485702,31.933824842,32.719163981,33.504503121,34.289842261,35.075181401,35.860520541,36.645859681,36.647895121),.UNSPECIFIED.);
#6926=ORIENTED_EDGE('',*,*,#1202,.T.);
#6927=CARTESIAN_POINT('',(7.513519746,-8.416108881,5.501105921));
#6928=CARTESIAN_POINT('',(6.994978011,-8.71894057,5.442440429));
#6929=CARTESIAN_POINT('',(6.36087686,-8.820720992,5.386189954));
#6930=CARTESIAN_POINT('',(5.771793661,-8.707653636,5.329519768));
#6931=CARTESIAN_POINT('',(5.182710461,-8.594586279,5.272849583));
#6932=CARTESIAN_POINT('',(4.63920283,-8.255158616,5.21460046));
#6933=CARTESIAN_POINT('',(4.269774221,-7.781771163,5.157181773));
#6934=CARTESIAN_POINT('',(3.900345613,-7.308383711,5.099763086));
#6935=CARTESIAN_POINT('',(3.717881542,-6.695643819,5.042815822));
#6936=CARTESIAN_POINT('',(3.752164948,-6.095912295,4.985359226));
#6937=CARTESIAN_POINT('',(3.769306651,-5.796046533,4.956630928));
#6938=CARTESIAN_POINT('',(3.841256454,-5.500135574,4.928096889));
#6939=CARTESIAN_POINT('',(3.965258469,-5.22657691,4.899435513));
#6940=CARTESIAN_POINT('',(4.089260484,-4.953018245,4.870774137));
#6941=CARTESIAN_POINT('',(4.263061227,-4.70128155,4.842099657));
#6942=CARTESIAN_POINT('',(4.474300692,-4.487294013,4.813434407));
#6943=CARTESIAN_POINT('',(4.685540157,-4.273306476,4.784769158));
#6944=CARTESIAN_POINT('',(4.934430943,-4.097526711,4.756270761));
#6945=CARTESIAN_POINT('',(5.207651514,-3.973635216,4.727653303));
#6946=CARTESIAN_POINT('',(5.480872085,-3.849743721,4.699035845));
#6947=CARTESIAN_POINT('',(5.777343544,-3.77586272,4.670295869));
#6948=CARTESIAN_POINT('',(6.077337165,-3.754540066,4.641569891));
#6949=CARTESIAN_POINT('',(6.377330786,-3.733217413,4.612843914));
#6950=CARTESIAN_POINT('',(6.680859941,-3.764474786,4.584198897));
#6951=CARTESIAN_POINT('',(6.968090788,-3.850944203,4.555537926));
#6952=CARTESIAN_POINT('',(7.255321635,-3.93741362,4.526876956));
#6953=CARTESIAN_POINT('',(7.5265325,-4.077885941,4.498243573));
#6954=CARTESIAN_POINT('',(7.765853533,-4.260166789,4.469619137));
#6955=CARTESIAN_POINT('',(8.005174567,-4.442447637,4.440994702));
#6956=CARTESIAN_POINT('',(8.21258803,-4.666563073,4.412363028));
#6957=CARTESIAN_POINT('',(8.372196708,-4.920328678,4.383712872));
#6958=CARTESIAN_POINT('',(8.531805385,-5.174094282,4.355062715));
#6959=CARTESIAN_POINT('',(8.64258357,-5.458080081,4.326373961));
#6960=CARTESIAN_POINT('',(8.701734871,-5.752907925,4.29772049));
#6961=CARTESIAN_POINT('',(8.760886173,-6.047735768,4.26906702));
#6962=CARTESIAN_POINT('',(8.768383309,-6.353403533,4.240395354));
#6963=CARTESIAN_POINT('',(8.721485609,-6.649932035,4.211725105));
#6964=CARTESIAN_POINT('',(8.674587909,-6.946460537,4.183054855));
#6965=CARTESIAN_POINT('',(8.571488495,-7.23326642,4.154571884));
#6966=CARTESIAN_POINT('',(8.42142288,-7.493630292,4.126074448));
#6967=CARTESIAN_POINT('',(8.271357265,-7.753994163,4.097577012));
#6968=CARTESIAN_POINT('',(8.074714308,-7.987905705,4.068753177));
#6969=CARTESIAN_POINT('',(7.843886025,-8.180000035,4.03994191));
#6970=CARTESIAN_POINT('',(7.613057743,-8.372094365,4.011130643));
#6971=CARTESIAN_POINT('',(7.347140298,-8.520797961,3.982536957));
#6972=CARTESIAN_POINT('',(7.062517537,-8.617082358,3.953876222));
#6973=CARTESIAN_POINT('',(6.493272014,-8.809651151,3.896554752));
#6974=CARTESIAN_POINT('',(5.854074598,-8.796289317,3.839426738));
#6975=CARTESIAN_POINT('',(5.299770854,-8.566087186,3.782096997));
#6976=CARTESIAN_POINT('',(4.745467109,-8.335885055,3.724767257));
#6977=CARTESIAN_POINT('',(4.272613328,-7.902440767,3.667374378));
#6978=CARTESIAN_POINT('',(4.007433058,-7.364266964,3.610058777));
#6979=CARTESIAN_POINT('',(3.742252789,-6.826093161,3.552743177));
#6980=CARTESIAN_POINT('',(3.676080138,-6.188309218,3.495806647));
#6981=CARTESIAN_POINT('',(3.829473203,-5.608612273,3.438305175));
#6982=CARTESIAN_POINT('',(3.982866268,-5.028915328,3.380803703));
#6983=CARTESIAN_POINT('',(4.35652249,-4.507264434,3.323323481));
#6984=CARTESIAN_POINT('',(4.853719233,-4.171517103,3.266327197));
#6985=CARTESIAN_POINT('',(5.350915977,-3.835769772,3.209330912));
#6986=CARTESIAN_POINT('',(5.975418345,-3.69312274,3.151675313));
#6987=CARTESIAN_POINT('',(6.571171068,-3.767328718,3.094340637));
#6988=CARTESIAN_POINT('',(7.16692379,-3.841534695,3.037005962));
#6989=CARTESIAN_POINT('',(7.728995583,-4.146840357,2.979728317));
#6990=CARTESIAN_POINT('',(8.128059962,-4.595934797,2.922442509));
#6991=CARTESIAN_POINT('',(8.327592151,-4.820482017,2.893799605));
#6992=CARTESIAN_POINT('',(8.485073914,-5.081100159,2.865152083));
#6993=CARTESIAN_POINT('',(8.590311797,-5.362347593,2.836497603));
#6994=CARTESIAN_POINT('',(8.69554968,-5.643595027,2.807843123));
#6995=CARTESIAN_POINT('',(8.750321207,-5.94445863,2.77917902));
#6996=CARTESIAN_POINT('',(8.751958946,-6.245089365,2.750525687));
#6997=CARTESIAN_POINT('',(8.753596685,-6.545720101,2.721872355));
#6998=CARTESIAN_POINT('',(8.701374077,-6.845901672,2.693284304));
#6999=CARTESIAN_POINT('',(8.595271445,-7.126489444,2.664635616));
#7000=CARTESIAN_POINT('',(8.489168812,-7.407077217,2.635986928));
#7001=CARTESIAN_POINT('',(8.331347096,-7.66867613,2.607280699));
#7002=CARTESIAN_POINT('',(8.133973487,-7.895591774,2.578629831));
#7003=CARTESIAN_POINT('',(7.936599878,-8.122507418,2.549978963));
#7004=CARTESIAN_POINT('',(7.699486815,-8.314549524,2.521318099));
#7005=CARTESIAN_POINT('',(7.435044629,-8.456018954,2.492664965));
#7006=CARTESIAN_POINT('',(7.170602443,-8.597488384,2.46401183));
#7007=CARTESIAN_POINT('',(6.879500738,-8.689534696,2.435428288));
#7008=CARTESIAN_POINT('',(6.581418595,-8.729447513,2.406828604));
#7009=CARTESIAN_POINT('',(6.283336451,-8.76936033,2.37822892));
#7010=CARTESIAN_POINT('',(5.978273438,-8.757109662,2.349593557));
#7011=CARTESIAN_POINT('',(5.685946233,-8.68998347,2.320915885));
#7012=CARTESIAN_POINT('',(5.393619027,-8.622857278,2.292238212));
#7013=CARTESIAN_POINT('',(5.114324028,-8.499681048,2.263464113));
#7014=CARTESIAN_POINT('',(4.864041218,-8.332427781,2.234780047));
#7015=CARTESIAN_POINT('',(4.613758408,-8.165174514,2.20609598));
#7016=CARTESIAN_POINT('',(4.392588628,-7.953772864,2.177401096));
#7017=CARTESIAN_POINT('',(4.21660659,-7.710757388,2.148763731));
#7018=CARTESIAN_POINT('',(4.040624551,-7.467741911,2.120126366));
#7019=CARTESIAN_POINT('',(3.911594559,-7.19225712,2.09164366));
#7020=CARTESIAN_POINT('',(3.834470214,-6.902268259,2.062987397));
#7021=CARTESIAN_POINT('',(3.75734587,-6.612279398,2.034331133));
#7022=CARTESIAN_POINT('',(3.731034683,-6.30818347,2.0057184));
#7023=CARTESIAN_POINT('',(3.758565511,-6.009144805,1.977063503));
#7024=CARTESIAN_POINT('',(3.786096339,-5.710106141,1.948408607));
#7025=CARTESIAN_POINT('',(3.869787314,-5.416640935,1.919620916));
#7026=CARTESIAN_POINT('',(4.003516537,-5.146903882,1.891044849));
#7027=CARTESIAN_POINT('',(4.137245761,-4.87716683,1.862468781));
#7028=CARTESIAN_POINT('',(4.318757495,-4.630395249,1.834504632));
#7029=CARTESIAN_POINT('',(4.536805198,-4.423683859,1.806101596));
#7030=CARTESIAN_POINT('',(4.754852901,-4.216972469,1.777698559));
#7031=CARTESIAN_POINT('',(5.009700388,-4.051455887,1.748937866));
#7032=CARTESIAN_POINT('',(5.287235548,-3.938750728,1.719470139));
#7033=CARTESIAN_POINT('',(5.564770708,-3.826045568,1.690002412));
#7034=CARTESIAN_POINT('',(5.863491819,-3.759956653,1.662259059));
#7035=CARTESIAN_POINT('',(6.165103992,-3.749411794,1.63312979));
#7036=CARTESIAN_POINT('',(6.466716165,-3.738866934,1.60400052));
#7037=CARTESIAN_POINT('',(6.769743012,-3.783075014,1.574423593));
#7038=CARTESIAN_POINT('',(7.05372053,-3.877536972,1.547437805));
#7039=CARTESIAN_POINT('',(7.337698047,-3.971998929,1.520452017));
#7040=CARTESIAN_POINT('',(7.602281375,-4.118072291,1.49366094));
#7041=CARTESIAN_POINT('',(7.83249274,-4.309407707,1.46343238));
#7042=CARTESIAN_POINT('',(8.062704106,-4.500743123,1.433203821));
#7043=CARTESIAN_POINT('',(8.264443497,-4.73199883,1.404440534));
#7044=CARTESIAN_POINT('',(8.416620313,-4.994235019,1.375475762));
#7045=CARTESIAN_POINT('',(8.568797129,-5.256471208,1.346510989));
#7046=CARTESIAN_POINT('',(8.669608705,-5.546922126,1.317518966));
#7047=CARTESIAN_POINT('',(8.721019754,-5.842281372,1.290744389));
#7048=CARTESIAN_POINT('',(8.772430803,-6.137640618,1.263969813));
#7049=CARTESIAN_POINT('',(8.767191552,-6.439765056,1.234497487));
#7050=CARTESIAN_POINT('',(8.707469863,-6.732759729,1.20427032));
#7051=CARTESIAN_POINT('',(8.647748175,-7.025754402,1.174043153));
#7052=CARTESIAN_POINT('',(8.536475377,-7.31110111,1.146415419));
#7053=CARTESIAN_POINT('',(8.377238088,-7.56797401,1.117605553));
#7054=CARTESIAN_POINT('',(8.2180008,-7.82484691,1.088795687));
#7055=CARTESIAN_POINT('',(8.0135197,-8.053717847,1.060020774));
#7056=CARTESIAN_POINT('',(7.776173831,-8.237773561,1.031428319));
#7057=CARTESIAN_POINT('',(7.538827962,-8.421829274,1.002835863));
#7058=CARTESIAN_POINT('',(7.267556958,-8.559882243,0.975009519));
#7059=CARTESIAN_POINT('',(6.979372823,-8.645435014,0.947079255));
#7060=CARTESIAN_POINT('',(6.691188688,-8.730987785,0.91914899));
#7061=CARTESIAN_POINT('',(6.386925273,-8.764848558,0.890872761));
#7062=CARTESIAN_POINT('',(6.087078139,-8.74537386,0.861257126));
#7063=CARTESIAN_POINT('',(5.937154571,-8.735636511,0.846449309));
#7064=CARTESIAN_POINT('',(5.788210683,-8.713165642,0.831638886));
#7065=CARTESIAN_POINT('',(5.642452298,-8.677542351,0.816670335));
#7066=CARTESIAN_POINT('',(5.496693913,-8.64191906,0.801701785));
#7067=CARTESIAN_POINT('',(5.353140023,-8.595789021,0.788218786));
#7068=CARTESIAN_POINT('',(5.216068534,-8.53449345,0.773517343));
#7069=CARTESIAN_POINT('',(4.941925557,-8.411902307,0.744114456));
#7070=CARTESIAN_POINT('',(4.693324923,-8.235232214,0.715308851));
#7071=CARTESIAN_POINT('',(4.481920343,-8.021625573,0.687853017));
#7072=CARTESIAN_POINT('',(4.059111182,-7.594412289,0.632941349));
#7073=CARTESIAN_POINT('',(3.787604963,-7.015242649,0.575642347));
#7074=CARTESIAN_POINT('',(3.747568988,-6.414916441,0.515834336));
#7075=CARTESIAN_POINT('',(3.707533013,-5.814590233,0.456026324));
#7076=CARTESIAN_POINT('',(3.901112328,-5.2051574,0.404104988));
#7077=CARTESIAN_POINT('',(4.265467285,-4.727685905,0.346031392));
#7078=CARTESIAN_POINT('',(4.356556024,-4.608318031,0.331512993));
#7079=CARTESIAN_POINT('',(4.45810997,-4.497029662,0.316732484));
#7080=CARTESIAN_POINT('',(4.568902504,-4.395889951,0.301720779));
#7081=CARTESIAN_POINT('',(4.679695037,-4.294750239,0.286709074));
#7082=CARTESIAN_POINT('',(4.797328561,-4.199961045,0.27404599));
#7083=CARTESIAN_POINT('',(4.926032748,-4.122314152,0.257951841));
#7084=CARTESIAN_POINT('',(4.990384841,-4.083490706,0.249904767));
#7085=CARTESIAN_POINT('',(5.055154773,-4.045082038,0.243636738));
#7086=CARTESIAN_POINT('',(5.122431454,-4.011381227,0.236379755));
#7087=CARTESIAN_POINT('',(5.189708135,-3.977680416,0.229122772));
#7088=CARTESIAN_POINT('',(5.258786028,-3.94772636,0.221541872));
#7089=CARTESIAN_POINT('',(5.328594536,-3.919628178,0.214822825));
#7090=CARTESIAN_POINT('',(5.468211553,-3.863431814,0.201384731));
#7091=CARTESIAN_POINT('',(5.613894133,-3.82327632,0.186110387));
#7092=CARTESIAN_POINT('',(5.761329375,-3.794590155,0.171871217));
#7093=CARTESIAN_POINT('',(6.35107034,-3.679845496,0.114914538));
#7094=CARTESIAN_POINT('',(6.981091457,-3.780878275,0.059215127));
#7095=CARTESIAN_POINT('',(7.501443073,-4.082381559,0.000052736));
#7096=B_SPLINE_CURVE_WITH_KNOTS('',3,(#6927,#6928,#6929,#6930,#6931,#6932,#6933,#6934,#6935,#6936,#6937,#6938,#6939,#6940,#6941,#6942,#6943,#6944,#6945,#6946,#6947,#6948,#6949,#6950,#6951,#6952,
#6953,#6954,#6955,#6956,#6957,#6958,#6959,#6960,#6961,#6962,#6963,#6964,#6965,#6966,#6967,#6968,#6969,#6970,#6971,#6972,#6973,#6974,#6975,#6976,#6977,
#6978,#6979,#6980,#6981,#6982,#6983,#6984,#6985,#6986,#6987,#6988,#6989,#6990,#6991,#6992,#6993,#6994,#6995,#6996,#6997,#6998,#6999,#7000,#7001,#7002,
#7003,#7004,#7005,#7006,#7007,#7008,#7009,#7010,#7011,#7012,#7013,#7014,#7015,#7016,#7017,#7018,#7019,#7020,#7021,#7022,#7023,#7024,#7025,#7026,#7027,
#7028,#7029,#7030,#7031,#7032,#7033,#7034,#7035,#7036,#7037,#7038,#7039,#7040,#7041,#7042,#7043,#7044,#7045,#7046,#7047,#7048,#7049,#7050,#7051,#7052,
#7053,#7054,#7055,#7056,#7057,#7058,#7059,#7060,#7061,#7062,#7063,#7064,#7065,#7066,#7067,#7068,#7069,#7070,#7071,#7072,#7073,#7074,#7075,#7076,#7077,
#7078,#7079,#7080,#7081,#7082,#7083,#7084,#7085,#7086,#7087,#7088,#7089,#7090,#7091,#7092,#7093,#7094,#7095),.UNSPECIFIED.,.F.,.F.,(4,3,3,3,3,3,3,3,3,3,3,3,3,3,3,3,3,3,3,3,3,3,3,3,3,3,
3,3,3,3,3,3,3,3,3,3,3,3,3,3,3,3,3,3,3,3,3,3,3,3,3,
3,3,3,3,3,4),(9.773279213,9.954891934,10.136504655,10.318117376,10.408923737,10.499730097,10.590536458,10.681342819,10.772149179,10.86295554,10.9537619,11.044568261,11.135374622,11.226180982,11.316987343,11.407793704,11.589406425,11.771019146,11.952631867,12.134244588,12.31585731,12.497470031,12.588276391,12.679082752,12.769889113,12.860695473,
12.951501834,13.042308195,13.133114555,13.223920916,13.314727276,13.405533637,13.496339998,13.587146358,13.677952719,13.768759079,13.85956544,13.950371801,14.041178161,14.131984522,14.222790882,14.313597243,14.404403604,14.495209964,14.586016325,14.676822686,14.722225866,14.767629046,14.858435407,15.040048128,15.221660849,
15.267064029,15.31246721,15.3351688,15.35787039,15.40327357,15.584886292),.UNSPECIFIED.);
#7097=EDGE_CURVE('',#1151,#933,#7096,.T.);
#7098=ORIENTED_EDGE('',*,*,#7097,.T.);
#7099=ORIENTED_EDGE('',*,*,#1050,.T.);
#7100=CARTESIAN_POINT('',(4.372318402,-2.9434079,5.498292087));
#7101=CARTESIAN_POINT('',(5.160540188,-2.493801262,5.442525363));
#7102=CARTESIAN_POINT('',(6.124446684,-2.343582126,5.384054372));
#7103=CARTESIAN_POINT('',(7.018472255,-2.526627896,5.325929235));
#7104=CARTESIAN_POINT('',(7.912497827,-2.709673666,5.267804099));
#7105=CARTESIAN_POINT('',(8.729366615,-3.232784764,5.21192198));
#7106=CARTESIAN_POINT('',(9.281261441,-3.955363262,5.154748455));
#7107=CARTESIAN_POINT('',(9.833156267,-4.67794176,5.09757493));
#7108=CARTESIAN_POINT('',(10.102658507,-5.612933096,5.040182312));
#7109=CARTESIAN_POINT('',(10.040778999,-6.523671748,4.982837856));
#7110=CARTESIAN_POINT('',(10.009839245,-6.979041074,4.954165628));
#7111=CARTESIAN_POINT('',(9.894836815,-7.4267855,4.925521113));
#7112=CARTESIAN_POINT('',(9.702341021,-7.839810835,4.89689491));
#7113=CARTESIAN_POINT('',(9.509845226,-8.252836171,4.868268707));
#7114=CARTESIAN_POINT('',(9.242789466,-8.632049748,4.839654613));
#7115=CARTESIAN_POINT('',(8.919440156,-8.953718744,4.811030836));
#7116=CARTESIAN_POINT('',(8.596090847,-9.27538774,4.78240706));
#7117=CARTESIAN_POINT('',(8.215485525,-9.537979355,4.753524877));
#7118=CARTESIAN_POINT('',(7.798795959,-9.721884097,4.724847013));
#7119=CARTESIAN_POINT('',(7.382106393,-9.905788839,4.696169149));
#7120=CARTESIAN_POINT('',(6.930998156,-10.013901644,4.667676669));
#7121=CARTESIAN_POINT('',(6.475476904,-10.042046676,4.639148483));
#7122=CARTESIAN_POINT('',(6.019955653,-10.070191708,4.610620297));
#7123=CARTESIAN_POINT('',(5.560138734,-10.018036226,4.581958267));
#7124=CARTESIAN_POINT('',(5.12557074,-9.882689585,4.553330432));
#7125=CARTESIAN_POINT('',(4.691002747,-9.747342944,4.524702597));
#7126=CARTESIAN_POINT('',(4.281210193,-9.530468738,4.496038047));
#7127=CARTESIAN_POINT('',(3.920406805,-9.250508696,4.467361173));
#7128=CARTESIAN_POINT('',(3.559603418,-8.970548654,4.438684298));
#7129=CARTESIAN_POINT('',(3.247760126,-8.627544987,4.410021734));
#7130=CARTESIAN_POINT('',(3.00904909,-8.239957264,4.381388339));
#7131=CARTESIAN_POINT('',(2.770338055,-7.852369542,4.352754943));
#7132=CARTESIAN_POINT('',(2.606135035,-7.419420326,4.324185025));
#7133=CARTESIAN_POINT('',(2.520649667,-6.971136473,4.295550861));
#7134=CARTESIAN_POINT('',(2.435164299,-6.52285262,4.266916698));
#7135=CARTESIAN_POINT('',(2.428070761,-6.059386863,4.238300991));
#7136=CARTESIAN_POINT('',(2.502821397,-5.610319907,4.209682535));
#7137=CARTESIAN_POINT('',(2.577572032,-5.161252951,4.181064078));
#7138=CARTESIAN_POINT('',(2.737691196,-4.72730826,4.152145696));
#7139=CARTESIAN_POINT('',(2.969063607,-4.333899496,4.123292121));
#7140=CARTESIAN_POINT('',(3.200436018,-3.940490732,4.094438545));
#7141=CARTESIAN_POINT('',(3.501678926,-3.587214117,4.066119526));
#7142=CARTESIAN_POINT('',(3.854446796,-3.298624107,4.037702217));
#7143=CARTESIAN_POINT('',(4.207214666,-3.010034097,4.009284907));
#7144=CARTESIAN_POINT('',(4.612867479,-2.788815656,3.980562642));
#7145=CARTESIAN_POINT('',(5.04585582,-2.646200555,3.951934467));
#7146=CARTESIAN_POINT('',(5.911832503,-2.360970351,3.894678117));
#7147=CARTESIAN_POINT('',(6.882099121,-2.38830859,3.837150452));
#7148=CARTESIAN_POINT('',(7.721104982,-2.744619541,3.779937192));
#7149=CARTESIAN_POINT('',(8.560110844,-3.100930493,3.722723933));
#7150=CARTESIAN_POINT('',(9.271393494,-3.764053775,3.66556728));
#7151=CARTESIAN_POINT('',(9.667861835,-4.583346935,3.608288015));
#7152=CARTESIAN_POINT('',(10.064330175,-5.402640096,3.55100875));
#7153=CARTESIAN_POINT('',(10.157813361,-6.371744402,3.493215861));
#7154=CARTESIAN_POINT('',(9.918601306,-7.250380825,3.436253405));
#7155=CARTESIAN_POINT('',(9.679389251,-8.129017248,3.379290949));
#7156=CARTESIAN_POINT('',(9.107506965,-8.916115828,3.322231446));
#7157=CARTESIAN_POINT('',(8.349127408,-9.420467501,3.264501458));
#7158=CARTESIAN_POINT('',(7.590747851,-9.924819174,3.20677147));
#7159=CARTESIAN_POINT('',(6.641015212,-10.135773037,3.150058002));
#7160=CARTESIAN_POINT('',(5.738129462,-10.017011536,3.092815671));
#7161=CARTESIAN_POINT('',(4.835243711,-9.898250035,3.03557334));
#7162=CARTESIAN_POINT('',(3.984302739,-9.429987967,2.978272323));
#7163=CARTESIAN_POINT('',(3.382612479,-8.744502403,2.920981532));
#7164=CARTESIAN_POINT('',(3.081767349,-8.401759621,2.892336137));
#7165=CARTESIAN_POINT('',(2.845233896,-8.004635797,2.863691849));
#7166=CARTESIAN_POINT('',(2.688053476,-7.576799528,2.835060854));
#7167=CARTESIAN_POINT('',(2.530873057,-7.148963259,2.806429858));
#7168=CARTESIAN_POINT('',(2.450357487,-6.691976631,2.777804907));
#7169=CARTESIAN_POINT('',(2.450409416,-6.235798708,2.749167253));
#7170=CARTESIAN_POINT('',(2.450461344,-5.779620785,2.720529599));
#7171=CARTESIAN_POINT('',(2.532482425,-5.324586613,2.691793615));
#7172=CARTESIAN_POINT('',(2.695951486,-4.899472515,2.663157901));
#7173=CARTESIAN_POINT('',(2.859420546,-4.474358416,2.634522187));
#7174=CARTESIAN_POINT('',(3.101129503,-4.078347967,2.605970348));
#7175=CARTESIAN_POINT('',(3.402659025,-3.735660597,2.577333039));
#7176=CARTESIAN_POINT('',(3.704188547,-3.392973228,2.54869573));
#7177=CARTESIAN_POINT('',(4.065452567,-3.103653347,2.520068851));
#7178=CARTESIAN_POINT('',(4.46782786,-2.890907276,2.491432555));
#7179=CARTESIAN_POINT('',(4.870203154,-2.678161206,2.46279626));
#7180=CARTESIAN_POINT('',(5.31288976,-2.540619235,2.434054442));
#7181=CARTESIAN_POINT('',(5.765746081,-2.482310008,2.405343426));
#7182=CARTESIAN_POINT('',(6.218602403,-2.424000781,2.37663241));
#7183=CARTESIAN_POINT('',(6.681629198,-2.444884692,2.347977915));
#7184=CARTESIAN_POINT('',(7.124751815,-2.548999343,2.319380647));
#7185=CARTESIAN_POINT('',(7.567874432,-2.653113994,2.290783378));
#7186=CARTESIAN_POINT('',(7.990702238,-2.841926743,2.262325001));
#7187=CARTESIAN_POINT('',(8.368965629,-3.097394533,2.233722356));
#7188=CARTESIAN_POINT('',(8.747229019,-3.352862324,2.205119712));
#7189=CARTESIAN_POINT('',(9.081157762,-3.674569503,2.176527604));
#7190=CARTESIAN_POINT('',(9.346862564,-4.044370325,2.147870976));
#7191=CARTESIAN_POINT('',(9.612567365,-4.414171147,2.119214349));
#7192=CARTESIAN_POINT('',(9.806882373,-4.833975199,2.090344765));
#7193=CARTESIAN_POINT('',(9.922410529,-5.275489261,2.061742072));
#7194=CARTESIAN_POINT('',(10.037938685,-5.717003322,2.033139379));
#7195=CARTESIAN_POINT('',(10.075169251,-6.179667355,2.004473276));
#7196=CARTESIAN_POINT('',(10.030967147,-6.633145885,1.975841178));
#7197=CARTESIAN_POINT('',(9.986765042,-7.086624414,1.94720908));
#7198=CARTESIAN_POINT('',(9.859086674,-7.530579786,1.919042012));
#7199=CARTESIAN_POINT('',(9.654931416,-7.93820177,1.889949861));
#7200=CARTESIAN_POINT('',(9.2466209,-8.753445738,1.83176556));
#7201=CARTESIAN_POINT('',(8.542917073,-9.423341909,1.772827484));
#7202=CARTESIAN_POINT('',(7.697979765,-9.765018944,1.717614848));
#7203=CARTESIAN_POINT('',(7.27551111,-9.935857462,1.690008531));
#7204=CARTESIAN_POINT('',(6.82075693,-10.025215653,1.660329988));
#7205=CARTESIAN_POINT('',(6.365571693,-10.040186281,1.632320285));
#7206=CARTESIAN_POINT('',(5.910386456,-10.055156909,1.604310582));
#7207=CARTESIAN_POINT('',(5.45291759,-9.994119163,1.576725209));
#7208=CARTESIAN_POINT('',(5.02146271,-9.848561815,1.545700348));
#7209=CARTESIAN_POINT('',(4.59000783,-9.703004466,1.514675488));
#7210=CARTESIAN_POINT('',(4.185166263,-9.474106726,1.483630442));
#7211=CARTESIAN_POINT('',(3.833091605,-9.182387642,1.457434341));
#7212=CARTESIAN_POINT('',(3.481016947,-8.890668558,1.43123824));
#7213=CARTESIAN_POINT('',(3.187796806,-8.532437702,1.402781454));
#7214=CARTESIAN_POINT('',(2.961923458,-8.139144918,1.374386034));
#7215=CARTESIAN_POINT('',(2.73605011,-7.745852133,1.345990614));
#7216=CARTESIAN_POINT('',(2.574729976,-7.313685023,1.317667687));
#7217=CARTESIAN_POINT('',(2.499975733,-6.86409747,1.286324858));
#7218=CARTESIAN_POINT('',(2.42522149,-6.414509918,1.254982028));
#7219=CARTESIAN_POINT('',(2.431102935,-5.950408786,1.227705679));
#7220=CARTESIAN_POINT('',(2.522028461,-5.50368347,1.2014443));
#7221=CARTESIAN_POINT('',(2.612953986,-5.056958155,1.175182921));
#7222=CARTESIAN_POINT('',(2.791965976,-4.629830616,1.145103569));
#7223=CARTESIAN_POINT('',(3.033522045,-4.242753985,1.116650208));
#7224=CARTESIAN_POINT('',(3.275078114,-3.855677354,1.088196847));
#7225=CARTESIAN_POINT('',(3.580796594,-3.506992424,1.061279337));
#7226=CARTESIAN_POINT('',(3.940746975,-3.229334923,1.030958753));
#7227=CARTESIAN_POINT('',(4.120722165,-3.090506172,1.015798461));
#7228=CARTESIAN_POINT('',(4.311632587,-2.96593032,1.002443574));
#7229=CARTESIAN_POINT('',(4.514336271,-2.86339294,0.987441137));
#7230=CARTESIAN_POINT('',(4.717039954,-2.760855559,0.9724387));
#7231=CARTESIAN_POINT('',(4.929705761,-2.677559891,0.957417699));
#7232=CARTESIAN_POINT('',(5.148514951,-2.613592964,0.942555058));
#7233=CARTESIAN_POINT('',(5.58613333,-2.48565911,0.912829776));
#7234=CARTESIAN_POINT('',(6.048517348,-2.435045308,0.883720877));
#7235=CARTESIAN_POINT('',(6.504712085,-2.463737068,0.856562819));
#7236=CARTESIAN_POINT('',(7.417101559,-2.521120589,0.802246702));
#7237=CARTESIAN_POINT('',(8.293647058,-2.908542425,0.748357581));
#7238=CARTESIAN_POINT('',(8.933434531,-3.559832057,0.686831398));
#7239=CARTESIAN_POINT('',(9.253328267,-3.885476873,0.656068306));
#7240=CARTESIAN_POINT('',(9.517542719,-4.270377164,0.62589141));
#7241=CARTESIAN_POINT('',(9.708896009,-4.687398644,0.598113475));
#7242=CARTESIAN_POINT('',(9.804572654,-4.895909384,0.584224507));
#7243=CARTESIAN_POINT('',(9.882617141,-5.112299267,0.571426597));
#7244=CARTESIAN_POINT('',(9.938531448,-5.333480724,0.557806238));
#7245=CARTESIAN_POINT('',(9.994445754,-5.554662182,0.544185879));
#7246=CARTESIAN_POINT('',(10.026982119,-5.780263553,0.528880134));
#7247=CARTESIAN_POINT('',(10.042568573,-6.006017373,0.51536475));
#7248=CARTESIAN_POINT('',(10.073741479,-6.457525012,0.488333981));
#7249=CARTESIAN_POINT('',(10.022841012,-6.913878998,0.459764747));
#7250=CARTESIAN_POINT('',(9.886863633,-7.348643908,0.428839333));
#7251=CARTESIAN_POINT('',(9.750886253,-7.783408817,0.397913918));
#7252=CARTESIAN_POINT('',(9.536572538,-8.19652465,0.368265067));
#7253=CARTESIAN_POINT('',(9.259497607,-8.560962836,0.340278363));
#7254=CARTESIAN_POINT('',(9.120960142,-8.74318193,0.326285011));
#7255=CARTESIAN_POINT('',(8.966815939,-8.913310421,0.312746145));
#7256=CARTESIAN_POINT('',(8.79890697,-9.067764294,0.299409436));
#7257=CARTESIAN_POINT('',(8.630998001,-9.222218167,0.286072728));
#7258=CARTESIAN_POINT('',(8.446355829,-9.35634217,0.26984676));
#7259=CARTESIAN_POINT('',(8.255027062,-9.478904125,0.257647585));
#7260=CARTESIAN_POINT('',(8.159362678,-9.540185103,0.251547998));
#7261=CARTESIAN_POINT('',(8.059216276,-9.5940755,0.243387062));
#7262=CARTESIAN_POINT('',(7.95769415,-9.645033632,0.236253059));
#7263=CARTESIAN_POINT('',(7.856172024,-9.695991764,0.229119056));
#7264=CARTESIAN_POINT('',(7.753182124,-9.744637611,0.223312007));
#7265=CARTESIAN_POINT('',(7.646565785,-9.78436206,0.214843149));
#7266=CARTESIAN_POINT('',(7.433333109,-9.863810956,0.197905432));
#7267=CARTESIAN_POINT('',(7.215541508,-9.933446572,0.186328628));
#7268=CARTESIAN_POINT('',(6.991544939,-9.978049098,0.171838705));
#7269=CARTESIAN_POINT('',(6.095558663,-10.156459206,0.113879013));
#7270=CARTESIAN_POINT('',(5.137908247,-9.994594783,0.055069174));
#7271=CARTESIAN_POINT('',(4.349484277,-9.541902133,-0.000075793));
#7272=B_SPLINE_CURVE_WITH_KNOTS('',3,(#7100,#7101,#7102,#7103,#7104,#7105,#7106,#7107,#7108,#7109,#7110,#7111,#7112,#7113,#7114,#7115,#7116,#7117,#7118,#7119,#7120,#7121,#7122,#7123,#7124,#7125,
#7126,#7127,#7128,#7129,#7130,#7131,#7132,#7133,#7134,#7135,#7136,#7137,#7138,#7139,#7140,#7141,#7142,#7143,#7144,#7145,#7146,#7147,#7148,#7149,#7150,
#7151,#7152,#7153,#7154,#7155,#7156,#7157,#7158,#7159,#7160,#7161,#7162,#7163,#7164,#7165,#7166,#7167,#7168,#7169,#7170,#7171,#7172,#7173,#7174,#7175,
#7176,#7177,#7178,#7179,#7180,#7181,#7182,#7183,#7184,#7185,#7186,#7187,#7188,#7189,#7190,#7191,#7192,#7193,#7194,#7195,#7196,#7197,#7198,#7199,#7200,
#7201,#7202,#7203,#7204,#7205,#7206,#7207,#7208,#7209,#7210,#7211,#7212,#7213,#7214,#7215,#7216,#7217,#7218,#7219,#7220,#7221,#7222,#7223,#7224,#7225,
#7226,#7227,#7228,#7229,#7230,#7231,#7232,#7233,#7234,#7235,#7236,#7237,#7238,#7239,#7240,#7241,#7242,#7243,#7244,#7245,#7246,#7247,#7248,#7249,#7250,
#7251,#7252,#7253,#7254,#7255,#7256,#7257,#7258,#7259,#7260,#7261,#7262,#7263,#7264,#7265,#7266,#7267,#7268,#7269,#7270,#7271),.UNSPECIFIED.,.F.,.F.,(4,3,3,3,3,3,3,3,3,3,3,3,3,3,3,3,3,3,3,3,3,3,3,3,3,3,
3,3,3,3,3,3,3,3,3,3,3,3,3,3,3,3,3,3,3,3,3,3,3,3,3,
3,3,3,3,3,3,4),(4.802176942,5.077134627,5.352092312,5.627049996,5.764528839,5.902007681,6.039486524,6.176965366,6.314444208,6.451923051,6.589401893,6.726880736,6.864359578,7.00183842,7.139317263,7.276796105,7.55175379,7.826711475,8.101669159,8.376626844,8.651584529,8.926542214,9.064021056,9.201499899,9.338978741,9.476457583,
9.613936426,9.751415268,9.88889411,10.026372953,10.163851795,10.301330638,10.43880948,10.576288322,10.851246007,10.98872485,11.126203692,11.263682534,11.401161377,11.538640219,11.676119061,11.813597904,11.951076746,12.019816167,12.088555589,12.226034431,12.500992116,12.638470958,12.707210379,12.775949801,12.913428643,
13.050907485,13.119646907,13.188386328,13.222756038,13.257125749,13.32586517,13.600822855),.UNSPECIFIED.);
#7273=EDGE_CURVE('',#1205,#931,#7272,.T.);
#7274=ORIENTED_EDGE('',*,*,#7273,.F.);
#7275=ORIENTED_EDGE('',*,*,#1209,.F.);
#7276=EDGE_LOOP('',(#6926,#7098,#7099,#7274,#7275));
#7277=FACE_BOUND('',#7276,.T.);
#7278=ADVANCED_FACE('',(#7277),#6925,.F.);
#7279=CARTESIAN_POINT('',(7.501420102,-4.082211034,-0.));
#7280=CARTESIAN_POINT('',(7.45447684,-4.055023473,0.005176629));
#7281=CARTESIAN_POINT('',(6.973551487,-3.797256512,0.057224736));
#7282=CARTESIAN_POINT('',(5.905101681,-3.620579733,0.156144319));
#7283=CARTESIAN_POINT('',(4.502067824,-4.254782156,0.296758751));
#7284=CARTESIAN_POINT('',(3.689011918,-5.562940816,0.437373183));
#7285=CARTESIAN_POINT('',(3.737278323,-7.099644227,0.577987615));
#7286=CARTESIAN_POINT('',(4.635784585,-8.355832692,0.718602047));
#7287=CARTESIAN_POINT('',(6.071662177,-8.891162408,0.859216479));
#7288=CARTESIAN_POINT('',(7.971435723,-8.469621603,1.036286504));
#7289=CARTESIAN_POINT('',(9.262014343,-6.256144016,1.249812123));
#7290=CARTESIAN_POINT('',(7.751692623,-3.639901807,1.499793335));
#7291=CARTESIAN_POINT('',(5.005370142,-3.648556887,1.72894278));
#7292=CARTESIAN_POINT('',(3.571711152,-5.533147547,1.937260457));
#7293=CARTESIAN_POINT('',(3.844050063,-7.632661184,2.124746366));
#7294=CARTESIAN_POINT('',(5.52939462,-8.930965486,2.312232275));
#7295=CARTESIAN_POINT('',(7.634365027,-8.654288661,2.499718184));
#7296=CARTESIAN_POINT('',(8.929830719,-6.971917377,2.687204093));
#7297=CARTESIAN_POINT('',(8.654990463,-4.865375033,2.874690003));
#7298=CARTESIAN_POINT('',(6.97197213,-3.570580679,3.062175912));
#7299=CARTESIAN_POINT('',(4.865759178,-3.84459374,3.249661821));
#7300=CARTESIAN_POINT('',(3.570682822,-5.528002082,3.43714773));
#7301=CARTESIAN_POINT('',(3.844287462,-7.633497727,3.624633639));
#7302=CARTESIAN_POINT('',(5.528030722,-8.93007962,3.812119549));
#7303=CARTESIAN_POINT('',(7.281667564,-8.700109667,3.968357806));
#7304=CARTESIAN_POINT('',(8.282622682,-7.815051398,4.093348412));
#7305=CARTESIAN_POINT('',(8.882315574,-6.621416098,4.218339018));
#7306=CARTESIAN_POINT('',(8.656648082,-4.8667186,4.374577276));
#7307=CARTESIAN_POINT('',(6.973044413,-3.570975511,4.562063185));
#7308=CARTESIAN_POINT('',(4.867021902,-3.843831879,4.749549095));
#7309=CARTESIAN_POINT('',(3.57095987,-5.527034203,4.937035004));
#7310=CARTESIAN_POINT('',(3.843580964,-7.632445545,5.124520913));
#7311=CARTESIAN_POINT('',(5.526593358,-8.929514078,5.312006822));
#7312=CARTESIAN_POINT('',(7.631881632,-8.655349912,5.499492731));
#7313=CARTESIAN_POINT('',(8.929938206,-6.975811881,5.68697864));
#7314=CARTESIAN_POINT('',(8.654592771,-4.864668485,5.87446455));
#7315=CARTESIAN_POINT('',(6.98460438,-3.581296587,6.061186607));
#7316=CARTESIAN_POINT('',(5.583919137,-3.745884827,6.185413361));
#7317=CARTESIAN_POINT('',(5.022415053,-4.06321966,6.247144812));
#7318=CARTESIAN_POINT('',(7.711159877,-3.70357772,-0.249468445));
#7319=CARTESIAN_POINT('',(7.656017078,-3.671833019,-0.244291816));
#7320=CARTESIAN_POINT('',(7.091152421,-3.370969163,-0.19224371));
#7321=CARTESIAN_POINT('',(5.83742932,-3.167012302,-0.093324126));
#7322=CARTESIAN_POINT('',(4.193752664,-3.915157268,0.047290306));
#7323=CARTESIAN_POINT('',(3.244120842,-5.451980362,0.187904738));
#7324=CARTESIAN_POINT('',(3.305431248,-7.254229332,0.32851917));
#7325=CARTESIAN_POINT('',(4.363128709,-8.72486336,0.469133602));
#7326=CARTESIAN_POINT('',(6.048903827,-9.348359642,0.609748034));
#7327=CARTESIAN_POINT('',(8.275856145,-8.848127481,0.786818059));
#7328=CARTESIAN_POINT('',(9.782804493,-6.247995638,1.000343678));
#7329=CARTESIAN_POINT('',(8.003351896,-3.184029352,1.25032489));
#7330=CARTESIAN_POINT('',(4.782221122,-3.202577053,1.479474335));
#7331=CARTESIAN_POINT('',(3.106448628,-5.417395223,1.687792011));
#7332=CARTESIAN_POINT('',(3.432292346,-7.879077177,1.875277921));
#7333=CARTESIAN_POINT('',(5.413001537,-9.396703212,2.06276383));
#7334=CARTESIAN_POINT('',(7.881070581,-9.065752724,2.250249739));
#7335=CARTESIAN_POINT('',(9.395376234,-7.088541464,2.437735648));
#7336=CARTESIAN_POINT('',(9.066575084,-4.618622004,2.625221557));
#7337=CARTESIAN_POINT('',(7.088606935,-3.105106366,2.812707467));
#7338=CARTESIAN_POINT('',(4.6190713,-3.432935854,3.000193376));
#7339=CARTESIAN_POINT('',(3.105226089,-5.411362754,3.187679285));
#7340=CARTESIAN_POINT('',(3.43257435,-7.880057654,3.375165194));
#7341=CARTESIAN_POINT('',(5.411398692,-9.395668872,3.562651103));
#7342=CARTESIAN_POINT('',(7.467532419,-9.120573379,3.718889361));
#7343=CARTESIAN_POINT('',(8.638844783,-8.079431042,3.843879967));
#7344=CARTESIAN_POINT('',(9.33857541,-6.677584222,3.968870573));
#7345=CARTESIAN_POINT('',(9.068522177,-4.620193736,4.125108831));
#7346=CARTESIAN_POINT('',(7.08986634,-3.10556539,4.31259474));
#7347=CARTESIAN_POINT('',(4.620549746,-3.432038581,4.500080649));
#7348=CARTESIAN_POINT('',(3.105548812,-5.410226781,4.687566558));
#7349=CARTESIAN_POINT('',(3.431741432,-7.878826002,4.875052468));
#7350=CARTESIAN_POINT('',(5.409711574,-9.395009155,5.062538377));
#7351=CARTESIAN_POINT('',(7.878160935,-9.067005391,5.250024286));
#7352=CARTESIAN_POINT('',(9.395514432,-7.093108452,5.437510195));
#7353=CARTESIAN_POINT('',(9.066106116,-4.617795432,5.624996104));
#7354=CARTESIAN_POINT('',(7.103455893,-3.11763568,5.811718162));
#7355=CARTESIAN_POINT('',(5.461098318,-3.314964187,5.935944916));
#7356=CARTESIAN_POINT('',(4.803481542,-3.688882749,5.997676367));
#7357=CARTESIAN_POINT('',(7.922454791,-3.325954883,-0.499133819));
#7358=CARTESIAN_POINT('',(7.859134401,-3.289619368,-0.49395719));
#7359=CARTESIAN_POINT('',(7.210539912,-2.945312821,-0.441909083));
#7360=CARTESIAN_POINT('',(5.771715933,-2.71329224,-0.3429895));
#7361=CARTESIAN_POINT('',(3.886981939,-3.574316922,-0.202375068));
#7362=CARTESIAN_POINT('',(2.799838014,-5.339151781,-0.061760636));
#7363=CARTESIAN_POINT('',(2.873053523,-7.406922228,0.078853796));
#7364=CARTESIAN_POINT('',(4.088977685,-9.092617338,0.219468228));
#7365=CARTESIAN_POINT('',(6.024198257,-9.8053223,0.36008266));
#7366=CARTESIAN_POINT('',(8.578566766,-9.227819216,0.537152685));
#7367=CARTESIAN_POINT('',(10.303473256,-6.242076575,0.750678304));
#7368=CARTESIAN_POINT('',(8.256883439,-2.729369036,1.000659516));
#7369=CARTESIAN_POINT('',(4.561045776,-2.755778736,1.229808961));
#7370=CARTESIAN_POINT('',(2.641820017,-5.299688291,1.438126638));
#7371=CARTESIAN_POINT('',(3.019606857,-8.12365957,1.625612547));
#7372=CARTESIAN_POINT('',(5.294652105,-9.861802933,1.813098456));
#7373=CARTESIAN_POINT('',(8.12594363,-9.478147446,2.000584365));
#7374=CARTESIAN_POINT('',(9.86028285,-7.207120118,2.188070274));
#7375=CARTESIAN_POINT('',(9.479090511,-4.373702507,2.375556184));
#7376=CARTESIAN_POINT('',(7.207196009,-2.640270667,2.563042093));
#7377=CARTESIAN_POINT('',(4.37421724,-3.02034772,2.750528002));
#7378=CARTESIAN_POINT('',(2.640407989,-5.292768914,2.938013911));
#7379=CARTESIAN_POINT('',(3.019931548,-8.12478409,3.12549982));
#7380=CARTESIAN_POINT('',(5.292811569,-9.860618476,3.312985729));
#7381=CARTESIAN_POINT('',(7.651544681,-9.541706514,3.469223987));
#7382=CARTESIAN_POINT('',(8.993829888,-8.345253222,3.594214593));
#7383=CARTESIAN_POINT('',(9.794455808,-6.735685693,3.719205199));
#7384=CARTESIAN_POINT('',(9.481327612,-4.375502382,3.875443457));
#7385=CARTESIAN_POINT('',(7.208641531,-2.640795683,4.062929366));
#7386=CARTESIAN_POINT('',(4.375912273,-3.019315776,4.250415275));
#7387=CARTESIAN_POINT('',(2.640776148,-5.29146496,4.437901185));
#7388=CARTESIAN_POINT('',(3.018974371,-8.123372118,4.625387094));
#7389=CARTESIAN_POINT('',(5.290874533,-9.859864557,4.812873003));
#7390=CARTESIAN_POINT('',(8.122607202,-9.47958922,5.000358912));
#7391=CARTESIAN_POINT('',(9.86044859,-7.212360212,5.187844821));
#7392=CARTESIAN_POINT('',(9.478551267,-4.37275446,5.37533073));
#7393=CARTESIAN_POINT('',(7.224253447,-2.654623256,5.562052788));
#7394=CARTESIAN_POINT('',(5.340155929,-2.883648801,5.686279542));
#7395=CARTESIAN_POINT('',(4.586213527,-3.313723025,5.748010993));
#7396=CARTESIAN_POINT('',(8.134102213,-2.948542876,-0.748816372));
#7397=CARTESIAN_POINT('',(8.062608812,-2.907608913,-0.743639743));
#7398=CARTESIAN_POINT('',(7.330328005,-2.519781416,-0.691591637));
#7399=CARTESIAN_POINT('',(5.706434854,-2.259522262,-0.592672053));
#7400=CARTESIAN_POINT('',(3.580543019,-3.233194848,-0.452057621));
#7401=CARTESIAN_POINT('',(2.355674416,-5.225904727,-0.311443189));
#7402=CARTESIAN_POINT('',(2.440542768,-7.559200718,-0.170828757));
#7403=CARTESIAN_POINT('',(3.814485236,-9.460101053,-0.030214325));
#7404=CARTESIAN_POINT('',(5.999059795,-10.262249123,0.110400107));
#7405=CARTESIAN_POINT('',(8.8809087,-9.607787355,0.287470132));
#7406=CARTESIAN_POINT('',(10.824133586,-6.236652012,0.500995751));
#7407=CARTESIAN_POINT('',(8.510839301,-2.274961487,0.750976963));
#7408=CARTESIAN_POINT('',(4.340300538,-2.308783116,0.980126408));
#7409=CARTESIAN_POINT('',(2.177315501,-5.181543442,1.188444085));
#7410=CARTESIAN_POINT('',(2.606701081,-8.367843845,1.375929994));
#7411=CARTESIAN_POINT('',(5.175864348,-10.326777536,1.563415903));
#7412=CARTESIAN_POINT('',(8.370418817,-9.890763253,1.750901812));
#7413=CARTESIAN_POINT('',(10.325064141,-7.326136613,1.938387721));
#7414=CARTESIAN_POINT('',(9.891827063,-4.12918115,2.12587363));
#7415=CARTESIAN_POINT('',(7.326222859,-2.175560201,2.31335954));
#7416=CARTESIAN_POINT('',(4.129761388,-2.607538609,2.500845449));
#7417=CARTESIAN_POINT('',(2.175715123,-5.173737211,2.688331358));
#7418=CARTESIAN_POINT('',(2.607067897,-8.369112444,2.875817267));
#7419=CARTESIAN_POINT('',(5.173786445,-10.325442516,3.063303176));
#7420=CARTESIAN_POINT('',(7.835152492,-9.963003245,3.219541434));
#7421=CARTESIAN_POINT('',(9.348553132,-8.611404818,3.34453204));
#7422=CARTESIAN_POINT('',(10.250267942,-6.794218199,3.469522646));
#7423=CARTESIAN_POINT('',(9.894354462,-4.131209029,3.625760904));
#7424=CARTESIAN_POINT('',(7.327854216,-2.176151726,3.813246813));
#7425=CARTESIAN_POINT('',(4.131673241,-2.60637213,4.000732722));
#7426=CARTESIAN_POINT('',(2.176128565,-5.172265289,4.188218631));
#7427=CARTESIAN_POINT('',(2.605987076,-8.367519905,4.375704541));
#7428=CARTESIAN_POINT('',(5.171599385,-10.3245945,4.56319045));
#7429=CARTESIAN_POINT('',(8.366655489,-9.892393583,4.750676359));
#7430=CARTESIAN_POINT('',(10.325256695,-7.332050051,4.938162268));
#7431=CARTESIAN_POINT('',(9.891217802,-4.128111171,5.125648177));
#7432=CARTESIAN_POINT('',(7.345487055,-2.191738419,5.312370235));
#7433=CARTESIAN_POINT('',(5.219625989,-2.452230621,5.436596989));
#7434=CARTESIAN_POINT('',(4.369307303,-2.938367495,5.49832844));
#7435=B_SPLINE_SURFACE_WITH_KNOTS('',3,3,((#7279,#7280,#7281,#7282,#7283,#7284,#7285,#7286,#7287,#7288,#7289,#7290,#7291,#7292,#7293,#7294,#7295,#7296,#7297,#7298,#7299,#7300,#7301,#7302,#7303,#7304,
#7305,#7306,#7307,#7308,#7309,#7310,#7311,#7312,#7313,#7314,#7315,#7316,#7317),(#7318,#7319,#7320,#7321,#7322,#7323,#7324,#7325,#7326,#7327,#7328,#7329,#7330,#7331,#7332,#7333,#7334,#7335,#7336,#7337,#7338,#7339,#7340,#7341,#7342,#7343,
#7344,#7345,#7346,#7347,#7348,#7349,#7350,#7351,#7352,#7353,#7354,#7355,#7356),(#7357,#7358,#7359,#7360,#7361,#7362,#7363,#7364,#7365,#7366,#7367,#7368,#7369,#7370,#7371,#7372,#7373,#7374,#7375,#7376,#7377,#7378,#7379,#7380,#7381,#7382,
#7383,#7384,#7385,#7386,#7387,#7388,#7389,#7390,#7391,#7392,#7393,#7394,#7395),(#7396,#7397,#7398,#7399,#7400,#7401,#7402,#7403,#7404,#7405,#7406,#7407,#7408,#7409,#7410,#7411,#7412,#7413,#7414,#7415,#7416,#7417,#7418,#7419,#7420,#7421,
#7422,#7423,#7424,#7425,#7426,#7427,#7428,#7429,#7430,#7431,#7432,#7433,#7434)),.UNSPECIFIED.,.F.,.F.,.U.,(4,4),(4,1,1,1,1,1,1,1,1,1,1,1,1,1,1,1,1,1,1,1,1,1,1,1,1,1,
1,1,1,1,1,1,1,1,1,1,4),(0.170679769,0.320537433),(7.339034499,7.40408594,7.993090295,8.58209465,9.171099005,9.76010336,10.349107715,10.93811207,11.527116425,12.574235278,13.621354131,14.668472984,15.453812124,16.239151264,17.024490404,17.809829544,18.595168684,19.380507824,20.165846964,20.951186104,21.736525244,22.521864384,23.307203524,24.092542664,24.485212234,24.877881804,
25.663220944,26.448560083,27.233899223,28.019238363,28.804577503,29.589916643,30.375255783,31.160594923,31.945934063,32.731273203,33.507013496),.UNSPECIFIED.);
#7436=ORIENTED_EDGE('',*,*,#1252,.T.);
#7437=ORIENTED_EDGE('',*,*,#7273,.T.);
#7438=ORIENTED_EDGE('',*,*,#984,.T.);
#7439=ORIENTED_EDGE('',*,*,#7097,.F.);
#7440=EDGE_LOOP('',(#7436,#7437,#7438,#7439));
#7441=FACE_BOUND('',#7440,.T.);
#7442=ADVANCED_FACE('',(#7441),#7435,.F.);
#7443=CLOSED_SHELL('',(#1054,#1082,#1104,#1126,#1142,#2018,#2532,#2696,#3210,#3374,#3888,#4052,#4566,#4730,#5244,#5408,#5922,#6086,#6600,#6764,#7278,#7442));
#7444=MANIFOLD_SOLID_BREP('Extruded.003',#7443);
#26=STYLED_ITEM('',(),#7444);
#7446=CARTESIAN_POINT('',(-25.,1.200187845,0.));
#7447=CARTESIAN_POINT('',(-11.3,1.200187845,0.));
#7448=CARTESIAN_POINT('',(-25.,1.200187845,-12.6));
#7449=CARTESIAN_POINT('',(-11.3,1.200187845,-12.6));
#7450=B_SPLINE_SURFACE_WITH_KNOTS('',1,1,((#7446,#7447),(#7448,#7449)),.UNSPECIFIED.,.F.,.F.,.U.,(2,2),(2,2),(-0.006276876,0.006323124),(-0.0088,0.0049),.UNSPECIFIED.);
#7451=CARTESIAN_POINT('',(-13.9,1.200187845,-4.95));
#7452=VERTEX_POINT('',#7451);
#7453=CARTESIAN_POINT('',(-13.9,1.200187845,-7.65));
#7454=VERTEX_POINT('',#7453);
#7455=CARTESIAN_POINT('',(-13.9,1.200187845,-7.65));
#7456=CARTESIAN_POINT('',(-12.55,1.200187845,-7.65));
#7457=CARTESIAN_POINT('',(-12.55,1.200187845,-6.3));
#7458=CARTESIAN_POINT('',(-12.55,1.200187845,-4.95));
#7459=CARTESIAN_POINT('',(-13.9,1.200187845,-4.95));
#7460=CARTESIAN_POINT('',(-15.25,1.200187845,-4.95));
#7461=CARTESIAN_POINT('',(-15.25,1.200187845,-6.3));
#7462=CARTESIAN_POINT('',(-15.25,1.200187845,-7.65));
#7463=CARTESIAN_POINT('',(-13.9,1.200187845,-7.65));
#7464=(BOUNDED_CURVE()
B_SPLINE_CURVE(2,(#7455,#7456,#7457,#7458,#7459,#7460,#7461,#7462,#7463),.UNSPECIFIED.,.T.,.F.)
B_SPLINE_CURVE_WITH_KNOTS((3,2,2,2,3),(0.,1.570796327,3.141592654,4.71238898,6.283185307),.UNSPECIFIED.)
CURVE()
GEOMETRIC_REPRESENTATION_ITEM()
RATIONAL_B_SPLINE_CURVE((1.,0.707106781,1.,0.707106781,1.,0.707106781,1.,0.707106781,1.))
REPRESENTATION_ITEM(''));
#7465=EDGE_CURVE('',#7452,#7454,#7464,.T.);
#7466=ORIENTED_EDGE('',*,*,#7465,.F.);
#7467=CARTESIAN_POINT('',(-13.9,1.200187845,-7.65));
#7468=CARTESIAN_POINT('',(-12.55,1.200187845,-7.65));
#7469=CARTESIAN_POINT('',(-12.55,1.200187845,-6.3));
#7470=CARTESIAN_POINT('',(-12.55,1.200187845,-4.95));
#7471=CARTESIAN_POINT('',(-13.9,1.200187845,-4.95));
#7472=CARTESIAN_POINT('',(-15.25,1.200187845,-4.95));
#7473=CARTESIAN_POINT('',(-15.25,1.200187845,-6.3));
#7474=CARTESIAN_POINT('',(-15.25,1.200187845,-7.65));
#7475=CARTESIAN_POINT('',(-13.9,1.200187845,-7.65));
#7476=(BOUNDED_CURVE()
B_SPLINE_CURVE(2,(#7467,#7468,#7469,#7470,#7471,#7472,#7473,#7474,#7475),.UNSPECIFIED.,.T.,.F.)
B_SPLINE_CURVE_WITH_KNOTS((3,2,2,2,3),(0.,1.570796327,3.141592654,4.71238898,6.283185307),.UNSPECIFIED.)
CURVE()
GEOMETRIC_REPRESENTATION_ITEM()
RATIONAL_B_SPLINE_CURVE((1.,0.707106781,1.,0.707106781,1.,0.707106781,1.,0.707106781,1.))
REPRESENTATION_ITEM(''));
#7477=EDGE_CURVE('',#7454,#7452,#7476,.T.);
#7478=ORIENTED_EDGE('',*,*,#7477,.F.);
#7479=EDGE_LOOP('',(#7466,#7478));
#7480=FACE_BOUND('',#7479,.T.);
#7481=CARTESIAN_POINT('',(-25.,1.200187845,0.));
#7482=VERTEX_POINT('',#7481);
#7483=CARTESIAN_POINT('',(-11.3,1.200187845,-0.));
#7484=VERTEX_POINT('',#7483);
#7485=CARTESIAN_POINT('',(-25.,1.200187845,0.));
#7486=CARTESIAN_POINT('',(-11.3,1.200187845,0.));
#7487=B_SPLINE_CURVE_WITH_KNOTS('',1,(#7485,#7486),.UNSPECIFIED.,.F.,.F.,(2,2),(-0.025225,-0.011525),.UNSPECIFIED.);
#7488=EDGE_CURVE('',#7482,#7484,#7487,.T.);
#7489=ORIENTED_EDGE('',*,*,#7488,.F.);
#7490=CARTESIAN_POINT('',(-25.,1.200187845,-12.6));
#7491=VERTEX_POINT('',#7490);
#7492=CARTESIAN_POINT('',(-25.,1.200187845,-12.6));
#7493=CARTESIAN_POINT('',(-25.,1.200187845,0.));
#7494=B_SPLINE_CURVE_WITH_KNOTS('',1,(#7492,#7493),.UNSPECIFIED.,.F.,.F.,(2,2),(-0.006323124,0.006276876),.UNSPECIFIED.);
#7495=EDGE_CURVE('',#7491,#7482,#7494,.T.);
#7496=ORIENTED_EDGE('',*,*,#7495,.F.);
#7497=CARTESIAN_POINT('',(-11.3,1.200187845,-12.6));
#7498=VERTEX_POINT('',#7497);
#7499=CARTESIAN_POINT('',(-25.,1.200187845,-12.6));
#7500=CARTESIAN_POINT('',(-11.3,1.200187845,-12.6));
#7501=B_SPLINE_CURVE_WITH_KNOTS('',1,(#7499,#7500),.UNSPECIFIED.,.F.,.F.,(2,2),(-0.025225,-0.011525),.UNSPECIFIED.);
#7502=EDGE_CURVE('',#7491,#7498,#7501,.T.);
#7503=ORIENTED_EDGE('',*,*,#7502,.T.);
#7504=CARTESIAN_POINT('',(-11.3,1.200187845,-12.6));
#7505=CARTESIAN_POINT('',(-11.3,1.200187845,-0.));
#7506=B_SPLINE_CURVE_WITH_KNOTS('',1,(#7504,#7505),.UNSPECIFIED.,.F.,.F.,(2,2),(-0.006323124,0.006276876),.UNSPECIFIED.);
#7507=EDGE_CURVE('',#7498,#7484,#7506,.T.);
#7508=ORIENTED_EDGE('',*,*,#7507,.T.);
#7509=EDGE_LOOP('',(#7489,#7496,#7503,#7508));
#7510=FACE_BOUND('',#7509,.T.);
#7511=ADVANCED_FACE('',(#7480,#7510),#7450,.T.);
#7512=CARTESIAN_POINT('',(-11.3,1.200187845,-0.));
#7513=CARTESIAN_POINT('',(-11.3,7.200187845,-0.));
#7514=CARTESIAN_POINT('',(-11.3,1.200187845,-12.6));
#7515=CARTESIAN_POINT('',(-11.3,7.200187845,-12.6));
#7516=B_SPLINE_SURFACE_WITH_KNOTS('',1,1,((#7512,#7513),(#7514,#7515)),.UNSPECIFIED.,.F.,.F.,.U.,(2,2),(2,2),(-0.006276876,0.006323124),(-0.003,0.003),.UNSPECIFIED.);
#7517=CARTESIAN_POINT('',(-11.3,7.200187845,-0.));
#7518=VERTEX_POINT('',#7517);
#7519=CARTESIAN_POINT('',(-11.3,1.200187845,-0.));
#7520=CARTESIAN_POINT('',(-11.3,7.200187845,-0.));
#7521=B_SPLINE_CURVE_WITH_KNOTS('',1,(#7519,#7520),.UNSPECIFIED.,.F.,.F.,(2,2),(-0.003,0.003),.UNSPECIFIED.);
#7522=EDGE_CURVE('',#7484,#7518,#7521,.T.);
#7523=ORIENTED_EDGE('',*,*,#7522,.F.);
#7524=ORIENTED_EDGE('',*,*,#7507,.F.);
#7525=CARTESIAN_POINT('',(-11.3,7.200187845,-12.6));
#7526=VERTEX_POINT('',#7525);
#7527=CARTESIAN_POINT('',(-11.3,1.200187845,-12.6));
#7528=CARTESIAN_POINT('',(-11.3,7.200187845,-12.6));
#7529=B_SPLINE_CURVE_WITH_KNOTS('',1,(#7527,#7528),.UNSPECIFIED.,.F.,.F.,(2,2),(0.0108,0.0168),.UNSPECIFIED.);
#7530=EDGE_CURVE('',#7498,#7526,#7529,.T.);
#7531=ORIENTED_EDGE('',*,*,#7530,.T.);
#7532=CARTESIAN_POINT('',(-11.3,7.200187845,-12.6));
#7533=CARTESIAN_POINT('',(-11.3,7.200187845,-0.));
#7534=B_SPLINE_CURVE_WITH_KNOTS('',1,(#7532,#7533),.UNSPECIFIED.,.F.,.F.,(2,2),(-0.006323124,0.006276876),.UNSPECIFIED.);
#7535=EDGE_CURVE('',#7526,#7518,#7534,.T.);
#7536=ORIENTED_EDGE('',*,*,#7535,.T.);
#7537=EDGE_LOOP('',(#7523,#7524,#7531,#7536));
#7538=FACE_BOUND('',#7537,.T.);
#7539=ADVANCED_FACE('',(#7538),#7516,.T.);
#7540=CARTESIAN_POINT('',(-25.,7.200187845,-12.6));
#7541=CARTESIAN_POINT('',(-11.3,7.200187845,-12.6));
#7542=CARTESIAN_POINT('',(-25.,7.200187845,-0.));
#7543=CARTESIAN_POINT('',(-11.3,7.200187845,-0.));
#7544=B_SPLINE_SURFACE_WITH_KNOTS('',1,1,((#7540,#7541),(#7542,#7543)),.UNSPECIFIED.,.F.,.F.,.U.,(2,2),(2,2),(-0.006323124,0.006276876),(-0.0137,0.),.UNSPECIFIED.);
#7545=CARTESIAN_POINT('',(-13.9,7.200187845,-4.95));
#7546=VERTEX_POINT('',#7545);
#7547=CARTESIAN_POINT('',(-14.68823855,7.200187845,-5.204016429));
#7548=VERTEX_POINT('',#7547);
#7549=CARTESIAN_POINT('',(-14.68823855,7.200187845,-5.204016429));
#7550=CARTESIAN_POINT('',(-13.592254979,7.200187845,-4.415777879));
#7551=CARTESIAN_POINT('',(-12.804016429,7.200187845,-5.51176145));
#7552=CARTESIAN_POINT('',(-12.015777879,7.200187845,-6.607745021));
#7553=CARTESIAN_POINT('',(-13.11176145,7.200187845,-7.395983571));
#7554=CARTESIAN_POINT('',(-14.207745021,7.200187845,-8.184222121));
#7555=CARTESIAN_POINT('',(-14.995983571,7.200187845,-7.08823855));
#7556=CARTESIAN_POINT('',(-15.784222121,7.200187845,-5.992254979));
#7557=CARTESIAN_POINT('',(-14.68823855,7.200187845,-5.204016429));
#7558=(BOUNDED_CURVE()
B_SPLINE_CURVE(2,(#7549,#7550,#7551,#7552,#7553,#7554,#7555,#7556,#7557),.UNSPECIFIED.,.T.,.F.)
B_SPLINE_CURVE_WITH_KNOTS((3,2,2,2,3),(0.,1.570796327,3.141592654,4.71238898,6.283185307),.UNSPECIFIED.)
CURVE()
GEOMETRIC_REPRESENTATION_ITEM()
RATIONAL_B_SPLINE_CURVE((1.,0.707106781,1.,0.707106781,1.,0.707106781,1.,0.707106781,1.))
REPRESENTATION_ITEM(''));
#7559=EDGE_CURVE('',#7546,#7548,#7558,.T.);
#7560=ORIENTED_EDGE('',*,*,#7559,.F.);
#7561=CARTESIAN_POINT('',(-14.68823855,7.200187845,-5.204016429));
#7562=CARTESIAN_POINT('',(-13.592254979,7.200187845,-4.415777879));
#7563=CARTESIAN_POINT('',(-12.804016429,7.200187845,-5.51176145));
#7564=CARTESIAN_POINT('',(-12.015777879,7.200187845,-6.607745021));
#7565=CARTESIAN_POINT('',(-13.11176145,7.200187845,-7.395983571));
#7566=CARTESIAN_POINT('',(-14.207745021,7.200187845,-8.184222121));
#7567=CARTESIAN_POINT('',(-14.995983571,7.200187845,-7.08823855));
#7568=CARTESIAN_POINT('',(-15.784222121,7.200187845,-5.992254979));
#7569=CARTESIAN_POINT('',(-14.68823855,7.200187845,-5.204016429));
#7570=(BOUNDED_CURVE()
B_SPLINE_CURVE(2,(#7561,#7562,#7563,#7564,#7565,#7566,#7567,#7568,#7569),.UNSPECIFIED.,.T.,.F.)
B_SPLINE_CURVE_WITH_KNOTS((3,2,2,2,3),(0.,1.570796327,3.141592654,4.71238898,6.283185307),.UNSPECIFIED.)
CURVE()
GEOMETRIC_REPRESENTATION_ITEM()
RATIONAL_B_SPLINE_CURVE((1.,0.707106781,1.,0.707106781,1.,0.707106781,1.,0.707106781,1.))
REPRESENTATION_ITEM(''));
#7571=EDGE_CURVE('',#7548,#7546,#7570,.T.);
#7572=ORIENTED_EDGE('',*,*,#7571,.F.);
#7573=EDGE_LOOP('',(#7560,#7572));
#7574=FACE_BOUND('',#7573,.T.);
#7575=CARTESIAN_POINT('',(-25.,7.200187845,-0.));
#7576=VERTEX_POINT('',#7575);
#7577=CARTESIAN_POINT('',(-11.3,7.200187845,-0.));
#7578=CARTESIAN_POINT('',(-25.,7.200187845,-0.));
#7579=B_SPLINE_CURVE_WITH_KNOTS('',1,(#7577,#7578),.UNSPECIFIED.,.F.,.F.,(2,2),(0.,0.0137),.UNSPECIFIED.);
#7580=EDGE_CURVE('',#7518,#7576,#7579,.T.);
#7581=ORIENTED_EDGE('',*,*,#7580,.F.);
#7582=ORIENTED_EDGE('',*,*,#7535,.F.);
#7583=CARTESIAN_POINT('',(-25.,7.200187845,-12.6));
#7584=VERTEX_POINT('',#7583);
#7585=CARTESIAN_POINT('',(-11.3,7.200187845,-12.6));
#7586=CARTESIAN_POINT('',(-25.,7.200187845,-12.6));
#7587=B_SPLINE_CURVE_WITH_KNOTS('',1,(#7585,#7586),.UNSPECIFIED.,.F.,.F.,(2,2),(0.011525,0.025225),.UNSPECIFIED.);
#7588=EDGE_CURVE('',#7526,#7584,#7587,.T.);
#7589=ORIENTED_EDGE('',*,*,#7588,.T.);
#7590=CARTESIAN_POINT('',(-25.,7.200187845,-12.6));
#7591=CARTESIAN_POINT('',(-25.,7.200187845,-0.));
#7592=B_SPLINE_CURVE_WITH_KNOTS('',1,(#7590,#7591),.UNSPECIFIED.,.F.,.F.,(2,2),(-0.006323124,0.006276876),.UNSPECIFIED.);
#7593=EDGE_CURVE('',#7584,#7576,#7592,.T.);
#7594=ORIENTED_EDGE('',*,*,#7593,.T.);
#7595=EDGE_LOOP('',(#7581,#7582,#7589,#7594));
#7596=FACE_BOUND('',#7595,.T.);
#7597=ADVANCED_FACE('',(#7574,#7596),#7544,.T.);
#7598=CARTESIAN_POINT('',(-25.,1.200187845,-12.6));
#7599=CARTESIAN_POINT('',(-25.,7.200187845,-12.6));
#7600=CARTESIAN_POINT('',(-25.,1.200187845,0.));
#7601=CARTESIAN_POINT('',(-25.,7.200187845,0.));
#7602=B_SPLINE_SURFACE_WITH_KNOTS('',1,1,((#7598,#7599),(#7600,#7601)),.UNSPECIFIED.,.F.,.F.,.U.,(2,2),(2,2),(-0.006323124,0.006276876),(-0.006,0.),.UNSPECIFIED.);
#7603=CARTESIAN_POINT('',(-25.,7.200187845,0.));
#7604=CARTESIAN_POINT('',(-25.,1.200187845,0.));
#7605=B_SPLINE_CURVE_WITH_KNOTS('',1,(#7603,#7604),.UNSPECIFIED.,.F.,.F.,(2,2),(-0.0168,-0.0108),.UNSPECIFIED.);
#7606=EDGE_CURVE('',#7576,#7482,#7605,.T.);
#7607=ORIENTED_EDGE('',*,*,#7606,.F.);
#7608=ORIENTED_EDGE('',*,*,#7593,.F.);
#7609=CARTESIAN_POINT('',(-25.,7.200187845,-12.6));
#7610=CARTESIAN_POINT('',(-25.,1.200187845,-12.6));
#7611=B_SPLINE_CURVE_WITH_KNOTS('',1,(#7609,#7610),.UNSPECIFIED.,.F.,.F.,(2,2),(-0.0168,-0.0108),.UNSPECIFIED.);
#7612=EDGE_CURVE('',#7584,#7491,#7611,.T.);
#7613=ORIENTED_EDGE('',*,*,#7612,.T.);
#7614=ORIENTED_EDGE('',*,*,#7495,.T.);
#7615=EDGE_LOOP('',(#7607,#7608,#7613,#7614));
#7616=FACE_BOUND('',#7615,.T.);
#7617=ADVANCED_FACE('',(#7616),#7602,.T.);
#7618=CARTESIAN_POINT('',(-25.,1.200187845,-12.6));
#7619=CARTESIAN_POINT('',(-25.,7.200187845,-12.6));
#7620=CARTESIAN_POINT('',(-11.3,1.200187845,-12.6));
#7621=CARTESIAN_POINT('',(-11.3,7.200187845,-12.6));
#7622=B_SPLINE_SURFACE_WITH_KNOTS('',1,1,((#7618,#7619),(#7620,#7621)),.UNSPECIFIED.,.F.,.F.,.U.,(2,2),(2,2),(-0.025225,-0.011525),(0.0108,0.0168),.UNSPECIFIED.);
#7623=ORIENTED_EDGE('',*,*,#7502,.F.);
#7624=ORIENTED_EDGE('',*,*,#7612,.F.);
#7625=ORIENTED_EDGE('',*,*,#7588,.F.);
#7626=ORIENTED_EDGE('',*,*,#7530,.F.);
#7627=EDGE_LOOP('',(#7623,#7624,#7625,#7626));
#7628=FACE_BOUND('',#7627,.T.);
#7629=ADVANCED_FACE('',(#7628),#7622,.F.);
#7630=CARTESIAN_POINT('',(-25.,1.200187845,0.));
#7631=CARTESIAN_POINT('',(-25.,7.200187845,0.));
#7632=CARTESIAN_POINT('',(-11.3,1.200187845,0.));
#7633=CARTESIAN_POINT('',(-11.3,7.200187845,0.));
#7634=B_SPLINE_SURFACE_WITH_KNOTS('',1,1,((#7630,#7631),(#7632,#7633)),.UNSPECIFIED.,.F.,.F.,.U.,(2,2),(2,2),(-0.025225,-0.011525),(0.0108,0.0168),.UNSPECIFIED.);
#7635=ORIENTED_EDGE('',*,*,#7488,.T.);
#7636=ORIENTED_EDGE('',*,*,#7522,.T.);
#7637=ORIENTED_EDGE('',*,*,#7580,.T.);
#7638=ORIENTED_EDGE('',*,*,#7606,.T.);
#7639=EDGE_LOOP('',(#7635,#7636,#7637,#7638));
#7640=FACE_BOUND('',#7639,.T.);
#7641=ADVANCED_FACE('',(#7640),#7634,.T.);
#7642=CARTESIAN_POINT('',(-13.9,1.200187845,-4.95));
#7643=CARTESIAN_POINT('',(-13.9,7.200187845,-4.95));
#7644=CARTESIAN_POINT('',(-11.56173141,1.200187845,-4.95));
#7645=CARTESIAN_POINT('',(-11.56173141,7.200187845,-4.95));
#7646=CARTESIAN_POINT('',(-12.730865705,1.200187845,-6.975));
#7647=CARTESIAN_POINT('',(-12.730865705,7.200187845,-6.975));
#7648=CARTESIAN_POINT('',(-13.9,1.200187845,-9.));
#7649=CARTESIAN_POINT('',(-13.9,7.200187845,-9.));
#7650=CARTESIAN_POINT('',(-15.069134295,1.200187845,-6.975));
#7651=CARTESIAN_POINT('',(-15.069134295,7.200187845,-6.975));
#7652=CARTESIAN_POINT('',(-16.23826859,1.200187845,-4.95));
#7653=CARTESIAN_POINT('',(-16.23826859,7.200187845,-4.95));
#7654=CARTESIAN_POINT('',(-13.9,1.200187845,-4.95));
#7655=CARTESIAN_POINT('',(-13.9,7.200187845,-4.95));
#7656=(BOUNDED_SURFACE()
B_SPLINE_SURFACE(2,1,((#7642,#7643),(#7644,#7645),(#7646,#7647),(#7648,#7649),(#7650,#7651),(#7652,#7653),(#7654,#7655)),.UNSPECIFIED.,.T.,.F.,.U.)
B_SPLINE_SURFACE_WITH_KNOTS((3,2,2,3),(2,2),(0.,2.094395102,4.188790205,6.283185307),(0.046193671,0.052193671),.UNSPECIFIED.)
GEOMETRIC_REPRESENTATION_ITEM()
RATIONAL_B_SPLINE_SURFACE(((1.,1.),(0.5,0.5),(1.,1.),(0.5,0.5),(1.,1.),(0.5,0.5),(1.,1.)))
REPRESENTATION_ITEM('')
SURFACE()
);
#7657=CARTESIAN_POINT('',(-13.9,7.200187845,-4.95));
#7658=CARTESIAN_POINT('',(-13.9,1.200187845,-4.95));
#7659=B_SPLINE_CURVE_WITH_KNOTS('',1,(#7657,#7658),.UNSPECIFIED.,.F.,.F.,(2,2),(0.046193671,0.052193671),.UNSPECIFIED.);
#7660=EDGE_CURVE('',#7546,#7452,#7659,.T.);
#7661=ORIENTED_EDGE('',*,*,#7660,.F.);
#7662=ORIENTED_EDGE('',*,*,#7559,.T.);
#7663=ORIENTED_EDGE('',*,*,#7571,.T.);
#7664=ORIENTED_EDGE('',*,*,#7660,.T.);
#7665=ORIENTED_EDGE('',*,*,#7465,.T.);
#7666=ORIENTED_EDGE('',*,*,#7477,.T.);
#7667=EDGE_LOOP('',(#7661,#7662,#7663,#7664,#7665,#7666));
#7668=FACE_BOUND('',#7667,.T.);
#7669=ADVANCED_FACE('',(#7668),#7656,.F.);
#7670=CLOSED_SHELL('',(#7511,#7539,#7597,#7617,#7629,#7641,#7669));
#7671=MANIFOLD_SOLID_BREP('Extruded.002',#7670);
#7445=STYLED_ITEM('',(),#7671);
#7673=CARTESIAN_POINT('',(11.3,1.200187845,-0.));
#7674=CARTESIAN_POINT('',(11.3,7.200187845,-0.));
#7675=CARTESIAN_POINT('',(11.3,1.200187845,-12.6));
#7676=CARTESIAN_POINT('',(11.3,7.200187845,-12.6));
#7677=B_SPLINE_SURFACE_WITH_KNOTS('',1,1,((#7673,#7674),(#7675,#7676)),.UNSPECIFIED.,.F.,.F.,.U.,(2,2),(2,2),(-0.008369499,0.004230501),(-0.003,0.003),.UNSPECIFIED.);
#7678=CARTESIAN_POINT('',(11.3,1.200187845,-0.));
#7679=VERTEX_POINT('',#7678);
#7680=CARTESIAN_POINT('',(11.3,7.200187845,-0.));
#7681=VERTEX_POINT('',#7680);
#7682=CARTESIAN_POINT('',(11.3,1.200187845,-0.));
#7683=CARTESIAN_POINT('',(11.3,7.200187845,-0.));
#7684=B_SPLINE_CURVE_WITH_KNOTS('',1,(#7682,#7683),.UNSPECIFIED.,.F.,.F.,(2,2),(-0.003,0.003),.UNSPECIFIED.);
#7685=EDGE_CURVE('',#7679,#7681,#7684,.T.);
#7686=ORIENTED_EDGE('',*,*,#7685,.T.);
#7687=CARTESIAN_POINT('',(11.3,7.200187845,-12.6));
#7688=VERTEX_POINT('',#7687);
#7689=CARTESIAN_POINT('',(11.3,7.200187845,-12.6));
#7690=CARTESIAN_POINT('',(11.3,7.200187845,-0.));
#7691=B_SPLINE_CURVE_WITH_KNOTS('',1,(#7689,#7690),.UNSPECIFIED.,.F.,.F.,(2,2),(-0.004230501,0.008369499),.UNSPECIFIED.);
#7692=EDGE_CURVE('',#7688,#7681,#7691,.T.);
#7693=ORIENTED_EDGE('',*,*,#7692,.F.);
#7694=CARTESIAN_POINT('',(11.3,1.200187845,-12.6));
#7695=VERTEX_POINT('',#7694);
#7696=CARTESIAN_POINT('',(11.3,1.200187845,-12.6));
#7697=CARTESIAN_POINT('',(11.3,7.200187845,-12.6));
#7698=B_SPLINE_CURVE_WITH_KNOTS('',1,(#7696,#7697),.UNSPECIFIED.,.F.,.F.,(2,2),(0.0108,0.0168),.UNSPECIFIED.);
#7699=EDGE_CURVE('',#7695,#7688,#7698,.T.);
#7700=ORIENTED_EDGE('',*,*,#7699,.F.);
#7701=CARTESIAN_POINT('',(11.3,1.200187845,-12.6));
#7702=CARTESIAN_POINT('',(11.3,1.200187845,-0.));
#7703=B_SPLINE_CURVE_WITH_KNOTS('',1,(#7701,#7702),.UNSPECIFIED.,.F.,.F.,(2,2),(-0.004230501,0.008369499),.UNSPECIFIED.);
#7704=EDGE_CURVE('',#7695,#7679,#7703,.T.);
#7705=ORIENTED_EDGE('',*,*,#7704,.T.);
#7706=EDGE_LOOP('',(#7686,#7693,#7700,#7705));
#7707=FACE_BOUND('',#7706,.T.);
#7708=ADVANCED_FACE('',(#7707),#7677,.F.);
#7709=CARTESIAN_POINT('',(11.3,1.200187845,-12.6));
#7710=CARTESIAN_POINT('',(25.,1.200187845,-12.6));
#7711=CARTESIAN_POINT('',(11.3,1.200187845,0.));
#7712=CARTESIAN_POINT('',(25.,1.200187845,0.));
#7713=B_SPLINE_SURFACE_WITH_KNOTS('',1,1,((#7709,#7710),(#7711,#7712)),.UNSPECIFIED.,.F.,.F.,.U.,(2,2),(2,2),(-0.004230501,0.008369499),(-0.0049,0.0088),.UNSPECIFIED.);
#7714=CARTESIAN_POINT('',(13.9,1.200187845,-4.95));
#7715=VERTEX_POINT('',#7714);
#7716=CARTESIAN_POINT('',(13.9,1.200187845,-4.95));
#7717=CARTESIAN_POINT('',(12.55,1.200187845,-4.95));
#7718=CARTESIAN_POINT('',(12.55,1.200187845,-6.3));
#7719=CARTESIAN_POINT('',(12.55,1.200187845,-7.65));
#7720=CARTESIAN_POINT('',(13.9,1.200187845,-7.65));
#7721=CARTESIAN_POINT('',(15.25,1.200187845,-7.65));
#7722=CARTESIAN_POINT('',(15.25,1.200187845,-6.3));
#7723=CARTESIAN_POINT('',(15.25,1.200187845,-4.95));
#7724=CARTESIAN_POINT('',(13.9,1.200187845,-4.95));
#7725=(BOUNDED_CURVE()
B_SPLINE_CURVE(2,(#7716,#7717,#7718,#7719,#7720,#7721,#7722,#7723,#7724),.UNSPECIFIED.,.T.,.F.)
B_SPLINE_CURVE_WITH_KNOTS((3,2,2,2,3),(0.,1.570796327,3.141592654,4.71238898,6.283185307),.UNSPECIFIED.)
CURVE()
GEOMETRIC_REPRESENTATION_ITEM()
RATIONAL_B_SPLINE_CURVE((1.,0.707106781,1.,0.707106781,1.,0.707106781,1.,0.707106781,1.))
REPRESENTATION_ITEM(''));
#7726=EDGE_CURVE('',#7715,#7715,#7725,.T.);
#7727=ORIENTED_EDGE('',*,*,#7726,.F.);
#7728=EDGE_LOOP('',(#7727));
#7729=FACE_BOUND('',#7728,.T.);
#7730=CARTESIAN_POINT('',(25.,1.200187845,0.));
#7731=VERTEX_POINT('',#7730);
#7732=CARTESIAN_POINT('',(25.,1.200187845,0.));
#7733=CARTESIAN_POINT('',(11.3,1.200187845,0.));
#7734=B_SPLINE_CURVE_WITH_KNOTS('',1,(#7732,#7733),.UNSPECIFIED.,.F.,.F.,(2,2),(-0.024775,-0.011075),.UNSPECIFIED.);
#7735=EDGE_CURVE('',#7731,#7679,#7734,.T.);
#7736=ORIENTED_EDGE('',*,*,#7735,.T.);
#7737=ORIENTED_EDGE('',*,*,#7704,.F.);
#7738=CARTESIAN_POINT('',(25.,1.200187845,-12.6));
#7739=VERTEX_POINT('',#7738);
#7740=CARTESIAN_POINT('',(25.,1.200187845,-12.6));
#7741=CARTESIAN_POINT('',(11.3,1.200187845,-12.6));
#7742=B_SPLINE_CURVE_WITH_KNOTS('',1,(#7740,#7741),.UNSPECIFIED.,.F.,.F.,(2,2),(-0.024775,-0.011075),.UNSPECIFIED.);
#7743=EDGE_CURVE('',#7739,#7695,#7742,.T.);
#7744=ORIENTED_EDGE('',*,*,#7743,.F.);
#7745=CARTESIAN_POINT('',(25.,1.200187845,-12.6));
#7746=CARTESIAN_POINT('',(25.,1.200187845,0.));
#7747=B_SPLINE_CURVE_WITH_KNOTS('',1,(#7745,#7746),.UNSPECIFIED.,.F.,.F.,(2,2),(-0.004230501,0.008369499),.UNSPECIFIED.);
#7748=EDGE_CURVE('',#7739,#7731,#7747,.T.);
#7749=ORIENTED_EDGE('',*,*,#7748,.T.);
#7750=EDGE_LOOP('',(#7736,#7737,#7744,#7749));
#7751=FACE_BOUND('',#7750,.T.);
#7752=ADVANCED_FACE('',(#7729,#7751),#7713,.F.);
#7753=CARTESIAN_POINT('',(25.,1.200187845,-12.6));
#7754=CARTESIAN_POINT('',(25.,7.200187845,-12.6));
#7755=CARTESIAN_POINT('',(25.,1.200187845,0.));
#7756=CARTESIAN_POINT('',(25.,7.200187845,0.));
#7757=B_SPLINE_SURFACE_WITH_KNOTS('',1,1,((#7753,#7754),(#7755,#7756)),.UNSPECIFIED.,.F.,.F.,.U.,(2,2),(2,2),(-0.004230501,0.008369499),(-0.006,0.),.UNSPECIFIED.);
#7758=CARTESIAN_POINT('',(25.,7.200187845,-0.));
#7759=VERTEX_POINT('',#7758);
#7760=CARTESIAN_POINT('',(25.,7.200187845,0.));
#7761=CARTESIAN_POINT('',(25.,1.200187845,0.));
#7762=B_SPLINE_CURVE_WITH_KNOTS('',1,(#7760,#7761),.UNSPECIFIED.,.F.,.F.,(2,2),(-0.0168,-0.0108),.UNSPECIFIED.);
#7763=EDGE_CURVE('',#7759,#7731,#7762,.T.);
#7764=ORIENTED_EDGE('',*,*,#7763,.T.);
#7765=ORIENTED_EDGE('',*,*,#7748,.F.);
#7766=CARTESIAN_POINT('',(25.,7.200187845,-12.6));
#7767=VERTEX_POINT('',#7766);
#7768=CARTESIAN_POINT('',(25.,7.200187845,-12.6));
#7769=CARTESIAN_POINT('',(25.,1.200187845,-12.6));
#7770=B_SPLINE_CURVE_WITH_KNOTS('',1,(#7768,#7769),.UNSPECIFIED.,.F.,.F.,(2,2),(-0.0168,-0.0108),.UNSPECIFIED.);
#7771=EDGE_CURVE('',#7767,#7739,#7770,.T.);
#7772=ORIENTED_EDGE('',*,*,#7771,.F.);
#7773=CARTESIAN_POINT('',(25.,7.200187845,-12.6));
#7774=CARTESIAN_POINT('',(25.,7.200187845,-0.));
#7775=B_SPLINE_CURVE_WITH_KNOTS('',1,(#7773,#7774),.UNSPECIFIED.,.F.,.F.,(2,2),(-0.004230501,0.008369499),.UNSPECIFIED.);
#7776=EDGE_CURVE('',#7767,#7759,#7775,.T.);
#7777=ORIENTED_EDGE('',*,*,#7776,.T.);
#7778=EDGE_LOOP('',(#7764,#7765,#7772,#7777));
#7779=FACE_BOUND('',#7778,.T.);
#7780=ADVANCED_FACE('',(#7779),#7757,.F.);
#7781=CARTESIAN_POINT('',(11.3,7.200187845,-0.));
#7782=CARTESIAN_POINT('',(25.,7.200187845,-0.));
#7783=CARTESIAN_POINT('',(11.3,7.200187845,-12.6));
#7784=CARTESIAN_POINT('',(25.,7.200187845,-12.6));
#7785=B_SPLINE_SURFACE_WITH_KNOTS('',1,1,((#7781,#7782),(#7783,#7784)),.UNSPECIFIED.,.F.,.F.,.U.,(2,2),(2,2),(-0.008369499,0.004230501),(0.,0.0137),.UNSPECIFIED.);
#7786=CARTESIAN_POINT('',(14.503473878,7.200187845,-5.09239109));
#7787=VERTEX_POINT('',#7786);
#7788=CARTESIAN_POINT('',(13.9,7.200187845,-4.95));
#7789=VERTEX_POINT('',#7788);
#7790=CARTESIAN_POINT('',(14.503473878,7.200187845,-5.09239109));
#7791=CARTESIAN_POINT('',(13.295864968,7.200187845,-4.488917212));
#7792=CARTESIAN_POINT('',(12.69239109,7.200187845,-5.696526122));
#7793=CARTESIAN_POINT('',(12.088917212,7.200187845,-6.904135032));
#7794=CARTESIAN_POINT('',(13.296526122,7.200187845,-7.50760891));
#7795=CARTESIAN_POINT('',(14.504135032,7.200187845,-8.111082788));
#7796=CARTESIAN_POINT('',(15.10760891,7.200187845,-6.903473878));
#7797=CARTESIAN_POINT('',(15.711082788,7.200187845,-5.695864968));
#7798=CARTESIAN_POINT('',(14.503473878,7.200187845,-5.09239109));
#7799=(BOUNDED_CURVE()
B_SPLINE_CURVE(2,(#7790,#7791,#7792,#7793,#7794,#7795,#7796,#7797,#7798),.UNSPECIFIED.,.T.,.F.)
B_SPLINE_CURVE_WITH_KNOTS((3,2,2,2,3),(0.,1.570796327,3.141592654,4.71238898,6.283185307),.UNSPECIFIED.)
CURVE()
GEOMETRIC_REPRESENTATION_ITEM()
RATIONAL_B_SPLINE_CURVE((1.,0.707106781,1.,0.707106781,1.,0.707106781,1.,0.707106781,1.))
REPRESENTATION_ITEM(''));
#7800=EDGE_CURVE('',#7787,#7789,#7799,.T.);
#7801=ORIENTED_EDGE('',*,*,#7800,.T.);
#7802=CARTESIAN_POINT('',(14.503473878,7.200187845,-5.09239109));
#7803=CARTESIAN_POINT('',(13.295864968,7.200187845,-4.488917212));
#7804=CARTESIAN_POINT('',(12.69239109,7.200187845,-5.696526122));
#7805=CARTESIAN_POINT('',(12.088917212,7.200187845,-6.904135032));
#7806=CARTESIAN_POINT('',(13.296526122,7.200187845,-7.50760891));
#7807=CARTESIAN_POINT('',(14.504135032,7.200187845,-8.111082788));
#7808=CARTESIAN_POINT('',(15.10760891,7.200187845,-6.903473878));
#7809=CARTESIAN_POINT('',(15.711082788,7.200187845,-5.695864968));
#7810=CARTESIAN_POINT('',(14.503473878,7.200187845,-5.09239109));
#7811=(BOUNDED_CURVE()
B_SPLINE_CURVE(2,(#7802,#7803,#7804,#7805,#7806,#7807,#7808,#7809,#7810),.UNSPECIFIED.,.T.,.F.)
B_SPLINE_CURVE_WITH_KNOTS((3,2,2,2,3),(0.,1.570796327,3.141592654,4.71238898,6.283185307),.UNSPECIFIED.)
CURVE()
GEOMETRIC_REPRESENTATION_ITEM()
RATIONAL_B_SPLINE_CURVE((1.,0.707106781,1.,0.707106781,1.,0.707106781,1.,0.707106781,1.))
REPRESENTATION_ITEM(''));
#7812=EDGE_CURVE('',#7789,#7787,#7811,.T.);
#7813=ORIENTED_EDGE('',*,*,#7812,.T.);
#7814=EDGE_LOOP('',(#7801,#7813));
#7815=FACE_BOUND('',#7814,.T.);
#7816=CARTESIAN_POINT('',(11.3,7.200187845,-0.));
#7817=CARTESIAN_POINT('',(25.,7.200187845,-0.));
#7818=B_SPLINE_CURVE_WITH_KNOTS('',1,(#7816,#7817),.UNSPECIFIED.,.F.,.F.,(2,2),(0.,0.0137),.UNSPECIFIED.);
#7819=EDGE_CURVE('',#7681,#7759,#7818,.T.);
#7820=ORIENTED_EDGE('',*,*,#7819,.T.);
#7821=ORIENTED_EDGE('',*,*,#7776,.F.);
#7822=CARTESIAN_POINT('',(11.3,7.200187845,-12.6));
#7823=CARTESIAN_POINT('',(25.,7.200187845,-12.6));
#7824=B_SPLINE_CURVE_WITH_KNOTS('',1,(#7822,#7823),.UNSPECIFIED.,.F.,.F.,(2,2),(0.011075,0.024775),.UNSPECIFIED.);
#7825=EDGE_CURVE('',#7688,#7767,#7824,.T.);
#7826=ORIENTED_EDGE('',*,*,#7825,.F.);
#7827=ORIENTED_EDGE('',*,*,#7692,.T.);
#7828=EDGE_LOOP('',(#7820,#7821,#7826,#7827));
#7829=FACE_BOUND('',#7828,.T.);
#7830=ADVANCED_FACE('',(#7815,#7829),#7785,.F.);
#7831=CARTESIAN_POINT('',(11.3,1.200187845,-12.6));
#7832=CARTESIAN_POINT('',(11.3,7.200187845,-12.6));
#7833=CARTESIAN_POINT('',(25.,1.200187845,-12.6));
#7834=CARTESIAN_POINT('',(25.,7.200187845,-12.6));
#7835=B_SPLINE_SURFACE_WITH_KNOTS('',1,1,((#7831,#7832),(#7833,#7834)),.UNSPECIFIED.,.F.,.F.,.U.,(2,2),(2,2),(0.011075,0.024775),(0.0108,0.0168),.UNSPECIFIED.);
#7836=ORIENTED_EDGE('',*,*,#7699,.T.);
#7837=ORIENTED_EDGE('',*,*,#7825,.T.);
#7838=ORIENTED_EDGE('',*,*,#7771,.T.);
#7839=ORIENTED_EDGE('',*,*,#7743,.T.);
#7840=EDGE_LOOP('',(#7836,#7837,#7838,#7839));
#7841=FACE_BOUND('',#7840,.T.);
#7842=ADVANCED_FACE('',(#7841),#7835,.F.);
#7843=CARTESIAN_POINT('',(11.3,1.200187845,0.));
#7844=CARTESIAN_POINT('',(11.3,7.200187845,0.));
#7845=CARTESIAN_POINT('',(25.,1.200187845,0.));
#7846=CARTESIAN_POINT('',(25.,7.200187845,0.));
#7847=B_SPLINE_SURFACE_WITH_KNOTS('',1,1,((#7843,#7844),(#7845,#7846)),.UNSPECIFIED.,.F.,.F.,.U.,(2,2),(2,2),(0.011075,0.024775),(0.0108,0.0168),.UNSPECIFIED.);
#7848=ORIENTED_EDGE('',*,*,#7685,.F.);
#7849=ORIENTED_EDGE('',*,*,#7735,.F.);
#7850=ORIENTED_EDGE('',*,*,#7763,.F.);
#7851=ORIENTED_EDGE('',*,*,#7819,.F.);
#7852=EDGE_LOOP('',(#7848,#7849,#7850,#7851));
#7853=FACE_BOUND('',#7852,.T.);
#7854=ADVANCED_FACE('',(#7853),#7847,.T.);
#7855=CARTESIAN_POINT('',(13.9,1.200187845,-4.95));
#7856=CARTESIAN_POINT('',(13.9,7.200187845,-4.95));
#7857=CARTESIAN_POINT('',(16.23826859,1.200187845,-4.95));
#7858=CARTESIAN_POINT('',(16.23826859,7.200187845,-4.95));
#7859=CARTESIAN_POINT('',(15.069134295,1.200187845,-6.975));
#7860=CARTESIAN_POINT('',(15.069134295,7.200187845,-6.975));
#7861=CARTESIAN_POINT('',(13.9,1.200187845,-9.));
#7862=CARTESIAN_POINT('',(13.9,7.200187845,-9.));
#7863=CARTESIAN_POINT('',(12.730865705,1.200187845,-6.975));
#7864=CARTESIAN_POINT('',(12.730865705,7.200187845,-6.975));
#7865=CARTESIAN_POINT('',(11.56173141,1.200187845,-4.95));
#7866=CARTESIAN_POINT('',(11.56173141,7.200187845,-4.95));
#7867=CARTESIAN_POINT('',(13.9,1.200187845,-4.95));
#7868=CARTESIAN_POINT('',(13.9,7.200187845,-4.95));
#7869=(BOUNDED_SURFACE()
B_SPLINE_SURFACE(2,1,((#7855,#7856),(#7857,#7858),(#7859,#7860),(#7861,#7862),(#7863,#7864),(#7865,#7866),(#7867,#7868)),.UNSPECIFIED.,.T.,.F.,.U.)
B_SPLINE_SURFACE_WITH_KNOTS((3,2,2,3),(2,2),(0.,2.094395102,4.188790205,6.283185307),(0.070996582,0.076996582),.UNSPECIFIED.)
GEOMETRIC_REPRESENTATION_ITEM()
RATIONAL_B_SPLINE_SURFACE(((1.,1.),(0.5,0.5),(1.,1.),(0.5,0.5),(1.,1.),(0.5,0.5),(1.,1.)))
REPRESENTATION_ITEM('')
SURFACE()
);
#7870=CARTESIAN_POINT('',(13.9,7.200187845,-4.95));
#7871=CARTESIAN_POINT('',(13.9,1.200187845,-4.95));
#7872=B_SPLINE_CURVE_WITH_KNOTS('',1,(#7870,#7871),.UNSPECIFIED.,.F.,.F.,(2,2),(0.070996582,0.076996582),.UNSPECIFIED.);
#7873=EDGE_CURVE('',#7789,#7715,#7872,.T.);
#7874=ORIENTED_EDGE('',*,*,#7873,.F.);
#7875=ORIENTED_EDGE('',*,*,#7800,.F.);
#7876=ORIENTED_EDGE('',*,*,#7812,.F.);
#7877=ORIENTED_EDGE('',*,*,#7873,.T.);
#7878=ORIENTED_EDGE('',*,*,#7726,.T.);
#7879=EDGE_LOOP('',(#7874,#7875,#7876,#7877,#7878));
#7880=FACE_BOUND('',#7879,.T.);
#7881=ADVANCED_FACE('',(#7880),#7869,.F.);
#7882=CLOSED_SHELL('',(#7708,#7752,#7780,#7830,#7842,#7854,#7881));
#7883=MANIFOLD_SOLID_BREP('Extruded.001',#7882);
#7672=STYLED_ITEM('',(),#7883);
#16=SHAPE_REPRESENTATION('root',(#15),#10);
#17=ADVANCED_BREP_SHAPE_REPRESENTATION('root',(#7444,#7671,#7883),#10);
#7891=SHAPE_REPRESENTATION_RELATIONSHIP('','',#16,#17);
#7892=APPLICATION_CONTEXT('configuration controlled 3D design of mechanical parts and assemblies');
#7893=APPLICATION_PROTOCOL_DEFINITION('international standard','configuration_control_3d_design_ed2_mim',2004,#7892);
#7894=PRODUCT_CONTEXT('',#7892,'mechanical');
#7895=PRODUCT_DEFINITION_CONTEXT('part definition',#7892,'design');
#24=PRODUCT('root','root','',(#7894));
#7896=PRODUCT_RELATED_PRODUCT_CATEGORY('part','',(#24));
#7897=PRODUCT_DEFINITION_FORMATION_WITH_SPECIFIED_SOURCE('','',#24,.NOT_KNOWN.);
#25=PRODUCT_DEFINITION('design','',#7897,#7895);
#23=PRODUCT_DEFINITION_SHAPE('','',#25);
#7898=SHAPE_DEFINITION_REPRESENTATION(#23,#16);
#11=DRAUGHTING_MODEL('',(),#10);
#1=MECHANICAL_DESIGN_GEOMETRIC_PRESENTATION_REPRESENTATION('',(#26,#7445,#7672),#10);
ENDSEC;
END-ISO-10303-21;
