ISO-10303-21;
HEADER;

/* File generated by HOOPS Exchange Version 25.8.0 */

FILE_DESCRIPTION(('HOOPS Exchange Step'),'2;1');

FILE_NAME('/home/tfannes/prints/260619_sg90_holder/holder.step',
'2026-06-19T13:26:44+02:00',
('tfannes'),
('Unknown organisation'),
'HOOPS Exchange 2025.8',
'HOOPS Exchange',
'Unknown authorisation');

FILE_SCHEMA( ('AP203_CONFIGURATION_CONTROLLED_3D_DESIGN_OF_MECHANICAL_PARTS_AND_ASSEMBLIES_MIM_LF') );

ENDSEC;

DATA;
#3=(NAMED_UNIT(*)PLANE_ANGLE_UNIT()SI_UNIT($,.RADIAN.));
#4=PLANE_ANGLE_MEASURE_WITH_UNIT(PLANE_ANGLE_MEASURE(0.0174532925),#3);
#5=(CONVERSION_BASED_UNIT('DEGREE',#4)NAMED_UNIT(#6)PLANE_ANGLE_UNIT());
#6=DIMENSIONAL_EXPONENTS(0.,0.,0.,0.,0.,0.,0.);
#7=(NAMED_UNIT(*)SI_UNIT($,.STERADIAN.)SOLID_ANGLE_UNIT());
#8=(LENGTH_UNIT()NAMED_UNIT(*)SI_UNIT(.MILLI.,.METRE.));
#9=UNCERTAINTY_MEASURE_WITH_UNIT(LENGTH_MEASURE(1.000000E-03),#8,'DISTANCE_ACCURACY_VALUE','Maximum Tolerance applied to model');
#10=(GEOMETRIC_REPRESENTATION_CONTEXT(3)GLOBAL_UNCERTAINTY_ASSIGNED_CONTEXT((#9))GLOBAL_UNIT_ASSIGNED_CONTEXT((#8,#5,#7))REPRESENTATION_CONTEXT('','root'));
#12=CARTESIAN_POINT('',(0.,0.,0.));
#13=DIRECTION('',(0.,0.,1.));
#14=DIRECTION('',(1.,0.,0.));
#15=AXIS2_PLACEMENT_3D('TS3D_PRODUCT_CSYS',#12,#13,#14);
#26=CARTESIAN_POINT('',(-40.73823855,-17.799812155,-5.204016429));
#27=CARTESIAN_POINT('',(-40.355669246,-17.799812155,-4.928870084));
#28=CARTESIAN_POINT('',(-39.865041183,-17.799812155,-4.80395134));
#29=CARTESIAN_POINT('',(-39.333825868,-17.799812155,-4.877795571));
#30=CARTESIAN_POINT('',(-38.85469232,-17.799812155,-5.163443558));
#31=CARTESIAN_POINT('',(-38.524014072,-17.799812155,-5.623225596));
#32=CARTESIAN_POINT('',(-38.405654552,-17.799812155,-6.168344623));
#33=CARTESIAN_POINT('',(-38.504663032,-17.799812155,-6.695449927));
#34=CARTESIAN_POINT('',(-38.779192146,-17.799812155,-7.120837227));
#35=CARTESIAN_POINT('',(-39.16176145,-17.799812155,-7.395983571));
#36=CARTESIAN_POINT('',(-39.544330754,-17.799812155,-7.671129916));
#37=CARTESIAN_POINT('',(-40.034958817,-17.799812155,-7.79604866));
#38=CARTESIAN_POINT('',(-40.566174132,-17.799812155,-7.722204429));
#39=CARTESIAN_POINT('',(-41.04530768,-17.799812155,-7.436556442));
#40=CARTESIAN_POINT('',(-41.375985928,-17.799812155,-6.976774404));
#41=CARTESIAN_POINT('',(-41.494345447,-17.799812155,-6.431655377));
#42=CARTESIAN_POINT('',(-41.395336968,-17.799812155,-5.904550073));
#43=CARTESIAN_POINT('',(-41.120807853,-17.799812155,-5.479162773));
#44=CARTESIAN_POINT('',(-40.73823855,-17.799812155,-5.204016429));
#45=B_SPLINE_CURVE_WITH_KNOTS('Circle.008',9,(#26,#27,#28,#29,#30,#31,#32,#33,#34,#35,#36,#37,#38,#39,#40,#41,#42,#43,#44),.UNSPECIFIED.,.T.,.F.,(10,9,10),(0.,3.141592654,6.283185307),.UNSPECIFIED.);
#47=CARTESIAN_POINT('',(-50.,-37.5,0.));
#48=CARTESIAN_POINT('',(-50.,-12.5,0.));
#49=CARTESIAN_POINT('',(0.,-37.5,0.));
#50=CARTESIAN_POINT('',(0.,-12.5,0.));
#51=B_SPLINE_SURFACE_WITH_KNOTS('',1,1,((#47,#48),(#49,#50)),.UNSPECIFIED.,.F.,.F.,.U.,(2,2),(2,2),(-0.05,0.),(-0.0375,-0.0125),.UNSPECIFIED.);
#52=CARTESIAN_POINT('',(-33.150668377,-22.041910752,-0.000009472));
#53=VERTEX_POINT('',#52);
#54=CARTESIAN_POINT('',(-29.998581995,-16.582423453,0.000006592));
#55=VERTEX_POINT('',#54);
#56=CARTESIAN_POINT('',(-33.150498145,-22.041861725,0.));
#57=CARTESIAN_POINT('',(-33.2813286,-21.946171934,0.));
#58=CARTESIAN_POINT('',(-33.398231494,-21.844727416,0.));
#59=CARTESIAN_POINT('',(-33.51790044,-21.740882607,0.));
#60=CARTESIAN_POINT('',(-33.62780545,-21.627217791,0.));
#61=CARTESIAN_POINT('',(-33.847444567,-21.40006491,0.));
#62=CARTESIAN_POINT('',(-34.025902323,-21.137096686,0.));
#63=CARTESIAN_POINT('',(-34.204231035,-20.874318617,0.));
#64=CARTESIAN_POINT('',(-34.333979938,-20.586815254,0.));
#65=CARTESIAN_POINT('',(-34.465231989,-20.295981147,0.));
#66=CARTESIAN_POINT('',(-34.541201177,-19.992218079,0.));
#67=CARTESIAN_POINT('',(-34.617641502,-19.686571167,0.));
#68=CARTESIAN_POINT('',(-34.636678547,-19.37086266,0.));
#69=CARTESIAN_POINT('',(-34.655686375,-19.055638675,0.));
#70=CARTESIAN_POINT('',(-34.616858055,-18.743571607,0.));
#71=CARTESIAN_POINT('',(-34.577707395,-18.428913865,0.));
#72=CARTESIAN_POINT('',(-34.481578319,-18.131955071,0.));
#73=CARTESIAN_POINT('',(-34.384778811,-17.832925198,0.));
#74=CARTESIAN_POINT('',(-34.231604745,-17.558973383,0.));
#75=CARTESIAN_POINT('',(-34.155247559,-17.422408558,0.));
#76=CARTESIAN_POINT('',(-34.065955223,-17.294004921,0.));
#77=CARTESIAN_POINT('',(-33.97656073,-17.165454381,0.));
#78=CARTESIAN_POINT('',(-33.875396692,-17.046791192,0.));
#79=CARTESIAN_POINT('',(-33.773742048,-16.927552533,0.));
#80=CARTESIAN_POINT('',(-33.661578449,-16.819900412,0.));
#81=CARTESIAN_POINT('',(-33.548490594,-16.71136121,0.));
#82=CARTESIAN_POINT('',(-33.426237815,-16.616048251,0.));
#83=CARTESIAN_POINT('',(-33.179832415,-16.423941143,0.));
#84=CARTESIAN_POINT('',(-32.899153118,-16.288383339,0.));
#85=CARTESIAN_POINT('',(-32.759256993,-16.220818643,0.));
#86=CARTESIAN_POINT('',(-32.613157177,-16.168431501,0.));
#87=CARTESIAN_POINT('',(-32.466828044,-16.115962133,0.));
#88=CARTESIAN_POINT('',(-32.316533344,-16.079519864,0.));
#89=CARTESIAN_POINT('',(-32.165383199,-16.042870173,0.));
#90=CARTESIAN_POINT('',(-32.01258329,-16.022995744,0.));
#91=CARTESIAN_POINT('',(-31.858343931,-16.002934089,0.));
#92=CARTESIAN_POINT('',(-31.704809533,-16.00026856,0.));
#93=CARTESIAN_POINT('',(-31.550549527,-15.997590434,0.));
#94=CARTESIAN_POINT('',(-31.396972009,-16.012613223,0.));
#95=CARTESIAN_POINT('',(-31.243698392,-16.027606284,0.));
#96=CARTESIAN_POINT('',(-31.093105134,-16.059963784,0.));
#97=CARTESIAN_POINT('',(-30.942468706,-16.09233056,0.));
#98=CARTESIAN_POINT('',(-30.797200217,-16.141486601,0.));
#99=CARTESIAN_POINT('',(-30.651208908,-16.19088723,0.));
#100=CARTESIAN_POINT('',(-30.513287227,-16.25634025,0.));
#101=CARTESIAN_POINT('',(-30.37406798,-16.322409051,0.));
#102=CARTESIAN_POINT('',(-30.245587274,-16.40363146,0.));
#103=CARTESIAN_POINT('',(-30.114536844,-16.486478388,0.));
#104=CARTESIAN_POINT('',(-29.998546137,-16.582352582,0.));
#105=B_SPLINE_CURVE_WITH_KNOTS('',2,(#56,#57,#58,#59,#60,#61,#62,#63,#64,#65,#66,#67,#68,#69,#70,#71,#72,#73,#74,#75,#76,#77,#78,#79,#80,#81,
#82,#83,#84,#85,#86,#87,#88,#89,#90,#91,#92,#93,#94,#95,#96,#97,#98,#99,#100,#101,#102,#103,#104),.UNSPECIFIED.,.F.,.F.,(3,2,2,2,2,2,2,2,2,2,2,2,2,2,2,2,2,2,2,2,2,2,2,2,3),(0.,0.03125,0.0625,0.125,0.1875,0.25,0.3125,0.375,0.4375,0.5,0.53125,0.5625,0.59375,0.625,0.6875,0.71875,0.75,0.78125,0.8125,0.84375,0.875,0.90625,0.9375,0.96875,1.),.UNSPECIFIED.);
#106=EDGE_CURVE('',#53,#55,#105,.T.);
#107=ORIENTED_EDGE('',*,*,#106,.F.);
#108=CARTESIAN_POINT('',(-29.99858832,-16.582465839,0.));
#109=CARTESIAN_POINT('',(-29.852280048,-16.636966588,0.));
#110=CARTESIAN_POINT('',(-29.714069641,-16.709610744,0.));
#111=CARTESIAN_POINT('',(-29.57787963,-16.781192967,0.));
#112=CARTESIAN_POINT('',(-29.448590861,-16.871348737,0.));
#113=CARTESIAN_POINT('',(-29.320933197,-16.960367104,0.));
#114=CARTESIAN_POINT('',(-29.202590141,-17.066159317,0.));
#115=CARTESIAN_POINT('',(-29.086944791,-17.169539927,0.));
#116=CARTESIAN_POINT('',(-28.982574595,-17.2872906,0.));
#117=CARTESIAN_POINT('',(-28.87928605,-17.403820953,0.));
#118=CARTESIAN_POINT('',(-28.78920667,-17.532536677,0.));
#119=CARTESIAN_POINT('',(-28.699320425,-17.660976427,0.));
#120=CARTESIAN_POINT('',(-28.624546975,-17.799404461,0.));
#121=CARTESIAN_POINT('',(-28.551205534,-17.935181416,0.));
#122=CARTESIAN_POINT('',(-28.492671537,-18.081131968,0.));
#123=CARTESIAN_POINT('',(-28.43497301,-18.224999335,0.));
#124=CARTESIAN_POINT('',(-28.392741595,-18.37695204,0.));
#125=CARTESIAN_POINT('',(-28.351008266,-18.527112587,0.));
#126=CARTESIAN_POINT('',(-28.325328522,-18.682970433,0.));
#127=CARTESIAN_POINT('',(-28.300121765,-18.835957582,0.));
#128=CARTESIAN_POINT('',(-28.291061533,-18.992272788,0.));
#129=CARTESIAN_POINT('',(-28.282038904,-19.14793925,0.));
#130=CARTESIAN_POINT('',(-28.289497052,-19.304673667,0.));
#131=CARTESIAN_POINT('',(-28.296927446,-19.460824818,0.));
#132=CARTESIAN_POINT('',(-28.321026841,-19.616280211,0.));
#133=CARTESIAN_POINT('',(-28.344644176,-19.768626035,0.));
#134=CARTESIAN_POINT('',(-28.384530103,-19.920561642,0.));
#135=CARTESIAN_POINT('',(-28.423843455,-20.070316165,0.));
#136=CARTESIAN_POINT('',(-28.478778454,-20.217687801,0.));
#137=CARTESIAN_POINT('',(-28.533265189,-20.363856902,0.));
#138=CARTESIAN_POINT('',(-28.602687946,-20.505616223,0.));
#139=CARTESIAN_POINT('',(-28.670906668,-20.644916938,0.));
#140=CARTESIAN_POINT('',(-28.752938191,-20.7780396,0.));
#141=CARTESIAN_POINT('',(-28.834463868,-20.910341362,0.));
#142=CARTESIAN_POINT('',(-28.928883386,-21.034734069,0.));
#143=CARTESIAN_POINT('',(-29.023561155,-21.159467009,0.));
#144=CARTESIAN_POINT('',(-29.130539978,-21.274785268,0.));
#145=CARTESIAN_POINT('',(-29.235630959,-21.388068521,0.));
#146=CARTESIAN_POINT('',(-29.353191225,-21.492604261,0.));
#147=CARTESIAN_POINT('',(-29.468458706,-21.595101235,0.));
#148=CARTESIAN_POINT('',(-29.594689107,-21.687871283,0.));
#149=CARTESIAN_POINT('',(-29.71987689,-21.779875083,0.));
#150=CARTESIAN_POINT('',(-29.854641531,-21.861055515,0.));
#151=CARTESIAN_POINT('',(-29.988110152,-21.941455241,0.));
#152=CARTESIAN_POINT('',(-30.129640302,-22.010091425,0.));
#153=CARTESIAN_POINT('',(-30.269080466,-22.077714054,0.));
#154=CARTESIAN_POINT('',(-30.414954595,-22.132919067,0.));
#155=CARTESIAN_POINT('',(-30.560262996,-22.187909984,0.));
#156=CARTESIAN_POINT('',(-30.710492536,-22.229712812,0.));
#157=CARTESIAN_POINT('',(-30.860481667,-22.271448743,0.));
#158=CARTESIAN_POINT('',(-31.015908496,-22.299780172,0.));
#159=CARTESIAN_POINT('',(-31.168136157,-22.327528451,0.));
#160=CARTESIAN_POINT('',(-31.324630142,-22.342003371,0.));
#161=CARTESIAN_POINT('',(-31.478280111,-22.356215233,0.));
#162=CARTESIAN_POINT('',(-31.634680664,-22.357229385,0.));
#163=CARTESIAN_POINT('',(-31.789748829,-22.358234897,0.));
#164=CARTESIAN_POINT('',(-31.946034305,-22.345981505,0.));
#165=CARTESIAN_POINT('',(-32.101715637,-22.333775481,0.));
#166=CARTESIAN_POINT('',(-32.257067361,-22.308257203,0.));
#167=CARTESIAN_POINT('',(-32.4103388,-22.283080636,0.));
#168=CARTESIAN_POINT('',(-32.561795217,-22.244914516,0.));
#169=CARTESIAN_POINT('',(-32.86441936,-22.168655025,0.));
#170=CARTESIAN_POINT('',(-33.150716761,-22.041955867,0.));
#171=B_SPLINE_CURVE_WITH_KNOTS('',2,(#108,#109,#110,#111,#112,#113,#114,#115,#116,#117,#118,#119,#120,#121,#122,#123,#124,#125,#126,#127,#128,#129,#130,#131,#132,#133,
#134,#135,#136,#137,#138,#139,#140,#141,#142,#143,#144,#145,#146,#147,#148,#149,#150,#151,#152,#153,#154,#155,#156,#157,#158,
#159,#160,#161,#162,#163,#164,#165,#166,#167,#168,#169,#170),.UNSPECIFIED.,.F.,.F.,(3,2,2,2,2,2,2,2,2,2,2,2,2,2,2,2,2,2,2,2,2,2,2,2,2,2,
2,2,2,2,2,3),(0.,0.03125,0.0625,0.09375,0.125,0.15625,0.1875,0.21875,0.25,0.28125,0.3125,0.34375,0.375,0.40625,0.4375,0.46875,0.5,0.53125,0.5625,0.59375,0.625,0.65625,0.6875,0.71875,0.75,0.78125,
0.8125,0.84375,0.875,0.90625,0.9375,1.),.UNSPECIFIED.);
#172=EDGE_CURVE('',#55,#53,#171,.T.);
#173=ORIENTED_EDGE('',*,*,#172,.F.);
#174=EDGE_LOOP('',(#107,#173));
#175=FACE_BOUND('',#174,.T.);
#176=CARTESIAN_POINT('',(-45.650668377,-22.041910752,-0.000009472));
#177=VERTEX_POINT('',#176);
#178=CARTESIAN_POINT('',(-42.498581995,-16.582423453,0.000006592));
#179=VERTEX_POINT('',#178);
#180=CARTESIAN_POINT('',(-45.650498145,-22.041861725,0.));
#181=CARTESIAN_POINT('',(-45.7813286,-21.946171934,0.));
#182=CARTESIAN_POINT('',(-45.898231494,-21.844727416,0.));
#183=CARTESIAN_POINT('',(-46.01790044,-21.740882607,0.));
#184=CARTESIAN_POINT('',(-46.12780545,-21.627217791,0.));
#185=CARTESIAN_POINT('',(-46.347444567,-21.40006491,0.));
#186=CARTESIAN_POINT('',(-46.525902323,-21.137096686,0.));
#187=CARTESIAN_POINT('',(-46.704231035,-20.874318617,0.));
#188=CARTESIAN_POINT('',(-46.833979938,-20.586815254,0.));
#189=CARTESIAN_POINT('',(-46.965231989,-20.295981147,0.));
#190=CARTESIAN_POINT('',(-47.041201177,-19.992218079,0.));
#191=CARTESIAN_POINT('',(-47.117641502,-19.686571167,0.));
#192=CARTESIAN_POINT('',(-47.136678547,-19.37086266,0.));
#193=CARTESIAN_POINT('',(-47.155686375,-19.055638675,0.));
#194=CARTESIAN_POINT('',(-47.116858055,-18.743571607,0.));
#195=CARTESIAN_POINT('',(-47.077707395,-18.428913865,0.));
#196=CARTESIAN_POINT('',(-46.981578319,-18.131955071,0.));
#197=CARTESIAN_POINT('',(-46.884778811,-17.832925198,0.));
#198=CARTESIAN_POINT('',(-46.731604745,-17.558973383,0.));
#199=CARTESIAN_POINT('',(-46.655247559,-17.422408558,0.));
#200=CARTESIAN_POINT('',(-46.565955223,-17.294004921,0.));
#201=CARTESIAN_POINT('',(-46.47656073,-17.165454381,0.));
#202=CARTESIAN_POINT('',(-46.375396692,-17.046791192,0.));
#203=CARTESIAN_POINT('',(-46.273742048,-16.927552533,0.));
#204=CARTESIAN_POINT('',(-46.161578449,-16.819900412,0.));
#205=CARTESIAN_POINT('',(-46.048490594,-16.71136121,0.));
#206=CARTESIAN_POINT('',(-45.926237815,-16.616048251,0.));
#207=CARTESIAN_POINT('',(-45.679832415,-16.423941143,0.));
#208=CARTESIAN_POINT('',(-45.399153118,-16.288383339,0.));
#209=CARTESIAN_POINT('',(-45.259256993,-16.220818643,0.));
#210=CARTESIAN_POINT('',(-45.113157177,-16.168431501,0.));
#211=CARTESIAN_POINT('',(-44.966828044,-16.115962133,0.));
#212=CARTESIAN_POINT('',(-44.816533344,-16.079519864,0.));
#213=CARTESIAN_POINT('',(-44.665383199,-16.042870173,0.));
#214=CARTESIAN_POINT('',(-44.51258329,-16.022995744,0.));
#215=CARTESIAN_POINT('',(-44.358343931,-16.002934089,0.));
#216=CARTESIAN_POINT('',(-44.204809533,-16.00026856,0.));
#217=CARTESIAN_POINT('',(-44.050549527,-15.997590434,0.));
#218=CARTESIAN_POINT('',(-43.896972009,-16.012613223,0.));
#219=CARTESIAN_POINT('',(-43.743698392,-16.027606284,0.));
#220=CARTESIAN_POINT('',(-43.593105134,-16.059963784,0.));
#221=CARTESIAN_POINT('',(-43.442468706,-16.09233056,0.));
#222=CARTESIAN_POINT('',(-43.297200217,-16.141486601,0.));
#223=CARTESIAN_POINT('',(-43.151208908,-16.19088723,0.));
#224=CARTESIAN_POINT('',(-43.013287227,-16.25634025,0.));
#225=CARTESIAN_POINT('',(-42.87406798,-16.322409051,0.));
#226=CARTESIAN_POINT('',(-42.745587274,-16.40363146,0.));
#227=CARTESIAN_POINT('',(-42.614536844,-16.486478388,0.));
#228=CARTESIAN_POINT('',(-42.498546137,-16.582352582,0.));
#229=B_SPLINE_CURVE_WITH_KNOTS('',2,(#180,#181,#182,#183,#184,#185,#186,#187,#188,#189,#190,#191,#192,#193,#194,#195,#196,#197,#198,#199,#200,#201,#202,#203,#204,#205,
#206,#207,#208,#209,#210,#211,#212,#213,#214,#215,#216,#217,#218,#219,#220,#221,#222,#223,#224,#225,#226,#227,#228),.UNSPECIFIED.,.F.,.F.,(3,2,2,2,2,2,2,2,2,2,2,2,2,2,2,2,2,2,2,2,2,2,2,2,3),(0.,0.03125,0.0625,0.125,0.1875,0.25,0.3125,0.375,0.4375,0.5,0.53125,0.5625,0.59375,0.625,0.6875,0.71875,0.75,0.78125,0.8125,0.84375,0.875,0.90625,0.9375,0.96875,1.),.UNSPECIFIED.);
#230=EDGE_CURVE('',#177,#179,#229,.T.);
#231=ORIENTED_EDGE('',*,*,#230,.F.);
#232=CARTESIAN_POINT('',(-42.49858832,-16.582465839,0.));
#233=CARTESIAN_POINT('',(-42.352280048,-16.636966588,0.));
#234=CARTESIAN_POINT('',(-42.214069641,-16.709610744,0.));
#235=CARTESIAN_POINT('',(-42.07787963,-16.781192967,0.));
#236=CARTESIAN_POINT('',(-41.948590861,-16.871348737,0.));
#237=CARTESIAN_POINT('',(-41.820933197,-16.960367104,0.));
#238=CARTESIAN_POINT('',(-41.702590141,-17.066159317,0.));
#239=CARTESIAN_POINT('',(-41.58694479,-17.169539927,0.));
#240=CARTESIAN_POINT('',(-41.482574595,-17.2872906,0.));
#241=CARTESIAN_POINT('',(-41.37928605,-17.403820953,0.));
#242=CARTESIAN_POINT('',(-41.28920667,-17.532536677,0.));
#243=CARTESIAN_POINT('',(-41.199320425,-17.660976427,0.));
#244=CARTESIAN_POINT('',(-41.124546975,-17.799404461,0.));
#245=CARTESIAN_POINT('',(-41.051205534,-17.935181416,0.));
#246=CARTESIAN_POINT('',(-40.992671537,-18.081131968,0.));
#247=CARTESIAN_POINT('',(-40.93497301,-18.224999335,0.));
#248=CARTESIAN_POINT('',(-40.892741595,-18.37695204,0.));
#249=CARTESIAN_POINT('',(-40.851008266,-18.527112587,0.));
#250=CARTESIAN_POINT('',(-40.825328522,-18.682970433,0.));
#251=CARTESIAN_POINT('',(-40.800121765,-18.835957582,0.));
#252=CARTESIAN_POINT('',(-40.791061533,-18.992272788,0.));
#253=CARTESIAN_POINT('',(-40.782038904,-19.14793925,0.));
#254=CARTESIAN_POINT('',(-40.789497052,-19.304673667,0.));
#255=CARTESIAN_POINT('',(-40.796927446,-19.460824818,0.));
#256=CARTESIAN_POINT('',(-40.821026841,-19.616280211,0.));
#257=CARTESIAN_POINT('',(-40.844644176,-19.768626035,0.));
#258=CARTESIAN_POINT('',(-40.884530103,-19.920561642,0.));
#259=CARTESIAN_POINT('',(-40.923843455,-20.070316165,0.));
#260=CARTESIAN_POINT('',(-40.978778454,-20.217687801,0.));
#261=CARTESIAN_POINT('',(-41.033265189,-20.363856902,0.));
#262=CARTESIAN_POINT('',(-41.102687946,-20.505616223,0.));
#263=CARTESIAN_POINT('',(-41.170906668,-20.644916938,0.));
#264=CARTESIAN_POINT('',(-41.252938191,-20.7780396,0.));
#265=CARTESIAN_POINT('',(-41.334463868,-20.910341362,0.));
#266=CARTESIAN_POINT('',(-41.428883386,-21.034734069,0.));
#267=CARTESIAN_POINT('',(-41.523561155,-21.159467009,0.));
#268=CARTESIAN_POINT('',(-41.630539978,-21.274785268,0.));
#269=CARTESIAN_POINT('',(-41.735630959,-21.388068521,0.));
#270=CARTESIAN_POINT('',(-41.853191225,-21.492604261,0.));
#271=CARTESIAN_POINT('',(-41.968458706,-21.595101235,0.));
#272=CARTESIAN_POINT('',(-42.094689107,-21.687871283,0.));
#273=CARTESIAN_POINT('',(-42.21987689,-21.779875083,0.));
#274=CARTESIAN_POINT('',(-42.354641531,-21.861055515,0.));
#275=CARTESIAN_POINT('',(-42.488110152,-21.941455241,0.));
#276=CARTESIAN_POINT('',(-42.629640302,-22.010091425,0.));
#277=CARTESIAN_POINT('',(-42.769080466,-22.077714054,0.));
#278=CARTESIAN_POINT('',(-42.914954595,-22.132919067,0.));
#279=CARTESIAN_POINT('',(-43.060262996,-22.187909984,0.));
#280=CARTESIAN_POINT('',(-43.210492536,-22.229712812,0.));
#281=CARTESIAN_POINT('',(-43.360481667,-22.271448743,0.));
#282=CARTESIAN_POINT('',(-43.515908496,-22.299780172,0.));
#283=CARTESIAN_POINT('',(-43.668136157,-22.327528451,0.));
#284=CARTESIAN_POINT('',(-43.824630142,-22.342003371,0.));
#285=CARTESIAN_POINT('',(-43.978280111,-22.356215233,0.));
#286=CARTESIAN_POINT('',(-44.134680664,-22.357229385,0.));
#287=CARTESIAN_POINT('',(-44.289748829,-22.358234897,0.));
#288=CARTESIAN_POINT('',(-44.446034305,-22.345981505,0.));
#289=CARTESIAN_POINT('',(-44.601715637,-22.333775481,0.));
#290=CARTESIAN_POINT('',(-44.757067361,-22.308257203,0.));
#291=CARTESIAN_POINT('',(-44.9103388,-22.283080636,0.));
#292=CARTESIAN_POINT('',(-45.061795217,-22.244914516,0.));
#293=CARTESIAN_POINT('',(-45.36441936,-22.168655025,0.));
#294=CARTESIAN_POINT('',(-45.650716761,-22.041955867,0.));
#295=B_SPLINE_CURVE_WITH_KNOTS('',2,(#232,#233,#234,#235,#236,#237,#238,#239,#240,#241,#242,#243,#244,#245,#246,#247,#248,#249,#250,#251,#252,#253,#254,#255,#256,#257,
#258,#259,#260,#261,#262,#263,#264,#265,#266,#267,#268,#269,#270,#271,#272,#273,#274,#275,#276,#277,#278,#279,#280,#281,#282,
#283,#284,#285,#286,#287,#288,#289,#290,#291,#292,#293,#294),.UNSPECIFIED.,.F.,.F.,(3,2,2,2,2,2,2,2,2,2,2,2,2,2,2,2,2,2,2,2,2,2,2,2,2,2,
2,2,2,2,2,3),(0.,0.03125,0.0625,0.09375,0.125,0.15625,0.1875,0.21875,0.25,0.28125,0.3125,0.34375,0.375,0.40625,0.4375,0.46875,0.5,0.53125,0.5625,0.59375,0.625,0.65625,0.6875,0.71875,0.75,0.78125,
0.8125,0.84375,0.875,0.90625,0.9375,1.),.UNSPECIFIED.);
#296=EDGE_CURVE('',#179,#177,#295,.T.);
#297=ORIENTED_EDGE('',*,*,#296,.F.);
#298=EDGE_LOOP('',(#231,#297));
#299=FACE_BOUND('',#298,.T.);
#300=CARTESIAN_POINT('',(-8.150668377,-22.041910752,-0.000009472));
#301=VERTEX_POINT('',#300);
#302=CARTESIAN_POINT('',(-4.998581995,-16.582423453,0.000006592));
#303=VERTEX_POINT('',#302);
#304=CARTESIAN_POINT('',(-8.150498145,-22.041861725,0.));
#305=CARTESIAN_POINT('',(-8.2813286,-21.946171934,0.));
#306=CARTESIAN_POINT('',(-8.398231494,-21.844727416,0.));
#307=CARTESIAN_POINT('',(-8.51790044,-21.740882607,0.));
#308=CARTESIAN_POINT('',(-8.62780545,-21.627217791,0.));
#309=CARTESIAN_POINT('',(-8.847444567,-21.40006491,0.));
#310=CARTESIAN_POINT('',(-9.025902323,-21.137096686,0.));
#311=CARTESIAN_POINT('',(-9.204231035,-20.874318617,0.));
#312=CARTESIAN_POINT('',(-9.333979938,-20.586815254,0.));
#313=CARTESIAN_POINT('',(-9.465231989,-20.295981147,0.));
#314=CARTESIAN_POINT('',(-9.541201177,-19.992218079,0.));
#315=CARTESIAN_POINT('',(-9.617641502,-19.686571167,0.));
#316=CARTESIAN_POINT('',(-9.636678547,-19.37086266,0.));
#317=CARTESIAN_POINT('',(-9.655686375,-19.055638675,0.));
#318=CARTESIAN_POINT('',(-9.616858055,-18.743571607,0.));
#319=CARTESIAN_POINT('',(-9.577707395,-18.428913865,0.));
#320=CARTESIAN_POINT('',(-9.481578319,-18.131955071,0.));
#321=CARTESIAN_POINT('',(-9.384778811,-17.832925198,0.));
#322=CARTESIAN_POINT('',(-9.231604745,-17.558973383,0.));
#323=CARTESIAN_POINT('',(-9.155247559,-17.422408558,0.));
#324=CARTESIAN_POINT('',(-9.065955223,-17.294004921,0.));
#325=CARTESIAN_POINT('',(-8.97656073,-17.165454381,0.));
#326=CARTESIAN_POINT('',(-8.875396692,-17.046791192,0.));
#327=CARTESIAN_POINT('',(-8.773742048,-16.927552533,0.));
#328=CARTESIAN_POINT('',(-8.661578449,-16.819900412,0.));
#329=CARTESIAN_POINT('',(-8.548490594,-16.71136121,0.));
#330=CARTESIAN_POINT('',(-8.426237815,-16.616048251,0.));
#331=CARTESIAN_POINT('',(-8.179832415,-16.423941143,0.));
#332=CARTESIAN_POINT('',(-7.899153118,-16.288383339,0.));
#333=CARTESIAN_POINT('',(-7.759256993,-16.220818643,0.));
#334=CARTESIAN_POINT('',(-7.613157177,-16.168431501,0.));
#335=CARTESIAN_POINT('',(-7.466828044,-16.115962133,0.));
#336=CARTESIAN_POINT('',(-7.316533344,-16.079519864,0.));
#337=CARTESIAN_POINT('',(-7.165383199,-16.042870173,0.));
#338=CARTESIAN_POINT('',(-7.01258329,-16.022995744,0.));
#339=CARTESIAN_POINT('',(-6.858343931,-16.002934089,0.));
#340=CARTESIAN_POINT('',(-6.704809533,-16.00026856,0.));
#341=CARTESIAN_POINT('',(-6.550549527,-15.997590434,0.));
#342=CARTESIAN_POINT('',(-6.396972009,-16.012613223,0.));
#343=CARTESIAN_POINT('',(-6.243698392,-16.027606284,0.));
#344=CARTESIAN_POINT('',(-6.093105134,-16.059963784,0.));
#345=CARTESIAN_POINT('',(-5.942468706,-16.09233056,0.));
#346=CARTESIAN_POINT('',(-5.797200217,-16.141486601,0.));
#347=CARTESIAN_POINT('',(-5.651208908,-16.19088723,0.));
#348=CARTESIAN_POINT('',(-5.513287227,-16.25634025,0.));
#349=CARTESIAN_POINT('',(-5.37406798,-16.322409051,0.));
#350=CARTESIAN_POINT('',(-5.245587274,-16.40363146,0.));
#351=CARTESIAN_POINT('',(-5.114536844,-16.486478388,0.));
#352=CARTESIAN_POINT('',(-4.998546137,-16.582352582,0.));
#353=B_SPLINE_CURVE_WITH_KNOTS('',2,(#304,#305,#306,#307,#308,#309,#310,#311,#312,#313,#314,#315,#316,#317,#318,#319,#320,#321,#322,#323,#324,#325,#326,#327,#328,#329,
#330,#331,#332,#333,#334,#335,#336,#337,#338,#339,#340,#341,#342,#343,#344,#345,#346,#347,#348,#349,#350,#351,#352),.UNSPECIFIED.,.F.,.F.,(3,2,2,2,2,2,2,2,2,2,2,2,2,2,2,2,2,2,2,2,2,2,2,2,3),(0.,0.03125,0.0625,0.125,0.1875,0.25,0.3125,0.375,0.4375,0.5,0.53125,0.5625,0.59375,0.625,0.6875,0.71875,0.75,0.78125,0.8125,0.84375,0.875,0.90625,0.9375,0.96875,1.),.UNSPECIFIED.);
#354=EDGE_CURVE('',#301,#303,#353,.T.);
#355=ORIENTED_EDGE('',*,*,#354,.F.);
#356=CARTESIAN_POINT('',(-4.99858832,-16.582465839,0.));
#357=CARTESIAN_POINT('',(-4.852280048,-16.636966588,0.));
#358=CARTESIAN_POINT('',(-4.714069641,-16.709610744,0.));
#359=CARTESIAN_POINT('',(-4.57787963,-16.781192967,0.));
#360=CARTESIAN_POINT('',(-4.448590861,-16.871348737,0.));
#361=CARTESIAN_POINT('',(-4.320933197,-16.960367104,0.));
#362=CARTESIAN_POINT('',(-4.202590141,-17.066159317,0.));
#363=CARTESIAN_POINT('',(-4.086944791,-17.169539927,0.));
#364=CARTESIAN_POINT('',(-3.982574595,-17.2872906,0.));
#365=CARTESIAN_POINT('',(-3.87928605,-17.403820953,0.));
#366=CARTESIAN_POINT('',(-3.78920667,-17.532536677,0.));
#367=CARTESIAN_POINT('',(-3.699320425,-17.660976427,0.));
#368=CARTESIAN_POINT('',(-3.624546975,-17.799404461,0.));
#369=CARTESIAN_POINT('',(-3.551205534,-17.935181416,0.));
#370=CARTESIAN_POINT('',(-3.492671537,-18.081131968,0.));
#371=CARTESIAN_POINT('',(-3.43497301,-18.224999335,0.));
#372=CARTESIAN_POINT('',(-3.392741595,-18.37695204,0.));
#373=CARTESIAN_POINT('',(-3.351008266,-18.527112587,0.));
#374=CARTESIAN_POINT('',(-3.325328522,-18.682970433,0.));
#375=CARTESIAN_POINT('',(-3.300121765,-18.835957582,0.));
#376=CARTESIAN_POINT('',(-3.291061533,-18.992272788,0.));
#377=CARTESIAN_POINT('',(-3.282038904,-19.14793925,0.));
#378=CARTESIAN_POINT('',(-3.289497052,-19.304673667,0.));
#379=CARTESIAN_POINT('',(-3.296927446,-19.460824818,0.));
#380=CARTESIAN_POINT('',(-3.321026841,-19.616280211,0.));
#381=CARTESIAN_POINT('',(-3.344644176,-19.768626035,0.));
#382=CARTESIAN_POINT('',(-3.384530103,-19.920561642,0.));
#383=CARTESIAN_POINT('',(-3.423843455,-20.070316165,0.));
#384=CARTESIAN_POINT('',(-3.478778454,-20.217687801,0.));
#385=CARTESIAN_POINT('',(-3.533265189,-20.363856902,0.));
#386=CARTESIAN_POINT('',(-3.602687946,-20.505616223,0.));
#387=CARTESIAN_POINT('',(-3.670906668,-20.644916938,0.));
#388=CARTESIAN_POINT('',(-3.752938191,-20.7780396,0.));
#389=CARTESIAN_POINT('',(-3.834463868,-20.910341362,0.));
#390=CARTESIAN_POINT('',(-3.928883386,-21.034734069,0.));
#391=CARTESIAN_POINT('',(-4.023561155,-21.159467009,0.));
#392=CARTESIAN_POINT('',(-4.130539978,-21.274785268,0.));
#393=CARTESIAN_POINT('',(-4.235630959,-21.388068521,0.));
#394=CARTESIAN_POINT('',(-4.353191225,-21.492604261,0.));
#395=CARTESIAN_POINT('',(-4.468458706,-21.595101235,0.));
#396=CARTESIAN_POINT('',(-4.594689107,-21.687871283,0.));
#397=CARTESIAN_POINT('',(-4.71987689,-21.779875083,0.));
#398=CARTESIAN_POINT('',(-4.854641531,-21.861055515,0.));
#399=CARTESIAN_POINT('',(-4.988110152,-21.941455241,0.));
#400=CARTESIAN_POINT('',(-5.129640302,-22.010091425,0.));
#401=CARTESIAN_POINT('',(-5.269080466,-22.077714054,0.));
#402=CARTESIAN_POINT('',(-5.414954595,-22.132919067,0.));
#403=CARTESIAN_POINT('',(-5.560262996,-22.187909984,0.));
#404=CARTESIAN_POINT('',(-5.710492536,-22.229712812,0.));
#405=CARTESIAN_POINT('',(-5.860481667,-22.271448743,0.));
#406=CARTESIAN_POINT('',(-6.015908496,-22.299780172,0.));
#407=CARTESIAN_POINT('',(-6.168136157,-22.327528451,0.));
#408=CARTESIAN_POINT('',(-6.324630142,-22.342003371,0.));
#409=CARTESIAN_POINT('',(-6.478280111,-22.356215233,0.));
#410=CARTESIAN_POINT('',(-6.634680664,-22.357229385,0.));
#411=CARTESIAN_POINT('',(-6.789748829,-22.358234897,0.));
#412=CARTESIAN_POINT('',(-6.946034305,-22.345981505,0.));
#413=CARTESIAN_POINT('',(-7.101715637,-22.333775481,0.));
#414=CARTESIAN_POINT('',(-7.257067361,-22.308257203,0.));
#415=CARTESIAN_POINT('',(-7.4103388,-22.283080636,0.));
#416=CARTESIAN_POINT('',(-7.561795217,-22.244914516,0.));
#417=CARTESIAN_POINT('',(-7.86441936,-22.168655025,0.));
#418=CARTESIAN_POINT('',(-8.150716761,-22.041955867,0.));
#419=B_SPLINE_CURVE_WITH_KNOTS('',2,(#356,#357,#358,#359,#360,#361,#362,#363,#364,#365,#366,#367,#368,#369,#370,#371,#372,#373,#374,#375,#376,#377,#378,#379,#380,#381,
#382,#383,#384,#385,#386,#387,#388,#389,#390,#391,#392,#393,#394,#395,#396,#397,#398,#399,#400,#401,#402,#403,#404,#405,#406,
#407,#408,#409,#410,#411,#412,#413,#414,#415,#416,#417,#418),.UNSPECIFIED.,.F.,.F.,(3,2,2,2,2,2,2,2,2,2,2,2,2,2,2,2,2,2,2,2,2,2,2,2,2,2,
2,2,2,2,2,3),(0.,0.03125,0.0625,0.09375,0.125,0.15625,0.1875,0.21875,0.25,0.28125,0.3125,0.34375,0.375,0.40625,0.4375,0.46875,0.5,0.53125,0.5625,0.59375,0.625,0.65625,0.6875,0.71875,0.75,0.78125,
0.8125,0.84375,0.875,0.90625,0.9375,1.),.UNSPECIFIED.);
#420=EDGE_CURVE('',#303,#301,#419,.T.);
#421=ORIENTED_EDGE('',*,*,#420,.F.);
#422=EDGE_LOOP('',(#355,#421));
#423=FACE_BOUND('',#422,.T.);
#424=CARTESIAN_POINT('',(-45.650668377,-34.541910752,-0.000009472));
#425=VERTEX_POINT('',#424);
#426=CARTESIAN_POINT('',(-42.498581995,-29.082423453,0.000006592));
#427=VERTEX_POINT('',#426);
#428=CARTESIAN_POINT('',(-45.650498145,-34.541861725,0.));
#429=CARTESIAN_POINT('',(-45.7813286,-34.446171934,0.));
#430=CARTESIAN_POINT('',(-45.898231494,-34.344727416,0.));
#431=CARTESIAN_POINT('',(-46.01790044,-34.240882607,0.));
#432=CARTESIAN_POINT('',(-46.12780545,-34.127217791,0.));
#433=CARTESIAN_POINT('',(-46.347444567,-33.90006491,0.));
#434=CARTESIAN_POINT('',(-46.525902323,-33.637096686,0.));
#435=CARTESIAN_POINT('',(-46.704231035,-33.374318617,0.));
#436=CARTESIAN_POINT('',(-46.833979938,-33.086815254,0.));
#437=CARTESIAN_POINT('',(-46.965231989,-32.795981147,0.));
#438=CARTESIAN_POINT('',(-47.041201177,-32.492218079,0.));
#439=CARTESIAN_POINT('',(-47.117641502,-32.186571167,0.));
#440=CARTESIAN_POINT('',(-47.136678547,-31.87086266,0.));
#441=CARTESIAN_POINT('',(-47.155686375,-31.555638675,0.));
#442=CARTESIAN_POINT('',(-47.116858055,-31.243571607,0.));
#443=CARTESIAN_POINT('',(-47.077707395,-30.928913865,0.));
#444=CARTESIAN_POINT('',(-46.981578319,-30.631955071,0.));
#445=CARTESIAN_POINT('',(-46.884778811,-30.332925198,0.));
#446=CARTESIAN_POINT('',(-46.731604745,-30.058973383,0.));
#447=CARTESIAN_POINT('',(-46.655247559,-29.922408558,0.));
#448=CARTESIAN_POINT('',(-46.565955223,-29.794004921,0.));
#449=CARTESIAN_POINT('',(-46.47656073,-29.665454381,0.));
#450=CARTESIAN_POINT('',(-46.375396692,-29.546791192,0.));
#451=CARTESIAN_POINT('',(-46.273742048,-29.427552533,0.));
#452=CARTESIAN_POINT('',(-46.161578449,-29.319900412,0.));
#453=CARTESIAN_POINT('',(-46.048490594,-29.21136121,0.));
#454=CARTESIAN_POINT('',(-45.926237815,-29.116048251,0.));
#455=CARTESIAN_POINT('',(-45.679832415,-28.923941143,0.));
#456=CARTESIAN_POINT('',(-45.399153118,-28.788383339,0.));
#457=CARTESIAN_POINT('',(-45.259256993,-28.720818643,0.));
#458=CARTESIAN_POINT('',(-45.113157177,-28.668431501,0.));
#459=CARTESIAN_POINT('',(-44.966828044,-28.615962133,0.));
#460=CARTESIAN_POINT('',(-44.816533344,-28.579519864,0.));
#461=CARTESIAN_POINT('',(-44.665383199,-28.542870173,0.));
#462=CARTESIAN_POINT('',(-44.51258329,-28.522995744,0.));
#463=CARTESIAN_POINT('',(-44.358343931,-28.502934089,0.));
#464=CARTESIAN_POINT('',(-44.204809533,-28.50026856,0.));
#465=CARTESIAN_POINT('',(-44.050549527,-28.497590434,0.));
#466=CARTESIAN_POINT('',(-43.896972009,-28.512613223,0.));
#467=CARTESIAN_POINT('',(-43.743698392,-28.527606284,0.));
#468=CARTESIAN_POINT('',(-43.593105134,-28.559963784,0.));
#469=CARTESIAN_POINT('',(-43.442468706,-28.59233056,0.));
#470=CARTESIAN_POINT('',(-43.297200217,-28.641486601,0.));
#471=CARTESIAN_POINT('',(-43.151208908,-28.69088723,0.));
#472=CARTESIAN_POINT('',(-43.013287227,-28.75634025,0.));
#473=CARTESIAN_POINT('',(-42.87406798,-28.822409051,0.));
#474=CARTESIAN_POINT('',(-42.745587274,-28.90363146,0.));
#475=CARTESIAN_POINT('',(-42.614536844,-28.986478388,0.));
#476=CARTESIAN_POINT('',(-42.498546137,-29.082352582,0.));
#477=B_SPLINE_CURVE_WITH_KNOTS('',2,(#428,#429,#430,#431,#432,#433,#434,#435,#436,#437,#438,#439,#440,#441,#442,#443,#444,#445,#446,#447,#448,#449,#450,#451,#452,#453,
#454,#455,#456,#457,#458,#459,#460,#461,#462,#463,#464,#465,#466,#467,#468,#469,#470,#471,#472,#473,#474,#475,#476),.UNSPECIFIED.,.F.,.F.,(3,2,2,2,2,2,2,2,2,2,2,2,2,2,2,2,2,2,2,2,2,2,2,2,3),(0.,0.03125,0.0625,0.125,0.1875,0.25,0.3125,0.375,0.4375,0.5,0.53125,0.5625,0.59375,0.625,0.6875,0.71875,0.75,0.78125,0.8125,0.84375,0.875,0.90625,0.9375,0.96875,1.),.UNSPECIFIED.);
#478=EDGE_CURVE('',#425,#427,#477,.T.);
#479=ORIENTED_EDGE('',*,*,#478,.F.);
#480=CARTESIAN_POINT('',(-42.49858832,-29.082465839,0.));
#481=CARTESIAN_POINT('',(-42.352280048,-29.136966588,0.));
#482=CARTESIAN_POINT('',(-42.214069641,-29.209610744,0.));
#483=CARTESIAN_POINT('',(-42.07787963,-29.281192967,0.));
#484=CARTESIAN_POINT('',(-41.948590861,-29.371348737,0.));
#485=CARTESIAN_POINT('',(-41.820933197,-29.460367104,0.));
#486=CARTESIAN_POINT('',(-41.702590141,-29.566159317,0.));
#487=CARTESIAN_POINT('',(-41.58694479,-29.669539927,0.));
#488=CARTESIAN_POINT('',(-41.482574595,-29.7872906,0.));
#489=CARTESIAN_POINT('',(-41.37928605,-29.903820953,0.));
#490=CARTESIAN_POINT('',(-41.28920667,-30.032536677,0.));
#491=CARTESIAN_POINT('',(-41.199320425,-30.160976427,0.));
#492=CARTESIAN_POINT('',(-41.124546975,-30.299404461,0.));
#493=CARTESIAN_POINT('',(-41.051205534,-30.435181416,0.));
#494=CARTESIAN_POINT('',(-40.992671537,-30.581131968,0.));
#495=CARTESIAN_POINT('',(-40.93497301,-30.724999335,0.));
#496=CARTESIAN_POINT('',(-40.892741595,-30.87695204,0.));
#497=CARTESIAN_POINT('',(-40.851008266,-31.027112587,0.));
#498=CARTESIAN_POINT('',(-40.825328522,-31.182970433,0.));
#499=CARTESIAN_POINT('',(-40.800121765,-31.335957582,0.));
#500=CARTESIAN_POINT('',(-40.791061533,-31.492272788,0.));
#501=CARTESIAN_POINT('',(-40.782038904,-31.64793925,0.));
#502=CARTESIAN_POINT('',(-40.789497052,-31.804673667,0.));
#503=CARTESIAN_POINT('',(-40.796927446,-31.960824818,0.));
#504=CARTESIAN_POINT('',(-40.821026841,-32.116280211,0.));
#505=CARTESIAN_POINT('',(-40.844644176,-32.268626035,0.));
#506=CARTESIAN_POINT('',(-40.884530103,-32.420561642,0.));
#507=CARTESIAN_POINT('',(-40.923843455,-32.570316165,0.));
#508=CARTESIAN_POINT('',(-40.978778454,-32.717687801,0.));
#509=CARTESIAN_POINT('',(-41.033265189,-32.863856902,0.));
#510=CARTESIAN_POINT('',(-41.102687946,-33.005616223,0.));
#511=CARTESIAN_POINT('',(-41.170906668,-33.144916938,0.));
#512=CARTESIAN_POINT('',(-41.252938191,-33.2780396,0.));
#513=CARTESIAN_POINT('',(-41.334463868,-33.410341362,0.));
#514=CARTESIAN_POINT('',(-41.428883386,-33.534734069,0.));
#515=CARTESIAN_POINT('',(-41.523561155,-33.659467009,0.));
#516=CARTESIAN_POINT('',(-41.630539978,-33.774785268,0.));
#517=CARTESIAN_POINT('',(-41.735630959,-33.888068521,0.));
#518=CARTESIAN_POINT('',(-41.853191225,-33.992604261,0.));
#519=CARTESIAN_POINT('',(-41.968458706,-34.095101235,0.));
#520=CARTESIAN_POINT('',(-42.094689107,-34.187871283,0.));
#521=CARTESIAN_POINT('',(-42.21987689,-34.279875083,0.));
#522=CARTESIAN_POINT('',(-42.354641531,-34.361055515,0.));
#523=CARTESIAN_POINT('',(-42.488110152,-34.441455241,0.));
#524=CARTESIAN_POINT('',(-42.629640302,-34.510091425,0.));
#525=CARTESIAN_POINT('',(-42.769080466,-34.577714054,0.));
#526=CARTESIAN_POINT('',(-42.914954595,-34.632919067,0.));
#527=CARTESIAN_POINT('',(-43.060262996,-34.687909984,0.));
#528=CARTESIAN_POINT('',(-43.210492536,-34.729712812,0.));
#529=CARTESIAN_POINT('',(-43.360481667,-34.771448743,0.));
#530=CARTESIAN_POINT('',(-43.515908496,-34.799780172,0.));
#531=CARTESIAN_POINT('',(-43.668136157,-34.827528451,0.));
#532=CARTESIAN_POINT('',(-43.824630142,-34.842003371,0.));
#533=CARTESIAN_POINT('',(-43.978280111,-34.856215233,0.));
#534=CARTESIAN_POINT('',(-44.134680664,-34.857229385,0.));
#535=CARTESIAN_POINT('',(-44.289748829,-34.858234897,0.));
#536=CARTESIAN_POINT('',(-44.446034305,-34.845981505,0.));
#537=CARTESIAN_POINT('',(-44.601715637,-34.833775481,0.));
#538=CARTESIAN_POINT('',(-44.757067361,-34.808257203,0.));
#539=CARTESIAN_POINT('',(-44.9103388,-34.783080636,0.));
#540=CARTESIAN_POINT('',(-45.061795217,-34.744914516,0.));
#541=CARTESIAN_POINT('',(-45.36441936,-34.668655025,0.));
#542=CARTESIAN_POINT('',(-45.650716761,-34.541955867,0.));
#543=B_SPLINE_CURVE_WITH_KNOTS('',2,(#480,#481,#482,#483,#484,#485,#486,#487,#488,#489,#490,#491,#492,#493,#494,#495,#496,#497,#498,#499,#500,#501,#502,#503,#504,#505,
#506,#507,#508,#509,#510,#511,#512,#513,#514,#515,#516,#517,#518,#519,#520,#521,#522,#523,#524,#525,#526,#527,#528,#529,#530,
#531,#532,#533,#534,#535,#536,#537,#538,#539,#540,#541,#542),.UNSPECIFIED.,.F.,.F.,(3,2,2,2,2,2,2,2,2,2,2,2,2,2,2,2,2,2,2,2,2,2,2,2,2,2,
2,2,2,2,2,3),(0.,0.03125,0.0625,0.09375,0.125,0.15625,0.1875,0.21875,0.25,0.28125,0.3125,0.34375,0.375,0.40625,0.4375,0.46875,0.5,0.53125,0.5625,0.59375,0.625,0.65625,0.6875,0.71875,0.75,0.78125,
0.8125,0.84375,0.875,0.90625,0.9375,1.),.UNSPECIFIED.);
#544=EDGE_CURVE('',#427,#425,#543,.T.);
#545=ORIENTED_EDGE('',*,*,#544,.F.);
#546=EDGE_LOOP('',(#479,#545));
#547=FACE_BOUND('',#546,.T.);
#548=CARTESIAN_POINT('',(-50.,-37.5,-0.));
#549=VERTEX_POINT('',#548);
#550=CARTESIAN_POINT('',(-50.,-12.5,-0.));
#551=VERTEX_POINT('',#550);
#552=CARTESIAN_POINT('',(-50.,-37.5,-0.));
#553=CARTESIAN_POINT('',(-50.,-12.5,-0.));
#554=B_SPLINE_CURVE_WITH_KNOTS('',1,(#552,#553),.UNSPECIFIED.,.F.,.F.,(2,2),(0.,0.025),.UNSPECIFIED.);
#555=EDGE_CURVE('',#549,#551,#554,.T.);
#556=ORIENTED_EDGE('',*,*,#555,.T.);
#557=CARTESIAN_POINT('',(0.,-12.5,-0.));
#558=VERTEX_POINT('',#557);
#559=CARTESIAN_POINT('',(-50.,-12.5,-0.));
#560=CARTESIAN_POINT('',(0.,-12.5,-0.));
#561=B_SPLINE_CURVE_WITH_KNOTS('',1,(#559,#560),.UNSPECIFIED.,.F.,.F.,(2,2),(0.,0.05),.UNSPECIFIED.);
#562=EDGE_CURVE('',#551,#558,#561,.T.);
#563=ORIENTED_EDGE('',*,*,#562,.T.);
#564=CARTESIAN_POINT('',(0.,-37.5,-0.));
#565=VERTEX_POINT('',#564);
#566=CARTESIAN_POINT('',(0.,-12.5,-0.));
#567=CARTESIAN_POINT('',(0.,-37.5,-0.));
#568=B_SPLINE_CURVE_WITH_KNOTS('',1,(#566,#567),.UNSPECIFIED.,.F.,.F.,(2,2),(0.,0.025),.UNSPECIFIED.);
#569=EDGE_CURVE('',#558,#565,#568,.T.);
#570=ORIENTED_EDGE('',*,*,#569,.T.);
#571=CARTESIAN_POINT('',(0.,-37.5,-0.));
#572=CARTESIAN_POINT('',(-50.,-37.5,-0.));
#573=B_SPLINE_CURVE_WITH_KNOTS('',1,(#571,#572),.UNSPECIFIED.,.F.,.F.,(2,2),(0.,0.05),.UNSPECIFIED.);
#574=EDGE_CURVE('',#565,#549,#573,.T.);
#575=ORIENTED_EDGE('',*,*,#574,.T.);
#576=EDGE_LOOP('',(#556,#563,#570,#575));
#577=FACE_BOUND('',#576,.T.);
#578=CARTESIAN_POINT('',(-8.150668377,-34.541910752,-0.000009472));
#579=VERTEX_POINT('',#578);
#580=CARTESIAN_POINT('',(-4.998581995,-29.082423453,0.000006592));
#581=VERTEX_POINT('',#580);
#582=CARTESIAN_POINT('',(-8.150498145,-34.541861725,0.));
#583=CARTESIAN_POINT('',(-8.2813286,-34.446171934,0.));
#584=CARTESIAN_POINT('',(-8.398231494,-34.344727416,0.));
#585=CARTESIAN_POINT('',(-8.51790044,-34.240882607,0.));
#586=CARTESIAN_POINT('',(-8.62780545,-34.127217791,0.));
#587=CARTESIAN_POINT('',(-8.847444567,-33.90006491,0.));
#588=CARTESIAN_POINT('',(-9.025902323,-33.637096686,0.));
#589=CARTESIAN_POINT('',(-9.204231035,-33.374318617,0.));
#590=CARTESIAN_POINT('',(-9.333979938,-33.086815254,0.));
#591=CARTESIAN_POINT('',(-9.465231989,-32.795981147,0.));
#592=CARTESIAN_POINT('',(-9.541201177,-32.492218079,0.));
#593=CARTESIAN_POINT('',(-9.617641502,-32.186571167,0.));
#594=CARTESIAN_POINT('',(-9.636678547,-31.87086266,0.));
#595=CARTESIAN_POINT('',(-9.655686375,-31.555638675,0.));
#596=CARTESIAN_POINT('',(-9.616858055,-31.243571607,0.));
#597=CARTESIAN_POINT('',(-9.577707395,-30.928913865,0.));
#598=CARTESIAN_POINT('',(-9.481578319,-30.631955071,0.));
#599=CARTESIAN_POINT('',(-9.384778811,-30.332925198,0.));
#600=CARTESIAN_POINT('',(-9.231604745,-30.058973383,0.));
#601=CARTESIAN_POINT('',(-9.155247559,-29.922408558,0.));
#602=CARTESIAN_POINT('',(-9.065955223,-29.794004921,0.));
#603=CARTESIAN_POINT('',(-8.97656073,-29.665454381,0.));
#604=CARTESIAN_POINT('',(-8.875396692,-29.546791192,0.));
#605=CARTESIAN_POINT('',(-8.773742048,-29.427552533,0.));
#606=CARTESIAN_POINT('',(-8.661578449,-29.319900412,0.));
#607=CARTESIAN_POINT('',(-8.548490594,-29.21136121,0.));
#608=CARTESIAN_POINT('',(-8.426237815,-29.116048251,0.));
#609=CARTESIAN_POINT('',(-8.179832415,-28.923941143,0.));
#610=CARTESIAN_POINT('',(-7.899153118,-28.788383339,0.));
#611=CARTESIAN_POINT('',(-7.759256993,-28.720818643,0.));
#612=CARTESIAN_POINT('',(-7.613157177,-28.668431501,0.));
#613=CARTESIAN_POINT('',(-7.466828044,-28.615962133,0.));
#614=CARTESIAN_POINT('',(-7.316533344,-28.579519864,0.));
#615=CARTESIAN_POINT('',(-7.165383199,-28.542870173,0.));
#616=CARTESIAN_POINT('',(-7.01258329,-28.522995744,0.));
#617=CARTESIAN_POINT('',(-6.858343931,-28.502934089,0.));
#618=CARTESIAN_POINT('',(-6.704809533,-28.50026856,0.));
#619=CARTESIAN_POINT('',(-6.550549527,-28.497590434,0.));
#620=CARTESIAN_POINT('',(-6.396972009,-28.512613223,0.));
#621=CARTESIAN_POINT('',(-6.243698392,-28.527606284,0.));
#622=CARTESIAN_POINT('',(-6.093105134,-28.559963784,0.));
#623=CARTESIAN_POINT('',(-5.942468706,-28.59233056,0.));
#624=CARTESIAN_POINT('',(-5.797200217,-28.641486601,0.));
#625=CARTESIAN_POINT('',(-5.651208908,-28.69088723,0.));
#626=CARTESIAN_POINT('',(-5.513287227,-28.75634025,0.));
#627=CARTESIAN_POINT('',(-5.37406798,-28.822409051,0.));
#628=CARTESIAN_POINT('',(-5.245587274,-28.90363146,0.));
#629=CARTESIAN_POINT('',(-5.114536844,-28.986478388,0.));
#630=CARTESIAN_POINT('',(-4.998546137,-29.082352582,0.));
#631=B_SPLINE_CURVE_WITH_KNOTS('',2,(#582,#583,#584,#585,#586,#587,#588,#589,#590,#591,#592,#593,#594,#595,#596,#597,#598,#599,#600,#601,#602,#603,#604,#605,#606,#607,
#608,#609,#610,#611,#612,#613,#614,#615,#616,#617,#618,#619,#620,#621,#622,#623,#624,#625,#626,#627,#628,#629,#630),.UNSPECIFIED.,.F.,.F.,(3,2,2,2,2,2,2,2,2,2,2,2,2,2,2,2,2,2,2,2,2,2,2,2,3),(0.,0.03125,0.0625,0.125,0.1875,0.25,0.3125,0.375,0.4375,0.5,0.53125,0.5625,0.59375,0.625,0.6875,0.71875,0.75,0.78125,0.8125,0.84375,0.875,0.90625,0.9375,0.96875,1.),.UNSPECIFIED.);
#632=EDGE_CURVE('',#579,#581,#631,.T.);
#633=ORIENTED_EDGE('',*,*,#632,.F.);
#634=CARTESIAN_POINT('',(-4.99858832,-29.082465839,0.));
#635=CARTESIAN_POINT('',(-4.852280048,-29.136966588,0.));
#636=CARTESIAN_POINT('',(-4.714069641,-29.209610744,0.));
#637=CARTESIAN_POINT('',(-4.57787963,-29.281192967,0.));
#638=CARTESIAN_POINT('',(-4.448590861,-29.371348737,0.));
#639=CARTESIAN_POINT('',(-4.320933197,-29.460367104,0.));
#640=CARTESIAN_POINT('',(-4.202590141,-29.566159317,0.));
#641=CARTESIAN_POINT('',(-4.086944791,-29.669539927,0.));
#642=CARTESIAN_POINT('',(-3.982574595,-29.7872906,0.));
#643=CARTESIAN_POINT('',(-3.87928605,-29.903820953,0.));
#644=CARTESIAN_POINT('',(-3.78920667,-30.032536677,0.));
#645=CARTESIAN_POINT('',(-3.699320425,-30.160976427,0.));
#646=CARTESIAN_POINT('',(-3.624546975,-30.299404461,0.));
#647=CARTESIAN_POINT('',(-3.551205534,-30.435181416,0.));
#648=CARTESIAN_POINT('',(-3.492671537,-30.581131968,0.));
#649=CARTESIAN_POINT('',(-3.43497301,-30.724999335,0.));
#650=CARTESIAN_POINT('',(-3.392741595,-30.87695204,0.));
#651=CARTESIAN_POINT('',(-3.351008266,-31.027112587,0.));
#652=CARTESIAN_POINT('',(-3.325328522,-31.182970433,0.));
#653=CARTESIAN_POINT('',(-3.300121765,-31.335957582,0.));
#654=CARTESIAN_POINT('',(-3.291061533,-31.492272788,0.));
#655=CARTESIAN_POINT('',(-3.282038904,-31.64793925,0.));
#656=CARTESIAN_POINT('',(-3.289497052,-31.804673667,0.));
#657=CARTESIAN_POINT('',(-3.296927446,-31.960824818,0.));
#658=CARTESIAN_POINT('',(-3.321026841,-32.116280211,0.));
#659=CARTESIAN_POINT('',(-3.344644176,-32.268626035,0.));
#660=CARTESIAN_POINT('',(-3.384530103,-32.420561642,0.));
#661=CARTESIAN_POINT('',(-3.423843455,-32.570316165,0.));
#662=CARTESIAN_POINT('',(-3.478778454,-32.717687801,0.));
#663=CARTESIAN_POINT('',(-3.533265189,-32.863856902,0.));
#664=CARTESIAN_POINT('',(-3.602687946,-33.005616223,0.));
#665=CARTESIAN_POINT('',(-3.670906668,-33.144916938,0.));
#666=CARTESIAN_POINT('',(-3.752938191,-33.2780396,0.));
#667=CARTESIAN_POINT('',(-3.834463868,-33.410341362,0.));
#668=CARTESIAN_POINT('',(-3.928883386,-33.534734069,0.));
#669=CARTESIAN_POINT('',(-4.023561155,-33.659467009,0.));
#670=CARTESIAN_POINT('',(-4.130539978,-33.774785268,0.));
#671=CARTESIAN_POINT('',(-4.235630959,-33.888068521,0.));
#672=CARTESIAN_POINT('',(-4.353191225,-33.992604261,0.));
#673=CARTESIAN_POINT('',(-4.468458706,-34.095101235,0.));
#674=CARTESIAN_POINT('',(-4.594689107,-34.187871283,0.));
#675=CARTESIAN_POINT('',(-4.71987689,-34.279875083,0.));
#676=CARTESIAN_POINT('',(-4.854641531,-34.361055515,0.));
#677=CARTESIAN_POINT('',(-4.988110152,-34.441455241,0.));
#678=CARTESIAN_POINT('',(-5.129640302,-34.510091425,0.));
#679=CARTESIAN_POINT('',(-5.269080466,-34.577714054,0.));
#680=CARTESIAN_POINT('',(-5.414954595,-34.632919067,0.));
#681=CARTESIAN_POINT('',(-5.560262996,-34.687909984,0.));
#682=CARTESIAN_POINT('',(-5.710492536,-34.729712812,0.));
#683=CARTESIAN_POINT('',(-5.860481667,-34.771448743,0.));
#684=CARTESIAN_POINT('',(-6.015908496,-34.799780172,0.));
#685=CARTESIAN_POINT('',(-6.168136157,-34.827528451,0.));
#686=CARTESIAN_POINT('',(-6.324630142,-34.842003371,0.));
#687=CARTESIAN_POINT('',(-6.478280111,-34.856215233,0.));
#688=CARTESIAN_POINT('',(-6.634680664,-34.857229385,0.));
#689=CARTESIAN_POINT('',(-6.789748829,-34.858234897,0.));
#690=CARTESIAN_POINT('',(-6.946034305,-34.845981505,0.));
#691=CARTESIAN_POINT('',(-7.101715637,-34.833775481,0.));
#692=CARTESIAN_POINT('',(-7.257067361,-34.808257203,0.));
#693=CARTESIAN_POINT('',(-7.4103388,-34.783080636,0.));
#694=CARTESIAN_POINT('',(-7.561795217,-34.744914516,0.));
#695=CARTESIAN_POINT('',(-7.86441936,-34.668655025,0.));
#696=CARTESIAN_POINT('',(-8.150716761,-34.541955867,0.));
#697=B_SPLINE_CURVE_WITH_KNOTS('',2,(#634,#635,#636,#637,#638,#639,#640,#641,#642,#643,#644,#645,#646,#647,#648,#649,#650,#651,#652,#653,#654,#655,#656,#657,#658,#659,
#660,#661,#662,#663,#664,#665,#666,#667,#668,#669,#670,#671,#672,#673,#674,#675,#676,#677,#678,#679,#680,#681,#682,#683,#684,
#685,#686,#687,#688,#689,#690,#691,#692,#693,#694,#695,#696),.UNSPECIFIED.,.F.,.F.,(3,2,2,2,2,2,2,2,2,2,2,2,2,2,2,2,2,2,2,2,2,2,2,2,2,2,
2,2,2,2,2,3),(0.,0.03125,0.0625,0.09375,0.125,0.15625,0.1875,0.21875,0.25,0.28125,0.3125,0.34375,0.375,0.40625,0.4375,0.46875,0.5,0.53125,0.5625,0.59375,0.625,0.65625,0.6875,0.71875,0.75,0.78125,
0.8125,0.84375,0.875,0.90625,0.9375,1.),.UNSPECIFIED.);
#698=EDGE_CURVE('',#581,#579,#697,.T.);
#699=ORIENTED_EDGE('',*,*,#698,.F.);
#700=EDGE_LOOP('',(#633,#699));
#701=FACE_BOUND('',#700,.T.);
#702=CARTESIAN_POINT('',(-20.650668377,-22.041910752,-0.000009472));
#703=VERTEX_POINT('',#702);
#704=CARTESIAN_POINT('',(-17.498581995,-16.582423453,0.000006592));
#705=VERTEX_POINT('',#704);
#706=CARTESIAN_POINT('',(-20.650498145,-22.041861725,0.));
#707=CARTESIAN_POINT('',(-20.7813286,-21.946171934,0.));
#708=CARTESIAN_POINT('',(-20.898231494,-21.844727416,0.));
#709=CARTESIAN_POINT('',(-21.01790044,-21.740882607,0.));
#710=CARTESIAN_POINT('',(-21.12780545,-21.627217791,0.));
#711=CARTESIAN_POINT('',(-21.347444567,-21.40006491,0.));
#712=CARTESIAN_POINT('',(-21.525902323,-21.137096686,0.));
#713=CARTESIAN_POINT('',(-21.704231035,-20.874318617,0.));
#714=CARTESIAN_POINT('',(-21.833979938,-20.586815254,0.));
#715=CARTESIAN_POINT('',(-21.965231989,-20.295981147,0.));
#716=CARTESIAN_POINT('',(-22.041201177,-19.992218079,0.));
#717=CARTESIAN_POINT('',(-22.117641502,-19.686571167,0.));
#718=CARTESIAN_POINT('',(-22.136678547,-19.37086266,0.));
#719=CARTESIAN_POINT('',(-22.155686375,-19.055638675,0.));
#720=CARTESIAN_POINT('',(-22.116858055,-18.743571607,0.));
#721=CARTESIAN_POINT('',(-22.077707395,-18.428913865,0.));
#722=CARTESIAN_POINT('',(-21.981578319,-18.131955071,0.));
#723=CARTESIAN_POINT('',(-21.884778811,-17.832925198,0.));
#724=CARTESIAN_POINT('',(-21.731604745,-17.558973383,0.));
#725=CARTESIAN_POINT('',(-21.655247559,-17.422408558,0.));
#726=CARTESIAN_POINT('',(-21.565955223,-17.294004921,0.));
#727=CARTESIAN_POINT('',(-21.47656073,-17.165454381,0.));
#728=CARTESIAN_POINT('',(-21.375396692,-17.046791192,0.));
#729=CARTESIAN_POINT('',(-21.273742048,-16.927552533,0.));
#730=CARTESIAN_POINT('',(-21.161578449,-16.819900412,0.));
#731=CARTESIAN_POINT('',(-21.048490594,-16.71136121,0.));
#732=CARTESIAN_POINT('',(-20.926237815,-16.616048251,0.));
#733=CARTESIAN_POINT('',(-20.679832415,-16.423941143,0.));
#734=CARTESIAN_POINT('',(-20.399153118,-16.288383339,0.));
#735=CARTESIAN_POINT('',(-20.259256993,-16.220818643,0.));
#736=CARTESIAN_POINT('',(-20.113157177,-16.168431501,0.));
#737=CARTESIAN_POINT('',(-19.966828044,-16.115962133,0.));
#738=CARTESIAN_POINT('',(-19.816533344,-16.079519864,0.));
#739=CARTESIAN_POINT('',(-19.665383199,-16.042870173,0.));
#740=CARTESIAN_POINT('',(-19.51258329,-16.022995744,0.));
#741=CARTESIAN_POINT('',(-19.358343931,-16.002934089,0.));
#742=CARTESIAN_POINT('',(-19.204809533,-16.00026856,0.));
#743=CARTESIAN_POINT('',(-19.050549527,-15.997590434,0.));
#744=CARTESIAN_POINT('',(-18.896972009,-16.012613223,0.));
#745=CARTESIAN_POINT('',(-18.743698392,-16.027606284,0.));
#746=CARTESIAN_POINT('',(-18.593105134,-16.059963784,0.));
#747=CARTESIAN_POINT('',(-18.442468706,-16.09233056,0.));
#748=CARTESIAN_POINT('',(-18.297200217,-16.141486601,0.));
#749=CARTESIAN_POINT('',(-18.151208908,-16.19088723,0.));
#750=CARTESIAN_POINT('',(-18.013287227,-16.25634025,0.));
#751=CARTESIAN_POINT('',(-17.87406798,-16.322409051,0.));
#752=CARTESIAN_POINT('',(-17.745587274,-16.40363146,0.));
#753=CARTESIAN_POINT('',(-17.614536844,-16.486478388,0.));
#754=CARTESIAN_POINT('',(-17.498546137,-16.582352582,0.));
#755=B_SPLINE_CURVE_WITH_KNOTS('',2,(#706,#707,#708,#709,#710,#711,#712,#713,#714,#715,#716,#717,#718,#719,#720,#721,#722,#723,#724,#725,#726,#727,#728,#729,#730,#731,
#732,#733,#734,#735,#736,#737,#738,#739,#740,#741,#742,#743,#744,#745,#746,#747,#748,#749,#750,#751,#752,#753,#754),.UNSPECIFIED.,.F.,.F.,(3,2,2,2,2,2,2,2,2,2,2,2,2,2,2,2,2,2,2,2,2,2,2,2,3),(0.,0.03125,0.0625,0.125,0.1875,0.25,0.3125,0.375,0.4375,0.5,0.53125,0.5625,0.59375,0.625,0.6875,0.71875,0.75,0.78125,0.8125,0.84375,0.875,0.90625,0.9375,0.96875,1.),.UNSPECIFIED.);
#756=EDGE_CURVE('',#703,#705,#755,.T.);
#757=ORIENTED_EDGE('',*,*,#756,.F.);
#758=CARTESIAN_POINT('',(-17.49858832,-16.582465839,0.));
#759=CARTESIAN_POINT('',(-17.352280048,-16.636966588,0.));
#760=CARTESIAN_POINT('',(-17.214069641,-16.709610744,0.));
#761=CARTESIAN_POINT('',(-17.07787963,-16.781192967,0.));
#762=CARTESIAN_POINT('',(-16.948590861,-16.871348737,0.));
#763=CARTESIAN_POINT('',(-16.820933197,-16.960367104,0.));
#764=CARTESIAN_POINT('',(-16.702590141,-17.066159317,0.));
#765=CARTESIAN_POINT('',(-16.586944791,-17.169539927,0.));
#766=CARTESIAN_POINT('',(-16.482574595,-17.2872906,0.));
#767=CARTESIAN_POINT('',(-16.37928605,-17.403820953,0.));
#768=CARTESIAN_POINT('',(-16.28920667,-17.532536677,0.));
#769=CARTESIAN_POINT('',(-16.199320425,-17.660976427,0.));
#770=CARTESIAN_POINT('',(-16.124546975,-17.799404461,0.));
#771=CARTESIAN_POINT('',(-16.051205534,-17.935181416,0.));
#772=CARTESIAN_POINT('',(-15.992671537,-18.081131968,0.));
#773=CARTESIAN_POINT('',(-15.93497301,-18.224999335,0.));
#774=CARTESIAN_POINT('',(-15.892741595,-18.37695204,0.));
#775=CARTESIAN_POINT('',(-15.851008266,-18.527112587,0.));
#776=CARTESIAN_POINT('',(-15.825328522,-18.682970433,0.));
#777=CARTESIAN_POINT('',(-15.800121765,-18.835957582,0.));
#778=CARTESIAN_POINT('',(-15.791061533,-18.992272788,0.));
#779=CARTESIAN_POINT('',(-15.782038904,-19.14793925,0.));
#780=CARTESIAN_POINT('',(-15.789497052,-19.304673667,0.));
#781=CARTESIAN_POINT('',(-15.796927446,-19.460824818,0.));
#782=CARTESIAN_POINT('',(-15.821026841,-19.616280211,0.));
#783=CARTESIAN_POINT('',(-15.844644176,-19.768626035,0.));
#784=CARTESIAN_POINT('',(-15.884530103,-19.920561642,0.));
#785=CARTESIAN_POINT('',(-15.923843455,-20.070316165,0.));
#786=CARTESIAN_POINT('',(-15.978778454,-20.217687801,0.));
#787=CARTESIAN_POINT('',(-16.033265189,-20.363856902,0.));
#788=CARTESIAN_POINT('',(-16.102687946,-20.505616223,0.));
#789=CARTESIAN_POINT('',(-16.170906668,-20.644916938,0.));
#790=CARTESIAN_POINT('',(-16.252938191,-20.7780396,0.));
#791=CARTESIAN_POINT('',(-16.334463868,-20.910341362,0.));
#792=CARTESIAN_POINT('',(-16.428883386,-21.034734069,0.));
#793=CARTESIAN_POINT('',(-16.523561155,-21.159467009,0.));
#794=CARTESIAN_POINT('',(-16.630539978,-21.274785268,0.));
#795=CARTESIAN_POINT('',(-16.735630959,-21.388068521,0.));
#796=CARTESIAN_POINT('',(-16.853191225,-21.492604261,0.));
#797=CARTESIAN_POINT('',(-16.968458706,-21.595101235,0.));
#798=CARTESIAN_POINT('',(-17.094689107,-21.687871283,0.));
#799=CARTESIAN_POINT('',(-17.21987689,-21.779875083,0.));
#800=CARTESIAN_POINT('',(-17.354641531,-21.861055515,0.));
#801=CARTESIAN_POINT('',(-17.488110152,-21.941455241,0.));
#802=CARTESIAN_POINT('',(-17.629640302,-22.010091425,0.));
#803=CARTESIAN_POINT('',(-17.769080466,-22.077714054,0.));
#804=CARTESIAN_POINT('',(-17.914954595,-22.132919067,0.));
#805=CARTESIAN_POINT('',(-18.060262996,-22.187909984,0.));
#806=CARTESIAN_POINT('',(-18.210492536,-22.229712812,0.));
#807=CARTESIAN_POINT('',(-18.360481667,-22.271448743,0.));
#808=CARTESIAN_POINT('',(-18.515908496,-22.299780172,0.));
#809=CARTESIAN_POINT('',(-18.668136157,-22.327528451,0.));
#810=CARTESIAN_POINT('',(-18.824630142,-22.342003371,0.));
#811=CARTESIAN_POINT('',(-18.978280111,-22.356215233,0.));
#812=CARTESIAN_POINT('',(-19.134680664,-22.357229385,0.));
#813=CARTESIAN_POINT('',(-19.289748829,-22.358234897,0.));
#814=CARTESIAN_POINT('',(-19.446034305,-22.345981505,0.));
#815=CARTESIAN_POINT('',(-19.601715637,-22.333775481,0.));
#816=CARTESIAN_POINT('',(-19.757067361,-22.308257203,0.));
#817=CARTESIAN_POINT('',(-19.9103388,-22.283080636,0.));
#818=CARTESIAN_POINT('',(-20.061795217,-22.244914516,0.));
#819=CARTESIAN_POINT('',(-20.36441936,-22.168655025,0.));
#820=CARTESIAN_POINT('',(-20.650716761,-22.041955867,0.));
#821=B_SPLINE_CURVE_WITH_KNOTS('',2,(#758,#759,#760,#761,#762,#763,#764,#765,#766,#767,#768,#769,#770,#771,#772,#773,#774,#775,#776,#777,#778,#779,#780,#781,#782,#783,
#784,#785,#786,#787,#788,#789,#790,#791,#792,#793,#794,#795,#796,#797,#798,#799,#800,#801,#802,#803,#804,#805,#806,#807,#808,
#809,#810,#811,#812,#813,#814,#815,#816,#817,#818,#819,#820),.UNSPECIFIED.,.F.,.F.,(3,2,2,2,2,2,2,2,2,2,2,2,2,2,2,2,2,2,2,2,2,2,2,2,2,2,
2,2,2,2,2,3),(0.,0.03125,0.0625,0.09375,0.125,0.15625,0.1875,0.21875,0.25,0.28125,0.3125,0.34375,0.375,0.40625,0.4375,0.46875,0.5,0.53125,0.5625,0.59375,0.625,0.65625,0.6875,0.71875,0.75,0.78125,
0.8125,0.84375,0.875,0.90625,0.9375,1.),.UNSPECIFIED.);
#822=EDGE_CURVE('',#705,#703,#821,.T.);
#823=ORIENTED_EDGE('',*,*,#822,.F.);
#824=EDGE_LOOP('',(#757,#823));
#825=FACE_BOUND('',#824,.T.);
#826=CARTESIAN_POINT('',(-33.150668377,-34.541910752,-0.000009472));
#827=VERTEX_POINT('',#826);
#828=CARTESIAN_POINT('',(-29.998581995,-29.082423453,0.000006592));
#829=VERTEX_POINT('',#828);
#830=CARTESIAN_POINT('',(-33.150498145,-34.541861725,0.));
#831=CARTESIAN_POINT('',(-33.2813286,-34.446171934,0.));
#832=CARTESIAN_POINT('',(-33.398231494,-34.344727416,0.));
#833=CARTESIAN_POINT('',(-33.51790044,-34.240882607,0.));
#834=CARTESIAN_POINT('',(-33.62780545,-34.127217791,0.));
#835=CARTESIAN_POINT('',(-33.847444567,-33.90006491,0.));
#836=CARTESIAN_POINT('',(-34.025902323,-33.637096686,0.));
#837=CARTESIAN_POINT('',(-34.204231035,-33.374318617,0.));
#838=CARTESIAN_POINT('',(-34.333979938,-33.086815254,0.));
#839=CARTESIAN_POINT('',(-34.465231989,-32.795981147,0.));
#840=CARTESIAN_POINT('',(-34.541201177,-32.492218079,0.));
#841=CARTESIAN_POINT('',(-34.617641502,-32.186571167,0.));
#842=CARTESIAN_POINT('',(-34.636678547,-31.87086266,0.));
#843=CARTESIAN_POINT('',(-34.655686375,-31.555638675,0.));
#844=CARTESIAN_POINT('',(-34.616858055,-31.243571607,0.));
#845=CARTESIAN_POINT('',(-34.577707395,-30.928913865,0.));
#846=CARTESIAN_POINT('',(-34.481578319,-30.631955071,0.));
#847=CARTESIAN_POINT('',(-34.384778811,-30.332925198,0.));
#848=CARTESIAN_POINT('',(-34.231604745,-30.058973383,0.));
#849=CARTESIAN_POINT('',(-34.155247559,-29.922408558,0.));
#850=CARTESIAN_POINT('',(-34.065955223,-29.794004921,0.));
#851=CARTESIAN_POINT('',(-33.97656073,-29.665454381,0.));
#852=CARTESIAN_POINT('',(-33.875396692,-29.546791192,0.));
#853=CARTESIAN_POINT('',(-33.773742048,-29.427552533,0.));
#854=CARTESIAN_POINT('',(-33.661578449,-29.319900412,0.));
#855=CARTESIAN_POINT('',(-33.548490594,-29.21136121,0.));
#856=CARTESIAN_POINT('',(-33.426237815,-29.116048251,0.));
#857=CARTESIAN_POINT('',(-33.179832415,-28.923941143,0.));
#858=CARTESIAN_POINT('',(-32.899153118,-28.788383339,0.));
#859=CARTESIAN_POINT('',(-32.759256993,-28.720818643,0.));
#860=CARTESIAN_POINT('',(-32.613157177,-28.668431501,0.));
#861=CARTESIAN_POINT('',(-32.466828044,-28.615962133,0.));
#862=CARTESIAN_POINT('',(-32.316533344,-28.579519864,0.));
#863=CARTESIAN_POINT('',(-32.165383199,-28.542870173,0.));
#864=CARTESIAN_POINT('',(-32.01258329,-28.522995744,0.));
#865=CARTESIAN_POINT('',(-31.858343931,-28.502934089,0.));
#866=CARTESIAN_POINT('',(-31.704809533,-28.50026856,0.));
#867=CARTESIAN_POINT('',(-31.550549527,-28.497590434,0.));
#868=CARTESIAN_POINT('',(-31.396972009,-28.512613223,0.));
#869=CARTESIAN_POINT('',(-31.243698392,-28.527606284,0.));
#870=CARTESIAN_POINT('',(-31.093105134,-28.559963784,0.));
#871=CARTESIAN_POINT('',(-30.942468706,-28.59233056,0.));
#872=CARTESIAN_POINT('',(-30.797200217,-28.641486601,0.));
#873=CARTESIAN_POINT('',(-30.651208908,-28.69088723,0.));
#874=CARTESIAN_POINT('',(-30.513287227,-28.75634025,0.));
#875=CARTESIAN_POINT('',(-30.37406798,-28.822409051,0.));
#876=CARTESIAN_POINT('',(-30.245587274,-28.90363146,0.));
#877=CARTESIAN_POINT('',(-30.114536844,-28.986478388,0.));
#878=CARTESIAN_POINT('',(-29.998546137,-29.082352582,0.));
#879=B_SPLINE_CURVE_WITH_KNOTS('',2,(#830,#831,#832,#833,#834,#835,#836,#837,#838,#839,#840,#841,#842,#843,#844,#845,#846,#847,#848,#849,#850,#851,#852,#853,#854,#855,
#856,#857,#858,#859,#860,#861,#862,#863,#864,#865,#866,#867,#868,#869,#870,#871,#872,#873,#874,#875,#876,#877,#878),.UNSPECIFIED.,.F.,.F.,(3,2,2,2,2,2,2,2,2,2,2,2,2,2,2,2,2,2,2,2,2,2,2,2,3),(0.,0.03125,0.0625,0.125,0.1875,0.25,0.3125,0.375,0.4375,0.5,0.53125,0.5625,0.59375,0.625,0.6875,0.71875,0.75,0.78125,0.8125,0.84375,0.875,0.90625,0.9375,0.96875,1.),.UNSPECIFIED.);
#880=EDGE_CURVE('',#827,#829,#879,.T.);
#881=ORIENTED_EDGE('',*,*,#880,.F.);
#882=CARTESIAN_POINT('',(-29.99858832,-29.082465839,0.));
#883=CARTESIAN_POINT('',(-29.852280048,-29.136966588,0.));
#884=CARTESIAN_POINT('',(-29.714069641,-29.209610744,0.));
#885=CARTESIAN_POINT('',(-29.57787963,-29.281192967,0.));
#886=CARTESIAN_POINT('',(-29.448590861,-29.371348737,0.));
#887=CARTESIAN_POINT('',(-29.320933197,-29.460367104,0.));
#888=CARTESIAN_POINT('',(-29.202590141,-29.566159317,0.));
#889=CARTESIAN_POINT('',(-29.086944791,-29.669539927,0.));
#890=CARTESIAN_POINT('',(-28.982574595,-29.7872906,0.));
#891=CARTESIAN_POINT('',(-28.87928605,-29.903820953,0.));
#892=CARTESIAN_POINT('',(-28.78920667,-30.032536677,0.));
#893=CARTESIAN_POINT('',(-28.699320425,-30.160976427,0.));
#894=CARTESIAN_POINT('',(-28.624546975,-30.299404461,0.));
#895=CARTESIAN_POINT('',(-28.551205534,-30.435181416,0.));
#896=CARTESIAN_POINT('',(-28.492671537,-30.581131968,0.));
#897=CARTESIAN_POINT('',(-28.43497301,-30.724999335,0.));
#898=CARTESIAN_POINT('',(-28.392741595,-30.87695204,0.));
#899=CARTESIAN_POINT('',(-28.351008266,-31.027112587,0.));
#900=CARTESIAN_POINT('',(-28.325328522,-31.182970433,0.));
#901=CARTESIAN_POINT('',(-28.300121765,-31.335957582,0.));
#902=CARTESIAN_POINT('',(-28.291061533,-31.492272788,0.));
#903=CARTESIAN_POINT('',(-28.282038904,-31.64793925,0.));
#904=CARTESIAN_POINT('',(-28.289497052,-31.804673667,0.));
#905=CARTESIAN_POINT('',(-28.296927446,-31.960824818,0.));
#906=CARTESIAN_POINT('',(-28.321026841,-32.116280211,0.));
#907=CARTESIAN_POINT('',(-28.344644176,-32.268626035,0.));
#908=CARTESIAN_POINT('',(-28.384530103,-32.420561642,0.));
#909=CARTESIAN_POINT('',(-28.423843455,-32.570316165,0.));
#910=CARTESIAN_POINT('',(-28.478778454,-32.717687801,0.));
#911=CARTESIAN_POINT('',(-28.533265189,-32.863856902,0.));
#912=CARTESIAN_POINT('',(-28.602687946,-33.005616223,0.));
#913=CARTESIAN_POINT('',(-28.670906668,-33.144916938,0.));
#914=CARTESIAN_POINT('',(-28.752938191,-33.2780396,0.));
#915=CARTESIAN_POINT('',(-28.834463868,-33.410341362,0.));
#916=CARTESIAN_POINT('',(-28.928883386,-33.534734069,0.));
#917=CARTESIAN_POINT('',(-29.023561155,-33.659467009,0.));
#918=CARTESIAN_POINT('',(-29.130539978,-33.774785268,0.));
#919=CARTESIAN_POINT('',(-29.235630959,-33.888068521,0.));
#920=CARTESIAN_POINT('',(-29.353191225,-33.992604261,0.));
#921=CARTESIAN_POINT('',(-29.468458706,-34.095101235,0.));
#922=CARTESIAN_POINT('',(-29.594689107,-34.187871283,0.));
#923=CARTESIAN_POINT('',(-29.71987689,-34.279875083,0.));
#924=CARTESIAN_POINT('',(-29.854641531,-34.361055515,0.));
#925=CARTESIAN_POINT('',(-29.988110152,-34.441455241,0.));
#926=CARTESIAN_POINT('',(-30.129640302,-34.510091425,0.));
#927=CARTESIAN_POINT('',(-30.269080466,-34.577714054,0.));
#928=CARTESIAN_POINT('',(-30.414954595,-34.632919067,0.));
#929=CARTESIAN_POINT('',(-30.560262996,-34.687909984,0.));
#930=CARTESIAN_POINT('',(-30.710492536,-34.729712812,0.));
#931=CARTESIAN_POINT('',(-30.860481667,-34.771448743,0.));
#932=CARTESIAN_POINT('',(-31.015908496,-34.799780172,0.));
#933=CARTESIAN_POINT('',(-31.168136157,-34.827528451,0.));
#934=CARTESIAN_POINT('',(-31.324630142,-34.842003371,0.));
#935=CARTESIAN_POINT('',(-31.478280111,-34.856215233,0.));
#936=CARTESIAN_POINT('',(-31.634680664,-34.857229385,0.));
#937=CARTESIAN_POINT('',(-31.789748829,-34.858234897,0.));
#938=CARTESIAN_POINT('',(-31.946034305,-34.845981505,0.));
#939=CARTESIAN_POINT('',(-32.101715637,-34.833775481,0.));
#940=CARTESIAN_POINT('',(-32.257067361,-34.808257203,0.));
#941=CARTESIAN_POINT('',(-32.4103388,-34.783080636,0.));
#942=CARTESIAN_POINT('',(-32.561795217,-34.744914516,0.));
#943=CARTESIAN_POINT('',(-32.86441936,-34.668655025,0.));
#944=CARTESIAN_POINT('',(-33.150716761,-34.541955867,0.));
#945=B_SPLINE_CURVE_WITH_KNOTS('',2,(#882,#883,#884,#885,#886,#887,#888,#889,#890,#891,#892,#893,#894,#895,#896,#897,#898,#899,#900,#901,#902,#903,#904,#905,#906,#907,
#908,#909,#910,#911,#912,#913,#914,#915,#916,#917,#918,#919,#920,#921,#922,#923,#924,#925,#926,#927,#928,#929,#930,#931,#932,
#933,#934,#935,#936,#937,#938,#939,#940,#941,#942,#943,#944),.UNSPECIFIED.,.F.,.F.,(3,2,2,2,2,2,2,2,2,2,2,2,2,2,2,2,2,2,2,2,2,2,2,2,2,2,
2,2,2,2,2,3),(0.,0.03125,0.0625,0.09375,0.125,0.15625,0.1875,0.21875,0.25,0.28125,0.3125,0.34375,0.375,0.40625,0.4375,0.46875,0.5,0.53125,0.5625,0.59375,0.625,0.65625,0.6875,0.71875,0.75,0.78125,
0.8125,0.84375,0.875,0.90625,0.9375,1.),.UNSPECIFIED.);
#946=EDGE_CURVE('',#829,#827,#945,.T.);
#947=ORIENTED_EDGE('',*,*,#946,.F.);
#948=EDGE_LOOP('',(#881,#947));
#949=FACE_BOUND('',#948,.T.);
#950=CARTESIAN_POINT('',(-20.650668377,-34.541910752,-0.000009472));
#951=VERTEX_POINT('',#950);
#952=CARTESIAN_POINT('',(-17.498581995,-29.082423453,0.000006592));
#953=VERTEX_POINT('',#952);
#954=CARTESIAN_POINT('',(-20.650498145,-34.541861725,0.));
#955=CARTESIAN_POINT('',(-20.7813286,-34.446171934,0.));
#956=CARTESIAN_POINT('',(-20.898231494,-34.344727416,0.));
#957=CARTESIAN_POINT('',(-21.01790044,-34.240882607,0.));
#958=CARTESIAN_POINT('',(-21.12780545,-34.127217791,0.));
#959=CARTESIAN_POINT('',(-21.347444567,-33.90006491,0.));
#960=CARTESIAN_POINT('',(-21.525902323,-33.637096686,0.));
#961=CARTESIAN_POINT('',(-21.704231035,-33.374318617,0.));
#962=CARTESIAN_POINT('',(-21.833979938,-33.086815254,0.));
#963=CARTESIAN_POINT('',(-21.965231989,-32.795981147,0.));
#964=CARTESIAN_POINT('',(-22.041201177,-32.492218079,0.));
#965=CARTESIAN_POINT('',(-22.117641502,-32.186571167,0.));
#966=CARTESIAN_POINT('',(-22.136678547,-31.87086266,0.));
#967=CARTESIAN_POINT('',(-22.155686375,-31.555638675,0.));
#968=CARTESIAN_POINT('',(-22.116858055,-31.243571607,0.));
#969=CARTESIAN_POINT('',(-22.077707395,-30.928913865,0.));
#970=CARTESIAN_POINT('',(-21.981578319,-30.631955071,0.));
#971=CARTESIAN_POINT('',(-21.884778811,-30.332925198,0.));
#972=CARTESIAN_POINT('',(-21.731604745,-30.058973383,0.));
#973=CARTESIAN_POINT('',(-21.655247559,-29.922408558,0.));
#974=CARTESIAN_POINT('',(-21.565955223,-29.794004921,0.));
#975=CARTESIAN_POINT('',(-21.47656073,-29.665454381,0.));
#976=CARTESIAN_POINT('',(-21.375396692,-29.546791192,0.));
#977=CARTESIAN_POINT('',(-21.273742048,-29.427552533,0.));
#978=CARTESIAN_POINT('',(-21.161578449,-29.319900412,0.));
#979=CARTESIAN_POINT('',(-21.048490594,-29.21136121,0.));
#980=CARTESIAN_POINT('',(-20.926237815,-29.116048251,0.));
#981=CARTESIAN_POINT('',(-20.679832415,-28.923941143,0.));
#982=CARTESIAN_POINT('',(-20.399153118,-28.788383339,0.));
#983=CARTESIAN_POINT('',(-20.259256993,-28.720818643,0.));
#984=CARTESIAN_POINT('',(-20.113157177,-28.668431501,0.));
#985=CARTESIAN_POINT('',(-19.966828044,-28.615962133,0.));
#986=CARTESIAN_POINT('',(-19.816533344,-28.579519864,0.));
#987=CARTESIAN_POINT('',(-19.665383199,-28.542870173,0.));
#988=CARTESIAN_POINT('',(-19.51258329,-28.522995744,0.));
#989=CARTESIAN_POINT('',(-19.358343931,-28.502934089,0.));
#990=CARTESIAN_POINT('',(-19.204809533,-28.50026856,0.));
#991=CARTESIAN_POINT('',(-19.050549527,-28.497590434,0.));
#992=CARTESIAN_POINT('',(-18.896972009,-28.512613223,0.));
#993=CARTESIAN_POINT('',(-18.743698392,-28.527606284,0.));
#994=CARTESIAN_POINT('',(-18.593105134,-28.559963784,0.));
#995=CARTESIAN_POINT('',(-18.442468706,-28.59233056,0.));
#996=CARTESIAN_POINT('',(-18.297200217,-28.641486601,0.));
#997=CARTESIAN_POINT('',(-18.151208908,-28.69088723,0.));
#998=CARTESIAN_POINT('',(-18.013287227,-28.75634025,0.));
#999=CARTESIAN_POINT('',(-17.87406798,-28.822409051,0.));
#1000=CARTESIAN_POINT('',(-17.745587274,-28.90363146,0.));
#1001=CARTESIAN_POINT('',(-17.614536844,-28.986478388,0.));
#1002=CARTESIAN_POINT('',(-17.498546137,-29.082352582,0.));
#1003=B_SPLINE_CURVE_WITH_KNOTS('',2,(#954,#955,#956,#957,#958,#959,#960,#961,#962,#963,#964,#965,#966,#967,#968,#969,#970,#971,#972,#973,#974,#975,#976,#977,#978,#979,
#980,#981,#982,#983,#984,#985,#986,#987,#988,#989,#990,#991,#992,#993,#994,#995,#996,#997,#998,#999,#1000,#1001,#1002),.UNSPECIFIED.,.F.,.F.,(3,2,2,2,2,2,2,2,2,2,2,2,2,2,2,2,2,2,2,2,2,2,2,2,3),(0.,0.03125,0.0625,0.125,0.1875,0.25,0.3125,0.375,0.4375,0.5,0.53125,0.5625,0.59375,0.625,0.6875,0.71875,0.75,0.78125,0.8125,0.84375,0.875,0.90625,0.9375,0.96875,1.),.UNSPECIFIED.);
#1004=EDGE_CURVE('',#951,#953,#1003,.T.);
#1005=ORIENTED_EDGE('',*,*,#1004,.F.);
#1006=CARTESIAN_POINT('',(-17.49858832,-29.082465839,0.));
#1007=CARTESIAN_POINT('',(-17.352280048,-29.136966588,0.));
#1008=CARTESIAN_POINT('',(-17.214069641,-29.209610744,0.));
#1009=CARTESIAN_POINT('',(-17.07787963,-29.281192967,0.));
#1010=CARTESIAN_POINT('',(-16.948590861,-29.371348737,0.));
#1011=CARTESIAN_POINT('',(-16.820933197,-29.460367104,0.));
#1012=CARTESIAN_POINT('',(-16.702590141,-29.566159317,0.));
#1013=CARTESIAN_POINT('',(-16.586944791,-29.669539927,0.));
#1014=CARTESIAN_POINT('',(-16.482574595,-29.7872906,0.));
#1015=CARTESIAN_POINT('',(-16.37928605,-29.903820953,0.));
#1016=CARTESIAN_POINT('',(-16.28920667,-30.032536677,0.));
#1017=CARTESIAN_POINT('',(-16.199320425,-30.160976427,0.));
#1018=CARTESIAN_POINT('',(-16.124546975,-30.299404461,0.));
#1019=CARTESIAN_POINT('',(-16.051205534,-30.435181416,0.));
#1020=CARTESIAN_POINT('',(-15.992671537,-30.581131968,0.));
#1021=CARTESIAN_POINT('',(-15.93497301,-30.724999335,0.));
#1022=CARTESIAN_POINT('',(-15.892741595,-30.87695204,0.));
#1023=CARTESIAN_POINT('',(-15.851008266,-31.027112587,0.));
#1024=CARTESIAN_POINT('',(-15.825328522,-31.182970433,0.));
#1025=CARTESIAN_POINT('',(-15.800121765,-31.335957582,0.));
#1026=CARTESIAN_POINT('',(-15.791061533,-31.492272788,0.));
#1027=CARTESIAN_POINT('',(-15.782038904,-31.64793925,0.));
#1028=CARTESIAN_POINT('',(-15.789497052,-31.804673667,0.));
#1029=CARTESIAN_POINT('',(-15.796927446,-31.960824818,0.));
#1030=CARTESIAN_POINT('',(-15.821026841,-32.116280211,0.));
#1031=CARTESIAN_POINT('',(-15.844644176,-32.268626035,0.));
#1032=CARTESIAN_POINT('',(-15.884530103,-32.420561642,0.));
#1033=CARTESIAN_POINT('',(-15.923843455,-32.570316165,0.));
#1034=CARTESIAN_POINT('',(-15.978778454,-32.717687801,0.));
#1035=CARTESIAN_POINT('',(-16.033265189,-32.863856902,0.));
#1036=CARTESIAN_POINT('',(-16.102687946,-33.005616223,0.));
#1037=CARTESIAN_POINT('',(-16.170906668,-33.144916938,0.));
#1038=CARTESIAN_POINT('',(-16.252938191,-33.2780396,0.));
#1039=CARTESIAN_POINT('',(-16.334463868,-33.410341362,0.));
#1040=CARTESIAN_POINT('',(-16.428883386,-33.534734069,0.));
#1041=CARTESIAN_POINT('',(-16.523561155,-33.659467009,0.));
#1042=CARTESIAN_POINT('',(-16.630539978,-33.774785268,0.));
#1043=CARTESIAN_POINT('',(-16.735630959,-33.888068521,0.));
#1044=CARTESIAN_POINT('',(-16.853191225,-33.992604261,0.));
#1045=CARTESIAN_POINT('',(-16.968458706,-34.095101235,0.));
#1046=CARTESIAN_POINT('',(-17.094689107,-34.187871283,0.));
#1047=CARTESIAN_POINT('',(-17.21987689,-34.279875083,0.));
#1048=CARTESIAN_POINT('',(-17.354641531,-34.361055515,0.));
#1049=CARTESIAN_POINT('',(-17.488110152,-34.441455241,0.));
#1050=CARTESIAN_POINT('',(-17.629640302,-34.510091425,0.));
#1051=CARTESIAN_POINT('',(-17.769080466,-34.577714054,0.));
#1052=CARTESIAN_POINT('',(-17.914954595,-34.632919067,0.));
#1053=CARTESIAN_POINT('',(-18.060262996,-34.687909984,0.));
#1054=CARTESIAN_POINT('',(-18.210492536,-34.729712812,0.));
#1055=CARTESIAN_POINT('',(-18.360481667,-34.771448743,0.));
#1056=CARTESIAN_POINT('',(-18.515908496,-34.799780172,0.));
#1057=CARTESIAN_POINT('',(-18.668136157,-34.827528451,0.));
#1058=CARTESIAN_POINT('',(-18.824630142,-34.842003371,0.));
#1059=CARTESIAN_POINT('',(-18.978280111,-34.856215233,0.));
#1060=CARTESIAN_POINT('',(-19.134680664,-34.857229385,0.));
#1061=CARTESIAN_POINT('',(-19.289748829,-34.858234897,0.));
#1062=CARTESIAN_POINT('',(-19.446034305,-34.845981505,0.));
#1063=CARTESIAN_POINT('',(-19.601715637,-34.833775481,0.));
#1064=CARTESIAN_POINT('',(-19.757067361,-34.808257203,0.));
#1065=CARTESIAN_POINT('',(-19.9103388,-34.783080636,0.));
#1066=CARTESIAN_POINT('',(-20.061795217,-34.744914516,0.));
#1067=CARTESIAN_POINT('',(-20.36441936,-34.668655025,0.));
#1068=CARTESIAN_POINT('',(-20.650716761,-34.541955867,0.));
#1069=B_SPLINE_CURVE_WITH_KNOTS('',2,(#1006,#1007,#1008,#1009,#1010,#1011,#1012,#1013,#1014,#1015,#1016,#1017,#1018,#1019,#1020,#1021,#1022,#1023,#1024,#1025,#1026,#1027,#1028,#1029,#1030,#1031,
#1032,#1033,#1034,#1035,#1036,#1037,#1038,#1039,#1040,#1041,#1042,#1043,#1044,#1045,#1046,#1047,#1048,#1049,#1050,#1051,#1052,#1053,#1054,#1055,#1056,
#1057,#1058,#1059,#1060,#1061,#1062,#1063,#1064,#1065,#1066,#1067,#1068),.UNSPECIFIED.,.F.,.F.,(3,2,2,2,2,2,2,2,2,2,2,2,2,2,2,2,2,2,2,2,2,2,2,2,2,2,
2,2,2,2,2,3),(0.,0.03125,0.0625,0.09375,0.125,0.15625,0.1875,0.21875,0.25,0.28125,0.3125,0.34375,0.375,0.40625,0.4375,0.46875,0.5,0.53125,0.5625,0.59375,0.625,0.65625,0.6875,0.71875,0.75,0.78125,
0.8125,0.84375,0.875,0.90625,0.9375,1.),.UNSPECIFIED.);
#1070=EDGE_CURVE('',#953,#951,#1069,.T.);
#1071=ORIENTED_EDGE('',*,*,#1070,.F.);
#1072=EDGE_LOOP('',(#1005,#1071));
#1073=FACE_BOUND('',#1072,.T.);
#1074=ADVANCED_FACE('',(#175,#299,#423,#547,#577,#701,#825,#949,#1073),#51,.F.);
#1075=CARTESIAN_POINT('',(-50.,-37.5,-0.));
#1076=CARTESIAN_POINT('',(-50.,-12.5,-0.));
#1077=CARTESIAN_POINT('',(-50.,-37.5,5.5));
#1078=CARTESIAN_POINT('',(-50.,-12.5,5.5));
#1079=B_SPLINE_SURFACE_WITH_KNOTS('',1,1,((#1075,#1076),(#1077,#1078)),.UNSPECIFIED.,.F.,.F.,.U.,(2,2),(2,2),(-0.0055,0.),(0.,0.025),.UNSPECIFIED.);
#1080=ORIENTED_EDGE('',*,*,#555,.F.);
#1081=CARTESIAN_POINT('',(-50.,-37.5,5.5));
#1082=VERTEX_POINT('',#1081);
#1083=CARTESIAN_POINT('',(-50.,-37.5,5.5));
#1084=CARTESIAN_POINT('',(-50.,-37.5,-0.));
#1085=B_SPLINE_CURVE_WITH_KNOTS('',1,(#1083,#1084),.UNSPECIFIED.,.F.,.F.,(2,2),(0.,0.0055),.UNSPECIFIED.);
#1086=EDGE_CURVE('',#1082,#549,#1085,.T.);
#1087=ORIENTED_EDGE('',*,*,#1086,.F.);
#1088=CARTESIAN_POINT('',(-50.,-12.5,5.5));
#1089=VERTEX_POINT('',#1088);
#1090=CARTESIAN_POINT('',(-50.,-37.5,5.5));
#1091=CARTESIAN_POINT('',(-50.,-12.5,5.5));
#1092=B_SPLINE_CURVE_WITH_KNOTS('',1,(#1090,#1091),.UNSPECIFIED.,.F.,.F.,(2,2),(0.,0.025),.UNSPECIFIED.);
#1093=EDGE_CURVE('',#1082,#1089,#1092,.T.);
#1094=ORIENTED_EDGE('',*,*,#1093,.T.);
#1095=CARTESIAN_POINT('',(-50.,-12.5,5.5));
#1096=CARTESIAN_POINT('',(-50.,-12.5,-0.));
#1097=B_SPLINE_CURVE_WITH_KNOTS('',1,(#1095,#1096),.UNSPECIFIED.,.F.,.F.,(2,2),(0.,0.0055),.UNSPECIFIED.);
#1098=EDGE_CURVE('',#1089,#551,#1097,.T.);
#1099=ORIENTED_EDGE('',*,*,#1098,.T.);
#1100=EDGE_LOOP('',(#1080,#1087,#1094,#1099));
#1101=FACE_BOUND('',#1100,.T.);
#1102=ADVANCED_FACE('',(#1101),#1079,.T.);
#1103=CARTESIAN_POINT('',(-50.,-37.5,5.5));
#1104=CARTESIAN_POINT('',(0.,-37.5,5.5));
#1105=CARTESIAN_POINT('',(-50.,-37.5,-0.));
#1106=CARTESIAN_POINT('',(0.,-37.5,-0.));
#1107=B_SPLINE_SURFACE_WITH_KNOTS('',1,1,((#1103,#1104),(#1105,#1106)),.UNSPECIFIED.,.F.,.F.,.U.,(2,2),(2,2),(0.,0.0055),(-0.05,0.),.UNSPECIFIED.);
#1108=ORIENTED_EDGE('',*,*,#574,.F.);
#1109=CARTESIAN_POINT('',(0.,-37.5,5.5));
#1110=VERTEX_POINT('',#1109);
#1111=CARTESIAN_POINT('',(0.,-37.5,5.5));
#1112=CARTESIAN_POINT('',(0.,-37.5,-0.));
#1113=B_SPLINE_CURVE_WITH_KNOTS('',1,(#1111,#1112),.UNSPECIFIED.,.F.,.F.,(2,2),(0.,0.0055),.UNSPECIFIED.);
#1114=EDGE_CURVE('',#1110,#565,#1113,.T.);
#1115=ORIENTED_EDGE('',*,*,#1114,.F.);
#1116=CARTESIAN_POINT('',(0.,-37.5,5.5));
#1117=CARTESIAN_POINT('',(-50.,-37.5,5.5));
#1118=B_SPLINE_CURVE_WITH_KNOTS('',1,(#1116,#1117),.UNSPECIFIED.,.F.,.F.,(2,2),(0.,0.05),.UNSPECIFIED.);
#1119=EDGE_CURVE('',#1110,#1082,#1118,.T.);
#1120=ORIENTED_EDGE('',*,*,#1119,.T.);
#1121=ORIENTED_EDGE('',*,*,#1086,.T.);
#1122=EDGE_LOOP('',(#1108,#1115,#1120,#1121));
#1123=FACE_BOUND('',#1122,.T.);
#1124=ADVANCED_FACE('',(#1123),#1107,.T.);
#1125=CARTESIAN_POINT('',(0.,-37.5,5.5));
#1126=CARTESIAN_POINT('',(0.,-12.5,5.5));
#1127=CARTESIAN_POINT('',(0.,-37.5,-0.));
#1128=CARTESIAN_POINT('',(0.,-12.5,-0.));
#1129=B_SPLINE_SURFACE_WITH_KNOTS('',1,1,((#1125,#1126),(#1127,#1128)),.UNSPECIFIED.,.F.,.F.,.U.,(2,2),(2,2),(0.,0.0055),(-0.025,0.),.UNSPECIFIED.);
#1130=ORIENTED_EDGE('',*,*,#569,.F.);
#1131=CARTESIAN_POINT('',(0.,-12.5,5.5));
#1132=VERTEX_POINT('',#1131);
#1133=CARTESIAN_POINT('',(0.,-12.5,5.5));
#1134=CARTESIAN_POINT('',(0.,-12.5,-0.));
#1135=B_SPLINE_CURVE_WITH_KNOTS('',1,(#1133,#1134),.UNSPECIFIED.,.F.,.F.,(2,2),(0.,0.0055),.UNSPECIFIED.);
#1136=EDGE_CURVE('',#1132,#558,#1135,.T.);
#1137=ORIENTED_EDGE('',*,*,#1136,.F.);
#1138=CARTESIAN_POINT('',(0.,-12.5,5.5));
#1139=CARTESIAN_POINT('',(0.,-37.5,5.5));
#1140=B_SPLINE_CURVE_WITH_KNOTS('',1,(#1138,#1139),.UNSPECIFIED.,.F.,.F.,(2,2),(0.,0.025),.UNSPECIFIED.);
#1141=EDGE_CURVE('',#1132,#1110,#1140,.T.);
#1142=ORIENTED_EDGE('',*,*,#1141,.T.);
#1143=ORIENTED_EDGE('',*,*,#1114,.T.);
#1144=EDGE_LOOP('',(#1130,#1137,#1142,#1143));
#1145=FACE_BOUND('',#1144,.T.);
#1146=ADVANCED_FACE('',(#1145),#1129,.T.);
#1147=CARTESIAN_POINT('',(-50.,-12.5,-0.));
#1148=CARTESIAN_POINT('',(0.,-12.5,-0.));
#1149=CARTESIAN_POINT('',(-50.,-12.5,5.5));
#1150=CARTESIAN_POINT('',(0.,-12.5,5.5));
#1151=B_SPLINE_SURFACE_WITH_KNOTS('',1,1,((#1147,#1148),(#1149,#1150)),.UNSPECIFIED.,.F.,.F.,.U.,(2,2),(2,2),(-0.0055,0.),(0.,0.05),.UNSPECIFIED.);
#1152=ORIENTED_EDGE('',*,*,#562,.F.);
#1153=ORIENTED_EDGE('',*,*,#1098,.F.);
#1154=CARTESIAN_POINT('',(-50.,-12.5,5.5));
#1155=CARTESIAN_POINT('',(0.,-12.5,5.5));
#1156=B_SPLINE_CURVE_WITH_KNOTS('',1,(#1154,#1155),.UNSPECIFIED.,.F.,.F.,(2,2),(0.,0.05),.UNSPECIFIED.);
#1157=EDGE_CURVE('',#1089,#1132,#1156,.T.);
#1158=ORIENTED_EDGE('',*,*,#1157,.T.);
#1159=ORIENTED_EDGE('',*,*,#1136,.T.);
#1160=EDGE_LOOP('',(#1152,#1153,#1158,#1159));
#1161=FACE_BOUND('',#1160,.T.);
#1162=ADVANCED_FACE('',(#1161),#1151,.T.);
#1163=CARTESIAN_POINT('',(-50.,-37.5,5.5));
#1164=CARTESIAN_POINT('',(-50.,-12.5,5.5));
#1165=CARTESIAN_POINT('',(0.,-37.5,5.5));
#1166=CARTESIAN_POINT('',(0.,-12.5,5.5));
#1167=B_SPLINE_SURFACE_WITH_KNOTS('',1,1,((#1163,#1164),(#1165,#1166)),.UNSPECIFIED.,.F.,.F.,.U.,(2,2),(2,2),(-0.05,0.),(-0.0375,-0.0125),.UNSPECIFIED.);
#1168=CARTESIAN_POINT('',(-20.652885862,-27.951576494,5.500575969));
#1169=VERTEX_POINT('',#1168);
#1170=CARTESIAN_POINT('',(-17.487809545,-33.413863907,5.500132583));
#1171=VERTEX_POINT('',#1170);
#1172=CARTESIAN_POINT('',(-20.649721913,-27.955772702,5.5));
#1173=CARTESIAN_POINT('',(-20.818367418,-28.079095078,5.5));
#1174=CARTESIAN_POINT('',(-20.974480502,-28.215615109,5.5));
#1175=CARTESIAN_POINT('',(-21.118751828,-28.36460547,5.5));
#1176=CARTESIAN_POINT('',(-21.190887491,-28.439100651,5.5));
#1177=CARTESIAN_POINT('',(-21.260041345,-28.516735917,5.5));
#1178=CARTESIAN_POINT('',(-21.326171779,-28.597555091,5.5));
#1179=CARTESIAN_POINT('',(-21.392302213,-28.678374264,5.5));
#1180=CARTESIAN_POINT('',(-21.455584456,-28.762688512,5.5));
#1181=CARTESIAN_POINT('',(-21.51469251,-28.84873256,5.5));
#1182=CARTESIAN_POINT('',(-21.632908616,-29.020820656,5.5));
#1183=CARTESIAN_POINT('',(-21.73563069,-29.200913566,5.5));
#1184=CARTESIAN_POINT('',(-21.822728546,-29.389078548,5.5));
#1185=CARTESIAN_POINT('',(-21.866277474,-29.48316104,5.5));
#1186=CARTESIAN_POINT('',(-21.905892301,-29.579276039,5.5));
#1187=CARTESIAN_POINT('',(-21.941372585,-29.677527102,5.5));
#1188=CARTESIAN_POINT('',(-21.976852869,-29.775778165,5.5));
#1189=CARTESIAN_POINT('',(-22.008254052,-29.876543479,5.5));
#1190=CARTESIAN_POINT('',(-22.034692538,-29.977453575,5.5));
#1191=CARTESIAN_POINT('',(-22.087569511,-30.179273767,5.5));
#1192=CARTESIAN_POINT('',(-22.121259895,-30.383423425,5.5));
#1193=CARTESIAN_POINT('',(-22.135596512,-30.589922847,5.5));
#1194=CARTESIAN_POINT('',(-22.142764821,-30.693172557,5.5));
#1195=CARTESIAN_POINT('',(-22.145151128,-30.797002856,5.5));
#1196=CARTESIAN_POINT('',(-22.142712275,-30.901418984,5.5));
#1197=CARTESIAN_POINT('',(-22.140273422,-31.005835111,5.5));
#1198=CARTESIAN_POINT('',(-22.132926073,-31.111132169,5.5));
#1199=CARTESIAN_POINT('',(-22.120897511,-31.214814247,5.5));
#1200=CARTESIAN_POINT('',(-22.096840388,-31.422178403,5.5));
#1201=CARTESIAN_POINT('',(-22.054293863,-31.625217842,5.5));
#1202=CARTESIAN_POINT('',(-21.993215483,-31.823922635,5.5));
#1203=CARTESIAN_POINT('',(-21.932137103,-32.022627428,5.5));
#1204=CARTESIAN_POINT('',(-21.851328561,-32.21871945,5.5));
#1205=CARTESIAN_POINT('',(-21.75373243,-32.402098691,5.5));
#1206=CARTESIAN_POINT('',(-21.656136299,-32.585477932,5.5));
#1207=CARTESIAN_POINT('',(-21.541578634,-32.757724824,5.5));
#1208=CARTESIAN_POINT('',(-21.408579559,-32.917868082,5.5));
#1209=CARTESIAN_POINT('',(-21.342080021,-32.997939711,5.5));
#1210=CARTESIAN_POINT('',(-21.270542018,-33.075445773,5.5));
#1211=CARTESIAN_POINT('',(-21.195505094,-33.148687889,5.5));
#1212=CARTESIAN_POINT('',(-21.12046817,-33.221930005,5.5));
#1213=CARTESIAN_POINT('',(-21.0422083,-33.290752138,5.5));
#1214=CARTESIAN_POINT('',(-20.960845689,-33.355319137,5.5));
#1215=CARTESIAN_POINT('',(-20.635395242,-33.613587132,5.5));
#1216=CARTESIAN_POINT('',(-20.25307172,-33.807609275,5.5));
#1217=CARTESIAN_POINT('',(-19.851447414,-33.91162493,5.5));
#1218=CARTESIAN_POINT('',(-19.0481988,-34.119656242,5.5));
#1219=CARTESIAN_POINT('',(-18.134891764,-33.955790449,5.5));
#1220=CARTESIAN_POINT('',(-17.487450117,-33.414457206,5.5));
#1221=B_SPLINE_CURVE_WITH_KNOTS('',3,(#1172,#1173,#1174,#1175,#1176,#1177,#1178,#1179,#1180,#1181,#1182,#1183,#1184,#1185,#1186,#1187,#1188,#1189,#1190,#1191,#1192,#1193,#1194,#1195,#1196,#1197,
#1198,#1199,#1200,#1201,#1202,#1203,#1204,#1205,#1206,#1207,#1208,#1209,#1210,#1211,#1212,#1213,#1214,#1215,#1216,#1217,#1218,#1219,#1220),.UNSPECIFIED.,.F.,.F.,(4,3,3,3,3,3,3,3,3,3,3,3,3,3,3,3,4),(0.00014585,0.000767485,0.001078303,0.001389121,0.002010756,0.002321574,0.002632391,0.003254027,0.003564845,0.003875662,0.004497298,0.005118933,0.005740569,0.006051386,0.006362204,0.007605475,0.010092017),.UNSPECIFIED.);
#1222=EDGE_CURVE('',#1169,#1171,#1221,.T.);
#1223=ORIENTED_EDGE('',*,*,#1222,.F.);
#1224=CARTESIAN_POINT('',(-20.629707233,-27.939899694,5.49979243));
#1225=VERTEX_POINT('',#1224);
#1226=CARTESIAN_POINT('',(-20.653666972,-27.951618235,5.5));
#1227=CARTESIAN_POINT('',(-20.629150641,-27.940841285,5.5));
#1228=B_SPLINE_CURVE_WITH_KNOTS('',1,(#1226,#1227),.UNSPECIFIED.,.F.,.F.,(2,2),(0.,1.),.UNSPECIFIED.);
#1229=EDGE_CURVE('',#1169,#1225,#1228,.T.);
#1230=ORIENTED_EDGE('',*,*,#1229,.T.);
#1231=CARTESIAN_POINT('',(-17.487450856,-33.414457823,5.5));
#1232=CARTESIAN_POINT('',(-16.704451065,-33.115865094,5.5));
#1233=CARTESIAN_POINT('',(-16.110418294,-32.423361823,5.5));
#1234=CARTESIAN_POINT('',(-15.891425298,-31.62213917,5.5));
#1235=CARTESIAN_POINT('',(-15.7819288,-31.221527843,5.5));
#1236=CARTESIAN_POINT('',(-15.760886907,-30.796844052,5.5));
#1237=CARTESIAN_POINT('',(-15.822236931,-30.386405834,5.5));
#1238=CARTESIAN_POINT('',(-15.852911943,-30.181186726,5.5));
#1239=CARTESIAN_POINT('',(-15.903625683,-29.981244477,5.5));
#1240=CARTESIAN_POINT('',(-15.974924615,-29.78672299,5.5));
#1241=CARTESIAN_POINT('',(-16.010574081,-29.689462247,5.5));
#1242=CARTESIAN_POINT('',(-16.051754962,-29.593055174,5.5));
#1243=CARTESIAN_POINT('',(-16.097587738,-29.499548996,5.5));
#1244=CARTESIAN_POINT('',(-16.143420515,-29.406042819,5.5));
#1245=CARTESIAN_POINT('',(-16.193729598,-29.315531136,5.5));
#1246=CARTESIAN_POINT('',(-16.248237517,-29.22782833,5.5));
#1247=CARTESIAN_POINT('',(-16.466269197,-28.877017105,5.5));
#1248=CARTESIAN_POINT('',(-16.755477601,-28.566832368,5.5));
#1249=CARTESIAN_POINT('',(-17.086528647,-28.320006254,5.5));
#1250=CARTESIAN_POINT('',(-17.169291408,-28.258299725,5.5));
#1251=CARTESIAN_POINT('',(-17.254935323,-28.200266935,5.5));
#1252=CARTESIAN_POINT('',(-17.343526686,-28.145992415,5.5));
#1253=CARTESIAN_POINT('',(-17.43211805,-28.091717896,5.5));
#1254=CARTESIAN_POINT('',(-17.52396795,-28.041095917,5.5));
#1255=CARTESIAN_POINT('',(-17.617039323,-27.995287151,5.5));
#1256=CARTESIAN_POINT('',(-17.803182069,-27.903669619,5.5));
#1257=CARTESIAN_POINT('',(-17.995779708,-27.830412071,5.5));
#1258=CARTESIAN_POINT('',(-18.194516594,-27.774616697,5.5));
#1259=CARTESIAN_POINT('',(-18.393253479,-27.718821324,5.5));
#1260=CARTESIAN_POINT('',(-18.599885015,-27.680271753,5.5));
#1261=CARTESIAN_POINT('',(-18.80587599,-27.659718264,5.5));
#1262=CARTESIAN_POINT('',(-19.011866966,-27.639164775,5.5));
#1263=CARTESIAN_POINT('',(-19.218136047,-27.636032716,5.5));
#1264=CARTESIAN_POINT('',(-19.424678477,-27.650024089,5.5));
#1265=CARTESIAN_POINT('',(-19.631220907,-27.664015462,5.5));
#1266=CARTESIAN_POINT('',(-19.838846597,-27.695606676,5.5));
#1267=CARTESIAN_POINT('',(-20.04008817,-27.744016226,5.5));
#1268=CARTESIAN_POINT('',(-20.241329743,-27.792425776,5.5));
#1269=CARTESIAN_POINT('',(-20.437805113,-27.857607593,5.5));
#1270=CARTESIAN_POINT('',(-20.629150651,-27.940841289,5.5));
#1271=B_SPLINE_CURVE_WITH_KNOTS('',3,(#1231,#1232,#1233,#1234,#1235,#1236,#1237,#1238,#1239,#1240,#1241,#1242,#1243,#1244,#1245,#1246,#1247,#1248,#1249,#1250,#1251,#1252,#1253,#1254,#1255,#1256,
#1257,#1258,#1259,#1260,#1261,#1262,#1263,#1264,#1265,#1266,#1267,#1268,#1269,#1270),.UNSPECIFIED.,.F.,.F.,(4,3,3,3,3,3,3,3,3,3,3,3,3,4),(0.000011164,0.002487225,0.003725255,0.004344271,0.004653778,0.004963286,0.006201317,0.006510824,0.006820332,0.007439347,0.008058362,0.008677378,0.009296393,0.009915408),.UNSPECIFIED.);
#1272=EDGE_CURVE('',#1171,#1225,#1271,.T.);
#1273=ORIENTED_EDGE('',*,*,#1272,.F.);
#1274=EDGE_LOOP('',(#1223,#1230,#1273));
#1275=FACE_BOUND('',#1274,.T.);
#1276=CARTESIAN_POINT('',(-33.152885862,-15.451576494,5.500575969));
#1277=VERTEX_POINT('',#1276);
#1278=CARTESIAN_POINT('',(-29.987809545,-20.913863907,5.500132583));
#1279=VERTEX_POINT('',#1278);
#1280=CARTESIAN_POINT('',(-33.149721913,-15.455772702,5.5));
#1281=CARTESIAN_POINT('',(-33.318367418,-15.579095078,5.5));
#1282=CARTESIAN_POINT('',(-33.474480502,-15.715615109,5.5));
#1283=CARTESIAN_POINT('',(-33.618751828,-15.86460547,5.5));
#1284=CARTESIAN_POINT('',(-33.690887491,-15.939100651,5.5));
#1285=CARTESIAN_POINT('',(-33.760041345,-16.016735917,5.5));
#1286=CARTESIAN_POINT('',(-33.826171779,-16.097555091,5.5));
#1287=CARTESIAN_POINT('',(-33.892302213,-16.178374264,5.5));
#1288=CARTESIAN_POINT('',(-33.955584456,-16.262688512,5.5));
#1289=CARTESIAN_POINT('',(-34.01469251,-16.34873256,5.5));
#1290=CARTESIAN_POINT('',(-34.132908616,-16.520820656,5.5));
#1291=CARTESIAN_POINT('',(-34.23563069,-16.700913566,5.5));
#1292=CARTESIAN_POINT('',(-34.322728546,-16.889078548,5.5));
#1293=CARTESIAN_POINT('',(-34.366277474,-16.98316104,5.5));
#1294=CARTESIAN_POINT('',(-34.405892301,-17.079276039,5.5));
#1295=CARTESIAN_POINT('',(-34.441372585,-17.177527102,5.5));
#1296=CARTESIAN_POINT('',(-34.476852869,-17.275778165,5.5));
#1297=CARTESIAN_POINT('',(-34.508254052,-17.376543479,5.5));
#1298=CARTESIAN_POINT('',(-34.534692538,-17.477453575,5.5));
#1299=CARTESIAN_POINT('',(-34.587569511,-17.679273767,5.5));
#1300=CARTESIAN_POINT('',(-34.621259895,-17.883423425,5.5));
#1301=CARTESIAN_POINT('',(-34.635596512,-18.089922847,5.5));
#1302=CARTESIAN_POINT('',(-34.642764821,-18.193172557,5.5));
#1303=CARTESIAN_POINT('',(-34.645151128,-18.297002856,5.5));
#1304=CARTESIAN_POINT('',(-34.642712275,-18.401418984,5.5));
#1305=CARTESIAN_POINT('',(-34.640273422,-18.505835111,5.5));
#1306=CARTESIAN_POINT('',(-34.632926073,-18.611132169,5.5));
#1307=CARTESIAN_POINT('',(-34.620897511,-18.714814247,5.5));
#1308=CARTESIAN_POINT('',(-34.596840388,-18.922178403,5.5));
#1309=CARTESIAN_POINT('',(-34.554293863,-19.125217842,5.5));
#1310=CARTESIAN_POINT('',(-34.493215483,-19.323922635,5.5));
#1311=CARTESIAN_POINT('',(-34.432137103,-19.522627428,5.5));
#1312=CARTESIAN_POINT('',(-34.351328561,-19.71871945,5.5));
#1313=CARTESIAN_POINT('',(-34.25373243,-19.902098691,5.5));
#1314=CARTESIAN_POINT('',(-34.156136299,-20.085477932,5.5));
#1315=CARTESIAN_POINT('',(-34.041578634,-20.257724824,5.5));
#1316=CARTESIAN_POINT('',(-33.908579559,-20.417868082,5.5));
#1317=CARTESIAN_POINT('',(-33.842080021,-20.497939711,5.5));
#1318=CARTESIAN_POINT('',(-33.770542018,-20.575445773,5.5));
#1319=CARTESIAN_POINT('',(-33.695505094,-20.648687889,5.5));
#1320=CARTESIAN_POINT('',(-33.62046817,-20.721930005,5.5));
#1321=CARTESIAN_POINT('',(-33.5422083,-20.790752138,5.5));
#1322=CARTESIAN_POINT('',(-33.460845689,-20.855319137,5.5));
#1323=CARTESIAN_POINT('',(-33.135395242,-21.113587132,5.5));
#1324=CARTESIAN_POINT('',(-32.75307172,-21.307609275,5.5));
#1325=CARTESIAN_POINT('',(-32.351447414,-21.41162493,5.5));
#1326=CARTESIAN_POINT('',(-31.5481988,-21.619656242,5.5));
#1327=CARTESIAN_POINT('',(-30.634891764,-21.455790449,5.5));
#1328=CARTESIAN_POINT('',(-29.987450117,-20.914457206,5.5));
#1329=B_SPLINE_CURVE_WITH_KNOTS('',3,(#1280,#1281,#1282,#1283,#1284,#1285,#1286,#1287,#1288,#1289,#1290,#1291,#1292,#1293,#1294,#1295,#1296,#1297,#1298,#1299,#1300,#1301,#1302,#1303,#1304,#1305,
#1306,#1307,#1308,#1309,#1310,#1311,#1312,#1313,#1314,#1315,#1316,#1317,#1318,#1319,#1320,#1321,#1322,#1323,#1324,#1325,#1326,#1327,#1328),.UNSPECIFIED.,.F.,.F.,(4,3,3,3,3,3,3,3,3,3,3,3,3,3,3,3,4),(0.00014585,0.000767485,0.001078303,0.001389121,0.002010756,0.002321574,0.002632391,0.003254027,0.003564845,0.003875662,0.004497298,0.005118933,0.005740569,0.006051386,0.006362204,0.007605475,0.010092017),.UNSPECIFIED.);
#1330=EDGE_CURVE('',#1277,#1279,#1329,.T.);
#1331=ORIENTED_EDGE('',*,*,#1330,.F.);
#1332=CARTESIAN_POINT('',(-33.129707233,-15.439899694,5.49979243));
#1333=VERTEX_POINT('',#1332);
#1334=CARTESIAN_POINT('',(-33.153666972,-15.451618235,5.5));
#1335=CARTESIAN_POINT('',(-33.129150641,-15.440841285,5.5));
#1336=B_SPLINE_CURVE_WITH_KNOTS('',1,(#1334,#1335),.UNSPECIFIED.,.F.,.F.,(2,2),(0.,1.),.UNSPECIFIED.);
#1337=EDGE_CURVE('',#1277,#1333,#1336,.T.);
#1338=ORIENTED_EDGE('',*,*,#1337,.T.);
#1339=CARTESIAN_POINT('',(-29.987450856,-20.914457823,5.5));
#1340=CARTESIAN_POINT('',(-29.204451065,-20.615865094,5.5));
#1341=CARTESIAN_POINT('',(-28.610418294,-19.923361823,5.5));
#1342=CARTESIAN_POINT('',(-28.391425298,-19.12213917,5.5));
#1343=CARTESIAN_POINT('',(-28.2819288,-18.721527843,5.5));
#1344=CARTESIAN_POINT('',(-28.260886907,-18.296844052,5.5));
#1345=CARTESIAN_POINT('',(-28.322236931,-17.886405834,5.5));
#1346=CARTESIAN_POINT('',(-28.352911943,-17.681186726,5.5));
#1347=CARTESIAN_POINT('',(-28.403625683,-17.481244477,5.5));
#1348=CARTESIAN_POINT('',(-28.474924615,-17.28672299,5.5));
#1349=CARTESIAN_POINT('',(-28.510574081,-17.189462247,5.5));
#1350=CARTESIAN_POINT('',(-28.551754962,-17.093055174,5.5));
#1351=CARTESIAN_POINT('',(-28.597587738,-16.999548996,5.5));
#1352=CARTESIAN_POINT('',(-28.643420515,-16.906042819,5.5));
#1353=CARTESIAN_POINT('',(-28.693729598,-16.815531136,5.5));
#1354=CARTESIAN_POINT('',(-28.748237517,-16.72782833,5.5));
#1355=CARTESIAN_POINT('',(-28.966269197,-16.377017105,5.5));
#1356=CARTESIAN_POINT('',(-29.255477601,-16.066832368,5.5));
#1357=CARTESIAN_POINT('',(-29.586528647,-15.820006254,5.5));
#1358=CARTESIAN_POINT('',(-29.669291408,-15.758299725,5.5));
#1359=CARTESIAN_POINT('',(-29.754935323,-15.700266935,5.5));
#1360=CARTESIAN_POINT('',(-29.843526686,-15.645992415,5.5));
#1361=CARTESIAN_POINT('',(-29.93211805,-15.591717896,5.5));
#1362=CARTESIAN_POINT('',(-30.02396795,-15.541095917,5.5));
#1363=CARTESIAN_POINT('',(-30.117039323,-15.495287151,5.5));
#1364=CARTESIAN_POINT('',(-30.303182069,-15.403669619,5.5));
#1365=CARTESIAN_POINT('',(-30.495779708,-15.330412071,5.5));
#1366=CARTESIAN_POINT('',(-30.694516594,-15.274616697,5.5));
#1367=CARTESIAN_POINT('',(-30.893253479,-15.218821324,5.5));
#1368=CARTESIAN_POINT('',(-31.099885015,-15.180271753,5.5));
#1369=CARTESIAN_POINT('',(-31.30587599,-15.159718264,5.5));
#1370=CARTESIAN_POINT('',(-31.511866966,-15.139164775,5.5));
#1371=CARTESIAN_POINT('',(-31.718136047,-15.136032716,5.5));
#1372=CARTESIAN_POINT('',(-31.924678477,-15.150024089,5.5));
#1373=CARTESIAN_POINT('',(-32.131220907,-15.164015462,5.5));
#1374=CARTESIAN_POINT('',(-32.338846597,-15.195606676,5.5));
#1375=CARTESIAN_POINT('',(-32.54008817,-15.244016226,5.5));
#1376=CARTESIAN_POINT('',(-32.741329743,-15.292425776,5.5));
#1377=CARTESIAN_POINT('',(-32.937805113,-15.357607593,5.5));
#1378=CARTESIAN_POINT('',(-33.129150651,-15.440841289,5.5));
#1379=B_SPLINE_CURVE_WITH_KNOTS('',3,(#1339,#1340,#1341,#1342,#1343,#1344,#1345,#1346,#1347,#1348,#1349,#1350,#1351,#1352,#1353,#1354,#1355,#1356,#1357,#1358,#1359,#1360,#1361,#1362,#1363,#1364,
#1365,#1366,#1367,#1368,#1369,#1370,#1371,#1372,#1373,#1374,#1375,#1376,#1377,#1378),.UNSPECIFIED.,.F.,.F.,(4,3,3,3,3,3,3,3,3,3,3,3,3,4),(0.000011164,0.002487225,0.003725255,0.004344271,0.004653778,0.004963286,0.006201317,0.006510824,0.006820332,0.007439347,0.008058362,0.008677378,0.009296393,0.009915408),.UNSPECIFIED.);
#1380=EDGE_CURVE('',#1279,#1333,#1379,.T.);
#1381=ORIENTED_EDGE('',*,*,#1380,.F.);
#1382=EDGE_LOOP('',(#1331,#1338,#1381));
#1383=FACE_BOUND('',#1382,.T.);
#1384=CARTESIAN_POINT('',(-33.152885862,-27.951576494,5.500575969));
#1385=VERTEX_POINT('',#1384);
#1386=CARTESIAN_POINT('',(-29.987809545,-33.413863907,5.500132583));
#1387=VERTEX_POINT('',#1386);
#1388=CARTESIAN_POINT('',(-33.149721913,-27.955772702,5.5));
#1389=CARTESIAN_POINT('',(-33.318367418,-28.079095078,5.5));
#1390=CARTESIAN_POINT('',(-33.474480502,-28.215615109,5.5));
#1391=CARTESIAN_POINT('',(-33.618751828,-28.36460547,5.5));
#1392=CARTESIAN_POINT('',(-33.690887491,-28.439100651,5.5));
#1393=CARTESIAN_POINT('',(-33.760041345,-28.516735917,5.5));
#1394=CARTESIAN_POINT('',(-33.826171779,-28.597555091,5.5));
#1395=CARTESIAN_POINT('',(-33.892302213,-28.678374264,5.5));
#1396=CARTESIAN_POINT('',(-33.955584456,-28.762688512,5.5));
#1397=CARTESIAN_POINT('',(-34.01469251,-28.84873256,5.5));
#1398=CARTESIAN_POINT('',(-34.132908616,-29.020820656,5.5));
#1399=CARTESIAN_POINT('',(-34.23563069,-29.200913566,5.5));
#1400=CARTESIAN_POINT('',(-34.322728546,-29.389078548,5.5));
#1401=CARTESIAN_POINT('',(-34.366277474,-29.48316104,5.5));
#1402=CARTESIAN_POINT('',(-34.405892301,-29.579276039,5.5));
#1403=CARTESIAN_POINT('',(-34.441372585,-29.677527102,5.5));
#1404=CARTESIAN_POINT('',(-34.476852869,-29.775778165,5.5));
#1405=CARTESIAN_POINT('',(-34.508254052,-29.876543479,5.5));
#1406=CARTESIAN_POINT('',(-34.534692538,-29.977453575,5.5));
#1407=CARTESIAN_POINT('',(-34.587569511,-30.179273767,5.5));
#1408=CARTESIAN_POINT('',(-34.621259895,-30.383423425,5.5));
#1409=CARTESIAN_POINT('',(-34.635596512,-30.589922847,5.5));
#1410=CARTESIAN_POINT('',(-34.642764821,-30.693172557,5.5));
#1411=CARTESIAN_POINT('',(-34.645151128,-30.797002856,5.5));
#1412=CARTESIAN_POINT('',(-34.642712275,-30.901418984,5.5));
#1413=CARTESIAN_POINT('',(-34.640273422,-31.005835111,5.5));
#1414=CARTESIAN_POINT('',(-34.632926073,-31.111132169,5.5));
#1415=CARTESIAN_POINT('',(-34.620897511,-31.214814247,5.5));
#1416=CARTESIAN_POINT('',(-34.596840388,-31.422178403,5.5));
#1417=CARTESIAN_POINT('',(-34.554293863,-31.625217842,5.5));
#1418=CARTESIAN_POINT('',(-34.493215483,-31.823922635,5.5));
#1419=CARTESIAN_POINT('',(-34.432137103,-32.022627428,5.5));
#1420=CARTESIAN_POINT('',(-34.351328561,-32.21871945,5.5));
#1421=CARTESIAN_POINT('',(-34.25373243,-32.402098691,5.5));
#1422=CARTESIAN_POINT('',(-34.156136299,-32.585477932,5.5));
#1423=CARTESIAN_POINT('',(-34.041578634,-32.757724824,5.5));
#1424=CARTESIAN_POINT('',(-33.908579559,-32.917868082,5.5));
#1425=CARTESIAN_POINT('',(-33.842080021,-32.997939711,5.5));
#1426=CARTESIAN_POINT('',(-33.770542018,-33.075445773,5.5));
#1427=CARTESIAN_POINT('',(-33.695505094,-33.148687889,5.5));
#1428=CARTESIAN_POINT('',(-33.62046817,-33.221930005,5.5));
#1429=CARTESIAN_POINT('',(-33.5422083,-33.290752138,5.5));
#1430=CARTESIAN_POINT('',(-33.460845689,-33.355319137,5.5));
#1431=CARTESIAN_POINT('',(-33.135395242,-33.613587132,5.5));
#1432=CARTESIAN_POINT('',(-32.75307172,-33.807609275,5.5));
#1433=CARTESIAN_POINT('',(-32.351447414,-33.91162493,5.5));
#1434=CARTESIAN_POINT('',(-31.5481988,-34.119656242,5.5));
#1435=CARTESIAN_POINT('',(-30.634891764,-33.955790449,5.5));
#1436=CARTESIAN_POINT('',(-29.987450117,-33.414457206,5.5));
#1437=B_SPLINE_CURVE_WITH_KNOTS('',3,(#1388,#1389,#1390,#1391,#1392,#1393,#1394,#1395,#1396,#1397,#1398,#1399,#1400,#1401,#1402,#1403,#1404,#1405,#1406,#1407,#1408,#1409,#1410,#1411,#1412,#1413,
#1414,#1415,#1416,#1417,#1418,#1419,#1420,#1421,#1422,#1423,#1424,#1425,#1426,#1427,#1428,#1429,#1430,#1431,#1432,#1433,#1434,#1435,#1436),.UNSPECIFIED.,.F.,.F.,(4,3,3,3,3,3,3,3,3,3,3,3,3,3,3,3,4),(0.00014585,0.000767485,0.001078303,0.001389121,0.002010756,0.002321574,0.002632391,0.003254027,0.003564845,0.003875662,0.004497298,0.005118933,0.005740569,0.006051386,0.006362204,0.007605475,0.010092017),.UNSPECIFIED.);
#1438=EDGE_CURVE('',#1385,#1387,#1437,.T.);
#1439=ORIENTED_EDGE('',*,*,#1438,.F.);
#1440=CARTESIAN_POINT('',(-33.129707233,-27.939899694,5.49979243));
#1441=VERTEX_POINT('',#1440);
#1442=CARTESIAN_POINT('',(-33.153666972,-27.951618235,5.5));
#1443=CARTESIAN_POINT('',(-33.129150641,-27.940841285,5.5));
#1444=B_SPLINE_CURVE_WITH_KNOTS('',1,(#1442,#1443),.UNSPECIFIED.,.F.,.F.,(2,2),(0.,1.),.UNSPECIFIED.);
#1445=EDGE_CURVE('',#1385,#1441,#1444,.T.);
#1446=ORIENTED_EDGE('',*,*,#1445,.T.);
#1447=CARTESIAN_POINT('',(-29.987450856,-33.414457823,5.5));
#1448=CARTESIAN_POINT('',(-29.204451065,-33.115865094,5.5));
#1449=CARTESIAN_POINT('',(-28.610418294,-32.423361823,5.5));
#1450=CARTESIAN_POINT('',(-28.391425298,-31.62213917,5.5));
#1451=CARTESIAN_POINT('',(-28.2819288,-31.221527843,5.5));
#1452=CARTESIAN_POINT('',(-28.260886907,-30.796844052,5.5));
#1453=CARTESIAN_POINT('',(-28.322236931,-30.386405834,5.5));
#1454=CARTESIAN_POINT('',(-28.352911943,-30.181186726,5.5));
#1455=CARTESIAN_POINT('',(-28.403625683,-29.981244477,5.5));
#1456=CARTESIAN_POINT('',(-28.474924615,-29.78672299,5.5));
#1457=CARTESIAN_POINT('',(-28.510574081,-29.689462247,5.5));
#1458=CARTESIAN_POINT('',(-28.551754962,-29.593055174,5.5));
#1459=CARTESIAN_POINT('',(-28.597587738,-29.499548996,5.5));
#1460=CARTESIAN_POINT('',(-28.643420515,-29.406042819,5.5));
#1461=CARTESIAN_POINT('',(-28.693729598,-29.315531136,5.5));
#1462=CARTESIAN_POINT('',(-28.748237517,-29.22782833,5.5));
#1463=CARTESIAN_POINT('',(-28.966269197,-28.877017105,5.5));
#1464=CARTESIAN_POINT('',(-29.255477601,-28.566832368,5.5));
#1465=CARTESIAN_POINT('',(-29.586528647,-28.320006254,5.5));
#1466=CARTESIAN_POINT('',(-29.669291408,-28.258299725,5.5));
#1467=CARTESIAN_POINT('',(-29.754935323,-28.200266935,5.5));
#1468=CARTESIAN_POINT('',(-29.843526686,-28.145992415,5.5));
#1469=CARTESIAN_POINT('',(-29.93211805,-28.091717896,5.5));
#1470=CARTESIAN_POINT('',(-30.02396795,-28.041095917,5.5));
#1471=CARTESIAN_POINT('',(-30.117039323,-27.995287151,5.5));
#1472=CARTESIAN_POINT('',(-30.303182069,-27.903669619,5.5));
#1473=CARTESIAN_POINT('',(-30.495779708,-27.830412071,5.5));
#1474=CARTESIAN_POINT('',(-30.694516594,-27.774616697,5.5));
#1475=CARTESIAN_POINT('',(-30.893253479,-27.718821324,5.5));
#1476=CARTESIAN_POINT('',(-31.099885015,-27.680271753,5.5));
#1477=CARTESIAN_POINT('',(-31.30587599,-27.659718264,5.5));
#1478=CARTESIAN_POINT('',(-31.511866966,-27.639164775,5.5));
#1479=CARTESIAN_POINT('',(-31.718136047,-27.636032716,5.5));
#1480=CARTESIAN_POINT('',(-31.924678477,-27.650024089,5.5));
#1481=CARTESIAN_POINT('',(-32.131220907,-27.664015462,5.5));
#1482=CARTESIAN_POINT('',(-32.338846597,-27.695606676,5.5));
#1483=CARTESIAN_POINT('',(-32.54008817,-27.744016226,5.5));
#1484=CARTESIAN_POINT('',(-32.741329743,-27.792425776,5.5));
#1485=CARTESIAN_POINT('',(-32.937805113,-27.857607593,5.5));
#1486=CARTESIAN_POINT('',(-33.129150651,-27.940841289,5.5));
#1487=B_SPLINE_CURVE_WITH_KNOTS('',3,(#1447,#1448,#1449,#1450,#1451,#1452,#1453,#1454,#1455,#1456,#1457,#1458,#1459,#1460,#1461,#1462,#1463,#1464,#1465,#1466,#1467,#1468,#1469,#1470,#1471,#1472,
#1473,#1474,#1475,#1476,#1477,#1478,#1479,#1480,#1481,#1482,#1483,#1484,#1485,#1486),.UNSPECIFIED.,.F.,.F.,(4,3,3,3,3,3,3,3,3,3,3,3,3,4),(0.000011164,0.002487225,0.003725255,0.004344271,0.004653778,0.004963286,0.006201317,0.006510824,0.006820332,0.007439347,0.008058362,0.008677378,0.009296393,0.009915408),.UNSPECIFIED.);
#1488=EDGE_CURVE('',#1387,#1441,#1487,.T.);
#1489=ORIENTED_EDGE('',*,*,#1488,.F.);
#1490=EDGE_LOOP('',(#1439,#1446,#1489));
#1491=FACE_BOUND('',#1490,.T.);
#1492=CARTESIAN_POINT('',(-45.652885862,-15.451576494,5.500575969));
#1493=VERTEX_POINT('',#1492);
#1494=CARTESIAN_POINT('',(-42.487809545,-20.913863907,5.500132583));
#1495=VERTEX_POINT('',#1494);
#1496=CARTESIAN_POINT('',(-45.649721913,-15.455772702,5.5));
#1497=CARTESIAN_POINT('',(-45.818367418,-15.579095078,5.5));
#1498=CARTESIAN_POINT('',(-45.974480502,-15.715615109,5.5));
#1499=CARTESIAN_POINT('',(-46.118751828,-15.86460547,5.5));
#1500=CARTESIAN_POINT('',(-46.190887491,-15.939100651,5.5));
#1501=CARTESIAN_POINT('',(-46.260041345,-16.016735917,5.5));
#1502=CARTESIAN_POINT('',(-46.326171779,-16.097555091,5.5));
#1503=CARTESIAN_POINT('',(-46.392302213,-16.178374264,5.5));
#1504=CARTESIAN_POINT('',(-46.455584456,-16.262688512,5.5));
#1505=CARTESIAN_POINT('',(-46.51469251,-16.34873256,5.5));
#1506=CARTESIAN_POINT('',(-46.632908616,-16.520820656,5.5));
#1507=CARTESIAN_POINT('',(-46.73563069,-16.700913566,5.5));
#1508=CARTESIAN_POINT('',(-46.822728546,-16.889078548,5.5));
#1509=CARTESIAN_POINT('',(-46.866277474,-16.98316104,5.5));
#1510=CARTESIAN_POINT('',(-46.905892301,-17.079276039,5.5));
#1511=CARTESIAN_POINT('',(-46.941372585,-17.177527102,5.5));
#1512=CARTESIAN_POINT('',(-46.976852869,-17.275778165,5.5));
#1513=CARTESIAN_POINT('',(-47.008254052,-17.376543479,5.5));
#1514=CARTESIAN_POINT('',(-47.034692538,-17.477453575,5.5));
#1515=CARTESIAN_POINT('',(-47.087569511,-17.679273767,5.5));
#1516=CARTESIAN_POINT('',(-47.121259895,-17.883423425,5.5));
#1517=CARTESIAN_POINT('',(-47.135596512,-18.089922847,5.5));
#1518=CARTESIAN_POINT('',(-47.142764821,-18.193172557,5.5));
#1519=CARTESIAN_POINT('',(-47.145151128,-18.297002856,5.5));
#1520=CARTESIAN_POINT('',(-47.142712275,-18.401418984,5.5));
#1521=CARTESIAN_POINT('',(-47.140273422,-18.505835111,5.5));
#1522=CARTESIAN_POINT('',(-47.132926073,-18.611132169,5.5));
#1523=CARTESIAN_POINT('',(-47.120897511,-18.714814247,5.5));
#1524=CARTESIAN_POINT('',(-47.096840388,-18.922178403,5.5));
#1525=CARTESIAN_POINT('',(-47.054293863,-19.125217842,5.5));
#1526=CARTESIAN_POINT('',(-46.993215483,-19.323922635,5.5));
#1527=CARTESIAN_POINT('',(-46.932137103,-19.522627428,5.5));
#1528=CARTESIAN_POINT('',(-46.851328561,-19.71871945,5.5));
#1529=CARTESIAN_POINT('',(-46.75373243,-19.902098691,5.5));
#1530=CARTESIAN_POINT('',(-46.656136299,-20.085477932,5.5));
#1531=CARTESIAN_POINT('',(-46.541578634,-20.257724824,5.5));
#1532=CARTESIAN_POINT('',(-46.408579559,-20.417868082,5.5));
#1533=CARTESIAN_POINT('',(-46.342080021,-20.497939711,5.5));
#1534=CARTESIAN_POINT('',(-46.270542018,-20.575445773,5.5));
#1535=CARTESIAN_POINT('',(-46.195505094,-20.648687889,5.5));
#1536=CARTESIAN_POINT('',(-46.12046817,-20.721930005,5.5));
#1537=CARTESIAN_POINT('',(-46.0422083,-20.790752138,5.5));
#1538=CARTESIAN_POINT('',(-45.960845689,-20.855319137,5.5));
#1539=CARTESIAN_POINT('',(-45.635395242,-21.113587132,5.5));
#1540=CARTESIAN_POINT('',(-45.25307172,-21.307609275,5.5));
#1541=CARTESIAN_POINT('',(-44.851447414,-21.41162493,5.5));
#1542=CARTESIAN_POINT('',(-44.0481988,-21.619656242,5.5));
#1543=CARTESIAN_POINT('',(-43.134891764,-21.455790449,5.5));
#1544=CARTESIAN_POINT('',(-42.487450117,-20.914457206,5.5));
#1545=B_SPLINE_CURVE_WITH_KNOTS('',3,(#1496,#1497,#1498,#1499,#1500,#1501,#1502,#1503,#1504,#1505,#1506,#1507,#1508,#1509,#1510,#1511,#1512,#1513,#1514,#1515,#1516,#1517,#1518,#1519,#1520,#1521,
#1522,#1523,#1524,#1525,#1526,#1527,#1528,#1529,#1530,#1531,#1532,#1533,#1534,#1535,#1536,#1537,#1538,#1539,#1540,#1541,#1542,#1543,#1544),.UNSPECIFIED.,.F.,.F.,(4,3,3,3,3,3,3,3,3,3,3,3,3,3,3,3,4),(0.00014585,0.000767485,0.001078303,0.001389121,0.002010756,0.002321574,0.002632391,0.003254027,0.003564845,0.003875662,0.004497298,0.005118933,0.005740569,0.006051386,0.006362204,0.007605475,0.010092017),.UNSPECIFIED.);
#1546=EDGE_CURVE('',#1493,#1495,#1545,.T.);
#1547=ORIENTED_EDGE('',*,*,#1546,.F.);
#1548=CARTESIAN_POINT('',(-45.629707233,-15.439899694,5.49979243));
#1549=VERTEX_POINT('',#1548);
#1550=CARTESIAN_POINT('',(-45.653666972,-15.451618235,5.5));
#1551=CARTESIAN_POINT('',(-45.629150641,-15.440841285,5.5));
#1552=B_SPLINE_CURVE_WITH_KNOTS('',1,(#1550,#1551),.UNSPECIFIED.,.F.,.F.,(2,2),(0.,1.),.UNSPECIFIED.);
#1553=EDGE_CURVE('',#1493,#1549,#1552,.T.);
#1554=ORIENTED_EDGE('',*,*,#1553,.T.);
#1555=CARTESIAN_POINT('',(-42.487450856,-20.914457823,5.5));
#1556=CARTESIAN_POINT('',(-41.704451065,-20.615865094,5.5));
#1557=CARTESIAN_POINT('',(-41.110418294,-19.923361823,5.5));
#1558=CARTESIAN_POINT('',(-40.891425298,-19.12213917,5.5));
#1559=CARTESIAN_POINT('',(-40.7819288,-18.721527843,5.5));
#1560=CARTESIAN_POINT('',(-40.760886907,-18.296844052,5.5));
#1561=CARTESIAN_POINT('',(-40.822236931,-17.886405834,5.5));
#1562=CARTESIAN_POINT('',(-40.852911943,-17.681186726,5.5));
#1563=CARTESIAN_POINT('',(-40.903625683,-17.481244477,5.5));
#1564=CARTESIAN_POINT('',(-40.974924615,-17.28672299,5.5));
#1565=CARTESIAN_POINT('',(-41.010574081,-17.189462247,5.5));
#1566=CARTESIAN_POINT('',(-41.051754962,-17.093055174,5.5));
#1567=CARTESIAN_POINT('',(-41.097587738,-16.999548996,5.5));
#1568=CARTESIAN_POINT('',(-41.143420515,-16.906042819,5.5));
#1569=CARTESIAN_POINT('',(-41.193729598,-16.815531136,5.5));
#1570=CARTESIAN_POINT('',(-41.248237517,-16.72782833,5.5));
#1571=CARTESIAN_POINT('',(-41.466269197,-16.377017105,5.5));
#1572=CARTESIAN_POINT('',(-41.755477601,-16.066832368,5.5));
#1573=CARTESIAN_POINT('',(-42.086528647,-15.820006254,5.5));
#1574=CARTESIAN_POINT('',(-42.169291408,-15.758299725,5.5));
#1575=CARTESIAN_POINT('',(-42.254935323,-15.700266935,5.5));
#1576=CARTESIAN_POINT('',(-42.343526686,-15.645992415,5.5));
#1577=CARTESIAN_POINT('',(-42.43211805,-15.591717896,5.5));
#1578=CARTESIAN_POINT('',(-42.52396795,-15.541095917,5.5));
#1579=CARTESIAN_POINT('',(-42.617039323,-15.495287151,5.5));
#1580=CARTESIAN_POINT('',(-42.803182069,-15.403669619,5.5));
#1581=CARTESIAN_POINT('',(-42.995779708,-15.330412071,5.5));
#1582=CARTESIAN_POINT('',(-43.194516594,-15.274616697,5.5));
#1583=CARTESIAN_POINT('',(-43.393253479,-15.218821324,5.5));
#1584=CARTESIAN_POINT('',(-43.599885015,-15.180271753,5.5));
#1585=CARTESIAN_POINT('',(-43.80587599,-15.159718264,5.5));
#1586=CARTESIAN_POINT('',(-44.011866966,-15.139164775,5.5));
#1587=CARTESIAN_POINT('',(-44.218136047,-15.136032716,5.5));
#1588=CARTESIAN_POINT('',(-44.424678477,-15.150024089,5.5));
#1589=CARTESIAN_POINT('',(-44.631220907,-15.164015462,5.5));
#1590=CARTESIAN_POINT('',(-44.838846597,-15.195606676,5.5));
#1591=CARTESIAN_POINT('',(-45.04008817,-15.244016226,5.5));
#1592=CARTESIAN_POINT('',(-45.241329743,-15.292425776,5.5));
#1593=CARTESIAN_POINT('',(-45.437805113,-15.357607593,5.5));
#1594=CARTESIAN_POINT('',(-45.629150651,-15.440841289,5.5));
#1595=B_SPLINE_CURVE_WITH_KNOTS('',3,(#1555,#1556,#1557,#1558,#1559,#1560,#1561,#1562,#1563,#1564,#1565,#1566,#1567,#1568,#1569,#1570,#1571,#1572,#1573,#1574,#1575,#1576,#1577,#1578,#1579,#1580,
#1581,#1582,#1583,#1584,#1585,#1586,#1587,#1588,#1589,#1590,#1591,#1592,#1593,#1594),.UNSPECIFIED.,.F.,.F.,(4,3,3,3,3,3,3,3,3,3,3,3,3,4),(0.000011164,0.002487225,0.003725255,0.004344271,0.004653778,0.004963286,0.006201317,0.006510824,0.006820332,0.007439347,0.008058362,0.008677378,0.009296393,0.009915408),.UNSPECIFIED.);
#1596=EDGE_CURVE('',#1495,#1549,#1595,.T.);
#1597=ORIENTED_EDGE('',*,*,#1596,.F.);
#1598=EDGE_LOOP('',(#1547,#1554,#1597));
#1599=FACE_BOUND('',#1598,.T.);
#1600=CARTESIAN_POINT('',(-20.652885862,-15.451576494,5.500575969));
#1601=VERTEX_POINT('',#1600);
#1602=CARTESIAN_POINT('',(-17.487809545,-20.913863907,5.500132583));
#1603=VERTEX_POINT('',#1602);
#1604=CARTESIAN_POINT('',(-20.649721913,-15.455772702,5.5));
#1605=CARTESIAN_POINT('',(-20.818367418,-15.579095078,5.5));
#1606=CARTESIAN_POINT('',(-20.974480502,-15.715615109,5.5));
#1607=CARTESIAN_POINT('',(-21.118751828,-15.86460547,5.5));
#1608=CARTESIAN_POINT('',(-21.190887491,-15.939100651,5.5));
#1609=CARTESIAN_POINT('',(-21.260041345,-16.016735917,5.5));
#1610=CARTESIAN_POINT('',(-21.326171779,-16.097555091,5.5));
#1611=CARTESIAN_POINT('',(-21.392302213,-16.178374264,5.5));
#1612=CARTESIAN_POINT('',(-21.455584456,-16.262688512,5.5));
#1613=CARTESIAN_POINT('',(-21.51469251,-16.34873256,5.5));
#1614=CARTESIAN_POINT('',(-21.632908616,-16.520820656,5.5));
#1615=CARTESIAN_POINT('',(-21.73563069,-16.700913566,5.5));
#1616=CARTESIAN_POINT('',(-21.822728546,-16.889078548,5.5));
#1617=CARTESIAN_POINT('',(-21.866277474,-16.98316104,5.5));
#1618=CARTESIAN_POINT('',(-21.905892301,-17.079276039,5.5));
#1619=CARTESIAN_POINT('',(-21.941372585,-17.177527102,5.5));
#1620=CARTESIAN_POINT('',(-21.976852869,-17.275778165,5.5));
#1621=CARTESIAN_POINT('',(-22.008254052,-17.376543479,5.5));
#1622=CARTESIAN_POINT('',(-22.034692538,-17.477453575,5.5));
#1623=CARTESIAN_POINT('',(-22.087569511,-17.679273767,5.5));
#1624=CARTESIAN_POINT('',(-22.121259895,-17.883423425,5.5));
#1625=CARTESIAN_POINT('',(-22.135596512,-18.089922847,5.5));
#1626=CARTESIAN_POINT('',(-22.142764821,-18.193172557,5.5));
#1627=CARTESIAN_POINT('',(-22.145151128,-18.297002856,5.5));
#1628=CARTESIAN_POINT('',(-22.142712275,-18.401418984,5.5));
#1629=CARTESIAN_POINT('',(-22.140273422,-18.505835111,5.5));
#1630=CARTESIAN_POINT('',(-22.132926073,-18.611132169,5.5));
#1631=CARTESIAN_POINT('',(-22.120897511,-18.714814247,5.5));
#1632=CARTESIAN_POINT('',(-22.096840388,-18.922178403,5.5));
#1633=CARTESIAN_POINT('',(-22.054293863,-19.125217842,5.5));
#1634=CARTESIAN_POINT('',(-21.993215483,-19.323922635,5.5));
#1635=CARTESIAN_POINT('',(-21.932137103,-19.522627428,5.5));
#1636=CARTESIAN_POINT('',(-21.851328561,-19.71871945,5.5));
#1637=CARTESIAN_POINT('',(-21.75373243,-19.902098691,5.5));
#1638=CARTESIAN_POINT('',(-21.656136299,-20.085477932,5.5));
#1639=CARTESIAN_POINT('',(-21.541578634,-20.257724824,5.5));
#1640=CARTESIAN_POINT('',(-21.408579559,-20.417868082,5.5));
#1641=CARTESIAN_POINT('',(-21.342080021,-20.497939711,5.5));
#1642=CARTESIAN_POINT('',(-21.270542018,-20.575445773,5.5));
#1643=CARTESIAN_POINT('',(-21.195505094,-20.648687889,5.5));
#1644=CARTESIAN_POINT('',(-21.12046817,-20.721930005,5.5));
#1645=CARTESIAN_POINT('',(-21.0422083,-20.790752138,5.5));
#1646=CARTESIAN_POINT('',(-20.960845689,-20.855319137,5.5));
#1647=CARTESIAN_POINT('',(-20.635395242,-21.113587132,5.5));
#1648=CARTESIAN_POINT('',(-20.25307172,-21.307609275,5.5));
#1649=CARTESIAN_POINT('',(-19.851447414,-21.41162493,5.5));
#1650=CARTESIAN_POINT('',(-19.0481988,-21.619656242,5.5));
#1651=CARTESIAN_POINT('',(-18.134891764,-21.455790449,5.5));
#1652=CARTESIAN_POINT('',(-17.487450117,-20.914457206,5.5));
#1653=B_SPLINE_CURVE_WITH_KNOTS('',3,(#1604,#1605,#1606,#1607,#1608,#1609,#1610,#1611,#1612,#1613,#1614,#1615,#1616,#1617,#1618,#1619,#1620,#1621,#1622,#1623,#1624,#1625,#1626,#1627,#1628,#1629,
#1630,#1631,#1632,#1633,#1634,#1635,#1636,#1637,#1638,#1639,#1640,#1641,#1642,#1643,#1644,#1645,#1646,#1647,#1648,#1649,#1650,#1651,#1652),.UNSPECIFIED.,.F.,.F.,(4,3,3,3,3,3,3,3,3,3,3,3,3,3,3,3,4),(0.00014585,0.000767485,0.001078303,0.001389121,0.002010756,0.002321574,0.002632391,0.003254027,0.003564845,0.003875662,0.004497298,0.005118933,0.005740569,0.006051386,0.006362204,0.007605475,0.010092017),.UNSPECIFIED.);
#1654=EDGE_CURVE('',#1601,#1603,#1653,.T.);
#1655=ORIENTED_EDGE('',*,*,#1654,.F.);
#1656=CARTESIAN_POINT('',(-20.629707233,-15.439899694,5.49979243));
#1657=VERTEX_POINT('',#1656);
#1658=CARTESIAN_POINT('',(-20.653666972,-15.451618235,5.5));
#1659=CARTESIAN_POINT('',(-20.629150641,-15.440841285,5.5));
#1660=B_SPLINE_CURVE_WITH_KNOTS('',1,(#1658,#1659),.UNSPECIFIED.,.F.,.F.,(2,2),(0.,1.),.UNSPECIFIED.);
#1661=EDGE_CURVE('',#1601,#1657,#1660,.T.);
#1662=ORIENTED_EDGE('',*,*,#1661,.T.);
#1663=CARTESIAN_POINT('',(-17.487450856,-20.914457823,5.5));
#1664=CARTESIAN_POINT('',(-16.704451065,-20.615865094,5.5));
#1665=CARTESIAN_POINT('',(-16.110418294,-19.923361823,5.5));
#1666=CARTESIAN_POINT('',(-15.891425298,-19.12213917,5.5));
#1667=CARTESIAN_POINT('',(-15.7819288,-18.721527843,5.5));
#1668=CARTESIAN_POINT('',(-15.760886907,-18.296844052,5.5));
#1669=CARTESIAN_POINT('',(-15.822236931,-17.886405834,5.5));
#1670=CARTESIAN_POINT('',(-15.852911943,-17.681186726,5.5));
#1671=CARTESIAN_POINT('',(-15.903625683,-17.481244477,5.5));
#1672=CARTESIAN_POINT('',(-15.974924615,-17.28672299,5.5));
#1673=CARTESIAN_POINT('',(-16.010574081,-17.189462247,5.5));
#1674=CARTESIAN_POINT('',(-16.051754962,-17.093055174,5.5));
#1675=CARTESIAN_POINT('',(-16.097587738,-16.999548996,5.5));
#1676=CARTESIAN_POINT('',(-16.143420515,-16.906042819,5.5));
#1677=CARTESIAN_POINT('',(-16.193729598,-16.815531136,5.5));
#1678=CARTESIAN_POINT('',(-16.248237517,-16.72782833,5.5));
#1679=CARTESIAN_POINT('',(-16.466269197,-16.377017105,5.5));
#1680=CARTESIAN_POINT('',(-16.755477601,-16.066832368,5.5));
#1681=CARTESIAN_POINT('',(-17.086528647,-15.820006254,5.5));
#1682=CARTESIAN_POINT('',(-17.169291408,-15.758299725,5.5));
#1683=CARTESIAN_POINT('',(-17.254935323,-15.700266935,5.5));
#1684=CARTESIAN_POINT('',(-17.343526686,-15.645992415,5.5));
#1685=CARTESIAN_POINT('',(-17.43211805,-15.591717896,5.5));
#1686=CARTESIAN_POINT('',(-17.52396795,-15.541095917,5.5));
#1687=CARTESIAN_POINT('',(-17.617039323,-15.495287151,5.5));
#1688=CARTESIAN_POINT('',(-17.803182069,-15.403669619,5.5));
#1689=CARTESIAN_POINT('',(-17.995779708,-15.330412071,5.5));
#1690=CARTESIAN_POINT('',(-18.194516594,-15.274616697,5.5));
#1691=CARTESIAN_POINT('',(-18.393253479,-15.218821324,5.5));
#1692=CARTESIAN_POINT('',(-18.599885015,-15.180271753,5.5));
#1693=CARTESIAN_POINT('',(-18.80587599,-15.159718264,5.5));
#1694=CARTESIAN_POINT('',(-19.011866966,-15.139164775,5.5));
#1695=CARTESIAN_POINT('',(-19.218136047,-15.136032716,5.5));
#1696=CARTESIAN_POINT('',(-19.424678477,-15.150024089,5.5));
#1697=CARTESIAN_POINT('',(-19.631220907,-15.164015462,5.5));
#1698=CARTESIAN_POINT('',(-19.838846597,-15.195606676,5.5));
#1699=CARTESIAN_POINT('',(-20.04008817,-15.244016226,5.5));
#1700=CARTESIAN_POINT('',(-20.241329743,-15.292425776,5.5));
#1701=CARTESIAN_POINT('',(-20.437805113,-15.357607593,5.5));
#1702=CARTESIAN_POINT('',(-20.629150651,-15.440841289,5.5));
#1703=B_SPLINE_CURVE_WITH_KNOTS('',3,(#1663,#1664,#1665,#1666,#1667,#1668,#1669,#1670,#1671,#1672,#1673,#1674,#1675,#1676,#1677,#1678,#1679,#1680,#1681,#1682,#1683,#1684,#1685,#1686,#1687,#1688,
#1689,#1690,#1691,#1692,#1693,#1694,#1695,#1696,#1697,#1698,#1699,#1700,#1701,#1702),.UNSPECIFIED.,.F.,.F.,(4,3,3,3,3,3,3,3,3,3,3,3,3,4),(0.000011164,0.002487225,0.003725255,0.004344271,0.004653778,0.004963286,0.006201317,0.006510824,0.006820332,0.007439347,0.008058362,0.008677378,0.009296393,0.009915408),.UNSPECIFIED.);
#1704=EDGE_CURVE('',#1603,#1657,#1703,.T.);
#1705=ORIENTED_EDGE('',*,*,#1704,.F.);
#1706=EDGE_LOOP('',(#1655,#1662,#1705));
#1707=FACE_BOUND('',#1706,.T.);
#1708=CARTESIAN_POINT('',(-8.152885862,-15.451576494,5.500575969));
#1709=VERTEX_POINT('',#1708);
#1710=CARTESIAN_POINT('',(-4.987809545,-20.913863907,5.500132583));
#1711=VERTEX_POINT('',#1710);
#1712=CARTESIAN_POINT('',(-8.149721913,-15.455772702,5.5));
#1713=CARTESIAN_POINT('',(-8.318367418,-15.579095078,5.5));
#1714=CARTESIAN_POINT('',(-8.474480502,-15.715615109,5.5));
#1715=CARTESIAN_POINT('',(-8.618751828,-15.86460547,5.5));
#1716=CARTESIAN_POINT('',(-8.690887491,-15.939100651,5.5));
#1717=CARTESIAN_POINT('',(-8.760041345,-16.016735917,5.5));
#1718=CARTESIAN_POINT('',(-8.826171779,-16.097555091,5.5));
#1719=CARTESIAN_POINT('',(-8.892302213,-16.178374264,5.5));
#1720=CARTESIAN_POINT('',(-8.955584456,-16.262688512,5.5));
#1721=CARTESIAN_POINT('',(-9.01469251,-16.34873256,5.5));
#1722=CARTESIAN_POINT('',(-9.132908616,-16.520820656,5.5));
#1723=CARTESIAN_POINT('',(-9.23563069,-16.700913566,5.5));
#1724=CARTESIAN_POINT('',(-9.322728546,-16.889078548,5.5));
#1725=CARTESIAN_POINT('',(-9.366277474,-16.98316104,5.5));
#1726=CARTESIAN_POINT('',(-9.405892301,-17.079276039,5.5));
#1727=CARTESIAN_POINT('',(-9.441372585,-17.177527102,5.5));
#1728=CARTESIAN_POINT('',(-9.476852869,-17.275778165,5.5));
#1729=CARTESIAN_POINT('',(-9.508254052,-17.376543479,5.5));
#1730=CARTESIAN_POINT('',(-9.534692538,-17.477453575,5.5));
#1731=CARTESIAN_POINT('',(-9.587569511,-17.679273767,5.5));
#1732=CARTESIAN_POINT('',(-9.621259895,-17.883423425,5.5));
#1733=CARTESIAN_POINT('',(-9.635596512,-18.089922847,5.5));
#1734=CARTESIAN_POINT('',(-9.642764821,-18.193172557,5.5));
#1735=CARTESIAN_POINT('',(-9.645151128,-18.297002856,5.5));
#1736=CARTESIAN_POINT('',(-9.642712275,-18.401418984,5.5));
#1737=CARTESIAN_POINT('',(-9.640273422,-18.505835111,5.5));
#1738=CARTESIAN_POINT('',(-9.632926073,-18.611132169,5.5));
#1739=CARTESIAN_POINT('',(-9.620897511,-18.714814247,5.5));
#1740=CARTESIAN_POINT('',(-9.596840388,-18.922178403,5.5));
#1741=CARTESIAN_POINT('',(-9.554293863,-19.125217842,5.5));
#1742=CARTESIAN_POINT('',(-9.493215483,-19.323922635,5.5));
#1743=CARTESIAN_POINT('',(-9.432137103,-19.522627428,5.5));
#1744=CARTESIAN_POINT('',(-9.351328561,-19.71871945,5.5));
#1745=CARTESIAN_POINT('',(-9.25373243,-19.902098691,5.5));
#1746=CARTESIAN_POINT('',(-9.156136299,-20.085477932,5.5));
#1747=CARTESIAN_POINT('',(-9.041578634,-20.257724824,5.5));
#1748=CARTESIAN_POINT('',(-8.908579559,-20.417868082,5.5));
#1749=CARTESIAN_POINT('',(-8.842080021,-20.497939711,5.5));
#1750=CARTESIAN_POINT('',(-8.770542018,-20.575445773,5.5));
#1751=CARTESIAN_POINT('',(-8.695505094,-20.648687889,5.5));
#1752=CARTESIAN_POINT('',(-8.62046817,-20.721930005,5.5));
#1753=CARTESIAN_POINT('',(-8.5422083,-20.790752138,5.5));
#1754=CARTESIAN_POINT('',(-8.460845689,-20.855319137,5.5));
#1755=CARTESIAN_POINT('',(-8.135395242,-21.113587132,5.5));
#1756=CARTESIAN_POINT('',(-7.75307172,-21.307609275,5.5));
#1757=CARTESIAN_POINT('',(-7.351447414,-21.41162493,5.5));
#1758=CARTESIAN_POINT('',(-6.5481988,-21.619656242,5.5));
#1759=CARTESIAN_POINT('',(-5.634891764,-21.455790449,5.5));
#1760=CARTESIAN_POINT('',(-4.987450117,-20.914457206,5.5));
#1761=B_SPLINE_CURVE_WITH_KNOTS('',3,(#1712,#1713,#1714,#1715,#1716,#1717,#1718,#1719,#1720,#1721,#1722,#1723,#1724,#1725,#1726,#1727,#1728,#1729,#1730,#1731,#1732,#1733,#1734,#1735,#1736,#1737,
#1738,#1739,#1740,#1741,#1742,#1743,#1744,#1745,#1746,#1747,#1748,#1749,#1750,#1751,#1752,#1753,#1754,#1755,#1756,#1757,#1758,#1759,#1760),.UNSPECIFIED.,.F.,.F.,(4,3,3,3,3,3,3,3,3,3,3,3,3,3,3,3,4),(0.00014585,0.000767485,0.001078303,0.001389121,0.002010756,0.002321574,0.002632391,0.003254027,0.003564845,0.003875662,0.004497298,0.005118933,0.005740569,0.006051386,0.006362204,0.007605475,0.010092017),.UNSPECIFIED.);
#1762=EDGE_CURVE('',#1709,#1711,#1761,.T.);
#1763=ORIENTED_EDGE('',*,*,#1762,.F.);
#1764=CARTESIAN_POINT('',(-8.129707233,-15.439899694,5.49979243));
#1765=VERTEX_POINT('',#1764);
#1766=CARTESIAN_POINT('',(-8.153666972,-15.451618235,5.5));
#1767=CARTESIAN_POINT('',(-8.129150641,-15.440841285,5.5));
#1768=B_SPLINE_CURVE_WITH_KNOTS('',1,(#1766,#1767),.UNSPECIFIED.,.F.,.F.,(2,2),(0.,1.),.UNSPECIFIED.);
#1769=EDGE_CURVE('',#1709,#1765,#1768,.T.);
#1770=ORIENTED_EDGE('',*,*,#1769,.T.);
#1771=CARTESIAN_POINT('',(-4.987450856,-20.914457823,5.5));
#1772=CARTESIAN_POINT('',(-4.204451065,-20.615865094,5.5));
#1773=CARTESIAN_POINT('',(-3.610418294,-19.923361823,5.5));
#1774=CARTESIAN_POINT('',(-3.391425298,-19.12213917,5.5));
#1775=CARTESIAN_POINT('',(-3.2819288,-18.721527843,5.5));
#1776=CARTESIAN_POINT('',(-3.260886907,-18.296844052,5.5));
#1777=CARTESIAN_POINT('',(-3.322236931,-17.886405834,5.5));
#1778=CARTESIAN_POINT('',(-3.352911943,-17.681186726,5.5));
#1779=CARTESIAN_POINT('',(-3.403625683,-17.481244477,5.5));
#1780=CARTESIAN_POINT('',(-3.474924615,-17.28672299,5.5));
#1781=CARTESIAN_POINT('',(-3.510574081,-17.189462247,5.5));
#1782=CARTESIAN_POINT('',(-3.551754962,-17.093055174,5.5));
#1783=CARTESIAN_POINT('',(-3.597587738,-16.999548996,5.5));
#1784=CARTESIAN_POINT('',(-3.643420515,-16.906042819,5.5));
#1785=CARTESIAN_POINT('',(-3.693729598,-16.815531136,5.5));
#1786=CARTESIAN_POINT('',(-3.748237517,-16.72782833,5.5));
#1787=CARTESIAN_POINT('',(-3.966269197,-16.377017105,5.5));
#1788=CARTESIAN_POINT('',(-4.255477601,-16.066832368,5.5));
#1789=CARTESIAN_POINT('',(-4.586528647,-15.820006254,5.5));
#1790=CARTESIAN_POINT('',(-4.669291408,-15.758299725,5.5));
#1791=CARTESIAN_POINT('',(-4.754935323,-15.700266935,5.5));
#1792=CARTESIAN_POINT('',(-4.843526686,-15.645992415,5.5));
#1793=CARTESIAN_POINT('',(-4.93211805,-15.591717896,5.5));
#1794=CARTESIAN_POINT('',(-5.02396795,-15.541095917,5.5));
#1795=CARTESIAN_POINT('',(-5.117039323,-15.495287151,5.5));
#1796=CARTESIAN_POINT('',(-5.303182069,-15.403669619,5.5));
#1797=CARTESIAN_POINT('',(-5.495779708,-15.330412071,5.5));
#1798=CARTESIAN_POINT('',(-5.694516594,-15.274616697,5.5));
#1799=CARTESIAN_POINT('',(-5.893253479,-15.218821324,5.5));
#1800=CARTESIAN_POINT('',(-6.099885015,-15.180271753,5.5));
#1801=CARTESIAN_POINT('',(-6.30587599,-15.159718264,5.5));
#1802=CARTESIAN_POINT('',(-6.511866966,-15.139164775,5.5));
#1803=CARTESIAN_POINT('',(-6.718136047,-15.136032716,5.5));
#1804=CARTESIAN_POINT('',(-6.924678477,-15.150024089,5.5));
#1805=CARTESIAN_POINT('',(-7.131220907,-15.164015462,5.5));
#1806=CARTESIAN_POINT('',(-7.338846597,-15.195606676,5.5));
#1807=CARTESIAN_POINT('',(-7.54008817,-15.244016226,5.5));
#1808=CARTESIAN_POINT('',(-7.741329743,-15.292425776,5.5));
#1809=CARTESIAN_POINT('',(-7.937805113,-15.357607593,5.5));
#1810=CARTESIAN_POINT('',(-8.129150651,-15.440841289,5.5));
#1811=B_SPLINE_CURVE_WITH_KNOTS('',3,(#1771,#1772,#1773,#1774,#1775,#1776,#1777,#1778,#1779,#1780,#1781,#1782,#1783,#1784,#1785,#1786,#1787,#1788,#1789,#1790,#1791,#1792,#1793,#1794,#1795,#1796,
#1797,#1798,#1799,#1800,#1801,#1802,#1803,#1804,#1805,#1806,#1807,#1808,#1809,#1810),.UNSPECIFIED.,.F.,.F.,(4,3,3,3,3,3,3,3,3,3,3,3,3,4),(0.000011164,0.002487225,0.003725255,0.004344271,0.004653778,0.004963286,0.006201317,0.006510824,0.006820332,0.007439347,0.008058362,0.008677378,0.009296393,0.009915408),.UNSPECIFIED.);
#1812=EDGE_CURVE('',#1711,#1765,#1811,.T.);
#1813=ORIENTED_EDGE('',*,*,#1812,.F.);
#1814=EDGE_LOOP('',(#1763,#1770,#1813));
#1815=FACE_BOUND('',#1814,.T.);
#1816=CARTESIAN_POINT('',(-8.152885862,-27.951576494,5.500575969));
#1817=VERTEX_POINT('',#1816);
#1818=CARTESIAN_POINT('',(-4.987809545,-33.413863907,5.500132583));
#1819=VERTEX_POINT('',#1818);
#1820=CARTESIAN_POINT('',(-8.149721913,-27.955772702,5.5));
#1821=CARTESIAN_POINT('',(-8.318367418,-28.079095078,5.5));
#1822=CARTESIAN_POINT('',(-8.474480502,-28.215615109,5.5));
#1823=CARTESIAN_POINT('',(-8.618751828,-28.36460547,5.5));
#1824=CARTESIAN_POINT('',(-8.690887491,-28.439100651,5.5));
#1825=CARTESIAN_POINT('',(-8.760041345,-28.516735917,5.5));
#1826=CARTESIAN_POINT('',(-8.826171779,-28.597555091,5.5));
#1827=CARTESIAN_POINT('',(-8.892302213,-28.678374264,5.5));
#1828=CARTESIAN_POINT('',(-8.955584456,-28.762688512,5.5));
#1829=CARTESIAN_POINT('',(-9.01469251,-28.84873256,5.5));
#1830=CARTESIAN_POINT('',(-9.132908616,-29.020820656,5.5));
#1831=CARTESIAN_POINT('',(-9.23563069,-29.200913566,5.5));
#1832=CARTESIAN_POINT('',(-9.322728546,-29.389078548,5.5));
#1833=CARTESIAN_POINT('',(-9.366277474,-29.48316104,5.5));
#1834=CARTESIAN_POINT('',(-9.405892301,-29.579276039,5.5));
#1835=CARTESIAN_POINT('',(-9.441372585,-29.677527102,5.5));
#1836=CARTESIAN_POINT('',(-9.476852869,-29.775778165,5.5));
#1837=CARTESIAN_POINT('',(-9.508254052,-29.876543479,5.5));
#1838=CARTESIAN_POINT('',(-9.534692538,-29.977453575,5.5));
#1839=CARTESIAN_POINT('',(-9.587569511,-30.179273767,5.5));
#1840=CARTESIAN_POINT('',(-9.621259895,-30.383423425,5.5));
#1841=CARTESIAN_POINT('',(-9.635596512,-30.589922847,5.5));
#1842=CARTESIAN_POINT('',(-9.642764821,-30.693172557,5.5));
#1843=CARTESIAN_POINT('',(-9.645151128,-30.797002856,5.5));
#1844=CARTESIAN_POINT('',(-9.642712275,-30.901418984,5.5));
#1845=CARTESIAN_POINT('',(-9.640273422,-31.005835111,5.5));
#1846=CARTESIAN_POINT('',(-9.632926073,-31.111132169,5.5));
#1847=CARTESIAN_POINT('',(-9.620897511,-31.214814247,5.5));
#1848=CARTESIAN_POINT('',(-9.596840388,-31.422178403,5.5));
#1849=CARTESIAN_POINT('',(-9.554293863,-31.625217842,5.5));
#1850=CARTESIAN_POINT('',(-9.493215483,-31.823922635,5.5));
#1851=CARTESIAN_POINT('',(-9.432137103,-32.022627428,5.5));
#1852=CARTESIAN_POINT('',(-9.351328561,-32.21871945,5.5));
#1853=CARTESIAN_POINT('',(-9.25373243,-32.402098691,5.5));
#1854=CARTESIAN_POINT('',(-9.156136299,-32.585477932,5.5));
#1855=CARTESIAN_POINT('',(-9.041578634,-32.757724824,5.5));
#1856=CARTESIAN_POINT('',(-8.908579559,-32.917868082,5.5));
#1857=CARTESIAN_POINT('',(-8.842080021,-32.997939711,5.5));
#1858=CARTESIAN_POINT('',(-8.770542018,-33.075445773,5.5));
#1859=CARTESIAN_POINT('',(-8.695505094,-33.148687889,5.5));
#1860=CARTESIAN_POINT('',(-8.62046817,-33.221930005,5.5));
#1861=CARTESIAN_POINT('',(-8.5422083,-33.290752138,5.5));
#1862=CARTESIAN_POINT('',(-8.460845689,-33.355319137,5.5));
#1863=CARTESIAN_POINT('',(-8.135395242,-33.613587132,5.5));
#1864=CARTESIAN_POINT('',(-7.75307172,-33.807609275,5.5));
#1865=CARTESIAN_POINT('',(-7.351447414,-33.91162493,5.5));
#1866=CARTESIAN_POINT('',(-6.5481988,-34.119656242,5.5));
#1867=CARTESIAN_POINT('',(-5.634891764,-33.955790449,5.5));
#1868=CARTESIAN_POINT('',(-4.987450117,-33.414457206,5.5));
#1869=B_SPLINE_CURVE_WITH_KNOTS('',3,(#1820,#1821,#1822,#1823,#1824,#1825,#1826,#1827,#1828,#1829,#1830,#1831,#1832,#1833,#1834,#1835,#1836,#1837,#1838,#1839,#1840,#1841,#1842,#1843,#1844,#1845,
#1846,#1847,#1848,#1849,#1850,#1851,#1852,#1853,#1854,#1855,#1856,#1857,#1858,#1859,#1860,#1861,#1862,#1863,#1864,#1865,#1866,#1867,#1868),.UNSPECIFIED.,.F.,.F.,(4,3,3,3,3,3,3,3,3,3,3,3,3,3,3,3,4),(0.00014585,0.000767485,0.001078303,0.001389121,0.002010756,0.002321574,0.002632391,0.003254027,0.003564845,0.003875662,0.004497298,0.005118933,0.005740569,0.006051386,0.006362204,0.007605475,0.010092017),.UNSPECIFIED.);
#1870=EDGE_CURVE('',#1817,#1819,#1869,.T.);
#1871=ORIENTED_EDGE('',*,*,#1870,.F.);
#1872=CARTESIAN_POINT('',(-8.129707233,-27.939899694,5.49979243));
#1873=VERTEX_POINT('',#1872);
#1874=CARTESIAN_POINT('',(-8.153666972,-27.951618235,5.5));
#1875=CARTESIAN_POINT('',(-8.129150641,-27.940841285,5.5));
#1876=B_SPLINE_CURVE_WITH_KNOTS('',1,(#1874,#1875),.UNSPECIFIED.,.F.,.F.,(2,2),(0.,1.),.UNSPECIFIED.);
#1877=EDGE_CURVE('',#1817,#1873,#1876,.T.);
#1878=ORIENTED_EDGE('',*,*,#1877,.T.);
#1879=CARTESIAN_POINT('',(-4.987450856,-33.414457823,5.5));
#1880=CARTESIAN_POINT('',(-4.204451065,-33.115865094,5.5));
#1881=CARTESIAN_POINT('',(-3.610418294,-32.423361823,5.5));
#1882=CARTESIAN_POINT('',(-3.391425298,-31.62213917,5.5));
#1883=CARTESIAN_POINT('',(-3.2819288,-31.221527843,5.5));
#1884=CARTESIAN_POINT('',(-3.260886907,-30.796844052,5.5));
#1885=CARTESIAN_POINT('',(-3.322236931,-30.386405834,5.5));
#1886=CARTESIAN_POINT('',(-3.352911943,-30.181186726,5.5));
#1887=CARTESIAN_POINT('',(-3.403625683,-29.981244477,5.5));
#1888=CARTESIAN_POINT('',(-3.474924615,-29.78672299,5.5));
#1889=CARTESIAN_POINT('',(-3.510574081,-29.689462247,5.5));
#1890=CARTESIAN_POINT('',(-3.551754962,-29.593055174,5.5));
#1891=CARTESIAN_POINT('',(-3.597587738,-29.499548996,5.5));
#1892=CARTESIAN_POINT('',(-3.643420515,-29.406042819,5.5));
#1893=CARTESIAN_POINT('',(-3.693729598,-29.315531136,5.5));
#1894=CARTESIAN_POINT('',(-3.748237517,-29.22782833,5.5));
#1895=CARTESIAN_POINT('',(-3.966269197,-28.877017105,5.5));
#1896=CARTESIAN_POINT('',(-4.255477601,-28.566832368,5.5));
#1897=CARTESIAN_POINT('',(-4.586528647,-28.320006254,5.5));
#1898=CARTESIAN_POINT('',(-4.669291408,-28.258299725,5.5));
#1899=CARTESIAN_POINT('',(-4.754935323,-28.200266935,5.5));
#1900=CARTESIAN_POINT('',(-4.843526686,-28.145992415,5.5));
#1901=CARTESIAN_POINT('',(-4.93211805,-28.091717896,5.5));
#1902=CARTESIAN_POINT('',(-5.02396795,-28.041095917,5.5));
#1903=CARTESIAN_POINT('',(-5.117039323,-27.995287151,5.5));
#1904=CARTESIAN_POINT('',(-5.303182069,-27.903669619,5.5));
#1905=CARTESIAN_POINT('',(-5.495779708,-27.830412071,5.5));
#1906=CARTESIAN_POINT('',(-5.694516594,-27.774616697,5.5));
#1907=CARTESIAN_POINT('',(-5.893253479,-27.718821324,5.5));
#1908=CARTESIAN_POINT('',(-6.099885015,-27.680271753,5.5));
#1909=CARTESIAN_POINT('',(-6.30587599,-27.659718264,5.5));
#1910=CARTESIAN_POINT('',(-6.511866966,-27.639164775,5.5));
#1911=CARTESIAN_POINT('',(-6.718136047,-27.636032716,5.5));
#1912=CARTESIAN_POINT('',(-6.924678477,-27.650024089,5.5));
#1913=CARTESIAN_POINT('',(-7.131220907,-27.664015462,5.5));
#1914=CARTESIAN_POINT('',(-7.338846597,-27.695606676,5.5));
#1915=CARTESIAN_POINT('',(-7.54008817,-27.744016226,5.5));
#1916=CARTESIAN_POINT('',(-7.741329743,-27.792425776,5.5));
#1917=CARTESIAN_POINT('',(-7.937805113,-27.857607593,5.5));
#1918=CARTESIAN_POINT('',(-8.129150651,-27.940841289,5.5));
#1919=B_SPLINE_CURVE_WITH_KNOTS('',3,(#1879,#1880,#1881,#1882,#1883,#1884,#1885,#1886,#1887,#1888,#1889,#1890,#1891,#1892,#1893,#1894,#1895,#1896,#1897,#1898,#1899,#1900,#1901,#1902,#1903,#1904,
#1905,#1906,#1907,#1908,#1909,#1910,#1911,#1912,#1913,#1914,#1915,#1916,#1917,#1918),.UNSPECIFIED.,.F.,.F.,(4,3,3,3,3,3,3,3,3,3,3,3,3,4),(0.000011164,0.002487225,0.003725255,0.004344271,0.004653778,0.004963286,0.006201317,0.006510824,0.006820332,0.007439347,0.008058362,0.008677378,0.009296393,0.009915408),.UNSPECIFIED.);
#1920=EDGE_CURVE('',#1819,#1873,#1919,.T.);
#1921=ORIENTED_EDGE('',*,*,#1920,.F.);
#1922=EDGE_LOOP('',(#1871,#1878,#1921));
#1923=FACE_BOUND('',#1922,.T.);
#1924=CARTESIAN_POINT('',(-45.652885862,-27.951576494,5.500575969));
#1925=VERTEX_POINT('',#1924);
#1926=CARTESIAN_POINT('',(-42.487809545,-33.413863907,5.500132583));
#1927=VERTEX_POINT('',#1926);
#1928=CARTESIAN_POINT('',(-45.649721913,-27.955772702,5.5));
#1929=CARTESIAN_POINT('',(-45.818367418,-28.079095078,5.5));
#1930=CARTESIAN_POINT('',(-45.974480502,-28.215615109,5.5));
#1931=CARTESIAN_POINT('',(-46.118751828,-28.36460547,5.5));
#1932=CARTESIAN_POINT('',(-46.190887491,-28.439100651,5.5));
#1933=CARTESIAN_POINT('',(-46.260041345,-28.516735917,5.5));
#1934=CARTESIAN_POINT('',(-46.326171779,-28.597555091,5.5));
#1935=CARTESIAN_POINT('',(-46.392302213,-28.678374264,5.5));
#1936=CARTESIAN_POINT('',(-46.455584456,-28.762688512,5.5));
#1937=CARTESIAN_POINT('',(-46.51469251,-28.84873256,5.5));
#1938=CARTESIAN_POINT('',(-46.632908616,-29.020820656,5.5));
#1939=CARTESIAN_POINT('',(-46.73563069,-29.200913566,5.5));
#1940=CARTESIAN_POINT('',(-46.822728546,-29.389078548,5.5));
#1941=CARTESIAN_POINT('',(-46.866277474,-29.48316104,5.5));
#1942=CARTESIAN_POINT('',(-46.905892301,-29.579276039,5.5));
#1943=CARTESIAN_POINT('',(-46.941372585,-29.677527102,5.5));
#1944=CARTESIAN_POINT('',(-46.976852869,-29.775778165,5.5));
#1945=CARTESIAN_POINT('',(-47.008254052,-29.876543479,5.5));
#1946=CARTESIAN_POINT('',(-47.034692538,-29.977453575,5.5));
#1947=CARTESIAN_POINT('',(-47.087569511,-30.179273767,5.5));
#1948=CARTESIAN_POINT('',(-47.121259895,-30.383423425,5.5));
#1949=CARTESIAN_POINT('',(-47.135596512,-30.589922847,5.5));
#1950=CARTESIAN_POINT('',(-47.142764821,-30.693172557,5.5));
#1951=CARTESIAN_POINT('',(-47.145151128,-30.797002856,5.5));
#1952=CARTESIAN_POINT('',(-47.142712275,-30.901418984,5.5));
#1953=CARTESIAN_POINT('',(-47.140273422,-31.005835111,5.5));
#1954=CARTESIAN_POINT('',(-47.132926073,-31.111132169,5.5));
#1955=CARTESIAN_POINT('',(-47.120897511,-31.214814247,5.5));
#1956=CARTESIAN_POINT('',(-47.096840388,-31.422178403,5.5));
#1957=CARTESIAN_POINT('',(-47.054293863,-31.625217842,5.5));
#1958=CARTESIAN_POINT('',(-46.993215483,-31.823922635,5.5));
#1959=CARTESIAN_POINT('',(-46.932137103,-32.022627428,5.5));
#1960=CARTESIAN_POINT('',(-46.851328561,-32.21871945,5.5));
#1961=CARTESIAN_POINT('',(-46.75373243,-32.402098691,5.5));
#1962=CARTESIAN_POINT('',(-46.656136299,-32.585477932,5.5));
#1963=CARTESIAN_POINT('',(-46.541578634,-32.757724824,5.5));
#1964=CARTESIAN_POINT('',(-46.408579559,-32.917868082,5.5));
#1965=CARTESIAN_POINT('',(-46.342080021,-32.997939711,5.5));
#1966=CARTESIAN_POINT('',(-46.270542018,-33.075445773,5.5));
#1967=CARTESIAN_POINT('',(-46.195505094,-33.148687889,5.5));
#1968=CARTESIAN_POINT('',(-46.12046817,-33.221930005,5.5));
#1969=CARTESIAN_POINT('',(-46.0422083,-33.290752138,5.5));
#1970=CARTESIAN_POINT('',(-45.960845689,-33.355319137,5.5));
#1971=CARTESIAN_POINT('',(-45.635395242,-33.613587132,5.5));
#1972=CARTESIAN_POINT('',(-45.25307172,-33.807609275,5.5));
#1973=CARTESIAN_POINT('',(-44.851447414,-33.91162493,5.5));
#1974=CARTESIAN_POINT('',(-44.0481988,-34.119656242,5.5));
#1975=CARTESIAN_POINT('',(-43.134891764,-33.955790449,5.5));
#1976=CARTESIAN_POINT('',(-42.487450117,-33.414457206,5.5));
#1977=B_SPLINE_CURVE_WITH_KNOTS('',3,(#1928,#1929,#1930,#1931,#1932,#1933,#1934,#1935,#1936,#1937,#1938,#1939,#1940,#1941,#1942,#1943,#1944,#1945,#1946,#1947,#1948,#1949,#1950,#1951,#1952,#1953,
#1954,#1955,#1956,#1957,#1958,#1959,#1960,#1961,#1962,#1963,#1964,#1965,#1966,#1967,#1968,#1969,#1970,#1971,#1972,#1973,#1974,#1975,#1976),.UNSPECIFIED.,.F.,.F.,(4,3,3,3,3,3,3,3,3,3,3,3,3,3,3,3,4),(0.00014585,0.000767485,0.001078303,0.001389121,0.002010756,0.002321574,0.002632391,0.003254027,0.003564845,0.003875662,0.004497298,0.005118933,0.005740569,0.006051386,0.006362204,0.007605475,0.010092017),.UNSPECIFIED.);
#1978=EDGE_CURVE('',#1925,#1927,#1977,.T.);
#1979=ORIENTED_EDGE('',*,*,#1978,.F.);
#1980=CARTESIAN_POINT('',(-45.629707233,-27.939899694,5.49979243));
#1981=VERTEX_POINT('',#1980);
#1982=CARTESIAN_POINT('',(-45.653666972,-27.951618235,5.5));
#1983=CARTESIAN_POINT('',(-45.629150641,-27.940841285,5.5));
#1984=B_SPLINE_CURVE_WITH_KNOTS('',1,(#1982,#1983),.UNSPECIFIED.,.F.,.F.,(2,2),(0.,1.),.UNSPECIFIED.);
#1985=EDGE_CURVE('',#1925,#1981,#1984,.T.);
#1986=ORIENTED_EDGE('',*,*,#1985,.T.);
#1987=CARTESIAN_POINT('',(-42.487450856,-33.414457823,5.5));
#1988=CARTESIAN_POINT('',(-41.704451065,-33.115865094,5.5));
#1989=CARTESIAN_POINT('',(-41.110418294,-32.423361823,5.5));
#1990=CARTESIAN_POINT('',(-40.891425298,-31.62213917,5.5));
#1991=CARTESIAN_POINT('',(-40.7819288,-31.221527843,5.5));
#1992=CARTESIAN_POINT('',(-40.760886907,-30.796844052,5.5));
#1993=CARTESIAN_POINT('',(-40.822236931,-30.386405834,5.5));
#1994=CARTESIAN_POINT('',(-40.852911943,-30.181186726,5.5));
#1995=CARTESIAN_POINT('',(-40.903625683,-29.981244477,5.5));
#1996=CARTESIAN_POINT('',(-40.974924615,-29.78672299,5.5));
#1997=CARTESIAN_POINT('',(-41.010574081,-29.689462247,5.5));
#1998=CARTESIAN_POINT('',(-41.051754962,-29.593055174,5.5));
#1999=CARTESIAN_POINT('',(-41.097587738,-29.499548996,5.5));
#2000=CARTESIAN_POINT('',(-41.143420515,-29.406042819,5.5));
#2001=CARTESIAN_POINT('',(-41.193729598,-29.315531136,5.5));
#2002=CARTESIAN_POINT('',(-41.248237517,-29.22782833,5.5));
#2003=CARTESIAN_POINT('',(-41.466269197,-28.877017105,5.5));
#2004=CARTESIAN_POINT('',(-41.755477601,-28.566832368,5.5));
#2005=CARTESIAN_POINT('',(-42.086528647,-28.320006254,5.5));
#2006=CARTESIAN_POINT('',(-42.169291408,-28.258299725,5.5));
#2007=CARTESIAN_POINT('',(-42.254935323,-28.200266935,5.5));
#2008=CARTESIAN_POINT('',(-42.343526686,-28.145992415,5.5));
#2009=CARTESIAN_POINT('',(-42.43211805,-28.091717896,5.5));
#2010=CARTESIAN_POINT('',(-42.52396795,-28.041095917,5.5));
#2011=CARTESIAN_POINT('',(-42.617039323,-27.995287151,5.5));
#2012=CARTESIAN_POINT('',(-42.803182069,-27.903669619,5.5));
#2013=CARTESIAN_POINT('',(-42.995779708,-27.830412071,5.5));
#2014=CARTESIAN_POINT('',(-43.194516594,-27.774616697,5.5));
#2015=CARTESIAN_POINT('',(-43.393253479,-27.718821324,5.5));
#2016=CARTESIAN_POINT('',(-43.599885015,-27.680271753,5.5));
#2017=CARTESIAN_POINT('',(-43.80587599,-27.659718264,5.5));
#2018=CARTESIAN_POINT('',(-44.011866966,-27.639164775,5.5));
#2019=CARTESIAN_POINT('',(-44.218136047,-27.636032716,5.5));
#2020=CARTESIAN_POINT('',(-44.424678477,-27.650024089,5.5));
#2021=CARTESIAN_POINT('',(-44.631220907,-27.664015462,5.5));
#2022=CARTESIAN_POINT('',(-44.838846597,-27.695606676,5.5));
#2023=CARTESIAN_POINT('',(-45.04008817,-27.744016226,5.5));
#2024=CARTESIAN_POINT('',(-45.241329743,-27.792425776,5.5));
#2025=CARTESIAN_POINT('',(-45.437805113,-27.857607593,5.5));
#2026=CARTESIAN_POINT('',(-45.629150651,-27.940841289,5.5));
#2027=B_SPLINE_CURVE_WITH_KNOTS('',3,(#1987,#1988,#1989,#1990,#1991,#1992,#1993,#1994,#1995,#1996,#1997,#1998,#1999,#2000,#2001,#2002,#2003,#2004,#2005,#2006,#2007,#2008,#2009,#2010,#2011,#2012,
#2013,#2014,#2015,#2016,#2017,#2018,#2019,#2020,#2021,#2022,#2023,#2024,#2025,#2026),.UNSPECIFIED.,.F.,.F.,(4,3,3,3,3,3,3,3,3,3,3,3,3,4),(0.000011164,0.002487225,0.003725255,0.004344271,0.004653778,0.004963286,0.006201317,0.006510824,0.006820332,0.007439347,0.008058362,0.008677378,0.009296393,0.009915408),.UNSPECIFIED.);
#2028=EDGE_CURVE('',#1927,#1981,#2027,.T.);
#2029=ORIENTED_EDGE('',*,*,#2028,.F.);
#2030=EDGE_LOOP('',(#1979,#1986,#2029));
#2031=FACE_BOUND('',#2030,.T.);
#2032=ORIENTED_EDGE('',*,*,#1093,.F.);
#2033=ORIENTED_EDGE('',*,*,#1119,.F.);
#2034=ORIENTED_EDGE('',*,*,#1141,.F.);
#2035=ORIENTED_EDGE('',*,*,#1157,.F.);
#2036=EDGE_LOOP('',(#2032,#2033,#2034,#2035));
#2037=FACE_BOUND('',#2036,.T.);
#2038=ADVANCED_FACE('',(#1275,#1383,#1491,#1599,#1707,#1815,#1923,#2031,#2037),#1167,.T.);
#2039=CARTESIAN_POINT('',(-45.650574189,-34.542001671,-0.000009183));
#2040=CARTESIAN_POINT('',(-45.579244059,-34.583316794,0.005170507));
#2041=CARTESIAN_POINT('',(-44.848859311,-34.974808029,0.057221674));
#2042=CARTESIAN_POINT('',(-43.226225101,-35.243125885,0.156144319));
#2043=CARTESIAN_POINT('',(-41.095534633,-34.279999483,0.296758751));
#2044=CARTESIAN_POINT('',(-39.860796973,-32.293396693,0.437373183));
#2045=CARTESIAN_POINT('',(-39.934102594,-29.959692584,0.577987615));
#2046=CARTESIAN_POINT('',(-41.298594133,-28.052028393,0.718602046));
#2047=CARTESIAN_POINT('',(-43.479175959,-27.239026245,0.859216478));
#2048=CARTESIAN_POINT('',(-46.364226126,-27.879226404,1.036286504));
#2049=CARTESIAN_POINT('',(-48.324125492,-31.240666285,1.249812122));
#2050=CARTESIAN_POINT('',(-46.030544388,-35.213765558,1.499793335));
#2051=CARTESIAN_POINT('',(-41.859848985,-35.200660567,1.728942779));
#2052=CARTESIAN_POINT('',(-39.682673726,-32.338627485,1.937260456));
#2053=CARTESIAN_POINT('',(-40.096233959,-29.150248476,2.124746365));
#2054=CARTESIAN_POINT('',(-42.655670524,-27.178597545,2.312232275));
#2055=CARTESIAN_POINT('',(-45.852339592,-27.598767942,2.499718184));
#2056=CARTESIAN_POINT('',(-47.819680013,-30.153673144,2.687204093));
#2057=CARTESIAN_POINT('',(-47.402296757,-33.352736448,2.874690002));
#2058=CARTESIAN_POINT('',(-44.846411051,-35.319054317,3.062175911));
#2059=CARTESIAN_POINT('',(-41.6478458,-34.902928809,3.24966182));
#2060=CARTESIAN_POINT('',(-39.681102384,-32.346449335,3.43714773));
#2061=CARTESIAN_POINT('',(-40.096603298,-29.148976202,3.624633639));
#2062=CARTESIAN_POINT('',(-42.653599705,-27.179939956,3.812119548));
#2063=CARTESIAN_POINT('',(-45.316712847,-27.529191287,3.968357806));
#2064=CARTESIAN_POINT('',(-46.836819112,-28.873254604,4.093348412));
#2065=CARTESIAN_POINT('',(-47.747507224,-30.685958886,4.218339018));
#2066=CARTESIAN_POINT('',(-47.404824797,-33.350703042,4.374577276));
#2067=CARTESIAN_POINT('',(-44.848033013,-35.318449542,4.562063185));
#2068=CARTESIAN_POINT('',(-41.64976518,-34.904085173,4.749549094));
#2069=CARTESIAN_POINT('',(-39.681528379,-32.347920551,4.937035003));
#2070=CARTESIAN_POINT('',(-40.095523189,-29.150572103,5.124520912));
#2071=CARTESIAN_POINT('',(-42.65141566,-27.180802705,5.312006822));
#2072=CARTESIAN_POINT('',(-45.848569222,-27.597156163,5.499492731));
#2073=CARTESIAN_POINT('',(-47.819841841,-30.147757775,5.68697864));
#2074=CARTESIAN_POINT('',(-47.401693892,-33.353814499,5.874464549));
#2075=CARTESIAN_POINT('',(-44.855225459,-35.310748228,6.061950458));
#2076=CARTESIAN_POINT('',(-42.709502706,-35.049366126,6.18710304));
#2077=CARTESIAN_POINT('',(-41.849731603,-34.550289442,6.249760318));
#2078=CARTESIAN_POINT('',(-41.847510447,-34.548996824,6.249922293));
#2079=CARTESIAN_POINT('',(-45.431421826,-34.168897587,-0.249691735));
#2080=CARTESIAN_POINT('',(-45.368175891,-34.205448924,-0.244512046));
#2081=CARTESIAN_POINT('',(-44.720596192,-34.551753259,-0.192460878));
#2082=CARTESIAN_POINT('',(-43.282436537,-34.788143099,-0.093538234));
#2083=CARTESIAN_POINT('',(-41.395103892,-33.93282956,0.047076198));
#2084=CARTESIAN_POINT('',(-40.302612108,-32.171306517,0.18769063));
#2085=CARTESIAN_POINT('',(-40.369566075,-30.103309309,0.328305062));
#2086=CARTESIAN_POINT('',(-41.580367085,-28.413958852,0.468919494));
#2087=CARTESIAN_POINT('',(-43.513428623,-27.695361943,0.609533925));
#2088=CARTESIAN_POINT('',(-46.069527932,-28.265152783,0.786603951));
#2089=CARTESIAN_POINT('',(-47.803463466,-31.245633963,1.00012957));
#2090=CARTESIAN_POINT('',(-45.767566324,-34.764519763,1.250110782));
#2091=CARTESIAN_POINT('',(-42.071630865,-34.749344375,1.479260226));
#2092=CARTESIAN_POINT('',(-40.144725303,-32.211237005,1.687577903));
#2093=CARTESIAN_POINT('',(-40.513934105,-29.386142176,1.875063812));
#2094=CARTESIAN_POINT('',(-42.783713476,-27.641108933,2.062549722));
#2095=CARTESIAN_POINT('',(-45.616149241,-28.016180971,2.250035631));
#2096=CARTESIAN_POINT('',(-47.357366329,-30.28194249,2.43752154));
#2097=CARTESIAN_POINT('',(-46.984762233,-33.116501552,2.625007449));
#2098=CARTESIAN_POINT('',(-44.718132631,-34.856812101,2.812493358));
#2099=CARTESIAN_POINT('',(-41.884013901,-34.485322692,2.999979268));
#2100=CARTESIAN_POINT('',(-40.143326701,-32.21816687,3.187465177));
#2101=CARTESIAN_POINT('',(-40.51426176,-29.385014935,3.374951086));
#2102=CARTESIAN_POINT('',(-42.781877475,-27.642297197,3.562436995));
#2103=CARTESIAN_POINT('',(-45.141552214,-27.954065994,3.718675253));
#2104=CARTESIAN_POINT('',(-46.48747756,-29.146434327,3.843665859));
#2105=CARTESIAN_POINT('',(-47.292953483,-30.75357647,3.968656465));
#2106=CARTESIAN_POINT('',(-46.987005023,-33.114702591,4.124894723));
#2107=CARTESIAN_POINT('',(-44.719570204,-34.856276913,4.312380632));
#2108=CARTESIAN_POINT('',(-41.885713985,-34.486349222,4.499866541));
#2109=CARTESIAN_POINT('',(-40.143702406,-32.219470965,4.68735245));
#2110=CARTESIAN_POINT('',(-40.513303962,-29.38642859,4.874838359));
#2111=CARTESIAN_POINT('',(-42.779941041,-27.643059245,5.062324269));
#2112=CARTESIAN_POINT('',(-45.612809474,-28.014749697,5.249810178));
#2113=CARTESIAN_POINT('',(-47.357514693,-30.276700186,5.437296087));
#2114=CARTESIAN_POINT('',(-46.984227217,-33.117457085,5.624781996));
#2115=CARTESIAN_POINT('',(-44.72595099,-34.849458501,5.812267905));
#2116=CARTESIAN_POINT('',(-42.824697678,-34.615997439,5.937420487));
#2117=CARTESIAN_POINT('',(-42.06322,-34.172996406,6.000077765));
#2118=CARTESIAN_POINT('',(-42.061252781,-34.171849029,6.00023974));
#2119=CARTESIAN_POINT('',(-45.211909631,-33.795991561,-0.499357109));
#2120=CARTESIAN_POINT('',(-45.156743586,-33.827771315,-0.494177419));
#2121=CARTESIAN_POINT('',(-44.591928256,-34.128808976,-0.442126252));
#2122=CARTESIAN_POINT('',(-43.338217743,-34.333094919,-0.343203608));
#2123=CARTESIAN_POINT('',(-41.694351674,-33.585366192,-0.202589176));
#2124=CARTESIAN_POINT('',(-40.744323106,-32.048793869,-0.061974744));
#2125=CARTESIAN_POINT('',(-40.805177366,-30.246516677,0.078639688));
#2126=CARTESIAN_POINT('',(-41.862490937,-28.775631473,0.21925412));
#2127=CARTESIAN_POINT('',(-43.548115168,-28.151677364,0.359868552));
#2128=CARTESIAN_POINT('',(-45.775188306,-28.651368612,0.536938577));
#2129=CARTESIAN_POINT('',(-47.28279209,-31.251096099,0.750464196));
#2130=CARTESIAN_POINT('',(-45.504155183,-34.315511354,1.000445408));
#2131=CARTESIAN_POINT('',(-42.282989964,-34.297815574,1.229594853));
#2132=CARTESIAN_POINT('',(-40.606668614,-32.083404473,1.437912529));
#2133=CARTESIAN_POINT('',(-40.931868649,-29.621645879,1.625398439));
#2134=CARTESIAN_POINT('',(-42.912198965,-28.103511037,1.812884348));
#2135=CARTESIAN_POINT('',(-45.380348549,-28.433829199,2.000370257));
#2136=CARTESIAN_POINT('',(-46.895162183,-30.410653891,2.187856166));
#2137=CARTESIAN_POINT('',(-46.566992444,-32.880656596,2.375342075));
#2138=CARTESIAN_POINT('',(-44.589412236,-34.394679331,2.562827985));
#2139=CARTESIAN_POINT('',(-42.119791981,-34.067481457,2.750313894));
#2140=CARTESIAN_POINT('',(-40.605441584,-32.08944234,2.937799803));
#2141=CARTESIAN_POINT('',(-40.932155191,-29.620663771,3.125285712));
#2142=CARTESIAN_POINT('',(-42.910597493,-28.104544675,3.312771621));
#2143=CARTESIAN_POINT('',(-44.966789838,-28.379118693,3.469009879));
#2144=CARTESIAN_POINT('',(-46.13838589,-29.419952632,3.594000485));
#2145=CARTESIAN_POINT('',(-46.838452503,-30.821627315,3.718991091));
#2146=CARTESIAN_POINT('',(-46.568949726,-32.879091873,3.875229349));
#2147=CARTESIAN_POINT('',(-44.590665654,-34.394214284,4.062715258));
#2148=CARTESIAN_POINT('',(-42.121272535,-34.068378268,4.250201167));
#2149=CARTESIAN_POINT('',(-40.605767162,-32.090579362,4.437687076));
#2150=CARTESIAN_POINT('',(-40.931319099,-29.621894865,4.625172986));
#2151=CARTESIAN_POINT('',(-42.908908742,-28.105206157,4.812658895));
#2152=CARTESIAN_POINT('',(-45.377439536,-28.432577874,5.000144804));
#2153=CARTESIAN_POINT('',(-46.895297783,-30.40608493,5.187630713));
#2154=CARTESIAN_POINT('',(-46.566525069,-32.88148912,5.375116622));
#2155=CARTESIAN_POINT('',(-44.59623531,-34.388279499,5.562602532));
#2156=CARTESIAN_POINT('',(-42.939484593,-34.18250812,5.687755113));
#2157=CARTESIAN_POINT('',(-42.276356176,-33.795490878,5.750412391));
#2158=CARTESIAN_POINT('',(-42.274643038,-33.794488507,5.750574366));
#2159=CARTESIAN_POINT('',(-44.990740581,-33.423918757,-0.748825554));
#2160=CARTESIAN_POINT('',(-44.943636308,-33.450891022,-0.743645865));
#2161=CARTESIAN_POINT('',(-44.461415192,-33.706295246,-0.691594697));
#2162=CARTESIAN_POINT('',(-43.392068702,-33.877679422,-0.592672053));
#2163=CARTESIAN_POINT('',(-41.992198203,-33.236524779,-0.452057621));
#2164=CARTESIAN_POINT('',(-41.185635177,-31.924357517,-0.311443189));
#2165=CARTESIAN_POINT('',(-41.241524338,-30.387901767,-0.170828757));
#2166=CARTESIAN_POINT('',(-42.146241359,-29.136199736,-0.030214325));
#2167=CARTESIAN_POINT('',(-43.584762876,-28.607973967,0.110400106));
#2168=CARTESIAN_POINT('',(-45.482417643,-29.038951264,0.287470132));
#2169=CARTESIAN_POINT('',(-46.761995909,-31.258787304,0.500995751));
#2170=CARTESIAN_POINT('',(-45.238749828,-33.867501655,0.750976963));
#2171=CARTESIAN_POINT('',(-42.492477405,-33.845256032,0.980126407));
#2172=CARTESIAN_POINT('',(-41.068197098,-31.953559515,1.188444084));
#2173=CARTESIAN_POINT('',(-41.350927062,-29.855429163,1.375929993));
#2174=CARTESIAN_POINT('',(-43.042699151,-28.565494403,1.563415903));
#2175=CARTESIAN_POINT('',(-45.146266752,-28.852604086,1.750901812));
#2176=CARTESIAN_POINT('',(-46.433377926,-30.541378295,1.938387721));
#2177=CARTESIAN_POINT('',(-46.148095701,-32.64653155,2.12587363));
#2178=CARTESIAN_POINT('',(-44.458679188,-33.932966194,2.313359539));
#2179=CARTESIAN_POINT('',(-42.353849785,-33.648513794,2.500845449));
#2180=CARTESIAN_POINT('',(-41.067136866,-31.958704909,2.688331358));
#2181=CARTESIAN_POINT('',(-41.351174417,-29.854592603,2.875817267));
#2182=CARTESIAN_POINT('',(-43.041331178,-28.566371592,3.063303176));
#2183=CARTESIAN_POINT('',(-44.793794956,-28.805040636,3.219541434));
#2184=CARTESIAN_POINT('',(-45.790364936,-29.695040824,3.34453204));
#2185=CARTESIAN_POINT('',(-46.384115885,-30.891641636,3.469522646));
#2186=CARTESIAN_POINT('',(-46.149767,-32.645200848,3.625760904));
#2187=CARTESIAN_POINT('',(-44.459749191,-33.932573257,3.813246813));
#2188=CARTESIAN_POINT('',(-42.355109881,-33.649281502,4.000732722));
#2189=CARTESIAN_POINT('',(-41.067412571,-31.959675064,4.188218631));
#2190=CARTESIAN_POINT('',(-41.350457978,-29.855639944,4.37570454));
#2191=CARTESIAN_POINT('',(-43.039890214,-28.566932563,4.56319045));
#2192=CARTESIAN_POINT('',(-45.143789305,-28.851530454,4.750676359));
#2193=CARTESIAN_POINT('',(-46.433503799,-30.537483678,4.938162268));
#2194=CARTESIAN_POINT('',(-46.147695207,-32.647239456,5.125648177));
#2195=CARTESIAN_POINT('',(-44.464510408,-33.927525586,5.313134086));
#2196=CARTESIAN_POINT('',(-43.052450448,-33.748405728,5.438286668));
#2197=CARTESIAN_POINT('',(-42.487938618,-33.416967294,5.500943946));
#2198=CARTESIAN_POINT('',(-42.486480254,-33.41610888,5.501105921));
#2199=B_SPLINE_SURFACE_WITH_KNOTS('',3,3,((#2039,#2040,#2041,#2042,#2043,#2044,#2045,#2046,#2047,#2048,#2049,#2050,#2051,#2052,#2053,#2054,#2055,#2056,#2057,#2058,#2059,#2060,#2061,#2062,#2063,#2064,
#2065,#2066,#2067,#2068,#2069,#2070,#2071,#2072,#2073,#2074,#2075,#2076,#2077,#2078),(#2079,#2080,#2081,#2082,#2083,#2084,#2085,#2086,#2087,#2088,#2089,#2090,#2091,#2092,#2093,#2094,#2095,#2096,#2097,#2098,#2099,#2100,#2101,#2102,#2103,#2104,
#2105,#2106,#2107,#2108,#2109,#2110,#2111,#2112,#2113,#2114,#2115,#2116,#2117,#2118),(#2119,#2120,#2121,#2122,#2123,#2124,#2125,#2126,#2127,#2128,#2129,#2130,#2131,#2132,#2133,#2134,#2135,#2136,#2137,#2138,#2139,#2140,#2141,#2142,#2143,#2144,
#2145,#2146,#2147,#2148,#2149,#2150,#2151,#2152,#2153,#2154,#2155,#2156,#2157,#2158),(#2159,#2160,#2161,#2162,#2163,#2164,#2165,#2166,#2167,#2168,#2169,#2170,#2171,#2172,#2173,#2174,#2175,#2176,#2177,#2178,#2179,#2180,#2181,#2182,#2183,#2184,
#2185,#2186,#2187,#2188,#2189,#2190,#2191,#2192,#2193,#2194,#2195,#2196,#2197,#2198)),.UNSPECIFIED.,.F.,.F.,.U.,(4,4),(4,1,1,1,1,1,1,1,1,1,1,1,1,1,1,1,1,1,1,1,1,1,1,1,1,1,
1,1,1,1,1,1,1,1,1,1,1,4),(-0.043409303,0.10644836),(10.468243376,10.533333278,11.122337633,11.711341988,12.300346343,12.889350698,13.478355053,14.067359408,14.656363763,15.703482616,16.750601469,17.797720323,18.583059463,19.368398603,20.153737742,20.939076882,21.724416022,22.509755162,23.295094302,24.080433442,24.865772582,25.651111722,26.436450862,27.221790002,27.614459572,28.007129142,
28.792468282,29.577807422,30.363146562,31.148485702,31.933824842,32.719163981,33.504503121,34.289842261,35.075181401,35.860520541,36.645859681,36.647895121),.UNSPECIFIED.);
#2200=ORIENTED_EDGE('',*,*,#1978,.T.);
#2201=CARTESIAN_POINT('',(-42.486480254,-33.416108881,5.501105921));
#2202=CARTESIAN_POINT('',(-43.005021989,-33.71894057,5.442440429));
#2203=CARTESIAN_POINT('',(-43.63912314,-33.820720992,5.386189954));
#2204=CARTESIAN_POINT('',(-44.228206339,-33.707653636,5.329519768));
#2205=CARTESIAN_POINT('',(-44.817289539,-33.594586279,5.272849583));
#2206=CARTESIAN_POINT('',(-45.36079717,-33.255158616,5.21460046));
#2207=CARTESIAN_POINT('',(-45.730225779,-32.781771163,5.157181773));
#2208=CARTESIAN_POINT('',(-46.099654387,-32.308383711,5.099763086));
#2209=CARTESIAN_POINT('',(-46.282118458,-31.695643819,5.042815822));
#2210=CARTESIAN_POINT('',(-46.247835052,-31.095912295,4.985359226));
#2211=CARTESIAN_POINT('',(-46.230693349,-30.796046533,4.956630928));
#2212=CARTESIAN_POINT('',(-46.158743546,-30.500135574,4.928096889));
#2213=CARTESIAN_POINT('',(-46.034741531,-30.22657691,4.899435513));
#2214=CARTESIAN_POINT('',(-45.910739516,-29.953018245,4.870774137));
#2215=CARTESIAN_POINT('',(-45.736938773,-29.70128155,4.842099657));
#2216=CARTESIAN_POINT('',(-45.525699308,-29.487294013,4.813434407));
#2217=CARTESIAN_POINT('',(-45.314459843,-29.273306476,4.784769158));
#2218=CARTESIAN_POINT('',(-45.065569057,-29.097526711,4.756270761));
#2219=CARTESIAN_POINT('',(-44.792348486,-28.973635216,4.727653303));
#2220=CARTESIAN_POINT('',(-44.519127915,-28.849743721,4.699035845));
#2221=CARTESIAN_POINT('',(-44.222656456,-28.77586272,4.670295869));
#2222=CARTESIAN_POINT('',(-43.922662835,-28.754540066,4.641569891));
#2223=CARTESIAN_POINT('',(-43.622669214,-28.733217413,4.612843914));
#2224=CARTESIAN_POINT('',(-43.319140059,-28.764474786,4.584198897));
#2225=CARTESIAN_POINT('',(-43.031909212,-28.850944203,4.555537926));
#2226=CARTESIAN_POINT('',(-42.744678365,-28.93741362,4.526876956));
#2227=CARTESIAN_POINT('',(-42.4734675,-29.077885941,4.498243573));
#2228=CARTESIAN_POINT('',(-42.234146467,-29.260166789,4.469619137));
#2229=CARTESIAN_POINT('',(-41.994825433,-29.442447637,4.440994702));
#2230=CARTESIAN_POINT('',(-41.787411969,-29.666563073,4.412363028));
#2231=CARTESIAN_POINT('',(-41.627803292,-29.920328678,4.383712872));
#2232=CARTESIAN_POINT('',(-41.468194615,-30.174094282,4.355062715));
#2233=CARTESIAN_POINT('',(-41.35741643,-30.458080081,4.326373961));
#2234=CARTESIAN_POINT('',(-41.298265128,-30.752907925,4.29772049));
#2235=CARTESIAN_POINT('',(-41.239113827,-31.047735768,4.26906702));
#2236=CARTESIAN_POINT('',(-41.231616691,-31.353403533,4.240395354));
#2237=CARTESIAN_POINT('',(-41.278514391,-31.649932035,4.211725105));
#2238=CARTESIAN_POINT('',(-41.325412091,-31.946460537,4.183054855));
#2239=CARTESIAN_POINT('',(-41.428511505,-32.23326642,4.154571884));
#2240=CARTESIAN_POINT('',(-41.57857712,-32.493630292,4.126074448));
#2241=CARTESIAN_POINT('',(-41.728642735,-32.753994163,4.097577012));
#2242=CARTESIAN_POINT('',(-41.925285692,-32.987905705,4.068753177));
#2243=CARTESIAN_POINT('',(-42.156113975,-33.180000035,4.03994191));
#2244=CARTESIAN_POINT('',(-42.386942257,-33.372094365,4.011130643));
#2245=CARTESIAN_POINT('',(-42.652859702,-33.520797961,3.982536957));
#2246=CARTESIAN_POINT('',(-42.937482463,-33.617082358,3.953876222));
#2247=CARTESIAN_POINT('',(-43.506727986,-33.809651151,3.896554752));
#2248=CARTESIAN_POINT('',(-44.145925402,-33.796289317,3.839426738));
#2249=CARTESIAN_POINT('',(-44.700229146,-33.566087186,3.782096997));
#2250=CARTESIAN_POINT('',(-45.254532891,-33.335885055,3.724767257));
#2251=CARTESIAN_POINT('',(-45.727386672,-32.902440767,3.667374378));
#2252=CARTESIAN_POINT('',(-45.992566942,-32.364266964,3.610058777));
#2253=CARTESIAN_POINT('',(-46.257747211,-31.826093161,3.552743177));
#2254=CARTESIAN_POINT('',(-46.323919862,-31.188309218,3.495806647));
#2255=CARTESIAN_POINT('',(-46.170526797,-30.608612273,3.438305175));
#2256=CARTESIAN_POINT('',(-46.017133732,-30.028915328,3.380803703));
#2257=CARTESIAN_POINT('',(-45.64347751,-29.507264434,3.323323481));
#2258=CARTESIAN_POINT('',(-45.146280766,-29.171517103,3.266327197));
#2259=CARTESIAN_POINT('',(-44.649084023,-28.835769772,3.209330912));
#2260=CARTESIAN_POINT('',(-44.024581655,-28.69312274,3.151675313));
#2261=CARTESIAN_POINT('',(-43.428828932,-28.767328718,3.094340637));
#2262=CARTESIAN_POINT('',(-42.83307621,-28.841534695,3.037005962));
#2263=CARTESIAN_POINT('',(-42.271004417,-29.146840357,2.979728317));
#2264=CARTESIAN_POINT('',(-41.871940038,-29.595934797,2.922442509));
#2265=CARTESIAN_POINT('',(-41.672407849,-29.820482017,2.893799605));
#2266=CARTESIAN_POINT('',(-41.514926086,-30.081100159,2.865152083));
#2267=CARTESIAN_POINT('',(-41.409688203,-30.362347593,2.836497603));
#2268=CARTESIAN_POINT('',(-41.30445032,-30.643595027,2.807843123));
#2269=CARTESIAN_POINT('',(-41.249678793,-30.94445863,2.77917902));
#2270=CARTESIAN_POINT('',(-41.248041054,-31.245089365,2.750525687));
#2271=CARTESIAN_POINT('',(-41.246403315,-31.545720101,2.721872355));
#2272=CARTESIAN_POINT('',(-41.298625923,-31.845901672,2.693284304));
#2273=CARTESIAN_POINT('',(-41.404728555,-32.126489444,2.664635616));
#2274=CARTESIAN_POINT('',(-41.510831188,-32.407077217,2.635986928));
#2275=CARTESIAN_POINT('',(-41.668652904,-32.66867613,2.607280699));
#2276=CARTESIAN_POINT('',(-41.866026513,-32.895591774,2.578629831));
#2277=CARTESIAN_POINT('',(-42.063400122,-33.122507418,2.549978963));
#2278=CARTESIAN_POINT('',(-42.300513185,-33.314549524,2.521318099));
#2279=CARTESIAN_POINT('',(-42.56495537,-33.456018954,2.492664965));
#2280=CARTESIAN_POINT('',(-42.829397556,-33.597488384,2.46401183));
#2281=CARTESIAN_POINT('',(-43.120499262,-33.689534696,2.435428288));
#2282=CARTESIAN_POINT('',(-43.418581405,-33.729447513,2.406828604));
#2283=CARTESIAN_POINT('',(-43.716663549,-33.76936033,2.37822892));
#2284=CARTESIAN_POINT('',(-44.021726562,-33.757109662,2.349593557));
#2285=CARTESIAN_POINT('',(-44.314053767,-33.68998347,2.320915885));
#2286=CARTESIAN_POINT('',(-44.606380972,-33.622857278,2.292238212));
#2287=CARTESIAN_POINT('',(-44.885675972,-33.499681048,2.263464113));
#2288=CARTESIAN_POINT('',(-45.135958782,-33.332427781,2.234780047));
#2289=CARTESIAN_POINT('',(-45.386241592,-33.165174514,2.20609598));
#2290=CARTESIAN_POINT('',(-45.607411372,-32.953772864,2.177401096));
#2291=CARTESIAN_POINT('',(-45.78339341,-32.710757388,2.148763731));
#2292=CARTESIAN_POINT('',(-45.959375449,-32.467741911,2.120126366));
#2293=CARTESIAN_POINT('',(-46.088405441,-32.19225712,2.09164366));
#2294=CARTESIAN_POINT('',(-46.165529786,-31.902268259,2.062987397));
#2295=CARTESIAN_POINT('',(-46.24265413,-31.612279398,2.034331133));
#2296=CARTESIAN_POINT('',(-46.268965316,-31.30818347,2.0057184));
#2297=CARTESIAN_POINT('',(-46.241434489,-31.009144805,1.977063503));
#2298=CARTESIAN_POINT('',(-46.213903661,-30.710106141,1.948408607));
#2299=CARTESIAN_POINT('',(-46.130212686,-30.416640935,1.919620916));
#2300=CARTESIAN_POINT('',(-45.996483463,-30.146903882,1.891044849));
#2301=CARTESIAN_POINT('',(-45.862754239,-29.87716683,1.862468781));
#2302=CARTESIAN_POINT('',(-45.681242505,-29.630395249,1.834504632));
#2303=CARTESIAN_POINT('',(-45.463194802,-29.423683859,1.806101596));
#2304=CARTESIAN_POINT('',(-45.245147099,-29.216972469,1.777698559));
#2305=CARTESIAN_POINT('',(-44.990299612,-29.051455887,1.748937866));
#2306=CARTESIAN_POINT('',(-44.712764452,-28.938750728,1.719470139));
#2307=CARTESIAN_POINT('',(-44.435229292,-28.826045568,1.690002412));
#2308=CARTESIAN_POINT('',(-44.136508181,-28.759956653,1.662259059));
#2309=CARTESIAN_POINT('',(-43.834896008,-28.749411794,1.63312979));
#2310=CARTESIAN_POINT('',(-43.533283835,-28.738866934,1.60400052));
#2311=CARTESIAN_POINT('',(-43.230256988,-28.783075014,1.574423593));
#2312=CARTESIAN_POINT('',(-42.94627947,-28.877536972,1.547437805));
#2313=CARTESIAN_POINT('',(-42.662301953,-28.971998929,1.520452017));
#2314=CARTESIAN_POINT('',(-42.397718625,-29.118072291,1.49366094));
#2315=CARTESIAN_POINT('',(-42.16750726,-29.309407707,1.46343238));
#2316=CARTESIAN_POINT('',(-41.937295894,-29.500743123,1.433203821));
#2317=CARTESIAN_POINT('',(-41.735556503,-29.73199883,1.404440534));
#2318=CARTESIAN_POINT('',(-41.583379687,-29.994235019,1.375475762));
#2319=CARTESIAN_POINT('',(-41.431202871,-30.256471208,1.346510989));
#2320=CARTESIAN_POINT('',(-41.330391295,-30.546922126,1.317518966));
#2321=CARTESIAN_POINT('',(-41.278980246,-30.842281372,1.290744389));
#2322=CARTESIAN_POINT('',(-41.227569197,-31.137640618,1.263969813));
#2323=CARTESIAN_POINT('',(-41.232808448,-31.439765056,1.234497487));
#2324=CARTESIAN_POINT('',(-41.292530137,-31.732759729,1.20427032));
#2325=CARTESIAN_POINT('',(-41.352251825,-32.025754402,1.174043153));
#2326=CARTESIAN_POINT('',(-41.463524623,-32.31110111,1.146415419));
#2327=CARTESIAN_POINT('',(-41.622761911,-32.56797401,1.117605553));
#2328=CARTESIAN_POINT('',(-41.7819992,-32.82484691,1.088795687));
#2329=CARTESIAN_POINT('',(-41.9864803,-33.053717847,1.060020774));
#2330=CARTESIAN_POINT('',(-42.223826169,-33.237773561,1.031428319));
#2331=CARTESIAN_POINT('',(-42.461172038,-33.421829274,1.002835863));
#2332=CARTESIAN_POINT('',(-42.732443042,-33.559882243,0.975009519));
#2333=CARTESIAN_POINT('',(-43.020627177,-33.645435014,0.947079255));
#2334=CARTESIAN_POINT('',(-43.308811312,-33.730987785,0.91914899));
#2335=CARTESIAN_POINT('',(-43.613074727,-33.764848558,0.890872761));
#2336=CARTESIAN_POINT('',(-43.912921861,-33.74537386,0.861257126));
#2337=CARTESIAN_POINT('',(-44.062845429,-33.735636511,0.846449309));
#2338=CARTESIAN_POINT('',(-44.211789317,-33.713165642,0.831638886));
#2339=CARTESIAN_POINT('',(-44.357547702,-33.677542351,0.816670335));
#2340=CARTESIAN_POINT('',(-44.503306087,-33.64191906,0.801701785));
#2341=CARTESIAN_POINT('',(-44.646859977,-33.595789021,0.788218786));
#2342=CARTESIAN_POINT('',(-44.783931466,-33.53449345,0.773517343));
#2343=CARTESIAN_POINT('',(-45.058074443,-33.411902307,0.744114456));
#2344=CARTESIAN_POINT('',(-45.306675077,-33.235232214,0.715308851));
#2345=CARTESIAN_POINT('',(-45.518079657,-33.021625573,0.687853017));
#2346=CARTESIAN_POINT('',(-45.940888818,-32.594412289,0.632941349));
#2347=CARTESIAN_POINT('',(-46.212395037,-32.015242649,0.575642347));
#2348=CARTESIAN_POINT('',(-46.252431012,-31.414916441,0.515834336));
#2349=CARTESIAN_POINT('',(-46.292466987,-30.814590233,0.456026324));
#2350=CARTESIAN_POINT('',(-46.098887672,-30.2051574,0.404104988));
#2351=CARTESIAN_POINT('',(-45.734532715,-29.727685905,0.346031392));
#2352=CARTESIAN_POINT('',(-45.643443975,-29.608318031,0.331512993));
#2353=CARTESIAN_POINT('',(-45.54189003,-29.497029662,0.316732484));
#2354=CARTESIAN_POINT('',(-45.431097496,-29.395889951,0.301720779));
#2355=CARTESIAN_POINT('',(-45.320304963,-29.294750239,0.286709074));
#2356=CARTESIAN_POINT('',(-45.202671439,-29.199961045,0.27404599));
#2357=CARTESIAN_POINT('',(-45.073967252,-29.122314152,0.257951841));
#2358=CARTESIAN_POINT('',(-45.009615159,-29.083490706,0.249904767));
#2359=CARTESIAN_POINT('',(-44.944845227,-29.045082038,0.243636738));
#2360=CARTESIAN_POINT('',(-44.877568546,-29.011381227,0.236379755));
#2361=CARTESIAN_POINT('',(-44.810291865,-28.977680416,0.229122772));
#2362=CARTESIAN_POINT('',(-44.741213972,-28.94772636,0.221541872));
#2363=CARTESIAN_POINT('',(-44.671405464,-28.919628178,0.214822825));
#2364=CARTESIAN_POINT('',(-44.531788447,-28.863431814,0.201384731));
#2365=CARTESIAN_POINT('',(-44.386105867,-28.82327632,0.186110387));
#2366=CARTESIAN_POINT('',(-44.238670625,-28.794590155,0.171871217));
#2367=CARTESIAN_POINT('',(-43.64892966,-28.679845496,0.114914538));
#2368=CARTESIAN_POINT('',(-43.018908542,-28.780878275,0.059215127));
#2369=CARTESIAN_POINT('',(-42.498556927,-29.082381559,0.000052736));
#2370=B_SPLINE_CURVE_WITH_KNOTS('',3,(#2201,#2202,#2203,#2204,#2205,#2206,#2207,#2208,#2209,#2210,#2211,#2212,#2213,#2214,#2215,#2216,#2217,#2218,#2219,#2220,#2221,#2222,#2223,#2224,#2225,#2226,
#2227,#2228,#2229,#2230,#2231,#2232,#2233,#2234,#2235,#2236,#2237,#2238,#2239,#2240,#2241,#2242,#2243,#2244,#2245,#2246,#2247,#2248,#2249,#2250,#2251,
#2252,#2253,#2254,#2255,#2256,#2257,#2258,#2259,#2260,#2261,#2262,#2263,#2264,#2265,#2266,#2267,#2268,#2269,#2270,#2271,#2272,#2273,#2274,#2275,#2276,
#2277,#2278,#2279,#2280,#2281,#2282,#2283,#2284,#2285,#2286,#2287,#2288,#2289,#2290,#2291,#2292,#2293,#2294,#2295,#2296,#2297,#2298,#2299,#2300,#2301,
#2302,#2303,#2304,#2305,#2306,#2307,#2308,#2309,#2310,#2311,#2312,#2313,#2314,#2315,#2316,#2317,#2318,#2319,#2320,#2321,#2322,#2323,#2324,#2325,#2326,
#2327,#2328,#2329,#2330,#2331,#2332,#2333,#2334,#2335,#2336,#2337,#2338,#2339,#2340,#2341,#2342,#2343,#2344,#2345,#2346,#2347,#2348,#2349,#2350,#2351,
#2352,#2353,#2354,#2355,#2356,#2357,#2358,#2359,#2360,#2361,#2362,#2363,#2364,#2365,#2366,#2367,#2368,#2369),.UNSPECIFIED.,.F.,.F.,(4,3,3,3,3,3,3,3,3,3,3,3,3,3,3,3,3,3,3,3,3,3,3,3,3,3,
3,3,3,3,3,3,3,3,3,3,3,3,3,3,3,3,3,3,3,3,3,3,3,3,3,
3,3,3,3,3,4),(9.773279213,9.954891934,10.136504655,10.318117376,10.408923737,10.499730097,10.590536458,10.681342819,10.772149179,10.86295554,10.9537619,11.044568261,11.135374622,11.226180982,11.316987343,11.407793704,11.589406425,11.771019146,11.952631867,12.134244588,12.31585731,12.497470031,12.588276391,12.679082752,12.769889113,12.860695473,
12.951501834,13.042308195,13.133114555,13.223920916,13.314727276,13.405533637,13.496339998,13.587146358,13.677952719,13.768759079,13.85956544,13.950371801,14.041178161,14.131984522,14.222790882,14.313597243,14.404403604,14.495209964,14.586016325,14.676822686,14.722225866,14.767629046,14.858435407,15.040048128,15.221660849,
15.267064029,15.31246721,15.3351688,15.35787039,15.40327357,15.584886292),.UNSPECIFIED.);
#2371=EDGE_CURVE('',#1927,#427,#2370,.T.);
#2372=ORIENTED_EDGE('',*,*,#2371,.T.);
#2373=ORIENTED_EDGE('',*,*,#544,.T.);
#2374=CARTESIAN_POINT('',(-45.627681598,-27.9434079,5.498292087));
#2375=CARTESIAN_POINT('',(-44.839459812,-27.493801262,5.442525363));
#2376=CARTESIAN_POINT('',(-43.875553316,-27.343582126,5.384054372));
#2377=CARTESIAN_POINT('',(-42.981527745,-27.526627896,5.325929235));
#2378=CARTESIAN_POINT('',(-42.087502173,-27.709673666,5.267804099));
#2379=CARTESIAN_POINT('',(-41.270633384,-28.232784764,5.21192198));
#2380=CARTESIAN_POINT('',(-40.718738558,-28.955363262,5.154748455));
#2381=CARTESIAN_POINT('',(-40.166843732,-29.67794176,5.09757493));
#2382=CARTESIAN_POINT('',(-39.897341493,-30.612933096,5.040182312));
#2383=CARTESIAN_POINT('',(-39.959221001,-31.523671748,4.982837856));
#2384=CARTESIAN_POINT('',(-39.990160755,-31.979041074,4.954165628));
#2385=CARTESIAN_POINT('',(-40.105163185,-32.4267855,4.925521113));
#2386=CARTESIAN_POINT('',(-40.297658979,-32.839810835,4.89689491));
#2387=CARTESIAN_POINT('',(-40.490154774,-33.252836171,4.868268707));
#2388=CARTESIAN_POINT('',(-40.757210534,-33.632049748,4.839654613));
#2389=CARTESIAN_POINT('',(-41.080559843,-33.953718744,4.811030836));
#2390=CARTESIAN_POINT('',(-41.403909153,-34.27538774,4.78240706));
#2391=CARTESIAN_POINT('',(-41.784514474,-34.537979355,4.753524877));
#2392=CARTESIAN_POINT('',(-42.201204041,-34.721884097,4.724847013));
#2393=CARTESIAN_POINT('',(-42.617893607,-34.905788839,4.696169149));
#2394=CARTESIAN_POINT('',(-43.069001844,-35.013901644,4.667676669));
#2395=CARTESIAN_POINT('',(-43.524523096,-35.042046676,4.639148483));
#2396=CARTESIAN_POINT('',(-43.980044347,-35.070191708,4.610620297));
#2397=CARTESIAN_POINT('',(-44.439861266,-35.018036226,4.581958267));
#2398=CARTESIAN_POINT('',(-44.87442926,-34.882689585,4.553330432));
#2399=CARTESIAN_POINT('',(-45.308997253,-34.747342944,4.524702597));
#2400=CARTESIAN_POINT('',(-45.718789807,-34.530468738,4.496038047));
#2401=CARTESIAN_POINT('',(-46.079593195,-34.250508696,4.467361173));
#2402=CARTESIAN_POINT('',(-46.440396582,-33.970548654,4.438684298));
#2403=CARTESIAN_POINT('',(-46.752239874,-33.627544987,4.410021734));
#2404=CARTESIAN_POINT('',(-46.990950909,-33.239957264,4.381388339));
#2405=CARTESIAN_POINT('',(-47.229661945,-32.852369542,4.352754943));
#2406=CARTESIAN_POINT('',(-47.393864965,-32.419420326,4.324185025));
#2407=CARTESIAN_POINT('',(-47.479350333,-31.971136473,4.295550861));
#2408=CARTESIAN_POINT('',(-47.564835701,-31.52285262,4.266916698));
#2409=CARTESIAN_POINT('',(-47.571929239,-31.059386863,4.238300991));
#2410=CARTESIAN_POINT('',(-47.497178603,-30.610319907,4.209682535));
#2411=CARTESIAN_POINT('',(-47.422427968,-30.161252951,4.181064078));
#2412=CARTESIAN_POINT('',(-47.262308804,-29.72730826,4.152145696));
#2413=CARTESIAN_POINT('',(-47.030936393,-29.333899496,4.123292121));
#2414=CARTESIAN_POINT('',(-46.799563982,-28.940490732,4.094438545));
#2415=CARTESIAN_POINT('',(-46.498321074,-28.587214117,4.066119526));
#2416=CARTESIAN_POINT('',(-46.145553204,-28.298624107,4.037702217));
#2417=CARTESIAN_POINT('',(-45.792785334,-28.010034097,4.009284907));
#2418=CARTESIAN_POINT('',(-45.387132521,-27.788815656,3.980562642));
#2419=CARTESIAN_POINT('',(-44.95414418,-27.646200555,3.951934467));
#2420=CARTESIAN_POINT('',(-44.088167497,-27.360970351,3.894678117));
#2421=CARTESIAN_POINT('',(-43.117900879,-27.38830859,3.837150452));
#2422=CARTESIAN_POINT('',(-42.278895017,-27.744619541,3.779937192));
#2423=CARTESIAN_POINT('',(-41.439889156,-28.100930493,3.722723933));
#2424=CARTESIAN_POINT('',(-40.728606505,-28.764053775,3.66556728));
#2425=CARTESIAN_POINT('',(-40.332138165,-29.583346935,3.608288015));
#2426=CARTESIAN_POINT('',(-39.935669825,-30.402640096,3.55100875));
#2427=CARTESIAN_POINT('',(-39.842186639,-31.371744402,3.493215861));
#2428=CARTESIAN_POINT('',(-40.081398694,-32.250380825,3.436253405));
#2429=CARTESIAN_POINT('',(-40.320610749,-33.129017248,3.379290949));
#2430=CARTESIAN_POINT('',(-40.892493035,-33.916115828,3.322231446));
#2431=CARTESIAN_POINT('',(-41.650872592,-34.420467501,3.264501458));
#2432=CARTESIAN_POINT('',(-42.409252149,-34.924819174,3.20677147));
#2433=CARTESIAN_POINT('',(-43.358984787,-35.135773037,3.150058002));
#2434=CARTESIAN_POINT('',(-44.261870538,-35.017011536,3.092815671));
#2435=CARTESIAN_POINT('',(-45.164756289,-34.898250035,3.03557334));
#2436=CARTESIAN_POINT('',(-46.015697261,-34.429987967,2.978272323));
#2437=CARTESIAN_POINT('',(-46.617387521,-33.744502403,2.920981532));
#2438=CARTESIAN_POINT('',(-46.918232651,-33.401759621,2.892336137));
#2439=CARTESIAN_POINT('',(-47.154766104,-33.004635797,2.863691849));
#2440=CARTESIAN_POINT('',(-47.311946524,-32.576799528,2.835060854));
#2441=CARTESIAN_POINT('',(-47.469126943,-32.148963259,2.806429858));
#2442=CARTESIAN_POINT('',(-47.549642513,-31.691976631,2.777804907));
#2443=CARTESIAN_POINT('',(-47.549590584,-31.235798708,2.749167253));
#2444=CARTESIAN_POINT('',(-47.549538656,-30.779620785,2.720529599));
#2445=CARTESIAN_POINT('',(-47.467517574,-30.324586613,2.691793615));
#2446=CARTESIAN_POINT('',(-47.304048514,-29.899472515,2.663157901));
#2447=CARTESIAN_POINT('',(-47.140579454,-29.474358416,2.634522187));
#2448=CARTESIAN_POINT('',(-46.898870497,-29.078347967,2.605970348));
#2449=CARTESIAN_POINT('',(-46.597340975,-28.735660597,2.577333039));
#2450=CARTESIAN_POINT('',(-46.295811453,-28.392973228,2.54869573));
#2451=CARTESIAN_POINT('',(-45.934547433,-28.103653347,2.520068851));
#2452=CARTESIAN_POINT('',(-45.532172139,-27.890907276,2.491432555));
#2453=CARTESIAN_POINT('',(-45.129796846,-27.678161206,2.46279626));
#2454=CARTESIAN_POINT('',(-44.68711024,-27.540619235,2.434054442));
#2455=CARTESIAN_POINT('',(-44.234253919,-27.482310008,2.405343426));
#2456=CARTESIAN_POINT('',(-43.781397597,-27.424000781,2.37663241));
#2457=CARTESIAN_POINT('',(-43.318370802,-27.444884692,2.347977915));
#2458=CARTESIAN_POINT('',(-42.875248185,-27.548999343,2.319380647));
#2459=CARTESIAN_POINT('',(-42.432125568,-27.653113994,2.290783378));
#2460=CARTESIAN_POINT('',(-42.009297762,-27.841926743,2.262325001));
#2461=CARTESIAN_POINT('',(-41.631034371,-28.097394533,2.233722356));
#2462=CARTESIAN_POINT('',(-41.252770981,-28.352862324,2.205119712));
#2463=CARTESIAN_POINT('',(-40.918842238,-28.674569503,2.176527604));
#2464=CARTESIAN_POINT('',(-40.653137436,-29.044370325,2.147870976));
#2465=CARTESIAN_POINT('',(-40.387432635,-29.414171147,2.119214349));
#2466=CARTESIAN_POINT('',(-40.193117627,-29.833975199,2.090344765));
#2467=CARTESIAN_POINT('',(-40.077589471,-30.275489261,2.061742072));
#2468=CARTESIAN_POINT('',(-39.962061315,-30.717003322,2.033139379));
#2469=CARTESIAN_POINT('',(-39.924830748,-31.179667355,2.004473276));
#2470=CARTESIAN_POINT('',(-39.969032853,-31.633145885,1.975841178));
#2471=CARTESIAN_POINT('',(-40.013234958,-32.086624414,1.94720908));
#2472=CARTESIAN_POINT('',(-40.140913326,-32.530579786,1.919042012));
#2473=CARTESIAN_POINT('',(-40.345068584,-32.93820177,1.889949861));
#2474=CARTESIAN_POINT('',(-40.7533791,-33.753445738,1.83176556));
#2475=CARTESIAN_POINT('',(-41.457082927,-34.423341909,1.772827484));
#2476=CARTESIAN_POINT('',(-42.302020235,-34.765018944,1.717614848));
#2477=CARTESIAN_POINT('',(-42.72448889,-34.935857462,1.690008531));
#2478=CARTESIAN_POINT('',(-43.17924307,-35.025215653,1.660329988));
#2479=CARTESIAN_POINT('',(-43.634428307,-35.040186281,1.632320285));
#2480=CARTESIAN_POINT('',(-44.089613544,-35.055156909,1.604310582));
#2481=CARTESIAN_POINT('',(-44.54708241,-34.994119163,1.576725209));
#2482=CARTESIAN_POINT('',(-44.97853729,-34.848561815,1.545700348));
#2483=CARTESIAN_POINT('',(-45.40999217,-34.703004466,1.514675488));
#2484=CARTESIAN_POINT('',(-45.814833737,-34.474106726,1.483630442));
#2485=CARTESIAN_POINT('',(-46.166908395,-34.182387642,1.457434341));
#2486=CARTESIAN_POINT('',(-46.518983053,-33.890668558,1.43123824));
#2487=CARTESIAN_POINT('',(-46.812203194,-33.532437702,1.402781454));
#2488=CARTESIAN_POINT('',(-47.038076542,-33.139144918,1.374386034));
#2489=CARTESIAN_POINT('',(-47.26394989,-32.745852133,1.345990614));
#2490=CARTESIAN_POINT('',(-47.425270024,-32.313685023,1.317667687));
#2491=CARTESIAN_POINT('',(-47.500024267,-31.86409747,1.286324858));
#2492=CARTESIAN_POINT('',(-47.57477851,-31.414509918,1.254982028));
#2493=CARTESIAN_POINT('',(-47.568897065,-30.950408786,1.227705679));
#2494=CARTESIAN_POINT('',(-47.477971539,-30.50368347,1.2014443));
#2495=CARTESIAN_POINT('',(-47.387046014,-30.056958155,1.175182921));
#2496=CARTESIAN_POINT('',(-47.208034024,-29.629830616,1.145103569));
#2497=CARTESIAN_POINT('',(-46.966477955,-29.242753985,1.116650208));
#2498=CARTESIAN_POINT('',(-46.724921886,-28.855677354,1.088196847));
#2499=CARTESIAN_POINT('',(-46.419203406,-28.506992424,1.061279337));
#2500=CARTESIAN_POINT('',(-46.059253025,-28.229334923,1.030958753));
#2501=CARTESIAN_POINT('',(-45.879277835,-28.090506172,1.015798461));
#2502=CARTESIAN_POINT('',(-45.688367412,-27.96593032,1.002443574));
#2503=CARTESIAN_POINT('',(-45.485663729,-27.86339294,0.987441137));
#2504=CARTESIAN_POINT('',(-45.282960045,-27.760855559,0.9724387));
#2505=CARTESIAN_POINT('',(-45.070294239,-27.677559891,0.957417699));
#2506=CARTESIAN_POINT('',(-44.851485049,-27.613592964,0.942555058));
#2507=CARTESIAN_POINT('',(-44.41386667,-27.48565911,0.912829776));
#2508=CARTESIAN_POINT('',(-43.951482652,-27.435045308,0.883720877));
#2509=CARTESIAN_POINT('',(-43.495287915,-27.463737068,0.856562819));
#2510=CARTESIAN_POINT('',(-42.582898441,-27.521120589,0.802246702));
#2511=CARTESIAN_POINT('',(-41.706352942,-27.908542425,0.748357581));
#2512=CARTESIAN_POINT('',(-41.066565469,-28.559832057,0.686831398));
#2513=CARTESIAN_POINT('',(-40.746671733,-28.885476873,0.656068306));
#2514=CARTESIAN_POINT('',(-40.482457281,-29.270377164,0.62589141));
#2515=CARTESIAN_POINT('',(-40.291103991,-29.687398644,0.598113475));
#2516=CARTESIAN_POINT('',(-40.195427346,-29.895909384,0.584224507));
#2517=CARTESIAN_POINT('',(-40.117382859,-30.112299267,0.571426597));
#2518=CARTESIAN_POINT('',(-40.061468552,-30.333480724,0.557806238));
#2519=CARTESIAN_POINT('',(-40.005554245,-30.554662182,0.544185879));
#2520=CARTESIAN_POINT('',(-39.973017881,-30.780263553,0.528880134));
#2521=CARTESIAN_POINT('',(-39.957431427,-31.006017373,0.51536475));
#2522=CARTESIAN_POINT('',(-39.926258521,-31.457525012,0.488333981));
#2523=CARTESIAN_POINT('',(-39.977158988,-31.913878998,0.459764747));
#2524=CARTESIAN_POINT('',(-40.113136367,-32.348643908,0.428839333));
#2525=CARTESIAN_POINT('',(-40.249113747,-32.783408817,0.397913918));
#2526=CARTESIAN_POINT('',(-40.463427462,-33.19652465,0.368265067));
#2527=CARTESIAN_POINT('',(-40.740502392,-33.560962836,0.340278363));
#2528=CARTESIAN_POINT('',(-40.879039858,-33.74318193,0.326285011));
#2529=CARTESIAN_POINT('',(-41.033184061,-33.913310421,0.312746145));
#2530=CARTESIAN_POINT('',(-41.20109303,-34.067764294,0.299409436));
#2531=CARTESIAN_POINT('',(-41.369001999,-34.222218167,0.286072728));
#2532=CARTESIAN_POINT('',(-41.553644171,-34.35634217,0.26984676));
#2533=CARTESIAN_POINT('',(-41.744972938,-34.478904125,0.257647585));
#2534=CARTESIAN_POINT('',(-41.840637322,-34.540185103,0.251547998));
#2535=CARTESIAN_POINT('',(-41.940783724,-34.5940755,0.243387062));
#2536=CARTESIAN_POINT('',(-42.04230585,-34.645033632,0.236253059));
#2537=CARTESIAN_POINT('',(-42.143827976,-34.695991764,0.229119056));
#2538=CARTESIAN_POINT('',(-42.246817876,-34.744637611,0.223312007));
#2539=CARTESIAN_POINT('',(-42.353434215,-34.78436206,0.214843149));
#2540=CARTESIAN_POINT('',(-42.566666891,-34.863810956,0.197905432));
#2541=CARTESIAN_POINT('',(-42.784458492,-34.933446572,0.186328628));
#2542=CARTESIAN_POINT('',(-43.008455061,-34.978049098,0.171838705));
#2543=CARTESIAN_POINT('',(-43.904441337,-35.156459206,0.113879013));
#2544=CARTESIAN_POINT('',(-44.862091753,-34.994594783,0.055069174));
#2545=CARTESIAN_POINT('',(-45.650515723,-34.541902133,-0.000075793));
#2546=B_SPLINE_CURVE_WITH_KNOTS('',3,(#2374,#2375,#2376,#2377,#2378,#2379,#2380,#2381,#2382,#2383,#2384,#2385,#2386,#2387,#2388,#2389,#2390,#2391,#2392,#2393,#2394,#2395,#2396,#2397,#2398,#2399,
#2400,#2401,#2402,#2403,#2404,#2405,#2406,#2407,#2408,#2409,#2410,#2411,#2412,#2413,#2414,#2415,#2416,#2417,#2418,#2419,#2420,#2421,#2422,#2423,#2424,
#2425,#2426,#2427,#2428,#2429,#2430,#2431,#2432,#2433,#2434,#2435,#2436,#2437,#2438,#2439,#2440,#2441,#2442,#2443,#2444,#2445,#2446,#2447,#2448,#2449,
#2450,#2451,#2452,#2453,#2454,#2455,#2456,#2457,#2458,#2459,#2460,#2461,#2462,#2463,#2464,#2465,#2466,#2467,#2468,#2469,#2470,#2471,#2472,#2473,#2474,
#2475,#2476,#2477,#2478,#2479,#2480,#2481,#2482,#2483,#2484,#2485,#2486,#2487,#2488,#2489,#2490,#2491,#2492,#2493,#2494,#2495,#2496,#2497,#2498,#2499,
#2500,#2501,#2502,#2503,#2504,#2505,#2506,#2507,#2508,#2509,#2510,#2511,#2512,#2513,#2514,#2515,#2516,#2517,#2518,#2519,#2520,#2521,#2522,#2523,#2524,
#2525,#2526,#2527,#2528,#2529,#2530,#2531,#2532,#2533,#2534,#2535,#2536,#2537,#2538,#2539,#2540,#2541,#2542,#2543,#2544,#2545),.UNSPECIFIED.,.F.,.F.,(4,3,3,3,3,3,3,3,3,3,3,3,3,3,3,3,3,3,3,3,3,3,3,3,3,3,
3,3,3,3,3,3,3,3,3,3,3,3,3,3,3,3,3,3,3,3,3,3,3,3,3,
3,3,3,3,3,3,4),(4.802176942,5.077134627,5.352092312,5.627049996,5.764528839,5.902007681,6.039486524,6.176965366,6.314444208,6.451923051,6.589401893,6.726880736,6.864359578,7.00183842,7.139317263,7.276796105,7.55175379,7.826711475,8.101669159,8.376626844,8.651584529,8.926542214,9.064021056,9.201499899,9.338978741,9.476457583,
9.613936426,9.751415268,9.88889411,10.026372953,10.163851795,10.301330638,10.43880948,10.576288322,10.851246007,10.98872485,11.126203692,11.263682534,11.401161377,11.538640219,11.676119061,11.813597904,11.951076746,12.019816167,12.088555589,12.226034431,12.500992116,12.638470958,12.707210379,12.775949801,12.913428643,
13.050907485,13.119646907,13.188386328,13.222756038,13.257125749,13.32586517,13.600822855),.UNSPECIFIED.);
#2547=EDGE_CURVE('',#1981,#425,#2546,.T.);
#2548=ORIENTED_EDGE('',*,*,#2547,.F.);
#2549=ORIENTED_EDGE('',*,*,#1985,.F.);
#2550=EDGE_LOOP('',(#2200,#2372,#2373,#2548,#2549));
#2551=FACE_BOUND('',#2550,.T.);
#2552=ADVANCED_FACE('',(#2551),#2199,.F.);
#2553=CARTESIAN_POINT('',(-42.498579898,-29.082211034,-0.));
#2554=CARTESIAN_POINT('',(-42.54552316,-29.055023473,0.005176629));
#2555=CARTESIAN_POINT('',(-43.026448513,-28.797256512,0.057224736));
#2556=CARTESIAN_POINT('',(-44.094898319,-28.620579733,0.156144319));
#2557=CARTESIAN_POINT('',(-45.497932175,-29.254782156,0.296758751));
#2558=CARTESIAN_POINT('',(-46.310988082,-30.562940816,0.437373183));
#2559=CARTESIAN_POINT('',(-46.262721677,-32.099644227,0.577987615));
#2560=CARTESIAN_POINT('',(-45.364215415,-33.355832692,0.718602047));
#2561=CARTESIAN_POINT('',(-43.928337823,-33.891162408,0.859216479));
#2562=CARTESIAN_POINT('',(-42.028564277,-33.469621603,1.036286504));
#2563=CARTESIAN_POINT('',(-40.737985657,-31.256144016,1.249812123));
#2564=CARTESIAN_POINT('',(-42.248307377,-28.639901807,1.499793335));
#2565=CARTESIAN_POINT('',(-44.994629858,-28.648556887,1.72894278));
#2566=CARTESIAN_POINT('',(-46.428288848,-30.533147547,1.937260457));
#2567=CARTESIAN_POINT('',(-46.155949936,-32.632661184,2.124746366));
#2568=CARTESIAN_POINT('',(-44.47060538,-33.930965486,2.312232275));
#2569=CARTESIAN_POINT('',(-42.365634973,-33.654288661,2.499718184));
#2570=CARTESIAN_POINT('',(-41.070169281,-31.971917377,2.687204093));
#2571=CARTESIAN_POINT('',(-41.345009537,-29.865375033,2.874690003));
#2572=CARTESIAN_POINT('',(-43.02802787,-28.570580679,3.062175912));
#2573=CARTESIAN_POINT('',(-45.134240822,-28.84459374,3.249661821));
#2574=CARTESIAN_POINT('',(-46.429317178,-30.528002082,3.43714773));
#2575=CARTESIAN_POINT('',(-46.155712538,-32.633497727,3.624633639));
#2576=CARTESIAN_POINT('',(-44.471969277,-33.93007962,3.812119549));
#2577=CARTESIAN_POINT('',(-42.718332436,-33.700109667,3.968357806));
#2578=CARTESIAN_POINT('',(-41.717377318,-32.815051398,4.093348412));
#2579=CARTESIAN_POINT('',(-41.117684426,-31.621416098,4.218339018));
#2580=CARTESIAN_POINT('',(-41.343351918,-29.8667186,4.374577276));
#2581=CARTESIAN_POINT('',(-43.026955587,-28.570975511,4.562063185));
#2582=CARTESIAN_POINT('',(-45.132978098,-28.843831879,4.749549095));
#2583=CARTESIAN_POINT('',(-46.42904013,-30.527034203,4.937035004));
#2584=CARTESIAN_POINT('',(-46.156419036,-32.632445545,5.124520913));
#2585=CARTESIAN_POINT('',(-44.473406641,-33.929514078,5.312006822));
#2586=CARTESIAN_POINT('',(-42.368118368,-33.655349912,5.499492731));
#2587=CARTESIAN_POINT('',(-41.070061794,-31.975811881,5.68697864));
#2588=CARTESIAN_POINT('',(-41.345407229,-29.864668485,5.87446455));
#2589=CARTESIAN_POINT('',(-43.01539562,-28.581296587,6.061186607));
#2590=CARTESIAN_POINT('',(-44.416080863,-28.745884827,6.185413361));
#2591=CARTESIAN_POINT('',(-44.977584947,-29.06321966,6.247144812));
#2592=CARTESIAN_POINT('',(-42.288840123,-28.70357772,-0.249468445));
#2593=CARTESIAN_POINT('',(-42.343982922,-28.671833019,-0.244291816));
#2594=CARTESIAN_POINT('',(-42.908847579,-28.370969163,-0.19224371));
#2595=CARTESIAN_POINT('',(-44.16257068,-28.167012302,-0.093324126));
#2596=CARTESIAN_POINT('',(-45.806247336,-28.915157268,0.047290306));
#2597=CARTESIAN_POINT('',(-46.755879158,-30.451980362,0.187904738));
#2598=CARTESIAN_POINT('',(-46.694568752,-32.254229332,0.32851917));
#2599=CARTESIAN_POINT('',(-45.636871291,-33.72486336,0.469133602));
#2600=CARTESIAN_POINT('',(-43.951096173,-34.348359642,0.609748034));
#2601=CARTESIAN_POINT('',(-41.724143855,-33.848127481,0.786818059));
#2602=CARTESIAN_POINT('',(-40.217195507,-31.247995638,1.000343678));
#2603=CARTESIAN_POINT('',(-41.996648104,-28.184029352,1.25032489));
#2604=CARTESIAN_POINT('',(-45.217778878,-28.202577053,1.479474335));
#2605=CARTESIAN_POINT('',(-46.893551372,-30.417395223,1.687792011));
#2606=CARTESIAN_POINT('',(-46.567707654,-32.879077177,1.875277921));
#2607=CARTESIAN_POINT('',(-44.586998463,-34.396703212,2.06276383));
#2608=CARTESIAN_POINT('',(-42.118929419,-34.065752724,2.250249739));
#2609=CARTESIAN_POINT('',(-40.604623766,-32.088541464,2.437735648));
#2610=CARTESIAN_POINT('',(-40.933424916,-29.618622004,2.625221557));
#2611=CARTESIAN_POINT('',(-42.911393065,-28.105106366,2.812707467));
#2612=CARTESIAN_POINT('',(-45.3809287,-28.432935854,3.000193376));
#2613=CARTESIAN_POINT('',(-46.894773911,-30.411362754,3.187679285));
#2614=CARTESIAN_POINT('',(-46.56742565,-32.880057654,3.375165194));
#2615=CARTESIAN_POINT('',(-44.588601308,-34.395668872,3.562651103));
#2616=CARTESIAN_POINT('',(-42.532467581,-34.120573379,3.718889361));
#2617=CARTESIAN_POINT('',(-41.361155217,-33.079431042,3.843879967));
#2618=CARTESIAN_POINT('',(-40.66142459,-31.677584222,3.968870573));
#2619=CARTESIAN_POINT('',(-40.931477823,-29.620193736,4.125108831));
#2620=CARTESIAN_POINT('',(-42.91013366,-28.10556539,4.31259474));
#2621=CARTESIAN_POINT('',(-45.379450254,-28.432038581,4.500080649));
#2622=CARTESIAN_POINT('',(-46.894451188,-30.410226781,4.687566558));
#2623=CARTESIAN_POINT('',(-46.568258568,-32.878826002,4.875052468));
#2624=CARTESIAN_POINT('',(-44.590288425,-34.395009155,5.062538377));
#2625=CARTESIAN_POINT('',(-42.121839065,-34.067005391,5.250024286));
#2626=CARTESIAN_POINT('',(-40.604485568,-32.093108452,5.437510195));
#2627=CARTESIAN_POINT('',(-40.933893884,-29.617795432,5.624996104));
#2628=CARTESIAN_POINT('',(-42.896544107,-28.11763568,5.811718162));
#2629=CARTESIAN_POINT('',(-44.538901682,-28.314964187,5.935944916));
#2630=CARTESIAN_POINT('',(-45.196518458,-28.688882749,5.997676367));
#2631=CARTESIAN_POINT('',(-42.077545209,-28.325954883,-0.499133819));
#2632=CARTESIAN_POINT('',(-42.140865599,-28.289619368,-0.49395719));
#2633=CARTESIAN_POINT('',(-42.789460088,-27.945312821,-0.441909083));
#2634=CARTESIAN_POINT('',(-44.228284066,-27.71329224,-0.3429895));
#2635=CARTESIAN_POINT('',(-46.113018061,-28.574316922,-0.202375068));
#2636=CARTESIAN_POINT('',(-47.200161986,-30.339151781,-0.061760636));
#2637=CARTESIAN_POINT('',(-47.126946477,-32.406922228,0.078853796));
#2638=CARTESIAN_POINT('',(-45.911022315,-34.092617338,0.219468228));
#2639=CARTESIAN_POINT('',(-43.975801743,-34.8053223,0.36008266));
#2640=CARTESIAN_POINT('',(-41.421433234,-34.227819216,0.537152685));
#2641=CARTESIAN_POINT('',(-39.696526744,-31.242076575,0.750678304));
#2642=CARTESIAN_POINT('',(-41.743116561,-27.729369036,1.000659516));
#2643=CARTESIAN_POINT('',(-45.438954224,-27.755778736,1.229808961));
#2644=CARTESIAN_POINT('',(-47.358179983,-30.299688291,1.438126638));
#2645=CARTESIAN_POINT('',(-46.980393142,-33.12365957,1.625612547));
#2646=CARTESIAN_POINT('',(-44.705347895,-34.861802933,1.813098456));
#2647=CARTESIAN_POINT('',(-41.87405637,-34.478147446,2.000584365));
#2648=CARTESIAN_POINT('',(-40.13971715,-32.207120118,2.188070274));
#2649=CARTESIAN_POINT('',(-40.520909489,-29.373702507,2.375556184));
#2650=CARTESIAN_POINT('',(-42.79280399,-27.640270667,2.563042093));
#2651=CARTESIAN_POINT('',(-45.62578276,-28.02034772,2.750528002));
#2652=CARTESIAN_POINT('',(-47.359592011,-30.292768914,2.938013911));
#2653=CARTESIAN_POINT('',(-46.980068452,-33.12478409,3.12549982));
#2654=CARTESIAN_POINT('',(-44.707188431,-34.860618476,3.312985729));
#2655=CARTESIAN_POINT('',(-42.348455319,-34.541706514,3.469223987));
#2656=CARTESIAN_POINT('',(-41.006170111,-33.345253222,3.594214593));
#2657=CARTESIAN_POINT('',(-40.205544192,-31.735685693,3.719205199));
#2658=CARTESIAN_POINT('',(-40.518672388,-29.375502382,3.875443457));
#2659=CARTESIAN_POINT('',(-42.791358469,-27.640795683,4.062929366));
#2660=CARTESIAN_POINT('',(-45.624087727,-28.019315776,4.250415275));
#2661=CARTESIAN_POINT('',(-47.359223852,-30.29146496,4.437901185));
#2662=CARTESIAN_POINT('',(-46.981025629,-33.123372118,4.625387094));
#2663=CARTESIAN_POINT('',(-44.709125467,-34.859864557,4.812873003));
#2664=CARTESIAN_POINT('',(-41.877392798,-34.47958922,5.000358912));
#2665=CARTESIAN_POINT('',(-40.13955141,-32.212360212,5.187844821));
#2666=CARTESIAN_POINT('',(-40.521448733,-29.37275446,5.37533073));
#2667=CARTESIAN_POINT('',(-42.775746553,-27.654623256,5.562052788));
#2668=CARTESIAN_POINT('',(-44.659844071,-27.883648801,5.686279542));
#2669=CARTESIAN_POINT('',(-45.413786473,-28.313723025,5.748010993));
#2670=CARTESIAN_POINT('',(-41.865897787,-27.948542876,-0.748816372));
#2671=CARTESIAN_POINT('',(-41.937391188,-27.907608913,-0.743639743));
#2672=CARTESIAN_POINT('',(-42.669671995,-27.519781416,-0.691591637));
#2673=CARTESIAN_POINT('',(-44.293565146,-27.259522262,-0.592672053));
#2674=CARTESIAN_POINT('',(-46.419456981,-28.233194848,-0.452057621));
#2675=CARTESIAN_POINT('',(-47.644325584,-30.225904727,-0.311443189));
#2676=CARTESIAN_POINT('',(-47.559457232,-32.559200718,-0.170828757));
#2677=CARTESIAN_POINT('',(-46.185514764,-34.460101053,-0.030214325));
#2678=CARTESIAN_POINT('',(-44.000940205,-35.262249123,0.110400107));
#2679=CARTESIAN_POINT('',(-41.1190913,-34.607787355,0.287470132));
#2680=CARTESIAN_POINT('',(-39.175866414,-31.236652012,0.500995751));
#2681=CARTESIAN_POINT('',(-41.489160699,-27.274961487,0.750976963));
#2682=CARTESIAN_POINT('',(-45.659699462,-27.308783116,0.980126408));
#2683=CARTESIAN_POINT('',(-47.822684499,-30.181543442,1.188444085));
#2684=CARTESIAN_POINT('',(-47.393298919,-33.367843845,1.375929994));
#2685=CARTESIAN_POINT('',(-44.824135652,-35.326777536,1.563415903));
#2686=CARTESIAN_POINT('',(-41.629581182,-34.890763253,1.750901812));
#2687=CARTESIAN_POINT('',(-39.674935859,-32.326136613,1.938387721));
#2688=CARTESIAN_POINT('',(-40.108172937,-29.12918115,2.12587363));
#2689=CARTESIAN_POINT('',(-42.673777141,-27.175560201,2.31335954));
#2690=CARTESIAN_POINT('',(-45.870238612,-27.607538609,2.500845449));
#2691=CARTESIAN_POINT('',(-47.824284877,-30.173737211,2.688331358));
#2692=CARTESIAN_POINT('',(-47.392932103,-33.369112444,2.875817267));
#2693=CARTESIAN_POINT('',(-44.826213555,-35.325442516,3.063303176));
#2694=CARTESIAN_POINT('',(-42.164847508,-34.963003245,3.219541434));
#2695=CARTESIAN_POINT('',(-40.651446868,-33.611404818,3.34453204));
#2696=CARTESIAN_POINT('',(-39.749732058,-31.794218199,3.469522646));
#2697=CARTESIAN_POINT('',(-40.105645538,-29.131209029,3.625760904));
#2698=CARTESIAN_POINT('',(-42.672145784,-27.176151726,3.813246813));
#2699=CARTESIAN_POINT('',(-45.868326759,-27.60637213,4.000732722));
#2700=CARTESIAN_POINT('',(-47.823871435,-30.172265289,4.188218631));
#2701=CARTESIAN_POINT('',(-47.394012924,-33.367519905,4.375704541));
#2702=CARTESIAN_POINT('',(-44.828400615,-35.3245945,4.56319045));
#2703=CARTESIAN_POINT('',(-41.633344511,-34.892393583,4.750676359));
#2704=CARTESIAN_POINT('',(-39.674743305,-32.332050051,4.938162268));
#2705=CARTESIAN_POINT('',(-40.108782198,-29.128111171,5.125648177));
#2706=CARTESIAN_POINT('',(-42.654512945,-27.191738419,5.312370235));
#2707=CARTESIAN_POINT('',(-44.780374011,-27.452230621,5.436596989));
#2708=CARTESIAN_POINT('',(-45.630692697,-27.938367495,5.49832844));
#2709=B_SPLINE_SURFACE_WITH_KNOTS('',3,3,((#2553,#2554,#2555,#2556,#2557,#2558,#2559,#2560,#2561,#2562,#2563,#2564,#2565,#2566,#2567,#2568,#2569,#2570,#2571,#2572,#2573,#2574,#2575,#2576,#2577,#2578,
#2579,#2580,#2581,#2582,#2583,#2584,#2585,#2586,#2587,#2588,#2589,#2590,#2591),(#2592,#2593,#2594,#2595,#2596,#2597,#2598,#2599,#2600,#2601,#2602,#2603,#2604,#2605,#2606,#2607,#2608,#2609,#2610,#2611,#2612,#2613,#2614,#2615,#2616,#2617,
#2618,#2619,#2620,#2621,#2622,#2623,#2624,#2625,#2626,#2627,#2628,#2629,#2630),(#2631,#2632,#2633,#2634,#2635,#2636,#2637,#2638,#2639,#2640,#2641,#2642,#2643,#2644,#2645,#2646,#2647,#2648,#2649,#2650,#2651,#2652,#2653,#2654,#2655,#2656,
#2657,#2658,#2659,#2660,#2661,#2662,#2663,#2664,#2665,#2666,#2667,#2668,#2669),(#2670,#2671,#2672,#2673,#2674,#2675,#2676,#2677,#2678,#2679,#2680,#2681,#2682,#2683,#2684,#2685,#2686,#2687,#2688,#2689,#2690,#2691,#2692,#2693,#2694,#2695,
#2696,#2697,#2698,#2699,#2700,#2701,#2702,#2703,#2704,#2705,#2706,#2707,#2708)),.UNSPECIFIED.,.F.,.F.,.U.,(4,4),(4,1,1,1,1,1,1,1,1,1,1,1,1,1,1,1,1,1,1,1,1,1,1,1,1,1,
1,1,1,1,1,1,1,1,1,1,4),(0.170679769,0.320537433),(7.339034499,7.40408594,7.993090295,8.58209465,9.171099005,9.76010336,10.349107715,10.93811207,11.527116425,12.574235278,13.621354131,14.668472984,15.453812124,16.239151264,17.024490404,17.809829544,18.595168684,19.380507824,20.165846964,20.951186104,21.736525244,22.521864384,23.307203524,24.092542664,24.485212234,24.877881804,
25.663220944,26.448560083,27.233899223,28.019238363,28.804577503,29.589916643,30.375255783,31.160594923,31.945934063,32.731273203,33.507013496),.UNSPECIFIED.);
#2710=ORIENTED_EDGE('',*,*,#2028,.T.);
#2711=ORIENTED_EDGE('',*,*,#2547,.T.);
#2712=ORIENTED_EDGE('',*,*,#478,.T.);
#2713=ORIENTED_EDGE('',*,*,#2371,.F.);
#2714=EDGE_LOOP('',(#2710,#2711,#2712,#2713));
#2715=FACE_BOUND('',#2714,.T.);
#2716=ADVANCED_FACE('',(#2715),#2709,.F.);
#2717=CARTESIAN_POINT('',(-8.150574189,-34.542001671,-0.000009183));
#2718=CARTESIAN_POINT('',(-8.079244059,-34.583316794,0.005170507));
#2719=CARTESIAN_POINT('',(-7.348859311,-34.974808029,0.057221674));
#2720=CARTESIAN_POINT('',(-5.726225101,-35.243125885,0.156144319));
#2721=CARTESIAN_POINT('',(-3.595534633,-34.279999483,0.296758751));
#2722=CARTESIAN_POINT('',(-2.360796973,-32.293396693,0.437373183));
#2723=CARTESIAN_POINT('',(-2.434102594,-29.959692584,0.577987615));
#2724=CARTESIAN_POINT('',(-3.798594133,-28.052028393,0.718602046));
#2725=CARTESIAN_POINT('',(-5.979175959,-27.239026245,0.859216478));
#2726=CARTESIAN_POINT('',(-8.864226126,-27.879226404,1.036286504));
#2727=CARTESIAN_POINT('',(-10.824125492,-31.240666285,1.249812122));
#2728=CARTESIAN_POINT('',(-8.530544388,-35.213765558,1.499793335));
#2729=CARTESIAN_POINT('',(-4.359848985,-35.200660567,1.728942779));
#2730=CARTESIAN_POINT('',(-2.182673726,-32.338627485,1.937260456));
#2731=CARTESIAN_POINT('',(-2.596233959,-29.150248476,2.124746365));
#2732=CARTESIAN_POINT('',(-5.155670524,-27.178597545,2.312232275));
#2733=CARTESIAN_POINT('',(-8.352339592,-27.598767942,2.499718184));
#2734=CARTESIAN_POINT('',(-10.319680013,-30.153673144,2.687204093));
#2735=CARTESIAN_POINT('',(-9.902296757,-33.352736448,2.874690002));
#2736=CARTESIAN_POINT('',(-7.346411051,-35.319054317,3.062175911));
#2737=CARTESIAN_POINT('',(-4.1478458,-34.902928809,3.24966182));
#2738=CARTESIAN_POINT('',(-2.181102384,-32.346449335,3.43714773));
#2739=CARTESIAN_POINT('',(-2.596603298,-29.148976202,3.624633639));
#2740=CARTESIAN_POINT('',(-5.153599705,-27.179939956,3.812119548));
#2741=CARTESIAN_POINT('',(-7.816712847,-27.529191287,3.968357806));
#2742=CARTESIAN_POINT('',(-9.336819112,-28.873254604,4.093348412));
#2743=CARTESIAN_POINT('',(-10.247507224,-30.685958886,4.218339018));
#2744=CARTESIAN_POINT('',(-9.904824797,-33.350703042,4.374577276));
#2745=CARTESIAN_POINT('',(-7.348033013,-35.318449542,4.562063185));
#2746=CARTESIAN_POINT('',(-4.14976518,-34.904085173,4.749549094));
#2747=CARTESIAN_POINT('',(-2.181528379,-32.347920551,4.937035003));
#2748=CARTESIAN_POINT('',(-2.595523189,-29.150572103,5.124520912));
#2749=CARTESIAN_POINT('',(-5.15141566,-27.180802705,5.312006822));
#2750=CARTESIAN_POINT('',(-8.348569222,-27.597156163,5.499492731));
#2751=CARTESIAN_POINT('',(-10.319841841,-30.147757775,5.68697864));
#2752=CARTESIAN_POINT('',(-9.901693892,-33.353814499,5.874464549));
#2753=CARTESIAN_POINT('',(-7.355225459,-35.310748228,6.061950458));
#2754=CARTESIAN_POINT('',(-5.209502706,-35.049366126,6.18710304));
#2755=CARTESIAN_POINT('',(-4.349731603,-34.550289442,6.249760318));
#2756=CARTESIAN_POINT('',(-4.347510447,-34.548996824,6.249922293));
#2757=CARTESIAN_POINT('',(-7.931421826,-34.168897587,-0.249691735));
#2758=CARTESIAN_POINT('',(-7.868175891,-34.205448924,-0.244512046));
#2759=CARTESIAN_POINT('',(-7.220596192,-34.551753259,-0.192460878));
#2760=CARTESIAN_POINT('',(-5.782436537,-34.788143099,-0.093538234));
#2761=CARTESIAN_POINT('',(-3.895103892,-33.93282956,0.047076198));
#2762=CARTESIAN_POINT('',(-2.802612108,-32.171306517,0.18769063));
#2763=CARTESIAN_POINT('',(-2.869566075,-30.103309309,0.328305062));
#2764=CARTESIAN_POINT('',(-4.080367085,-28.413958852,0.468919494));
#2765=CARTESIAN_POINT('',(-6.013428623,-27.695361943,0.609533925));
#2766=CARTESIAN_POINT('',(-8.569527932,-28.265152783,0.786603951));
#2767=CARTESIAN_POINT('',(-10.303463466,-31.245633963,1.00012957));
#2768=CARTESIAN_POINT('',(-8.267566324,-34.764519763,1.250110782));
#2769=CARTESIAN_POINT('',(-4.571630865,-34.749344375,1.479260226));
#2770=CARTESIAN_POINT('',(-2.644725303,-32.211237005,1.687577903));
#2771=CARTESIAN_POINT('',(-3.013934105,-29.386142176,1.875063812));
#2772=CARTESIAN_POINT('',(-5.283713476,-27.641108933,2.062549722));
#2773=CARTESIAN_POINT('',(-8.116149241,-28.016180971,2.250035631));
#2774=CARTESIAN_POINT('',(-9.857366329,-30.28194249,2.43752154));
#2775=CARTESIAN_POINT('',(-9.484762233,-33.116501552,2.625007449));
#2776=CARTESIAN_POINT('',(-7.218132631,-34.856812101,2.812493358));
#2777=CARTESIAN_POINT('',(-4.384013901,-34.485322692,2.999979268));
#2778=CARTESIAN_POINT('',(-2.643326701,-32.21816687,3.187465177));
#2779=CARTESIAN_POINT('',(-3.01426176,-29.385014935,3.374951086));
#2780=CARTESIAN_POINT('',(-5.281877475,-27.642297197,3.562436995));
#2781=CARTESIAN_POINT('',(-7.641552214,-27.954065994,3.718675253));
#2782=CARTESIAN_POINT('',(-8.98747756,-29.146434327,3.843665859));
#2783=CARTESIAN_POINT('',(-9.792953483,-30.75357647,3.968656465));
#2784=CARTESIAN_POINT('',(-9.487005023,-33.114702591,4.124894723));
#2785=CARTESIAN_POINT('',(-7.219570204,-34.856276913,4.312380632));
#2786=CARTESIAN_POINT('',(-4.385713985,-34.486349222,4.499866541));
#2787=CARTESIAN_POINT('',(-2.643702406,-32.219470965,4.68735245));
#2788=CARTESIAN_POINT('',(-3.013303962,-29.38642859,4.874838359));
#2789=CARTESIAN_POINT('',(-5.279941041,-27.643059245,5.062324269));
#2790=CARTESIAN_POINT('',(-8.112809474,-28.014749697,5.249810178));
#2791=CARTESIAN_POINT('',(-9.857514693,-30.276700186,5.437296087));
#2792=CARTESIAN_POINT('',(-9.484227217,-33.117457085,5.624781996));
#2793=CARTESIAN_POINT('',(-7.22595099,-34.849458501,5.812267905));
#2794=CARTESIAN_POINT('',(-5.324697678,-34.615997439,5.937420487));
#2795=CARTESIAN_POINT('',(-4.56322,-34.172996406,6.000077765));
#2796=CARTESIAN_POINT('',(-4.561252781,-34.171849029,6.00023974));
#2797=CARTESIAN_POINT('',(-7.711909631,-33.795991561,-0.499357109));
#2798=CARTESIAN_POINT('',(-7.656743586,-33.827771315,-0.494177419));
#2799=CARTESIAN_POINT('',(-7.091928256,-34.128808976,-0.442126252));
#2800=CARTESIAN_POINT('',(-5.838217743,-34.333094919,-0.343203608));
#2801=CARTESIAN_POINT('',(-4.194351674,-33.585366192,-0.202589176));
#2802=CARTESIAN_POINT('',(-3.244323106,-32.048793869,-0.061974744));
#2803=CARTESIAN_POINT('',(-3.305177366,-30.246516677,0.078639688));
#2804=CARTESIAN_POINT('',(-4.362490937,-28.775631473,0.21925412));
#2805=CARTESIAN_POINT('',(-6.048115168,-28.151677364,0.359868552));
#2806=CARTESIAN_POINT('',(-8.275188306,-28.651368612,0.536938577));
#2807=CARTESIAN_POINT('',(-9.78279209,-31.251096099,0.750464196));
#2808=CARTESIAN_POINT('',(-8.004155183,-34.315511354,1.000445408));
#2809=CARTESIAN_POINT('',(-4.782989964,-34.297815574,1.229594853));
#2810=CARTESIAN_POINT('',(-3.106668614,-32.083404473,1.437912529));
#2811=CARTESIAN_POINT('',(-3.431868649,-29.621645879,1.625398439));
#2812=CARTESIAN_POINT('',(-5.412198965,-28.103511037,1.812884348));
#2813=CARTESIAN_POINT('',(-7.880348549,-28.433829199,2.000370257));
#2814=CARTESIAN_POINT('',(-9.395162183,-30.410653891,2.187856166));
#2815=CARTESIAN_POINT('',(-9.066992444,-32.880656596,2.375342075));
#2816=CARTESIAN_POINT('',(-7.089412236,-34.394679331,2.562827985));
#2817=CARTESIAN_POINT('',(-4.619791981,-34.067481457,2.750313894));
#2818=CARTESIAN_POINT('',(-3.105441584,-32.08944234,2.937799803));
#2819=CARTESIAN_POINT('',(-3.432155191,-29.620663771,3.125285712));
#2820=CARTESIAN_POINT('',(-5.410597493,-28.104544675,3.312771621));
#2821=CARTESIAN_POINT('',(-7.466789838,-28.379118693,3.469009879));
#2822=CARTESIAN_POINT('',(-8.63838589,-29.419952632,3.594000485));
#2823=CARTESIAN_POINT('',(-9.338452503,-30.821627315,3.718991091));
#2824=CARTESIAN_POINT('',(-9.068949726,-32.879091873,3.875229349));
#2825=CARTESIAN_POINT('',(-7.090665654,-34.394214284,4.062715258));
#2826=CARTESIAN_POINT('',(-4.621272535,-34.068378268,4.250201167));
#2827=CARTESIAN_POINT('',(-3.105767162,-32.090579362,4.437687076));
#2828=CARTESIAN_POINT('',(-3.431319099,-29.621894865,4.625172986));
#2829=CARTESIAN_POINT('',(-5.408908742,-28.105206157,4.812658895));
#2830=CARTESIAN_POINT('',(-7.877439536,-28.432577874,5.000144804));
#2831=CARTESIAN_POINT('',(-9.395297783,-30.40608493,5.187630713));
#2832=CARTESIAN_POINT('',(-9.066525069,-32.88148912,5.375116622));
#2833=CARTESIAN_POINT('',(-7.09623531,-34.388279499,5.562602532));
#2834=CARTESIAN_POINT('',(-5.439484593,-34.18250812,5.687755113));
#2835=CARTESIAN_POINT('',(-4.776356176,-33.795490878,5.750412391));
#2836=CARTESIAN_POINT('',(-4.774643038,-33.794488507,5.750574366));
#2837=CARTESIAN_POINT('',(-7.490740581,-33.423918757,-0.748825554));
#2838=CARTESIAN_POINT('',(-7.443636308,-33.450891022,-0.743645865));
#2839=CARTESIAN_POINT('',(-6.961415192,-33.706295246,-0.691594697));
#2840=CARTESIAN_POINT('',(-5.892068702,-33.877679422,-0.592672053));
#2841=CARTESIAN_POINT('',(-4.492198203,-33.236524779,-0.452057621));
#2842=CARTESIAN_POINT('',(-3.685635177,-31.924357517,-0.311443189));
#2843=CARTESIAN_POINT('',(-3.741524338,-30.387901767,-0.170828757));
#2844=CARTESIAN_POINT('',(-4.646241359,-29.136199736,-0.030214325));
#2845=CARTESIAN_POINT('',(-6.084762876,-28.607973967,0.110400106));
#2846=CARTESIAN_POINT('',(-7.982417643,-29.038951264,0.287470132));
#2847=CARTESIAN_POINT('',(-9.261995909,-31.258787304,0.500995751));
#2848=CARTESIAN_POINT('',(-7.738749828,-33.867501655,0.750976963));
#2849=CARTESIAN_POINT('',(-4.992477405,-33.845256032,0.980126407));
#2850=CARTESIAN_POINT('',(-3.568197098,-31.953559515,1.188444084));
#2851=CARTESIAN_POINT('',(-3.850927062,-29.855429163,1.375929993));
#2852=CARTESIAN_POINT('',(-5.542699151,-28.565494403,1.563415903));
#2853=CARTESIAN_POINT('',(-7.646266752,-28.852604086,1.750901812));
#2854=CARTESIAN_POINT('',(-8.933377926,-30.541378295,1.938387721));
#2855=CARTESIAN_POINT('',(-8.648095701,-32.64653155,2.12587363));
#2856=CARTESIAN_POINT('',(-6.958679188,-33.932966194,2.313359539));
#2857=CARTESIAN_POINT('',(-4.853849785,-33.648513794,2.500845449));
#2858=CARTESIAN_POINT('',(-3.567136866,-31.958704909,2.688331358));
#2859=CARTESIAN_POINT('',(-3.851174417,-29.854592603,2.875817267));
#2860=CARTESIAN_POINT('',(-5.541331178,-28.566371592,3.063303176));
#2861=CARTESIAN_POINT('',(-7.293794956,-28.805040636,3.219541434));
#2862=CARTESIAN_POINT('',(-8.290364936,-29.695040824,3.34453204));
#2863=CARTESIAN_POINT('',(-8.884115885,-30.891641636,3.469522646));
#2864=CARTESIAN_POINT('',(-8.649767,-32.645200848,3.625760904));
#2865=CARTESIAN_POINT('',(-6.959749191,-33.932573257,3.813246813));
#2866=CARTESIAN_POINT('',(-4.855109881,-33.649281502,4.000732722));
#2867=CARTESIAN_POINT('',(-3.567412571,-31.959675064,4.188218631));
#2868=CARTESIAN_POINT('',(-3.850457978,-29.855639944,4.37570454));
#2869=CARTESIAN_POINT('',(-5.539890214,-28.566932563,4.56319045));
#2870=CARTESIAN_POINT('',(-7.643789305,-28.851530454,4.750676359));
#2871=CARTESIAN_POINT('',(-8.933503799,-30.537483678,4.938162268));
#2872=CARTESIAN_POINT('',(-8.647695207,-32.647239456,5.125648177));
#2873=CARTESIAN_POINT('',(-6.964510408,-33.927525586,5.313134086));
#2874=CARTESIAN_POINT('',(-5.552450448,-33.748405728,5.438286668));
#2875=CARTESIAN_POINT('',(-4.987938618,-33.416967294,5.500943946));
#2876=CARTESIAN_POINT('',(-4.986480254,-33.41610888,5.501105921));
#2877=B_SPLINE_SURFACE_WITH_KNOTS('',3,3,((#2717,#2718,#2719,#2720,#2721,#2722,#2723,#2724,#2725,#2726,#2727,#2728,#2729,#2730,#2731,#2732,#2733,#2734,#2735,#2736,#2737,#2738,#2739,#2740,#2741,#2742,
#2743,#2744,#2745,#2746,#2747,#2748,#2749,#2750,#2751,#2752,#2753,#2754,#2755,#2756),(#2757,#2758,#2759,#2760,#2761,#2762,#2763,#2764,#2765,#2766,#2767,#2768,#2769,#2770,#2771,#2772,#2773,#2774,#2775,#2776,#2777,#2778,#2779,#2780,#2781,#2782,
#2783,#2784,#2785,#2786,#2787,#2788,#2789,#2790,#2791,#2792,#2793,#2794,#2795,#2796),(#2797,#2798,#2799,#2800,#2801,#2802,#2803,#2804,#2805,#2806,#2807,#2808,#2809,#2810,#2811,#2812,#2813,#2814,#2815,#2816,#2817,#2818,#2819,#2820,#2821,#2822,
#2823,#2824,#2825,#2826,#2827,#2828,#2829,#2830,#2831,#2832,#2833,#2834,#2835,#2836),(#2837,#2838,#2839,#2840,#2841,#2842,#2843,#2844,#2845,#2846,#2847,#2848,#2849,#2850,#2851,#2852,#2853,#2854,#2855,#2856,#2857,#2858,#2859,#2860,#2861,#2862,
#2863,#2864,#2865,#2866,#2867,#2868,#2869,#2870,#2871,#2872,#2873,#2874,#2875,#2876)),.UNSPECIFIED.,.F.,.F.,.U.,(4,4),(4,1,1,1,1,1,1,1,1,1,1,1,1,1,1,1,1,1,1,1,1,1,1,1,1,1,
1,1,1,1,1,1,1,1,1,1,1,4),(-0.043409303,0.10644836),(10.468243376,10.533333278,11.122337633,11.711341988,12.300346343,12.889350698,13.478355053,14.067359408,14.656363763,15.703482616,16.750601469,17.797720323,18.583059463,19.368398603,20.153737742,20.939076882,21.724416022,22.509755162,23.295094302,24.080433442,24.865772582,25.651111722,26.436450862,27.221790002,27.614459572,28.007129142,
28.792468282,29.577807422,30.363146562,31.148485702,31.933824842,32.719163981,33.504503121,34.289842261,35.075181401,35.860520541,36.645859681,36.647895121),.UNSPECIFIED.);
#2878=ORIENTED_EDGE('',*,*,#1870,.T.);
#2879=CARTESIAN_POINT('',(-4.986480254,-33.416108881,5.501105921));
#2880=CARTESIAN_POINT('',(-5.505021989,-33.71894057,5.442440429));
#2881=CARTESIAN_POINT('',(-6.13912314,-33.820720992,5.386189954));
#2882=CARTESIAN_POINT('',(-6.728206339,-33.707653636,5.329519768));
#2883=CARTESIAN_POINT('',(-7.317289539,-33.594586279,5.272849583));
#2884=CARTESIAN_POINT('',(-7.86079717,-33.255158616,5.21460046));
#2885=CARTESIAN_POINT('',(-8.230225779,-32.781771163,5.157181773));
#2886=CARTESIAN_POINT('',(-8.599654387,-32.308383711,5.099763086));
#2887=CARTESIAN_POINT('',(-8.782118458,-31.695643819,5.042815822));
#2888=CARTESIAN_POINT('',(-8.747835052,-31.095912295,4.985359226));
#2889=CARTESIAN_POINT('',(-8.730693349,-30.796046533,4.956630928));
#2890=CARTESIAN_POINT('',(-8.658743546,-30.500135574,4.928096889));
#2891=CARTESIAN_POINT('',(-8.534741531,-30.22657691,4.899435513));
#2892=CARTESIAN_POINT('',(-8.410739516,-29.953018245,4.870774137));
#2893=CARTESIAN_POINT('',(-8.236938773,-29.70128155,4.842099657));
#2894=CARTESIAN_POINT('',(-8.025699308,-29.487294013,4.813434407));
#2895=CARTESIAN_POINT('',(-7.814459843,-29.273306476,4.784769158));
#2896=CARTESIAN_POINT('',(-7.565569057,-29.097526711,4.756270761));
#2897=CARTESIAN_POINT('',(-7.292348486,-28.973635216,4.727653303));
#2898=CARTESIAN_POINT('',(-7.019127915,-28.849743721,4.699035845));
#2899=CARTESIAN_POINT('',(-6.722656456,-28.77586272,4.670295869));
#2900=CARTESIAN_POINT('',(-6.422662835,-28.754540066,4.641569891));
#2901=CARTESIAN_POINT('',(-6.122669214,-28.733217413,4.612843914));
#2902=CARTESIAN_POINT('',(-5.819140059,-28.764474786,4.584198897));
#2903=CARTESIAN_POINT('',(-5.531909212,-28.850944203,4.555537926));
#2904=CARTESIAN_POINT('',(-5.244678365,-28.93741362,4.526876956));
#2905=CARTESIAN_POINT('',(-4.9734675,-29.077885941,4.498243573));
#2906=CARTESIAN_POINT('',(-4.734146467,-29.260166789,4.469619137));
#2907=CARTESIAN_POINT('',(-4.494825433,-29.442447637,4.440994702));
#2908=CARTESIAN_POINT('',(-4.287411969,-29.666563073,4.412363028));
#2909=CARTESIAN_POINT('',(-4.127803292,-29.920328678,4.383712872));
#2910=CARTESIAN_POINT('',(-3.968194615,-30.174094282,4.355062715));
#2911=CARTESIAN_POINT('',(-3.85741643,-30.458080081,4.326373961));
#2912=CARTESIAN_POINT('',(-3.798265128,-30.752907925,4.29772049));
#2913=CARTESIAN_POINT('',(-3.739113827,-31.047735768,4.26906702));
#2914=CARTESIAN_POINT('',(-3.731616691,-31.353403533,4.240395354));
#2915=CARTESIAN_POINT('',(-3.778514391,-31.649932035,4.211725105));
#2916=CARTESIAN_POINT('',(-3.825412091,-31.946460537,4.183054855));
#2917=CARTESIAN_POINT('',(-3.928511505,-32.23326642,4.154571884));
#2918=CARTESIAN_POINT('',(-4.07857712,-32.493630292,4.126074448));
#2919=CARTESIAN_POINT('',(-4.228642735,-32.753994163,4.097577012));
#2920=CARTESIAN_POINT('',(-4.425285692,-32.987905705,4.068753177));
#2921=CARTESIAN_POINT('',(-4.656113975,-33.180000035,4.03994191));
#2922=CARTESIAN_POINT('',(-4.886942257,-33.372094365,4.011130643));
#2923=CARTESIAN_POINT('',(-5.152859702,-33.520797961,3.982536957));
#2924=CARTESIAN_POINT('',(-5.437482463,-33.617082358,3.953876222));
#2925=CARTESIAN_POINT('',(-6.006727986,-33.809651151,3.896554752));
#2926=CARTESIAN_POINT('',(-6.645925402,-33.796289317,3.839426738));
#2927=CARTESIAN_POINT('',(-7.200229146,-33.566087186,3.782096997));
#2928=CARTESIAN_POINT('',(-7.754532891,-33.335885055,3.724767257));
#2929=CARTESIAN_POINT('',(-8.227386672,-32.902440767,3.667374378));
#2930=CARTESIAN_POINT('',(-8.492566942,-32.364266964,3.610058777));
#2931=CARTESIAN_POINT('',(-8.757747211,-31.826093161,3.552743177));
#2932=CARTESIAN_POINT('',(-8.823919862,-31.188309218,3.495806647));
#2933=CARTESIAN_POINT('',(-8.670526797,-30.608612273,3.438305175));
#2934=CARTESIAN_POINT('',(-8.517133732,-30.028915328,3.380803703));
#2935=CARTESIAN_POINT('',(-8.14347751,-29.507264434,3.323323481));
#2936=CARTESIAN_POINT('',(-7.646280766,-29.171517103,3.266327197));
#2937=CARTESIAN_POINT('',(-7.149084023,-28.835769772,3.209330912));
#2938=CARTESIAN_POINT('',(-6.524581655,-28.69312274,3.151675313));
#2939=CARTESIAN_POINT('',(-5.928828932,-28.767328718,3.094340637));
#2940=CARTESIAN_POINT('',(-5.33307621,-28.841534695,3.037005962));
#2941=CARTESIAN_POINT('',(-4.771004417,-29.146840357,2.979728317));
#2942=CARTESIAN_POINT('',(-4.371940038,-29.595934797,2.922442509));
#2943=CARTESIAN_POINT('',(-4.172407849,-29.820482017,2.893799605));
#2944=CARTESIAN_POINT('',(-4.014926086,-30.081100159,2.865152083));
#2945=CARTESIAN_POINT('',(-3.909688203,-30.362347593,2.836497603));
#2946=CARTESIAN_POINT('',(-3.80445032,-30.643595027,2.807843123));
#2947=CARTESIAN_POINT('',(-3.749678793,-30.94445863,2.77917902));
#2948=CARTESIAN_POINT('',(-3.748041054,-31.245089365,2.750525687));
#2949=CARTESIAN_POINT('',(-3.746403315,-31.545720101,2.721872355));
#2950=CARTESIAN_POINT('',(-3.798625923,-31.845901672,2.693284304));
#2951=CARTESIAN_POINT('',(-3.904728555,-32.126489444,2.664635616));
#2952=CARTESIAN_POINT('',(-4.010831188,-32.407077217,2.635986928));
#2953=CARTESIAN_POINT('',(-4.168652904,-32.66867613,2.607280699));
#2954=CARTESIAN_POINT('',(-4.366026513,-32.895591774,2.578629831));
#2955=CARTESIAN_POINT('',(-4.563400122,-33.122507418,2.549978963));
#2956=CARTESIAN_POINT('',(-4.800513185,-33.314549524,2.521318099));
#2957=CARTESIAN_POINT('',(-5.06495537,-33.456018954,2.492664965));
#2958=CARTESIAN_POINT('',(-5.329397556,-33.597488384,2.46401183));
#2959=CARTESIAN_POINT('',(-5.620499262,-33.689534696,2.435428288));
#2960=CARTESIAN_POINT('',(-5.918581405,-33.729447513,2.406828604));
#2961=CARTESIAN_POINT('',(-6.216663549,-33.76936033,2.37822892));
#2962=CARTESIAN_POINT('',(-6.521726562,-33.757109662,2.349593557));
#2963=CARTESIAN_POINT('',(-6.814053767,-33.68998347,2.320915885));
#2964=CARTESIAN_POINT('',(-7.106380972,-33.622857278,2.292238212));
#2965=CARTESIAN_POINT('',(-7.385675972,-33.499681048,2.263464113));
#2966=CARTESIAN_POINT('',(-7.635958782,-33.332427781,2.234780047));
#2967=CARTESIAN_POINT('',(-7.886241592,-33.165174514,2.20609598));
#2968=CARTESIAN_POINT('',(-8.107411372,-32.953772864,2.177401096));
#2969=CARTESIAN_POINT('',(-8.28339341,-32.710757388,2.148763731));
#2970=CARTESIAN_POINT('',(-8.459375449,-32.467741911,2.120126366));
#2971=CARTESIAN_POINT('',(-8.588405441,-32.19225712,2.09164366));
#2972=CARTESIAN_POINT('',(-8.665529786,-31.902268259,2.062987397));
#2973=CARTESIAN_POINT('',(-8.74265413,-31.612279398,2.034331133));
#2974=CARTESIAN_POINT('',(-8.768965316,-31.30818347,2.0057184));
#2975=CARTESIAN_POINT('',(-8.741434489,-31.009144805,1.977063503));
#2976=CARTESIAN_POINT('',(-8.713903661,-30.710106141,1.948408607));
#2977=CARTESIAN_POINT('',(-8.630212686,-30.416640935,1.919620916));
#2978=CARTESIAN_POINT('',(-8.496483463,-30.146903882,1.891044849));
#2979=CARTESIAN_POINT('',(-8.362754239,-29.87716683,1.862468781));
#2980=CARTESIAN_POINT('',(-8.181242505,-29.630395249,1.834504632));
#2981=CARTESIAN_POINT('',(-7.963194802,-29.423683859,1.806101596));
#2982=CARTESIAN_POINT('',(-7.745147099,-29.216972469,1.777698559));
#2983=CARTESIAN_POINT('',(-7.490299612,-29.051455887,1.748937866));
#2984=CARTESIAN_POINT('',(-7.212764452,-28.938750728,1.719470139));
#2985=CARTESIAN_POINT('',(-6.935229292,-28.826045568,1.690002412));
#2986=CARTESIAN_POINT('',(-6.636508181,-28.759956653,1.662259059));
#2987=CARTESIAN_POINT('',(-6.334896008,-28.749411794,1.63312979));
#2988=CARTESIAN_POINT('',(-6.033283835,-28.738866934,1.60400052));
#2989=CARTESIAN_POINT('',(-5.730256988,-28.783075014,1.574423593));
#2990=CARTESIAN_POINT('',(-5.44627947,-28.877536972,1.547437805));
#2991=CARTESIAN_POINT('',(-5.162301953,-28.971998929,1.520452017));
#2992=CARTESIAN_POINT('',(-4.897718625,-29.118072291,1.49366094));
#2993=CARTESIAN_POINT('',(-4.66750726,-29.309407707,1.46343238));
#2994=CARTESIAN_POINT('',(-4.437295894,-29.500743123,1.433203821));
#2995=CARTESIAN_POINT('',(-4.235556503,-29.73199883,1.404440534));
#2996=CARTESIAN_POINT('',(-4.083379687,-29.994235019,1.375475762));
#2997=CARTESIAN_POINT('',(-3.931202871,-30.256471208,1.346510989));
#2998=CARTESIAN_POINT('',(-3.830391295,-30.546922126,1.317518966));
#2999=CARTESIAN_POINT('',(-3.778980246,-30.842281372,1.290744389));
#3000=CARTESIAN_POINT('',(-3.727569197,-31.137640618,1.263969813));
#3001=CARTESIAN_POINT('',(-3.732808448,-31.439765056,1.234497487));
#3002=CARTESIAN_POINT('',(-3.792530137,-31.732759729,1.20427032));
#3003=CARTESIAN_POINT('',(-3.852251825,-32.025754402,1.174043153));
#3004=CARTESIAN_POINT('',(-3.963524623,-32.31110111,1.146415419));
#3005=CARTESIAN_POINT('',(-4.122761911,-32.56797401,1.117605553));
#3006=CARTESIAN_POINT('',(-4.2819992,-32.82484691,1.088795687));
#3007=CARTESIAN_POINT('',(-4.4864803,-33.053717847,1.060020774));
#3008=CARTESIAN_POINT('',(-4.723826169,-33.237773561,1.031428319));
#3009=CARTESIAN_POINT('',(-4.961172038,-33.421829274,1.002835863));
#3010=CARTESIAN_POINT('',(-5.232443042,-33.559882243,0.975009519));
#3011=CARTESIAN_POINT('',(-5.520627177,-33.645435014,0.947079255));
#3012=CARTESIAN_POINT('',(-5.808811312,-33.730987785,0.91914899));
#3013=CARTESIAN_POINT('',(-6.113074727,-33.764848558,0.890872761));
#3014=CARTESIAN_POINT('',(-6.412921861,-33.74537386,0.861257126));
#3015=CARTESIAN_POINT('',(-6.562845429,-33.735636511,0.846449309));
#3016=CARTESIAN_POINT('',(-6.711789317,-33.713165642,0.831638886));
#3017=CARTESIAN_POINT('',(-6.857547702,-33.677542351,0.816670335));
#3018=CARTESIAN_POINT('',(-7.003306087,-33.64191906,0.801701785));
#3019=CARTESIAN_POINT('',(-7.146859977,-33.595789021,0.788218786));
#3020=CARTESIAN_POINT('',(-7.283931466,-33.53449345,0.773517343));
#3021=CARTESIAN_POINT('',(-7.558074443,-33.411902307,0.744114456));
#3022=CARTESIAN_POINT('',(-7.806675077,-33.235232214,0.715308851));
#3023=CARTESIAN_POINT('',(-8.018079657,-33.021625573,0.687853017));
#3024=CARTESIAN_POINT('',(-8.440888818,-32.594412289,0.632941349));
#3025=CARTESIAN_POINT('',(-8.712395037,-32.015242649,0.575642347));
#3026=CARTESIAN_POINT('',(-8.752431012,-31.414916441,0.515834336));
#3027=CARTESIAN_POINT('',(-8.792466987,-30.814590233,0.456026324));
#3028=CARTESIAN_POINT('',(-8.598887672,-30.2051574,0.404104988));
#3029=CARTESIAN_POINT('',(-8.234532715,-29.727685905,0.346031392));
#3030=CARTESIAN_POINT('',(-8.143443975,-29.608318031,0.331512993));
#3031=CARTESIAN_POINT('',(-8.04189003,-29.497029662,0.316732484));
#3032=CARTESIAN_POINT('',(-7.931097496,-29.395889951,0.301720779));
#3033=CARTESIAN_POINT('',(-7.820304963,-29.294750239,0.286709074));
#3034=CARTESIAN_POINT('',(-7.702671439,-29.199961045,0.27404599));
#3035=CARTESIAN_POINT('',(-7.573967252,-29.122314152,0.257951841));
#3036=CARTESIAN_POINT('',(-7.509615159,-29.083490706,0.249904767));
#3037=CARTESIAN_POINT('',(-7.444845227,-29.045082038,0.243636738));
#3038=CARTESIAN_POINT('',(-7.377568546,-29.011381227,0.236379755));
#3039=CARTESIAN_POINT('',(-7.310291865,-28.977680416,0.229122772));
#3040=CARTESIAN_POINT('',(-7.241213972,-28.94772636,0.221541872));
#3041=CARTESIAN_POINT('',(-7.171405464,-28.919628178,0.214822825));
#3042=CARTESIAN_POINT('',(-7.031788447,-28.863431814,0.201384731));
#3043=CARTESIAN_POINT('',(-6.886105867,-28.82327632,0.186110387));
#3044=CARTESIAN_POINT('',(-6.738670625,-28.794590155,0.171871217));
#3045=CARTESIAN_POINT('',(-6.14892966,-28.679845496,0.114914538));
#3046=CARTESIAN_POINT('',(-5.518908542,-28.780878275,0.059215127));
#3047=CARTESIAN_POINT('',(-4.998556927,-29.082381559,0.000052736));
#3048=B_SPLINE_CURVE_WITH_KNOTS('',3,(#2879,#2880,#2881,#2882,#2883,#2884,#2885,#2886,#2887,#2888,#2889,#2890,#2891,#2892,#2893,#2894,#2895,#2896,#2897,#2898,#2899,#2900,#2901,#2902,#2903,#2904,
#2905,#2906,#2907,#2908,#2909,#2910,#2911,#2912,#2913,#2914,#2915,#2916,#2917,#2918,#2919,#2920,#2921,#2922,#2923,#2924,#2925,#2926,#2927,#2928,#2929,
#2930,#2931,#2932,#2933,#2934,#2935,#2936,#2937,#2938,#2939,#2940,#2941,#2942,#2943,#2944,#2945,#2946,#2947,#2948,#2949,#2950,#2951,#2952,#2953,#2954,
#2955,#2956,#2957,#2958,#2959,#2960,#2961,#2962,#2963,#2964,#2965,#2966,#2967,#2968,#2969,#2970,#2971,#2972,#2973,#2974,#2975,#2976,#2977,#2978,#2979,
#2980,#2981,#2982,#2983,#2984,#2985,#2986,#2987,#2988,#2989,#2990,#2991,#2992,#2993,#2994,#2995,#2996,#2997,#2998,#2999,#3000,#3001,#3002,#3003,#3004,
#3005,#3006,#3007,#3008,#3009,#3010,#3011,#3012,#3013,#3014,#3015,#3016,#3017,#3018,#3019,#3020,#3021,#3022,#3023,#3024,#3025,#3026,#3027,#3028,#3029,
#3030,#3031,#3032,#3033,#3034,#3035,#3036,#3037,#3038,#3039,#3040,#3041,#3042,#3043,#3044,#3045,#3046,#3047),.UNSPECIFIED.,.F.,.F.,(4,3,3,3,3,3,3,3,3,3,3,3,3,3,3,3,3,3,3,3,3,3,3,3,3,3,
3,3,3,3,3,3,3,3,3,3,3,3,3,3,3,3,3,3,3,3,3,3,3,3,3,
3,3,3,3,3,4),(9.773279213,9.954891934,10.136504655,10.318117376,10.408923737,10.499730097,10.590536458,10.681342819,10.772149179,10.86295554,10.9537619,11.044568261,11.135374622,11.226180982,11.316987343,11.407793704,11.589406425,11.771019146,11.952631867,12.134244588,12.31585731,12.497470031,12.588276391,12.679082752,12.769889113,12.860695473,
12.951501834,13.042308195,13.133114555,13.223920916,13.314727276,13.405533637,13.496339998,13.587146358,13.677952719,13.768759079,13.85956544,13.950371801,14.041178161,14.131984522,14.222790882,14.313597243,14.404403604,14.495209964,14.586016325,14.676822686,14.722225866,14.767629046,14.858435407,15.040048128,15.221660849,
15.267064029,15.31246721,15.3351688,15.35787039,15.40327357,15.584886292),.UNSPECIFIED.);
#3049=EDGE_CURVE('',#1819,#581,#3048,.T.);
#3050=ORIENTED_EDGE('',*,*,#3049,.T.);
#3051=ORIENTED_EDGE('',*,*,#698,.T.);
#3052=CARTESIAN_POINT('',(-8.127681598,-27.9434079,5.498292087));
#3053=CARTESIAN_POINT('',(-7.339459812,-27.493801262,5.442525363));
#3054=CARTESIAN_POINT('',(-6.375553316,-27.343582126,5.384054372));
#3055=CARTESIAN_POINT('',(-5.481527745,-27.526627896,5.325929235));
#3056=CARTESIAN_POINT('',(-4.587502173,-27.709673666,5.267804099));
#3057=CARTESIAN_POINT('',(-3.770633384,-28.232784764,5.21192198));
#3058=CARTESIAN_POINT('',(-3.218738558,-28.955363262,5.154748455));
#3059=CARTESIAN_POINT('',(-2.666843732,-29.67794176,5.09757493));
#3060=CARTESIAN_POINT('',(-2.397341493,-30.612933096,5.040182312));
#3061=CARTESIAN_POINT('',(-2.459221001,-31.523671748,4.982837856));
#3062=CARTESIAN_POINT('',(-2.490160755,-31.979041074,4.954165628));
#3063=CARTESIAN_POINT('',(-2.605163185,-32.4267855,4.925521113));
#3064=CARTESIAN_POINT('',(-2.797658979,-32.839810835,4.89689491));
#3065=CARTESIAN_POINT('',(-2.990154774,-33.252836171,4.868268707));
#3066=CARTESIAN_POINT('',(-3.257210534,-33.632049748,4.839654613));
#3067=CARTESIAN_POINT('',(-3.580559843,-33.953718744,4.811030836));
#3068=CARTESIAN_POINT('',(-3.903909153,-34.27538774,4.78240706));
#3069=CARTESIAN_POINT('',(-4.284514474,-34.537979355,4.753524877));
#3070=CARTESIAN_POINT('',(-4.701204041,-34.721884097,4.724847013));
#3071=CARTESIAN_POINT('',(-5.117893607,-34.905788839,4.696169149));
#3072=CARTESIAN_POINT('',(-5.569001844,-35.013901644,4.667676669));
#3073=CARTESIAN_POINT('',(-6.024523096,-35.042046676,4.639148483));
#3074=CARTESIAN_POINT('',(-6.480044347,-35.070191708,4.610620297));
#3075=CARTESIAN_POINT('',(-6.939861266,-35.018036226,4.581958267));
#3076=CARTESIAN_POINT('',(-7.37442926,-34.882689585,4.553330432));
#3077=CARTESIAN_POINT('',(-7.808997253,-34.747342944,4.524702597));
#3078=CARTESIAN_POINT('',(-8.218789807,-34.530468738,4.496038047));
#3079=CARTESIAN_POINT('',(-8.579593195,-34.250508696,4.467361173));
#3080=CARTESIAN_POINT('',(-8.940396582,-33.970548654,4.438684298));
#3081=CARTESIAN_POINT('',(-9.252239874,-33.627544987,4.410021734));
#3082=CARTESIAN_POINT('',(-9.490950909,-33.239957264,4.381388339));
#3083=CARTESIAN_POINT('',(-9.729661945,-32.852369542,4.352754943));
#3084=CARTESIAN_POINT('',(-9.893864965,-32.419420326,4.324185025));
#3085=CARTESIAN_POINT('',(-9.979350333,-31.971136473,4.295550861));
#3086=CARTESIAN_POINT('',(-10.064835701,-31.52285262,4.266916698));
#3087=CARTESIAN_POINT('',(-10.071929239,-31.059386863,4.238300991));
#3088=CARTESIAN_POINT('',(-9.997178603,-30.610319907,4.209682535));
#3089=CARTESIAN_POINT('',(-9.922427968,-30.161252951,4.181064078));
#3090=CARTESIAN_POINT('',(-9.762308804,-29.72730826,4.152145696));
#3091=CARTESIAN_POINT('',(-9.530936393,-29.333899496,4.123292121));
#3092=CARTESIAN_POINT('',(-9.299563982,-28.940490732,4.094438545));
#3093=CARTESIAN_POINT('',(-8.998321074,-28.587214117,4.066119526));
#3094=CARTESIAN_POINT('',(-8.645553204,-28.298624107,4.037702217));
#3095=CARTESIAN_POINT('',(-8.292785334,-28.010034097,4.009284907));
#3096=CARTESIAN_POINT('',(-7.887132521,-27.788815656,3.980562642));
#3097=CARTESIAN_POINT('',(-7.45414418,-27.646200555,3.951934467));
#3098=CARTESIAN_POINT('',(-6.588167497,-27.360970351,3.894678117));
#3099=CARTESIAN_POINT('',(-5.617900879,-27.38830859,3.837150452));
#3100=CARTESIAN_POINT('',(-4.778895017,-27.744619541,3.779937192));
#3101=CARTESIAN_POINT('',(-3.939889156,-28.100930493,3.722723933));
#3102=CARTESIAN_POINT('',(-3.228606505,-28.764053775,3.66556728));
#3103=CARTESIAN_POINT('',(-2.832138165,-29.583346935,3.608288015));
#3104=CARTESIAN_POINT('',(-2.435669825,-30.402640096,3.55100875));
#3105=CARTESIAN_POINT('',(-2.342186639,-31.371744402,3.493215861));
#3106=CARTESIAN_POINT('',(-2.581398694,-32.250380825,3.436253405));
#3107=CARTESIAN_POINT('',(-2.820610749,-33.129017248,3.379290949));
#3108=CARTESIAN_POINT('',(-3.392493035,-33.916115828,3.322231446));
#3109=CARTESIAN_POINT('',(-4.150872592,-34.420467501,3.264501458));
#3110=CARTESIAN_POINT('',(-4.909252149,-34.924819174,3.20677147));
#3111=CARTESIAN_POINT('',(-5.858984787,-35.135773037,3.150058002));
#3112=CARTESIAN_POINT('',(-6.761870538,-35.017011536,3.092815671));
#3113=CARTESIAN_POINT('',(-7.664756289,-34.898250035,3.03557334));
#3114=CARTESIAN_POINT('',(-8.515697261,-34.429987967,2.978272323));
#3115=CARTESIAN_POINT('',(-9.117387521,-33.744502403,2.920981532));
#3116=CARTESIAN_POINT('',(-9.418232651,-33.401759621,2.892336137));
#3117=CARTESIAN_POINT('',(-9.654766104,-33.004635797,2.863691849));
#3118=CARTESIAN_POINT('',(-9.811946524,-32.576799528,2.835060854));
#3119=CARTESIAN_POINT('',(-9.969126943,-32.148963259,2.806429858));
#3120=CARTESIAN_POINT('',(-10.049642513,-31.691976631,2.777804907));
#3121=CARTESIAN_POINT('',(-10.049590584,-31.235798708,2.749167253));
#3122=CARTESIAN_POINT('',(-10.049538656,-30.779620785,2.720529599));
#3123=CARTESIAN_POINT('',(-9.967517574,-30.324586613,2.691793615));
#3124=CARTESIAN_POINT('',(-9.804048514,-29.899472515,2.663157901));
#3125=CARTESIAN_POINT('',(-9.640579454,-29.474358416,2.634522187));
#3126=CARTESIAN_POINT('',(-9.398870497,-29.078347967,2.605970348));
#3127=CARTESIAN_POINT('',(-9.097340975,-28.735660597,2.577333039));
#3128=CARTESIAN_POINT('',(-8.795811453,-28.392973228,2.54869573));
#3129=CARTESIAN_POINT('',(-8.434547433,-28.103653347,2.520068851));
#3130=CARTESIAN_POINT('',(-8.032172139,-27.890907276,2.491432555));
#3131=CARTESIAN_POINT('',(-7.629796846,-27.678161206,2.46279626));
#3132=CARTESIAN_POINT('',(-7.18711024,-27.540619235,2.434054442));
#3133=CARTESIAN_POINT('',(-6.734253919,-27.482310008,2.405343426));
#3134=CARTESIAN_POINT('',(-6.281397597,-27.424000781,2.37663241));
#3135=CARTESIAN_POINT('',(-5.818370802,-27.444884692,2.347977915));
#3136=CARTESIAN_POINT('',(-5.375248185,-27.548999343,2.319380647));
#3137=CARTESIAN_POINT('',(-4.932125568,-27.653113994,2.290783378));
#3138=CARTESIAN_POINT('',(-4.509297762,-27.841926743,2.262325001));
#3139=CARTESIAN_POINT('',(-4.131034371,-28.097394533,2.233722356));
#3140=CARTESIAN_POINT('',(-3.752770981,-28.352862324,2.205119712));
#3141=CARTESIAN_POINT('',(-3.418842238,-28.674569503,2.176527604));
#3142=CARTESIAN_POINT('',(-3.153137436,-29.044370325,2.147870976));
#3143=CARTESIAN_POINT('',(-2.887432635,-29.414171147,2.119214349));
#3144=CARTESIAN_POINT('',(-2.693117627,-29.833975199,2.090344765));
#3145=CARTESIAN_POINT('',(-2.577589471,-30.275489261,2.061742072));
#3146=CARTESIAN_POINT('',(-2.462061315,-30.717003322,2.033139379));
#3147=CARTESIAN_POINT('',(-2.424830748,-31.179667355,2.004473276));
#3148=CARTESIAN_POINT('',(-2.469032853,-31.633145885,1.975841178));
#3149=CARTESIAN_POINT('',(-2.513234958,-32.086624414,1.94720908));
#3150=CARTESIAN_POINT('',(-2.640913326,-32.530579786,1.919042012));
#3151=CARTESIAN_POINT('',(-2.845068584,-32.93820177,1.889949861));
#3152=CARTESIAN_POINT('',(-3.2533791,-33.753445738,1.83176556));
#3153=CARTESIAN_POINT('',(-3.957082927,-34.423341909,1.772827484));
#3154=CARTESIAN_POINT('',(-4.802020235,-34.765018944,1.717614848));
#3155=CARTESIAN_POINT('',(-5.22448889,-34.935857462,1.690008531));
#3156=CARTESIAN_POINT('',(-5.67924307,-35.025215653,1.660329988));
#3157=CARTESIAN_POINT('',(-6.134428307,-35.040186281,1.632320285));
#3158=CARTESIAN_POINT('',(-6.589613544,-35.055156909,1.604310582));
#3159=CARTESIAN_POINT('',(-7.04708241,-34.994119163,1.576725209));
#3160=CARTESIAN_POINT('',(-7.47853729,-34.848561815,1.545700348));
#3161=CARTESIAN_POINT('',(-7.90999217,-34.703004466,1.514675488));
#3162=CARTESIAN_POINT('',(-8.314833737,-34.474106726,1.483630442));
#3163=CARTESIAN_POINT('',(-8.666908395,-34.182387642,1.457434341));
#3164=CARTESIAN_POINT('',(-9.018983053,-33.890668558,1.43123824));
#3165=CARTESIAN_POINT('',(-9.312203194,-33.532437702,1.402781454));
#3166=CARTESIAN_POINT('',(-9.538076542,-33.139144918,1.374386034));
#3167=CARTESIAN_POINT('',(-9.76394989,-32.745852133,1.345990614));
#3168=CARTESIAN_POINT('',(-9.925270024,-32.313685023,1.317667687));
#3169=CARTESIAN_POINT('',(-10.000024267,-31.86409747,1.286324858));
#3170=CARTESIAN_POINT('',(-10.07477851,-31.414509918,1.254982028));
#3171=CARTESIAN_POINT('',(-10.068897065,-30.950408786,1.227705679));
#3172=CARTESIAN_POINT('',(-9.977971539,-30.50368347,1.2014443));
#3173=CARTESIAN_POINT('',(-9.887046014,-30.056958155,1.175182921));
#3174=CARTESIAN_POINT('',(-9.708034024,-29.629830616,1.145103569));
#3175=CARTESIAN_POINT('',(-9.466477955,-29.242753985,1.116650208));
#3176=CARTESIAN_POINT('',(-9.224921886,-28.855677354,1.088196847));
#3177=CARTESIAN_POINT('',(-8.919203406,-28.506992424,1.061279337));
#3178=CARTESIAN_POINT('',(-8.559253025,-28.229334923,1.030958753));
#3179=CARTESIAN_POINT('',(-8.379277835,-28.090506172,1.015798461));
#3180=CARTESIAN_POINT('',(-8.188367412,-27.96593032,1.002443574));
#3181=CARTESIAN_POINT('',(-7.985663729,-27.86339294,0.987441137));
#3182=CARTESIAN_POINT('',(-7.782960045,-27.760855559,0.9724387));
#3183=CARTESIAN_POINT('',(-7.570294239,-27.677559891,0.957417699));
#3184=CARTESIAN_POINT('',(-7.351485049,-27.613592964,0.942555058));
#3185=CARTESIAN_POINT('',(-6.91386667,-27.48565911,0.912829776));
#3186=CARTESIAN_POINT('',(-6.451482652,-27.435045308,0.883720877));
#3187=CARTESIAN_POINT('',(-5.995287915,-27.463737068,0.856562819));
#3188=CARTESIAN_POINT('',(-5.082898441,-27.521120589,0.802246702));
#3189=CARTESIAN_POINT('',(-4.206352942,-27.908542425,0.748357581));
#3190=CARTESIAN_POINT('',(-3.566565469,-28.559832057,0.686831398));
#3191=CARTESIAN_POINT('',(-3.246671733,-28.885476873,0.656068306));
#3192=CARTESIAN_POINT('',(-2.982457281,-29.270377164,0.62589141));
#3193=CARTESIAN_POINT('',(-2.791103991,-29.687398644,0.598113475));
#3194=CARTESIAN_POINT('',(-2.695427346,-29.895909384,0.584224507));
#3195=CARTESIAN_POINT('',(-2.617382859,-30.112299267,0.571426597));
#3196=CARTESIAN_POINT('',(-2.561468552,-30.333480724,0.557806238));
#3197=CARTESIAN_POINT('',(-2.505554245,-30.554662182,0.544185879));
#3198=CARTESIAN_POINT('',(-2.473017881,-30.780263553,0.528880134));
#3199=CARTESIAN_POINT('',(-2.457431427,-31.006017373,0.51536475));
#3200=CARTESIAN_POINT('',(-2.426258521,-31.457525012,0.488333981));
#3201=CARTESIAN_POINT('',(-2.477158988,-31.913878998,0.459764747));
#3202=CARTESIAN_POINT('',(-2.613136367,-32.348643908,0.428839333));
#3203=CARTESIAN_POINT('',(-2.749113747,-32.783408817,0.397913918));
#3204=CARTESIAN_POINT('',(-2.963427462,-33.19652465,0.368265067));
#3205=CARTESIAN_POINT('',(-3.240502392,-33.560962836,0.340278363));
#3206=CARTESIAN_POINT('',(-3.379039858,-33.74318193,0.326285011));
#3207=CARTESIAN_POINT('',(-3.533184061,-33.913310421,0.312746145));
#3208=CARTESIAN_POINT('',(-3.70109303,-34.067764294,0.299409436));
#3209=CARTESIAN_POINT('',(-3.869001999,-34.222218167,0.286072728));
#3210=CARTESIAN_POINT('',(-4.053644171,-34.35634217,0.26984676));
#3211=CARTESIAN_POINT('',(-4.244972938,-34.478904125,0.257647585));
#3212=CARTESIAN_POINT('',(-4.340637322,-34.540185103,0.251547998));
#3213=CARTESIAN_POINT('',(-4.440783724,-34.5940755,0.243387062));
#3214=CARTESIAN_POINT('',(-4.54230585,-34.645033632,0.236253059));
#3215=CARTESIAN_POINT('',(-4.643827976,-34.695991764,0.229119056));
#3216=CARTESIAN_POINT('',(-4.746817876,-34.744637611,0.223312007));
#3217=CARTESIAN_POINT('',(-4.853434215,-34.78436206,0.214843149));
#3218=CARTESIAN_POINT('',(-5.066666891,-34.863810956,0.197905432));
#3219=CARTESIAN_POINT('',(-5.284458492,-34.933446572,0.186328628));
#3220=CARTESIAN_POINT('',(-5.508455061,-34.978049098,0.171838705));
#3221=CARTESIAN_POINT('',(-6.404441337,-35.156459206,0.113879013));
#3222=CARTESIAN_POINT('',(-7.362091753,-34.994594783,0.055069174));
#3223=CARTESIAN_POINT('',(-8.150515723,-34.541902133,-0.000075793));
#3224=B_SPLINE_CURVE_WITH_KNOTS('',3,(#3052,#3053,#3054,#3055,#3056,#3057,#3058,#3059,#3060,#3061,#3062,#3063,#3064,#3065,#3066,#3067,#3068,#3069,#3070,#3071,#3072,#3073,#3074,#3075,#3076,#3077,
#3078,#3079,#3080,#3081,#3082,#3083,#3084,#3085,#3086,#3087,#3088,#3089,#3090,#3091,#3092,#3093,#3094,#3095,#3096,#3097,#3098,#3099,#3100,#3101,#3102,
#3103,#3104,#3105,#3106,#3107,#3108,#3109,#3110,#3111,#3112,#3113,#3114,#3115,#3116,#3117,#3118,#3119,#3120,#3121,#3122,#3123,#3124,#3125,#3126,#3127,
#3128,#3129,#3130,#3131,#3132,#3133,#3134,#3135,#3136,#3137,#3138,#3139,#3140,#3141,#3142,#3143,#3144,#3145,#3146,#3147,#3148,#3149,#3150,#3151,#3152,
#3153,#3154,#3155,#3156,#3157,#3158,#3159,#3160,#3161,#3162,#3163,#3164,#3165,#3166,#3167,#3168,#3169,#3170,#3171,#3172,#3173,#3174,#3175,#3176,#3177,
#3178,#3179,#3180,#3181,#3182,#3183,#3184,#3185,#3186,#3187,#3188,#3189,#3190,#3191,#3192,#3193,#3194,#3195,#3196,#3197,#3198,#3199,#3200,#3201,#3202,
#3203,#3204,#3205,#3206,#3207,#3208,#3209,#3210,#3211,#3212,#3213,#3214,#3215,#3216,#3217,#3218,#3219,#3220,#3221,#3222,#3223),.UNSPECIFIED.,.F.,.F.,(4,3,3,3,3,3,3,3,3,3,3,3,3,3,3,3,3,3,3,3,3,3,3,3,3,3,
3,3,3,3,3,3,3,3,3,3,3,3,3,3,3,3,3,3,3,3,3,3,3,3,3,
3,3,3,3,3,3,4),(4.802176942,5.077134627,5.352092312,5.627049996,5.764528839,5.902007681,6.039486524,6.176965366,6.314444208,6.451923051,6.589401893,6.726880736,6.864359578,7.00183842,7.139317263,7.276796105,7.55175379,7.826711475,8.101669159,8.376626844,8.651584529,8.926542214,9.064021056,9.201499899,9.338978741,9.476457583,
9.613936426,9.751415268,9.88889411,10.026372953,10.163851795,10.301330638,10.43880948,10.576288322,10.851246007,10.98872485,11.126203692,11.263682534,11.401161377,11.538640219,11.676119061,11.813597904,11.951076746,12.019816167,12.088555589,12.226034431,12.500992116,12.638470958,12.707210379,12.775949801,12.913428643,
13.050907485,13.119646907,13.188386328,13.222756038,13.257125749,13.32586517,13.600822855),.UNSPECIFIED.);
#3225=EDGE_CURVE('',#1873,#579,#3224,.T.);
#3226=ORIENTED_EDGE('',*,*,#3225,.F.);
#3227=ORIENTED_EDGE('',*,*,#1877,.F.);
#3228=EDGE_LOOP('',(#2878,#3050,#3051,#3226,#3227));
#3229=FACE_BOUND('',#3228,.T.);
#3230=ADVANCED_FACE('',(#3229),#2877,.F.);
#3231=CARTESIAN_POINT('',(-4.998579898,-29.082211034,-0.));
#3232=CARTESIAN_POINT('',(-5.04552316,-29.055023473,0.005176629));
#3233=CARTESIAN_POINT('',(-5.526448513,-28.797256512,0.057224736));
#3234=CARTESIAN_POINT('',(-6.594898319,-28.620579733,0.156144319));
#3235=CARTESIAN_POINT('',(-7.997932175,-29.254782156,0.296758751));
#3236=CARTESIAN_POINT('',(-8.810988082,-30.562940816,0.437373183));
#3237=CARTESIAN_POINT('',(-8.762721677,-32.099644227,0.577987615));
#3238=CARTESIAN_POINT('',(-7.864215415,-33.355832692,0.718602047));
#3239=CARTESIAN_POINT('',(-6.428337823,-33.891162408,0.859216479));
#3240=CARTESIAN_POINT('',(-4.528564277,-33.469621603,1.036286504));
#3241=CARTESIAN_POINT('',(-3.237985657,-31.256144016,1.249812123));
#3242=CARTESIAN_POINT('',(-4.748307377,-28.639901807,1.499793335));
#3243=CARTESIAN_POINT('',(-7.494629858,-28.648556887,1.72894278));
#3244=CARTESIAN_POINT('',(-8.928288848,-30.533147547,1.937260457));
#3245=CARTESIAN_POINT('',(-8.655949936,-32.632661184,2.124746366));
#3246=CARTESIAN_POINT('',(-6.97060538,-33.930965486,2.312232275));
#3247=CARTESIAN_POINT('',(-4.865634973,-33.654288661,2.499718184));
#3248=CARTESIAN_POINT('',(-3.570169281,-31.971917377,2.687204093));
#3249=CARTESIAN_POINT('',(-3.845009537,-29.865375033,2.874690003));
#3250=CARTESIAN_POINT('',(-5.52802787,-28.570580679,3.062175912));
#3251=CARTESIAN_POINT('',(-7.634240822,-28.84459374,3.249661821));
#3252=CARTESIAN_POINT('',(-8.929317178,-30.528002082,3.43714773));
#3253=CARTESIAN_POINT('',(-8.655712538,-32.633497727,3.624633639));
#3254=CARTESIAN_POINT('',(-6.971969277,-33.93007962,3.812119549));
#3255=CARTESIAN_POINT('',(-5.218332436,-33.700109667,3.968357806));
#3256=CARTESIAN_POINT('',(-4.217377318,-32.815051398,4.093348412));
#3257=CARTESIAN_POINT('',(-3.617684426,-31.621416098,4.218339018));
#3258=CARTESIAN_POINT('',(-3.843351918,-29.8667186,4.374577276));
#3259=CARTESIAN_POINT('',(-5.526955587,-28.570975511,4.562063185));
#3260=CARTESIAN_POINT('',(-7.632978098,-28.843831879,4.749549095));
#3261=CARTESIAN_POINT('',(-8.92904013,-30.527034203,4.937035004));
#3262=CARTESIAN_POINT('',(-8.656419036,-32.632445545,5.124520913));
#3263=CARTESIAN_POINT('',(-6.973406641,-33.929514078,5.312006822));
#3264=CARTESIAN_POINT('',(-4.868118368,-33.655349912,5.499492731));
#3265=CARTESIAN_POINT('',(-3.570061794,-31.975811881,5.68697864));
#3266=CARTESIAN_POINT('',(-3.845407229,-29.864668485,5.87446455));
#3267=CARTESIAN_POINT('',(-5.51539562,-28.581296587,6.061186607));
#3268=CARTESIAN_POINT('',(-6.916080863,-28.745884827,6.185413361));
#3269=CARTESIAN_POINT('',(-7.477584947,-29.06321966,6.247144812));
#3270=CARTESIAN_POINT('',(-4.788840123,-28.70357772,-0.249468445));
#3271=CARTESIAN_POINT('',(-4.843982922,-28.671833019,-0.244291816));
#3272=CARTESIAN_POINT('',(-5.408847579,-28.370969163,-0.19224371));
#3273=CARTESIAN_POINT('',(-6.66257068,-28.167012302,-0.093324126));
#3274=CARTESIAN_POINT('',(-8.306247336,-28.915157268,0.047290306));
#3275=CARTESIAN_POINT('',(-9.255879158,-30.451980362,0.187904738));
#3276=CARTESIAN_POINT('',(-9.194568752,-32.254229332,0.32851917));
#3277=CARTESIAN_POINT('',(-8.136871291,-33.72486336,0.469133602));
#3278=CARTESIAN_POINT('',(-6.451096173,-34.348359642,0.609748034));
#3279=CARTESIAN_POINT('',(-4.224143855,-33.848127481,0.786818059));
#3280=CARTESIAN_POINT('',(-2.717195507,-31.247995638,1.000343678));
#3281=CARTESIAN_POINT('',(-4.496648104,-28.184029352,1.25032489));
#3282=CARTESIAN_POINT('',(-7.717778878,-28.202577053,1.479474335));
#3283=CARTESIAN_POINT('',(-9.393551372,-30.417395223,1.687792011));
#3284=CARTESIAN_POINT('',(-9.067707654,-32.879077177,1.875277921));
#3285=CARTESIAN_POINT('',(-7.086998463,-34.396703212,2.06276383));
#3286=CARTESIAN_POINT('',(-4.618929419,-34.065752724,2.250249739));
#3287=CARTESIAN_POINT('',(-3.104623766,-32.088541464,2.437735648));
#3288=CARTESIAN_POINT('',(-3.433424916,-29.618622004,2.625221557));
#3289=CARTESIAN_POINT('',(-5.411393065,-28.105106366,2.812707467));
#3290=CARTESIAN_POINT('',(-7.8809287,-28.432935854,3.000193376));
#3291=CARTESIAN_POINT('',(-9.394773911,-30.411362754,3.187679285));
#3292=CARTESIAN_POINT('',(-9.06742565,-32.880057654,3.375165194));
#3293=CARTESIAN_POINT('',(-7.088601308,-34.395668872,3.562651103));
#3294=CARTESIAN_POINT('',(-5.032467581,-34.120573379,3.718889361));
#3295=CARTESIAN_POINT('',(-3.861155217,-33.079431042,3.843879967));
#3296=CARTESIAN_POINT('',(-3.16142459,-31.677584222,3.968870573));
#3297=CARTESIAN_POINT('',(-3.431477823,-29.620193736,4.125108831));
#3298=CARTESIAN_POINT('',(-5.41013366,-28.10556539,4.31259474));
#3299=CARTESIAN_POINT('',(-7.879450254,-28.432038581,4.500080649));
#3300=CARTESIAN_POINT('',(-9.394451188,-30.410226781,4.687566558));
#3301=CARTESIAN_POINT('',(-9.068258568,-32.878826002,4.875052468));
#3302=CARTESIAN_POINT('',(-7.090288425,-34.395009155,5.062538377));
#3303=CARTESIAN_POINT('',(-4.621839065,-34.067005391,5.250024286));
#3304=CARTESIAN_POINT('',(-3.104485568,-32.093108452,5.437510195));
#3305=CARTESIAN_POINT('',(-3.433893884,-29.617795432,5.624996104));
#3306=CARTESIAN_POINT('',(-5.396544107,-28.11763568,5.811718162));
#3307=CARTESIAN_POINT('',(-7.038901682,-28.314964187,5.935944916));
#3308=CARTESIAN_POINT('',(-7.696518458,-28.688882749,5.997676367));
#3309=CARTESIAN_POINT('',(-4.577545209,-28.325954883,-0.499133819));
#3310=CARTESIAN_POINT('',(-4.640865599,-28.289619368,-0.49395719));
#3311=CARTESIAN_POINT('',(-5.289460088,-27.945312821,-0.441909083));
#3312=CARTESIAN_POINT('',(-6.728284066,-27.71329224,-0.3429895));
#3313=CARTESIAN_POINT('',(-8.613018061,-28.574316922,-0.202375068));
#3314=CARTESIAN_POINT('',(-9.700161986,-30.339151781,-0.061760636));
#3315=CARTESIAN_POINT('',(-9.626946477,-32.406922228,0.078853796));
#3316=CARTESIAN_POINT('',(-8.411022315,-34.092617338,0.219468228));
#3317=CARTESIAN_POINT('',(-6.475801743,-34.8053223,0.36008266));
#3318=CARTESIAN_POINT('',(-3.921433234,-34.227819216,0.537152685));
#3319=CARTESIAN_POINT('',(-2.196526744,-31.242076575,0.750678304));
#3320=CARTESIAN_POINT('',(-4.243116561,-27.729369036,1.000659516));
#3321=CARTESIAN_POINT('',(-7.938954224,-27.755778736,1.229808961));
#3322=CARTESIAN_POINT('',(-9.858179983,-30.299688291,1.438126638));
#3323=CARTESIAN_POINT('',(-9.480393142,-33.12365957,1.625612547));
#3324=CARTESIAN_POINT('',(-7.205347895,-34.861802933,1.813098456));
#3325=CARTESIAN_POINT('',(-4.37405637,-34.478147446,2.000584365));
#3326=CARTESIAN_POINT('',(-2.63971715,-32.207120118,2.188070274));
#3327=CARTESIAN_POINT('',(-3.020909489,-29.373702507,2.375556184));
#3328=CARTESIAN_POINT('',(-5.29280399,-27.640270667,2.563042093));
#3329=CARTESIAN_POINT('',(-8.12578276,-28.02034772,2.750528002));
#3330=CARTESIAN_POINT('',(-9.859592011,-30.292768914,2.938013911));
#3331=CARTESIAN_POINT('',(-9.480068452,-33.12478409,3.12549982));
#3332=CARTESIAN_POINT('',(-7.207188431,-34.860618476,3.312985729));
#3333=CARTESIAN_POINT('',(-4.848455319,-34.541706514,3.469223987));
#3334=CARTESIAN_POINT('',(-3.506170111,-33.345253222,3.594214593));
#3335=CARTESIAN_POINT('',(-2.705544192,-31.735685693,3.719205199));
#3336=CARTESIAN_POINT('',(-3.018672388,-29.375502382,3.875443457));
#3337=CARTESIAN_POINT('',(-5.291358469,-27.640795683,4.062929366));
#3338=CARTESIAN_POINT('',(-8.124087727,-28.019315776,4.250415275));
#3339=CARTESIAN_POINT('',(-9.859223852,-30.29146496,4.437901185));
#3340=CARTESIAN_POINT('',(-9.481025629,-33.123372118,4.625387094));
#3341=CARTESIAN_POINT('',(-7.209125467,-34.859864557,4.812873003));
#3342=CARTESIAN_POINT('',(-4.377392798,-34.47958922,5.000358912));
#3343=CARTESIAN_POINT('',(-2.63955141,-32.212360212,5.187844821));
#3344=CARTESIAN_POINT('',(-3.021448733,-29.37275446,5.37533073));
#3345=CARTESIAN_POINT('',(-5.275746553,-27.654623256,5.562052788));
#3346=CARTESIAN_POINT('',(-7.159844071,-27.883648801,5.686279542));
#3347=CARTESIAN_POINT('',(-7.913786473,-28.313723025,5.748010993));
#3348=CARTESIAN_POINT('',(-4.365897787,-27.948542876,-0.748816372));
#3349=CARTESIAN_POINT('',(-4.437391188,-27.907608913,-0.743639743));
#3350=CARTESIAN_POINT('',(-5.169671995,-27.519781416,-0.691591637));
#3351=CARTESIAN_POINT('',(-6.793565146,-27.259522262,-0.592672053));
#3352=CARTESIAN_POINT('',(-8.919456981,-28.233194848,-0.452057621));
#3353=CARTESIAN_POINT('',(-10.144325584,-30.225904727,-0.311443189));
#3354=CARTESIAN_POINT('',(-10.059457232,-32.559200718,-0.170828757));
#3355=CARTESIAN_POINT('',(-8.685514764,-34.460101053,-0.030214325));
#3356=CARTESIAN_POINT('',(-6.500940205,-35.262249123,0.110400107));
#3357=CARTESIAN_POINT('',(-3.6190913,-34.607787355,0.287470132));
#3358=CARTESIAN_POINT('',(-1.675866414,-31.236652012,0.500995751));
#3359=CARTESIAN_POINT('',(-3.989160699,-27.274961487,0.750976963));
#3360=CARTESIAN_POINT('',(-8.159699462,-27.308783116,0.980126408));
#3361=CARTESIAN_POINT('',(-10.322684499,-30.181543442,1.188444085));
#3362=CARTESIAN_POINT('',(-9.893298919,-33.367843845,1.375929994));
#3363=CARTESIAN_POINT('',(-7.324135652,-35.326777536,1.563415903));
#3364=CARTESIAN_POINT('',(-4.129581182,-34.890763253,1.750901812));
#3365=CARTESIAN_POINT('',(-2.174935859,-32.326136613,1.938387721));
#3366=CARTESIAN_POINT('',(-2.608172937,-29.12918115,2.12587363));
#3367=CARTESIAN_POINT('',(-5.173777141,-27.175560201,2.31335954));
#3368=CARTESIAN_POINT('',(-8.370238612,-27.607538609,2.500845449));
#3369=CARTESIAN_POINT('',(-10.324284877,-30.173737211,2.688331358));
#3370=CARTESIAN_POINT('',(-9.892932103,-33.369112444,2.875817267));
#3371=CARTESIAN_POINT('',(-7.326213555,-35.325442516,3.063303176));
#3372=CARTESIAN_POINT('',(-4.664847508,-34.963003245,3.219541434));
#3373=CARTESIAN_POINT('',(-3.151446868,-33.611404818,3.34453204));
#3374=CARTESIAN_POINT('',(-2.249732058,-31.794218199,3.469522646));
#3375=CARTESIAN_POINT('',(-2.605645538,-29.131209029,3.625760904));
#3376=CARTESIAN_POINT('',(-5.172145784,-27.176151726,3.813246813));
#3377=CARTESIAN_POINT('',(-8.368326759,-27.60637213,4.000732722));
#3378=CARTESIAN_POINT('',(-10.323871435,-30.172265289,4.188218631));
#3379=CARTESIAN_POINT('',(-9.894012924,-33.367519905,4.375704541));
#3380=CARTESIAN_POINT('',(-7.328400615,-35.3245945,4.56319045));
#3381=CARTESIAN_POINT('',(-4.133344511,-34.892393583,4.750676359));
#3382=CARTESIAN_POINT('',(-2.174743305,-32.332050051,4.938162268));
#3383=CARTESIAN_POINT('',(-2.608782198,-29.128111171,5.125648177));
#3384=CARTESIAN_POINT('',(-5.154512945,-27.191738419,5.312370235));
#3385=CARTESIAN_POINT('',(-7.280374011,-27.452230621,5.436596989));
#3386=CARTESIAN_POINT('',(-8.130692697,-27.938367495,5.49832844));
#3387=B_SPLINE_SURFACE_WITH_KNOTS('',3,3,((#3231,#3232,#3233,#3234,#3235,#3236,#3237,#3238,#3239,#3240,#3241,#3242,#3243,#3244,#3245,#3246,#3247,#3248,#3249,#3250,#3251,#3252,#3253,#3254,#3255,#3256,
#3257,#3258,#3259,#3260,#3261,#3262,#3263,#3264,#3265,#3266,#3267,#3268,#3269),(#3270,#3271,#3272,#3273,#3274,#3275,#3276,#3277,#3278,#3279,#3280,#3281,#3282,#3283,#3284,#3285,#3286,#3287,#3288,#3289,#3290,#3291,#3292,#3293,#3294,#3295,
#3296,#3297,#3298,#3299,#3300,#3301,#3302,#3303,#3304,#3305,#3306,#3307,#3308),(#3309,#3310,#3311,#3312,#3313,#3314,#3315,#3316,#3317,#3318,#3319,#3320,#3321,#3322,#3323,#3324,#3325,#3326,#3327,#3328,#3329,#3330,#3331,#3332,#3333,#3334,
#3335,#3336,#3337,#3338,#3339,#3340,#3341,#3342,#3343,#3344,#3345,#3346,#3347),(#3348,#3349,#3350,#3351,#3352,#3353,#3354,#3355,#3356,#3357,#3358,#3359,#3360,#3361,#3362,#3363,#3364,#3365,#3366,#3367,#3368,#3369,#3370,#3371,#3372,#3373,
#3374,#3375,#3376,#3377,#3378,#3379,#3380,#3381,#3382,#3383,#3384,#3385,#3386)),.UNSPECIFIED.,.F.,.F.,.U.,(4,4),(4,1,1,1,1,1,1,1,1,1,1,1,1,1,1,1,1,1,1,1,1,1,1,1,1,1,
1,1,1,1,1,1,1,1,1,1,4),(0.170679769,0.320537433),(7.339034499,7.40408594,7.993090295,8.58209465,9.171099005,9.76010336,10.349107715,10.93811207,11.527116425,12.574235278,13.621354131,14.668472984,15.453812124,16.239151264,17.024490404,17.809829544,18.595168684,19.380507824,20.165846964,20.951186104,21.736525244,22.521864384,23.307203524,24.092542664,24.485212234,24.877881804,
25.663220944,26.448560083,27.233899223,28.019238363,28.804577503,29.589916643,30.375255783,31.160594923,31.945934063,32.731273203,33.507013496),.UNSPECIFIED.);
#3388=ORIENTED_EDGE('',*,*,#1920,.T.);
#3389=ORIENTED_EDGE('',*,*,#3225,.T.);
#3390=ORIENTED_EDGE('',*,*,#632,.T.);
#3391=ORIENTED_EDGE('',*,*,#3049,.F.);
#3392=EDGE_LOOP('',(#3388,#3389,#3390,#3391));
#3393=FACE_BOUND('',#3392,.T.);
#3394=ADVANCED_FACE('',(#3393),#3387,.F.);
#3395=CARTESIAN_POINT('',(-8.150574189,-22.042001671,-0.000009183));
#3396=CARTESIAN_POINT('',(-8.079244059,-22.083316794,0.005170507));
#3397=CARTESIAN_POINT('',(-7.348859311,-22.474808029,0.057221674));
#3398=CARTESIAN_POINT('',(-5.726225101,-22.743125885,0.156144319));
#3399=CARTESIAN_POINT('',(-3.595534633,-21.779999483,0.296758751));
#3400=CARTESIAN_POINT('',(-2.360796973,-19.793396693,0.437373183));
#3401=CARTESIAN_POINT('',(-2.434102594,-17.459692584,0.577987615));
#3402=CARTESIAN_POINT('',(-3.798594133,-15.552028393,0.718602046));
#3403=CARTESIAN_POINT('',(-5.979175959,-14.739026245,0.859216478));
#3404=CARTESIAN_POINT('',(-8.864226126,-15.379226404,1.036286504));
#3405=CARTESIAN_POINT('',(-10.824125492,-18.740666285,1.249812122));
#3406=CARTESIAN_POINT('',(-8.530544388,-22.713765558,1.499793335));
#3407=CARTESIAN_POINT('',(-4.359848985,-22.700660567,1.728942779));
#3408=CARTESIAN_POINT('',(-2.182673726,-19.838627485,1.937260456));
#3409=CARTESIAN_POINT('',(-2.596233959,-16.650248476,2.124746365));
#3410=CARTESIAN_POINT('',(-5.155670524,-14.678597545,2.312232275));
#3411=CARTESIAN_POINT('',(-8.352339592,-15.098767942,2.499718184));
#3412=CARTESIAN_POINT('',(-10.319680013,-17.653673144,2.687204093));
#3413=CARTESIAN_POINT('',(-9.902296757,-20.852736448,2.874690002));
#3414=CARTESIAN_POINT('',(-7.346411051,-22.819054317,3.062175911));
#3415=CARTESIAN_POINT('',(-4.1478458,-22.402928809,3.24966182));
#3416=CARTESIAN_POINT('',(-2.181102384,-19.846449335,3.43714773));
#3417=CARTESIAN_POINT('',(-2.596603298,-16.648976202,3.624633639));
#3418=CARTESIAN_POINT('',(-5.153599705,-14.679939956,3.812119548));
#3419=CARTESIAN_POINT('',(-7.816712847,-15.029191287,3.968357806));
#3420=CARTESIAN_POINT('',(-9.336819112,-16.373254604,4.093348412));
#3421=CARTESIAN_POINT('',(-10.247507224,-18.185958886,4.218339018));
#3422=CARTESIAN_POINT('',(-9.904824797,-20.850703042,4.374577276));
#3423=CARTESIAN_POINT('',(-7.348033013,-22.818449542,4.562063185));
#3424=CARTESIAN_POINT('',(-4.14976518,-22.404085173,4.749549094));
#3425=CARTESIAN_POINT('',(-2.181528379,-19.847920551,4.937035003));
#3426=CARTESIAN_POINT('',(-2.595523189,-16.650572103,5.124520912));
#3427=CARTESIAN_POINT('',(-5.15141566,-14.680802705,5.312006822));
#3428=CARTESIAN_POINT('',(-8.348569222,-15.097156163,5.499492731));
#3429=CARTESIAN_POINT('',(-10.319841841,-17.647757775,5.68697864));
#3430=CARTESIAN_POINT('',(-9.901693892,-20.853814499,5.874464549));
#3431=CARTESIAN_POINT('',(-7.355225459,-22.810748228,6.061950458));
#3432=CARTESIAN_POINT('',(-5.209502706,-22.549366126,6.18710304));
#3433=CARTESIAN_POINT('',(-4.349731603,-22.050289442,6.249760318));
#3434=CARTESIAN_POINT('',(-4.347510447,-22.048996824,6.249922293));
#3435=CARTESIAN_POINT('',(-7.931421826,-21.668897587,-0.249691735));
#3436=CARTESIAN_POINT('',(-7.868175891,-21.705448924,-0.244512046));
#3437=CARTESIAN_POINT('',(-7.220596192,-22.051753259,-0.192460878));
#3438=CARTESIAN_POINT('',(-5.782436537,-22.288143099,-0.093538234));
#3439=CARTESIAN_POINT('',(-3.895103892,-21.43282956,0.047076198));
#3440=CARTESIAN_POINT('',(-2.802612108,-19.671306517,0.18769063));
#3441=CARTESIAN_POINT('',(-2.869566075,-17.603309309,0.328305062));
#3442=CARTESIAN_POINT('',(-4.080367085,-15.913958852,0.468919494));
#3443=CARTESIAN_POINT('',(-6.013428623,-15.195361943,0.609533925));
#3444=CARTESIAN_POINT('',(-8.569527932,-15.765152783,0.786603951));
#3445=CARTESIAN_POINT('',(-10.303463466,-18.745633963,1.00012957));
#3446=CARTESIAN_POINT('',(-8.267566324,-22.264519763,1.250110782));
#3447=CARTESIAN_POINT('',(-4.571630865,-22.249344375,1.479260226));
#3448=CARTESIAN_POINT('',(-2.644725303,-19.711237005,1.687577903));
#3449=CARTESIAN_POINT('',(-3.013934105,-16.886142176,1.875063812));
#3450=CARTESIAN_POINT('',(-5.283713476,-15.141108933,2.062549722));
#3451=CARTESIAN_POINT('',(-8.116149241,-15.516180971,2.250035631));
#3452=CARTESIAN_POINT('',(-9.857366329,-17.78194249,2.43752154));
#3453=CARTESIAN_POINT('',(-9.484762233,-20.616501552,2.625007449));
#3454=CARTESIAN_POINT('',(-7.218132631,-22.356812101,2.812493358));
#3455=CARTESIAN_POINT('',(-4.384013901,-21.985322692,2.999979268));
#3456=CARTESIAN_POINT('',(-2.643326701,-19.71816687,3.187465177));
#3457=CARTESIAN_POINT('',(-3.01426176,-16.885014935,3.374951086));
#3458=CARTESIAN_POINT('',(-5.281877475,-15.142297197,3.562436995));
#3459=CARTESIAN_POINT('',(-7.641552214,-15.454065994,3.718675253));
#3460=CARTESIAN_POINT('',(-8.98747756,-16.646434327,3.843665859));
#3461=CARTESIAN_POINT('',(-9.792953483,-18.25357647,3.968656465));
#3462=CARTESIAN_POINT('',(-9.487005023,-20.614702591,4.124894723));
#3463=CARTESIAN_POINT('',(-7.219570204,-22.356276913,4.312380632));
#3464=CARTESIAN_POINT('',(-4.385713985,-21.986349222,4.499866541));
#3465=CARTESIAN_POINT('',(-2.643702406,-19.719470965,4.68735245));
#3466=CARTESIAN_POINT('',(-3.013303962,-16.88642859,4.874838359));
#3467=CARTESIAN_POINT('',(-5.279941041,-15.143059245,5.062324269));
#3468=CARTESIAN_POINT('',(-8.112809474,-15.514749697,5.249810178));
#3469=CARTESIAN_POINT('',(-9.857514693,-17.776700186,5.437296087));
#3470=CARTESIAN_POINT('',(-9.484227217,-20.617457085,5.624781996));
#3471=CARTESIAN_POINT('',(-7.22595099,-22.349458501,5.812267905));
#3472=CARTESIAN_POINT('',(-5.324697678,-22.115997439,5.937420487));
#3473=CARTESIAN_POINT('',(-4.56322,-21.672996406,6.000077765));
#3474=CARTESIAN_POINT('',(-4.561252781,-21.671849029,6.00023974));
#3475=CARTESIAN_POINT('',(-7.711909631,-21.295991561,-0.499357109));
#3476=CARTESIAN_POINT('',(-7.656743586,-21.327771315,-0.494177419));
#3477=CARTESIAN_POINT('',(-7.091928256,-21.628808976,-0.442126252));
#3478=CARTESIAN_POINT('',(-5.838217743,-21.833094919,-0.343203608));
#3479=CARTESIAN_POINT('',(-4.194351674,-21.085366192,-0.202589176));
#3480=CARTESIAN_POINT('',(-3.244323106,-19.548793869,-0.061974744));
#3481=CARTESIAN_POINT('',(-3.305177366,-17.746516677,0.078639688));
#3482=CARTESIAN_POINT('',(-4.362490937,-16.275631473,0.21925412));
#3483=CARTESIAN_POINT('',(-6.048115168,-15.651677364,0.359868552));
#3484=CARTESIAN_POINT('',(-8.275188306,-16.151368612,0.536938577));
#3485=CARTESIAN_POINT('',(-9.78279209,-18.751096099,0.750464196));
#3486=CARTESIAN_POINT('',(-8.004155183,-21.815511354,1.000445408));
#3487=CARTESIAN_POINT('',(-4.782989964,-21.797815574,1.229594853));
#3488=CARTESIAN_POINT('',(-3.106668614,-19.583404473,1.437912529));
#3489=CARTESIAN_POINT('',(-3.431868649,-17.121645879,1.625398439));
#3490=CARTESIAN_POINT('',(-5.412198965,-15.603511037,1.812884348));
#3491=CARTESIAN_POINT('',(-7.880348549,-15.933829199,2.000370257));
#3492=CARTESIAN_POINT('',(-9.395162183,-17.910653891,2.187856166));
#3493=CARTESIAN_POINT('',(-9.066992444,-20.380656596,2.375342075));
#3494=CARTESIAN_POINT('',(-7.089412236,-21.894679331,2.562827985));
#3495=CARTESIAN_POINT('',(-4.619791981,-21.567481457,2.750313894));
#3496=CARTESIAN_POINT('',(-3.105441584,-19.58944234,2.937799803));
#3497=CARTESIAN_POINT('',(-3.432155191,-17.120663771,3.125285712));
#3498=CARTESIAN_POINT('',(-5.410597493,-15.604544675,3.312771621));
#3499=CARTESIAN_POINT('',(-7.466789838,-15.879118693,3.469009879));
#3500=CARTESIAN_POINT('',(-8.63838589,-16.919952632,3.594000485));
#3501=CARTESIAN_POINT('',(-9.338452503,-18.321627315,3.718991091));
#3502=CARTESIAN_POINT('',(-9.068949726,-20.379091873,3.875229349));
#3503=CARTESIAN_POINT('',(-7.090665654,-21.894214284,4.062715258));
#3504=CARTESIAN_POINT('',(-4.621272535,-21.568378268,4.250201167));
#3505=CARTESIAN_POINT('',(-3.105767162,-19.590579362,4.437687076));
#3506=CARTESIAN_POINT('',(-3.431319099,-17.121894865,4.625172986));
#3507=CARTESIAN_POINT('',(-5.408908742,-15.605206157,4.812658895));
#3508=CARTESIAN_POINT('',(-7.877439536,-15.932577874,5.000144804));
#3509=CARTESIAN_POINT('',(-9.395297783,-17.90608493,5.187630713));
#3510=CARTESIAN_POINT('',(-9.066525069,-20.38148912,5.375116622));
#3511=CARTESIAN_POINT('',(-7.09623531,-21.888279499,5.562602532));
#3512=CARTESIAN_POINT('',(-5.439484593,-21.68250812,5.687755113));
#3513=CARTESIAN_POINT('',(-4.776356176,-21.295490878,5.750412391));
#3514=CARTESIAN_POINT('',(-4.774643038,-21.294488507,5.750574366));
#3515=CARTESIAN_POINT('',(-7.490740581,-20.923918757,-0.748825554));
#3516=CARTESIAN_POINT('',(-7.443636308,-20.950891022,-0.743645865));
#3517=CARTESIAN_POINT('',(-6.961415192,-21.206295246,-0.691594697));
#3518=CARTESIAN_POINT('',(-5.892068702,-21.377679422,-0.592672053));
#3519=CARTESIAN_POINT('',(-4.492198203,-20.736524779,-0.452057621));
#3520=CARTESIAN_POINT('',(-3.685635177,-19.424357517,-0.311443189));
#3521=CARTESIAN_POINT('',(-3.741524338,-17.887901767,-0.170828757));
#3522=CARTESIAN_POINT('',(-4.646241359,-16.636199736,-0.030214325));
#3523=CARTESIAN_POINT('',(-6.084762876,-16.107973967,0.110400106));
#3524=CARTESIAN_POINT('',(-7.982417643,-16.538951264,0.287470132));
#3525=CARTESIAN_POINT('',(-9.261995909,-18.758787304,0.500995751));
#3526=CARTESIAN_POINT('',(-7.738749828,-21.367501655,0.750976963));
#3527=CARTESIAN_POINT('',(-4.992477405,-21.345256032,0.980126407));
#3528=CARTESIAN_POINT('',(-3.568197098,-19.453559515,1.188444084));
#3529=CARTESIAN_POINT('',(-3.850927062,-17.355429163,1.375929993));
#3530=CARTESIAN_POINT('',(-5.542699151,-16.065494403,1.563415903));
#3531=CARTESIAN_POINT('',(-7.646266752,-16.352604086,1.750901812));
#3532=CARTESIAN_POINT('',(-8.933377926,-18.041378295,1.938387721));
#3533=CARTESIAN_POINT('',(-8.648095701,-20.14653155,2.12587363));
#3534=CARTESIAN_POINT('',(-6.958679188,-21.432966194,2.313359539));
#3535=CARTESIAN_POINT('',(-4.853849785,-21.148513794,2.500845449));
#3536=CARTESIAN_POINT('',(-3.567136866,-19.458704909,2.688331358));
#3537=CARTESIAN_POINT('',(-3.851174417,-17.354592603,2.875817267));
#3538=CARTESIAN_POINT('',(-5.541331178,-16.066371592,3.063303176));
#3539=CARTESIAN_POINT('',(-7.293794956,-16.305040636,3.219541434));
#3540=CARTESIAN_POINT('',(-8.290364936,-17.195040824,3.34453204));
#3541=CARTESIAN_POINT('',(-8.884115885,-18.391641636,3.469522646));
#3542=CARTESIAN_POINT('',(-8.649767,-20.145200848,3.625760904));
#3543=CARTESIAN_POINT('',(-6.959749191,-21.432573257,3.813246813));
#3544=CARTESIAN_POINT('',(-4.855109881,-21.149281502,4.000732722));
#3545=CARTESIAN_POINT('',(-3.567412571,-19.459675064,4.188218631));
#3546=CARTESIAN_POINT('',(-3.850457978,-17.355639944,4.37570454));
#3547=CARTESIAN_POINT('',(-5.539890214,-16.066932563,4.56319045));
#3548=CARTESIAN_POINT('',(-7.643789305,-16.351530454,4.750676359));
#3549=CARTESIAN_POINT('',(-8.933503799,-18.037483678,4.938162268));
#3550=CARTESIAN_POINT('',(-8.647695207,-20.147239456,5.125648177));
#3551=CARTESIAN_POINT('',(-6.964510408,-21.427525586,5.313134086));
#3552=CARTESIAN_POINT('',(-5.552450448,-21.248405728,5.438286668));
#3553=CARTESIAN_POINT('',(-4.987938618,-20.916967294,5.500943946));
#3554=CARTESIAN_POINT('',(-4.986480254,-20.91610888,5.501105921));
#3555=B_SPLINE_SURFACE_WITH_KNOTS('',3,3,((#3395,#3396,#3397,#3398,#3399,#3400,#3401,#3402,#3403,#3404,#3405,#3406,#3407,#3408,#3409,#3410,#3411,#3412,#3413,#3414,#3415,#3416,#3417,#3418,#3419,#3420,
#3421,#3422,#3423,#3424,#3425,#3426,#3427,#3428,#3429,#3430,#3431,#3432,#3433,#3434),(#3435,#3436,#3437,#3438,#3439,#3440,#3441,#3442,#3443,#3444,#3445,#3446,#3447,#3448,#3449,#3450,#3451,#3452,#3453,#3454,#3455,#3456,#3457,#3458,#3459,#3460,
#3461,#3462,#3463,#3464,#3465,#3466,#3467,#3468,#3469,#3470,#3471,#3472,#3473,#3474),(#3475,#3476,#3477,#3478,#3479,#3480,#3481,#3482,#3483,#3484,#3485,#3486,#3487,#3488,#3489,#3490,#3491,#3492,#3493,#3494,#3495,#3496,#3497,#3498,#3499,#3500,
#3501,#3502,#3503,#3504,#3505,#3506,#3507,#3508,#3509,#3510,#3511,#3512,#3513,#3514),(#3515,#3516,#3517,#3518,#3519,#3520,#3521,#3522,#3523,#3524,#3525,#3526,#3527,#3528,#3529,#3530,#3531,#3532,#3533,#3534,#3535,#3536,#3537,#3538,#3539,#3540,
#3541,#3542,#3543,#3544,#3545,#3546,#3547,#3548,#3549,#3550,#3551,#3552,#3553,#3554)),.UNSPECIFIED.,.F.,.F.,.U.,(4,4),(4,1,1,1,1,1,1,1,1,1,1,1,1,1,1,1,1,1,1,1,1,1,1,1,1,1,
1,1,1,1,1,1,1,1,1,1,1,4),(-0.043409303,0.10644836),(10.468243376,10.533333278,11.122337633,11.711341988,12.300346343,12.889350698,13.478355053,14.067359408,14.656363763,15.703482616,16.750601469,17.797720323,18.583059463,19.368398603,20.153737742,20.939076882,21.724416022,22.509755162,23.295094302,24.080433442,24.865772582,25.651111722,26.436450862,27.221790002,27.614459572,28.007129142,
28.792468282,29.577807422,30.363146562,31.148485702,31.933824842,32.719163981,33.504503121,34.289842261,35.075181401,35.860520541,36.645859681,36.647895121),.UNSPECIFIED.);
#3556=ORIENTED_EDGE('',*,*,#1762,.T.);
#3557=CARTESIAN_POINT('',(-4.986480254,-20.916108881,5.501105921));
#3558=CARTESIAN_POINT('',(-5.505021989,-21.21894057,5.442440429));
#3559=CARTESIAN_POINT('',(-6.13912314,-21.320720992,5.386189954));
#3560=CARTESIAN_POINT('',(-6.728206339,-21.207653636,5.329519768));
#3561=CARTESIAN_POINT('',(-7.317289539,-21.094586279,5.272849583));
#3562=CARTESIAN_POINT('',(-7.86079717,-20.755158616,5.21460046));
#3563=CARTESIAN_POINT('',(-8.230225779,-20.281771163,5.157181773));
#3564=CARTESIAN_POINT('',(-8.599654387,-19.808383711,5.099763086));
#3565=CARTESIAN_POINT('',(-8.782118458,-19.195643819,5.042815822));
#3566=CARTESIAN_POINT('',(-8.747835052,-18.595912295,4.985359226));
#3567=CARTESIAN_POINT('',(-8.730693349,-18.296046533,4.956630928));
#3568=CARTESIAN_POINT('',(-8.658743546,-18.000135574,4.928096889));
#3569=CARTESIAN_POINT('',(-8.534741531,-17.72657691,4.899435513));
#3570=CARTESIAN_POINT('',(-8.410739516,-17.453018245,4.870774137));
#3571=CARTESIAN_POINT('',(-8.236938773,-17.20128155,4.842099657));
#3572=CARTESIAN_POINT('',(-8.025699308,-16.987294013,4.813434407));
#3573=CARTESIAN_POINT('',(-7.814459843,-16.773306476,4.784769158));
#3574=CARTESIAN_POINT('',(-7.565569057,-16.597526711,4.756270761));
#3575=CARTESIAN_POINT('',(-7.292348486,-16.473635216,4.727653303));
#3576=CARTESIAN_POINT('',(-7.019127915,-16.349743721,4.699035845));
#3577=CARTESIAN_POINT('',(-6.722656456,-16.27586272,4.670295869));
#3578=CARTESIAN_POINT('',(-6.422662835,-16.254540066,4.641569891));
#3579=CARTESIAN_POINT('',(-6.122669214,-16.233217413,4.612843914));
#3580=CARTESIAN_POINT('',(-5.819140059,-16.264474786,4.584198897));
#3581=CARTESIAN_POINT('',(-5.531909212,-16.350944203,4.555537926));
#3582=CARTESIAN_POINT('',(-5.244678365,-16.43741362,4.526876956));
#3583=CARTESIAN_POINT('',(-4.9734675,-16.577885941,4.498243573));
#3584=CARTESIAN_POINT('',(-4.734146467,-16.760166789,4.469619137));
#3585=CARTESIAN_POINT('',(-4.494825433,-16.942447637,4.440994702));
#3586=CARTESIAN_POINT('',(-4.287411969,-17.166563073,4.412363028));
#3587=CARTESIAN_POINT('',(-4.127803292,-17.420328678,4.383712872));
#3588=CARTESIAN_POINT('',(-3.968194615,-17.674094282,4.355062715));
#3589=CARTESIAN_POINT('',(-3.85741643,-17.958080081,4.326373961));
#3590=CARTESIAN_POINT('',(-3.798265128,-18.252907925,4.29772049));
#3591=CARTESIAN_POINT('',(-3.739113827,-18.547735768,4.26906702));
#3592=CARTESIAN_POINT('',(-3.731616691,-18.853403533,4.240395354));
#3593=CARTESIAN_POINT('',(-3.778514391,-19.149932035,4.211725105));
#3594=CARTESIAN_POINT('',(-3.825412091,-19.446460537,4.183054855));
#3595=CARTESIAN_POINT('',(-3.928511505,-19.73326642,4.154571884));
#3596=CARTESIAN_POINT('',(-4.07857712,-19.993630292,4.126074448));
#3597=CARTESIAN_POINT('',(-4.228642735,-20.253994163,4.097577012));
#3598=CARTESIAN_POINT('',(-4.425285692,-20.487905705,4.068753177));
#3599=CARTESIAN_POINT('',(-4.656113975,-20.680000035,4.03994191));
#3600=CARTESIAN_POINT('',(-4.886942257,-20.872094365,4.011130643));
#3601=CARTESIAN_POINT('',(-5.152859702,-21.020797961,3.982536957));
#3602=CARTESIAN_POINT('',(-5.437482463,-21.117082358,3.953876222));
#3603=CARTESIAN_POINT('',(-6.006727986,-21.309651151,3.896554752));
#3604=CARTESIAN_POINT('',(-6.645925402,-21.296289317,3.839426738));
#3605=CARTESIAN_POINT('',(-7.200229146,-21.066087186,3.782096997));
#3606=CARTESIAN_POINT('',(-7.754532891,-20.835885055,3.724767257));
#3607=CARTESIAN_POINT('',(-8.227386672,-20.402440767,3.667374378));
#3608=CARTESIAN_POINT('',(-8.492566942,-19.864266964,3.610058777));
#3609=CARTESIAN_POINT('',(-8.757747211,-19.326093161,3.552743177));
#3610=CARTESIAN_POINT('',(-8.823919862,-18.688309218,3.495806647));
#3611=CARTESIAN_POINT('',(-8.670526797,-18.108612273,3.438305175));
#3612=CARTESIAN_POINT('',(-8.517133732,-17.528915328,3.380803703));
#3613=CARTESIAN_POINT('',(-8.14347751,-17.007264434,3.323323481));
#3614=CARTESIAN_POINT('',(-7.646280766,-16.671517103,3.266327197));
#3615=CARTESIAN_POINT('',(-7.149084023,-16.335769772,3.209330912));
#3616=CARTESIAN_POINT('',(-6.524581655,-16.19312274,3.151675313));
#3617=CARTESIAN_POINT('',(-5.928828932,-16.267328718,3.094340637));
#3618=CARTESIAN_POINT('',(-5.33307621,-16.341534695,3.037005962));
#3619=CARTESIAN_POINT('',(-4.771004417,-16.646840357,2.979728317));
#3620=CARTESIAN_POINT('',(-4.371940038,-17.095934797,2.922442509));
#3621=CARTESIAN_POINT('',(-4.172407849,-17.320482017,2.893799605));
#3622=CARTESIAN_POINT('',(-4.014926086,-17.581100159,2.865152083));
#3623=CARTESIAN_POINT('',(-3.909688203,-17.862347593,2.836497603));
#3624=CARTESIAN_POINT('',(-3.80445032,-18.143595027,2.807843123));
#3625=CARTESIAN_POINT('',(-3.749678793,-18.44445863,2.77917902));
#3626=CARTESIAN_POINT('',(-3.748041054,-18.745089365,2.750525687));
#3627=CARTESIAN_POINT('',(-3.746403315,-19.045720101,2.721872355));
#3628=CARTESIAN_POINT('',(-3.798625923,-19.345901672,2.693284304));
#3629=CARTESIAN_POINT('',(-3.904728555,-19.626489444,2.664635616));
#3630=CARTESIAN_POINT('',(-4.010831188,-19.907077217,2.635986928));
#3631=CARTESIAN_POINT('',(-4.168652904,-20.16867613,2.607280699));
#3632=CARTESIAN_POINT('',(-4.366026513,-20.395591774,2.578629831));
#3633=CARTESIAN_POINT('',(-4.563400122,-20.622507418,2.549978963));
#3634=CARTESIAN_POINT('',(-4.800513185,-20.814549524,2.521318099));
#3635=CARTESIAN_POINT('',(-5.06495537,-20.956018954,2.492664965));
#3636=CARTESIAN_POINT('',(-5.329397556,-21.097488384,2.46401183));
#3637=CARTESIAN_POINT('',(-5.620499262,-21.189534696,2.435428288));
#3638=CARTESIAN_POINT('',(-5.918581405,-21.229447513,2.406828604));
#3639=CARTESIAN_POINT('',(-6.216663549,-21.26936033,2.37822892));
#3640=CARTESIAN_POINT('',(-6.521726562,-21.257109662,2.349593557));
#3641=CARTESIAN_POINT('',(-6.814053767,-21.18998347,2.320915885));
#3642=CARTESIAN_POINT('',(-7.106380972,-21.122857278,2.292238212));
#3643=CARTESIAN_POINT('',(-7.385675972,-20.999681048,2.263464113));
#3644=CARTESIAN_POINT('',(-7.635958782,-20.832427781,2.234780047));
#3645=CARTESIAN_POINT('',(-7.886241592,-20.665174514,2.20609598));
#3646=CARTESIAN_POINT('',(-8.107411372,-20.453772864,2.177401096));
#3647=CARTESIAN_POINT('',(-8.28339341,-20.210757388,2.148763731));
#3648=CARTESIAN_POINT('',(-8.459375449,-19.967741911,2.120126366));
#3649=CARTESIAN_POINT('',(-8.588405441,-19.69225712,2.09164366));
#3650=CARTESIAN_POINT('',(-8.665529786,-19.402268259,2.062987397));
#3651=CARTESIAN_POINT('',(-8.74265413,-19.112279398,2.034331133));
#3652=CARTESIAN_POINT('',(-8.768965316,-18.80818347,2.0057184));
#3653=CARTESIAN_POINT('',(-8.741434489,-18.509144805,1.977063503));
#3654=CARTESIAN_POINT('',(-8.713903661,-18.210106141,1.948408607));
#3655=CARTESIAN_POINT('',(-8.630212686,-17.916640935,1.919620916));
#3656=CARTESIAN_POINT('',(-8.496483463,-17.646903882,1.891044849));
#3657=CARTESIAN_POINT('',(-8.362754239,-17.37716683,1.862468781));
#3658=CARTESIAN_POINT('',(-8.181242505,-17.130395249,1.834504632));
#3659=CARTESIAN_POINT('',(-7.963194802,-16.923683859,1.806101596));
#3660=CARTESIAN_POINT('',(-7.745147099,-16.716972469,1.777698559));
#3661=CARTESIAN_POINT('',(-7.490299612,-16.551455887,1.748937866));
#3662=CARTESIAN_POINT('',(-7.212764452,-16.438750728,1.719470139));
#3663=CARTESIAN_POINT('',(-6.935229292,-16.326045568,1.690002412));
#3664=CARTESIAN_POINT('',(-6.636508181,-16.259956653,1.662259059));
#3665=CARTESIAN_POINT('',(-6.334896008,-16.249411794,1.63312979));
#3666=CARTESIAN_POINT('',(-6.033283835,-16.238866934,1.60400052));
#3667=CARTESIAN_POINT('',(-5.730256988,-16.283075014,1.574423593));
#3668=CARTESIAN_POINT('',(-5.44627947,-16.377536972,1.547437805));
#3669=CARTESIAN_POINT('',(-5.162301953,-16.471998929,1.520452017));
#3670=CARTESIAN_POINT('',(-4.897718625,-16.618072291,1.49366094));
#3671=CARTESIAN_POINT('',(-4.66750726,-16.809407707,1.46343238));
#3672=CARTESIAN_POINT('',(-4.437295894,-17.000743123,1.433203821));
#3673=CARTESIAN_POINT('',(-4.235556503,-17.23199883,1.404440534));
#3674=CARTESIAN_POINT('',(-4.083379687,-17.494235019,1.375475762));
#3675=CARTESIAN_POINT('',(-3.931202871,-17.756471208,1.346510989));
#3676=CARTESIAN_POINT('',(-3.830391295,-18.046922126,1.317518966));
#3677=CARTESIAN_POINT('',(-3.778980246,-18.342281372,1.290744389));
#3678=CARTESIAN_POINT('',(-3.727569197,-18.637640618,1.263969813));
#3679=CARTESIAN_POINT('',(-3.732808448,-18.939765056,1.234497487));
#3680=CARTESIAN_POINT('',(-3.792530137,-19.232759729,1.20427032));
#3681=CARTESIAN_POINT('',(-3.852251825,-19.525754402,1.174043153));
#3682=CARTESIAN_POINT('',(-3.963524623,-19.81110111,1.146415419));
#3683=CARTESIAN_POINT('',(-4.122761911,-20.06797401,1.117605553));
#3684=CARTESIAN_POINT('',(-4.2819992,-20.32484691,1.088795687));
#3685=CARTESIAN_POINT('',(-4.4864803,-20.553717847,1.060020774));
#3686=CARTESIAN_POINT('',(-4.723826169,-20.737773561,1.031428319));
#3687=CARTESIAN_POINT('',(-4.961172038,-20.921829274,1.002835863));
#3688=CARTESIAN_POINT('',(-5.232443042,-21.059882243,0.975009519));
#3689=CARTESIAN_POINT('',(-5.520627177,-21.145435014,0.947079255));
#3690=CARTESIAN_POINT('',(-5.808811312,-21.230987785,0.91914899));
#3691=CARTESIAN_POINT('',(-6.113074727,-21.264848558,0.890872761));
#3692=CARTESIAN_POINT('',(-6.412921861,-21.24537386,0.861257126));
#3693=CARTESIAN_POINT('',(-6.562845429,-21.235636511,0.846449309));
#3694=CARTESIAN_POINT('',(-6.711789317,-21.213165642,0.831638886));
#3695=CARTESIAN_POINT('',(-6.857547702,-21.177542351,0.816670335));
#3696=CARTESIAN_POINT('',(-7.003306087,-21.14191906,0.801701785));
#3697=CARTESIAN_POINT('',(-7.146859977,-21.095789021,0.788218786));
#3698=CARTESIAN_POINT('',(-7.283931466,-21.03449345,0.773517343));
#3699=CARTESIAN_POINT('',(-7.558074443,-20.911902307,0.744114456));
#3700=CARTESIAN_POINT('',(-7.806675077,-20.735232214,0.715308851));
#3701=CARTESIAN_POINT('',(-8.018079657,-20.521625573,0.687853017));
#3702=CARTESIAN_POINT('',(-8.440888818,-20.094412289,0.632941349));
#3703=CARTESIAN_POINT('',(-8.712395037,-19.515242649,0.575642347));
#3704=CARTESIAN_POINT('',(-8.752431012,-18.914916441,0.515834336));
#3705=CARTESIAN_POINT('',(-8.792466987,-18.314590233,0.456026324));
#3706=CARTESIAN_POINT('',(-8.598887672,-17.7051574,0.404104988));
#3707=CARTESIAN_POINT('',(-8.234532715,-17.227685905,0.346031392));
#3708=CARTESIAN_POINT('',(-8.143443975,-17.108318031,0.331512993));
#3709=CARTESIAN_POINT('',(-8.04189003,-16.997029662,0.316732484));
#3710=CARTESIAN_POINT('',(-7.931097496,-16.895889951,0.301720779));
#3711=CARTESIAN_POINT('',(-7.820304963,-16.794750239,0.286709074));
#3712=CARTESIAN_POINT('',(-7.702671439,-16.699961045,0.27404599));
#3713=CARTESIAN_POINT('',(-7.573967252,-16.622314152,0.257951841));
#3714=CARTESIAN_POINT('',(-7.509615159,-16.583490706,0.249904767));
#3715=CARTESIAN_POINT('',(-7.444845227,-16.545082038,0.243636738));
#3716=CARTESIAN_POINT('',(-7.377568546,-16.511381227,0.236379755));
#3717=CARTESIAN_POINT('',(-7.310291865,-16.477680416,0.229122772));
#3718=CARTESIAN_POINT('',(-7.241213972,-16.44772636,0.221541872));
#3719=CARTESIAN_POINT('',(-7.171405464,-16.419628178,0.214822825));
#3720=CARTESIAN_POINT('',(-7.031788447,-16.363431814,0.201384731));
#3721=CARTESIAN_POINT('',(-6.886105867,-16.32327632,0.186110387));
#3722=CARTESIAN_POINT('',(-6.738670625,-16.294590155,0.171871217));
#3723=CARTESIAN_POINT('',(-6.14892966,-16.179845496,0.114914538));
#3724=CARTESIAN_POINT('',(-5.518908542,-16.280878275,0.059215127));
#3725=CARTESIAN_POINT('',(-4.998556927,-16.582381559,0.000052736));
#3726=B_SPLINE_CURVE_WITH_KNOTS('',3,(#3557,#3558,#3559,#3560,#3561,#3562,#3563,#3564,#3565,#3566,#3567,#3568,#3569,#3570,#3571,#3572,#3573,#3574,#3575,#3576,#3577,#3578,#3579,#3580,#3581,#3582,
#3583,#3584,#3585,#3586,#3587,#3588,#3589,#3590,#3591,#3592,#3593,#3594,#3595,#3596,#3597,#3598,#3599,#3600,#3601,#3602,#3603,#3604,#3605,#3606,#3607,
#3608,#3609,#3610,#3611,#3612,#3613,#3614,#3615,#3616,#3617,#3618,#3619,#3620,#3621,#3622,#3623,#3624,#3625,#3626,#3627,#3628,#3629,#3630,#3631,#3632,
#3633,#3634,#3635,#3636,#3637,#3638,#3639,#3640,#3641,#3642,#3643,#3644,#3645,#3646,#3647,#3648,#3649,#3650,#3651,#3652,#3653,#3654,#3655,#3656,#3657,
#3658,#3659,#3660,#3661,#3662,#3663,#3664,#3665,#3666,#3667,#3668,#3669,#3670,#3671,#3672,#3673,#3674,#3675,#3676,#3677,#3678,#3679,#3680,#3681,#3682,
#3683,#3684,#3685,#3686,#3687,#3688,#3689,#3690,#3691,#3692,#3693,#3694,#3695,#3696,#3697,#3698,#3699,#3700,#3701,#3702,#3703,#3704,#3705,#3706,#3707,
#3708,#3709,#3710,#3711,#3712,#3713,#3714,#3715,#3716,#3717,#3718,#3719,#3720,#3721,#3722,#3723,#3724,#3725),.UNSPECIFIED.,.F.,.F.,(4,3,3,3,3,3,3,3,3,3,3,3,3,3,3,3,3,3,3,3,3,3,3,3,3,3,
3,3,3,3,3,3,3,3,3,3,3,3,3,3,3,3,3,3,3,3,3,3,3,3,3,
3,3,3,3,3,4),(9.773279213,9.954891934,10.136504655,10.318117376,10.408923737,10.499730097,10.590536458,10.681342819,10.772149179,10.86295554,10.9537619,11.044568261,11.135374622,11.226180982,11.316987343,11.407793704,11.589406425,11.771019146,11.952631867,12.134244588,12.31585731,12.497470031,12.588276391,12.679082752,12.769889113,12.860695473,
12.951501834,13.042308195,13.133114555,13.223920916,13.314727276,13.405533637,13.496339998,13.587146358,13.677952719,13.768759079,13.85956544,13.950371801,14.041178161,14.131984522,14.222790882,14.313597243,14.404403604,14.495209964,14.586016325,14.676822686,14.722225866,14.767629046,14.858435407,15.040048128,15.221660849,
15.267064029,15.31246721,15.3351688,15.35787039,15.40327357,15.584886292),.UNSPECIFIED.);
#3727=EDGE_CURVE('',#1711,#303,#3726,.T.);
#3728=ORIENTED_EDGE('',*,*,#3727,.T.);
#3729=ORIENTED_EDGE('',*,*,#420,.T.);
#3730=CARTESIAN_POINT('',(-8.127681598,-15.4434079,5.498292087));
#3731=CARTESIAN_POINT('',(-7.339459812,-14.993801262,5.442525363));
#3732=CARTESIAN_POINT('',(-6.375553316,-14.843582126,5.384054372));
#3733=CARTESIAN_POINT('',(-5.481527745,-15.026627896,5.325929235));
#3734=CARTESIAN_POINT('',(-4.587502173,-15.209673666,5.267804099));
#3735=CARTESIAN_POINT('',(-3.770633384,-15.732784764,5.21192198));
#3736=CARTESIAN_POINT('',(-3.218738558,-16.455363262,5.154748455));
#3737=CARTESIAN_POINT('',(-2.666843732,-17.17794176,5.09757493));
#3738=CARTESIAN_POINT('',(-2.397341493,-18.112933096,5.040182312));
#3739=CARTESIAN_POINT('',(-2.459221001,-19.023671748,4.982837856));
#3740=CARTESIAN_POINT('',(-2.490160755,-19.479041074,4.954165628));
#3741=CARTESIAN_POINT('',(-2.605163185,-19.9267855,4.925521113));
#3742=CARTESIAN_POINT('',(-2.797658979,-20.339810835,4.89689491));
#3743=CARTESIAN_POINT('',(-2.990154774,-20.752836171,4.868268707));
#3744=CARTESIAN_POINT('',(-3.257210534,-21.132049748,4.839654613));
#3745=CARTESIAN_POINT('',(-3.580559843,-21.453718744,4.811030836));
#3746=CARTESIAN_POINT('',(-3.903909153,-21.77538774,4.78240706));
#3747=CARTESIAN_POINT('',(-4.284514474,-22.037979355,4.753524877));
#3748=CARTESIAN_POINT('',(-4.701204041,-22.221884097,4.724847013));
#3749=CARTESIAN_POINT('',(-5.117893607,-22.405788839,4.696169149));
#3750=CARTESIAN_POINT('',(-5.569001844,-22.513901644,4.667676669));
#3751=CARTESIAN_POINT('',(-6.024523096,-22.542046676,4.639148483));
#3752=CARTESIAN_POINT('',(-6.480044347,-22.570191708,4.610620297));
#3753=CARTESIAN_POINT('',(-6.939861266,-22.518036226,4.581958267));
#3754=CARTESIAN_POINT('',(-7.37442926,-22.382689585,4.553330432));
#3755=CARTESIAN_POINT('',(-7.808997253,-22.247342944,4.524702597));
#3756=CARTESIAN_POINT('',(-8.218789807,-22.030468738,4.496038047));
#3757=CARTESIAN_POINT('',(-8.579593195,-21.750508696,4.467361173));
#3758=CARTESIAN_POINT('',(-8.940396582,-21.470548654,4.438684298));
#3759=CARTESIAN_POINT('',(-9.252239874,-21.127544987,4.410021734));
#3760=CARTESIAN_POINT('',(-9.490950909,-20.739957264,4.381388339));
#3761=CARTESIAN_POINT('',(-9.729661945,-20.352369542,4.352754943));
#3762=CARTESIAN_POINT('',(-9.893864965,-19.919420326,4.324185025));
#3763=CARTESIAN_POINT('',(-9.979350333,-19.471136473,4.295550861));
#3764=CARTESIAN_POINT('',(-10.064835701,-19.02285262,4.266916698));
#3765=CARTESIAN_POINT('',(-10.071929239,-18.559386863,4.238300991));
#3766=CARTESIAN_POINT('',(-9.997178603,-18.110319907,4.209682535));
#3767=CARTESIAN_POINT('',(-9.922427968,-17.661252951,4.181064078));
#3768=CARTESIAN_POINT('',(-9.762308804,-17.22730826,4.152145696));
#3769=CARTESIAN_POINT('',(-9.530936393,-16.833899496,4.123292121));
#3770=CARTESIAN_POINT('',(-9.299563982,-16.440490732,4.094438545));
#3771=CARTESIAN_POINT('',(-8.998321074,-16.087214117,4.066119526));
#3772=CARTESIAN_POINT('',(-8.645553204,-15.798624107,4.037702217));
#3773=CARTESIAN_POINT('',(-8.292785334,-15.510034097,4.009284907));
#3774=CARTESIAN_POINT('',(-7.887132521,-15.288815656,3.980562642));
#3775=CARTESIAN_POINT('',(-7.45414418,-15.146200555,3.951934467));
#3776=CARTESIAN_POINT('',(-6.588167497,-14.860970351,3.894678117));
#3777=CARTESIAN_POINT('',(-5.617900879,-14.88830859,3.837150452));
#3778=CARTESIAN_POINT('',(-4.778895017,-15.244619541,3.779937192));
#3779=CARTESIAN_POINT('',(-3.939889156,-15.600930493,3.722723933));
#3780=CARTESIAN_POINT('',(-3.228606505,-16.264053775,3.66556728));
#3781=CARTESIAN_POINT('',(-2.832138165,-17.083346935,3.608288015));
#3782=CARTESIAN_POINT('',(-2.435669825,-17.902640096,3.55100875));
#3783=CARTESIAN_POINT('',(-2.342186639,-18.871744402,3.493215861));
#3784=CARTESIAN_POINT('',(-2.581398694,-19.750380825,3.436253405));
#3785=CARTESIAN_POINT('',(-2.820610749,-20.629017248,3.379290949));
#3786=CARTESIAN_POINT('',(-3.392493035,-21.416115828,3.322231446));
#3787=CARTESIAN_POINT('',(-4.150872592,-21.920467501,3.264501458));
#3788=CARTESIAN_POINT('',(-4.909252149,-22.424819174,3.20677147));
#3789=CARTESIAN_POINT('',(-5.858984787,-22.635773037,3.150058002));
#3790=CARTESIAN_POINT('',(-6.761870538,-22.517011536,3.092815671));
#3791=CARTESIAN_POINT('',(-7.664756289,-22.398250035,3.03557334));
#3792=CARTESIAN_POINT('',(-8.515697261,-21.929987967,2.978272323));
#3793=CARTESIAN_POINT('',(-9.117387521,-21.244502403,2.920981532));
#3794=CARTESIAN_POINT('',(-9.418232651,-20.901759621,2.892336137));
#3795=CARTESIAN_POINT('',(-9.654766104,-20.504635797,2.863691849));
#3796=CARTESIAN_POINT('',(-9.811946524,-20.076799528,2.835060854));
#3797=CARTESIAN_POINT('',(-9.969126943,-19.648963259,2.806429858));
#3798=CARTESIAN_POINT('',(-10.049642513,-19.191976631,2.777804907));
#3799=CARTESIAN_POINT('',(-10.049590584,-18.735798708,2.749167253));
#3800=CARTESIAN_POINT('',(-10.049538656,-18.279620785,2.720529599));
#3801=CARTESIAN_POINT('',(-9.967517574,-17.824586613,2.691793615));
#3802=CARTESIAN_POINT('',(-9.804048514,-17.399472515,2.663157901));
#3803=CARTESIAN_POINT('',(-9.640579454,-16.974358416,2.634522187));
#3804=CARTESIAN_POINT('',(-9.398870497,-16.578347967,2.605970348));
#3805=CARTESIAN_POINT('',(-9.097340975,-16.235660597,2.577333039));
#3806=CARTESIAN_POINT('',(-8.795811453,-15.892973228,2.54869573));
#3807=CARTESIAN_POINT('',(-8.434547433,-15.603653347,2.520068851));
#3808=CARTESIAN_POINT('',(-8.032172139,-15.390907276,2.491432555));
#3809=CARTESIAN_POINT('',(-7.629796846,-15.178161206,2.46279626));
#3810=CARTESIAN_POINT('',(-7.18711024,-15.040619235,2.434054442));
#3811=CARTESIAN_POINT('',(-6.734253919,-14.982310008,2.405343426));
#3812=CARTESIAN_POINT('',(-6.281397597,-14.924000781,2.37663241));
#3813=CARTESIAN_POINT('',(-5.818370802,-14.944884692,2.347977915));
#3814=CARTESIAN_POINT('',(-5.375248185,-15.048999343,2.319380647));
#3815=CARTESIAN_POINT('',(-4.932125568,-15.153113994,2.290783378));
#3816=CARTESIAN_POINT('',(-4.509297762,-15.341926743,2.262325001));
#3817=CARTESIAN_POINT('',(-4.131034371,-15.597394533,2.233722356));
#3818=CARTESIAN_POINT('',(-3.752770981,-15.852862324,2.205119712));
#3819=CARTESIAN_POINT('',(-3.418842238,-16.174569503,2.176527604));
#3820=CARTESIAN_POINT('',(-3.153137436,-16.544370325,2.147870976));
#3821=CARTESIAN_POINT('',(-2.887432635,-16.914171147,2.119214349));
#3822=CARTESIAN_POINT('',(-2.693117627,-17.333975199,2.090344765));
#3823=CARTESIAN_POINT('',(-2.577589471,-17.775489261,2.061742072));
#3824=CARTESIAN_POINT('',(-2.462061315,-18.217003322,2.033139379));
#3825=CARTESIAN_POINT('',(-2.424830748,-18.679667355,2.004473276));
#3826=CARTESIAN_POINT('',(-2.469032853,-19.133145885,1.975841178));
#3827=CARTESIAN_POINT('',(-2.513234958,-19.586624414,1.94720908));
#3828=CARTESIAN_POINT('',(-2.640913326,-20.030579786,1.919042012));
#3829=CARTESIAN_POINT('',(-2.845068584,-20.43820177,1.889949861));
#3830=CARTESIAN_POINT('',(-3.2533791,-21.253445738,1.83176556));
#3831=CARTESIAN_POINT('',(-3.957082927,-21.923341909,1.772827484));
#3832=CARTESIAN_POINT('',(-4.802020235,-22.265018944,1.717614848));
#3833=CARTESIAN_POINT('',(-5.22448889,-22.435857462,1.690008531));
#3834=CARTESIAN_POINT('',(-5.67924307,-22.525215653,1.660329988));
#3835=CARTESIAN_POINT('',(-6.134428307,-22.540186281,1.632320285));
#3836=CARTESIAN_POINT('',(-6.589613544,-22.555156909,1.604310582));
#3837=CARTESIAN_POINT('',(-7.04708241,-22.494119163,1.576725209));
#3838=CARTESIAN_POINT('',(-7.47853729,-22.348561815,1.545700348));
#3839=CARTESIAN_POINT('',(-7.90999217,-22.203004466,1.514675488));
#3840=CARTESIAN_POINT('',(-8.314833737,-21.974106726,1.483630442));
#3841=CARTESIAN_POINT('',(-8.666908395,-21.682387642,1.457434341));
#3842=CARTESIAN_POINT('',(-9.018983053,-21.390668558,1.43123824));
#3843=CARTESIAN_POINT('',(-9.312203194,-21.032437702,1.402781454));
#3844=CARTESIAN_POINT('',(-9.538076542,-20.639144918,1.374386034));
#3845=CARTESIAN_POINT('',(-9.76394989,-20.245852133,1.345990614));
#3846=CARTESIAN_POINT('',(-9.925270024,-19.813685023,1.317667687));
#3847=CARTESIAN_POINT('',(-10.000024267,-19.36409747,1.286324858));
#3848=CARTESIAN_POINT('',(-10.07477851,-18.914509918,1.254982028));
#3849=CARTESIAN_POINT('',(-10.068897065,-18.450408786,1.227705679));
#3850=CARTESIAN_POINT('',(-9.977971539,-18.00368347,1.2014443));
#3851=CARTESIAN_POINT('',(-9.887046014,-17.556958155,1.175182921));
#3852=CARTESIAN_POINT('',(-9.708034024,-17.129830616,1.145103569));
#3853=CARTESIAN_POINT('',(-9.466477955,-16.742753985,1.116650208));
#3854=CARTESIAN_POINT('',(-9.224921886,-16.355677354,1.088196847));
#3855=CARTESIAN_POINT('',(-8.919203406,-16.006992424,1.061279337));
#3856=CARTESIAN_POINT('',(-8.559253025,-15.729334923,1.030958753));
#3857=CARTESIAN_POINT('',(-8.379277835,-15.590506172,1.015798461));
#3858=CARTESIAN_POINT('',(-8.188367412,-15.46593032,1.002443574));
#3859=CARTESIAN_POINT('',(-7.985663729,-15.36339294,0.987441137));
#3860=CARTESIAN_POINT('',(-7.782960045,-15.260855559,0.9724387));
#3861=CARTESIAN_POINT('',(-7.570294239,-15.177559891,0.957417699));
#3862=CARTESIAN_POINT('',(-7.351485049,-15.113592964,0.942555058));
#3863=CARTESIAN_POINT('',(-6.91386667,-14.98565911,0.912829776));
#3864=CARTESIAN_POINT('',(-6.451482652,-14.935045308,0.883720877));
#3865=CARTESIAN_POINT('',(-5.995287915,-14.963737068,0.856562819));
#3866=CARTESIAN_POINT('',(-5.082898441,-15.021120589,0.802246702));
#3867=CARTESIAN_POINT('',(-4.206352942,-15.408542425,0.748357581));
#3868=CARTESIAN_POINT('',(-3.566565469,-16.059832057,0.686831398));
#3869=CARTESIAN_POINT('',(-3.246671733,-16.385476873,0.656068306));
#3870=CARTESIAN_POINT('',(-2.982457281,-16.770377164,0.62589141));
#3871=CARTESIAN_POINT('',(-2.791103991,-17.187398644,0.598113475));
#3872=CARTESIAN_POINT('',(-2.695427346,-17.395909384,0.584224507));
#3873=CARTESIAN_POINT('',(-2.617382859,-17.612299267,0.571426597));
#3874=CARTESIAN_POINT('',(-2.561468552,-17.833480724,0.557806238));
#3875=CARTESIAN_POINT('',(-2.505554245,-18.054662182,0.544185879));
#3876=CARTESIAN_POINT('',(-2.473017881,-18.280263553,0.528880134));
#3877=CARTESIAN_POINT('',(-2.457431427,-18.506017373,0.51536475));
#3878=CARTESIAN_POINT('',(-2.426258521,-18.957525012,0.488333981));
#3879=CARTESIAN_POINT('',(-2.477158988,-19.413878998,0.459764747));
#3880=CARTESIAN_POINT('',(-2.613136367,-19.848643908,0.428839333));
#3881=CARTESIAN_POINT('',(-2.749113747,-20.283408817,0.397913918));
#3882=CARTESIAN_POINT('',(-2.963427462,-20.69652465,0.368265067));
#3883=CARTESIAN_POINT('',(-3.240502392,-21.060962836,0.340278363));
#3884=CARTESIAN_POINT('',(-3.379039858,-21.24318193,0.326285011));
#3885=CARTESIAN_POINT('',(-3.533184061,-21.413310421,0.312746145));
#3886=CARTESIAN_POINT('',(-3.70109303,-21.567764294,0.299409436));
#3887=CARTESIAN_POINT('',(-3.869001999,-21.722218167,0.286072728));
#3888=CARTESIAN_POINT('',(-4.053644171,-21.85634217,0.26984676));
#3889=CARTESIAN_POINT('',(-4.244972938,-21.978904125,0.257647585));
#3890=CARTESIAN_POINT('',(-4.340637322,-22.040185103,0.251547998));
#3891=CARTESIAN_POINT('',(-4.440783724,-22.0940755,0.243387062));
#3892=CARTESIAN_POINT('',(-4.54230585,-22.145033632,0.236253059));
#3893=CARTESIAN_POINT('',(-4.643827976,-22.195991764,0.229119056));
#3894=CARTESIAN_POINT('',(-4.746817876,-22.244637611,0.223312007));
#3895=CARTESIAN_POINT('',(-4.853434215,-22.28436206,0.214843149));
#3896=CARTESIAN_POINT('',(-5.066666891,-22.363810956,0.197905432));
#3897=CARTESIAN_POINT('',(-5.284458492,-22.433446572,0.186328628));
#3898=CARTESIAN_POINT('',(-5.508455061,-22.478049098,0.171838705));
#3899=CARTESIAN_POINT('',(-6.404441337,-22.656459206,0.113879013));
#3900=CARTESIAN_POINT('',(-7.362091753,-22.494594783,0.055069174));
#3901=CARTESIAN_POINT('',(-8.150515723,-22.041902133,-0.000075793));
#3902=B_SPLINE_CURVE_WITH_KNOTS('',3,(#3730,#3731,#3732,#3733,#3734,#3735,#3736,#3737,#3738,#3739,#3740,#3741,#3742,#3743,#3744,#3745,#3746,#3747,#3748,#3749,#3750,#3751,#3752,#3753,#3754,#3755,
#3756,#3757,#3758,#3759,#3760,#3761,#3762,#3763,#3764,#3765,#3766,#3767,#3768,#3769,#3770,#3771,#3772,#3773,#3774,#3775,#3776,#3777,#3778,#3779,#3780,
#3781,#3782,#3783,#3784,#3785,#3786,#3787,#3788,#3789,#3790,#3791,#3792,#3793,#3794,#3795,#3796,#3797,#3798,#3799,#3800,#3801,#3802,#3803,#3804,#3805,
#3806,#3807,#3808,#3809,#3810,#3811,#3812,#3813,#3814,#3815,#3816,#3817,#3818,#3819,#3820,#3821,#3822,#3823,#3824,#3825,#3826,#3827,#3828,#3829,#3830,
#3831,#3832,#3833,#3834,#3835,#3836,#3837,#3838,#3839,#3840,#3841,#3842,#3843,#3844,#3845,#3846,#3847,#3848,#3849,#3850,#3851,#3852,#3853,#3854,#3855,
#3856,#3857,#3858,#3859,#3860,#3861,#3862,#3863,#3864,#3865,#3866,#3867,#3868,#3869,#3870,#3871,#3872,#3873,#3874,#3875,#3876,#3877,#3878,#3879,#3880,
#3881,#3882,#3883,#3884,#3885,#3886,#3887,#3888,#3889,#3890,#3891,#3892,#3893,#3894,#3895,#3896,#3897,#3898,#3899,#3900,#3901),.UNSPECIFIED.,.F.,.F.,(4,3,3,3,3,3,3,3,3,3,3,3,3,3,3,3,3,3,3,3,3,3,3,3,3,3,
3,3,3,3,3,3,3,3,3,3,3,3,3,3,3,3,3,3,3,3,3,3,3,3,3,
3,3,3,3,3,3,4),(4.802176942,5.077134627,5.352092312,5.627049996,5.764528839,5.902007681,6.039486524,6.176965366,6.314444208,6.451923051,6.589401893,6.726880736,6.864359578,7.00183842,7.139317263,7.276796105,7.55175379,7.826711475,8.101669159,8.376626844,8.651584529,8.926542214,9.064021056,9.201499899,9.338978741,9.476457583,
9.613936426,9.751415268,9.88889411,10.026372953,10.163851795,10.301330638,10.43880948,10.576288322,10.851246007,10.98872485,11.126203692,11.263682534,11.401161377,11.538640219,11.676119061,11.813597904,11.951076746,12.019816167,12.088555589,12.226034431,12.500992116,12.638470958,12.707210379,12.775949801,12.913428643,
13.050907485,13.119646907,13.188386328,13.222756038,13.257125749,13.32586517,13.600822855),.UNSPECIFIED.);
#3903=EDGE_CURVE('',#1765,#301,#3902,.T.);
#3904=ORIENTED_EDGE('',*,*,#3903,.F.);
#3905=ORIENTED_EDGE('',*,*,#1769,.F.);
#3906=EDGE_LOOP('',(#3556,#3728,#3729,#3904,#3905));
#3907=FACE_BOUND('',#3906,.T.);
#3908=ADVANCED_FACE('',(#3907),#3555,.F.);
#3909=CARTESIAN_POINT('',(-4.998579898,-16.582211034,-0.));
#3910=CARTESIAN_POINT('',(-5.04552316,-16.555023473,0.005176629));
#3911=CARTESIAN_POINT('',(-5.526448513,-16.297256512,0.057224736));
#3912=CARTESIAN_POINT('',(-6.594898319,-16.120579733,0.156144319));
#3913=CARTESIAN_POINT('',(-7.997932175,-16.754782156,0.296758751));
#3914=CARTESIAN_POINT('',(-8.810988082,-18.062940816,0.437373183));
#3915=CARTESIAN_POINT('',(-8.762721677,-19.599644227,0.577987615));
#3916=CARTESIAN_POINT('',(-7.864215415,-20.855832692,0.718602047));
#3917=CARTESIAN_POINT('',(-6.428337823,-21.391162408,0.859216479));
#3918=CARTESIAN_POINT('',(-4.528564277,-20.969621603,1.036286504));
#3919=CARTESIAN_POINT('',(-3.237985657,-18.756144016,1.249812123));
#3920=CARTESIAN_POINT('',(-4.748307377,-16.139901807,1.499793335));
#3921=CARTESIAN_POINT('',(-7.494629858,-16.148556887,1.72894278));
#3922=CARTESIAN_POINT('',(-8.928288848,-18.033147547,1.937260457));
#3923=CARTESIAN_POINT('',(-8.655949936,-20.132661184,2.124746366));
#3924=CARTESIAN_POINT('',(-6.97060538,-21.430965486,2.312232275));
#3925=CARTESIAN_POINT('',(-4.865634973,-21.154288661,2.499718184));
#3926=CARTESIAN_POINT('',(-3.570169281,-19.471917377,2.687204093));
#3927=CARTESIAN_POINT('',(-3.845009537,-17.365375033,2.874690003));
#3928=CARTESIAN_POINT('',(-5.52802787,-16.070580679,3.062175912));
#3929=CARTESIAN_POINT('',(-7.634240822,-16.34459374,3.249661821));
#3930=CARTESIAN_POINT('',(-8.929317178,-18.028002082,3.43714773));
#3931=CARTESIAN_POINT('',(-8.655712538,-20.133497727,3.624633639));
#3932=CARTESIAN_POINT('',(-6.971969277,-21.43007962,3.812119549));
#3933=CARTESIAN_POINT('',(-5.218332436,-21.200109667,3.968357806));
#3934=CARTESIAN_POINT('',(-4.217377318,-20.315051398,4.093348412));
#3935=CARTESIAN_POINT('',(-3.617684426,-19.121416098,4.218339018));
#3936=CARTESIAN_POINT('',(-3.843351918,-17.3667186,4.374577276));
#3937=CARTESIAN_POINT('',(-5.526955587,-16.070975511,4.562063185));
#3938=CARTESIAN_POINT('',(-7.632978098,-16.343831879,4.749549095));
#3939=CARTESIAN_POINT('',(-8.92904013,-18.027034203,4.937035004));
#3940=CARTESIAN_POINT('',(-8.656419036,-20.132445545,5.124520913));
#3941=CARTESIAN_POINT('',(-6.973406641,-21.429514078,5.312006822));
#3942=CARTESIAN_POINT('',(-4.868118368,-21.155349912,5.499492731));
#3943=CARTESIAN_POINT('',(-3.570061794,-19.475811881,5.68697864));
#3944=CARTESIAN_POINT('',(-3.845407229,-17.364668485,5.87446455));
#3945=CARTESIAN_POINT('',(-5.51539562,-16.081296587,6.061186607));
#3946=CARTESIAN_POINT('',(-6.916080863,-16.245884827,6.185413361));
#3947=CARTESIAN_POINT('',(-7.477584947,-16.56321966,6.247144812));
#3948=CARTESIAN_POINT('',(-4.788840123,-16.20357772,-0.249468445));
#3949=CARTESIAN_POINT('',(-4.843982922,-16.171833019,-0.244291816));
#3950=CARTESIAN_POINT('',(-5.408847579,-15.870969163,-0.19224371));
#3951=CARTESIAN_POINT('',(-6.66257068,-15.667012302,-0.093324126));
#3952=CARTESIAN_POINT('',(-8.306247336,-16.415157268,0.047290306));
#3953=CARTESIAN_POINT('',(-9.255879158,-17.951980362,0.187904738));
#3954=CARTESIAN_POINT('',(-9.194568752,-19.754229332,0.32851917));
#3955=CARTESIAN_POINT('',(-8.136871291,-21.22486336,0.469133602));
#3956=CARTESIAN_POINT('',(-6.451096173,-21.848359642,0.609748034));
#3957=CARTESIAN_POINT('',(-4.224143855,-21.348127481,0.786818059));
#3958=CARTESIAN_POINT('',(-2.717195507,-18.747995638,1.000343678));
#3959=CARTESIAN_POINT('',(-4.496648104,-15.684029352,1.25032489));
#3960=CARTESIAN_POINT('',(-7.717778878,-15.702577053,1.479474335));
#3961=CARTESIAN_POINT('',(-9.393551372,-17.917395223,1.687792011));
#3962=CARTESIAN_POINT('',(-9.067707654,-20.379077177,1.875277921));
#3963=CARTESIAN_POINT('',(-7.086998463,-21.896703212,2.06276383));
#3964=CARTESIAN_POINT('',(-4.618929419,-21.565752724,2.250249739));
#3965=CARTESIAN_POINT('',(-3.104623766,-19.588541464,2.437735648));
#3966=CARTESIAN_POINT('',(-3.433424916,-17.118622004,2.625221557));
#3967=CARTESIAN_POINT('',(-5.411393065,-15.605106366,2.812707467));
#3968=CARTESIAN_POINT('',(-7.8809287,-15.932935854,3.000193376));
#3969=CARTESIAN_POINT('',(-9.394773911,-17.911362754,3.187679285));
#3970=CARTESIAN_POINT('',(-9.06742565,-20.380057654,3.375165194));
#3971=CARTESIAN_POINT('',(-7.088601308,-21.895668872,3.562651103));
#3972=CARTESIAN_POINT('',(-5.032467581,-21.620573379,3.718889361));
#3973=CARTESIAN_POINT('',(-3.861155217,-20.579431042,3.843879967));
#3974=CARTESIAN_POINT('',(-3.16142459,-19.177584222,3.968870573));
#3975=CARTESIAN_POINT('',(-3.431477823,-17.120193736,4.125108831));
#3976=CARTESIAN_POINT('',(-5.41013366,-15.60556539,4.31259474));
#3977=CARTESIAN_POINT('',(-7.879450254,-15.932038581,4.500080649));
#3978=CARTESIAN_POINT('',(-9.394451188,-17.910226781,4.687566558));
#3979=CARTESIAN_POINT('',(-9.068258568,-20.378826002,4.875052468));
#3980=CARTESIAN_POINT('',(-7.090288425,-21.895009155,5.062538377));
#3981=CARTESIAN_POINT('',(-4.621839065,-21.567005391,5.250024286));
#3982=CARTESIAN_POINT('',(-3.104485568,-19.593108452,5.437510195));
#3983=CARTESIAN_POINT('',(-3.433893884,-17.117795432,5.624996104));
#3984=CARTESIAN_POINT('',(-5.396544107,-15.61763568,5.811718162));
#3985=CARTESIAN_POINT('',(-7.038901682,-15.814964187,5.935944916));
#3986=CARTESIAN_POINT('',(-7.696518458,-16.188882749,5.997676367));
#3987=CARTESIAN_POINT('',(-4.577545209,-15.825954883,-0.499133819));
#3988=CARTESIAN_POINT('',(-4.640865599,-15.789619368,-0.49395719));
#3989=CARTESIAN_POINT('',(-5.289460088,-15.445312821,-0.441909083));
#3990=CARTESIAN_POINT('',(-6.728284066,-15.21329224,-0.3429895));
#3991=CARTESIAN_POINT('',(-8.613018061,-16.074316922,-0.202375068));
#3992=CARTESIAN_POINT('',(-9.700161986,-17.839151781,-0.061760636));
#3993=CARTESIAN_POINT('',(-9.626946477,-19.906922228,0.078853796));
#3994=CARTESIAN_POINT('',(-8.411022315,-21.592617338,0.219468228));
#3995=CARTESIAN_POINT('',(-6.475801743,-22.3053223,0.36008266));
#3996=CARTESIAN_POINT('',(-3.921433234,-21.727819216,0.537152685));
#3997=CARTESIAN_POINT('',(-2.196526744,-18.742076575,0.750678304));
#3998=CARTESIAN_POINT('',(-4.243116561,-15.229369036,1.000659516));
#3999=CARTESIAN_POINT('',(-7.938954224,-15.255778736,1.229808961));
#4000=CARTESIAN_POINT('',(-9.858179983,-17.799688291,1.438126638));
#4001=CARTESIAN_POINT('',(-9.480393142,-20.62365957,1.625612547));
#4002=CARTESIAN_POINT('',(-7.205347895,-22.361802933,1.813098456));
#4003=CARTESIAN_POINT('',(-4.37405637,-21.978147446,2.000584365));
#4004=CARTESIAN_POINT('',(-2.63971715,-19.707120118,2.188070274));
#4005=CARTESIAN_POINT('',(-3.020909489,-16.873702507,2.375556184));
#4006=CARTESIAN_POINT('',(-5.29280399,-15.140270667,2.563042093));
#4007=CARTESIAN_POINT('',(-8.12578276,-15.52034772,2.750528002));
#4008=CARTESIAN_POINT('',(-9.859592011,-17.792768914,2.938013911));
#4009=CARTESIAN_POINT('',(-9.480068452,-20.62478409,3.12549982));
#4010=CARTESIAN_POINT('',(-7.207188431,-22.360618476,3.312985729));
#4011=CARTESIAN_POINT('',(-4.848455319,-22.041706514,3.469223987));
#4012=CARTESIAN_POINT('',(-3.506170111,-20.845253222,3.594214593));
#4013=CARTESIAN_POINT('',(-2.705544192,-19.235685693,3.719205199));
#4014=CARTESIAN_POINT('',(-3.018672388,-16.875502382,3.875443457));
#4015=CARTESIAN_POINT('',(-5.291358469,-15.140795683,4.062929366));
#4016=CARTESIAN_POINT('',(-8.124087727,-15.519315776,4.250415275));
#4017=CARTESIAN_POINT('',(-9.859223852,-17.79146496,4.437901185));
#4018=CARTESIAN_POINT('',(-9.481025629,-20.623372118,4.625387094));
#4019=CARTESIAN_POINT('',(-7.209125467,-22.359864557,4.812873003));
#4020=CARTESIAN_POINT('',(-4.377392798,-21.97958922,5.000358912));
#4021=CARTESIAN_POINT('',(-2.63955141,-19.712360212,5.187844821));
#4022=CARTESIAN_POINT('',(-3.021448733,-16.87275446,5.37533073));
#4023=CARTESIAN_POINT('',(-5.275746553,-15.154623256,5.562052788));
#4024=CARTESIAN_POINT('',(-7.159844071,-15.383648801,5.686279542));
#4025=CARTESIAN_POINT('',(-7.913786473,-15.813723025,5.748010993));
#4026=CARTESIAN_POINT('',(-4.365897787,-15.448542876,-0.748816372));
#4027=CARTESIAN_POINT('',(-4.437391188,-15.407608913,-0.743639743));
#4028=CARTESIAN_POINT('',(-5.169671995,-15.019781416,-0.691591637));
#4029=CARTESIAN_POINT('',(-6.793565146,-14.759522262,-0.592672053));
#4030=CARTESIAN_POINT('',(-8.919456981,-15.733194848,-0.452057621));
#4031=CARTESIAN_POINT('',(-10.144325584,-17.725904727,-0.311443189));
#4032=CARTESIAN_POINT('',(-10.059457232,-20.059200718,-0.170828757));
#4033=CARTESIAN_POINT('',(-8.685514764,-21.960101053,-0.030214325));
#4034=CARTESIAN_POINT('',(-6.500940205,-22.762249123,0.110400107));
#4035=CARTESIAN_POINT('',(-3.6190913,-22.107787355,0.287470132));
#4036=CARTESIAN_POINT('',(-1.675866414,-18.736652012,0.500995751));
#4037=CARTESIAN_POINT('',(-3.989160699,-14.774961487,0.750976963));
#4038=CARTESIAN_POINT('',(-8.159699462,-14.808783116,0.980126408));
#4039=CARTESIAN_POINT('',(-10.322684499,-17.681543442,1.188444085));
#4040=CARTESIAN_POINT('',(-9.893298919,-20.867843845,1.375929994));
#4041=CARTESIAN_POINT('',(-7.324135652,-22.826777536,1.563415903));
#4042=CARTESIAN_POINT('',(-4.129581182,-22.390763253,1.750901812));
#4043=CARTESIAN_POINT('',(-2.174935859,-19.826136613,1.938387721));
#4044=CARTESIAN_POINT('',(-2.608172937,-16.62918115,2.12587363));
#4045=CARTESIAN_POINT('',(-5.173777141,-14.675560201,2.31335954));
#4046=CARTESIAN_POINT('',(-8.370238612,-15.107538609,2.500845449));
#4047=CARTESIAN_POINT('',(-10.324284877,-17.673737211,2.688331358));
#4048=CARTESIAN_POINT('',(-9.892932103,-20.869112444,2.875817267));
#4049=CARTESIAN_POINT('',(-7.326213555,-22.825442516,3.063303176));
#4050=CARTESIAN_POINT('',(-4.664847508,-22.463003245,3.219541434));
#4051=CARTESIAN_POINT('',(-3.151446868,-21.111404818,3.34453204));
#4052=CARTESIAN_POINT('',(-2.249732058,-19.294218199,3.469522646));
#4053=CARTESIAN_POINT('',(-2.605645538,-16.631209029,3.625760904));
#4054=CARTESIAN_POINT('',(-5.172145784,-14.676151726,3.813246813));
#4055=CARTESIAN_POINT('',(-8.368326759,-15.10637213,4.000732722));
#4056=CARTESIAN_POINT('',(-10.323871435,-17.672265289,4.188218631));
#4057=CARTESIAN_POINT('',(-9.894012924,-20.867519905,4.375704541));
#4058=CARTESIAN_POINT('',(-7.328400615,-22.8245945,4.56319045));
#4059=CARTESIAN_POINT('',(-4.133344511,-22.392393583,4.750676359));
#4060=CARTESIAN_POINT('',(-2.174743305,-19.832050051,4.938162268));
#4061=CARTESIAN_POINT('',(-2.608782198,-16.628111171,5.125648177));
#4062=CARTESIAN_POINT('',(-5.154512945,-14.691738419,5.312370235));
#4063=CARTESIAN_POINT('',(-7.280374011,-14.952230621,5.436596989));
#4064=CARTESIAN_POINT('',(-8.130692697,-15.438367495,5.49832844));
#4065=B_SPLINE_SURFACE_WITH_KNOTS('',3,3,((#3909,#3910,#3911,#3912,#3913,#3914,#3915,#3916,#3917,#3918,#3919,#3920,#3921,#3922,#3923,#3924,#3925,#3926,#3927,#3928,#3929,#3930,#3931,#3932,#3933,#3934,
#3935,#3936,#3937,#3938,#3939,#3940,#3941,#3942,#3943,#3944,#3945,#3946,#3947),(#3948,#3949,#3950,#3951,#3952,#3953,#3954,#3955,#3956,#3957,#3958,#3959,#3960,#3961,#3962,#3963,#3964,#3965,#3966,#3967,#3968,#3969,#3970,#3971,#3972,#3973,
#3974,#3975,#3976,#3977,#3978,#3979,#3980,#3981,#3982,#3983,#3984,#3985,#3986),(#3987,#3988,#3989,#3990,#3991,#3992,#3993,#3994,#3995,#3996,#3997,#3998,#3999,#4000,#4001,#4002,#4003,#4004,#4005,#4006,#4007,#4008,#4009,#4010,#4011,#4012,
#4013,#4014,#4015,#4016,#4017,#4018,#4019,#4020,#4021,#4022,#4023,#4024,#4025),(#4026,#4027,#4028,#4029,#4030,#4031,#4032,#4033,#4034,#4035,#4036,#4037,#4038,#4039,#4040,#4041,#4042,#4043,#4044,#4045,#4046,#4047,#4048,#4049,#4050,#4051,
#4052,#4053,#4054,#4055,#4056,#4057,#4058,#4059,#4060,#4061,#4062,#4063,#4064)),.UNSPECIFIED.,.F.,.F.,.U.,(4,4),(4,1,1,1,1,1,1,1,1,1,1,1,1,1,1,1,1,1,1,1,1,1,1,1,1,1,
1,1,1,1,1,1,1,1,1,1,4),(0.170679769,0.320537433),(7.339034499,7.40408594,7.993090295,8.58209465,9.171099005,9.76010336,10.349107715,10.93811207,11.527116425,12.574235278,13.621354131,14.668472984,15.453812124,16.239151264,17.024490404,17.809829544,18.595168684,19.380507824,20.165846964,20.951186104,21.736525244,22.521864384,23.307203524,24.092542664,24.485212234,24.877881804,
25.663220944,26.448560083,27.233899223,28.019238363,28.804577503,29.589916643,30.375255783,31.160594923,31.945934063,32.731273203,33.507013496),.UNSPECIFIED.);
#4066=ORIENTED_EDGE('',*,*,#1812,.T.);
#4067=ORIENTED_EDGE('',*,*,#3903,.T.);
#4068=ORIENTED_EDGE('',*,*,#354,.T.);
#4069=ORIENTED_EDGE('',*,*,#3727,.F.);
#4070=EDGE_LOOP('',(#4066,#4067,#4068,#4069));
#4071=FACE_BOUND('',#4070,.T.);
#4072=ADVANCED_FACE('',(#4071),#4065,.F.);
#4073=CARTESIAN_POINT('',(-20.650574189,-22.042001671,-0.000009183));
#4074=CARTESIAN_POINT('',(-20.579244059,-22.083316794,0.005170507));
#4075=CARTESIAN_POINT('',(-19.848859311,-22.474808029,0.057221674));
#4076=CARTESIAN_POINT('',(-18.226225101,-22.743125885,0.156144319));
#4077=CARTESIAN_POINT('',(-16.095534633,-21.779999483,0.296758751));
#4078=CARTESIAN_POINT('',(-14.860796973,-19.793396693,0.437373183));
#4079=CARTESIAN_POINT('',(-14.934102594,-17.459692584,0.577987615));
#4080=CARTESIAN_POINT('',(-16.298594133,-15.552028393,0.718602046));
#4081=CARTESIAN_POINT('',(-18.479175959,-14.739026245,0.859216478));
#4082=CARTESIAN_POINT('',(-21.364226126,-15.379226404,1.036286504));
#4083=CARTESIAN_POINT('',(-23.324125492,-18.740666285,1.249812122));
#4084=CARTESIAN_POINT('',(-21.030544388,-22.713765558,1.499793335));
#4085=CARTESIAN_POINT('',(-16.859848985,-22.700660567,1.728942779));
#4086=CARTESIAN_POINT('',(-14.682673726,-19.838627485,1.937260456));
#4087=CARTESIAN_POINT('',(-15.096233959,-16.650248476,2.124746365));
#4088=CARTESIAN_POINT('',(-17.655670524,-14.678597545,2.312232275));
#4089=CARTESIAN_POINT('',(-20.852339592,-15.098767942,2.499718184));
#4090=CARTESIAN_POINT('',(-22.819680013,-17.653673144,2.687204093));
#4091=CARTESIAN_POINT('',(-22.402296757,-20.852736448,2.874690002));
#4092=CARTESIAN_POINT('',(-19.846411051,-22.819054317,3.062175911));
#4093=CARTESIAN_POINT('',(-16.6478458,-22.402928809,3.24966182));
#4094=CARTESIAN_POINT('',(-14.681102384,-19.846449335,3.43714773));
#4095=CARTESIAN_POINT('',(-15.096603298,-16.648976202,3.624633639));
#4096=CARTESIAN_POINT('',(-17.653599705,-14.679939956,3.812119548));
#4097=CARTESIAN_POINT('',(-20.316712847,-15.029191287,3.968357806));
#4098=CARTESIAN_POINT('',(-21.836819112,-16.373254604,4.093348412));
#4099=CARTESIAN_POINT('',(-22.747507224,-18.185958886,4.218339018));
#4100=CARTESIAN_POINT('',(-22.404824797,-20.850703042,4.374577276));
#4101=CARTESIAN_POINT('',(-19.848033013,-22.818449542,4.562063185));
#4102=CARTESIAN_POINT('',(-16.64976518,-22.404085173,4.749549094));
#4103=CARTESIAN_POINT('',(-14.681528379,-19.847920551,4.937035003));
#4104=CARTESIAN_POINT('',(-15.095523189,-16.650572103,5.124520912));
#4105=CARTESIAN_POINT('',(-17.65141566,-14.680802705,5.312006822));
#4106=CARTESIAN_POINT('',(-20.848569222,-15.097156163,5.499492731));
#4107=CARTESIAN_POINT('',(-22.819841841,-17.647757775,5.68697864));
#4108=CARTESIAN_POINT('',(-22.401693892,-20.853814499,5.874464549));
#4109=CARTESIAN_POINT('',(-19.855225459,-22.810748228,6.061950458));
#4110=CARTESIAN_POINT('',(-17.709502706,-22.549366126,6.18710304));
#4111=CARTESIAN_POINT('',(-16.849731603,-22.050289442,6.249760318));
#4112=CARTESIAN_POINT('',(-16.847510447,-22.048996824,6.249922293));
#4113=CARTESIAN_POINT('',(-20.431421826,-21.668897587,-0.249691735));
#4114=CARTESIAN_POINT('',(-20.368175891,-21.705448924,-0.244512046));
#4115=CARTESIAN_POINT('',(-19.720596192,-22.051753259,-0.192460878));
#4116=CARTESIAN_POINT('',(-18.282436537,-22.288143099,-0.093538234));
#4117=CARTESIAN_POINT('',(-16.395103892,-21.43282956,0.047076198));
#4118=CARTESIAN_POINT('',(-15.302612108,-19.671306517,0.18769063));
#4119=CARTESIAN_POINT('',(-15.369566075,-17.603309309,0.328305062));
#4120=CARTESIAN_POINT('',(-16.580367085,-15.913958852,0.468919494));
#4121=CARTESIAN_POINT('',(-18.513428623,-15.195361943,0.609533925));
#4122=CARTESIAN_POINT('',(-21.069527932,-15.765152783,0.786603951));
#4123=CARTESIAN_POINT('',(-22.803463466,-18.745633963,1.00012957));
#4124=CARTESIAN_POINT('',(-20.767566324,-22.264519763,1.250110782));
#4125=CARTESIAN_POINT('',(-17.071630865,-22.249344375,1.479260226));
#4126=CARTESIAN_POINT('',(-15.144725303,-19.711237005,1.687577903));
#4127=CARTESIAN_POINT('',(-15.513934105,-16.886142176,1.875063812));
#4128=CARTESIAN_POINT('',(-17.783713476,-15.141108933,2.062549722));
#4129=CARTESIAN_POINT('',(-20.616149241,-15.516180971,2.250035631));
#4130=CARTESIAN_POINT('',(-22.357366329,-17.78194249,2.43752154));
#4131=CARTESIAN_POINT('',(-21.984762233,-20.616501552,2.625007449));
#4132=CARTESIAN_POINT('',(-19.718132631,-22.356812101,2.812493358));
#4133=CARTESIAN_POINT('',(-16.884013901,-21.985322692,2.999979268));
#4134=CARTESIAN_POINT('',(-15.143326701,-19.71816687,3.187465177));
#4135=CARTESIAN_POINT('',(-15.51426176,-16.885014935,3.374951086));
#4136=CARTESIAN_POINT('',(-17.781877475,-15.142297197,3.562436995));
#4137=CARTESIAN_POINT('',(-20.141552214,-15.454065994,3.718675253));
#4138=CARTESIAN_POINT('',(-21.48747756,-16.646434327,3.843665859));
#4139=CARTESIAN_POINT('',(-22.292953483,-18.25357647,3.968656465));
#4140=CARTESIAN_POINT('',(-21.987005023,-20.614702591,4.124894723));
#4141=CARTESIAN_POINT('',(-19.719570204,-22.356276913,4.312380632));
#4142=CARTESIAN_POINT('',(-16.885713985,-21.986349222,4.499866541));
#4143=CARTESIAN_POINT('',(-15.143702406,-19.719470965,4.68735245));
#4144=CARTESIAN_POINT('',(-15.513303962,-16.88642859,4.874838359));
#4145=CARTESIAN_POINT('',(-17.779941041,-15.143059245,5.062324269));
#4146=CARTESIAN_POINT('',(-20.612809474,-15.514749697,5.249810178));
#4147=CARTESIAN_POINT('',(-22.357514693,-17.776700186,5.437296087));
#4148=CARTESIAN_POINT('',(-21.984227217,-20.617457085,5.624781996));
#4149=CARTESIAN_POINT('',(-19.72595099,-22.349458501,5.812267905));
#4150=CARTESIAN_POINT('',(-17.824697678,-22.115997439,5.937420487));
#4151=CARTESIAN_POINT('',(-17.06322,-21.672996406,6.000077765));
#4152=CARTESIAN_POINT('',(-17.061252781,-21.671849029,6.00023974));
#4153=CARTESIAN_POINT('',(-20.211909631,-21.295991561,-0.499357109));
#4154=CARTESIAN_POINT('',(-20.156743586,-21.327771315,-0.494177419));
#4155=CARTESIAN_POINT('',(-19.591928256,-21.628808976,-0.442126252));
#4156=CARTESIAN_POINT('',(-18.338217743,-21.833094919,-0.343203608));
#4157=CARTESIAN_POINT('',(-16.694351674,-21.085366192,-0.202589176));
#4158=CARTESIAN_POINT('',(-15.744323106,-19.548793869,-0.061974744));
#4159=CARTESIAN_POINT('',(-15.805177366,-17.746516677,0.078639688));
#4160=CARTESIAN_POINT('',(-16.862490937,-16.275631473,0.21925412));
#4161=CARTESIAN_POINT('',(-18.548115168,-15.651677364,0.359868552));
#4162=CARTESIAN_POINT('',(-20.775188306,-16.151368612,0.536938577));
#4163=CARTESIAN_POINT('',(-22.28279209,-18.751096099,0.750464196));
#4164=CARTESIAN_POINT('',(-20.504155183,-21.815511354,1.000445408));
#4165=CARTESIAN_POINT('',(-17.282989964,-21.797815574,1.229594853));
#4166=CARTESIAN_POINT('',(-15.606668614,-19.583404473,1.437912529));
#4167=CARTESIAN_POINT('',(-15.931868649,-17.121645879,1.625398439));
#4168=CARTESIAN_POINT('',(-17.912198965,-15.603511037,1.812884348));
#4169=CARTESIAN_POINT('',(-20.380348549,-15.933829199,2.000370257));
#4170=CARTESIAN_POINT('',(-21.895162183,-17.910653891,2.187856166));
#4171=CARTESIAN_POINT('',(-21.566992444,-20.380656596,2.375342075));
#4172=CARTESIAN_POINT('',(-19.589412236,-21.894679331,2.562827985));
#4173=CARTESIAN_POINT('',(-17.119791981,-21.567481457,2.750313894));
#4174=CARTESIAN_POINT('',(-15.605441584,-19.58944234,2.937799803));
#4175=CARTESIAN_POINT('',(-15.932155191,-17.120663771,3.125285712));
#4176=CARTESIAN_POINT('',(-17.910597493,-15.604544675,3.312771621));
#4177=CARTESIAN_POINT('',(-19.966789838,-15.879118693,3.469009879));
#4178=CARTESIAN_POINT('',(-21.13838589,-16.919952632,3.594000485));
#4179=CARTESIAN_POINT('',(-21.838452503,-18.321627315,3.718991091));
#4180=CARTESIAN_POINT('',(-21.568949726,-20.379091873,3.875229349));
#4181=CARTESIAN_POINT('',(-19.590665654,-21.894214284,4.062715258));
#4182=CARTESIAN_POINT('',(-17.121272535,-21.568378268,4.250201167));
#4183=CARTESIAN_POINT('',(-15.605767162,-19.590579362,4.437687076));
#4184=CARTESIAN_POINT('',(-15.931319099,-17.121894865,4.625172986));
#4185=CARTESIAN_POINT('',(-17.908908742,-15.605206157,4.812658895));
#4186=CARTESIAN_POINT('',(-20.377439536,-15.932577874,5.000144804));
#4187=CARTESIAN_POINT('',(-21.895297783,-17.90608493,5.187630713));
#4188=CARTESIAN_POINT('',(-21.566525069,-20.38148912,5.375116622));
#4189=CARTESIAN_POINT('',(-19.59623531,-21.888279499,5.562602532));
#4190=CARTESIAN_POINT('',(-17.939484593,-21.68250812,5.687755113));
#4191=CARTESIAN_POINT('',(-17.276356176,-21.295490878,5.750412391));
#4192=CARTESIAN_POINT('',(-17.274643038,-21.294488507,5.750574366));
#4193=CARTESIAN_POINT('',(-19.990740581,-20.923918757,-0.748825554));
#4194=CARTESIAN_POINT('',(-19.943636308,-20.950891022,-0.743645865));
#4195=CARTESIAN_POINT('',(-19.461415192,-21.206295246,-0.691594697));
#4196=CARTESIAN_POINT('',(-18.392068702,-21.377679422,-0.592672053));
#4197=CARTESIAN_POINT('',(-16.992198203,-20.736524779,-0.452057621));
#4198=CARTESIAN_POINT('',(-16.185635177,-19.424357517,-0.311443189));
#4199=CARTESIAN_POINT('',(-16.241524338,-17.887901767,-0.170828757));
#4200=CARTESIAN_POINT('',(-17.146241359,-16.636199736,-0.030214325));
#4201=CARTESIAN_POINT('',(-18.584762876,-16.107973967,0.110400106));
#4202=CARTESIAN_POINT('',(-20.482417643,-16.538951264,0.287470132));
#4203=CARTESIAN_POINT('',(-21.761995909,-18.758787304,0.500995751));
#4204=CARTESIAN_POINT('',(-20.238749828,-21.367501655,0.750976963));
#4205=CARTESIAN_POINT('',(-17.492477405,-21.345256032,0.980126407));
#4206=CARTESIAN_POINT('',(-16.068197098,-19.453559515,1.188444084));
#4207=CARTESIAN_POINT('',(-16.350927062,-17.355429163,1.375929993));
#4208=CARTESIAN_POINT('',(-18.042699151,-16.065494403,1.563415903));
#4209=CARTESIAN_POINT('',(-20.146266752,-16.352604086,1.750901812));
#4210=CARTESIAN_POINT('',(-21.433377926,-18.041378295,1.938387721));
#4211=CARTESIAN_POINT('',(-21.148095701,-20.14653155,2.12587363));
#4212=CARTESIAN_POINT('',(-19.458679188,-21.432966194,2.313359539));
#4213=CARTESIAN_POINT('',(-17.353849785,-21.148513794,2.500845449));
#4214=CARTESIAN_POINT('',(-16.067136866,-19.458704909,2.688331358));
#4215=CARTESIAN_POINT('',(-16.351174417,-17.354592603,2.875817267));
#4216=CARTESIAN_POINT('',(-18.041331178,-16.066371592,3.063303176));
#4217=CARTESIAN_POINT('',(-19.793794956,-16.305040636,3.219541434));
#4218=CARTESIAN_POINT('',(-20.790364936,-17.195040824,3.34453204));
#4219=CARTESIAN_POINT('',(-21.384115885,-18.391641636,3.469522646));
#4220=CARTESIAN_POINT('',(-21.149767,-20.145200848,3.625760904));
#4221=CARTESIAN_POINT('',(-19.459749191,-21.432573257,3.813246813));
#4222=CARTESIAN_POINT('',(-17.355109881,-21.149281502,4.000732722));
#4223=CARTESIAN_POINT('',(-16.067412571,-19.459675064,4.188218631));
#4224=CARTESIAN_POINT('',(-16.350457978,-17.355639944,4.37570454));
#4225=CARTESIAN_POINT('',(-18.039890214,-16.066932563,4.56319045));
#4226=CARTESIAN_POINT('',(-20.143789305,-16.351530454,4.750676359));
#4227=CARTESIAN_POINT('',(-21.433503799,-18.037483678,4.938162268));
#4228=CARTESIAN_POINT('',(-21.147695207,-20.147239456,5.125648177));
#4229=CARTESIAN_POINT('',(-19.464510408,-21.427525586,5.313134086));
#4230=CARTESIAN_POINT('',(-18.052450448,-21.248405728,5.438286668));
#4231=CARTESIAN_POINT('',(-17.487938618,-20.916967294,5.500943946));
#4232=CARTESIAN_POINT('',(-17.486480254,-20.91610888,5.501105921));
#4233=B_SPLINE_SURFACE_WITH_KNOTS('',3,3,((#4073,#4074,#4075,#4076,#4077,#4078,#4079,#4080,#4081,#4082,#4083,#4084,#4085,#4086,#4087,#4088,#4089,#4090,#4091,#4092,#4093,#4094,#4095,#4096,#4097,#4098,
#4099,#4100,#4101,#4102,#4103,#4104,#4105,#4106,#4107,#4108,#4109,#4110,#4111,#4112),(#4113,#4114,#4115,#4116,#4117,#4118,#4119,#4120,#4121,#4122,#4123,#4124,#4125,#4126,#4127,#4128,#4129,#4130,#4131,#4132,#4133,#4134,#4135,#4136,#4137,#4138,
#4139,#4140,#4141,#4142,#4143,#4144,#4145,#4146,#4147,#4148,#4149,#4150,#4151,#4152),(#4153,#4154,#4155,#4156,#4157,#4158,#4159,#4160,#4161,#4162,#4163,#4164,#4165,#4166,#4167,#4168,#4169,#4170,#4171,#4172,#4173,#4174,#4175,#4176,#4177,#4178,
#4179,#4180,#4181,#4182,#4183,#4184,#4185,#4186,#4187,#4188,#4189,#4190,#4191,#4192),(#4193,#4194,#4195,#4196,#4197,#4198,#4199,#4200,#4201,#4202,#4203,#4204,#4205,#4206,#4207,#4208,#4209,#4210,#4211,#4212,#4213,#4214,#4215,#4216,#4217,#4218,
#4219,#4220,#4221,#4222,#4223,#4224,#4225,#4226,#4227,#4228,#4229,#4230,#4231,#4232)),.UNSPECIFIED.,.F.,.F.,.U.,(4,4),(4,1,1,1,1,1,1,1,1,1,1,1,1,1,1,1,1,1,1,1,1,1,1,1,1,1,
1,1,1,1,1,1,1,1,1,1,1,4),(-0.043409303,0.10644836),(10.468243376,10.533333278,11.122337633,11.711341988,12.300346343,12.889350698,13.478355053,14.067359408,14.656363763,15.703482616,16.750601469,17.797720323,18.583059463,19.368398603,20.153737742,20.939076882,21.724416022,22.509755162,23.295094302,24.080433442,24.865772582,25.651111722,26.436450862,27.221790002,27.614459572,28.007129142,
28.792468282,29.577807422,30.363146562,31.148485702,31.933824842,32.719163981,33.504503121,34.289842261,35.075181401,35.860520541,36.645859681,36.647895121),.UNSPECIFIED.);
#4234=ORIENTED_EDGE('',*,*,#1654,.T.);
#4235=CARTESIAN_POINT('',(-17.486480254,-20.916108881,5.501105921));
#4236=CARTESIAN_POINT('',(-18.005021989,-21.21894057,5.442440429));
#4237=CARTESIAN_POINT('',(-18.63912314,-21.320720992,5.386189954));
#4238=CARTESIAN_POINT('',(-19.228206339,-21.207653636,5.329519768));
#4239=CARTESIAN_POINT('',(-19.817289539,-21.094586279,5.272849583));
#4240=CARTESIAN_POINT('',(-20.36079717,-20.755158616,5.21460046));
#4241=CARTESIAN_POINT('',(-20.730225779,-20.281771163,5.157181773));
#4242=CARTESIAN_POINT('',(-21.099654387,-19.808383711,5.099763086));
#4243=CARTESIAN_POINT('',(-21.282118458,-19.195643819,5.042815822));
#4244=CARTESIAN_POINT('',(-21.247835052,-18.595912295,4.985359226));
#4245=CARTESIAN_POINT('',(-21.230693349,-18.296046533,4.956630928));
#4246=CARTESIAN_POINT('',(-21.158743546,-18.000135574,4.928096889));
#4247=CARTESIAN_POINT('',(-21.034741531,-17.72657691,4.899435513));
#4248=CARTESIAN_POINT('',(-20.910739516,-17.453018245,4.870774137));
#4249=CARTESIAN_POINT('',(-20.736938773,-17.20128155,4.842099657));
#4250=CARTESIAN_POINT('',(-20.525699308,-16.987294013,4.813434407));
#4251=CARTESIAN_POINT('',(-20.314459843,-16.773306476,4.784769158));
#4252=CARTESIAN_POINT('',(-20.065569057,-16.597526711,4.756270761));
#4253=CARTESIAN_POINT('',(-19.792348486,-16.473635216,4.727653303));
#4254=CARTESIAN_POINT('',(-19.519127915,-16.349743721,4.699035845));
#4255=CARTESIAN_POINT('',(-19.222656456,-16.27586272,4.670295869));
#4256=CARTESIAN_POINT('',(-18.922662835,-16.254540066,4.641569891));
#4257=CARTESIAN_POINT('',(-18.622669214,-16.233217413,4.612843914));
#4258=CARTESIAN_POINT('',(-18.319140059,-16.264474786,4.584198897));
#4259=CARTESIAN_POINT('',(-18.031909212,-16.350944203,4.555537926));
#4260=CARTESIAN_POINT('',(-17.744678365,-16.43741362,4.526876956));
#4261=CARTESIAN_POINT('',(-17.4734675,-16.577885941,4.498243573));
#4262=CARTESIAN_POINT('',(-17.234146467,-16.760166789,4.469619137));
#4263=CARTESIAN_POINT('',(-16.994825433,-16.942447637,4.440994702));
#4264=CARTESIAN_POINT('',(-16.787411969,-17.166563073,4.412363028));
#4265=CARTESIAN_POINT('',(-16.627803292,-17.420328678,4.383712872));
#4266=CARTESIAN_POINT('',(-16.468194615,-17.674094282,4.355062715));
#4267=CARTESIAN_POINT('',(-16.35741643,-17.958080081,4.326373961));
#4268=CARTESIAN_POINT('',(-16.298265128,-18.252907925,4.29772049));
#4269=CARTESIAN_POINT('',(-16.239113827,-18.547735768,4.26906702));
#4270=CARTESIAN_POINT('',(-16.231616691,-18.853403533,4.240395354));
#4271=CARTESIAN_POINT('',(-16.278514391,-19.149932035,4.211725105));
#4272=CARTESIAN_POINT('',(-16.325412091,-19.446460537,4.183054855));
#4273=CARTESIAN_POINT('',(-16.428511505,-19.73326642,4.154571884));
#4274=CARTESIAN_POINT('',(-16.57857712,-19.993630292,4.126074448));
#4275=CARTESIAN_POINT('',(-16.728642735,-20.253994163,4.097577012));
#4276=CARTESIAN_POINT('',(-16.925285692,-20.487905705,4.068753177));
#4277=CARTESIAN_POINT('',(-17.156113975,-20.680000035,4.03994191));
#4278=CARTESIAN_POINT('',(-17.386942257,-20.872094365,4.011130643));
#4279=CARTESIAN_POINT('',(-17.652859702,-21.020797961,3.982536957));
#4280=CARTESIAN_POINT('',(-17.937482463,-21.117082358,3.953876222));
#4281=CARTESIAN_POINT('',(-18.506727986,-21.309651151,3.896554752));
#4282=CARTESIAN_POINT('',(-19.145925402,-21.296289317,3.839426738));
#4283=CARTESIAN_POINT('',(-19.700229146,-21.066087186,3.782096997));
#4284=CARTESIAN_POINT('',(-20.254532891,-20.835885055,3.724767257));
#4285=CARTESIAN_POINT('',(-20.727386672,-20.402440767,3.667374378));
#4286=CARTESIAN_POINT('',(-20.992566942,-19.864266964,3.610058777));
#4287=CARTESIAN_POINT('',(-21.257747211,-19.326093161,3.552743177));
#4288=CARTESIAN_POINT('',(-21.323919862,-18.688309218,3.495806647));
#4289=CARTESIAN_POINT('',(-21.170526797,-18.108612273,3.438305175));
#4290=CARTESIAN_POINT('',(-21.017133732,-17.528915328,3.380803703));
#4291=CARTESIAN_POINT('',(-20.64347751,-17.007264434,3.323323481));
#4292=CARTESIAN_POINT('',(-20.146280766,-16.671517103,3.266327197));
#4293=CARTESIAN_POINT('',(-19.649084023,-16.335769772,3.209330912));
#4294=CARTESIAN_POINT('',(-19.024581655,-16.19312274,3.151675313));
#4295=CARTESIAN_POINT('',(-18.428828932,-16.267328718,3.094340637));
#4296=CARTESIAN_POINT('',(-17.83307621,-16.341534695,3.037005962));
#4297=CARTESIAN_POINT('',(-17.271004417,-16.646840357,2.979728317));
#4298=CARTESIAN_POINT('',(-16.871940038,-17.095934797,2.922442509));
#4299=CARTESIAN_POINT('',(-16.672407849,-17.320482017,2.893799605));
#4300=CARTESIAN_POINT('',(-16.514926086,-17.581100159,2.865152083));
#4301=CARTESIAN_POINT('',(-16.409688203,-17.862347593,2.836497603));
#4302=CARTESIAN_POINT('',(-16.30445032,-18.143595027,2.807843123));
#4303=CARTESIAN_POINT('',(-16.249678793,-18.44445863,2.77917902));
#4304=CARTESIAN_POINT('',(-16.248041054,-18.745089365,2.750525687));
#4305=CARTESIAN_POINT('',(-16.246403315,-19.045720101,2.721872355));
#4306=CARTESIAN_POINT('',(-16.298625923,-19.345901672,2.693284304));
#4307=CARTESIAN_POINT('',(-16.404728555,-19.626489444,2.664635616));
#4308=CARTESIAN_POINT('',(-16.510831188,-19.907077217,2.635986928));
#4309=CARTESIAN_POINT('',(-16.668652904,-20.16867613,2.607280699));
#4310=CARTESIAN_POINT('',(-16.866026513,-20.395591774,2.578629831));
#4311=CARTESIAN_POINT('',(-17.063400122,-20.622507418,2.549978963));
#4312=CARTESIAN_POINT('',(-17.300513185,-20.814549524,2.521318099));
#4313=CARTESIAN_POINT('',(-17.56495537,-20.956018954,2.492664965));
#4314=CARTESIAN_POINT('',(-17.829397556,-21.097488384,2.46401183));
#4315=CARTESIAN_POINT('',(-18.120499262,-21.189534696,2.435428288));
#4316=CARTESIAN_POINT('',(-18.418581405,-21.229447513,2.406828604));
#4317=CARTESIAN_POINT('',(-18.716663549,-21.26936033,2.37822892));
#4318=CARTESIAN_POINT('',(-19.021726562,-21.257109662,2.349593557));
#4319=CARTESIAN_POINT('',(-19.314053767,-21.18998347,2.320915885));
#4320=CARTESIAN_POINT('',(-19.606380972,-21.122857278,2.292238212));
#4321=CARTESIAN_POINT('',(-19.885675972,-20.999681048,2.263464113));
#4322=CARTESIAN_POINT('',(-20.135958782,-20.832427781,2.234780047));
#4323=CARTESIAN_POINT('',(-20.386241592,-20.665174514,2.20609598));
#4324=CARTESIAN_POINT('',(-20.607411372,-20.453772864,2.177401096));
#4325=CARTESIAN_POINT('',(-20.78339341,-20.210757388,2.148763731));
#4326=CARTESIAN_POINT('',(-20.959375449,-19.967741911,2.120126366));
#4327=CARTESIAN_POINT('',(-21.088405441,-19.69225712,2.09164366));
#4328=CARTESIAN_POINT('',(-21.165529786,-19.402268259,2.062987397));
#4329=CARTESIAN_POINT('',(-21.24265413,-19.112279398,2.034331133));
#4330=CARTESIAN_POINT('',(-21.268965316,-18.80818347,2.0057184));
#4331=CARTESIAN_POINT('',(-21.241434489,-18.509144805,1.977063503));
#4332=CARTESIAN_POINT('',(-21.213903661,-18.210106141,1.948408607));
#4333=CARTESIAN_POINT('',(-21.130212686,-17.916640935,1.919620916));
#4334=CARTESIAN_POINT('',(-20.996483463,-17.646903882,1.891044849));
#4335=CARTESIAN_POINT('',(-20.862754239,-17.37716683,1.862468781));
#4336=CARTESIAN_POINT('',(-20.681242505,-17.130395249,1.834504632));
#4337=CARTESIAN_POINT('',(-20.463194802,-16.923683859,1.806101596));
#4338=CARTESIAN_POINT('',(-20.245147099,-16.716972469,1.777698559));
#4339=CARTESIAN_POINT('',(-19.990299612,-16.551455887,1.748937866));
#4340=CARTESIAN_POINT('',(-19.712764452,-16.438750728,1.719470139));
#4341=CARTESIAN_POINT('',(-19.435229292,-16.326045568,1.690002412));
#4342=CARTESIAN_POINT('',(-19.136508181,-16.259956653,1.662259059));
#4343=CARTESIAN_POINT('',(-18.834896008,-16.249411794,1.63312979));
#4344=CARTESIAN_POINT('',(-18.533283835,-16.238866934,1.60400052));
#4345=CARTESIAN_POINT('',(-18.230256988,-16.283075014,1.574423593));
#4346=CARTESIAN_POINT('',(-17.94627947,-16.377536972,1.547437805));
#4347=CARTESIAN_POINT('',(-17.662301953,-16.471998929,1.520452017));
#4348=CARTESIAN_POINT('',(-17.397718625,-16.618072291,1.49366094));
#4349=CARTESIAN_POINT('',(-17.16750726,-16.809407707,1.46343238));
#4350=CARTESIAN_POINT('',(-16.937295894,-17.000743123,1.433203821));
#4351=CARTESIAN_POINT('',(-16.735556503,-17.23199883,1.404440534));
#4352=CARTESIAN_POINT('',(-16.583379687,-17.494235019,1.375475762));
#4353=CARTESIAN_POINT('',(-16.431202871,-17.756471208,1.346510989));
#4354=CARTESIAN_POINT('',(-16.330391295,-18.046922126,1.317518966));
#4355=CARTESIAN_POINT('',(-16.278980246,-18.342281372,1.290744389));
#4356=CARTESIAN_POINT('',(-16.227569197,-18.637640618,1.263969813));
#4357=CARTESIAN_POINT('',(-16.232808448,-18.939765056,1.234497487));
#4358=CARTESIAN_POINT('',(-16.292530137,-19.232759729,1.20427032));
#4359=CARTESIAN_POINT('',(-16.352251825,-19.525754402,1.174043153));
#4360=CARTESIAN_POINT('',(-16.463524623,-19.81110111,1.146415419));
#4361=CARTESIAN_POINT('',(-16.622761911,-20.06797401,1.117605553));
#4362=CARTESIAN_POINT('',(-16.7819992,-20.32484691,1.088795687));
#4363=CARTESIAN_POINT('',(-16.9864803,-20.553717847,1.060020774));
#4364=CARTESIAN_POINT('',(-17.223826169,-20.737773561,1.031428319));
#4365=CARTESIAN_POINT('',(-17.461172038,-20.921829274,1.002835863));
#4366=CARTESIAN_POINT('',(-17.732443042,-21.059882243,0.975009519));
#4367=CARTESIAN_POINT('',(-18.020627177,-21.145435014,0.947079255));
#4368=CARTESIAN_POINT('',(-18.308811312,-21.230987785,0.91914899));
#4369=CARTESIAN_POINT('',(-18.613074727,-21.264848558,0.890872761));
#4370=CARTESIAN_POINT('',(-18.912921861,-21.24537386,0.861257126));
#4371=CARTESIAN_POINT('',(-19.062845429,-21.235636511,0.846449309));
#4372=CARTESIAN_POINT('',(-19.211789317,-21.213165642,0.831638886));
#4373=CARTESIAN_POINT('',(-19.357547702,-21.177542351,0.816670335));
#4374=CARTESIAN_POINT('',(-19.503306087,-21.14191906,0.801701785));
#4375=CARTESIAN_POINT('',(-19.646859977,-21.095789021,0.788218786));
#4376=CARTESIAN_POINT('',(-19.783931466,-21.03449345,0.773517343));
#4377=CARTESIAN_POINT('',(-20.058074443,-20.911902307,0.744114456));
#4378=CARTESIAN_POINT('',(-20.306675077,-20.735232214,0.715308851));
#4379=CARTESIAN_POINT('',(-20.518079657,-20.521625573,0.687853017));
#4380=CARTESIAN_POINT('',(-20.940888818,-20.094412289,0.632941349));
#4381=CARTESIAN_POINT('',(-21.212395037,-19.515242649,0.575642347));
#4382=CARTESIAN_POINT('',(-21.252431012,-18.914916441,0.515834336));
#4383=CARTESIAN_POINT('',(-21.292466987,-18.314590233,0.456026324));
#4384=CARTESIAN_POINT('',(-21.098887672,-17.7051574,0.404104988));
#4385=CARTESIAN_POINT('',(-20.734532715,-17.227685905,0.346031392));
#4386=CARTESIAN_POINT('',(-20.643443975,-17.108318031,0.331512993));
#4387=CARTESIAN_POINT('',(-20.54189003,-16.997029662,0.316732484));
#4388=CARTESIAN_POINT('',(-20.431097496,-16.895889951,0.301720779));
#4389=CARTESIAN_POINT('',(-20.320304963,-16.794750239,0.286709074));
#4390=CARTESIAN_POINT('',(-20.202671439,-16.699961045,0.27404599));
#4391=CARTESIAN_POINT('',(-20.073967252,-16.622314152,0.257951841));
#4392=CARTESIAN_POINT('',(-20.009615159,-16.583490706,0.249904767));
#4393=CARTESIAN_POINT('',(-19.944845227,-16.545082038,0.243636738));
#4394=CARTESIAN_POINT('',(-19.877568546,-16.511381227,0.236379755));
#4395=CARTESIAN_POINT('',(-19.810291865,-16.477680416,0.229122772));
#4396=CARTESIAN_POINT('',(-19.741213972,-16.44772636,0.221541872));
#4397=CARTESIAN_POINT('',(-19.671405464,-16.419628178,0.214822825));
#4398=CARTESIAN_POINT('',(-19.531788447,-16.363431814,0.201384731));
#4399=CARTESIAN_POINT('',(-19.386105867,-16.32327632,0.186110387));
#4400=CARTESIAN_POINT('',(-19.238670625,-16.294590155,0.171871217));
#4401=CARTESIAN_POINT('',(-18.64892966,-16.179845496,0.114914538));
#4402=CARTESIAN_POINT('',(-18.018908542,-16.280878275,0.059215127));
#4403=CARTESIAN_POINT('',(-17.498556927,-16.582381559,0.000052736));
#4404=B_SPLINE_CURVE_WITH_KNOTS('',3,(#4235,#4236,#4237,#4238,#4239,#4240,#4241,#4242,#4243,#4244,#4245,#4246,#4247,#4248,#4249,#4250,#4251,#4252,#4253,#4254,#4255,#4256,#4257,#4258,#4259,#4260,
#4261,#4262,#4263,#4264,#4265,#4266,#4267,#4268,#4269,#4270,#4271,#4272,#4273,#4274,#4275,#4276,#4277,#4278,#4279,#4280,#4281,#4282,#4283,#4284,#4285,
#4286,#4287,#4288,#4289,#4290,#4291,#4292,#4293,#4294,#4295,#4296,#4297,#4298,#4299,#4300,#4301,#4302,#4303,#4304,#4305,#4306,#4307,#4308,#4309,#4310,
#4311,#4312,#4313,#4314,#4315,#4316,#4317,#4318,#4319,#4320,#4321,#4322,#4323,#4324,#4325,#4326,#4327,#4328,#4329,#4330,#4331,#4332,#4333,#4334,#4335,
#4336,#4337,#4338,#4339,#4340,#4341,#4342,#4343,#4344,#4345,#4346,#4347,#4348,#4349,#4350,#4351,#4352,#4353,#4354,#4355,#4356,#4357,#4358,#4359,#4360,
#4361,#4362,#4363,#4364,#4365,#4366,#4367,#4368,#4369,#4370,#4371,#4372,#4373,#4374,#4375,#4376,#4377,#4378,#4379,#4380,#4381,#4382,#4383,#4384,#4385,
#4386,#4387,#4388,#4389,#4390,#4391,#4392,#4393,#4394,#4395,#4396,#4397,#4398,#4399,#4400,#4401,#4402,#4403),.UNSPECIFIED.,.F.,.F.,(4,3,3,3,3,3,3,3,3,3,3,3,3,3,3,3,3,3,3,3,3,3,3,3,3,3,
3,3,3,3,3,3,3,3,3,3,3,3,3,3,3,3,3,3,3,3,3,3,3,3,3,
3,3,3,3,3,4),(9.773279213,9.954891934,10.136504655,10.318117376,10.408923737,10.499730097,10.590536458,10.681342819,10.772149179,10.86295554,10.9537619,11.044568261,11.135374622,11.226180982,11.316987343,11.407793704,11.589406425,11.771019146,11.952631867,12.134244588,12.31585731,12.497470031,12.588276391,12.679082752,12.769889113,12.860695473,
12.951501834,13.042308195,13.133114555,13.223920916,13.314727276,13.405533637,13.496339998,13.587146358,13.677952719,13.768759079,13.85956544,13.950371801,14.041178161,14.131984522,14.222790882,14.313597243,14.404403604,14.495209964,14.586016325,14.676822686,14.722225866,14.767629046,14.858435407,15.040048128,15.221660849,
15.267064029,15.31246721,15.3351688,15.35787039,15.40327357,15.584886292),.UNSPECIFIED.);
#4405=EDGE_CURVE('',#1603,#705,#4404,.T.);
#4406=ORIENTED_EDGE('',*,*,#4405,.T.);
#4407=ORIENTED_EDGE('',*,*,#822,.T.);
#4408=CARTESIAN_POINT('',(-20.627681598,-15.4434079,5.498292087));
#4409=CARTESIAN_POINT('',(-19.839459812,-14.993801262,5.442525363));
#4410=CARTESIAN_POINT('',(-18.875553316,-14.843582126,5.384054372));
#4411=CARTESIAN_POINT('',(-17.981527745,-15.026627896,5.325929235));
#4412=CARTESIAN_POINT('',(-17.087502173,-15.209673666,5.267804099));
#4413=CARTESIAN_POINT('',(-16.270633384,-15.732784764,5.21192198));
#4414=CARTESIAN_POINT('',(-15.718738558,-16.455363262,5.154748455));
#4415=CARTESIAN_POINT('',(-15.166843732,-17.17794176,5.09757493));
#4416=CARTESIAN_POINT('',(-14.897341493,-18.112933096,5.040182312));
#4417=CARTESIAN_POINT('',(-14.959221001,-19.023671748,4.982837856));
#4418=CARTESIAN_POINT('',(-14.990160755,-19.479041074,4.954165628));
#4419=CARTESIAN_POINT('',(-15.105163185,-19.9267855,4.925521113));
#4420=CARTESIAN_POINT('',(-15.297658979,-20.339810835,4.89689491));
#4421=CARTESIAN_POINT('',(-15.490154774,-20.752836171,4.868268707));
#4422=CARTESIAN_POINT('',(-15.757210534,-21.132049748,4.839654613));
#4423=CARTESIAN_POINT('',(-16.080559843,-21.453718744,4.811030836));
#4424=CARTESIAN_POINT('',(-16.403909153,-21.77538774,4.78240706));
#4425=CARTESIAN_POINT('',(-16.784514474,-22.037979355,4.753524877));
#4426=CARTESIAN_POINT('',(-17.201204041,-22.221884097,4.724847013));
#4427=CARTESIAN_POINT('',(-17.617893607,-22.405788839,4.696169149));
#4428=CARTESIAN_POINT('',(-18.069001844,-22.513901644,4.667676669));
#4429=CARTESIAN_POINT('',(-18.524523096,-22.542046676,4.639148483));
#4430=CARTESIAN_POINT('',(-18.980044347,-22.570191708,4.610620297));
#4431=CARTESIAN_POINT('',(-19.439861266,-22.518036226,4.581958267));
#4432=CARTESIAN_POINT('',(-19.87442926,-22.382689585,4.553330432));
#4433=CARTESIAN_POINT('',(-20.308997253,-22.247342944,4.524702597));
#4434=CARTESIAN_POINT('',(-20.718789807,-22.030468738,4.496038047));
#4435=CARTESIAN_POINT('',(-21.079593195,-21.750508696,4.467361173));
#4436=CARTESIAN_POINT('',(-21.440396582,-21.470548654,4.438684298));
#4437=CARTESIAN_POINT('',(-21.752239874,-21.127544987,4.410021734));
#4438=CARTESIAN_POINT('',(-21.990950909,-20.739957264,4.381388339));
#4439=CARTESIAN_POINT('',(-22.229661945,-20.352369542,4.352754943));
#4440=CARTESIAN_POINT('',(-22.393864965,-19.919420326,4.324185025));
#4441=CARTESIAN_POINT('',(-22.479350333,-19.471136473,4.295550861));
#4442=CARTESIAN_POINT('',(-22.564835701,-19.02285262,4.266916698));
#4443=CARTESIAN_POINT('',(-22.571929239,-18.559386863,4.238300991));
#4444=CARTESIAN_POINT('',(-22.497178603,-18.110319907,4.209682535));
#4445=CARTESIAN_POINT('',(-22.422427968,-17.661252951,4.181064078));
#4446=CARTESIAN_POINT('',(-22.262308804,-17.22730826,4.152145696));
#4447=CARTESIAN_POINT('',(-22.030936393,-16.833899496,4.123292121));
#4448=CARTESIAN_POINT('',(-21.799563982,-16.440490732,4.094438545));
#4449=CARTESIAN_POINT('',(-21.498321074,-16.087214117,4.066119526));
#4450=CARTESIAN_POINT('',(-21.145553204,-15.798624107,4.037702217));
#4451=CARTESIAN_POINT('',(-20.792785334,-15.510034097,4.009284907));
#4452=CARTESIAN_POINT('',(-20.387132521,-15.288815656,3.980562642));
#4453=CARTESIAN_POINT('',(-19.95414418,-15.146200555,3.951934467));
#4454=CARTESIAN_POINT('',(-19.088167497,-14.860970351,3.894678117));
#4455=CARTESIAN_POINT('',(-18.117900879,-14.88830859,3.837150452));
#4456=CARTESIAN_POINT('',(-17.278895017,-15.244619541,3.779937192));
#4457=CARTESIAN_POINT('',(-16.439889156,-15.600930493,3.722723933));
#4458=CARTESIAN_POINT('',(-15.728606505,-16.264053775,3.66556728));
#4459=CARTESIAN_POINT('',(-15.332138165,-17.083346935,3.608288015));
#4460=CARTESIAN_POINT('',(-14.935669825,-17.902640096,3.55100875));
#4461=CARTESIAN_POINT('',(-14.842186639,-18.871744402,3.493215861));
#4462=CARTESIAN_POINT('',(-15.081398694,-19.750380825,3.436253405));
#4463=CARTESIAN_POINT('',(-15.320610749,-20.629017248,3.379290949));
#4464=CARTESIAN_POINT('',(-15.892493035,-21.416115828,3.322231446));
#4465=CARTESIAN_POINT('',(-16.650872592,-21.920467501,3.264501458));
#4466=CARTESIAN_POINT('',(-17.409252149,-22.424819174,3.20677147));
#4467=CARTESIAN_POINT('',(-18.358984787,-22.635773037,3.150058002));
#4468=CARTESIAN_POINT('',(-19.261870538,-22.517011536,3.092815671));
#4469=CARTESIAN_POINT('',(-20.164756289,-22.398250035,3.03557334));
#4470=CARTESIAN_POINT('',(-21.015697261,-21.929987967,2.978272323));
#4471=CARTESIAN_POINT('',(-21.617387521,-21.244502403,2.920981532));
#4472=CARTESIAN_POINT('',(-21.918232651,-20.901759621,2.892336137));
#4473=CARTESIAN_POINT('',(-22.154766104,-20.504635797,2.863691849));
#4474=CARTESIAN_POINT('',(-22.311946524,-20.076799528,2.835060854));
#4475=CARTESIAN_POINT('',(-22.469126943,-19.648963259,2.806429858));
#4476=CARTESIAN_POINT('',(-22.549642513,-19.191976631,2.777804907));
#4477=CARTESIAN_POINT('',(-22.549590584,-18.735798708,2.749167253));
#4478=CARTESIAN_POINT('',(-22.549538656,-18.279620785,2.720529599));
#4479=CARTESIAN_POINT('',(-22.467517574,-17.824586613,2.691793615));
#4480=CARTESIAN_POINT('',(-22.304048514,-17.399472515,2.663157901));
#4481=CARTESIAN_POINT('',(-22.140579454,-16.974358416,2.634522187));
#4482=CARTESIAN_POINT('',(-21.898870497,-16.578347967,2.605970348));
#4483=CARTESIAN_POINT('',(-21.597340975,-16.235660597,2.577333039));
#4484=CARTESIAN_POINT('',(-21.295811453,-15.892973228,2.54869573));
#4485=CARTESIAN_POINT('',(-20.934547433,-15.603653347,2.520068851));
#4486=CARTESIAN_POINT('',(-20.532172139,-15.390907276,2.491432555));
#4487=CARTESIAN_POINT('',(-20.129796846,-15.178161206,2.46279626));
#4488=CARTESIAN_POINT('',(-19.68711024,-15.040619235,2.434054442));
#4489=CARTESIAN_POINT('',(-19.234253919,-14.982310008,2.405343426));
#4490=CARTESIAN_POINT('',(-18.781397597,-14.924000781,2.37663241));
#4491=CARTESIAN_POINT('',(-18.318370802,-14.944884692,2.347977915));
#4492=CARTESIAN_POINT('',(-17.875248185,-15.048999343,2.319380647));
#4493=CARTESIAN_POINT('',(-17.432125568,-15.153113994,2.290783378));
#4494=CARTESIAN_POINT('',(-17.009297762,-15.341926743,2.262325001));
#4495=CARTESIAN_POINT('',(-16.631034371,-15.597394533,2.233722356));
#4496=CARTESIAN_POINT('',(-16.252770981,-15.852862324,2.205119712));
#4497=CARTESIAN_POINT('',(-15.918842238,-16.174569503,2.176527604));
#4498=CARTESIAN_POINT('',(-15.653137436,-16.544370325,2.147870976));
#4499=CARTESIAN_POINT('',(-15.387432635,-16.914171147,2.119214349));
#4500=CARTESIAN_POINT('',(-15.193117627,-17.333975199,2.090344765));
#4501=CARTESIAN_POINT('',(-15.077589471,-17.775489261,2.061742072));
#4502=CARTESIAN_POINT('',(-14.962061315,-18.217003322,2.033139379));
#4503=CARTESIAN_POINT('',(-14.924830748,-18.679667355,2.004473276));
#4504=CARTESIAN_POINT('',(-14.969032853,-19.133145885,1.975841178));
#4505=CARTESIAN_POINT('',(-15.013234958,-19.586624414,1.94720908));
#4506=CARTESIAN_POINT('',(-15.140913326,-20.030579786,1.919042012));
#4507=CARTESIAN_POINT('',(-15.345068584,-20.43820177,1.889949861));
#4508=CARTESIAN_POINT('',(-15.7533791,-21.253445738,1.83176556));
#4509=CARTESIAN_POINT('',(-16.457082927,-21.923341909,1.772827484));
#4510=CARTESIAN_POINT('',(-17.302020235,-22.265018944,1.717614848));
#4511=CARTESIAN_POINT('',(-17.72448889,-22.435857462,1.690008531));
#4512=CARTESIAN_POINT('',(-18.17924307,-22.525215653,1.660329988));
#4513=CARTESIAN_POINT('',(-18.634428307,-22.540186281,1.632320285));
#4514=CARTESIAN_POINT('',(-19.089613544,-22.555156909,1.604310582));
#4515=CARTESIAN_POINT('',(-19.54708241,-22.494119163,1.576725209));
#4516=CARTESIAN_POINT('',(-19.97853729,-22.348561815,1.545700348));
#4517=CARTESIAN_POINT('',(-20.40999217,-22.203004466,1.514675488));
#4518=CARTESIAN_POINT('',(-20.814833737,-21.974106726,1.483630442));
#4519=CARTESIAN_POINT('',(-21.166908395,-21.682387642,1.457434341));
#4520=CARTESIAN_POINT('',(-21.518983053,-21.390668558,1.43123824));
#4521=CARTESIAN_POINT('',(-21.812203194,-21.032437702,1.402781454));
#4522=CARTESIAN_POINT('',(-22.038076542,-20.639144918,1.374386034));
#4523=CARTESIAN_POINT('',(-22.26394989,-20.245852133,1.345990614));
#4524=CARTESIAN_POINT('',(-22.425270024,-19.813685023,1.317667687));
#4525=CARTESIAN_POINT('',(-22.500024267,-19.36409747,1.286324858));
#4526=CARTESIAN_POINT('',(-22.57477851,-18.914509918,1.254982028));
#4527=CARTESIAN_POINT('',(-22.568897065,-18.450408786,1.227705679));
#4528=CARTESIAN_POINT('',(-22.477971539,-18.00368347,1.2014443));
#4529=CARTESIAN_POINT('',(-22.387046014,-17.556958155,1.175182921));
#4530=CARTESIAN_POINT('',(-22.208034024,-17.129830616,1.145103569));
#4531=CARTESIAN_POINT('',(-21.966477955,-16.742753985,1.116650208));
#4532=CARTESIAN_POINT('',(-21.724921886,-16.355677354,1.088196847));
#4533=CARTESIAN_POINT('',(-21.419203406,-16.006992424,1.061279337));
#4534=CARTESIAN_POINT('',(-21.059253025,-15.729334923,1.030958753));
#4535=CARTESIAN_POINT('',(-20.879277835,-15.590506172,1.015798461));
#4536=CARTESIAN_POINT('',(-20.688367412,-15.46593032,1.002443574));
#4537=CARTESIAN_POINT('',(-20.485663729,-15.36339294,0.987441137));
#4538=CARTESIAN_POINT('',(-20.282960045,-15.260855559,0.9724387));
#4539=CARTESIAN_POINT('',(-20.070294239,-15.177559891,0.957417699));
#4540=CARTESIAN_POINT('',(-19.851485049,-15.113592964,0.942555058));
#4541=CARTESIAN_POINT('',(-19.41386667,-14.98565911,0.912829776));
#4542=CARTESIAN_POINT('',(-18.951482652,-14.935045308,0.883720877));
#4543=CARTESIAN_POINT('',(-18.495287915,-14.963737068,0.856562819));
#4544=CARTESIAN_POINT('',(-17.582898441,-15.021120589,0.802246702));
#4545=CARTESIAN_POINT('',(-16.706352942,-15.408542425,0.748357581));
#4546=CARTESIAN_POINT('',(-16.066565469,-16.059832057,0.686831398));
#4547=CARTESIAN_POINT('',(-15.746671733,-16.385476873,0.656068306));
#4548=CARTESIAN_POINT('',(-15.482457281,-16.770377164,0.62589141));
#4549=CARTESIAN_POINT('',(-15.291103991,-17.187398644,0.598113475));
#4550=CARTESIAN_POINT('',(-15.195427346,-17.395909384,0.584224507));
#4551=CARTESIAN_POINT('',(-15.117382859,-17.612299267,0.571426597));
#4552=CARTESIAN_POINT('',(-15.061468552,-17.833480724,0.557806238));
#4553=CARTESIAN_POINT('',(-15.005554245,-18.054662182,0.544185879));
#4554=CARTESIAN_POINT('',(-14.973017881,-18.280263553,0.528880134));
#4555=CARTESIAN_POINT('',(-14.957431427,-18.506017373,0.51536475));
#4556=CARTESIAN_POINT('',(-14.926258521,-18.957525012,0.488333981));
#4557=CARTESIAN_POINT('',(-14.977158988,-19.413878998,0.459764747));
#4558=CARTESIAN_POINT('',(-15.113136367,-19.848643908,0.428839333));
#4559=CARTESIAN_POINT('',(-15.249113747,-20.283408817,0.397913918));
#4560=CARTESIAN_POINT('',(-15.463427462,-20.69652465,0.368265067));
#4561=CARTESIAN_POINT('',(-15.740502392,-21.060962836,0.340278363));
#4562=CARTESIAN_POINT('',(-15.879039858,-21.24318193,0.326285011));
#4563=CARTESIAN_POINT('',(-16.033184061,-21.413310421,0.312746145));
#4564=CARTESIAN_POINT('',(-16.20109303,-21.567764294,0.299409436));
#4565=CARTESIAN_POINT('',(-16.369001999,-21.722218167,0.286072728));
#4566=CARTESIAN_POINT('',(-16.553644171,-21.85634217,0.26984676));
#4567=CARTESIAN_POINT('',(-16.744972938,-21.978904125,0.257647585));
#4568=CARTESIAN_POINT('',(-16.840637322,-22.040185103,0.251547998));
#4569=CARTESIAN_POINT('',(-16.940783724,-22.0940755,0.243387062));
#4570=CARTESIAN_POINT('',(-17.04230585,-22.145033632,0.236253059));
#4571=CARTESIAN_POINT('',(-17.143827976,-22.195991764,0.229119056));
#4572=CARTESIAN_POINT('',(-17.246817876,-22.244637611,0.223312007));
#4573=CARTESIAN_POINT('',(-17.353434215,-22.28436206,0.214843149));
#4574=CARTESIAN_POINT('',(-17.566666891,-22.363810956,0.197905432));
#4575=CARTESIAN_POINT('',(-17.784458492,-22.433446572,0.186328628));
#4576=CARTESIAN_POINT('',(-18.008455061,-22.478049098,0.171838705));
#4577=CARTESIAN_POINT('',(-18.904441337,-22.656459206,0.113879013));
#4578=CARTESIAN_POINT('',(-19.862091753,-22.494594783,0.055069174));
#4579=CARTESIAN_POINT('',(-20.650515723,-22.041902133,-0.000075793));
#4580=B_SPLINE_CURVE_WITH_KNOTS('',3,(#4408,#4409,#4410,#4411,#4412,#4413,#4414,#4415,#4416,#4417,#4418,#4419,#4420,#4421,#4422,#4423,#4424,#4425,#4426,#4427,#4428,#4429,#4430,#4431,#4432,#4433,
#4434,#4435,#4436,#4437,#4438,#4439,#4440,#4441,#4442,#4443,#4444,#4445,#4446,#4447,#4448,#4449,#4450,#4451,#4452,#4453,#4454,#4455,#4456,#4457,#4458,
#4459,#4460,#4461,#4462,#4463,#4464,#4465,#4466,#4467,#4468,#4469,#4470,#4471,#4472,#4473,#4474,#4475,#4476,#4477,#4478,#4479,#4480,#4481,#4482,#4483,
#4484,#4485,#4486,#4487,#4488,#4489,#4490,#4491,#4492,#4493,#4494,#4495,#4496,#4497,#4498,#4499,#4500,#4501,#4502,#4503,#4504,#4505,#4506,#4507,#4508,
#4509,#4510,#4511,#4512,#4513,#4514,#4515,#4516,#4517,#4518,#4519,#4520,#4521,#4522,#4523,#4524,#4525,#4526,#4527,#4528,#4529,#4530,#4531,#4532,#4533,
#4534,#4535,#4536,#4537,#4538,#4539,#4540,#4541,#4542,#4543,#4544,#4545,#4546,#4547,#4548,#4549,#4550,#4551,#4552,#4553,#4554,#4555,#4556,#4557,#4558,
#4559,#4560,#4561,#4562,#4563,#4564,#4565,#4566,#4567,#4568,#4569,#4570,#4571,#4572,#4573,#4574,#4575,#4576,#4577,#4578,#4579),.UNSPECIFIED.,.F.,.F.,(4,3,3,3,3,3,3,3,3,3,3,3,3,3,3,3,3,3,3,3,3,3,3,3,3,3,
3,3,3,3,3,3,3,3,3,3,3,3,3,3,3,3,3,3,3,3,3,3,3,3,3,
3,3,3,3,3,3,4),(4.802176942,5.077134627,5.352092312,5.627049996,5.764528839,5.902007681,6.039486524,6.176965366,6.314444208,6.451923051,6.589401893,6.726880736,6.864359578,7.00183842,7.139317263,7.276796105,7.55175379,7.826711475,8.101669159,8.376626844,8.651584529,8.926542214,9.064021056,9.201499899,9.338978741,9.476457583,
9.613936426,9.751415268,9.88889411,10.026372953,10.163851795,10.301330638,10.43880948,10.576288322,10.851246007,10.98872485,11.126203692,11.263682534,11.401161377,11.538640219,11.676119061,11.813597904,11.951076746,12.019816167,12.088555589,12.226034431,12.500992116,12.638470958,12.707210379,12.775949801,12.913428643,
13.050907485,13.119646907,13.188386328,13.222756038,13.257125749,13.32586517,13.600822855),.UNSPECIFIED.);
#4581=EDGE_CURVE('',#1657,#703,#4580,.T.);
#4582=ORIENTED_EDGE('',*,*,#4581,.F.);
#4583=ORIENTED_EDGE('',*,*,#1661,.F.);
#4584=EDGE_LOOP('',(#4234,#4406,#4407,#4582,#4583));
#4585=FACE_BOUND('',#4584,.T.);
#4586=ADVANCED_FACE('',(#4585),#4233,.F.);
#4587=CARTESIAN_POINT('',(-17.498579898,-16.582211034,-0.));
#4588=CARTESIAN_POINT('',(-17.54552316,-16.555023473,0.005176629));
#4589=CARTESIAN_POINT('',(-18.026448513,-16.297256512,0.057224736));
#4590=CARTESIAN_POINT('',(-19.094898319,-16.120579733,0.156144319));
#4591=CARTESIAN_POINT('',(-20.497932175,-16.754782156,0.296758751));
#4592=CARTESIAN_POINT('',(-21.310988082,-18.062940816,0.437373183));
#4593=CARTESIAN_POINT('',(-21.262721677,-19.599644227,0.577987615));
#4594=CARTESIAN_POINT('',(-20.364215415,-20.855832692,0.718602047));
#4595=CARTESIAN_POINT('',(-18.928337823,-21.391162408,0.859216479));
#4596=CARTESIAN_POINT('',(-17.028564277,-20.969621603,1.036286504));
#4597=CARTESIAN_POINT('',(-15.737985657,-18.756144016,1.249812123));
#4598=CARTESIAN_POINT('',(-17.248307377,-16.139901807,1.499793335));
#4599=CARTESIAN_POINT('',(-19.994629858,-16.148556887,1.72894278));
#4600=CARTESIAN_POINT('',(-21.428288848,-18.033147547,1.937260457));
#4601=CARTESIAN_POINT('',(-21.155949936,-20.132661184,2.124746366));
#4602=CARTESIAN_POINT('',(-19.47060538,-21.430965486,2.312232275));
#4603=CARTESIAN_POINT('',(-17.365634973,-21.154288661,2.499718184));
#4604=CARTESIAN_POINT('',(-16.070169281,-19.471917377,2.687204093));
#4605=CARTESIAN_POINT('',(-16.345009537,-17.365375033,2.874690003));
#4606=CARTESIAN_POINT('',(-18.02802787,-16.070580679,3.062175912));
#4607=CARTESIAN_POINT('',(-20.134240822,-16.34459374,3.249661821));
#4608=CARTESIAN_POINT('',(-21.429317178,-18.028002082,3.43714773));
#4609=CARTESIAN_POINT('',(-21.155712538,-20.133497727,3.624633639));
#4610=CARTESIAN_POINT('',(-19.471969277,-21.43007962,3.812119549));
#4611=CARTESIAN_POINT('',(-17.718332436,-21.200109667,3.968357806));
#4612=CARTESIAN_POINT('',(-16.717377318,-20.315051398,4.093348412));
#4613=CARTESIAN_POINT('',(-16.117684426,-19.121416098,4.218339018));
#4614=CARTESIAN_POINT('',(-16.343351918,-17.3667186,4.374577276));
#4615=CARTESIAN_POINT('',(-18.026955587,-16.070975511,4.562063185));
#4616=CARTESIAN_POINT('',(-20.132978098,-16.343831879,4.749549095));
#4617=CARTESIAN_POINT('',(-21.42904013,-18.027034203,4.937035004));
#4618=CARTESIAN_POINT('',(-21.156419036,-20.132445545,5.124520913));
#4619=CARTESIAN_POINT('',(-19.473406642,-21.429514078,5.312006822));
#4620=CARTESIAN_POINT('',(-17.368118368,-21.155349912,5.499492731));
#4621=CARTESIAN_POINT('',(-16.070061794,-19.475811881,5.68697864));
#4622=CARTESIAN_POINT('',(-16.345407229,-17.364668485,5.87446455));
#4623=CARTESIAN_POINT('',(-18.01539562,-16.081296587,6.061186607));
#4624=CARTESIAN_POINT('',(-19.416080863,-16.245884827,6.185413361));
#4625=CARTESIAN_POINT('',(-19.977584947,-16.56321966,6.247144812));
#4626=CARTESIAN_POINT('',(-17.288840123,-16.20357772,-0.249468445));
#4627=CARTESIAN_POINT('',(-17.343982922,-16.171833019,-0.244291816));
#4628=CARTESIAN_POINT('',(-17.908847579,-15.870969163,-0.19224371));
#4629=CARTESIAN_POINT('',(-19.16257068,-15.667012302,-0.093324126));
#4630=CARTESIAN_POINT('',(-20.806247336,-16.415157268,0.047290306));
#4631=CARTESIAN_POINT('',(-21.755879158,-17.951980362,0.187904738));
#4632=CARTESIAN_POINT('',(-21.694568752,-19.754229332,0.32851917));
#4633=CARTESIAN_POINT('',(-20.636871291,-21.22486336,0.469133602));
#4634=CARTESIAN_POINT('',(-18.951096173,-21.848359642,0.609748034));
#4635=CARTESIAN_POINT('',(-16.724143855,-21.348127481,0.786818059));
#4636=CARTESIAN_POINT('',(-15.217195507,-18.747995638,1.000343678));
#4637=CARTESIAN_POINT('',(-16.996648104,-15.684029352,1.25032489));
#4638=CARTESIAN_POINT('',(-20.217778878,-15.702577053,1.479474335));
#4639=CARTESIAN_POINT('',(-21.893551372,-17.917395223,1.687792011));
#4640=CARTESIAN_POINT('',(-21.567707654,-20.379077177,1.875277921));
#4641=CARTESIAN_POINT('',(-19.586998463,-21.896703212,2.06276383));
#4642=CARTESIAN_POINT('',(-17.118929419,-21.565752724,2.250249739));
#4643=CARTESIAN_POINT('',(-15.604623766,-19.588541464,2.437735648));
#4644=CARTESIAN_POINT('',(-15.933424916,-17.118622004,2.625221557));
#4645=CARTESIAN_POINT('',(-17.911393065,-15.605106366,2.812707467));
#4646=CARTESIAN_POINT('',(-20.3809287,-15.932935854,3.000193376));
#4647=CARTESIAN_POINT('',(-21.894773911,-17.911362754,3.187679285));
#4648=CARTESIAN_POINT('',(-21.56742565,-20.380057654,3.375165194));
#4649=CARTESIAN_POINT('',(-19.588601308,-21.895668872,3.562651103));
#4650=CARTESIAN_POINT('',(-17.532467581,-21.620573379,3.718889361));
#4651=CARTESIAN_POINT('',(-16.361155217,-20.579431042,3.843879967));
#4652=CARTESIAN_POINT('',(-15.66142459,-19.177584222,3.968870573));
#4653=CARTESIAN_POINT('',(-15.931477823,-17.120193736,4.125108831));
#4654=CARTESIAN_POINT('',(-17.91013366,-15.60556539,4.31259474));
#4655=CARTESIAN_POINT('',(-20.379450254,-15.932038581,4.500080649));
#4656=CARTESIAN_POINT('',(-21.894451188,-17.910226781,4.687566558));
#4657=CARTESIAN_POINT('',(-21.568258568,-20.378826002,4.875052468));
#4658=CARTESIAN_POINT('',(-19.590288425,-21.895009155,5.062538377));
#4659=CARTESIAN_POINT('',(-17.121839065,-21.567005391,5.250024286));
#4660=CARTESIAN_POINT('',(-15.604485568,-19.593108452,5.437510195));
#4661=CARTESIAN_POINT('',(-15.933893884,-17.117795432,5.624996104));
#4662=CARTESIAN_POINT('',(-17.896544107,-15.61763568,5.811718162));
#4663=CARTESIAN_POINT('',(-19.538901682,-15.814964187,5.935944916));
#4664=CARTESIAN_POINT('',(-20.196518458,-16.188882749,5.997676367));
#4665=CARTESIAN_POINT('',(-17.077545209,-15.825954883,-0.499133819));
#4666=CARTESIAN_POINT('',(-17.140865599,-15.789619368,-0.49395719));
#4667=CARTESIAN_POINT('',(-17.789460088,-15.445312821,-0.441909083));
#4668=CARTESIAN_POINT('',(-19.228284066,-15.21329224,-0.3429895));
#4669=CARTESIAN_POINT('',(-21.113018061,-16.074316922,-0.202375068));
#4670=CARTESIAN_POINT('',(-22.200161986,-17.839151781,-0.061760636));
#4671=CARTESIAN_POINT('',(-22.126946477,-19.906922228,0.078853796));
#4672=CARTESIAN_POINT('',(-20.911022315,-21.592617338,0.219468228));
#4673=CARTESIAN_POINT('',(-18.975801743,-22.3053223,0.36008266));
#4674=CARTESIAN_POINT('',(-16.421433234,-21.727819216,0.537152685));
#4675=CARTESIAN_POINT('',(-14.696526744,-18.742076575,0.750678304));
#4676=CARTESIAN_POINT('',(-16.743116561,-15.229369036,1.000659516));
#4677=CARTESIAN_POINT('',(-20.438954224,-15.255778736,1.229808961));
#4678=CARTESIAN_POINT('',(-22.358179983,-17.799688291,1.438126638));
#4679=CARTESIAN_POINT('',(-21.980393142,-20.62365957,1.625612547));
#4680=CARTESIAN_POINT('',(-19.705347895,-22.361802933,1.813098456));
#4681=CARTESIAN_POINT('',(-16.87405637,-21.978147446,2.000584365));
#4682=CARTESIAN_POINT('',(-15.13971715,-19.707120118,2.188070274));
#4683=CARTESIAN_POINT('',(-15.520909489,-16.873702507,2.375556184));
#4684=CARTESIAN_POINT('',(-17.79280399,-15.140270667,2.563042093));
#4685=CARTESIAN_POINT('',(-20.62578276,-15.52034772,2.750528002));
#4686=CARTESIAN_POINT('',(-22.359592011,-17.792768914,2.938013911));
#4687=CARTESIAN_POINT('',(-21.980068452,-20.62478409,3.12549982));
#4688=CARTESIAN_POINT('',(-19.707188431,-22.360618476,3.312985729));
#4689=CARTESIAN_POINT('',(-17.348455319,-22.041706514,3.469223987));
#4690=CARTESIAN_POINT('',(-16.006170111,-20.845253222,3.594214593));
#4691=CARTESIAN_POINT('',(-15.205544192,-19.235685693,3.719205199));
#4692=CARTESIAN_POINT('',(-15.518672388,-16.875502382,3.875443457));
#4693=CARTESIAN_POINT('',(-17.791358469,-15.140795683,4.062929366));
#4694=CARTESIAN_POINT('',(-20.624087727,-15.519315776,4.250415275));
#4695=CARTESIAN_POINT('',(-22.359223852,-17.79146496,4.437901185));
#4696=CARTESIAN_POINT('',(-21.981025629,-20.623372118,4.625387094));
#4697=CARTESIAN_POINT('',(-19.709125467,-22.359864557,4.812873003));
#4698=CARTESIAN_POINT('',(-16.877392798,-21.97958922,5.000358912));
#4699=CARTESIAN_POINT('',(-15.13955141,-19.712360212,5.187844821));
#4700=CARTESIAN_POINT('',(-15.521448733,-16.87275446,5.37533073));
#4701=CARTESIAN_POINT('',(-17.775746553,-15.154623256,5.562052788));
#4702=CARTESIAN_POINT('',(-19.659844071,-15.383648801,5.686279542));
#4703=CARTESIAN_POINT('',(-20.413786473,-15.813723025,5.748010993));
#4704=CARTESIAN_POINT('',(-16.865897787,-15.448542876,-0.748816372));
#4705=CARTESIAN_POINT('',(-16.937391188,-15.407608913,-0.743639743));
#4706=CARTESIAN_POINT('',(-17.669671995,-15.019781416,-0.691591637));
#4707=CARTESIAN_POINT('',(-19.293565146,-14.759522262,-0.592672053));
#4708=CARTESIAN_POINT('',(-21.419456981,-15.733194848,-0.452057621));
#4709=CARTESIAN_POINT('',(-22.644325584,-17.725904727,-0.311443189));
#4710=CARTESIAN_POINT('',(-22.559457232,-20.059200718,-0.170828757));
#4711=CARTESIAN_POINT('',(-21.185514764,-21.960101053,-0.030214325));
#4712=CARTESIAN_POINT('',(-19.000940205,-22.762249123,0.110400107));
#4713=CARTESIAN_POINT('',(-16.1190913,-22.107787355,0.287470132));
#4714=CARTESIAN_POINT('',(-14.175866414,-18.736652012,0.500995751));
#4715=CARTESIAN_POINT('',(-16.489160699,-14.774961487,0.750976963));
#4716=CARTESIAN_POINT('',(-20.659699462,-14.808783116,0.980126408));
#4717=CARTESIAN_POINT('',(-22.822684499,-17.681543442,1.188444085));
#4718=CARTESIAN_POINT('',(-22.393298919,-20.867843845,1.375929994));
#4719=CARTESIAN_POINT('',(-19.824135652,-22.826777536,1.563415903));
#4720=CARTESIAN_POINT('',(-16.629581182,-22.390763253,1.750901812));
#4721=CARTESIAN_POINT('',(-14.674935859,-19.826136613,1.938387721));
#4722=CARTESIAN_POINT('',(-15.108172937,-16.62918115,2.12587363));
#4723=CARTESIAN_POINT('',(-17.673777141,-14.675560201,2.31335954));
#4724=CARTESIAN_POINT('',(-20.870238612,-15.107538609,2.500845449));
#4725=CARTESIAN_POINT('',(-22.824284877,-17.673737211,2.688331358));
#4726=CARTESIAN_POINT('',(-22.392932103,-20.869112444,2.875817267));
#4727=CARTESIAN_POINT('',(-19.826213555,-22.825442516,3.063303176));
#4728=CARTESIAN_POINT('',(-17.164847508,-22.463003245,3.219541434));
#4729=CARTESIAN_POINT('',(-15.651446868,-21.111404818,3.34453204));
#4730=CARTESIAN_POINT('',(-14.749732058,-19.294218199,3.469522646));
#4731=CARTESIAN_POINT('',(-15.105645538,-16.631209029,3.625760904));
#4732=CARTESIAN_POINT('',(-17.672145784,-14.676151726,3.813246813));
#4733=CARTESIAN_POINT('',(-20.868326759,-15.10637213,4.000732722));
#4734=CARTESIAN_POINT('',(-22.823871435,-17.672265289,4.188218631));
#4735=CARTESIAN_POINT('',(-22.394012924,-20.867519905,4.375704541));
#4736=CARTESIAN_POINT('',(-19.828400615,-22.8245945,4.56319045));
#4737=CARTESIAN_POINT('',(-16.633344511,-22.392393583,4.750676359));
#4738=CARTESIAN_POINT('',(-14.674743305,-19.832050051,4.938162268));
#4739=CARTESIAN_POINT('',(-15.108782198,-16.628111171,5.125648177));
#4740=CARTESIAN_POINT('',(-17.654512945,-14.691738419,5.312370235));
#4741=CARTESIAN_POINT('',(-19.780374011,-14.952230621,5.436596989));
#4742=CARTESIAN_POINT('',(-20.630692697,-15.438367495,5.49832844));
#4743=B_SPLINE_SURFACE_WITH_KNOTS('',3,3,((#4587,#4588,#4589,#4590,#4591,#4592,#4593,#4594,#4595,#4596,#4597,#4598,#4599,#4600,#4601,#4602,#4603,#4604,#4605,#4606,#4607,#4608,#4609,#4610,#4611,#4612,
#4613,#4614,#4615,#4616,#4617,#4618,#4619,#4620,#4621,#4622,#4623,#4624,#4625),(#4626,#4627,#4628,#4629,#4630,#4631,#4632,#4633,#4634,#4635,#4636,#4637,#4638,#4639,#4640,#4641,#4642,#4643,#4644,#4645,#4646,#4647,#4648,#4649,#4650,#4651,
#4652,#4653,#4654,#4655,#4656,#4657,#4658,#4659,#4660,#4661,#4662,#4663,#4664),(#4665,#4666,#4667,#4668,#4669,#4670,#4671,#4672,#4673,#4674,#4675,#4676,#4677,#4678,#4679,#4680,#4681,#4682,#4683,#4684,#4685,#4686,#4687,#4688,#4689,#4690,
#4691,#4692,#4693,#4694,#4695,#4696,#4697,#4698,#4699,#4700,#4701,#4702,#4703),(#4704,#4705,#4706,#4707,#4708,#4709,#4710,#4711,#4712,#4713,#4714,#4715,#4716,#4717,#4718,#4719,#4720,#4721,#4722,#4723,#4724,#4725,#4726,#4727,#4728,#4729,
#4730,#4731,#4732,#4733,#4734,#4735,#4736,#4737,#4738,#4739,#4740,#4741,#4742)),.UNSPECIFIED.,.F.,.F.,.U.,(4,4),(4,1,1,1,1,1,1,1,1,1,1,1,1,1,1,1,1,1,1,1,1,1,1,1,1,1,
1,1,1,1,1,1,1,1,1,1,4),(0.170679769,0.320537433),(7.339034499,7.40408594,7.993090295,8.58209465,9.171099005,9.76010336,10.349107715,10.93811207,11.527116425,12.574235278,13.621354131,14.668472984,15.453812124,16.239151264,17.024490404,17.809829544,18.595168684,19.380507824,20.165846964,20.951186104,21.736525244,22.521864384,23.307203524,24.092542664,24.485212234,24.877881804,
25.663220944,26.448560083,27.233899223,28.019238363,28.804577503,29.589916643,30.375255783,31.160594923,31.945934063,32.731273203,33.507013496),.UNSPECIFIED.);
#4744=ORIENTED_EDGE('',*,*,#1704,.T.);
#4745=ORIENTED_EDGE('',*,*,#4581,.T.);
#4746=ORIENTED_EDGE('',*,*,#756,.T.);
#4747=ORIENTED_EDGE('',*,*,#4405,.F.);
#4748=EDGE_LOOP('',(#4744,#4745,#4746,#4747));
#4749=FACE_BOUND('',#4748,.T.);
#4750=ADVANCED_FACE('',(#4749),#4743,.F.);
#4751=CARTESIAN_POINT('',(-45.650574189,-22.042001671,-0.000009183));
#4752=CARTESIAN_POINT('',(-45.579244059,-22.083316794,0.005170507));
#4753=CARTESIAN_POINT('',(-44.848859311,-22.474808029,0.057221674));
#4754=CARTESIAN_POINT('',(-43.226225101,-22.743125885,0.156144319));
#4755=CARTESIAN_POINT('',(-41.095534633,-21.779999483,0.296758751));
#4756=CARTESIAN_POINT('',(-39.860796973,-19.793396693,0.437373183));
#4757=CARTESIAN_POINT('',(-39.934102594,-17.459692584,0.577987615));
#4758=CARTESIAN_POINT('',(-41.298594133,-15.552028393,0.718602046));
#4759=CARTESIAN_POINT('',(-43.479175959,-14.739026245,0.859216478));
#4760=CARTESIAN_POINT('',(-46.364226126,-15.379226404,1.036286504));
#4761=CARTESIAN_POINT('',(-48.324125492,-18.740666285,1.249812122));
#4762=CARTESIAN_POINT('',(-46.030544388,-22.713765558,1.499793335));
#4763=CARTESIAN_POINT('',(-41.859848985,-22.700660567,1.728942779));
#4764=CARTESIAN_POINT('',(-39.682673726,-19.838627485,1.937260456));
#4765=CARTESIAN_POINT('',(-40.096233959,-16.650248476,2.124746365));
#4766=CARTESIAN_POINT('',(-42.655670524,-14.678597545,2.312232275));
#4767=CARTESIAN_POINT('',(-45.852339592,-15.098767942,2.499718184));
#4768=CARTESIAN_POINT('',(-47.819680013,-17.653673144,2.687204093));
#4769=CARTESIAN_POINT('',(-47.402296757,-20.852736448,2.874690002));
#4770=CARTESIAN_POINT('',(-44.846411051,-22.819054317,3.062175911));
#4771=CARTESIAN_POINT('',(-41.6478458,-22.402928809,3.24966182));
#4772=CARTESIAN_POINT('',(-39.681102384,-19.846449335,3.43714773));
#4773=CARTESIAN_POINT('',(-40.096603298,-16.648976202,3.624633639));
#4774=CARTESIAN_POINT('',(-42.653599705,-14.679939956,3.812119548));
#4775=CARTESIAN_POINT('',(-45.316712847,-15.029191287,3.968357806));
#4776=CARTESIAN_POINT('',(-46.836819112,-16.373254604,4.093348412));
#4777=CARTESIAN_POINT('',(-47.747507224,-18.185958886,4.218339018));
#4778=CARTESIAN_POINT('',(-47.404824797,-20.850703042,4.374577276));
#4779=CARTESIAN_POINT('',(-44.848033013,-22.818449542,4.562063185));
#4780=CARTESIAN_POINT('',(-41.64976518,-22.404085173,4.749549094));
#4781=CARTESIAN_POINT('',(-39.681528379,-19.847920551,4.937035003));
#4782=CARTESIAN_POINT('',(-40.095523189,-16.650572103,5.124520912));
#4783=CARTESIAN_POINT('',(-42.65141566,-14.680802705,5.312006822));
#4784=CARTESIAN_POINT('',(-45.848569222,-15.097156163,5.499492731));
#4785=CARTESIAN_POINT('',(-47.819841841,-17.647757775,5.68697864));
#4786=CARTESIAN_POINT('',(-47.401693892,-20.853814499,5.874464549));
#4787=CARTESIAN_POINT('',(-44.855225459,-22.810748228,6.061950458));
#4788=CARTESIAN_POINT('',(-42.709502706,-22.549366126,6.18710304));
#4789=CARTESIAN_POINT('',(-41.849731603,-22.050289442,6.249760318));
#4790=CARTESIAN_POINT('',(-41.847510447,-22.048996824,6.249922293));
#4791=CARTESIAN_POINT('',(-45.431421826,-21.668897587,-0.249691735));
#4792=CARTESIAN_POINT('',(-45.368175891,-21.705448924,-0.244512046));
#4793=CARTESIAN_POINT('',(-44.720596192,-22.051753259,-0.192460878));
#4794=CARTESIAN_POINT('',(-43.282436537,-22.288143099,-0.093538234));
#4795=CARTESIAN_POINT('',(-41.395103892,-21.43282956,0.047076198));
#4796=CARTESIAN_POINT('',(-40.302612108,-19.671306517,0.18769063));
#4797=CARTESIAN_POINT('',(-40.369566075,-17.603309309,0.328305062));
#4798=CARTESIAN_POINT('',(-41.580367085,-15.913958852,0.468919494));
#4799=CARTESIAN_POINT('',(-43.513428623,-15.195361943,0.609533925));
#4800=CARTESIAN_POINT('',(-46.069527932,-15.765152783,0.786603951));
#4801=CARTESIAN_POINT('',(-47.803463466,-18.745633963,1.00012957));
#4802=CARTESIAN_POINT('',(-45.767566324,-22.264519763,1.250110782));
#4803=CARTESIAN_POINT('',(-42.071630865,-22.249344375,1.479260226));
#4804=CARTESIAN_POINT('',(-40.144725303,-19.711237005,1.687577903));
#4805=CARTESIAN_POINT('',(-40.513934105,-16.886142176,1.875063812));
#4806=CARTESIAN_POINT('',(-42.783713476,-15.141108933,2.062549722));
#4807=CARTESIAN_POINT('',(-45.616149241,-15.516180971,2.250035631));
#4808=CARTESIAN_POINT('',(-47.357366329,-17.78194249,2.43752154));
#4809=CARTESIAN_POINT('',(-46.984762233,-20.616501552,2.625007449));
#4810=CARTESIAN_POINT('',(-44.718132631,-22.356812101,2.812493358));
#4811=CARTESIAN_POINT('',(-41.884013901,-21.985322692,2.999979268));
#4812=CARTESIAN_POINT('',(-40.143326701,-19.71816687,3.187465177));
#4813=CARTESIAN_POINT('',(-40.51426176,-16.885014935,3.374951086));
#4814=CARTESIAN_POINT('',(-42.781877475,-15.142297197,3.562436995));
#4815=CARTESIAN_POINT('',(-45.141552214,-15.454065994,3.718675253));
#4816=CARTESIAN_POINT('',(-46.48747756,-16.646434327,3.843665859));
#4817=CARTESIAN_POINT('',(-47.292953483,-18.25357647,3.968656465));
#4818=CARTESIAN_POINT('',(-46.987005023,-20.614702591,4.124894723));
#4819=CARTESIAN_POINT('',(-44.719570204,-22.356276913,4.312380632));
#4820=CARTESIAN_POINT('',(-41.885713985,-21.986349222,4.499866541));
#4821=CARTESIAN_POINT('',(-40.143702406,-19.719470965,4.68735245));
#4822=CARTESIAN_POINT('',(-40.513303962,-16.88642859,4.874838359));
#4823=CARTESIAN_POINT('',(-42.779941041,-15.143059245,5.062324269));
#4824=CARTESIAN_POINT('',(-45.612809474,-15.514749697,5.249810178));
#4825=CARTESIAN_POINT('',(-47.357514693,-17.776700186,5.437296087));
#4826=CARTESIAN_POINT('',(-46.984227217,-20.617457085,5.624781996));
#4827=CARTESIAN_POINT('',(-44.72595099,-22.349458501,5.812267905));
#4828=CARTESIAN_POINT('',(-42.824697678,-22.115997439,5.937420487));
#4829=CARTESIAN_POINT('',(-42.06322,-21.672996406,6.000077765));
#4830=CARTESIAN_POINT('',(-42.061252781,-21.671849029,6.00023974));
#4831=CARTESIAN_POINT('',(-45.211909631,-21.295991561,-0.499357109));
#4832=CARTESIAN_POINT('',(-45.156743586,-21.327771315,-0.494177419));
#4833=CARTESIAN_POINT('',(-44.591928256,-21.628808976,-0.442126252));
#4834=CARTESIAN_POINT('',(-43.338217743,-21.833094919,-0.343203608));
#4835=CARTESIAN_POINT('',(-41.694351674,-21.085366192,-0.202589176));
#4836=CARTESIAN_POINT('',(-40.744323106,-19.548793869,-0.061974744));
#4837=CARTESIAN_POINT('',(-40.805177366,-17.746516677,0.078639688));
#4838=CARTESIAN_POINT('',(-41.862490937,-16.275631473,0.21925412));
#4839=CARTESIAN_POINT('',(-43.548115168,-15.651677364,0.359868552));
#4840=CARTESIAN_POINT('',(-45.775188306,-16.151368612,0.536938577));
#4841=CARTESIAN_POINT('',(-47.28279209,-18.751096099,0.750464196));
#4842=CARTESIAN_POINT('',(-45.504155183,-21.815511354,1.000445408));
#4843=CARTESIAN_POINT('',(-42.282989964,-21.797815574,1.229594853));
#4844=CARTESIAN_POINT('',(-40.606668614,-19.583404473,1.437912529));
#4845=CARTESIAN_POINT('',(-40.931868649,-17.121645879,1.625398439));
#4846=CARTESIAN_POINT('',(-42.912198965,-15.603511037,1.812884348));
#4847=CARTESIAN_POINT('',(-45.380348549,-15.933829199,2.000370257));
#4848=CARTESIAN_POINT('',(-46.895162183,-17.910653891,2.187856166));
#4849=CARTESIAN_POINT('',(-46.566992444,-20.380656596,2.375342075));
#4850=CARTESIAN_POINT('',(-44.589412236,-21.894679331,2.562827985));
#4851=CARTESIAN_POINT('',(-42.119791981,-21.567481457,2.750313894));
#4852=CARTESIAN_POINT('',(-40.605441584,-19.58944234,2.937799803));
#4853=CARTESIAN_POINT('',(-40.932155191,-17.120663771,3.125285712));
#4854=CARTESIAN_POINT('',(-42.910597493,-15.604544675,3.312771621));
#4855=CARTESIAN_POINT('',(-44.966789838,-15.879118693,3.469009879));
#4856=CARTESIAN_POINT('',(-46.13838589,-16.919952632,3.594000485));
#4857=CARTESIAN_POINT('',(-46.838452503,-18.321627315,3.718991091));
#4858=CARTESIAN_POINT('',(-46.568949726,-20.379091873,3.875229349));
#4859=CARTESIAN_POINT('',(-44.590665654,-21.894214284,4.062715258));
#4860=CARTESIAN_POINT('',(-42.121272535,-21.568378268,4.250201167));
#4861=CARTESIAN_POINT('',(-40.605767162,-19.590579362,4.437687076));
#4862=CARTESIAN_POINT('',(-40.931319099,-17.121894865,4.625172986));
#4863=CARTESIAN_POINT('',(-42.908908742,-15.605206157,4.812658895));
#4864=CARTESIAN_POINT('',(-45.377439536,-15.932577874,5.000144804));
#4865=CARTESIAN_POINT('',(-46.895297783,-17.90608493,5.187630713));
#4866=CARTESIAN_POINT('',(-46.566525069,-20.38148912,5.375116622));
#4867=CARTESIAN_POINT('',(-44.59623531,-21.888279499,5.562602532));
#4868=CARTESIAN_POINT('',(-42.939484593,-21.68250812,5.687755113));
#4869=CARTESIAN_POINT('',(-42.276356176,-21.295490878,5.750412391));
#4870=CARTESIAN_POINT('',(-42.274643038,-21.294488507,5.750574366));
#4871=CARTESIAN_POINT('',(-44.990740581,-20.923918757,-0.748825554));
#4872=CARTESIAN_POINT('',(-44.943636308,-20.950891022,-0.743645865));
#4873=CARTESIAN_POINT('',(-44.461415192,-21.206295246,-0.691594697));
#4874=CARTESIAN_POINT('',(-43.392068702,-21.377679422,-0.592672053));
#4875=CARTESIAN_POINT('',(-41.992198203,-20.736524779,-0.452057621));
#4876=CARTESIAN_POINT('',(-41.185635177,-19.424357517,-0.311443189));
#4877=CARTESIAN_POINT('',(-41.241524338,-17.887901767,-0.170828757));
#4878=CARTESIAN_POINT('',(-42.146241359,-16.636199736,-0.030214325));
#4879=CARTESIAN_POINT('',(-43.584762876,-16.107973967,0.110400106));
#4880=CARTESIAN_POINT('',(-45.482417643,-16.538951264,0.287470132));
#4881=CARTESIAN_POINT('',(-46.761995909,-18.758787304,0.500995751));
#4882=CARTESIAN_POINT('',(-45.238749828,-21.367501655,0.750976963));
#4883=CARTESIAN_POINT('',(-42.492477405,-21.345256032,0.980126407));
#4884=CARTESIAN_POINT('',(-41.068197098,-19.453559515,1.188444084));
#4885=CARTESIAN_POINT('',(-41.350927062,-17.355429163,1.375929993));
#4886=CARTESIAN_POINT('',(-43.042699151,-16.065494403,1.563415903));
#4887=CARTESIAN_POINT('',(-45.146266752,-16.352604086,1.750901812));
#4888=CARTESIAN_POINT('',(-46.433377926,-18.041378295,1.938387721));
#4889=CARTESIAN_POINT('',(-46.148095701,-20.14653155,2.12587363));
#4890=CARTESIAN_POINT('',(-44.458679188,-21.432966194,2.313359539));
#4891=CARTESIAN_POINT('',(-42.353849785,-21.148513794,2.500845449));
#4892=CARTESIAN_POINT('',(-41.067136866,-19.458704909,2.688331358));
#4893=CARTESIAN_POINT('',(-41.351174417,-17.354592603,2.875817267));
#4894=CARTESIAN_POINT('',(-43.041331178,-16.066371592,3.063303176));
#4895=CARTESIAN_POINT('',(-44.793794956,-16.305040636,3.219541434));
#4896=CARTESIAN_POINT('',(-45.790364936,-17.195040824,3.34453204));
#4897=CARTESIAN_POINT('',(-46.384115885,-18.391641636,3.469522646));
#4898=CARTESIAN_POINT('',(-46.149767,-20.145200848,3.625760904));
#4899=CARTESIAN_POINT('',(-44.459749191,-21.432573257,3.813246813));
#4900=CARTESIAN_POINT('',(-42.355109881,-21.149281502,4.000732722));
#4901=CARTESIAN_POINT('',(-41.067412571,-19.459675064,4.188218631));
#4902=CARTESIAN_POINT('',(-41.350457978,-17.355639944,4.37570454));
#4903=CARTESIAN_POINT('',(-43.039890214,-16.066932563,4.56319045));
#4904=CARTESIAN_POINT('',(-45.143789305,-16.351530454,4.750676359));
#4905=CARTESIAN_POINT('',(-46.433503799,-18.037483678,4.938162268));
#4906=CARTESIAN_POINT('',(-46.147695207,-20.147239456,5.125648177));
#4907=CARTESIAN_POINT('',(-44.464510408,-21.427525586,5.313134086));
#4908=CARTESIAN_POINT('',(-43.052450448,-21.248405728,5.438286668));
#4909=CARTESIAN_POINT('',(-42.487938618,-20.916967294,5.500943946));
#4910=CARTESIAN_POINT('',(-42.486480254,-20.91610888,5.501105921));
#4911=B_SPLINE_SURFACE_WITH_KNOTS('',3,3,((#4751,#4752,#4753,#4754,#4755,#4756,#4757,#4758,#4759,#4760,#4761,#4762,#4763,#4764,#4765,#4766,#4767,#4768,#4769,#4770,#4771,#4772,#4773,#4774,#4775,#4776,
#4777,#4778,#4779,#4780,#4781,#4782,#4783,#4784,#4785,#4786,#4787,#4788,#4789,#4790),(#4791,#4792,#4793,#4794,#4795,#4796,#4797,#4798,#4799,#4800,#4801,#4802,#4803,#4804,#4805,#4806,#4807,#4808,#4809,#4810,#4811,#4812,#4813,#4814,#4815,#4816,
#4817,#4818,#4819,#4820,#4821,#4822,#4823,#4824,#4825,#4826,#4827,#4828,#4829,#4830),(#4831,#4832,#4833,#4834,#4835,#4836,#4837,#4838,#4839,#4840,#4841,#4842,#4843,#4844,#4845,#4846,#4847,#4848,#4849,#4850,#4851,#4852,#4853,#4854,#4855,#4856,
#4857,#4858,#4859,#4860,#4861,#4862,#4863,#4864,#4865,#4866,#4867,#4868,#4869,#4870),(#4871,#4872,#4873,#4874,#4875,#4876,#4877,#4878,#4879,#4880,#4881,#4882,#4883,#4884,#4885,#4886,#4887,#4888,#4889,#4890,#4891,#4892,#4893,#4894,#4895,#4896,
#4897,#4898,#4899,#4900,#4901,#4902,#4903,#4904,#4905,#4906,#4907,#4908,#4909,#4910)),.UNSPECIFIED.,.F.,.F.,.U.,(4,4),(4,1,1,1,1,1,1,1,1,1,1,1,1,1,1,1,1,1,1,1,1,1,1,1,1,1,
1,1,1,1,1,1,1,1,1,1,1,4),(-0.043409303,0.10644836),(10.468243376,10.533333278,11.122337633,11.711341988,12.300346343,12.889350698,13.478355053,14.067359408,14.656363763,15.703482616,16.750601469,17.797720323,18.583059463,19.368398603,20.153737742,20.939076882,21.724416022,22.509755162,23.295094302,24.080433442,24.865772582,25.651111722,26.436450862,27.221790002,27.614459572,28.007129142,
28.792468282,29.577807422,30.363146562,31.148485702,31.933824842,32.719163981,33.504503121,34.289842261,35.075181401,35.860520541,36.645859681,36.647895121),.UNSPECIFIED.);
#4912=ORIENTED_EDGE('',*,*,#1546,.T.);
#4913=CARTESIAN_POINT('',(-42.486480254,-20.916108881,5.501105921));
#4914=CARTESIAN_POINT('',(-43.005021989,-21.21894057,5.442440429));
#4915=CARTESIAN_POINT('',(-43.63912314,-21.320720992,5.386189954));
#4916=CARTESIAN_POINT('',(-44.228206339,-21.207653636,5.329519768));
#4917=CARTESIAN_POINT('',(-44.817289539,-21.094586279,5.272849583));
#4918=CARTESIAN_POINT('',(-45.36079717,-20.755158616,5.21460046));
#4919=CARTESIAN_POINT('',(-45.730225779,-20.281771163,5.157181773));
#4920=CARTESIAN_POINT('',(-46.099654387,-19.808383711,5.099763086));
#4921=CARTESIAN_POINT('',(-46.282118458,-19.195643819,5.042815822));
#4922=CARTESIAN_POINT('',(-46.247835052,-18.595912295,4.985359226));
#4923=CARTESIAN_POINT('',(-46.230693349,-18.296046533,4.956630928));
#4924=CARTESIAN_POINT('',(-46.158743546,-18.000135574,4.928096889));
#4925=CARTESIAN_POINT('',(-46.034741531,-17.72657691,4.899435513));
#4926=CARTESIAN_POINT('',(-45.910739516,-17.453018245,4.870774137));
#4927=CARTESIAN_POINT('',(-45.736938773,-17.20128155,4.842099657));
#4928=CARTESIAN_POINT('',(-45.525699308,-16.987294013,4.813434407));
#4929=CARTESIAN_POINT('',(-45.314459843,-16.773306476,4.784769158));
#4930=CARTESIAN_POINT('',(-45.065569057,-16.597526711,4.756270761));
#4931=CARTESIAN_POINT('',(-44.792348486,-16.473635216,4.727653303));
#4932=CARTESIAN_POINT('',(-44.519127915,-16.349743721,4.699035845));
#4933=CARTESIAN_POINT('',(-44.222656456,-16.27586272,4.670295869));
#4934=CARTESIAN_POINT('',(-43.922662835,-16.254540066,4.641569891));
#4935=CARTESIAN_POINT('',(-43.622669214,-16.233217413,4.612843914));
#4936=CARTESIAN_POINT('',(-43.319140059,-16.264474786,4.584198897));
#4937=CARTESIAN_POINT('',(-43.031909212,-16.350944203,4.555537926));
#4938=CARTESIAN_POINT('',(-42.744678365,-16.43741362,4.526876956));
#4939=CARTESIAN_POINT('',(-42.4734675,-16.577885941,4.498243573));
#4940=CARTESIAN_POINT('',(-42.234146467,-16.760166789,4.469619137));
#4941=CARTESIAN_POINT('',(-41.994825433,-16.942447637,4.440994702));
#4942=CARTESIAN_POINT('',(-41.787411969,-17.166563073,4.412363028));
#4943=CARTESIAN_POINT('',(-41.627803292,-17.420328678,4.383712872));
#4944=CARTESIAN_POINT('',(-41.468194615,-17.674094282,4.355062715));
#4945=CARTESIAN_POINT('',(-41.35741643,-17.958080081,4.326373961));
#4946=CARTESIAN_POINT('',(-41.298265128,-18.252907925,4.29772049));
#4947=CARTESIAN_POINT('',(-41.239113827,-18.547735768,4.26906702));
#4948=CARTESIAN_POINT('',(-41.231616691,-18.853403533,4.240395354));
#4949=CARTESIAN_POINT('',(-41.278514391,-19.149932035,4.211725105));
#4950=CARTESIAN_POINT('',(-41.325412091,-19.446460537,4.183054855));
#4951=CARTESIAN_POINT('',(-41.428511505,-19.73326642,4.154571884));
#4952=CARTESIAN_POINT('',(-41.57857712,-19.993630292,4.126074448));
#4953=CARTESIAN_POINT('',(-41.728642735,-20.253994163,4.097577012));
#4954=CARTESIAN_POINT('',(-41.925285692,-20.487905705,4.068753177));
#4955=CARTESIAN_POINT('',(-42.156113975,-20.680000035,4.03994191));
#4956=CARTESIAN_POINT('',(-42.386942257,-20.872094365,4.011130643));
#4957=CARTESIAN_POINT('',(-42.652859702,-21.020797961,3.982536957));
#4958=CARTESIAN_POINT('',(-42.937482463,-21.117082358,3.953876222));
#4959=CARTESIAN_POINT('',(-43.506727986,-21.309651151,3.896554752));
#4960=CARTESIAN_POINT('',(-44.145925402,-21.296289317,3.839426738));
#4961=CARTESIAN_POINT('',(-44.700229146,-21.066087186,3.782096997));
#4962=CARTESIAN_POINT('',(-45.254532891,-20.835885055,3.724767257));
#4963=CARTESIAN_POINT('',(-45.727386672,-20.402440767,3.667374378));
#4964=CARTESIAN_POINT('',(-45.992566942,-19.864266964,3.610058777));
#4965=CARTESIAN_POINT('',(-46.257747211,-19.326093161,3.552743177));
#4966=CARTESIAN_POINT('',(-46.323919862,-18.688309218,3.495806647));
#4967=CARTESIAN_POINT('',(-46.170526797,-18.108612273,3.438305175));
#4968=CARTESIAN_POINT('',(-46.017133732,-17.528915328,3.380803703));
#4969=CARTESIAN_POINT('',(-45.64347751,-17.007264434,3.323323481));
#4970=CARTESIAN_POINT('',(-45.146280766,-16.671517103,3.266327197));
#4971=CARTESIAN_POINT('',(-44.649084023,-16.335769772,3.209330912));
#4972=CARTESIAN_POINT('',(-44.024581655,-16.19312274,3.151675313));
#4973=CARTESIAN_POINT('',(-43.428828932,-16.267328718,3.094340637));
#4974=CARTESIAN_POINT('',(-42.83307621,-16.341534695,3.037005962));
#4975=CARTESIAN_POINT('',(-42.271004417,-16.646840357,2.979728317));
#4976=CARTESIAN_POINT('',(-41.871940038,-17.095934797,2.922442509));
#4977=CARTESIAN_POINT('',(-41.672407849,-17.320482017,2.893799605));
#4978=CARTESIAN_POINT('',(-41.514926086,-17.581100159,2.865152083));
#4979=CARTESIAN_POINT('',(-41.409688203,-17.862347593,2.836497603));
#4980=CARTESIAN_POINT('',(-41.30445032,-18.143595027,2.807843123));
#4981=CARTESIAN_POINT('',(-41.249678793,-18.44445863,2.77917902));
#4982=CARTESIAN_POINT('',(-41.248041054,-18.745089365,2.750525687));
#4983=CARTESIAN_POINT('',(-41.246403315,-19.045720101,2.721872355));
#4984=CARTESIAN_POINT('',(-41.298625923,-19.345901672,2.693284304));
#4985=CARTESIAN_POINT('',(-41.404728555,-19.626489444,2.664635616));
#4986=CARTESIAN_POINT('',(-41.510831188,-19.907077217,2.635986928));
#4987=CARTESIAN_POINT('',(-41.668652904,-20.16867613,2.607280699));
#4988=CARTESIAN_POINT('',(-41.866026513,-20.395591774,2.578629831));
#4989=CARTESIAN_POINT('',(-42.063400122,-20.622507418,2.549978963));
#4990=CARTESIAN_POINT('',(-42.300513185,-20.814549524,2.521318099));
#4991=CARTESIAN_POINT('',(-42.56495537,-20.956018954,2.492664965));
#4992=CARTESIAN_POINT('',(-42.829397556,-21.097488384,2.46401183));
#4993=CARTESIAN_POINT('',(-43.120499262,-21.189534696,2.435428288));
#4994=CARTESIAN_POINT('',(-43.418581405,-21.229447513,2.406828604));
#4995=CARTESIAN_POINT('',(-43.716663549,-21.26936033,2.37822892));
#4996=CARTESIAN_POINT('',(-44.021726562,-21.257109662,2.349593557));
#4997=CARTESIAN_POINT('',(-44.314053767,-21.18998347,2.320915885));
#4998=CARTESIAN_POINT('',(-44.606380972,-21.122857278,2.292238212));
#4999=CARTESIAN_POINT('',(-44.885675972,-20.999681048,2.263464113));
#5000=CARTESIAN_POINT('',(-45.135958782,-20.832427781,2.234780047));
#5001=CARTESIAN_POINT('',(-45.386241592,-20.665174514,2.20609598));
#5002=CARTESIAN_POINT('',(-45.607411372,-20.453772864,2.177401096));
#5003=CARTESIAN_POINT('',(-45.78339341,-20.210757388,2.148763731));
#5004=CARTESIAN_POINT('',(-45.959375449,-19.967741911,2.120126366));
#5005=CARTESIAN_POINT('',(-46.088405441,-19.69225712,2.09164366));
#5006=CARTESIAN_POINT('',(-46.165529786,-19.402268259,2.062987397));
#5007=CARTESIAN_POINT('',(-46.24265413,-19.112279398,2.034331133));
#5008=CARTESIAN_POINT('',(-46.268965316,-18.80818347,2.0057184));
#5009=CARTESIAN_POINT('',(-46.241434489,-18.509144805,1.977063503));
#5010=CARTESIAN_POINT('',(-46.213903661,-18.210106141,1.948408607));
#5011=CARTESIAN_POINT('',(-46.130212686,-17.916640935,1.919620916));
#5012=CARTESIAN_POINT('',(-45.996483463,-17.646903882,1.891044849));
#5013=CARTESIAN_POINT('',(-45.862754239,-17.37716683,1.862468781));
#5014=CARTESIAN_POINT('',(-45.681242505,-17.130395249,1.834504632));
#5015=CARTESIAN_POINT('',(-45.463194802,-16.923683859,1.806101596));
#5016=CARTESIAN_POINT('',(-45.245147099,-16.716972469,1.777698559));
#5017=CARTESIAN_POINT('',(-44.990299612,-16.551455887,1.748937866));
#5018=CARTESIAN_POINT('',(-44.712764452,-16.438750728,1.719470139));
#5019=CARTESIAN_POINT('',(-44.435229292,-16.326045568,1.690002412));
#5020=CARTESIAN_POINT('',(-44.136508181,-16.259956653,1.662259059));
#5021=CARTESIAN_POINT('',(-43.834896008,-16.249411794,1.63312979));
#5022=CARTESIAN_POINT('',(-43.533283835,-16.238866934,1.60400052));
#5023=CARTESIAN_POINT('',(-43.230256988,-16.283075014,1.574423593));
#5024=CARTESIAN_POINT('',(-42.94627947,-16.377536972,1.547437805));
#5025=CARTESIAN_POINT('',(-42.662301953,-16.471998929,1.520452017));
#5026=CARTESIAN_POINT('',(-42.397718625,-16.618072291,1.49366094));
#5027=CARTESIAN_POINT('',(-42.16750726,-16.809407707,1.46343238));
#5028=CARTESIAN_POINT('',(-41.937295894,-17.000743123,1.433203821));
#5029=CARTESIAN_POINT('',(-41.735556503,-17.23199883,1.404440534));
#5030=CARTESIAN_POINT('',(-41.583379687,-17.494235019,1.375475762));
#5031=CARTESIAN_POINT('',(-41.431202871,-17.756471208,1.346510989));
#5032=CARTESIAN_POINT('',(-41.330391295,-18.046922126,1.317518966));
#5033=CARTESIAN_POINT('',(-41.278980246,-18.342281372,1.290744389));
#5034=CARTESIAN_POINT('',(-41.227569197,-18.637640618,1.263969813));
#5035=CARTESIAN_POINT('',(-41.232808448,-18.939765056,1.234497487));
#5036=CARTESIAN_POINT('',(-41.292530137,-19.232759729,1.20427032));
#5037=CARTESIAN_POINT('',(-41.352251825,-19.525754402,1.174043153));
#5038=CARTESIAN_POINT('',(-41.463524623,-19.81110111,1.146415419));
#5039=CARTESIAN_POINT('',(-41.622761911,-20.06797401,1.117605553));
#5040=CARTESIAN_POINT('',(-41.7819992,-20.32484691,1.088795687));
#5041=CARTESIAN_POINT('',(-41.9864803,-20.553717847,1.060020774));
#5042=CARTESIAN_POINT('',(-42.223826169,-20.737773561,1.031428319));
#5043=CARTESIAN_POINT('',(-42.461172038,-20.921829274,1.002835863));
#5044=CARTESIAN_POINT('',(-42.732443042,-21.059882243,0.975009519));
#5045=CARTESIAN_POINT('',(-43.020627177,-21.145435014,0.947079255));
#5046=CARTESIAN_POINT('',(-43.308811312,-21.230987785,0.91914899));
#5047=CARTESIAN_POINT('',(-43.613074727,-21.264848558,0.890872761));
#5048=CARTESIAN_POINT('',(-43.912921861,-21.24537386,0.861257126));
#5049=CARTESIAN_POINT('',(-44.062845429,-21.235636511,0.846449309));
#5050=CARTESIAN_POINT('',(-44.211789317,-21.213165642,0.831638886));
#5051=CARTESIAN_POINT('',(-44.357547702,-21.177542351,0.816670335));
#5052=CARTESIAN_POINT('',(-44.503306087,-21.14191906,0.801701785));
#5053=CARTESIAN_POINT('',(-44.646859977,-21.095789021,0.788218786));
#5054=CARTESIAN_POINT('',(-44.783931466,-21.03449345,0.773517343));
#5055=CARTESIAN_POINT('',(-45.058074443,-20.911902307,0.744114456));
#5056=CARTESIAN_POINT('',(-45.306675077,-20.735232214,0.715308851));
#5057=CARTESIAN_POINT('',(-45.518079657,-20.521625573,0.687853017));
#5058=CARTESIAN_POINT('',(-45.940888818,-20.094412289,0.632941349));
#5059=CARTESIAN_POINT('',(-46.212395037,-19.515242649,0.575642347));
#5060=CARTESIAN_POINT('',(-46.252431012,-18.914916441,0.515834336));
#5061=CARTESIAN_POINT('',(-46.292466987,-18.314590233,0.456026324));
#5062=CARTESIAN_POINT('',(-46.098887672,-17.7051574,0.404104988));
#5063=CARTESIAN_POINT('',(-45.734532715,-17.227685905,0.346031392));
#5064=CARTESIAN_POINT('',(-45.643443975,-17.108318031,0.331512993));
#5065=CARTESIAN_POINT('',(-45.54189003,-16.997029662,0.316732484));
#5066=CARTESIAN_POINT('',(-45.431097496,-16.895889951,0.301720779));
#5067=CARTESIAN_POINT('',(-45.320304963,-16.794750239,0.286709074));
#5068=CARTESIAN_POINT('',(-45.202671439,-16.699961045,0.27404599));
#5069=CARTESIAN_POINT('',(-45.073967252,-16.622314152,0.257951841));
#5070=CARTESIAN_POINT('',(-45.009615159,-16.583490706,0.249904767));
#5071=CARTESIAN_POINT('',(-44.944845227,-16.545082038,0.243636738));
#5072=CARTESIAN_POINT('',(-44.877568546,-16.511381227,0.236379755));
#5073=CARTESIAN_POINT('',(-44.810291865,-16.477680416,0.229122772));
#5074=CARTESIAN_POINT('',(-44.741213972,-16.44772636,0.221541872));
#5075=CARTESIAN_POINT('',(-44.671405464,-16.419628178,0.214822825));
#5076=CARTESIAN_POINT('',(-44.531788447,-16.363431814,0.201384731));
#5077=CARTESIAN_POINT('',(-44.386105867,-16.32327632,0.186110387));
#5078=CARTESIAN_POINT('',(-44.238670625,-16.294590155,0.171871217));
#5079=CARTESIAN_POINT('',(-43.64892966,-16.179845496,0.114914538));
#5080=CARTESIAN_POINT('',(-43.018908542,-16.280878275,0.059215127));
#5081=CARTESIAN_POINT('',(-42.498556927,-16.582381559,0.000052736));
#5082=B_SPLINE_CURVE_WITH_KNOTS('',3,(#4913,#4914,#4915,#4916,#4917,#4918,#4919,#4920,#4921,#4922,#4923,#4924,#4925,#4926,#4927,#4928,#4929,#4930,#4931,#4932,#4933,#4934,#4935,#4936,#4937,#4938,
#4939,#4940,#4941,#4942,#4943,#4944,#4945,#4946,#4947,#4948,#4949,#4950,#4951,#4952,#4953,#4954,#4955,#4956,#4957,#4958,#4959,#4960,#4961,#4962,#4963,
#4964,#4965,#4966,#4967,#4968,#4969,#4970,#4971,#4972,#4973,#4974,#4975,#4976,#4977,#4978,#4979,#4980,#4981,#4982,#4983,#4984,#4985,#4986,#4987,#4988,
#4989,#4990,#4991,#4992,#4993,#4994,#4995,#4996,#4997,#4998,#4999,#5000,#5001,#5002,#5003,#5004,#5005,#5006,#5007,#5008,#5009,#5010,#5011,#5012,#5013,
#5014,#5015,#5016,#5017,#5018,#5019,#5020,#5021,#5022,#5023,#5024,#5025,#5026,#5027,#5028,#5029,#5030,#5031,#5032,#5033,#5034,#5035,#5036,#5037,#5038,
#5039,#5040,#5041,#5042,#5043,#5044,#5045,#5046,#5047,#5048,#5049,#5050,#5051,#5052,#5053,#5054,#5055,#5056,#5057,#5058,#5059,#5060,#5061,#5062,#5063,
#5064,#5065,#5066,#5067,#5068,#5069,#5070,#5071,#5072,#5073,#5074,#5075,#5076,#5077,#5078,#5079,#5080,#5081),.UNSPECIFIED.,.F.,.F.,(4,3,3,3,3,3,3,3,3,3,3,3,3,3,3,3,3,3,3,3,3,3,3,3,3,3,
3,3,3,3,3,3,3,3,3,3,3,3,3,3,3,3,3,3,3,3,3,3,3,3,3,
3,3,3,3,3,4),(9.773279213,9.954891934,10.136504655,10.318117376,10.408923737,10.499730097,10.590536458,10.681342819,10.772149179,10.86295554,10.9537619,11.044568261,11.135374622,11.226180982,11.316987343,11.407793704,11.589406425,11.771019146,11.952631867,12.134244588,12.31585731,12.497470031,12.588276391,12.679082752,12.769889113,12.860695473,
12.951501834,13.042308195,13.133114555,13.223920916,13.314727276,13.405533637,13.496339998,13.587146358,13.677952719,13.768759079,13.85956544,13.950371801,14.041178161,14.131984522,14.222790882,14.313597243,14.404403604,14.495209964,14.586016325,14.676822686,14.722225866,14.767629046,14.858435407,15.040048128,15.221660849,
15.267064029,15.31246721,15.3351688,15.35787039,15.40327357,15.584886292),.UNSPECIFIED.);
#5083=EDGE_CURVE('',#1495,#179,#5082,.T.);
#5084=ORIENTED_EDGE('',*,*,#5083,.T.);
#5085=ORIENTED_EDGE('',*,*,#296,.T.);
#5086=CARTESIAN_POINT('',(-45.627681598,-15.4434079,5.498292087));
#5087=CARTESIAN_POINT('',(-44.839459812,-14.993801262,5.442525363));
#5088=CARTESIAN_POINT('',(-43.875553316,-14.843582126,5.384054372));
#5089=CARTESIAN_POINT('',(-42.981527745,-15.026627896,5.325929235));
#5090=CARTESIAN_POINT('',(-42.087502173,-15.209673666,5.267804099));
#5091=CARTESIAN_POINT('',(-41.270633384,-15.732784764,5.21192198));
#5092=CARTESIAN_POINT('',(-40.718738558,-16.455363262,5.154748455));
#5093=CARTESIAN_POINT('',(-40.166843732,-17.17794176,5.09757493));
#5094=CARTESIAN_POINT('',(-39.897341493,-18.112933096,5.040182312));
#5095=CARTESIAN_POINT('',(-39.959221001,-19.023671748,4.982837856));
#5096=CARTESIAN_POINT('',(-39.990160755,-19.479041074,4.954165628));
#5097=CARTESIAN_POINT('',(-40.105163185,-19.9267855,4.925521113));
#5098=CARTESIAN_POINT('',(-40.297658979,-20.339810835,4.89689491));
#5099=CARTESIAN_POINT('',(-40.490154774,-20.752836171,4.868268707));
#5100=CARTESIAN_POINT('',(-40.757210534,-21.132049748,4.839654613));
#5101=CARTESIAN_POINT('',(-41.080559843,-21.453718744,4.811030836));
#5102=CARTESIAN_POINT('',(-41.403909153,-21.77538774,4.78240706));
#5103=CARTESIAN_POINT('',(-41.784514474,-22.037979355,4.753524877));
#5104=CARTESIAN_POINT('',(-42.201204041,-22.221884097,4.724847013));
#5105=CARTESIAN_POINT('',(-42.617893607,-22.405788839,4.696169149));
#5106=CARTESIAN_POINT('',(-43.069001844,-22.513901644,4.667676669));
#5107=CARTESIAN_POINT('',(-43.524523096,-22.542046676,4.639148483));
#5108=CARTESIAN_POINT('',(-43.980044347,-22.570191708,4.610620297));
#5109=CARTESIAN_POINT('',(-44.439861266,-22.518036226,4.581958267));
#5110=CARTESIAN_POINT('',(-44.87442926,-22.382689585,4.553330432));
#5111=CARTESIAN_POINT('',(-45.308997253,-22.247342944,4.524702597));
#5112=CARTESIAN_POINT('',(-45.718789807,-22.030468738,4.496038047));
#5113=CARTESIAN_POINT('',(-46.079593195,-21.750508696,4.467361173));
#5114=CARTESIAN_POINT('',(-46.440396582,-21.470548654,4.438684298));
#5115=CARTESIAN_POINT('',(-46.752239874,-21.127544987,4.410021734));
#5116=CARTESIAN_POINT('',(-46.990950909,-20.739957264,4.381388339));
#5117=CARTESIAN_POINT('',(-47.229661945,-20.352369542,4.352754943));
#5118=CARTESIAN_POINT('',(-47.393864965,-19.919420326,4.324185025));
#5119=CARTESIAN_POINT('',(-47.479350333,-19.471136473,4.295550861));
#5120=CARTESIAN_POINT('',(-47.564835701,-19.02285262,4.266916698));
#5121=CARTESIAN_POINT('',(-47.571929239,-18.559386863,4.238300991));
#5122=CARTESIAN_POINT('',(-47.497178603,-18.110319907,4.209682535));
#5123=CARTESIAN_POINT('',(-47.422427968,-17.661252951,4.181064078));
#5124=CARTESIAN_POINT('',(-47.262308804,-17.22730826,4.152145696));
#5125=CARTESIAN_POINT('',(-47.030936393,-16.833899496,4.123292121));
#5126=CARTESIAN_POINT('',(-46.799563982,-16.440490732,4.094438545));
#5127=CARTESIAN_POINT('',(-46.498321074,-16.087214117,4.066119526));
#5128=CARTESIAN_POINT('',(-46.145553204,-15.798624107,4.037702217));
#5129=CARTESIAN_POINT('',(-45.792785334,-15.510034097,4.009284907));
#5130=CARTESIAN_POINT('',(-45.387132521,-15.288815656,3.980562642));
#5131=CARTESIAN_POINT('',(-44.95414418,-15.146200555,3.951934467));
#5132=CARTESIAN_POINT('',(-44.088167497,-14.860970351,3.894678117));
#5133=CARTESIAN_POINT('',(-43.117900879,-14.88830859,3.837150452));
#5134=CARTESIAN_POINT('',(-42.278895017,-15.244619541,3.779937192));
#5135=CARTESIAN_POINT('',(-41.439889156,-15.600930493,3.722723933));
#5136=CARTESIAN_POINT('',(-40.728606505,-16.264053775,3.66556728));
#5137=CARTESIAN_POINT('',(-40.332138165,-17.083346935,3.608288015));
#5138=CARTESIAN_POINT('',(-39.935669825,-17.902640096,3.55100875));
#5139=CARTESIAN_POINT('',(-39.842186639,-18.871744402,3.493215861));
#5140=CARTESIAN_POINT('',(-40.081398694,-19.750380825,3.436253405));
#5141=CARTESIAN_POINT('',(-40.320610749,-20.629017248,3.379290949));
#5142=CARTESIAN_POINT('',(-40.892493035,-21.416115828,3.322231446));
#5143=CARTESIAN_POINT('',(-41.650872592,-21.920467501,3.264501458));
#5144=CARTESIAN_POINT('',(-42.409252149,-22.424819174,3.20677147));
#5145=CARTESIAN_POINT('',(-43.358984787,-22.635773037,3.150058002));
#5146=CARTESIAN_POINT('',(-44.261870538,-22.517011536,3.092815671));
#5147=CARTESIAN_POINT('',(-45.164756289,-22.398250035,3.03557334));
#5148=CARTESIAN_POINT('',(-46.015697261,-21.929987967,2.978272323));
#5149=CARTESIAN_POINT('',(-46.617387521,-21.244502403,2.920981532));
#5150=CARTESIAN_POINT('',(-46.918232651,-20.901759621,2.892336137));
#5151=CARTESIAN_POINT('',(-47.154766104,-20.504635797,2.863691849));
#5152=CARTESIAN_POINT('',(-47.311946524,-20.076799528,2.835060854));
#5153=CARTESIAN_POINT('',(-47.469126943,-19.648963259,2.806429858));
#5154=CARTESIAN_POINT('',(-47.549642513,-19.191976631,2.777804907));
#5155=CARTESIAN_POINT('',(-47.549590584,-18.735798708,2.749167253));
#5156=CARTESIAN_POINT('',(-47.549538656,-18.279620785,2.720529599));
#5157=CARTESIAN_POINT('',(-47.467517574,-17.824586613,2.691793615));
#5158=CARTESIAN_POINT('',(-47.304048514,-17.399472515,2.663157901));
#5159=CARTESIAN_POINT('',(-47.140579454,-16.974358416,2.634522187));
#5160=CARTESIAN_POINT('',(-46.898870497,-16.578347967,2.605970348));
#5161=CARTESIAN_POINT('',(-46.597340975,-16.235660597,2.577333039));
#5162=CARTESIAN_POINT('',(-46.295811453,-15.892973228,2.54869573));
#5163=CARTESIAN_POINT('',(-45.934547433,-15.603653347,2.520068851));
#5164=CARTESIAN_POINT('',(-45.532172139,-15.390907276,2.491432555));
#5165=CARTESIAN_POINT('',(-45.129796846,-15.178161206,2.46279626));
#5166=CARTESIAN_POINT('',(-44.68711024,-15.040619235,2.434054442));
#5167=CARTESIAN_POINT('',(-44.234253919,-14.982310008,2.405343426));
#5168=CARTESIAN_POINT('',(-43.781397597,-14.924000781,2.37663241));
#5169=CARTESIAN_POINT('',(-43.318370802,-14.944884692,2.347977915));
#5170=CARTESIAN_POINT('',(-42.875248185,-15.048999343,2.319380647));
#5171=CARTESIAN_POINT('',(-42.432125568,-15.153113994,2.290783378));
#5172=CARTESIAN_POINT('',(-42.009297762,-15.341926743,2.262325001));
#5173=CARTESIAN_POINT('',(-41.631034371,-15.597394533,2.233722356));
#5174=CARTESIAN_POINT('',(-41.252770981,-15.852862324,2.205119712));
#5175=CARTESIAN_POINT('',(-40.918842238,-16.174569503,2.176527604));
#5176=CARTESIAN_POINT('',(-40.653137436,-16.544370325,2.147870976));
#5177=CARTESIAN_POINT('',(-40.387432635,-16.914171147,2.119214349));
#5178=CARTESIAN_POINT('',(-40.193117627,-17.333975199,2.090344765));
#5179=CARTESIAN_POINT('',(-40.077589471,-17.775489261,2.061742072));
#5180=CARTESIAN_POINT('',(-39.962061315,-18.217003322,2.033139379));
#5181=CARTESIAN_POINT('',(-39.924830748,-18.679667355,2.004473276));
#5182=CARTESIAN_POINT('',(-39.969032853,-19.133145885,1.975841178));
#5183=CARTESIAN_POINT('',(-40.013234958,-19.586624414,1.94720908));
#5184=CARTESIAN_POINT('',(-40.140913326,-20.030579786,1.919042012));
#5185=CARTESIAN_POINT('',(-40.345068584,-20.43820177,1.889949861));
#5186=CARTESIAN_POINT('',(-40.7533791,-21.253445738,1.83176556));
#5187=CARTESIAN_POINT('',(-41.457082927,-21.923341909,1.772827484));
#5188=CARTESIAN_POINT('',(-42.302020235,-22.265018944,1.717614848));
#5189=CARTESIAN_POINT('',(-42.72448889,-22.435857462,1.690008531));
#5190=CARTESIAN_POINT('',(-43.17924307,-22.525215653,1.660329988));
#5191=CARTESIAN_POINT('',(-43.634428307,-22.540186281,1.632320285));
#5192=CARTESIAN_POINT('',(-44.089613544,-22.555156909,1.604310582));
#5193=CARTESIAN_POINT('',(-44.54708241,-22.494119163,1.576725209));
#5194=CARTESIAN_POINT('',(-44.97853729,-22.348561815,1.545700348));
#5195=CARTESIAN_POINT('',(-45.40999217,-22.203004466,1.514675488));
#5196=CARTESIAN_POINT('',(-45.814833737,-21.974106726,1.483630442));
#5197=CARTESIAN_POINT('',(-46.166908395,-21.682387642,1.457434341));
#5198=CARTESIAN_POINT('',(-46.518983053,-21.390668558,1.43123824));
#5199=CARTESIAN_POINT('',(-46.812203194,-21.032437702,1.402781454));
#5200=CARTESIAN_POINT('',(-47.038076542,-20.639144918,1.374386034));
#5201=CARTESIAN_POINT('',(-47.26394989,-20.245852133,1.345990614));
#5202=CARTESIAN_POINT('',(-47.425270024,-19.813685023,1.317667687));
#5203=CARTESIAN_POINT('',(-47.500024267,-19.36409747,1.286324858));
#5204=CARTESIAN_POINT('',(-47.57477851,-18.914509918,1.254982028));
#5205=CARTESIAN_POINT('',(-47.568897065,-18.450408786,1.227705679));
#5206=CARTESIAN_POINT('',(-47.477971539,-18.00368347,1.2014443));
#5207=CARTESIAN_POINT('',(-47.387046014,-17.556958155,1.175182921));
#5208=CARTESIAN_POINT('',(-47.208034024,-17.129830616,1.145103569));
#5209=CARTESIAN_POINT('',(-46.966477955,-16.742753985,1.116650208));
#5210=CARTESIAN_POINT('',(-46.724921886,-16.355677354,1.088196847));
#5211=CARTESIAN_POINT('',(-46.419203406,-16.006992424,1.061279337));
#5212=CARTESIAN_POINT('',(-46.059253025,-15.729334923,1.030958753));
#5213=CARTESIAN_POINT('',(-45.879277835,-15.590506172,1.015798461));
#5214=CARTESIAN_POINT('',(-45.688367412,-15.46593032,1.002443574));
#5215=CARTESIAN_POINT('',(-45.485663729,-15.36339294,0.987441137));
#5216=CARTESIAN_POINT('',(-45.282960045,-15.260855559,0.9724387));
#5217=CARTESIAN_POINT('',(-45.070294239,-15.177559891,0.957417699));
#5218=CARTESIAN_POINT('',(-44.851485049,-15.113592964,0.942555058));
#5219=CARTESIAN_POINT('',(-44.41386667,-14.98565911,0.912829776));
#5220=CARTESIAN_POINT('',(-43.951482652,-14.935045308,0.883720877));
#5221=CARTESIAN_POINT('',(-43.495287915,-14.963737068,0.856562819));
#5222=CARTESIAN_POINT('',(-42.582898441,-15.021120589,0.802246702));
#5223=CARTESIAN_POINT('',(-41.706352942,-15.408542425,0.748357581));
#5224=CARTESIAN_POINT('',(-41.066565469,-16.059832057,0.686831398));
#5225=CARTESIAN_POINT('',(-40.746671733,-16.385476873,0.656068306));
#5226=CARTESIAN_POINT('',(-40.482457281,-16.770377164,0.62589141));
#5227=CARTESIAN_POINT('',(-40.291103991,-17.187398644,0.598113475));
#5228=CARTESIAN_POINT('',(-40.195427346,-17.395909384,0.584224507));
#5229=CARTESIAN_POINT('',(-40.117382859,-17.612299267,0.571426597));
#5230=CARTESIAN_POINT('',(-40.061468552,-17.833480724,0.557806238));
#5231=CARTESIAN_POINT('',(-40.005554245,-18.054662182,0.544185879));
#5232=CARTESIAN_POINT('',(-39.973017881,-18.280263553,0.528880134));
#5233=CARTESIAN_POINT('',(-39.957431427,-18.506017373,0.51536475));
#5234=CARTESIAN_POINT('',(-39.926258521,-18.957525012,0.488333981));
#5235=CARTESIAN_POINT('',(-39.977158988,-19.413878998,0.459764747));
#5236=CARTESIAN_POINT('',(-40.113136367,-19.848643908,0.428839333));
#5237=CARTESIAN_POINT('',(-40.249113747,-20.283408817,0.397913918));
#5238=CARTESIAN_POINT('',(-40.463427462,-20.69652465,0.368265067));
#5239=CARTESIAN_POINT('',(-40.740502392,-21.060962836,0.340278363));
#5240=CARTESIAN_POINT('',(-40.879039858,-21.24318193,0.326285011));
#5241=CARTESIAN_POINT('',(-41.033184061,-21.413310421,0.312746145));
#5242=CARTESIAN_POINT('',(-41.20109303,-21.567764294,0.299409436));
#5243=CARTESIAN_POINT('',(-41.369001999,-21.722218167,0.286072728));
#5244=CARTESIAN_POINT('',(-41.553644171,-21.85634217,0.26984676));
#5245=CARTESIAN_POINT('',(-41.744972938,-21.978904125,0.257647585));
#5246=CARTESIAN_POINT('',(-41.840637322,-22.040185103,0.251547998));
#5247=CARTESIAN_POINT('',(-41.940783724,-22.0940755,0.243387062));
#5248=CARTESIAN_POINT('',(-42.04230585,-22.145033632,0.236253059));
#5249=CARTESIAN_POINT('',(-42.143827976,-22.195991764,0.229119056));
#5250=CARTESIAN_POINT('',(-42.246817876,-22.244637611,0.223312007));
#5251=CARTESIAN_POINT('',(-42.353434215,-22.28436206,0.214843149));
#5252=CARTESIAN_POINT('',(-42.566666891,-22.363810956,0.197905432));
#5253=CARTESIAN_POINT('',(-42.784458492,-22.433446572,0.186328628));
#5254=CARTESIAN_POINT('',(-43.008455061,-22.478049098,0.171838705));
#5255=CARTESIAN_POINT('',(-43.904441337,-22.656459206,0.113879013));
#5256=CARTESIAN_POINT('',(-44.862091753,-22.494594783,0.055069174));
#5257=CARTESIAN_POINT('',(-45.650515723,-22.041902133,-0.000075793));
#5258=B_SPLINE_CURVE_WITH_KNOTS('',3,(#5086,#5087,#5088,#5089,#5090,#5091,#5092,#5093,#5094,#5095,#5096,#5097,#5098,#5099,#5100,#5101,#5102,#5103,#5104,#5105,#5106,#5107,#5108,#5109,#5110,#5111,
#5112,#5113,#5114,#5115,#5116,#5117,#5118,#5119,#5120,#5121,#5122,#5123,#5124,#5125,#5126,#5127,#5128,#5129,#5130,#5131,#5132,#5133,#5134,#5135,#5136,
#5137,#5138,#5139,#5140,#5141,#5142,#5143,#5144,#5145,#5146,#5147,#5148,#5149,#5150,#5151,#5152,#5153,#5154,#5155,#5156,#5157,#5158,#5159,#5160,#5161,
#5162,#5163,#5164,#5165,#5166,#5167,#5168,#5169,#5170,#5171,#5172,#5173,#5174,#5175,#5176,#5177,#5178,#5179,#5180,#5181,#5182,#5183,#5184,#5185,#5186,
#5187,#5188,#5189,#5190,#5191,#5192,#5193,#5194,#5195,#5196,#5197,#5198,#5199,#5200,#5201,#5202,#5203,#5204,#5205,#5206,#5207,#5208,#5209,#5210,#5211,
#5212,#5213,#5214,#5215,#5216,#5217,#5218,#5219,#5220,#5221,#5222,#5223,#5224,#5225,#5226,#5227,#5228,#5229,#5230,#5231,#5232,#5233,#5234,#5235,#5236,
#5237,#5238,#5239,#5240,#5241,#5242,#5243,#5244,#5245,#5246,#5247,#5248,#5249,#5250,#5251,#5252,#5253,#5254,#5255,#5256,#5257),.UNSPECIFIED.,.F.,.F.,(4,3,3,3,3,3,3,3,3,3,3,3,3,3,3,3,3,3,3,3,3,3,3,3,3,3,
3,3,3,3,3,3,3,3,3,3,3,3,3,3,3,3,3,3,3,3,3,3,3,3,3,
3,3,3,3,3,3,4),(4.802176942,5.077134627,5.352092312,5.627049996,5.764528839,5.902007681,6.039486524,6.176965366,6.314444208,6.451923051,6.589401893,6.726880736,6.864359578,7.00183842,7.139317263,7.276796105,7.55175379,7.826711475,8.101669159,8.376626844,8.651584529,8.926542214,9.064021056,9.201499899,9.338978741,9.476457583,
9.613936426,9.751415268,9.88889411,10.026372953,10.163851795,10.301330638,10.43880948,10.576288322,10.851246007,10.98872485,11.126203692,11.263682534,11.401161377,11.538640219,11.676119061,11.813597904,11.951076746,12.019816167,12.088555589,12.226034431,12.500992116,12.638470958,12.707210379,12.775949801,12.913428643,
13.050907485,13.119646907,13.188386328,13.222756038,13.257125749,13.32586517,13.600822855),.UNSPECIFIED.);
#5259=EDGE_CURVE('',#1549,#177,#5258,.T.);
#5260=ORIENTED_EDGE('',*,*,#5259,.F.);
#5261=ORIENTED_EDGE('',*,*,#1553,.F.);
#5262=EDGE_LOOP('',(#4912,#5084,#5085,#5260,#5261));
#5263=FACE_BOUND('',#5262,.T.);
#5264=ADVANCED_FACE('',(#5263),#4911,.F.);
#5265=CARTESIAN_POINT('',(-42.498579898,-16.582211034,-0.));
#5266=CARTESIAN_POINT('',(-42.54552316,-16.555023473,0.005176629));
#5267=CARTESIAN_POINT('',(-43.026448513,-16.297256512,0.057224736));
#5268=CARTESIAN_POINT('',(-44.094898319,-16.120579733,0.156144319));
#5269=CARTESIAN_POINT('',(-45.497932175,-16.754782156,0.296758751));
#5270=CARTESIAN_POINT('',(-46.310988082,-18.062940816,0.437373183));
#5271=CARTESIAN_POINT('',(-46.262721677,-19.599644227,0.577987615));
#5272=CARTESIAN_POINT('',(-45.364215415,-20.855832692,0.718602047));
#5273=CARTESIAN_POINT('',(-43.928337823,-21.391162408,0.859216479));
#5274=CARTESIAN_POINT('',(-42.028564277,-20.969621603,1.036286504));
#5275=CARTESIAN_POINT('',(-40.737985657,-18.756144016,1.249812123));
#5276=CARTESIAN_POINT('',(-42.248307377,-16.139901807,1.499793335));
#5277=CARTESIAN_POINT('',(-44.994629858,-16.148556887,1.72894278));
#5278=CARTESIAN_POINT('',(-46.428288848,-18.033147547,1.937260457));
#5279=CARTESIAN_POINT('',(-46.155949936,-20.132661184,2.124746366));
#5280=CARTESIAN_POINT('',(-44.47060538,-21.430965486,2.312232275));
#5281=CARTESIAN_POINT('',(-42.365634973,-21.154288661,2.499718184));
#5282=CARTESIAN_POINT('',(-41.070169281,-19.471917377,2.687204093));
#5283=CARTESIAN_POINT('',(-41.345009537,-17.365375033,2.874690003));
#5284=CARTESIAN_POINT('',(-43.02802787,-16.070580679,3.062175912));
#5285=CARTESIAN_POINT('',(-45.134240822,-16.34459374,3.249661821));
#5286=CARTESIAN_POINT('',(-46.429317178,-18.028002082,3.43714773));
#5287=CARTESIAN_POINT('',(-46.155712538,-20.133497727,3.624633639));
#5288=CARTESIAN_POINT('',(-44.471969277,-21.43007962,3.812119549));
#5289=CARTESIAN_POINT('',(-42.718332436,-21.200109667,3.968357806));
#5290=CARTESIAN_POINT('',(-41.717377318,-20.315051398,4.093348412));
#5291=CARTESIAN_POINT('',(-41.117684426,-19.121416098,4.218339018));
#5292=CARTESIAN_POINT('',(-41.343351918,-17.3667186,4.374577276));
#5293=CARTESIAN_POINT('',(-43.026955587,-16.070975511,4.562063185));
#5294=CARTESIAN_POINT('',(-45.132978098,-16.343831879,4.749549095));
#5295=CARTESIAN_POINT('',(-46.42904013,-18.027034203,4.937035004));
#5296=CARTESIAN_POINT('',(-46.156419036,-20.132445545,5.124520913));
#5297=CARTESIAN_POINT('',(-44.473406641,-21.429514078,5.312006822));
#5298=CARTESIAN_POINT('',(-42.368118368,-21.155349912,5.499492731));
#5299=CARTESIAN_POINT('',(-41.070061794,-19.475811881,5.68697864));
#5300=CARTESIAN_POINT('',(-41.345407229,-17.364668485,5.87446455));
#5301=CARTESIAN_POINT('',(-43.01539562,-16.081296587,6.061186607));
#5302=CARTESIAN_POINT('',(-44.416080863,-16.245884827,6.185413361));
#5303=CARTESIAN_POINT('',(-44.977584947,-16.56321966,6.247144812));
#5304=CARTESIAN_POINT('',(-42.288840123,-16.20357772,-0.249468445));
#5305=CARTESIAN_POINT('',(-42.343982922,-16.171833019,-0.244291816));
#5306=CARTESIAN_POINT('',(-42.908847579,-15.870969163,-0.19224371));
#5307=CARTESIAN_POINT('',(-44.16257068,-15.667012302,-0.093324126));
#5308=CARTESIAN_POINT('',(-45.806247336,-16.415157268,0.047290306));
#5309=CARTESIAN_POINT('',(-46.755879158,-17.951980362,0.187904738));
#5310=CARTESIAN_POINT('',(-46.694568752,-19.754229332,0.32851917));
#5311=CARTESIAN_POINT('',(-45.636871291,-21.22486336,0.469133602));
#5312=CARTESIAN_POINT('',(-43.951096173,-21.848359642,0.609748034));
#5313=CARTESIAN_POINT('',(-41.724143855,-21.348127481,0.786818059));
#5314=CARTESIAN_POINT('',(-40.217195507,-18.747995638,1.000343678));
#5315=CARTESIAN_POINT('',(-41.996648104,-15.684029352,1.25032489));
#5316=CARTESIAN_POINT('',(-45.217778878,-15.702577053,1.479474335));
#5317=CARTESIAN_POINT('',(-46.893551372,-17.917395223,1.687792011));
#5318=CARTESIAN_POINT('',(-46.567707654,-20.379077177,1.875277921));
#5319=CARTESIAN_POINT('',(-44.586998463,-21.896703212,2.06276383));
#5320=CARTESIAN_POINT('',(-42.118929419,-21.565752724,2.250249739));
#5321=CARTESIAN_POINT('',(-40.604623766,-19.588541464,2.437735648));
#5322=CARTESIAN_POINT('',(-40.933424916,-17.118622004,2.625221557));
#5323=CARTESIAN_POINT('',(-42.911393065,-15.605106366,2.812707467));
#5324=CARTESIAN_POINT('',(-45.3809287,-15.932935854,3.000193376));
#5325=CARTESIAN_POINT('',(-46.894773911,-17.911362754,3.187679285));
#5326=CARTESIAN_POINT('',(-46.56742565,-20.380057654,3.375165194));
#5327=CARTESIAN_POINT('',(-44.588601308,-21.895668872,3.562651103));
#5328=CARTESIAN_POINT('',(-42.532467581,-21.620573379,3.718889361));
#5329=CARTESIAN_POINT('',(-41.361155217,-20.579431042,3.843879967));
#5330=CARTESIAN_POINT('',(-40.66142459,-19.177584222,3.968870573));
#5331=CARTESIAN_POINT('',(-40.931477823,-17.120193736,4.125108831));
#5332=CARTESIAN_POINT('',(-42.91013366,-15.60556539,4.31259474));
#5333=CARTESIAN_POINT('',(-45.379450254,-15.932038581,4.500080649));
#5334=CARTESIAN_POINT('',(-46.894451188,-17.910226781,4.687566558));
#5335=CARTESIAN_POINT('',(-46.568258568,-20.378826002,4.875052468));
#5336=CARTESIAN_POINT('',(-44.590288425,-21.895009155,5.062538377));
#5337=CARTESIAN_POINT('',(-42.121839065,-21.567005391,5.250024286));
#5338=CARTESIAN_POINT('',(-40.604485568,-19.593108452,5.437510195));
#5339=CARTESIAN_POINT('',(-40.933893884,-17.117795432,5.624996104));
#5340=CARTESIAN_POINT('',(-42.896544107,-15.61763568,5.811718162));
#5341=CARTESIAN_POINT('',(-44.538901682,-15.814964187,5.935944916));
#5342=CARTESIAN_POINT('',(-45.196518458,-16.188882749,5.997676367));
#5343=CARTESIAN_POINT('',(-42.077545209,-15.825954883,-0.499133819));
#5344=CARTESIAN_POINT('',(-42.140865599,-15.789619368,-0.49395719));
#5345=CARTESIAN_POINT('',(-42.789460088,-15.445312821,-0.441909083));
#5346=CARTESIAN_POINT('',(-44.228284066,-15.21329224,-0.3429895));
#5347=CARTESIAN_POINT('',(-46.113018061,-16.074316922,-0.202375068));
#5348=CARTESIAN_POINT('',(-47.200161986,-17.839151781,-0.061760636));
#5349=CARTESIAN_POINT('',(-47.126946477,-19.906922228,0.078853796));
#5350=CARTESIAN_POINT('',(-45.911022315,-21.592617338,0.219468228));
#5351=CARTESIAN_POINT('',(-43.975801743,-22.3053223,0.36008266));
#5352=CARTESIAN_POINT('',(-41.421433234,-21.727819216,0.537152685));
#5353=CARTESIAN_POINT('',(-39.696526744,-18.742076575,0.750678304));
#5354=CARTESIAN_POINT('',(-41.743116561,-15.229369036,1.000659516));
#5355=CARTESIAN_POINT('',(-45.438954224,-15.255778736,1.229808961));
#5356=CARTESIAN_POINT('',(-47.358179983,-17.799688291,1.438126638));
#5357=CARTESIAN_POINT('',(-46.980393142,-20.62365957,1.625612547));
#5358=CARTESIAN_POINT('',(-44.705347895,-22.361802933,1.813098456));
#5359=CARTESIAN_POINT('',(-41.87405637,-21.978147446,2.000584365));
#5360=CARTESIAN_POINT('',(-40.13971715,-19.707120118,2.188070274));
#5361=CARTESIAN_POINT('',(-40.520909489,-16.873702507,2.375556184));
#5362=CARTESIAN_POINT('',(-42.79280399,-15.140270667,2.563042093));
#5363=CARTESIAN_POINT('',(-45.62578276,-15.52034772,2.750528002));
#5364=CARTESIAN_POINT('',(-47.359592011,-17.792768914,2.938013911));
#5365=CARTESIAN_POINT('',(-46.980068452,-20.62478409,3.12549982));
#5366=CARTESIAN_POINT('',(-44.707188431,-22.360618476,3.312985729));
#5367=CARTESIAN_POINT('',(-42.348455319,-22.041706514,3.469223987));
#5368=CARTESIAN_POINT('',(-41.006170111,-20.845253222,3.594214593));
#5369=CARTESIAN_POINT('',(-40.205544192,-19.235685693,3.719205199));
#5370=CARTESIAN_POINT('',(-40.518672388,-16.875502382,3.875443457));
#5371=CARTESIAN_POINT('',(-42.791358469,-15.140795683,4.062929366));
#5372=CARTESIAN_POINT('',(-45.624087727,-15.519315776,4.250415275));
#5373=CARTESIAN_POINT('',(-47.359223852,-17.79146496,4.437901185));
#5374=CARTESIAN_POINT('',(-46.981025629,-20.623372118,4.625387094));
#5375=CARTESIAN_POINT('',(-44.709125467,-22.359864557,4.812873003));
#5376=CARTESIAN_POINT('',(-41.877392798,-21.97958922,5.000358912));
#5377=CARTESIAN_POINT('',(-40.13955141,-19.712360212,5.187844821));
#5378=CARTESIAN_POINT('',(-40.521448733,-16.87275446,5.37533073));
#5379=CARTESIAN_POINT('',(-42.775746553,-15.154623256,5.562052788));
#5380=CARTESIAN_POINT('',(-44.659844071,-15.383648801,5.686279542));
#5381=CARTESIAN_POINT('',(-45.413786473,-15.813723025,5.748010993));
#5382=CARTESIAN_POINT('',(-41.865897787,-15.448542876,-0.748816372));
#5383=CARTESIAN_POINT('',(-41.937391188,-15.407608913,-0.743639743));
#5384=CARTESIAN_POINT('',(-42.669671995,-15.019781416,-0.691591637));
#5385=CARTESIAN_POINT('',(-44.293565146,-14.759522262,-0.592672053));
#5386=CARTESIAN_POINT('',(-46.419456981,-15.733194848,-0.452057621));
#5387=CARTESIAN_POINT('',(-47.644325584,-17.725904727,-0.311443189));
#5388=CARTESIAN_POINT('',(-47.559457232,-20.059200718,-0.170828757));
#5389=CARTESIAN_POINT('',(-46.185514764,-21.960101053,-0.030214325));
#5390=CARTESIAN_POINT('',(-44.000940205,-22.762249123,0.110400107));
#5391=CARTESIAN_POINT('',(-41.1190913,-22.107787355,0.287470132));
#5392=CARTESIAN_POINT('',(-39.175866414,-18.736652012,0.500995751));
#5393=CARTESIAN_POINT('',(-41.489160699,-14.774961487,0.750976963));
#5394=CARTESIAN_POINT('',(-45.659699462,-14.808783116,0.980126408));
#5395=CARTESIAN_POINT('',(-47.822684499,-17.681543442,1.188444085));
#5396=CARTESIAN_POINT('',(-47.393298919,-20.867843845,1.375929994));
#5397=CARTESIAN_POINT('',(-44.824135652,-22.826777536,1.563415903));
#5398=CARTESIAN_POINT('',(-41.629581182,-22.390763253,1.750901812));
#5399=CARTESIAN_POINT('',(-39.674935859,-19.826136613,1.938387721));
#5400=CARTESIAN_POINT('',(-40.108172937,-16.62918115,2.12587363));
#5401=CARTESIAN_POINT('',(-42.673777141,-14.675560201,2.31335954));
#5402=CARTESIAN_POINT('',(-45.870238612,-15.107538609,2.500845449));
#5403=CARTESIAN_POINT('',(-47.824284877,-17.673737211,2.688331358));
#5404=CARTESIAN_POINT('',(-47.392932103,-20.869112444,2.875817267));
#5405=CARTESIAN_POINT('',(-44.826213555,-22.825442516,3.063303176));
#5406=CARTESIAN_POINT('',(-42.164847508,-22.463003245,3.219541434));
#5407=CARTESIAN_POINT('',(-40.651446868,-21.111404818,3.34453204));
#5408=CARTESIAN_POINT('',(-39.749732058,-19.294218199,3.469522646));
#5409=CARTESIAN_POINT('',(-40.105645538,-16.631209029,3.625760904));
#5410=CARTESIAN_POINT('',(-42.672145784,-14.676151726,3.813246813));
#5411=CARTESIAN_POINT('',(-45.868326759,-15.10637213,4.000732722));
#5412=CARTESIAN_POINT('',(-47.823871435,-17.672265289,4.188218631));
#5413=CARTESIAN_POINT('',(-47.394012924,-20.867519905,4.375704541));
#5414=CARTESIAN_POINT('',(-44.828400615,-22.8245945,4.56319045));
#5415=CARTESIAN_POINT('',(-41.633344511,-22.392393583,4.750676359));
#5416=CARTESIAN_POINT('',(-39.674743305,-19.832050051,4.938162268));
#5417=CARTESIAN_POINT('',(-40.108782198,-16.628111171,5.125648177));
#5418=CARTESIAN_POINT('',(-42.654512945,-14.691738419,5.312370235));
#5419=CARTESIAN_POINT('',(-44.780374011,-14.952230621,5.436596989));
#5420=CARTESIAN_POINT('',(-45.630692697,-15.438367495,5.49832844));
#5421=B_SPLINE_SURFACE_WITH_KNOTS('',3,3,((#5265,#5266,#5267,#5268,#5269,#5270,#5271,#5272,#5273,#5274,#5275,#5276,#5277,#5278,#5279,#5280,#5281,#5282,#5283,#5284,#5285,#5286,#5287,#5288,#5289,#5290,
#5291,#5292,#5293,#5294,#5295,#5296,#5297,#5298,#5299,#5300,#5301,#5302,#5303),(#5304,#5305,#5306,#5307,#5308,#5309,#5310,#5311,#5312,#5313,#5314,#5315,#5316,#5317,#5318,#5319,#5320,#5321,#5322,#5323,#5324,#5325,#5326,#5327,#5328,#5329,
#5330,#5331,#5332,#5333,#5334,#5335,#5336,#5337,#5338,#5339,#5340,#5341,#5342),(#5343,#5344,#5345,#5346,#5347,#5348,#5349,#5350,#5351,#5352,#5353,#5354,#5355,#5356,#5357,#5358,#5359,#5360,#5361,#5362,#5363,#5364,#5365,#5366,#5367,#5368,
#5369,#5370,#5371,#5372,#5373,#5374,#5375,#5376,#5377,#5378,#5379,#5380,#5381),(#5382,#5383,#5384,#5385,#5386,#5387,#5388,#5389,#5390,#5391,#5392,#5393,#5394,#5395,#5396,#5397,#5398,#5399,#5400,#5401,#5402,#5403,#5404,#5405,#5406,#5407,
#5408,#5409,#5410,#5411,#5412,#5413,#5414,#5415,#5416,#5417,#5418,#5419,#5420)),.UNSPECIFIED.,.F.,.F.,.U.,(4,4),(4,1,1,1,1,1,1,1,1,1,1,1,1,1,1,1,1,1,1,1,1,1,1,1,1,1,
1,1,1,1,1,1,1,1,1,1,4),(0.170679769,0.320537433),(7.339034499,7.40408594,7.993090295,8.58209465,9.171099005,9.76010336,10.349107715,10.93811207,11.527116425,12.574235278,13.621354131,14.668472984,15.453812124,16.239151264,17.024490404,17.809829544,18.595168684,19.380507824,20.165846964,20.951186104,21.736525244,22.521864384,23.307203524,24.092542664,24.485212234,24.877881804,
25.663220944,26.448560083,27.233899223,28.019238363,28.804577503,29.589916643,30.375255783,31.160594923,31.945934063,32.731273203,33.507013496),.UNSPECIFIED.);
#5422=ORIENTED_EDGE('',*,*,#1596,.T.);
#5423=ORIENTED_EDGE('',*,*,#5259,.T.);
#5424=ORIENTED_EDGE('',*,*,#230,.T.);
#5425=ORIENTED_EDGE('',*,*,#5083,.F.);
#5426=EDGE_LOOP('',(#5422,#5423,#5424,#5425));
#5427=FACE_BOUND('',#5426,.T.);
#5428=ADVANCED_FACE('',(#5427),#5421,.F.);
#5429=CARTESIAN_POINT('',(-33.150574189,-34.542001671,-0.000009183));
#5430=CARTESIAN_POINT('',(-33.079244059,-34.583316794,0.005170507));
#5431=CARTESIAN_POINT('',(-32.348859311,-34.974808029,0.057221674));
#5432=CARTESIAN_POINT('',(-30.726225101,-35.243125885,0.156144319));
#5433=CARTESIAN_POINT('',(-28.595534633,-34.279999483,0.296758751));
#5434=CARTESIAN_POINT('',(-27.360796973,-32.293396693,0.437373183));
#5435=CARTESIAN_POINT('',(-27.434102594,-29.959692584,0.577987615));
#5436=CARTESIAN_POINT('',(-28.798594133,-28.052028393,0.718602046));
#5437=CARTESIAN_POINT('',(-30.979175959,-27.239026245,0.859216478));
#5438=CARTESIAN_POINT('',(-33.864226126,-27.879226404,1.036286504));
#5439=CARTESIAN_POINT('',(-35.824125492,-31.240666285,1.249812122));
#5440=CARTESIAN_POINT('',(-33.530544388,-35.213765558,1.499793335));
#5441=CARTESIAN_POINT('',(-29.359848985,-35.200660567,1.728942779));
#5442=CARTESIAN_POINT('',(-27.182673726,-32.338627485,1.937260456));
#5443=CARTESIAN_POINT('',(-27.596233959,-29.150248476,2.124746365));
#5444=CARTESIAN_POINT('',(-30.155670524,-27.178597545,2.312232275));
#5445=CARTESIAN_POINT('',(-33.352339592,-27.598767942,2.499718184));
#5446=CARTESIAN_POINT('',(-35.319680013,-30.153673144,2.687204093));
#5447=CARTESIAN_POINT('',(-34.902296757,-33.352736448,2.874690002));
#5448=CARTESIAN_POINT('',(-32.346411051,-35.319054317,3.062175911));
#5449=CARTESIAN_POINT('',(-29.1478458,-34.902928809,3.24966182));
#5450=CARTESIAN_POINT('',(-27.181102384,-32.346449335,3.43714773));
#5451=CARTESIAN_POINT('',(-27.596603298,-29.148976202,3.624633639));
#5452=CARTESIAN_POINT('',(-30.153599705,-27.179939956,3.812119548));
#5453=CARTESIAN_POINT('',(-32.816712847,-27.529191287,3.968357806));
#5454=CARTESIAN_POINT('',(-34.336819112,-28.873254604,4.093348412));
#5455=CARTESIAN_POINT('',(-35.247507224,-30.685958886,4.218339018));
#5456=CARTESIAN_POINT('',(-34.904824797,-33.350703042,4.374577276));
#5457=CARTESIAN_POINT('',(-32.348033013,-35.318449542,4.562063185));
#5458=CARTESIAN_POINT('',(-29.14976518,-34.904085173,4.749549094));
#5459=CARTESIAN_POINT('',(-27.181528379,-32.347920551,4.937035003));
#5460=CARTESIAN_POINT('',(-27.595523189,-29.150572103,5.124520912));
#5461=CARTESIAN_POINT('',(-30.15141566,-27.180802705,5.312006822));
#5462=CARTESIAN_POINT('',(-33.348569222,-27.597156163,5.499492731));
#5463=CARTESIAN_POINT('',(-35.319841841,-30.147757775,5.68697864));
#5464=CARTESIAN_POINT('',(-34.901693892,-33.353814499,5.874464549));
#5465=CARTESIAN_POINT('',(-32.355225459,-35.310748228,6.061950458));
#5466=CARTESIAN_POINT('',(-30.209502706,-35.049366126,6.18710304));
#5467=CARTESIAN_POINT('',(-29.349731603,-34.550289442,6.249760318));
#5468=CARTESIAN_POINT('',(-29.347510447,-34.548996824,6.249922293));
#5469=CARTESIAN_POINT('',(-32.931421826,-34.168897587,-0.249691735));
#5470=CARTESIAN_POINT('',(-32.868175891,-34.205448924,-0.244512046));
#5471=CARTESIAN_POINT('',(-32.220596192,-34.551753259,-0.192460878));
#5472=CARTESIAN_POINT('',(-30.782436537,-34.788143099,-0.093538234));
#5473=CARTESIAN_POINT('',(-28.895103892,-33.93282956,0.047076198));
#5474=CARTESIAN_POINT('',(-27.802612108,-32.171306517,0.18769063));
#5475=CARTESIAN_POINT('',(-27.869566075,-30.103309309,0.328305062));
#5476=CARTESIAN_POINT('',(-29.080367085,-28.413958852,0.468919494));
#5477=CARTESIAN_POINT('',(-31.013428623,-27.695361943,0.609533925));
#5478=CARTESIAN_POINT('',(-33.569527932,-28.265152783,0.786603951));
#5479=CARTESIAN_POINT('',(-35.303463466,-31.245633963,1.00012957));
#5480=CARTESIAN_POINT('',(-33.267566324,-34.764519763,1.250110782));
#5481=CARTESIAN_POINT('',(-29.571630865,-34.749344375,1.479260226));
#5482=CARTESIAN_POINT('',(-27.644725303,-32.211237005,1.687577903));
#5483=CARTESIAN_POINT('',(-28.013934105,-29.386142176,1.875063812));
#5484=CARTESIAN_POINT('',(-30.283713476,-27.641108933,2.062549722));
#5485=CARTESIAN_POINT('',(-33.116149241,-28.016180971,2.250035631));
#5486=CARTESIAN_POINT('',(-34.857366329,-30.28194249,2.43752154));
#5487=CARTESIAN_POINT('',(-34.484762233,-33.116501552,2.625007449));
#5488=CARTESIAN_POINT('',(-32.218132631,-34.856812101,2.812493358));
#5489=CARTESIAN_POINT('',(-29.384013901,-34.485322692,2.999979268));
#5490=CARTESIAN_POINT('',(-27.643326701,-32.21816687,3.187465177));
#5491=CARTESIAN_POINT('',(-28.01426176,-29.385014935,3.374951086));
#5492=CARTESIAN_POINT('',(-30.281877475,-27.642297197,3.562436995));
#5493=CARTESIAN_POINT('',(-32.641552214,-27.954065994,3.718675253));
#5494=CARTESIAN_POINT('',(-33.98747756,-29.146434327,3.843665859));
#5495=CARTESIAN_POINT('',(-34.792953483,-30.75357647,3.968656465));
#5496=CARTESIAN_POINT('',(-34.487005023,-33.114702591,4.124894723));
#5497=CARTESIAN_POINT('',(-32.219570204,-34.856276913,4.312380632));
#5498=CARTESIAN_POINT('',(-29.385713985,-34.486349222,4.499866541));
#5499=CARTESIAN_POINT('',(-27.643702406,-32.219470965,4.68735245));
#5500=CARTESIAN_POINT('',(-28.013303962,-29.38642859,4.874838359));
#5501=CARTESIAN_POINT('',(-30.279941041,-27.643059245,5.062324269));
#5502=CARTESIAN_POINT('',(-33.112809474,-28.014749697,5.249810178));
#5503=CARTESIAN_POINT('',(-34.857514693,-30.276700186,5.437296087));
#5504=CARTESIAN_POINT('',(-34.484227217,-33.117457085,5.624781996));
#5505=CARTESIAN_POINT('',(-32.22595099,-34.849458501,5.812267905));
#5506=CARTESIAN_POINT('',(-30.324697678,-34.615997439,5.937420487));
#5507=CARTESIAN_POINT('',(-29.56322,-34.172996406,6.000077765));
#5508=CARTESIAN_POINT('',(-29.561252781,-34.171849029,6.00023974));
#5509=CARTESIAN_POINT('',(-32.711909631,-33.795991561,-0.499357109));
#5510=CARTESIAN_POINT('',(-32.656743586,-33.827771315,-0.494177419));
#5511=CARTESIAN_POINT('',(-32.091928256,-34.128808976,-0.442126252));
#5512=CARTESIAN_POINT('',(-30.838217743,-34.333094919,-0.343203608));
#5513=CARTESIAN_POINT('',(-29.194351674,-33.585366192,-0.202589176));
#5514=CARTESIAN_POINT('',(-28.244323106,-32.048793869,-0.061974744));
#5515=CARTESIAN_POINT('',(-28.305177366,-30.246516677,0.078639688));
#5516=CARTESIAN_POINT('',(-29.362490937,-28.775631473,0.21925412));
#5517=CARTESIAN_POINT('',(-31.048115168,-28.151677364,0.359868552));
#5518=CARTESIAN_POINT('',(-33.275188306,-28.651368612,0.536938577));
#5519=CARTESIAN_POINT('',(-34.78279209,-31.251096099,0.750464196));
#5520=CARTESIAN_POINT('',(-33.004155183,-34.315511354,1.000445408));
#5521=CARTESIAN_POINT('',(-29.782989964,-34.297815574,1.229594853));
#5522=CARTESIAN_POINT('',(-28.106668614,-32.083404473,1.437912529));
#5523=CARTESIAN_POINT('',(-28.431868649,-29.621645879,1.625398439));
#5524=CARTESIAN_POINT('',(-30.412198965,-28.103511037,1.812884348));
#5525=CARTESIAN_POINT('',(-32.880348549,-28.433829199,2.000370257));
#5526=CARTESIAN_POINT('',(-34.395162183,-30.410653891,2.187856166));
#5527=CARTESIAN_POINT('',(-34.066992444,-32.880656596,2.375342075));
#5528=CARTESIAN_POINT('',(-32.089412236,-34.394679331,2.562827985));
#5529=CARTESIAN_POINT('',(-29.619791981,-34.067481457,2.750313894));
#5530=CARTESIAN_POINT('',(-28.105441584,-32.08944234,2.937799803));
#5531=CARTESIAN_POINT('',(-28.432155191,-29.620663771,3.125285712));
#5532=CARTESIAN_POINT('',(-30.410597493,-28.104544675,3.312771621));
#5533=CARTESIAN_POINT('',(-32.466789838,-28.379118693,3.469009879));
#5534=CARTESIAN_POINT('',(-33.63838589,-29.419952632,3.594000485));
#5535=CARTESIAN_POINT('',(-34.338452503,-30.821627315,3.718991091));
#5536=CARTESIAN_POINT('',(-34.068949726,-32.879091873,3.875229349));
#5537=CARTESIAN_POINT('',(-32.090665654,-34.394214284,4.062715258));
#5538=CARTESIAN_POINT('',(-29.621272535,-34.068378268,4.250201167));
#5539=CARTESIAN_POINT('',(-28.105767162,-32.090579362,4.437687076));
#5540=CARTESIAN_POINT('',(-28.431319099,-29.621894865,4.625172986));
#5541=CARTESIAN_POINT('',(-30.408908742,-28.105206157,4.812658895));
#5542=CARTESIAN_POINT('',(-32.877439536,-28.432577874,5.000144804));
#5543=CARTESIAN_POINT('',(-34.395297783,-30.40608493,5.187630713));
#5544=CARTESIAN_POINT('',(-34.066525069,-32.88148912,5.375116622));
#5545=CARTESIAN_POINT('',(-32.09623531,-34.388279499,5.562602532));
#5546=CARTESIAN_POINT('',(-30.439484593,-34.18250812,5.687755113));
#5547=CARTESIAN_POINT('',(-29.776356176,-33.795490878,5.750412391));
#5548=CARTESIAN_POINT('',(-29.774643038,-33.794488507,5.750574366));
#5549=CARTESIAN_POINT('',(-32.490740581,-33.423918757,-0.748825554));
#5550=CARTESIAN_POINT('',(-32.443636308,-33.450891022,-0.743645865));
#5551=CARTESIAN_POINT('',(-31.961415192,-33.706295246,-0.691594697));
#5552=CARTESIAN_POINT('',(-30.892068702,-33.877679422,-0.592672053));
#5553=CARTESIAN_POINT('',(-29.492198203,-33.236524779,-0.452057621));
#5554=CARTESIAN_POINT('',(-28.685635177,-31.924357517,-0.311443189));
#5555=CARTESIAN_POINT('',(-28.741524338,-30.387901767,-0.170828757));
#5556=CARTESIAN_POINT('',(-29.646241359,-29.136199736,-0.030214325));
#5557=CARTESIAN_POINT('',(-31.084762876,-28.607973967,0.110400106));
#5558=CARTESIAN_POINT('',(-32.982417643,-29.038951264,0.287470132));
#5559=CARTESIAN_POINT('',(-34.261995909,-31.258787304,0.500995751));
#5560=CARTESIAN_POINT('',(-32.738749828,-33.867501655,0.750976963));
#5561=CARTESIAN_POINT('',(-29.992477405,-33.845256032,0.980126407));
#5562=CARTESIAN_POINT('',(-28.568197098,-31.953559515,1.188444084));
#5563=CARTESIAN_POINT('',(-28.850927062,-29.855429163,1.375929993));
#5564=CARTESIAN_POINT('',(-30.542699151,-28.565494403,1.563415903));
#5565=CARTESIAN_POINT('',(-32.646266752,-28.852604086,1.750901812));
#5566=CARTESIAN_POINT('',(-33.933377926,-30.541378295,1.938387721));
#5567=CARTESIAN_POINT('',(-33.648095701,-32.64653155,2.12587363));
#5568=CARTESIAN_POINT('',(-31.958679188,-33.932966194,2.313359539));
#5569=CARTESIAN_POINT('',(-29.853849785,-33.648513794,2.500845449));
#5570=CARTESIAN_POINT('',(-28.567136866,-31.958704909,2.688331358));
#5571=CARTESIAN_POINT('',(-28.851174417,-29.854592603,2.875817267));
#5572=CARTESIAN_POINT('',(-30.541331178,-28.566371592,3.063303176));
#5573=CARTESIAN_POINT('',(-32.293794956,-28.805040636,3.219541434));
#5574=CARTESIAN_POINT('',(-33.290364936,-29.695040824,3.34453204));
#5575=CARTESIAN_POINT('',(-33.884115885,-30.891641636,3.469522646));
#5576=CARTESIAN_POINT('',(-33.649767,-32.645200848,3.625760904));
#5577=CARTESIAN_POINT('',(-31.959749191,-33.932573257,3.813246813));
#5578=CARTESIAN_POINT('',(-29.855109881,-33.649281502,4.000732722));
#5579=CARTESIAN_POINT('',(-28.567412571,-31.959675064,4.188218631));
#5580=CARTESIAN_POINT('',(-28.850457978,-29.855639944,4.37570454));
#5581=CARTESIAN_POINT('',(-30.539890214,-28.566932563,4.56319045));
#5582=CARTESIAN_POINT('',(-32.643789305,-28.851530454,4.750676359));
#5583=CARTESIAN_POINT('',(-33.933503799,-30.537483678,4.938162268));
#5584=CARTESIAN_POINT('',(-33.647695207,-32.647239456,5.125648177));
#5585=CARTESIAN_POINT('',(-31.964510408,-33.927525586,5.313134086));
#5586=CARTESIAN_POINT('',(-30.552450448,-33.748405728,5.438286668));
#5587=CARTESIAN_POINT('',(-29.987938618,-33.416967294,5.500943946));
#5588=CARTESIAN_POINT('',(-29.986480254,-33.41610888,5.501105921));
#5589=B_SPLINE_SURFACE_WITH_KNOTS('',3,3,((#5429,#5430,#5431,#5432,#5433,#5434,#5435,#5436,#5437,#5438,#5439,#5440,#5441,#5442,#5443,#5444,#5445,#5446,#5447,#5448,#5449,#5450,#5451,#5452,#5453,#5454,
#5455,#5456,#5457,#5458,#5459,#5460,#5461,#5462,#5463,#5464,#5465,#5466,#5467,#5468),(#5469,#5470,#5471,#5472,#5473,#5474,#5475,#5476,#5477,#5478,#5479,#5480,#5481,#5482,#5483,#5484,#5485,#5486,#5487,#5488,#5489,#5490,#5491,#5492,#5493,#5494,
#5495,#5496,#5497,#5498,#5499,#5500,#5501,#5502,#5503,#5504,#5505,#5506,#5507,#5508),(#5509,#5510,#5511,#5512,#5513,#5514,#5515,#5516,#5517,#5518,#5519,#5520,#5521,#5522,#5523,#5524,#5525,#5526,#5527,#5528,#5529,#5530,#5531,#5532,#5533,#5534,
#5535,#5536,#5537,#5538,#5539,#5540,#5541,#5542,#5543,#5544,#5545,#5546,#5547,#5548),(#5549,#5550,#5551,#5552,#5553,#5554,#5555,#5556,#5557,#5558,#5559,#5560,#5561,#5562,#5563,#5564,#5565,#5566,#5567,#5568,#5569,#5570,#5571,#5572,#5573,#5574,
#5575,#5576,#5577,#5578,#5579,#5580,#5581,#5582,#5583,#5584,#5585,#5586,#5587,#5588)),.UNSPECIFIED.,.F.,.F.,.U.,(4,4),(4,1,1,1,1,1,1,1,1,1,1,1,1,1,1,1,1,1,1,1,1,1,1,1,1,1,
1,1,1,1,1,1,1,1,1,1,1,4),(-0.043409303,0.10644836),(10.468243376,10.533333278,11.122337633,11.711341988,12.300346343,12.889350698,13.478355053,14.067359408,14.656363763,15.703482616,16.750601469,17.797720323,18.583059463,19.368398603,20.153737742,20.939076882,21.724416022,22.509755162,23.295094302,24.080433442,24.865772582,25.651111722,26.436450862,27.221790002,27.614459572,28.007129142,
28.792468282,29.577807422,30.363146562,31.148485702,31.933824842,32.719163981,33.504503121,34.289842261,35.075181401,35.860520541,36.645859681,36.647895121),.UNSPECIFIED.);
#5590=ORIENTED_EDGE('',*,*,#1438,.T.);
#5591=CARTESIAN_POINT('',(-29.986480254,-33.416108881,5.501105921));
#5592=CARTESIAN_POINT('',(-30.505021989,-33.71894057,5.442440429));
#5593=CARTESIAN_POINT('',(-31.13912314,-33.820720992,5.386189954));
#5594=CARTESIAN_POINT('',(-31.728206339,-33.707653636,5.329519768));
#5595=CARTESIAN_POINT('',(-32.317289539,-33.594586279,5.272849583));
#5596=CARTESIAN_POINT('',(-32.86079717,-33.255158616,5.21460046));
#5597=CARTESIAN_POINT('',(-33.230225779,-32.781771163,5.157181773));
#5598=CARTESIAN_POINT('',(-33.599654387,-32.308383711,5.099763086));
#5599=CARTESIAN_POINT('',(-33.782118458,-31.695643819,5.042815822));
#5600=CARTESIAN_POINT('',(-33.747835052,-31.095912295,4.985359226));
#5601=CARTESIAN_POINT('',(-33.730693349,-30.796046533,4.956630928));
#5602=CARTESIAN_POINT('',(-33.658743546,-30.500135574,4.928096889));
#5603=CARTESIAN_POINT('',(-33.534741531,-30.22657691,4.899435513));
#5604=CARTESIAN_POINT('',(-33.410739516,-29.953018245,4.870774137));
#5605=CARTESIAN_POINT('',(-33.236938773,-29.70128155,4.842099657));
#5606=CARTESIAN_POINT('',(-33.025699308,-29.487294013,4.813434407));
#5607=CARTESIAN_POINT('',(-32.814459843,-29.273306476,4.784769158));
#5608=CARTESIAN_POINT('',(-32.565569057,-29.097526711,4.756270761));
#5609=CARTESIAN_POINT('',(-32.292348486,-28.973635216,4.727653303));
#5610=CARTESIAN_POINT('',(-32.019127915,-28.849743721,4.699035845));
#5611=CARTESIAN_POINT('',(-31.722656456,-28.77586272,4.670295869));
#5612=CARTESIAN_POINT('',(-31.422662835,-28.754540066,4.641569891));
#5613=CARTESIAN_POINT('',(-31.122669214,-28.733217413,4.612843914));
#5614=CARTESIAN_POINT('',(-30.819140059,-28.764474786,4.584198897));
#5615=CARTESIAN_POINT('',(-30.531909212,-28.850944203,4.555537926));
#5616=CARTESIAN_POINT('',(-30.244678365,-28.93741362,4.526876956));
#5617=CARTESIAN_POINT('',(-29.9734675,-29.077885941,4.498243573));
#5618=CARTESIAN_POINT('',(-29.734146467,-29.260166789,4.469619137));
#5619=CARTESIAN_POINT('',(-29.494825433,-29.442447637,4.440994702));
#5620=CARTESIAN_POINT('',(-29.287411969,-29.666563073,4.412363028));
#5621=CARTESIAN_POINT('',(-29.127803292,-29.920328678,4.383712872));
#5622=CARTESIAN_POINT('',(-28.968194615,-30.174094282,4.355062715));
#5623=CARTESIAN_POINT('',(-28.85741643,-30.458080081,4.326373961));
#5624=CARTESIAN_POINT('',(-28.798265128,-30.752907925,4.29772049));
#5625=CARTESIAN_POINT('',(-28.739113827,-31.047735768,4.26906702));
#5626=CARTESIAN_POINT('',(-28.731616691,-31.353403533,4.240395354));
#5627=CARTESIAN_POINT('',(-28.778514391,-31.649932035,4.211725105));
#5628=CARTESIAN_POINT('',(-28.825412091,-31.946460537,4.183054855));
#5629=CARTESIAN_POINT('',(-28.928511505,-32.23326642,4.154571884));
#5630=CARTESIAN_POINT('',(-29.07857712,-32.493630292,4.126074448));
#5631=CARTESIAN_POINT('',(-29.228642735,-32.753994163,4.097577012));
#5632=CARTESIAN_POINT('',(-29.425285692,-32.987905705,4.068753177));
#5633=CARTESIAN_POINT('',(-29.656113975,-33.180000035,4.03994191));
#5634=CARTESIAN_POINT('',(-29.886942257,-33.372094365,4.011130643));
#5635=CARTESIAN_POINT('',(-30.152859702,-33.520797961,3.982536957));
#5636=CARTESIAN_POINT('',(-30.437482463,-33.617082358,3.953876222));
#5637=CARTESIAN_POINT('',(-31.006727986,-33.809651151,3.896554752));
#5638=CARTESIAN_POINT('',(-31.645925402,-33.796289317,3.839426738));
#5639=CARTESIAN_POINT('',(-32.200229146,-33.566087186,3.782096997));
#5640=CARTESIAN_POINT('',(-32.754532891,-33.335885055,3.724767257));
#5641=CARTESIAN_POINT('',(-33.227386672,-32.902440767,3.667374378));
#5642=CARTESIAN_POINT('',(-33.492566942,-32.364266964,3.610058777));
#5643=CARTESIAN_POINT('',(-33.757747211,-31.826093161,3.552743177));
#5644=CARTESIAN_POINT('',(-33.823919862,-31.188309218,3.495806647));
#5645=CARTESIAN_POINT('',(-33.670526797,-30.608612273,3.438305175));
#5646=CARTESIAN_POINT('',(-33.517133732,-30.028915328,3.380803703));
#5647=CARTESIAN_POINT('',(-33.14347751,-29.507264434,3.323323481));
#5648=CARTESIAN_POINT('',(-32.646280766,-29.171517103,3.266327197));
#5649=CARTESIAN_POINT('',(-32.149084023,-28.835769772,3.209330912));
#5650=CARTESIAN_POINT('',(-31.524581655,-28.69312274,3.151675313));
#5651=CARTESIAN_POINT('',(-30.928828932,-28.767328718,3.094340637));
#5652=CARTESIAN_POINT('',(-30.33307621,-28.841534695,3.037005962));
#5653=CARTESIAN_POINT('',(-29.771004417,-29.146840357,2.979728317));
#5654=CARTESIAN_POINT('',(-29.371940038,-29.595934797,2.922442509));
#5655=CARTESIAN_POINT('',(-29.172407849,-29.820482017,2.893799605));
#5656=CARTESIAN_POINT('',(-29.014926086,-30.081100159,2.865152083));
#5657=CARTESIAN_POINT('',(-28.909688203,-30.362347593,2.836497603));
#5658=CARTESIAN_POINT('',(-28.80445032,-30.643595027,2.807843123));
#5659=CARTESIAN_POINT('',(-28.749678793,-30.94445863,2.77917902));
#5660=CARTESIAN_POINT('',(-28.748041054,-31.245089365,2.750525687));
#5661=CARTESIAN_POINT('',(-28.746403315,-31.545720101,2.721872355));
#5662=CARTESIAN_POINT('',(-28.798625923,-31.845901672,2.693284304));
#5663=CARTESIAN_POINT('',(-28.904728555,-32.126489444,2.664635616));
#5664=CARTESIAN_POINT('',(-29.010831188,-32.407077217,2.635986928));
#5665=CARTESIAN_POINT('',(-29.168652904,-32.66867613,2.607280699));
#5666=CARTESIAN_POINT('',(-29.366026513,-32.895591774,2.578629831));
#5667=CARTESIAN_POINT('',(-29.563400122,-33.122507418,2.549978963));
#5668=CARTESIAN_POINT('',(-29.800513185,-33.314549524,2.521318099));
#5669=CARTESIAN_POINT('',(-30.06495537,-33.456018954,2.492664965));
#5670=CARTESIAN_POINT('',(-30.329397556,-33.597488384,2.46401183));
#5671=CARTESIAN_POINT('',(-30.620499262,-33.689534696,2.435428288));
#5672=CARTESIAN_POINT('',(-30.918581405,-33.729447513,2.406828604));
#5673=CARTESIAN_POINT('',(-31.216663549,-33.76936033,2.37822892));
#5674=CARTESIAN_POINT('',(-31.521726562,-33.757109662,2.349593557));
#5675=CARTESIAN_POINT('',(-31.814053767,-33.68998347,2.320915885));
#5676=CARTESIAN_POINT('',(-32.106380972,-33.622857278,2.292238212));
#5677=CARTESIAN_POINT('',(-32.385675972,-33.499681048,2.263464113));
#5678=CARTESIAN_POINT('',(-32.635958782,-33.332427781,2.234780047));
#5679=CARTESIAN_POINT('',(-32.886241592,-33.165174514,2.20609598));
#5680=CARTESIAN_POINT('',(-33.107411372,-32.953772864,2.177401096));
#5681=CARTESIAN_POINT('',(-33.28339341,-32.710757388,2.148763731));
#5682=CARTESIAN_POINT('',(-33.459375449,-32.467741911,2.120126366));
#5683=CARTESIAN_POINT('',(-33.588405441,-32.19225712,2.09164366));
#5684=CARTESIAN_POINT('',(-33.665529786,-31.902268259,2.062987397));
#5685=CARTESIAN_POINT('',(-33.74265413,-31.612279398,2.034331133));
#5686=CARTESIAN_POINT('',(-33.768965316,-31.30818347,2.0057184));
#5687=CARTESIAN_POINT('',(-33.741434489,-31.009144805,1.977063503));
#5688=CARTESIAN_POINT('',(-33.713903661,-30.710106141,1.948408607));
#5689=CARTESIAN_POINT('',(-33.630212686,-30.416640935,1.919620916));
#5690=CARTESIAN_POINT('',(-33.496483463,-30.146903882,1.891044849));
#5691=CARTESIAN_POINT('',(-33.362754239,-29.87716683,1.862468781));
#5692=CARTESIAN_POINT('',(-33.181242505,-29.630395249,1.834504632));
#5693=CARTESIAN_POINT('',(-32.963194802,-29.423683859,1.806101596));
#5694=CARTESIAN_POINT('',(-32.745147099,-29.216972469,1.777698559));
#5695=CARTESIAN_POINT('',(-32.490299612,-29.051455887,1.748937866));
#5696=CARTESIAN_POINT('',(-32.212764452,-28.938750728,1.719470139));
#5697=CARTESIAN_POINT('',(-31.935229292,-28.826045568,1.690002412));
#5698=CARTESIAN_POINT('',(-31.636508181,-28.759956653,1.662259059));
#5699=CARTESIAN_POINT('',(-31.334896008,-28.749411794,1.63312979));
#5700=CARTESIAN_POINT('',(-31.033283835,-28.738866934,1.60400052));
#5701=CARTESIAN_POINT('',(-30.730256988,-28.783075014,1.574423593));
#5702=CARTESIAN_POINT('',(-30.44627947,-28.877536972,1.547437805));
#5703=CARTESIAN_POINT('',(-30.162301953,-28.971998929,1.520452017));
#5704=CARTESIAN_POINT('',(-29.897718625,-29.118072291,1.49366094));
#5705=CARTESIAN_POINT('',(-29.66750726,-29.309407707,1.46343238));
#5706=CARTESIAN_POINT('',(-29.437295894,-29.500743123,1.433203821));
#5707=CARTESIAN_POINT('',(-29.235556503,-29.73199883,1.404440534));
#5708=CARTESIAN_POINT('',(-29.083379687,-29.994235019,1.375475762));
#5709=CARTESIAN_POINT('',(-28.931202871,-30.256471208,1.346510989));
#5710=CARTESIAN_POINT('',(-28.830391295,-30.546922126,1.317518966));
#5711=CARTESIAN_POINT('',(-28.778980246,-30.842281372,1.290744389));
#5712=CARTESIAN_POINT('',(-28.727569197,-31.137640618,1.263969813));
#5713=CARTESIAN_POINT('',(-28.732808448,-31.439765056,1.234497487));
#5714=CARTESIAN_POINT('',(-28.792530137,-31.732759729,1.20427032));
#5715=CARTESIAN_POINT('',(-28.852251825,-32.025754402,1.174043153));
#5716=CARTESIAN_POINT('',(-28.963524623,-32.31110111,1.146415419));
#5717=CARTESIAN_POINT('',(-29.122761911,-32.56797401,1.117605553));
#5718=CARTESIAN_POINT('',(-29.2819992,-32.82484691,1.088795687));
#5719=CARTESIAN_POINT('',(-29.4864803,-33.053717847,1.060020774));
#5720=CARTESIAN_POINT('',(-29.723826169,-33.237773561,1.031428319));
#5721=CARTESIAN_POINT('',(-29.961172038,-33.421829274,1.002835863));
#5722=CARTESIAN_POINT('',(-30.232443042,-33.559882243,0.975009519));
#5723=CARTESIAN_POINT('',(-30.520627177,-33.645435014,0.947079255));
#5724=CARTESIAN_POINT('',(-30.808811312,-33.730987785,0.91914899));
#5725=CARTESIAN_POINT('',(-31.113074727,-33.764848558,0.890872761));
#5726=CARTESIAN_POINT('',(-31.412921861,-33.74537386,0.861257126));
#5727=CARTESIAN_POINT('',(-31.562845429,-33.735636511,0.846449309));
#5728=CARTESIAN_POINT('',(-31.711789317,-33.713165642,0.831638886));
#5729=CARTESIAN_POINT('',(-31.857547702,-33.677542351,0.816670335));
#5730=CARTESIAN_POINT('',(-32.003306087,-33.64191906,0.801701785));
#5731=CARTESIAN_POINT('',(-32.146859977,-33.595789021,0.788218786));
#5732=CARTESIAN_POINT('',(-32.283931466,-33.53449345,0.773517343));
#5733=CARTESIAN_POINT('',(-32.558074443,-33.411902307,0.744114456));
#5734=CARTESIAN_POINT('',(-32.806675077,-33.235232214,0.715308851));
#5735=CARTESIAN_POINT('',(-33.018079657,-33.021625573,0.687853017));
#5736=CARTESIAN_POINT('',(-33.440888818,-32.594412289,0.632941349));
#5737=CARTESIAN_POINT('',(-33.712395037,-32.015242649,0.575642347));
#5738=CARTESIAN_POINT('',(-33.752431012,-31.414916441,0.515834336));
#5739=CARTESIAN_POINT('',(-33.792466987,-30.814590233,0.456026324));
#5740=CARTESIAN_POINT('',(-33.598887672,-30.2051574,0.404104988));
#5741=CARTESIAN_POINT('',(-33.234532715,-29.727685905,0.346031392));
#5742=CARTESIAN_POINT('',(-33.143443975,-29.608318031,0.331512993));
#5743=CARTESIAN_POINT('',(-33.04189003,-29.497029662,0.316732484));
#5744=CARTESIAN_POINT('',(-32.931097496,-29.395889951,0.301720779));
#5745=CARTESIAN_POINT('',(-32.820304963,-29.294750239,0.286709074));
#5746=CARTESIAN_POINT('',(-32.702671439,-29.199961045,0.27404599));
#5747=CARTESIAN_POINT('',(-32.573967252,-29.122314152,0.257951841));
#5748=CARTESIAN_POINT('',(-32.509615159,-29.083490706,0.249904767));
#5749=CARTESIAN_POINT('',(-32.444845227,-29.045082038,0.243636738));
#5750=CARTESIAN_POINT('',(-32.377568546,-29.011381227,0.236379755));
#5751=CARTESIAN_POINT('',(-32.310291865,-28.977680416,0.229122772));
#5752=CARTESIAN_POINT('',(-32.241213972,-28.94772636,0.221541872));
#5753=CARTESIAN_POINT('',(-32.171405464,-28.919628178,0.214822825));
#5754=CARTESIAN_POINT('',(-32.031788447,-28.863431814,0.201384731));
#5755=CARTESIAN_POINT('',(-31.886105867,-28.82327632,0.186110387));
#5756=CARTESIAN_POINT('',(-31.738670625,-28.794590155,0.171871217));
#5757=CARTESIAN_POINT('',(-31.14892966,-28.679845496,0.114914538));
#5758=CARTESIAN_POINT('',(-30.518908542,-28.780878275,0.059215127));
#5759=CARTESIAN_POINT('',(-29.998556927,-29.082381559,0.000052736));
#5760=B_SPLINE_CURVE_WITH_KNOTS('',3,(#5591,#5592,#5593,#5594,#5595,#5596,#5597,#5598,#5599,#5600,#5601,#5602,#5603,#5604,#5605,#5606,#5607,#5608,#5609,#5610,#5611,#5612,#5613,#5614,#5615,#5616,
#5617,#5618,#5619,#5620,#5621,#5622,#5623,#5624,#5625,#5626,#5627,#5628,#5629,#5630,#5631,#5632,#5633,#5634,#5635,#5636,#5637,#5638,#5639,#5640,#5641,
#5642,#5643,#5644,#5645,#5646,#5647,#5648,#5649,#5650,#5651,#5652,#5653,#5654,#5655,#5656,#5657,#5658,#5659,#5660,#5661,#5662,#5663,#5664,#5665,#5666,
#5667,#5668,#5669,#5670,#5671,#5672,#5673,#5674,#5675,#5676,#5677,#5678,#5679,#5680,#5681,#5682,#5683,#5684,#5685,#5686,#5687,#5688,#5689,#5690,#5691,
#5692,#5693,#5694,#5695,#5696,#5697,#5698,#5699,#5700,#5701,#5702,#5703,#5704,#5705,#5706,#5707,#5708,#5709,#5710,#5711,#5712,#5713,#5714,#5715,#5716,
#5717,#5718,#5719,#5720,#5721,#5722,#5723,#5724,#5725,#5726,#5727,#5728,#5729,#5730,#5731,#5732,#5733,#5734,#5735,#5736,#5737,#5738,#5739,#5740,#5741,
#5742,#5743,#5744,#5745,#5746,#5747,#5748,#5749,#5750,#5751,#5752,#5753,#5754,#5755,#5756,#5757,#5758,#5759),.UNSPECIFIED.,.F.,.F.,(4,3,3,3,3,3,3,3,3,3,3,3,3,3,3,3,3,3,3,3,3,3,3,3,3,3,
3,3,3,3,3,3,3,3,3,3,3,3,3,3,3,3,3,3,3,3,3,3,3,3,3,
3,3,3,3,3,4),(9.773279213,9.954891934,10.136504655,10.318117376,10.408923737,10.499730097,10.590536458,10.681342819,10.772149179,10.86295554,10.9537619,11.044568261,11.135374622,11.226180982,11.316987343,11.407793704,11.589406425,11.771019146,11.952631867,12.134244588,12.31585731,12.497470031,12.588276391,12.679082752,12.769889113,12.860695473,
12.951501834,13.042308195,13.133114555,13.223920916,13.314727276,13.405533637,13.496339998,13.587146358,13.677952719,13.768759079,13.85956544,13.950371801,14.041178161,14.131984522,14.222790882,14.313597243,14.404403604,14.495209964,14.586016325,14.676822686,14.722225866,14.767629046,14.858435407,15.040048128,15.221660849,
15.267064029,15.31246721,15.3351688,15.35787039,15.40327357,15.584886292),.UNSPECIFIED.);
#5761=EDGE_CURVE('',#1387,#829,#5760,.T.);
#5762=ORIENTED_EDGE('',*,*,#5761,.T.);
#5763=ORIENTED_EDGE('',*,*,#946,.T.);
#5764=CARTESIAN_POINT('',(-33.127681598,-27.9434079,5.498292087));
#5765=CARTESIAN_POINT('',(-32.339459812,-27.493801262,5.442525363));
#5766=CARTESIAN_POINT('',(-31.375553316,-27.343582126,5.384054372));
#5767=CARTESIAN_POINT('',(-30.481527745,-27.526627896,5.325929235));
#5768=CARTESIAN_POINT('',(-29.587502173,-27.709673666,5.267804099));
#5769=CARTESIAN_POINT('',(-28.770633384,-28.232784764,5.21192198));
#5770=CARTESIAN_POINT('',(-28.218738558,-28.955363262,5.154748455));
#5771=CARTESIAN_POINT('',(-27.666843732,-29.67794176,5.09757493));
#5772=CARTESIAN_POINT('',(-27.397341493,-30.612933096,5.040182312));
#5773=CARTESIAN_POINT('',(-27.459221001,-31.523671748,4.982837856));
#5774=CARTESIAN_POINT('',(-27.490160755,-31.979041074,4.954165628));
#5775=CARTESIAN_POINT('',(-27.605163185,-32.4267855,4.925521113));
#5776=CARTESIAN_POINT('',(-27.797658979,-32.839810835,4.89689491));
#5777=CARTESIAN_POINT('',(-27.990154774,-33.252836171,4.868268707));
#5778=CARTESIAN_POINT('',(-28.257210534,-33.632049748,4.839654613));
#5779=CARTESIAN_POINT('',(-28.580559843,-33.953718744,4.811030836));
#5780=CARTESIAN_POINT('',(-28.903909153,-34.27538774,4.78240706));
#5781=CARTESIAN_POINT('',(-29.284514474,-34.537979355,4.753524877));
#5782=CARTESIAN_POINT('',(-29.701204041,-34.721884097,4.724847013));
#5783=CARTESIAN_POINT('',(-30.117893607,-34.905788839,4.696169149));
#5784=CARTESIAN_POINT('',(-30.569001844,-35.013901644,4.667676669));
#5785=CARTESIAN_POINT('',(-31.024523096,-35.042046676,4.639148483));
#5786=CARTESIAN_POINT('',(-31.480044347,-35.070191708,4.610620297));
#5787=CARTESIAN_POINT('',(-31.939861266,-35.018036226,4.581958267));
#5788=CARTESIAN_POINT('',(-32.37442926,-34.882689585,4.553330432));
#5789=CARTESIAN_POINT('',(-32.808997253,-34.747342944,4.524702597));
#5790=CARTESIAN_POINT('',(-33.218789807,-34.530468738,4.496038047));
#5791=CARTESIAN_POINT('',(-33.579593195,-34.250508696,4.467361173));
#5792=CARTESIAN_POINT('',(-33.940396582,-33.970548654,4.438684298));
#5793=CARTESIAN_POINT('',(-34.252239874,-33.627544987,4.410021734));
#5794=CARTESIAN_POINT('',(-34.490950909,-33.239957264,4.381388339));
#5795=CARTESIAN_POINT('',(-34.729661945,-32.852369542,4.352754943));
#5796=CARTESIAN_POINT('',(-34.893864965,-32.419420326,4.324185025));
#5797=CARTESIAN_POINT('',(-34.979350333,-31.971136473,4.295550861));
#5798=CARTESIAN_POINT('',(-35.064835701,-31.52285262,4.266916698));
#5799=CARTESIAN_POINT('',(-35.071929239,-31.059386863,4.238300991));
#5800=CARTESIAN_POINT('',(-34.997178603,-30.610319907,4.209682535));
#5801=CARTESIAN_POINT('',(-34.922427968,-30.161252951,4.181064078));
#5802=CARTESIAN_POINT('',(-34.762308804,-29.72730826,4.152145696));
#5803=CARTESIAN_POINT('',(-34.530936393,-29.333899496,4.123292121));
#5804=CARTESIAN_POINT('',(-34.299563982,-28.940490732,4.094438545));
#5805=CARTESIAN_POINT('',(-33.998321074,-28.587214117,4.066119526));
#5806=CARTESIAN_POINT('',(-33.645553204,-28.298624107,4.037702217));
#5807=CARTESIAN_POINT('',(-33.292785334,-28.010034097,4.009284907));
#5808=CARTESIAN_POINT('',(-32.887132521,-27.788815656,3.980562642));
#5809=CARTESIAN_POINT('',(-32.45414418,-27.646200555,3.951934467));
#5810=CARTESIAN_POINT('',(-31.588167497,-27.360970351,3.894678117));
#5811=CARTESIAN_POINT('',(-30.617900879,-27.38830859,3.837150452));
#5812=CARTESIAN_POINT('',(-29.778895017,-27.744619541,3.779937192));
#5813=CARTESIAN_POINT('',(-28.939889156,-28.100930493,3.722723933));
#5814=CARTESIAN_POINT('',(-28.228606505,-28.764053775,3.66556728));
#5815=CARTESIAN_POINT('',(-27.832138165,-29.583346935,3.608288015));
#5816=CARTESIAN_POINT('',(-27.435669825,-30.402640096,3.55100875));
#5817=CARTESIAN_POINT('',(-27.342186639,-31.371744402,3.493215861));
#5818=CARTESIAN_POINT('',(-27.581398694,-32.250380825,3.436253405));
#5819=CARTESIAN_POINT('',(-27.820610749,-33.129017248,3.379290949));
#5820=CARTESIAN_POINT('',(-28.392493035,-33.916115828,3.322231446));
#5821=CARTESIAN_POINT('',(-29.150872592,-34.420467501,3.264501458));
#5822=CARTESIAN_POINT('',(-29.909252149,-34.924819174,3.20677147));
#5823=CARTESIAN_POINT('',(-30.858984787,-35.135773037,3.150058002));
#5824=CARTESIAN_POINT('',(-31.761870538,-35.017011536,3.092815671));
#5825=CARTESIAN_POINT('',(-32.664756289,-34.898250035,3.03557334));
#5826=CARTESIAN_POINT('',(-33.515697261,-34.429987967,2.978272323));
#5827=CARTESIAN_POINT('',(-34.117387521,-33.744502403,2.920981532));
#5828=CARTESIAN_POINT('',(-34.418232651,-33.401759621,2.892336137));
#5829=CARTESIAN_POINT('',(-34.654766104,-33.004635797,2.863691849));
#5830=CARTESIAN_POINT('',(-34.811946524,-32.576799528,2.835060854));
#5831=CARTESIAN_POINT('',(-34.969126943,-32.148963259,2.806429858));
#5832=CARTESIAN_POINT('',(-35.049642513,-31.691976631,2.777804907));
#5833=CARTESIAN_POINT('',(-35.049590584,-31.235798708,2.749167253));
#5834=CARTESIAN_POINT('',(-35.049538656,-30.779620785,2.720529599));
#5835=CARTESIAN_POINT('',(-34.967517574,-30.324586613,2.691793615));
#5836=CARTESIAN_POINT('',(-34.804048514,-29.899472515,2.663157901));
#5837=CARTESIAN_POINT('',(-34.640579454,-29.474358416,2.634522187));
#5838=CARTESIAN_POINT('',(-34.398870497,-29.078347967,2.605970348));
#5839=CARTESIAN_POINT('',(-34.097340975,-28.735660597,2.577333039));
#5840=CARTESIAN_POINT('',(-33.795811453,-28.392973228,2.54869573));
#5841=CARTESIAN_POINT('',(-33.434547433,-28.103653347,2.520068851));
#5842=CARTESIAN_POINT('',(-33.032172139,-27.890907276,2.491432555));
#5843=CARTESIAN_POINT('',(-32.629796846,-27.678161206,2.46279626));
#5844=CARTESIAN_POINT('',(-32.18711024,-27.540619235,2.434054442));
#5845=CARTESIAN_POINT('',(-31.734253919,-27.482310008,2.405343426));
#5846=CARTESIAN_POINT('',(-31.281397597,-27.424000781,2.37663241));
#5847=CARTESIAN_POINT('',(-30.818370802,-27.444884692,2.347977915));
#5848=CARTESIAN_POINT('',(-30.375248185,-27.548999343,2.319380647));
#5849=CARTESIAN_POINT('',(-29.932125568,-27.653113994,2.290783378));
#5850=CARTESIAN_POINT('',(-29.509297762,-27.841926743,2.262325001));
#5851=CARTESIAN_POINT('',(-29.131034371,-28.097394533,2.233722356));
#5852=CARTESIAN_POINT('',(-28.752770981,-28.352862324,2.205119712));
#5853=CARTESIAN_POINT('',(-28.418842238,-28.674569503,2.176527604));
#5854=CARTESIAN_POINT('',(-28.153137436,-29.044370325,2.147870976));
#5855=CARTESIAN_POINT('',(-27.887432635,-29.414171147,2.119214349));
#5856=CARTESIAN_POINT('',(-27.693117627,-29.833975199,2.090344765));
#5857=CARTESIAN_POINT('',(-27.577589471,-30.275489261,2.061742072));
#5858=CARTESIAN_POINT('',(-27.462061315,-30.717003322,2.033139379));
#5859=CARTESIAN_POINT('',(-27.424830748,-31.179667355,2.004473276));
#5860=CARTESIAN_POINT('',(-27.469032853,-31.633145885,1.975841178));
#5861=CARTESIAN_POINT('',(-27.513234958,-32.086624414,1.94720908));
#5862=CARTESIAN_POINT('',(-27.640913326,-32.530579786,1.919042012));
#5863=CARTESIAN_POINT('',(-27.845068584,-32.93820177,1.889949861));
#5864=CARTESIAN_POINT('',(-28.2533791,-33.753445738,1.83176556));
#5865=CARTESIAN_POINT('',(-28.957082927,-34.423341909,1.772827484));
#5866=CARTESIAN_POINT('',(-29.802020235,-34.765018944,1.717614848));
#5867=CARTESIAN_POINT('',(-30.22448889,-34.935857462,1.690008531));
#5868=CARTESIAN_POINT('',(-30.67924307,-35.025215653,1.660329988));
#5869=CARTESIAN_POINT('',(-31.134428307,-35.040186281,1.632320285));
#5870=CARTESIAN_POINT('',(-31.589613544,-35.055156909,1.604310582));
#5871=CARTESIAN_POINT('',(-32.04708241,-34.994119163,1.576725209));
#5872=CARTESIAN_POINT('',(-32.47853729,-34.848561815,1.545700348));
#5873=CARTESIAN_POINT('',(-32.90999217,-34.703004466,1.514675488));
#5874=CARTESIAN_POINT('',(-33.314833737,-34.474106726,1.483630442));
#5875=CARTESIAN_POINT('',(-33.666908395,-34.182387642,1.457434341));
#5876=CARTESIAN_POINT('',(-34.018983053,-33.890668558,1.43123824));
#5877=CARTESIAN_POINT('',(-34.312203194,-33.532437702,1.402781454));
#5878=CARTESIAN_POINT('',(-34.538076542,-33.139144918,1.374386034));
#5879=CARTESIAN_POINT('',(-34.76394989,-32.745852133,1.345990614));
#5880=CARTESIAN_POINT('',(-34.925270024,-32.313685023,1.317667687));
#5881=CARTESIAN_POINT('',(-35.000024267,-31.86409747,1.286324858));
#5882=CARTESIAN_POINT('',(-35.07477851,-31.414509918,1.254982028));
#5883=CARTESIAN_POINT('',(-35.068897065,-30.950408786,1.227705679));
#5884=CARTESIAN_POINT('',(-34.977971539,-30.50368347,1.2014443));
#5885=CARTESIAN_POINT('',(-34.887046014,-30.056958155,1.175182921));
#5886=CARTESIAN_POINT('',(-34.708034024,-29.629830616,1.145103569));
#5887=CARTESIAN_POINT('',(-34.466477955,-29.242753985,1.116650208));
#5888=CARTESIAN_POINT('',(-34.224921886,-28.855677354,1.088196847));
#5889=CARTESIAN_POINT('',(-33.919203406,-28.506992424,1.061279337));
#5890=CARTESIAN_POINT('',(-33.559253025,-28.229334923,1.030958753));
#5891=CARTESIAN_POINT('',(-33.379277835,-28.090506172,1.015798461));
#5892=CARTESIAN_POINT('',(-33.188367412,-27.96593032,1.002443574));
#5893=CARTESIAN_POINT('',(-32.985663729,-27.86339294,0.987441137));
#5894=CARTESIAN_POINT('',(-32.782960045,-27.760855559,0.9724387));
#5895=CARTESIAN_POINT('',(-32.570294239,-27.677559891,0.957417699));
#5896=CARTESIAN_POINT('',(-32.351485049,-27.613592964,0.942555058));
#5897=CARTESIAN_POINT('',(-31.91386667,-27.48565911,0.912829776));
#5898=CARTESIAN_POINT('',(-31.451482652,-27.435045308,0.883720877));
#5899=CARTESIAN_POINT('',(-30.995287915,-27.463737068,0.856562819));
#5900=CARTESIAN_POINT('',(-30.082898441,-27.521120589,0.802246702));
#5901=CARTESIAN_POINT('',(-29.206352942,-27.908542425,0.748357581));
#5902=CARTESIAN_POINT('',(-28.566565469,-28.559832057,0.686831398));
#5903=CARTESIAN_POINT('',(-28.246671733,-28.885476873,0.656068306));
#5904=CARTESIAN_POINT('',(-27.982457281,-29.270377164,0.62589141));
#5905=CARTESIAN_POINT('',(-27.791103991,-29.687398644,0.598113475));
#5906=CARTESIAN_POINT('',(-27.695427346,-29.895909384,0.584224507));
#5907=CARTESIAN_POINT('',(-27.617382859,-30.112299267,0.571426597));
#5908=CARTESIAN_POINT('',(-27.561468552,-30.333480724,0.557806238));
#5909=CARTESIAN_POINT('',(-27.505554245,-30.554662182,0.544185879));
#5910=CARTESIAN_POINT('',(-27.473017881,-30.780263553,0.528880134));
#5911=CARTESIAN_POINT('',(-27.457431427,-31.006017373,0.51536475));
#5912=CARTESIAN_POINT('',(-27.426258521,-31.457525012,0.488333981));
#5913=CARTESIAN_POINT('',(-27.477158988,-31.913878998,0.459764747));
#5914=CARTESIAN_POINT('',(-27.613136367,-32.348643908,0.428839333));
#5915=CARTESIAN_POINT('',(-27.749113747,-32.783408817,0.397913918));
#5916=CARTESIAN_POINT('',(-27.963427462,-33.19652465,0.368265067));
#5917=CARTESIAN_POINT('',(-28.240502392,-33.560962836,0.340278363));
#5918=CARTESIAN_POINT('',(-28.379039858,-33.74318193,0.326285011));
#5919=CARTESIAN_POINT('',(-28.533184061,-33.913310421,0.312746145));
#5920=CARTESIAN_POINT('',(-28.70109303,-34.067764294,0.299409436));
#5921=CARTESIAN_POINT('',(-28.869001999,-34.222218167,0.286072728));
#5922=CARTESIAN_POINT('',(-29.053644171,-34.35634217,0.26984676));
#5923=CARTESIAN_POINT('',(-29.244972938,-34.478904125,0.257647585));
#5924=CARTESIAN_POINT('',(-29.340637322,-34.540185103,0.251547998));
#5925=CARTESIAN_POINT('',(-29.440783724,-34.5940755,0.243387062));
#5926=CARTESIAN_POINT('',(-29.54230585,-34.645033632,0.236253059));
#5927=CARTESIAN_POINT('',(-29.643827976,-34.695991764,0.229119056));
#5928=CARTESIAN_POINT('',(-29.746817876,-34.744637611,0.223312007));
#5929=CARTESIAN_POINT('',(-29.853434215,-34.78436206,0.214843149));
#5930=CARTESIAN_POINT('',(-30.066666891,-34.863810956,0.197905432));
#5931=CARTESIAN_POINT('',(-30.284458492,-34.933446572,0.186328628));
#5932=CARTESIAN_POINT('',(-30.508455061,-34.978049098,0.171838705));
#5933=CARTESIAN_POINT('',(-31.404441337,-35.156459206,0.113879013));
#5934=CARTESIAN_POINT('',(-32.362091753,-34.994594783,0.055069174));
#5935=CARTESIAN_POINT('',(-33.150515723,-34.541902133,-0.000075793));
#5936=B_SPLINE_CURVE_WITH_KNOTS('',3,(#5764,#5765,#5766,#5767,#5768,#5769,#5770,#5771,#5772,#5773,#5774,#5775,#5776,#5777,#5778,#5779,#5780,#5781,#5782,#5783,#5784,#5785,#5786,#5787,#5788,#5789,
#5790,#5791,#5792,#5793,#5794,#5795,#5796,#5797,#5798,#5799,#5800,#5801,#5802,#5803,#5804,#5805,#5806,#5807,#5808,#5809,#5810,#5811,#5812,#5813,#5814,
#5815,#5816,#5817,#5818,#5819,#5820,#5821,#5822,#5823,#5824,#5825,#5826,#5827,#5828,#5829,#5830,#5831,#5832,#5833,#5834,#5835,#5836,#5837,#5838,#5839,
#5840,#5841,#5842,#5843,#5844,#5845,#5846,#5847,#5848,#5849,#5850,#5851,#5852,#5853,#5854,#5855,#5856,#5857,#5858,#5859,#5860,#5861,#5862,#5863,#5864,
#5865,#5866,#5867,#5868,#5869,#5870,#5871,#5872,#5873,#5874,#5875,#5876,#5877,#5878,#5879,#5880,#5881,#5882,#5883,#5884,#5885,#5886,#5887,#5888,#5889,
#5890,#5891,#5892,#5893,#5894,#5895,#5896,#5897,#5898,#5899,#5900,#5901,#5902,#5903,#5904,#5905,#5906,#5907,#5908,#5909,#5910,#5911,#5912,#5913,#5914,
#5915,#5916,#5917,#5918,#5919,#5920,#5921,#5922,#5923,#5924,#5925,#5926,#5927,#5928,#5929,#5930,#5931,#5932,#5933,#5934,#5935),.UNSPECIFIED.,.F.,.F.,(4,3,3,3,3,3,3,3,3,3,3,3,3,3,3,3,3,3,3,3,3,3,3,3,3,3,
3,3,3,3,3,3,3,3,3,3,3,3,3,3,3,3,3,3,3,3,3,3,3,3,3,
3,3,3,3,3,3,4),(4.802176942,5.077134627,5.352092312,5.627049996,5.764528839,5.902007681,6.039486524,6.176965366,6.314444208,6.451923051,6.589401893,6.726880736,6.864359578,7.00183842,7.139317263,7.276796105,7.55175379,7.826711475,8.101669159,8.376626844,8.651584529,8.926542214,9.064021056,9.201499899,9.338978741,9.476457583,
9.613936426,9.751415268,9.88889411,10.026372953,10.163851795,10.301330638,10.43880948,10.576288322,10.851246007,10.98872485,11.126203692,11.263682534,11.401161377,11.538640219,11.676119061,11.813597904,11.951076746,12.019816167,12.088555589,12.226034431,12.500992116,12.638470958,12.707210379,12.775949801,12.913428643,
13.050907485,13.119646907,13.188386328,13.222756038,13.257125749,13.32586517,13.600822855),.UNSPECIFIED.);
#5937=EDGE_CURVE('',#1441,#827,#5936,.T.);
#5938=ORIENTED_EDGE('',*,*,#5937,.F.);
#5939=ORIENTED_EDGE('',*,*,#1445,.F.);
#5940=EDGE_LOOP('',(#5590,#5762,#5763,#5938,#5939));
#5941=FACE_BOUND('',#5940,.T.);
#5942=ADVANCED_FACE('',(#5941),#5589,.F.);
#5943=CARTESIAN_POINT('',(-29.998579898,-29.082211034,-0.));
#5944=CARTESIAN_POINT('',(-30.04552316,-29.055023473,0.005176629));
#5945=CARTESIAN_POINT('',(-30.526448513,-28.797256512,0.057224736));
#5946=CARTESIAN_POINT('',(-31.594898319,-28.620579733,0.156144319));
#5947=CARTESIAN_POINT('',(-32.997932175,-29.254782156,0.296758751));
#5948=CARTESIAN_POINT('',(-33.810988082,-30.562940816,0.437373183));
#5949=CARTESIAN_POINT('',(-33.762721677,-32.099644227,0.577987615));
#5950=CARTESIAN_POINT('',(-32.864215415,-33.355832692,0.718602047));
#5951=CARTESIAN_POINT('',(-31.428337823,-33.891162408,0.859216479));
#5952=CARTESIAN_POINT('',(-29.528564277,-33.469621603,1.036286504));
#5953=CARTESIAN_POINT('',(-28.237985657,-31.256144016,1.249812123));
#5954=CARTESIAN_POINT('',(-29.748307377,-28.639901807,1.499793335));
#5955=CARTESIAN_POINT('',(-32.494629858,-28.648556887,1.72894278));
#5956=CARTESIAN_POINT('',(-33.928288848,-30.533147547,1.937260457));
#5957=CARTESIAN_POINT('',(-33.655949936,-32.632661184,2.124746366));
#5958=CARTESIAN_POINT('',(-31.97060538,-33.930965486,2.312232275));
#5959=CARTESIAN_POINT('',(-29.865634973,-33.654288661,2.499718184));
#5960=CARTESIAN_POINT('',(-28.570169281,-31.971917377,2.687204093));
#5961=CARTESIAN_POINT('',(-28.845009537,-29.865375033,2.874690003));
#5962=CARTESIAN_POINT('',(-30.52802787,-28.570580679,3.062175912));
#5963=CARTESIAN_POINT('',(-32.634240822,-28.84459374,3.249661821));
#5964=CARTESIAN_POINT('',(-33.929317178,-30.528002082,3.43714773));
#5965=CARTESIAN_POINT('',(-33.655712538,-32.633497727,3.624633639));
#5966=CARTESIAN_POINT('',(-31.971969277,-33.93007962,3.812119549));
#5967=CARTESIAN_POINT('',(-30.218332436,-33.700109667,3.968357806));
#5968=CARTESIAN_POINT('',(-29.217377318,-32.815051398,4.093348412));
#5969=CARTESIAN_POINT('',(-28.617684426,-31.621416098,4.218339018));
#5970=CARTESIAN_POINT('',(-28.843351918,-29.8667186,4.374577276));
#5971=CARTESIAN_POINT('',(-30.526955587,-28.570975511,4.562063185));
#5972=CARTESIAN_POINT('',(-32.632978098,-28.843831879,4.749549095));
#5973=CARTESIAN_POINT('',(-33.92904013,-30.527034203,4.937035004));
#5974=CARTESIAN_POINT('',(-33.656419036,-32.632445545,5.124520913));
#5975=CARTESIAN_POINT('',(-31.973406642,-33.929514078,5.312006822));
#5976=CARTESIAN_POINT('',(-29.868118368,-33.655349912,5.499492731));
#5977=CARTESIAN_POINT('',(-28.570061794,-31.975811881,5.68697864));
#5978=CARTESIAN_POINT('',(-28.845407229,-29.864668485,5.87446455));
#5979=CARTESIAN_POINT('',(-30.51539562,-28.581296587,6.061186607));
#5980=CARTESIAN_POINT('',(-31.916080863,-28.745884827,6.185413361));
#5981=CARTESIAN_POINT('',(-32.477584947,-29.06321966,6.247144812));
#5982=CARTESIAN_POINT('',(-29.788840123,-28.70357772,-0.249468445));
#5983=CARTESIAN_POINT('',(-29.843982922,-28.671833019,-0.244291816));
#5984=CARTESIAN_POINT('',(-30.408847579,-28.370969163,-0.19224371));
#5985=CARTESIAN_POINT('',(-31.66257068,-28.167012302,-0.093324126));
#5986=CARTESIAN_POINT('',(-33.306247336,-28.915157268,0.047290306));
#5987=CARTESIAN_POINT('',(-34.255879158,-30.451980362,0.187904738));
#5988=CARTESIAN_POINT('',(-34.194568752,-32.254229332,0.32851917));
#5989=CARTESIAN_POINT('',(-33.136871291,-33.72486336,0.469133602));
#5990=CARTESIAN_POINT('',(-31.451096173,-34.348359642,0.609748034));
#5991=CARTESIAN_POINT('',(-29.224143855,-33.848127481,0.786818059));
#5992=CARTESIAN_POINT('',(-27.717195507,-31.247995638,1.000343678));
#5993=CARTESIAN_POINT('',(-29.496648104,-28.184029352,1.25032489));
#5994=CARTESIAN_POINT('',(-32.717778878,-28.202577053,1.479474335));
#5995=CARTESIAN_POINT('',(-34.393551372,-30.417395223,1.687792011));
#5996=CARTESIAN_POINT('',(-34.067707654,-32.879077177,1.875277921));
#5997=CARTESIAN_POINT('',(-32.086998463,-34.396703212,2.06276383));
#5998=CARTESIAN_POINT('',(-29.618929419,-34.065752724,2.250249739));
#5999=CARTESIAN_POINT('',(-28.104623766,-32.088541464,2.437735648));
#6000=CARTESIAN_POINT('',(-28.433424916,-29.618622004,2.625221557));
#6001=CARTESIAN_POINT('',(-30.411393065,-28.105106366,2.812707467));
#6002=CARTESIAN_POINT('',(-32.8809287,-28.432935854,3.000193376));
#6003=CARTESIAN_POINT('',(-34.394773911,-30.411362754,3.187679285));
#6004=CARTESIAN_POINT('',(-34.06742565,-32.880057654,3.375165194));
#6005=CARTESIAN_POINT('',(-32.088601308,-34.395668872,3.562651103));
#6006=CARTESIAN_POINT('',(-30.032467581,-34.120573379,3.718889361));
#6007=CARTESIAN_POINT('',(-28.861155217,-33.079431042,3.843879967));
#6008=CARTESIAN_POINT('',(-28.16142459,-31.677584222,3.968870573));
#6009=CARTESIAN_POINT('',(-28.431477823,-29.620193736,4.125108831));
#6010=CARTESIAN_POINT('',(-30.41013366,-28.10556539,4.31259474));
#6011=CARTESIAN_POINT('',(-32.879450254,-28.432038581,4.500080649));
#6012=CARTESIAN_POINT('',(-34.394451188,-30.410226781,4.687566558));
#6013=CARTESIAN_POINT('',(-34.068258568,-32.878826002,4.875052468));
#6014=CARTESIAN_POINT('',(-32.090288425,-34.395009155,5.062538377));
#6015=CARTESIAN_POINT('',(-29.621839065,-34.067005391,5.250024286));
#6016=CARTESIAN_POINT('',(-28.104485568,-32.093108452,5.437510195));
#6017=CARTESIAN_POINT('',(-28.433893884,-29.617795432,5.624996104));
#6018=CARTESIAN_POINT('',(-30.396544107,-28.11763568,5.811718162));
#6019=CARTESIAN_POINT('',(-32.038901682,-28.314964187,5.935944916));
#6020=CARTESIAN_POINT('',(-32.696518458,-28.688882749,5.997676367));
#6021=CARTESIAN_POINT('',(-29.577545209,-28.325954883,-0.499133819));
#6022=CARTESIAN_POINT('',(-29.640865599,-28.289619368,-0.49395719));
#6023=CARTESIAN_POINT('',(-30.289460088,-27.945312821,-0.441909083));
#6024=CARTESIAN_POINT('',(-31.728284066,-27.71329224,-0.3429895));
#6025=CARTESIAN_POINT('',(-33.613018061,-28.574316922,-0.202375068));
#6026=CARTESIAN_POINT('',(-34.700161986,-30.339151781,-0.061760636));
#6027=CARTESIAN_POINT('',(-34.626946477,-32.406922228,0.078853796));
#6028=CARTESIAN_POINT('',(-33.411022315,-34.092617338,0.219468228));
#6029=CARTESIAN_POINT('',(-31.475801743,-34.8053223,0.36008266));
#6030=CARTESIAN_POINT('',(-28.921433234,-34.227819216,0.537152685));
#6031=CARTESIAN_POINT('',(-27.196526744,-31.242076575,0.750678304));
#6032=CARTESIAN_POINT('',(-29.243116561,-27.729369036,1.000659516));
#6033=CARTESIAN_POINT('',(-32.938954224,-27.755778736,1.229808961));
#6034=CARTESIAN_POINT('',(-34.858179983,-30.299688291,1.438126638));
#6035=CARTESIAN_POINT('',(-34.480393142,-33.12365957,1.625612547));
#6036=CARTESIAN_POINT('',(-32.205347895,-34.861802933,1.813098456));
#6037=CARTESIAN_POINT('',(-29.37405637,-34.478147446,2.000584365));
#6038=CARTESIAN_POINT('',(-27.63971715,-32.207120118,2.188070274));
#6039=CARTESIAN_POINT('',(-28.020909489,-29.373702507,2.375556184));
#6040=CARTESIAN_POINT('',(-30.29280399,-27.640270667,2.563042093));
#6041=CARTESIAN_POINT('',(-33.12578276,-28.02034772,2.750528002));
#6042=CARTESIAN_POINT('',(-34.859592011,-30.292768914,2.938013911));
#6043=CARTESIAN_POINT('',(-34.480068452,-33.12478409,3.12549982));
#6044=CARTESIAN_POINT('',(-32.207188431,-34.860618476,3.312985729));
#6045=CARTESIAN_POINT('',(-29.848455319,-34.541706514,3.469223987));
#6046=CARTESIAN_POINT('',(-28.506170111,-33.345253222,3.594214593));
#6047=CARTESIAN_POINT('',(-27.705544192,-31.735685693,3.719205199));
#6048=CARTESIAN_POINT('',(-28.018672388,-29.375502382,3.875443457));
#6049=CARTESIAN_POINT('',(-30.291358469,-27.640795683,4.062929366));
#6050=CARTESIAN_POINT('',(-33.124087727,-28.019315776,4.250415275));
#6051=CARTESIAN_POINT('',(-34.859223852,-30.29146496,4.437901185));
#6052=CARTESIAN_POINT('',(-34.481025629,-33.123372118,4.625387094));
#6053=CARTESIAN_POINT('',(-32.209125467,-34.859864557,4.812873003));
#6054=CARTESIAN_POINT('',(-29.377392798,-34.47958922,5.000358912));
#6055=CARTESIAN_POINT('',(-27.63955141,-32.212360212,5.187844821));
#6056=CARTESIAN_POINT('',(-28.021448733,-29.37275446,5.37533073));
#6057=CARTESIAN_POINT('',(-30.275746553,-27.654623256,5.562052788));
#6058=CARTESIAN_POINT('',(-32.159844071,-27.883648801,5.686279542));
#6059=CARTESIAN_POINT('',(-32.913786473,-28.313723025,5.748010993));
#6060=CARTESIAN_POINT('',(-29.365897787,-27.948542876,-0.748816372));
#6061=CARTESIAN_POINT('',(-29.437391188,-27.907608913,-0.743639743));
#6062=CARTESIAN_POINT('',(-30.169671995,-27.519781416,-0.691591637));
#6063=CARTESIAN_POINT('',(-31.793565146,-27.259522262,-0.592672053));
#6064=CARTESIAN_POINT('',(-33.919456981,-28.233194848,-0.452057621));
#6065=CARTESIAN_POINT('',(-35.144325584,-30.225904727,-0.311443189));
#6066=CARTESIAN_POINT('',(-35.059457232,-32.559200718,-0.170828757));
#6067=CARTESIAN_POINT('',(-33.685514764,-34.460101053,-0.030214325));
#6068=CARTESIAN_POINT('',(-31.500940205,-35.262249123,0.110400107));
#6069=CARTESIAN_POINT('',(-28.6190913,-34.607787355,0.287470132));
#6070=CARTESIAN_POINT('',(-26.675866414,-31.236652012,0.500995751));
#6071=CARTESIAN_POINT('',(-28.989160699,-27.274961487,0.750976963));
#6072=CARTESIAN_POINT('',(-33.159699462,-27.308783116,0.980126408));
#6073=CARTESIAN_POINT('',(-35.322684499,-30.181543442,1.188444085));
#6074=CARTESIAN_POINT('',(-34.893298919,-33.367843845,1.375929994));
#6075=CARTESIAN_POINT('',(-32.324135652,-35.326777536,1.563415903));
#6076=CARTESIAN_POINT('',(-29.129581182,-34.890763253,1.750901812));
#6077=CARTESIAN_POINT('',(-27.174935859,-32.326136613,1.938387721));
#6078=CARTESIAN_POINT('',(-27.608172937,-29.12918115,2.12587363));
#6079=CARTESIAN_POINT('',(-30.173777141,-27.175560201,2.31335954));
#6080=CARTESIAN_POINT('',(-33.370238612,-27.607538609,2.500845449));
#6081=CARTESIAN_POINT('',(-35.324284877,-30.173737211,2.688331358));
#6082=CARTESIAN_POINT('',(-34.892932103,-33.369112444,2.875817267));
#6083=CARTESIAN_POINT('',(-32.326213555,-35.325442516,3.063303176));
#6084=CARTESIAN_POINT('',(-29.664847508,-34.963003245,3.219541434));
#6085=CARTESIAN_POINT('',(-28.151446868,-33.611404818,3.34453204));
#6086=CARTESIAN_POINT('',(-27.249732058,-31.794218199,3.469522646));
#6087=CARTESIAN_POINT('',(-27.605645538,-29.131209029,3.625760904));
#6088=CARTESIAN_POINT('',(-30.172145784,-27.176151726,3.813246813));
#6089=CARTESIAN_POINT('',(-33.368326759,-27.60637213,4.000732722));
#6090=CARTESIAN_POINT('',(-35.323871435,-30.172265289,4.188218631));
#6091=CARTESIAN_POINT('',(-34.894012924,-33.367519905,4.375704541));
#6092=CARTESIAN_POINT('',(-32.328400615,-35.3245945,4.56319045));
#6093=CARTESIAN_POINT('',(-29.133344511,-34.892393583,4.750676359));
#6094=CARTESIAN_POINT('',(-27.174743305,-32.332050051,4.938162268));
#6095=CARTESIAN_POINT('',(-27.608782198,-29.128111171,5.125648177));
#6096=CARTESIAN_POINT('',(-30.154512945,-27.191738419,5.312370235));
#6097=CARTESIAN_POINT('',(-32.280374011,-27.452230621,5.436596989));
#6098=CARTESIAN_POINT('',(-33.130692697,-27.938367495,5.49832844));
#6099=B_SPLINE_SURFACE_WITH_KNOTS('',3,3,((#5943,#5944,#5945,#5946,#5947,#5948,#5949,#5950,#5951,#5952,#5953,#5954,#5955,#5956,#5957,#5958,#5959,#5960,#5961,#5962,#5963,#5964,#5965,#5966,#5967,#5968,
#5969,#5970,#5971,#5972,#5973,#5974,#5975,#5976,#5977,#5978,#5979,#5980,#5981),(#5982,#5983,#5984,#5985,#5986,#5987,#5988,#5989,#5990,#5991,#5992,#5993,#5994,#5995,#5996,#5997,#5998,#5999,#6000,#6001,#6002,#6003,#6004,#6005,#6006,#6007,
#6008,#6009,#6010,#6011,#6012,#6013,#6014,#6015,#6016,#6017,#6018,#6019,#6020),(#6021,#6022,#6023,#6024,#6025,#6026,#6027,#6028,#6029,#6030,#6031,#6032,#6033,#6034,#6035,#6036,#6037,#6038,#6039,#6040,#6041,#6042,#6043,#6044,#6045,#6046,
#6047,#6048,#6049,#6050,#6051,#6052,#6053,#6054,#6055,#6056,#6057,#6058,#6059),(#6060,#6061,#6062,#6063,#6064,#6065,#6066,#6067,#6068,#6069,#6070,#6071,#6072,#6073,#6074,#6075,#6076,#6077,#6078,#6079,#6080,#6081,#6082,#6083,#6084,#6085,
#6086,#6087,#6088,#6089,#6090,#6091,#6092,#6093,#6094,#6095,#6096,#6097,#6098)),.UNSPECIFIED.,.F.,.F.,.U.,(4,4),(4,1,1,1,1,1,1,1,1,1,1,1,1,1,1,1,1,1,1,1,1,1,1,1,1,1,
1,1,1,1,1,1,1,1,1,1,4),(0.170679769,0.320537433),(7.339034499,7.40408594,7.993090295,8.58209465,9.171099005,9.76010336,10.349107715,10.93811207,11.527116425,12.574235278,13.621354131,14.668472984,15.453812124,16.239151264,17.024490404,17.809829544,18.595168684,19.380507824,20.165846964,20.951186104,21.736525244,22.521864384,23.307203524,24.092542664,24.485212234,24.877881804,
25.663220944,26.448560083,27.233899223,28.019238363,28.804577503,29.589916643,30.375255783,31.160594923,31.945934063,32.731273203,33.507013496),.UNSPECIFIED.);
#6100=ORIENTED_EDGE('',*,*,#1488,.T.);
#6101=ORIENTED_EDGE('',*,*,#5937,.T.);
#6102=ORIENTED_EDGE('',*,*,#880,.T.);
#6103=ORIENTED_EDGE('',*,*,#5761,.F.);
#6104=EDGE_LOOP('',(#6100,#6101,#6102,#6103));
#6105=FACE_BOUND('',#6104,.T.);
#6106=ADVANCED_FACE('',(#6105),#6099,.F.);
#6107=CARTESIAN_POINT('',(-33.150574189,-22.042001671,-0.000009183));
#6108=CARTESIAN_POINT('',(-33.079244059,-22.083316794,0.005170507));
#6109=CARTESIAN_POINT('',(-32.348859311,-22.474808029,0.057221674));
#6110=CARTESIAN_POINT('',(-30.726225101,-22.743125885,0.156144319));
#6111=CARTESIAN_POINT('',(-28.595534633,-21.779999483,0.296758751));
#6112=CARTESIAN_POINT('',(-27.360796973,-19.793396693,0.437373183));
#6113=CARTESIAN_POINT('',(-27.434102594,-17.459692584,0.577987615));
#6114=CARTESIAN_POINT('',(-28.798594133,-15.552028393,0.718602046));
#6115=CARTESIAN_POINT('',(-30.979175959,-14.739026245,0.859216478));
#6116=CARTESIAN_POINT('',(-33.864226126,-15.379226404,1.036286504));
#6117=CARTESIAN_POINT('',(-35.824125492,-18.740666285,1.249812122));
#6118=CARTESIAN_POINT('',(-33.530544388,-22.713765558,1.499793335));
#6119=CARTESIAN_POINT('',(-29.359848985,-22.700660567,1.728942779));
#6120=CARTESIAN_POINT('',(-27.182673726,-19.838627485,1.937260456));
#6121=CARTESIAN_POINT('',(-27.596233959,-16.650248476,2.124746365));
#6122=CARTESIAN_POINT('',(-30.155670524,-14.678597545,2.312232275));
#6123=CARTESIAN_POINT('',(-33.352339592,-15.098767942,2.499718184));
#6124=CARTESIAN_POINT('',(-35.319680013,-17.653673144,2.687204093));
#6125=CARTESIAN_POINT('',(-34.902296757,-20.852736448,2.874690002));
#6126=CARTESIAN_POINT('',(-32.346411051,-22.819054317,3.062175911));
#6127=CARTESIAN_POINT('',(-29.1478458,-22.402928809,3.24966182));
#6128=CARTESIAN_POINT('',(-27.181102384,-19.846449335,3.43714773));
#6129=CARTESIAN_POINT('',(-27.596603298,-16.648976202,3.624633639));
#6130=CARTESIAN_POINT('',(-30.153599705,-14.679939956,3.812119548));
#6131=CARTESIAN_POINT('',(-32.816712847,-15.029191287,3.968357806));
#6132=CARTESIAN_POINT('',(-34.336819112,-16.373254604,4.093348412));
#6133=CARTESIAN_POINT('',(-35.247507224,-18.185958886,4.218339018));
#6134=CARTESIAN_POINT('',(-34.904824797,-20.850703042,4.374577276));
#6135=CARTESIAN_POINT('',(-32.348033013,-22.818449542,4.562063185));
#6136=CARTESIAN_POINT('',(-29.14976518,-22.404085173,4.749549094));
#6137=CARTESIAN_POINT('',(-27.181528379,-19.847920551,4.937035003));
#6138=CARTESIAN_POINT('',(-27.595523189,-16.650572103,5.124520912));
#6139=CARTESIAN_POINT('',(-30.15141566,-14.680802705,5.312006822));
#6140=CARTESIAN_POINT('',(-33.348569222,-15.097156163,5.499492731));
#6141=CARTESIAN_POINT('',(-35.319841841,-17.647757775,5.68697864));
#6142=CARTESIAN_POINT('',(-34.901693892,-20.853814499,5.874464549));
#6143=CARTESIAN_POINT('',(-32.355225459,-22.810748228,6.061950458));
#6144=CARTESIAN_POINT('',(-30.209502706,-22.549366126,6.18710304));
#6145=CARTESIAN_POINT('',(-29.349731603,-22.050289442,6.249760318));
#6146=CARTESIAN_POINT('',(-29.347510447,-22.048996824,6.249922293));
#6147=CARTESIAN_POINT('',(-32.931421826,-21.668897587,-0.249691735));
#6148=CARTESIAN_POINT('',(-32.868175891,-21.705448924,-0.244512046));
#6149=CARTESIAN_POINT('',(-32.220596192,-22.051753259,-0.192460878));
#6150=CARTESIAN_POINT('',(-30.782436537,-22.288143099,-0.093538234));
#6151=CARTESIAN_POINT('',(-28.895103892,-21.43282956,0.047076198));
#6152=CARTESIAN_POINT('',(-27.802612108,-19.671306517,0.18769063));
#6153=CARTESIAN_POINT('',(-27.869566075,-17.603309309,0.328305062));
#6154=CARTESIAN_POINT('',(-29.080367085,-15.913958852,0.468919494));
#6155=CARTESIAN_POINT('',(-31.013428623,-15.195361943,0.609533925));
#6156=CARTESIAN_POINT('',(-33.569527932,-15.765152783,0.786603951));
#6157=CARTESIAN_POINT('',(-35.303463466,-18.745633963,1.00012957));
#6158=CARTESIAN_POINT('',(-33.267566324,-22.264519763,1.250110782));
#6159=CARTESIAN_POINT('',(-29.571630865,-22.249344375,1.479260226));
#6160=CARTESIAN_POINT('',(-27.644725303,-19.711237005,1.687577903));
#6161=CARTESIAN_POINT('',(-28.013934105,-16.886142176,1.875063812));
#6162=CARTESIAN_POINT('',(-30.283713476,-15.141108933,2.062549722));
#6163=CARTESIAN_POINT('',(-33.116149241,-15.516180971,2.250035631));
#6164=CARTESIAN_POINT('',(-34.857366329,-17.78194249,2.43752154));
#6165=CARTESIAN_POINT('',(-34.484762233,-20.616501552,2.625007449));
#6166=CARTESIAN_POINT('',(-32.218132631,-22.356812101,2.812493358));
#6167=CARTESIAN_POINT('',(-29.384013901,-21.985322692,2.999979268));
#6168=CARTESIAN_POINT('',(-27.643326701,-19.71816687,3.187465177));
#6169=CARTESIAN_POINT('',(-28.01426176,-16.885014935,3.374951086));
#6170=CARTESIAN_POINT('',(-30.281877475,-15.142297197,3.562436995));
#6171=CARTESIAN_POINT('',(-32.641552214,-15.454065994,3.718675253));
#6172=CARTESIAN_POINT('',(-33.98747756,-16.646434327,3.843665859));
#6173=CARTESIAN_POINT('',(-34.792953483,-18.25357647,3.968656465));
#6174=CARTESIAN_POINT('',(-34.487005023,-20.614702591,4.124894723));
#6175=CARTESIAN_POINT('',(-32.219570204,-22.356276913,4.312380632));
#6176=CARTESIAN_POINT('',(-29.385713985,-21.986349222,4.499866541));
#6177=CARTESIAN_POINT('',(-27.643702406,-19.719470965,4.68735245));
#6178=CARTESIAN_POINT('',(-28.013303962,-16.88642859,4.874838359));
#6179=CARTESIAN_POINT('',(-30.279941041,-15.143059245,5.062324269));
#6180=CARTESIAN_POINT('',(-33.112809474,-15.514749697,5.249810178));
#6181=CARTESIAN_POINT('',(-34.857514693,-17.776700186,5.437296087));
#6182=CARTESIAN_POINT('',(-34.484227217,-20.617457085,5.624781996));
#6183=CARTESIAN_POINT('',(-32.22595099,-22.349458501,5.812267905));
#6184=CARTESIAN_POINT('',(-30.324697678,-22.115997439,5.937420487));
#6185=CARTESIAN_POINT('',(-29.56322,-21.672996406,6.000077765));
#6186=CARTESIAN_POINT('',(-29.561252781,-21.671849029,6.00023974));
#6187=CARTESIAN_POINT('',(-32.711909631,-21.295991561,-0.499357109));
#6188=CARTESIAN_POINT('',(-32.656743586,-21.327771315,-0.494177419));
#6189=CARTESIAN_POINT('',(-32.091928256,-21.628808976,-0.442126252));
#6190=CARTESIAN_POINT('',(-30.838217743,-21.833094919,-0.343203608));
#6191=CARTESIAN_POINT('',(-29.194351674,-21.085366192,-0.202589176));
#6192=CARTESIAN_POINT('',(-28.244323106,-19.548793869,-0.061974744));
#6193=CARTESIAN_POINT('',(-28.305177366,-17.746516677,0.078639688));
#6194=CARTESIAN_POINT('',(-29.362490937,-16.275631473,0.21925412));
#6195=CARTESIAN_POINT('',(-31.048115168,-15.651677364,0.359868552));
#6196=CARTESIAN_POINT('',(-33.275188306,-16.151368612,0.536938577));
#6197=CARTESIAN_POINT('',(-34.78279209,-18.751096099,0.750464196));
#6198=CARTESIAN_POINT('',(-33.004155183,-21.815511354,1.000445408));
#6199=CARTESIAN_POINT('',(-29.782989964,-21.797815574,1.229594853));
#6200=CARTESIAN_POINT('',(-28.106668614,-19.583404473,1.437912529));
#6201=CARTESIAN_POINT('',(-28.431868649,-17.121645879,1.625398439));
#6202=CARTESIAN_POINT('',(-30.412198965,-15.603511037,1.812884348));
#6203=CARTESIAN_POINT('',(-32.880348549,-15.933829199,2.000370257));
#6204=CARTESIAN_POINT('',(-34.395162183,-17.910653891,2.187856166));
#6205=CARTESIAN_POINT('',(-34.066992444,-20.380656596,2.375342075));
#6206=CARTESIAN_POINT('',(-32.089412236,-21.894679331,2.562827985));
#6207=CARTESIAN_POINT('',(-29.619791981,-21.567481457,2.750313894));
#6208=CARTESIAN_POINT('',(-28.105441584,-19.58944234,2.937799803));
#6209=CARTESIAN_POINT('',(-28.432155191,-17.120663771,3.125285712));
#6210=CARTESIAN_POINT('',(-30.410597493,-15.604544675,3.312771621));
#6211=CARTESIAN_POINT('',(-32.466789838,-15.879118693,3.469009879));
#6212=CARTESIAN_POINT('',(-33.63838589,-16.919952632,3.594000485));
#6213=CARTESIAN_POINT('',(-34.338452503,-18.321627315,3.718991091));
#6214=CARTESIAN_POINT('',(-34.068949726,-20.379091873,3.875229349));
#6215=CARTESIAN_POINT('',(-32.090665654,-21.894214284,4.062715258));
#6216=CARTESIAN_POINT('',(-29.621272535,-21.568378268,4.250201167));
#6217=CARTESIAN_POINT('',(-28.105767162,-19.590579362,4.437687076));
#6218=CARTESIAN_POINT('',(-28.431319099,-17.121894865,4.625172986));
#6219=CARTESIAN_POINT('',(-30.408908742,-15.605206157,4.812658895));
#6220=CARTESIAN_POINT('',(-32.877439536,-15.932577874,5.000144804));
#6221=CARTESIAN_POINT('',(-34.395297783,-17.90608493,5.187630713));
#6222=CARTESIAN_POINT('',(-34.066525069,-20.38148912,5.375116622));
#6223=CARTESIAN_POINT('',(-32.09623531,-21.888279499,5.562602532));
#6224=CARTESIAN_POINT('',(-30.439484593,-21.68250812,5.687755113));
#6225=CARTESIAN_POINT('',(-29.776356176,-21.295490878,5.750412391));
#6226=CARTESIAN_POINT('',(-29.774643038,-21.294488507,5.750574366));
#6227=CARTESIAN_POINT('',(-32.490740581,-20.923918757,-0.748825554));
#6228=CARTESIAN_POINT('',(-32.443636308,-20.950891022,-0.743645865));
#6229=CARTESIAN_POINT('',(-31.961415192,-21.206295246,-0.691594697));
#6230=CARTESIAN_POINT('',(-30.892068702,-21.377679422,-0.592672053));
#6231=CARTESIAN_POINT('',(-29.492198203,-20.736524779,-0.452057621));
#6232=CARTESIAN_POINT('',(-28.685635177,-19.424357517,-0.311443189));
#6233=CARTESIAN_POINT('',(-28.741524338,-17.887901767,-0.170828757));
#6234=CARTESIAN_POINT('',(-29.646241359,-16.636199736,-0.030214325));
#6235=CARTESIAN_POINT('',(-31.084762876,-16.107973967,0.110400106));
#6236=CARTESIAN_POINT('',(-32.982417643,-16.538951264,0.287470132));
#6237=CARTESIAN_POINT('',(-34.261995909,-18.758787304,0.500995751));
#6238=CARTESIAN_POINT('',(-32.738749828,-21.367501655,0.750976963));
#6239=CARTESIAN_POINT('',(-29.992477405,-21.345256032,0.980126407));
#6240=CARTESIAN_POINT('',(-28.568197098,-19.453559515,1.188444084));
#6241=CARTESIAN_POINT('',(-28.850927062,-17.355429163,1.375929993));
#6242=CARTESIAN_POINT('',(-30.542699151,-16.065494403,1.563415903));
#6243=CARTESIAN_POINT('',(-32.646266752,-16.352604086,1.750901812));
#6244=CARTESIAN_POINT('',(-33.933377926,-18.041378295,1.938387721));
#6245=CARTESIAN_POINT('',(-33.648095701,-20.14653155,2.12587363));
#6246=CARTESIAN_POINT('',(-31.958679188,-21.432966194,2.313359539));
#6247=CARTESIAN_POINT('',(-29.853849785,-21.148513794,2.500845449));
#6248=CARTESIAN_POINT('',(-28.567136866,-19.458704909,2.688331358));
#6249=CARTESIAN_POINT('',(-28.851174417,-17.354592603,2.875817267));
#6250=CARTESIAN_POINT('',(-30.541331178,-16.066371592,3.063303176));
#6251=CARTESIAN_POINT('',(-32.293794956,-16.305040636,3.219541434));
#6252=CARTESIAN_POINT('',(-33.290364936,-17.195040824,3.34453204));
#6253=CARTESIAN_POINT('',(-33.884115885,-18.391641636,3.469522646));
#6254=CARTESIAN_POINT('',(-33.649767,-20.145200848,3.625760904));
#6255=CARTESIAN_POINT('',(-31.959749191,-21.432573257,3.813246813));
#6256=CARTESIAN_POINT('',(-29.855109881,-21.149281502,4.000732722));
#6257=CARTESIAN_POINT('',(-28.567412571,-19.459675064,4.188218631));
#6258=CARTESIAN_POINT('',(-28.850457978,-17.355639944,4.37570454));
#6259=CARTESIAN_POINT('',(-30.539890214,-16.066932563,4.56319045));
#6260=CARTESIAN_POINT('',(-32.643789305,-16.351530454,4.750676359));
#6261=CARTESIAN_POINT('',(-33.933503799,-18.037483678,4.938162268));
#6262=CARTESIAN_POINT('',(-33.647695207,-20.147239456,5.125648177));
#6263=CARTESIAN_POINT('',(-31.964510408,-21.427525586,5.313134086));
#6264=CARTESIAN_POINT('',(-30.552450448,-21.248405728,5.438286668));
#6265=CARTESIAN_POINT('',(-29.987938618,-20.916967294,5.500943946));
#6266=CARTESIAN_POINT('',(-29.986480254,-20.91610888,5.501105921));
#6267=B_SPLINE_SURFACE_WITH_KNOTS('',3,3,((#6107,#6108,#6109,#6110,#6111,#6112,#6113,#6114,#6115,#6116,#6117,#6118,#6119,#6120,#6121,#6122,#6123,#6124,#6125,#6126,#6127,#6128,#6129,#6130,#6131,#6132,
#6133,#6134,#6135,#6136,#6137,#6138,#6139,#6140,#6141,#6142,#6143,#6144,#6145,#6146),(#6147,#6148,#6149,#6150,#6151,#6152,#6153,#6154,#6155,#6156,#6157,#6158,#6159,#6160,#6161,#6162,#6163,#6164,#6165,#6166,#6167,#6168,#6169,#6170,#6171,#6172,
#6173,#6174,#6175,#6176,#6177,#6178,#6179,#6180,#6181,#6182,#6183,#6184,#6185,#6186),(#6187,#6188,#6189,#6190,#6191,#6192,#6193,#6194,#6195,#6196,#6197,#6198,#6199,#6200,#6201,#6202,#6203,#6204,#6205,#6206,#6207,#6208,#6209,#6210,#6211,#6212,
#6213,#6214,#6215,#6216,#6217,#6218,#6219,#6220,#6221,#6222,#6223,#6224,#6225,#6226),(#6227,#6228,#6229,#6230,#6231,#6232,#6233,#6234,#6235,#6236,#6237,#6238,#6239,#6240,#6241,#6242,#6243,#6244,#6245,#6246,#6247,#6248,#6249,#6250,#6251,#6252,
#6253,#6254,#6255,#6256,#6257,#6258,#6259,#6260,#6261,#6262,#6263,#6264,#6265,#6266)),.UNSPECIFIED.,.F.,.F.,.U.,(4,4),(4,1,1,1,1,1,1,1,1,1,1,1,1,1,1,1,1,1,1,1,1,1,1,1,1,1,
1,1,1,1,1,1,1,1,1,1,1,4),(-0.043409303,0.10644836),(10.468243376,10.533333278,11.122337633,11.711341988,12.300346343,12.889350698,13.478355053,14.067359408,14.656363763,15.703482616,16.750601469,17.797720323,18.583059463,19.368398603,20.153737742,20.939076882,21.724416022,22.509755162,23.295094302,24.080433442,24.865772582,25.651111722,26.436450862,27.221790002,27.614459572,28.007129142,
28.792468282,29.577807422,30.363146562,31.148485702,31.933824842,32.719163981,33.504503121,34.289842261,35.075181401,35.860520541,36.645859681,36.647895121),.UNSPECIFIED.);
#6268=ORIENTED_EDGE('',*,*,#1330,.T.);
#6269=CARTESIAN_POINT('',(-29.986480254,-20.916108881,5.501105921));
#6270=CARTESIAN_POINT('',(-30.505021989,-21.21894057,5.442440429));
#6271=CARTESIAN_POINT('',(-31.13912314,-21.320720992,5.386189954));
#6272=CARTESIAN_POINT('',(-31.728206339,-21.207653636,5.329519768));
#6273=CARTESIAN_POINT('',(-32.317289539,-21.094586279,5.272849583));
#6274=CARTESIAN_POINT('',(-32.86079717,-20.755158616,5.21460046));
#6275=CARTESIAN_POINT('',(-33.230225779,-20.281771163,5.157181773));
#6276=CARTESIAN_POINT('',(-33.599654387,-19.808383711,5.099763086));
#6277=CARTESIAN_POINT('',(-33.782118458,-19.195643819,5.042815822));
#6278=CARTESIAN_POINT('',(-33.747835052,-18.595912295,4.985359226));
#6279=CARTESIAN_POINT('',(-33.730693349,-18.296046533,4.956630928));
#6280=CARTESIAN_POINT('',(-33.658743546,-18.000135574,4.928096889));
#6281=CARTESIAN_POINT('',(-33.534741531,-17.72657691,4.899435513));
#6282=CARTESIAN_POINT('',(-33.410739516,-17.453018245,4.870774137));
#6283=CARTESIAN_POINT('',(-33.236938773,-17.20128155,4.842099657));
#6284=CARTESIAN_POINT('',(-33.025699308,-16.987294013,4.813434407));
#6285=CARTESIAN_POINT('',(-32.814459843,-16.773306476,4.784769158));
#6286=CARTESIAN_POINT('',(-32.565569057,-16.597526711,4.756270761));
#6287=CARTESIAN_POINT('',(-32.292348486,-16.473635216,4.727653303));
#6288=CARTESIAN_POINT('',(-32.019127915,-16.349743721,4.699035845));
#6289=CARTESIAN_POINT('',(-31.722656456,-16.27586272,4.670295869));
#6290=CARTESIAN_POINT('',(-31.422662835,-16.254540066,4.641569891));
#6291=CARTESIAN_POINT('',(-31.122669214,-16.233217413,4.612843914));
#6292=CARTESIAN_POINT('',(-30.819140059,-16.264474786,4.584198897));
#6293=CARTESIAN_POINT('',(-30.531909212,-16.350944203,4.555537926));
#6294=CARTESIAN_POINT('',(-30.244678365,-16.43741362,4.526876956));
#6295=CARTESIAN_POINT('',(-29.9734675,-16.577885941,4.498243573));
#6296=CARTESIAN_POINT('',(-29.734146467,-16.760166789,4.469619137));
#6297=CARTESIAN_POINT('',(-29.494825433,-16.942447637,4.440994702));
#6298=CARTESIAN_POINT('',(-29.287411969,-17.166563073,4.412363028));
#6299=CARTESIAN_POINT('',(-29.127803292,-17.420328678,4.383712872));
#6300=CARTESIAN_POINT('',(-28.968194615,-17.674094282,4.355062715));
#6301=CARTESIAN_POINT('',(-28.85741643,-17.958080081,4.326373961));
#6302=CARTESIAN_POINT('',(-28.798265128,-18.252907925,4.29772049));
#6303=CARTESIAN_POINT('',(-28.739113827,-18.547735768,4.26906702));
#6304=CARTESIAN_POINT('',(-28.731616691,-18.853403533,4.240395354));
#6305=CARTESIAN_POINT('',(-28.778514391,-19.149932035,4.211725105));
#6306=CARTESIAN_POINT('',(-28.825412091,-19.446460537,4.183054855));
#6307=CARTESIAN_POINT('',(-28.928511505,-19.73326642,4.154571884));
#6308=CARTESIAN_POINT('',(-29.07857712,-19.993630292,4.126074448));
#6309=CARTESIAN_POINT('',(-29.228642735,-20.253994163,4.097577012));
#6310=CARTESIAN_POINT('',(-29.425285692,-20.487905705,4.068753177));
#6311=CARTESIAN_POINT('',(-29.656113975,-20.680000035,4.03994191));
#6312=CARTESIAN_POINT('',(-29.886942257,-20.872094365,4.011130643));
#6313=CARTESIAN_POINT('',(-30.152859702,-21.020797961,3.982536957));
#6314=CARTESIAN_POINT('',(-30.437482463,-21.117082358,3.953876222));
#6315=CARTESIAN_POINT('',(-31.006727986,-21.309651151,3.896554752));
#6316=CARTESIAN_POINT('',(-31.645925402,-21.296289317,3.839426738));
#6317=CARTESIAN_POINT('',(-32.200229146,-21.066087186,3.782096997));
#6318=CARTESIAN_POINT('',(-32.754532891,-20.835885055,3.724767257));
#6319=CARTESIAN_POINT('',(-33.227386672,-20.402440767,3.667374378));
#6320=CARTESIAN_POINT('',(-33.492566942,-19.864266964,3.610058777));
#6321=CARTESIAN_POINT('',(-33.757747211,-19.326093161,3.552743177));
#6322=CARTESIAN_POINT('',(-33.823919862,-18.688309218,3.495806647));
#6323=CARTESIAN_POINT('',(-33.670526797,-18.108612273,3.438305175));
#6324=CARTESIAN_POINT('',(-33.517133732,-17.528915328,3.380803703));
#6325=CARTESIAN_POINT('',(-33.14347751,-17.007264434,3.323323481));
#6326=CARTESIAN_POINT('',(-32.646280766,-16.671517103,3.266327197));
#6327=CARTESIAN_POINT('',(-32.149084023,-16.335769772,3.209330912));
#6328=CARTESIAN_POINT('',(-31.524581655,-16.19312274,3.151675313));
#6329=CARTESIAN_POINT('',(-30.928828932,-16.267328718,3.094340637));
#6330=CARTESIAN_POINT('',(-30.33307621,-16.341534695,3.037005962));
#6331=CARTESIAN_POINT('',(-29.771004417,-16.646840357,2.979728317));
#6332=CARTESIAN_POINT('',(-29.371940038,-17.095934797,2.922442509));
#6333=CARTESIAN_POINT('',(-29.172407849,-17.320482017,2.893799605));
#6334=CARTESIAN_POINT('',(-29.014926086,-17.581100159,2.865152083));
#6335=CARTESIAN_POINT('',(-28.909688203,-17.862347593,2.836497603));
#6336=CARTESIAN_POINT('',(-28.80445032,-18.143595027,2.807843123));
#6337=CARTESIAN_POINT('',(-28.749678793,-18.44445863,2.77917902));
#6338=CARTESIAN_POINT('',(-28.748041054,-18.745089365,2.750525687));
#6339=CARTESIAN_POINT('',(-28.746403315,-19.045720101,2.721872355));
#6340=CARTESIAN_POINT('',(-28.798625923,-19.345901672,2.693284304));
#6341=CARTESIAN_POINT('',(-28.904728555,-19.626489444,2.664635616));
#6342=CARTESIAN_POINT('',(-29.010831188,-19.907077217,2.635986928));
#6343=CARTESIAN_POINT('',(-29.168652904,-20.16867613,2.607280699));
#6344=CARTESIAN_POINT('',(-29.366026513,-20.395591774,2.578629831));
#6345=CARTESIAN_POINT('',(-29.563400122,-20.622507418,2.549978963));
#6346=CARTESIAN_POINT('',(-29.800513185,-20.814549524,2.521318099));
#6347=CARTESIAN_POINT('',(-30.06495537,-20.956018954,2.492664965));
#6348=CARTESIAN_POINT('',(-30.329397556,-21.097488384,2.46401183));
#6349=CARTESIAN_POINT('',(-30.620499262,-21.189534696,2.435428288));
#6350=CARTESIAN_POINT('',(-30.918581405,-21.229447513,2.406828604));
#6351=CARTESIAN_POINT('',(-31.216663549,-21.26936033,2.37822892));
#6352=CARTESIAN_POINT('',(-31.521726562,-21.257109662,2.349593557));
#6353=CARTESIAN_POINT('',(-31.814053767,-21.18998347,2.320915885));
#6354=CARTESIAN_POINT('',(-32.106380972,-21.122857278,2.292238212));
#6355=CARTESIAN_POINT('',(-32.385675972,-20.999681048,2.263464113));
#6356=CARTESIAN_POINT('',(-32.635958782,-20.832427781,2.234780047));
#6357=CARTESIAN_POINT('',(-32.886241592,-20.665174514,2.20609598));
#6358=CARTESIAN_POINT('',(-33.107411372,-20.453772864,2.177401096));
#6359=CARTESIAN_POINT('',(-33.28339341,-20.210757388,2.148763731));
#6360=CARTESIAN_POINT('',(-33.459375449,-19.967741911,2.120126366));
#6361=CARTESIAN_POINT('',(-33.588405441,-19.69225712,2.09164366));
#6362=CARTESIAN_POINT('',(-33.665529786,-19.402268259,2.062987397));
#6363=CARTESIAN_POINT('',(-33.74265413,-19.112279398,2.034331133));
#6364=CARTESIAN_POINT('',(-33.768965316,-18.80818347,2.0057184));
#6365=CARTESIAN_POINT('',(-33.741434489,-18.509144805,1.977063503));
#6366=CARTESIAN_POINT('',(-33.713903661,-18.210106141,1.948408607));
#6367=CARTESIAN_POINT('',(-33.630212686,-17.916640935,1.919620916));
#6368=CARTESIAN_POINT('',(-33.496483463,-17.646903882,1.891044849));
#6369=CARTESIAN_POINT('',(-33.362754239,-17.37716683,1.862468781));
#6370=CARTESIAN_POINT('',(-33.181242505,-17.130395249,1.834504632));
#6371=CARTESIAN_POINT('',(-32.963194802,-16.923683859,1.806101596));
#6372=CARTESIAN_POINT('',(-32.745147099,-16.716972469,1.777698559));
#6373=CARTESIAN_POINT('',(-32.490299612,-16.551455887,1.748937866));
#6374=CARTESIAN_POINT('',(-32.212764452,-16.438750728,1.719470139));
#6375=CARTESIAN_POINT('',(-31.935229292,-16.326045568,1.690002412));
#6376=CARTESIAN_POINT('',(-31.636508181,-16.259956653,1.662259059));
#6377=CARTESIAN_POINT('',(-31.334896008,-16.249411794,1.63312979));
#6378=CARTESIAN_POINT('',(-31.033283835,-16.238866934,1.60400052));
#6379=CARTESIAN_POINT('',(-30.730256988,-16.283075014,1.574423593));
#6380=CARTESIAN_POINT('',(-30.44627947,-16.377536972,1.547437805));
#6381=CARTESIAN_POINT('',(-30.162301953,-16.471998929,1.520452017));
#6382=CARTESIAN_POINT('',(-29.897718625,-16.618072291,1.49366094));
#6383=CARTESIAN_POINT('',(-29.66750726,-16.809407707,1.46343238));
#6384=CARTESIAN_POINT('',(-29.437295894,-17.000743123,1.433203821));
#6385=CARTESIAN_POINT('',(-29.235556503,-17.23199883,1.404440534));
#6386=CARTESIAN_POINT('',(-29.083379687,-17.494235019,1.375475762));
#6387=CARTESIAN_POINT('',(-28.931202871,-17.756471208,1.346510989));
#6388=CARTESIAN_POINT('',(-28.830391295,-18.046922126,1.317518966));
#6389=CARTESIAN_POINT('',(-28.778980246,-18.342281372,1.290744389));
#6390=CARTESIAN_POINT('',(-28.727569197,-18.637640618,1.263969813));
#6391=CARTESIAN_POINT('',(-28.732808448,-18.939765056,1.234497487));
#6392=CARTESIAN_POINT('',(-28.792530137,-19.232759729,1.20427032));
#6393=CARTESIAN_POINT('',(-28.852251825,-19.525754402,1.174043153));
#6394=CARTESIAN_POINT('',(-28.963524623,-19.81110111,1.146415419));
#6395=CARTESIAN_POINT('',(-29.122761911,-20.06797401,1.117605553));
#6396=CARTESIAN_POINT('',(-29.2819992,-20.32484691,1.088795687));
#6397=CARTESIAN_POINT('',(-29.4864803,-20.553717847,1.060020774));
#6398=CARTESIAN_POINT('',(-29.723826169,-20.737773561,1.031428319));
#6399=CARTESIAN_POINT('',(-29.961172038,-20.921829274,1.002835863));
#6400=CARTESIAN_POINT('',(-30.232443042,-21.059882243,0.975009519));
#6401=CARTESIAN_POINT('',(-30.520627177,-21.145435014,0.947079255));
#6402=CARTESIAN_POINT('',(-30.808811312,-21.230987785,0.91914899));
#6403=CARTESIAN_POINT('',(-31.113074727,-21.264848558,0.890872761));
#6404=CARTESIAN_POINT('',(-31.412921861,-21.24537386,0.861257126));
#6405=CARTESIAN_POINT('',(-31.562845429,-21.235636511,0.846449309));
#6406=CARTESIAN_POINT('',(-31.711789317,-21.213165642,0.831638886));
#6407=CARTESIAN_POINT('',(-31.857547702,-21.177542351,0.816670335));
#6408=CARTESIAN_POINT('',(-32.003306087,-21.14191906,0.801701785));
#6409=CARTESIAN_POINT('',(-32.146859977,-21.095789021,0.788218786));
#6410=CARTESIAN_POINT('',(-32.283931466,-21.03449345,0.773517343));
#6411=CARTESIAN_POINT('',(-32.558074443,-20.911902307,0.744114456));
#6412=CARTESIAN_POINT('',(-32.806675077,-20.735232214,0.715308851));
#6413=CARTESIAN_POINT('',(-33.018079657,-20.521625573,0.687853017));
#6414=CARTESIAN_POINT('',(-33.440888818,-20.094412289,0.632941349));
#6415=CARTESIAN_POINT('',(-33.712395037,-19.515242649,0.575642347));
#6416=CARTESIAN_POINT('',(-33.752431012,-18.914916441,0.515834336));
#6417=CARTESIAN_POINT('',(-33.792466987,-18.314590233,0.456026324));
#6418=CARTESIAN_POINT('',(-33.598887672,-17.7051574,0.404104988));
#6419=CARTESIAN_POINT('',(-33.234532715,-17.227685905,0.346031392));
#6420=CARTESIAN_POINT('',(-33.143443975,-17.108318031,0.331512993));
#6421=CARTESIAN_POINT('',(-33.04189003,-16.997029662,0.316732484));
#6422=CARTESIAN_POINT('',(-32.931097496,-16.895889951,0.301720779));
#6423=CARTESIAN_POINT('',(-32.820304963,-16.794750239,0.286709074));
#6424=CARTESIAN_POINT('',(-32.702671439,-16.699961045,0.27404599));
#6425=CARTESIAN_POINT('',(-32.573967252,-16.622314152,0.257951841));
#6426=CARTESIAN_POINT('',(-32.509615159,-16.583490706,0.249904767));
#6427=CARTESIAN_POINT('',(-32.444845227,-16.545082038,0.243636738));
#6428=CARTESIAN_POINT('',(-32.377568546,-16.511381227,0.236379755));
#6429=CARTESIAN_POINT('',(-32.310291865,-16.477680416,0.229122772));
#6430=CARTESIAN_POINT('',(-32.241213972,-16.44772636,0.221541872));
#6431=CARTESIAN_POINT('',(-32.171405464,-16.419628178,0.214822825));
#6432=CARTESIAN_POINT('',(-32.031788447,-16.363431814,0.201384731));
#6433=CARTESIAN_POINT('',(-31.886105867,-16.32327632,0.186110387));
#6434=CARTESIAN_POINT('',(-31.738670625,-16.294590155,0.171871217));
#6435=CARTESIAN_POINT('',(-31.14892966,-16.179845496,0.114914538));
#6436=CARTESIAN_POINT('',(-30.518908542,-16.280878275,0.059215127));
#6437=CARTESIAN_POINT('',(-29.998556927,-16.582381559,0.000052736));
#6438=B_SPLINE_CURVE_WITH_KNOTS('',3,(#6269,#6270,#6271,#6272,#6273,#6274,#6275,#6276,#6277,#6278,#6279,#6280,#6281,#6282,#6283,#6284,#6285,#6286,#6287,#6288,#6289,#6290,#6291,#6292,#6293,#6294,
#6295,#6296,#6297,#6298,#6299,#6300,#6301,#6302,#6303,#6304,#6305,#6306,#6307,#6308,#6309,#6310,#6311,#6312,#6313,#6314,#6315,#6316,#6317,#6318,#6319,
#6320,#6321,#6322,#6323,#6324,#6325,#6326,#6327,#6328,#6329,#6330,#6331,#6332,#6333,#6334,#6335,#6336,#6337,#6338,#6339,#6340,#6341,#6342,#6343,#6344,
#6345,#6346,#6347,#6348,#6349,#6350,#6351,#6352,#6353,#6354,#6355,#6356,#6357,#6358,#6359,#6360,#6361,#6362,#6363,#6364,#6365,#6366,#6367,#6368,#6369,
#6370,#6371,#6372,#6373,#6374,#6375,#6376,#6377,#6378,#6379,#6380,#6381,#6382,#6383,#6384,#6385,#6386,#6387,#6388,#6389,#6390,#6391,#6392,#6393,#6394,
#6395,#6396,#6397,#6398,#6399,#6400,#6401,#6402,#6403,#6404,#6405,#6406,#6407,#6408,#6409,#6410,#6411,#6412,#6413,#6414,#6415,#6416,#6417,#6418,#6419,
#6420,#6421,#6422,#6423,#6424,#6425,#6426,#6427,#6428,#6429,#6430,#6431,#6432,#6433,#6434,#6435,#6436,#6437),.UNSPECIFIED.,.F.,.F.,(4,3,3,3,3,3,3,3,3,3,3,3,3,3,3,3,3,3,3,3,3,3,3,3,3,3,
3,3,3,3,3,3,3,3,3,3,3,3,3,3,3,3,3,3,3,3,3,3,3,3,3,
3,3,3,3,3,4),(9.773279213,9.954891934,10.136504655,10.318117376,10.408923737,10.499730097,10.590536458,10.681342819,10.772149179,10.86295554,10.9537619,11.044568261,11.135374622,11.226180982,11.316987343,11.407793704,11.589406425,11.771019146,11.952631867,12.134244588,12.31585731,12.497470031,12.588276391,12.679082752,12.769889113,12.860695473,
12.951501834,13.042308195,13.133114555,13.223920916,13.314727276,13.405533637,13.496339998,13.587146358,13.677952719,13.768759079,13.85956544,13.950371801,14.041178161,14.131984522,14.222790882,14.313597243,14.404403604,14.495209964,14.586016325,14.676822686,14.722225866,14.767629046,14.858435407,15.040048128,15.221660849,
15.267064029,15.31246721,15.3351688,15.35787039,15.40327357,15.584886292),.UNSPECIFIED.);
#6439=EDGE_CURVE('',#1279,#55,#6438,.T.);
#6440=ORIENTED_EDGE('',*,*,#6439,.T.);
#6441=ORIENTED_EDGE('',*,*,#172,.T.);
#6442=CARTESIAN_POINT('',(-33.127681598,-15.4434079,5.498292087));
#6443=CARTESIAN_POINT('',(-32.339459812,-14.993801262,5.442525363));
#6444=CARTESIAN_POINT('',(-31.375553316,-14.843582126,5.384054372));
#6445=CARTESIAN_POINT('',(-30.481527745,-15.026627896,5.325929235));
#6446=CARTESIAN_POINT('',(-29.587502173,-15.209673666,5.267804099));
#6447=CARTESIAN_POINT('',(-28.770633384,-15.732784764,5.21192198));
#6448=CARTESIAN_POINT('',(-28.218738558,-16.455363262,5.154748455));
#6449=CARTESIAN_POINT('',(-27.666843732,-17.17794176,5.09757493));
#6450=CARTESIAN_POINT('',(-27.397341493,-18.112933096,5.040182312));
#6451=CARTESIAN_POINT('',(-27.459221001,-19.023671748,4.982837856));
#6452=CARTESIAN_POINT('',(-27.490160755,-19.479041074,4.954165628));
#6453=CARTESIAN_POINT('',(-27.605163185,-19.9267855,4.925521113));
#6454=CARTESIAN_POINT('',(-27.797658979,-20.339810835,4.89689491));
#6455=CARTESIAN_POINT('',(-27.990154774,-20.752836171,4.868268707));
#6456=CARTESIAN_POINT('',(-28.257210534,-21.132049748,4.839654613));
#6457=CARTESIAN_POINT('',(-28.580559843,-21.453718744,4.811030836));
#6458=CARTESIAN_POINT('',(-28.903909153,-21.77538774,4.78240706));
#6459=CARTESIAN_POINT('',(-29.284514474,-22.037979355,4.753524877));
#6460=CARTESIAN_POINT('',(-29.701204041,-22.221884097,4.724847013));
#6461=CARTESIAN_POINT('',(-30.117893607,-22.405788839,4.696169149));
#6462=CARTESIAN_POINT('',(-30.569001844,-22.513901644,4.667676669));
#6463=CARTESIAN_POINT('',(-31.024523096,-22.542046676,4.639148483));
#6464=CARTESIAN_POINT('',(-31.480044347,-22.570191708,4.610620297));
#6465=CARTESIAN_POINT('',(-31.939861266,-22.518036226,4.581958267));
#6466=CARTESIAN_POINT('',(-32.37442926,-22.382689585,4.553330432));
#6467=CARTESIAN_POINT('',(-32.808997253,-22.247342944,4.524702597));
#6468=CARTESIAN_POINT('',(-33.218789807,-22.030468738,4.496038047));
#6469=CARTESIAN_POINT('',(-33.579593195,-21.750508696,4.467361173));
#6470=CARTESIAN_POINT('',(-33.940396582,-21.470548654,4.438684298));
#6471=CARTESIAN_POINT('',(-34.252239874,-21.127544987,4.410021734));
#6472=CARTESIAN_POINT('',(-34.490950909,-20.739957264,4.381388339));
#6473=CARTESIAN_POINT('',(-34.729661945,-20.352369542,4.352754943));
#6474=CARTESIAN_POINT('',(-34.893864965,-19.919420326,4.324185025));
#6475=CARTESIAN_POINT('',(-34.979350333,-19.471136473,4.295550861));
#6476=CARTESIAN_POINT('',(-35.064835701,-19.02285262,4.266916698));
#6477=CARTESIAN_POINT('',(-35.071929239,-18.559386863,4.238300991));
#6478=CARTESIAN_POINT('',(-34.997178603,-18.110319907,4.209682535));
#6479=CARTESIAN_POINT('',(-34.922427968,-17.661252951,4.181064078));
#6480=CARTESIAN_POINT('',(-34.762308804,-17.22730826,4.152145696));
#6481=CARTESIAN_POINT('',(-34.530936393,-16.833899496,4.123292121));
#6482=CARTESIAN_POINT('',(-34.299563982,-16.440490732,4.094438545));
#6483=CARTESIAN_POINT('',(-33.998321074,-16.087214117,4.066119526));
#6484=CARTESIAN_POINT('',(-33.645553204,-15.798624107,4.037702217));
#6485=CARTESIAN_POINT('',(-33.292785334,-15.510034097,4.009284907));
#6486=CARTESIAN_POINT('',(-32.887132521,-15.288815656,3.980562642));
#6487=CARTESIAN_POINT('',(-32.45414418,-15.146200555,3.951934467));
#6488=CARTESIAN_POINT('',(-31.588167497,-14.860970351,3.894678117));
#6489=CARTESIAN_POINT('',(-30.617900879,-14.88830859,3.837150452));
#6490=CARTESIAN_POINT('',(-29.778895017,-15.244619541,3.779937192));
#6491=CARTESIAN_POINT('',(-28.939889156,-15.600930493,3.722723933));
#6492=CARTESIAN_POINT('',(-28.228606505,-16.264053775,3.66556728));
#6493=CARTESIAN_POINT('',(-27.832138165,-17.083346935,3.608288015));
#6494=CARTESIAN_POINT('',(-27.435669825,-17.902640096,3.55100875));
#6495=CARTESIAN_POINT('',(-27.342186639,-18.871744402,3.493215861));
#6496=CARTESIAN_POINT('',(-27.581398694,-19.750380825,3.436253405));
#6497=CARTESIAN_POINT('',(-27.820610749,-20.629017248,3.379290949));
#6498=CARTESIAN_POINT('',(-28.392493035,-21.416115828,3.322231446));
#6499=CARTESIAN_POINT('',(-29.150872592,-21.920467501,3.264501458));
#6500=CARTESIAN_POINT('',(-29.909252149,-22.424819174,3.20677147));
#6501=CARTESIAN_POINT('',(-30.858984787,-22.635773037,3.150058002));
#6502=CARTESIAN_POINT('',(-31.761870538,-22.517011536,3.092815671));
#6503=CARTESIAN_POINT('',(-32.664756289,-22.398250035,3.03557334));
#6504=CARTESIAN_POINT('',(-33.515697261,-21.929987967,2.978272323));
#6505=CARTESIAN_POINT('',(-34.117387521,-21.244502403,2.920981532));
#6506=CARTESIAN_POINT('',(-34.418232651,-20.901759621,2.892336137));
#6507=CARTESIAN_POINT('',(-34.654766104,-20.504635797,2.863691849));
#6508=CARTESIAN_POINT('',(-34.811946524,-20.076799528,2.835060854));
#6509=CARTESIAN_POINT('',(-34.969126943,-19.648963259,2.806429858));
#6510=CARTESIAN_POINT('',(-35.049642513,-19.191976631,2.777804907));
#6511=CARTESIAN_POINT('',(-35.049590584,-18.735798708,2.749167253));
#6512=CARTESIAN_POINT('',(-35.049538656,-18.279620785,2.720529599));
#6513=CARTESIAN_POINT('',(-34.967517574,-17.824586613,2.691793615));
#6514=CARTESIAN_POINT('',(-34.804048514,-17.399472515,2.663157901));
#6515=CARTESIAN_POINT('',(-34.640579454,-16.974358416,2.634522187));
#6516=CARTESIAN_POINT('',(-34.398870497,-16.578347967,2.605970348));
#6517=CARTESIAN_POINT('',(-34.097340975,-16.235660597,2.577333039));
#6518=CARTESIAN_POINT('',(-33.795811453,-15.892973228,2.54869573));
#6519=CARTESIAN_POINT('',(-33.434547433,-15.603653347,2.520068851));
#6520=CARTESIAN_POINT('',(-33.032172139,-15.390907276,2.491432555));
#6521=CARTESIAN_POINT('',(-32.629796846,-15.178161206,2.46279626));
#6522=CARTESIAN_POINT('',(-32.18711024,-15.040619235,2.434054442));
#6523=CARTESIAN_POINT('',(-31.734253919,-14.982310008,2.405343426));
#6524=CARTESIAN_POINT('',(-31.281397597,-14.924000781,2.37663241));
#6525=CARTESIAN_POINT('',(-30.818370802,-14.944884692,2.347977915));
#6526=CARTESIAN_POINT('',(-30.375248185,-15.048999343,2.319380647));
#6527=CARTESIAN_POINT('',(-29.932125568,-15.153113994,2.290783378));
#6528=CARTESIAN_POINT('',(-29.509297762,-15.341926743,2.262325001));
#6529=CARTESIAN_POINT('',(-29.131034371,-15.597394533,2.233722356));
#6530=CARTESIAN_POINT('',(-28.752770981,-15.852862324,2.205119712));
#6531=CARTESIAN_POINT('',(-28.418842238,-16.174569503,2.176527604));
#6532=CARTESIAN_POINT('',(-28.153137436,-16.544370325,2.147870976));
#6533=CARTESIAN_POINT('',(-27.887432635,-16.914171147,2.119214349));
#6534=CARTESIAN_POINT('',(-27.693117627,-17.333975199,2.090344765));
#6535=CARTESIAN_POINT('',(-27.577589471,-17.775489261,2.061742072));
#6536=CARTESIAN_POINT('',(-27.462061315,-18.217003322,2.033139379));
#6537=CARTESIAN_POINT('',(-27.424830748,-18.679667355,2.004473276));
#6538=CARTESIAN_POINT('',(-27.469032853,-19.133145885,1.975841178));
#6539=CARTESIAN_POINT('',(-27.513234958,-19.586624414,1.94720908));
#6540=CARTESIAN_POINT('',(-27.640913326,-20.030579786,1.919042012));
#6541=CARTESIAN_POINT('',(-27.845068584,-20.43820177,1.889949861));
#6542=CARTESIAN_POINT('',(-28.2533791,-21.253445738,1.83176556));
#6543=CARTESIAN_POINT('',(-28.957082927,-21.923341909,1.772827484));
#6544=CARTESIAN_POINT('',(-29.802020235,-22.265018944,1.717614848));
#6545=CARTESIAN_POINT('',(-30.22448889,-22.435857462,1.690008531));
#6546=CARTESIAN_POINT('',(-30.67924307,-22.525215653,1.660329988));
#6547=CARTESIAN_POINT('',(-31.134428307,-22.540186281,1.632320285));
#6548=CARTESIAN_POINT('',(-31.589613544,-22.555156909,1.604310582));
#6549=CARTESIAN_POINT('',(-32.04708241,-22.494119163,1.576725209));
#6550=CARTESIAN_POINT('',(-32.47853729,-22.348561815,1.545700348));
#6551=CARTESIAN_POINT('',(-32.90999217,-22.203004466,1.514675488));
#6552=CARTESIAN_POINT('',(-33.314833737,-21.974106726,1.483630442));
#6553=CARTESIAN_POINT('',(-33.666908395,-21.682387642,1.457434341));
#6554=CARTESIAN_POINT('',(-34.018983053,-21.390668558,1.43123824));
#6555=CARTESIAN_POINT('',(-34.312203194,-21.032437702,1.402781454));
#6556=CARTESIAN_POINT('',(-34.538076542,-20.639144918,1.374386034));
#6557=CARTESIAN_POINT('',(-34.76394989,-20.245852133,1.345990614));
#6558=CARTESIAN_POINT('',(-34.925270024,-19.813685023,1.317667687));
#6559=CARTESIAN_POINT('',(-35.000024267,-19.36409747,1.286324858));
#6560=CARTESIAN_POINT('',(-35.07477851,-18.914509918,1.254982028));
#6561=CARTESIAN_POINT('',(-35.068897065,-18.450408786,1.227705679));
#6562=CARTESIAN_POINT('',(-34.977971539,-18.00368347,1.2014443));
#6563=CARTESIAN_POINT('',(-34.887046014,-17.556958155,1.175182921));
#6564=CARTESIAN_POINT('',(-34.708034024,-17.129830616,1.145103569));
#6565=CARTESIAN_POINT('',(-34.466477955,-16.742753985,1.116650208));
#6566=CARTESIAN_POINT('',(-34.224921886,-16.355677354,1.088196847));
#6567=CARTESIAN_POINT('',(-33.919203406,-16.006992424,1.061279337));
#6568=CARTESIAN_POINT('',(-33.559253025,-15.729334923,1.030958753));
#6569=CARTESIAN_POINT('',(-33.379277835,-15.590506172,1.015798461));
#6570=CARTESIAN_POINT('',(-33.188367412,-15.46593032,1.002443574));
#6571=CARTESIAN_POINT('',(-32.985663729,-15.36339294,0.987441137));
#6572=CARTESIAN_POINT('',(-32.782960045,-15.260855559,0.9724387));
#6573=CARTESIAN_POINT('',(-32.570294239,-15.177559891,0.957417699));
#6574=CARTESIAN_POINT('',(-32.351485049,-15.113592964,0.942555058));
#6575=CARTESIAN_POINT('',(-31.91386667,-14.98565911,0.912829776));
#6576=CARTESIAN_POINT('',(-31.451482652,-14.935045308,0.883720877));
#6577=CARTESIAN_POINT('',(-30.995287915,-14.963737068,0.856562819));
#6578=CARTESIAN_POINT('',(-30.082898441,-15.021120589,0.802246702));
#6579=CARTESIAN_POINT('',(-29.206352942,-15.408542425,0.748357581));
#6580=CARTESIAN_POINT('',(-28.566565469,-16.059832057,0.686831398));
#6581=CARTESIAN_POINT('',(-28.246671733,-16.385476873,0.656068306));
#6582=CARTESIAN_POINT('',(-27.982457281,-16.770377164,0.62589141));
#6583=CARTESIAN_POINT('',(-27.791103991,-17.187398644,0.598113475));
#6584=CARTESIAN_POINT('',(-27.695427346,-17.395909384,0.584224507));
#6585=CARTESIAN_POINT('',(-27.617382859,-17.612299267,0.571426597));
#6586=CARTESIAN_POINT('',(-27.561468552,-17.833480724,0.557806238));
#6587=CARTESIAN_POINT('',(-27.505554245,-18.054662182,0.544185879));
#6588=CARTESIAN_POINT('',(-27.473017881,-18.280263553,0.528880134));
#6589=CARTESIAN_POINT('',(-27.457431427,-18.506017373,0.51536475));
#6590=CARTESIAN_POINT('',(-27.426258521,-18.957525012,0.488333981));
#6591=CARTESIAN_POINT('',(-27.477158988,-19.413878998,0.459764747));
#6592=CARTESIAN_POINT('',(-27.613136367,-19.848643908,0.428839333));
#6593=CARTESIAN_POINT('',(-27.749113747,-20.283408817,0.397913918));
#6594=CARTESIAN_POINT('',(-27.963427462,-20.69652465,0.368265067));
#6595=CARTESIAN_POINT('',(-28.240502392,-21.060962836,0.340278363));
#6596=CARTESIAN_POINT('',(-28.379039858,-21.24318193,0.326285011));
#6597=CARTESIAN_POINT('',(-28.533184061,-21.413310421,0.312746145));
#6598=CARTESIAN_POINT('',(-28.70109303,-21.567764294,0.299409436));
#6599=CARTESIAN_POINT('',(-28.869001999,-21.722218167,0.286072728));
#6600=CARTESIAN_POINT('',(-29.053644171,-21.85634217,0.26984676));
#6601=CARTESIAN_POINT('',(-29.244972938,-21.978904125,0.257647585));
#6602=CARTESIAN_POINT('',(-29.340637322,-22.040185103,0.251547998));
#6603=CARTESIAN_POINT('',(-29.440783724,-22.0940755,0.243387062));
#6604=CARTESIAN_POINT('',(-29.54230585,-22.145033632,0.236253059));
#6605=CARTESIAN_POINT('',(-29.643827976,-22.195991764,0.229119056));
#6606=CARTESIAN_POINT('',(-29.746817876,-22.244637611,0.223312007));
#6607=CARTESIAN_POINT('',(-29.853434215,-22.28436206,0.214843149));
#6608=CARTESIAN_POINT('',(-30.066666891,-22.363810956,0.197905432));
#6609=CARTESIAN_POINT('',(-30.284458492,-22.433446572,0.186328628));
#6610=CARTESIAN_POINT('',(-30.508455061,-22.478049098,0.171838705));
#6611=CARTESIAN_POINT('',(-31.404441337,-22.656459206,0.113879013));
#6612=CARTESIAN_POINT('',(-32.362091753,-22.494594783,0.055069174));
#6613=CARTESIAN_POINT('',(-33.150515723,-22.041902133,-0.000075793));
#6614=B_SPLINE_CURVE_WITH_KNOTS('',3,(#6442,#6443,#6444,#6445,#6446,#6447,#6448,#6449,#6450,#6451,#6452,#6453,#6454,#6455,#6456,#6457,#6458,#6459,#6460,#6461,#6462,#6463,#6464,#6465,#6466,#6467,
#6468,#6469,#6470,#6471,#6472,#6473,#6474,#6475,#6476,#6477,#6478,#6479,#6480,#6481,#6482,#6483,#6484,#6485,#6486,#6487,#6488,#6489,#6490,#6491,#6492,
#6493,#6494,#6495,#6496,#6497,#6498,#6499,#6500,#6501,#6502,#6503,#6504,#6505,#6506,#6507,#6508,#6509,#6510,#6511,#6512,#6513,#6514,#6515,#6516,#6517,
#6518,#6519,#6520,#6521,#6522,#6523,#6524,#6525,#6526,#6527,#6528,#6529,#6530,#6531,#6532,#6533,#6534,#6535,#6536,#6537,#6538,#6539,#6540,#6541,#6542,
#6543,#6544,#6545,#6546,#6547,#6548,#6549,#6550,#6551,#6552,#6553,#6554,#6555,#6556,#6557,#6558,#6559,#6560,#6561,#6562,#6563,#6564,#6565,#6566,#6567,
#6568,#6569,#6570,#6571,#6572,#6573,#6574,#6575,#6576,#6577,#6578,#6579,#6580,#6581,#6582,#6583,#6584,#6585,#6586,#6587,#6588,#6589,#6590,#6591,#6592,
#6593,#6594,#6595,#6596,#6597,#6598,#6599,#6600,#6601,#6602,#6603,#6604,#6605,#6606,#6607,#6608,#6609,#6610,#6611,#6612,#6613),.UNSPECIFIED.,.F.,.F.,(4,3,3,3,3,3,3,3,3,3,3,3,3,3,3,3,3,3,3,3,3,3,3,3,3,3,
3,3,3,3,3,3,3,3,3,3,3,3,3,3,3,3,3,3,3,3,3,3,3,3,3,
3,3,3,3,3,3,4),(4.802176942,5.077134627,5.352092312,5.627049996,5.764528839,5.902007681,6.039486524,6.176965366,6.314444208,6.451923051,6.589401893,6.726880736,6.864359578,7.00183842,7.139317263,7.276796105,7.55175379,7.826711475,8.101669159,8.376626844,8.651584529,8.926542214,9.064021056,9.201499899,9.338978741,9.476457583,
9.613936426,9.751415268,9.88889411,10.026372953,10.163851795,10.301330638,10.43880948,10.576288322,10.851246007,10.98872485,11.126203692,11.263682534,11.401161377,11.538640219,11.676119061,11.813597904,11.951076746,12.019816167,12.088555589,12.226034431,12.500992116,12.638470958,12.707210379,12.775949801,12.913428643,
13.050907485,13.119646907,13.188386328,13.222756038,13.257125749,13.32586517,13.600822855),.UNSPECIFIED.);
#6615=EDGE_CURVE('',#1333,#53,#6614,.T.);
#6616=ORIENTED_EDGE('',*,*,#6615,.F.);
#6617=ORIENTED_EDGE('',*,*,#1337,.F.);
#6618=EDGE_LOOP('',(#6268,#6440,#6441,#6616,#6617));
#6619=FACE_BOUND('',#6618,.T.);
#6620=ADVANCED_FACE('',(#6619),#6267,.F.);
#6621=CARTESIAN_POINT('',(-29.998579898,-16.582211034,-0.));
#6622=CARTESIAN_POINT('',(-30.04552316,-16.555023473,0.005176629));
#6623=CARTESIAN_POINT('',(-30.526448513,-16.297256512,0.057224736));
#6624=CARTESIAN_POINT('',(-31.594898319,-16.120579733,0.156144319));
#6625=CARTESIAN_POINT('',(-32.997932175,-16.754782156,0.296758751));
#6626=CARTESIAN_POINT('',(-33.810988082,-18.062940816,0.437373183));
#6627=CARTESIAN_POINT('',(-33.762721677,-19.599644227,0.577987615));
#6628=CARTESIAN_POINT('',(-32.864215415,-20.855832692,0.718602047));
#6629=CARTESIAN_POINT('',(-31.428337823,-21.391162408,0.859216479));
#6630=CARTESIAN_POINT('',(-29.528564277,-20.969621603,1.036286504));
#6631=CARTESIAN_POINT('',(-28.237985657,-18.756144016,1.249812123));
#6632=CARTESIAN_POINT('',(-29.748307377,-16.139901807,1.499793335));
#6633=CARTESIAN_POINT('',(-32.494629858,-16.148556887,1.72894278));
#6634=CARTESIAN_POINT('',(-33.928288848,-18.033147547,1.937260457));
#6635=CARTESIAN_POINT('',(-33.655949936,-20.132661184,2.124746366));
#6636=CARTESIAN_POINT('',(-31.97060538,-21.430965486,2.312232275));
#6637=CARTESIAN_POINT('',(-29.865634973,-21.154288661,2.499718184));
#6638=CARTESIAN_POINT('',(-28.570169281,-19.471917377,2.687204093));
#6639=CARTESIAN_POINT('',(-28.845009537,-17.365375033,2.874690003));
#6640=CARTESIAN_POINT('',(-30.52802787,-16.070580679,3.062175912));
#6641=CARTESIAN_POINT('',(-32.634240822,-16.34459374,3.249661821));
#6642=CARTESIAN_POINT('',(-33.929317178,-18.028002082,3.43714773));
#6643=CARTESIAN_POINT('',(-33.655712538,-20.133497727,3.624633639));
#6644=CARTESIAN_POINT('',(-31.971969277,-21.43007962,3.812119549));
#6645=CARTESIAN_POINT('',(-30.218332436,-21.200109667,3.968357806));
#6646=CARTESIAN_POINT('',(-29.217377318,-20.315051398,4.093348412));
#6647=CARTESIAN_POINT('',(-28.617684426,-19.121416098,4.218339018));
#6648=CARTESIAN_POINT('',(-28.843351918,-17.3667186,4.374577276));
#6649=CARTESIAN_POINT('',(-30.526955587,-16.070975511,4.562063185));
#6650=CARTESIAN_POINT('',(-32.632978098,-16.343831879,4.749549095));
#6651=CARTESIAN_POINT('',(-33.92904013,-18.027034203,4.937035004));
#6652=CARTESIAN_POINT('',(-33.656419036,-20.132445545,5.124520913));
#6653=CARTESIAN_POINT('',(-31.973406642,-21.429514078,5.312006822));
#6654=CARTESIAN_POINT('',(-29.868118368,-21.155349912,5.499492731));
#6655=CARTESIAN_POINT('',(-28.570061794,-19.475811881,5.68697864));
#6656=CARTESIAN_POINT('',(-28.845407229,-17.364668485,5.87446455));
#6657=CARTESIAN_POINT('',(-30.51539562,-16.081296587,6.061186607));
#6658=CARTESIAN_POINT('',(-31.916080863,-16.245884827,6.185413361));
#6659=CARTESIAN_POINT('',(-32.477584947,-16.56321966,6.247144812));
#6660=CARTESIAN_POINT('',(-29.788840123,-16.20357772,-0.249468445));
#6661=CARTESIAN_POINT('',(-29.843982922,-16.171833019,-0.244291816));
#6662=CARTESIAN_POINT('',(-30.408847579,-15.870969163,-0.19224371));
#6663=CARTESIAN_POINT('',(-31.66257068,-15.667012302,-0.093324126));
#6664=CARTESIAN_POINT('',(-33.306247336,-16.415157268,0.047290306));
#6665=CARTESIAN_POINT('',(-34.255879158,-17.951980362,0.187904738));
#6666=CARTESIAN_POINT('',(-34.194568752,-19.754229332,0.32851917));
#6667=CARTESIAN_POINT('',(-33.136871291,-21.22486336,0.469133602));
#6668=CARTESIAN_POINT('',(-31.451096173,-21.848359642,0.609748034));
#6669=CARTESIAN_POINT('',(-29.224143855,-21.348127481,0.786818059));
#6670=CARTESIAN_POINT('',(-27.717195507,-18.747995638,1.000343678));
#6671=CARTESIAN_POINT('',(-29.496648104,-15.684029352,1.25032489));
#6672=CARTESIAN_POINT('',(-32.717778878,-15.702577053,1.479474335));
#6673=CARTESIAN_POINT('',(-34.393551372,-17.917395223,1.687792011));
#6674=CARTESIAN_POINT('',(-34.067707654,-20.379077177,1.875277921));
#6675=CARTESIAN_POINT('',(-32.086998463,-21.896703212,2.06276383));
#6676=CARTESIAN_POINT('',(-29.618929419,-21.565752724,2.250249739));
#6677=CARTESIAN_POINT('',(-28.104623766,-19.588541464,2.437735648));
#6678=CARTESIAN_POINT('',(-28.433424916,-17.118622004,2.625221557));
#6679=CARTESIAN_POINT('',(-30.411393065,-15.605106366,2.812707467));
#6680=CARTESIAN_POINT('',(-32.8809287,-15.932935854,3.000193376));
#6681=CARTESIAN_POINT('',(-34.394773911,-17.911362754,3.187679285));
#6682=CARTESIAN_POINT('',(-34.06742565,-20.380057654,3.375165194));
#6683=CARTESIAN_POINT('',(-32.088601308,-21.895668872,3.562651103));
#6684=CARTESIAN_POINT('',(-30.032467581,-21.620573379,3.718889361));
#6685=CARTESIAN_POINT('',(-28.861155217,-20.579431042,3.843879967));
#6686=CARTESIAN_POINT('',(-28.16142459,-19.177584222,3.968870573));
#6687=CARTESIAN_POINT('',(-28.431477823,-17.120193736,4.125108831));
#6688=CARTESIAN_POINT('',(-30.41013366,-15.60556539,4.31259474));
#6689=CARTESIAN_POINT('',(-32.879450254,-15.932038581,4.500080649));
#6690=CARTESIAN_POINT('',(-34.394451188,-17.910226781,4.687566558));
#6691=CARTESIAN_POINT('',(-34.068258568,-20.378826002,4.875052468));
#6692=CARTESIAN_POINT('',(-32.090288425,-21.895009155,5.062538377));
#6693=CARTESIAN_POINT('',(-29.621839065,-21.567005391,5.250024286));
#6694=CARTESIAN_POINT('',(-28.104485568,-19.593108452,5.437510195));
#6695=CARTESIAN_POINT('',(-28.433893884,-17.117795432,5.624996104));
#6696=CARTESIAN_POINT('',(-30.396544107,-15.61763568,5.811718162));
#6697=CARTESIAN_POINT('',(-32.038901682,-15.814964187,5.935944916));
#6698=CARTESIAN_POINT('',(-32.696518458,-16.188882749,5.997676367));
#6699=CARTESIAN_POINT('',(-29.577545209,-15.825954883,-0.499133819));
#6700=CARTESIAN_POINT('',(-29.640865599,-15.789619368,-0.49395719));
#6701=CARTESIAN_POINT('',(-30.289460088,-15.445312821,-0.441909083));
#6702=CARTESIAN_POINT('',(-31.728284066,-15.21329224,-0.3429895));
#6703=CARTESIAN_POINT('',(-33.613018061,-16.074316922,-0.202375068));
#6704=CARTESIAN_POINT('',(-34.700161986,-17.839151781,-0.061760636));
#6705=CARTESIAN_POINT('',(-34.626946477,-19.906922228,0.078853796));
#6706=CARTESIAN_POINT('',(-33.411022315,-21.592617338,0.219468228));
#6707=CARTESIAN_POINT('',(-31.475801743,-22.3053223,0.36008266));
#6708=CARTESIAN_POINT('',(-28.921433234,-21.727819216,0.537152685));
#6709=CARTESIAN_POINT('',(-27.196526744,-18.742076575,0.750678304));
#6710=CARTESIAN_POINT('',(-29.243116561,-15.229369036,1.000659516));
#6711=CARTESIAN_POINT('',(-32.938954224,-15.255778736,1.229808961));
#6712=CARTESIAN_POINT('',(-34.858179983,-17.799688291,1.438126638));
#6713=CARTESIAN_POINT('',(-34.480393142,-20.62365957,1.625612547));
#6714=CARTESIAN_POINT('',(-32.205347895,-22.361802933,1.813098456));
#6715=CARTESIAN_POINT('',(-29.37405637,-21.978147446,2.000584365));
#6716=CARTESIAN_POINT('',(-27.63971715,-19.707120118,2.188070274));
#6717=CARTESIAN_POINT('',(-28.020909489,-16.873702507,2.375556184));
#6718=CARTESIAN_POINT('',(-30.29280399,-15.140270667,2.563042093));
#6719=CARTESIAN_POINT('',(-33.12578276,-15.52034772,2.750528002));
#6720=CARTESIAN_POINT('',(-34.859592011,-17.792768914,2.938013911));
#6721=CARTESIAN_POINT('',(-34.480068452,-20.62478409,3.12549982));
#6722=CARTESIAN_POINT('',(-32.207188431,-22.360618476,3.312985729));
#6723=CARTESIAN_POINT('',(-29.848455319,-22.041706514,3.469223987));
#6724=CARTESIAN_POINT('',(-28.506170111,-20.845253222,3.594214593));
#6725=CARTESIAN_POINT('',(-27.705544192,-19.235685693,3.719205199));
#6726=CARTESIAN_POINT('',(-28.018672388,-16.875502382,3.875443457));
#6727=CARTESIAN_POINT('',(-30.291358469,-15.140795683,4.062929366));
#6728=CARTESIAN_POINT('',(-33.124087727,-15.519315776,4.250415275));
#6729=CARTESIAN_POINT('',(-34.859223852,-17.79146496,4.437901185));
#6730=CARTESIAN_POINT('',(-34.481025629,-20.623372118,4.625387094));
#6731=CARTESIAN_POINT('',(-32.209125467,-22.359864557,4.812873003));
#6732=CARTESIAN_POINT('',(-29.377392798,-21.97958922,5.000358912));
#6733=CARTESIAN_POINT('',(-27.63955141,-19.712360212,5.187844821));
#6734=CARTESIAN_POINT('',(-28.021448733,-16.87275446,5.37533073));
#6735=CARTESIAN_POINT('',(-30.275746553,-15.154623256,5.562052788));
#6736=CARTESIAN_POINT('',(-32.159844071,-15.383648801,5.686279542));
#6737=CARTESIAN_POINT('',(-32.913786473,-15.813723025,5.748010993));
#6738=CARTESIAN_POINT('',(-29.365897787,-15.448542876,-0.748816372));
#6739=CARTESIAN_POINT('',(-29.437391188,-15.407608913,-0.743639743));
#6740=CARTESIAN_POINT('',(-30.169671995,-15.019781416,-0.691591637));
#6741=CARTESIAN_POINT('',(-31.793565146,-14.759522262,-0.592672053));
#6742=CARTESIAN_POINT('',(-33.919456981,-15.733194848,-0.452057621));
#6743=CARTESIAN_POINT('',(-35.144325584,-17.725904727,-0.311443189));
#6744=CARTESIAN_POINT('',(-35.059457232,-20.059200718,-0.170828757));
#6745=CARTESIAN_POINT('',(-33.685514764,-21.960101053,-0.030214325));
#6746=CARTESIAN_POINT('',(-31.500940205,-22.762249123,0.110400107));
#6747=CARTESIAN_POINT('',(-28.6190913,-22.107787355,0.287470132));
#6748=CARTESIAN_POINT('',(-26.675866414,-18.736652012,0.500995751));
#6749=CARTESIAN_POINT('',(-28.989160699,-14.774961487,0.750976963));
#6750=CARTESIAN_POINT('',(-33.159699462,-14.808783116,0.980126408));
#6751=CARTESIAN_POINT('',(-35.322684499,-17.681543442,1.188444085));
#6752=CARTESIAN_POINT('',(-34.893298919,-20.867843845,1.375929994));
#6753=CARTESIAN_POINT('',(-32.324135652,-22.826777536,1.563415903));
#6754=CARTESIAN_POINT('',(-29.129581182,-22.390763253,1.750901812));
#6755=CARTESIAN_POINT('',(-27.174935859,-19.826136613,1.938387721));
#6756=CARTESIAN_POINT('',(-27.608172937,-16.62918115,2.12587363));
#6757=CARTESIAN_POINT('',(-30.173777141,-14.675560201,2.31335954));
#6758=CARTESIAN_POINT('',(-33.370238612,-15.107538609,2.500845449));
#6759=CARTESIAN_POINT('',(-35.324284877,-17.673737211,2.688331358));
#6760=CARTESIAN_POINT('',(-34.892932103,-20.869112444,2.875817267));
#6761=CARTESIAN_POINT('',(-32.326213555,-22.825442516,3.063303176));
#6762=CARTESIAN_POINT('',(-29.664847508,-22.463003245,3.219541434));
#6763=CARTESIAN_POINT('',(-28.151446868,-21.111404818,3.34453204));
#6764=CARTESIAN_POINT('',(-27.249732058,-19.294218199,3.469522646));
#6765=CARTESIAN_POINT('',(-27.605645538,-16.631209029,3.625760904));
#6766=CARTESIAN_POINT('',(-30.172145784,-14.676151726,3.813246813));
#6767=CARTESIAN_POINT('',(-33.368326759,-15.10637213,4.000732722));
#6768=CARTESIAN_POINT('',(-35.323871435,-17.672265289,4.188218631));
#6769=CARTESIAN_POINT('',(-34.894012924,-20.867519905,4.375704541));
#6770=CARTESIAN_POINT('',(-32.328400615,-22.8245945,4.56319045));
#6771=CARTESIAN_POINT('',(-29.133344511,-22.392393583,4.750676359));
#6772=CARTESIAN_POINT('',(-27.174743305,-19.832050051,4.938162268));
#6773=CARTESIAN_POINT('',(-27.608782198,-16.628111171,5.125648177));
#6774=CARTESIAN_POINT('',(-30.154512945,-14.691738419,5.312370235));
#6775=CARTESIAN_POINT('',(-32.280374011,-14.952230621,5.436596989));
#6776=CARTESIAN_POINT('',(-33.130692697,-15.438367495,5.49832844));
#6777=B_SPLINE_SURFACE_WITH_KNOTS('',3,3,((#6621,#6622,#6623,#6624,#6625,#6626,#6627,#6628,#6629,#6630,#6631,#6632,#6633,#6634,#6635,#6636,#6637,#6638,#6639,#6640,#6641,#6642,#6643,#6644,#6645,#6646,
#6647,#6648,#6649,#6650,#6651,#6652,#6653,#6654,#6655,#6656,#6657,#6658,#6659),(#6660,#6661,#6662,#6663,#6664,#6665,#6666,#6667,#6668,#6669,#6670,#6671,#6672,#6673,#6674,#6675,#6676,#6677,#6678,#6679,#6680,#6681,#6682,#6683,#6684,#6685,
#6686,#6687,#6688,#6689,#6690,#6691,#6692,#6693,#6694,#6695,#6696,#6697,#6698),(#6699,#6700,#6701,#6702,#6703,#6704,#6705,#6706,#6707,#6708,#6709,#6710,#6711,#6712,#6713,#6714,#6715,#6716,#6717,#6718,#6719,#6720,#6721,#6722,#6723,#6724,
#6725,#6726,#6727,#6728,#6729,#6730,#6731,#6732,#6733,#6734,#6735,#6736,#6737),(#6738,#6739,#6740,#6741,#6742,#6743,#6744,#6745,#6746,#6747,#6748,#6749,#6750,#6751,#6752,#6753,#6754,#6755,#6756,#6757,#6758,#6759,#6760,#6761,#6762,#6763,
#6764,#6765,#6766,#6767,#6768,#6769,#6770,#6771,#6772,#6773,#6774,#6775,#6776)),.UNSPECIFIED.,.F.,.F.,.U.,(4,4),(4,1,1,1,1,1,1,1,1,1,1,1,1,1,1,1,1,1,1,1,1,1,1,1,1,1,
1,1,1,1,1,1,1,1,1,1,4),(0.170679769,0.320537433),(7.339034499,7.40408594,7.993090295,8.58209465,9.171099005,9.76010336,10.349107715,10.93811207,11.527116425,12.574235278,13.621354131,14.668472984,15.453812124,16.239151264,17.024490404,17.809829544,18.595168684,19.380507824,20.165846964,20.951186104,21.736525244,22.521864384,23.307203524,24.092542664,24.485212234,24.877881804,
25.663220944,26.448560083,27.233899223,28.019238363,28.804577503,29.589916643,30.375255783,31.160594923,31.945934063,32.731273203,33.507013496),.UNSPECIFIED.);
#6778=ORIENTED_EDGE('',*,*,#1380,.T.);
#6779=ORIENTED_EDGE('',*,*,#6615,.T.);
#6780=ORIENTED_EDGE('',*,*,#106,.T.);
#6781=ORIENTED_EDGE('',*,*,#6439,.F.);
#6782=EDGE_LOOP('',(#6778,#6779,#6780,#6781));
#6783=FACE_BOUND('',#6782,.T.);
#6784=ADVANCED_FACE('',(#6783),#6777,.F.);
#6785=CARTESIAN_POINT('',(-20.650574189,-34.542001671,-0.000009183));
#6786=CARTESIAN_POINT('',(-20.579244059,-34.583316794,0.005170507));
#6787=CARTESIAN_POINT('',(-19.848859311,-34.974808029,0.057221674));
#6788=CARTESIAN_POINT('',(-18.226225101,-35.243125885,0.156144319));
#6789=CARTESIAN_POINT('',(-16.095534633,-34.279999483,0.296758751));
#6790=CARTESIAN_POINT('',(-14.860796973,-32.293396693,0.437373183));
#6791=CARTESIAN_POINT('',(-14.934102594,-29.959692584,0.577987615));
#6792=CARTESIAN_POINT('',(-16.298594133,-28.052028393,0.718602046));
#6793=CARTESIAN_POINT('',(-18.479175959,-27.239026245,0.859216478));
#6794=CARTESIAN_POINT('',(-21.364226126,-27.879226404,1.036286504));
#6795=CARTESIAN_POINT('',(-23.324125492,-31.240666285,1.249812122));
#6796=CARTESIAN_POINT('',(-21.030544388,-35.213765558,1.499793335));
#6797=CARTESIAN_POINT('',(-16.859848985,-35.200660567,1.728942779));
#6798=CARTESIAN_POINT('',(-14.682673726,-32.338627485,1.937260456));
#6799=CARTESIAN_POINT('',(-15.096233959,-29.150248476,2.124746365));
#6800=CARTESIAN_POINT('',(-17.655670524,-27.178597545,2.312232275));
#6801=CARTESIAN_POINT('',(-20.852339592,-27.598767942,2.499718184));
#6802=CARTESIAN_POINT('',(-22.819680013,-30.153673144,2.687204093));
#6803=CARTESIAN_POINT('',(-22.402296757,-33.352736448,2.874690002));
#6804=CARTESIAN_POINT('',(-19.846411051,-35.319054317,3.062175911));
#6805=CARTESIAN_POINT('',(-16.6478458,-34.902928809,3.24966182));
#6806=CARTESIAN_POINT('',(-14.681102384,-32.346449335,3.43714773));
#6807=CARTESIAN_POINT('',(-15.096603298,-29.148976202,3.624633639));
#6808=CARTESIAN_POINT('',(-17.653599705,-27.179939956,3.812119548));
#6809=CARTESIAN_POINT('',(-20.316712847,-27.529191287,3.968357806));
#6810=CARTESIAN_POINT('',(-21.836819112,-28.873254604,4.093348412));
#6811=CARTESIAN_POINT('',(-22.747507224,-30.685958886,4.218339018));
#6812=CARTESIAN_POINT('',(-22.404824797,-33.350703042,4.374577276));
#6813=CARTESIAN_POINT('',(-19.848033013,-35.318449542,4.562063185));
#6814=CARTESIAN_POINT('',(-16.64976518,-34.904085173,4.749549094));
#6815=CARTESIAN_POINT('',(-14.681528379,-32.347920551,4.937035003));
#6816=CARTESIAN_POINT('',(-15.095523189,-29.150572103,5.124520912));
#6817=CARTESIAN_POINT('',(-17.65141566,-27.180802705,5.312006822));
#6818=CARTESIAN_POINT('',(-20.848569222,-27.597156163,5.499492731));
#6819=CARTESIAN_POINT('',(-22.819841841,-30.147757775,5.68697864));
#6820=CARTESIAN_POINT('',(-22.401693892,-33.353814499,5.874464549));
#6821=CARTESIAN_POINT('',(-19.855225459,-35.310748228,6.061950458));
#6822=CARTESIAN_POINT('',(-17.709502706,-35.049366126,6.18710304));
#6823=CARTESIAN_POINT('',(-16.849731603,-34.550289442,6.249760318));
#6824=CARTESIAN_POINT('',(-16.847510447,-34.548996824,6.249922293));
#6825=CARTESIAN_POINT('',(-20.431421826,-34.168897587,-0.249691735));
#6826=CARTESIAN_POINT('',(-20.368175891,-34.205448924,-0.244512046));
#6827=CARTESIAN_POINT('',(-19.720596192,-34.551753259,-0.192460878));
#6828=CARTESIAN_POINT('',(-18.282436537,-34.788143099,-0.093538234));
#6829=CARTESIAN_POINT('',(-16.395103892,-33.93282956,0.047076198));
#6830=CARTESIAN_POINT('',(-15.302612108,-32.171306517,0.18769063));
#6831=CARTESIAN_POINT('',(-15.369566075,-30.103309309,0.328305062));
#6832=CARTESIAN_POINT('',(-16.580367085,-28.413958852,0.468919494));
#6833=CARTESIAN_POINT('',(-18.513428623,-27.695361943,0.609533925));
#6834=CARTESIAN_POINT('',(-21.069527932,-28.265152783,0.786603951));
#6835=CARTESIAN_POINT('',(-22.803463466,-31.245633963,1.00012957));
#6836=CARTESIAN_POINT('',(-20.767566324,-34.764519763,1.250110782));
#6837=CARTESIAN_POINT('',(-17.071630865,-34.749344375,1.479260226));
#6838=CARTESIAN_POINT('',(-15.144725303,-32.211237005,1.687577903));
#6839=CARTESIAN_POINT('',(-15.513934105,-29.386142176,1.875063812));
#6840=CARTESIAN_POINT('',(-17.783713476,-27.641108933,2.062549722));
#6841=CARTESIAN_POINT('',(-20.616149241,-28.016180971,2.250035631));
#6842=CARTESIAN_POINT('',(-22.357366329,-30.28194249,2.43752154));
#6843=CARTESIAN_POINT('',(-21.984762233,-33.116501552,2.625007449));
#6844=CARTESIAN_POINT('',(-19.718132631,-34.856812101,2.812493358));
#6845=CARTESIAN_POINT('',(-16.884013901,-34.485322692,2.999979268));
#6846=CARTESIAN_POINT('',(-15.143326701,-32.21816687,3.187465177));
#6847=CARTESIAN_POINT('',(-15.51426176,-29.385014935,3.374951086));
#6848=CARTESIAN_POINT('',(-17.781877475,-27.642297197,3.562436995));
#6849=CARTESIAN_POINT('',(-20.141552214,-27.954065994,3.718675253));
#6850=CARTESIAN_POINT('',(-21.48747756,-29.146434327,3.843665859));
#6851=CARTESIAN_POINT('',(-22.292953483,-30.75357647,3.968656465));
#6852=CARTESIAN_POINT('',(-21.987005023,-33.114702591,4.124894723));
#6853=CARTESIAN_POINT('',(-19.719570204,-34.856276913,4.312380632));
#6854=CARTESIAN_POINT('',(-16.885713985,-34.486349222,4.499866541));
#6855=CARTESIAN_POINT('',(-15.143702406,-32.219470965,4.68735245));
#6856=CARTESIAN_POINT('',(-15.513303962,-29.38642859,4.874838359));
#6857=CARTESIAN_POINT('',(-17.779941041,-27.643059245,5.062324269));
#6858=CARTESIAN_POINT('',(-20.612809474,-28.014749697,5.249810178));
#6859=CARTESIAN_POINT('',(-22.357514693,-30.276700186,5.437296087));
#6860=CARTESIAN_POINT('',(-21.984227217,-33.117457085,5.624781996));
#6861=CARTESIAN_POINT('',(-19.72595099,-34.849458501,5.812267905));
#6862=CARTESIAN_POINT('',(-17.824697678,-34.615997439,5.937420487));
#6863=CARTESIAN_POINT('',(-17.06322,-34.172996406,6.000077765));
#6864=CARTESIAN_POINT('',(-17.061252781,-34.171849029,6.00023974));
#6865=CARTESIAN_POINT('',(-20.211909631,-33.795991561,-0.499357109));
#6866=CARTESIAN_POINT('',(-20.156743586,-33.827771315,-0.494177419));
#6867=CARTESIAN_POINT('',(-19.591928256,-34.128808976,-0.442126252));
#6868=CARTESIAN_POINT('',(-18.338217743,-34.333094919,-0.343203608));
#6869=CARTESIAN_POINT('',(-16.694351674,-33.585366192,-0.202589176));
#6870=CARTESIAN_POINT('',(-15.744323106,-32.048793869,-0.061974744));
#6871=CARTESIAN_POINT('',(-15.805177366,-30.246516677,0.078639688));
#6872=CARTESIAN_POINT('',(-16.862490937,-28.775631473,0.21925412));
#6873=CARTESIAN_POINT('',(-18.548115168,-28.151677364,0.359868552));
#6874=CARTESIAN_POINT('',(-20.775188306,-28.651368612,0.536938577));
#6875=CARTESIAN_POINT('',(-22.28279209,-31.251096099,0.750464196));
#6876=CARTESIAN_POINT('',(-20.504155183,-34.315511354,1.000445408));
#6877=CARTESIAN_POINT('',(-17.282989964,-34.297815574,1.229594853));
#6878=CARTESIAN_POINT('',(-15.606668614,-32.083404473,1.437912529));
#6879=CARTESIAN_POINT('',(-15.931868649,-29.621645879,1.625398439));
#6880=CARTESIAN_POINT('',(-17.912198965,-28.103511037,1.812884348));
#6881=CARTESIAN_POINT('',(-20.380348549,-28.433829199,2.000370257));
#6882=CARTESIAN_POINT('',(-21.895162183,-30.410653891,2.187856166));
#6883=CARTESIAN_POINT('',(-21.566992444,-32.880656596,2.375342075));
#6884=CARTESIAN_POINT('',(-19.589412236,-34.394679331,2.562827985));
#6885=CARTESIAN_POINT('',(-17.119791981,-34.067481457,2.750313894));
#6886=CARTESIAN_POINT('',(-15.605441584,-32.08944234,2.937799803));
#6887=CARTESIAN_POINT('',(-15.932155191,-29.620663771,3.125285712));
#6888=CARTESIAN_POINT('',(-17.910597493,-28.104544675,3.312771621));
#6889=CARTESIAN_POINT('',(-19.966789838,-28.379118693,3.469009879));
#6890=CARTESIAN_POINT('',(-21.13838589,-29.419952632,3.594000485));
#6891=CARTESIAN_POINT('',(-21.838452503,-30.821627315,3.718991091));
#6892=CARTESIAN_POINT('',(-21.568949726,-32.879091873,3.875229349));
#6893=CARTESIAN_POINT('',(-19.590665654,-34.394214284,4.062715258));
#6894=CARTESIAN_POINT('',(-17.121272535,-34.068378268,4.250201167));
#6895=CARTESIAN_POINT('',(-15.605767162,-32.090579362,4.437687076));
#6896=CARTESIAN_POINT('',(-15.931319099,-29.621894865,4.625172986));
#6897=CARTESIAN_POINT('',(-17.908908742,-28.105206157,4.812658895));
#6898=CARTESIAN_POINT('',(-20.377439536,-28.432577874,5.000144804));
#6899=CARTESIAN_POINT('',(-21.895297783,-30.40608493,5.187630713));
#6900=CARTESIAN_POINT('',(-21.566525069,-32.88148912,5.375116622));
#6901=CARTESIAN_POINT('',(-19.59623531,-34.388279499,5.562602532));
#6902=CARTESIAN_POINT('',(-17.939484593,-34.18250812,5.687755113));
#6903=CARTESIAN_POINT('',(-17.276356176,-33.795490878,5.750412391));
#6904=CARTESIAN_POINT('',(-17.274643038,-33.794488507,5.750574366));
#6905=CARTESIAN_POINT('',(-19.990740581,-33.423918757,-0.748825554));
#6906=CARTESIAN_POINT('',(-19.943636308,-33.450891022,-0.743645865));
#6907=CARTESIAN_POINT('',(-19.461415192,-33.706295246,-0.691594697));
#6908=CARTESIAN_POINT('',(-18.392068702,-33.877679422,-0.592672053));
#6909=CARTESIAN_POINT('',(-16.992198203,-33.236524779,-0.452057621));
#6910=CARTESIAN_POINT('',(-16.185635177,-31.924357517,-0.311443189));
#6911=CARTESIAN_POINT('',(-16.241524338,-30.387901767,-0.170828757));
#6912=CARTESIAN_POINT('',(-17.146241359,-29.136199736,-0.030214325));
#6913=CARTESIAN_POINT('',(-18.584762876,-28.607973967,0.110400106));
#6914=CARTESIAN_POINT('',(-20.482417643,-29.038951264,0.287470132));
#6915=CARTESIAN_POINT('',(-21.761995909,-31.258787304,0.500995751));
#6916=CARTESIAN_POINT('',(-20.238749828,-33.867501655,0.750976963));
#6917=CARTESIAN_POINT('',(-17.492477405,-33.845256032,0.980126407));
#6918=CARTESIAN_POINT('',(-16.068197098,-31.953559515,1.188444084));
#6919=CARTESIAN_POINT('',(-16.350927062,-29.855429163,1.375929993));
#6920=CARTESIAN_POINT('',(-18.042699151,-28.565494403,1.563415903));
#6921=CARTESIAN_POINT('',(-20.146266752,-28.852604086,1.750901812));
#6922=CARTESIAN_POINT('',(-21.433377926,-30.541378295,1.938387721));
#6923=CARTESIAN_POINT('',(-21.148095701,-32.64653155,2.12587363));
#6924=CARTESIAN_POINT('',(-19.458679188,-33.932966194,2.313359539));
#6925=CARTESIAN_POINT('',(-17.353849785,-33.648513794,2.500845449));
#6926=CARTESIAN_POINT('',(-16.067136866,-31.958704909,2.688331358));
#6927=CARTESIAN_POINT('',(-16.351174417,-29.854592603,2.875817267));
#6928=CARTESIAN_POINT('',(-18.041331178,-28.566371592,3.063303176));
#6929=CARTESIAN_POINT('',(-19.793794956,-28.805040636,3.219541434));
#6930=CARTESIAN_POINT('',(-20.790364936,-29.695040824,3.34453204));
#6931=CARTESIAN_POINT('',(-21.384115885,-30.891641636,3.469522646));
#6932=CARTESIAN_POINT('',(-21.149767,-32.645200848,3.625760904));
#6933=CARTESIAN_POINT('',(-19.459749191,-33.932573257,3.813246813));
#6934=CARTESIAN_POINT('',(-17.355109881,-33.649281502,4.000732722));
#6935=CARTESIAN_POINT('',(-16.067412571,-31.959675064,4.188218631));
#6936=CARTESIAN_POINT('',(-16.350457978,-29.855639944,4.37570454));
#6937=CARTESIAN_POINT('',(-18.039890214,-28.566932563,4.56319045));
#6938=CARTESIAN_POINT('',(-20.143789305,-28.851530454,4.750676359));
#6939=CARTESIAN_POINT('',(-21.433503799,-30.537483678,4.938162268));
#6940=CARTESIAN_POINT('',(-21.147695207,-32.647239456,5.125648177));
#6941=CARTESIAN_POINT('',(-19.464510408,-33.927525586,5.313134086));
#6942=CARTESIAN_POINT('',(-18.052450448,-33.748405728,5.438286668));
#6943=CARTESIAN_POINT('',(-17.487938618,-33.416967294,5.500943946));
#6944=CARTESIAN_POINT('',(-17.486480254,-33.41610888,5.501105921));
#6945=B_SPLINE_SURFACE_WITH_KNOTS('',3,3,((#6785,#6786,#6787,#6788,#6789,#6790,#6791,#6792,#6793,#6794,#6795,#6796,#6797,#6798,#6799,#6800,#6801,#6802,#6803,#6804,#6805,#6806,#6807,#6808,#6809,#6810,
#6811,#6812,#6813,#6814,#6815,#6816,#6817,#6818,#6819,#6820,#6821,#6822,#6823,#6824),(#6825,#6826,#6827,#6828,#6829,#6830,#6831,#6832,#6833,#6834,#6835,#6836,#6837,#6838,#6839,#6840,#6841,#6842,#6843,#6844,#6845,#6846,#6847,#6848,#6849,#6850,
#6851,#6852,#6853,#6854,#6855,#6856,#6857,#6858,#6859,#6860,#6861,#6862,#6863,#6864),(#6865,#6866,#6867,#6868,#6869,#6870,#6871,#6872,#6873,#6874,#6875,#6876,#6877,#6878,#6879,#6880,#6881,#6882,#6883,#6884,#6885,#6886,#6887,#6888,#6889,#6890,
#6891,#6892,#6893,#6894,#6895,#6896,#6897,#6898,#6899,#6900,#6901,#6902,#6903,#6904),(#6905,#6906,#6907,#6908,#6909,#6910,#6911,#6912,#6913,#6914,#6915,#6916,#6917,#6918,#6919,#6920,#6921,#6922,#6923,#6924,#6925,#6926,#6927,#6928,#6929,#6930,
#6931,#6932,#6933,#6934,#6935,#6936,#6937,#6938,#6939,#6940,#6941,#6942,#6943,#6944)),.UNSPECIFIED.,.F.,.F.,.U.,(4,4),(4,1,1,1,1,1,1,1,1,1,1,1,1,1,1,1,1,1,1,1,1,1,1,1,1,1,
1,1,1,1,1,1,1,1,1,1,1,4),(-0.043409303,0.10644836),(10.468243376,10.533333278,11.122337633,11.711341988,12.300346343,12.889350698,13.478355053,14.067359408,14.656363763,15.703482616,16.750601469,17.797720323,18.583059463,19.368398603,20.153737742,20.939076882,21.724416022,22.509755162,23.295094302,24.080433442,24.865772582,25.651111722,26.436450862,27.221790002,27.614459572,28.007129142,
28.792468282,29.577807422,30.363146562,31.148485702,31.933824842,32.719163981,33.504503121,34.289842261,35.075181401,35.860520541,36.645859681,36.647895121),.UNSPECIFIED.);
#6946=ORIENTED_EDGE('',*,*,#1222,.T.);
#6947=CARTESIAN_POINT('',(-17.486480254,-33.416108881,5.501105921));
#6948=CARTESIAN_POINT('',(-18.005021989,-33.71894057,5.442440429));
#6949=CARTESIAN_POINT('',(-18.63912314,-33.820720992,5.386189954));
#6950=CARTESIAN_POINT('',(-19.228206339,-33.707653636,5.329519768));
#6951=CARTESIAN_POINT('',(-19.817289539,-33.594586279,5.272849583));
#6952=CARTESIAN_POINT('',(-20.36079717,-33.255158616,5.21460046));
#6953=CARTESIAN_POINT('',(-20.730225779,-32.781771163,5.157181773));
#6954=CARTESIAN_POINT('',(-21.099654387,-32.308383711,5.099763086));
#6955=CARTESIAN_POINT('',(-21.282118458,-31.695643819,5.042815822));
#6956=CARTESIAN_POINT('',(-21.247835052,-31.095912295,4.985359226));
#6957=CARTESIAN_POINT('',(-21.230693349,-30.796046533,4.956630928));
#6958=CARTESIAN_POINT('',(-21.158743546,-30.500135574,4.928096889));
#6959=CARTESIAN_POINT('',(-21.034741531,-30.22657691,4.899435513));
#6960=CARTESIAN_POINT('',(-20.910739516,-29.953018245,4.870774137));
#6961=CARTESIAN_POINT('',(-20.736938773,-29.70128155,4.842099657));
#6962=CARTESIAN_POINT('',(-20.525699308,-29.487294013,4.813434407));
#6963=CARTESIAN_POINT('',(-20.314459843,-29.273306476,4.784769158));
#6964=CARTESIAN_POINT('',(-20.065569057,-29.097526711,4.756270761));
#6965=CARTESIAN_POINT('',(-19.792348486,-28.973635216,4.727653303));
#6966=CARTESIAN_POINT('',(-19.519127915,-28.849743721,4.699035845));
#6967=CARTESIAN_POINT('',(-19.222656456,-28.77586272,4.670295869));
#6968=CARTESIAN_POINT('',(-18.922662835,-28.754540066,4.641569891));
#6969=CARTESIAN_POINT('',(-18.622669214,-28.733217413,4.612843914));
#6970=CARTESIAN_POINT('',(-18.319140059,-28.764474786,4.584198897));
#6971=CARTESIAN_POINT('',(-18.031909212,-28.850944203,4.555537926));
#6972=CARTESIAN_POINT('',(-17.744678365,-28.93741362,4.526876956));
#6973=CARTESIAN_POINT('',(-17.4734675,-29.077885941,4.498243573));
#6974=CARTESIAN_POINT('',(-17.234146467,-29.260166789,4.469619137));
#6975=CARTESIAN_POINT('',(-16.994825433,-29.442447637,4.440994702));
#6976=CARTESIAN_POINT('',(-16.787411969,-29.666563073,4.412363028));
#6977=CARTESIAN_POINT('',(-16.627803292,-29.920328678,4.383712872));
#6978=CARTESIAN_POINT('',(-16.468194615,-30.174094282,4.355062715));
#6979=CARTESIAN_POINT('',(-16.35741643,-30.458080081,4.326373961));
#6980=CARTESIAN_POINT('',(-16.298265128,-30.752907925,4.29772049));
#6981=CARTESIAN_POINT('',(-16.239113827,-31.047735768,4.26906702));
#6982=CARTESIAN_POINT('',(-16.231616691,-31.353403533,4.240395354));
#6983=CARTESIAN_POINT('',(-16.278514391,-31.649932035,4.211725105));
#6984=CARTESIAN_POINT('',(-16.325412091,-31.946460537,4.183054855));
#6985=CARTESIAN_POINT('',(-16.428511505,-32.23326642,4.154571884));
#6986=CARTESIAN_POINT('',(-16.57857712,-32.493630292,4.126074448));
#6987=CARTESIAN_POINT('',(-16.728642735,-32.753994163,4.097577012));
#6988=CARTESIAN_POINT('',(-16.925285692,-32.987905705,4.068753177));
#6989=CARTESIAN_POINT('',(-17.156113975,-33.180000035,4.03994191));
#6990=CARTESIAN_POINT('',(-17.386942257,-33.372094365,4.011130643));
#6991=CARTESIAN_POINT('',(-17.652859702,-33.520797961,3.982536957));
#6992=CARTESIAN_POINT('',(-17.937482463,-33.617082358,3.953876222));
#6993=CARTESIAN_POINT('',(-18.506727986,-33.809651151,3.896554752));
#6994=CARTESIAN_POINT('',(-19.145925402,-33.796289317,3.839426738));
#6995=CARTESIAN_POINT('',(-19.700229146,-33.566087186,3.782096997));
#6996=CARTESIAN_POINT('',(-20.254532891,-33.335885055,3.724767257));
#6997=CARTESIAN_POINT('',(-20.727386672,-32.902440767,3.667374378));
#6998=CARTESIAN_POINT('',(-20.992566942,-32.364266964,3.610058777));
#6999=CARTESIAN_POINT('',(-21.257747211,-31.826093161,3.552743177));
#7000=CARTESIAN_POINT('',(-21.323919862,-31.188309218,3.495806647));
#7001=CARTESIAN_POINT('',(-21.170526797,-30.608612273,3.438305175));
#7002=CARTESIAN_POINT('',(-21.017133732,-30.028915328,3.380803703));
#7003=CARTESIAN_POINT('',(-20.64347751,-29.507264434,3.323323481));
#7004=CARTESIAN_POINT('',(-20.146280766,-29.171517103,3.266327197));
#7005=CARTESIAN_POINT('',(-19.649084023,-28.835769772,3.209330912));
#7006=CARTESIAN_POINT('',(-19.024581655,-28.69312274,3.151675313));
#7007=CARTESIAN_POINT('',(-18.428828932,-28.767328718,3.094340637));
#7008=CARTESIAN_POINT('',(-17.83307621,-28.841534695,3.037005962));
#7009=CARTESIAN_POINT('',(-17.271004417,-29.146840357,2.979728317));
#7010=CARTESIAN_POINT('',(-16.871940038,-29.595934797,2.922442509));
#7011=CARTESIAN_POINT('',(-16.672407849,-29.820482017,2.893799605));
#7012=CARTESIAN_POINT('',(-16.514926086,-30.081100159,2.865152083));
#7013=CARTESIAN_POINT('',(-16.409688203,-30.362347593,2.836497603));
#7014=CARTESIAN_POINT('',(-16.30445032,-30.643595027,2.807843123));
#7015=CARTESIAN_POINT('',(-16.249678793,-30.94445863,2.77917902));
#7016=CARTESIAN_POINT('',(-16.248041054,-31.245089365,2.750525687));
#7017=CARTESIAN_POINT('',(-16.246403315,-31.545720101,2.721872355));
#7018=CARTESIAN_POINT('',(-16.298625923,-31.845901672,2.693284304));
#7019=CARTESIAN_POINT('',(-16.404728555,-32.126489444,2.664635616));
#7020=CARTESIAN_POINT('',(-16.510831188,-32.407077217,2.635986928));
#7021=CARTESIAN_POINT('',(-16.668652904,-32.66867613,2.607280699));
#7022=CARTESIAN_POINT('',(-16.866026513,-32.895591774,2.578629831));
#7023=CARTESIAN_POINT('',(-17.063400122,-33.122507418,2.549978963));
#7024=CARTESIAN_POINT('',(-17.300513185,-33.314549524,2.521318099));
#7025=CARTESIAN_POINT('',(-17.56495537,-33.456018954,2.492664965));
#7026=CARTESIAN_POINT('',(-17.829397556,-33.597488384,2.46401183));
#7027=CARTESIAN_POINT('',(-18.120499262,-33.689534696,2.435428288));
#7028=CARTESIAN_POINT('',(-18.418581405,-33.729447513,2.406828604));
#7029=CARTESIAN_POINT('',(-18.716663549,-33.76936033,2.37822892));
#7030=CARTESIAN_POINT('',(-19.021726562,-33.757109662,2.349593557));
#7031=CARTESIAN_POINT('',(-19.314053767,-33.68998347,2.320915885));
#7032=CARTESIAN_POINT('',(-19.606380972,-33.622857278,2.292238212));
#7033=CARTESIAN_POINT('',(-19.885675972,-33.499681048,2.263464113));
#7034=CARTESIAN_POINT('',(-20.135958782,-33.332427781,2.234780047));
#7035=CARTESIAN_POINT('',(-20.386241592,-33.165174514,2.20609598));
#7036=CARTESIAN_POINT('',(-20.607411372,-32.953772864,2.177401096));
#7037=CARTESIAN_POINT('',(-20.78339341,-32.710757388,2.148763731));
#7038=CARTESIAN_POINT('',(-20.959375449,-32.467741911,2.120126366));
#7039=CARTESIAN_POINT('',(-21.088405441,-32.19225712,2.09164366));
#7040=CARTESIAN_POINT('',(-21.165529786,-31.902268259,2.062987397));
#7041=CARTESIAN_POINT('',(-21.24265413,-31.612279398,2.034331133));
#7042=CARTESIAN_POINT('',(-21.268965316,-31.30818347,2.0057184));
#7043=CARTESIAN_POINT('',(-21.241434489,-31.009144805,1.977063503));
#7044=CARTESIAN_POINT('',(-21.213903661,-30.710106141,1.948408607));
#7045=CARTESIAN_POINT('',(-21.130212686,-30.416640935,1.919620916));
#7046=CARTESIAN_POINT('',(-20.996483463,-30.146903882,1.891044849));
#7047=CARTESIAN_POINT('',(-20.862754239,-29.87716683,1.862468781));
#7048=CARTESIAN_POINT('',(-20.681242505,-29.630395249,1.834504632));
#7049=CARTESIAN_POINT('',(-20.463194802,-29.423683859,1.806101596));
#7050=CARTESIAN_POINT('',(-20.245147099,-29.216972469,1.777698559));
#7051=CARTESIAN_POINT('',(-19.990299612,-29.051455887,1.748937866));
#7052=CARTESIAN_POINT('',(-19.712764452,-28.938750728,1.719470139));
#7053=CARTESIAN_POINT('',(-19.435229292,-28.826045568,1.690002412));
#7054=CARTESIAN_POINT('',(-19.136508181,-28.759956653,1.662259059));
#7055=CARTESIAN_POINT('',(-18.834896008,-28.749411794,1.63312979));
#7056=CARTESIAN_POINT('',(-18.533283835,-28.738866934,1.60400052));
#7057=CARTESIAN_POINT('',(-18.230256988,-28.783075014,1.574423593));
#7058=CARTESIAN_POINT('',(-17.94627947,-28.877536972,1.547437805));
#7059=CARTESIAN_POINT('',(-17.662301953,-28.971998929,1.520452017));
#7060=CARTESIAN_POINT('',(-17.397718625,-29.118072291,1.49366094));
#7061=CARTESIAN_POINT('',(-17.16750726,-29.309407707,1.46343238));
#7062=CARTESIAN_POINT('',(-16.937295894,-29.500743123,1.433203821));
#7063=CARTESIAN_POINT('',(-16.735556503,-29.73199883,1.404440534));
#7064=CARTESIAN_POINT('',(-16.583379687,-29.994235019,1.375475762));
#7065=CARTESIAN_POINT('',(-16.431202871,-30.256471208,1.346510989));
#7066=CARTESIAN_POINT('',(-16.330391295,-30.546922126,1.317518966));
#7067=CARTESIAN_POINT('',(-16.278980246,-30.842281372,1.290744389));
#7068=CARTESIAN_POINT('',(-16.227569197,-31.137640618,1.263969813));
#7069=CARTESIAN_POINT('',(-16.232808448,-31.439765056,1.234497487));
#7070=CARTESIAN_POINT('',(-16.292530137,-31.732759729,1.20427032));
#7071=CARTESIAN_POINT('',(-16.352251825,-32.025754402,1.174043153));
#7072=CARTESIAN_POINT('',(-16.463524623,-32.31110111,1.146415419));
#7073=CARTESIAN_POINT('',(-16.622761911,-32.56797401,1.117605553));
#7074=CARTESIAN_POINT('',(-16.7819992,-32.82484691,1.088795687));
#7075=CARTESIAN_POINT('',(-16.9864803,-33.053717847,1.060020774));
#7076=CARTESIAN_POINT('',(-17.223826169,-33.237773561,1.031428319));
#7077=CARTESIAN_POINT('',(-17.461172038,-33.421829274,1.002835863));
#7078=CARTESIAN_POINT('',(-17.732443042,-33.559882243,0.975009519));
#7079=CARTESIAN_POINT('',(-18.020627177,-33.645435014,0.947079255));
#7080=CARTESIAN_POINT('',(-18.308811312,-33.730987785,0.91914899));
#7081=CARTESIAN_POINT('',(-18.613074727,-33.764848558,0.890872761));
#7082=CARTESIAN_POINT('',(-18.912921861,-33.74537386,0.861257126));
#7083=CARTESIAN_POINT('',(-19.062845429,-33.735636511,0.846449309));
#7084=CARTESIAN_POINT('',(-19.211789317,-33.713165642,0.831638886));
#7085=CARTESIAN_POINT('',(-19.357547702,-33.677542351,0.816670335));
#7086=CARTESIAN_POINT('',(-19.503306087,-33.64191906,0.801701785));
#7087=CARTESIAN_POINT('',(-19.646859977,-33.595789021,0.788218786));
#7088=CARTESIAN_POINT('',(-19.783931466,-33.53449345,0.773517343));
#7089=CARTESIAN_POINT('',(-20.058074443,-33.411902307,0.744114456));
#7090=CARTESIAN_POINT('',(-20.306675077,-33.235232214,0.715308851));
#7091=CARTESIAN_POINT('',(-20.518079657,-33.021625573,0.687853017));
#7092=CARTESIAN_POINT('',(-20.940888818,-32.594412289,0.632941349));
#7093=CARTESIAN_POINT('',(-21.212395037,-32.015242649,0.575642347));
#7094=CARTESIAN_POINT('',(-21.252431012,-31.414916441,0.515834336));
#7095=CARTESIAN_POINT('',(-21.292466987,-30.814590233,0.456026324));
#7096=CARTESIAN_POINT('',(-21.098887672,-30.2051574,0.404104988));
#7097=CARTESIAN_POINT('',(-20.734532715,-29.727685905,0.346031392));
#7098=CARTESIAN_POINT('',(-20.643443975,-29.608318031,0.331512993));
#7099=CARTESIAN_POINT('',(-20.54189003,-29.497029662,0.316732484));
#7100=CARTESIAN_POINT('',(-20.431097496,-29.395889951,0.301720779));
#7101=CARTESIAN_POINT('',(-20.320304963,-29.294750239,0.286709074));
#7102=CARTESIAN_POINT('',(-20.202671439,-29.199961045,0.27404599));
#7103=CARTESIAN_POINT('',(-20.073967252,-29.122314152,0.257951841));
#7104=CARTESIAN_POINT('',(-20.009615159,-29.083490706,0.249904767));
#7105=CARTESIAN_POINT('',(-19.944845227,-29.045082038,0.243636738));
#7106=CARTESIAN_POINT('',(-19.877568546,-29.011381227,0.236379755));
#7107=CARTESIAN_POINT('',(-19.810291865,-28.977680416,0.229122772));
#7108=CARTESIAN_POINT('',(-19.741213972,-28.94772636,0.221541872));
#7109=CARTESIAN_POINT('',(-19.671405464,-28.919628178,0.214822825));
#7110=CARTESIAN_POINT('',(-19.531788447,-28.863431814,0.201384731));
#7111=CARTESIAN_POINT('',(-19.386105867,-28.82327632,0.186110387));
#7112=CARTESIAN_POINT('',(-19.238670625,-28.794590155,0.171871217));
#7113=CARTESIAN_POINT('',(-18.64892966,-28.679845496,0.114914538));
#7114=CARTESIAN_POINT('',(-18.018908542,-28.780878275,0.059215127));
#7115=CARTESIAN_POINT('',(-17.498556927,-29.082381559,0.000052736));
#7116=B_SPLINE_CURVE_WITH_KNOTS('',3,(#6947,#6948,#6949,#6950,#6951,#6952,#6953,#6954,#6955,#6956,#6957,#6958,#6959,#6960,#6961,#6962,#6963,#6964,#6965,#6966,#6967,#6968,#6969,#6970,#6971,#6972,
#6973,#6974,#6975,#6976,#6977,#6978,#6979,#6980,#6981,#6982,#6983,#6984,#6985,#6986,#6987,#6988,#6989,#6990,#6991,#6992,#6993,#6994,#6995,#6996,#6997,
#6998,#6999,#7000,#7001,#7002,#7003,#7004,#7005,#7006,#7007,#7008,#7009,#7010,#7011,#7012,#7013,#7014,#7015,#7016,#7017,#7018,#7019,#7020,#7021,#7022,
#7023,#7024,#7025,#7026,#7027,#7028,#7029,#7030,#7031,#7032,#7033,#7034,#7035,#7036,#7037,#7038,#7039,#7040,#7041,#7042,#7043,#7044,#7045,#7046,#7047,
#7048,#7049,#7050,#7051,#7052,#7053,#7054,#7055,#7056,#7057,#7058,#7059,#7060,#7061,#7062,#7063,#7064,#7065,#7066,#7067,#7068,#7069,#7070,#7071,#7072,
#7073,#7074,#7075,#7076,#7077,#7078,#7079,#7080,#7081,#7082,#7083,#7084,#7085,#7086,#7087,#7088,#7089,#7090,#7091,#7092,#7093,#7094,#7095,#7096,#7097,
#7098,#7099,#7100,#7101,#7102,#7103,#7104,#7105,#7106,#7107,#7108,#7109,#7110,#7111,#7112,#7113,#7114,#7115),.UNSPECIFIED.,.F.,.F.,(4,3,3,3,3,3,3,3,3,3,3,3,3,3,3,3,3,3,3,3,3,3,3,3,3,3,
3,3,3,3,3,3,3,3,3,3,3,3,3,3,3,3,3,3,3,3,3,3,3,3,3,
3,3,3,3,3,4),(9.773279213,9.954891934,10.136504655,10.318117376,10.408923737,10.499730097,10.590536458,10.681342819,10.772149179,10.86295554,10.9537619,11.044568261,11.135374622,11.226180982,11.316987343,11.407793704,11.589406425,11.771019146,11.952631867,12.134244588,12.31585731,12.497470031,12.588276391,12.679082752,12.769889113,12.860695473,
12.951501834,13.042308195,13.133114555,13.223920916,13.314727276,13.405533637,13.496339998,13.587146358,13.677952719,13.768759079,13.85956544,13.950371801,14.041178161,14.131984522,14.222790882,14.313597243,14.404403604,14.495209964,14.586016325,14.676822686,14.722225866,14.767629046,14.858435407,15.040048128,15.221660849,
15.267064029,15.31246721,15.3351688,15.35787039,15.40327357,15.584886292),.UNSPECIFIED.);
#7117=EDGE_CURVE('',#1171,#953,#7116,.T.);
#7118=ORIENTED_EDGE('',*,*,#7117,.T.);
#7119=ORIENTED_EDGE('',*,*,#1070,.T.);
#7120=CARTESIAN_POINT('',(-20.627681598,-27.9434079,5.498292087));
#7121=CARTESIAN_POINT('',(-19.839459812,-27.493801262,5.442525363));
#7122=CARTESIAN_POINT('',(-18.875553316,-27.343582126,5.384054372));
#7123=CARTESIAN_POINT('',(-17.981527745,-27.526627896,5.325929235));
#7124=CARTESIAN_POINT('',(-17.087502173,-27.709673666,5.267804099));
#7125=CARTESIAN_POINT('',(-16.270633384,-28.232784764,5.21192198));
#7126=CARTESIAN_POINT('',(-15.718738558,-28.955363262,5.154748455));
#7127=CARTESIAN_POINT('',(-15.166843732,-29.67794176,5.09757493));
#7128=CARTESIAN_POINT('',(-14.897341493,-30.612933096,5.040182312));
#7129=CARTESIAN_POINT('',(-14.959221001,-31.523671748,4.982837856));
#7130=CARTESIAN_POINT('',(-14.990160755,-31.979041074,4.954165628));
#7131=CARTESIAN_POINT('',(-15.105163185,-32.4267855,4.925521113));
#7132=CARTESIAN_POINT('',(-15.297658979,-32.839810835,4.89689491));
#7133=CARTESIAN_POINT('',(-15.490154774,-33.252836171,4.868268707));
#7134=CARTESIAN_POINT('',(-15.757210534,-33.632049748,4.839654613));
#7135=CARTESIAN_POINT('',(-16.080559843,-33.953718744,4.811030836));
#7136=CARTESIAN_POINT('',(-16.403909153,-34.27538774,4.78240706));
#7137=CARTESIAN_POINT('',(-16.784514474,-34.537979355,4.753524877));
#7138=CARTESIAN_POINT('',(-17.201204041,-34.721884097,4.724847013));
#7139=CARTESIAN_POINT('',(-17.617893607,-34.905788839,4.696169149));
#7140=CARTESIAN_POINT('',(-18.069001844,-35.013901644,4.667676669));
#7141=CARTESIAN_POINT('',(-18.524523096,-35.042046676,4.639148483));
#7142=CARTESIAN_POINT('',(-18.980044347,-35.070191708,4.610620297));
#7143=CARTESIAN_POINT('',(-19.439861266,-35.018036226,4.581958267));
#7144=CARTESIAN_POINT('',(-19.87442926,-34.882689585,4.553330432));
#7145=CARTESIAN_POINT('',(-20.308997253,-34.747342944,4.524702597));
#7146=CARTESIAN_POINT('',(-20.718789807,-34.530468738,4.496038047));
#7147=CARTESIAN_POINT('',(-21.079593195,-34.250508696,4.467361173));
#7148=CARTESIAN_POINT('',(-21.440396582,-33.970548654,4.438684298));
#7149=CARTESIAN_POINT('',(-21.752239874,-33.627544987,4.410021734));
#7150=CARTESIAN_POINT('',(-21.990950909,-33.239957264,4.381388339));
#7151=CARTESIAN_POINT('',(-22.229661945,-32.852369542,4.352754943));
#7152=CARTESIAN_POINT('',(-22.393864965,-32.419420326,4.324185025));
#7153=CARTESIAN_POINT('',(-22.479350333,-31.971136473,4.295550861));
#7154=CARTESIAN_POINT('',(-22.564835701,-31.52285262,4.266916698));
#7155=CARTESIAN_POINT('',(-22.571929239,-31.059386863,4.238300991));
#7156=CARTESIAN_POINT('',(-22.497178603,-30.610319907,4.209682535));
#7157=CARTESIAN_POINT('',(-22.422427968,-30.161252951,4.181064078));
#7158=CARTESIAN_POINT('',(-22.262308804,-29.72730826,4.152145696));
#7159=CARTESIAN_POINT('',(-22.030936393,-29.333899496,4.123292121));
#7160=CARTESIAN_POINT('',(-21.799563982,-28.940490732,4.094438545));
#7161=CARTESIAN_POINT('',(-21.498321074,-28.587214117,4.066119526));
#7162=CARTESIAN_POINT('',(-21.145553204,-28.298624107,4.037702217));
#7163=CARTESIAN_POINT('',(-20.792785334,-28.010034097,4.009284907));
#7164=CARTESIAN_POINT('',(-20.387132521,-27.788815656,3.980562642));
#7165=CARTESIAN_POINT('',(-19.95414418,-27.646200555,3.951934467));
#7166=CARTESIAN_POINT('',(-19.088167497,-27.360970351,3.894678117));
#7167=CARTESIAN_POINT('',(-18.117900879,-27.38830859,3.837150452));
#7168=CARTESIAN_POINT('',(-17.278895017,-27.744619541,3.779937192));
#7169=CARTESIAN_POINT('',(-16.439889156,-28.100930493,3.722723933));
#7170=CARTESIAN_POINT('',(-15.728606505,-28.764053775,3.66556728));
#7171=CARTESIAN_POINT('',(-15.332138165,-29.583346935,3.608288015));
#7172=CARTESIAN_POINT('',(-14.935669825,-30.402640096,3.55100875));
#7173=CARTESIAN_POINT('',(-14.842186639,-31.371744402,3.493215861));
#7174=CARTESIAN_POINT('',(-15.081398694,-32.250380825,3.436253405));
#7175=CARTESIAN_POINT('',(-15.320610749,-33.129017248,3.379290949));
#7176=CARTESIAN_POINT('',(-15.892493035,-33.916115828,3.322231446));
#7177=CARTESIAN_POINT('',(-16.650872592,-34.420467501,3.264501458));
#7178=CARTESIAN_POINT('',(-17.409252149,-34.924819174,3.20677147));
#7179=CARTESIAN_POINT('',(-18.358984787,-35.135773037,3.150058002));
#7180=CARTESIAN_POINT('',(-19.261870538,-35.017011536,3.092815671));
#7181=CARTESIAN_POINT('',(-20.164756289,-34.898250035,3.03557334));
#7182=CARTESIAN_POINT('',(-21.015697261,-34.429987967,2.978272323));
#7183=CARTESIAN_POINT('',(-21.617387521,-33.744502403,2.920981532));
#7184=CARTESIAN_POINT('',(-21.918232651,-33.401759621,2.892336137));
#7185=CARTESIAN_POINT('',(-22.154766104,-33.004635797,2.863691849));
#7186=CARTESIAN_POINT('',(-22.311946524,-32.576799528,2.835060854));
#7187=CARTESIAN_POINT('',(-22.469126943,-32.148963259,2.806429858));
#7188=CARTESIAN_POINT('',(-22.549642513,-31.691976631,2.777804907));
#7189=CARTESIAN_POINT('',(-22.549590584,-31.235798708,2.749167253));
#7190=CARTESIAN_POINT('',(-22.549538656,-30.779620785,2.720529599));
#7191=CARTESIAN_POINT('',(-22.467517574,-30.324586613,2.691793615));
#7192=CARTESIAN_POINT('',(-22.304048514,-29.899472515,2.663157901));
#7193=CARTESIAN_POINT('',(-22.140579454,-29.474358416,2.634522187));
#7194=CARTESIAN_POINT('',(-21.898870497,-29.078347967,2.605970348));
#7195=CARTESIAN_POINT('',(-21.597340975,-28.735660597,2.577333039));
#7196=CARTESIAN_POINT('',(-21.295811453,-28.392973228,2.54869573));
#7197=CARTESIAN_POINT('',(-20.934547433,-28.103653347,2.520068851));
#7198=CARTESIAN_POINT('',(-20.532172139,-27.890907276,2.491432555));
#7199=CARTESIAN_POINT('',(-20.129796846,-27.678161206,2.46279626));
#7200=CARTESIAN_POINT('',(-19.68711024,-27.540619235,2.434054442));
#7201=CARTESIAN_POINT('',(-19.234253919,-27.482310008,2.405343426));
#7202=CARTESIAN_POINT('',(-18.781397597,-27.424000781,2.37663241));
#7203=CARTESIAN_POINT('',(-18.318370802,-27.444884692,2.347977915));
#7204=CARTESIAN_POINT('',(-17.875248185,-27.548999343,2.319380647));
#7205=CARTESIAN_POINT('',(-17.432125568,-27.653113994,2.290783378));
#7206=CARTESIAN_POINT('',(-17.009297762,-27.841926743,2.262325001));
#7207=CARTESIAN_POINT('',(-16.631034371,-28.097394533,2.233722356));
#7208=CARTESIAN_POINT('',(-16.252770981,-28.352862324,2.205119712));
#7209=CARTESIAN_POINT('',(-15.918842238,-28.674569503,2.176527604));
#7210=CARTESIAN_POINT('',(-15.653137436,-29.044370325,2.147870976));
#7211=CARTESIAN_POINT('',(-15.387432635,-29.414171147,2.119214349));
#7212=CARTESIAN_POINT('',(-15.193117627,-29.833975199,2.090344765));
#7213=CARTESIAN_POINT('',(-15.077589471,-30.275489261,2.061742072));
#7214=CARTESIAN_POINT('',(-14.962061315,-30.717003322,2.033139379));
#7215=CARTESIAN_POINT('',(-14.924830748,-31.179667355,2.004473276));
#7216=CARTESIAN_POINT('',(-14.969032853,-31.633145885,1.975841178));
#7217=CARTESIAN_POINT('',(-15.013234958,-32.086624414,1.94720908));
#7218=CARTESIAN_POINT('',(-15.140913326,-32.530579786,1.919042012));
#7219=CARTESIAN_POINT('',(-15.345068584,-32.93820177,1.889949861));
#7220=CARTESIAN_POINT('',(-15.7533791,-33.753445738,1.83176556));
#7221=CARTESIAN_POINT('',(-16.457082927,-34.423341909,1.772827484));
#7222=CARTESIAN_POINT('',(-17.302020235,-34.765018944,1.717614848));
#7223=CARTESIAN_POINT('',(-17.72448889,-34.935857462,1.690008531));
#7224=CARTESIAN_POINT('',(-18.17924307,-35.025215653,1.660329988));
#7225=CARTESIAN_POINT('',(-18.634428307,-35.040186281,1.632320285));
#7226=CARTESIAN_POINT('',(-19.089613544,-35.055156909,1.604310582));
#7227=CARTESIAN_POINT('',(-19.54708241,-34.994119163,1.576725209));
#7228=CARTESIAN_POINT('',(-19.97853729,-34.848561815,1.545700348));
#7229=CARTESIAN_POINT('',(-20.40999217,-34.703004466,1.514675488));
#7230=CARTESIAN_POINT('',(-20.814833737,-34.474106726,1.483630442));
#7231=CARTESIAN_POINT('',(-21.166908395,-34.182387642,1.457434341));
#7232=CARTESIAN_POINT('',(-21.518983053,-33.890668558,1.43123824));
#7233=CARTESIAN_POINT('',(-21.812203194,-33.532437702,1.402781454));
#7234=CARTESIAN_POINT('',(-22.038076542,-33.139144918,1.374386034));
#7235=CARTESIAN_POINT('',(-22.26394989,-32.745852133,1.345990614));
#7236=CARTESIAN_POINT('',(-22.425270024,-32.313685023,1.317667687));
#7237=CARTESIAN_POINT('',(-22.500024267,-31.86409747,1.286324858));
#7238=CARTESIAN_POINT('',(-22.57477851,-31.414509918,1.254982028));
#7239=CARTESIAN_POINT('',(-22.568897065,-30.950408786,1.227705679));
#7240=CARTESIAN_POINT('',(-22.477971539,-30.50368347,1.2014443));
#7241=CARTESIAN_POINT('',(-22.387046014,-30.056958155,1.175182921));
#7242=CARTESIAN_POINT('',(-22.208034024,-29.629830616,1.145103569));
#7243=CARTESIAN_POINT('',(-21.966477955,-29.242753985,1.116650208));
#7244=CARTESIAN_POINT('',(-21.724921886,-28.855677354,1.088196847));
#7245=CARTESIAN_POINT('',(-21.419203406,-28.506992424,1.061279337));
#7246=CARTESIAN_POINT('',(-21.059253025,-28.229334923,1.030958753));
#7247=CARTESIAN_POINT('',(-20.879277835,-28.090506172,1.015798461));
#7248=CARTESIAN_POINT('',(-20.688367412,-27.96593032,1.002443574));
#7249=CARTESIAN_POINT('',(-20.485663729,-27.86339294,0.987441137));
#7250=CARTESIAN_POINT('',(-20.282960045,-27.760855559,0.9724387));
#7251=CARTESIAN_POINT('',(-20.070294239,-27.677559891,0.957417699));
#7252=CARTESIAN_POINT('',(-19.851485049,-27.613592964,0.942555058));
#7253=CARTESIAN_POINT('',(-19.41386667,-27.48565911,0.912829776));
#7254=CARTESIAN_POINT('',(-18.951482652,-27.435045308,0.883720877));
#7255=CARTESIAN_POINT('',(-18.495287915,-27.463737068,0.856562819));
#7256=CARTESIAN_POINT('',(-17.582898441,-27.521120589,0.802246702));
#7257=CARTESIAN_POINT('',(-16.706352942,-27.908542425,0.748357581));
#7258=CARTESIAN_POINT('',(-16.066565469,-28.559832057,0.686831398));
#7259=CARTESIAN_POINT('',(-15.746671733,-28.885476873,0.656068306));
#7260=CARTESIAN_POINT('',(-15.482457281,-29.270377164,0.62589141));
#7261=CARTESIAN_POINT('',(-15.291103991,-29.687398644,0.598113475));
#7262=CARTESIAN_POINT('',(-15.195427346,-29.895909384,0.584224507));
#7263=CARTESIAN_POINT('',(-15.117382859,-30.112299267,0.571426597));
#7264=CARTESIAN_POINT('',(-15.061468552,-30.333480724,0.557806238));
#7265=CARTESIAN_POINT('',(-15.005554245,-30.554662182,0.544185879));
#7266=CARTESIAN_POINT('',(-14.973017881,-30.780263553,0.528880134));
#7267=CARTESIAN_POINT('',(-14.957431427,-31.006017373,0.51536475));
#7268=CARTESIAN_POINT('',(-14.926258521,-31.457525012,0.488333981));
#7269=CARTESIAN_POINT('',(-14.977158988,-31.913878998,0.459764747));
#7270=CARTESIAN_POINT('',(-15.113136367,-32.348643908,0.428839333));
#7271=CARTESIAN_POINT('',(-15.249113747,-32.783408817,0.397913918));
#7272=CARTESIAN_POINT('',(-15.463427462,-33.19652465,0.368265067));
#7273=CARTESIAN_POINT('',(-15.740502392,-33.560962836,0.340278363));
#7274=CARTESIAN_POINT('',(-15.879039858,-33.74318193,0.326285011));
#7275=CARTESIAN_POINT('',(-16.033184061,-33.913310421,0.312746145));
#7276=CARTESIAN_POINT('',(-16.20109303,-34.067764294,0.299409436));
#7277=CARTESIAN_POINT('',(-16.369001999,-34.222218167,0.286072728));
#7278=CARTESIAN_POINT('',(-16.553644171,-34.35634217,0.26984676));
#7279=CARTESIAN_POINT('',(-16.744972938,-34.478904125,0.257647585));
#7280=CARTESIAN_POINT('',(-16.840637322,-34.540185103,0.251547998));
#7281=CARTESIAN_POINT('',(-16.940783724,-34.5940755,0.243387062));
#7282=CARTESIAN_POINT('',(-17.04230585,-34.645033632,0.236253059));
#7283=CARTESIAN_POINT('',(-17.143827976,-34.695991764,0.229119056));
#7284=CARTESIAN_POINT('',(-17.246817876,-34.744637611,0.223312007));
#7285=CARTESIAN_POINT('',(-17.353434215,-34.78436206,0.214843149));
#7286=CARTESIAN_POINT('',(-17.566666891,-34.863810956,0.197905432));
#7287=CARTESIAN_POINT('',(-17.784458492,-34.933446572,0.186328628));
#7288=CARTESIAN_POINT('',(-18.008455061,-34.978049098,0.171838705));
#7289=CARTESIAN_POINT('',(-18.904441337,-35.156459206,0.113879013));
#7290=CARTESIAN_POINT('',(-19.862091753,-34.994594783,0.055069174));
#7291=CARTESIAN_POINT('',(-20.650515723,-34.541902133,-0.000075793));
#7292=B_SPLINE_CURVE_WITH_KNOTS('',3,(#7120,#7121,#7122,#7123,#7124,#7125,#7126,#7127,#7128,#7129,#7130,#7131,#7132,#7133,#7134,#7135,#7136,#7137,#7138,#7139,#7140,#7141,#7142,#7143,#7144,#7145,
#7146,#7147,#7148,#7149,#7150,#7151,#7152,#7153,#7154,#7155,#7156,#7157,#7158,#7159,#7160,#7161,#7162,#7163,#7164,#7165,#7166,#7167,#7168,#7169,#7170,
#7171,#7172,#7173,#7174,#7175,#7176,#7177,#7178,#7179,#7180,#7181,#7182,#7183,#7184,#7185,#7186,#7187,#7188,#7189,#7190,#7191,#7192,#7193,#7194,#7195,
#7196,#7197,#7198,#7199,#7200,#7201,#7202,#7203,#7204,#7205,#7206,#7207,#7208,#7209,#7210,#7211,#7212,#7213,#7214,#7215,#7216,#7217,#7218,#7219,#7220,
#7221,#7222,#7223,#7224,#7225,#7226,#7227,#7228,#7229,#7230,#7231,#7232,#7233,#7234,#7235,#7236,#7237,#7238,#7239,#7240,#7241,#7242,#7243,#7244,#7245,
#7246,#7247,#7248,#7249,#7250,#7251,#7252,#7253,#7254,#7255,#7256,#7257,#7258,#7259,#7260,#7261,#7262,#7263,#7264,#7265,#7266,#7267,#7268,#7269,#7270,
#7271,#7272,#7273,#7274,#7275,#7276,#7277,#7278,#7279,#7280,#7281,#7282,#7283,#7284,#7285,#7286,#7287,#7288,#7289,#7290,#7291),.UNSPECIFIED.,.F.,.F.,(4,3,3,3,3,3,3,3,3,3,3,3,3,3,3,3,3,3,3,3,3,3,3,3,3,3,
3,3,3,3,3,3,3,3,3,3,3,3,3,3,3,3,3,3,3,3,3,3,3,3,3,
3,3,3,3,3,3,4),(4.802176942,5.077134627,5.352092312,5.627049996,5.764528839,5.902007681,6.039486524,6.176965366,6.314444208,6.451923051,6.589401893,6.726880736,6.864359578,7.00183842,7.139317263,7.276796105,7.55175379,7.826711475,8.101669159,8.376626844,8.651584529,8.926542214,9.064021056,9.201499899,9.338978741,9.476457583,
9.613936426,9.751415268,9.88889411,10.026372953,10.163851795,10.301330638,10.43880948,10.576288322,10.851246007,10.98872485,11.126203692,11.263682534,11.401161377,11.538640219,11.676119061,11.813597904,11.951076746,12.019816167,12.088555589,12.226034431,12.500992116,12.638470958,12.707210379,12.775949801,12.913428643,
13.050907485,13.119646907,13.188386328,13.222756038,13.257125749,13.32586517,13.600822855),.UNSPECIFIED.);
#7293=EDGE_CURVE('',#1225,#951,#7292,.T.);
#7294=ORIENTED_EDGE('',*,*,#7293,.F.);
#7295=ORIENTED_EDGE('',*,*,#1229,.F.);
#7296=EDGE_LOOP('',(#6946,#7118,#7119,#7294,#7295));
#7297=FACE_BOUND('',#7296,.T.);
#7298=ADVANCED_FACE('',(#7297),#6945,.F.);
#7299=CARTESIAN_POINT('',(-17.498579898,-29.082211034,-0.));
#7300=CARTESIAN_POINT('',(-17.54552316,-29.055023473,0.005176629));
#7301=CARTESIAN_POINT('',(-18.026448513,-28.797256512,0.057224736));
#7302=CARTESIAN_POINT('',(-19.094898319,-28.620579733,0.156144319));
#7303=CARTESIAN_POINT('',(-20.497932175,-29.254782156,0.296758751));
#7304=CARTESIAN_POINT('',(-21.310988082,-30.562940816,0.437373183));
#7305=CARTESIAN_POINT('',(-21.262721677,-32.099644227,0.577987615));
#7306=CARTESIAN_POINT('',(-20.364215415,-33.355832692,0.718602047));
#7307=CARTESIAN_POINT('',(-18.928337823,-33.891162408,0.859216479));
#7308=CARTESIAN_POINT('',(-17.028564277,-33.469621603,1.036286504));
#7309=CARTESIAN_POINT('',(-15.737985657,-31.256144016,1.249812123));
#7310=CARTESIAN_POINT('',(-17.248307377,-28.639901807,1.499793335));
#7311=CARTESIAN_POINT('',(-19.994629858,-28.648556887,1.72894278));
#7312=CARTESIAN_POINT('',(-21.428288848,-30.533147547,1.937260457));
#7313=CARTESIAN_POINT('',(-21.155949936,-32.632661184,2.124746366));
#7314=CARTESIAN_POINT('',(-19.47060538,-33.930965486,2.312232275));
#7315=CARTESIAN_POINT('',(-17.365634973,-33.654288661,2.499718184));
#7316=CARTESIAN_POINT('',(-16.070169281,-31.971917377,2.687204093));
#7317=CARTESIAN_POINT('',(-16.345009537,-29.865375033,2.874690003));
#7318=CARTESIAN_POINT('',(-18.02802787,-28.570580679,3.062175912));
#7319=CARTESIAN_POINT('',(-20.134240822,-28.84459374,3.249661821));
#7320=CARTESIAN_POINT('',(-21.429317178,-30.528002082,3.43714773));
#7321=CARTESIAN_POINT('',(-21.155712538,-32.633497727,3.624633639));
#7322=CARTESIAN_POINT('',(-19.471969277,-33.93007962,3.812119549));
#7323=CARTESIAN_POINT('',(-17.718332436,-33.700109667,3.968357806));
#7324=CARTESIAN_POINT('',(-16.717377318,-32.815051398,4.093348412));
#7325=CARTESIAN_POINT('',(-16.117684426,-31.621416098,4.218339018));
#7326=CARTESIAN_POINT('',(-16.343351918,-29.8667186,4.374577276));
#7327=CARTESIAN_POINT('',(-18.026955587,-28.570975511,4.562063185));
#7328=CARTESIAN_POINT('',(-20.132978098,-28.843831879,4.749549095));
#7329=CARTESIAN_POINT('',(-21.42904013,-30.527034203,4.937035004));
#7330=CARTESIAN_POINT('',(-21.156419036,-32.632445545,5.124520913));
#7331=CARTESIAN_POINT('',(-19.473406642,-33.929514078,5.312006822));
#7332=CARTESIAN_POINT('',(-17.368118368,-33.655349912,5.499492731));
#7333=CARTESIAN_POINT('',(-16.070061794,-31.975811881,5.68697864));
#7334=CARTESIAN_POINT('',(-16.345407229,-29.864668485,5.87446455));
#7335=CARTESIAN_POINT('',(-18.01539562,-28.581296587,6.061186607));
#7336=CARTESIAN_POINT('',(-19.416080863,-28.745884827,6.185413361));
#7337=CARTESIAN_POINT('',(-19.977584947,-29.06321966,6.247144812));
#7338=CARTESIAN_POINT('',(-17.288840123,-28.70357772,-0.249468445));
#7339=CARTESIAN_POINT('',(-17.343982922,-28.671833019,-0.244291816));
#7340=CARTESIAN_POINT('',(-17.908847579,-28.370969163,-0.19224371));
#7341=CARTESIAN_POINT('',(-19.16257068,-28.167012302,-0.093324126));
#7342=CARTESIAN_POINT('',(-20.806247336,-28.915157268,0.047290306));
#7343=CARTESIAN_POINT('',(-21.755879158,-30.451980362,0.187904738));
#7344=CARTESIAN_POINT('',(-21.694568752,-32.254229332,0.32851917));
#7345=CARTESIAN_POINT('',(-20.636871291,-33.72486336,0.469133602));
#7346=CARTESIAN_POINT('',(-18.951096173,-34.348359642,0.609748034));
#7347=CARTESIAN_POINT('',(-16.724143855,-33.848127481,0.786818059));
#7348=CARTESIAN_POINT('',(-15.217195507,-31.247995638,1.000343678));
#7349=CARTESIAN_POINT('',(-16.996648104,-28.184029352,1.25032489));
#7350=CARTESIAN_POINT('',(-20.217778878,-28.202577053,1.479474335));
#7351=CARTESIAN_POINT('',(-21.893551372,-30.417395223,1.687792011));
#7352=CARTESIAN_POINT('',(-21.567707654,-32.879077177,1.875277921));
#7353=CARTESIAN_POINT('',(-19.586998463,-34.396703212,2.06276383));
#7354=CARTESIAN_POINT('',(-17.118929419,-34.065752724,2.250249739));
#7355=CARTESIAN_POINT('',(-15.604623766,-32.088541464,2.437735648));
#7356=CARTESIAN_POINT('',(-15.933424916,-29.618622004,2.625221557));
#7357=CARTESIAN_POINT('',(-17.911393065,-28.105106366,2.812707467));
#7358=CARTESIAN_POINT('',(-20.3809287,-28.432935854,3.000193376));
#7359=CARTESIAN_POINT('',(-21.894773911,-30.411362754,3.187679285));
#7360=CARTESIAN_POINT('',(-21.56742565,-32.880057654,3.375165194));
#7361=CARTESIAN_POINT('',(-19.588601308,-34.395668872,3.562651103));
#7362=CARTESIAN_POINT('',(-17.532467581,-34.120573379,3.718889361));
#7363=CARTESIAN_POINT('',(-16.361155217,-33.079431042,3.843879967));
#7364=CARTESIAN_POINT('',(-15.66142459,-31.677584222,3.968870573));
#7365=CARTESIAN_POINT('',(-15.931477823,-29.620193736,4.125108831));
#7366=CARTESIAN_POINT('',(-17.91013366,-28.10556539,4.31259474));
#7367=CARTESIAN_POINT('',(-20.379450254,-28.432038581,4.500080649));
#7368=CARTESIAN_POINT('',(-21.894451188,-30.410226781,4.687566558));
#7369=CARTESIAN_POINT('',(-21.568258568,-32.878826002,4.875052468));
#7370=CARTESIAN_POINT('',(-19.590288425,-34.395009155,5.062538377));
#7371=CARTESIAN_POINT('',(-17.121839065,-34.067005391,5.250024286));
#7372=CARTESIAN_POINT('',(-15.604485568,-32.093108452,5.437510195));
#7373=CARTESIAN_POINT('',(-15.933893884,-29.617795432,5.624996104));
#7374=CARTESIAN_POINT('',(-17.896544107,-28.11763568,5.811718162));
#7375=CARTESIAN_POINT('',(-19.538901682,-28.314964187,5.935944916));
#7376=CARTESIAN_POINT('',(-20.196518458,-28.688882749,5.997676367));
#7377=CARTESIAN_POINT('',(-17.077545209,-28.325954883,-0.499133819));
#7378=CARTESIAN_POINT('',(-17.140865599,-28.289619368,-0.49395719));
#7379=CARTESIAN_POINT('',(-17.789460088,-27.945312821,-0.441909083));
#7380=CARTESIAN_POINT('',(-19.228284066,-27.71329224,-0.3429895));
#7381=CARTESIAN_POINT('',(-21.113018061,-28.574316922,-0.202375068));
#7382=CARTESIAN_POINT('',(-22.200161986,-30.339151781,-0.061760636));
#7383=CARTESIAN_POINT('',(-22.126946477,-32.406922228,0.078853796));
#7384=CARTESIAN_POINT('',(-20.911022315,-34.092617338,0.219468228));
#7385=CARTESIAN_POINT('',(-18.975801743,-34.8053223,0.36008266));
#7386=CARTESIAN_POINT('',(-16.421433234,-34.227819216,0.537152685));
#7387=CARTESIAN_POINT('',(-14.696526744,-31.242076575,0.750678304));
#7388=CARTESIAN_POINT('',(-16.743116561,-27.729369036,1.000659516));
#7389=CARTESIAN_POINT('',(-20.438954224,-27.755778736,1.229808961));
#7390=CARTESIAN_POINT('',(-22.358179983,-30.299688291,1.438126638));
#7391=CARTESIAN_POINT('',(-21.980393142,-33.12365957,1.625612547));
#7392=CARTESIAN_POINT('',(-19.705347895,-34.861802933,1.813098456));
#7393=CARTESIAN_POINT('',(-16.87405637,-34.478147446,2.000584365));
#7394=CARTESIAN_POINT('',(-15.13971715,-32.207120118,2.188070274));
#7395=CARTESIAN_POINT('',(-15.520909489,-29.373702507,2.375556184));
#7396=CARTESIAN_POINT('',(-17.79280399,-27.640270667,2.563042093));
#7397=CARTESIAN_POINT('',(-20.62578276,-28.02034772,2.750528002));
#7398=CARTESIAN_POINT('',(-22.359592011,-30.292768914,2.938013911));
#7399=CARTESIAN_POINT('',(-21.980068452,-33.12478409,3.12549982));
#7400=CARTESIAN_POINT('',(-19.707188431,-34.860618476,3.312985729));
#7401=CARTESIAN_POINT('',(-17.348455319,-34.541706514,3.469223987));
#7402=CARTESIAN_POINT('',(-16.006170111,-33.345253222,3.594214593));
#7403=CARTESIAN_POINT('',(-15.205544192,-31.735685693,3.719205199));
#7404=CARTESIAN_POINT('',(-15.518672388,-29.375502382,3.875443457));
#7405=CARTESIAN_POINT('',(-17.791358469,-27.640795683,4.062929366));
#7406=CARTESIAN_POINT('',(-20.624087727,-28.019315776,4.250415275));
#7407=CARTESIAN_POINT('',(-22.359223852,-30.29146496,4.437901185));
#7408=CARTESIAN_POINT('',(-21.981025629,-33.123372118,4.625387094));
#7409=CARTESIAN_POINT('',(-19.709125467,-34.859864557,4.812873003));
#7410=CARTESIAN_POINT('',(-16.877392798,-34.47958922,5.000358912));
#7411=CARTESIAN_POINT('',(-15.13955141,-32.212360212,5.187844821));
#7412=CARTESIAN_POINT('',(-15.521448733,-29.37275446,5.37533073));
#7413=CARTESIAN_POINT('',(-17.775746553,-27.654623256,5.562052788));
#7414=CARTESIAN_POINT('',(-19.659844071,-27.883648801,5.686279542));
#7415=CARTESIAN_POINT('',(-20.413786473,-28.313723025,5.748010993));
#7416=CARTESIAN_POINT('',(-16.865897787,-27.948542876,-0.748816372));
#7417=CARTESIAN_POINT('',(-16.937391188,-27.907608913,-0.743639743));
#7418=CARTESIAN_POINT('',(-17.669671995,-27.519781416,-0.691591637));
#7419=CARTESIAN_POINT('',(-19.293565146,-27.259522262,-0.592672053));
#7420=CARTESIAN_POINT('',(-21.419456981,-28.233194848,-0.452057621));
#7421=CARTESIAN_POINT('',(-22.644325584,-30.225904727,-0.311443189));
#7422=CARTESIAN_POINT('',(-22.559457232,-32.559200718,-0.170828757));
#7423=CARTESIAN_POINT('',(-21.185514764,-34.460101053,-0.030214325));
#7424=CARTESIAN_POINT('',(-19.000940205,-35.262249123,0.110400107));
#7425=CARTESIAN_POINT('',(-16.1190913,-34.607787355,0.287470132));
#7426=CARTESIAN_POINT('',(-14.175866414,-31.236652012,0.500995751));
#7427=CARTESIAN_POINT('',(-16.489160699,-27.274961487,0.750976963));
#7428=CARTESIAN_POINT('',(-20.659699462,-27.308783116,0.980126408));
#7429=CARTESIAN_POINT('',(-22.822684499,-30.181543442,1.188444085));
#7430=CARTESIAN_POINT('',(-22.393298919,-33.367843845,1.375929994));
#7431=CARTESIAN_POINT('',(-19.824135652,-35.326777536,1.563415903));
#7432=CARTESIAN_POINT('',(-16.629581182,-34.890763253,1.750901812));
#7433=CARTESIAN_POINT('',(-14.674935859,-32.326136613,1.938387721));
#7434=CARTESIAN_POINT('',(-15.108172937,-29.12918115,2.12587363));
#7435=CARTESIAN_POINT('',(-17.673777141,-27.175560201,2.31335954));
#7436=CARTESIAN_POINT('',(-20.870238612,-27.607538609,2.500845449));
#7437=CARTESIAN_POINT('',(-22.824284877,-30.173737211,2.688331358));
#7438=CARTESIAN_POINT('',(-22.392932103,-33.369112444,2.875817267));
#7439=CARTESIAN_POINT('',(-19.826213555,-35.325442516,3.063303176));
#7440=CARTESIAN_POINT('',(-17.164847508,-34.963003245,3.219541434));
#7441=CARTESIAN_POINT('',(-15.651446868,-33.611404818,3.34453204));
#7442=CARTESIAN_POINT('',(-14.749732058,-31.794218199,3.469522646));
#7443=CARTESIAN_POINT('',(-15.105645538,-29.131209029,3.625760904));
#7444=CARTESIAN_POINT('',(-17.672145784,-27.176151726,3.813246813));
#7445=CARTESIAN_POINT('',(-20.868326759,-27.60637213,4.000732722));
#7446=CARTESIAN_POINT('',(-22.823871435,-30.172265289,4.188218631));
#7447=CARTESIAN_POINT('',(-22.394012924,-33.367519905,4.375704541));
#7448=CARTESIAN_POINT('',(-19.828400615,-35.3245945,4.56319045));
#7449=CARTESIAN_POINT('',(-16.633344511,-34.892393583,4.750676359));
#7450=CARTESIAN_POINT('',(-14.674743305,-32.332050051,4.938162268));
#7451=CARTESIAN_POINT('',(-15.108782198,-29.128111171,5.125648177));
#7452=CARTESIAN_POINT('',(-17.654512945,-27.191738419,5.312370235));
#7453=CARTESIAN_POINT('',(-19.780374011,-27.452230621,5.436596989));
#7454=CARTESIAN_POINT('',(-20.630692697,-27.938367495,5.49832844));
#7455=B_SPLINE_SURFACE_WITH_KNOTS('',3,3,((#7299,#7300,#7301,#7302,#7303,#7304,#7305,#7306,#7307,#7308,#7309,#7310,#7311,#7312,#7313,#7314,#7315,#7316,#7317,#7318,#7319,#7320,#7321,#7322,#7323,#7324,
#7325,#7326,#7327,#7328,#7329,#7330,#7331,#7332,#7333,#7334,#7335,#7336,#7337),(#7338,#7339,#7340,#7341,#7342,#7343,#7344,#7345,#7346,#7347,#7348,#7349,#7350,#7351,#7352,#7353,#7354,#7355,#7356,#7357,#7358,#7359,#7360,#7361,#7362,#7363,
#7364,#7365,#7366,#7367,#7368,#7369,#7370,#7371,#7372,#7373,#7374,#7375,#7376),(#7377,#7378,#7379,#7380,#7381,#7382,#7383,#7384,#7385,#7386,#7387,#7388,#7389,#7390,#7391,#7392,#7393,#7394,#7395,#7396,#7397,#7398,#7399,#7400,#7401,#7402,
#7403,#7404,#7405,#7406,#7407,#7408,#7409,#7410,#7411,#7412,#7413,#7414,#7415),(#7416,#7417,#7418,#7419,#7420,#7421,#7422,#7423,#7424,#7425,#7426,#7427,#7428,#7429,#7430,#7431,#7432,#7433,#7434,#7435,#7436,#7437,#7438,#7439,#7440,#7441,
#7442,#7443,#7444,#7445,#7446,#7447,#7448,#7449,#7450,#7451,#7452,#7453,#7454)),.UNSPECIFIED.,.F.,.F.,.U.,(4,4),(4,1,1,1,1,1,1,1,1,1,1,1,1,1,1,1,1,1,1,1,1,1,1,1,1,1,
1,1,1,1,1,1,1,1,1,1,4),(0.170679769,0.320537433),(7.339034499,7.40408594,7.993090295,8.58209465,9.171099005,9.76010336,10.349107715,10.93811207,11.527116425,12.574235278,13.621354131,14.668472984,15.453812124,16.239151264,17.024490404,17.809829544,18.595168684,19.380507824,20.165846964,20.951186104,21.736525244,22.521864384,23.307203524,24.092542664,24.485212234,24.877881804,
25.663220944,26.448560083,27.233899223,28.019238363,28.804577503,29.589916643,30.375255783,31.160594923,31.945934063,32.731273203,33.507013496),.UNSPECIFIED.);
#7456=ORIENTED_EDGE('',*,*,#1272,.T.);
#7457=ORIENTED_EDGE('',*,*,#7293,.T.);
#7458=ORIENTED_EDGE('',*,*,#1004,.T.);
#7459=ORIENTED_EDGE('',*,*,#7117,.F.);
#7460=EDGE_LOOP('',(#7456,#7457,#7458,#7459));
#7461=FACE_BOUND('',#7460,.T.);
#7462=ADVANCED_FACE('',(#7461),#7455,.F.);
#7463=CLOSED_SHELL('',(#1074,#1102,#1124,#1146,#1162,#2038,#2552,#2716,#3230,#3394,#3908,#4072,#4586,#4750,#5264,#5428,#5942,#6106,#6620,#6784,#7298,#7462));
#7464=MANIFOLD_SOLID_BREP('Extruded.003',#7463);
#46=STYLED_ITEM('',(),#7464);
#7465=CARTESIAN_POINT('',(-11.546526122,-17.799812155,-5.09239109));
#7466=CARTESIAN_POINT('',(-11.968059904,-17.799812155,-4.881739592));
#7467=CARTESIAN_POINT('',(-12.472326381,-17.799812155,-4.83661854));
#7468=CARTESIAN_POINT('',(-12.984980605,-17.799812155,-4.994188609));
#7469=CARTESIAN_POINT('',(-13.412459697,-17.799812155,-5.352553445));
#7470=CARTESIAN_POINT('',(-13.665626311,-17.799812155,-5.859164037));
#7471=CARTESIAN_POINT('',(-13.695586733,-17.799812155,-6.41617939));
#7472=CARTESIAN_POINT('',(-13.513829208,-17.799812155,-6.920765243));
#7473=CARTESIAN_POINT('',(-13.17500766,-17.799812155,-7.296957412));
#7474=CARTESIAN_POINT('',(-12.753473878,-17.799812155,-7.50760891));
#7475=CARTESIAN_POINT('',(-12.331940096,-17.799812155,-7.718260408));
#7476=CARTESIAN_POINT('',(-11.827673619,-17.799812155,-7.76338146));
#7477=CARTESIAN_POINT('',(-11.315019394,-17.799812155,-7.605811391));
#7478=CARTESIAN_POINT('',(-10.887540303,-17.799812155,-7.247446555));
#7479=CARTESIAN_POINT('',(-10.634373689,-17.799812155,-6.740835963));
#7480=CARTESIAN_POINT('',(-10.604413267,-17.799812155,-6.18382061));
#7481=CARTESIAN_POINT('',(-10.786170792,-17.799812155,-5.679234757));
#7482=CARTESIAN_POINT('',(-11.12499234,-17.799812155,-5.303042588));
#7483=CARTESIAN_POINT('',(-11.546526122,-17.799812155,-5.09239109));
#7484=B_SPLINE_CURVE_WITH_KNOTS('Circle.004',9,(#7465,#7466,#7467,#7468,#7469,#7470,#7471,#7472,#7473,#7474,#7475,#7476,#7477,#7478,#7479,#7480,#7481,#7482,#7483),.UNSPECIFIED.,.T.,.F.,(10,9,10),(0.,3.141592654,6.283185307),.UNSPECIFIED.);
#7486=CARTESIAN_POINT('',(-44.,-23.799812155,0.));
#7487=CARTESIAN_POINT('',(-37.35,-23.799812155,0.));
#7488=CARTESIAN_POINT('',(-44.,-23.799812155,-12.6));
#7489=CARTESIAN_POINT('',(-37.35,-23.799812155,-12.6));
#7490=B_SPLINE_SURFACE_WITH_KNOTS('',1,1,((#7486,#7487),(#7488,#7489)),.UNSPECIFIED.,.F.,.F.,.U.,(2,2),(2,2),(-0.006276876,0.006323124),(-0.00175,0.0049),.UNSPECIFIED.);
#7491=CARTESIAN_POINT('',(-39.95,-23.799812155,-4.95));
#7492=VERTEX_POINT('',#7491);
#7493=CARTESIAN_POINT('',(-39.95,-23.799812155,-7.65));
#7494=VERTEX_POINT('',#7493);
#7495=CARTESIAN_POINT('',(-39.95,-23.799812155,-7.65));
#7496=CARTESIAN_POINT('',(-38.6,-23.799812155,-7.65));
#7497=CARTESIAN_POINT('',(-38.6,-23.799812155,-6.3));
#7498=CARTESIAN_POINT('',(-38.6,-23.799812155,-4.95));
#7499=CARTESIAN_POINT('',(-39.95,-23.799812155,-4.95));
#7500=CARTESIAN_POINT('',(-41.3,-23.799812155,-4.95));
#7501=CARTESIAN_POINT('',(-41.3,-23.799812155,-6.3));
#7502=CARTESIAN_POINT('',(-41.3,-23.799812155,-7.65));
#7503=CARTESIAN_POINT('',(-39.95,-23.799812155,-7.65));
#7504=(BOUNDED_CURVE()
B_SPLINE_CURVE(2,(#7495,#7496,#7497,#7498,#7499,#7500,#7501,#7502,#7503),.UNSPECIFIED.,.T.,.F.)
B_SPLINE_CURVE_WITH_KNOTS((3,2,2,2,3),(0.,1.570796327,3.141592654,4.71238898,6.283185307),.UNSPECIFIED.)
CURVE()
GEOMETRIC_REPRESENTATION_ITEM()
RATIONAL_B_SPLINE_CURVE((1.,0.707106781,1.,0.707106781,1.,0.707106781,1.,0.707106781,1.))
REPRESENTATION_ITEM(''));
#7505=EDGE_CURVE('',#7492,#7494,#7504,.T.);
#7506=ORIENTED_EDGE('',*,*,#7505,.F.);
#7507=CARTESIAN_POINT('',(-39.95,-23.799812155,-7.65));
#7508=CARTESIAN_POINT('',(-38.6,-23.799812155,-7.65));
#7509=CARTESIAN_POINT('',(-38.6,-23.799812155,-6.3));
#7510=CARTESIAN_POINT('',(-38.6,-23.799812155,-4.95));
#7511=CARTESIAN_POINT('',(-39.95,-23.799812155,-4.95));
#7512=CARTESIAN_POINT('',(-41.3,-23.799812155,-4.95));
#7513=CARTESIAN_POINT('',(-41.3,-23.799812155,-6.3));
#7514=CARTESIAN_POINT('',(-41.3,-23.799812155,-7.65));
#7515=CARTESIAN_POINT('',(-39.95,-23.799812155,-7.65));
#7516=(BOUNDED_CURVE()
B_SPLINE_CURVE(2,(#7507,#7508,#7509,#7510,#7511,#7512,#7513,#7514,#7515),.UNSPECIFIED.,.T.,.F.)
B_SPLINE_CURVE_WITH_KNOTS((3,2,2,2,3),(0.,1.570796327,3.141592654,4.71238898,6.283185307),.UNSPECIFIED.)
CURVE()
GEOMETRIC_REPRESENTATION_ITEM()
RATIONAL_B_SPLINE_CURVE((1.,0.707106781,1.,0.707106781,1.,0.707106781,1.,0.707106781,1.))
REPRESENTATION_ITEM(''));
#7517=EDGE_CURVE('',#7494,#7492,#7516,.T.);
#7518=ORIENTED_EDGE('',*,*,#7517,.F.);
#7519=EDGE_LOOP('',(#7506,#7518));
#7520=FACE_BOUND('',#7519,.T.);
#7521=CARTESIAN_POINT('',(-44.,-23.799812155,0.));
#7522=VERTEX_POINT('',#7521);
#7523=CARTESIAN_POINT('',(-37.35,-23.799812155,-0.));
#7524=VERTEX_POINT('',#7523);
#7525=CARTESIAN_POINT('',(-44.,-23.799812155,0.));
#7526=CARTESIAN_POINT('',(-37.35,-23.799812155,0.));
#7527=B_SPLINE_CURVE_WITH_KNOTS('',1,(#7525,#7526),.UNSPECIFIED.,.F.,.F.,(2,2),(-0.018175,-0.011525),.UNSPECIFIED.);
#7528=EDGE_CURVE('',#7522,#7524,#7527,.T.);
#7529=ORIENTED_EDGE('',*,*,#7528,.F.);
#7530=CARTESIAN_POINT('',(-44.,-23.799812155,-12.6));
#7531=VERTEX_POINT('',#7530);
#7532=CARTESIAN_POINT('',(-44.,-23.799812155,-12.6));
#7533=CARTESIAN_POINT('',(-44.,-23.799812155,0.));
#7534=B_SPLINE_CURVE_WITH_KNOTS('',1,(#7532,#7533),.UNSPECIFIED.,.F.,.F.,(2,2),(-0.006323124,0.006276876),.UNSPECIFIED.);
#7535=EDGE_CURVE('',#7531,#7522,#7534,.T.);
#7536=ORIENTED_EDGE('',*,*,#7535,.F.);
#7537=CARTESIAN_POINT('',(-37.35,-23.799812155,-12.6));
#7538=VERTEX_POINT('',#7537);
#7539=CARTESIAN_POINT('',(-44.,-23.799812155,-12.6));
#7540=CARTESIAN_POINT('',(-37.35,-23.799812155,-12.6));
#7541=B_SPLINE_CURVE_WITH_KNOTS('',1,(#7539,#7540),.UNSPECIFIED.,.F.,.F.,(2,2),(-0.018175,-0.011525),.UNSPECIFIED.);
#7542=EDGE_CURVE('',#7531,#7538,#7541,.T.);
#7543=ORIENTED_EDGE('',*,*,#7542,.T.);
#7544=CARTESIAN_POINT('',(-37.35,-23.799812155,-12.6));
#7545=CARTESIAN_POINT('',(-37.35,-23.799812155,-0.));
#7546=B_SPLINE_CURVE_WITH_KNOTS('',1,(#7544,#7545),.UNSPECIFIED.,.F.,.F.,(2,2),(-0.006323124,0.006276876),.UNSPECIFIED.);
#7547=EDGE_CURVE('',#7538,#7524,#7546,.T.);
#7548=ORIENTED_EDGE('',*,*,#7547,.T.);
#7549=EDGE_LOOP('',(#7529,#7536,#7543,#7548));
#7550=FACE_BOUND('',#7549,.T.);
#7551=ADVANCED_FACE('',(#7520,#7550),#7490,.T.);
#7552=CARTESIAN_POINT('',(-37.35,-23.799812155,-0.));
#7553=CARTESIAN_POINT('',(-37.35,-17.799812155,-0.));
#7554=CARTESIAN_POINT('',(-37.35,-23.799812155,-12.6));
#7555=CARTESIAN_POINT('',(-37.35,-17.799812155,-12.6));
#7556=B_SPLINE_SURFACE_WITH_KNOTS('',1,1,((#7552,#7553),(#7554,#7555)),.UNSPECIFIED.,.F.,.F.,.U.,(2,2),(2,2),(-0.006276876,0.006323124),(-0.003,0.003),.UNSPECIFIED.);
#7557=CARTESIAN_POINT('',(-37.35,-17.799812155,-0.));
#7558=VERTEX_POINT('',#7557);
#7559=CARTESIAN_POINT('',(-37.35,-23.799812155,-0.));
#7560=CARTESIAN_POINT('',(-37.35,-17.799812155,-0.));
#7561=B_SPLINE_CURVE_WITH_KNOTS('',1,(#7559,#7560),.UNSPECIFIED.,.F.,.F.,(2,2),(-0.003,0.003),.UNSPECIFIED.);
#7562=EDGE_CURVE('',#7524,#7558,#7561,.T.);
#7563=ORIENTED_EDGE('',*,*,#7562,.F.);
#7564=ORIENTED_EDGE('',*,*,#7547,.F.);
#7565=CARTESIAN_POINT('',(-37.35,-17.799812155,-12.6));
#7566=VERTEX_POINT('',#7565);
#7567=CARTESIAN_POINT('',(-37.35,-23.799812155,-12.6));
#7568=CARTESIAN_POINT('',(-37.35,-17.799812155,-12.6));
#7569=B_SPLINE_CURVE_WITH_KNOTS('',1,(#7567,#7568),.UNSPECIFIED.,.F.,.F.,(2,2),(0.0108,0.0168),.UNSPECIFIED.);
#7570=EDGE_CURVE('',#7538,#7566,#7569,.T.);
#7571=ORIENTED_EDGE('',*,*,#7570,.T.);
#7572=CARTESIAN_POINT('',(-37.35,-17.799812155,-12.6));
#7573=CARTESIAN_POINT('',(-37.35,-17.799812155,-0.));
#7574=B_SPLINE_CURVE_WITH_KNOTS('',1,(#7572,#7573),.UNSPECIFIED.,.F.,.F.,(2,2),(-0.006323124,0.006276876),.UNSPECIFIED.);
#7575=EDGE_CURVE('',#7566,#7558,#7574,.T.);
#7576=ORIENTED_EDGE('',*,*,#7575,.T.);
#7577=EDGE_LOOP('',(#7563,#7564,#7571,#7576));
#7578=FACE_BOUND('',#7577,.T.);
#7579=ADVANCED_FACE('',(#7578),#7556,.T.);
#7580=CARTESIAN_POINT('',(-44.,-17.799812155,-12.6));
#7581=CARTESIAN_POINT('',(-37.35,-17.799812155,-12.6));
#7582=CARTESIAN_POINT('',(-44.,-17.799812155,-0.));
#7583=CARTESIAN_POINT('',(-37.35,-17.799812155,-0.));
#7584=B_SPLINE_SURFACE_WITH_KNOTS('',1,1,((#7580,#7581),(#7582,#7583)),.UNSPECIFIED.,.F.,.F.,.U.,(2,2),(2,2),(-0.006323124,0.006276876),(-0.00665,0.),.UNSPECIFIED.);
#7585=CARTESIAN_POINT('',(-39.95,-17.799812155,-4.95));
#7586=VERTEX_POINT('',#7585);
#7587=CARTESIAN_POINT('',(-40.73823855,-17.799812155,-5.204016429));
#7588=VERTEX_POINT('',#7587);
#7589=CARTESIAN_POINT('',(-40.73823855,-17.799812155,-5.204016429));
#7590=CARTESIAN_POINT('',(-39.642254978,-17.799812155,-4.415777879));
#7591=CARTESIAN_POINT('',(-38.854016429,-17.799812155,-5.51176145));
#7592=CARTESIAN_POINT('',(-38.065777879,-17.799812155,-6.607745021));
#7593=CARTESIAN_POINT('',(-39.16176145,-17.799812155,-7.395983571));
#7594=CARTESIAN_POINT('',(-40.257745021,-17.799812155,-8.184222121));
#7595=CARTESIAN_POINT('',(-41.045983571,-17.799812155,-7.08823855));
#7596=CARTESIAN_POINT('',(-41.834222121,-17.799812155,-5.992254979));
#7597=CARTESIAN_POINT('',(-40.73823855,-17.799812155,-5.204016429));
#7598=(BOUNDED_CURVE()
B_SPLINE_CURVE(2,(#7589,#7590,#7591,#7592,#7593,#7594,#7595,#7596,#7597),.UNSPECIFIED.,.T.,.F.)
B_SPLINE_CURVE_WITH_KNOTS((3,2,2,2,3),(0.,1.570796327,3.141592654,4.71238898,6.283185307),.UNSPECIFIED.)
CURVE()
GEOMETRIC_REPRESENTATION_ITEM()
RATIONAL_B_SPLINE_CURVE((1.,0.707106781,1.,0.707106781,1.,0.707106781,1.,0.707106781,1.))
REPRESENTATION_ITEM(''));
#7599=EDGE_CURVE('',#7586,#7588,#7598,.T.);
#7600=ORIENTED_EDGE('',*,*,#7599,.F.);
#7601=CARTESIAN_POINT('',(-40.73823855,-17.799812155,-5.204016429));
#7602=CARTESIAN_POINT('',(-39.642254978,-17.799812155,-4.415777879));
#7603=CARTESIAN_POINT('',(-38.854016429,-17.799812155,-5.51176145));
#7604=CARTESIAN_POINT('',(-38.065777879,-17.799812155,-6.607745021));
#7605=CARTESIAN_POINT('',(-39.16176145,-17.799812155,-7.395983571));
#7606=CARTESIAN_POINT('',(-40.257745021,-17.799812155,-8.184222121));
#7607=CARTESIAN_POINT('',(-41.045983571,-17.799812155,-7.08823855));
#7608=CARTESIAN_POINT('',(-41.834222121,-17.799812155,-5.992254979));
#7609=CARTESIAN_POINT('',(-40.73823855,-17.799812155,-5.204016429));
#7610=(BOUNDED_CURVE()
B_SPLINE_CURVE(2,(#7601,#7602,#7603,#7604,#7605,#7606,#7607,#7608,#7609),.UNSPECIFIED.,.T.,.F.)
B_SPLINE_CURVE_WITH_KNOTS((3,2,2,2,3),(0.,1.570796327,3.141592654,4.71238898,6.283185307),.UNSPECIFIED.)
CURVE()
GEOMETRIC_REPRESENTATION_ITEM()
RATIONAL_B_SPLINE_CURVE((1.,0.707106781,1.,0.707106781,1.,0.707106781,1.,0.707106781,1.))
REPRESENTATION_ITEM(''));
#7611=EDGE_CURVE('',#7588,#7586,#7610,.T.);
#7612=ORIENTED_EDGE('',*,*,#7611,.F.);
#7613=EDGE_LOOP('',(#7600,#7612));
#7614=FACE_BOUND('',#7613,.T.);
#7615=CARTESIAN_POINT('',(-44.,-17.799812155,-0.));
#7616=VERTEX_POINT('',#7615);
#7617=CARTESIAN_POINT('',(-37.35,-17.799812155,-0.));
#7618=CARTESIAN_POINT('',(-44.,-17.799812155,-0.));
#7619=B_SPLINE_CURVE_WITH_KNOTS('',1,(#7617,#7618),.UNSPECIFIED.,.F.,.F.,(2,2),(0.,0.00665),.UNSPECIFIED.);
#7620=EDGE_CURVE('',#7558,#7616,#7619,.T.);
#7621=ORIENTED_EDGE('',*,*,#7620,.F.);
#7622=ORIENTED_EDGE('',*,*,#7575,.F.);
#7623=CARTESIAN_POINT('',(-44.,-17.799812155,-12.6));
#7624=VERTEX_POINT('',#7623);
#7625=CARTESIAN_POINT('',(-37.35,-17.799812155,-12.6));
#7626=CARTESIAN_POINT('',(-44.,-17.799812155,-12.6));
#7627=B_SPLINE_CURVE_WITH_KNOTS('',1,(#7625,#7626),.UNSPECIFIED.,.F.,.F.,(2,2),(0.011525,0.018175),.UNSPECIFIED.);
#7628=EDGE_CURVE('',#7566,#7624,#7627,.T.);
#7629=ORIENTED_EDGE('',*,*,#7628,.T.);
#7630=CARTESIAN_POINT('',(-44.,-17.799812155,-12.6));
#7631=CARTESIAN_POINT('',(-44.,-17.799812155,-0.));
#7632=B_SPLINE_CURVE_WITH_KNOTS('',1,(#7630,#7631),.UNSPECIFIED.,.F.,.F.,(2,2),(-0.006323124,0.006276876),.UNSPECIFIED.);
#7633=EDGE_CURVE('',#7624,#7616,#7632,.T.);
#7634=ORIENTED_EDGE('',*,*,#7633,.T.);
#7635=EDGE_LOOP('',(#7621,#7622,#7629,#7634));
#7636=FACE_BOUND('',#7635,.T.);
#7637=ADVANCED_FACE('',(#7614,#7636),#7584,.T.);
#7638=CARTESIAN_POINT('',(-44.,-23.799812155,-12.6));
#7639=CARTESIAN_POINT('',(-44.,-17.799812155,-12.6));
#7640=CARTESIAN_POINT('',(-44.,-23.799812155,0.));
#7641=CARTESIAN_POINT('',(-44.,-17.799812155,0.));
#7642=B_SPLINE_SURFACE_WITH_KNOTS('',1,1,((#7638,#7639),(#7640,#7641)),.UNSPECIFIED.,.F.,.F.,.U.,(2,2),(2,2),(-0.006323124,0.006276876),(-0.006,0.),.UNSPECIFIED.);
#7643=CARTESIAN_POINT('',(-44.,-17.799812155,0.));
#7644=CARTESIAN_POINT('',(-44.,-23.799812155,0.));
#7645=B_SPLINE_CURVE_WITH_KNOTS('',1,(#7643,#7644),.UNSPECIFIED.,.F.,.F.,(2,2),(-0.0168,-0.0108),.UNSPECIFIED.);
#7646=EDGE_CURVE('',#7616,#7522,#7645,.T.);
#7647=ORIENTED_EDGE('',*,*,#7646,.F.);
#7648=ORIENTED_EDGE('',*,*,#7633,.F.);
#7649=CARTESIAN_POINT('',(-44.,-17.799812155,-12.6));
#7650=CARTESIAN_POINT('',(-44.,-23.799812155,-12.6));
#7651=B_SPLINE_CURVE_WITH_KNOTS('',1,(#7649,#7650),.UNSPECIFIED.,.F.,.F.,(2,2),(-0.0168,-0.0108),.UNSPECIFIED.);
#7652=EDGE_CURVE('',#7624,#7531,#7651,.T.);
#7653=ORIENTED_EDGE('',*,*,#7652,.T.);
#7654=ORIENTED_EDGE('',*,*,#7535,.T.);
#7655=EDGE_LOOP('',(#7647,#7648,#7653,#7654));
#7656=FACE_BOUND('',#7655,.T.);
#7657=ADVANCED_FACE('',(#7656),#7642,.T.);
#7658=CARTESIAN_POINT('',(-44.,-23.799812155,-12.6));
#7659=CARTESIAN_POINT('',(-44.,-17.799812155,-12.6));
#7660=CARTESIAN_POINT('',(-37.35,-23.799812155,-12.6));
#7661=CARTESIAN_POINT('',(-37.35,-17.799812155,-12.6));
#7662=B_SPLINE_SURFACE_WITH_KNOTS('',1,1,((#7658,#7659),(#7660,#7661)),.UNSPECIFIED.,.F.,.F.,.U.,(2,2),(2,2),(-0.018175,-0.011525),(0.0108,0.0168),.UNSPECIFIED.);
#7663=ORIENTED_EDGE('',*,*,#7542,.F.);
#7664=ORIENTED_EDGE('',*,*,#7652,.F.);
#7665=ORIENTED_EDGE('',*,*,#7628,.F.);
#7666=ORIENTED_EDGE('',*,*,#7570,.F.);
#7667=EDGE_LOOP('',(#7663,#7664,#7665,#7666));
#7668=FACE_BOUND('',#7667,.T.);
#7669=ADVANCED_FACE('',(#7668),#7662,.F.);
#7670=CARTESIAN_POINT('',(-44.,-23.799812155,0.));
#7671=CARTESIAN_POINT('',(-44.,-17.799812155,0.));
#7672=CARTESIAN_POINT('',(-37.35,-23.799812155,0.));
#7673=CARTESIAN_POINT('',(-37.35,-17.799812155,0.));
#7674=B_SPLINE_SURFACE_WITH_KNOTS('',1,1,((#7670,#7671),(#7672,#7673)),.UNSPECIFIED.,.F.,.F.,.U.,(2,2),(2,2),(-0.018175,-0.011525),(0.0108,0.0168),.UNSPECIFIED.);
#7675=ORIENTED_EDGE('',*,*,#7528,.T.);
#7676=ORIENTED_EDGE('',*,*,#7562,.T.);
#7677=ORIENTED_EDGE('',*,*,#7620,.T.);
#7678=ORIENTED_EDGE('',*,*,#7646,.T.);
#7679=EDGE_LOOP('',(#7675,#7676,#7677,#7678));
#7680=FACE_BOUND('',#7679,.T.);
#7681=ADVANCED_FACE('',(#7680),#7674,.T.);
#7682=CARTESIAN_POINT('',(-39.95,-23.799812155,-4.95));
#7683=CARTESIAN_POINT('',(-39.95,-17.799812155,-4.95));
#7684=CARTESIAN_POINT('',(-37.61173141,-23.799812155,-4.95));
#7685=CARTESIAN_POINT('',(-37.61173141,-17.799812155,-4.95));
#7686=CARTESIAN_POINT('',(-38.780865705,-23.799812155,-6.975));
#7687=CARTESIAN_POINT('',(-38.780865705,-17.799812155,-6.975));
#7688=CARTESIAN_POINT('',(-39.95,-23.799812155,-9.));
#7689=CARTESIAN_POINT('',(-39.95,-17.799812155,-9.));
#7690=CARTESIAN_POINT('',(-41.119134295,-23.799812155,-6.975));
#7691=CARTESIAN_POINT('',(-41.119134295,-17.799812155,-6.975));
#7692=CARTESIAN_POINT('',(-42.28826859,-23.799812155,-4.95));
#7693=CARTESIAN_POINT('',(-42.28826859,-17.799812155,-4.95));
#7694=CARTESIAN_POINT('',(-39.95,-23.799812155,-4.95));
#7695=CARTESIAN_POINT('',(-39.95,-17.799812155,-4.95));
#7696=(BOUNDED_SURFACE()
B_SPLINE_SURFACE(2,1,((#7682,#7683),(#7684,#7685),(#7686,#7687),(#7688,#7689),(#7690,#7691),(#7692,#7693),(#7694,#7695)),.UNSPECIFIED.,.T.,.F.,.U.)
B_SPLINE_SURFACE_WITH_KNOTS((3,2,2,3),(2,2),(0.,2.094395102,4.188790205,6.283185307),(0.046193671,0.052193671),.UNSPECIFIED.)
GEOMETRIC_REPRESENTATION_ITEM()
RATIONAL_B_SPLINE_SURFACE(((1.,1.),(0.5,0.5),(1.,1.),(0.5,0.5),(1.,1.),(0.5,0.5),(1.,1.)))
REPRESENTATION_ITEM('')
SURFACE()
);
#7697=CARTESIAN_POINT('',(-39.95,-17.799812155,-4.95));
#7698=CARTESIAN_POINT('',(-39.95,-23.799812155,-4.95));
#7699=B_SPLINE_CURVE_WITH_KNOTS('',1,(#7697,#7698),.UNSPECIFIED.,.F.,.F.,(2,2),(0.046193671,0.052193671),.UNSPECIFIED.);
#7700=EDGE_CURVE('',#7586,#7492,#7699,.T.);
#7701=ORIENTED_EDGE('',*,*,#7700,.F.);
#7702=ORIENTED_EDGE('',*,*,#7599,.T.);
#7703=ORIENTED_EDGE('',*,*,#7611,.T.);
#7704=ORIENTED_EDGE('',*,*,#7700,.T.);
#7705=ORIENTED_EDGE('',*,*,#7505,.T.);
#7706=ORIENTED_EDGE('',*,*,#7517,.T.);
#7707=EDGE_LOOP('',(#7701,#7702,#7703,#7704,#7705,#7706));
#7708=FACE_BOUND('',#7707,.T.);
#7709=ADVANCED_FACE('',(#7708),#7696,.F.);
#7710=CLOSED_SHELL('',(#7551,#7579,#7637,#7657,#7669,#7681,#7709));
#7711=MANIFOLD_SOLID_BREP('Extruded.002',#7710);
#7485=STYLED_ITEM('',(),#7711);
#7713=CARTESIAN_POINT('',(-14.75,-23.799812155,-0.));
#7714=CARTESIAN_POINT('',(-14.75,-17.799812155,-0.));
#7715=CARTESIAN_POINT('',(-14.75,-23.799812155,-12.6));
#7716=CARTESIAN_POINT('',(-14.75,-17.799812155,-12.6));
#7717=B_SPLINE_SURFACE_WITH_KNOTS('',1,1,((#7713,#7714),(#7715,#7716)),.UNSPECIFIED.,.F.,.F.,.U.,(2,2),(2,2),(-0.008369499,0.004230501),(-0.003,0.003),.UNSPECIFIED.);
#7718=CARTESIAN_POINT('',(-14.75,-23.799812155,-0.));
#7719=VERTEX_POINT('',#7718);
#7720=CARTESIAN_POINT('',(-14.75,-17.799812155,-0.));
#7721=VERTEX_POINT('',#7720);
#7722=CARTESIAN_POINT('',(-14.75,-23.799812155,-0.));
#7723=CARTESIAN_POINT('',(-14.75,-17.799812155,-0.));
#7724=B_SPLINE_CURVE_WITH_KNOTS('',1,(#7722,#7723),.UNSPECIFIED.,.F.,.F.,(2,2),(-0.003,0.003),.UNSPECIFIED.);
#7725=EDGE_CURVE('',#7719,#7721,#7724,.T.);
#7726=ORIENTED_EDGE('',*,*,#7725,.T.);
#7727=CARTESIAN_POINT('',(-14.75,-17.799812155,-12.6));
#7728=VERTEX_POINT('',#7727);
#7729=CARTESIAN_POINT('',(-14.75,-17.799812155,-12.6));
#7730=CARTESIAN_POINT('',(-14.75,-17.799812155,-0.));
#7731=B_SPLINE_CURVE_WITH_KNOTS('',1,(#7729,#7730),.UNSPECIFIED.,.F.,.F.,(2,2),(-0.004230501,0.008369499),.UNSPECIFIED.);
#7732=EDGE_CURVE('',#7728,#7721,#7731,.T.);
#7733=ORIENTED_EDGE('',*,*,#7732,.F.);
#7734=CARTESIAN_POINT('',(-14.75,-23.799812155,-12.6));
#7735=VERTEX_POINT('',#7734);
#7736=CARTESIAN_POINT('',(-14.75,-23.799812155,-12.6));
#7737=CARTESIAN_POINT('',(-14.75,-17.799812155,-12.6));
#7738=B_SPLINE_CURVE_WITH_KNOTS('',1,(#7736,#7737),.UNSPECIFIED.,.F.,.F.,(2,2),(0.0108,0.0168),.UNSPECIFIED.);
#7739=EDGE_CURVE('',#7735,#7728,#7738,.T.);
#7740=ORIENTED_EDGE('',*,*,#7739,.F.);
#7741=CARTESIAN_POINT('',(-14.75,-23.799812155,-12.6));
#7742=CARTESIAN_POINT('',(-14.75,-23.799812155,-0.));
#7743=B_SPLINE_CURVE_WITH_KNOTS('',1,(#7741,#7742),.UNSPECIFIED.,.F.,.F.,(2,2),(-0.004230501,0.008369499),.UNSPECIFIED.);
#7744=EDGE_CURVE('',#7735,#7719,#7743,.T.);
#7745=ORIENTED_EDGE('',*,*,#7744,.T.);
#7746=EDGE_LOOP('',(#7726,#7733,#7740,#7745));
#7747=FACE_BOUND('',#7746,.T.);
#7748=ADVANCED_FACE('',(#7747),#7717,.F.);
#7749=CARTESIAN_POINT('',(-14.75,-23.799812155,-12.6));
#7750=CARTESIAN_POINT('',(-8.1,-23.799812155,-12.6));
#7751=CARTESIAN_POINT('',(-14.75,-23.799812155,0.));
#7752=CARTESIAN_POINT('',(-8.1,-23.799812155,0.));
#7753=B_SPLINE_SURFACE_WITH_KNOTS('',1,1,((#7749,#7750),(#7751,#7752)),.UNSPECIFIED.,.F.,.F.,.U.,(2,2),(2,2),(-0.004230501,0.008369499),(-0.0049,0.00175),.UNSPECIFIED.);
#7754=CARTESIAN_POINT('',(-12.15,-23.799812155,-4.95));
#7755=VERTEX_POINT('',#7754);
#7756=CARTESIAN_POINT('',(-12.15,-23.799812155,-4.95));
#7757=CARTESIAN_POINT('',(-13.5,-23.799812155,-4.95));
#7758=CARTESIAN_POINT('',(-13.5,-23.799812155,-6.3));
#7759=CARTESIAN_POINT('',(-13.5,-23.799812155,-7.65));
#7760=CARTESIAN_POINT('',(-12.15,-23.799812155,-7.65));
#7761=CARTESIAN_POINT('',(-10.8,-23.799812155,-7.65));
#7762=CARTESIAN_POINT('',(-10.8,-23.799812155,-6.3));
#7763=CARTESIAN_POINT('',(-10.8,-23.799812155,-4.95));
#7764=CARTESIAN_POINT('',(-12.15,-23.799812155,-4.95));
#7765=(BOUNDED_CURVE()
B_SPLINE_CURVE(2,(#7756,#7757,#7758,#7759,#7760,#7761,#7762,#7763,#7764),.UNSPECIFIED.,.T.,.F.)
B_SPLINE_CURVE_WITH_KNOTS((3,2,2,2,3),(0.,1.570796327,3.141592654,4.71238898,6.283185307),.UNSPECIFIED.)
CURVE()
GEOMETRIC_REPRESENTATION_ITEM()
RATIONAL_B_SPLINE_CURVE((1.,0.707106781,1.,0.707106781,1.,0.707106781,1.,0.707106781,1.))
REPRESENTATION_ITEM(''));
#7766=EDGE_CURVE('',#7755,#7755,#7765,.T.);
#7767=ORIENTED_EDGE('',*,*,#7766,.F.);
#7768=EDGE_LOOP('',(#7767));
#7769=FACE_BOUND('',#7768,.T.);
#7770=CARTESIAN_POINT('',(-8.1,-23.799812155,0.));
#7771=VERTEX_POINT('',#7770);
#7772=CARTESIAN_POINT('',(-8.1,-23.799812155,0.));
#7773=CARTESIAN_POINT('',(-14.75,-23.799812155,0.));
#7774=B_SPLINE_CURVE_WITH_KNOTS('',1,(#7772,#7773),.UNSPECIFIED.,.F.,.F.,(2,2),(-0.017725,-0.011075),.UNSPECIFIED.);
#7775=EDGE_CURVE('',#7771,#7719,#7774,.T.);
#7776=ORIENTED_EDGE('',*,*,#7775,.T.);
#7777=ORIENTED_EDGE('',*,*,#7744,.F.);
#7778=CARTESIAN_POINT('',(-8.1,-23.799812155,-12.6));
#7779=VERTEX_POINT('',#7778);
#7780=CARTESIAN_POINT('',(-8.1,-23.799812155,-12.6));
#7781=CARTESIAN_POINT('',(-14.75,-23.799812155,-12.6));
#7782=B_SPLINE_CURVE_WITH_KNOTS('',1,(#7780,#7781),.UNSPECIFIED.,.F.,.F.,(2,2),(-0.017725,-0.011075),.UNSPECIFIED.);
#7783=EDGE_CURVE('',#7779,#7735,#7782,.T.);
#7784=ORIENTED_EDGE('',*,*,#7783,.F.);
#7785=CARTESIAN_POINT('',(-8.1,-23.799812155,-12.6));
#7786=CARTESIAN_POINT('',(-8.1,-23.799812155,0.));
#7787=B_SPLINE_CURVE_WITH_KNOTS('',1,(#7785,#7786),.UNSPECIFIED.,.F.,.F.,(2,2),(-0.004230501,0.008369499),.UNSPECIFIED.);
#7788=EDGE_CURVE('',#7779,#7771,#7787,.T.);
#7789=ORIENTED_EDGE('',*,*,#7788,.T.);
#7790=EDGE_LOOP('',(#7776,#7777,#7784,#7789));
#7791=FACE_BOUND('',#7790,.T.);
#7792=ADVANCED_FACE('',(#7769,#7791),#7753,.F.);
#7793=CARTESIAN_POINT('',(-8.1,-23.799812155,-12.6));
#7794=CARTESIAN_POINT('',(-8.1,-17.799812155,-12.6));
#7795=CARTESIAN_POINT('',(-8.1,-23.799812155,0.));
#7796=CARTESIAN_POINT('',(-8.1,-17.799812155,0.));
#7797=B_SPLINE_SURFACE_WITH_KNOTS('',1,1,((#7793,#7794),(#7795,#7796)),.UNSPECIFIED.,.F.,.F.,.U.,(2,2),(2,2),(-0.004230501,0.008369499),(-0.006,0.),.UNSPECIFIED.);
#7798=CARTESIAN_POINT('',(-8.1,-17.799812155,-0.));
#7799=VERTEX_POINT('',#7798);
#7800=CARTESIAN_POINT('',(-8.1,-17.799812155,0.));
#7801=CARTESIAN_POINT('',(-8.1,-23.799812155,0.));
#7802=B_SPLINE_CURVE_WITH_KNOTS('',1,(#7800,#7801),.UNSPECIFIED.,.F.,.F.,(2,2),(-0.0168,-0.0108),.UNSPECIFIED.);
#7803=EDGE_CURVE('',#7799,#7771,#7802,.T.);
#7804=ORIENTED_EDGE('',*,*,#7803,.T.);
#7805=ORIENTED_EDGE('',*,*,#7788,.F.);
#7806=CARTESIAN_POINT('',(-8.1,-17.799812155,-12.6));
#7807=VERTEX_POINT('',#7806);
#7808=CARTESIAN_POINT('',(-8.1,-17.799812155,-12.6));
#7809=CARTESIAN_POINT('',(-8.1,-23.799812155,-12.6));
#7810=B_SPLINE_CURVE_WITH_KNOTS('',1,(#7808,#7809),.UNSPECIFIED.,.F.,.F.,(2,2),(-0.0168,-0.0108),.UNSPECIFIED.);
#7811=EDGE_CURVE('',#7807,#7779,#7810,.T.);
#7812=ORIENTED_EDGE('',*,*,#7811,.F.);
#7813=CARTESIAN_POINT('',(-8.1,-17.799812155,-12.6));
#7814=CARTESIAN_POINT('',(-8.1,-17.799812155,-0.));
#7815=B_SPLINE_CURVE_WITH_KNOTS('',1,(#7813,#7814),.UNSPECIFIED.,.F.,.F.,(2,2),(-0.004230501,0.008369499),.UNSPECIFIED.);
#7816=EDGE_CURVE('',#7807,#7799,#7815,.T.);
#7817=ORIENTED_EDGE('',*,*,#7816,.T.);
#7818=EDGE_LOOP('',(#7804,#7805,#7812,#7817));
#7819=FACE_BOUND('',#7818,.T.);
#7820=ADVANCED_FACE('',(#7819),#7797,.F.);
#7821=CARTESIAN_POINT('',(-14.75,-17.799812155,-0.));
#7822=CARTESIAN_POINT('',(-8.1,-17.799812155,-0.));
#7823=CARTESIAN_POINT('',(-14.75,-17.799812155,-12.6));
#7824=CARTESIAN_POINT('',(-8.1,-17.799812155,-12.6));
#7825=B_SPLINE_SURFACE_WITH_KNOTS('',1,1,((#7821,#7822),(#7823,#7824)),.UNSPECIFIED.,.F.,.F.,.U.,(2,2),(2,2),(-0.008369499,0.004230501),(0.,0.00665),.UNSPECIFIED.);
#7826=CARTESIAN_POINT('',(-11.546526122,-17.799812155,-5.09239109));
#7827=VERTEX_POINT('',#7826);
#7828=CARTESIAN_POINT('',(-12.15,-17.799812155,-4.95));
#7829=VERTEX_POINT('',#7828);
#7830=CARTESIAN_POINT('',(-11.546526122,-17.799812155,-5.09239109));
#7831=CARTESIAN_POINT('',(-12.754135032,-17.799812155,-4.488917212));
#7832=CARTESIAN_POINT('',(-13.35760891,-17.799812155,-5.696526122));
#7833=CARTESIAN_POINT('',(-13.961082788,-17.799812155,-6.904135032));
#7834=CARTESIAN_POINT('',(-12.753473878,-17.799812155,-7.50760891));
#7835=CARTESIAN_POINT('',(-11.545864968,-17.799812155,-8.111082788));
#7836=CARTESIAN_POINT('',(-10.94239109,-17.799812155,-6.903473878));
#7837=CARTESIAN_POINT('',(-10.338917212,-17.799812155,-5.695864968));
#7838=CARTESIAN_POINT('',(-11.546526122,-17.799812155,-5.09239109));
#7839=(BOUNDED_CURVE()
B_SPLINE_CURVE(2,(#7830,#7831,#7832,#7833,#7834,#7835,#7836,#7837,#7838),.UNSPECIFIED.,.T.,.F.)
B_SPLINE_CURVE_WITH_KNOTS((3,2,2,2,3),(0.,1.570796327,3.141592654,4.71238898,6.283185307),.UNSPECIFIED.)
CURVE()
GEOMETRIC_REPRESENTATION_ITEM()
RATIONAL_B_SPLINE_CURVE((1.,0.707106781,1.,0.707106781,1.,0.707106781,1.,0.707106781,1.))
REPRESENTATION_ITEM(''));
#7840=EDGE_CURVE('',#7827,#7829,#7839,.T.);
#7841=ORIENTED_EDGE('',*,*,#7840,.T.);
#7842=CARTESIAN_POINT('',(-11.546526122,-17.799812155,-5.09239109));
#7843=CARTESIAN_POINT('',(-12.754135032,-17.799812155,-4.488917212));
#7844=CARTESIAN_POINT('',(-13.35760891,-17.799812155,-5.696526122));
#7845=CARTESIAN_POINT('',(-13.961082788,-17.799812155,-6.904135032));
#7846=CARTESIAN_POINT('',(-12.753473878,-17.799812155,-7.50760891));
#7847=CARTESIAN_POINT('',(-11.545864968,-17.799812155,-8.111082788));
#7848=CARTESIAN_POINT('',(-10.94239109,-17.799812155,-6.903473878));
#7849=CARTESIAN_POINT('',(-10.338917212,-17.799812155,-5.695864968));
#7850=CARTESIAN_POINT('',(-11.546526122,-17.799812155,-5.09239109));
#7851=(BOUNDED_CURVE()
B_SPLINE_CURVE(2,(#7842,#7843,#7844,#7845,#7846,#7847,#7848,#7849,#7850),.UNSPECIFIED.,.T.,.F.)
B_SPLINE_CURVE_WITH_KNOTS((3,2,2,2,3),(0.,1.570796327,3.141592654,4.71238898,6.283185307),.UNSPECIFIED.)
CURVE()
GEOMETRIC_REPRESENTATION_ITEM()
RATIONAL_B_SPLINE_CURVE((1.,0.707106781,1.,0.707106781,1.,0.707106781,1.,0.707106781,1.))
REPRESENTATION_ITEM(''));
#7852=EDGE_CURVE('',#7829,#7827,#7851,.T.);
#7853=ORIENTED_EDGE('',*,*,#7852,.T.);
#7854=EDGE_LOOP('',(#7841,#7853));
#7855=FACE_BOUND('',#7854,.T.);
#7856=CARTESIAN_POINT('',(-14.75,-17.799812155,-0.));
#7857=CARTESIAN_POINT('',(-8.1,-17.799812155,-0.));
#7858=B_SPLINE_CURVE_WITH_KNOTS('',1,(#7856,#7857),.UNSPECIFIED.,.F.,.F.,(2,2),(0.,0.00665),.UNSPECIFIED.);
#7859=EDGE_CURVE('',#7721,#7799,#7858,.T.);
#7860=ORIENTED_EDGE('',*,*,#7859,.T.);
#7861=ORIENTED_EDGE('',*,*,#7816,.F.);
#7862=CARTESIAN_POINT('',(-14.75,-17.799812155,-12.6));
#7863=CARTESIAN_POINT('',(-8.1,-17.799812155,-12.6));
#7864=B_SPLINE_CURVE_WITH_KNOTS('',1,(#7862,#7863),.UNSPECIFIED.,.F.,.F.,(2,2),(0.011075,0.017725),.UNSPECIFIED.);
#7865=EDGE_CURVE('',#7728,#7807,#7864,.T.);
#7866=ORIENTED_EDGE('',*,*,#7865,.F.);
#7867=ORIENTED_EDGE('',*,*,#7732,.T.);
#7868=EDGE_LOOP('',(#7860,#7861,#7866,#7867));
#7869=FACE_BOUND('',#7868,.T.);
#7870=ADVANCED_FACE('',(#7855,#7869),#7825,.F.);
#7871=CARTESIAN_POINT('',(-14.75,-23.799812155,-12.6));
#7872=CARTESIAN_POINT('',(-14.75,-17.799812155,-12.6));
#7873=CARTESIAN_POINT('',(-8.1,-23.799812155,-12.6));
#7874=CARTESIAN_POINT('',(-8.1,-17.799812155,-12.6));
#7875=B_SPLINE_SURFACE_WITH_KNOTS('',1,1,((#7871,#7872),(#7873,#7874)),.UNSPECIFIED.,.F.,.F.,.U.,(2,2),(2,2),(0.011075,0.017725),(0.0108,0.0168),.UNSPECIFIED.);
#7876=ORIENTED_EDGE('',*,*,#7739,.T.);
#7877=ORIENTED_EDGE('',*,*,#7865,.T.);
#7878=ORIENTED_EDGE('',*,*,#7811,.T.);
#7879=ORIENTED_EDGE('',*,*,#7783,.T.);
#7880=EDGE_LOOP('',(#7876,#7877,#7878,#7879));
#7881=FACE_BOUND('',#7880,.T.);
#7882=ADVANCED_FACE('',(#7881),#7875,.F.);
#7883=CARTESIAN_POINT('',(-14.75,-23.799812155,0.));
#7884=CARTESIAN_POINT('',(-14.75,-17.799812155,0.));
#7885=CARTESIAN_POINT('',(-8.1,-23.799812155,0.));
#7886=CARTESIAN_POINT('',(-8.1,-17.799812155,0.));
#7887=B_SPLINE_SURFACE_WITH_KNOTS('',1,1,((#7883,#7884),(#7885,#7886)),.UNSPECIFIED.,.F.,.F.,.U.,(2,2),(2,2),(0.011075,0.017725),(0.0108,0.0168),.UNSPECIFIED.);
#7888=ORIENTED_EDGE('',*,*,#7725,.F.);
#7889=ORIENTED_EDGE('',*,*,#7775,.F.);
#7890=ORIENTED_EDGE('',*,*,#7803,.F.);
#7891=ORIENTED_EDGE('',*,*,#7859,.F.);
#7892=EDGE_LOOP('',(#7888,#7889,#7890,#7891));
#7893=FACE_BOUND('',#7892,.T.);
#7894=ADVANCED_FACE('',(#7893),#7887,.T.);
#7895=CARTESIAN_POINT('',(-12.15,-23.799812155,-4.95));
#7896=CARTESIAN_POINT('',(-12.15,-17.799812155,-4.95));
#7897=CARTESIAN_POINT('',(-9.81173141,-23.799812155,-4.95));
#7898=CARTESIAN_POINT('',(-9.81173141,-17.799812155,-4.95));
#7899=CARTESIAN_POINT('',(-10.980865705,-23.799812155,-6.975));
#7900=CARTESIAN_POINT('',(-10.980865705,-17.799812155,-6.975));
#7901=CARTESIAN_POINT('',(-12.15,-23.799812155,-9.));
#7902=CARTESIAN_POINT('',(-12.15,-17.799812155,-9.));
#7903=CARTESIAN_POINT('',(-13.319134295,-23.799812155,-6.975));
#7904=CARTESIAN_POINT('',(-13.319134295,-17.799812155,-6.975));
#7905=CARTESIAN_POINT('',(-14.48826859,-23.799812155,-4.95));
#7906=CARTESIAN_POINT('',(-14.48826859,-17.799812155,-4.95));
#7907=CARTESIAN_POINT('',(-12.15,-23.799812155,-4.95));
#7908=CARTESIAN_POINT('',(-12.15,-17.799812155,-4.95));
#7909=(BOUNDED_SURFACE()
B_SPLINE_SURFACE(2,1,((#7895,#7896),(#7897,#7898),(#7899,#7900),(#7901,#7902),(#7903,#7904),(#7905,#7906),(#7907,#7908)),.UNSPECIFIED.,.T.,.F.,.U.)
B_SPLINE_SURFACE_WITH_KNOTS((3,2,2,3),(2,2),(0.,2.094395102,4.188790205,6.283185307),(0.070996582,0.076996582),.UNSPECIFIED.)
GEOMETRIC_REPRESENTATION_ITEM()
RATIONAL_B_SPLINE_SURFACE(((1.,1.),(0.5,0.5),(1.,1.),(0.5,0.5),(1.,1.),(0.5,0.5),(1.,1.)))
REPRESENTATION_ITEM('')
SURFACE()
);
#7910=CARTESIAN_POINT('',(-12.15,-17.799812155,-4.95));
#7911=CARTESIAN_POINT('',(-12.15,-23.799812155,-4.95));
#7912=B_SPLINE_CURVE_WITH_KNOTS('',1,(#7910,#7911),.UNSPECIFIED.,.F.,.F.,(2,2),(0.070996582,0.076996582),.UNSPECIFIED.);
#7913=EDGE_CURVE('',#7829,#7755,#7912,.T.);
#7914=ORIENTED_EDGE('',*,*,#7913,.F.);
#7915=ORIENTED_EDGE('',*,*,#7840,.F.);
#7916=ORIENTED_EDGE('',*,*,#7852,.F.);
#7917=ORIENTED_EDGE('',*,*,#7913,.T.);
#7918=ORIENTED_EDGE('',*,*,#7766,.T.);
#7919=EDGE_LOOP('',(#7914,#7915,#7916,#7917,#7918));
#7920=FACE_BOUND('',#7919,.T.);
#7921=ADVANCED_FACE('',(#7920),#7909,.F.);
#7922=CLOSED_SHELL('',(#7748,#7792,#7820,#7870,#7882,#7894,#7921));
#7923=MANIFOLD_SOLID_BREP('Extruded.001',#7922);
#7712=STYLED_ITEM('',(),#7923);
#7924=GEOMETRIC_CURVE_SET('',(#45,#7484));
#16=SHAPE_REPRESENTATION('root',(#15),#10);
#17=ADVANCED_BREP_SHAPE_REPRESENTATION('root',(#7464,#7711,#7923),#10);
#7932=SHAPE_REPRESENTATION_RELATIONSHIP('','',#16,#17);
#18=GEOMETRICALLY_BOUNDED_WIREFRAME_SHAPE_REPRESENTATION('root',(#7924),#10);
#7940=SHAPE_REPRESENTATION_RELATIONSHIP('','',#16,#18);
#7941=APPLICATION_CONTEXT('configuration controlled 3D design of mechanical parts and assemblies');
#7942=APPLICATION_PROTOCOL_DEFINITION('international standard','configuration_control_3d_design_ed2_mim',2004,#7941);
#7943=PRODUCT_CONTEXT('',#7941,'mechanical');
#7944=PRODUCT_DEFINITION_CONTEXT('part definition',#7941,'design');
#24=PRODUCT('root','root','',(#7943));
#7945=PRODUCT_RELATED_PRODUCT_CATEGORY('part','',(#24));
#7946=PRODUCT_DEFINITION_FORMATION_WITH_SPECIFIED_SOURCE('','',#24,.NOT_KNOWN.);
#25=PRODUCT_DEFINITION('design','',#7946,#7944);
#23=PRODUCT_DEFINITION_SHAPE('','',#25);
#7947=SHAPE_DEFINITION_REPRESENTATION(#23,#16);
#11=DRAUGHTING_MODEL('',(),#10);
#1=MECHANICAL_DESIGN_GEOMETRIC_PRESENTATION_REPRESENTATION('',(#46,#7485,#7712),#10);
ENDSEC;
END-ISO-10303-21;
