ISO-10303-21;
HEADER;

/* File generated by HOOPS Exchange Version 25.8.0 */

FILE_DESCRIPTION(('HOOPS Exchange Step'),'2;1');

FILE_NAME('/home/tfannes/prints/260705_nerf_shooter/NerfShooter_MotorHolder_c.step',
'2026-07-07T14:01:21+02:00',
('tfannes'),
('Unknown organisation'),
'HOOPS Exchange 2025.8',
'HOOPS Exchange',
'Unknown authorisation');

FILE_SCHEMA( ('AP203_CONFIGURATION_CONTROLLED_3D_DESIGN_OF_MECHANICAL_PARTS_AND_ASSEMBLIES_MIM_LF') );

ENDSEC;

DATA;
#3=(NAMED_UNIT(*)PLANE_ANGLE_UNIT()SI_UNIT($,.RADIAN.));
#4=PLANE_ANGLE_MEASURE_WITH_UNIT(PLANE_ANGLE_MEASURE(0.0174532925),#3);
#5=(CONVERSION_BASED_UNIT('DEGREE',#4)NAMED_UNIT(#6)PLANE_ANGLE_UNIT());
#6=DIMENSIONAL_EXPONENTS(0.,0.,0.,0.,0.,0.,0.);
#7=(NAMED_UNIT(*)SI_UNIT($,.STERADIAN.)SOLID_ANGLE_UNIT());
#8=(LENGTH_UNIT()NAMED_UNIT(*)SI_UNIT(.MILLI.,.METRE.));
#9=UNCERTAINTY_MEASURE_WITH_UNIT(LENGTH_MEASURE(1.000000E-03),#8,'DISTANCE_ACCURACY_VALUE','Maximum Tolerance applied to model');
#10=(GEOMETRIC_REPRESENTATION_CONTEXT(3)GLOBAL_UNCERTAINTY_ASSIGNED_CONTEXT((#9))GLOBAL_UNIT_ASSIGNED_CONTEXT((#8,#5,#7))REPRESENTATION_CONTEXT('','root'));
#12=CARTESIAN_POINT('',(0.,0.,0.));
#13=DIRECTION('',(0.,0.,1.));
#14=DIRECTION('',(1.,0.,0.));
#15=AXIS2_PLACEMENT_3D('TS3D_PRODUCT_CSYS',#12,#13,#14);
#27=CARTESIAN_POINT('',(-6.290176589,9.5,0.5));
#28=CARTESIAN_POINT('',(-14.290176589,9.5,0.5));
#29=CARTESIAN_POINT('',(-6.290176589,9.5,-2.));
#30=CARTESIAN_POINT('',(-14.290176589,9.5,-2.));
#31=B_SPLINE_SURFACE_WITH_KNOTS('',1,1,((#27,#28),(#29,#30)),.UNSPECIFIED.,.F.,.F.,.U.,(2,2),(2,2),(-0.,0.0025),(-0.,0.008),.UNSPECIFIED.);
#32=CARTESIAN_POINT('',(-6.290176589,9.5,-2.));
#33=VERTEX_POINT('',#32);
#34=CARTESIAN_POINT('',(-14.290176589,9.5,-2.));
#35=VERTEX_POINT('',#34);
#36=CARTESIAN_POINT('',(-6.290176589,9.5,-2.));
#37=CARTESIAN_POINT('',(-14.290176589,9.5,-2.));
#38=B_SPLINE_CURVE_WITH_KNOTS('',1,(#36,#37),.UNSPECIFIED.,.F.,.F.,(2,2),(0.,0.008),.UNSPECIFIED.);
#39=EDGE_CURVE('',#33,#35,#38,.T.);
#40=ORIENTED_EDGE('',*,*,#39,.F.);
#41=CARTESIAN_POINT('',(-6.290176589,9.5,0.5));
#42=VERTEX_POINT('',#41);
#43=CARTESIAN_POINT('',(-6.290176589,9.5,0.5));
#44=CARTESIAN_POINT('',(-6.290176589,9.5,-2.));
#45=B_SPLINE_CURVE_WITH_KNOTS('',1,(#43,#44),.UNSPECIFIED.,.F.,.F.,(2,2),(0.,0.0025),.UNSPECIFIED.);
#46=EDGE_CURVE('',#42,#33,#45,.T.);
#47=ORIENTED_EDGE('',*,*,#46,.F.);
#48=CARTESIAN_POINT('',(-14.290176589,9.5,0.5));
#49=VERTEX_POINT('',#48);
#50=CARTESIAN_POINT('',(-6.290176589,9.5,0.5));
#51=CARTESIAN_POINT('',(-14.290176589,9.5,0.5));
#52=B_SPLINE_CURVE_WITH_KNOTS('',1,(#50,#51),.UNSPECIFIED.,.F.,.F.,(2,2),(0.,0.008),.UNSPECIFIED.);
#53=EDGE_CURVE('',#42,#49,#52,.T.);
#54=ORIENTED_EDGE('',*,*,#53,.T.);
#55=CARTESIAN_POINT('',(-14.290176589,9.5,0.5));
#56=CARTESIAN_POINT('',(-14.290176589,9.5,-2.));
#57=B_SPLINE_CURVE_WITH_KNOTS('',1,(#55,#56),.UNSPECIFIED.,.F.,.F.,(2,2),(0.,0.0025),.UNSPECIFIED.);
#58=EDGE_CURVE('',#49,#35,#57,.T.);
#59=ORIENTED_EDGE('',*,*,#58,.T.);
#60=EDGE_LOOP('',(#40,#47,#54,#59));
#61=FACE_BOUND('',#60,.T.);
#62=ADVANCED_FACE('',(#61),#31,.F.);
#63=CARTESIAN_POINT('',(-14.290176589,9.5,0.5));
#64=CARTESIAN_POINT('',(-14.290176589,17.5,0.5));
#65=CARTESIAN_POINT('',(-14.290176589,9.5,-2.));
#66=CARTESIAN_POINT('',(-14.290176589,17.5,-2.));
#67=B_SPLINE_SURFACE_WITH_KNOTS('',1,1,((#63,#64),(#65,#66)),.UNSPECIFIED.,.F.,.F.,.U.,(2,2),(2,2),(-0.,0.0025),(-0.,0.008),.UNSPECIFIED.);
#68=CARTESIAN_POINT('',(-14.290176589,17.5,-2.));
#69=VERTEX_POINT('',#68);
#70=CARTESIAN_POINT('',(-14.290176589,9.5,-2.));
#71=CARTESIAN_POINT('',(-14.290176589,17.5,-2.));
#72=B_SPLINE_CURVE_WITH_KNOTS('',1,(#70,#71),.UNSPECIFIED.,.F.,.F.,(2,2),(-0.,0.008),.UNSPECIFIED.);
#73=EDGE_CURVE('',#35,#69,#72,.T.);
#74=ORIENTED_EDGE('',*,*,#73,.F.);
#75=ORIENTED_EDGE('',*,*,#58,.F.);
#76=CARTESIAN_POINT('',(-14.290176589,17.5,0.5));
#77=VERTEX_POINT('',#76);
#78=CARTESIAN_POINT('',(-14.290176589,9.5,0.5));
#79=CARTESIAN_POINT('',(-14.290176589,17.5,0.5));
#80=B_SPLINE_CURVE_WITH_KNOTS('',1,(#78,#79),.UNSPECIFIED.,.F.,.F.,(2,2),(0.,0.008),.UNSPECIFIED.);
#81=EDGE_CURVE('',#49,#77,#80,.T.);
#82=ORIENTED_EDGE('',*,*,#81,.T.);
#83=CARTESIAN_POINT('',(-14.290176589,17.5,0.5));
#84=CARTESIAN_POINT('',(-14.290176589,17.5,-2.));
#85=B_SPLINE_CURVE_WITH_KNOTS('',1,(#83,#84),.UNSPECIFIED.,.F.,.F.,(2,2),(0.,0.0025),.UNSPECIFIED.);
#86=EDGE_CURVE('',#77,#69,#85,.T.);
#87=ORIENTED_EDGE('',*,*,#86,.T.);
#88=EDGE_LOOP('',(#74,#75,#82,#87));
#89=FACE_BOUND('',#88,.T.);
#90=ADVANCED_FACE('',(#89),#67,.F.);
#91=CARTESIAN_POINT('',(-6.290176589,17.5,-2.));
#92=CARTESIAN_POINT('',(-14.290176589,17.5,-2.));
#93=CARTESIAN_POINT('',(-6.290176589,17.5,0.5));
#94=CARTESIAN_POINT('',(-14.290176589,17.5,0.5));
#95=B_SPLINE_SURFACE_WITH_KNOTS('',1,1,((#91,#92),(#93,#94)),.UNSPECIFIED.,.F.,.F.,.U.,(2,2),(2,2),(-0.0025,0.),(-0.008,0.),.UNSPECIFIED.);
#96=CARTESIAN_POINT('',(-6.290176589,17.5,-2.));
#97=VERTEX_POINT('',#96);
#98=CARTESIAN_POINT('',(-14.290176589,17.5,-2.));
#99=CARTESIAN_POINT('',(-6.290176589,17.5,-2.));
#100=B_SPLINE_CURVE_WITH_KNOTS('',1,(#98,#99),.UNSPECIFIED.,.F.,.F.,(2,2),(0.,0.008),.UNSPECIFIED.);
#101=EDGE_CURVE('',#69,#97,#100,.T.);
#102=ORIENTED_EDGE('',*,*,#101,.F.);
#103=ORIENTED_EDGE('',*,*,#86,.F.);
#104=CARTESIAN_POINT('',(-6.290176589,17.5,0.5));
#105=VERTEX_POINT('',#104);
#106=CARTESIAN_POINT('',(-14.290176589,17.5,0.5));
#107=CARTESIAN_POINT('',(-6.290176589,17.5,0.5));
#108=B_SPLINE_CURVE_WITH_KNOTS('',1,(#106,#107),.UNSPECIFIED.,.F.,.F.,(2,2),(-0.,0.008),.UNSPECIFIED.);
#109=EDGE_CURVE('',#77,#105,#108,.T.);
#110=ORIENTED_EDGE('',*,*,#109,.T.);
#111=CARTESIAN_POINT('',(-6.290176589,17.5,0.5));
#112=CARTESIAN_POINT('',(-6.290176589,17.5,-2.));
#113=B_SPLINE_CURVE_WITH_KNOTS('',1,(#111,#112),.UNSPECIFIED.,.F.,.F.,(2,2),(0.,0.0025),.UNSPECIFIED.);
#114=EDGE_CURVE('',#105,#97,#113,.T.);
#115=ORIENTED_EDGE('',*,*,#114,.T.);
#116=EDGE_LOOP('',(#102,#103,#110,#115));
#117=FACE_BOUND('',#116,.T.);
#118=ADVANCED_FACE('',(#117),#95,.F.);
#119=CARTESIAN_POINT('',(-6.290176589,9.5,-2.));
#120=CARTESIAN_POINT('',(-6.290176589,17.5,-2.));
#121=CARTESIAN_POINT('',(-6.290176589,9.5,0.5));
#122=CARTESIAN_POINT('',(-6.290176589,17.5,0.5));
#123=B_SPLINE_SURFACE_WITH_KNOTS('',1,1,((#119,#120),(#121,#122)),.UNSPECIFIED.,.F.,.F.,.U.,(2,2),(2,2),(-0.0025,0.),(-0.008,0.),.UNSPECIFIED.);
#124=CARTESIAN_POINT('',(-6.290176589,17.5,-2.));
#125=CARTESIAN_POINT('',(-6.290176589,9.5,-2.));
#126=B_SPLINE_CURVE_WITH_KNOTS('',1,(#124,#125),.UNSPECIFIED.,.F.,.F.,(2,2),(-0.,0.008),.UNSPECIFIED.);
#127=EDGE_CURVE('',#97,#33,#126,.T.);
#128=ORIENTED_EDGE('',*,*,#127,.F.);
#129=ORIENTED_EDGE('',*,*,#114,.F.);
#130=CARTESIAN_POINT('',(-6.290176589,17.5,0.5));
#131=CARTESIAN_POINT('',(-6.290176589,9.5,0.5));
#132=B_SPLINE_CURVE_WITH_KNOTS('',1,(#130,#131),.UNSPECIFIED.,.F.,.F.,(2,2),(-0.,0.008),.UNSPECIFIED.);
#133=EDGE_CURVE('',#105,#42,#132,.T.);
#134=ORIENTED_EDGE('',*,*,#133,.T.);
#135=ORIENTED_EDGE('',*,*,#46,.T.);
#136=EDGE_LOOP('',(#128,#129,#134,#135));
#137=FACE_BOUND('',#136,.T.);
#138=ADVANCED_FACE('',(#137),#123,.F.);
#139=CARTESIAN_POINT('',(-14.290176589,9.5,0.5));
#140=CARTESIAN_POINT('',(-14.290176589,17.5,0.5));
#141=CARTESIAN_POINT('',(-6.290176589,9.5,0.5));
#142=CARTESIAN_POINT('',(-6.290176589,17.5,0.5));
#143=B_SPLINE_SURFACE_WITH_KNOTS('',1,1,((#139,#140),(#141,#142)),.UNSPECIFIED.,.F.,.F.,.U.,(2,2),(2,2),(-0.004,0.004),(-0.004,0.004),.UNSPECIFIED.);
#144=CARTESIAN_POINT('',(-9.599189943,15.216111143,0.5));
#145=VERTEX_POINT('',#144);
#146=CARTESIAN_POINT('',(-10.290176589,15.35,0.5));
#147=VERTEX_POINT('',#146);
#148=CARTESIAN_POINT('',(-9.599189943,15.216111143,0.5));
#149=CARTESIAN_POINT('',(-7.8830788,14.525124496,0.5));
#150=CARTESIAN_POINT('',(-8.574065447,12.809013353,0.5));
#151=CARTESIAN_POINT('',(-9.265052093,11.092902211,0.5));
#152=CARTESIAN_POINT('',(-10.981163236,11.783888857,0.5));
#153=CARTESIAN_POINT('',(-12.697274379,12.474875504,0.5));
#154=CARTESIAN_POINT('',(-12.006287732,14.190986647,0.5));
#155=CARTESIAN_POINT('',(-11.315301085,15.907097789,0.5));
#156=CARTESIAN_POINT('',(-9.599189943,15.216111143,0.5));
#157=(BOUNDED_CURVE()
B_SPLINE_CURVE(2,(#148,#149,#150,#151,#152,#153,#154,#155,#156),.UNSPECIFIED.,.T.,.F.)
B_SPLINE_CURVE_WITH_KNOTS((3,2,2,2,3),(0.,1.570796327,3.141592654,4.71238898,6.283185307),.UNSPECIFIED.)
CURVE()
GEOMETRIC_REPRESENTATION_ITEM()
RATIONAL_B_SPLINE_CURVE((1.,0.707106781,1.,0.707106781,1.,0.707106781,1.,0.707106781,1.))
REPRESENTATION_ITEM(''));
#158=EDGE_CURVE('',#145,#147,#157,.T.);
#159=ORIENTED_EDGE('',*,*,#158,.T.);
#160=CARTESIAN_POINT('',(-9.599189943,15.216111143,0.5));
#161=CARTESIAN_POINT('',(-7.8830788,14.525124496,0.5));
#162=CARTESIAN_POINT('',(-8.574065447,12.809013353,0.5));
#163=CARTESIAN_POINT('',(-9.265052093,11.092902211,0.5));
#164=CARTESIAN_POINT('',(-10.981163236,11.783888857,0.5));
#165=CARTESIAN_POINT('',(-12.697274379,12.474875504,0.5));
#166=CARTESIAN_POINT('',(-12.006287732,14.190986647,0.5));
#167=CARTESIAN_POINT('',(-11.315301085,15.907097789,0.5));
#168=CARTESIAN_POINT('',(-9.599189943,15.216111143,0.5));
#169=(BOUNDED_CURVE()
B_SPLINE_CURVE(2,(#160,#161,#162,#163,#164,#165,#166,#167,#168),.UNSPECIFIED.,.T.,.F.)
B_SPLINE_CURVE_WITH_KNOTS((3,2,2,2,3),(0.,1.570796327,3.141592654,4.71238898,6.283185307),.UNSPECIFIED.)
CURVE()
GEOMETRIC_REPRESENTATION_ITEM()
RATIONAL_B_SPLINE_CURVE((1.,0.707106781,1.,0.707106781,1.,0.707106781,1.,0.707106781,1.))
REPRESENTATION_ITEM(''));
#170=EDGE_CURVE('',#147,#145,#169,.T.);
#171=ORIENTED_EDGE('',*,*,#170,.T.);
#172=EDGE_LOOP('',(#159,#171));
#173=FACE_BOUND('',#172,.T.);
#174=ORIENTED_EDGE('',*,*,#53,.F.);
#175=ORIENTED_EDGE('',*,*,#133,.F.);
#176=ORIENTED_EDGE('',*,*,#109,.F.);
#177=ORIENTED_EDGE('',*,*,#81,.F.);
#178=EDGE_LOOP('',(#174,#175,#176,#177));
#179=FACE_BOUND('',#178,.T.);
#180=ADVANCED_FACE('',(#173,#179),#143,.T.);
#181=CARTESIAN_POINT('',(-14.290176589,9.5,-2.));
#182=CARTESIAN_POINT('',(-14.290176589,17.5,-2.));
#183=CARTESIAN_POINT('',(-6.290176589,9.5,-2.));
#184=CARTESIAN_POINT('',(-6.290176589,17.5,-2.));
#185=B_SPLINE_SURFACE_WITH_KNOTS('',1,1,((#181,#182),(#183,#184)),.UNSPECIFIED.,.F.,.F.,.U.,(2,2),(2,2),(-0.004,0.004),(-0.004,0.004),.UNSPECIFIED.);
#186=CARTESIAN_POINT('',(-10.290176589,15.35,-2.));
#187=VERTEX_POINT('',#186);
#188=CARTESIAN_POINT('',(-8.440176589,13.5,-2.));
#189=VERTEX_POINT('',#188);
#190=CARTESIAN_POINT('',(-8.440176589,13.5,-2.));
#191=CARTESIAN_POINT('',(-8.440176589,11.65,-2.));
#192=CARTESIAN_POINT('',(-10.290176589,11.65,-2.));
#193=CARTESIAN_POINT('',(-12.140176589,11.65,-2.));
#194=CARTESIAN_POINT('',(-12.140176589,13.5,-2.));
#195=CARTESIAN_POINT('',(-12.140176589,15.35,-2.));
#196=CARTESIAN_POINT('',(-10.290176589,15.35,-2.));
#197=CARTESIAN_POINT('',(-8.440176589,15.35,-2.));
#198=CARTESIAN_POINT('',(-8.440176589,13.5,-2.));
#199=(BOUNDED_CURVE()
B_SPLINE_CURVE(2,(#190,#191,#192,#193,#194,#195,#196,#197,#198),.UNSPECIFIED.,.T.,.F.)
B_SPLINE_CURVE_WITH_KNOTS((3,2,2,2,3),(0.,1.570796327,3.141592654,4.71238898,6.283185307),.UNSPECIFIED.)
CURVE()
GEOMETRIC_REPRESENTATION_ITEM()
RATIONAL_B_SPLINE_CURVE((1.,0.707106781,1.,0.707106781,1.,0.707106781,1.,0.707106781,1.))
REPRESENTATION_ITEM(''));
#200=EDGE_CURVE('',#187,#189,#199,.T.);
#201=ORIENTED_EDGE('',*,*,#200,.F.);
#202=CARTESIAN_POINT('',(-8.440176589,13.5,-2.));
#203=CARTESIAN_POINT('',(-8.440176589,11.65,-2.));
#204=CARTESIAN_POINT('',(-10.290176589,11.65,-2.));
#205=CARTESIAN_POINT('',(-12.140176589,11.65,-2.));
#206=CARTESIAN_POINT('',(-12.140176589,13.5,-2.));
#207=CARTESIAN_POINT('',(-12.140176589,15.35,-2.));
#208=CARTESIAN_POINT('',(-10.290176589,15.35,-2.));
#209=CARTESIAN_POINT('',(-8.440176589,15.35,-2.));
#210=CARTESIAN_POINT('',(-8.440176589,13.5,-2.));
#211=(BOUNDED_CURVE()
B_SPLINE_CURVE(2,(#202,#203,#204,#205,#206,#207,#208,#209,#210),.UNSPECIFIED.,.T.,.F.)
B_SPLINE_CURVE_WITH_KNOTS((3,2,2,2,3),(0.,1.570796327,3.141592654,4.71238898,6.283185307),.UNSPECIFIED.)
CURVE()
GEOMETRIC_REPRESENTATION_ITEM()
RATIONAL_B_SPLINE_CURVE((1.,0.707106781,1.,0.707106781,1.,0.707106781,1.,0.707106781,1.))
REPRESENTATION_ITEM(''));
#212=EDGE_CURVE('',#189,#187,#211,.T.);
#213=ORIENTED_EDGE('',*,*,#212,.F.);
#214=EDGE_LOOP('',(#201,#213));
#215=FACE_BOUND('',#214,.T.);
#216=ORIENTED_EDGE('',*,*,#39,.T.);
#217=ORIENTED_EDGE('',*,*,#73,.T.);
#218=ORIENTED_EDGE('',*,*,#101,.T.);
#219=ORIENTED_EDGE('',*,*,#127,.T.);
#220=EDGE_LOOP('',(#216,#217,#218,#219));
#221=FACE_BOUND('',#220,.T.);
#222=ADVANCED_FACE('',(#215,#221),#185,.F.);
#223=CARTESIAN_POINT('',(-10.290176589,15.35,-2.));
#224=CARTESIAN_POINT('',(-10.290176589,15.35,0.5));
#225=CARTESIAN_POINT('',(-13.494470583,15.35,-2.));
#226=CARTESIAN_POINT('',(-13.494470583,15.35,0.5));
#227=CARTESIAN_POINT('',(-11.892323586,12.575,-2.));
#228=CARTESIAN_POINT('',(-11.892323586,12.575,0.5));
#229=CARTESIAN_POINT('',(-10.290176589,9.8,-2.));
#230=CARTESIAN_POINT('',(-10.290176589,9.8,0.5));
#231=CARTESIAN_POINT('',(-8.688029592,12.575,-2.));
#232=CARTESIAN_POINT('',(-8.688029592,12.575,0.5));
#233=CARTESIAN_POINT('',(-7.085882595,15.35,-2.));
#234=CARTESIAN_POINT('',(-7.085882595,15.35,0.5));
#235=CARTESIAN_POINT('',(-10.290176589,15.35,-2.));
#236=CARTESIAN_POINT('',(-10.290176589,15.35,0.5));
#237=(BOUNDED_SURFACE()
B_SPLINE_SURFACE(2,1,((#223,#224),(#225,#226),(#227,#228),(#229,#230),(#231,#232),(#233,#234),(#235,#236)),.UNSPECIFIED.,.T.,.F.,.U.)
B_SPLINE_SURFACE_WITH_KNOTS((3,2,2,3),(2,2),(0.,2.094395102,4.188790205,6.283185307),(0.003831159,0.006331159),.UNSPECIFIED.)
GEOMETRIC_REPRESENTATION_ITEM()
RATIONAL_B_SPLINE_SURFACE(((1.,1.),(0.5,0.5),(1.,1.),(0.5,0.5),(1.,1.),(0.5,0.5),(1.,1.)))
REPRESENTATION_ITEM('')
SURFACE()
);
#238=CARTESIAN_POINT('',(-10.290176589,15.35,0.5));
#239=CARTESIAN_POINT('',(-10.290176589,15.35,-2.));
#240=B_SPLINE_CURVE_WITH_KNOTS('',1,(#238,#239),.UNSPECIFIED.,.F.,.F.,(2,2),(0.003831159,0.006331159),.UNSPECIFIED.);
#241=EDGE_CURVE('',#147,#187,#240,.T.);
#242=ORIENTED_EDGE('',*,*,#241,.F.);
#243=ORIENTED_EDGE('',*,*,#158,.F.);
#244=ORIENTED_EDGE('',*,*,#170,.F.);
#245=ORIENTED_EDGE('',*,*,#241,.T.);
#246=ORIENTED_EDGE('',*,*,#200,.T.);
#247=ORIENTED_EDGE('',*,*,#212,.T.);
#248=EDGE_LOOP('',(#242,#243,#244,#245,#246,#247));
#249=FACE_BOUND('',#248,.T.);
#250=ADVANCED_FACE('',(#249),#237,.F.);
#251=CLOSED_SHELL('',(#62,#90,#118,#138,#180,#222,#250));
#252=MANIFOLD_SOLID_BREP('Extruded.003',#251);
#26=STYLED_ITEM('',(),#252);
#254=CARTESIAN_POINT('',(-14.290176589,-9.5,0.5));
#255=CARTESIAN_POINT('',(-6.290176589,-9.5,0.5));
#256=CARTESIAN_POINT('',(-14.290176589,-9.5,-2.));
#257=CARTESIAN_POINT('',(-6.290176589,-9.5,-2.));
#258=B_SPLINE_SURFACE_WITH_KNOTS('',1,1,((#254,#255),(#256,#257)),.UNSPECIFIED.,.F.,.F.,.U.,(2,2),(2,2),(-0.,0.0025),(-0.008,0.),.UNSPECIFIED.);
#259=CARTESIAN_POINT('',(-6.290176589,-9.5,-2.));
#260=VERTEX_POINT('',#259);
#261=CARTESIAN_POINT('',(-14.290176589,-9.5,-2.));
#262=VERTEX_POINT('',#261);
#263=CARTESIAN_POINT('',(-6.290176589,-9.5,-2.));
#264=CARTESIAN_POINT('',(-14.290176589,-9.5,-2.));
#265=B_SPLINE_CURVE_WITH_KNOTS('',1,(#263,#264),.UNSPECIFIED.,.F.,.F.,(2,2),(0.,0.008),.UNSPECIFIED.);
#266=EDGE_CURVE('',#260,#262,#265,.T.);
#267=ORIENTED_EDGE('',*,*,#266,.T.);
#268=CARTESIAN_POINT('',(-14.290176589,-9.5,0.5));
#269=VERTEX_POINT('',#268);
#270=CARTESIAN_POINT('',(-14.290176589,-9.5,0.5));
#271=CARTESIAN_POINT('',(-14.290176589,-9.5,-2.));
#272=B_SPLINE_CURVE_WITH_KNOTS('',1,(#270,#271),.UNSPECIFIED.,.F.,.F.,(2,2),(0.,0.0025),.UNSPECIFIED.);
#273=EDGE_CURVE('',#269,#262,#272,.T.);
#274=ORIENTED_EDGE('',*,*,#273,.F.);
#275=CARTESIAN_POINT('',(-6.290176589,-9.5,0.5));
#276=VERTEX_POINT('',#275);
#277=CARTESIAN_POINT('',(-6.290176589,-9.5,0.5));
#278=CARTESIAN_POINT('',(-14.290176589,-9.5,0.5));
#279=B_SPLINE_CURVE_WITH_KNOTS('',1,(#277,#278),.UNSPECIFIED.,.F.,.F.,(2,2),(0.,0.008),.UNSPECIFIED.);
#280=EDGE_CURVE('',#276,#269,#279,.T.);
#281=ORIENTED_EDGE('',*,*,#280,.F.);
#282=CARTESIAN_POINT('',(-6.290176589,-9.5,0.5));
#283=CARTESIAN_POINT('',(-6.290176589,-9.5,-2.));
#284=B_SPLINE_CURVE_WITH_KNOTS('',1,(#282,#283),.UNSPECIFIED.,.F.,.F.,(2,2),(0.,0.0025),.UNSPECIFIED.);
#285=EDGE_CURVE('',#276,#260,#284,.T.);
#286=ORIENTED_EDGE('',*,*,#285,.T.);
#287=EDGE_LOOP('',(#267,#274,#281,#286));
#288=FACE_BOUND('',#287,.T.);
#289=ADVANCED_FACE('',(#288),#258,.F.);
#290=CARTESIAN_POINT('',(-14.290176589,-17.5,0.5));
#291=CARTESIAN_POINT('',(-14.290176589,-9.5,0.5));
#292=CARTESIAN_POINT('',(-14.290176589,-17.5,-2.));
#293=CARTESIAN_POINT('',(-14.290176589,-9.5,-2.));
#294=B_SPLINE_SURFACE_WITH_KNOTS('',1,1,((#290,#291),(#292,#293)),.UNSPECIFIED.,.F.,.F.,.U.,(2,2),(2,2),(0.,0.0025),(-0.008,0.),.UNSPECIFIED.);
#295=CARTESIAN_POINT('',(-14.290176589,-17.5,-2.));
#296=VERTEX_POINT('',#295);
#297=CARTESIAN_POINT('',(-14.290176589,-9.5,-2.));
#298=CARTESIAN_POINT('',(-14.290176589,-17.5,-2.));
#299=B_SPLINE_CURVE_WITH_KNOTS('',1,(#297,#298),.UNSPECIFIED.,.F.,.F.,(2,2),(0.,0.008),.UNSPECIFIED.);
#300=EDGE_CURVE('',#262,#296,#299,.T.);
#301=ORIENTED_EDGE('',*,*,#300,.T.);
#302=CARTESIAN_POINT('',(-14.290176589,-17.5,0.5));
#303=VERTEX_POINT('',#302);
#304=CARTESIAN_POINT('',(-14.290176589,-17.5,0.5));
#305=CARTESIAN_POINT('',(-14.290176589,-17.5,-2.));
#306=B_SPLINE_CURVE_WITH_KNOTS('',1,(#304,#305),.UNSPECIFIED.,.F.,.F.,(2,2),(-0.,0.0025),.UNSPECIFIED.);
#307=EDGE_CURVE('',#303,#296,#306,.T.);
#308=ORIENTED_EDGE('',*,*,#307,.F.);
#309=CARTESIAN_POINT('',(-14.290176589,-9.5,0.5));
#310=CARTESIAN_POINT('',(-14.290176589,-17.5,0.5));
#311=B_SPLINE_CURVE_WITH_KNOTS('',1,(#309,#310),.UNSPECIFIED.,.F.,.F.,(2,2),(0.,0.008),.UNSPECIFIED.);
#312=EDGE_CURVE('',#269,#303,#311,.T.);
#313=ORIENTED_EDGE('',*,*,#312,.F.);
#314=ORIENTED_EDGE('',*,*,#273,.T.);
#315=EDGE_LOOP('',(#301,#308,#313,#314));
#316=FACE_BOUND('',#315,.T.);
#317=ADVANCED_FACE('',(#316),#294,.F.);
#318=CARTESIAN_POINT('',(-14.290176589,-17.5,-2.));
#319=CARTESIAN_POINT('',(-6.290176589,-17.5,-2.));
#320=CARTESIAN_POINT('',(-14.290176589,-17.5,0.5));
#321=CARTESIAN_POINT('',(-6.290176589,-17.5,0.5));
#322=B_SPLINE_SURFACE_WITH_KNOTS('',1,1,((#318,#319),(#320,#321)),.UNSPECIFIED.,.F.,.F.,.U.,(2,2),(2,2),(-0.0025,0.),(0.,0.008),.UNSPECIFIED.);
#323=CARTESIAN_POINT('',(-6.290176589,-17.5,-2.));
#324=VERTEX_POINT('',#323);
#325=CARTESIAN_POINT('',(-14.290176589,-17.5,-2.));
#326=CARTESIAN_POINT('',(-6.290176589,-17.5,-2.));
#327=B_SPLINE_CURVE_WITH_KNOTS('',1,(#325,#326),.UNSPECIFIED.,.F.,.F.,(2,2),(0.,0.008),.UNSPECIFIED.);
#328=EDGE_CURVE('',#296,#324,#327,.T.);
#329=ORIENTED_EDGE('',*,*,#328,.T.);
#330=CARTESIAN_POINT('',(-6.290176589,-17.5,0.5));
#331=VERTEX_POINT('',#330);
#332=CARTESIAN_POINT('',(-6.290176589,-17.5,0.5));
#333=CARTESIAN_POINT('',(-6.290176589,-17.5,-2.));
#334=B_SPLINE_CURVE_WITH_KNOTS('',1,(#332,#333),.UNSPECIFIED.,.F.,.F.,(2,2),(-0.,0.0025),.UNSPECIFIED.);
#335=EDGE_CURVE('',#331,#324,#334,.T.);
#336=ORIENTED_EDGE('',*,*,#335,.F.);
#337=CARTESIAN_POINT('',(-14.290176589,-17.5,0.5));
#338=CARTESIAN_POINT('',(-6.290176589,-17.5,0.5));
#339=B_SPLINE_CURVE_WITH_KNOTS('',1,(#337,#338),.UNSPECIFIED.,.F.,.F.,(2,2),(-0.,0.008),.UNSPECIFIED.);
#340=EDGE_CURVE('',#303,#331,#339,.T.);
#341=ORIENTED_EDGE('',*,*,#340,.F.);
#342=ORIENTED_EDGE('',*,*,#307,.T.);
#343=EDGE_LOOP('',(#329,#336,#341,#342));
#344=FACE_BOUND('',#343,.T.);
#345=ADVANCED_FACE('',(#344),#322,.F.);
#346=CARTESIAN_POINT('',(-6.290176589,-17.5,-2.));
#347=CARTESIAN_POINT('',(-6.290176589,-9.5,-2.));
#348=CARTESIAN_POINT('',(-6.290176589,-17.5,0.5));
#349=CARTESIAN_POINT('',(-6.290176589,-9.5,0.5));
#350=B_SPLINE_SURFACE_WITH_KNOTS('',1,1,((#346,#347),(#348,#349)),.UNSPECIFIED.,.F.,.F.,.U.,(2,2),(2,2),(-0.0025,0.),(0.,0.008),.UNSPECIFIED.);
#351=CARTESIAN_POINT('',(-6.290176589,-17.5,-2.));
#352=CARTESIAN_POINT('',(-6.290176589,-9.5,-2.));
#353=B_SPLINE_CURVE_WITH_KNOTS('',1,(#351,#352),.UNSPECIFIED.,.F.,.F.,(2,2),(0.,0.008),.UNSPECIFIED.);
#354=EDGE_CURVE('',#324,#260,#353,.T.);
#355=ORIENTED_EDGE('',*,*,#354,.T.);
#356=ORIENTED_EDGE('',*,*,#285,.F.);
#357=CARTESIAN_POINT('',(-6.290176589,-17.5,0.5));
#358=CARTESIAN_POINT('',(-6.290176589,-9.5,0.5));
#359=B_SPLINE_CURVE_WITH_KNOTS('',1,(#357,#358),.UNSPECIFIED.,.F.,.F.,(2,2),(0.,0.008),.UNSPECIFIED.);
#360=EDGE_CURVE('',#331,#276,#359,.T.);
#361=ORIENTED_EDGE('',*,*,#360,.F.);
#362=ORIENTED_EDGE('',*,*,#335,.T.);
#363=EDGE_LOOP('',(#355,#356,#361,#362));
#364=FACE_BOUND('',#363,.T.);
#365=ADVANCED_FACE('',(#364),#350,.F.);
#366=CARTESIAN_POINT('',(-14.290176589,-17.5,0.5));
#367=CARTESIAN_POINT('',(-14.290176589,-9.5,0.5));
#368=CARTESIAN_POINT('',(-6.290176589,-17.5,0.5));
#369=CARTESIAN_POINT('',(-6.290176589,-9.5,0.5));
#370=B_SPLINE_SURFACE_WITH_KNOTS('',1,1,((#366,#367),(#368,#369)),.UNSPECIFIED.,.F.,.F.,.U.,(2,2),(2,2),(-0.004,0.004),(-0.004,0.004),.UNSPECIFIED.);
#371=CARTESIAN_POINT('',(-10.290176589,-15.35,0.5));
#372=VERTEX_POINT('',#371);
#373=CARTESIAN_POINT('',(-9.599189943,-15.216111143,0.5));
#374=VERTEX_POINT('',#373);
#375=CARTESIAN_POINT('',(-9.599189943,-15.216111143,0.5));
#376=CARTESIAN_POINT('',(-7.8830788,-14.525124496,0.5));
#377=CARTESIAN_POINT('',(-8.574065447,-12.809013353,0.5));
#378=CARTESIAN_POINT('',(-9.265052093,-11.092902211,0.5));
#379=CARTESIAN_POINT('',(-10.981163236,-11.783888857,0.5));
#380=CARTESIAN_POINT('',(-12.697274379,-12.474875504,0.5));
#381=CARTESIAN_POINT('',(-12.006287732,-14.190986647,0.5));
#382=CARTESIAN_POINT('',(-11.315301085,-15.907097789,0.5));
#383=CARTESIAN_POINT('',(-9.599189943,-15.216111143,0.5));
#384=(BOUNDED_CURVE()
B_SPLINE_CURVE(2,(#375,#376,#377,#378,#379,#380,#381,#382,#383),.UNSPECIFIED.,.T.,.F.)
B_SPLINE_CURVE_WITH_KNOTS((3,2,2,2,3),(0.,1.570796327,3.141592654,4.71238898,6.283185307),.UNSPECIFIED.)
CURVE()
GEOMETRIC_REPRESENTATION_ITEM()
RATIONAL_B_SPLINE_CURVE((1.,0.707106781,1.,0.707106781,1.,0.707106781,1.,0.707106781,1.))
REPRESENTATION_ITEM(''));
#385=EDGE_CURVE('',#372,#374,#384,.T.);
#386=ORIENTED_EDGE('',*,*,#385,.F.);
#387=CARTESIAN_POINT('',(-9.599189943,-15.216111143,0.5));
#388=CARTESIAN_POINT('',(-7.8830788,-14.525124496,0.5));
#389=CARTESIAN_POINT('',(-8.574065447,-12.809013353,0.5));
#390=CARTESIAN_POINT('',(-9.265052093,-11.092902211,0.5));
#391=CARTESIAN_POINT('',(-10.981163236,-11.783888857,0.5));
#392=CARTESIAN_POINT('',(-12.697274379,-12.474875504,0.5));
#393=CARTESIAN_POINT('',(-12.006287732,-14.190986647,0.5));
#394=CARTESIAN_POINT('',(-11.315301085,-15.907097789,0.5));
#395=CARTESIAN_POINT('',(-9.599189943,-15.216111143,0.5));
#396=(BOUNDED_CURVE()
B_SPLINE_CURVE(2,(#387,#388,#389,#390,#391,#392,#393,#394,#395),.UNSPECIFIED.,.T.,.F.)
B_SPLINE_CURVE_WITH_KNOTS((3,2,2,2,3),(0.,1.570796327,3.141592654,4.71238898,6.283185307),.UNSPECIFIED.)
CURVE()
GEOMETRIC_REPRESENTATION_ITEM()
RATIONAL_B_SPLINE_CURVE((1.,0.707106781,1.,0.707106781,1.,0.707106781,1.,0.707106781,1.))
REPRESENTATION_ITEM(''));
#397=EDGE_CURVE('',#374,#372,#396,.T.);
#398=ORIENTED_EDGE('',*,*,#397,.F.);
#399=EDGE_LOOP('',(#386,#398));
#400=FACE_BOUND('',#399,.T.);
#401=ORIENTED_EDGE('',*,*,#280,.T.);
#402=ORIENTED_EDGE('',*,*,#312,.T.);
#403=ORIENTED_EDGE('',*,*,#340,.T.);
#404=ORIENTED_EDGE('',*,*,#360,.T.);
#405=EDGE_LOOP('',(#401,#402,#403,#404));
#406=FACE_BOUND('',#405,.T.);
#407=ADVANCED_FACE('',(#400,#406),#370,.T.);
#408=CARTESIAN_POINT('',(-14.290176589,-17.5,-2.));
#409=CARTESIAN_POINT('',(-14.290176589,-9.5,-2.));
#410=CARTESIAN_POINT('',(-6.290176589,-17.5,-2.));
#411=CARTESIAN_POINT('',(-6.290176589,-9.5,-2.));
#412=B_SPLINE_SURFACE_WITH_KNOTS('',1,1,((#408,#409),(#410,#411)),.UNSPECIFIED.,.F.,.F.,.U.,(2,2),(2,2),(-0.004,0.004),(-0.004,0.004),.UNSPECIFIED.);
#413=CARTESIAN_POINT('',(-8.440176589,-13.5,-2.));
#414=VERTEX_POINT('',#413);
#415=CARTESIAN_POINT('',(-10.290176589,-15.35,-2.));
#416=VERTEX_POINT('',#415);
#417=CARTESIAN_POINT('',(-8.440176589,-13.5,-2.));
#418=CARTESIAN_POINT('',(-8.440176589,-11.65,-2.));
#419=CARTESIAN_POINT('',(-10.290176589,-11.65,-2.));
#420=CARTESIAN_POINT('',(-12.140176589,-11.65,-2.));
#421=CARTESIAN_POINT('',(-12.140176589,-13.5,-2.));
#422=CARTESIAN_POINT('',(-12.140176589,-15.35,-2.));
#423=CARTESIAN_POINT('',(-10.290176589,-15.35,-2.));
#424=CARTESIAN_POINT('',(-8.440176589,-15.35,-2.));
#425=CARTESIAN_POINT('',(-8.440176589,-13.5,-2.));
#426=(BOUNDED_CURVE()
B_SPLINE_CURVE(2,(#417,#418,#419,#420,#421,#422,#423,#424,#425),.UNSPECIFIED.,.T.,.F.)
B_SPLINE_CURVE_WITH_KNOTS((3,2,2,2,3),(0.,1.570796327,3.141592654,4.71238898,6.283185307),.UNSPECIFIED.)
CURVE()
GEOMETRIC_REPRESENTATION_ITEM()
RATIONAL_B_SPLINE_CURVE((1.,0.707106781,1.,0.707106781,1.,0.707106781,1.,0.707106781,1.))
REPRESENTATION_ITEM(''));
#427=EDGE_CURVE('',#414,#416,#426,.T.);
#428=ORIENTED_EDGE('',*,*,#427,.T.);
#429=CARTESIAN_POINT('',(-8.440176589,-13.5,-2.));
#430=CARTESIAN_POINT('',(-8.440176589,-11.65,-2.));
#431=CARTESIAN_POINT('',(-10.290176589,-11.65,-2.));
#432=CARTESIAN_POINT('',(-12.140176589,-11.65,-2.));
#433=CARTESIAN_POINT('',(-12.140176589,-13.5,-2.));
#434=CARTESIAN_POINT('',(-12.140176589,-15.35,-2.));
#435=CARTESIAN_POINT('',(-10.290176589,-15.35,-2.));
#436=CARTESIAN_POINT('',(-8.440176589,-15.35,-2.));
#437=CARTESIAN_POINT('',(-8.440176589,-13.5,-2.));
#438=(BOUNDED_CURVE()
B_SPLINE_CURVE(2,(#429,#430,#431,#432,#433,#434,#435,#436,#437),.UNSPECIFIED.,.T.,.F.)
B_SPLINE_CURVE_WITH_KNOTS((3,2,2,2,3),(0.,1.570796327,3.141592654,4.71238898,6.283185307),.UNSPECIFIED.)
CURVE()
GEOMETRIC_REPRESENTATION_ITEM()
RATIONAL_B_SPLINE_CURVE((1.,0.707106781,1.,0.707106781,1.,0.707106781,1.,0.707106781,1.))
REPRESENTATION_ITEM(''));
#439=EDGE_CURVE('',#416,#414,#438,.T.);
#440=ORIENTED_EDGE('',*,*,#439,.T.);
#441=EDGE_LOOP('',(#428,#440));
#442=FACE_BOUND('',#441,.T.);
#443=ORIENTED_EDGE('',*,*,#266,.F.);
#444=ORIENTED_EDGE('',*,*,#354,.F.);
#445=ORIENTED_EDGE('',*,*,#328,.F.);
#446=ORIENTED_EDGE('',*,*,#300,.F.);
#447=EDGE_LOOP('',(#443,#444,#445,#446));
#448=FACE_BOUND('',#447,.T.);
#449=ADVANCED_FACE('',(#442,#448),#412,.F.);
#450=CARTESIAN_POINT('',(-10.290176589,-15.35,-2.));
#451=CARTESIAN_POINT('',(-10.290176589,-15.35,0.5));
#452=CARTESIAN_POINT('',(-7.085882595,-15.35,-2.));
#453=CARTESIAN_POINT('',(-7.085882595,-15.35,0.5));
#454=CARTESIAN_POINT('',(-8.688029592,-12.575,-2.));
#455=CARTESIAN_POINT('',(-8.688029592,-12.575,0.5));
#456=CARTESIAN_POINT('',(-10.290176589,-9.8,-2.));
#457=CARTESIAN_POINT('',(-10.290176589,-9.8,0.5));
#458=CARTESIAN_POINT('',(-11.892323586,-12.575,-2.));
#459=CARTESIAN_POINT('',(-11.892323586,-12.575,0.5));
#460=CARTESIAN_POINT('',(-13.494470583,-15.35,-2.));
#461=CARTESIAN_POINT('',(-13.494470583,-15.35,0.5));
#462=CARTESIAN_POINT('',(-10.290176589,-15.35,-2.));
#463=CARTESIAN_POINT('',(-10.290176589,-15.35,0.5));
#464=(BOUNDED_SURFACE()
B_SPLINE_SURFACE(2,1,((#450,#451),(#452,#453),(#454,#455),(#456,#457),(#458,#459),(#460,#461),(#462,#463)),.UNSPECIFIED.,.T.,.F.,.U.)
B_SPLINE_SURFACE_WITH_KNOTS((3,2,2,3),(2,2),(0.,2.094395102,4.188790205,6.283185307),(0.003831159,0.006331159),.UNSPECIFIED.)
GEOMETRIC_REPRESENTATION_ITEM()
RATIONAL_B_SPLINE_SURFACE(((1.,1.),(0.5,0.5),(1.,1.),(0.5,0.5),(1.,1.),(0.5,0.5),(1.,1.)))
REPRESENTATION_ITEM('')
SURFACE()
);
#465=CARTESIAN_POINT('',(-10.290176589,-15.35,0.5));
#466=CARTESIAN_POINT('',(-10.290176589,-15.35,-2.));
#467=B_SPLINE_CURVE_WITH_KNOTS('',1,(#465,#466),.UNSPECIFIED.,.F.,.F.,(2,2),(0.003831159,0.006331159),.UNSPECIFIED.);
#468=EDGE_CURVE('',#372,#416,#467,.T.);
#469=ORIENTED_EDGE('',*,*,#468,.F.);
#470=ORIENTED_EDGE('',*,*,#385,.T.);
#471=ORIENTED_EDGE('',*,*,#397,.T.);
#472=ORIENTED_EDGE('',*,*,#468,.T.);
#473=ORIENTED_EDGE('',*,*,#427,.F.);
#474=ORIENTED_EDGE('',*,*,#439,.F.);
#475=EDGE_LOOP('',(#469,#470,#471,#472,#473,#474));
#476=FACE_BOUND('',#475,.T.);
#477=ADVANCED_FACE('',(#476),#464,.F.);
#478=CLOSED_SHELL('',(#289,#317,#345,#365,#407,#449,#477));
#479=MANIFOLD_SOLID_BREP('Extruded.002',#478);
#253=STYLED_ITEM('',(),#479);
#480=CARTESIAN_POINT('',(-14.290176589,-9.5,-2.));
#481=CARTESIAN_POINT('',(-14.290176589,-17.5,-2.));
#482=B_SPLINE_CURVE_WITH_KNOTS('Rectangle.004',1,(#480,#481),.UNSPECIFIED.,.F.,.F.,(2,2),(0.,0.008),.UNSPECIFIED.);
#483=CARTESIAN_POINT('',(-6.290176589,-9.5,-2.));
#484=CARTESIAN_POINT('',(-14.290176589,-9.5,-2.));
#485=B_SPLINE_CURVE_WITH_KNOTS('Rectangle.004',1,(#483,#484),.UNSPECIFIED.,.F.,.F.,(2,2),(0.,0.008),.UNSPECIFIED.);
#486=CARTESIAN_POINT('',(-6.290176589,-17.5,-2.));
#487=CARTESIAN_POINT('',(-6.290176589,-9.5,-2.));
#488=B_SPLINE_CURVE_WITH_KNOTS('Rectangle.004',1,(#486,#487),.UNSPECIFIED.,.F.,.F.,(2,2),(0.,0.008),.UNSPECIFIED.);
#489=CARTESIAN_POINT('',(-14.290176589,-17.5,-2.));
#490=CARTESIAN_POINT('',(-6.290176589,-17.5,-2.));
#491=B_SPLINE_CURVE_WITH_KNOTS('Rectangle.004',1,(#489,#490),.UNSPECIFIED.,.F.,.F.,(2,2),(0.,0.008),.UNSPECIFIED.);
#492=GEOMETRIC_CURVE_SET('',(#482,#485,#488,#491));
#493=CARTESIAN_POINT('',(-4.460057003,-9.5,16.));
#494=CARTESIAN_POINT('',(-4.460057003,-9.5,10.583161764));
#495=B_SPLINE_CURVE_WITH_KNOTS('Rectangle.003',1,(#493,#494),.UNSPECIFIED.,.F.,.F.,(2,2),(0.,0.005416838),.UNSPECIFIED.);
#496=CARTESIAN_POINT('',(2.5,-9.5,16.));
#497=CARTESIAN_POINT('',(-4.460057003,-9.5,16.));
#498=B_SPLINE_CURVE_WITH_KNOTS('Rectangle.003',1,(#496,#497),.UNSPECIFIED.,.F.,.F.,(2,2),(0.,0.006960057),.UNSPECIFIED.);
#499=CARTESIAN_POINT('',(2.5,-9.5,10.583161764));
#500=CARTESIAN_POINT('',(2.5,-9.5,16.));
#501=B_SPLINE_CURVE_WITH_KNOTS('Rectangle.003',1,(#499,#500),.UNSPECIFIED.,.F.,.F.,(2,2),(0.,0.005416838),.UNSPECIFIED.);
#502=CARTESIAN_POINT('',(-4.460057003,-9.5,10.583161764));
#503=CARTESIAN_POINT('',(2.5,-9.5,10.583161764));
#504=B_SPLINE_CURVE_WITH_KNOTS('Rectangle.003',1,(#502,#503),.UNSPECIFIED.,.F.,.F.,(2,2),(0.,0.006960057),.UNSPECIFIED.);
#505=GEOMETRIC_CURVE_SET('',(#495,#498,#501,#504));
#507=CARTESIAN_POINT('',(-82.,-9.5,-2.));
#508=CARTESIAN_POINT('',(2.5,-9.5,-2.));
#509=CARTESIAN_POINT('',(-82.,-9.5,16.));
#510=CARTESIAN_POINT('',(2.5,-9.5,16.));
#511=B_SPLINE_SURFACE_WITH_KNOTS('',1,1,((#507,#508),(#509,#510)),.UNSPECIFIED.,.F.,.F.,.U.,(2,2),(2,2),(-0.017,0.001),(-0.005,0.0795),.UNSPECIFIED.);
#512=CARTESIAN_POINT('',(-79.352534255,-9.5,6.3));
#513=VERTEX_POINT('',#512);
#514=CARTESIAN_POINT('',(-52.647465745,-9.5,6.3));
#515=VERTEX_POINT('',#514);
#516=CARTESIAN_POINT('',(-79.352534255,-9.5,6.3));
#517=CARTESIAN_POINT('',(-52.647465745,-9.5,6.3));
#518=B_SPLINE_CURVE_WITH_KNOTS('',1,(#516,#517),.UNSPECIFIED.,.F.,.F.,(2,2),(-0.002352534,0.024352534),.UNSPECIFIED.);
#519=EDGE_CURVE('',#513,#515,#518,.T.);
#520=ORIENTED_EDGE('',*,*,#519,.F.);
#521=CARTESIAN_POINT('',(-80.,-9.5,6.947465745));
#522=VERTEX_POINT('',#521);
#523=CARTESIAN_POINT('',(-79.352534255,-9.5,6.3));
#524=CARTESIAN_POINT('',(-80.,-9.5,6.3));
#525=CARTESIAN_POINT('',(-80.,-9.5,6.947465745));
#526=(BOUNDED_CURVE()
B_SPLINE_CURVE(2,(#523,#524,#525),.UNSPECIFIED.,.F.,.F.)
B_SPLINE_CURVE_WITH_KNOTS((3,3),(4.71238898,6.283185307),.UNSPECIFIED.)
CURVE()
GEOMETRIC_REPRESENTATION_ITEM()
RATIONAL_B_SPLINE_CURVE((1.,0.707106781,1.))
REPRESENTATION_ITEM(''));
#527=EDGE_CURVE('',#513,#522,#526,.T.);
#528=ORIENTED_EDGE('',*,*,#527,.T.);
#529=CARTESIAN_POINT('',(-80.,-9.5,7.652534255));
#530=VERTEX_POINT('',#529);
#531=CARTESIAN_POINT('',(-80.,-9.5,7.652534255));
#532=CARTESIAN_POINT('',(-80.,-9.5,6.947465745));
#533=B_SPLINE_CURVE_WITH_KNOTS('',1,(#531,#532),.UNSPECIFIED.,.F.,.F.,(2,2),(0.000647466,0.001352534),.UNSPECIFIED.);
#534=EDGE_CURVE('',#530,#522,#533,.T.);
#535=ORIENTED_EDGE('',*,*,#534,.F.);
#536=CARTESIAN_POINT('',(-79.352534255,-9.5,8.3));
#537=VERTEX_POINT('',#536);
#538=CARTESIAN_POINT('',(-80.,-9.5,7.652534255));
#539=CARTESIAN_POINT('',(-80.,-9.5,8.3));
#540=CARTESIAN_POINT('',(-79.352534255,-9.5,8.3));
#541=(BOUNDED_CURVE()
B_SPLINE_CURVE(2,(#538,#539,#540),.UNSPECIFIED.,.F.,.F.)
B_SPLINE_CURVE_WITH_KNOTS((3,3),(3.141592654,4.71238898),.UNSPECIFIED.)
CURVE()
GEOMETRIC_REPRESENTATION_ITEM()
RATIONAL_B_SPLINE_CURVE((1.,0.707106781,1.))
REPRESENTATION_ITEM(''));
#542=EDGE_CURVE('',#530,#537,#541,.T.);
#543=ORIENTED_EDGE('',*,*,#542,.T.);
#544=CARTESIAN_POINT('',(-52.647465745,-9.5,8.3));
#545=VERTEX_POINT('',#544);
#546=CARTESIAN_POINT('',(-52.647465745,-9.5,8.3));
#547=CARTESIAN_POINT('',(-79.352534255,-9.5,8.3));
#548=B_SPLINE_CURVE_WITH_KNOTS('',1,(#546,#547),.UNSPECIFIED.,.F.,.F.,(2,2),(0.000647466,0.027352534),.UNSPECIFIED.);
#549=EDGE_CURVE('',#545,#537,#548,.T.);
#550=ORIENTED_EDGE('',*,*,#549,.F.);
#551=CARTESIAN_POINT('',(-52.,-9.5,7.652534255));
#552=VERTEX_POINT('',#551);
#553=CARTESIAN_POINT('',(-52.647465745,-9.5,8.3));
#554=CARTESIAN_POINT('',(-52.,-9.5,8.3));
#555=CARTESIAN_POINT('',(-52.,-9.5,7.652534255));
#556=(BOUNDED_CURVE()
B_SPLINE_CURVE(2,(#553,#554,#555),.UNSPECIFIED.,.F.,.F.)
B_SPLINE_CURVE_WITH_KNOTS((3,3),(6.283185307,7.853981634),.UNSPECIFIED.)
CURVE()
GEOMETRIC_REPRESENTATION_ITEM()
RATIONAL_B_SPLINE_CURVE((1.,0.707106781,1.))
REPRESENTATION_ITEM(''));
#557=EDGE_CURVE('',#545,#552,#556,.T.);
#558=ORIENTED_EDGE('',*,*,#557,.T.);
#559=CARTESIAN_POINT('',(-52.,-9.5,6.947465745));
#560=VERTEX_POINT('',#559);
#561=CARTESIAN_POINT('',(-52.,-9.5,6.947465745));
#562=CARTESIAN_POINT('',(-52.,-9.5,7.652534255));
#563=B_SPLINE_CURVE_WITH_KNOTS('',1,(#561,#562),.UNSPECIFIED.,.F.,.F.,(2,2),(0.000647466,0.001352534),.UNSPECIFIED.);
#564=EDGE_CURVE('',#560,#552,#563,.T.);
#565=ORIENTED_EDGE('',*,*,#564,.F.);
#566=CARTESIAN_POINT('',(-52.,-9.5,6.947465745));
#567=CARTESIAN_POINT('',(-52.,-9.5,6.3));
#568=CARTESIAN_POINT('',(-52.647465745,-9.5,6.3));
#569=(BOUNDED_CURVE()
B_SPLINE_CURVE(2,(#566,#567,#568),.UNSPECIFIED.,.F.,.F.)
B_SPLINE_CURVE_WITH_KNOTS((3,3),(1.570796327,3.141592654),.UNSPECIFIED.)
CURVE()
GEOMETRIC_REPRESENTATION_ITEM()
RATIONAL_B_SPLINE_CURVE((1.,0.707106781,1.))
REPRESENTATION_ITEM(''));
#570=EDGE_CURVE('',#560,#515,#569,.T.);
#571=ORIENTED_EDGE('',*,*,#570,.T.);
#572=EDGE_LOOP('',(#520,#528,#535,#543,#550,#558,#565,#571));
#573=FACE_BOUND('',#572,.T.);
#574=CARTESIAN_POINT('',(-4.460057003,-9.5,10.583161764));
#575=VERTEX_POINT('',#574);
#576=CARTESIAN_POINT('',(-4.460057003,-9.5,16.));
#577=VERTEX_POINT('',#576);
#578=CARTESIAN_POINT('',(-4.460057003,-9.5,10.583161764));
#579=CARTESIAN_POINT('',(-4.460057003,-9.5,16.));
#580=B_SPLINE_CURVE_WITH_KNOTS('',1,(#578,#579),.UNSPECIFIED.,.F.,.F.,(2,2),(-0.003958419,0.001458419),.UNSPECIFIED.);
#581=EDGE_CURVE('',#575,#577,#580,.T.);
#582=ORIENTED_EDGE('',*,*,#581,.T.);
#583=CARTESIAN_POINT('',(-82.,-9.5,16.));
#584=VERTEX_POINT('',#583);
#585=CARTESIAN_POINT('',(-82.,-9.5,16.));
#586=CARTESIAN_POINT('',(-4.460057003,-9.5,16.));
#587=B_SPLINE_CURVE_WITH_KNOTS('',1,(#585,#586),.UNSPECIFIED.,.F.,.F.,(2,2),(-0.005,0.072539943),.UNSPECIFIED.);
#588=EDGE_CURVE('',#584,#577,#587,.T.);
#589=ORIENTED_EDGE('',*,*,#588,.F.);
#590=CARTESIAN_POINT('',(-82.,-9.5,-2.));
#591=VERTEX_POINT('',#590);
#592=CARTESIAN_POINT('',(-82.,-9.5,16.));
#593=CARTESIAN_POINT('',(-82.,-9.5,-2.));
#594=B_SPLINE_CURVE_WITH_KNOTS('',1,(#592,#593),.UNSPECIFIED.,.F.,.F.,(2,2),(-0.001,0.017),.UNSPECIFIED.);
#595=EDGE_CURVE('',#584,#591,#594,.T.);
#596=ORIENTED_EDGE('',*,*,#595,.T.);
#597=CARTESIAN_POINT('',(2.5,-9.5,-2.));
#598=VERTEX_POINT('',#597);
#599=CARTESIAN_POINT('',(2.5,-9.5,-2.));
#600=CARTESIAN_POINT('',(-82.,-9.5,-2.));
#601=B_SPLINE_CURVE_WITH_KNOTS('',1,(#599,#600),.UNSPECIFIED.,.F.,.F.,(2,2),(-0.,0.0845),.UNSPECIFIED.);
#602=EDGE_CURVE('',#598,#591,#601,.T.);
#603=ORIENTED_EDGE('',*,*,#602,.F.);
#604=CARTESIAN_POINT('',(2.5,-9.5,-0.5));
#605=VERTEX_POINT('',#604);
#606=CARTESIAN_POINT('',(2.5,-9.5,-2.));
#607=CARTESIAN_POINT('',(2.5,-9.5,-0.5));
#608=B_SPLINE_CURVE_WITH_KNOTS('',1,(#606,#607),.UNSPECIFIED.,.F.,.F.,(2,2),(0.,0.0015),.UNSPECIFIED.);
#609=EDGE_CURVE('',#598,#605,#608,.T.);
#610=ORIENTED_EDGE('',*,*,#609,.T.);
#611=CARTESIAN_POINT('',(-4.460057003,-9.5,-0.5));
#612=VERTEX_POINT('',#611);
#613=CARTESIAN_POINT('',(-4.460057003,-9.5,-0.5));
#614=CARTESIAN_POINT('',(2.5,-9.5,-0.5));
#615=B_SPLINE_CURVE_WITH_KNOTS('',1,(#613,#614),.UNSPECIFIED.,.F.,.F.,(2,2),(0.072539943,0.0795),.UNSPECIFIED.);
#616=EDGE_CURVE('',#612,#605,#615,.T.);
#617=ORIENTED_EDGE('',*,*,#616,.F.);
#618=CARTESIAN_POINT('',(-4.460057003,-9.5,2.416838195));
#619=VERTEX_POINT('',#618);
#620=CARTESIAN_POINT('',(-4.460057003,-9.5,-0.5));
#621=CARTESIAN_POINT('',(-4.460057003,-9.5,2.416838195));
#622=B_SPLINE_CURVE_WITH_KNOTS('',1,(#620,#621),.UNSPECIFIED.,.F.,.F.,(2,2),(-0.001458419,0.001458419),.UNSPECIFIED.);
#623=EDGE_CURVE('',#612,#619,#622,.T.);
#624=ORIENTED_EDGE('',*,*,#623,.T.);
#625=CARTESIAN_POINT('',(-3.744720708,-9.500000399,9.989595314));
#626=VERTEX_POINT('',#625);
#627=CARTESIAN_POINT('',(-3.744721252,-9.5,9.989596008));
#628=CARTESIAN_POINT('',(-3.452427172,-9.5,9.747854955));
#629=CARTESIAN_POINT('',(-3.186611249,-9.5,9.482516695));
#630=CARTESIAN_POINT('',(-2.950302193,-9.5,9.190882057));
#631=CARTESIAN_POINT('',(-2.713993136,-9.5,8.899247419));
#632=CARTESIAN_POINT('',(-2.505705893,-9.5,8.577183783));
#633=CARTESIAN_POINT('',(-2.34322756,-9.5,8.238624663));
#634=CARTESIAN_POINT('',(-2.261988394,-9.5,8.069345102));
#635=CARTESIAN_POINT('',(-2.191624166,-9.5,7.895419376));
#636=CARTESIAN_POINT('',(-2.133105431,-9.5,7.716432827));
#637=CARTESIAN_POINT('',(-2.074586696,-9.5,7.537446278));
#638=CARTESIAN_POINT('',(-2.027733598,-9.5,7.351802102));
#639=CARTESIAN_POINT('',(-1.99502991,-9.5,7.166059398));
#640=CARTESIAN_POINT('',(-1.929622534,-9.5,6.794573992));
#641=CARTESIAN_POINT('',(-1.918711325,-9.5,6.420618773));
#642=CARTESIAN_POINT('',(-1.963918769,-9.5,6.044120209));
#643=CARTESIAN_POINT('',(-1.986522491,-9.5,5.855870927));
#644=CARTESIAN_POINT('',(-2.02319179,-9.5,5.669088174));
#645=CARTESIAN_POINT('',(-2.07225183,-9.5,5.487475845));
#646=CARTESIAN_POINT('',(-2.12131187,-9.5,5.305863515));
#647=CARTESIAN_POINT('',(-2.18289865,-9.5,5.128193612));
#648=CARTESIAN_POINT('',(-2.25629328,-9.5,4.954239886));
#649=CARTESIAN_POINT('',(-2.32968791,-9.5,4.78028616));
#650=CARTESIAN_POINT('',(-2.415357799,-9.5,4.609504689));
#651=CARTESIAN_POINT('',(-2.510042476,-9.5,4.446186989));
#652=CARTESIAN_POINT('',(-2.604727154,-9.5,4.282869289));
#653=CARTESIAN_POINT('',(-2.70876982,-9.5,4.12598431));
#654=CARTESIAN_POINT('',(-2.821347566,-9.5,3.974966382));
#655=CARTESIAN_POINT('',(-3.046503059,-9.5,3.672930525));
#656=CARTESIAN_POINT('',(-3.307206563,-9.5,3.393367177));
#657=CARTESIAN_POINT('',(-3.58985881,-9.5,3.142958901));
#658=CARTESIAN_POINT('',(-3.660521871,-9.5,3.080356832));
#659=CARTESIAN_POINT('',(-3.733134721,-9.5,3.019955506));
#660=CARTESIAN_POINT('',(-3.806056634,-9.5,2.959903022));
#661=CARTESIAN_POINT('',(-3.878978547,-9.5,2.899850539));
#662=CARTESIAN_POINT('',(-3.951812109,-9.5,2.839698333));
#663=CARTESIAN_POINT('',(-4.02456054,-9.5,2.779450039));
#664=CARTESIAN_POINT('',(-4.097308971,-9.5,2.719201745));
#665=CARTESIAN_POINT('',(-4.169972528,-9.5,2.658857652));
#666=CARTESIAN_POINT('',(-4.242554203,-9.5,2.598421139));
#667=CARTESIAN_POINT('',(-4.315135878,-9.5,2.537984626));
#668=CARTESIAN_POINT('',(-4.388164598,-9.5,2.477013241));
#669=CARTESIAN_POINT('',(-4.460057001,-9.5,2.416838196));
#670=B_SPLINE_CURVE_WITH_KNOTS('',3,(#627,#628,#629,#630,#631,#632,#633,#634,#635,#636,#637,#638,#639,#640,#641,#642,#643,#644,#645,#646,#647,#648,#649,#650,#651,#652,
#653,#654,#655,#656,#657,#658,#659,#660,#661,#662,#663,#664,#665,#666,#667,#668,#669),.UNSPECIFIED.,.F.,.F.,(4,3,3,3,3,3,3,3,3,3,3,3,3,3,4),(0.,0.00112483,0.00224966,0.002812075,0.00337449,0.004499319,0.005061734,0.005624149,0.006186564,0.006748979,0.007873809,0.008155016,0.008436224,0.008717431,0.008998639),.UNSPECIFIED.);
#671=EDGE_CURVE('',#626,#619,#670,.T.);
#672=ORIENTED_EDGE('',*,*,#671,.F.);
#673=CARTESIAN_POINT('',(-4.460057001,-9.5,10.583161763));
#674=CARTESIAN_POINT('',(-4.2224569,-9.5,10.384286846));
#675=CARTESIAN_POINT('',(-3.983509922,-9.5,10.187085159));
#676=CARTESIAN_POINT('',(-3.744719578,-9.5,9.989594624));
#677=B_SPLINE_CURVE_WITH_KNOTS('',3,(#673,#674,#675,#676),.UNSPECIFIED.,.F.,.F.,(4,4),(0.,0.000929532),.UNSPECIFIED.);
#678=EDGE_CURVE('',#575,#626,#677,.T.);
#679=ORIENTED_EDGE('',*,*,#678,.F.);
#680=EDGE_LOOP('',(#582,#589,#596,#603,#610,#617,#624,#672,#679));
#681=FACE_BOUND('',#680,.T.);
#682=ADVANCED_FACE('',(#573,#681),#511,.F.);
#683=CARTESIAN_POINT('',(0.,7.5,6.300179822));
#684=CARTESIAN_POINT('',(0.,7.584946964,6.300179822));
#685=CARTESIAN_POINT('',(0.,7.5,7.424002322));
#686=CARTESIAN_POINT('',(0.,7.584946964,7.424002322));
#687=B_SPLINE_SURFACE_WITH_KNOTS('',1,1,((#683,#684),(#685,#686)),.UNSPECIFIED.,.F.,.F.,.U.,(2,2),(2,2),(-0.00869982,-0.007575998),(-0.,0.000084947),.UNSPECIFIED.);
#688=CARTESIAN_POINT('',(-0.,7.5,7.424002322));
#689=VERTEX_POINT('',#688);
#690=CARTESIAN_POINT('',(0.,7.584909105,6.946488035));
#691=VERTEX_POINT('',#690);
#692=CARTESIAN_POINT('',(-0.,7.5,7.424002322));
#693=CARTESIAN_POINT('',(-0.,7.538132359,7.26573511));
#694=CARTESIAN_POINT('',(0.,7.566430572,7.106565508));
#695=CARTESIAN_POINT('',(0.,7.584871245,6.946491368));
#696=B_SPLINE_CURVE_WITH_KNOTS('',3,(#692,#693,#694,#695),.UNSPECIFIED.,.F.,.F.,(4,4),(0.,0.000483269),.UNSPECIFIED.);
#697=EDGE_CURVE('',#689,#691,#696,.T.);
#698=ORIENTED_EDGE('',*,*,#697,.F.);
#699=CARTESIAN_POINT('',(0.,7.5,6.300179822));
#700=VERTEX_POINT('',#699);
#701=CARTESIAN_POINT('',(0.,7.5,7.424002322));
#702=CARTESIAN_POINT('',(0.,7.5,6.300179822));
#703=B_SPLINE_CURVE_WITH_KNOTS('',1,(#701,#702),.UNSPECIFIED.,.F.,.F.,(2,2),(0.007575998,0.00869982),.UNSPECIFIED.);
#704=EDGE_CURVE('',#689,#700,#703,.T.);
#705=ORIENTED_EDGE('',*,*,#704,.T.);
#706=CARTESIAN_POINT('',(0.,7.500096873,6.300414118));
#707=CARTESIAN_POINT('',(0.,7.556291781,6.621195513));
#708=CARTESIAN_POINT('',(0.,7.584946964,6.946484698));
#709=B_SPLINE_CURVE_WITH_KNOTS('',2,(#706,#707,#708),.UNSPECIFIED.,.F.,.F.,(3,3),(0.000186758,0.246945348),.UNSPECIFIED.);
#710=EDGE_CURVE('',#700,#691,#709,.T.);
#711=ORIENTED_EDGE('',*,*,#710,.T.);
#712=EDGE_LOOP('',(#698,#705,#711));
#713=FACE_BOUND('',#712,.T.);
#714=ADVANCED_FACE('',(#713),#687,.F.);
#715=CARTESIAN_POINT('',(0.,-7.584975092,6.300211278));
#716=CARTESIAN_POINT('',(0.,-7.5,6.300211278));
#717=CARTESIAN_POINT('',(0.,-7.584975092,7.424002319));
#718=CARTESIAN_POINT('',(0.,-7.5,7.424002319));
#719=B_SPLINE_SURFACE_WITH_KNOTS('',1,1,((#715,#716),(#717,#718)),.UNSPECIFIED.,.F.,.F.,.U.,(2,2),(2,2),(-0.008699789,-0.007575998),(0.001915025,0.002),.UNSPECIFIED.);
#720=CARTESIAN_POINT('',(0.,-7.584923169,6.946486799));
#721=VERTEX_POINT('',#720);
#722=CARTESIAN_POINT('',(0.,-7.5,7.424002319));
#723=VERTEX_POINT('',#722);
#724=CARTESIAN_POINT('',(0.,-7.584871245,6.946491365));
#725=CARTESIAN_POINT('',(0.,-7.575650672,7.026528433));
#726=CARTESIAN_POINT('',(0.,-7.563962313,7.106339045));
#727=CARTESIAN_POINT('',(0.,-7.549816302,7.18592413));
#728=CARTESIAN_POINT('',(0.,-7.542743297,7.225716672));
#729=CARTESIAN_POINT('',(0.,-7.535055461,7.265452795));
#730=CARTESIAN_POINT('',(0.,-7.526752944,7.305132512));
#731=CARTESIAN_POINT('',(0.,-7.522601686,7.32497237));
#732=CARTESIAN_POINT('',(0.,-7.518296694,7.344798121));
#733=CARTESIAN_POINT('',(0.,-7.513837914,7.364609759));
#734=CARTESIAN_POINT('',(0.,-7.509379134,7.384421398));
#735=CARTESIAN_POINT('',(0.,-7.504930188,7.40353972));
#736=CARTESIAN_POINT('',(0.,-7.5,7.424002319));
#737=B_SPLINE_CURVE_WITH_KNOTS('',3,(#724,#725,#726,#727,#728,#729,#730,#731,#732,#733,#734,#735,#736),.UNSPECIFIED.,.F.,.F.,(4,3,3,3,4),(0.00066108,0.000902714,0.001023531,0.00108394,0.001144348),.UNSPECIFIED.);
#738=EDGE_CURVE('',#721,#723,#737,.T.);
#739=ORIENTED_EDGE('',*,*,#738,.F.);
#740=CARTESIAN_POINT('',(0.,-7.5,6.300211278));
#741=VERTEX_POINT('',#740);
#742=CARTESIAN_POINT('',(0.,-7.584975092,6.946482222));
#743=CARTESIAN_POINT('',(0.,-7.556427634,6.622257662));
#744=CARTESIAN_POINT('',(0.,-7.500076062,6.30041777));
#745=B_SPLINE_CURVE_WITH_KNOTS('',2,(#742,#743,#744),.UNSPECIFIED.,.F.,.F.,(3,3),(0.753220361,0.999836668),.UNSPECIFIED.);
#746=EDGE_CURVE('',#721,#741,#745,.T.);
#747=ORIENTED_EDGE('',*,*,#746,.T.);
#748=CARTESIAN_POINT('',(0.,-7.5,7.424002319));
#749=CARTESIAN_POINT('',(0.,-7.5,6.300211278));
#750=B_SPLINE_CURVE_WITH_KNOTS('',1,(#748,#749),.UNSPECIFIED.,.F.,.F.,(2,2),(0.007575998,0.008699789),.UNSPECIFIED.);
#751=EDGE_CURVE('',#723,#741,#750,.T.);
#752=ORIENTED_EDGE('',*,*,#751,.F.);
#753=EDGE_LOOP('',(#739,#747,#752));
#754=FACE_BOUND('',#753,.T.);
#755=ADVANCED_FACE('',(#754),#719,.F.);
#756=CARTESIAN_POINT('',(2.5,-9.5,1.032505162));
#757=CARTESIAN_POINT('',(2.5,9.5,1.032505162));
#758=CARTESIAN_POINT('',(2.5,-9.5,-2.));
#759=CARTESIAN_POINT('',(2.5,9.5,-2.));
#760=B_SPLINE_SURFACE_WITH_KNOTS('',1,1,((#756,#757),(#758,#759)),.UNSPECIFIED.,.F.,.F.,.U.,(2,2),(2,2),(-0.001032505,0.002),(-0.0095,0.0095),.UNSPECIFIED.);
#761=CARTESIAN_POINT('',(2.5,9.5,-0.5));
#762=VERTEX_POINT('',#761);
#763=CARTESIAN_POINT('',(2.5,9.5,-2.));
#764=VERTEX_POINT('',#763);
#765=CARTESIAN_POINT('',(2.5,9.5,-0.5));
#766=CARTESIAN_POINT('',(2.5,9.5,-2.));
#767=B_SPLINE_CURVE_WITH_KNOTS('',1,(#765,#766),.UNSPECIFIED.,.F.,.F.,(2,2),(0.0165,0.018),.UNSPECIFIED.);
#768=EDGE_CURVE('',#762,#764,#767,.T.);
#769=ORIENTED_EDGE('',*,*,#768,.F.);
#770=CARTESIAN_POINT('',(2.5,3.742787959,-0.5));
#771=VERTEX_POINT('',#770);
#772=CARTESIAN_POINT('',(2.5,9.5,-0.5));
#773=CARTESIAN_POINT('',(2.5,3.742787959,-0.5));
#774=B_SPLINE_CURVE_WITH_KNOTS('',1,(#772,#773),.UNSPECIFIED.,.F.,.F.,(2,2),(-0.0095,-0.003742788),.UNSPECIFIED.);
#775=EDGE_CURVE('',#762,#771,#774,.T.);
#776=ORIENTED_EDGE('',*,*,#775,.T.);
#777=CARTESIAN_POINT('',(2.5,3.742787959,1.032506104));
#778=VERTEX_POINT('',#777);
#779=CARTESIAN_POINT('',(2.5,3.742787959,1.032491819));
#780=CARTESIAN_POINT('',(2.5,3.742787959,-0.5));
#781=B_SPLINE_CURVE_WITH_KNOTS('',1,(#779,#780),.UNSPECIFIED.,.F.,.F.,(2,2),(-0.000074073,0.001458419),.UNSPECIFIED.);
#782=EDGE_CURVE('',#778,#771,#781,.T.);
#783=ORIENTED_EDGE('',*,*,#782,.F.);
#784=CARTESIAN_POINT('',(2.5,-0.,0.));
#785=VERTEX_POINT('',#784);
#786=CARTESIAN_POINT('',(2.5,-0.,0.));
#787=CARTESIAN_POINT('',(2.5,0.478190939,0.));
#788=CARTESIAN_POINT('',(2.5,0.952841203,0.062452512));
#789=CARTESIAN_POINT('',(2.5,1.42667453,0.124797535));
#790=CARTESIAN_POINT('',(2.5,1.889379029,0.248741468));
#791=CARTESIAN_POINT('',(2.5,2.351020988,0.372400781));
#792=CARTESIAN_POINT('',(2.5,2.793589056,0.555679413));
#793=CARTESIAN_POINT('',(2.5,3.235140825,0.73853717));
#794=CARTESIAN_POINT('',(2.5,3.65,0.978014552));
#795=CARTESIAN_POINT('',(2.5,3.696611794,1.004921202));
#796=CARTESIAN_POINT('',(2.5,3.742794246,1.032495573));
#797=B_SPLINE_CURVE_WITH_KNOTS('',2,(#786,#787,#788,#789,#790,#791,#792,#793,#794,#795,#796),.UNSPECIFIED.,.F.,.F.,(3,2,2,2,2,3),(0.,0.0625,0.125,0.1875,0.25,0.257038394),.UNSPECIFIED.);
#798=EDGE_CURVE('',#785,#778,#797,.T.);
#799=ORIENTED_EDGE('',*,*,#798,.F.);
#800=CARTESIAN_POINT('',(2.5,-3.742787959,1.032506104));
#801=VERTEX_POINT('',#800);
#802=CARTESIAN_POINT('',(2.5,-3.742788522,1.032505162));
#803=CARTESIAN_POINT('',(2.5,-3.696619633,1.004935094));
#804=CARTESIAN_POINT('',(2.5,-3.65,0.978014552));
#805=CARTESIAN_POINT('',(2.5,-3.236129502,0.739024731));
#806=CARTESIAN_POINT('',(2.5,-2.793589056,0.555679413));
#807=CARTESIAN_POINT('',(2.5,-2.352064846,0.372755123));
#808=CARTESIAN_POINT('',(2.5,-1.889379029,0.248741468));
#809=CARTESIAN_POINT('',(2.5,-1.427755709,0.125012595));
#810=CARTESIAN_POINT('',(2.5,-0.952841203,0.062452512));
#811=CARTESIAN_POINT('',(2.5,-0.478743302,0.));
#812=CARTESIAN_POINT('',(2.5,-0.,0.));
#813=B_SPLINE_CURVE_WITH_KNOTS('',2,(#802,#803,#804,#805,#806,#807,#808,#809,#810,#811,#812),.UNSPECIFIED.,.F.,.F.,(3,2,2,2,2,3),(0.742975977,0.75,0.8125,0.875,0.9375,1.),.UNSPECIFIED.);
#814=EDGE_CURVE('',#801,#785,#813,.T.);
#815=ORIENTED_EDGE('',*,*,#814,.F.);
#816=CARTESIAN_POINT('',(2.5,-3.742787959,-0.5));
#817=VERTEX_POINT('',#816);
#818=CARTESIAN_POINT('',(2.5,-3.742787959,-0.5));
#819=CARTESIAN_POINT('',(2.5,-3.742787959,1.032504825));
#820=B_SPLINE_CURVE_WITH_KNOTS('',1,(#818,#819),.UNSPECIFIED.,.F.,.F.,(2,2),(-0.000074086,0.001458419),.UNSPECIFIED.);
#821=EDGE_CURVE('',#817,#801,#820,.T.);
#822=ORIENTED_EDGE('',*,*,#821,.F.);
#823=CARTESIAN_POINT('',(2.5,-3.742787959,-0.5));
#824=CARTESIAN_POINT('',(2.5,-9.5,-0.5));
#825=B_SPLINE_CURVE_WITH_KNOTS('',1,(#823,#824),.UNSPECIFIED.,.F.,.F.,(2,2),(0.003742788,0.0095),.UNSPECIFIED.);
#826=EDGE_CURVE('',#817,#605,#825,.T.);
#827=ORIENTED_EDGE('',*,*,#826,.T.);
#828=ORIENTED_EDGE('',*,*,#609,.F.);
#829=CARTESIAN_POINT('',(2.5,9.5,-2.));
#830=CARTESIAN_POINT('',(2.5,-9.5,-2.));
#831=B_SPLINE_CURVE_WITH_KNOTS('',1,(#829,#830),.UNSPECIFIED.,.F.,.F.,(2,2),(0.,0.019),.UNSPECIFIED.);
#832=EDGE_CURVE('',#764,#598,#831,.T.);
#833=ORIENTED_EDGE('',*,*,#832,.F.);
#834=EDGE_LOOP('',(#769,#776,#783,#799,#815,#822,#827,#828,#833));
#835=FACE_BOUND('',#834,.T.);
#836=ADVANCED_FACE('',(#835),#760,.T.);
#837=CARTESIAN_POINT('',(0.,6.542563654,3.719140714));
#838=CARTESIAN_POINT('',(0.245207008,6.516076439,3.704083974));
#839=CARTESIAN_POINT('',(0.,6.559961153,3.748358486));
#840=CARTESIAN_POINT('',(0.245207008,6.533403505,3.733183459));
#841=CARTESIAN_POINT('',(0.,6.577162173,3.777693339));
#842=CARTESIAN_POINT('',(0.245207008,6.550534888,3.762399552));
#843=CARTESIAN_POINT('',(0.,6.92640075,4.382592298));
#844=CARTESIAN_POINT('',(0.245207008,6.898359591,4.36484961));
#845=CARTESIAN_POINT('',(0.,7.182857269,5.001733104));
#846=CARTESIAN_POINT('',(0.245207008,7.15377786,4.981483858));
#847=CARTESIAN_POINT('',(0.,7.469125645,6.070101228));
#848=CARTESIAN_POINT('',(0.245207008,7.438887294,6.045526752));
#849=CARTESIAN_POINT('',(0.,7.546094607,6.506615446));
#850=CARTESIAN_POINT('',(0.245207008,7.515544651,6.480273766));
#851=CARTESIAN_POINT('',(0.,7.584871246,6.946491373));
#852=CARTESIAN_POINT('',(0.245207008,7.554164305,6.918368878));
#853=B_SPLINE_SURFACE_WITH_KNOTS('',3,1,((#837,#838),(#839,#840),(#841,#842),(#843,#844),(#845,#846),(#847,#848),(#849,#850),(#851,#852)),.UNSPECIFIED.,.F.,.F.,.U.,(4,2,2,4),(2,2),(0.16453431,0.166666667,0.208333333,0.236023517),(0.,0.098082803),.UNSPECIFIED.);
#854=CARTESIAN_POINT('',(-0.000028478,6.542565879,3.719139329));
#855=VERTEX_POINT('',#854);
#856=CARTESIAN_POINT('',(0.,7.584871245,6.946491368));
#857=CARTESIAN_POINT('',(0.081068539,7.55106667,6.668884142));
#858=CARTESIAN_POINT('',(0.141137623,7.505347937,6.390830474));
#859=CARTESIAN_POINT('',(0.18174656,7.446013849,6.112922875));
#860=CARTESIAN_POINT('',(0.222355497,7.386679762,5.835015276));
#861=CARTESIAN_POINT('',(0.243608192,7.313716034,5.557271881));
#862=CARTESIAN_POINT('',(0.244674069,7.225174083,5.279996255));
#863=CARTESIAN_POINT('',(0.245739946,7.136632132,5.00272063));
#864=CARTESIAN_POINT('',(0.226438244,7.03488408,4.733324898));
#865=CARTESIAN_POINT('',(0.186335884,6.920971077,4.473158611));
#866=CARTESIAN_POINT('',(0.146233524,6.807058074,4.212992323));
#867=CARTESIAN_POINT('',(0.085427124,6.6807948,3.961551405));
#868=CARTESIAN_POINT('',(0.000000119,6.542635155,3.719260812));
#869=B_SPLINE_CURVE_WITH_KNOTS('',3,(#856,#857,#858,#859,#860,#861,#862,#863,#864,#865,#866,#867,#868),.UNSPECIFIED.,.F.,.F.,(4,3,3,3,4),(0.,0.000861167,0.001722334,0.0025835,0.003444667),.UNSPECIFIED.);
#870=EDGE_CURVE('',#691,#855,#869,.T.);
#871=ORIENTED_EDGE('',*,*,#870,.F.);
#872=ORIENTED_EDGE('',*,*,#710,.F.);
#873=CARTESIAN_POINT('',(0.,6.542587405,3.719180603));
#874=CARTESIAN_POINT('',(0.,7.014599923,4.511900633));
#875=CARTESIAN_POINT('',(0.,7.340756658,5.391171378));
#876=CARTESIAN_POINT('',(0.,7.499914975,6.299945513));
#877=B_SPLINE_CURVE_WITH_KNOTS('',3,(#873,#874,#875,#876),.UNSPECIFIED.,.F.,.F.,(4,4),(0.164535281,0.222388954),.UNSPECIFIED.);
#878=EDGE_CURVE('',#855,#700,#877,.T.);
#879=ORIENTED_EDGE('',*,*,#878,.F.);
#880=EDGE_LOOP('',(#871,#872,#879));
#881=FACE_BOUND('',#880,.T.);
#882=ADVANCED_FACE('',(#881),#853,.F.);
#883=CARTESIAN_POINT('',(0.,-7.584871246,6.946491376));
#884=CARTESIAN_POINT('',(0.245211177,-7.554163783,6.918368404));
#885=CARTESIAN_POINT('',(0.,-7.546094607,6.506615449));
#886=CARTESIAN_POINT('',(0.245211177,-7.515544132,6.48027332));
#887=CARTESIAN_POINT('',(0.,-7.469125645,6.070101229));
#888=CARTESIAN_POINT('',(0.245211177,-7.43888678,6.045526335));
#889=CARTESIAN_POINT('',(0.,-7.182857269,5.001733104));
#890=CARTESIAN_POINT('',(0.245211177,-7.153777365,4.981483514));
#891=CARTESIAN_POINT('',(0.,-6.92640075,4.382592298));
#892=CARTESIAN_POINT('',(0.245211177,-6.898359115,4.364849309));
#893=CARTESIAN_POINT('',(0.,-6.577169912,3.777706743));
#894=CARTESIAN_POINT('',(0.245211177,-6.550542142,3.762412641));
#895=CARTESIAN_POINT('',(0.,-6.55997681,3.748385189));
#896=CARTESIAN_POINT('',(0.245211177,-6.533418647,3.733209796));
#897=CARTESIAN_POINT('',(0.,-6.542587408,3.719180609));
#898=CARTESIAN_POINT('',(0.245211177,-6.516099647,3.704123451));
#899=B_SPLINE_SURFACE_WITH_KNOTS('',3,1,((#883,#884),(#885,#886),(#887,#888),(#889,#890),(#891,#892),(#893,#894),(#895,#896),(#897,#898)),.UNSPECIFIED.,.F.,.F.,.U.,(4,2,2,4),(2,2),(0.763976483,0.791666667,0.833333333,0.835464719),(0.,0.098084471),.UNSPECIFIED.);
#900=CARTESIAN_POINT('',(-0.000028478,-6.542565882,3.719139334));
#901=VERTEX_POINT('',#900);
#902=CARTESIAN_POINT('',(0.,-6.542634966,3.719260481));
#903=CARTESIAN_POINT('',(0.085056936,-6.680195668,3.960500904));
#904=CARTESIAN_POINT('',(0.146034407,-6.806527282,4.211807093));
#905=CARTESIAN_POINT('',(0.186292184,-6.920846967,4.47287517));
#906=CARTESIAN_POINT('',(0.226549961,-7.035166652,4.733943248));
#907=CARTESIAN_POINT('',(0.245750318,-7.137928636,5.006719949));
#908=CARTESIAN_POINT('',(0.244672014,-7.225342654,5.280524208));
#909=CARTESIAN_POINT('',(0.24359371,-7.312756673,5.554328467));
#910=CARTESIAN_POINT('',(0.222814025,-7.385685039,5.830848243));
#911=CARTESIAN_POINT('',(0.182210173,-7.445334627,6.109744333));
#912=CARTESIAN_POINT('',(0.141606322,-7.504984216,6.388640423));
#913=CARTESIAN_POINT('',(0.080771256,-7.551190642,6.66990204));
#914=CARTESIAN_POINT('',(0.000000024,-7.584871235,6.946491284));
#915=B_SPLINE_CURVE_WITH_KNOTS('',3,(#902,#903,#904,#905,#906,#907,#908,#909,#910,#911,#912,#913,#914),.UNSPECIFIED.,.F.,.F.,(4,3,3,3,4),(0.,0.000862582,0.001725163,0.002587745,0.003450326),.UNSPECIFIED.);
#916=EDGE_CURVE('',#901,#721,#915,.T.);
#917=ORIENTED_EDGE('',*,*,#916,.F.);
#918=CARTESIAN_POINT('',(0.,-7.499925355,6.300004786));
#919=CARTESIAN_POINT('',(0.,-7.340770747,5.39120964));
#920=CARTESIAN_POINT('',(0.,-7.014610187,4.511917871));
#921=CARTESIAN_POINT('',(0.,-6.542587408,3.719180609));
#922=B_SPLINE_CURVE_WITH_KNOTS('',3,(#918,#919,#920,#921),.UNSPECIFIED.,.F.,.F.,(4,4),(0.777609789,0.835464719),.UNSPECIFIED.);
#923=EDGE_CURVE('',#741,#901,#922,.T.);
#924=ORIENTED_EDGE('',*,*,#923,.F.);
#925=ORIENTED_EDGE('',*,*,#746,.F.);
#926=EDGE_LOOP('',(#917,#924,#925));
#927=FACE_BOUND('',#926,.T.);
#928=ADVANCED_FACE('',(#927),#899,.F.);
#929=CARTESIAN_POINT('',(-75.,-7.5,6.3));
#930=CARTESIAN_POINT('',(-75.,7.5,6.3));
#931=CARTESIAN_POINT('',(-75.,-7.5,-0.));
#932=CARTESIAN_POINT('',(-75.,7.5,-0.));
#933=B_SPLINE_SURFACE_WITH_KNOTS('',1,1,((#929,#930),(#931,#932)),.UNSPECIFIED.,.F.,.F.,.U.,(2,2),(2,2),(0.0087,0.015),(-0.0075,0.0075),.UNSPECIFIED.);
#934=CARTESIAN_POINT('',(-75.,7.5,6.3));
#935=VERTEX_POINT('',#934);
#936=CARTESIAN_POINT('',(-75.,-7.5,6.3));
#937=VERTEX_POINT('',#936);
#938=CARTESIAN_POINT('',(-75.,7.5,6.3));
#939=CARTESIAN_POINT('',(-75.,6.396,0.));
#940=CARTESIAN_POINT('',(-75.,0.,-0.));
#941=CARTESIAN_POINT('',(-75.,-6.396,-0.));
#942=CARTESIAN_POINT('',(-75.,-7.5,6.3));
#943=(BOUNDED_CURVE()
B_SPLINE_CURVE(2,(#938,#939,#940,#941,#942),.UNSPECIFIED.,.F.,.F.)
B_SPLINE_CURVE_WITH_KNOTS((3,2,3),(4.885865658,6.283185307,7.680504957),.UNSPECIFIED.)
CURVE()
GEOMETRIC_REPRESENTATION_ITEM()
RATIONAL_B_SPLINE_CURVE((1.,0.765704865,1.,0.765704865,1.))
REPRESENTATION_ITEM(''));
#944=EDGE_CURVE('',#935,#937,#943,.T.);
#945=ORIENTED_EDGE('',*,*,#944,.F.);
#946=CARTESIAN_POINT('',(-75.,-7.5,6.3));
#947=CARTESIAN_POINT('',(-75.,7.5,6.3));
#948=B_SPLINE_CURVE_WITH_KNOTS('',1,(#946,#947),.UNSPECIFIED.,.F.,.F.,(2,2),(-0.0075,0.0075),.UNSPECIFIED.);
#949=EDGE_CURVE('',#937,#935,#948,.T.);
#950=ORIENTED_EDGE('',*,*,#949,.F.);
#951=EDGE_LOOP('',(#945,#950));
#952=FACE_BOUND('',#951,.T.);
#953=ADVANCED_FACE('',(#952),#933,.T.);
#954=CARTESIAN_POINT('',(-82.,9.5,16.));
#955=CARTESIAN_POINT('',(2.5,9.5,16.));
#956=CARTESIAN_POINT('',(-82.,9.5,-2.));
#957=CARTESIAN_POINT('',(2.5,9.5,-2.));
#958=B_SPLINE_SURFACE_WITH_KNOTS('',1,1,((#954,#955),(#956,#957)),.UNSPECIFIED.,.F.,.F.,.U.,(2,2),(2,2),(-0.001,0.017),(-0.082,0.0025),.UNSPECIFIED.);
#959=CARTESIAN_POINT('',(-80.,9.5,6.947465745));
#960=VERTEX_POINT('',#959);
#961=CARTESIAN_POINT('',(-79.352534255,9.5,6.3));
#962=VERTEX_POINT('',#961);
#963=CARTESIAN_POINT('',(-80.,9.5,6.947465745));
#964=CARTESIAN_POINT('',(-80.,9.5,6.3));
#965=CARTESIAN_POINT('',(-79.352534255,9.5,6.3));
#966=(BOUNDED_CURVE()
B_SPLINE_CURVE(2,(#963,#964,#965),.UNSPECIFIED.,.F.,.F.)
B_SPLINE_CURVE_WITH_KNOTS((3,3),(4.71238898,6.283185307),.UNSPECIFIED.)
CURVE()
GEOMETRIC_REPRESENTATION_ITEM()
RATIONAL_B_SPLINE_CURVE((1.,0.707106781,1.))
REPRESENTATION_ITEM(''));
#967=EDGE_CURVE('',#960,#962,#966,.T.);
#968=ORIENTED_EDGE('',*,*,#967,.T.);
#969=CARTESIAN_POINT('',(-52.647465745,9.5,6.3));
#970=VERTEX_POINT('',#969);
#971=CARTESIAN_POINT('',(-79.352534255,9.5,6.3));
#972=CARTESIAN_POINT('',(-52.647465745,9.5,6.3));
#973=B_SPLINE_CURVE_WITH_KNOTS('',1,(#971,#972),.UNSPECIFIED.,.F.,.F.,(2,2),(-0.079352534,-0.052647466),.UNSPECIFIED.);
#974=EDGE_CURVE('',#962,#970,#973,.T.);
#975=ORIENTED_EDGE('',*,*,#974,.T.);
#976=CARTESIAN_POINT('',(-52.,9.5,6.947465745));
#977=VERTEX_POINT('',#976);
#978=CARTESIAN_POINT('',(-52.647465745,9.5,6.3));
#979=CARTESIAN_POINT('',(-52.,9.5,6.3));
#980=CARTESIAN_POINT('',(-52.,9.5,6.947465745));
#981=(BOUNDED_CURVE()
B_SPLINE_CURVE(2,(#978,#979,#980),.UNSPECIFIED.,.F.,.F.)
B_SPLINE_CURVE_WITH_KNOTS((3,3),(6.283185307,7.853981634),.UNSPECIFIED.)
CURVE()
GEOMETRIC_REPRESENTATION_ITEM()
RATIONAL_B_SPLINE_CURVE((1.,0.707106781,1.))
REPRESENTATION_ITEM(''));
#982=EDGE_CURVE('',#970,#977,#981,.T.);
#983=ORIENTED_EDGE('',*,*,#982,.T.);
#984=CARTESIAN_POINT('',(-52.,9.5,7.652534255));
#985=VERTEX_POINT('',#984);
#986=CARTESIAN_POINT('',(-52.,9.5,6.947465745));
#987=CARTESIAN_POINT('',(-52.,9.5,7.652534255));
#988=B_SPLINE_CURVE_WITH_KNOTS('',1,(#986,#987),.UNSPECIFIED.,.F.,.F.,(2,2),(-0.008052534,-0.007347466),.UNSPECIFIED.);
#989=EDGE_CURVE('',#977,#985,#988,.T.);
#990=ORIENTED_EDGE('',*,*,#989,.T.);
#991=CARTESIAN_POINT('',(-52.647465745,9.5,8.3));
#992=VERTEX_POINT('',#991);
#993=CARTESIAN_POINT('',(-52.,9.5,7.652534255));
#994=CARTESIAN_POINT('',(-52.,9.5,8.3));
#995=CARTESIAN_POINT('',(-52.647465745,9.5,8.3));
#996=(BOUNDED_CURVE()
B_SPLINE_CURVE(2,(#993,#994,#995),.UNSPECIFIED.,.F.,.F.)
B_SPLINE_CURVE_WITH_KNOTS((3,3),(1.570796327,3.141592654),.UNSPECIFIED.)
CURVE()
GEOMETRIC_REPRESENTATION_ITEM()
RATIONAL_B_SPLINE_CURVE((1.,0.707106781,1.))
REPRESENTATION_ITEM(''));
#997=EDGE_CURVE('',#985,#992,#996,.T.);
#998=ORIENTED_EDGE('',*,*,#997,.T.);
#999=CARTESIAN_POINT('',(-79.352534255,9.5,8.3));
#1000=VERTEX_POINT('',#999);
#1001=CARTESIAN_POINT('',(-52.647465745,9.5,8.3));
#1002=CARTESIAN_POINT('',(-79.352534255,9.5,8.3));
#1003=B_SPLINE_CURVE_WITH_KNOTS('',1,(#1001,#1002),.UNSPECIFIED.,.F.,.F.,(2,2),(0.052647466,0.079352534),.UNSPECIFIED.);
#1004=EDGE_CURVE('',#992,#1000,#1003,.T.);
#1005=ORIENTED_EDGE('',*,*,#1004,.T.);
#1006=CARTESIAN_POINT('',(-80.,9.5,7.652534255));
#1007=VERTEX_POINT('',#1006);
#1008=CARTESIAN_POINT('',(-79.352534255,9.5,8.3));
#1009=CARTESIAN_POINT('',(-80.,9.5,8.3));
#1010=CARTESIAN_POINT('',(-80.,9.5,7.652534255));
#1011=(BOUNDED_CURVE()
B_SPLINE_CURVE(2,(#1008,#1009,#1010),.UNSPECIFIED.,.F.,.F.)
B_SPLINE_CURVE_WITH_KNOTS((3,3),(3.141592654,4.71238898),.UNSPECIFIED.)
CURVE()
GEOMETRIC_REPRESENTATION_ITEM()
RATIONAL_B_SPLINE_CURVE((1.,0.707106781,1.))
REPRESENTATION_ITEM(''));
#1012=EDGE_CURVE('',#1000,#1007,#1011,.T.);
#1013=ORIENTED_EDGE('',*,*,#1012,.T.);
#1014=CARTESIAN_POINT('',(-80.,9.5,7.652534255));
#1015=CARTESIAN_POINT('',(-80.,9.5,6.947465745));
#1016=B_SPLINE_CURVE_WITH_KNOTS('',1,(#1014,#1015),.UNSPECIFIED.,.F.,.F.,(2,2),(-0.004502534,-0.003797466),.UNSPECIFIED.);
#1017=EDGE_CURVE('',#1007,#960,#1016,.T.);
#1018=ORIENTED_EDGE('',*,*,#1017,.T.);
#1019=EDGE_LOOP('',(#968,#975,#983,#990,#998,#1005,#1013,#1018));
#1020=FACE_BOUND('',#1019,.T.);
#1021=CARTESIAN_POINT('',(-4.460057003,9.5,16.));
#1022=VERTEX_POINT('',#1021);
#1023=CARTESIAN_POINT('',(-82.,9.5,16.));
#1024=VERTEX_POINT('',#1023);
#1025=CARTESIAN_POINT('',(-4.460057003,9.5,16.));
#1026=CARTESIAN_POINT('',(-82.,9.5,16.));
#1027=B_SPLINE_CURVE_WITH_KNOTS('',1,(#1025,#1026),.UNSPECIFIED.,.F.,.F.,(2,2),(0.004460057,0.082),.UNSPECIFIED.);
#1028=EDGE_CURVE('',#1022,#1024,#1027,.T.);
#1029=ORIENTED_EDGE('',*,*,#1028,.F.);
#1030=CARTESIAN_POINT('',(-4.460057003,9.5,10.583161764));
#1031=VERTEX_POINT('',#1030);
#1032=CARTESIAN_POINT('',(-4.460057003,9.5,16.));
#1033=CARTESIAN_POINT('',(-4.460057003,9.5,10.583161764));
#1034=B_SPLINE_CURVE_WITH_KNOTS('',1,(#1032,#1033),.UNSPECIFIED.,.F.,.F.,(2,2),(-0.003958419,0.001458419),.UNSPECIFIED.);
#1035=EDGE_CURVE('',#1022,#1031,#1034,.T.);
#1036=ORIENTED_EDGE('',*,*,#1035,.T.);
#1037=CARTESIAN_POINT('',(-3.744720618,9.500000464,9.989595202));
#1038=VERTEX_POINT('',#1037);
#1039=CARTESIAN_POINT('',(-3.744719306,9.5,9.989594399));
#1040=CARTESIAN_POINT('',(-3.983485452,9.5,10.187065287));
#1041=CARTESIAN_POINT('',(-4.222457948,9.5,10.384287734));
#1042=CARTESIAN_POINT('',(-4.460057004,9.5,10.58316178));
#1043=B_SPLINE_CURVE_WITH_KNOTS('',3,(#1039,#1040,#1041,#1042),.UNSPECIFIED.,.F.,.F.,(4,4),(0.,0.000929535),.UNSPECIFIED.);
#1044=EDGE_CURVE('',#1038,#1031,#1043,.T.);
#1045=ORIENTED_EDGE('',*,*,#1044,.F.);
#1046=CARTESIAN_POINT('',(-4.460057003,9.5,2.416838193));
#1047=VERTEX_POINT('',#1046);
#1048=CARTESIAN_POINT('',(-4.460056999,9.5,2.416838196));
#1049=CARTESIAN_POINT('',(-4.315991408,9.5,2.537423306));
#1050=CARTESIAN_POINT('',(-4.17160375,9.5,2.657666064));
#1051=CARTESIAN_POINT('',(-4.026868108,9.5,2.777538919));
#1052=CARTESIAN_POINT('',(-3.954500287,9.5,2.837475347));
#1053=CARTESIAN_POINT('',(-3.882045495,9.5,2.897319324));
#1054=CARTESIAN_POINT('',(-3.809500176,9.5,2.957067074));
#1055=CARTESIAN_POINT('',(-3.736954858,9.5,3.016814824));
#1056=CARTESIAN_POINT('',(-3.66465644,9.5,3.076825027));
#1057=CARTESIAN_POINT('',(-3.594366137,9.5,3.138969828));
#1058=CARTESIAN_POINT('',(-3.313204922,9.5,3.387549034));
#1059=CARTESIAN_POINT('',(-3.055193336,9.5,3.662629931));
#1060=CARTESIAN_POINT('',(-2.827810555,9.5,3.966315625));
#1061=CARTESIAN_POINT('',(-2.600427775,9.5,4.270001319));
#1062=CARTESIAN_POINT('',(-2.409773697,9.5,4.593773179));
#1063=CARTESIAN_POINT('',(-2.261924847,9.5,4.94095433));
#1064=CARTESIAN_POINT('',(-2.188000422,9.5,5.114544905));
#1065=CARTESIAN_POINT('',(-2.124705038,9.5,5.295295865));
#1066=CARTESIAN_POINT('',(-2.075088668,9.5,5.47702999));
#1067=CARTESIAN_POINT('',(-2.025472298,9.5,5.658764115));
#1068=CARTESIAN_POINT('',(-1.988958147,9.5,5.842440725));
#1069=CARTESIAN_POINT('',(-1.965875317,9.5,6.028108612));
#1070=CARTESIAN_POINT('',(-1.942792487,9.5,6.213776498));
#1071=CARTESIAN_POINT('',(-1.933140394,9.5,6.401435574));
#1072=CARTESIAN_POINT('',(-1.937684718,9.5,6.591199357));
#1073=CARTESIAN_POINT('',(-1.942229041,9.5,6.780963139));
#1074=CARTESIAN_POINT('',(-1.96110402,9.5,6.970356733));
#1075=CARTESIAN_POINT('',(-1.993211872,9.5,7.155651493));
#1076=CARTESIAN_POINT('',(-2.025319725,9.5,7.340946253));
#1077=CARTESIAN_POINT('',(-2.07068258,9.5,7.523345127));
#1078=CARTESIAN_POINT('',(-2.128730166,9.5,7.702972704));
#1079=CARTESIAN_POINT('',(-2.186777752,9.5,7.882600282));
#1080=CARTESIAN_POINT('',(-2.258023114,9.5,8.060204504));
#1081=CARTESIAN_POINT('',(-2.339433711,9.5,8.230699522));
#1082=CARTESIAN_POINT('',(-2.420844308,9.5,8.40119454));
#1083=CARTESIAN_POINT('',(-2.512656932,9.5,8.565669069));
#1084=CARTESIAN_POINT('',(-2.613954557,9.5,8.724653867));
#1085=CARTESIAN_POINT('',(-2.715252181,9.5,8.883638664));
#1086=CARTESIAN_POINT('',(-2.826450464,9.5,9.037615859));
#1087=CARTESIAN_POINT('',(-2.945733917,9.5,9.185236492));
#1088=CARTESIAN_POINT('',(-3.184300822,9.5,9.480477759));
#1089=CARTESIAN_POINT('',(-3.451865567,9.499999999,9.747390485));
#1090=CARTESIAN_POINT('',(-3.744721252,9.499999999,9.989596009));
#1091=B_SPLINE_CURVE_WITH_KNOTS('',3,(#1048,#1049,#1050,#1051,#1052,#1053,#1054,#1055,#1056,#1057,#1058,#1059,#1060,#1061,#1062,#1063,#1064,#1065,#1066,#1067,#1068,#1069,#1070,#1071,#1072,#1073,
#1074,#1075,#1076,#1077,#1078,#1079,#1080,#1081,#1082,#1083,#1084,#1085,#1086,#1087,#1088,#1089,#1090),.UNSPECIFIED.,.F.,.F.,(4,3,3,3,3,3,3,3,3,3,3,3,3,3,4),(0.,0.000562668,0.000844001,0.001125335,0.00225067,0.003376005,0.003938673,0.00450134,0.005064008,0.005626675,0.006189343,0.00675201,0.007314678,0.007877345,0.00900268),.UNSPECIFIED.);
#1092=EDGE_CURVE('',#1047,#1038,#1091,.T.);
#1093=ORIENTED_EDGE('',*,*,#1092,.F.);
#1094=CARTESIAN_POINT('',(-4.460057003,9.5,-0.5));
#1095=VERTEX_POINT('',#1094);
#1096=CARTESIAN_POINT('',(-4.460057003,9.5,2.416838193));
#1097=CARTESIAN_POINT('',(-4.460057003,9.5,-0.5));
#1098=B_SPLINE_CURVE_WITH_KNOTS('',1,(#1096,#1097),.UNSPECIFIED.,.F.,.F.,(2,2),(-0.001458419,0.001458419),.UNSPECIFIED.);
#1099=EDGE_CURVE('',#1047,#1095,#1098,.T.);
#1100=ORIENTED_EDGE('',*,*,#1099,.T.);
#1101=CARTESIAN_POINT('',(2.5,9.5,-0.5));
#1102=CARTESIAN_POINT('',(-4.460057003,9.5,-0.5));
#1103=B_SPLINE_CURVE_WITH_KNOTS('',1,(#1101,#1102),.UNSPECIFIED.,.F.,.F.,(2,2),(-0.0025,0.004460057),.UNSPECIFIED.);
#1104=EDGE_CURVE('',#762,#1095,#1103,.T.);
#1105=ORIENTED_EDGE('',*,*,#1104,.F.);
#1106=ORIENTED_EDGE('',*,*,#768,.T.);
#1107=CARTESIAN_POINT('',(-82.,9.5,-2.));
#1108=VERTEX_POINT('',#1107);
#1109=CARTESIAN_POINT('',(2.5,9.5,-2.));
#1110=CARTESIAN_POINT('',(-82.,9.5,-2.));
#1111=B_SPLINE_CURVE_WITH_KNOTS('',1,(#1109,#1110),.UNSPECIFIED.,.F.,.F.,(2,2),(0.,0.0845),.UNSPECIFIED.);
#1112=EDGE_CURVE('',#764,#1108,#1111,.T.);
#1113=ORIENTED_EDGE('',*,*,#1112,.T.);
#1114=CARTESIAN_POINT('',(-82.,9.5,16.));
#1115=CARTESIAN_POINT('',(-82.,9.5,-2.));
#1116=B_SPLINE_CURVE_WITH_KNOTS('',1,(#1114,#1115),.UNSPECIFIED.,.F.,.F.,(2,2),(-0.01285,0.00515),.UNSPECIFIED.);
#1117=EDGE_CURVE('',#1024,#1108,#1116,.T.);
#1118=ORIENTED_EDGE('',*,*,#1117,.F.);
#1119=EDGE_LOOP('',(#1029,#1036,#1045,#1093,#1100,#1105,#1106,#1113,#1118));
#1120=FACE_BOUND('',#1119,.T.);
#1121=ADVANCED_FACE('',(#1020,#1120),#958,.F.);
#1122=CARTESIAN_POINT('',(-75.,-7.5,6.3));
#1123=CARTESIAN_POINT('',(0.,-7.5,6.3));
#1124=CARTESIAN_POINT('',(-75.,-7.5,16.));
#1125=CARTESIAN_POINT('',(0.,-7.5,16.));
#1126=B_SPLINE_SURFACE_WITH_KNOTS('',1,1,((#1122,#1123),(#1124,#1125)),.UNSPECIFIED.,.F.,.F.,.U.,(2,2),(2,2),(-0.0087,0.001),(0.,0.075),.UNSPECIFIED.);
#1127=CARTESIAN_POINT('',(-4.460057003,-7.5,10.583161764));
#1128=VERTEX_POINT('',#1127);
#1129=CARTESIAN_POINT('',(-4.460057003,-7.5,16.));
#1130=VERTEX_POINT('',#1129);
#1131=CARTESIAN_POINT('',(-4.460057003,-7.5,10.583161764));
#1132=CARTESIAN_POINT('',(-4.460057003,-7.5,16.));
#1133=B_SPLINE_CURVE_WITH_KNOTS('',1,(#1131,#1132),.UNSPECIFIED.,.F.,.F.,(2,2),(-0.004416838,0.001),.UNSPECIFIED.);
#1134=EDGE_CURVE('',#1128,#1130,#1133,.T.);
#1135=ORIENTED_EDGE('',*,*,#1134,.F.);
#1136=CARTESIAN_POINT('',(-2.819574901,-7.5,10.583161761));
#1137=VERTEX_POINT('',#1136);
#1138=CARTESIAN_POINT('',(-2.819574901,-7.5,10.583161764));
#1139=CARTESIAN_POINT('',(-4.460057003,-7.5,10.583161764));
#1140=B_SPLINE_CURVE_WITH_KNOTS('',1,(#1138,#1139),.UNSPECIFIED.,.F.,.F.,(2,2),(-0.072180425,-0.070539943),.UNSPECIFIED.);
#1141=EDGE_CURVE('',#1137,#1128,#1140,.T.);
#1142=ORIENTED_EDGE('',*,*,#1141,.F.);
#1143=CARTESIAN_POINT('',(-2.002367485,-7.500000357,9.989595492));
#1144=VERTEX_POINT('',#1143);
#1145=CARTESIAN_POINT('',(-2.819574899,-7.5,10.583161757));
#1146=CARTESIAN_POINT('',(-2.548727955,-7.5,10.383164055));
#1147=CARTESIAN_POINT('',(-2.275953051,-7.5,10.186021512));
#1148=CARTESIAN_POINT('',(-2.002366403,-7.5,9.989594978));
#1149=B_SPLINE_CURVE_WITH_KNOTS('',3,(#1145,#1146,#1147,#1148),.UNSPECIFIED.,.F.,.F.,(4,4),(0.,0.001010025),.UNSPECIFIED.);
#1150=EDGE_CURVE('',#1137,#1144,#1149,.T.);
#1151=ORIENTED_EDGE('',*,*,#1150,.T.);
#1152=CARTESIAN_POINT('',(-2.002367838,-7.5,9.989596008));
#1153=CARTESIAN_POINT('',(-1.776787314,-7.5,9.827636102));
#1154=CARTESIAN_POINT('',(-1.562244354,-7.5,9.654224917));
#1155=CARTESIAN_POINT('',(-1.359979878,-7.5,9.468075021));
#1156=CARTESIAN_POINT('',(-1.157715402,-7.5,9.281925124));
#1157=CARTESIAN_POINT('',(-0.967657585,-7.5,9.083111034));
#1158=CARTESIAN_POINT('',(-0.792634512,-7.5,8.868698659));
#1159=CARTESIAN_POINT('',(-0.442588368,-7.5,8.439873909));
#1160=CARTESIAN_POINT('',(-0.158231521,-7.5,7.95308423));
#1161=CARTESIAN_POINT('',(0.,-7.5,7.424002319));
#1162=B_SPLINE_CURVE_WITH_KNOTS('',3,(#1152,#1153,#1154,#1155,#1156,#1157,#1158,#1159,#1160,#1161),.UNSPECIFIED.,.F.,.F.,(4,3,3,4),(0.,0.000824441,0.001648881,0.003297763),.UNSPECIFIED.);
#1163=EDGE_CURVE('',#1144,#723,#1162,.T.);
#1164=ORIENTED_EDGE('',*,*,#1163,.T.);
#1165=ORIENTED_EDGE('',*,*,#751,.T.);
#1166=CARTESIAN_POINT('',(-52.647465745,-7.5,6.3));
#1167=VERTEX_POINT('',#1166);
#1168=CARTESIAN_POINT('',(-52.647465745,-7.5,6.3));
#1169=CARTESIAN_POINT('',(0.,-7.5,6.3));
#1170=B_SPLINE_CURVE_WITH_KNOTS('',1,(#1168,#1169),.UNSPECIFIED.,.F.,.F.,(2,2),(-0.038624665,0.0140228),.UNSPECIFIED.);
#1171=EDGE_CURVE('',#1167,#741,#1170,.T.);
#1172=ORIENTED_EDGE('',*,*,#1171,.F.);
#1173=CARTESIAN_POINT('',(-52.,-7.5,6.947465745));
#1174=VERTEX_POINT('',#1173);
#1175=CARTESIAN_POINT('',(-52.647465745,-7.5,6.3));
#1176=CARTESIAN_POINT('',(-52.,-7.5,6.3));
#1177=CARTESIAN_POINT('',(-52.,-7.5,6.947465745));
#1178=(BOUNDED_CURVE()
B_SPLINE_CURVE(2,(#1175,#1176,#1177),.UNSPECIFIED.,.F.,.F.)
B_SPLINE_CURVE_WITH_KNOTS((3,3),(1.570796327,3.141592654),.UNSPECIFIED.)
CURVE()
GEOMETRIC_REPRESENTATION_ITEM()
RATIONAL_B_SPLINE_CURVE((1.,0.707106781,1.))
REPRESENTATION_ITEM(''));
#1179=EDGE_CURVE('',#1167,#1174,#1178,.T.);
#1180=ORIENTED_EDGE('',*,*,#1179,.T.);
#1181=CARTESIAN_POINT('',(-52.,-7.5,7.652534255));
#1182=VERTEX_POINT('',#1181);
#1183=CARTESIAN_POINT('',(-52.,-7.5,7.652534255));
#1184=CARTESIAN_POINT('',(-52.,-7.5,6.947465745));
#1185=B_SPLINE_CURVE_WITH_KNOTS('',1,(#1183,#1184),.UNSPECIFIED.,.F.,.F.,(2,2),(0.007347466,0.008052534),.UNSPECIFIED.);
#1186=EDGE_CURVE('',#1182,#1174,#1185,.T.);
#1187=ORIENTED_EDGE('',*,*,#1186,.F.);
#1188=CARTESIAN_POINT('',(-52.647465745,-7.5,8.3));
#1189=VERTEX_POINT('',#1188);
#1190=CARTESIAN_POINT('',(-52.,-7.5,7.652534255));
#1191=CARTESIAN_POINT('',(-52.,-7.5,8.3));
#1192=CARTESIAN_POINT('',(-52.647465745,-7.5,8.3));
#1193=(BOUNDED_CURVE()
B_SPLINE_CURVE(2,(#1190,#1191,#1192),.UNSPECIFIED.,.F.,.F.)
B_SPLINE_CURVE_WITH_KNOTS((3,3),(6.283185307,7.853981634),.UNSPECIFIED.)
CURVE()
GEOMETRIC_REPRESENTATION_ITEM()
RATIONAL_B_SPLINE_CURVE((1.,0.707106781,1.))
REPRESENTATION_ITEM(''));
#1194=EDGE_CURVE('',#1182,#1189,#1193,.T.);
#1195=ORIENTED_EDGE('',*,*,#1194,.T.);
#1196=CARTESIAN_POINT('',(-75.,-7.5,8.3));
#1197=VERTEX_POINT('',#1196);
#1198=CARTESIAN_POINT('',(-75.,-7.5,8.3));
#1199=CARTESIAN_POINT('',(-52.647465745,-7.5,8.3));
#1200=B_SPLINE_CURVE_WITH_KNOTS('',1,(#1198,#1199),.UNSPECIFIED.,.F.,.F.,(2,2),(0.,0.022352534),.UNSPECIFIED.);
#1201=EDGE_CURVE('',#1197,#1189,#1200,.T.);
#1202=ORIENTED_EDGE('',*,*,#1201,.F.);
#1203=CARTESIAN_POINT('',(-75.,-7.5,16.));
#1204=VERTEX_POINT('',#1203);
#1205=CARTESIAN_POINT('',(-75.,-7.5,16.));
#1206=CARTESIAN_POINT('',(-75.,-7.5,8.3));
#1207=B_SPLINE_CURVE_WITH_KNOTS('',1,(#1205,#1206),.UNSPECIFIED.,.F.,.F.,(2,2),(-0.0067,0.001),.UNSPECIFIED.);
#1208=EDGE_CURVE('',#1204,#1197,#1207,.T.);
#1209=ORIENTED_EDGE('',*,*,#1208,.F.);
#1210=CARTESIAN_POINT('',(-75.,-7.5,16.));
#1211=CARTESIAN_POINT('',(-4.460057003,-7.5,16.));
#1212=B_SPLINE_CURVE_WITH_KNOTS('',1,(#1210,#1211),.UNSPECIFIED.,.F.,.F.,(2,2),(0.,0.070539943),.UNSPECIFIED.);
#1213=EDGE_CURVE('',#1204,#1130,#1212,.T.);
#1214=ORIENTED_EDGE('',*,*,#1213,.T.);
#1215=EDGE_LOOP('',(#1135,#1142,#1151,#1164,#1165,#1172,#1180,#1187,#1195,#1202,#1209,#1214));
#1216=FACE_BOUND('',#1215,.T.);
#1217=ADVANCED_FACE('',(#1216),#1126,.T.);
#1218=CARTESIAN_POINT('',(-75.,-7.5,16.));
#1219=CARTESIAN_POINT('',(-75.,7.5,16.));
#1220=CARTESIAN_POINT('',(-75.,-7.5,8.3));
#1221=CARTESIAN_POINT('',(-75.,7.5,8.3));
#1222=B_SPLINE_SURFACE_WITH_KNOTS('',1,1,((#1218,#1219),(#1220,#1221)),.UNSPECIFIED.,.F.,.F.,.U.,(2,2),(2,2),(-0.001,0.0067),(-0.0075,0.0075),.UNSPECIFIED.);
#1223=CARTESIAN_POINT('',(-75.,7.5,8.3));
#1224=VERTEX_POINT('',#1223);
#1225=CARTESIAN_POINT('',(-75.,7.5,8.3));
#1226=CARTESIAN_POINT('',(-75.,-7.5,8.3));
#1227=B_SPLINE_CURVE_WITH_KNOTS('',1,(#1225,#1226),.UNSPECIFIED.,.F.,.F.,(2,2),(-0.0075,0.0075),.UNSPECIFIED.);
#1228=EDGE_CURVE('',#1224,#1197,#1227,.T.);
#1229=ORIENTED_EDGE('',*,*,#1228,.F.);
#1230=CARTESIAN_POINT('',(-75.,7.5,16.));
#1231=VERTEX_POINT('',#1230);
#1232=CARTESIAN_POINT('',(-75.,7.5,16.));
#1233=CARTESIAN_POINT('',(-75.,7.5,8.3));
#1234=B_SPLINE_CURVE_WITH_KNOTS('',1,(#1232,#1233),.UNSPECIFIED.,.F.,.F.,(2,2),(-0.001,0.0067),.UNSPECIFIED.);
#1235=EDGE_CURVE('',#1231,#1224,#1234,.T.);
#1236=ORIENTED_EDGE('',*,*,#1235,.F.);
#1237=CARTESIAN_POINT('',(-75.,7.5,16.));
#1238=CARTESIAN_POINT('',(-75.,-7.5,16.));
#1239=B_SPLINE_CURVE_WITH_KNOTS('',1,(#1237,#1238),.UNSPECIFIED.,.F.,.F.,(2,2),(-0.0075,0.0075),.UNSPECIFIED.);
#1240=EDGE_CURVE('',#1231,#1204,#1239,.T.);
#1241=ORIENTED_EDGE('',*,*,#1240,.T.);
#1242=ORIENTED_EDGE('',*,*,#1208,.T.);
#1243=EDGE_LOOP('',(#1229,#1236,#1241,#1242));
#1244=FACE_BOUND('',#1243,.T.);
#1245=ADVANCED_FACE('',(#1244),#1222,.T.);
#1246=CARTESIAN_POINT('',(-75.,7.5,6.3));
#1247=CARTESIAN_POINT('',(0.,7.5,6.3));
#1248=CARTESIAN_POINT('',(-75.,7.5,16.));
#1249=CARTESIAN_POINT('',(0.,7.5,16.));
#1250=B_SPLINE_SURFACE_WITH_KNOTS('',1,1,((#1246,#1247),(#1248,#1249)),.UNSPECIFIED.,.F.,.F.,.U.,(2,2),(2,2),(-0.0087,0.001),(0.,0.075),.UNSPECIFIED.);
#1251=CARTESIAN_POINT('',(-2.819574901,7.5,10.583161774));
#1252=VERTEX_POINT('',#1251);
#1253=CARTESIAN_POINT('',(-4.460057003,7.5,10.583161764));
#1254=VERTEX_POINT('',#1253);
#1255=CARTESIAN_POINT('',(-2.819574901,7.5,10.583161764));
#1256=CARTESIAN_POINT('',(-4.460057003,7.5,10.583161764));
#1257=B_SPLINE_CURVE_WITH_KNOTS('',1,(#1255,#1256),.UNSPECIFIED.,.F.,.F.,(2,2),(-0.072180425,-0.070539943),.UNSPECIFIED.);
#1258=EDGE_CURVE('',#1252,#1254,#1257,.T.);
#1259=ORIENTED_EDGE('',*,*,#1258,.T.);
#1260=CARTESIAN_POINT('',(-4.460057003,7.5,16.));
#1261=VERTEX_POINT('',#1260);
#1262=CARTESIAN_POINT('',(-4.460057003,7.5,10.583161764));
#1263=CARTESIAN_POINT('',(-4.460057003,7.5,16.));
#1264=B_SPLINE_CURVE_WITH_KNOTS('',1,(#1262,#1263),.UNSPECIFIED.,.F.,.F.,(2,2),(-0.004416838,0.001),.UNSPECIFIED.);
#1265=EDGE_CURVE('',#1254,#1261,#1264,.T.);
#1266=ORIENTED_EDGE('',*,*,#1265,.T.);
#1267=CARTESIAN_POINT('',(-75.,7.5,16.));
#1268=CARTESIAN_POINT('',(-4.460057003,7.5,16.));
#1269=B_SPLINE_CURVE_WITH_KNOTS('',1,(#1267,#1268),.UNSPECIFIED.,.F.,.F.,(2,2),(0.,0.070539943),.UNSPECIFIED.);
#1270=EDGE_CURVE('',#1231,#1261,#1269,.T.);
#1271=ORIENTED_EDGE('',*,*,#1270,.F.);
#1272=ORIENTED_EDGE('',*,*,#1235,.T.);
#1273=CARTESIAN_POINT('',(-52.647465745,7.5,8.3));
#1274=VERTEX_POINT('',#1273);
#1275=CARTESIAN_POINT('',(-75.,7.5,8.3));
#1276=CARTESIAN_POINT('',(-52.647465745,7.5,8.3));
#1277=B_SPLINE_CURVE_WITH_KNOTS('',1,(#1275,#1276),.UNSPECIFIED.,.F.,.F.,(2,2),(0.,0.022352534),.UNSPECIFIED.);
#1278=EDGE_CURVE('',#1224,#1274,#1277,.T.);
#1279=ORIENTED_EDGE('',*,*,#1278,.T.);
#1280=CARTESIAN_POINT('',(-52.,7.5,7.652534255));
#1281=VERTEX_POINT('',#1280);
#1282=CARTESIAN_POINT('',(-52.647465745,7.5,8.3));
#1283=CARTESIAN_POINT('',(-52.,7.5,8.3));
#1284=CARTESIAN_POINT('',(-52.,7.5,7.652534255));
#1285=(BOUNDED_CURVE()
B_SPLINE_CURVE(2,(#1282,#1283,#1284),.UNSPECIFIED.,.F.,.F.)
B_SPLINE_CURVE_WITH_KNOTS((3,3),(6.283185307,7.853981634),.UNSPECIFIED.)
CURVE()
GEOMETRIC_REPRESENTATION_ITEM()
RATIONAL_B_SPLINE_CURVE((1.,0.707106781,1.))
REPRESENTATION_ITEM(''));
#1286=EDGE_CURVE('',#1274,#1281,#1285,.T.);
#1287=ORIENTED_EDGE('',*,*,#1286,.T.);
#1288=CARTESIAN_POINT('',(-52.,7.5,6.947465745));
#1289=VERTEX_POINT('',#1288);
#1290=CARTESIAN_POINT('',(-52.,7.5,7.652534255));
#1291=CARTESIAN_POINT('',(-52.,7.5,6.947465745));
#1292=B_SPLINE_CURVE_WITH_KNOTS('',1,(#1290,#1291),.UNSPECIFIED.,.F.,.F.,(2,2),(0.007347466,0.008052534),.UNSPECIFIED.);
#1293=EDGE_CURVE('',#1281,#1289,#1292,.T.);
#1294=ORIENTED_EDGE('',*,*,#1293,.T.);
#1295=CARTESIAN_POINT('',(-52.647465745,7.5,6.3));
#1296=VERTEX_POINT('',#1295);
#1297=CARTESIAN_POINT('',(-52.,7.5,6.947465745));
#1298=CARTESIAN_POINT('',(-52.,7.5,6.3));
#1299=CARTESIAN_POINT('',(-52.647465745,7.5,6.3));
#1300=(BOUNDED_CURVE()
B_SPLINE_CURVE(2,(#1297,#1298,#1299),.UNSPECIFIED.,.F.,.F.)
B_SPLINE_CURVE_WITH_KNOTS((3,3),(1.570796327,3.141592654),.UNSPECIFIED.)
CURVE()
GEOMETRIC_REPRESENTATION_ITEM()
RATIONAL_B_SPLINE_CURVE((1.,0.707106781,1.))
REPRESENTATION_ITEM(''));
#1301=EDGE_CURVE('',#1289,#1296,#1300,.T.);
#1302=ORIENTED_EDGE('',*,*,#1301,.T.);
#1303=CARTESIAN_POINT('',(-52.647465745,7.5,6.3));
#1304=CARTESIAN_POINT('',(0.,7.5,6.3));
#1305=B_SPLINE_CURVE_WITH_KNOTS('',1,(#1303,#1304),.UNSPECIFIED.,.F.,.F.,(2,2),(-0.038624665,0.0140228),.UNSPECIFIED.);
#1306=EDGE_CURVE('',#1296,#700,#1305,.T.);
#1307=ORIENTED_EDGE('',*,*,#1306,.T.);
#1308=ORIENTED_EDGE('',*,*,#704,.F.);
#1309=CARTESIAN_POINT('',(-2.002367403,7.500000439,9.989595374));
#1310=VERTEX_POINT('',#1309);
#1311=CARTESIAN_POINT('',(-2.002367837,7.5,9.989596008));
#1312=CARTESIAN_POINT('',(-1.776787311,7.5,9.827636104));
#1313=CARTESIAN_POINT('',(-1.562244286,7.5,9.654224988));
#1314=CARTESIAN_POINT('',(-1.359979877,7.5,9.468075021));
#1315=CARTESIAN_POINT('',(-1.157715469,7.5,9.281925055));
#1316=CARTESIAN_POINT('',(-0.967657577,7.5,9.083111042));
#1317=CARTESIAN_POINT('',(-0.792634512,7.5,8.86869866));
#1318=CARTESIAN_POINT('',(-0.442588381,7.5,8.439873896));
#1319=CARTESIAN_POINT('',(-0.158231522,7.5,7.953084232));
#1320=CARTESIAN_POINT('',(0.,7.5,7.424002322));
#1321=B_SPLINE_CURVE_WITH_KNOTS('',3,(#1311,#1312,#1313,#1314,#1315,#1316,#1317,#1318,#1319,#1320),.UNSPECIFIED.,.F.,.F.,(4,3,3,4),(0.,0.000824441,0.001648881,0.003297763),.UNSPECIFIED.);
#1322=EDGE_CURVE('',#1310,#689,#1321,.T.);
#1323=ORIENTED_EDGE('',*,*,#1322,.F.);
#1324=CARTESIAN_POINT('',(-2.819574902,7.5,10.583161775));
#1325=CARTESIAN_POINT('',(-2.548727849,7.5,10.383163987));
#1326=CARTESIAN_POINT('',(-2.275952866,7.5,10.186021313));
#1327=CARTESIAN_POINT('',(-2.002366076,7.5,9.989594744));
#1328=B_SPLINE_CURVE_WITH_KNOTS('',3,(#1324,#1325,#1326,#1327),.UNSPECIFIED.,.F.,.F.,(4,4),(0.,0.001010026),.UNSPECIFIED.);
#1329=EDGE_CURVE('',#1252,#1310,#1328,.T.);
#1330=ORIENTED_EDGE('',*,*,#1329,.F.);
#1331=EDGE_LOOP('',(#1259,#1266,#1271,#1272,#1279,#1287,#1294,#1302,#1307,#1308,#1323,#1330));
#1332=FACE_BOUND('',#1331,.T.);
#1333=ADVANCED_FACE('',(#1332),#1250,.F.);
#1334=CARTESIAN_POINT('',(-82.,-9.5,16.));
#1335=CARTESIAN_POINT('',(-82.,9.5,16.));
#1336=CARTESIAN_POINT('',(-4.460057003,-9.5,16.));
#1337=CARTESIAN_POINT('',(-4.460057003,9.5,16.));
#1338=B_SPLINE_SURFACE_WITH_KNOTS('',1,1,((#1334,#1335),(#1336,#1337)),.UNSPECIFIED.,.F.,.F.,.U.,(2,2),(2,2),(-0.082,-0.004460057),(-0.0095,0.0095),.UNSPECIFIED.);
#1339=CARTESIAN_POINT('',(-4.460057003,9.5,16.));
#1340=CARTESIAN_POINT('',(-4.460057003,7.5,16.));
#1341=B_SPLINE_CURVE_WITH_KNOTS('',1,(#1339,#1340),.UNSPECIFIED.,.F.,.F.,(2,2),(0.027965006,0.029965006),.UNSPECIFIED.);
#1342=EDGE_CURVE('',#1022,#1261,#1341,.T.);
#1343=ORIENTED_EDGE('',*,*,#1342,.F.);
#1344=ORIENTED_EDGE('',*,*,#1028,.T.);
#1345=CARTESIAN_POINT('',(-82.,9.5,16.));
#1346=CARTESIAN_POINT('',(-82.,-9.5,16.));
#1347=B_SPLINE_CURVE_WITH_KNOTS('',1,(#1345,#1346),.UNSPECIFIED.,.F.,.F.,(2,2),(0.000118243,0.019118243),.UNSPECIFIED.);
#1348=EDGE_CURVE('',#1024,#584,#1347,.T.);
#1349=ORIENTED_EDGE('',*,*,#1348,.T.);
#1350=ORIENTED_EDGE('',*,*,#588,.T.);
#1351=CARTESIAN_POINT('',(-4.460057003,-7.5,16.));
#1352=CARTESIAN_POINT('',(-4.460057003,-9.5,16.));
#1353=B_SPLINE_CURVE_WITH_KNOTS('',1,(#1351,#1352),.UNSPECIFIED.,.F.,.F.,(2,2),(0.044965006,0.046965006),.UNSPECIFIED.);
#1354=EDGE_CURVE('',#1130,#577,#1353,.T.);
#1355=ORIENTED_EDGE('',*,*,#1354,.F.);
#1356=ORIENTED_EDGE('',*,*,#1213,.F.);
#1357=ORIENTED_EDGE('',*,*,#1240,.F.);
#1358=ORIENTED_EDGE('',*,*,#1270,.T.);
#1359=EDGE_LOOP('',(#1343,#1344,#1349,#1350,#1355,#1356,#1357,#1358));
#1360=FACE_BOUND('',#1359,.T.);
#1361=ADVANCED_FACE('',(#1360),#1338,.T.);
#1362=CARTESIAN_POINT('',(-52.647465745,-9.5,6.3));
#1363=CARTESIAN_POINT('',(-52.647465745,9.5,6.3));
#1364=CARTESIAN_POINT('',(-79.352534255,-9.5,6.3));
#1365=CARTESIAN_POINT('',(-79.352534255,9.5,6.3));
#1366=B_SPLINE_SURFACE_WITH_KNOTS('',1,1,((#1362,#1363),(#1364,#1365)),.UNSPECIFIED.,.F.,.F.,.U.,(2,2),(2,2),(-0.024352534,0.002352534),(-0.087490558,-0.068490558),.UNSPECIFIED.);
#1367=ORIENTED_EDGE('',*,*,#519,.T.);
#1368=CARTESIAN_POINT('',(-52.647465745,-9.5,6.3));
#1369=CARTESIAN_POINT('',(-52.647465745,-7.5,6.3));
#1370=B_SPLINE_CURVE_WITH_KNOTS('',1,(#1368,#1369),.UNSPECIFIED.,.F.,.F.,(2,2),(0.,0.002),.UNSPECIFIED.);
#1371=EDGE_CURVE('',#515,#1167,#1370,.T.);
#1372=ORIENTED_EDGE('',*,*,#1371,.T.);
#1373=CARTESIAN_POINT('',(-75.,-7.5,6.3));
#1374=CARTESIAN_POINT('',(-52.647465745,-7.5,6.3));
#1375=B_SPLINE_CURVE_WITH_KNOTS('',1,(#1373,#1374),.UNSPECIFIED.,.F.,.F.,(2,2),(-0.0609772,-0.038624665),.UNSPECIFIED.);
#1376=EDGE_CURVE('',#937,#1167,#1375,.T.);
#1377=ORIENTED_EDGE('',*,*,#1376,.F.);
#1378=ORIENTED_EDGE('',*,*,#949,.T.);
#1379=CARTESIAN_POINT('',(-75.,7.5,6.3));
#1380=CARTESIAN_POINT('',(-52.647465745,7.5,6.3));
#1381=B_SPLINE_CURVE_WITH_KNOTS('',1,(#1379,#1380),.UNSPECIFIED.,.F.,.F.,(2,2),(-0.0609772,-0.038624665),.UNSPECIFIED.);
#1382=EDGE_CURVE('',#935,#1296,#1381,.T.);
#1383=ORIENTED_EDGE('',*,*,#1382,.T.);
#1384=CARTESIAN_POINT('',(-52.647465745,7.5,6.3));
#1385=CARTESIAN_POINT('',(-52.647465745,9.5,6.3));
#1386=B_SPLINE_CURVE_WITH_KNOTS('',1,(#1384,#1385),.UNSPECIFIED.,.F.,.F.,(2,2),(0.,0.002),.UNSPECIFIED.);
#1387=EDGE_CURVE('',#1296,#970,#1386,.T.);
#1388=ORIENTED_EDGE('',*,*,#1387,.T.);
#1389=ORIENTED_EDGE('',*,*,#974,.F.);
#1390=CARTESIAN_POINT('',(-79.352534255,9.5,6.3));
#1391=CARTESIAN_POINT('',(-79.352534255,-9.5,6.3));
#1392=B_SPLINE_CURVE_WITH_KNOTS('',1,(#1390,#1391),.UNSPECIFIED.,.F.,.F.,(2,2),(-0.019,0.),.UNSPECIFIED.);
#1393=EDGE_CURVE('',#962,#513,#1392,.T.);
#1394=ORIENTED_EDGE('',*,*,#1393,.T.);
#1395=EDGE_LOOP('',(#1367,#1372,#1377,#1378,#1383,#1388,#1389,#1394));
#1396=FACE_BOUND('',#1395,.T.);
#1397=ADVANCED_FACE('',(#1396),#1366,.F.);
#1398=CARTESIAN_POINT('',(-52.,7.5,7.652534255));
#1399=CARTESIAN_POINT('',(-52.,9.5,7.652534255));
#1400=CARTESIAN_POINT('',(-52.,7.5,6.947465745));
#1401=CARTESIAN_POINT('',(-52.,9.5,6.947465745));
#1402=B_SPLINE_SURFACE_WITH_KNOTS('',1,1,((#1398,#1399),(#1400,#1401)),.UNSPECIFIED.,.F.,.F.,.U.,(2,2),(2,2),(-0.001352534,-0.000647466),(-0.070490558,-0.068490558),.UNSPECIFIED.);
#1403=ORIENTED_EDGE('',*,*,#1293,.F.);
#1404=CARTESIAN_POINT('',(-52.,7.5,7.652534255));
#1405=CARTESIAN_POINT('',(-52.,9.5,7.652534255));
#1406=B_SPLINE_CURVE_WITH_KNOTS('',1,(#1404,#1405),.UNSPECIFIED.,.F.,.F.,(2,2),(0.,0.002),.UNSPECIFIED.);
#1407=EDGE_CURVE('',#1281,#985,#1406,.T.);
#1408=ORIENTED_EDGE('',*,*,#1407,.T.);
#1409=ORIENTED_EDGE('',*,*,#989,.F.);
#1410=CARTESIAN_POINT('',(-52.,9.5,6.947465745));
#1411=CARTESIAN_POINT('',(-52.,7.5,6.947465745));
#1412=B_SPLINE_CURVE_WITH_KNOTS('',1,(#1410,#1411),.UNSPECIFIED.,.F.,.F.,(2,2),(-0.002,0.),.UNSPECIFIED.);
#1413=EDGE_CURVE('',#977,#1289,#1412,.T.);
#1414=ORIENTED_EDGE('',*,*,#1413,.T.);
#1415=EDGE_LOOP('',(#1403,#1408,#1409,#1414));
#1416=FACE_BOUND('',#1415,.T.);
#1417=ADVANCED_FACE('',(#1416),#1402,.F.);
#1418=CARTESIAN_POINT('',(-79.352534255,-9.5,8.3));
#1419=CARTESIAN_POINT('',(-79.352534255,9.5,8.3));
#1420=CARTESIAN_POINT('',(-52.647465745,-9.5,8.3));
#1421=CARTESIAN_POINT('',(-52.647465745,9.5,8.3));
#1422=B_SPLINE_SURFACE_WITH_KNOTS('',1,1,((#1418,#1419),(#1420,#1421)),.UNSPECIFIED.,.F.,.F.,.U.,(2,2),(2,2),(-0.027352534,-0.000647466),(-0.087490558,-0.068490558),.UNSPECIFIED.);
#1423=ORIENTED_EDGE('',*,*,#1201,.T.);
#1424=CARTESIAN_POINT('',(-52.647465745,-7.5,8.3));
#1425=CARTESIAN_POINT('',(-52.647465745,-9.5,8.3));
#1426=B_SPLINE_CURVE_WITH_KNOTS('',1,(#1424,#1425),.UNSPECIFIED.,.F.,.F.,(2,2),(-0.002,0.),.UNSPECIFIED.);
#1427=EDGE_CURVE('',#1189,#545,#1426,.T.);
#1428=ORIENTED_EDGE('',*,*,#1427,.T.);
#1429=ORIENTED_EDGE('',*,*,#549,.T.);
#1430=CARTESIAN_POINT('',(-79.352534255,-9.5,8.3));
#1431=CARTESIAN_POINT('',(-79.352534255,9.5,8.3));
#1432=B_SPLINE_CURVE_WITH_KNOTS('',1,(#1430,#1431),.UNSPECIFIED.,.F.,.F.,(2,2),(0.,0.019),.UNSPECIFIED.);
#1433=EDGE_CURVE('',#537,#1000,#1432,.T.);
#1434=ORIENTED_EDGE('',*,*,#1433,.T.);
#1435=ORIENTED_EDGE('',*,*,#1004,.F.);
#1436=CARTESIAN_POINT('',(-52.647465745,9.5,8.3));
#1437=CARTESIAN_POINT('',(-52.647465745,7.5,8.3));
#1438=B_SPLINE_CURVE_WITH_KNOTS('',1,(#1436,#1437),.UNSPECIFIED.,.F.,.F.,(2,2),(-0.002,0.),.UNSPECIFIED.);
#1439=EDGE_CURVE('',#992,#1274,#1438,.T.);
#1440=ORIENTED_EDGE('',*,*,#1439,.T.);
#1441=ORIENTED_EDGE('',*,*,#1278,.F.);
#1442=ORIENTED_EDGE('',*,*,#1228,.T.);
#1443=EDGE_LOOP('',(#1423,#1428,#1429,#1434,#1435,#1440,#1441,#1442));
#1444=FACE_BOUND('',#1443,.T.);
#1445=ADVANCED_FACE('',(#1444),#1422,.F.);
#1446=CARTESIAN_POINT('',(-52.,-9.5,7.652534255));
#1447=CARTESIAN_POINT('',(-52.,-7.5,7.652534255));
#1448=CARTESIAN_POINT('',(-52.,-9.5,6.947465745));
#1449=CARTESIAN_POINT('',(-52.,-7.5,6.947465745));
#1450=B_SPLINE_SURFACE_WITH_KNOTS('',1,1,((#1446,#1447),(#1448,#1449)),.UNSPECIFIED.,.F.,.F.,.U.,(2,2),(2,2),(-0.001352534,-0.000647466),(-0.087490558,-0.085490558),.UNSPECIFIED.);
#1451=ORIENTED_EDGE('',*,*,#564,.T.);
#1452=CARTESIAN_POINT('',(-52.,-9.5,7.652534255));
#1453=CARTESIAN_POINT('',(-52.,-7.5,7.652534255));
#1454=B_SPLINE_CURVE_WITH_KNOTS('',1,(#1452,#1453),.UNSPECIFIED.,.F.,.F.,(2,2),(0.,0.002),.UNSPECIFIED.);
#1455=EDGE_CURVE('',#552,#1182,#1454,.T.);
#1456=ORIENTED_EDGE('',*,*,#1455,.T.);
#1457=ORIENTED_EDGE('',*,*,#1186,.T.);
#1458=CARTESIAN_POINT('',(-52.,-7.5,6.947465745));
#1459=CARTESIAN_POINT('',(-52.,-9.5,6.947465745));
#1460=B_SPLINE_CURVE_WITH_KNOTS('',1,(#1458,#1459),.UNSPECIFIED.,.F.,.F.,(2,2),(-0.002,0.),.UNSPECIFIED.);
#1461=EDGE_CURVE('',#1174,#560,#1460,.T.);
#1462=ORIENTED_EDGE('',*,*,#1461,.T.);
#1463=EDGE_LOOP('',(#1451,#1456,#1457,#1462));
#1464=FACE_BOUND('',#1463,.T.);
#1465=ADVANCED_FACE('',(#1464),#1450,.F.);
#1466=CARTESIAN_POINT('',(-52.647465745,-9.5,8.3));
#1467=CARTESIAN_POINT('',(-52.647465745,-7.5,8.3));
#1468=CARTESIAN_POINT('',(-52.,-9.5,8.3));
#1469=CARTESIAN_POINT('',(-52.,-7.5,8.3));
#1470=CARTESIAN_POINT('',(-52.,-9.5,7.652534255));
#1471=CARTESIAN_POINT('',(-52.,-7.5,7.652534255));
#1472=(BOUNDED_SURFACE()
B_SPLINE_SURFACE(2,1,((#1466,#1467),(#1468,#1469),(#1470,#1471)),.UNSPECIFIED.,.F.,.F.,.U.)
B_SPLINE_SURFACE_WITH_KNOTS((3,3),(2,2),(0.,1.533203626),(-0.087490558,-0.085490558),.UNSPECIFIED.)
GEOMETRIC_REPRESENTATION_ITEM()
RATIONAL_B_SPLINE_SURFACE(((1.,1.),(0.633974596,0.633974596),(0.803847577,0.803847577)))
REPRESENTATION_ITEM('')
SURFACE()
);
#1473=ORIENTED_EDGE('',*,*,#1194,.F.);
#1474=ORIENTED_EDGE('',*,*,#1455,.F.);
#1475=ORIENTED_EDGE('',*,*,#557,.F.);
#1476=ORIENTED_EDGE('',*,*,#1427,.F.);
#1477=EDGE_LOOP('',(#1473,#1474,#1475,#1476));
#1478=FACE_BOUND('',#1477,.T.);
#1479=ADVANCED_FACE('',(#1478),#1472,.F.);
#1480=CARTESIAN_POINT('',(-52.,-9.5,6.947465745));
#1481=CARTESIAN_POINT('',(-52.,-7.5,6.947465745));
#1482=CARTESIAN_POINT('',(-52.,-9.5,6.773977822));
#1483=CARTESIAN_POINT('',(-52.,-7.5,6.773977822));
#1484=CARTESIAN_POINT('',(-52.086743962,-9.5,6.623732873));
#1485=CARTESIAN_POINT('',(-52.086743962,-7.5,6.623732873));
#1486=CARTESIAN_POINT('',(-52.273651223,-9.5,6.3));
#1487=CARTESIAN_POINT('',(-52.273651223,-7.5,6.3));
#1488=CARTESIAN_POINT('',(-52.647465745,-9.5,6.3));
#1489=CARTESIAN_POINT('',(-52.647465745,-7.5,6.3));
#1490=(BOUNDED_SURFACE()
B_SPLINE_SURFACE(2,1,((#1480,#1481),(#1482,#1483),(#1484,#1485),(#1486,#1487),(#1488,#1489)),.UNSPECIFIED.,.F.,.F.,.U.)
B_SPLINE_SURFACE_WITH_KNOTS((3,2,3),(2,2),(1.533203626,2.094395102,3.141592654),(-0.087490558,-0.085490558),.UNSPECIFIED.)
GEOMETRIC_REPRESENTATION_ITEM()
RATIONAL_B_SPLINE_SURFACE(((0.803847577,0.803847577),(0.866025404,0.866025404),(1.,1.),(0.75,0.75),(0.75,0.75)))
REPRESENTATION_ITEM('')
SURFACE()
);
#1491=ORIENTED_EDGE('',*,*,#1179,.F.);
#1492=ORIENTED_EDGE('',*,*,#1371,.F.);
#1493=ORIENTED_EDGE('',*,*,#570,.F.);
#1494=ORIENTED_EDGE('',*,*,#1461,.F.);
#1495=EDGE_LOOP('',(#1491,#1492,#1493,#1494));
#1496=FACE_BOUND('',#1495,.T.);
#1497=ADVANCED_FACE('',(#1496),#1490,.F.);
#1498=CARTESIAN_POINT('',(-52.647465745,7.5,8.3));
#1499=CARTESIAN_POINT('',(-52.647465745,9.5,8.3));
#1500=CARTESIAN_POINT('',(-52.,7.5,8.3));
#1501=CARTESIAN_POINT('',(-52.,9.5,8.3));
#1502=CARTESIAN_POINT('',(-52.,7.5,7.652534255));
#1503=CARTESIAN_POINT('',(-52.,9.5,7.652534255));
#1504=(BOUNDED_SURFACE()
B_SPLINE_SURFACE(2,1,((#1498,#1499),(#1500,#1501),(#1502,#1503)),.UNSPECIFIED.,.F.,.F.,.U.)
B_SPLINE_SURFACE_WITH_KNOTS((3,3),(2,2),(0.,1.533203626),(-0.070490558,-0.068490558),.UNSPECIFIED.)
GEOMETRIC_REPRESENTATION_ITEM()
RATIONAL_B_SPLINE_SURFACE(((1.,1.),(0.633974596,0.633974596),(0.803847577,0.803847577)))
REPRESENTATION_ITEM('')
SURFACE()
);
#1505=ORIENTED_EDGE('',*,*,#997,.F.);
#1506=ORIENTED_EDGE('',*,*,#1407,.F.);
#1507=ORIENTED_EDGE('',*,*,#1286,.F.);
#1508=ORIENTED_EDGE('',*,*,#1439,.F.);
#1509=EDGE_LOOP('',(#1505,#1506,#1507,#1508));
#1510=FACE_BOUND('',#1509,.T.);
#1511=ADVANCED_FACE('',(#1510),#1504,.F.);
#1512=CARTESIAN_POINT('',(-52.,7.5,6.947465745));
#1513=CARTESIAN_POINT('',(-52.,9.5,6.947465745));
#1514=CARTESIAN_POINT('',(-52.,7.5,6.773977822));
#1515=CARTESIAN_POINT('',(-52.,9.5,6.773977822));
#1516=CARTESIAN_POINT('',(-52.086743962,7.5,6.623732873));
#1517=CARTESIAN_POINT('',(-52.086743962,9.5,6.623732873));
#1518=CARTESIAN_POINT('',(-52.273651223,7.5,6.3));
#1519=CARTESIAN_POINT('',(-52.273651223,9.5,6.3));
#1520=CARTESIAN_POINT('',(-52.647465745,7.5,6.3));
#1521=CARTESIAN_POINT('',(-52.647465745,9.5,6.3));
#1522=(BOUNDED_SURFACE()
B_SPLINE_SURFACE(2,1,((#1512,#1513),(#1514,#1515),(#1516,#1517),(#1518,#1519),(#1520,#1521)),.UNSPECIFIED.,.F.,.F.,.U.)
B_SPLINE_SURFACE_WITH_KNOTS((3,2,3),(2,2),(1.533203626,2.094395102,3.141592654),(-0.070490558,-0.068490558),.UNSPECIFIED.)
GEOMETRIC_REPRESENTATION_ITEM()
RATIONAL_B_SPLINE_SURFACE(((0.803847577,0.803847577),(0.866025404,0.866025404),(1.,1.),(0.75,0.75),(0.75,0.75)))
REPRESENTATION_ITEM('')
SURFACE()
);
#1523=ORIENTED_EDGE('',*,*,#982,.F.);
#1524=ORIENTED_EDGE('',*,*,#1387,.F.);
#1525=ORIENTED_EDGE('',*,*,#1301,.F.);
#1526=ORIENTED_EDGE('',*,*,#1413,.F.);
#1527=EDGE_LOOP('',(#1523,#1524,#1525,#1526));
#1528=FACE_BOUND('',#1527,.T.);
#1529=ADVANCED_FACE('',(#1528),#1522,.F.);
#1530=CARTESIAN_POINT('',(2.5,-9.5,-2.));
#1531=CARTESIAN_POINT('',(2.5,9.5,-2.));
#1532=CARTESIAN_POINT('',(-82.,-9.5,-2.));
#1533=CARTESIAN_POINT('',(-82.,9.5,-2.));
#1534=B_SPLINE_SURFACE_WITH_KNOTS('',1,1,((#1530,#1531),(#1532,#1533)),.UNSPECIFIED.,.F.,.F.,.U.,(2,2),(2,2),(0.,0.0845),(-0.019,0.),.UNSPECIFIED.);
#1535=ORIENTED_EDGE('',*,*,#602,.T.);
#1536=CARTESIAN_POINT('',(-82.,9.5,-2.));
#1537=CARTESIAN_POINT('',(-82.,-9.5,-2.));
#1538=B_SPLINE_CURVE_WITH_KNOTS('',1,(#1536,#1537),.UNSPECIFIED.,.F.,.F.,(2,2),(0.000118243,0.019118243),.UNSPECIFIED.);
#1539=EDGE_CURVE('',#1108,#591,#1538,.T.);
#1540=ORIENTED_EDGE('',*,*,#1539,.F.);
#1541=ORIENTED_EDGE('',*,*,#1112,.F.);
#1542=ORIENTED_EDGE('',*,*,#832,.T.);
#1543=EDGE_LOOP('',(#1535,#1540,#1541,#1542));
#1544=FACE_BOUND('',#1543,.T.);
#1545=ADVANCED_FACE('',(#1544),#1534,.T.);
#1546=CARTESIAN_POINT('',(0.,0.,0.));
#1547=CARTESIAN_POINT('',(2.5,0.,0.));
#1548=CARTESIAN_POINT('',(0.,0.66447178,-0.));
#1549=CARTESIAN_POINT('',(2.5,0.637045177,0.));
#1550=CARTESIAN_POINT('',(0.,1.328891705,0.087472543));
#1551=CARTESIAN_POINT('',(2.5,1.27404064,0.083862044));
#1552=CARTESIAN_POINT('',(0.,2.61255261,0.431428446));
#1553=CARTESIAN_POINT('',(2.5,2.504717418,0.413620892));
#1554=CARTESIAN_POINT('',(0.,3.231693416,0.687884964));
#1555=CARTESIAN_POINT('',(2.5,3.098302693,0.659491964));
#1556=CARTESIAN_POINT('',(0.,4.280896825,1.293642835));
#1557=CARTESIAN_POINT('',(2.5,4.104199395,1.240246696));
#1558=CARTESIAN_POINT('',(0.,4.724976607,1.618491723));
#1559=CARTESIAN_POINT('',(2.5,4.52994943,1.551687187));
#1560=CARTESIAN_POINT('',(0.,5.129318838,1.986945627));
#1561=CARTESIAN_POINT('',(2.5,4.917602113,1.904932862));
#1562=B_SPLINE_SURFACE_WITH_KNOTS('',3,1,((#1546,#1547),(#1548,#1549),(#1550,#1551),(#1552,#1553),(#1554,#1555),(#1556,#1557),(#1558,#1559),(#1560,#1561)),.UNSPECIFIED.,.F.,.F.,.U.,(4,2,2,4),(2,2),(0.,0.041666667,0.083333333,0.117636518),(0.,1.),.UNSPECIFIED.);
#1563=CARTESIAN_POINT('',(0.,0.,-0.));
#1564=VERTEX_POINT('',#1563);
#1565=CARTESIAN_POINT('',(2.5,0.,0.));
#1566=CARTESIAN_POINT('',(0.,0.,0.));
#1567=B_SPLINE_CURVE_WITH_KNOTS('',1,(#1565,#1566),.UNSPECIFIED.,.F.,.F.,(2,2),(0.,1.),.UNSPECIFIED.);
#1568=EDGE_CURVE('',#785,#1564,#1567,.T.);
#1569=ORIENTED_EDGE('',*,*,#1568,.F.);
#1570=ORIENTED_EDGE('',*,*,#798,.T.);
#1571=CARTESIAN_POINT('',(0.,5.129334721,1.986928202));
#1572=VERTEX_POINT('',#1571);
#1573=CARTESIAN_POINT('',(2.5,3.742787959,1.032506104));
#1574=CARTESIAN_POINT('',(2.051415289,3.944299379,1.143569839));
#1575=CARTESIAN_POINT('',(1.616558566,4.163114667,1.274799215));
#1576=CARTESIAN_POINT('',(1.198232332,4.395957744,1.432036357));
#1577=CARTESIAN_POINT('',(0.779906099,4.628800821,1.589273498));
#1578=CARTESIAN_POINT('',(0.378992828,4.875269209,1.772258021));
#1579=CARTESIAN_POINT('',(0.000009389,5.129328427,1.986954781));
#1580=B_SPLINE_CURVE_WITH_KNOTS('',3,(#1573,#1574,#1575,#1576,#1577,#1578,#1579),.UNSPECIFIED.,.F.,.F.,(4,3,4),(0.,0.001510381,0.003020763),.UNSPECIFIED.);
#1581=EDGE_CURVE('',#778,#1572,#1580,.T.);
#1582=ORIENTED_EDGE('',*,*,#1581,.T.);
#1583=CARTESIAN_POINT('',(0.,-5.129324135,1.986950454));
#1584=CARTESIAN_POINT('',(0.,-4.782669502,1.671063355));
#1585=CARTESIAN_POINT('',(0.,-4.406807118,1.387226598));
#1586=CARTESIAN_POINT('',(0.,-4.008078424,1.140306143));
#1587=CARTESIAN_POINT('',(0.,-3.808714077,1.016845916));
#1588=CARTESIAN_POINT('',(0.,-3.603613842,0.902648235));
#1589=CARTESIAN_POINT('',(0.,-3.393681996,0.798162476));
#1590=CARTESIAN_POINT('',(0.,-3.183750149,0.693676717));
#1591=CARTESIAN_POINT('',(0.,-2.9689926,0.598884032));
#1592=CARTESIAN_POINT('',(0.,-2.750332444,0.514166782));
#1593=CARTESIAN_POINT('',(0.,-2.531672289,0.429449531));
#1594=CARTESIAN_POINT('',(0.,-2.309109526,0.354807713));
#1595=CARTESIAN_POINT('',(0.,-2.083567253,0.290623688));
#1596=CARTESIAN_POINT('',(0.,-1.858024979,0.226439663));
#1597=CARTESIAN_POINT('',(0.,-1.629500596,0.172743959));
#1598=CARTESIAN_POINT('',(0.,-1.398990105,0.129688385));
#1599=CARTESIAN_POINT('',(0.,-0.937969122,0.043577236));
#1600=CARTESIAN_POINT('',(0.,-0.468997477,0.));
#1601=CARTESIAN_POINT('',(0.,0.,-0.));
#1602=CARTESIAN_POINT('',(0.,0.468997477,-0.));
#1603=CARTESIAN_POINT('',(0.,0.937969122,0.043577236));
#1604=CARTESIAN_POINT('',(0.,1.398990105,0.129688385));
#1605=CARTESIAN_POINT('',(0.,1.629500596,0.172743959));
#1606=CARTESIAN_POINT('',(0.,1.858024979,0.226439663));
#1607=CARTESIAN_POINT('',(0.,2.083567253,0.290623688));
#1608=CARTESIAN_POINT('',(0.,2.309109526,0.354807713));
#1609=CARTESIAN_POINT('',(0.,2.531672289,0.429449531));
#1610=CARTESIAN_POINT('',(0.,2.750332445,0.514166782));
#1611=CARTESIAN_POINT('',(0.,2.9689926,0.598884033));
#1612=CARTESIAN_POINT('',(0.,3.183750149,0.693676717));
#1613=CARTESIAN_POINT('',(0.,3.393681996,0.798162476));
#1614=CARTESIAN_POINT('',(0.,3.603613843,0.902648235));
#1615=CARTESIAN_POINT('',(0.,3.808714077,1.016845916));
#1616=CARTESIAN_POINT('',(0.,4.008078424,1.140306143));
#1617=CARTESIAN_POINT('',(0.,4.406807118,1.387226598));
#1618=CARTESIAN_POINT('',(0.,4.782669502,1.671063355));
#1619=CARTESIAN_POINT('',(0.,5.129324135,1.986950454));
#1620=B_SPLINE_CURVE_WITH_KNOTS('',3,(#1583,#1584,#1585,#1586,#1587,#1588,#1589,#1590,#1591,#1592,#1593,#1594,#1595,#1596,#1597,#1598,#1599,#1600,#1601,#1602,#1603,#1604,#1605,#1606,#1607,#1608,
#1609,#1610,#1611,#1612,#1613,#1614,#1615,#1616,#1617,#1618,#1619),.UNSPECIFIED.,.F.,.F.,(4,3,3,3,3,3,3,3,3,3,3,3,4),(0.882363332,0.911772499,0.926477082,0.941181666,0.955886249,0.970590833,1.,1.029409167,1.044113751,1.058818334,1.073522918,1.088227501,1.117636668),.UNSPECIFIED.);
#1621=EDGE_CURVE('',#1564,#1572,#1620,.T.);
#1622=ORIENTED_EDGE('',*,*,#1621,.F.);
#1623=EDGE_LOOP('',(#1569,#1570,#1582,#1622));
#1624=FACE_BOUND('',#1623,.T.);
#1625=ADVANCED_FACE('',(#1624),#1562,.F.);
#1626=CARTESIAN_POINT('',(-75.,-7.500000202,6.300000357));
#1627=CARTESIAN_POINT('',(0.,-7.500000202,6.300000357));
#1628=CARTESIAN_POINT('',(-75.,-7.09189446,3.971132755));
#1629=CARTESIAN_POINT('',(0.,-7.09189446,3.971132755));
#1630=CARTESIAN_POINT('',(-75.,-5.870245152,1.784830413));
#1631=CARTESIAN_POINT('',(0.,-5.870245152,1.784830413));
#1632=CARTESIAN_POINT('',(-75.,-3.89196736,0.065923053));
#1633=CARTESIAN_POINT('',(0.,-3.89196736,0.065923053));
#1634=CARTESIAN_POINT('',(-75.,-1.365285896,-0.887551115));
#1635=CARTESIAN_POINT('',(0.,-1.365285896,-0.887551115));
#1636=CARTESIAN_POINT('',(-75.,1.365285896,-0.887551115));
#1637=CARTESIAN_POINT('',(0.,1.365285896,-0.887551115));
#1638=CARTESIAN_POINT('',(-75.,3.89196736,0.065923053));
#1639=CARTESIAN_POINT('',(0.,3.89196736,0.065923053));
#1640=CARTESIAN_POINT('',(-75.,5.870245152,1.784830413));
#1641=CARTESIAN_POINT('',(0.,5.870245152,1.784830413));
#1642=CARTESIAN_POINT('',(-75.,7.09189446,3.971132755));
#1643=CARTESIAN_POINT('',(0.,7.09189446,3.971132755));
#1644=CARTESIAN_POINT('',(-75.,7.500000202,6.300000357));
#1645=CARTESIAN_POINT('',(0.,7.500000202,6.300000357));
#1646=B_SPLINE_SURFACE_WITH_KNOTS('',9,1,((#1626,#1627),(#1628,#1629),(#1630,#1631),(#1632,#1633),(#1634,#1635),(#1636,#1637),(#1638,#1639),(#1640,#1641),(#1642,#1643),(#1644,#1645)),.UNSPECIFIED.,.F.,.F.,.U.,(10,10),(2,2),(0.173476677,2.968115976),(-0.0609772,0.0140228),.UNSPECIFIED.);
#1647=CARTESIAN_POINT('',(-0.,-5.129334721,1.986928202));
#1648=VERTEX_POINT('',#1647);
#1649=CARTESIAN_POINT('',(0.,-5.129324135,1.986950454));
#1650=CARTESIAN_POINT('',(0.,-4.782669502,1.671063355));
#1651=CARTESIAN_POINT('',(0.,-4.406807118,1.387226598));
#1652=CARTESIAN_POINT('',(0.,-4.008078424,1.140306143));
#1653=CARTESIAN_POINT('',(0.,-3.808714077,1.016845916));
#1654=CARTESIAN_POINT('',(0.,-3.603613842,0.902648235));
#1655=CARTESIAN_POINT('',(0.,-3.393681996,0.798162476));
#1656=CARTESIAN_POINT('',(0.,-3.183750149,0.693676717));
#1657=CARTESIAN_POINT('',(0.,-2.9689926,0.598884032));
#1658=CARTESIAN_POINT('',(0.,-2.750332444,0.514166782));
#1659=CARTESIAN_POINT('',(0.,-2.531672289,0.429449531));
#1660=CARTESIAN_POINT('',(0.,-2.309109526,0.354807713));
#1661=CARTESIAN_POINT('',(0.,-2.083567253,0.290623688));
#1662=CARTESIAN_POINT('',(0.,-1.858024979,0.226439663));
#1663=CARTESIAN_POINT('',(0.,-1.629500596,0.172743959));
#1664=CARTESIAN_POINT('',(0.,-1.398990105,0.129688385));
#1665=CARTESIAN_POINT('',(0.,-0.937969122,0.043577236));
#1666=CARTESIAN_POINT('',(0.,-0.468997477,0.));
#1667=CARTESIAN_POINT('',(0.,0.,-0.));
#1668=CARTESIAN_POINT('',(0.,0.468997477,-0.));
#1669=CARTESIAN_POINT('',(0.,0.937969122,0.043577236));
#1670=CARTESIAN_POINT('',(0.,1.398990105,0.129688385));
#1671=CARTESIAN_POINT('',(0.,1.629500596,0.172743959));
#1672=CARTESIAN_POINT('',(0.,1.858024979,0.226439663));
#1673=CARTESIAN_POINT('',(0.,2.083567253,0.290623688));
#1674=CARTESIAN_POINT('',(0.,2.309109526,0.354807713));
#1675=CARTESIAN_POINT('',(0.,2.531672289,0.429449531));
#1676=CARTESIAN_POINT('',(0.,2.750332445,0.514166782));
#1677=CARTESIAN_POINT('',(0.,2.9689926,0.598884033));
#1678=CARTESIAN_POINT('',(0.,3.183750149,0.693676717));
#1679=CARTESIAN_POINT('',(0.,3.393681996,0.798162476));
#1680=CARTESIAN_POINT('',(0.,3.603613843,0.902648235));
#1681=CARTESIAN_POINT('',(0.,3.808714077,1.016845916));
#1682=CARTESIAN_POINT('',(0.,4.008078424,1.140306143));
#1683=CARTESIAN_POINT('',(0.,4.406807118,1.387226598));
#1684=CARTESIAN_POINT('',(0.,4.782669502,1.671063355));
#1685=CARTESIAN_POINT('',(0.,5.129324135,1.986950454));
#1686=B_SPLINE_CURVE_WITH_KNOTS('',3,(#1649,#1650,#1651,#1652,#1653,#1654,#1655,#1656,#1657,#1658,#1659,#1660,#1661,#1662,#1663,#1664,#1665,#1666,#1667,#1668,#1669,#1670,#1671,#1672,#1673,#1674,
#1675,#1676,#1677,#1678,#1679,#1680,#1681,#1682,#1683,#1684,#1685),.UNSPECIFIED.,.F.,.F.,(4,3,3,3,3,3,3,3,3,3,3,3,4),(0.882363332,0.911772499,0.926477082,0.941181666,0.955886249,0.970590833,1.,1.029409167,1.044113751,1.058818334,1.073522918,1.088227501,1.117636668),.UNSPECIFIED.);
#1687=EDGE_CURVE('',#1648,#1564,#1686,.T.);
#1688=ORIENTED_EDGE('',*,*,#1687,.T.);
#1689=ORIENTED_EDGE('',*,*,#1621,.T.);
#1690=CARTESIAN_POINT('',(-0.618933377,5.564520307,2.416838198));
#1691=VERTEX_POINT('',#1690);
#1692=CARTESIAN_POINT('',(0.,5.129334721,1.986917567));
#1693=CARTESIAN_POINT('',(-0.107567311,5.201444749,2.052645713));
#1694=CARTESIAN_POINT('',(-0.212949767,5.273872113,2.121198051));
#1695=CARTESIAN_POINT('',(-0.316116867,5.346458069,2.192779184));
#1696=CARTESIAN_POINT('',(-0.367700417,5.382751047,2.228569751));
#1697=CARTESIAN_POINT('',(-0.41873001,5.419083467,2.265117893));
#1698=CARTESIAN_POINT('',(-0.469201059,5.45543434,2.302451464));
#1699=CARTESIAN_POINT('',(-0.519672108,5.491785212,2.339785035));
#1700=CARTESIAN_POINT('',(-0.568972338,5.527703321,2.37742099));
#1701=CARTESIAN_POINT('',(-0.618933383,5.564520311,2.416838202));
#1702=B_SPLINE_CURVE_WITH_KNOTS('',3,(#1692,#1693,#1694,#1695,#1696,#1697,#1698,#1699,#1700,#1701),.UNSPECIFIED.,.F.,.F.,(4,3,3,4),(0.,0.000435114,0.000652671,0.000870228),.UNSPECIFIED.);
#1703=EDGE_CURVE('',#1572,#1691,#1702,.T.);
#1704=ORIENTED_EDGE('',*,*,#1703,.T.);
#1705=CARTESIAN_POINT('',(-0.000056956,6.542542854,3.719098947));
#1706=CARTESIAN_POINT('',(-0.077552828,6.397870361,3.476099498));
#1707=CARTESIAN_POINT('',(-0.17628405,6.244679842,3.249588336));
#1708=CARTESIAN_POINT('',(-0.301165272,6.086548371,3.039214582));
#1709=CARTESIAN_POINT('',(-0.332385578,6.047015504,2.986621144));
#1710=CARTESIAN_POINT('',(-0.364704669,6.007061111,2.934866425));
#1711=CARTESIAN_POINT('',(-0.394518642,5.965831044,2.882879275));
#1712=CARTESIAN_POINT('',(-0.424332616,5.924600977,2.830892125));
#1713=CARTESIAN_POINT('',(-0.452619284,5.88231659,2.778970975));
#1714=CARTESIAN_POINT('',(-0.479287085,5.838916331,2.727118538));
#1715=CARTESIAN_POINT('',(-0.532622687,5.752115815,2.623413663));
#1716=CARTESIAN_POINT('',(-0.57950374,5.660863018,2.519985169));
#1717=CARTESIAN_POINT('',(-0.618933378,5.564520306,2.416838196));
#1718=B_SPLINE_CURVE_WITH_KNOTS('',3,(#1705,#1706,#1707,#1708,#1709,#1710,#1711,#1712,#1713,#1714,#1715,#1716,#1717),.UNSPECIFIED.,.F.,.F.,(4,3,3,3,4),(0.000000213,0.000871336,0.001089117,0.001306898,0.001742459),.UNSPECIFIED.);
#1719=EDGE_CURVE('',#855,#1691,#1718,.T.);
#1720=ORIENTED_EDGE('',*,*,#1719,.F.);
#1721=ORIENTED_EDGE('',*,*,#878,.T.);
#1722=ORIENTED_EDGE('',*,*,#1306,.F.);
#1723=ORIENTED_EDGE('',*,*,#1382,.F.);
#1724=ORIENTED_EDGE('',*,*,#944,.T.);
#1725=ORIENTED_EDGE('',*,*,#1376,.T.);
#1726=ORIENTED_EDGE('',*,*,#1171,.T.);
#1727=ORIENTED_EDGE('',*,*,#923,.T.);
#1728=CARTESIAN_POINT('',(-0.618933381,-5.564520306,2.416838196));
#1729=VERTEX_POINT('',#1728);
#1730=CARTESIAN_POINT('',(-0.618933381,-5.564520306,2.416838196));
#1731=CARTESIAN_POINT('',(-0.579503742,-5.660863019,2.51998517));
#1732=CARTESIAN_POINT('',(-0.532622722,-5.752115825,2.623413673));
#1733=CARTESIAN_POINT('',(-0.479287088,-5.838916333,2.727118539));
#1734=CARTESIAN_POINT('',(-0.452619271,-5.882316587,2.778970972));
#1735=CARTESIAN_POINT('',(-0.42433244,-5.92460086,2.830892131));
#1736=CARTESIAN_POINT('',(-0.394518643,-5.965831045,2.882879276));
#1737=CARTESIAN_POINT('',(-0.364704845,-6.00706123,2.934866422));
#1738=CARTESIAN_POINT('',(-0.332385579,-6.047015505,2.986621146));
#1739=CARTESIAN_POINT('',(-0.301165273,-6.086548373,3.039214585));
#1740=CARTESIAN_POINT('',(-0.176284051,-6.244679844,3.249588339));
#1741=CARTESIAN_POINT('',(-0.07755282,-6.397870362,3.4760995));
#1742=CARTESIAN_POINT('',(-0.000056956,-6.542542857,3.719098953));
#1743=B_SPLINE_CURVE_WITH_KNOTS('',3,(#1730,#1731,#1732,#1733,#1734,#1735,#1736,#1737,#1738,#1739,#1740,#1741,#1742),.UNSPECIFIED.,.F.,.F.,(4,3,3,3,4),(0.,0.000435561,0.000653342,0.000871123,0.001742245),.UNSPECIFIED.);
#1744=EDGE_CURVE('',#1729,#901,#1743,.T.);
#1745=ORIENTED_EDGE('',*,*,#1744,.F.);
#1746=CARTESIAN_POINT('',(-0.618933382,-5.564520311,2.416838201));
#1747=CARTESIAN_POINT('',(-0.520235846,-5.49178872,2.338969899));
#1748=CARTESIAN_POINT('',(-0.419283966,-5.41904403,2.264360311));
#1749=CARTESIAN_POINT('',(-0.316116866,-5.346458069,2.192779184));
#1750=CARTESIAN_POINT('',(-0.212949767,-5.273872107,2.121198057));
#1751=CARTESIAN_POINT('',(-0.10835294,-5.201971413,2.053125766));
#1752=CARTESIAN_POINT('',(-0.,-5.129334721,1.986917567));
#1753=B_SPLINE_CURVE_WITH_KNOTS('',3,(#1746,#1747,#1748,#1749,#1750,#1751,#1752),.UNSPECIFIED.,.F.,.F.,(4,3,4),(0.,0.000435114,0.000870228),.UNSPECIFIED.);
#1754=EDGE_CURVE('',#1729,#1648,#1753,.T.);
#1755=ORIENTED_EDGE('',*,*,#1754,.T.);
#1756=EDGE_LOOP('',(#1688,#1689,#1704,#1720,#1721,#1722,#1723,#1724,#1725,#1726,#1727,#1745,#1755));
#1757=FACE_BOUND('',#1756,.T.);
#1758=ADVANCED_FACE('',(#1757),#1646,.F.);
#1759=CARTESIAN_POINT('',(-82.,-9.5,-2.));
#1760=CARTESIAN_POINT('',(-82.,9.5,-2.));
#1761=CARTESIAN_POINT('',(-82.,-9.5,16.));
#1762=CARTESIAN_POINT('',(-82.,9.5,16.));
#1763=B_SPLINE_SURFACE_WITH_KNOTS('',1,1,((#1759,#1760),(#1761,#1762)),.UNSPECIFIED.,.F.,.F.,.U.,(2,2),(2,2),(-0.017,0.001),(-0.019118243,-0.000118243),.UNSPECIFIED.);
#1764=ORIENTED_EDGE('',*,*,#595,.F.);
#1765=ORIENTED_EDGE('',*,*,#1348,.F.);
#1766=ORIENTED_EDGE('',*,*,#1117,.T.);
#1767=ORIENTED_EDGE('',*,*,#1539,.T.);
#1768=EDGE_LOOP('',(#1764,#1765,#1766,#1767));
#1769=FACE_BOUND('',#1768,.T.);
#1770=ADVANCED_FACE('',(#1769),#1763,.T.);
#1771=CARTESIAN_POINT('',(-80.,-9.5,6.947465745));
#1772=CARTESIAN_POINT('',(-80.,9.5,6.947465745));
#1773=CARTESIAN_POINT('',(-80.,-9.5,7.652534255));
#1774=CARTESIAN_POINT('',(-80.,9.5,7.652534255));
#1775=B_SPLINE_SURFACE_WITH_KNOTS('',1,1,((#1771,#1772),(#1773,#1774)),.UNSPECIFIED.,.F.,.F.,.U.,(2,2),(2,2),(-0.001352534,-0.000647466),(-0.019118243,-0.000118243),.UNSPECIFIED.);
#1776=ORIENTED_EDGE('',*,*,#1017,.F.);
#1777=CARTESIAN_POINT('',(-80.,9.5,7.652534255));
#1778=CARTESIAN_POINT('',(-80.,-9.5,7.652534255));
#1779=B_SPLINE_CURVE_WITH_KNOTS('',1,(#1777,#1778),.UNSPECIFIED.,.F.,.F.,(2,2),(-0.019,0.),.UNSPECIFIED.);
#1780=EDGE_CURVE('',#1007,#530,#1779,.T.);
#1781=ORIENTED_EDGE('',*,*,#1780,.T.);
#1782=ORIENTED_EDGE('',*,*,#534,.T.);
#1783=CARTESIAN_POINT('',(-80.,-9.5,6.947465745));
#1784=CARTESIAN_POINT('',(-80.,9.5,6.947465745));
#1785=B_SPLINE_CURVE_WITH_KNOTS('',1,(#1783,#1784),.UNSPECIFIED.,.F.,.F.,(2,2),(0.,0.019),.UNSPECIFIED.);
#1786=EDGE_CURVE('',#522,#960,#1785,.T.);
#1787=ORIENTED_EDGE('',*,*,#1786,.T.);
#1788=EDGE_LOOP('',(#1776,#1781,#1782,#1787));
#1789=FACE_BOUND('',#1788,.T.);
#1790=ADVANCED_FACE('',(#1789),#1775,.F.);
#1791=CARTESIAN_POINT('',(-80.,-9.5,7.652534255));
#1792=CARTESIAN_POINT('',(-80.,9.5,7.652534255));
#1793=CARTESIAN_POINT('',(-80.,-9.5,8.3));
#1794=CARTESIAN_POINT('',(-80.,9.5,8.3));
#1795=CARTESIAN_POINT('',(-79.352534255,-9.5,8.3));
#1796=CARTESIAN_POINT('',(-79.352534255,9.5,8.3));
#1797=(BOUNDED_SURFACE()
B_SPLINE_SURFACE(2,1,((#1791,#1792),(#1793,#1794),(#1795,#1796)),.UNSPECIFIED.,.F.,.F.,.U.)
B_SPLINE_SURFACE_WITH_KNOTS((3,3),(2,2),(4.749981681,6.283185307),(-0.019118243,-0.000118243),.UNSPECIFIED.)
GEOMETRIC_REPRESENTATION_ITEM()
RATIONAL_B_SPLINE_SURFACE(((0.803847577,0.803847577),(0.633974596,0.633974596),(1.,1.)))
REPRESENTATION_ITEM('')
SURFACE()
);
#1798=ORIENTED_EDGE('',*,*,#1012,.F.);
#1799=ORIENTED_EDGE('',*,*,#1433,.F.);
#1800=ORIENTED_EDGE('',*,*,#542,.F.);
#1801=ORIENTED_EDGE('',*,*,#1780,.F.);
#1802=EDGE_LOOP('',(#1798,#1799,#1800,#1801));
#1803=FACE_BOUND('',#1802,.T.);
#1804=ADVANCED_FACE('',(#1803),#1797,.F.);
#1805=CARTESIAN_POINT('',(-79.352534255,-9.5,6.3));
#1806=CARTESIAN_POINT('',(-79.352534255,9.5,6.3));
#1807=CARTESIAN_POINT('',(-79.726348777,-9.5,6.3));
#1808=CARTESIAN_POINT('',(-79.726348777,9.5,6.3));
#1809=CARTESIAN_POINT('',(-79.913256038,-9.5,6.623732873));
#1810=CARTESIAN_POINT('',(-79.913256038,9.5,6.623732873));
#1811=CARTESIAN_POINT('',(-80.,-9.5,6.773977822));
#1812=CARTESIAN_POINT('',(-80.,9.5,6.773977822));
#1813=CARTESIAN_POINT('',(-80.,-9.5,6.947465745));
#1814=CARTESIAN_POINT('',(-80.,9.5,6.947465745));
#1815=(BOUNDED_SURFACE()
B_SPLINE_SURFACE(2,1,((#1805,#1806),(#1807,#1808),(#1809,#1810),(#1811,#1812),(#1813,#1814)),.UNSPECIFIED.,.F.,.F.,.U.)
B_SPLINE_SURFACE_WITH_KNOTS((3,2,3),(2,2),(3.141592654,4.188790205,4.749981681),(-0.019118243,-0.000118243),.UNSPECIFIED.)
GEOMETRIC_REPRESENTATION_ITEM()
RATIONAL_B_SPLINE_SURFACE(((0.75,0.75),(0.75,0.75),(1.,1.),(0.866025404,0.866025404),(0.803847577,0.803847577)))
REPRESENTATION_ITEM('')
SURFACE()
);
#1816=ORIENTED_EDGE('',*,*,#967,.F.);
#1817=ORIENTED_EDGE('',*,*,#1786,.F.);
#1818=ORIENTED_EDGE('',*,*,#527,.F.);
#1819=ORIENTED_EDGE('',*,*,#1393,.F.);
#1820=EDGE_LOOP('',(#1816,#1817,#1818,#1819));
#1821=FACE_BOUND('',#1820,.T.);
#1822=ADVANCED_FACE('',(#1821),#1815,.F.);
#1823=CARTESIAN_POINT('',(-2.002299803,-7.500075021,9.989594978));
#1824=CARTESIAN_POINT('',(-2.494763255,-7.980781678,9.989594887));
#1825=CARTESIAN_POINT('',(-2.97084106,-8.505817606,9.989594791));
#1826=CARTESIAN_POINT('',(-3.420574304,-9.07543006,9.989594694));
#1827=CARTESIAN_POINT('',(-3.619747348,-9.327693925,9.989594652));
#1828=CARTESIAN_POINT('',(-3.813698231,-9.588731902,9.989594609));
#1829=CARTESIAN_POINT('',(-4.001494338,-9.858135856,9.989594566));
#1830=CARTESIAN_POINT('',(-2.004502877,-7.497448199,9.993109012));
#1831=CARTESIAN_POINT('',(-2.497076511,-7.978247113,9.993109045));
#1832=CARTESIAN_POINT('',(-2.973261798,-8.503384793,9.99310908));
#1833=CARTESIAN_POINT('',(-3.42309775,-9.073108708,9.993109115));
#1834=CARTESIAN_POINT('',(-3.62231628,-9.325421935,9.99310913));
#1835=CARTESIAN_POINT('',(-3.816311702,-9.586511187,9.993109146));
#1836=CARTESIAN_POINT('',(-4.0041512,-9.855968257,9.993109161));
#1837=CARTESIAN_POINT('',(-2.006711851,-7.49481432,9.996622138));
#1838=CARTESIAN_POINT('',(-2.499395898,-7.975705805,9.996622202));
#1839=CARTESIAN_POINT('',(-2.975688879,-8.50094557,9.996622268));
#1840=CARTESIAN_POINT('',(-3.425627731,-9.070781295,9.996622336));
#1841=CARTESIAN_POINT('',(-3.624891832,-9.323144039,9.996622365));
#1842=CARTESIAN_POINT('',(-3.818931875,-9.584284723,9.996622395));
#1843=CARTESIAN_POINT('',(-4.00681484,-9.853795071,9.996622425));
#1844=CARTESIAN_POINT('',(-2.00892679,-7.492173364,10.000134324));
#1845=CARTESIAN_POINT('',(-2.501721483,-7.973157734,10.000134326));
#1846=CARTESIAN_POINT('',(-2.978122373,-8.49849992,10.000134327));
#1847=CARTESIAN_POINT('',(-3.428164319,-9.068447806,10.000134329));
#1848=CARTESIAN_POINT('',(-3.627474077,-9.320860223,10.00013433));
#1849=CARTESIAN_POINT('',(-3.821558822,-9.582052498,10.00013433));
#1850=CARTESIAN_POINT('',(-4.009485332,-9.851616283,10.000134331));
#1851=CARTESIAN_POINT('',(-2.012103552,-7.48854688,10.005053703));
#1852=CARTESIAN_POINT('',(-2.505050239,-7.969664407,10.005053704));
#1853=CARTESIAN_POINT('',(-2.98159902,-8.495153007,10.005053705));
#1854=CARTESIAN_POINT('',(-3.431781838,-9.065260794,10.005053707));
#1855=CARTESIAN_POINT('',(-3.631153983,-9.317744026,10.005053708));
#1856=CARTESIAN_POINT('',(-3.825299723,-9.57900977,10.005053708));
#1857=CARTESIAN_POINT('',(-4.013285556,-9.848649576,10.005053709));
#1858=CARTESIAN_POINT('',(-2.01528033,-7.484920411,10.009973082));
#1859=CARTESIAN_POINT('',(-2.50837901,-7.966171096,10.009973083));
#1860=CARTESIAN_POINT('',(-2.985075681,-8.49180611,10.009973084));
#1861=CARTESIAN_POINT('',(-3.43539937,-9.062073798,10.009973086));
#1862=CARTESIAN_POINT('',(-3.634833903,-9.314627845,10.009973087));
#1863=CARTESIAN_POINT('',(-3.829040637,-9.575967061,10.009973087));
#1864=CARTESIAN_POINT('',(-4.017085793,-9.845682887,10.009973088));
#1865=CARTESIAN_POINT('',(-2.018457124,-7.481293957,10.014892461));
#1866=CARTESIAN_POINT('',(-2.511707797,-7.962677801,10.014892463));
#1867=CARTESIAN_POINT('',(-2.988552357,-8.48845923,10.014892464));
#1868=CARTESIAN_POINT('',(-3.439016915,-9.05888682,10.014892466));
#1869=CARTESIAN_POINT('',(-3.638513835,-9.311511682,10.014892466));
#1870=CARTESIAN_POINT('',(-3.832781564,-9.572924368,10.014892467));
#1871=CARTESIAN_POINT('',(-4.020886042,-9.842716215,10.014892468));
#1872=CARTESIAN_POINT('',(-2.140780369,-7.341656423,10.20431443));
#1873=CARTESIAN_POINT('',(-2.639883564,-7.828167571,10.204314431));
#1874=CARTESIAN_POINT('',(-3.122422643,-8.359586752,10.204314433));
#1875=CARTESIAN_POINT('',(-3.578311431,-8.936171396,10.204314434));
#1876=CARTESIAN_POINT('',(-3.780210576,-9.19152303,10.204314435));
#1877=CARTESIAN_POINT('',(-3.976826914,-9.455764724,10.204314436));
#1878=CARTESIAN_POINT('',(-4.167215608,-9.728483778,10.204314436));
#1879=CARTESIAN_POINT('',(-2.263126867,-7.202041064,10.393737582));
#1880=CARTESIAN_POINT('',(-2.768081655,-7.693680489,10.393737583));
#1881=CARTESIAN_POINT('',(-3.256314235,-8.230738365,10.393737584));
#1882=CARTESIAN_POINT('',(-3.71762615,-8.813480958,10.393737586));
#1883=CARTESIAN_POINT('',(-3.921927031,-9.071559757,10.393737587));
#1884=CARTESIAN_POINT('',(-4.120891471,-9.338630846,10.393737587));
#1885=CARTESIAN_POINT('',(-4.313563859,-9.614277481,10.393737588));
#1886=CARTESIAN_POINT('',(-2.385494238,-7.062445555,10.583161756));
#1887=CARTESIAN_POINT('',(-2.896299786,-7.559214133,10.583161757));
#1888=CARTESIAN_POINT('',(-3.390224958,-8.101911552,10.583161759));
#1889=CARTESIAN_POINT('',(-3.856959009,-8.690812894,10.58316176));
#1890=CARTESIAN_POINT('',(-4.063661188,-8.951619215,10.583161761));
#1891=CARTESIAN_POINT('',(-4.264973279,-9.221520044,10.583161762));
#1892=CARTESIAN_POINT('',(-4.45992889,-9.500094595,10.583161762));
#1893=CARTESIAN_POINT('',(-2.385511375,-7.062426006,10.583188283));
#1894=CARTESIAN_POINT('',(-2.896317742,-7.559195302,10.583188285));
#1895=CARTESIAN_POINT('',(-3.390243711,-8.10189351,10.583188286));
#1896=CARTESIAN_POINT('',(-3.856978522,-8.690795715,10.583188288));
#1897=CARTESIAN_POINT('',(-4.063681037,-8.951602418,10.583188288));
#1898=CARTESIAN_POINT('',(-4.264993456,-9.221503644,10.583188289));
#1899=CARTESIAN_POINT('',(-4.459949388,-9.500078604,10.58318829));
#1900=CARTESIAN_POINT('',(-2.385528511,-7.062406457,10.583214811));
#1901=CARTESIAN_POINT('',(-2.896335698,-7.559176471,10.583214812));
#1902=CARTESIAN_POINT('',(-3.390262464,-8.101875469,10.583214813));
#1903=CARTESIAN_POINT('',(-3.856998034,-8.690778537,10.583214815));
#1904=CARTESIAN_POINT('',(-4.063700886,-8.951585621,10.583214816));
#1905=CARTESIAN_POINT('',(-4.265013634,-9.221487243,10.583214816));
#1906=CARTESIAN_POINT('',(-4.459969885,-9.500062614,10.583214817));
#1907=CARTESIAN_POINT('',(-2.385545648,-7.062386907,10.583241338));
#1908=CARTESIAN_POINT('',(-2.896353654,-7.55915764,10.58324134));
#1909=CARTESIAN_POINT('',(-3.390281218,-8.101857428,10.583241341));
#1910=CARTESIAN_POINT('',(-3.857017547,-8.690761358,10.583241343));
#1911=CARTESIAN_POINT('',(-4.063720735,-8.951568824,10.583241343));
#1912=CARTESIAN_POINT('',(-4.265033811,-9.221470843,10.583241344));
#1913=CARTESIAN_POINT('',(-4.459990382,-9.500046623,10.583241345));
#1914=B_SPLINE_SURFACE_WITH_KNOTS('',3,3,((#1823,#1824,#1825,#1826,#1827,#1828,#1829),(#1830,#1831,#1832,#1833,#1834,#1835,#1836),(#1837,#1838,#1839,#1840,#1841,#1842,#1843),(#1844,#1845,#1846,#1847,#1848,#1849,#1850),(#1851,#1852,#1853,#1854,#1855,#1856,#1857),(#1858,#1859,#1860,#1861,#1862,#1863,#1864),(#1865,#1866,#1867,#1868,#1869,#1870,#1871),(#1872,#1873,#1874,#1875,#1876,#1877,#1878),(#1879,#1880,#1881,#1882,#1883,#1884,#1885),(#1886,#1887,#1888,#1889,#1890,#1891,#1892),(#1893,#1894,#1895,#1896,#1897,#1898,#1899),(#1900,#1901,#1902,#1903,#1904,#1905,#1906),(#1907,#1908,#1909,#1910,#1911,#1912,#1913)),.UNSPECIFIED.,.F.,.F.,.U.,(4,3,3,3,4),(4,3,4),(0.,0.000735821,0.001471642,0.029804617,0.029808585),(0.637344615,0.656251146,0.664624268),.UNSPECIFIED.);
#1915=ORIENTED_EDGE('',*,*,#678,.T.);
#1916=CARTESIAN_POINT('',(-3.744713271,-9.500099134,9.989594624));
#1917=CARTESIAN_POINT('',(-3.202304128,-8.764851782,9.989594744));
#1918=CARTESIAN_POINT('',(-2.614990392,-8.098158309,9.989594864));
#1919=CARTESIAN_POINT('',(-2.002494017,-7.500264602,9.989594978));
#1920=B_SPLINE_CURVE_WITH_KNOTS('',3,(#1916,#1917,#1918,#1919),.UNSPECIFIED.,.F.,.F.,(4,4),(0.6373471,0.66086211),.UNSPECIFIED.);
#1921=EDGE_CURVE('',#626,#1144,#1920,.T.);
#1922=ORIENTED_EDGE('',*,*,#1921,.T.);
#1923=ORIENTED_EDGE('',*,*,#1150,.F.);
#1924=CARTESIAN_POINT('',(-2.819574901,-7.5,10.583161758));
#1925=CARTESIAN_POINT('',(-3.416127131,-8.123744588,10.58315553));
#1926=CARTESIAN_POINT('',(-3.965069366,-8.792998015,10.583161762));
#1927=CARTESIAN_POINT('',(-4.460057003,-9.5,10.583161764));
#1928=B_SPLINE_CURVE_WITH_KNOTS('',3,(#1924,#1925,#1926,#1927),.UNSPECIFIED.,.F.,.F.,(4,4),(0.025892778,0.028481868),.UNSPECIFIED.);
#1929=EDGE_CURVE('',#1137,#575,#1928,.T.);
#1930=ORIENTED_EDGE('',*,*,#1929,.T.);
#1931=EDGE_LOOP('',(#1915,#1922,#1923,#1930));
#1932=FACE_BOUND('',#1931,.T.);
#1933=ADVANCED_FACE('',(#1932),#1914,.T.);
#1934=CARTESIAN_POINT('',(-1.060516952,-12.979097581,-0.5));
#1935=CARTESIAN_POINT('',(-4.712654446,-9.241491161,-0.5));
#1936=CARTESIAN_POINT('',(5.377835983,-6.687972324,-0.5));
#1937=CARTESIAN_POINT('',(1.725698489,-2.950365903,-0.5));
#1938=B_SPLINE_SURFACE_WITH_KNOTS('',1,1,((#1934,#1935),(#1936,#1937)),.UNSPECIFIED.,.F.,.F.,.U.,(2,2),(2,2),(-0.002895189,0.006106514),(0.012099126,0.017324813),.UNSPECIFIED.);
#1939=ORIENTED_EDGE('',*,*,#616,.T.);
#1940=ORIENTED_EDGE('',*,*,#826,.F.);
#1941=CARTESIAN_POINT('',(2.5,-3.742787959,-0.5));
#1942=CARTESIAN_POINT('',(1.110463133,-4.366990156,-0.5));
#1943=CARTESIAN_POINT('',(-0.195781186,-5.179882731,-0.5));
#1944=CARTESIAN_POINT('',(-1.369420055,-6.150695569,-0.5));
#1945=CARTESIAN_POINT('',(-2.543058924,-7.121508406,-0.5));
#1946=CARTESIAN_POINT('',(-3.586128943,-8.25174888,-0.5));
#1947=CARTESIAN_POINT('',(-4.460057002,-9.499999998,-0.5));
#1948=B_SPLINE_CURVE_WITH_KNOTS('',3,(#1941,#1942,#1943,#1944,#1945,#1946,#1947),.UNSPECIFIED.,.F.,.F.,(4,3,4),(0.073768889,0.078338159,0.082907428),.UNSPECIFIED.);
#1949=EDGE_CURVE('',#817,#612,#1948,.T.);
#1950=ORIENTED_EDGE('',*,*,#1949,.T.);
#1951=EDGE_LOOP('',(#1939,#1940,#1950));
#1952=FACE_BOUND('',#1951,.T.);
#1953=ADVANCED_FACE('',(#1952),#1938,.T.);
#1954=CARTESIAN_POINT('',(-4.460014302,-9.500029894,2.416838202));
#1955=CARTESIAN_POINT('',(-4.460014302,-9.500029894,2.178572477));
#1956=CARTESIAN_POINT('',(-4.460014302,-9.500029894,1.940306753));
#1957=CARTESIAN_POINT('',(-4.460014302,-9.500029894,1.702041028));
#1958=CARTESIAN_POINT('',(-4.460014302,-9.500029894,1.668367523));
#1959=CARTESIAN_POINT('',(-4.460014302,-9.500029894,1.634694019));
#1960=CARTESIAN_POINT('',(-4.460014302,-9.500029894,1.601020514));
#1961=CARTESIAN_POINT('',(-4.460014302,-9.500029894,1.567347009));
#1962=CARTESIAN_POINT('',(-4.460014302,-9.500029894,1.533673505));
#1963=CARTESIAN_POINT('',(-4.460014302,-9.500029894,1.5));
#1964=CARTESIAN_POINT('',(-4.460014302,-9.500029894,1.466326495));
#1965=CARTESIAN_POINT('',(-4.460014302,-9.500029894,1.432652991));
#1966=CARTESIAN_POINT('',(-4.460014302,-9.500029894,1.398979486));
#1967=CARTESIAN_POINT('',(-4.460014302,-9.500029894,0.765986324));
#1968=CARTESIAN_POINT('',(-4.460014302,-9.500029894,0.132993162));
#1969=CARTESIAN_POINT('',(-4.460014302,-9.500029894,-0.5));
#1970=CARTESIAN_POINT('',(-4.274876673,-9.235572742,2.416838202));
#1971=CARTESIAN_POINT('',(-4.274876673,-9.235572742,2.178572477));
#1972=CARTESIAN_POINT('',(-4.274876673,-9.235572742,1.940306753));
#1973=CARTESIAN_POINT('',(-4.274876673,-9.235572742,1.702041028));
#1974=CARTESIAN_POINT('',(-4.274876673,-9.235572742,1.668367523));
#1975=CARTESIAN_POINT('',(-4.274876673,-9.235572742,1.634694019));
#1976=CARTESIAN_POINT('',(-4.274876673,-9.235572742,1.601020514));
#1977=CARTESIAN_POINT('',(-4.274876673,-9.235572742,1.567347009));
#1978=CARTESIAN_POINT('',(-4.274876673,-9.235572742,1.533673505));
#1979=CARTESIAN_POINT('',(-4.274876673,-9.235572742,1.5));
#1980=CARTESIAN_POINT('',(-4.274876673,-9.235572742,1.466326495));
#1981=CARTESIAN_POINT('',(-4.274876673,-9.235572742,1.432652991));
#1982=CARTESIAN_POINT('',(-4.274876673,-9.235572742,1.398979486));
#1983=CARTESIAN_POINT('',(-4.274876673,-9.235572742,0.765986324));
#1984=CARTESIAN_POINT('',(-4.274876673,-9.235572742,0.132993162));
#1985=CARTESIAN_POINT('',(-4.274876673,-9.235572742,-0.5));
#1986=CARTESIAN_POINT('',(-4.082452022,-8.976704206,2.416838202));
#1987=CARTESIAN_POINT('',(-4.082452022,-8.976704206,2.178572477));
#1988=CARTESIAN_POINT('',(-4.082452022,-8.976704206,1.940306753));
#1989=CARTESIAN_POINT('',(-4.082452022,-8.976704206,1.702041028));
#1990=CARTESIAN_POINT('',(-4.082452022,-8.976704206,1.668367523));
#1991=CARTESIAN_POINT('',(-4.082452022,-8.976704206,1.634694019));
#1992=CARTESIAN_POINT('',(-4.082452022,-8.976704206,1.601020514));
#1993=CARTESIAN_POINT('',(-4.082452022,-8.976704206,1.567347009));
#1994=CARTESIAN_POINT('',(-4.082452022,-8.976704206,1.533673505));
#1995=CARTESIAN_POINT('',(-4.082452022,-8.976704206,1.5));
#1996=CARTESIAN_POINT('',(-4.082452022,-8.976704206,1.466326495));
#1997=CARTESIAN_POINT('',(-4.082452022,-8.976704206,1.432652991));
#1998=CARTESIAN_POINT('',(-4.082452022,-8.976704206,1.398979486));
#1999=CARTESIAN_POINT('',(-4.082452022,-8.976704206,0.765986324));
#2000=CARTESIAN_POINT('',(-4.082452022,-8.976704206,0.132993162));
#2001=CARTESIAN_POINT('',(-4.082452022,-8.976704206,-0.5));
#2002=CARTESIAN_POINT('',(-3.883227121,-8.724041619,2.416838202));
#2003=CARTESIAN_POINT('',(-3.883227121,-8.724041619,2.178572477));
#2004=CARTESIAN_POINT('',(-3.883227121,-8.724041619,1.940306753));
#2005=CARTESIAN_POINT('',(-3.883227121,-8.724041619,1.702041028));
#2006=CARTESIAN_POINT('',(-3.883227121,-8.724041619,1.668367523));
#2007=CARTESIAN_POINT('',(-3.883227121,-8.724041619,1.634694019));
#2008=CARTESIAN_POINT('',(-3.883227121,-8.724041619,1.601020514));
#2009=CARTESIAN_POINT('',(-3.883227121,-8.724041619,1.567347009));
#2010=CARTESIAN_POINT('',(-3.883227121,-8.724041619,1.533673505));
#2011=CARTESIAN_POINT('',(-3.883227121,-8.724041619,1.5));
#2012=CARTESIAN_POINT('',(-3.883227121,-8.724041619,1.466326495));
#2013=CARTESIAN_POINT('',(-3.883227121,-8.724041619,1.432652991));
#2014=CARTESIAN_POINT('',(-3.883227121,-8.724041619,1.398979486));
#2015=CARTESIAN_POINT('',(-3.883227121,-8.724041619,0.765986324));
#2016=CARTESIAN_POINT('',(-3.883227121,-8.724041619,0.132993162));
#2017=CARTESIAN_POINT('',(-3.883227121,-8.724041619,-0.5));
#2018=CARTESIAN_POINT('',(-3.379422784,-8.085102879,2.416838202));
#2019=CARTESIAN_POINT('',(-3.379422784,-8.085102879,2.178572477));
#2020=CARTESIAN_POINT('',(-3.379422784,-8.085102879,1.940306753));
#2021=CARTESIAN_POINT('',(-3.379422784,-8.085102879,1.702041028));
#2022=CARTESIAN_POINT('',(-3.379422784,-8.085102879,1.668367523));
#2023=CARTESIAN_POINT('',(-3.379422784,-8.085102879,1.634694019));
#2024=CARTESIAN_POINT('',(-3.379422784,-8.085102879,1.601020514));
#2025=CARTESIAN_POINT('',(-3.379422784,-8.085102879,1.567347009));
#2026=CARTESIAN_POINT('',(-3.379422784,-8.085102879,1.533673505));
#2027=CARTESIAN_POINT('',(-3.379422784,-8.085102879,1.5));
#2028=CARTESIAN_POINT('',(-3.379422784,-8.085102879,1.466326495));
#2029=CARTESIAN_POINT('',(-3.379422784,-8.085102879,1.432652991));
#2030=CARTESIAN_POINT('',(-3.379422784,-8.085102879,1.398979486));
#2031=CARTESIAN_POINT('',(-3.379422784,-8.085102879,0.765986324));
#2032=CARTESIAN_POINT('',(-3.379422784,-8.085102879,0.132993162));
#2033=CARTESIAN_POINT('',(-3.379422784,-8.085102879,-0.5));
#2034=CARTESIAN_POINT('',(-2.832201818,-7.485900813,2.416838202));
#2035=CARTESIAN_POINT('',(-2.832201818,-7.485900813,2.178572477));
#2036=CARTESIAN_POINT('',(-2.832201818,-7.485900813,1.940306753));
#2037=CARTESIAN_POINT('',(-2.832201818,-7.485900813,1.702041028));
#2038=CARTESIAN_POINT('',(-2.832201818,-7.485900813,1.668367523));
#2039=CARTESIAN_POINT('',(-2.832201818,-7.485900813,1.634694019));
#2040=CARTESIAN_POINT('',(-2.832201818,-7.485900813,1.601020514));
#2041=CARTESIAN_POINT('',(-2.832201818,-7.485900813,1.567347009));
#2042=CARTESIAN_POINT('',(-2.832201818,-7.485900813,1.533673505));
#2043=CARTESIAN_POINT('',(-2.832201818,-7.485900813,1.5));
#2044=CARTESIAN_POINT('',(-2.832201818,-7.485900813,1.466326495));
#2045=CARTESIAN_POINT('',(-2.832201818,-7.485900813,1.432652991));
#2046=CARTESIAN_POINT('',(-2.832201818,-7.485900813,1.398979486));
#2047=CARTESIAN_POINT('',(-2.832201818,-7.485900813,0.765986324));
#2048=CARTESIAN_POINT('',(-2.832201818,-7.485900813,0.132993162));
#2049=CARTESIAN_POINT('',(-2.832201818,-7.485900813,-0.5));
#2050=CARTESIAN_POINT('',(-2.251726242,-6.933635207,2.416838202));
#2051=CARTESIAN_POINT('',(-2.251726242,-6.933635207,2.178572477));
#2052=CARTESIAN_POINT('',(-2.251726242,-6.933635207,1.940306753));
#2053=CARTESIAN_POINT('',(-2.251726242,-6.933635207,1.702041028));
#2054=CARTESIAN_POINT('',(-2.251726242,-6.933635207,1.668367523));
#2055=CARTESIAN_POINT('',(-2.251726242,-6.933635207,1.634694019));
#2056=CARTESIAN_POINT('',(-2.251726242,-6.933635207,1.601020514));
#2057=CARTESIAN_POINT('',(-2.251726242,-6.933635207,1.567347009));
#2058=CARTESIAN_POINT('',(-2.251726242,-6.933635207,1.533673505));
#2059=CARTESIAN_POINT('',(-2.251726242,-6.933635207,1.5));
#2060=CARTESIAN_POINT('',(-2.251726242,-6.933635207,1.466326495));
#2061=CARTESIAN_POINT('',(-2.251726242,-6.933635207,1.432652991));
#2062=CARTESIAN_POINT('',(-2.251726242,-6.933635207,1.398979486));
#2063=CARTESIAN_POINT('',(-2.251726242,-6.933635207,0.765986324));
#2064=CARTESIAN_POINT('',(-2.251726242,-6.933635207,0.132993162));
#2065=CARTESIAN_POINT('',(-2.251726242,-6.933635207,-0.5));
#2066=CARTESIAN_POINT('',(-1.671250666,-6.381369601,2.416838202));
#2067=CARTESIAN_POINT('',(-1.671250666,-6.381369601,2.178572477));
#2068=CARTESIAN_POINT('',(-1.671250666,-6.381369601,1.940306753));
#2069=CARTESIAN_POINT('',(-1.671250666,-6.381369601,1.702041028));
#2070=CARTESIAN_POINT('',(-1.671250666,-6.381369601,1.668367523));
#2071=CARTESIAN_POINT('',(-1.671250666,-6.381369601,1.634694019));
#2072=CARTESIAN_POINT('',(-1.671250666,-6.381369601,1.601020514));
#2073=CARTESIAN_POINT('',(-1.671250666,-6.381369601,1.567347009));
#2074=CARTESIAN_POINT('',(-1.671250666,-6.381369601,1.533673505));
#2075=CARTESIAN_POINT('',(-1.671250666,-6.381369601,1.5));
#2076=CARTESIAN_POINT('',(-1.671250666,-6.381369601,1.466326495));
#2077=CARTESIAN_POINT('',(-1.671250666,-6.381369601,1.432652991));
#2078=CARTESIAN_POINT('',(-1.671250666,-6.381369601,1.398979486));
#2079=CARTESIAN_POINT('',(-1.671250666,-6.381369601,0.765986324));
#2080=CARTESIAN_POINT('',(-1.671250666,-6.381369601,0.132993162));
#2081=CARTESIAN_POINT('',(-1.671250666,-6.381369601,-0.5));
#2082=CARTESIAN_POINT('',(-1.057601606,-5.876056054,2.416838202));
#2083=CARTESIAN_POINT('',(-1.057601606,-5.876056054,2.178572477));
#2084=CARTESIAN_POINT('',(-1.057601606,-5.876056054,1.940306753));
#2085=CARTESIAN_POINT('',(-1.057601606,-5.876056054,1.702041028));
#2086=CARTESIAN_POINT('',(-1.057601606,-5.876056054,1.668367523));
#2087=CARTESIAN_POINT('',(-1.057601606,-5.876056054,1.634694019));
#2088=CARTESIAN_POINT('',(-1.057601606,-5.876056054,1.601020514));
#2089=CARTESIAN_POINT('',(-1.057601606,-5.876056054,1.567347009));
#2090=CARTESIAN_POINT('',(-1.057601606,-5.876056054,1.533673505));
#2091=CARTESIAN_POINT('',(-1.057601606,-5.876056054,1.5));
#2092=CARTESIAN_POINT('',(-1.057601606,-5.876056054,1.466326495));
#2093=CARTESIAN_POINT('',(-1.057601606,-5.876056054,1.432652991));
#2094=CARTESIAN_POINT('',(-1.057601606,-5.876056054,1.398979486));
#2095=CARTESIAN_POINT('',(-1.057601606,-5.876056054,0.765986324));
#2096=CARTESIAN_POINT('',(-1.057601606,-5.876056054,0.132993162));
#2097=CARTESIAN_POINT('',(-1.057601606,-5.876056054,-0.5));
#2098=CARTESIAN_POINT('',(-0.422076339,-5.421615554,2.416838202));
#2099=CARTESIAN_POINT('',(-0.422076339,-5.421615554,2.178572477));
#2100=CARTESIAN_POINT('',(-0.422076339,-5.421615554,1.940306753));
#2101=CARTESIAN_POINT('',(-0.422076339,-5.421615554,1.702041028));
#2102=CARTESIAN_POINT('',(-0.422076339,-5.421615554,1.668367523));
#2103=CARTESIAN_POINT('',(-0.422076339,-5.421615554,1.634694019));
#2104=CARTESIAN_POINT('',(-0.422076339,-5.421615554,1.601020514));
#2105=CARTESIAN_POINT('',(-0.422076339,-5.421615554,1.567347009));
#2106=CARTESIAN_POINT('',(-0.422076339,-5.421615554,1.533673505));
#2107=CARTESIAN_POINT('',(-0.422076339,-5.421615554,1.5));
#2108=CARTESIAN_POINT('',(-0.422076339,-5.421615554,1.466326495));
#2109=CARTESIAN_POINT('',(-0.422076339,-5.421615554,1.432652991));
#2110=CARTESIAN_POINT('',(-0.422076339,-5.421615554,1.398979486));
#2111=CARTESIAN_POINT('',(-0.422076339,-5.421615554,0.765986324));
#2112=CARTESIAN_POINT('',(-0.422076339,-5.421615554,0.132993162));
#2113=CARTESIAN_POINT('',(-0.422076339,-5.421615554,-0.5));
#2114=CARTESIAN_POINT('',(0.213448928,-4.967175053,2.416838202));
#2115=CARTESIAN_POINT('',(0.213448928,-4.967175053,2.178572477));
#2116=CARTESIAN_POINT('',(0.213448928,-4.967175053,1.940306753));
#2117=CARTESIAN_POINT('',(0.213448928,-4.967175053,1.702041028));
#2118=CARTESIAN_POINT('',(0.213448928,-4.967175053,1.668367523));
#2119=CARTESIAN_POINT('',(0.213448928,-4.967175053,1.634694019));
#2120=CARTESIAN_POINT('',(0.213448928,-4.967175053,1.601020514));
#2121=CARTESIAN_POINT('',(0.213448928,-4.967175053,1.567347009));
#2122=CARTESIAN_POINT('',(0.213448928,-4.967175053,1.533673505));
#2123=CARTESIAN_POINT('',(0.213448928,-4.967175053,1.5));
#2124=CARTESIAN_POINT('',(0.213448928,-4.967175053,1.466326495));
#2125=CARTESIAN_POINT('',(0.213448928,-4.967175053,1.432652991));
#2126=CARTESIAN_POINT('',(0.213448928,-4.967175053,1.398979486));
#2127=CARTESIAN_POINT('',(0.213448928,-4.967175053,0.765986324));
#2128=CARTESIAN_POINT('',(0.213448928,-4.967175053,0.132993162));
#2129=CARTESIAN_POINT('',(0.213448928,-4.967175053,-0.5));
#2130=CARTESIAN_POINT('',(0.870775731,-4.563590272,2.416838202));
#2131=CARTESIAN_POINT('',(0.870775731,-4.563590272,2.178572477));
#2132=CARTESIAN_POINT('',(0.870775731,-4.563590272,1.940306753));
#2133=CARTESIAN_POINT('',(0.870775731,-4.563590272,1.702041028));
#2134=CARTESIAN_POINT('',(0.870775731,-4.563590272,1.668367523));
#2135=CARTESIAN_POINT('',(0.870775731,-4.563590272,1.634694019));
#2136=CARTESIAN_POINT('',(0.870775731,-4.563590272,1.601020514));
#2137=CARTESIAN_POINT('',(0.870775731,-4.563590272,1.567347009));
#2138=CARTESIAN_POINT('',(0.870775731,-4.563590272,1.533673505));
#2139=CARTESIAN_POINT('',(0.870775731,-4.563590272,1.5));
#2140=CARTESIAN_POINT('',(0.870775731,-4.563590272,1.466326495));
#2141=CARTESIAN_POINT('',(0.870775731,-4.563590272,1.432652991));
#2142=CARTESIAN_POINT('',(0.870775731,-4.563590272,1.398979486));
#2143=CARTESIAN_POINT('',(0.870775731,-4.563590272,0.765986324));
#2144=CARTESIAN_POINT('',(0.870775731,-4.563590272,0.132993162));
#2145=CARTESIAN_POINT('',(0.870775731,-4.563590272,-0.5));
#2146=CARTESIAN_POINT('',(1.538655011,-4.2115222,2.416838202));
#2147=CARTESIAN_POINT('',(1.538655011,-4.2115222,2.178572477));
#2148=CARTESIAN_POINT('',(1.538655011,-4.2115222,1.940306753));
#2149=CARTESIAN_POINT('',(1.538655011,-4.2115222,1.702041028));
#2150=CARTESIAN_POINT('',(1.538655011,-4.2115222,1.668367523));
#2151=CARTESIAN_POINT('',(1.538655011,-4.2115222,1.634694019));
#2152=CARTESIAN_POINT('',(1.538655011,-4.2115222,1.601020514));
#2153=CARTESIAN_POINT('',(1.538655011,-4.2115222,1.567347009));
#2154=CARTESIAN_POINT('',(1.538655011,-4.2115222,1.533673505));
#2155=CARTESIAN_POINT('',(1.538655011,-4.2115222,1.5));
#2156=CARTESIAN_POINT('',(1.538655011,-4.2115222,1.466326495));
#2157=CARTESIAN_POINT('',(1.538655011,-4.2115222,1.432652991));
#2158=CARTESIAN_POINT('',(1.538655011,-4.2115222,1.398979486));
#2159=CARTESIAN_POINT('',(1.538655011,-4.2115222,0.765986324));
#2160=CARTESIAN_POINT('',(1.538655011,-4.2115222,0.132993162));
#2161=CARTESIAN_POINT('',(1.538655011,-4.2115222,-0.5));
#2162=CARTESIAN_POINT('',(1.857089779,-4.043661453,2.416838202));
#2163=CARTESIAN_POINT('',(1.857089779,-4.043661453,2.178572477));
#2164=CARTESIAN_POINT('',(1.857089779,-4.043661453,1.940306753));
#2165=CARTESIAN_POINT('',(1.857089779,-4.043661453,1.702041028));
#2166=CARTESIAN_POINT('',(1.857089779,-4.043661453,1.668367523));
#2167=CARTESIAN_POINT('',(1.857089779,-4.043661453,1.634694019));
#2168=CARTESIAN_POINT('',(1.857089779,-4.043661453,1.601020514));
#2169=CARTESIAN_POINT('',(1.857089779,-4.043661453,1.567347009));
#2170=CARTESIAN_POINT('',(1.857089779,-4.043661453,1.533673505));
#2171=CARTESIAN_POINT('',(1.857089779,-4.043661453,1.5));
#2172=CARTESIAN_POINT('',(1.857089779,-4.043661453,1.466326495));
#2173=CARTESIAN_POINT('',(1.857089779,-4.043661453,1.432652991));
#2174=CARTESIAN_POINT('',(1.857089779,-4.043661453,1.398979486));
#2175=CARTESIAN_POINT('',(1.857089779,-4.043661453,0.765986324));
#2176=CARTESIAN_POINT('',(1.857089779,-4.043661453,0.132993162));
#2177=CARTESIAN_POINT('',(1.857089779,-4.043661453,-0.5));
#2178=CARTESIAN_POINT('',(2.177910696,-3.88750236,2.416838202));
#2179=CARTESIAN_POINT('',(2.177910696,-3.88750236,2.178572477));
#2180=CARTESIAN_POINT('',(2.177910696,-3.88750236,1.940306753));
#2181=CARTESIAN_POINT('',(2.177910696,-3.88750236,1.702041028));
#2182=CARTESIAN_POINT('',(2.177910696,-3.88750236,1.668367523));
#2183=CARTESIAN_POINT('',(2.177910696,-3.88750236,1.634694019));
#2184=CARTESIAN_POINT('',(2.177910696,-3.88750236,1.601020514));
#2185=CARTESIAN_POINT('',(2.177910696,-3.88750236,1.567347009));
#2186=CARTESIAN_POINT('',(2.177910696,-3.88750236,1.533673505));
#2187=CARTESIAN_POINT('',(2.177910696,-3.88750236,1.5));
#2188=CARTESIAN_POINT('',(2.177910696,-3.88750236,1.466326495));
#2189=CARTESIAN_POINT('',(2.177910696,-3.88750236,1.432652991));
#2190=CARTESIAN_POINT('',(2.177910696,-3.88750236,1.398979486));
#2191=CARTESIAN_POINT('',(2.177910696,-3.88750236,0.765986324));
#2192=CARTESIAN_POINT('',(2.177910696,-3.88750236,0.132993162));
#2193=CARTESIAN_POINT('',(2.177910696,-3.88750236,-0.5));
#2194=CARTESIAN_POINT('',(2.500010748,-3.742811885,2.416838202));
#2195=CARTESIAN_POINT('',(2.500010748,-3.742811885,2.178572477));
#2196=CARTESIAN_POINT('',(2.500010748,-3.742811885,1.940306753));
#2197=CARTESIAN_POINT('',(2.500010748,-3.742811885,1.702041028));
#2198=CARTESIAN_POINT('',(2.500010748,-3.742811885,1.668367523));
#2199=CARTESIAN_POINT('',(2.500010748,-3.742811885,1.634694019));
#2200=CARTESIAN_POINT('',(2.500010748,-3.742811885,1.601020514));
#2201=CARTESIAN_POINT('',(2.500010748,-3.742811885,1.567347009));
#2202=CARTESIAN_POINT('',(2.500010748,-3.742811885,1.533673505));
#2203=CARTESIAN_POINT('',(2.500010748,-3.742811885,1.5));
#2204=CARTESIAN_POINT('',(2.500010748,-3.742811885,1.466326495));
#2205=CARTESIAN_POINT('',(2.500010748,-3.742811885,1.432652991));
#2206=CARTESIAN_POINT('',(2.500010748,-3.742811885,1.398979486));
#2207=CARTESIAN_POINT('',(2.500010748,-3.742811885,0.765986324));
#2208=CARTESIAN_POINT('',(2.500010748,-3.742811885,0.132993162));
#2209=CARTESIAN_POINT('',(2.500010748,-3.742811885,-0.5));
#2210=B_SPLINE_SURFACE_WITH_KNOTS('',3,3,((#1954,#1955,#1956,#1957,#1958,#1959,#1960,#1961,#1962,#1963,#1964,#1965,#1966,#1967,#1968,#1969),(#1970,#1971,#1972,#1973,#1974,#1975,#1976,#1977,#1978,#1979,#1980,#1981,#1982,#1983,#1984,#1985),(#1986,#1987,#1988,#1989,#1990,#1991,#1992,#1993,#1994,#1995,#1996,#1997,#1998,#1999,#2000,#2001),(#2002,#2003,#2004,#2005,#2006,#2007,#2008,#2009,#2010,#2011,#2012,#2013,#2014,#2015,#2016,#2017),(#2018,#2019,#2020,#2021,#2022,#2023,#2024,#2025,#2026,#2027,#2028,#2029,#2030,#2031,#2032,#2033),(#2034,#2035,#2036,#2037,#2038,#2039,#2040,#2041,#2042,#2043,#2044,#2045,#2046,#2047,#2048,#2049),(#2050,#2051,#2052,#2053,#2054,#2055,#2056,#2057,#2058,#2059,#2060,#2061,#2062,#2063,#2064,#2065),(#2066,#2067,#2068,#2069,#2070,#2071,#2072,#2073,#2074,#2075,#2076,#2077,#2078,#2079,#2080,#2081),(#2082,#2083,#2084,#2085,#2086,#2087,#2088,#2089,#2090,#2091,#2092,#2093,#2094,#2095,#2096,#2097),(#2098,#2099,#2100,#2101,#2102,#2103,#2104,#2105,#2106,#2107,#2108,#2109,#2110,#2111,#2112,#2113),(#2114,#2115,#2116,#2117,#2118,#2119,#2120,#2121,#2122,#2123,#2124,#2125,#2126,#2127,#2128,#2129),(#2130,#2131,#2132,#2133,#2134,#2135,#2136,#2137,#2138,#2139,#2140,#2141,#2142,#2143,#2144,#2145),(#2146,#2147,#2148,#2149,#2150,#2151,#2152,#2153,#2154,#2155,#2156,#2157,#2158,#2159,#2160,#2161),(#2162,#2163,#2164,#2165,#2166,#2167,#2168,#2169,#2170,#2171,#2172,#2173,#2174,#2175,#2176,#2177),(#2178,#2179,#2180,#2181,#2182,#2183,#2184,#2185,#2186,#2187,#2188,#2189,#2190,#2191,#2192,#2193),(#2194,#2195,#2196,#2197,#2198,#2199,#2200,#2201,#2202,#2203,#2204,#2205,#2206,#2207,#2208,#2209)),.UNSPECIFIED.,.F.,.F.,.U.,(4,3,3,3,3,4),(4,3,3,3,3,4),(5.315128067,5.366890977,5.497790167,5.628689357,5.759588547,5.821999306),(0.009083157,0.009797958,0.009898979,0.01,0.010101021,0.01200001),.UNSPECIFIED.);
#2211=ORIENTED_EDGE('',*,*,#1949,.F.);
#2212=ORIENTED_EDGE('',*,*,#821,.T.);
#2213=CARTESIAN_POINT('',(0.,-5.129334721,1.9869601));
#2214=CARTESIAN_POINT('',(0.379038433,-4.875238267,1.772231461));
#2215=CARTESIAN_POINT('',(0.779295357,-4.629162691,1.589533701));
#2216=CARTESIAN_POINT('',(1.197638399,-4.396288346,1.432259621));
#2217=CARTESIAN_POINT('',(1.406809921,-4.279851174,1.353622581));
#2218=CARTESIAN_POINT('',(1.620279552,-4.166816944,1.281455075));
#2219=CARTESIAN_POINT('',(1.83755774,-4.057714652,1.215044066));
#2220=CARTESIAN_POINT('',(2.054835928,-3.94861236,1.148633057));
#2221=CARTESIAN_POINT('',(2.275126084,-3.843804915,1.088181959));
#2222=CARTESIAN_POINT('',(2.5,-3.742787959,1.032506104));
#2223=B_SPLINE_CURVE_WITH_KNOTS('',3,(#2213,#2214,#2215,#2216,#2217,#2218,#2219,#2220,#2221,#2222),.UNSPECIFIED.,.F.,.F.,(4,3,3,4),(0.,0.001509898,0.002264847,0.003019796),.UNSPECIFIED.);
#2224=EDGE_CURVE('',#1648,#801,#2223,.T.);
#2225=ORIENTED_EDGE('',*,*,#2224,.F.);
#2226=ORIENTED_EDGE('',*,*,#1754,.F.);
#2227=CARTESIAN_POINT('',(-4.460057003,-9.5,2.416838195));
#2228=CARTESIAN_POINT('',(-4.195876186,-9.122664592,2.416838203));
#2229=CARTESIAN_POINT('',(-3.9169592,-8.756869444,2.416838146));
#2230=CARTESIAN_POINT('',(-3.623352521,-8.402578158,2.416838196));
#2231=CARTESIAN_POINT('',(-3.329745841,-8.048286872,2.416838246));
#2232=CARTESIAN_POINT('',(-3.020967646,-7.705080045,2.416838123));
#2233=CARTESIAN_POINT('',(-2.699572754,-7.375796397,2.416838197));
#2234=CARTESIAN_POINT('',(-2.378177862,-7.046512749,2.416838271));
#2235=CARTESIAN_POINT('',(-2.043790889,-6.730619704,2.41683818));
#2236=CARTESIAN_POINT('',(-1.696369423,-6.428160974,2.416838198));
#2237=CARTESIAN_POINT('',(-1.348947957,-6.125702243,2.416838217));
#2238=CARTESIAN_POINT('',(-0.989216298,-5.83738697,2.416838016));
#2239=CARTESIAN_POINT('',(-0.618933379,-5.564520308,2.416838199));
#2240=B_SPLINE_CURVE_WITH_KNOTS('',3,(#2227,#2228,#2229,#2230,#2231,#2232,#2233,#2234,#2235,#2236,#2237,#2238,#2239),.UNSPECIFIED.,.F.,.F.,(4,3,3,3,4),(0.022926277,0.024306164,0.025686051,0.027065939,0.028445826),.UNSPECIFIED.);
#2241=EDGE_CURVE('',#619,#1729,#2240,.T.);
#2242=ORIENTED_EDGE('',*,*,#2241,.F.);
#2243=ORIENTED_EDGE('',*,*,#623,.F.);
#2244=EDGE_LOOP('',(#2211,#2212,#2225,#2226,#2242,#2243));
#2245=FACE_BOUND('',#2244,.T.);
#2246=ADVANCED_FACE('',(#2245),#2210,.F.);
#2247=CARTESIAN_POINT('',(-0.618935956,-5.564516292,2.416830928));
#2248=CARTESIAN_POINT('',(-0.86973442,-5.749329665,2.416830928));
#2249=CARTESIAN_POINT('',(-1.119123794,-5.943744251,2.416830928));
#2250=CARTESIAN_POINT('',(-1.366315694,-6.148118123,2.416830928));
#2251=CARTESIAN_POINT('',(-1.803045381,-6.509198469,2.416830928));
#2252=CARTESIAN_POINT('',(-2.232697616,-6.901228099,2.416830927));
#2253=CARTESIAN_POINT('',(-2.649748573,-7.324951406,2.416830927));
#2254=CARTESIAN_POINT('',(-3.066799531,-7.748674713,2.416830927));
#2255=CARTESIAN_POINT('',(-3.47123244,-8.204110842,2.416830927));
#2256=CARTESIAN_POINT('',(-3.856956619,-8.690797229,2.416830927));
#2257=CARTESIAN_POINT('',(-4.063695854,-8.951649872,2.416830927));
#2258=CARTESIAN_POINT('',(-4.265053426,-9.221484023,2.416830926));
#2259=CARTESIAN_POINT('',(-4.460052575,-9.500003036,2.416830926));
#2260=CARTESIAN_POINT('',(-0.514027926,-5.723480873,2.61117677));
#2261=CARTESIAN_POINT('',(-0.761913227,-5.906371755,2.61117677));
#2262=CARTESIAN_POINT('',(-1.008399641,-6.098755607,2.61117677));
#2263=CARTESIAN_POINT('',(-1.252707397,-6.300986043,2.61117677));
#2264=CARTESIAN_POINT('',(-1.684341483,-6.658279443,2.61117677));
#2265=CARTESIAN_POINT('',(-2.108959373,-7.046171748,2.61117677));
#2266=CARTESIAN_POINT('',(-2.521098612,-7.465395821,2.61117677));
#2267=CARTESIAN_POINT('',(-2.933237851,-7.884619893,2.611176769));
#2268=CARTESIAN_POINT('',(-3.332881847,-8.335194655,2.611176769));
#2269=CARTESIAN_POINT('',(-3.71400833,-8.816659188,2.611176769));
#2270=CARTESIAN_POINT('',(-3.918283307,-9.074713039,2.611176769));
#2271=CARTESIAN_POINT('',(-4.11723163,-9.341644788,2.611176769));
#2272=CARTESIAN_POINT('',(-4.309887639,-9.617160545,2.611176769));
#2273=CARTESIAN_POINT('',(-0.409142086,-5.882461373,2.805521687));
#2274=CARTESIAN_POINT('',(-0.654113931,-6.063430169,2.805521687));
#2275=CARTESIAN_POINT('',(-0.897697078,-6.253783694,2.805521687));
#2276=CARTESIAN_POINT('',(-1.139120367,-6.453871094,2.805521687));
#2277=CARTESIAN_POINT('',(-1.565658282,-6.807378258,2.805521687));
#2278=CARTESIAN_POINT('',(-1.985241205,-7.191133935,2.805521687));
#2279=CARTESIAN_POINT('',(-2.392468054,-7.605859452,2.805521687));
#2280=CARTESIAN_POINT('',(-2.799694902,-8.020584968,2.805521686));
#2281=CARTESIAN_POINT('',(-3.194549261,-8.466299022,2.805521686));
#2282=CARTESIAN_POINT('',(-3.571077274,-8.942542331,2.805521686));
#2283=CARTESIAN_POINT('',(-3.772887578,-9.197797726,2.805521686));
#2284=CARTESIAN_POINT('',(-3.969426223,-9.461827403,2.805521686));
#2285=CARTESIAN_POINT('',(-4.15973865,-9.734340222,2.805521686));
#2286=CARTESIAN_POINT('',(-0.304279594,-6.041458634,2.999865622));
#2287=CARTESIAN_POINT('',(-0.546337678,-6.220505772,2.999865622));
#2288=CARTESIAN_POINT('',(-0.787017234,-6.408829394,2.999865622));
#2289=CARTESIAN_POINT('',(-1.025555716,-6.606774182,2.999865622));
#2290=CARTESIAN_POINT('',(-1.446996857,-6.956495855,2.999865622));
#2291=CARTESIAN_POINT('',(-1.86154416,-7.336115639,2.999865622));
#2292=CARTESIAN_POINT('',(-2.263857911,-7.746343314,2.999865622));
#2293=CARTESIAN_POINT('',(-2.666171662,-8.156570989,2.999865621));
#2294=CARTESIAN_POINT('',(-3.056235622,-8.597425027,2.999865621));
#2295=CARTESIAN_POINT('',(-3.428164351,-9.068447774,2.999865621));
#2296=CARTESIAN_POINT('',(-3.627509545,-9.320905069,2.999865621));
#2297=CARTESIAN_POINT('',(-3.821638059,-9.58203302,2.999865621));
#2298=CARTESIAN_POINT('',(-4.009606437,-9.851543236,2.999865621));
#2299=CARTESIAN_POINT('',(-0.150641381,-6.285670007,3.293855546));
#2300=CARTESIAN_POINT('',(-0.388224082,-6.46190165,3.293855546));
#2301=CARTESIAN_POINT('',(-0.624440136,-6.647245511,3.293855546));
#2302=CARTESIAN_POINT('',(-0.858539896,-6.842039227,3.293855546));
#2303=CARTESIAN_POINT('',(-1.272138864,-7.186193702,3.293855546));
#2304=CARTESIAN_POINT('',(-1.678925205,-7.559713622,3.293855546));
#2305=CARTESIAN_POINT('',(-2.073651774,-7.963289277,3.293855545));
#2306=CARTESIAN_POINT('',(-2.468378342,-8.366864932,3.293855545));
#2307=CARTESIAN_POINT('',(-2.851029158,-8.800514453,3.293855545));
#2308=CARTESIAN_POINT('',(-3.215822451,-9.263780421,3.293855545));
#2309=CARTESIAN_POINT('',(-3.411343216,-9.512080262,3.293855545));
#2310=CARTESIAN_POINT('',(-3.601727195,-9.76889203,3.293855545));
#2311=CARTESIAN_POINT('',(-3.786047833,-10.033931137,3.293855545));
#2312=CARTESIAN_POINT('',(-0.017413664,-6.498596587,3.623414482));
#2313=CARTESIAN_POINT('',(-0.251094303,-6.672386767,3.623414482));
#2314=CARTESIAN_POINT('',(-0.483418288,-6.855146137,3.623414482));
#2315=CARTESIAN_POINT('',(-0.713647183,-7.047206177,3.623414482));
#2316=CARTESIAN_POINT('',(-1.120407248,-7.386530892,3.623414482));
#2317=CARTESIAN_POINT('',(-1.520424246,-7.754757163,3.623414482));
#2318=CARTESIAN_POINT('',(-1.908531575,-8.152558122,3.623414481));
#2319=CARTESIAN_POINT('',(-2.296638904,-8.550359081,3.623414481));
#2320=CARTESIAN_POINT('',(-2.67282081,-8.977752556,3.623414481));
#2321=CARTESIAN_POINT('',(-3.031385769,-9.434281113,3.623414481));
#2322=CARTESIAN_POINT('',(-3.223568291,-9.678969857,3.623414481));
#2323=CARTESIAN_POINT('',(-3.410683239,-9.932032176,3.623414481));
#2324=CARTESIAN_POINT('',(-3.59181878,-10.193186757,3.623414481));
#2325=CARTESIAN_POINT('',(0.090935813,-6.672354894,3.972394257));
#2326=CARTESIAN_POINT('',(-0.139560557,-6.844159517,3.972394257));
#2327=CARTESIAN_POINT('',(-0.368708239,-7.024816713,3.972394257));
#2328=CARTESIAN_POINT('',(-0.595777934,-7.214652926,3.972394257));
#2329=CARTESIAN_POINT('',(-0.996956437,-7.550048663,3.972394257));
#2330=CARTESIAN_POINT('',(-1.391448002,-7.913967678,3.972394257));
#2331=CARTESIAN_POINT('',(-1.774151671,-8.307069011,3.972394257));
#2332=CARTESIAN_POINT('',(-2.156855339,-8.700170344,3.972394256));
#2333=CARTESIAN_POINT('',(-2.52775554,-9.122471577,3.972394256));
#2334=CARTESIAN_POINT('',(-2.881234326,-9.573515152,3.972394256));
#2335=CARTESIAN_POINT('',(-3.070690776,-9.815264072,3.972394256));
#2336=CARTESIAN_POINT('',(-3.255135906,-10.065273687,3.972394256));
#2337=CARTESIAN_POINT('',(-3.433669889,-10.323265335,3.972394256));
#2338=CARTESIAN_POINT('',(0.199285289,-6.846113201,4.321374032));
#2339=CARTESIAN_POINT('',(-0.028026811,-7.015932267,4.321374032));
#2340=CARTESIAN_POINT('',(-0.253998191,-7.194487289,4.321374032));
#2341=CARTESIAN_POINT('',(-0.477908684,-7.382099674,4.321374032));
#2342=CARTESIAN_POINT('',(-0.873505625,-7.713566434,4.321374032));
#2343=CARTESIAN_POINT('',(-1.262471758,-8.073178193,4.321374032));
#2344=CARTESIAN_POINT('',(-1.639771766,-8.4615799,4.321374032));
#2345=CARTESIAN_POINT('',(-2.017071774,-8.849981607,4.321374032));
#2346=CARTESIAN_POINT('',(-2.38269027,-9.267190598,4.321374032));
#2347=CARTESIAN_POINT('',(-2.731082882,-9.712749191,4.321374031));
#2348=CARTESIAN_POINT('',(-2.917813262,-9.951558287,4.321374031));
#2349=CARTESIAN_POINT('',(-3.099588573,-10.198515198,4.321374031));
#2350=CARTESIAN_POINT('',(-3.275520998,-10.453343913,4.321374031));
#2351=CARTESIAN_POINT('',(0.282771923,-6.980687296,4.689423403));
#2352=CARTESIAN_POINT('',(0.057926008,-7.148976429,4.689423403));
#2353=CARTESIAN_POINT('',(-0.165585141,-7.325911314,4.689423403));
#2354=CARTESIAN_POINT('',(-0.387048413,-7.511809447,4.689423403));
#2355=CARTESIAN_POINT('',(-0.778321692,-7.840247529,4.689423403));
#2356=CARTESIAN_POINT('',(-1.1630069,-8.196537957,4.689423403));
#2357=CARTESIAN_POINT('',(-1.536119462,-8.581314665,4.689423403));
#2358=CARTESIAN_POINT('',(-1.909232024,-8.966091372,4.689423403));
#2359=CARTESIAN_POINT('',(-2.270756694,-9.379371506,4.689423403));
#2360=CARTESIAN_POINT('',(-2.615206003,-9.820697154,4.689423403));
#2361=CARTESIAN_POINT('',(-2.799822863,-10.057237491,4.689423403));
#2362=CARTESIAN_POINT('',(-2.97952796,-10.301838242,4.689423403));
#2363=CARTESIAN_POINT('',(-3.153442764,-10.554225427,4.689423403));
#2364=CARTESIAN_POINT('',(0.341466154,-7.075451597,5.059180131));
#2365=CARTESIAN_POINT('',(0.118356876,-7.242665129,5.059180131));
#2366=CARTESIAN_POINT('',(-0.103421781,-7.41846092,5.059180131));
#2367=CARTESIAN_POINT('',(-0.32316167,-7.603153709,5.059180131));
#2368=CARTESIAN_POINT('',(-0.711390139,-7.929462231,5.059180131));
#2369=CARTESIAN_POINT('',(-1.093060467,-8.28341709,5.059180131));
#2370=CARTESIAN_POINT('',(-1.46322379,-8.66564444,5.059180131));
#2371=CARTESIAN_POINT('',(-1.833387114,-9.04787179,5.059180131));
#2372=CARTESIAN_POINT('',(-2.192028286,-9.458388645,5.059180131));
#2373=CARTESIAN_POINT('',(-2.533699888,-9.896736902,5.059180131));
#2374=CARTESIAN_POINT('',(-2.716827962,-10.131681425,5.059180131));
#2375=CARTESIAN_POINT('',(-2.895074707,-10.374624824,5.059180131));
#2376=CARTESIAN_POINT('',(-3.067568136,-10.62529454,5.059180131));
#2377=CARTESIAN_POINT('',(0.400160384,-7.170215897,5.428936859));
#2378=CARTESIAN_POINT('',(0.178787744,-7.33635383,5.428936859));
#2379=CARTESIAN_POINT('',(-0.041258422,-7.511010526,5.428936859));
#2380=CARTESIAN_POINT('',(-0.259274927,-7.69449797,5.428936859));
#2381=CARTESIAN_POINT('',(-0.644458585,-8.018676933,5.428936859));
#2382=CARTESIAN_POINT('',(-1.023114034,-8.370296223,5.428936859));
#2383=CARTESIAN_POINT('',(-1.390328119,-8.749974216,5.428936859));
#2384=CARTESIAN_POINT('',(-1.757542204,-9.129652209,5.428936859));
#2385=CARTESIAN_POINT('',(-2.113299878,-9.537405783,5.428936859));
#2386=CARTESIAN_POINT('',(-2.452193773,-9.972776649,5.428936859));
#2387=CARTESIAN_POINT('',(-2.63383306,-10.20612536,5.428936859));
#2388=CARTESIAN_POINT('',(-2.810621454,-10.447411406,5.428936859));
#2389=CARTESIAN_POINT('',(-2.981693508,-10.696363654,5.428936859));
#2390=CARTESIAN_POINT('',(0.434173629,-7.225332653,5.800163522));
#2391=CARTESIAN_POINT('',(0.21381105,-7.390847277,5.800163522));
#2392=CARTESIAN_POINT('',(-0.005227402,-7.564843768,5.800163522));
#2393=CARTESIAN_POINT('',(-0.222241424,-7.747632504,5.800163522));
#2394=CARTESIAN_POINT('',(-0.605653929,-8.070577016,5.800163522));
#2395=CARTESIAN_POINT('',(-0.982555421,-8.420842128,5.800163522));
#2396=CARTESIAN_POINT('',(-1.348053486,-8.799041664,5.800163522));
#2397=CARTESIAN_POINT('',(-1.71355155,-9.1772412,5.800163522));
#2398=CARTESIAN_POINT('',(-2.067631198,-9.583391959,5.800163522));
#2399=CARTESIAN_POINT('',(-2.404908332,-10.017035503,5.800163522));
#2400=CARTESIAN_POINT('',(-2.585681072,-10.249458409,5.800163522));
#2401=CARTESIAN_POINT('',(-2.761620545,-10.489782866,5.800163522));
#2402=CARTESIAN_POINT('',(-2.931865105,-10.73773856,5.800163522));
#2403=CARTESIAN_POINT('',(0.447085454,-7.246245351,6.158842072));
#2404=CARTESIAN_POINT('',(0.227106118,-7.411523359,6.158842072));
#2405=CARTESIAN_POINT('',(0.008450016,-7.585269233,6.158842072));
#2406=CARTESIAN_POINT('',(-0.208183645,-7.767792743,6.158842072));
#2407=CARTESIAN_POINT('',(-0.590924142,-8.090268662,6.158842072));
#2408=CARTESIAN_POINT('',(-0.967160161,-8.440019749,6.158842072));
#2409=CARTESIAN_POINT('',(-1.332007159,-8.817658102,6.158842072));
#2410=CARTESIAN_POINT('',(-1.696854156,-9.195296454,6.158842072));
#2411=CARTESIAN_POINT('',(-2.050297165,-9.600838843,6.158842072));
#2412=CARTESIAN_POINT('',(-2.38696092,-10.033826774,6.158842072));
#2413=CARTESIAN_POINT('',(-2.567404903,-10.265898287,6.158842072));
#2414=CARTESIAN_POINT('',(-2.743022311,-10.505857772,6.158842072));
#2415=CARTESIAN_POINT('',(-2.912952939,-10.753435228,6.158842072));
#2416=CARTESIAN_POINT('',(0.45999728,-7.267158048,6.517520621));
#2417=CARTESIAN_POINT('',(0.240401187,-7.43219944,6.517520621));
#2418=CARTESIAN_POINT('',(0.022127433,-7.605694698,6.517520621));
#2419=CARTESIAN_POINT('',(-0.194125867,-7.787952981,6.517520621));
#2420=CARTESIAN_POINT('',(-0.576194355,-8.109960307,6.517520621));
#2421=CARTESIAN_POINT('',(-0.951764901,-8.45919737,6.517520621));
#2422=CARTESIAN_POINT('',(-1.315960832,-8.83627454,6.517520621));
#2423=CARTESIAN_POINT('',(-1.680156762,-9.213351709,6.517520621));
#2424=CARTESIAN_POINT('',(-2.032963133,-9.618285726,6.517520621));
#2425=CARTESIAN_POINT('',(-2.369013508,-10.050618044,6.517520621));
#2426=CARTESIAN_POINT('',(-2.549128734,-10.282338164,6.517520621));
#2427=CARTESIAN_POINT('',(-2.724424076,-10.521932678,6.517520621));
#2428=CARTESIAN_POINT('',(-2.894040772,-10.769131896,6.517520621));
#2429=CARTESIAN_POINT('',(0.451931583,-7.254080924,6.863599088));
#2430=CARTESIAN_POINT('',(0.232095841,-7.419270124,6.863599088));
#2431=CARTESIAN_POINT('',(0.013582993,-7.592921943,6.863599088));
#2432=CARTESIAN_POINT('',(-0.202908163,-7.77534592,6.863599088));
#2433=CARTESIAN_POINT('',(-0.585396887,-8.09764599,6.863599088));
#2434=CARTESIAN_POINT('',(-0.961383596,-8.447204199,6.863599088));
#2435=CARTESIAN_POINT('',(-1.325986698,-8.824632,6.863599088));
#2436=CARTESIAN_POINT('',(-1.6905898,-9.202059801,6.863599088));
#2437=CARTESIAN_POINT('',(-2.043794335,-9.607373953,6.863599088));
#2438=CARTESIAN_POINT('',(-2.380228348,-10.040115945,6.863599088));
#2439=CARTESIAN_POINT('',(-2.560549195,-10.272055641,6.863599088));
#2440=CARTESIAN_POINT('',(-2.736045979,-10.511878221,6.863599088));
#2441=CARTESIAN_POINT('',(-2.905859036,-10.759313801,6.863599088));
#2442=CARTESIAN_POINT('',(0.428139429,-7.215568281,7.188569171));
#2443=CARTESIAN_POINT('',(0.20759791,-7.381193484,7.188569171));
#2444=CARTESIAN_POINT('',(-0.011619062,-7.555307093,7.188569171));
#2445=CARTESIAN_POINT('',(-0.228810673,-7.738219771,7.188569171));
#2446=CARTESIAN_POINT('',(-0.612536936,-8.061383258,7.188569172));
#2447=CARTESIAN_POINT('',(-0.989749126,-8.411888563,7.188569172));
#2448=CARTESIAN_POINT('',(-1.35555115,-8.790350312,7.188569172));
#2449=CARTESIAN_POINT('',(-1.721353174,-9.168812061,7.188569172));
#2450=CARTESIAN_POINT('',(-2.075730034,-9.575247069,7.188569172));
#2451=CARTESIAN_POINT('',(-2.413293509,-10.009196921,7.188569172));
#2452=CARTESIAN_POINT('',(-2.594219722,-10.241784001,7.188569172));
#2453=CARTESIAN_POINT('',(-2.770309539,-10.482278972,7.188569172));
#2454=CARTESIAN_POINT('',(-2.940700642,-10.730411374,7.188569172));
#2455=CARTESIAN_POINT('',(0.404347275,-7.177055639,7.513539255));
#2456=CARTESIAN_POINT('',(0.183099979,-7.343116845,7.513539255));
#2457=CARTESIAN_POINT('',(-0.036821117,-7.517692244,7.513539255));
#2458=CARTESIAN_POINT('',(-0.254713183,-7.701093622,7.513539255));
#2459=CARTESIAN_POINT('',(-0.639676986,-8.025120527,7.513539255));
#2460=CARTESIAN_POINT('',(-1.018114655,-8.376572926,7.513539255));
#2461=CARTESIAN_POINT('',(-1.385115602,-8.756068624,7.513539255));
#2462=CARTESIAN_POINT('',(-1.752116549,-9.135564321,7.513539256));
#2463=CARTESIAN_POINT('',(-2.107665734,-9.543120185,7.513539256));
#2464=CARTESIAN_POINT('',(-2.44635867,-9.978277896,7.513539256));
#2465=CARTESIAN_POINT('',(-2.627890248,-10.211512361,7.513539256));
#2466=CARTESIAN_POINT('',(-2.8045731,-10.452679723,7.513539256));
#2467=CARTESIAN_POINT('',(-2.975542249,-10.701508948,7.513539256));
#2468=CARTESIAN_POINT('',(0.364913667,-7.113263969,7.817478974));
#2469=CARTESIAN_POINT('',(0.142497334,-7.280047815,7.817478974));
#2470=CARTESIAN_POINT('',(-0.078590047,-7.455388576,7.817478974));
#2471=CARTESIAN_POINT('',(-0.297642309,-7.639599893,7.817478974));
#2472=CARTESIAN_POINT('',(-0.684655904,-7.96505777,7.817478974));
#2473=CARTESIAN_POINT('',(-1.065123349,-8.318079761,7.817478974));
#2474=CARTESIAN_POINT('',(-1.434110035,-8.699288925,7.817478974));
#2475=CARTESIAN_POINT('',(-1.80309672,-9.08049809,7.817478974));
#2476=CARTESIAN_POINT('',(-2.160587539,-9.489911385,7.817478974));
#2477=CARTESIAN_POINT('',(-2.50115106,-9.927070644,7.817478975));
#2478=CARTESIAN_POINT('',(-2.683685227,-10.161377893,7.817478975));
#2479=CARTESIAN_POINT('',(-2.861350228,-10.403659459,7.817478975));
#2480=CARTESIAN_POINT('',(-3.033276683,-10.653643356,7.817478975));
#2481=CARTESIAN_POINT('',(0.315168609,-7.033009197,8.09710595));
#2482=CARTESIAN_POINT('',(0.091281539,-7.200704645,8.09710595));
#2483=CARTESIAN_POINT('',(-0.13127305,-7.377010791,8.09710595));
#2484=CARTESIAN_POINT('',(-0.351784786,-7.562243609,8.09710595));
#2485=CARTESIAN_POINT('',(-0.741376925,-7.889506236,8.09710595));
#2486=CARTESIAN_POINT('',(-1.124397503,-8.244507473,8.09710595));
#2487=CARTESIAN_POINT('',(-1.495881656,-8.627876956,8.09710595));
#2488=CARTESIAN_POINT('',(-1.867365809,-9.01124644,8.09710595));
#2489=CARTESIAN_POINT('',(-2.227298349,-9.423001243,8.09710595));
#2490=CARTESIAN_POINT('',(-2.570213916,-9.862683345,8.09710595));
#2491=CARTESIAN_POINT('',(-2.754008727,-10.098342779,8.09710595));
#2492=CARTESIAN_POINT('',(-2.932908571,-10.34202865,8.09710595));
#2493=CARTESIAN_POINT('',(-3.106038533,-10.593467764,8.097105951));
#2494=CARTESIAN_POINT('',(0.265423551,-6.952754425,8.376732926));
#2495=CARTESIAN_POINT('',(0.040065743,-7.121361475,8.376732926));
#2496=CARTESIAN_POINT('',(-0.183956054,-7.298633006,8.376732926));
#2497=CARTESIAN_POINT('',(-0.405927263,-7.484887325,8.376732926));
#2498=CARTESIAN_POINT('',(-0.798097947,-7.813954702,8.376732926));
#2499=CARTESIAN_POINT('',(-1.183671656,-8.170935185,8.376732926));
#2500=CARTESIAN_POINT('',(-1.557653277,-8.556464988,8.376732926));
#2501=CARTESIAN_POINT('',(-1.931634899,-8.94199479,8.376732926));
#2502=CARTESIAN_POINT('',(-2.294009159,-9.3560911,8.376732926));
#2503=CARTESIAN_POINT('',(-2.639276773,-9.798296045,8.376732926));
#2504=CARTESIAN_POINT('',(-2.824332226,-10.035307665,8.376732926));
#2505=CARTESIAN_POINT('',(-3.004466914,-10.280397842,8.376732926));
#2506=CARTESIAN_POINT('',(-3.178800382,-10.533292171,8.376732926));
#2507=CARTESIAN_POINT('',(0.205405091,-6.856105773,8.63216469));
#2508=CARTESIAN_POINT('',(-0.021723887,-7.025812691,8.63216469));
#2509=CARTESIAN_POINT('',(-0.247512546,-7.204248888,8.63216469));
#2510=CARTESIAN_POINT('',(-0.471241242,-7.391735479,8.63216469));
#2511=CARTESIAN_POINT('',(-0.866516989,-7.722979991,8.63216469));
#2512=CARTESIAN_POINT('',(-1.255164966,-8.08234783,8.63216469));
#2513=CARTESIAN_POINT('',(-1.632153605,-8.47048311,8.63216469));
#2514=CARTESIAN_POINT('',(-2.009142244,-8.858618389,8.63216469));
#2515=CARTESIAN_POINT('',(-2.374456168,-9.275538431,8.63216469));
#2516=CARTESIAN_POINT('',(-2.722555216,-9.72078551,8.63216469));
#2517=CARTESIAN_POINT('',(-2.909128252,-9.959427644,8.63216469));
#2518=CARTESIAN_POINT('',(-3.090749387,-10.206211106,8.632164691));
#2519=CARTESIAN_POINT('',(-3.26653149,-10.460860033,8.632164691));
#2520=CARTESIAN_POINT('',(0.139606329,-6.750454996,8.863800921));
#2521=CARTESIAN_POINT('',(-0.089458789,-6.921367708,8.863800921));
#2522=CARTESIAN_POINT('',(-0.317178786,-7.101080585,8.863800921));
#2523=CARTESIAN_POINT('',(-0.542828465,-7.289917805,8.863800921));
#2524=CARTESIAN_POINT('',(-0.941498138,-7.623548559,8.863800921));
#2525=CARTESIAN_POINT('',(-1.33350605,-7.985532586,8.863800921));
#2526=CARTESIAN_POINT('',(-1.71378074,-8.376522585,8.863800921));
#2527=CARTESIAN_POINT('',(-2.094055431,-8.767512585,8.863800921));
#2528=CARTESIAN_POINT('',(-2.462581412,-9.187526028,8.863800921));
#2529=CARTESIAN_POINT('',(-2.8137738,-9.636105292,8.863800921));
#2530=CARTESIAN_POINT('',(-3.002004795,-9.876533399,8.863800922));
#2531=CARTESIAN_POINT('',(-3.185249735,-10.125171466,8.863800922));
#2532=CARTESIAN_POINT('',(-3.36261419,-10.38174202,8.863800922));
#2533=CARTESIAN_POINT('',(0.073807568,-6.644804218,9.095437152));
#2534=CARTESIAN_POINT('',(-0.157193691,-6.816922725,9.095437152));
#2535=CARTESIAN_POINT('',(-0.386845026,-6.997912281,9.095437152));
#2536=CARTESIAN_POINT('',(-0.614415689,-7.18810013,9.095437152));
#2537=CARTESIAN_POINT('',(-1.016479286,-7.524117126,9.095437152));
#2538=CARTESIAN_POINT('',(-1.411847133,-7.888717341,9.095437152));
#2539=CARTESIAN_POINT('',(-1.795407876,-8.282562061,9.095437152));
#2540=CARTESIAN_POINT('',(-2.178968618,-8.67640678,9.095437152));
#2541=CARTESIAN_POINT('',(-2.550706655,-9.099513626,9.095437152));
#2542=CARTESIAN_POINT('',(-2.904992384,-9.551425074,9.095437153));
#2543=CARTESIAN_POINT('',(-3.094881338,-9.793639155,9.095437153));
#2544=CARTESIAN_POINT('',(-3.279750082,-10.044131826,9.095437153));
#2545=CARTESIAN_POINT('',(-3.45869689,-10.302624006,9.095437153));
#2546=CARTESIAN_POINT('',(0.002233326,-6.530157975,9.303377618));
#2547=CARTESIAN_POINT('',(-0.230868923,-6.703588114,9.303377618));
#2548=CARTESIAN_POINT('',(-0.462615949,-6.885966271,9.303377618));
#2549=CARTESIAN_POINT('',(-0.692270973,-7.077623008,9.303377618));
#2550=CARTESIAN_POINT('',(-1.098017143,-7.416235182,9.303377618));
#2551=CARTESIAN_POINT('',(-1.497030384,-7.783680227,9.303377618));
#2552=CARTESIAN_POINT('',(-1.88415601,-8.180628707,9.303377618));
#2553=CARTESIAN_POINT('',(-2.271281635,-8.577577187,9.303377618));
#2554=CARTESIAN_POINT('',(-2.646503924,-9.004046885,9.303377618));
#2555=CARTESIAN_POINT('',(-3.00414471,-9.459580336,9.303377618));
#2556=CARTESIAN_POINT('',(-3.195831897,-9.703735726,9.303377618));
#2557=CARTESIAN_POINT('',(-3.382461707,-9.956244189,9.303377618));
#2558=CARTESIAN_POINT('',(-3.563124488,-10.216824892,9.303377618));
#2559=CARTESIAN_POINT('',(-0.071764644,-6.411949089,9.490041189));
#2560=CARTESIAN_POINT('',(-0.307033173,-6.586735277,9.490041189));
#2561=CARTESIAN_POINT('',(-0.540940912,-6.770548895,9.490041189));
#2562=CARTESIAN_POINT('',(-0.772744859,-6.963723925,9.490041189));
#2563=CARTESIAN_POINT('',(-1.182287668,-7.305018564,9.490041189));
#2564=CARTESIAN_POINT('',(-1.585058871,-7.675403633,9.490041189));
#2565=CARTESIAN_POINT('',(-1.975859058,-8.075559215,9.490041189));
#2566=CARTESIAN_POINT('',(-2.366659245,-8.475714796,9.490041189));
#2567=CARTESIAN_POINT('',(-2.745472572,-8.905658841,9.490041189));
#2568=CARTESIAN_POINT('',(-3.106570762,-9.364933881,9.490041189));
#2569=CARTESIAN_POINT('',(-3.300111037,-9.611094677,9.490041189));
#2570=CARTESIAN_POINT('',(-3.48855549,-9.865685356,9.490041189));
#2571=CARTESIAN_POINT('',(-3.670986295,-10.128423264,9.490041189));
#2572=CARTESIAN_POINT('',(-0.145762614,-6.293740203,9.67670476));
#2573=CARTESIAN_POINT('',(-0.383197422,-6.46988244,9.67670476));
#2574=CARTESIAN_POINT('',(-0.619265876,-6.65513152,9.67670476));
#2575=CARTESIAN_POINT('',(-0.853218745,-6.849824843,9.67670476));
#2576=CARTESIAN_POINT('',(-1.266558193,-7.193801946,9.67670476));
#2577=CARTESIAN_POINT('',(-1.673087357,-7.567127039,9.67670476));
#2578=CARTESIAN_POINT('',(-2.067562107,-7.970489722,9.67670476));
#2579=CARTESIAN_POINT('',(-2.462036856,-8.373852405,9.67670476));
#2580=CARTESIAN_POINT('',(-2.84444122,-8.807270797,9.67670476));
#2581=CARTESIAN_POINT('',(-3.208996814,-9.270287427,9.67670476));
#2582=CARTESIAN_POINT('',(-3.404390177,-9.518453628,9.67670476));
#2583=CARTESIAN_POINT('',(-3.594649274,-9.775126523,9.67670476));
#2584=CARTESIAN_POINT('',(-3.778848102,-10.040021637,9.67670476));
#2585=CARTESIAN_POINT('',(-0.222195966,-6.171946349,9.842156472));
#2586=CARTESIAN_POINT('',(-0.461862751,-6.349489265,9.842156472));
#2587=CARTESIAN_POINT('',(-0.700157351,-6.536220895,9.842156472));
#2588=CARTESIAN_POINT('',(-0.936324114,-6.732482159,9.842156472));
#2589=CARTESIAN_POINT('',(-1.353574986,-7.079229443,9.842156472));
#2590=CARTESIAN_POINT('',(-1.763975399,-7.455590229,9.842156472));
#2591=CARTESIAN_POINT('',(-2.162235097,-7.862263881,9.842156472));
#2592=CARTESIAN_POINT('',(-2.560494794,-8.268937533,9.842156472));
#2593=CARTESIAN_POINT('',(-2.946597677,-8.70594234,9.842156472));
#2594=CARTESIAN_POINT('',(-3.314713695,-9.172820773,9.842156472));
#2595=CARTESIAN_POINT('',(-3.512015364,-9.423056811,9.842156472));
#2596=CARTESIAN_POINT('',(-3.704143037,-9.681878693,9.842156472));
#2597=CARTESIAN_POINT('',(-3.890162288,-9.94900006,9.842156472));
#2598=CARTESIAN_POINT('',(-0.298788698,-6.050187029,9.989596008));
#2599=CARTESIAN_POINT('',(-0.540686826,-6.229133544,9.989596008));
#2600=CARTESIAN_POINT('',(-0.781206851,-6.417350672,9.989596008));
#2601=CARTESIAN_POINT('',(-1.019586688,-6.615182842,9.989596008));
#2602=CARTESIAN_POINT('',(-1.440747541,-6.964705547,9.989596008));
#2603=CARTESIAN_POINT('',(-1.855017457,-7.344107326,9.989596008));
#2604=CARTESIAN_POINT('',(-2.257060032,-7.754097261,9.989596008));
#2605=CARTESIAN_POINT('',(-2.659102606,-8.164087195,9.989596008));
#2606=CARTESIAN_POINT('',(-3.04890161,-8.604683746,9.989596008));
#2607=CARTESIAN_POINT('',(-3.420575307,-9.075429268,9.989596008));
#2608=CARTESIAN_POINT('',(-3.61978381,-9.327737977,9.989596008));
#2609=CARTESIAN_POINT('',(-3.813778489,-9.588711669,9.989596008));
#2610=CARTESIAN_POINT('',(-4.00161649,-9.858062088,9.989596008));
#2611=CARTESIAN_POINT('',(-0.298788786,-6.050186895,9.989596173));
#2612=CARTESIAN_POINT('',(-0.540686917,-6.229133412,9.989596173));
#2613=CARTESIAN_POINT('',(-0.781206945,-6.417350541,9.989596173));
#2614=CARTESIAN_POINT('',(-1.019586784,-6.615182713,9.989596173));
#2615=CARTESIAN_POINT('',(-1.440747641,-6.964705421,9.989596173));
#2616=CARTESIAN_POINT('',(-1.855017561,-7.344107204,9.989596173));
#2617=CARTESIAN_POINT('',(-2.25706014,-7.754097142,9.989596173));
#2618=CARTESIAN_POINT('',(-2.659102719,-8.164087081,9.989596173));
#2619=CARTESIAN_POINT('',(-3.048901726,-8.604683636,9.989596173));
#2620=CARTESIAN_POINT('',(-3.420575428,-9.075429162,9.989596173));
#2621=CARTESIAN_POINT('',(-3.619783933,-9.327737873,9.989596173));
#2622=CARTESIAN_POINT('',(-3.813778613,-9.588711567,9.989596173));
#2623=CARTESIAN_POINT('',(-4.001616617,-9.858061989,9.989596173));
#2624=CARTESIAN_POINT('',(-0.298788874,-6.050186761,9.989596337));
#2625=CARTESIAN_POINT('',(-0.540687008,-6.229133279,9.989596337));
#2626=CARTESIAN_POINT('',(-0.781207038,-6.41735041,9.989596337));
#2627=CARTESIAN_POINT('',(-1.01958688,-6.615182584,9.989596337));
#2628=CARTESIAN_POINT('',(-1.440747741,-6.964705296,9.989596337));
#2629=CARTESIAN_POINT('',(-1.855017665,-7.344107082,9.989596337));
#2630=CARTESIAN_POINT('',(-2.257060248,-7.754097024,9.989596337));
#2631=CARTESIAN_POINT('',(-2.659102831,-8.164086966,9.989596337));
#2632=CARTESIAN_POINT('',(-3.048901843,-8.604683525,9.989596337));
#2633=CARTESIAN_POINT('',(-3.420575548,-9.075429056,9.989596337));
#2634=CARTESIAN_POINT('',(-3.619784055,-9.32773777,9.989596337));
#2635=CARTESIAN_POINT('',(-3.813778738,-9.588711466,9.989596337));
#2636=CARTESIAN_POINT('',(-4.001616743,-9.85806189,9.989596337));
#2637=CARTESIAN_POINT('',(-0.298788963,-6.050186627,9.989596502));
#2638=CARTESIAN_POINT('',(-0.540687099,-6.229133147,9.989596502));
#2639=CARTESIAN_POINT('',(-0.781207131,-6.41735028,9.989596502));
#2640=CARTESIAN_POINT('',(-1.019586975,-6.615182455,9.989596502));
#2641=CARTESIAN_POINT('',(-1.440747841,-6.96470517,9.989596502));
#2642=CARTESIAN_POINT('',(-1.85501777,-7.34410696,9.989596502));
#2643=CARTESIAN_POINT('',(-2.257060357,-7.754096906,9.989596502));
#2644=CARTESIAN_POINT('',(-2.659102944,-8.164086851,9.989596502));
#2645=CARTESIAN_POINT('',(-3.048901959,-8.604683415,9.989596502));
#2646=CARTESIAN_POINT('',(-3.420575668,-9.07542895,9.989596502));
#2647=CARTESIAN_POINT('',(-3.619784178,-9.327737666,9.989596502));
#2648=CARTESIAN_POINT('',(-3.813778862,-9.588711365,9.989596502));
#2649=CARTESIAN_POINT('',(-4.00161687,-9.858061792,9.989596502));
#2650=B_SPLINE_SURFACE_WITH_KNOTS('',3,3,((#2247,#2248,#2249,#2250,#2251,#2252,#2253,#2254,#2255,#2256,#2257,#2258,#2259),(#2260,#2261,#2262,#2263,#2264,#2265,#2266,#2267,#2268,#2269,#2270,#2271,#2272),(#2273,#2274,#2275,#2276,#2277,#2278,#2279,#2280,#2281,#2282,#2283,#2284,#2285),(#2286,#2287,#2288,#2289,#2290,#2291,#2292,#2293,#2294,#2295,#2296,#2297,#2298),(#2299,#2300,#2301,#2302,#2303,#2304,#2305,#2306,#2307,#2308,#2309,#2310,#2311),(#2312,#2313,#2314,#2315,#2316,#2317,#2318,#2319,#2320,#2321,#2322,#2323,#2324),(#2325,#2326,#2327,#2328,#2329,#2330,#2331,#2332,#2333,#2334,#2335,#2336,#2337),(#2338,#2339,#2340,#2341,#2342,#2343,#2344,#2345,#2346,#2347,#2348,#2349,#2350),(#2351,#2352,#2353,#2354,#2355,#2356,#2357,#2358,#2359,#2360,#2361,#2362,#2363),(#2364,#2365,#2366,#2367,#2368,#2369,#2370,#2371,#2372,#2373,#2374,#2375,#2376),(#2377,#2378,#2379,#2380,#2381,#2382,#2383,#2384,#2385,#2386,#2387,#2388,#2389),(#2390,#2391,#2392,#2393,#2394,#2395,#2396,#2397,#2398,#2399,#2400,#2401,#2402),(#2403,#2404,#2405,#2406,#2407,#2408,#2409,#2410,#2411,#2412,#2413,#2414,#2415),(#2416,#2417,#2418,#2419,#2420,#2421,#2422,#2423,#2424,#2425,#2426,#2427,#2428),(#2429,#2430,#2431,#2432,#2433,#2434,#2435,#2436,#2437,#2438,#2439,#2440,#2441),(#2442,#2443,#2444,#2445,#2446,#2447,#2448,#2449,#2450,#2451,#2452,#2453,#2454),(#2455,#2456,#2457,#2458,#2459,#2460,#2461,#2462,#2463,#2464,#2465,#2466,#2467),(#2468,#2469,#2470,#2471,#2472,#2473,#2474,#2475,#2476,#2477,#2478,#2479,#2480),(#2481,#2482,#2483,#2484,#2485,#2486,#2487,#2488,#2489,#2490,#2491,#2492,#2493),(#2494,#2495,#2496,#2497,#2498,#2499,#2500,#2501,#2502,#2503,#2504,#2505,#2506),(#2507,#2508,#2509,#2510,#2511,#2512,#2513,#2514,#2515,#2516,#2517,#2518,#2519),(#2520,#2521,#2522,#2523,#2524,#2525,#2526,#2527,#2528,#2529,#2530,#2531,#2532),(#2533,#2534,#2535,#2536,#2537,#2538,#2539,#2540,#2541,#2542,#2543,#2544,#2545),(#2546,#2547,#2548,#2549,#2550,#2551,#2552,#2553,#2554,#2555,#2556,#2557,#2558),(#2559,#2560,#2561,#2562,#2563,#2564,#2565,#2566,#2567,#2568,#2569,#2570,#2571),(#2572,#2573,#2574,#2575,#2576,#2577,#2578,#2579,#2580,#2581,#2582,#2583,#2584),
(#2585,#2586,#2587,#2588,#2589,#2590,#2591,#2592,#2593,#2594,#2595,#2596,#2597),(#2598,#2599,#2600,#2601,#2602,#2603,#2604,#2605,#2606,#2607,#2608,#2609,#2610),(#2611,#2612,#2613,#2614,#2615,#2616,#2617,#2618,#2619,#2620,#2621,#2622,#2623),(#2624,#2625,#2626,#2627,#2628,#2629,#2630,#2631,#2632,#2633,#2634,#2635,#2636),(#2637,#2638,#2639,#2640,#2641,#2642,#2643,#2644,#2645,#2646,#2647,#2648,#2649)),.UNSPECIFIED.,.F.,.F.,.U.,(4,3,3,3,3,3,3,3,3,3,4),(4,3,3,3,4),(0.738340355,0.752919783,0.78380481,0.814689837,0.845574864,0.876459891,0.907344919,0.938229946,0.969114973,1.,1.000000025),(0.616157426,0.62500125,0.640626198,0.656251146,0.664625756),.UNSPECIFIED.);
#2651=ORIENTED_EDGE('',*,*,#671,.T.);
#2652=ORIENTED_EDGE('',*,*,#2241,.T.);
#2653=ORIENTED_EDGE('',*,*,#1744,.T.);
#2654=ORIENTED_EDGE('',*,*,#916,.T.);
#2655=ORIENTED_EDGE('',*,*,#738,.T.);
#2656=ORIENTED_EDGE('',*,*,#1163,.F.);
#2657=ORIENTED_EDGE('',*,*,#1921,.F.);
#2658=EDGE_LOOP('',(#2651,#2652,#2653,#2654,#2655,#2656,#2657));
#2659=FACE_BOUND('',#2658,.T.);
#2660=ADVANCED_FACE('',(#2659),#2650,.T.);
#2661=CARTESIAN_POINT('',(-3.966625842,9.808375288,9.989594353));
#2662=CARTESIAN_POINT('',(-3.469644143,9.101563375,9.989594457));
#2663=CARTESIAN_POINT('',(-2.928223585,8.449848597,9.989594567));
#2664=CARTESIAN_POINT('',(-2.358509715,7.858475695,9.989594677));
#2665=CARTESIAN_POINT('',(-2.240938566,7.736434799,9.989594699));
#2666=CARTESIAN_POINT('',(-2.122176855,7.616953616,9.989594722));
#2667=CARTESIAN_POINT('',(-2.002350439,7.500016557,9.989594744));
#2668=CARTESIAN_POINT('',(-3.96957185,9.80662022,9.993109224));
#2669=CARTESIAN_POINT('',(-3.472497651,9.099653369,9.993109187));
#2670=CARTESIAN_POINT('',(-2.93097448,8.447794452,9.993109147));
#2671=CARTESIAN_POINT('',(-2.361151171,7.856289546,9.993109107));
#2672=CARTESIAN_POINT('',(-2.243557437,7.734221408,9.993109099));
#2673=CARTESIAN_POINT('',(-2.124772854,7.614713499,9.993109091));
#2674=CARTESIAN_POINT('',(-2.004923305,7.497750227,9.993109083));
#2675=CARTESIAN_POINT('',(-3.972525242,9.804860772,9.996622564));
#2676=CARTESIAN_POINT('',(-3.475358399,9.097738534,9.996622492));
#2677=CARTESIAN_POINT('',(-2.933732437,8.445735038,9.996622415));
#2678=CARTESIAN_POINT('',(-2.363799484,7.854097709,9.996622339));
#2679=CARTESIAN_POINT('',(-2.246183124,7.732002243,9.996622323));
#2680=CARTESIAN_POINT('',(-2.127375625,7.612467522,9.996622307));
#2681=CARTESIAN_POINT('',(-2.007502898,7.495477952,9.996622292));
#2682=CARTESIAN_POINT('',(-3.975486095,9.803096931,10.000134348));
#2683=CARTESIAN_POINT('',(-3.47822646,9.095818854,10.000134347));
#2684=CARTESIAN_POINT('',(-2.936497532,8.443670337,10.000134345));
#2685=CARTESIAN_POINT('',(-2.366454728,7.851900164,10.000134343));
#2686=CARTESIAN_POINT('',(-2.248815697,7.729777283,10.000134342));
#2687=CARTESIAN_POINT('',(-2.129985238,7.610215664,10.000134342));
#2688=CARTESIAN_POINT('',(-2.010089288,7.493199711,10.000134342));
#2689=CARTESIAN_POINT('',(-3.979573927,9.800541035,10.005053726));
#2690=CARTESIAN_POINT('',(-3.482179754,9.093047859,10.005053725));
#2691=CARTESIAN_POINT('',(-2.940302385,8.440699695,10.005053723));
#2692=CARTESIAN_POINT('',(-2.37010189,7.848747119,10.005053721));
#2693=CARTESIAN_POINT('',(-2.252430317,7.726586596,10.00505372));
#2694=CARTESIAN_POINT('',(-2.133566926,7.606988066,10.00505372));
#2695=CARTESIAN_POINT('',(-2.013637692,7.489935932,10.00505372));
#2696=CARTESIAN_POINT('',(-3.983661748,9.797985121,10.009973105));
#2697=CARTESIAN_POINT('',(-3.486133034,9.090276846,10.009973104));
#2698=CARTESIAN_POINT('',(-2.944107224,8.437729035,10.009973102));
#2699=CARTESIAN_POINT('',(-2.373749038,7.845594058,10.0099731));
#2700=CARTESIAN_POINT('',(-2.256044922,7.723395893,10.009973099));
#2701=CARTESIAN_POINT('',(-2.137148599,7.603760453,10.009973099));
#2702=CARTESIAN_POINT('',(-2.01718608,7.486672138,10.009973099));
#2703=CARTESIAN_POINT('',(-3.987749556,9.795429189,10.014892485));
#2704=CARTESIAN_POINT('',(-3.4900863,9.087505816,10.014892483));
#2705=CARTESIAN_POINT('',(-2.947912048,8.43475836,10.014892482));
#2706=CARTESIAN_POINT('',(-2.37739617,7.842440982,10.01489248));
#2707=CARTESIAN_POINT('',(-2.259659512,7.720205175,10.014892479));
#2708=CARTESIAN_POINT('',(-2.140730257,7.600532825,10.014892479));
#2709=CARTESIAN_POINT('',(-2.020734453,7.483408328,10.014892478));
#2710=CARTESIAN_POINT('',(-4.145151648,9.697012377,10.204314454));
#2711=CARTESIAN_POINT('',(-3.642307843,8.980806604,10.204314452));
#2712=CARTESIAN_POINT('',(-3.094417789,8.320371733,10.20431445));
#2713=CARTESIAN_POINT('',(-2.517829942,7.721030968,10.204314448));
#2714=CARTESIAN_POINT('',(-2.398840219,7.597345753,10.204314448));
#2715=CARTESIAN_POINT('',(-2.2786429,7.476252169,10.204314447));
#2716=CARTESIAN_POINT('',(-2.157365462,7.357734514,10.204314447));
#2717=CARTESIAN_POINT('',(-4.30253557,9.598569066,10.393737605));
#2718=CARTESIAN_POINT('',(-3.794509822,8.874081849,10.393737604));
#2719=CARTESIAN_POINT('',(-3.240902677,8.205960607,10.393737602));
#2720=CARTESIAN_POINT('',(-2.658241692,7.599597557,10.3937376));
#2721=CARTESIAN_POINT('',(-2.537998663,7.474463162,10.3937376));
#2722=CARTESIAN_POINT('',(-2.416533043,7.351948574,10.393737599));
#2723=CARTESIAN_POINT('',(-2.29397374,7.232037991,10.393737599));
#2724=CARTESIAN_POINT('',(-4.459903235,9.500101976,10.58316178));
#2725=CARTESIAN_POINT('',(-3.946694293,8.767334171,10.583161778));
#2726=CARTESIAN_POINT('',(-3.387368902,8.091527494,10.583161776));
#2727=CARTESIAN_POINT('',(-2.798633728,7.478143144,10.583161774));
#2728=CARTESIAN_POINT('',(-2.677137176,7.351559772,10.583161774));
#2729=CARTESIAN_POINT('',(-2.554403043,7.227624385,10.583161773));
#2730=CARTESIAN_POINT('',(-2.430561667,7.106321083,10.583161773));
#2731=CARTESIAN_POINT('',(-4.459936194,9.500081353,10.583201452));
#2732=CARTESIAN_POINT('',(-3.946726166,8.767311814,10.583201451));
#2733=CARTESIAN_POINT('',(-3.387399577,8.091503527,10.583201449));
#2734=CARTESIAN_POINT('',(-2.798663131,7.478117707,10.583201447));
#2735=CARTESIAN_POINT('',(-2.677166317,7.351534031,10.583201446));
#2736=CARTESIAN_POINT('',(-2.554431918,7.227598347,10.583201446));
#2737=CARTESIAN_POINT('',(-2.430590274,7.106294753,10.583201446));
#2738=CARTESIAN_POINT('',(-4.459969153,9.50006073,10.583241125));
#2739=CARTESIAN_POINT('',(-3.94675804,8.767289457,10.583241123));
#2740=CARTESIAN_POINT('',(-3.387430253,8.09147956,10.583241121));
#2741=CARTESIAN_POINT('',(-2.798692535,7.478092269,10.583241119));
#2742=CARTESIAN_POINT('',(-2.677195458,7.35150829,10.583241119));
#2743=CARTESIAN_POINT('',(-2.554460793,7.227572309,10.583241119));
#2744=CARTESIAN_POINT('',(-2.430618881,7.106268423,10.583241118));
#2745=CARTESIAN_POINT('',(-4.460002112,9.500040108,10.583280798));
#2746=CARTESIAN_POINT('',(-3.946789913,8.7672671,10.583280796));
#2747=CARTESIAN_POINT('',(-3.387460929,8.091455594,10.583280794));
#2748=CARTESIAN_POINT('',(-2.798721938,7.478066832,10.583280792));
#2749=CARTESIAN_POINT('',(-2.677224599,7.35148255,10.583280792));
#2750=CARTESIAN_POINT('',(-2.554489668,7.227546271,10.583280791));
#2751=CARTESIAN_POINT('',(-2.430647487,7.106242093,10.583280791));
#2752=B_SPLINE_SURFACE_WITH_KNOTS('',3,3,((#2661,#2662,#2663,#2664,#2665,#2666,#2667),(#2668,#2669,#2670,#2671,#2672,#2673,#2674),(#2675,#2676,#2677,#2678,#2679,#2680,#2681),(#2682,#2683,#2684,#2685,#2686,#2687,#2688),(#2689,#2690,#2691,#2692,#2693,#2694,#2695),(#2696,#2697,#2698,#2699,#2700,#2701,#2702),(#2703,#2704,#2705,#2706,#2707,#2708,#2709),(#2710,#2711,#2712,#2713,#2714,#2715,#2716),(#2717,#2718,#2719,#2720,#2721,#2722,#2723),(#2724,#2725,#2726,#2727,#2728,#2729,#2730),(#2731,#2732,#2733,#2734,#2735,#2736,#2737),(#2738,#2739,#2740,#2741,#2742,#2743,#2744),(#2745,#2746,#2747,#2748,#2749,#2750,#2751)),.UNSPECIFIED.,.F.,.F.,.U.,(4,3,3,3,4),(4,3,4),(0.,0.000735821,0.001471642,0.029804617,0.029810551),(0.822358601,0.843750521,0.848165145),.UNSPECIFIED.);
#2753=ORIENTED_EDGE('',*,*,#1044,.T.);
#2754=CARTESIAN_POINT('',(-4.460057003,9.5,10.583161779));
#2755=CARTESIAN_POINT('',(-3.965047263,8.792966445,10.583161778));
#2756=CARTESIAN_POINT('',(-3.416097128,8.123716653,10.583161776));
#2757=CARTESIAN_POINT('',(-2.819574901,7.5,10.583161774));
#2758=B_SPLINE_CURVE_WITH_KNOTS('',3,(#2754,#2755,#2756,#2757),.UNSPECIFIED.,.F.,.F.,(4,4),(0.049248088,0.051837178),.UNSPECIFIED.);
#2759=EDGE_CURVE('',#1031,#1252,#2758,.T.);
#2760=ORIENTED_EDGE('',*,*,#2759,.T.);
#2761=ORIENTED_EDGE('',*,*,#1329,.T.);
#2762=CARTESIAN_POINT('',(-2.002403718,7.500068551,9.989594744));
#2763=CARTESIAN_POINT('',(-2.617530778,8.100368597,9.989594629));
#2764=CARTESIAN_POINT('',(-3.204746503,8.76885671,9.989594511));
#2765=CARTESIAN_POINT('',(-3.744712219,9.500374636,9.989594399));
#2766=B_SPLINE_CURVE_WITH_KNOTS('',3,(#2762,#2763,#2764,#2765),.UNSPECIFIED.,.F.,.F.,(4,4),(0.825502026,0.848164491),.UNSPECIFIED.);
#2767=EDGE_CURVE('',#1310,#1038,#2766,.T.);
#2768=ORIENTED_EDGE('',*,*,#2767,.T.);
#2769=EDGE_LOOP('',(#2753,#2760,#2761,#2768));
#2770=FACE_BOUND('',#2769,.T.);
#2771=ADVANCED_FACE('',(#2770),#2752,.T.);
#2772=CARTESIAN_POINT('',(1.608968306,2.872131744,-0.5));
#2773=CARTESIAN_POINT('',(-4.668407728,9.296413691,-0.5));
#2774=CARTESIAN_POINT('',(5.377835983,6.554815635,-0.5));
#2775=CARTESIAN_POINT('',(-0.899540051,12.979097581,-0.5));
#2776=B_SPLINE_SURFACE_WITH_KNOTS('',1,1,((#2772,#2773),(#2774,#2775)),.UNSPECIFIED.,.F.,.F.,.U.,(2,2),(2,2),(-0.016814685,-0.01154529),(-0.005965774,0.003016256),.UNSPECIFIED.);
#2777=ORIENTED_EDGE('',*,*,#1104,.T.);
#2778=CARTESIAN_POINT('',(-4.460057003,9.5,-0.5));
#2779=CARTESIAN_POINT('',(-3.58619328,8.251840926,-0.5));
#2780=CARTESIAN_POINT('',(-2.544123544,7.122416074,-0.5));
#2781=CARTESIAN_POINT('',(-1.369599168,6.15084373,-0.5));
#2782=CARTESIAN_POINT('',(-0.195074793,5.179271386,-0.5));
#2783=CARTESIAN_POINT('',(1.110400315,4.367018336,-0.5));
#2784=CARTESIAN_POINT('',(2.499999998,3.742787959,-0.5));
#2785=B_SPLINE_CURVE_WITH_KNOTS('',3,(#2778,#2779,#2780,#2781,#2782,#2783,#2784),.UNSPECIFIED.,.F.,.F.,(4,3,4),(0.103667041,0.108236672,0.112806303),.UNSPECIFIED.);
#2786=EDGE_CURVE('',#1095,#771,#2785,.T.);
#2787=ORIENTED_EDGE('',*,*,#2786,.T.);
#2788=ORIENTED_EDGE('',*,*,#775,.F.);
#2789=EDGE_LOOP('',(#2777,#2787,#2788));
#2790=FACE_BOUND('',#2789,.T.);
#2791=ADVANCED_FACE('',(#2790),#2776,.T.);
#2792=CARTESIAN_POINT('',(2.500000268,3.742788555,2.416838202));
#2793=CARTESIAN_POINT('',(2.500000268,3.742788555,2.178572477));
#2794=CARTESIAN_POINT('',(2.500000268,3.742788555,1.940306753));
#2795=CARTESIAN_POINT('',(2.500000268,3.742788555,1.702041028));
#2796=CARTESIAN_POINT('',(2.500000268,3.742788555,1.668367523));
#2797=CARTESIAN_POINT('',(2.500000268,3.742788555,1.634694019));
#2798=CARTESIAN_POINT('',(2.500000268,3.742788555,1.601020514));
#2799=CARTESIAN_POINT('',(2.500000268,3.742788555,1.567347009));
#2800=CARTESIAN_POINT('',(2.500000268,3.742788555,1.533673505));
#2801=CARTESIAN_POINT('',(2.500000268,3.742788555,1.5));
#2802=CARTESIAN_POINT('',(2.500000268,3.742788555,1.466326495));
#2803=CARTESIAN_POINT('',(2.500000268,3.742788555,1.432652991));
#2804=CARTESIAN_POINT('',(2.500000268,3.742788555,1.398979486));
#2805=CARTESIAN_POINT('',(2.500000268,3.742788555,0.765986324));
#2806=CARTESIAN_POINT('',(2.500000268,3.742788555,0.132993162));
#2807=CARTESIAN_POINT('',(2.500000268,3.742788555,-0.5));
#2808=CARTESIAN_POINT('',(2.478114898,3.75261935,2.416838202));
#2809=CARTESIAN_POINT('',(2.478114898,3.75261935,2.178572477));
#2810=CARTESIAN_POINT('',(2.478114898,3.75261935,1.940306753));
#2811=CARTESIAN_POINT('',(2.478114898,3.75261935,1.702041028));
#2812=CARTESIAN_POINT('',(2.478114898,3.75261935,1.668367523));
#2813=CARTESIAN_POINT('',(2.478114898,3.75261935,1.634694019));
#2814=CARTESIAN_POINT('',(2.478114898,3.75261935,1.601020514));
#2815=CARTESIAN_POINT('',(2.478114898,3.75261935,1.567347009));
#2816=CARTESIAN_POINT('',(2.478114898,3.75261935,1.533673505));
#2817=CARTESIAN_POINT('',(2.478114898,3.75261935,1.5));
#2818=CARTESIAN_POINT('',(2.478114898,3.75261935,1.466326495));
#2819=CARTESIAN_POINT('',(2.478114898,3.75261935,1.432652991));
#2820=CARTESIAN_POINT('',(2.478114898,3.75261935,1.398979486));
#2821=CARTESIAN_POINT('',(2.478114898,3.75261935,0.765986324));
#2822=CARTESIAN_POINT('',(2.478114898,3.75261935,0.132993162));
#2823=CARTESIAN_POINT('',(2.478114898,3.75261935,-0.5));
#2824=CARTESIAN_POINT('',(2.456260441,3.762492146,2.416838202));
#2825=CARTESIAN_POINT('',(2.456260441,3.762492146,2.178572477));
#2826=CARTESIAN_POINT('',(2.456260441,3.762492146,1.940306753));
#2827=CARTESIAN_POINT('',(2.456260441,3.762492146,1.702041028));
#2828=CARTESIAN_POINT('',(2.456260441,3.762492146,1.668367523));
#2829=CARTESIAN_POINT('',(2.456260441,3.762492146,1.634694019));
#2830=CARTESIAN_POINT('',(2.456260441,3.762492146,1.601020514));
#2831=CARTESIAN_POINT('',(2.456260441,3.762492146,1.567347009));
#2832=CARTESIAN_POINT('',(2.456260441,3.762492146,1.533673505));
#2833=CARTESIAN_POINT('',(2.456260441,3.762492146,1.5));
#2834=CARTESIAN_POINT('',(2.456260441,3.762492146,1.466326495));
#2835=CARTESIAN_POINT('',(2.456260441,3.762492146,1.432652991));
#2836=CARTESIAN_POINT('',(2.456260441,3.762492146,1.398979486));
#2837=CARTESIAN_POINT('',(2.456260441,3.762492146,0.765986324));
#2838=CARTESIAN_POINT('',(2.456260441,3.762492146,0.132993162));
#2839=CARTESIAN_POINT('',(2.456260441,3.762492146,-0.5));
#2840=CARTESIAN_POINT('',(2.434437158,3.772406717,2.416838202));
#2841=CARTESIAN_POINT('',(2.434437158,3.772406717,2.178572477));
#2842=CARTESIAN_POINT('',(2.434437158,3.772406717,1.940306753));
#2843=CARTESIAN_POINT('',(2.434437158,3.772406717,1.702041028));
#2844=CARTESIAN_POINT('',(2.434437158,3.772406717,1.668367523));
#2845=CARTESIAN_POINT('',(2.434437158,3.772406717,1.634694019));
#2846=CARTESIAN_POINT('',(2.434437158,3.772406717,1.601020514));
#2847=CARTESIAN_POINT('',(2.434437158,3.772406717,1.567347009));
#2848=CARTESIAN_POINT('',(2.434437158,3.772406717,1.533673505));
#2849=CARTESIAN_POINT('',(2.434437158,3.772406717,1.5));
#2850=CARTESIAN_POINT('',(2.434437158,3.772406717,1.466326495));
#2851=CARTESIAN_POINT('',(2.434437158,3.772406717,1.432652991));
#2852=CARTESIAN_POINT('',(2.434437158,3.772406717,1.398979486));
#2853=CARTESIAN_POINT('',(2.434437158,3.772406717,0.765986324));
#2854=CARTESIAN_POINT('',(2.434437158,3.772406717,0.132993162));
#2855=CARTESIAN_POINT('',(2.434437158,3.772406717,-0.5));
#2856=CARTESIAN_POINT('',(1.723117506,4.095567493,2.416838202));
#2857=CARTESIAN_POINT('',(1.723117506,4.095567493,2.178572477));
#2858=CARTESIAN_POINT('',(1.723117506,4.095567493,1.940306753));
#2859=CARTESIAN_POINT('',(1.723117506,4.095567493,1.702041028));
#2860=CARTESIAN_POINT('',(1.723117506,4.095567493,1.668367523));
#2861=CARTESIAN_POINT('',(1.723117506,4.095567493,1.634694019));
#2862=CARTESIAN_POINT('',(1.723117506,4.095567493,1.601020514));
#2863=CARTESIAN_POINT('',(1.723117506,4.095567493,1.567347009));
#2864=CARTESIAN_POINT('',(1.723117506,4.095567493,1.533673505));
#2865=CARTESIAN_POINT('',(1.723117506,4.095567493,1.5));
#2866=CARTESIAN_POINT('',(1.723117506,4.095567493,1.466326495));
#2867=CARTESIAN_POINT('',(1.723117506,4.095567493,1.432652991));
#2868=CARTESIAN_POINT('',(1.723117506,4.095567493,1.398979486));
#2869=CARTESIAN_POINT('',(1.723117506,4.095567493,0.765986324));
#2870=CARTESIAN_POINT('',(1.723117506,4.095567493,0.132993162));
#2871=CARTESIAN_POINT('',(1.723117506,4.095567493,-0.5));
#2872=CARTESIAN_POINT('',(1.044939432,4.463036813,2.416838202));
#2873=CARTESIAN_POINT('',(1.044939432,4.463036813,2.178572477));
#2874=CARTESIAN_POINT('',(1.044939432,4.463036813,1.940306753));
#2875=CARTESIAN_POINT('',(1.044939432,4.463036813,1.702041028));
#2876=CARTESIAN_POINT('',(1.044939432,4.463036813,1.668367523));
#2877=CARTESIAN_POINT('',(1.044939432,4.463036813,1.634694019));
#2878=CARTESIAN_POINT('',(1.044939432,4.463036813,1.601020514));
#2879=CARTESIAN_POINT('',(1.044939432,4.463036813,1.567347009));
#2880=CARTESIAN_POINT('',(1.044939432,4.463036813,1.533673505));
#2881=CARTESIAN_POINT('',(1.044939432,4.463036813,1.5));
#2882=CARTESIAN_POINT('',(1.044939432,4.463036813,1.466326495));
#2883=CARTESIAN_POINT('',(1.044939432,4.463036813,1.432652991));
#2884=CARTESIAN_POINT('',(1.044939432,4.463036813,1.398979486));
#2885=CARTESIAN_POINT('',(1.044939432,4.463036813,0.765986324));
#2886=CARTESIAN_POINT('',(1.044939432,4.463036813,0.132993162));
#2887=CARTESIAN_POINT('',(1.044939432,4.463036813,-0.5));
#2888=CARTESIAN_POINT('',(0.406099897,4.8654032,2.416838202));
#2889=CARTESIAN_POINT('',(0.406099897,4.8654032,2.178572477));
#2890=CARTESIAN_POINT('',(0.406099897,4.8654032,1.940306753));
#2891=CARTESIAN_POINT('',(0.406099897,4.8654032,1.702041028));
#2892=CARTESIAN_POINT('',(0.406099897,4.8654032,1.668367523));
#2893=CARTESIAN_POINT('',(0.406099897,4.8654032,1.634694019));
#2894=CARTESIAN_POINT('',(0.406099897,4.8654032,1.601020514));
#2895=CARTESIAN_POINT('',(0.406099897,4.8654032,1.567347009));
#2896=CARTESIAN_POINT('',(0.406099897,4.8654032,1.533673505));
#2897=CARTESIAN_POINT('',(0.406099897,4.8654032,1.5));
#2898=CARTESIAN_POINT('',(0.406099897,4.8654032,1.466326495));
#2899=CARTESIAN_POINT('',(0.406099897,4.8654032,1.432652991));
#2900=CARTESIAN_POINT('',(0.406099897,4.8654032,1.398979486));
#2901=CARTESIAN_POINT('',(0.406099897,4.8654032,0.765986324));
#2902=CARTESIAN_POINT('',(0.406099897,4.8654032,0.132993162));
#2903=CARTESIAN_POINT('',(0.406099897,4.8654032,-0.5));
#2904=CARTESIAN_POINT('',(-0.232739638,5.267769587,2.416838202));
#2905=CARTESIAN_POINT('',(-0.232739638,5.267769587,2.178572477));
#2906=CARTESIAN_POINT('',(-0.232739638,5.267769587,1.940306753));
#2907=CARTESIAN_POINT('',(-0.232739638,5.267769587,1.702041028));
#2908=CARTESIAN_POINT('',(-0.232739638,5.267769587,1.668367523));
#2909=CARTESIAN_POINT('',(-0.232739638,5.267769587,1.634694019));
#2910=CARTESIAN_POINT('',(-0.232739638,5.267769587,1.601020514));
#2911=CARTESIAN_POINT('',(-0.232739638,5.267769587,1.567347009));
#2912=CARTESIAN_POINT('',(-0.232739638,5.267769587,1.533673505));
#2913=CARTESIAN_POINT('',(-0.232739638,5.267769587,1.5));
#2914=CARTESIAN_POINT('',(-0.232739638,5.267769587,1.466326495));
#2915=CARTESIAN_POINT('',(-0.232739638,5.267769587,1.432652991));
#2916=CARTESIAN_POINT('',(-0.232739638,5.267769587,1.398979486));
#2917=CARTESIAN_POINT('',(-0.232739638,5.267769587,0.765986324));
#2918=CARTESIAN_POINT('',(-0.232739638,5.267769587,0.132993162));
#2919=CARTESIAN_POINT('',(-0.232739638,5.267769587,-0.5));
#2920=CARTESIAN_POINT('',(-0.832248255,5.704964226,2.416838202));
#2921=CARTESIAN_POINT('',(-0.832248255,5.704964226,2.178572477));
#2922=CARTESIAN_POINT('',(-0.832248255,5.704964226,1.940306753));
#2923=CARTESIAN_POINT('',(-0.832248255,5.704964226,1.702041028));
#2924=CARTESIAN_POINT('',(-0.832248255,5.704964226,1.668367523));
#2925=CARTESIAN_POINT('',(-0.832248255,5.704964226,1.634694019));
#2926=CARTESIAN_POINT('',(-0.832248255,5.704964226,1.601020514));
#2927=CARTESIAN_POINT('',(-0.832248255,5.704964226,1.567347009));
#2928=CARTESIAN_POINT('',(-0.832248255,5.704964226,1.533673505));
#2929=CARTESIAN_POINT('',(-0.832248255,5.704964226,1.5));
#2930=CARTESIAN_POINT('',(-0.832248255,5.704964226,1.466326495));
#2931=CARTESIAN_POINT('',(-0.832248255,5.704964226,1.432652991));
#2932=CARTESIAN_POINT('',(-0.832248255,5.704964226,1.398979486));
#2933=CARTESIAN_POINT('',(-0.832248255,5.704964226,0.765986324));
#2934=CARTESIAN_POINT('',(-0.832248255,5.704964226,0.132993162));
#2935=CARTESIAN_POINT('',(-0.832248255,5.704964226,-0.5));
#2936=CARTESIAN_POINT('',(-1.389181119,6.167066699,2.416838202));
#2937=CARTESIAN_POINT('',(-1.389181119,6.167066699,2.178572477));
#2938=CARTESIAN_POINT('',(-1.389181119,6.167066699,1.940306753));
#2939=CARTESIAN_POINT('',(-1.389181119,6.167066699,1.702041028));
#2940=CARTESIAN_POINT('',(-1.389181119,6.167066699,1.668367523));
#2941=CARTESIAN_POINT('',(-1.389181119,6.167066699,1.634694019));
#2942=CARTESIAN_POINT('',(-1.389181119,6.167066699,1.601020514));
#2943=CARTESIAN_POINT('',(-1.389181119,6.167066699,1.567347009));
#2944=CARTESIAN_POINT('',(-1.389181119,6.167066699,1.533673505));
#2945=CARTESIAN_POINT('',(-1.389181119,6.167066699,1.5));
#2946=CARTESIAN_POINT('',(-1.389181119,6.167066699,1.466326495));
#2947=CARTESIAN_POINT('',(-1.389181119,6.167066699,1.432652991));
#2948=CARTESIAN_POINT('',(-1.389181119,6.167066699,1.398979486));
#2949=CARTESIAN_POINT('',(-1.389181119,6.167066699,0.765986324));
#2950=CARTESIAN_POINT('',(-1.389181119,6.167066699,0.132993162));
#2951=CARTESIAN_POINT('',(-1.389181119,6.167066699,-0.5));
#2952=CARTESIAN_POINT('',(-1.946113983,6.629169172,2.416838202));
#2953=CARTESIAN_POINT('',(-1.946113983,6.629169172,2.178572477));
#2954=CARTESIAN_POINT('',(-1.946113983,6.629169172,1.940306753));
#2955=CARTESIAN_POINT('',(-1.946113983,6.629169172,1.702041028));
#2956=CARTESIAN_POINT('',(-1.946113983,6.629169172,1.668367523));
#2957=CARTESIAN_POINT('',(-1.946113983,6.629169172,1.634694019));
#2958=CARTESIAN_POINT('',(-1.946113983,6.629169172,1.601020514));
#2959=CARTESIAN_POINT('',(-1.946113983,6.629169172,1.567347009));
#2960=CARTESIAN_POINT('',(-1.946113983,6.629169172,1.533673505));
#2961=CARTESIAN_POINT('',(-1.946113983,6.629169172,1.5));
#2962=CARTESIAN_POINT('',(-1.946113983,6.629169172,1.466326495));
#2963=CARTESIAN_POINT('',(-1.946113983,6.629169172,1.432652991));
#2964=CARTESIAN_POINT('',(-1.946113983,6.629169172,1.398979486));
#2965=CARTESIAN_POINT('',(-1.946113983,6.629169172,0.765986324));
#2966=CARTESIAN_POINT('',(-1.946113983,6.629169172,0.132993162));
#2967=CARTESIAN_POINT('',(-1.946113983,6.629169172,-0.5));
#2968=CARTESIAN_POINT('',(-2.46050042,7.116125946,2.416838202));
#2969=CARTESIAN_POINT('',(-2.46050042,7.116125946,2.178572477));
#2970=CARTESIAN_POINT('',(-2.46050042,7.116125946,1.940306753));
#2971=CARTESIAN_POINT('',(-2.46050042,7.116125946,1.702041028));
#2972=CARTESIAN_POINT('',(-2.46050042,7.116125946,1.668367523));
#2973=CARTESIAN_POINT('',(-2.46050042,7.116125946,1.634694019));
#2974=CARTESIAN_POINT('',(-2.46050042,7.116125946,1.601020514));
#2975=CARTESIAN_POINT('',(-2.46050042,7.116125946,1.567347009));
#2976=CARTESIAN_POINT('',(-2.46050042,7.116125946,1.533673505));
#2977=CARTESIAN_POINT('',(-2.46050042,7.116125946,1.5));
#2978=CARTESIAN_POINT('',(-2.46050042,7.116125946,1.466326495));
#2979=CARTESIAN_POINT('',(-2.46050042,7.116125946,1.432652991));
#2980=CARTESIAN_POINT('',(-2.46050042,7.116125946,1.398979486));
#2981=CARTESIAN_POINT('',(-2.46050042,7.116125946,0.765986324));
#2982=CARTESIAN_POINT('',(-2.46050042,7.116125946,0.132993162));
#2983=CARTESIAN_POINT('',(-2.46050042,7.116125946,-0.5));
#2984=CARTESIAN_POINT('',(-2.931760768,7.618432653,2.416838202));
#2985=CARTESIAN_POINT('',(-2.931760768,7.618432653,2.178572477));
#2986=CARTESIAN_POINT('',(-2.931760768,7.618432653,1.940306753));
#2987=CARTESIAN_POINT('',(-2.931760768,7.618432653,1.702041028));
#2988=CARTESIAN_POINT('',(-2.931760768,7.618432653,1.668367523));
#2989=CARTESIAN_POINT('',(-2.931760768,7.618432653,1.634694019));
#2990=CARTESIAN_POINT('',(-2.931760768,7.618432653,1.601020514));
#2991=CARTESIAN_POINT('',(-2.931760768,7.618432653,1.567347009));
#2992=CARTESIAN_POINT('',(-2.931760768,7.618432653,1.533673505));
#2993=CARTESIAN_POINT('',(-2.931760768,7.618432653,1.5));
#2994=CARTESIAN_POINT('',(-2.931760768,7.618432653,1.466326495));
#2995=CARTESIAN_POINT('',(-2.931760768,7.618432653,1.432652991));
#2996=CARTESIAN_POINT('',(-2.931760768,7.618432653,1.398979486));
#2997=CARTESIAN_POINT('',(-2.931760768,7.618432653,0.765986324));
#2998=CARTESIAN_POINT('',(-2.931760768,7.618432653,0.132993162));
#2999=CARTESIAN_POINT('',(-2.931760768,7.618432653,-0.5));
#3000=CARTESIAN_POINT('',(-3.403021117,8.12073936,2.416838202));
#3001=CARTESIAN_POINT('',(-3.403021117,8.12073936,2.178572477));
#3002=CARTESIAN_POINT('',(-3.403021117,8.12073936,1.940306753));
#3003=CARTESIAN_POINT('',(-3.403021117,8.12073936,1.702041028));
#3004=CARTESIAN_POINT('',(-3.403021117,8.12073936,1.668367523));
#3005=CARTESIAN_POINT('',(-3.403021117,8.12073936,1.634694019));
#3006=CARTESIAN_POINT('',(-3.403021117,8.12073936,1.601020514));
#3007=CARTESIAN_POINT('',(-3.403021117,8.12073936,1.567347009));
#3008=CARTESIAN_POINT('',(-3.403021117,8.12073936,1.533673505));
#3009=CARTESIAN_POINT('',(-3.403021117,8.12073936,1.5));
#3010=CARTESIAN_POINT('',(-3.403021117,8.12073936,1.466326495));
#3011=CARTESIAN_POINT('',(-3.403021117,8.12073936,1.432652991));
#3012=CARTESIAN_POINT('',(-3.403021117,8.12073936,1.398979486));
#3013=CARTESIAN_POINT('',(-3.403021117,8.12073936,0.765986324));
#3014=CARTESIAN_POINT('',(-3.403021117,8.12073936,0.132993162));
#3015=CARTESIAN_POINT('',(-3.403021117,8.12073936,-0.5));
#3016=CARTESIAN_POINT('',(-3.831195801,8.638362217,2.416838202));
#3017=CARTESIAN_POINT('',(-3.831195801,8.638362217,2.178572477));
#3018=CARTESIAN_POINT('',(-3.831195801,8.638362217,1.940306753));
#3019=CARTESIAN_POINT('',(-3.831195801,8.638362217,1.702041028));
#3020=CARTESIAN_POINT('',(-3.831195801,8.638362217,1.668367523));
#3021=CARTESIAN_POINT('',(-3.831195801,8.638362217,1.634694019));
#3022=CARTESIAN_POINT('',(-3.831195801,8.638362217,1.601020514));
#3023=CARTESIAN_POINT('',(-3.831195801,8.638362217,1.567347009));
#3024=CARTESIAN_POINT('',(-3.831195801,8.638362217,1.533673505));
#3025=CARTESIAN_POINT('',(-3.831195801,8.638362217,1.5));
#3026=CARTESIAN_POINT('',(-3.831195801,8.638362217,1.466326495));
#3027=CARTESIAN_POINT('',(-3.831195801,8.638362217,1.432652991));
#3028=CARTESIAN_POINT('',(-3.831195801,8.638362217,1.398979486));
#3029=CARTESIAN_POINT('',(-3.831195801,8.638362217,0.765986324));
#3030=CARTESIAN_POINT('',(-3.831195801,8.638362217,0.132993162));
#3031=CARTESIAN_POINT('',(-3.831195801,8.638362217,-0.5));
#3032=CARTESIAN_POINT('',(-4.217837063,9.162869127,2.416838202));
#3033=CARTESIAN_POINT('',(-4.217837063,9.162869127,2.178572477));
#3034=CARTESIAN_POINT('',(-4.217837063,9.162869127,1.940306753));
#3035=CARTESIAN_POINT('',(-4.217837063,9.162869127,1.702041028));
#3036=CARTESIAN_POINT('',(-4.217837063,9.162869127,1.668367523));
#3037=CARTESIAN_POINT('',(-4.217837063,9.162869127,1.634694019));
#3038=CARTESIAN_POINT('',(-4.217837063,9.162869127,1.601020514));
#3039=CARTESIAN_POINT('',(-4.217837063,9.162869127,1.567347009));
#3040=CARTESIAN_POINT('',(-4.217837063,9.162869127,1.533673505));
#3041=CARTESIAN_POINT('',(-4.217837063,9.162869127,1.5));
#3042=CARTESIAN_POINT('',(-4.217837063,9.162869127,1.466326495));
#3043=CARTESIAN_POINT('',(-4.217837063,9.162869127,1.432652991));
#3044=CARTESIAN_POINT('',(-4.217837063,9.162869127,1.398979486));
#3045=CARTESIAN_POINT('',(-4.217837063,9.162869127,0.765986324));
#3046=CARTESIAN_POINT('',(-4.217837063,9.162869127,0.132993162));
#3047=CARTESIAN_POINT('',(-4.217837063,9.162869127,-0.5));
#3048=CARTESIAN_POINT('',(-4.300461624,9.274955335,2.416838202));
#3049=CARTESIAN_POINT('',(-4.300461624,9.274955335,2.178572477));
#3050=CARTESIAN_POINT('',(-4.300461624,9.274955335,1.940306753));
#3051=CARTESIAN_POINT('',(-4.300461624,9.274955335,1.702041028));
#3052=CARTESIAN_POINT('',(-4.300461624,9.274955335,1.668367523));
#3053=CARTESIAN_POINT('',(-4.300461624,9.274955335,1.634694019));
#3054=CARTESIAN_POINT('',(-4.300461624,9.274955335,1.601020514));
#3055=CARTESIAN_POINT('',(-4.300461624,9.274955335,1.567347009));
#3056=CARTESIAN_POINT('',(-4.300461624,9.274955335,1.533673505));
#3057=CARTESIAN_POINT('',(-4.300461624,9.274955335,1.5));
#3058=CARTESIAN_POINT('',(-4.300461624,9.274955335,1.466326495));
#3059=CARTESIAN_POINT('',(-4.300461624,9.274955335,1.432652991));
#3060=CARTESIAN_POINT('',(-4.300461624,9.274955335,1.398979486));
#3061=CARTESIAN_POINT('',(-4.300461624,9.274955335,0.765986324));
#3062=CARTESIAN_POINT('',(-4.300461624,9.274955335,0.132993162));
#3063=CARTESIAN_POINT('',(-4.300461624,9.274955335,-0.5));
#3064=CARTESIAN_POINT('',(-4.381191401,9.387355234,2.416838202));
#3065=CARTESIAN_POINT('',(-4.381191401,9.387355234,2.178572477));
#3066=CARTESIAN_POINT('',(-4.381191401,9.387355234,1.940306753));
#3067=CARTESIAN_POINT('',(-4.381191401,9.387355234,1.702041028));
#3068=CARTESIAN_POINT('',(-4.381191401,9.387355234,1.668367523));
#3069=CARTESIAN_POINT('',(-4.381191401,9.387355234,1.634694019));
#3070=CARTESIAN_POINT('',(-4.381191401,9.387355234,1.601020514));
#3071=CARTESIAN_POINT('',(-4.381191401,9.387355234,1.567347009));
#3072=CARTESIAN_POINT('',(-4.381191401,9.387355234,1.533673505));
#3073=CARTESIAN_POINT('',(-4.381191401,9.387355234,1.5));
#3074=CARTESIAN_POINT('',(-4.381191401,9.387355234,1.466326495));
#3075=CARTESIAN_POINT('',(-4.381191401,9.387355234,1.432652991));
#3076=CARTESIAN_POINT('',(-4.381191401,9.387355234,1.398979486));
#3077=CARTESIAN_POINT('',(-4.381191401,9.387355234,0.765986324));
#3078=CARTESIAN_POINT('',(-4.381191401,9.387355234,0.132993162));
#3079=CARTESIAN_POINT('',(-4.381191401,9.387355234,-0.5));
#3080=CARTESIAN_POINT('',(-4.460056234,9.500000538,2.416838202));
#3081=CARTESIAN_POINT('',(-4.460056234,9.500000538,2.178572477));
#3082=CARTESIAN_POINT('',(-4.460056234,9.500000538,1.940306753));
#3083=CARTESIAN_POINT('',(-4.460056234,9.500000538,1.702041028));
#3084=CARTESIAN_POINT('',(-4.460056234,9.500000538,1.668367523));
#3085=CARTESIAN_POINT('',(-4.460056234,9.500000538,1.634694019));
#3086=CARTESIAN_POINT('',(-4.460056234,9.500000538,1.601020514));
#3087=CARTESIAN_POINT('',(-4.460056234,9.500000538,1.567347009));
#3088=CARTESIAN_POINT('',(-4.460056234,9.500000538,1.533673505));
#3089=CARTESIAN_POINT('',(-4.460056234,9.500000538,1.5));
#3090=CARTESIAN_POINT('',(-4.460056234,9.500000538,1.466326495));
#3091=CARTESIAN_POINT('',(-4.460056234,9.500000538,1.432652991));
#3092=CARTESIAN_POINT('',(-4.460056234,9.500000538,1.398979486));
#3093=CARTESIAN_POINT('',(-4.460056234,9.500000538,0.765986324));
#3094=CARTESIAN_POINT('',(-4.460056234,9.500000538,0.132993162));
#3095=CARTESIAN_POINT('',(-4.460056234,9.500000538,-0.5));
#3096=B_SPLINE_SURFACE_WITH_KNOTS('',3,3,((#2792,#2793,#2794,#2795,#2796,#2797,#2798,#2799,#2800,#2801,#2802,#2803,#2804,#2805,#2806,#2807),(#2808,#2809,#2810,#2811,#2812,#2813,#2814,#2815,#2816,#2817,#2818,#2819,#2820,#2821,#2822,#2823),(#2824,#2825,#2826,#2827,#2828,#2829,#2830,#2831,#2832,#2833,#2834,#2835,#2836,#2837,#2838,#2839),(#2840,#2841,#2842,#2843,#2844,#2845,#2846,#2847,#2848,#2849,#2850,#2851,#2852,#2853,#2854,#2855),(#2856,#2857,#2858,#2859,#2860,#2861,#2862,#2863,#2864,#2865,#2866,#2867,#2868,#2869,#2870,#2871),(#2872,#2873,#2874,#2875,#2876,#2877,#2878,#2879,#2880,#2881,#2882,#2883,#2884,#2885,#2886,#2887),(#2888,#2889,#2890,#2891,#2892,#2893,#2894,#2895,#2896,#2897,#2898,#2899,#2900,#2901,#2902,#2903),(#2904,#2905,#2906,#2907,#2908,#2909,#2910,#2911,#2912,#2913,#2914,#2915,#2916,#2917,#2918,#2919),(#2920,#2921,#2922,#2923,#2924,#2925,#2926,#2927,#2928,#2929,#2930,#2931,#2932,#2933,#2934,#2935),(#2936,#2937,#2938,#2939,#2940,#2941,#2942,#2943,#2944,#2945,#2946,#2947,#2948,#2949,#2950,#2951),(#2952,#2953,#2954,#2955,#2956,#2957,#2958,#2959,#2960,#2961,#2962,#2963,#2964,#2965,#2966,#2967),(#2968,#2969,#2970,#2971,#2972,#2973,#2974,#2975,#2976,#2977,#2978,#2979,#2980,#2981,#2982,#2983),(#2984,#2985,#2986,#2987,#2988,#2989,#2990,#2991,#2992,#2993,#2994,#2995,#2996,#2997,#2998,#2999),(#3000,#3001,#3002,#3003,#3004,#3005,#3006,#3007,#3008,#3009,#3010,#3011,#3012,#3013,#3014,#3015),(#3016,#3017,#3018,#3019,#3020,#3021,#3022,#3023,#3024,#3025,#3026,#3027,#3028,#3029,#3030,#3031),(#3032,#3033,#3034,#3035,#3036,#3037,#3038,#3039,#3040,#3041,#3042,#3043,#3044,#3045,#3046,#3047),(#3048,#3049,#3050,#3051,#3052,#3053,#3054,#3055,#3056,#3057,#3058,#3059,#3060,#3061,#3062,#3063),(#3064,#3065,#3066,#3067,#3068,#3069,#3070,#3071,#3072,#3073,#3074,#3075,#3076,#3077,#3078,#3079),(#3080,#3081,#3082,#3083,#3084,#3085,#3086,#3087,#3088,#3089,#3090,#3091,#3092,#3093,#3094,#3095)),.UNSPECIFIED.,.F.,.F.,.U.,(4,3,3,3,3,3,4),(4,3,3,3,3,4),(3.530278268,3.534294254,3.665193445,3.796092635,3.926991825,4.057891015,4.085863943),(0.009083157,0.009797958,0.009898979,0.01,0.010101021,0.01200001),.UNSPECIFIED.);
#3097=CARTESIAN_POINT('',(-0.618933377,5.564520307,2.416838198));
#3098=CARTESIAN_POINT('',(-0.989579426,5.837654539,2.416838158));
#3099=CARTESIAN_POINT('',(-1.348401935,6.125271846,2.416838299));
#3100=CARTESIAN_POINT('',(-1.69542685,6.427340448,2.416838196));
#3101=CARTESIAN_POINT('',(-2.042451766,6.72940905,2.416838094));
#3102=CARTESIAN_POINT('',(-2.377904946,7.046227356,2.416838204));
#3103=CARTESIAN_POINT('',(-2.699676954,7.375903155,2.416838195));
#3104=CARTESIAN_POINT('',(-3.34322097,8.035254754,2.416838178));
#3105=CARTESIAN_POINT('',(-3.931414979,8.744928698,2.416838195));
#3106=CARTESIAN_POINT('',(-4.460057003,9.5,2.416838193));
#3107=B_SPLINE_CURVE_WITH_KNOTS('',3,(#3097,#3098,#3099,#3100,#3101,#3102,#3103,#3104,#3105,#3106),.UNSPECIFIED.,.F.,.F.,(4,3,3,4),(0.049369887,0.050749431,0.052128976,0.054888065),.UNSPECIFIED.);
#3108=EDGE_CURVE('',#1691,#1047,#3107,.T.);
#3109=ORIENTED_EDGE('',*,*,#3108,.F.);
#3110=ORIENTED_EDGE('',*,*,#1703,.F.);
#3111=ORIENTED_EDGE('',*,*,#1581,.F.);
#3112=ORIENTED_EDGE('',*,*,#782,.T.);
#3113=ORIENTED_EDGE('',*,*,#2786,.F.);
#3114=ORIENTED_EDGE('',*,*,#1099,.F.);
#3115=EDGE_LOOP('',(#3109,#3110,#3111,#3112,#3113,#3114));
#3116=FACE_BOUND('',#3115,.T.);
#3117=ADVANCED_FACE('',(#3116),#3096,.F.);
#3118=CARTESIAN_POINT('',(-4.460062739,9.499996884,2.416816064));
#3119=CARTESIAN_POINT('',(-4.321669789,9.302319581,2.416816064));
#3120=CARTESIAN_POINT('',(-4.179921966,9.108799362,2.416816064));
#3121=CARTESIAN_POINT('',(-4.035145184,8.919584797,2.416816065));
#3122=CARTESIAN_POINT('',(-3.643007873,8.407084866,2.416816065));
#3123=CARTESIAN_POINT('',(-3.228680281,7.926163314,2.416816065));
#3124=CARTESIAN_POINT('',(-2.798659951,7.478138118,2.416816065));
#3125=CARTESIAN_POINT('',(-2.368639622,7.030112922,2.416816065));
#3126=CARTESIAN_POINT('',(-1.922950065,6.61496713,2.416816066));
#3127=CARTESIAN_POINT('',(-1.467698357,6.232585164,2.416816066));
#3128=CARTESIAN_POINT('',(-1.187965346,5.997627542,2.416816066));
#3129=CARTESIAN_POINT('',(-0.904627682,5.775032386,2.416816066));
#3130=CARTESIAN_POINT('',(-0.618944769,5.564506574,2.416816066));
#3131=CARTESIAN_POINT('',(-4.298595572,9.601019562,2.61116686));
#3132=CARTESIAN_POINT('',(-4.161636548,9.405634231,2.61116686));
#3133=CARTESIAN_POINT('',(-4.021362597,9.214361415,2.611166861));
#3134=CARTESIAN_POINT('',(-3.878096072,9.027347833,2.611166861));
#3135=CARTESIAN_POINT('',(-3.490049391,8.520809407,2.611166861));
#3136=CARTESIAN_POINT('',(-3.08007901,8.04550889,2.611166861));
#3137=CARTESIAN_POINT('',(-2.654610536,7.602745748,2.611166861));
#3138=CARTESIAN_POINT('',(-2.229142062,7.159982606,2.611166861));
#3139=CARTESIAN_POINT('',(-1.788198732,6.749740064,2.611166862));
#3140=CARTESIAN_POINT('',(-1.337819225,6.371900298,2.611166862));
#3141=CARTESIAN_POINT('',(-1.061079975,6.139733666,2.611166862));
#3142=CARTESIAN_POINT('',(-0.780783568,5.919793267,2.611166862));
#3143=CARTESIAN_POINT('',(-0.498175147,5.711788528,2.611166862));
#3144=CARTESIAN_POINT('',(-4.137113028,9.70201967,2.805516731));
#3145=CARTESIAN_POINT('',(-4.00158761,9.508926529,2.805516731));
#3146=CARTESIAN_POINT('',(-3.862787217,9.319901341,2.805516731));
#3147=CARTESIAN_POINT('',(-3.721030643,9.13508897,2.805516731));
#3148=CARTESIAN_POINT('',(-3.337073761,8.634512667,2.805516732));
#3149=CARTESIAN_POINT('',(-2.93145981,8.164833841,2.805516732));
#3150=CARTESIAN_POINT('',(-2.510542463,7.727333435,2.805516732));
#3151=CARTESIAN_POINT('',(-2.089625116,7.289833029,2.805516732));
#3152=CARTESIAN_POINT('',(-1.653427337,6.884494444,2.805516732));
#3153=CARTESIAN_POINT('',(-1.207919406,6.511197601,2.805516733));
#3154=CARTESIAN_POINT('',(-0.934173536,6.281822404,2.805516733));
#3155=CARTESIAN_POINT('',(-0.656918022,6.064537212,2.805516733));
#3156=CARTESIAN_POINT('',(-0.377383747,5.859054002,2.805516733));
#3157=CARTESIAN_POINT('',(-3.975614295,9.802996028,2.99986562));
#3158=CARTESIAN_POINT('',(-3.841522145,9.612195308,2.99986562));
#3159=CARTESIAN_POINT('',(-3.70419498,9.425417982,2.99986562));
#3160=CARTESIAN_POINT('',(-3.563948033,9.242807062,2.99986562));
#3161=CARTESIAN_POINT('',(-3.184080075,8.748193536,2.99986562));
#3162=CARTESIAN_POINT('',(-2.782821733,8.284137091,2.999865621));
#3163=CARTESIAN_POINT('',(-2.366454746,7.851900139,2.999865621));
#3164=CARTESIAN_POINT('',(-1.95008776,7.419663186,2.999865621));
#3165=CARTESIAN_POINT('',(-1.51863482,7.019229303,2.999865621));
#3166=CARTESIAN_POINT('',(-1.07799781,6.650476144,2.999865622));
#3167=CARTESIAN_POINT('',(-0.807244916,6.42389285,2.999865622));
#3168=CARTESIAN_POINT('',(-0.533029913,6.209263341,2.999865622));
#3169=CARTESIAN_POINT('',(-0.256569423,6.006302137,2.999865622));
#3170=CARTESIAN_POINT('',(-3.727747272,9.950663587,3.293855544));
#3171=CARTESIAN_POINT('',(-3.595751128,9.763381255,3.293855544));
#3172=CARTESIAN_POINT('',(-3.460581934,9.580056136,3.293855544));
#3173=CARTESIAN_POINT('',(-3.322549594,9.400828323,3.293855544));
#3174=CARTESIAN_POINT('',(-2.948680043,8.915378159,3.293855544));
#3175=CARTESIAN_POINT('',(-2.553835063,8.459978245,3.293855545));
#3176=CARTESIAN_POINT('',(-2.144188062,8.035860586,3.293855545));
#3177=CARTESIAN_POINT('',(-1.73454106,7.611742926,3.293855545));
#3178=CARTESIAN_POINT('',(-1.310114308,7.218891354,3.293855545));
#3179=CARTESIAN_POINT('',(-0.876706177,6.85717787,3.293855545));
#3180=CARTESIAN_POINT('',(-0.610395124,6.63492016,3.293855545));
#3181=CARTESIAN_POINT('',(-0.340698386,6.424411481,3.293855546));
#3182=CARTESIAN_POINT('',(-0.068810901,6.225369747,3.293855546));
#3183=CARTESIAN_POINT('',(-3.511651029,10.078685738,3.62341448));
#3184=CARTESIAN_POINT('',(-3.381472041,9.894470818,3.62341448));
#3185=CARTESIAN_POINT('',(-3.248174091,9.71415563,3.62341448));
#3186=CARTESIAN_POINT('',(-3.112062445,9.537877713,3.62341448));
#3187=CARTESIAN_POINT('',(-2.743395219,9.060417535,3.623414481));
#3188=CARTESIAN_POINT('',(-2.354114888,8.612567272,3.623414481));
#3189=CARTESIAN_POINT('',(-1.950300613,8.195532225,3.623414481));
#3190=CARTESIAN_POINT('',(-1.546486338,7.778497179,3.623414481));
#3191=CARTESIAN_POINT('',(-1.128160025,7.392261407,3.623414481));
#3192=CARTESIAN_POINT('',(-0.701029946,7.036691762,3.623414481));
#3193=CARTESIAN_POINT('',(-0.438576491,6.818209182,3.623414481));
#3194=CARTESIAN_POINT('',(-0.17280432,6.61129755,3.623414482));
#3195=CARTESIAN_POINT('',(0.095110514,6.415677685,3.623414482));
#3196=CARTESIAN_POINT('',(-3.33531512,10.182787332,3.972394256));
#3197=CARTESIAN_POINT('',(-3.206613758,10.00107544,3.972394256));
#3198=CARTESIAN_POINT('',(-3.0748376,9.823216485,3.972394256));
#3199=CARTESIAN_POINT('',(-2.940288139,9.649345919,3.972394256));
#3200=CARTESIAN_POINT('',(-2.575852189,9.178406206,3.972394256));
#3201=CARTESIAN_POINT('',(-2.191099074,8.736717872,3.972394256));
#3202=CARTESIAN_POINT('',(-1.792031155,8.325464331,3.972394256));
#3203=CARTESIAN_POINT('',(-1.392963236,7.91421079,3.972394256));
#3204=CARTESIAN_POINT('',(-0.97960212,7.533376281,3.972394256));
#3205=CARTESIAN_POINT('',(-0.55758263,7.18282335,3.972394257));
#3206=CARTESIAN_POINT('',(-0.298269417,6.967423329,3.972394257));
#3207=CARTESIAN_POINT('',(-0.035692306,6.763449154,3.972394257));
#3208=CARTESIAN_POINT('',(0.228988045,6.57062399,3.972394257));
#3209=CARTESIAN_POINT('',(-3.15897921,10.286888926,4.321374031));
#3210=CARTESIAN_POINT('',(-3.031755474,10.107680061,4.321374031));
#3211=CARTESIAN_POINT('',(-2.901501109,9.93227734,4.321374031));
#3212=CARTESIAN_POINT('',(-2.768513832,9.760814124,4.321374031));
#3213=CARTESIAN_POINT('',(-2.408309158,9.296394876,4.321374031));
#3214=CARTESIAN_POINT('',(-2.02808326,8.860868473,4.321374031));
#3215=CARTESIAN_POINT('',(-1.633761697,8.455396437,4.321374031));
#3216=CARTESIAN_POINT('',(-1.239440134,8.049924402,4.321374032));
#3217=CARTESIAN_POINT('',(-0.831044215,7.674491156,4.321374032));
#3218=CARTESIAN_POINT('',(-0.414135314,7.328954938,4.321374032));
#3219=CARTESIAN_POINT('',(-0.157962343,7.116637476,4.321374032));
#3220=CARTESIAN_POINT('',(0.101419707,6.915600758,4.321374032));
#3221=CARTESIAN_POINT('',(0.362865576,6.725570295,4.321374032));
#3222=CARTESIAN_POINT('',(-3.022419195,10.367085743,4.689423402));
#3223=CARTESIAN_POINT('',(-2.896333779,10.1898153,4.689423402));
#3224=CARTESIAN_POINT('',(-2.767251975,10.01631489,4.689423402));
#3225=CARTESIAN_POINT('',(-2.635468582,9.846716252,4.689423402));
#3226=CARTESIAN_POINT('',(-2.27852471,9.387347334,4.689423402));
#3227=CARTESIAN_POINT('',(-1.901789125,8.956594502,4.689423403));
#3228=CARTESIAN_POINT('',(-1.51112803,8.555602214,4.689423403));
#3229=CARTESIAN_POINT('',(-1.120466935,8.154609926,4.689423403));
#3230=CARTESIAN_POINT('',(-0.715901407,7.783362744,4.689423403));
#3231=CARTESIAN_POINT('',(-0.302936024,7.441715444,4.689423403));
#3232=CARTESIAN_POINT('',(-0.049186179,7.23178756,4.689423403));
#3233=CARTESIAN_POINT('',(0.207730091,7.033028297,4.689423403));
#3234=CARTESIAN_POINT('',(0.466679438,6.845164954,4.689423403));
#3235=CARTESIAN_POINT('',(-2.926258764,10.423463381,5.05918013));
#3236=CARTESIAN_POINT('',(-2.800973576,10.247557903,5.059180131));
#3237=CARTESIAN_POINT('',(-2.672716119,10.075397056,5.059180131));
#3238=CARTESIAN_POINT('',(-2.541779142,9.90711144,5.059180131));
#3239=CARTESIAN_POINT('',(-2.18712784,9.451298926,5.059180131));
#3240=CARTESIAN_POINT('',(-1.812846513,9.023907814,5.059180131));
#3241=CARTESIAN_POINT('',(-1.42475959,8.626070522,5.059180131));
#3242=CARTESIAN_POINT('',(-1.036672667,8.228233231,5.059180131));
#3243=CARTESIAN_POINT('',(-0.634801066,7.859934421,5.059180131));
#3244=CARTESIAN_POINT('',(-0.224609386,7.5210264,5.059180131));
#3245=CARTESIAN_POINT('',(0.027436136,7.312781687,5.059180131));
#3246=CARTESIAN_POINT('',(0.282618001,7.1156267,5.059180131));
#3247=CARTESIAN_POINT('',(0.53981125,6.929289988,5.059180131));
#3248=CARTESIAN_POINT('',(-2.830098332,10.479841019,5.428936859));
#3249=CARTESIAN_POINT('',(-2.705613373,10.305300505,5.428936859));
#3250=CARTESIAN_POINT('',(-2.578180264,10.134479223,5.428936859));
#3251=CARTESIAN_POINT('',(-2.448089701,9.967506628,5.428936859));
#3252=CARTESIAN_POINT('',(-2.095730971,9.515250517,5.428936859));
#3253=CARTESIAN_POINT('',(-1.7239039,9.091221126,5.428936859));
#3254=CARTESIAN_POINT('',(-1.33839115,8.696538831,5.428936859));
#3255=CARTESIAN_POINT('',(-0.9528784,8.301856537,5.428936859));
#3256=CARTESIAN_POINT('',(-0.553700724,7.936506097,5.428936859));
#3257=CARTESIAN_POINT('',(-0.146282748,7.600337356,5.428936859));
#3258=CARTESIAN_POINT('',(0.10405845,7.393775815,5.428936859));
#3259=CARTESIAN_POINT('',(0.357505911,7.198225104,5.428936859));
#3260=CARTESIAN_POINT('',(0.612943062,7.013415022,5.428936859));
#3261=CARTESIAN_POINT('',(-2.774172579,10.512506924,5.800163522));
#3262=CARTESIAN_POINT('',(-2.650151282,10.338760257,5.800163522));
#3263=CARTESIAN_POINT('',(-2.523195873,10.168718087,5.800163522));
#3264=CARTESIAN_POINT('',(-2.393595858,10.002509202,5.800163522));
#3265=CARTESIAN_POINT('',(-2.042565807,9.55232165,5.800163522));
#3266=CARTESIAN_POINT('',(-1.672161547,9.130247854,5.800163522));
#3267=CARTESIAN_POINT('',(-1.288141478,8.737401155,5.800163522));
#3268=CARTESIAN_POINT('',(-0.904121408,8.344554456,5.800163522));
#3269=CARTESIAN_POINT('',(-0.506506189,7.98091967,5.800163522));
#3270=CARTESIAN_POINT('',(-0.100697221,7.646345169,5.800163522));
#3271=CARTESIAN_POINT('',(0.148655308,7.440763222,5.800163522));
#3272=CARTESIAN_POINT('',(0.401096549,7.246146292,5.800163522));
#3273=CARTESIAN_POINT('',(0.655514801,7.062224897,5.800163522));
#3274=CARTESIAN_POINT('',(-2.752952774,10.524907533,6.158842072));
#3275=CARTESIAN_POINT('',(-2.629107492,10.351462073,6.158842072));
#3276=CARTESIAN_POINT('',(-2.502333424,10.181715518,6.158842072));
#3277=CARTESIAN_POINT('',(-2.372919624,10.015796403,6.158842072));
#3278=CARTESIAN_POINT('',(-2.022393949,9.56639371,6.158842072));
#3279=CARTESIAN_POINT('',(-1.652529774,9.145061898,6.158842072));
#3280=CARTESIAN_POINT('',(-1.269076295,8.752911641,6.158842072));
#3281=CARTESIAN_POINT('',(-0.885622816,8.360761384,6.158842072));
#3282=CARTESIAN_POINT('',(-0.488600656,7.997777519,6.158842072));
#3283=CARTESIAN_POINT('',(-0.083402403,7.663807861,6.158842072));
#3284=CARTESIAN_POINT('',(0.165574868,7.458597565,6.158842072));
#3285=CARTESIAN_POINT('',(0.417634194,7.264334899,6.158842072));
#3286=CARTESIAN_POINT('',(0.671665724,7.080750656,6.158842072));
#3287=CARTESIAN_POINT('',(-2.731732969,10.537308142,6.517520621));
#3288=CARTESIAN_POINT('',(-2.608063702,10.36416389,6.517520621));
#3289=CARTESIAN_POINT('',(-2.481470975,10.194712949,6.517520621));
#3290=CARTESIAN_POINT('',(-2.35224339,10.029083603,6.517520621));
#3291=CARTESIAN_POINT('',(-2.00222209,9.58046577,6.517520621));
#3292=CARTESIAN_POINT('',(-1.632898002,9.159875943,6.517520621));
#3293=CARTESIAN_POINT('',(-1.250011113,8.768422128,6.517520621));
#3294=CARTESIAN_POINT('',(-0.867124225,8.376968313,6.517520621));
#3295=CARTESIAN_POINT('',(-0.470695123,8.014635368,6.517520621));
#3296=CARTESIAN_POINT('',(-0.066107584,7.681270553,6.517520621));
#3297=CARTESIAN_POINT('',(0.182494429,7.476431907,6.517520621));
#3298=CARTESIAN_POINT('',(0.43417184,7.282523506,6.517520621));
#3299=CARTESIAN_POINT('',(0.687816646,7.099276414,6.517520621));
#3300=CARTESIAN_POINT('',(-2.745001931,10.529562116,6.863599088));
#3301=CARTESIAN_POINT('',(-2.621222716,10.356229516,6.863599088));
#3302=CARTESIAN_POINT('',(-2.494516711,10.186593722,6.863599088));
#3303=CARTESIAN_POINT('',(-2.365172799,10.020783175,6.863599088));
#3304=CARTESIAN_POINT('',(-2.014836419,9.571674548,6.863599088));
#3305=CARTESIAN_POINT('',(-1.645174914,9.15062072,6.863599088));
#3306=CARTESIAN_POINT('',(-1.261934027,8.758731367,6.863599088));
#3307=CARTESIAN_POINT('',(-0.878693139,8.366842013,6.863599088));
#3308=CARTESIAN_POINT('',(-0.48189348,8.00410198,6.863599088));
#3309=CARTESIAN_POINT('',(-0.076924331,7.670358877,6.863599088));
#3310=CARTESIAN_POINT('',(0.171912164,7.465287788,6.863599088));
#3311=CARTESIAN_POINT('',(0.423828224,7.271157811,6.863599088));
#3312=CARTESIAN_POINT('',(0.67771469,7.08769984,6.863599088));
#3313=CARTESIAN_POINT('',(-2.784080476,10.506711418,7.188569172));
#3314=CARTESIAN_POINT('',(-2.659976917,10.332824111,7.188569172));
#3315=CARTESIAN_POINT('',(-2.53293676,10.162643915,7.188569172));
#3316=CARTESIAN_POINT('',(-2.403249722,9.996299735,7.188569172));
#3317=CARTESIAN_POINT('',(-2.051983963,9.545745727,7.188569172));
#3318=CARTESIAN_POINT('',(-1.681327325,9.123325505,7.188569172));
#3319=CARTESIAN_POINT('',(-1.297042508,8.730153657,7.188569172));
#3320=CARTESIAN_POINT('',(-0.912757691,8.336981808,7.188569172));
#3321=CARTESIAN_POINT('',(-0.514865371,7.973043136,7.188569172));
#3322=CARTESIAN_POINT('',(-0.108771066,7.638186273,7.188569172));
#3323=CARTESIAN_POINT('',(0.14075679,7.432430825,7.188569172));
#3324=CARTESIAN_POINT('',(0.393376465,7.237648516,7.188569172));
#3325=CARTESIAN_POINT('',(0.647975392,7.053569736,7.188569172));
#3326=CARTESIAN_POINT('',(-2.823159022,10.483860719,7.513539256));
#3327=CARTESIAN_POINT('',(-2.698731118,10.309418706,7.513539256));
#3328=CARTESIAN_POINT('',(-2.571356809,10.138694107,7.513539256));
#3329=CARTESIAN_POINT('',(-2.441326646,9.971816294,7.513539256));
#3330=CARTESIAN_POINT('',(-2.089131507,9.519816905,7.513539256));
#3331=CARTESIAN_POINT('',(-1.717479736,9.096030291,7.513539256));
#3332=CARTESIAN_POINT('',(-1.332150989,8.701575946,7.513539256));
#3333=CARTESIAN_POINT('',(-0.946822242,8.307121602,7.513539256));
#3334=CARTESIAN_POINT('',(-0.547837263,7.941984292,7.513539256));
#3335=CARTESIAN_POINT('',(-0.140617801,7.606013669,7.513539256));
#3336=CARTESIAN_POINT('',(0.109601417,7.399573862,7.513539255));
#3337=CARTESIAN_POINT('',(0.362924706,7.204139221,7.513539255));
#3338=CARTESIAN_POINT('',(0.618236094,7.019439632,7.513539255));
#3339=CARTESIAN_POINT('',(-2.887888642,10.44598653,7.817478975));
#3340=CARTESIAN_POINT('',(-2.76292315,10.270625702,7.817478975));
#3341=CARTESIAN_POINT('',(-2.63499501,10.098999363,7.817478975));
#3342=CARTESIAN_POINT('',(-2.504396152,9.931237655,7.817478975));
#3343=CARTESIAN_POINT('',(-2.150660669,9.47684418,7.817478975));
#3344=CARTESIAN_POINT('',(-1.777359656,9.050794366,7.817478975));
#3345=CARTESIAN_POINT('',(-1.390300868,8.654215835,7.817478975));
#3346=CARTESIAN_POINT('',(-1.00324208,8.257637304,7.817478975));
#3347=CARTESIAN_POINT('',(-0.602446367,7.890514755,7.817478974));
#3348=CARTESIAN_POINT('',(-0.193362376,7.552699521,7.817478974));
#3349=CARTESIAN_POINT('',(0.058002517,7.345126279,7.817478974));
#3350=CARTESIAN_POINT('',(0.312491765,7.148611266,7.817478974));
#3351=CARTESIAN_POINT('',(0.568983754,6.962883531,7.817478974));
#3352=CARTESIAN_POINT('',(-2.969326693,10.398203378,8.097105951));
#3353=CARTESIAN_POINT('',(-2.843682963,10.221686565,8.097105951));
#3354=CARTESIAN_POINT('',(-2.715056162,10.048925764,8.097105951));
#3355=CARTESIAN_POINT('',(-2.583739959,9.880052083,8.097105951));
#3356=CARTESIAN_POINT('',(-2.228061498,9.422646757,8.097105951));
#3357=CARTESIAN_POINT('',(-1.852680603,8.993750048,8.097105951));
#3358=CARTESIAN_POINT('',(-1.463440416,8.594499766,8.09710595));
#3359=CARTESIAN_POINT('',(-1.074200229,8.195249483,8.09710595));
#3360=CARTESIAN_POINT('',(-0.671121739,7.825630242,8.09710595));
#3361=CARTESIAN_POINT('',(-0.259687452,7.485495453,8.09710595));
#3362=CARTESIAN_POINT('',(-0.006878402,7.276496943,8.09710595));
#3363=CARTESIAN_POINT('',(0.249080461,7.0786235,8.09710595));
#3364=CARTESIAN_POINT('',(0.507060418,6.891603112,8.09710595));
#3365=CARTESIAN_POINT('',(-3.050764745,10.350420227,8.376732927));
#3366=CARTESIAN_POINT('',(-2.924442777,10.172747429,8.376732927));
#3367=CARTESIAN_POINT('',(-2.795117315,9.998852164,8.376732927));
#3368=CARTESIAN_POINT('',(-2.663083765,9.828866511,8.376732926));
#3369=CARTESIAN_POINT('',(-2.305462326,9.368449334,8.376732926));
#3370=CARTESIAN_POINT('',(-1.92800155,8.936705731,8.376732926));
#3371=CARTESIAN_POINT('',(-1.536579964,8.534783696,8.376732926));
#3372=CARTESIAN_POINT('',(-1.145158378,8.132861662,8.376732926));
#3373=CARTESIAN_POINT('',(-0.73979711,7.760745729,8.376732926));
#3374=CARTESIAN_POINT('',(-0.326012529,7.418291385,8.376732926));
#3375=CARTESIAN_POINT('',(-0.071759321,7.207867606,8.376732926));
#3376=CARTESIAN_POINT('',(0.185669156,7.008635734,8.376732926));
#3377=CARTESIAN_POINT('',(0.445137082,6.820322693,8.376732926));
#3378=CARTESIAN_POINT('',(-3.148841101,10.29276447,8.632164691));
#3379=CARTESIAN_POINT('',(-3.021700763,10.113699512,8.632164691));
#3380=CARTESIAN_POINT('',(-2.891532345,9.938438041,8.632164691));
#3381=CARTESIAN_POINT('',(-2.758633347,9.767113296,8.632164691));
#3382=CARTESIAN_POINT('',(-2.398667787,9.303069106,8.632164691));
#3383=CARTESIAN_POINT('',(-2.018698102,8.867897381,8.632164691));
#3384=CARTESIAN_POINT('',(-1.624645466,8.462758357,8.63216469));
#3385=CARTESIAN_POINT('',(-1.230592831,8.057619333,8.63216469));
#3386=CARTESIAN_POINT('',(-0.822478537,7.682497442,8.63216469));
#3387=CARTESIAN_POINT('',(-0.405859757,7.33725064,8.63216469));
#3388=CARTESIAN_POINT('',(-0.149865053,7.125111013,8.63216469));
#3389=CARTESIAN_POINT('',(0.109335525,6.924243853,8.63216469));
#3390=CARTESIAN_POINT('',(0.370597602,6.734374796,8.63216469));
#3391=CARTESIAN_POINT('',(-3.256057174,10.229548538,8.863800922));
#3392=CARTESIAN_POINT('',(-3.128019544,10.048961685,8.863800922));
#3393=CARTESIAN_POINT('',(-2.996926973,9.872206746,8.863800922));
#3394=CARTESIAN_POINT('',(-2.863079255,9.699418233,8.863800922));
#3395=CARTESIAN_POINT('',(-2.500544025,9.231409329,8.863800922));
#3396=CARTESIAN_POINT('',(-2.11782467,8.792490717,8.863800922));
#3397=CARTESIAN_POINT('',(-1.720889038,8.383835963,8.863800922));
#3398=CARTESIAN_POINT('',(-1.323953406,7.975181208,8.863800921));
#3399=CARTESIAN_POINT('',(-0.912822971,7.596774633,8.863800921));
#3400=CARTESIAN_POINT('',(-0.493099548,7.248476837,8.863800921));
#3401=CARTESIAN_POINT('',(-0.235197172,7.034462502,8.863800921));
#3402=CARTESIAN_POINT('',(0.025944448,6.831808811,8.863800921));
#3403=CARTESIAN_POINT('',(0.289171576,6.640239981,8.863800921));
#3404=CARTESIAN_POINT('',(-3.363273247,10.166332607,9.095437153));
#3405=CARTESIAN_POINT('',(-3.234338326,9.984223858,9.095437153));
#3406=CARTESIAN_POINT('',(-3.102321601,9.805975452,9.095437153));
#3407=CARTESIAN_POINT('',(-2.967525164,9.631723169,9.095437153));
#3408=CARTESIAN_POINT('',(-2.602420263,9.159749552,9.095437153));
#3409=CARTESIAN_POINT('',(-2.216951237,8.717084053,9.095437153));
#3410=CARTESIAN_POINT('',(-1.817132609,8.304913568,9.095437153));
#3411=CARTESIAN_POINT('',(-1.417313981,7.892743083,9.095437152));
#3412=CARTESIAN_POINT('',(-1.003167405,7.511051824,9.095437152));
#3413=CARTESIAN_POINT('',(-0.580339339,7.159703033,9.095437152));
#3414=CARTESIAN_POINT('',(-0.32052929,6.94381399,9.095437152));
#3415=CARTESIAN_POINT('',(-0.057446629,6.739373769,9.095437152));
#3416=CARTESIAN_POINT('',(0.20774555,6.546105167,9.095437152));
#3417=CARTESIAN_POINT('',(-3.479622261,10.097561156,9.303377618));
#3418=CARTESIAN_POINT('',(-3.349711193,9.913800873,9.303377618));
#3419=CARTESIAN_POINT('',(-3.216689187,9.733931833,9.303377618));
#3420=CARTESIAN_POINT('',(-3.080860825,9.558091195,9.303377618));
#3421=CARTESIAN_POINT('',(-2.712960893,9.081815414,9.303377618));
#3422=CARTESIAN_POINT('',(-2.324501633,8.635084497,9.303377618));
#3423=CARTESIAN_POINT('',(-1.921548269,8.219099759,9.303377618));
#3424=CARTESIAN_POINT('',(-1.518594904,7.803115022,9.303377618));
#3425=CARTESIAN_POINT('',(-1.101169286,7.417860555,9.303377618));
#3426=CARTESIAN_POINT('',(-0.674966351,7.063202419,9.303377618));
#3427=CARTESIAN_POINT('',(-0.413082588,6.845279924,9.303377618));
#3428=CARTESIAN_POINT('',(-0.14789008,6.63890204,9.303377618));
#3429=CARTESIAN_POINT('',(0.119437913,6.443790011,9.303377618));
#3430=CARTESIAN_POINT('',(-3.599591674,10.026453134,9.490041189));
#3431=CARTESIAN_POINT('',(-3.468671293,9.840989926,9.490041189));
#3432=CARTESIAN_POINT('',(-3.33460995,9.659449883,9.490041189));
#3433=CARTESIAN_POINT('',(-3.197714802,9.481971582,9.490041189));
#3434=CARTESIAN_POINT('',(-2.826925407,9.001260083,9.490041189));
#3435=CARTESIAN_POINT('',(-2.435375563,8.550337981,9.490041189));
#3436=CARTESIAN_POINT('',(-2.029182822,8.130421406,9.490041189));
#3437=CARTESIAN_POINT('',(-1.62299008,7.710504831,9.490041189));
#3438=CARTESIAN_POINT('',(-1.202176497,7.321577751,9.490041189));
#3439=CARTESIAN_POINT('',(-0.772487035,6.963509072,9.490041189));
#3440=CARTESIAN_POINT('',(-0.508460947,6.743490941,9.490041189));
#3441=CARTESIAN_POINT('',(-0.241088954,6.535116308,9.490041189));
#3442=CARTESIAN_POINT('',(0.028445203,6.338104801,9.490041189));
#3443=CARTESIAN_POINT('',(-3.719561087,9.955345111,9.67670476));
#3444=CARTESIAN_POINT('',(-3.587631393,9.768178979,9.67670476));
#3445=CARTESIAN_POINT('',(-3.452530713,9.584967933,9.67670476));
#3446=CARTESIAN_POINT('',(-3.314568778,9.405851968,9.67670476));
#3447=CARTESIAN_POINT('',(-2.940889922,8.920704752,9.67670476));
#3448=CARTESIAN_POINT('',(-2.546249492,8.465591465,9.67670476));
#3449=CARTESIAN_POINT('',(-2.136817374,8.041743052,9.67670476));
#3450=CARTESIAN_POINT('',(-1.727385257,7.61789464,9.67670476));
#3451=CARTESIAN_POINT('',(-1.303183707,7.225294946,9.67670476));
#3452=CARTESIAN_POINT('',(-0.870007719,6.863815724,9.67670476));
#3453=CARTESIAN_POINT('',(-0.603839307,6.641701957,9.67670476));
#3454=CARTESIAN_POINT('',(-0.334287828,6.431330576,9.67670476));
#3455=CARTESIAN_POINT('',(-0.062547508,6.232419591,9.67670476));
#3456=CARTESIAN_POINT('',(-3.8431735,9.881889408,9.842156472));
#3457=CARTESIAN_POINT('',(-3.71020117,9.69296864,9.842156472));
#3458=CARTESIAN_POINT('',(-3.574026935,9.508035906,9.842156472));
#3459=CARTESIAN_POINT('',(-3.43496318,9.32723266,9.842156472));
#3460=CARTESIAN_POINT('',(-3.058299975,8.837515334,9.842156472));
#3461=CARTESIAN_POINT('',(-2.660468112,8.378084296,9.842156472));
#3462=CARTESIAN_POINT('',(-2.247691449,7.950185708,9.842156472));
#3463=CARTESIAN_POINT('',(-1.834914786,7.522287121,9.842156472));
#3464=CARTESIAN_POINT('',(-1.40721579,7.125904698,9.842156472));
#3465=CARTESIAN_POINT('',(-0.970441037,6.76091307,9.842156472));
#3466=CARTESIAN_POINT('',(-0.702061337,6.536641078,9.842156472));
#3467=CARTESIAN_POINT('',(-0.430260367,6.324213472,9.842156472));
#3468=CARTESIAN_POINT('',(-0.156243163,6.123346585,9.842156472));
#3469=CARTESIAN_POINT('',(-3.966755257,9.808273534,9.989596008));
#3470=CARTESIAN_POINT('',(-3.832738017,9.617598565,9.989596008));
#3471=CARTESIAN_POINT('',(-3.695487976,9.430944625,9.989596008));
#3472=CARTESIAN_POINT('',(-3.555320177,9.248454622,9.989596008));
#3473=CARTESIAN_POINT('',(-3.175666598,8.754168605,9.989596008));
#3474=CARTESIAN_POINT('',(-2.774637465,8.290421555,9.989596008));
#3475=CARTESIAN_POINT('',(-2.358510648,7.858474797,9.989596008));
#3476=CARTESIAN_POINT('',(-1.94238383,7.426528038,9.989596008));
#3477=CARTESIAN_POINT('',(-1.511182004,7.026365157,9.989596008));
#3478=CARTESIAN_POINT('',(-1.070803352,6.657863607,9.989596008));
#3479=CARTESIAN_POINT('',(-0.800209208,6.431434916,9.989596008));
#3480=CARTESIAN_POINT('',(-0.526155687,6.216952691,9.989596008));
#3481=CARTESIAN_POINT('',(-0.249858635,6.014131575,9.989596008));
#3482=CARTESIAN_POINT('',(-3.966755843,9.808273168,9.989596717));
#3483=CARTESIAN_POINT('',(-3.832738597,9.617598191,9.989596717));
#3484=CARTESIAN_POINT('',(-3.695488551,9.430944242,9.989596717));
#3485=CARTESIAN_POINT('',(-3.555320747,9.248454231,9.989596717));
#3486=CARTESIAN_POINT('',(-3.175667153,8.754168192,9.989596717));
#3487=CARTESIAN_POINT('',(-2.774638004,8.290421122,9.989596717));
#3488=CARTESIAN_POINT('',(-2.35851117,7.858474345,9.989596717));
#3489=CARTESIAN_POINT('',(-1.942384337,7.426527567,9.989596717));
#3490=CARTESIAN_POINT('',(-1.511182493,7.026364668,9.989596717));
#3491=CARTESIAN_POINT('',(-1.070803824,6.657863102,9.989596717));
#3492=CARTESIAN_POINT('',(-0.800209668,6.4314344,9.989596717));
#3493=CARTESIAN_POINT('',(-0.526156137,6.216952166,9.989596717));
#3494=CARTESIAN_POINT('',(-0.249859073,6.014131041,9.989596717));
#3495=CARTESIAN_POINT('',(-3.966756429,9.808272801,9.989597427));
#3496=CARTESIAN_POINT('',(-3.832739178,9.617597816,9.989597427));
#3497=CARTESIAN_POINT('',(-3.695489127,9.430943859,9.989597427));
#3498=CARTESIAN_POINT('',(-3.555321317,9.24845384,9.989597427));
#3499=CARTESIAN_POINT('',(-3.175667708,8.75416778,9.989597427));
#3500=CARTESIAN_POINT('',(-2.774638544,8.29042069,9.989597427));
#3501=CARTESIAN_POINT('',(-2.358511693,7.858473893,9.989597427));
#3502=CARTESIAN_POINT('',(-1.942384843,7.426527096,9.989597427));
#3503=CARTESIAN_POINT('',(-1.511182982,7.02636418,9.989597426));
#3504=CARTESIAN_POINT('',(-1.070804295,6.657862596,9.989597426));
#3505=CARTESIAN_POINT('',(-0.800210129,6.431433885,9.989597426));
#3506=CARTESIAN_POINT('',(-0.526156586,6.216951641,9.989597426));
#3507=CARTESIAN_POINT('',(-0.249859512,6.014130507,9.989597426));
#3508=CARTESIAN_POINT('',(-3.966757014,9.808272435,9.989598136));
#3509=CARTESIAN_POINT('',(-3.832739759,9.617597441,9.989598136));
#3510=CARTESIAN_POINT('',(-3.695489702,9.430943476,9.989598136));
#3511=CARTESIAN_POINT('',(-3.555321887,9.24845345,9.989598136));
#3512=CARTESIAN_POINT('',(-3.175668263,8.754167368,9.989598136));
#3513=CARTESIAN_POINT('',(-2.774639083,8.290420257,9.989598136));
#3514=CARTESIAN_POINT('',(-2.358512216,7.858473441,9.989598136));
#3515=CARTESIAN_POINT('',(-1.942385349,7.426526625,9.989598136));
#3516=CARTESIAN_POINT('',(-1.511183471,7.026363691,9.989598136));
#3517=CARTESIAN_POINT('',(-1.070804766,6.657862091,9.989598136));
#3518=CARTESIAN_POINT('',(-0.800210589,6.43143337,9.989598136));
#3519=CARTESIAN_POINT('',(-0.526157036,6.216951116,9.989598136));
#3520=CARTESIAN_POINT('',(-0.24985995,6.014129973,9.989598136));
#3521=B_SPLINE_SURFACE_WITH_KNOTS('',3,3,((#3118,#3119,#3120,#3121,#3122,#3123,#3124,#3125,#3126,#3127,#3128,#3129,#3130),(#3131,#3132,#3133,#3134,#3135,#3136,#3137,#3138,#3139,#3140,#3141,#3142,#3143),(#3144,#3145,#3146,#3147,#3148,#3149,#3150,#3151,#3152,#3153,#3154,#3155,#3156),(#3157,#3158,#3159,#3160,#3161,#3162,#3163,#3164,#3165,#3166,#3167,#3168,#3169),(#3170,#3171,#3172,#3173,#3174,#3175,#3176,#3177,#3178,#3179,#3180,#3181,#3182),(#3183,#3184,#3185,#3186,#3187,#3188,#3189,#3190,#3191,#3192,#3193,#3194,#3195),(#3196,#3197,#3198,#3199,#3200,#3201,#3202,#3203,#3204,#3205,#3206,#3207,#3208),(#3209,#3210,#3211,#3212,#3213,#3214,#3215,#3216,#3217,#3218,#3219,#3220,#3221),(#3222,#3223,#3224,#3225,#3226,#3227,#3228,#3229,#3230,#3231,#3232,#3233,#3234),(#3235,#3236,#3237,#3238,#3239,#3240,#3241,#3242,#3243,#3244,#3245,#3246,#3247),(#3248,#3249,#3250,#3251,#3252,#3253,#3254,#3255,#3256,#3257,#3258,#3259,#3260),(#3261,#3262,#3263,#3264,#3265,#3266,#3267,#3268,#3269,#3270,#3271,#3272,#3273),(#3274,#3275,#3276,#3277,#3278,#3279,#3280,#3281,#3282,#3283,#3284,#3285,#3286),(#3287,#3288,#3289,#3290,#3291,#3292,#3293,#3294,#3295,#3296,#3297,#3298,#3299),(#3300,#3301,#3302,#3303,#3304,#3305,#3306,#3307,#3308,#3309,#3310,#3311,#3312),(#3313,#3314,#3315,#3316,#3317,#3318,#3319,#3320,#3321,#3322,#3323,#3324,#3325),(#3326,#3327,#3328,#3329,#3330,#3331,#3332,#3333,#3334,#3335,#3336,#3337,#3338),(#3339,#3340,#3341,#3342,#3343,#3344,#3345,#3346,#3347,#3348,#3349,#3350,#3351),(#3352,#3353,#3354,#3355,#3356,#3357,#3358,#3359,#3360,#3361,#3362,#3363,#3364),(#3365,#3366,#3367,#3368,#3369,#3370,#3371,#3372,#3373,#3374,#3375,#3376,#3377),(#3378,#3379,#3380,#3381,#3382,#3383,#3384,#3385,#3386,#3387,#3388,#3389,#3390),(#3391,#3392,#3393,#3394,#3395,#3396,#3397,#3398,#3399,#3400,#3401,#3402,#3403),(#3404,#3405,#3406,#3407,#3408,#3409,#3410,#3411,#3412,#3413,#3414,#3415,#3416),(#3417,#3418,#3419,#3420,#3421,#3422,#3423,#3424,#3425,#3426,#3427,#3428,#3429),(#3430,#3431,#3432,#3433,#3434,#3435,#3436,#3437,#3438,#3439,#3440,#3441,#3442),(#3443,#3444,#3445,#3446,#3447,#3448,#3449,#3450,#3451,#3452,#3453,#3454,#3455),
(#3456,#3457,#3458,#3459,#3460,#3461,#3462,#3463,#3464,#3465,#3466,#3467,#3468),(#3469,#3470,#3471,#3472,#3473,#3474,#3475,#3476,#3477,#3478,#3479,#3480,#3481),(#3482,#3483,#3484,#3485,#3486,#3487,#3488,#3489,#3490,#3491,#3492,#3493,#3494),(#3495,#3496,#3497,#3498,#3499,#3500,#3501,#3502,#3503,#3504,#3505,#3506,#3507),(#3508,#3509,#3510,#3511,#3512,#3513,#3514,#3515,#3516,#3517,#3518,#3519,#3520)),.UNSPECIFIED.,.F.,.F.,.U.,(4,3,3,3,3,3,3,3,3,3,4),(4,3,3,3,4),(0.738339983,0.752919783,0.78380481,0.814689837,0.845574864,0.876459891,0.907344919,0.938229946,0.969114973,1.,1.000000106),(0.822356855,0.828125573,0.843750521,0.859375469,0.868976342),.UNSPECIFIED.);
#3522=ORIENTED_EDGE('',*,*,#1092,.T.);
#3523=ORIENTED_EDGE('',*,*,#2767,.F.);
#3524=ORIENTED_EDGE('',*,*,#1322,.T.);
#3525=ORIENTED_EDGE('',*,*,#697,.T.);
#3526=ORIENTED_EDGE('',*,*,#870,.T.);
#3527=ORIENTED_EDGE('',*,*,#1719,.T.);
#3528=ORIENTED_EDGE('',*,*,#3108,.T.);
#3529=EDGE_LOOP('',(#3522,#3523,#3524,#3525,#3526,#3527,#3528));
#3530=FACE_BOUND('',#3529,.T.);
#3531=ADVANCED_FACE('',(#3530),#3521,.T.);
#3532=CARTESIAN_POINT('',(-2.819574901,7.5,10.583161764));
#3533=CARTESIAN_POINT('',(-2.819574901,9.5,10.583161764));
#3534=CARTESIAN_POINT('',(-4.460057003,7.5,10.583161764));
#3535=CARTESIAN_POINT('',(-4.460057003,9.5,10.583161764));
#3536=B_SPLINE_SURFACE_WITH_KNOTS('',1,1,((#3532,#3533),(#3534,#3535)),.UNSPECIFIED.,.F.,.F.,.U.,(2,2),(2,2),(-0.001640482,0.),(-0.029965006,-0.027965006),.UNSPECIFIED.);
#3537=ORIENTED_EDGE('',*,*,#2759,.F.);
#3538=CARTESIAN_POINT('',(-4.460057003,9.5,10.583161764));
#3539=CARTESIAN_POINT('',(-4.460057003,7.5,10.583161764));
#3540=B_SPLINE_CURVE_WITH_KNOTS('',1,(#3538,#3539),.UNSPECIFIED.,.F.,.F.,(2,2),(0.027965006,0.029965006),.UNSPECIFIED.);
#3541=EDGE_CURVE('',#1031,#1254,#3540,.T.);
#3542=ORIENTED_EDGE('',*,*,#3541,.T.);
#3543=ORIENTED_EDGE('',*,*,#1258,.F.);
#3544=EDGE_LOOP('',(#3537,#3542,#3543));
#3545=FACE_BOUND('',#3544,.T.);
#3546=ADVANCED_FACE('',(#3545),#3536,.F.);
#3547=CARTESIAN_POINT('',(-4.460057003,7.5,10.583161764));
#3548=CARTESIAN_POINT('',(-4.460057003,9.5,10.583161764));
#3549=CARTESIAN_POINT('',(-4.460057003,7.5,16.));
#3550=CARTESIAN_POINT('',(-4.460057003,9.5,16.));
#3551=B_SPLINE_SURFACE_WITH_KNOTS('',1,1,((#3547,#3548),(#3549,#3550)),.UNSPECIFIED.,.F.,.F.,.U.,(2,2),(2,2),(-0.005416838,0.),(-0.029965006,-0.027965006),.UNSPECIFIED.);
#3552=ORIENTED_EDGE('',*,*,#3541,.F.);
#3553=ORIENTED_EDGE('',*,*,#1035,.F.);
#3554=ORIENTED_EDGE('',*,*,#1342,.T.);
#3555=ORIENTED_EDGE('',*,*,#1265,.F.);
#3556=EDGE_LOOP('',(#3552,#3553,#3554,#3555));
#3557=FACE_BOUND('',#3556,.T.);
#3558=ADVANCED_FACE('',(#3557),#3551,.F.);
#3559=CARTESIAN_POINT('',(-4.460057003,-9.5,10.583161764));
#3560=CARTESIAN_POINT('',(-4.460057003,-7.5,10.583161764));
#3561=CARTESIAN_POINT('',(-4.460057003,-9.5,16.));
#3562=CARTESIAN_POINT('',(-4.460057003,-7.5,16.));
#3563=B_SPLINE_SURFACE_WITH_KNOTS('',1,1,((#3559,#3560),(#3561,#3562)),.UNSPECIFIED.,.F.,.F.,.U.,(2,2),(2,2),(-0.005416838,0.),(-0.046965006,-0.044965006),.UNSPECIFIED.);
#3564=ORIENTED_EDGE('',*,*,#1134,.T.);
#3565=ORIENTED_EDGE('',*,*,#1354,.T.);
#3566=ORIENTED_EDGE('',*,*,#581,.F.);
#3567=CARTESIAN_POINT('',(-4.460057003,-7.5,10.583161764));
#3568=CARTESIAN_POINT('',(-4.460057003,-9.5,10.583161764));
#3569=B_SPLINE_CURVE_WITH_KNOTS('',1,(#3567,#3568),.UNSPECIFIED.,.F.,.F.,(2,2),(0.044965006,0.046965006),.UNSPECIFIED.);
#3570=EDGE_CURVE('',#1128,#575,#3569,.T.);
#3571=ORIENTED_EDGE('',*,*,#3570,.F.);
#3572=EDGE_LOOP('',(#3564,#3565,#3566,#3571));
#3573=FACE_BOUND('',#3572,.T.);
#3574=ADVANCED_FACE('',(#3573),#3563,.F.);
#3575=CARTESIAN_POINT('',(-2.819574901,-9.5,10.583161764));
#3576=CARTESIAN_POINT('',(-2.819574901,-7.5,10.583161764));
#3577=CARTESIAN_POINT('',(-4.460057003,-9.5,10.583161764));
#3578=CARTESIAN_POINT('',(-4.460057003,-7.5,10.583161764));
#3579=B_SPLINE_SURFACE_WITH_KNOTS('',1,1,((#3575,#3576),(#3577,#3578)),.UNSPECIFIED.,.F.,.F.,.U.,(2,2),(2,2),(-0.001640482,0.),(-0.046965006,-0.044965006),.UNSPECIFIED.);
#3580=ORIENTED_EDGE('',*,*,#1141,.T.);
#3581=ORIENTED_EDGE('',*,*,#3570,.T.);
#3582=ORIENTED_EDGE('',*,*,#1929,.F.);
#3583=EDGE_LOOP('',(#3580,#3581,#3582));
#3584=FACE_BOUND('',#3583,.T.);
#3585=ADVANCED_FACE('',(#3584),#3579,.F.);
#3586=CARTESIAN_POINT('',(0.,-5.129318839,1.986945628));
#3587=CARTESIAN_POINT('',(2.5,-4.917602114,1.904932863));
#3588=CARTESIAN_POINT('',(0.,-4.724976607,1.618491723));
#3589=CARTESIAN_POINT('',(2.5,-4.52994943,1.551687187));
#3590=CARTESIAN_POINT('',(0.,-4.280896826,1.293642835));
#3591=CARTESIAN_POINT('',(2.5,-4.104199396,1.240246696));
#3592=CARTESIAN_POINT('',(0.,-3.231693416,0.687884964));
#3593=CARTESIAN_POINT('',(2.5,-3.098302693,0.659491964));
#3594=CARTESIAN_POINT('',(0.,-2.61255261,0.431428446));
#3595=CARTESIAN_POINT('',(2.5,-2.504717418,0.413620892));
#3596=CARTESIAN_POINT('',(0.,-1.328891705,0.087472543));
#3597=CARTESIAN_POINT('',(2.5,-1.27404064,0.083862044));
#3598=CARTESIAN_POINT('',(0.,-0.66447178,0.));
#3599=CARTESIAN_POINT('',(2.5,-0.637045177,0.));
#3600=CARTESIAN_POINT('',(0.,0.,-0.));
#3601=CARTESIAN_POINT('',(2.5,0.,0.));
#3602=B_SPLINE_SURFACE_WITH_KNOTS('',3,1,((#3586,#3587),(#3588,#3589),(#3590,#3591),(#3592,#3593),(#3594,#3595),(#3596,#3597),(#3598,#3599),(#3600,#3601)),.UNSPECIFIED.,.F.,.F.,.U.,(4,2,2,4),(2,2),(0.882363482,0.916666667,0.958333333,1.),(0.,1.),.UNSPECIFIED.);
#3603=ORIENTED_EDGE('',*,*,#1568,.T.);
#3604=ORIENTED_EDGE('',*,*,#1687,.F.);
#3605=ORIENTED_EDGE('',*,*,#2224,.T.);
#3606=ORIENTED_EDGE('',*,*,#814,.T.);
#3607=EDGE_LOOP('',(#3603,#3604,#3605,#3606));
#3608=FACE_BOUND('',#3607,.T.);
#3609=ADVANCED_FACE('',(#3608),#3602,.F.);
#3610=CLOSED_SHELL('',(#682,#714,#755,#836,#882,#928,#953,#1121,#1217,#1245,#1333,#1361,#1397,#1417,#1445,#1465,#1479,#1497,#1511,#1529,#1545,#1625,#1758,#1770,#1790,#1804,
#1822,#1933,#1953,#2246,#2660,#2771,#2791,#3117,#3531,#3546,#3558,#3574,#3585,#3609));
#3611=MANIFOLD_SOLID_BREP('Solid 194',#3610);
#506=STYLED_ITEM('',(),#3611);
#3612=CARTESIAN_POINT('',(2.5,12.867199458,2.111197512));
#3613=CARTESIAN_POINT('',(2.5,25.632800542,2.111197512));
#3614=B_SPLINE_CURVE_WITH_KNOTS('Line.001',1,(#3612,#3613),.UNSPECIFIED.,.F.,.F.,(2,2),(0.,0.012765601),.UNSPECIFIED.);
#3615=CARTESIAN_POINT('',(-0.28324306,-12.106442485,0.5));
#3616=CARTESIAN_POINT('',(-0.769684958,-11.681715447,0.5));
#3617=CARTESIAN_POINT('',(-1.422928205,-11.44800296,0.5));
#3618=CARTESIAN_POINT('',(-2.157183108,-11.480224504,0.5));
#3619=CARTESIAN_POINT('',(-2.847704814,-11.808125091,0.5));
#3620=CARTESIAN_POINT('',(-3.358153146,-12.392743995,0.5));
#3621=CARTESIAN_POINT('',(-3.589945932,-13.121174586,0.5));
#3622=CARTESIAN_POINT('',(-3.522862998,-13.853068274,0.5));
#3623=CARTESIAN_POINT('',(-3.203198838,-14.468830478,0.5));
#3624=CARTESIAN_POINT('',(-2.71675694,-14.893557515,0.5));
#3625=CARTESIAN_POINT('',(-2.230315042,-15.318284553,0.5));
#3626=CARTESIAN_POINT('',(-1.577071795,-15.55199704,0.5));
#3627=CARTESIAN_POINT('',(-0.842816892,-15.519775496,0.5));
#3628=CARTESIAN_POINT('',(-0.152295186,-15.191874909,0.5));
#3629=CARTESIAN_POINT('',(0.358153146,-14.607256005,0.5));
#3630=CARTESIAN_POINT('',(0.589945932,-13.878825414,0.5));
#3631=CARTESIAN_POINT('',(0.522862998,-13.146931726,0.5));
#3632=CARTESIAN_POINT('',(0.203198838,-12.531169522,0.5));
#3633=CARTESIAN_POINT('',(-0.28324306,-12.106442485,0.5));
#3634=B_SPLINE_CURVE_WITH_KNOTS('Circle.004',9,(#3615,#3616,#3617,#3618,#3619,#3620,#3621,#3622,#3623,#3624,#3625,#3626,#3627,#3628,#3629,#3630,#3631,#3632,#3633),.UNSPECIFIED.,.T.,.F.,(10,9,10),(0.,3.141592654,6.283185307),.UNSPECIFIED.);
#3635=CARTESIAN_POINT('',(-0.026022373,14.617984774,0.5));
#3636=CARTESIAN_POINT('',(-0.416271522,15.132498503,0.5));
#3637=CARTESIAN_POINT('',(-1.008578759,15.49377458,0.5));
#3638=CARTESIAN_POINT('',(-1.734121923,15.611058886,0.5));
#3639=CARTESIAN_POINT('',(-2.476775329,15.429937546,0.5));
#3640=CARTESIAN_POINT('',(-3.095131712,14.960925664,0.5));
#3641=CARTESIAN_POINT('',(-3.46976877,14.294602847,0.5));
#3642=CARTESIAN_POINT('',(-3.552436781,13.564305311,0.5));
#3643=CARTESIAN_POINT('',(-3.364226777,12.896528956,0.5));
#3644=CARTESIAN_POINT('',(-2.973977627,12.382015226,0.5));
#3645=CARTESIAN_POINT('',(-2.583728478,11.867501497,0.5));
#3646=CARTESIAN_POINT('',(-1.991421241,11.50622542,0.5));
#3647=CARTESIAN_POINT('',(-1.265878077,11.388941114,0.5));
#3648=CARTESIAN_POINT('',(-0.523224671,11.570062454,0.5));
#3649=CARTESIAN_POINT('',(0.095131712,12.039074336,0.5));
#3650=CARTESIAN_POINT('',(0.46976877,12.705397153,0.5));
#3651=CARTESIAN_POINT('',(0.552436781,13.435694689,0.5));
#3652=CARTESIAN_POINT('',(0.364226777,14.103471044,0.5));
#3653=CARTESIAN_POINT('',(-0.026022373,14.617984774,0.5));
#3654=B_SPLINE_CURVE_WITH_KNOTS('Circle.003',9,(#3635,#3636,#3637,#3638,#3639,#3640,#3641,#3642,#3643,#3644,#3645,#3646,#3647,#3648,#3649,#3650,#3651,#3652,#3653),.UNSPECIFIED.,.T.,.F.,(10,9,10),(0.,3.141592654,6.283185307),.UNSPECIFIED.);
#3655=CARTESIAN_POINT('',(2.5,9.5,0.5));
#3656=CARTESIAN_POINT('',(2.5,9.5,-2.));
#3657=B_SPLINE_CURVE_WITH_KNOTS('Rectangle.002',1,(#3655,#3656),.UNSPECIFIED.,.F.,.F.,(2,2),(0.,0.0025),.UNSPECIFIED.);
#3658=CARTESIAN_POINT('',(-5.5,9.5,0.5));
#3659=CARTESIAN_POINT('',(2.5,9.5,0.5));
#3660=B_SPLINE_CURVE_WITH_KNOTS('Rectangle.002',1,(#3658,#3659),.UNSPECIFIED.,.F.,.F.,(2,2),(0.,0.008),.UNSPECIFIED.);
#3661=CARTESIAN_POINT('',(-5.5,9.5,-2.));
#3662=CARTESIAN_POINT('',(-5.5,9.5,0.5));
#3663=B_SPLINE_CURVE_WITH_KNOTS('Rectangle.002',1,(#3661,#3662),.UNSPECIFIED.,.F.,.F.,(2,2),(0.,0.0025),.UNSPECIFIED.);
#3664=CARTESIAN_POINT('',(2.5,9.5,-2.));
#3665=CARTESIAN_POINT('',(-5.5,9.5,-2.));
#3666=B_SPLINE_CURVE_WITH_KNOTS('Rectangle.002',1,(#3664,#3665),.UNSPECIFIED.,.F.,.F.,(2,2),(0.,0.008),.UNSPECIFIED.);
#3667=GEOMETRIC_CURVE_SET('',(#3657,#3660,#3663,#3666));
#3668=CARTESIAN_POINT('',(2.5,-1.833229173,14.366063459));
#3669=CARTESIAN_POINT('',(2.5,0.633286494,15.005969016));
#3670=CARTESIAN_POINT('',(2.5,3.351151786,14.677293837));
#3671=CARTESIAN_POINT('',(2.5,5.885343358,13.267133998));
#3672=CARTESIAN_POINT('',(2.5,7.743133843,10.890782141));
#3673=CARTESIAN_POINT('',(2.5,8.512189485,7.926457535));
#3674=CARTESIAN_POINT('',(2.5,8.043983643,4.946656044));
#3675=CARTESIAN_POINT('',(2.5,6.5149719,2.482350709));
#3676=CARTESIAN_POINT('',(2.5,4.299686131,0.873833354));
#3677=CARTESIAN_POINT('',(2.5,1.833170464,0.233927797));
#3678=CARTESIAN_POINT('',(2.5,-0.633345203,-0.40597776));
#3679=CARTESIAN_POINT('',(2.5,-3.351210495,-0.077302582));
#3680=CARTESIAN_POINT('',(2.5,-5.885402067,1.332857257));
#3681=CARTESIAN_POINT('',(2.5,-7.743192552,3.709209114));
#3682=CARTESIAN_POINT('',(2.5,-8.512248194,6.673533721));
#3683=CARTESIAN_POINT('',(2.5,-8.044042352,9.653335212));
#3684=CARTESIAN_POINT('',(2.5,-6.515030609,12.117640547));
#3685=CARTESIAN_POINT('',(2.5,-4.29974484,13.726157902));
#3686=CARTESIAN_POINT('',(2.5,-1.833229173,14.366063459));
#3687=B_SPLINE_CURVE_WITH_KNOTS('Circle.001',9,(#3668,#3669,#3670,#3671,#3672,#3673,#3674,#3675,#3676,#3677,#3678,#3679,#3680,#3681,#3682,#3683,#3684,#3685,#3686),.UNSPECIFIED.,.T.,.F.,(10,9,10),(0.,3.141592654,6.283185307),.UNSPECIFIED.);
#3688=CARTESIAN_POINT('',(2.5,-9.5,3.711197512));
#3689=CARTESIAN_POINT('',(2.5,-9.5,-2.));
#3690=B_SPLINE_CURVE_WITH_KNOTS('Rectangle.001',1,(#3688,#3689),.UNSPECIFIED.,.F.,.F.,(2,2),(0.,0.005711198),.UNSPECIFIED.);
#3691=CARTESIAN_POINT('',(2.5,9.5,3.711197512));
#3692=CARTESIAN_POINT('',(2.5,-9.5,3.711197512));
#3693=B_SPLINE_CURVE_WITH_KNOTS('Rectangle.001',1,(#3691,#3692),.UNSPECIFIED.,.F.,.F.,(2,2),(0.,0.019),.UNSPECIFIED.);
#3694=CARTESIAN_POINT('',(2.5,9.5,-2.));
#3695=CARTESIAN_POINT('',(2.5,9.5,3.711197512));
#3696=B_SPLINE_CURVE_WITH_KNOTS('Rectangle.001',1,(#3694,#3695),.UNSPECIFIED.,.F.,.F.,(2,2),(0.,0.005711198),.UNSPECIFIED.);
#3697=CARTESIAN_POINT('',(2.5,-9.5,-2.));
#3698=CARTESIAN_POINT('',(2.5,9.5,-2.));
#3699=B_SPLINE_CURVE_WITH_KNOTS('Rectangle.001',1,(#3697,#3698),.UNSPECIFIED.,.F.,.F.,(2,2),(0.,0.019),.UNSPECIFIED.);
#3700=GEOMETRIC_CURVE_SET('',(#3690,#3693,#3696,#3699));
#3701=CARTESIAN_POINT('',(2.5,-0.,0.));
#3702=CARTESIAN_POINT('',(2.5,-0.,6.5));
#3703=B_SPLINE_CURVE_WITH_KNOTS('Line.002',1,(#3701,#3702),.UNSPECIFIED.,.F.,.F.,(2,2),(0.,0.0065),.UNSPECIFIED.);
#3704=GEOMETRIC_CURVE_SET('',(#3614,#3634,#3654,#3687,#3703));
#16=SHAPE_REPRESENTATION('root',(#15),#10);
#17=ADVANCED_BREP_SHAPE_REPRESENTATION('root',(#252,#479,#3611),#10);
#3712=SHAPE_REPRESENTATION_RELATIONSHIP('','',#16,#17);
#18=GEOMETRICALLY_BOUNDED_WIREFRAME_SHAPE_REPRESENTATION('root',(#492,#505,#3667,#3700,#3704),#10);
#3720=SHAPE_REPRESENTATION_RELATIONSHIP('','',#16,#18);
#3721=APPLICATION_CONTEXT('configuration controlled 3D design of mechanical parts and assemblies');
#3722=APPLICATION_PROTOCOL_DEFINITION('international standard','configuration_control_3d_design_ed2_mim',2004,#3721);
#3723=PRODUCT_CONTEXT('',#3721,'mechanical');
#3724=PRODUCT_DEFINITION_CONTEXT('part definition',#3721,'design');
#24=PRODUCT('root','root','',(#3723));
#3725=PRODUCT_RELATED_PRODUCT_CATEGORY('part','',(#24));
#3726=PRODUCT_DEFINITION_FORMATION_WITH_SPECIFIED_SOURCE('','',#24,.NOT_KNOWN.);
#25=PRODUCT_DEFINITION('design','',#3726,#3724);
#23=PRODUCT_DEFINITION_SHAPE('','',#25);
#3727=SHAPE_DEFINITION_REPRESENTATION(#23,#16);
#11=DRAUGHTING_MODEL('',(),#10);
#1=MECHANICAL_DESIGN_GEOMETRIC_PRESENTATION_REPRESENTATION('',(#26,#253,#506),#10);
ENDSEC;
END-ISO-10303-21;
