ISO-10303-21;
HEADER;

/* File generated by HOOPS Exchange Version 25.8.0 */

FILE_DESCRIPTION(('HOOPS Exchange Step'),'2;1');

FILE_NAME('/home/tfannes/prints/260705_nerf_shooter/NerfShooter_MotorHolder_B.step',
'2026-07-05T19:40:00+02:00',
('tfannes'),
('Unknown organisation'),
'HOOPS Exchange 2025.8',
'HOOPS Exchange',
'Unknown authorisation');

FILE_SCHEMA( ('AP203_CONFIGURATION_CONTROLLED_3D_DESIGN_OF_MECHANICAL_PARTS_AND_ASSEMBLIES_MIM_LF') );

ENDSEC;

DATA;
#3=(NAMED_UNIT(*)PLANE_ANGLE_UNIT()SI_UNIT($,.RADIAN.));
#4=PLANE_ANGLE_MEASURE_WITH_UNIT(PLANE_ANGLE_MEASURE(0.0174532925),#3);
#5=(CONVERSION_BASED_UNIT('DEGREE',#4)NAMED_UNIT(#6)PLANE_ANGLE_UNIT());
#6=DIMENSIONAL_EXPONENTS(0.,0.,0.,0.,0.,0.,0.);
#7=(NAMED_UNIT(*)SI_UNIT($,.STERADIAN.)SOLID_ANGLE_UNIT());
#8=(LENGTH_UNIT()NAMED_UNIT(*)SI_UNIT(.MILLI.,.METRE.));
#9=UNCERTAINTY_MEASURE_WITH_UNIT(LENGTH_MEASURE(1.000000E-03),#8,'DISTANCE_ACCURACY_VALUE','Maximum Tolerance applied to model');
#10=(GEOMETRIC_REPRESENTATION_CONTEXT(3)GLOBAL_UNCERTAINTY_ASSIGNED_CONTEXT((#9))GLOBAL_UNIT_ASSIGNED_CONTEXT((#8,#5,#7))REPRESENTATION_CONTEXT('','root'));
#12=CARTESIAN_POINT('',(0.,0.,0.));
#13=DIRECTION('',(0.,0.,1.));
#14=DIRECTION('',(1.,0.,0.));
#15=AXIS2_PLACEMENT_3D('TS3D_PRODUCT_CSYS',#12,#13,#14);
#26=CARTESIAN_POINT('',(2.5,12.867199458,2.111197512));
#27=CARTESIAN_POINT('',(2.5,25.632800542,2.111197512));
#28=B_SPLINE_CURVE_WITH_KNOTS('Line.001',1,(#26,#27),.UNSPECIFIED.,.F.,.F.,(2,2),(0.,0.012765601),.UNSPECIFIED.);
#29=CARTESIAN_POINT('',(-0.28324306,-12.106442485,0.5));
#30=CARTESIAN_POINT('',(-0.769684958,-11.681715447,0.5));
#31=CARTESIAN_POINT('',(-1.422928205,-11.44800296,0.5));
#32=CARTESIAN_POINT('',(-2.157183108,-11.480224504,0.5));
#33=CARTESIAN_POINT('',(-2.847704814,-11.808125091,0.5));
#34=CARTESIAN_POINT('',(-3.358153146,-12.392743995,0.5));
#35=CARTESIAN_POINT('',(-3.589945932,-13.121174586,0.5));
#36=CARTESIAN_POINT('',(-3.522862998,-13.853068274,0.5));
#37=CARTESIAN_POINT('',(-3.203198838,-14.468830478,0.5));
#38=CARTESIAN_POINT('',(-2.71675694,-14.893557515,0.5));
#39=CARTESIAN_POINT('',(-2.230315042,-15.318284553,0.5));
#40=CARTESIAN_POINT('',(-1.577071795,-15.55199704,0.5));
#41=CARTESIAN_POINT('',(-0.842816892,-15.519775496,0.5));
#42=CARTESIAN_POINT('',(-0.152295186,-15.191874909,0.5));
#43=CARTESIAN_POINT('',(0.358153146,-14.607256005,0.5));
#44=CARTESIAN_POINT('',(0.589945932,-13.878825414,0.5));
#45=CARTESIAN_POINT('',(0.522862998,-13.146931726,0.5));
#46=CARTESIAN_POINT('',(0.203198838,-12.531169522,0.5));
#47=CARTESIAN_POINT('',(-0.28324306,-12.106442485,0.5));
#48=B_SPLINE_CURVE_WITH_KNOTS('Circle.004',9,(#29,#30,#31,#32,#33,#34,#35,#36,#37,#38,#39,#40,#41,#42,#43,#44,#45,#46,#47),.UNSPECIFIED.,.T.,.F.,(10,9,10),(0.,3.141592654,6.283185307),.UNSPECIFIED.);
#49=CARTESIAN_POINT('',(-0.026022373,14.617984774,0.5));
#50=CARTESIAN_POINT('',(-0.416271522,15.132498503,0.5));
#51=CARTESIAN_POINT('',(-1.008578759,15.49377458,0.5));
#52=CARTESIAN_POINT('',(-1.734121923,15.611058886,0.5));
#53=CARTESIAN_POINT('',(-2.476775329,15.429937546,0.5));
#54=CARTESIAN_POINT('',(-3.095131712,14.960925664,0.5));
#55=CARTESIAN_POINT('',(-3.46976877,14.294602847,0.5));
#56=CARTESIAN_POINT('',(-3.552436781,13.564305311,0.5));
#57=CARTESIAN_POINT('',(-3.364226777,12.896528956,0.5));
#58=CARTESIAN_POINT('',(-2.973977627,12.382015226,0.5));
#59=CARTESIAN_POINT('',(-2.583728478,11.867501497,0.5));
#60=CARTESIAN_POINT('',(-1.991421241,11.50622542,0.5));
#61=CARTESIAN_POINT('',(-1.265878077,11.388941114,0.5));
#62=CARTESIAN_POINT('',(-0.523224671,11.570062454,0.5));
#63=CARTESIAN_POINT('',(0.095131712,12.039074336,0.5));
#64=CARTESIAN_POINT('',(0.46976877,12.705397153,0.5));
#65=CARTESIAN_POINT('',(0.552436781,13.435694689,0.5));
#66=CARTESIAN_POINT('',(0.364226777,14.103471044,0.5));
#67=CARTESIAN_POINT('',(-0.026022373,14.617984774,0.5));
#68=B_SPLINE_CURVE_WITH_KNOTS('Circle.003',9,(#49,#50,#51,#52,#53,#54,#55,#56,#57,#58,#59,#60,#61,#62,#63,#64,#65,#66,#67),.UNSPECIFIED.,.T.,.F.,(10,9,10),(0.,3.141592654,6.283185307),.UNSPECIFIED.);
#70=CARTESIAN_POINT('',(2.5,-17.5,0.5));
#71=CARTESIAN_POINT('',(2.5,-9.5,0.5));
#72=CARTESIAN_POINT('',(-5.5,-17.5,0.5));
#73=CARTESIAN_POINT('',(-5.5,-9.5,0.5));
#74=B_SPLINE_SURFACE_WITH_KNOTS('',1,1,((#70,#71),(#72,#73)),.UNSPECIFIED.,.F.,.F.,.U.,(2,2),(2,2),(-0.008,0.),(0.,0.008),.UNSPECIFIED.);
#75=CARTESIAN_POINT('',(-1.5,-15.35,0.5));
#76=VERTEX_POINT('',#75);
#77=CARTESIAN_POINT('',(-0.28324306,-12.106442485,0.5));
#78=VERTEX_POINT('',#77);
#79=CARTESIAN_POINT('',(-0.28324306,-12.106442485,0.5));
#80=CARTESIAN_POINT('',(-1.676800575,-10.889685544,0.5));
#81=CARTESIAN_POINT('',(-2.893557515,-12.28324306,0.5));
#82=CARTESIAN_POINT('',(-4.110314456,-13.676800575,0.5));
#83=CARTESIAN_POINT('',(-2.71675694,-14.893557515,0.5));
#84=CARTESIAN_POINT('',(-1.323199425,-16.110314456,0.5));
#85=CARTESIAN_POINT('',(-0.106442485,-14.71675694,0.5));
#86=CARTESIAN_POINT('',(1.110314456,-13.323199425,0.5));
#87=CARTESIAN_POINT('',(-0.28324306,-12.106442485,0.5));
#88=(BOUNDED_CURVE()
B_SPLINE_CURVE(2,(#79,#80,#81,#82,#83,#84,#85,#86,#87),.UNSPECIFIED.,.T.,.F.)
B_SPLINE_CURVE_WITH_KNOTS((3,2,2,2,3),(0.,1.570796327,3.141592654,4.71238898,6.283185307),.UNSPECIFIED.)
CURVE()
GEOMETRIC_REPRESENTATION_ITEM()
RATIONAL_B_SPLINE_CURVE((1.,0.707106781,1.,0.707106781,1.,0.707106781,1.,0.707106781,1.))
REPRESENTATION_ITEM(''));
#89=EDGE_CURVE('',#76,#78,#88,.T.);
#90=ORIENTED_EDGE('',*,*,#89,.F.);
#91=CARTESIAN_POINT('',(-0.28324306,-12.106442485,0.5));
#92=CARTESIAN_POINT('',(-1.676800575,-10.889685544,0.5));
#93=CARTESIAN_POINT('',(-2.893557515,-12.28324306,0.5));
#94=CARTESIAN_POINT('',(-4.110314456,-13.676800575,0.5));
#95=CARTESIAN_POINT('',(-2.71675694,-14.893557515,0.5));
#96=CARTESIAN_POINT('',(-1.323199425,-16.110314456,0.5));
#97=CARTESIAN_POINT('',(-0.106442485,-14.71675694,0.5));
#98=CARTESIAN_POINT('',(1.110314456,-13.323199425,0.5));
#99=CARTESIAN_POINT('',(-0.28324306,-12.106442485,0.5));
#100=(BOUNDED_CURVE()
B_SPLINE_CURVE(2,(#91,#92,#93,#94,#95,#96,#97,#98,#99),.UNSPECIFIED.,.T.,.F.)
B_SPLINE_CURVE_WITH_KNOTS((3,2,2,2,3),(0.,1.570796327,3.141592654,4.71238898,6.283185307),.UNSPECIFIED.)
CURVE()
GEOMETRIC_REPRESENTATION_ITEM()
RATIONAL_B_SPLINE_CURVE((1.,0.707106781,1.,0.707106781,1.,0.707106781,1.,0.707106781,1.))
REPRESENTATION_ITEM(''));
#101=EDGE_CURVE('',#78,#76,#100,.T.);
#102=ORIENTED_EDGE('',*,*,#101,.F.);
#103=EDGE_LOOP('',(#90,#102));
#104=FACE_BOUND('',#103,.T.);
#105=CARTESIAN_POINT('',(-5.5,-9.5,0.5));
#106=VERTEX_POINT('',#105);
#107=CARTESIAN_POINT('',(2.5,-9.5,0.5));
#108=VERTEX_POINT('',#107);
#109=CARTESIAN_POINT('',(-5.5,-9.5,0.5));
#110=CARTESIAN_POINT('',(2.5,-9.5,0.5));
#111=B_SPLINE_CURVE_WITH_KNOTS('',1,(#109,#110),.UNSPECIFIED.,.F.,.F.,(2,2),(0.,0.008),.UNSPECIFIED.);
#112=EDGE_CURVE('',#106,#108,#111,.T.);
#113=ORIENTED_EDGE('',*,*,#112,.F.);
#114=CARTESIAN_POINT('',(-5.5,-17.5,0.5));
#115=VERTEX_POINT('',#114);
#116=CARTESIAN_POINT('',(-5.5,-17.5,0.5));
#117=CARTESIAN_POINT('',(-5.5,-9.5,0.5));
#118=B_SPLINE_CURVE_WITH_KNOTS('',1,(#116,#117),.UNSPECIFIED.,.F.,.F.,(2,2),(-0.,0.008),.UNSPECIFIED.);
#119=EDGE_CURVE('',#115,#106,#118,.T.);
#120=ORIENTED_EDGE('',*,*,#119,.F.);
#121=CARTESIAN_POINT('',(2.5,-17.5,0.5));
#122=VERTEX_POINT('',#121);
#123=CARTESIAN_POINT('',(-5.5,-17.5,0.5));
#124=CARTESIAN_POINT('',(2.5,-17.5,0.5));
#125=B_SPLINE_CURVE_WITH_KNOTS('',1,(#123,#124),.UNSPECIFIED.,.F.,.F.,(2,2),(0.,0.008),.UNSPECIFIED.);
#126=EDGE_CURVE('',#115,#122,#125,.T.);
#127=ORIENTED_EDGE('',*,*,#126,.T.);
#128=CARTESIAN_POINT('',(2.5,-17.5,0.5));
#129=CARTESIAN_POINT('',(2.5,-9.5,0.5));
#130=B_SPLINE_CURVE_WITH_KNOTS('',1,(#128,#129),.UNSPECIFIED.,.F.,.F.,(2,2),(-0.,0.008),.UNSPECIFIED.);
#131=EDGE_CURVE('',#122,#108,#130,.T.);
#132=ORIENTED_EDGE('',*,*,#131,.T.);
#133=EDGE_LOOP('',(#113,#120,#127,#132));
#134=FACE_BOUND('',#133,.T.);
#135=ADVANCED_FACE('',(#104,#134),#74,.F.);
#136=CARTESIAN_POINT('',(2.5,-17.5,-2.));
#137=CARTESIAN_POINT('',(2.5,-9.5,-2.));
#138=CARTESIAN_POINT('',(2.5,-17.5,0.5));
#139=CARTESIAN_POINT('',(2.5,-9.5,0.5));
#140=B_SPLINE_SURFACE_WITH_KNOTS('',1,1,((#136,#137),(#138,#139)),.UNSPECIFIED.,.F.,.F.,.U.,(2,2),(2,2),(-0.0025,0.),(-0.,0.008),.UNSPECIFIED.);
#141=CARTESIAN_POINT('',(2.5,-9.5,-2.));
#142=VERTEX_POINT('',#141);
#143=CARTESIAN_POINT('',(2.5,-9.5,0.5));
#144=CARTESIAN_POINT('',(2.5,-9.5,-2.));
#145=B_SPLINE_CURVE_WITH_KNOTS('',1,(#143,#144),.UNSPECIFIED.,.F.,.F.,(2,2),(0.,0.0025),.UNSPECIFIED.);
#146=EDGE_CURVE('',#108,#142,#145,.T.);
#147=ORIENTED_EDGE('',*,*,#146,.F.);
#148=ORIENTED_EDGE('',*,*,#131,.F.);
#149=CARTESIAN_POINT('',(2.5,-17.5,-2.));
#150=VERTEX_POINT('',#149);
#151=CARTESIAN_POINT('',(2.5,-17.5,0.5));
#152=CARTESIAN_POINT('',(2.5,-17.5,-2.));
#153=B_SPLINE_CURVE_WITH_KNOTS('',1,(#151,#152),.UNSPECIFIED.,.F.,.F.,(2,2),(0.,0.0025),.UNSPECIFIED.);
#154=EDGE_CURVE('',#122,#150,#153,.T.);
#155=ORIENTED_EDGE('',*,*,#154,.T.);
#156=CARTESIAN_POINT('',(2.5,-17.5,-2.));
#157=CARTESIAN_POINT('',(2.5,-9.5,-2.));
#158=B_SPLINE_CURVE_WITH_KNOTS('',1,(#156,#157),.UNSPECIFIED.,.F.,.F.,(2,2),(-0.,0.008),.UNSPECIFIED.);
#159=EDGE_CURVE('',#150,#142,#158,.T.);
#160=ORIENTED_EDGE('',*,*,#159,.T.);
#161=EDGE_LOOP('',(#147,#148,#155,#160));
#162=FACE_BOUND('',#161,.T.);
#163=ADVANCED_FACE('',(#162),#140,.F.);
#164=CARTESIAN_POINT('',(-5.5,-17.5,-2.));
#165=CARTESIAN_POINT('',(-5.5,-9.5,-2.));
#166=CARTESIAN_POINT('',(2.5,-17.5,-2.));
#167=CARTESIAN_POINT('',(2.5,-9.5,-2.));
#168=B_SPLINE_SURFACE_WITH_KNOTS('',1,1,((#164,#165),(#166,#167)),.UNSPECIFIED.,.F.,.F.,.U.,(2,2),(2,2),(-0.008,0.),(0.,0.008),.UNSPECIFIED.);
#169=CARTESIAN_POINT('',(-1.5,-15.35,-2.));
#170=VERTEX_POINT('',#169);
#171=CARTESIAN_POINT('',(-1.5,-15.35,-2.));
#172=CARTESIAN_POINT('',(0.35,-15.35,-2.));
#173=CARTESIAN_POINT('',(0.35,-13.5,-2.));
#174=CARTESIAN_POINT('',(0.35,-11.65,-2.));
#175=CARTESIAN_POINT('',(-1.5,-11.65,-2.));
#176=CARTESIAN_POINT('',(-3.35,-11.65,-2.));
#177=CARTESIAN_POINT('',(-3.35,-13.5,-2.));
#178=CARTESIAN_POINT('',(-3.35,-15.35,-2.));
#179=CARTESIAN_POINT('',(-1.5,-15.35,-2.));
#180=(BOUNDED_CURVE()
B_SPLINE_CURVE(2,(#171,#172,#173,#174,#175,#176,#177,#178,#179),.UNSPECIFIED.,.T.,.F.)
B_SPLINE_CURVE_WITH_KNOTS((3,2,2,2,3),(0.,1.570796327,3.141592654,4.71238898,6.283185307),.UNSPECIFIED.)
CURVE()
GEOMETRIC_REPRESENTATION_ITEM()
RATIONAL_B_SPLINE_CURVE((1.,0.707106781,1.,0.707106781,1.,0.707106781,1.,0.707106781,1.))
REPRESENTATION_ITEM(''));
#181=EDGE_CURVE('',#170,#170,#180,.T.);
#182=ORIENTED_EDGE('',*,*,#181,.T.);
#183=EDGE_LOOP('',(#182));
#184=FACE_BOUND('',#183,.T.);
#185=CARTESIAN_POINT('',(-5.5,-9.5,-2.));
#186=VERTEX_POINT('',#185);
#187=CARTESIAN_POINT('',(2.5,-9.5,-2.));
#188=CARTESIAN_POINT('',(-5.5,-9.5,-2.));
#189=B_SPLINE_CURVE_WITH_KNOTS('',1,(#187,#188),.UNSPECIFIED.,.F.,.F.,(2,2),(0.,0.008),.UNSPECIFIED.);
#190=EDGE_CURVE('',#142,#186,#189,.T.);
#191=ORIENTED_EDGE('',*,*,#190,.F.);
#192=ORIENTED_EDGE('',*,*,#159,.F.);
#193=CARTESIAN_POINT('',(-5.5,-17.5,-2.));
#194=VERTEX_POINT('',#193);
#195=CARTESIAN_POINT('',(2.5,-17.5,-2.));
#196=CARTESIAN_POINT('',(-5.5,-17.5,-2.));
#197=B_SPLINE_CURVE_WITH_KNOTS('',1,(#195,#196),.UNSPECIFIED.,.F.,.F.,(2,2),(0.,0.008),.UNSPECIFIED.);
#198=EDGE_CURVE('',#150,#194,#197,.T.);
#199=ORIENTED_EDGE('',*,*,#198,.T.);
#200=CARTESIAN_POINT('',(-5.5,-17.5,-2.));
#201=CARTESIAN_POINT('',(-5.5,-9.5,-2.));
#202=B_SPLINE_CURVE_WITH_KNOTS('',1,(#200,#201),.UNSPECIFIED.,.F.,.F.,(2,2),(-0.,0.008),.UNSPECIFIED.);
#203=EDGE_CURVE('',#194,#186,#202,.T.);
#204=ORIENTED_EDGE('',*,*,#203,.T.);
#205=EDGE_LOOP('',(#191,#192,#199,#204));
#206=FACE_BOUND('',#205,.T.);
#207=ADVANCED_FACE('',(#184,#206),#168,.F.);
#208=CARTESIAN_POINT('',(-5.5,-17.5,0.5));
#209=CARTESIAN_POINT('',(-5.5,-9.5,0.5));
#210=CARTESIAN_POINT('',(-5.5,-17.5,-2.));
#211=CARTESIAN_POINT('',(-5.5,-9.5,-2.));
#212=B_SPLINE_SURFACE_WITH_KNOTS('',1,1,((#208,#209),(#210,#211)),.UNSPECIFIED.,.F.,.F.,.U.,(2,2),(2,2),(-0.0025,0.),(-0.,0.008),.UNSPECIFIED.);
#213=CARTESIAN_POINT('',(-5.5,-9.5,-2.));
#214=CARTESIAN_POINT('',(-5.5,-9.5,0.5));
#215=B_SPLINE_CURVE_WITH_KNOTS('',1,(#213,#214),.UNSPECIFIED.,.F.,.F.,(2,2),(0.,0.0025),.UNSPECIFIED.);
#216=EDGE_CURVE('',#186,#106,#215,.T.);
#217=ORIENTED_EDGE('',*,*,#216,.F.);
#218=ORIENTED_EDGE('',*,*,#203,.F.);
#219=CARTESIAN_POINT('',(-5.5,-17.5,-2.));
#220=CARTESIAN_POINT('',(-5.5,-17.5,0.5));
#221=B_SPLINE_CURVE_WITH_KNOTS('',1,(#219,#220),.UNSPECIFIED.,.F.,.F.,(2,2),(0.,0.0025),.UNSPECIFIED.);
#222=EDGE_CURVE('',#194,#115,#221,.T.);
#223=ORIENTED_EDGE('',*,*,#222,.T.);
#224=ORIENTED_EDGE('',*,*,#119,.T.);
#225=EDGE_LOOP('',(#217,#218,#223,#224));
#226=FACE_BOUND('',#225,.T.);
#227=ADVANCED_FACE('',(#226),#212,.F.);
#228=CARTESIAN_POINT('',(2.5,-17.5,-2.));
#229=CARTESIAN_POINT('',(-5.5,-17.5,-2.));
#230=CARTESIAN_POINT('',(2.5,-17.5,0.5));
#231=CARTESIAN_POINT('',(-5.5,-17.5,0.5));
#232=B_SPLINE_SURFACE_WITH_KNOTS('',1,1,((#228,#229),(#230,#231)),.UNSPECIFIED.,.F.,.F.,.U.,(2,2),(2,2),(-0.00125,0.00125),(-0.004,0.004),.UNSPECIFIED.);
#233=ORIENTED_EDGE('',*,*,#126,.F.);
#234=ORIENTED_EDGE('',*,*,#222,.F.);
#235=ORIENTED_EDGE('',*,*,#198,.F.);
#236=ORIENTED_EDGE('',*,*,#154,.F.);
#237=EDGE_LOOP('',(#233,#234,#235,#236));
#238=FACE_BOUND('',#237,.T.);
#239=ADVANCED_FACE('',(#238),#232,.T.);
#240=CARTESIAN_POINT('',(2.5,-9.5,-2.));
#241=CARTESIAN_POINT('',(-5.5,-9.5,-2.));
#242=CARTESIAN_POINT('',(2.5,-9.5,0.5));
#243=CARTESIAN_POINT('',(-5.5,-9.5,0.5));
#244=B_SPLINE_SURFACE_WITH_KNOTS('',1,1,((#240,#241),(#242,#243)),.UNSPECIFIED.,.F.,.F.,.U.,(2,2),(2,2),(-0.00125,0.00125),(-0.004,0.004),.UNSPECIFIED.);
#245=ORIENTED_EDGE('',*,*,#112,.T.);
#246=ORIENTED_EDGE('',*,*,#146,.T.);
#247=ORIENTED_EDGE('',*,*,#190,.T.);
#248=ORIENTED_EDGE('',*,*,#216,.T.);
#249=EDGE_LOOP('',(#245,#246,#247,#248));
#250=FACE_BOUND('',#249,.T.);
#251=ADVANCED_FACE('',(#250),#244,.F.);
#252=CARTESIAN_POINT('',(-1.5,-15.35,-2.));
#253=CARTESIAN_POINT('',(-1.5,-15.35,0.5));
#254=CARTESIAN_POINT('',(1.704293994,-15.35,-2.));
#255=CARTESIAN_POINT('',(1.704293994,-15.35,0.5));
#256=CARTESIAN_POINT('',(0.102146997,-12.575,-2.));
#257=CARTESIAN_POINT('',(0.102146997,-12.575,0.5));
#258=CARTESIAN_POINT('',(-1.5,-9.8,-2.));
#259=CARTESIAN_POINT('',(-1.5,-9.8,0.5));
#260=CARTESIAN_POINT('',(-3.102146997,-12.575,-2.));
#261=CARTESIAN_POINT('',(-3.102146997,-12.575,0.5));
#262=CARTESIAN_POINT('',(-4.704293994,-15.35,-2.));
#263=CARTESIAN_POINT('',(-4.704293994,-15.35,0.5));
#264=CARTESIAN_POINT('',(-1.5,-15.35,-2.));
#265=CARTESIAN_POINT('',(-1.5,-15.35,0.5));
#266=(BOUNDED_SURFACE()
B_SPLINE_SURFACE(2,1,((#252,#253),(#254,#255),(#256,#257),(#258,#259),(#260,#261),(#262,#263),(#264,#265)),.UNSPECIFIED.,.T.,.F.,.U.)
B_SPLINE_SURFACE_WITH_KNOTS((3,2,2,3),(2,2),(0.,2.094395102,4.188790205,6.283185307),(0.021308322,0.023808322),.UNSPECIFIED.)
GEOMETRIC_REPRESENTATION_ITEM()
RATIONAL_B_SPLINE_SURFACE(((1.,1.),(0.5,0.5),(1.,1.),(0.5,0.5),(1.,1.),(0.5,0.5),(1.,1.)))
REPRESENTATION_ITEM('')
SURFACE()
);
#267=CARTESIAN_POINT('',(-1.5,-15.35,0.5));
#268=CARTESIAN_POINT('',(-1.5,-15.35,-2.));
#269=B_SPLINE_CURVE_WITH_KNOTS('',1,(#267,#268),.UNSPECIFIED.,.F.,.F.,(2,2),(0.021308322,0.023808322),.UNSPECIFIED.);
#270=EDGE_CURVE('',#76,#170,#269,.T.);
#271=ORIENTED_EDGE('',*,*,#270,.F.);
#272=ORIENTED_EDGE('',*,*,#89,.T.);
#273=ORIENTED_EDGE('',*,*,#101,.T.);
#274=ORIENTED_EDGE('',*,*,#270,.T.);
#275=ORIENTED_EDGE('',*,*,#181,.F.);
#276=EDGE_LOOP('',(#271,#272,#273,#274,#275));
#277=FACE_BOUND('',#276,.T.);
#278=ADVANCED_FACE('',(#277),#266,.F.);
#279=CLOSED_SHELL('',(#135,#163,#207,#227,#239,#251,#278));
#280=MANIFOLD_SOLID_BREP('Extruded.010',#279);
#69=STYLED_ITEM('',(),#280);
#282=CARTESIAN_POINT('',(2.5,9.5,0.5));
#283=CARTESIAN_POINT('',(2.5,17.5,0.5));
#284=CARTESIAN_POINT('',(-5.5,9.5,0.5));
#285=CARTESIAN_POINT('',(-5.5,17.5,0.5));
#286=B_SPLINE_SURFACE_WITH_KNOTS('',1,1,((#282,#283),(#284,#285)),.UNSPECIFIED.,.F.,.F.,.U.,(2,2),(2,2),(-0.008,0.),(-0.008,0.),.UNSPECIFIED.);
#287=CARTESIAN_POINT('',(-1.5,11.65,0.5));
#288=VERTEX_POINT('',#287);
#289=CARTESIAN_POINT('',(-0.026022373,14.617984774,0.5));
#290=VERTEX_POINT('',#289);
#291=CARTESIAN_POINT('',(-0.026022373,14.617984774,0.5));
#292=CARTESIAN_POINT('',(-1.144007146,16.091962401,0.5));
#293=CARTESIAN_POINT('',(-2.617984774,14.973977627,0.5));
#294=CARTESIAN_POINT('',(-4.091962401,13.855992854,0.5));
#295=CARTESIAN_POINT('',(-2.973977627,12.382015226,0.5));
#296=CARTESIAN_POINT('',(-1.855992854,10.908037599,0.5));
#297=CARTESIAN_POINT('',(-0.382015226,12.026022373,0.5));
#298=CARTESIAN_POINT('',(1.091962401,13.144007146,0.5));
#299=CARTESIAN_POINT('',(-0.026022373,14.617984774,0.5));
#300=(BOUNDED_CURVE()
B_SPLINE_CURVE(2,(#291,#292,#293,#294,#295,#296,#297,#298,#299),.UNSPECIFIED.,.T.,.F.)
B_SPLINE_CURVE_WITH_KNOTS((3,2,2,2,3),(0.,1.570796327,3.141592654,4.71238898,6.283185307),.UNSPECIFIED.)
CURVE()
GEOMETRIC_REPRESENTATION_ITEM()
RATIONAL_B_SPLINE_CURVE((1.,0.707106781,1.,0.707106781,1.,0.707106781,1.,0.707106781,1.))
REPRESENTATION_ITEM(''));
#301=EDGE_CURVE('',#288,#290,#300,.T.);
#302=ORIENTED_EDGE('',*,*,#301,.F.);
#303=CARTESIAN_POINT('',(-0.026022373,14.617984774,0.5));
#304=CARTESIAN_POINT('',(-1.144007146,16.091962401,0.5));
#305=CARTESIAN_POINT('',(-2.617984774,14.973977627,0.5));
#306=CARTESIAN_POINT('',(-4.091962401,13.855992854,0.5));
#307=CARTESIAN_POINT('',(-2.973977627,12.382015226,0.5));
#308=CARTESIAN_POINT('',(-1.855992854,10.908037599,0.5));
#309=CARTESIAN_POINT('',(-0.382015226,12.026022373,0.5));
#310=CARTESIAN_POINT('',(1.091962401,13.144007146,0.5));
#311=CARTESIAN_POINT('',(-0.026022373,14.617984774,0.5));
#312=(BOUNDED_CURVE()
B_SPLINE_CURVE(2,(#303,#304,#305,#306,#307,#308,#309,#310,#311),.UNSPECIFIED.,.T.,.F.)
B_SPLINE_CURVE_WITH_KNOTS((3,2,2,2,3),(0.,1.570796327,3.141592654,4.71238898,6.283185307),.UNSPECIFIED.)
CURVE()
GEOMETRIC_REPRESENTATION_ITEM()
RATIONAL_B_SPLINE_CURVE((1.,0.707106781,1.,0.707106781,1.,0.707106781,1.,0.707106781,1.))
REPRESENTATION_ITEM(''));
#313=EDGE_CURVE('',#290,#288,#312,.T.);
#314=ORIENTED_EDGE('',*,*,#313,.F.);
#315=EDGE_LOOP('',(#302,#314));
#316=FACE_BOUND('',#315,.T.);
#317=CARTESIAN_POINT('',(-5.5,9.5,0.5));
#318=VERTEX_POINT('',#317);
#319=CARTESIAN_POINT('',(2.5,9.5,0.5));
#320=VERTEX_POINT('',#319);
#321=CARTESIAN_POINT('',(-5.5,9.5,0.5));
#322=CARTESIAN_POINT('',(2.5,9.5,0.5));
#323=B_SPLINE_CURVE_WITH_KNOTS('',1,(#321,#322),.UNSPECIFIED.,.F.,.F.,(2,2),(0.,0.008),.UNSPECIFIED.);
#324=EDGE_CURVE('',#318,#320,#323,.T.);
#325=ORIENTED_EDGE('',*,*,#324,.T.);
#326=CARTESIAN_POINT('',(2.5,17.5,0.5));
#327=VERTEX_POINT('',#326);
#328=CARTESIAN_POINT('',(2.5,17.5,0.5));
#329=CARTESIAN_POINT('',(2.5,9.5,0.5));
#330=B_SPLINE_CURVE_WITH_KNOTS('',1,(#328,#329),.UNSPECIFIED.,.F.,.F.,(2,2),(0.,0.008),.UNSPECIFIED.);
#331=EDGE_CURVE('',#327,#320,#330,.T.);
#332=ORIENTED_EDGE('',*,*,#331,.F.);
#333=CARTESIAN_POINT('',(-5.5,17.5,0.5));
#334=VERTEX_POINT('',#333);
#335=CARTESIAN_POINT('',(-5.5,17.5,0.5));
#336=CARTESIAN_POINT('',(2.5,17.5,0.5));
#337=B_SPLINE_CURVE_WITH_KNOTS('',1,(#335,#336),.UNSPECIFIED.,.F.,.F.,(2,2),(0.,0.008),.UNSPECIFIED.);
#338=EDGE_CURVE('',#334,#327,#337,.T.);
#339=ORIENTED_EDGE('',*,*,#338,.F.);
#340=CARTESIAN_POINT('',(-5.5,17.5,0.5));
#341=CARTESIAN_POINT('',(-5.5,9.5,0.5));
#342=B_SPLINE_CURVE_WITH_KNOTS('',1,(#340,#341),.UNSPECIFIED.,.F.,.F.,(2,2),(0.,0.008),.UNSPECIFIED.);
#343=EDGE_CURVE('',#334,#318,#342,.T.);
#344=ORIENTED_EDGE('',*,*,#343,.T.);
#345=EDGE_LOOP('',(#325,#332,#339,#344));
#346=FACE_BOUND('',#345,.T.);
#347=ADVANCED_FACE('',(#316,#346),#286,.F.);
#348=CARTESIAN_POINT('',(2.5,9.5,-2.));
#349=CARTESIAN_POINT('',(2.5,17.5,-2.));
#350=CARTESIAN_POINT('',(2.5,9.5,0.5));
#351=CARTESIAN_POINT('',(2.5,17.5,0.5));
#352=B_SPLINE_SURFACE_WITH_KNOTS('',1,1,((#348,#349),(#350,#351)),.UNSPECIFIED.,.F.,.F.,.U.,(2,2),(2,2),(-0.0025,0.),(-0.008,0.),.UNSPECIFIED.);
#353=CARTESIAN_POINT('',(2.5,9.5,-2.));
#354=VERTEX_POINT('',#353);
#355=CARTESIAN_POINT('',(2.5,9.5,0.5));
#356=CARTESIAN_POINT('',(2.5,9.5,-2.));
#357=B_SPLINE_CURVE_WITH_KNOTS('',1,(#355,#356),.UNSPECIFIED.,.F.,.F.,(2,2),(0.,0.0025),.UNSPECIFIED.);
#358=EDGE_CURVE('',#320,#354,#357,.T.);
#359=ORIENTED_EDGE('',*,*,#358,.T.);
#360=CARTESIAN_POINT('',(2.5,17.5,-2.));
#361=VERTEX_POINT('',#360);
#362=CARTESIAN_POINT('',(2.5,17.5,-2.));
#363=CARTESIAN_POINT('',(2.5,9.5,-2.));
#364=B_SPLINE_CURVE_WITH_KNOTS('',1,(#362,#363),.UNSPECIFIED.,.F.,.F.,(2,2),(0.,0.008),.UNSPECIFIED.);
#365=EDGE_CURVE('',#361,#354,#364,.T.);
#366=ORIENTED_EDGE('',*,*,#365,.F.);
#367=CARTESIAN_POINT('',(2.5,17.5,0.5));
#368=CARTESIAN_POINT('',(2.5,17.5,-2.));
#369=B_SPLINE_CURVE_WITH_KNOTS('',1,(#367,#368),.UNSPECIFIED.,.F.,.F.,(2,2),(0.,0.0025),.UNSPECIFIED.);
#370=EDGE_CURVE('',#327,#361,#369,.T.);
#371=ORIENTED_EDGE('',*,*,#370,.F.);
#372=ORIENTED_EDGE('',*,*,#331,.T.);
#373=EDGE_LOOP('',(#359,#366,#371,#372));
#374=FACE_BOUND('',#373,.T.);
#375=ADVANCED_FACE('',(#374),#352,.F.);
#376=CARTESIAN_POINT('',(-5.5,9.5,-2.));
#377=CARTESIAN_POINT('',(-5.5,17.5,-2.));
#378=CARTESIAN_POINT('',(2.5,9.5,-2.));
#379=CARTESIAN_POINT('',(2.5,17.5,-2.));
#380=B_SPLINE_SURFACE_WITH_KNOTS('',1,1,((#376,#377),(#378,#379)),.UNSPECIFIED.,.F.,.F.,.U.,(2,2),(2,2),(-0.008,0.),(-0.008,0.),.UNSPECIFIED.);
#381=CARTESIAN_POINT('',(0.35,13.5,-2.));
#382=VERTEX_POINT('',#381);
#383=CARTESIAN_POINT('',(-1.5,11.65,-2.));
#384=VERTEX_POINT('',#383);
#385=CARTESIAN_POINT('',(0.35,13.5,-2.));
#386=CARTESIAN_POINT('',(0.35,15.35,-2.));
#387=CARTESIAN_POINT('',(-1.5,15.35,-2.));
#388=CARTESIAN_POINT('',(-3.35,15.35,-2.));
#389=CARTESIAN_POINT('',(-3.35,13.5,-2.));
#390=CARTESIAN_POINT('',(-3.35,11.65,-2.));
#391=CARTESIAN_POINT('',(-1.5,11.65,-2.));
#392=CARTESIAN_POINT('',(0.35,11.65,-2.));
#393=CARTESIAN_POINT('',(0.35,13.5,-2.));
#394=(BOUNDED_CURVE()
B_SPLINE_CURVE(2,(#385,#386,#387,#388,#389,#390,#391,#392,#393),.UNSPECIFIED.,.T.,.F.)
B_SPLINE_CURVE_WITH_KNOTS((3,2,2,2,3),(0.,1.570796327,3.141592654,4.71238898,6.283185307),.UNSPECIFIED.)
CURVE()
GEOMETRIC_REPRESENTATION_ITEM()
RATIONAL_B_SPLINE_CURVE((1.,0.707106781,1.,0.707106781,1.,0.707106781,1.,0.707106781,1.))
REPRESENTATION_ITEM(''));
#395=EDGE_CURVE('',#382,#384,#394,.T.);
#396=ORIENTED_EDGE('',*,*,#395,.T.);
#397=CARTESIAN_POINT('',(0.35,13.5,-2.));
#398=CARTESIAN_POINT('',(0.35,15.35,-2.));
#399=CARTESIAN_POINT('',(-1.5,15.35,-2.));
#400=CARTESIAN_POINT('',(-3.35,15.35,-2.));
#401=CARTESIAN_POINT('',(-3.35,13.5,-2.));
#402=CARTESIAN_POINT('',(-3.35,11.65,-2.));
#403=CARTESIAN_POINT('',(-1.5,11.65,-2.));
#404=CARTESIAN_POINT('',(0.35,11.65,-2.));
#405=CARTESIAN_POINT('',(0.35,13.5,-2.));
#406=(BOUNDED_CURVE()
B_SPLINE_CURVE(2,(#397,#398,#399,#400,#401,#402,#403,#404,#405),.UNSPECIFIED.,.T.,.F.)
B_SPLINE_CURVE_WITH_KNOTS((3,2,2,2,3),(0.,1.570796327,3.141592654,4.71238898,6.283185307),.UNSPECIFIED.)
CURVE()
GEOMETRIC_REPRESENTATION_ITEM()
RATIONAL_B_SPLINE_CURVE((1.,0.707106781,1.,0.707106781,1.,0.707106781,1.,0.707106781,1.))
REPRESENTATION_ITEM(''));
#407=EDGE_CURVE('',#384,#382,#406,.T.);
#408=ORIENTED_EDGE('',*,*,#407,.T.);
#409=EDGE_LOOP('',(#396,#408));
#410=FACE_BOUND('',#409,.T.);
#411=CARTESIAN_POINT('',(-5.5,9.5,-2.));
#412=VERTEX_POINT('',#411);
#413=CARTESIAN_POINT('',(2.5,9.5,-2.));
#414=CARTESIAN_POINT('',(-5.5,9.5,-2.));
#415=B_SPLINE_CURVE_WITH_KNOTS('',1,(#413,#414),.UNSPECIFIED.,.F.,.F.,(2,2),(0.,0.008),.UNSPECIFIED.);
#416=EDGE_CURVE('',#354,#412,#415,.T.);
#417=ORIENTED_EDGE('',*,*,#416,.T.);
#418=CARTESIAN_POINT('',(-5.5,17.5,-2.));
#419=VERTEX_POINT('',#418);
#420=CARTESIAN_POINT('',(-5.5,17.5,-2.));
#421=CARTESIAN_POINT('',(-5.5,9.5,-2.));
#422=B_SPLINE_CURVE_WITH_KNOTS('',1,(#420,#421),.UNSPECIFIED.,.F.,.F.,(2,2),(0.,0.008),.UNSPECIFIED.);
#423=EDGE_CURVE('',#419,#412,#422,.T.);
#424=ORIENTED_EDGE('',*,*,#423,.F.);
#425=CARTESIAN_POINT('',(2.5,17.5,-2.));
#426=CARTESIAN_POINT('',(-5.5,17.5,-2.));
#427=B_SPLINE_CURVE_WITH_KNOTS('',1,(#425,#426),.UNSPECIFIED.,.F.,.F.,(2,2),(0.,0.008),.UNSPECIFIED.);
#428=EDGE_CURVE('',#361,#419,#427,.T.);
#429=ORIENTED_EDGE('',*,*,#428,.F.);
#430=ORIENTED_EDGE('',*,*,#365,.T.);
#431=EDGE_LOOP('',(#417,#424,#429,#430));
#432=FACE_BOUND('',#431,.T.);
#433=ADVANCED_FACE('',(#410,#432),#380,.F.);
#434=CARTESIAN_POINT('',(-5.5,9.5,0.5));
#435=CARTESIAN_POINT('',(-5.5,17.5,0.5));
#436=CARTESIAN_POINT('',(-5.5,9.5,-2.));
#437=CARTESIAN_POINT('',(-5.5,17.5,-2.));
#438=B_SPLINE_SURFACE_WITH_KNOTS('',1,1,((#434,#435),(#436,#437)),.UNSPECIFIED.,.F.,.F.,.U.,(2,2),(2,2),(-0.0025,0.),(-0.008,0.),.UNSPECIFIED.);
#439=CARTESIAN_POINT('',(-5.5,9.5,-2.));
#440=CARTESIAN_POINT('',(-5.5,9.5,0.5));
#441=B_SPLINE_CURVE_WITH_KNOTS('',1,(#439,#440),.UNSPECIFIED.,.F.,.F.,(2,2),(0.,0.0025),.UNSPECIFIED.);
#442=EDGE_CURVE('',#412,#318,#441,.T.);
#443=ORIENTED_EDGE('',*,*,#442,.T.);
#444=ORIENTED_EDGE('',*,*,#343,.F.);
#445=CARTESIAN_POINT('',(-5.5,17.5,-2.));
#446=CARTESIAN_POINT('',(-5.5,17.5,0.5));
#447=B_SPLINE_CURVE_WITH_KNOTS('',1,(#445,#446),.UNSPECIFIED.,.F.,.F.,(2,2),(0.,0.0025),.UNSPECIFIED.);
#448=EDGE_CURVE('',#419,#334,#447,.T.);
#449=ORIENTED_EDGE('',*,*,#448,.F.);
#450=ORIENTED_EDGE('',*,*,#423,.T.);
#451=EDGE_LOOP('',(#443,#444,#449,#450));
#452=FACE_BOUND('',#451,.T.);
#453=ADVANCED_FACE('',(#452),#438,.F.);
#454=CARTESIAN_POINT('',(-5.5,17.5,-2.));
#455=CARTESIAN_POINT('',(2.5,17.5,-2.));
#456=CARTESIAN_POINT('',(-5.5,17.5,0.5));
#457=CARTESIAN_POINT('',(2.5,17.5,0.5));
#458=B_SPLINE_SURFACE_WITH_KNOTS('',1,1,((#454,#455),(#456,#457)),.UNSPECIFIED.,.F.,.F.,.U.,(2,2),(2,2),(-0.00125,0.00125),(-0.004,0.004),.UNSPECIFIED.);
#459=ORIENTED_EDGE('',*,*,#338,.T.);
#460=ORIENTED_EDGE('',*,*,#370,.T.);
#461=ORIENTED_EDGE('',*,*,#428,.T.);
#462=ORIENTED_EDGE('',*,*,#448,.T.);
#463=EDGE_LOOP('',(#459,#460,#461,#462));
#464=FACE_BOUND('',#463,.T.);
#465=ADVANCED_FACE('',(#464),#458,.T.);
#466=CARTESIAN_POINT('',(-5.5,9.5,-2.));
#467=CARTESIAN_POINT('',(2.5,9.5,-2.));
#468=CARTESIAN_POINT('',(-5.5,9.5,0.5));
#469=CARTESIAN_POINT('',(2.5,9.5,0.5));
#470=B_SPLINE_SURFACE_WITH_KNOTS('',1,1,((#466,#467),(#468,#469)),.UNSPECIFIED.,.F.,.F.,.U.,(2,2),(2,2),(-0.00125,0.00125),(-0.004,0.004),.UNSPECIFIED.);
#471=ORIENTED_EDGE('',*,*,#324,.F.);
#472=ORIENTED_EDGE('',*,*,#442,.F.);
#473=ORIENTED_EDGE('',*,*,#416,.F.);
#474=ORIENTED_EDGE('',*,*,#358,.F.);
#475=EDGE_LOOP('',(#471,#472,#473,#474));
#476=FACE_BOUND('',#475,.T.);
#477=ADVANCED_FACE('',(#476),#470,.F.);
#478=CARTESIAN_POINT('',(-1.5,11.65,-2.));
#479=CARTESIAN_POINT('',(-1.5,11.65,0.5));
#480=CARTESIAN_POINT('',(1.704293994,11.65,-2.));
#481=CARTESIAN_POINT('',(1.704293994,11.65,0.5));
#482=CARTESIAN_POINT('',(0.102146997,14.425,-2.));
#483=CARTESIAN_POINT('',(0.102146997,14.425,0.5));
#484=CARTESIAN_POINT('',(-1.5,17.2,-2.));
#485=CARTESIAN_POINT('',(-1.5,17.2,0.5));
#486=CARTESIAN_POINT('',(-3.102146997,14.425,-2.));
#487=CARTESIAN_POINT('',(-3.102146997,14.425,0.5));
#488=CARTESIAN_POINT('',(-4.704293994,11.65,-2.));
#489=CARTESIAN_POINT('',(-4.704293994,11.65,0.5));
#490=CARTESIAN_POINT('',(-1.5,11.65,-2.));
#491=CARTESIAN_POINT('',(-1.5,11.65,0.5));
#492=(BOUNDED_SURFACE()
B_SPLINE_SURFACE(2,1,((#478,#479),(#480,#481),(#482,#483),(#484,#485),(#486,#487),(#488,#489),(#490,#491)),.UNSPECIFIED.,.T.,.F.,.U.)
B_SPLINE_SURFACE_WITH_KNOTS((3,2,2,3),(2,2),(0.,2.094395102,4.188790205,6.283185307),(0.021308322,0.023808322),.UNSPECIFIED.)
GEOMETRIC_REPRESENTATION_ITEM()
RATIONAL_B_SPLINE_SURFACE(((1.,1.),(0.5,0.5),(1.,1.),(0.5,0.5),(1.,1.),(0.5,0.5),(1.,1.)))
REPRESENTATION_ITEM('')
SURFACE()
);
#493=CARTESIAN_POINT('',(-1.5,11.65,0.5));
#494=CARTESIAN_POINT('',(-1.5,11.65,-2.));
#495=B_SPLINE_CURVE_WITH_KNOTS('',1,(#493,#494),.UNSPECIFIED.,.F.,.F.,(2,2),(0.021308322,0.023808322),.UNSPECIFIED.);
#496=EDGE_CURVE('',#288,#384,#495,.T.);
#497=ORIENTED_EDGE('',*,*,#496,.F.);
#498=ORIENTED_EDGE('',*,*,#301,.T.);
#499=ORIENTED_EDGE('',*,*,#313,.T.);
#500=ORIENTED_EDGE('',*,*,#496,.T.);
#501=ORIENTED_EDGE('',*,*,#395,.F.);
#502=ORIENTED_EDGE('',*,*,#407,.F.);
#503=EDGE_LOOP('',(#497,#498,#499,#500,#501,#502));
#504=FACE_BOUND('',#503,.T.);
#505=ADVANCED_FACE('',(#504),#492,.F.);
#506=CLOSED_SHELL('',(#347,#375,#433,#453,#465,#477,#505));
#507=MANIFOLD_SOLID_BREP('Extruded.009',#506);
#281=STYLED_ITEM('',(),#507);
#508=CARTESIAN_POINT('',(2.5,9.5,0.5));
#509=CARTESIAN_POINT('',(2.5,9.5,-2.));
#510=B_SPLINE_CURVE_WITH_KNOTS('Rectangle.002',1,(#508,#509),.UNSPECIFIED.,.F.,.F.,(2,2),(0.,0.0025),.UNSPECIFIED.);
#511=CARTESIAN_POINT('',(-5.5,9.5,0.5));
#512=CARTESIAN_POINT('',(2.5,9.5,0.5));
#513=B_SPLINE_CURVE_WITH_KNOTS('Rectangle.002',1,(#511,#512),.UNSPECIFIED.,.F.,.F.,(2,2),(0.,0.008),.UNSPECIFIED.);
#514=CARTESIAN_POINT('',(-5.5,9.5,-2.));
#515=CARTESIAN_POINT('',(-5.5,9.5,0.5));
#516=B_SPLINE_CURVE_WITH_KNOTS('Rectangle.002',1,(#514,#515),.UNSPECIFIED.,.F.,.F.,(2,2),(0.,0.0025),.UNSPECIFIED.);
#517=CARTESIAN_POINT('',(2.5,9.5,-2.));
#518=CARTESIAN_POINT('',(-5.5,9.5,-2.));
#519=B_SPLINE_CURVE_WITH_KNOTS('Rectangle.002',1,(#517,#518),.UNSPECIFIED.,.F.,.F.,(2,2),(0.,0.008),.UNSPECIFIED.);
#520=GEOMETRIC_CURVE_SET('',(#510,#513,#516,#519));
#522=CARTESIAN_POINT('',(14.457077413,-2.679961352,-2.));
#523=CARTESIAN_POINT('',(14.457077413,2.679961352,-2.));
#524=CARTESIAN_POINT('',(14.457077413,-2.679961352,0.509738933));
#525=CARTESIAN_POINT('',(14.457077413,2.679961352,0.509738933));
#526=B_SPLINE_SURFACE_WITH_KNOTS('',1,1,((#522,#523),(#524,#525)),.UNSPECIFIED.,.F.,.F.,.U.,(2,2),(2,2),(-0.014058055,-0.011548316),(0.01970346,0.025063383),.UNSPECIFIED.);
#527=CARTESIAN_POINT('',(14.457077413,-2.679961352,-2.));
#528=VERTEX_POINT('',#527);
#529=CARTESIAN_POINT('',(14.457077413,-2.679961352,-0.5));
#530=VERTEX_POINT('',#529);
#531=CARTESIAN_POINT('',(14.457077413,-2.679961352,-2.));
#532=CARTESIAN_POINT('',(14.457077413,-2.679961352,-0.5));
#533=B_SPLINE_CURVE_WITH_KNOTS('',1,(#531,#532),.UNSPECIFIED.,.F.,.F.,(2,2),(0.007253403,0.008753403),.UNSPECIFIED.);
#534=EDGE_CURVE('',#528,#530,#533,.T.);
#535=ORIENTED_EDGE('',*,*,#534,.F.);
#536=CARTESIAN_POINT('',(14.457077413,2.679961352,-2.));
#537=VERTEX_POINT('',#536);
#538=CARTESIAN_POINT('',(14.457077413,-2.679961352,-2.));
#539=CARTESIAN_POINT('',(14.457077413,2.679961352,-2.));
#540=B_SPLINE_CURVE_WITH_KNOTS('',1,(#538,#539),.UNSPECIFIED.,.F.,.F.,(2,2),(0.006820039,0.012179961),.UNSPECIFIED.);
#541=EDGE_CURVE('',#528,#537,#540,.T.);
#542=ORIENTED_EDGE('',*,*,#541,.T.);
#543=CARTESIAN_POINT('',(14.457077413,2.679961352,-0.5));
#544=VERTEX_POINT('',#543);
#545=CARTESIAN_POINT('',(14.457077413,2.679961352,-2.));
#546=CARTESIAN_POINT('',(14.457077413,2.679961352,-0.5));
#547=B_SPLINE_CURVE_WITH_KNOTS('',1,(#545,#546),.UNSPECIFIED.,.F.,.F.,(2,2),(0.036296041,0.037796041),.UNSPECIFIED.);
#548=EDGE_CURVE('',#537,#544,#547,.T.);
#549=ORIENTED_EDGE('',*,*,#548,.T.);
#550=CARTESIAN_POINT('',(14.457077413,2.679961352,0.509738933));
#551=VERTEX_POINT('',#550);
#552=CARTESIAN_POINT('',(14.457077413,2.679961352,0.509738933));
#553=CARTESIAN_POINT('',(14.457077413,2.679961352,-0.5));
#554=B_SPLINE_CURVE_WITH_KNOTS('',1,(#552,#553),.UNSPECIFIED.,.F.,.F.,(2,2),(0.00050059,0.001510329),.UNSPECIFIED.);
#555=EDGE_CURVE('',#551,#544,#554,.T.);
#556=ORIENTED_EDGE('',*,*,#555,.F.);
#557=CARTESIAN_POINT('',(14.457077413,-2.679961352,0.509715762));
#558=VERTEX_POINT('',#557);
#559=CARTESIAN_POINT('',(14.457077413,-2.679961352,0.509715762));
#560=CARTESIAN_POINT('',(14.457077413,0.000004573,-0.547991221));
#561=CARTESIAN_POINT('',(14.457077413,2.679961352,0.509738933));
#562=(BOUNDED_CURVE()
B_SPLINE_CURVE(2,(#559,#560,#561),.UNSPECIFIED.,.F.,.F.)
B_SPLINE_CURVE_WITH_KNOTS((3,3),(2.765679326,3.517497335),.UNSPECIFIED.)
CURVE()
GEOMETRIC_REPRESENTATION_ITEM()
RATIONAL_B_SPLINE_CURVE((1.,0.930174294,1.))
REPRESENTATION_ITEM(''));
#563=EDGE_CURVE('',#558,#551,#562,.T.);
#564=ORIENTED_EDGE('',*,*,#563,.F.);
#565=CARTESIAN_POINT('',(14.457077413,-2.679961352,-0.5));
#566=CARTESIAN_POINT('',(14.457077413,-2.679961352,0.509715762));
#567=B_SPLINE_CURVE_WITH_KNOTS('',1,(#565,#566),.UNSPECIFIED.,.F.,.F.,(2,2),(0.000500579,0.001510295),.UNSPECIFIED.);
#568=EDGE_CURVE('',#530,#558,#567,.T.);
#569=ORIENTED_EDGE('',*,*,#568,.F.);
#570=EDGE_LOOP('',(#535,#542,#549,#556,#564,#569));
#571=FACE_BOUND('',#570,.T.);
#572=ADVANCED_FACE('',(#571),#526,.F.);
#573=CARTESIAN_POINT('',(2.5,-12.867199458,2.111197512));
#574=CARTESIAN_POINT('',(2.5,12.867199458,2.111197512));
#575=CARTESIAN_POINT('',(2.5,-12.867199458,-2.970193147));
#576=CARTESIAN_POINT('',(2.5,12.867199458,-2.970193147));
#577=B_SPLINE_SURFACE_WITH_KNOTS('',1,1,((#573,#574),(#575,#576)),.UNSPECIFIED.,.F.,.F.,.U.,(2,2),(2,2),(0.005188802,0.010270193),(-0.012867199,0.012867199),.UNSPECIFIED.);
#578=CARTESIAN_POINT('',(2.5,-12.867199458,-2.));
#579=VERTEX_POINT('',#578);
#580=CARTESIAN_POINT('',(2.5,12.867199458,-2.));
#581=VERTEX_POINT('',#580);
#582=CARTESIAN_POINT('',(2.5,-12.867199458,-2.));
#583=CARTESIAN_POINT('',(2.5,12.867199458,-2.));
#584=B_SPLINE_CURVE_WITH_KNOTS('',1,(#582,#583),.UNSPECIFIED.,.F.,.F.,(2,2),(-0.003367199,0.022367199),.UNSPECIFIED.);
#585=EDGE_CURVE('',#579,#581,#584,.T.);
#586=ORIENTED_EDGE('',*,*,#585,.F.);
#587=CARTESIAN_POINT('',(2.5,-12.867199458,-0.5));
#588=VERTEX_POINT('',#587);
#589=CARTESIAN_POINT('',(2.5,-12.867199458,-2.));
#590=CARTESIAN_POINT('',(2.5,-12.867199458,-0.5));
#591=B_SPLINE_CURVE_WITH_KNOTS('',1,(#589,#590),.UNSPECIFIED.,.F.,.F.,(2,2),(0.007253403,0.008753403),.UNSPECIFIED.);
#592=EDGE_CURVE('',#579,#588,#591,.T.);
#593=ORIENTED_EDGE('',*,*,#592,.T.);
#594=CARTESIAN_POINT('',(2.5,-12.867199458,2.111197512));
#595=VERTEX_POINT('',#594);
#596=CARTESIAN_POINT('',(2.5,-12.867199458,-0.5));
#597=CARTESIAN_POINT('',(2.5,-12.867199458,2.111197512));
#598=B_SPLINE_CURVE_WITH_KNOTS('',1,(#596,#597),.UNSPECIFIED.,.F.,.F.,(2,2),(-0.001152778,0.001458419),.UNSPECIFIED.);
#599=EDGE_CURVE('',#588,#595,#598,.T.);
#600=ORIENTED_EDGE('',*,*,#599,.T.);
#601=CARTESIAN_POINT('',(2.5,-5.134842913,2.111197512));
#602=VERTEX_POINT('',#601);
#603=CARTESIAN_POINT('',(2.5,-5.134842913,2.111197512));
#604=CARTESIAN_POINT('',(2.5,-12.867199458,2.111197512));
#605=B_SPLINE_CURVE_WITH_KNOTS('',1,(#603,#604),.UNSPECIFIED.,.F.,.F.,(2,2),(0.014634843,0.022367199),.UNSPECIFIED.);
#606=EDGE_CURVE('',#602,#595,#605,.T.);
#607=ORIENTED_EDGE('',*,*,#606,.F.);
#608=CARTESIAN_POINT('',(2.5,5.134784204,2.111197512));
#609=VERTEX_POINT('',#608);
#610=CARTESIAN_POINT('',(2.5,5.134784204,2.111197512));
#611=CARTESIAN_POINT('',(2.5,-0.000029355,-2.970193147));
#612=CARTESIAN_POINT('',(2.5,-5.134842913,2.111197512));
#613=(BOUNDED_CURVE()
B_SPLINE_CURVE(2,(#610,#611,#612),.UNSPECIFIED.,.F.,.F.)
B_SPLINE_CURVE_WITH_KNOTS((3,3),(2.61526436,4.175602318),.UNSPECIFIED.)
CURVE()
GEOMETRIC_REPRESENTATION_ITEM()
RATIONAL_B_SPLINE_CURVE((1.,0.710794688,1.))
REPRESENTATION_ITEM(''));
#614=EDGE_CURVE('',#609,#602,#613,.T.);
#615=ORIENTED_EDGE('',*,*,#614,.F.);
#616=CARTESIAN_POINT('',(2.5,12.867199458,2.111197512));
#617=VERTEX_POINT('',#616);
#618=CARTESIAN_POINT('',(2.5,12.867199458,2.111197512));
#619=CARTESIAN_POINT('',(2.5,5.134784204,2.111197512));
#620=B_SPLINE_CURVE_WITH_KNOTS('',1,(#618,#619),.UNSPECIFIED.,.F.,.F.,(2,2),(-0.003367199,0.004365216),.UNSPECIFIED.);
#621=EDGE_CURVE('',#617,#609,#620,.T.);
#622=ORIENTED_EDGE('',*,*,#621,.F.);
#623=CARTESIAN_POINT('',(2.5,12.867199458,-0.5));
#624=VERTEX_POINT('',#623);
#625=CARTESIAN_POINT('',(2.5,12.867199458,2.111197512));
#626=CARTESIAN_POINT('',(2.5,12.867199458,-0.5));
#627=B_SPLINE_CURVE_WITH_KNOTS('',1,(#625,#626),.UNSPECIFIED.,.F.,.F.,(2,2),(-0.001109877,0.001501321),.UNSPECIFIED.);
#628=EDGE_CURVE('',#617,#624,#627,.T.);
#629=ORIENTED_EDGE('',*,*,#628,.T.);
#630=CARTESIAN_POINT('',(2.5,12.867199458,-2.));
#631=CARTESIAN_POINT('',(2.5,12.867199458,-0.5));
#632=B_SPLINE_CURVE_WITH_KNOTS('',1,(#630,#631),.UNSPECIFIED.,.F.,.F.,(2,2),(0.036296041,0.037796041),.UNSPECIFIED.);
#633=EDGE_CURVE('',#581,#624,#632,.T.);
#634=ORIENTED_EDGE('',*,*,#633,.F.);
#635=EDGE_LOOP('',(#586,#593,#600,#607,#615,#622,#629,#634));
#636=FACE_BOUND('',#635,.T.);
#637=ADVANCED_FACE('',(#636),#577,.F.);
#638=CARTESIAN_POINT('',(2.5,-12.867199458,-2.));
#639=CARTESIAN_POINT('',(2.5,12.867199458,-2.));
#640=CARTESIAN_POINT('',(14.457077413,-12.867199458,-2.));
#641=CARTESIAN_POINT('',(14.457077413,12.867199458,-2.));
#642=B_SPLINE_SURFACE_WITH_KNOTS('',1,1,((#638,#639),(#640,#641)),.UNSPECIFIED.,.F.,.F.,.U.,(2,2),(2,2),(-0.030284423,-0.018327346),(-0.003367199,0.022367199),.UNSPECIFIED.);
#643=CARTESIAN_POINT('',(2.5,-12.867199458,-2.));
#644=CARTESIAN_POINT('',(5.825063168,-4.659113845,-2.));
#645=CARTESIAN_POINT('',(14.457077413,-2.679961352,-2.));
#646=(BOUNDED_CURVE()
B_SPLINE_CURVE(2,(#643,#644,#645),.UNSPECIFIED.,.F.,.F.)
B_SPLINE_CURVE_WITH_KNOTS((3,3),(1.796181251,2.756700853),.UNSPECIFIED.)
CURVE()
GEOMETRIC_REPRESENTATION_ITEM()
RATIONAL_B_SPLINE_CURVE((1.,0.886874922,1.))
REPRESENTATION_ITEM(''));
#647=EDGE_CURVE('',#579,#528,#646,.T.);
#648=ORIENTED_EDGE('',*,*,#647,.F.);
#649=ORIENTED_EDGE('',*,*,#585,.T.);
#650=CARTESIAN_POINT('',(2.5,12.867199458,-2.));
#651=CARTESIAN_POINT('',(5.825063168,4.659113845,-2.));
#652=CARTESIAN_POINT('',(14.457077413,2.679961352,-2.));
#653=(BOUNDED_CURVE()
B_SPLINE_CURVE(2,(#650,#651,#652),.UNSPECIFIED.,.F.,.F.)
B_SPLINE_CURVE_WITH_KNOTS((3,3),(3.526484454,4.487004056),.UNSPECIFIED.)
CURVE()
GEOMETRIC_REPRESENTATION_ITEM()
RATIONAL_B_SPLINE_CURVE((1.,0.886874922,1.))
REPRESENTATION_ITEM(''));
#654=EDGE_CURVE('',#581,#537,#653,.T.);
#655=ORIENTED_EDGE('',*,*,#654,.T.);
#656=ORIENTED_EDGE('',*,*,#541,.F.);
#657=EDGE_LOOP('',(#648,#649,#655,#656));
#658=FACE_BOUND('',#657,.T.);
#659=ADVANCED_FACE('',(#658),#642,.F.);
#660=CARTESIAN_POINT('',(14.457088824,2.680011128,2.111197512));
#661=CARTESIAN_POINT('',(14.457088824,2.680011128,1.974812017));
#662=CARTESIAN_POINT('',(14.457088824,2.680011128,1.838426523));
#663=CARTESIAN_POINT('',(14.457088824,2.680011128,1.702041028));
#664=CARTESIAN_POINT('',(14.457088824,2.680011128,1.668367523));
#665=CARTESIAN_POINT('',(14.457088824,2.680011128,1.634694019));
#666=CARTESIAN_POINT('',(14.457088824,2.680011128,1.601020514));
#667=CARTESIAN_POINT('',(14.457088824,2.680011128,1.567347009));
#668=CARTESIAN_POINT('',(14.457088824,2.680011128,1.533673505));
#669=CARTESIAN_POINT('',(14.457088824,2.680011128,1.5));
#670=CARTESIAN_POINT('',(14.457088824,2.680011128,1.466326495));
#671=CARTESIAN_POINT('',(14.457088824,2.680011128,1.432652991));
#672=CARTESIAN_POINT('',(14.457088824,2.680011128,1.398979486));
#673=CARTESIAN_POINT('',(14.457088824,2.680011128,0.765986324));
#674=CARTESIAN_POINT('',(14.457088824,2.680011128,0.132993162));
#675=CARTESIAN_POINT('',(14.457088824,2.680011128,-0.5));
#676=CARTESIAN_POINT('',(14.117148903,2.757944459,2.111197512));
#677=CARTESIAN_POINT('',(14.117148903,2.757944459,1.974812017));
#678=CARTESIAN_POINT('',(14.117148903,2.757944459,1.838426523));
#679=CARTESIAN_POINT('',(14.117148903,2.757944459,1.702041028));
#680=CARTESIAN_POINT('',(14.117148903,2.757944459,1.668367523));
#681=CARTESIAN_POINT('',(14.117148903,2.757944459,1.634694019));
#682=CARTESIAN_POINT('',(14.117148903,2.757944459,1.601020514));
#683=CARTESIAN_POINT('',(14.117148903,2.757944459,1.567347009));
#684=CARTESIAN_POINT('',(14.117148903,2.757944459,1.533673505));
#685=CARTESIAN_POINT('',(14.117148903,2.757944459,1.5));
#686=CARTESIAN_POINT('',(14.117148903,2.757944459,1.466326495));
#687=CARTESIAN_POINT('',(14.117148903,2.757944459,1.432652991));
#688=CARTESIAN_POINT('',(14.117148903,2.757944459,1.398979486));
#689=CARTESIAN_POINT('',(14.117148903,2.757944459,0.765986324));
#690=CARTESIAN_POINT('',(14.117148903,2.757944459,0.132993162));
#691=CARTESIAN_POINT('',(14.117148903,2.757944459,-0.5));
#692=CARTESIAN_POINT('',(13.78077752,2.846044794,2.111197512));
#693=CARTESIAN_POINT('',(13.78077752,2.846044794,1.974812017));
#694=CARTESIAN_POINT('',(13.78077752,2.846044794,1.838426523));
#695=CARTESIAN_POINT('',(13.78077752,2.846044794,1.702041028));
#696=CARTESIAN_POINT('',(13.78077752,2.846044794,1.668367523));
#697=CARTESIAN_POINT('',(13.78077752,2.846044794,1.634694019));
#698=CARTESIAN_POINT('',(13.78077752,2.846044794,1.601020514));
#699=CARTESIAN_POINT('',(13.78077752,2.846044794,1.567347009));
#700=CARTESIAN_POINT('',(13.78077752,2.846044794,1.533673505));
#701=CARTESIAN_POINT('',(13.78077752,2.846044794,1.5));
#702=CARTESIAN_POINT('',(13.78077752,2.846044794,1.466326495));
#703=CARTESIAN_POINT('',(13.78077752,2.846044794,1.432652991));
#704=CARTESIAN_POINT('',(13.78077752,2.846044794,1.398979486));
#705=CARTESIAN_POINT('',(13.78077752,2.846044794,0.765986324));
#706=CARTESIAN_POINT('',(13.78077752,2.846044794,0.132993162));
#707=CARTESIAN_POINT('',(13.78077752,2.846044794,-0.5));
#708=CARTESIAN_POINT('',(13.448886129,2.943893249,2.111197512));
#709=CARTESIAN_POINT('',(13.448886129,2.943893249,1.974812017));
#710=CARTESIAN_POINT('',(13.448886129,2.943893249,1.838426523));
#711=CARTESIAN_POINT('',(13.448886129,2.943893249,1.702041028));
#712=CARTESIAN_POINT('',(13.448886129,2.943893249,1.668367523));
#713=CARTESIAN_POINT('',(13.448886129,2.943893249,1.634694019));
#714=CARTESIAN_POINT('',(13.448886129,2.943893249,1.601020514));
#715=CARTESIAN_POINT('',(13.448886129,2.943893249,1.567347009));
#716=CARTESIAN_POINT('',(13.448886129,2.943893249,1.533673505));
#717=CARTESIAN_POINT('',(13.448886129,2.943893249,1.5));
#718=CARTESIAN_POINT('',(13.448886129,2.943893249,1.466326495));
#719=CARTESIAN_POINT('',(13.448886129,2.943893249,1.432652991));
#720=CARTESIAN_POINT('',(13.448886129,2.943893249,1.398979486));
#721=CARTESIAN_POINT('',(13.448886129,2.943893249,0.765986324));
#722=CARTESIAN_POINT('',(13.448886129,2.943893249,0.132993162));
#723=CARTESIAN_POINT('',(13.448886129,2.943893249,-0.5));
#724=CARTESIAN_POINT('',(12.680372296,3.170467041,2.111197512));
#725=CARTESIAN_POINT('',(12.680372296,3.170467041,1.974812017));
#726=CARTESIAN_POINT('',(12.680372296,3.170467041,1.838426523));
#727=CARTESIAN_POINT('',(12.680372296,3.170467041,1.702041028));
#728=CARTESIAN_POINT('',(12.680372296,3.170467041,1.668367523));
#729=CARTESIAN_POINT('',(12.680372296,3.170467041,1.634694019));
#730=CARTESIAN_POINT('',(12.680372296,3.170467041,1.601020514));
#731=CARTESIAN_POINT('',(12.680372296,3.170467041,1.567347009));
#732=CARTESIAN_POINT('',(12.680372296,3.170467041,1.533673505));
#733=CARTESIAN_POINT('',(12.680372296,3.170467041,1.5));
#734=CARTESIAN_POINT('',(12.680372296,3.170467041,1.466326495));
#735=CARTESIAN_POINT('',(12.680372296,3.170467041,1.432652991));
#736=CARTESIAN_POINT('',(12.680372296,3.170467041,1.398979486));
#737=CARTESIAN_POINT('',(12.680372296,3.170467041,0.765986324));
#738=CARTESIAN_POINT('',(12.680372296,3.170467041,0.132993162));
#739=CARTESIAN_POINT('',(12.680372296,3.170467041,-0.5));
#740=CARTESIAN_POINT('',(11.935933398,3.449245942,2.111197512));
#741=CARTESIAN_POINT('',(11.935933398,3.449245942,1.974812017));
#742=CARTESIAN_POINT('',(11.935933398,3.449245942,1.838426523));
#743=CARTESIAN_POINT('',(11.935933398,3.449245942,1.702041028));
#744=CARTESIAN_POINT('',(11.935933398,3.449245942,1.668367523));
#745=CARTESIAN_POINT('',(11.935933398,3.449245942,1.634694019));
#746=CARTESIAN_POINT('',(11.935933398,3.449245942,1.601020514));
#747=CARTESIAN_POINT('',(11.935933398,3.449245942,1.567347009));
#748=CARTESIAN_POINT('',(11.935933398,3.449245942,1.533673505));
#749=CARTESIAN_POINT('',(11.935933398,3.449245942,1.5));
#750=CARTESIAN_POINT('',(11.935933398,3.449245942,1.466326495));
#751=CARTESIAN_POINT('',(11.935933398,3.449245942,1.432652991));
#752=CARTESIAN_POINT('',(11.935933398,3.449245942,1.398979486));
#753=CARTESIAN_POINT('',(11.935933398,3.449245942,0.765986324));
#754=CARTESIAN_POINT('',(11.935933398,3.449245942,0.132993162));
#755=CARTESIAN_POINT('',(11.935933398,3.449245942,-0.5));
#756=CARTESIAN_POINT('',(11.224613747,3.772406717,2.111197512));
#757=CARTESIAN_POINT('',(11.224613747,3.772406717,1.974812017));
#758=CARTESIAN_POINT('',(11.224613747,3.772406717,1.838426523));
#759=CARTESIAN_POINT('',(11.224613747,3.772406717,1.702041028));
#760=CARTESIAN_POINT('',(11.224613747,3.772406717,1.668367523));
#761=CARTESIAN_POINT('',(11.224613747,3.772406717,1.634694019));
#762=CARTESIAN_POINT('',(11.224613747,3.772406717,1.601020514));
#763=CARTESIAN_POINT('',(11.224613747,3.772406717,1.567347009));
#764=CARTESIAN_POINT('',(11.224613747,3.772406717,1.533673505));
#765=CARTESIAN_POINT('',(11.224613747,3.772406717,1.5));
#766=CARTESIAN_POINT('',(11.224613747,3.772406717,1.466326495));
#767=CARTESIAN_POINT('',(11.224613747,3.772406717,1.432652991));
#768=CARTESIAN_POINT('',(11.224613747,3.772406717,1.398979486));
#769=CARTESIAN_POINT('',(11.224613747,3.772406717,0.765986324));
#770=CARTESIAN_POINT('',(11.224613747,3.772406717,0.132993162));
#771=CARTESIAN_POINT('',(11.224613747,3.772406717,-0.5));
#772=CARTESIAN_POINT('',(10.513294096,4.095567493,2.111197512));
#773=CARTESIAN_POINT('',(10.513294096,4.095567493,1.974812017));
#774=CARTESIAN_POINT('',(10.513294096,4.095567493,1.838426523));
#775=CARTESIAN_POINT('',(10.513294096,4.095567493,1.702041028));
#776=CARTESIAN_POINT('',(10.513294096,4.095567493,1.668367523));
#777=CARTESIAN_POINT('',(10.513294096,4.095567493,1.634694019));
#778=CARTESIAN_POINT('',(10.513294096,4.095567493,1.601020514));
#779=CARTESIAN_POINT('',(10.513294096,4.095567493,1.567347009));
#780=CARTESIAN_POINT('',(10.513294096,4.095567493,1.533673505));
#781=CARTESIAN_POINT('',(10.513294096,4.095567493,1.5));
#782=CARTESIAN_POINT('',(10.513294096,4.095567493,1.466326495));
#783=CARTESIAN_POINT('',(10.513294096,4.095567493,1.432652991));
#784=CARTESIAN_POINT('',(10.513294096,4.095567493,1.398979486));
#785=CARTESIAN_POINT('',(10.513294096,4.095567493,0.765986324));
#786=CARTESIAN_POINT('',(10.513294096,4.095567493,0.132993162));
#787=CARTESIAN_POINT('',(10.513294096,4.095567493,-0.5));
#788=CARTESIAN_POINT('',(9.835116021,4.463036813,2.111197512));
#789=CARTESIAN_POINT('',(9.835116021,4.463036813,1.974812017));
#790=CARTESIAN_POINT('',(9.835116021,4.463036813,1.838426523));
#791=CARTESIAN_POINT('',(9.835116021,4.463036813,1.702041028));
#792=CARTESIAN_POINT('',(9.835116021,4.463036813,1.668367523));
#793=CARTESIAN_POINT('',(9.835116021,4.463036813,1.634694019));
#794=CARTESIAN_POINT('',(9.835116021,4.463036813,1.601020514));
#795=CARTESIAN_POINT('',(9.835116021,4.463036813,1.567347009));
#796=CARTESIAN_POINT('',(9.835116021,4.463036813,1.533673505));
#797=CARTESIAN_POINT('',(9.835116021,4.463036813,1.5));
#798=CARTESIAN_POINT('',(9.835116021,4.463036813,1.466326495));
#799=CARTESIAN_POINT('',(9.835116021,4.463036813,1.432652991));
#800=CARTESIAN_POINT('',(9.835116021,4.463036813,1.398979486));
#801=CARTESIAN_POINT('',(9.835116021,4.463036813,0.765986324));
#802=CARTESIAN_POINT('',(9.835116021,4.463036813,0.132993162));
#803=CARTESIAN_POINT('',(9.835116021,4.463036813,-0.5));
#804=CARTESIAN_POINT('',(9.196276487,4.8654032,2.111197512));
#805=CARTESIAN_POINT('',(9.196276487,4.8654032,1.974812017));
#806=CARTESIAN_POINT('',(9.196276487,4.8654032,1.838426523));
#807=CARTESIAN_POINT('',(9.196276487,4.8654032,1.702041028));
#808=CARTESIAN_POINT('',(9.196276487,4.8654032,1.668367523));
#809=CARTESIAN_POINT('',(9.196276487,4.8654032,1.634694019));
#810=CARTESIAN_POINT('',(9.196276487,4.8654032,1.601020514));
#811=CARTESIAN_POINT('',(9.196276487,4.8654032,1.567347009));
#812=CARTESIAN_POINT('',(9.196276487,4.8654032,1.533673505));
#813=CARTESIAN_POINT('',(9.196276487,4.8654032,1.5));
#814=CARTESIAN_POINT('',(9.196276487,4.8654032,1.466326495));
#815=CARTESIAN_POINT('',(9.196276487,4.8654032,1.432652991));
#816=CARTESIAN_POINT('',(9.196276487,4.8654032,1.398979486));
#817=CARTESIAN_POINT('',(9.196276487,4.8654032,0.765986324));
#818=CARTESIAN_POINT('',(9.196276487,4.8654032,0.132993162));
#819=CARTESIAN_POINT('',(9.196276487,4.8654032,-0.5));
#820=CARTESIAN_POINT('',(8.557436952,5.267769587,2.111197512));
#821=CARTESIAN_POINT('',(8.557436952,5.267769587,1.974812017));
#822=CARTESIAN_POINT('',(8.557436952,5.267769587,1.838426523));
#823=CARTESIAN_POINT('',(8.557436952,5.267769587,1.702041028));
#824=CARTESIAN_POINT('',(8.557436952,5.267769587,1.668367523));
#825=CARTESIAN_POINT('',(8.557436952,5.267769587,1.634694019));
#826=CARTESIAN_POINT('',(8.557436952,5.267769587,1.601020514));
#827=CARTESIAN_POINT('',(8.557436952,5.267769587,1.567347009));
#828=CARTESIAN_POINT('',(8.557436952,5.267769587,1.533673505));
#829=CARTESIAN_POINT('',(8.557436952,5.267769587,1.5));
#830=CARTESIAN_POINT('',(8.557436952,5.267769587,1.466326495));
#831=CARTESIAN_POINT('',(8.557436952,5.267769587,1.432652991));
#832=CARTESIAN_POINT('',(8.557436952,5.267769587,1.398979486));
#833=CARTESIAN_POINT('',(8.557436952,5.267769587,0.765986324));
#834=CARTESIAN_POINT('',(8.557436952,5.267769587,0.132993162));
#835=CARTESIAN_POINT('',(8.557436952,5.267769587,-0.5));
#836=CARTESIAN_POINT('',(7.957928334,5.704964226,2.111197512));
#837=CARTESIAN_POINT('',(7.957928334,5.704964226,1.974812017));
#838=CARTESIAN_POINT('',(7.957928334,5.704964226,1.838426523));
#839=CARTESIAN_POINT('',(7.957928334,5.704964226,1.702041028));
#840=CARTESIAN_POINT('',(7.957928334,5.704964226,1.668367523));
#841=CARTESIAN_POINT('',(7.957928334,5.704964226,1.634694019));
#842=CARTESIAN_POINT('',(7.957928334,5.704964226,1.601020514));
#843=CARTESIAN_POINT('',(7.957928334,5.704964226,1.567347009));
#844=CARTESIAN_POINT('',(7.957928334,5.704964226,1.533673505));
#845=CARTESIAN_POINT('',(7.957928334,5.704964226,1.5));
#846=CARTESIAN_POINT('',(7.957928334,5.704964226,1.466326495));
#847=CARTESIAN_POINT('',(7.957928334,5.704964226,1.432652991));
#848=CARTESIAN_POINT('',(7.957928334,5.704964226,1.398979486));
#849=CARTESIAN_POINT('',(7.957928334,5.704964226,0.765986324));
#850=CARTESIAN_POINT('',(7.957928334,5.704964226,0.132993162));
#851=CARTESIAN_POINT('',(7.957928334,5.704964226,-0.5));
#852=CARTESIAN_POINT('',(7.40099547,6.167066699,2.111197512));
#853=CARTESIAN_POINT('',(7.40099547,6.167066699,1.974812017));
#854=CARTESIAN_POINT('',(7.40099547,6.167066699,1.838426523));
#855=CARTESIAN_POINT('',(7.40099547,6.167066699,1.702041028));
#856=CARTESIAN_POINT('',(7.40099547,6.167066699,1.668367523));
#857=CARTESIAN_POINT('',(7.40099547,6.167066699,1.634694019));
#858=CARTESIAN_POINT('',(7.40099547,6.167066699,1.601020514));
#859=CARTESIAN_POINT('',(7.40099547,6.167066699,1.567347009));
#860=CARTESIAN_POINT('',(7.40099547,6.167066699,1.533673505));
#861=CARTESIAN_POINT('',(7.40099547,6.167066699,1.5));
#862=CARTESIAN_POINT('',(7.40099547,6.167066699,1.466326495));
#863=CARTESIAN_POINT('',(7.40099547,6.167066699,1.432652991));
#864=CARTESIAN_POINT('',(7.40099547,6.167066699,1.398979486));
#865=CARTESIAN_POINT('',(7.40099547,6.167066699,0.765986324));
#866=CARTESIAN_POINT('',(7.40099547,6.167066699,0.132993162));
#867=CARTESIAN_POINT('',(7.40099547,6.167066699,-0.5));
#868=CARTESIAN_POINT('',(6.844062606,6.629169172,2.111197512));
#869=CARTESIAN_POINT('',(6.844062606,6.629169172,1.974812017));
#870=CARTESIAN_POINT('',(6.844062606,6.629169172,1.838426523));
#871=CARTESIAN_POINT('',(6.844062606,6.629169172,1.702041028));
#872=CARTESIAN_POINT('',(6.844062606,6.629169172,1.668367523));
#873=CARTESIAN_POINT('',(6.844062606,6.629169172,1.634694019));
#874=CARTESIAN_POINT('',(6.844062606,6.629169172,1.601020514));
#875=CARTESIAN_POINT('',(6.844062606,6.629169172,1.567347009));
#876=CARTESIAN_POINT('',(6.844062606,6.629169172,1.533673505));
#877=CARTESIAN_POINT('',(6.844062606,6.629169172,1.5));
#878=CARTESIAN_POINT('',(6.844062606,6.629169172,1.466326495));
#879=CARTESIAN_POINT('',(6.844062606,6.629169172,1.432652991));
#880=CARTESIAN_POINT('',(6.844062606,6.629169172,1.398979486));
#881=CARTESIAN_POINT('',(6.844062606,6.629169172,0.765986324));
#882=CARTESIAN_POINT('',(6.844062606,6.629169172,0.132993162));
#883=CARTESIAN_POINT('',(6.844062606,6.629169172,-0.5));
#884=CARTESIAN_POINT('',(6.32967617,7.116125946,2.111197512));
#885=CARTESIAN_POINT('',(6.32967617,7.116125946,1.974812017));
#886=CARTESIAN_POINT('',(6.32967617,7.116125946,1.838426523));
#887=CARTESIAN_POINT('',(6.32967617,7.116125946,1.702041028));
#888=CARTESIAN_POINT('',(6.32967617,7.116125946,1.668367523));
#889=CARTESIAN_POINT('',(6.32967617,7.116125946,1.634694019));
#890=CARTESIAN_POINT('',(6.32967617,7.116125946,1.601020514));
#891=CARTESIAN_POINT('',(6.32967617,7.116125946,1.567347009));
#892=CARTESIAN_POINT('',(6.32967617,7.116125946,1.533673505));
#893=CARTESIAN_POINT('',(6.32967617,7.116125946,1.5));
#894=CARTESIAN_POINT('',(6.32967617,7.116125946,1.466326495));
#895=CARTESIAN_POINT('',(6.32967617,7.116125946,1.432652991));
#896=CARTESIAN_POINT('',(6.32967617,7.116125946,1.398979486));
#897=CARTESIAN_POINT('',(6.32967617,7.116125946,0.765986324));
#898=CARTESIAN_POINT('',(6.32967617,7.116125946,0.132993162));
#899=CARTESIAN_POINT('',(6.32967617,7.116125946,-0.5));
#900=CARTESIAN_POINT('',(5.858415821,7.618432653,2.111197512));
#901=CARTESIAN_POINT('',(5.858415821,7.618432653,1.974812017));
#902=CARTESIAN_POINT('',(5.858415821,7.618432653,1.838426523));
#903=CARTESIAN_POINT('',(5.858415821,7.618432653,1.702041028));
#904=CARTESIAN_POINT('',(5.858415821,7.618432653,1.668367523));
#905=CARTESIAN_POINT('',(5.858415821,7.618432653,1.634694019));
#906=CARTESIAN_POINT('',(5.858415821,7.618432653,1.601020514));
#907=CARTESIAN_POINT('',(5.858415821,7.618432653,1.567347009));
#908=CARTESIAN_POINT('',(5.858415821,7.618432653,1.533673505));
#909=CARTESIAN_POINT('',(5.858415821,7.618432653,1.5));
#910=CARTESIAN_POINT('',(5.858415821,7.618432653,1.466326495));
#911=CARTESIAN_POINT('',(5.858415821,7.618432653,1.432652991));
#912=CARTESIAN_POINT('',(5.858415821,7.618432653,1.398979486));
#913=CARTESIAN_POINT('',(5.858415821,7.618432653,0.765986324));
#914=CARTESIAN_POINT('',(5.858415821,7.618432653,0.132993162));
#915=CARTESIAN_POINT('',(5.858415821,7.618432653,-0.5));
#916=CARTESIAN_POINT('',(5.387155472,8.12073936,2.111197512));
#917=CARTESIAN_POINT('',(5.387155472,8.12073936,1.974812017));
#918=CARTESIAN_POINT('',(5.387155472,8.12073936,1.838426523));
#919=CARTESIAN_POINT('',(5.387155472,8.12073936,1.702041028));
#920=CARTESIAN_POINT('',(5.387155472,8.12073936,1.668367523));
#921=CARTESIAN_POINT('',(5.387155472,8.12073936,1.634694019));
#922=CARTESIAN_POINT('',(5.387155472,8.12073936,1.601020514));
#923=CARTESIAN_POINT('',(5.387155472,8.12073936,1.567347009));
#924=CARTESIAN_POINT('',(5.387155472,8.12073936,1.533673505));
#925=CARTESIAN_POINT('',(5.387155472,8.12073936,1.5));
#926=CARTESIAN_POINT('',(5.387155472,8.12073936,1.466326495));
#927=CARTESIAN_POINT('',(5.387155472,8.12073936,1.432652991));
#928=CARTESIAN_POINT('',(5.387155472,8.12073936,1.398979486));
#929=CARTESIAN_POINT('',(5.387155472,8.12073936,0.765986324));
#930=CARTESIAN_POINT('',(5.387155472,8.12073936,0.132993162));
#931=CARTESIAN_POINT('',(5.387155472,8.12073936,-0.5));
#932=CARTESIAN_POINT('',(4.958980788,8.638362217,2.111197512));
#933=CARTESIAN_POINT('',(4.958980788,8.638362217,1.974812017));
#934=CARTESIAN_POINT('',(4.958980788,8.638362217,1.838426523));
#935=CARTESIAN_POINT('',(4.958980788,8.638362217,1.702041028));
#936=CARTESIAN_POINT('',(4.958980788,8.638362217,1.668367523));
#937=CARTESIAN_POINT('',(4.958980788,8.638362217,1.634694019));
#938=CARTESIAN_POINT('',(4.958980788,8.638362217,1.601020514));
#939=CARTESIAN_POINT('',(4.958980788,8.638362217,1.567347009));
#940=CARTESIAN_POINT('',(4.958980788,8.638362217,1.533673505));
#941=CARTESIAN_POINT('',(4.958980788,8.638362217,1.5));
#942=CARTESIAN_POINT('',(4.958980788,8.638362217,1.466326495));
#943=CARTESIAN_POINT('',(4.958980788,8.638362217,1.432652991));
#944=CARTESIAN_POINT('',(4.958980788,8.638362217,1.398979486));
#945=CARTESIAN_POINT('',(4.958980788,8.638362217,0.765986324));
#946=CARTESIAN_POINT('',(4.958980788,8.638362217,0.132993162));
#947=CARTESIAN_POINT('',(4.958980788,8.638362217,-0.5));
#948=CARTESIAN_POINT('',(4.572339526,9.162869127,2.111197512));
#949=CARTESIAN_POINT('',(4.572339526,9.162869127,1.974812017));
#950=CARTESIAN_POINT('',(4.572339526,9.162869127,1.838426523));
#951=CARTESIAN_POINT('',(4.572339526,9.162869127,1.702041028));
#952=CARTESIAN_POINT('',(4.572339526,9.162869127,1.668367523));
#953=CARTESIAN_POINT('',(4.572339526,9.162869127,1.634694019));
#954=CARTESIAN_POINT('',(4.572339526,9.162869127,1.601020514));
#955=CARTESIAN_POINT('',(4.572339526,9.162869127,1.567347009));
#956=CARTESIAN_POINT('',(4.572339526,9.162869127,1.533673505));
#957=CARTESIAN_POINT('',(4.572339526,9.162869127,1.5));
#958=CARTESIAN_POINT('',(4.572339526,9.162869127,1.466326495));
#959=CARTESIAN_POINT('',(4.572339526,9.162869127,1.432652991));
#960=CARTESIAN_POINT('',(4.572339526,9.162869127,1.398979486));
#961=CARTESIAN_POINT('',(4.572339526,9.162869127,0.765986324));
#962=CARTESIAN_POINT('',(4.572339526,9.162869127,0.132993162));
#963=CARTESIAN_POINT('',(4.572339526,9.162869127,-0.5));
#964=CARTESIAN_POINT('',(4.185698264,9.687376038,2.111197512));
#965=CARTESIAN_POINT('',(4.185698264,9.687376038,1.974812017));
#966=CARTESIAN_POINT('',(4.185698264,9.687376038,1.838426523));
#967=CARTESIAN_POINT('',(4.185698264,9.687376038,1.702041028));
#968=CARTESIAN_POINT('',(4.185698264,9.687376038,1.668367523));
#969=CARTESIAN_POINT('',(4.185698264,9.687376038,1.634694019));
#970=CARTESIAN_POINT('',(4.185698264,9.687376038,1.601020514));
#971=CARTESIAN_POINT('',(4.185698264,9.687376038,1.567347009));
#972=CARTESIAN_POINT('',(4.185698264,9.687376038,1.533673505));
#973=CARTESIAN_POINT('',(4.185698264,9.687376038,1.5));
#974=CARTESIAN_POINT('',(4.185698264,9.687376038,1.466326495));
#975=CARTESIAN_POINT('',(4.185698264,9.687376038,1.432652991));
#976=CARTESIAN_POINT('',(4.185698264,9.687376038,1.398979486));
#977=CARTESIAN_POINT('',(4.185698264,9.687376038,0.765986324));
#978=CARTESIAN_POINT('',(4.185698264,9.687376038,0.132993162));
#979=CARTESIAN_POINT('',(4.185698264,9.687376038,-0.5));
#980=CARTESIAN_POINT('',(3.840548349,10.218752045,2.111197512));
#981=CARTESIAN_POINT('',(3.840548349,10.218752045,1.974812017));
#982=CARTESIAN_POINT('',(3.840548349,10.218752045,1.838426523));
#983=CARTESIAN_POINT('',(3.840548349,10.218752045,1.702041028));
#984=CARTESIAN_POINT('',(3.840548349,10.218752045,1.668367523));
#985=CARTESIAN_POINT('',(3.840548349,10.218752045,1.634694019));
#986=CARTESIAN_POINT('',(3.840548349,10.218752045,1.601020514));
#987=CARTESIAN_POINT('',(3.840548349,10.218752045,1.567347009));
#988=CARTESIAN_POINT('',(3.840548349,10.218752045,1.533673505));
#989=CARTESIAN_POINT('',(3.840548349,10.218752045,1.5));
#990=CARTESIAN_POINT('',(3.840548349,10.218752045,1.466326495));
#991=CARTESIAN_POINT('',(3.840548349,10.218752045,1.432652991));
#992=CARTESIAN_POINT('',(3.840548349,10.218752045,1.398979486));
#993=CARTESIAN_POINT('',(3.840548349,10.218752045,0.765986324));
#994=CARTESIAN_POINT('',(3.840548349,10.218752045,0.132993162));
#995=CARTESIAN_POINT('',(3.840548349,10.218752045,-0.5));
#996=CARTESIAN_POINT('',(3.5338322,10.75,2.111197512));
#997=CARTESIAN_POINT('',(3.5338322,10.75,1.974812017));
#998=CARTESIAN_POINT('',(3.5338322,10.75,1.838426523));
#999=CARTESIAN_POINT('',(3.5338322,10.75,1.702041028));
#1000=CARTESIAN_POINT('',(3.5338322,10.75,1.668367523));
#1001=CARTESIAN_POINT('',(3.5338322,10.75,1.634694019));
#1002=CARTESIAN_POINT('',(3.5338322,10.75,1.601020514));
#1003=CARTESIAN_POINT('',(3.5338322,10.75,1.567347009));
#1004=CARTESIAN_POINT('',(3.5338322,10.75,1.533673505));
#1005=CARTESIAN_POINT('',(3.5338322,10.75,1.5));
#1006=CARTESIAN_POINT('',(3.5338322,10.75,1.466326495));
#1007=CARTESIAN_POINT('',(3.5338322,10.75,1.432652991));
#1008=CARTESIAN_POINT('',(3.5338322,10.75,1.398979486));
#1009=CARTESIAN_POINT('',(3.5338322,10.75,0.765986324));
#1010=CARTESIAN_POINT('',(3.5338322,10.75,0.132993162));
#1011=CARTESIAN_POINT('',(3.5338322,10.75,-0.5));
#1012=CARTESIAN_POINT('',(3.53381331,10.750032717,2.111197512));
#1013=CARTESIAN_POINT('',(3.53381331,10.750032717,1.974812017));
#1014=CARTESIAN_POINT('',(3.53381331,10.750032717,1.838426523));
#1015=CARTESIAN_POINT('',(3.53381331,10.750032717,1.702041028));
#1016=CARTESIAN_POINT('',(3.53381331,10.750032717,1.668367523));
#1017=CARTESIAN_POINT('',(3.53381331,10.750032717,1.634694019));
#1018=CARTESIAN_POINT('',(3.53381331,10.750032717,1.601020514));
#1019=CARTESIAN_POINT('',(3.53381331,10.750032717,1.567347009));
#1020=CARTESIAN_POINT('',(3.53381331,10.750032717,1.533673505));
#1021=CARTESIAN_POINT('',(3.53381331,10.750032717,1.5));
#1022=CARTESIAN_POINT('',(3.53381331,10.750032717,1.466326495));
#1023=CARTESIAN_POINT('',(3.53381331,10.750032717,1.432652991));
#1024=CARTESIAN_POINT('',(3.53381331,10.750032717,1.398979486));
#1025=CARTESIAN_POINT('',(3.53381331,10.750032717,0.765986324));
#1026=CARTESIAN_POINT('',(3.53381331,10.750032717,0.132993162));
#1027=CARTESIAN_POINT('',(3.53381331,10.750032717,-0.5));
#1028=CARTESIAN_POINT('',(3.533794421,10.750065434,2.111197512));
#1029=CARTESIAN_POINT('',(3.533794421,10.750065434,1.974812017));
#1030=CARTESIAN_POINT('',(3.533794421,10.750065434,1.838426523));
#1031=CARTESIAN_POINT('',(3.533794421,10.750065434,1.702041028));
#1032=CARTESIAN_POINT('',(3.533794421,10.750065434,1.668367523));
#1033=CARTESIAN_POINT('',(3.533794421,10.750065434,1.634694019));
#1034=CARTESIAN_POINT('',(3.533794421,10.750065434,1.601020514));
#1035=CARTESIAN_POINT('',(3.533794421,10.750065434,1.567347009));
#1036=CARTESIAN_POINT('',(3.533794421,10.750065434,1.533673505));
#1037=CARTESIAN_POINT('',(3.533794421,10.750065434,1.5));
#1038=CARTESIAN_POINT('',(3.533794421,10.750065434,1.466326495));
#1039=CARTESIAN_POINT('',(3.533794421,10.750065434,1.432652991));
#1040=CARTESIAN_POINT('',(3.533794421,10.750065434,1.398979486));
#1041=CARTESIAN_POINT('',(3.533794421,10.750065434,0.765986324));
#1042=CARTESIAN_POINT('',(3.533794421,10.750065434,0.132993162));
#1043=CARTESIAN_POINT('',(3.533794421,10.750065434,-0.5));
#1044=CARTESIAN_POINT('',(3.533775533,10.75009815,2.111197512));
#1045=CARTESIAN_POINT('',(3.533775533,10.75009815,1.974812017));
#1046=CARTESIAN_POINT('',(3.533775533,10.75009815,1.838426523));
#1047=CARTESIAN_POINT('',(3.533775533,10.75009815,1.702041028));
#1048=CARTESIAN_POINT('',(3.533775533,10.75009815,1.668367523));
#1049=CARTESIAN_POINT('',(3.533775533,10.75009815,1.634694019));
#1050=CARTESIAN_POINT('',(3.533775533,10.75009815,1.601020514));
#1051=CARTESIAN_POINT('',(3.533775533,10.75009815,1.567347009));
#1052=CARTESIAN_POINT('',(3.533775533,10.75009815,1.533673505));
#1053=CARTESIAN_POINT('',(3.533775533,10.75009815,1.5));
#1054=CARTESIAN_POINT('',(3.533775533,10.75009815,1.466326495));
#1055=CARTESIAN_POINT('',(3.533775533,10.75009815,1.432652991));
#1056=CARTESIAN_POINT('',(3.533775533,10.75009815,1.398979486));
#1057=CARTESIAN_POINT('',(3.533775533,10.75009815,0.765986324));
#1058=CARTESIAN_POINT('',(3.533775533,10.75009815,0.132993162));
#1059=CARTESIAN_POINT('',(3.533775533,10.75009815,-0.5));
#1060=CARTESIAN_POINT('',(3.227061744,11.281350195,2.111197512));
#1061=CARTESIAN_POINT('',(3.227061744,11.281350195,1.974812017));
#1062=CARTESIAN_POINT('',(3.227061744,11.281350195,1.838426523));
#1063=CARTESIAN_POINT('',(3.227061744,11.281350195,1.702041028));
#1064=CARTESIAN_POINT('',(3.227061744,11.281350195,1.668367523));
#1065=CARTESIAN_POINT('',(3.227061744,11.281350195,1.634694019));
#1066=CARTESIAN_POINT('',(3.227061744,11.281350195,1.601020514));
#1067=CARTESIAN_POINT('',(3.227061744,11.281350195,1.567347009));
#1068=CARTESIAN_POINT('',(3.227061744,11.281350195,1.533673505));
#1069=CARTESIAN_POINT('',(3.227061744,11.281350195,1.5));
#1070=CARTESIAN_POINT('',(3.227061744,11.281350195,1.466326495));
#1071=CARTESIAN_POINT('',(3.227061744,11.281350195,1.432652991));
#1072=CARTESIAN_POINT('',(3.227061744,11.281350195,1.398979486));
#1073=CARTESIAN_POINT('',(3.227061744,11.281350195,0.765986324));
#1074=CARTESIAN_POINT('',(3.227061744,11.281350195,0.132993162));
#1075=CARTESIAN_POINT('',(3.227061744,11.281350195,-0.5));
#1076=CARTESIAN_POINT('',(2.939454386,11.845950885,2.111197512));
#1077=CARTESIAN_POINT('',(2.939454386,11.845950885,1.974812017));
#1078=CARTESIAN_POINT('',(2.939454386,11.845950885,1.838426523));
#1079=CARTESIAN_POINT('',(2.939454386,11.845950885,1.702041028));
#1080=CARTESIAN_POINT('',(2.939454386,11.845950885,1.668367523));
#1081=CARTESIAN_POINT('',(2.939454386,11.845950885,1.634694019));
#1082=CARTESIAN_POINT('',(2.939454386,11.845950885,1.601020514));
#1083=CARTESIAN_POINT('',(2.939454386,11.845950885,1.567347009));
#1084=CARTESIAN_POINT('',(2.939454386,11.845950885,1.533673505));
#1085=CARTESIAN_POINT('',(2.939454386,11.845950885,1.5));
#1086=CARTESIAN_POINT('',(2.939454386,11.845950885,1.466326495));
#1087=CARTESIAN_POINT('',(2.939454386,11.845950885,1.432652991));
#1088=CARTESIAN_POINT('',(2.939454386,11.845950885,1.398979486));
#1089=CARTESIAN_POINT('',(2.939454386,11.845950885,0.765986324));
#1090=CARTESIAN_POINT('',(2.939454386,11.845950885,0.132993162));
#1091=CARTESIAN_POINT('',(2.939454386,11.845950885,-0.5));
#1092=CARTESIAN_POINT('',(2.678542003,12.443049479,2.111197512));
#1093=CARTESIAN_POINT('',(2.678542003,12.443049479,1.974812017));
#1094=CARTESIAN_POINT('',(2.678542003,12.443049479,1.838426523));
#1095=CARTESIAN_POINT('',(2.678542003,12.443049479,1.702041028));
#1096=CARTESIAN_POINT('',(2.678542003,12.443049479,1.668367523));
#1097=CARTESIAN_POINT('',(2.678542003,12.443049479,1.634694019));
#1098=CARTESIAN_POINT('',(2.678542003,12.443049479,1.601020514));
#1099=CARTESIAN_POINT('',(2.678542003,12.443049479,1.567347009));
#1100=CARTESIAN_POINT('',(2.678542003,12.443049479,1.533673505));
#1101=CARTESIAN_POINT('',(2.678542003,12.443049479,1.5));
#1102=CARTESIAN_POINT('',(2.678542003,12.443049479,1.466326495));
#1103=CARTESIAN_POINT('',(2.678542003,12.443049479,1.432652991));
#1104=CARTESIAN_POINT('',(2.678542003,12.443049479,1.398979486));
#1105=CARTESIAN_POINT('',(2.678542003,12.443049479,0.765986324));
#1106=CARTESIAN_POINT('',(2.678542003,12.443049479,0.132993162));
#1107=CARTESIAN_POINT('',(2.678542003,12.443049479,-0.5));
#1108=CARTESIAN_POINT('',(2.61753365,12.582667236,2.111197512));
#1109=CARTESIAN_POINT('',(2.61753365,12.582667236,1.974812017));
#1110=CARTESIAN_POINT('',(2.61753365,12.582667236,1.838426523));
#1111=CARTESIAN_POINT('',(2.61753365,12.582667236,1.702041028));
#1112=CARTESIAN_POINT('',(2.61753365,12.582667236,1.668367523));
#1113=CARTESIAN_POINT('',(2.61753365,12.582667236,1.634694019));
#1114=CARTESIAN_POINT('',(2.61753365,12.582667236,1.601020514));
#1115=CARTESIAN_POINT('',(2.61753365,12.582667236,1.567347009));
#1116=CARTESIAN_POINT('',(2.61753365,12.582667236,1.533673505));
#1117=CARTESIAN_POINT('',(2.61753365,12.582667236,1.5));
#1118=CARTESIAN_POINT('',(2.61753365,12.582667236,1.466326495));
#1119=CARTESIAN_POINT('',(2.61753365,12.582667236,1.432652991));
#1120=CARTESIAN_POINT('',(2.61753365,12.582667236,1.398979486));
#1121=CARTESIAN_POINT('',(2.61753365,12.582667236,0.765986324));
#1122=CARTESIAN_POINT('',(2.61753365,12.582667236,0.132993162));
#1123=CARTESIAN_POINT('',(2.61753365,12.582667236,-0.5));
#1124=CARTESIAN_POINT('',(2.557986705,12.724063402,2.111197512));
#1125=CARTESIAN_POINT('',(2.557986705,12.724063402,1.974812017));
#1126=CARTESIAN_POINT('',(2.557986705,12.724063402,1.838426523));
#1127=CARTESIAN_POINT('',(2.557986705,12.724063402,1.702041028));
#1128=CARTESIAN_POINT('',(2.557986705,12.724063402,1.668367523));
#1129=CARTESIAN_POINT('',(2.557986705,12.724063402,1.634694019));
#1130=CARTESIAN_POINT('',(2.557986705,12.724063402,1.601020514));
#1131=CARTESIAN_POINT('',(2.557986705,12.724063402,1.567347009));
#1132=CARTESIAN_POINT('',(2.557986705,12.724063402,1.533673505));
#1133=CARTESIAN_POINT('',(2.557986705,12.724063402,1.5));
#1134=CARTESIAN_POINT('',(2.557986705,12.724063402,1.466326495));
#1135=CARTESIAN_POINT('',(2.557986705,12.724063402,1.432652991));
#1136=CARTESIAN_POINT('',(2.557986705,12.724063402,1.398979486));
#1137=CARTESIAN_POINT('',(2.557986705,12.724063402,0.765986324));
#1138=CARTESIAN_POINT('',(2.557986705,12.724063402,0.132993162));
#1139=CARTESIAN_POINT('',(2.557986705,12.724063402,-0.5));
#1140=CARTESIAN_POINT('',(2.500004447,12.86720126,2.111197512));
#1141=CARTESIAN_POINT('',(2.500004447,12.86720126,1.974812017));
#1142=CARTESIAN_POINT('',(2.500004447,12.86720126,1.838426523));
#1143=CARTESIAN_POINT('',(2.500004447,12.86720126,1.702041028));
#1144=CARTESIAN_POINT('',(2.500004447,12.86720126,1.668367523));
#1145=CARTESIAN_POINT('',(2.500004447,12.86720126,1.634694019));
#1146=CARTESIAN_POINT('',(2.500004447,12.86720126,1.601020514));
#1147=CARTESIAN_POINT('',(2.500004447,12.86720126,1.567347009));
#1148=CARTESIAN_POINT('',(2.500004447,12.86720126,1.533673505));
#1149=CARTESIAN_POINT('',(2.500004447,12.86720126,1.5));
#1150=CARTESIAN_POINT('',(2.500004447,12.86720126,1.466326495));
#1151=CARTESIAN_POINT('',(2.500004447,12.86720126,1.432652991));
#1152=CARTESIAN_POINT('',(2.500004447,12.86720126,1.398979486));
#1153=CARTESIAN_POINT('',(2.500004447,12.86720126,0.765986324));
#1154=CARTESIAN_POINT('',(2.500004447,12.86720126,0.132993162));
#1155=CARTESIAN_POINT('',(2.500004447,12.86720126,-0.5));
#1156=B_SPLINE_SURFACE_WITH_KNOTS('',3,3,((#660,#661,#662,#663,#664,#665,#666,#667,#668,#669,#670,#671,#672,#673,#674,#675),(#676,#677,#678,#679,#680,#681,#682,#683,#684,#685,#686,#687,#688,#689,#690,#691),(#692,#693,#694,#695,#696,#697,#698,#699,#700,#701,#702,#703,#704,#705,#706,#707),(#708,#709,#710,#711,#712,#713,#714,#715,#716,#717,#718,#719,#720,#721,#722,#723),(#724,#725,#726,#727,#728,#729,#730,#731,#732,#733,#734,#735,#736,#737,#738,#739),(#740,#741,#742,#743,#744,#745,#746,#747,#748,#749,#750,#751,#752,#753,#754,#755),(#756,#757,#758,#759,#760,#761,#762,#763,#764,#765,#766,#767,#768,#769,#770,#771),(#772,#773,#774,#775,#776,#777,#778,#779,#780,#781,#782,#783,#784,#785,#786,#787),(#788,#789,#790,#791,#792,#793,#794,#795,#796,#797,#798,#799,#800,#801,#802,#803),(#804,#805,#806,#807,#808,#809,#810,#811,#812,#813,#814,#815,#816,#817,#818,#819),(#820,#821,#822,#823,#824,#825,#826,#827,#828,#829,#830,#831,#832,#833,#834,#835),(#836,#837,#838,#839,#840,#841,#842,#843,#844,#845,#846,#847,#848,#849,#850,#851),(#852,#853,#854,#855,#856,#857,#858,#859,#860,#861,#862,#863,#864,#865,#866,#867),(#868,#869,#870,#871,#872,#873,#874,#875,#876,#877,#878,#879,#880,#881,#882,#883),(#884,#885,#886,#887,#888,#889,#890,#891,#892,#893,#894,#895,#896,#897,#898,#899),(#900,#901,#902,#903,#904,#905,#906,#907,#908,#909,#910,#911,#912,#913,#914,#915),(#916,#917,#918,#919,#920,#921,#922,#923,#924,#925,#926,#927,#928,#929,#930,#931),(#932,#933,#934,#935,#936,#937,#938,#939,#940,#941,#942,#943,#944,#945,#946,#947),(#948,#949,#950,#951,#952,#953,#954,#955,#956,#957,#958,#959,#960,#961,#962,#963),(#964,#965,#966,#967,#968,#969,#970,#971,#972,#973,#974,#975,#976,#977,#978,#979),(#980,#981,#982,#983,#984,#985,#986,#987,#988,#989,#990,#991,#992,#993,#994,#995),(#996,#997,#998,#999,#1000,#1001,#1002,#1003,#1004,#1005,#1006,#1007,#1008,#1009,#1010,#1011),(#1012,#1013,#1014,#1015,#1016,#1017,#1018,#1019,#1020,#1021,#1022,#1023,#1024,#1025,#1026,#1027),(#1028,#1029,#1030,#1031,#1032,#1033,#1034,#1035,#1036,#1037,#1038,#1039,#1040,#1041,#1042,#1043),(#1044,#1045,#1046,#1047,#1048,#1049,#1050,#1051,#1052,#1053,#1054,#1055,#1056,#1057,#1058,#1059),(#1060,#1061,#1062,#1063,#1064,#1065,#1066,#1067,#1068,#1069,#1070,#1071,#1072,#1073,#1074,#1075),
(#1076,#1077,#1078,#1079,#1080,#1081,#1082,#1083,#1084,#1085,#1086,#1087,#1088,#1089,#1090,#1091),(#1092,#1093,#1094,#1095,#1096,#1097,#1098,#1099,#1100,#1101,#1102,#1103,#1104,#1105,#1106,#1107),(#1108,#1109,#1110,#1111,#1112,#1113,#1114,#1115,#1116,#1117,#1118,#1119,#1120,#1121,#1122,#1123),(#1124,#1125,#1126,#1127,#1128,#1129,#1130,#1131,#1132,#1133,#1134,#1135,#1136,#1137,#1138,#1139),(#1140,#1141,#1142,#1143,#1144,#1145,#1146,#1147,#1148,#1149,#1150,#1151,#1152,#1153,#1154,#1155)),.UNSPECIFIED.,.F.,.F.,.U.,(4,3,3,3,3,3,3,3,3,3,4),(4,3,3,3,3,4),(3.346864769,3.403395064,3.534294254,3.665193445,3.796092635,3.926991825,4.057891015,4.188790205,4.188798266,4.319697456,4.350305218),(0.0093888,0.009797958,0.009898979,0.01,0.010101021,0.01200001),.UNSPECIFIED.);
#1157=ORIENTED_EDGE('',*,*,#555,.T.);
#1158=CARTESIAN_POINT('',(2.5,12.867199458,-0.5));
#1159=CARTESIAN_POINT('',(2.755414395,12.236696096,-0.5));
#1160=CARTESIAN_POINT('',(3.04858898,11.621753876,-0.5));
#1161=CARTESIAN_POINT('',(3.377951244,11.0259008,-0.5));
#1162=CARTESIAN_POINT('',(3.707313509,10.430047724,-0.5));
#1163=CARTESIAN_POINT('',(4.072709638,9.853762799,-0.5));
#1164=CARTESIAN_POINT('',(4.470655861,9.30228637,-0.5));
#1165=CARTESIAN_POINT('',(5.266548307,8.199333511,-0.5));
#1166=CARTESIAN_POINT('',(6.195952341,7.191813474,-0.5));
#1167=CARTESIAN_POINT('',(7.231577781,6.309509578,-0.5));
#1168=CARTESIAN_POINT('',(8.26720322,5.427205682,-0.5));
#1169=CARTESIAN_POINT('',(9.409669244,4.669557776,-0.5));
#1170=CARTESIAN_POINT('',(10.625601993,4.058785553,-0.5));
#1171=CARTESIAN_POINT('',(11.841534742,3.448013331,-0.5));
#1172=CARTESIAN_POINT('',(13.131155003,2.983969498,-0.5));
#1173=CARTESIAN_POINT('',(14.457077413,2.679961352,-0.5));
#1174=B_SPLINE_CURVE_WITH_KNOTS('',3,(#1158,#1159,#1160,#1161,#1162,#1163,#1164,#1165,#1166,#1167,#1168,#1169,#1170,#1171,#1172,#1173),.UNSPECIFIED.,.F.,.F.,(4,3,3,3,3,4),(0.099829154,0.101869369,0.103909585,0.107990015,0.112070446,0.116150876),.UNSPECIFIED.);
#1175=EDGE_CURVE('',#624,#544,#1174,.T.);
#1176=ORIENTED_EDGE('',*,*,#1175,.F.);
#1177=ORIENTED_EDGE('',*,*,#628,.F.);
#1178=CARTESIAN_POINT('',(8.782052591,5.134784204,2.111197512));
#1179=VERTEX_POINT('',#1178);
#1180=CARTESIAN_POINT('',(2.5,12.867199458,2.111197512));
#1181=CARTESIAN_POINT('',(2.818397761,12.081218552,2.111197512));
#1182=CARTESIAN_POINT('',(3.195034927,11.32040483,2.111197512));
#1183=CARTESIAN_POINT('',(3.626982654,10.590662529,2.111197512));
#1184=CARTESIAN_POINT('',(3.842956517,10.225791379,2.111197512));
#1185=CARTESIAN_POINT('',(4.072474808,9.869197613,2.111197512));
#1186=CARTESIAN_POINT('',(4.314803227,9.521913357,2.111197512));
#1187=CARTESIAN_POINT('',(4.557131646,9.1746291,2.111197512));
#1188=CARTESIAN_POINT('',(4.813219576,8.835451633,2.111197512));
#1189=CARTESIAN_POINT('',(5.079990364,8.508221218,2.111197512));
#1190=CARTESIAN_POINT('',(5.613531941,7.853760389,2.111197512));
#1191=CARTESIAN_POINT('',(6.189535484,7.246214086,2.111197512));
#1192=CARTESIAN_POINT('',(6.806566418,6.683997302,2.111197512));
#1193=CARTESIAN_POINT('',(7.423597351,6.121780518,2.111197512));
#1194=CARTESIAN_POINT('',(8.081656254,5.604893894,2.111197512));
#1195=CARTESIAN_POINT('',(8.782052591,5.134784204,2.111197512));
#1196=B_SPLINE_CURVE_WITH_KNOTS('',3,(#1180,#1181,#1182,#1183,#1184,#1185,#1186,#1187,#1188,#1189,#1190,#1191,#1192,#1193,#1194,#1195),.UNSPECIFIED.,.F.,.F.,(4,3,3,3,3,4),(0.,0.002540835,0.003811252,0.00508167,0.007622504,0.010163339),.UNSPECIFIED.);
#1197=EDGE_CURVE('',#617,#1179,#1196,.T.);
#1198=ORIENTED_EDGE('',*,*,#1197,.T.);
#1199=CARTESIAN_POINT('',(14.457077413,2.679961352,0.509738933));
#1200=CARTESIAN_POINT('',(13.935274103,2.799600673,0.556958395));
#1201=CARTESIAN_POINT('',(13.414722674,2.945303232,0.617986033));
#1202=CARTESIAN_POINT('',(12.909157157,3.112824048,0.696959973));
#1203=CARTESIAN_POINT('',(12.403591639,3.280344863,0.775933912));
#1204=CARTESIAN_POINT('',(11.911248365,3.46984454,0.872806089));
#1205=CARTESIAN_POINT('',(11.433097698,3.679373784,0.995082567));
#1206=CARTESIAN_POINT('',(10.954947031,3.888903029,1.117359044));
#1207=CARTESIAN_POINT('',(10.490133424,4.118970974,1.265217099));
#1208=CARTESIAN_POINT('',(10.042984307,4.365711786,1.449334087));
#1209=CARTESIAN_POINT('',(9.595835191,4.612452597,1.633451076));
#1210=CARTESIAN_POINT('',(9.174840345,4.871141081,1.850301945));
#1211=CARTESIAN_POINT('',(8.782052591,5.134784204,2.111197511));
#1212=B_SPLINE_CURVE_WITH_KNOTS('',3,(#1199,#1200,#1201,#1202,#1203,#1204,#1205,#1206,#1207,#1208,#1209,#1210,#1211),.UNSPECIFIED.,.F.,.F.,(4,3,3,3,4),(0.009250443,0.010853365,0.012456286,0.014059208,0.01566213),.UNSPECIFIED.);
#1213=EDGE_CURVE('',#551,#1179,#1212,.T.);
#1214=ORIENTED_EDGE('',*,*,#1213,.F.);
#1215=EDGE_LOOP('',(#1157,#1176,#1177,#1198,#1214));
#1216=FACE_BOUND('',#1215,.T.);
#1217=ADVANCED_FACE('',(#1216),#1156,.F.);
#1218=CARTESIAN_POINT('',(2.500001098,-12.867199903,2.111197512));
#1219=CARTESIAN_POINT('',(2.500001098,-12.867199903,1.974812017));
#1220=CARTESIAN_POINT('',(2.500001098,-12.867199903,1.838426523));
#1221=CARTESIAN_POINT('',(2.500001098,-12.867199903,1.702041028));
#1222=CARTESIAN_POINT('',(2.500001098,-12.867199903,1.668367523));
#1223=CARTESIAN_POINT('',(2.500001098,-12.867199903,1.634694019));
#1224=CARTESIAN_POINT('',(2.500001098,-12.867199903,1.601020514));
#1225=CARTESIAN_POINT('',(2.500001098,-12.867199903,1.567347009));
#1226=CARTESIAN_POINT('',(2.500001098,-12.867199903,1.533673505));
#1227=CARTESIAN_POINT('',(2.500001098,-12.867199903,1.5));
#1228=CARTESIAN_POINT('',(2.500001098,-12.867199903,1.466326495));
#1229=CARTESIAN_POINT('',(2.500001098,-12.867199903,1.432652991));
#1230=CARTESIAN_POINT('',(2.500001098,-12.867199903,1.398979486));
#1231=CARTESIAN_POINT('',(2.500001098,-12.867199903,0.765986324));
#1232=CARTESIAN_POINT('',(2.500001098,-12.867199903,0.132993162));
#1233=CARTESIAN_POINT('',(2.500001098,-12.867199903,-0.5));
#1234=CARTESIAN_POINT('',(2.794196739,-12.141015173,2.111197512));
#1235=CARTESIAN_POINT('',(2.794196739,-12.141015173,1.974812017));
#1236=CARTESIAN_POINT('',(2.794196739,-12.141015173,1.838426523));
#1237=CARTESIAN_POINT('',(2.794196739,-12.141015173,1.702041028));
#1238=CARTESIAN_POINT('',(2.794196739,-12.141015173,1.668367523));
#1239=CARTESIAN_POINT('',(2.794196739,-12.141015173,1.634694019));
#1240=CARTESIAN_POINT('',(2.794196739,-12.141015173,1.601020514));
#1241=CARTESIAN_POINT('',(2.794196739,-12.141015173,1.567347009));
#1242=CARTESIAN_POINT('',(2.794196739,-12.141015173,1.533673505));
#1243=CARTESIAN_POINT('',(2.794196739,-12.141015173,1.5));
#1244=CARTESIAN_POINT('',(2.794196739,-12.141015173,1.466326495));
#1245=CARTESIAN_POINT('',(2.794196739,-12.141015173,1.432652991));
#1246=CARTESIAN_POINT('',(2.794196739,-12.141015173,1.398979486));
#1247=CARTESIAN_POINT('',(2.794196739,-12.141015173,0.765986324));
#1248=CARTESIAN_POINT('',(2.794196739,-12.141015173,0.132993162));
#1249=CARTESIAN_POINT('',(2.794196739,-12.141015173,-0.5));
#1250=CARTESIAN_POINT('',(3.140219926,-11.431749458,2.111197512));
#1251=CARTESIAN_POINT('',(3.140219926,-11.431749458,1.974812017));
#1252=CARTESIAN_POINT('',(3.140219926,-11.431749458,1.838426523));
#1253=CARTESIAN_POINT('',(3.140219926,-11.431749458,1.702041028));
#1254=CARTESIAN_POINT('',(3.140219926,-11.431749458,1.668367523));
#1255=CARTESIAN_POINT('',(3.140219926,-11.431749458,1.634694019));
#1256=CARTESIAN_POINT('',(3.140219926,-11.431749458,1.601020514));
#1257=CARTESIAN_POINT('',(3.140219926,-11.431749458,1.567347009));
#1258=CARTESIAN_POINT('',(3.140219926,-11.431749458,1.533673505));
#1259=CARTESIAN_POINT('',(3.140219926,-11.431749458,1.5));
#1260=CARTESIAN_POINT('',(3.140219926,-11.431749458,1.466326495));
#1261=CARTESIAN_POINT('',(3.140219926,-11.431749458,1.432652991));
#1262=CARTESIAN_POINT('',(3.140219926,-11.431749458,1.398979486));
#1263=CARTESIAN_POINT('',(3.140219926,-11.431749458,0.765986324));
#1264=CARTESIAN_POINT('',(3.140219926,-11.431749458,0.132993162));
#1265=CARTESIAN_POINT('',(3.140219926,-11.431749458,-0.5));
#1266=CARTESIAN_POINT('',(3.533869977,-10.749934567,2.111197512));
#1267=CARTESIAN_POINT('',(3.533869977,-10.749934567,1.974812017));
#1268=CARTESIAN_POINT('',(3.533869977,-10.749934567,1.838426523));
#1269=CARTESIAN_POINT('',(3.533869977,-10.749934567,1.702041028));
#1270=CARTESIAN_POINT('',(3.533869977,-10.749934567,1.668367523));
#1271=CARTESIAN_POINT('',(3.533869977,-10.749934567,1.634694019));
#1272=CARTESIAN_POINT('',(3.533869977,-10.749934567,1.601020514));
#1273=CARTESIAN_POINT('',(3.533869977,-10.749934567,1.567347009));
#1274=CARTESIAN_POINT('',(3.533869977,-10.749934567,1.533673505));
#1275=CARTESIAN_POINT('',(3.533869977,-10.749934567,1.5));
#1276=CARTESIAN_POINT('',(3.533869977,-10.749934567,1.466326495));
#1277=CARTESIAN_POINT('',(3.533869977,-10.749934567,1.432652991));
#1278=CARTESIAN_POINT('',(3.533869977,-10.749934567,1.398979486));
#1279=CARTESIAN_POINT('',(3.533869977,-10.749934567,0.765986324));
#1280=CARTESIAN_POINT('',(3.533869977,-10.749934567,0.132993162));
#1281=CARTESIAN_POINT('',(3.533869977,-10.749934567,-0.5));
#1282=CARTESIAN_POINT('',(3.942827992,-10.041605778,2.111197512));
#1283=CARTESIAN_POINT('',(3.942827992,-10.041605778,1.974812017));
#1284=CARTESIAN_POINT('',(3.942827992,-10.041605778,1.838426523));
#1285=CARTESIAN_POINT('',(3.942827992,-10.041605778,1.702041028));
#1286=CARTESIAN_POINT('',(3.942827992,-10.041605778,1.668367523));
#1287=CARTESIAN_POINT('',(3.942827992,-10.041605778,1.634694019));
#1288=CARTESIAN_POINT('',(3.942827992,-10.041605778,1.601020514));
#1289=CARTESIAN_POINT('',(3.942827992,-10.041605778,1.567347009));
#1290=CARTESIAN_POINT('',(3.942827992,-10.041605778,1.533673505));
#1291=CARTESIAN_POINT('',(3.942827992,-10.041605778,1.5));
#1292=CARTESIAN_POINT('',(3.942827992,-10.041605778,1.466326495));
#1293=CARTESIAN_POINT('',(3.942827992,-10.041605778,1.432652991));
#1294=CARTESIAN_POINT('',(3.942827992,-10.041605778,1.398979486));
#1295=CARTESIAN_POINT('',(3.942827992,-10.041605778,0.765986324));
#1296=CARTESIAN_POINT('',(3.942827992,-10.041605778,0.132993162));
#1297=CARTESIAN_POINT('',(3.942827992,-10.041605778,-0.5));
#1298=CARTESIAN_POINT('',(4.403145131,-9.36298036,2.111197512));
#1299=CARTESIAN_POINT('',(4.403145131,-9.36298036,1.974812017));
#1300=CARTESIAN_POINT('',(4.403145131,-9.36298036,1.838426523));
#1301=CARTESIAN_POINT('',(4.403145131,-9.36298036,1.702041028));
#1302=CARTESIAN_POINT('',(4.403145131,-9.36298036,1.668367523));
#1303=CARTESIAN_POINT('',(4.403145131,-9.36298036,1.634694019));
#1304=CARTESIAN_POINT('',(4.403145131,-9.36298036,1.601020514));
#1305=CARTESIAN_POINT('',(4.403145131,-9.36298036,1.567347009));
#1306=CARTESIAN_POINT('',(4.403145131,-9.36298036,1.533673505));
#1307=CARTESIAN_POINT('',(4.403145131,-9.36298036,1.5));
#1308=CARTESIAN_POINT('',(4.403145131,-9.36298036,1.466326495));
#1309=CARTESIAN_POINT('',(4.403145131,-9.36298036,1.432652991));
#1310=CARTESIAN_POINT('',(4.403145131,-9.36298036,1.398979486));
#1311=CARTESIAN_POINT('',(4.403145131,-9.36298036,0.765986324));
#1312=CARTESIAN_POINT('',(4.403145131,-9.36298036,0.132993162));
#1313=CARTESIAN_POINT('',(4.403145131,-9.36298036,-0.5));
#1314=CARTESIAN_POINT('',(4.906949468,-8.724041619,2.111197512));
#1315=CARTESIAN_POINT('',(4.906949468,-8.724041619,1.974812017));
#1316=CARTESIAN_POINT('',(4.906949468,-8.724041619,1.838426523));
#1317=CARTESIAN_POINT('',(4.906949468,-8.724041619,1.702041028));
#1318=CARTESIAN_POINT('',(4.906949468,-8.724041619,1.668367523));
#1319=CARTESIAN_POINT('',(4.906949468,-8.724041619,1.634694019));
#1320=CARTESIAN_POINT('',(4.906949468,-8.724041619,1.601020514));
#1321=CARTESIAN_POINT('',(4.906949468,-8.724041619,1.567347009));
#1322=CARTESIAN_POINT('',(4.906949468,-8.724041619,1.533673505));
#1323=CARTESIAN_POINT('',(4.906949468,-8.724041619,1.5));
#1324=CARTESIAN_POINT('',(4.906949468,-8.724041619,1.466326495));
#1325=CARTESIAN_POINT('',(4.906949468,-8.724041619,1.432652991));
#1326=CARTESIAN_POINT('',(4.906949468,-8.724041619,1.398979486));
#1327=CARTESIAN_POINT('',(4.906949468,-8.724041619,0.765986324));
#1328=CARTESIAN_POINT('',(4.906949468,-8.724041619,0.132993162));
#1329=CARTESIAN_POINT('',(4.906949468,-8.724041619,-0.5));
#1330=CARTESIAN_POINT('',(5.410753806,-8.085102879,2.111197512));
#1331=CARTESIAN_POINT('',(5.410753806,-8.085102879,1.974812017));
#1332=CARTESIAN_POINT('',(5.410753806,-8.085102879,1.838426523));
#1333=CARTESIAN_POINT('',(5.410753806,-8.085102879,1.702041028));
#1334=CARTESIAN_POINT('',(5.410753806,-8.085102879,1.668367523));
#1335=CARTESIAN_POINT('',(5.410753806,-8.085102879,1.634694019));
#1336=CARTESIAN_POINT('',(5.410753806,-8.085102879,1.601020514));
#1337=CARTESIAN_POINT('',(5.410753806,-8.085102879,1.567347009));
#1338=CARTESIAN_POINT('',(5.410753806,-8.085102879,1.533673505));
#1339=CARTESIAN_POINT('',(5.410753806,-8.085102879,1.5));
#1340=CARTESIAN_POINT('',(5.410753806,-8.085102879,1.466326495));
#1341=CARTESIAN_POINT('',(5.410753806,-8.085102879,1.432652991));
#1342=CARTESIAN_POINT('',(5.410753806,-8.085102879,1.398979486));
#1343=CARTESIAN_POINT('',(5.410753806,-8.085102879,0.765986324));
#1344=CARTESIAN_POINT('',(5.410753806,-8.085102879,0.132993162));
#1345=CARTESIAN_POINT('',(5.410753806,-8.085102879,-0.5));
#1346=CARTESIAN_POINT('',(5.957974771,-7.485900813,2.111197512));
#1347=CARTESIAN_POINT('',(5.957974771,-7.485900813,1.974812017));
#1348=CARTESIAN_POINT('',(5.957974771,-7.485900813,1.838426523));
#1349=CARTESIAN_POINT('',(5.957974771,-7.485900813,1.702041028));
#1350=CARTESIAN_POINT('',(5.957974771,-7.485900813,1.668367523));
#1351=CARTESIAN_POINT('',(5.957974771,-7.485900813,1.634694019));
#1352=CARTESIAN_POINT('',(5.957974771,-7.485900813,1.601020514));
#1353=CARTESIAN_POINT('',(5.957974771,-7.485900813,1.567347009));
#1354=CARTESIAN_POINT('',(5.957974771,-7.485900813,1.533673505));
#1355=CARTESIAN_POINT('',(5.957974771,-7.485900813,1.5));
#1356=CARTESIAN_POINT('',(5.957974771,-7.485900813,1.466326495));
#1357=CARTESIAN_POINT('',(5.957974771,-7.485900813,1.432652991));
#1358=CARTESIAN_POINT('',(5.957974771,-7.485900813,1.398979486));
#1359=CARTESIAN_POINT('',(5.957974771,-7.485900813,0.765986324));
#1360=CARTESIAN_POINT('',(5.957974771,-7.485900813,0.132993162));
#1361=CARTESIAN_POINT('',(5.957974771,-7.485900813,-0.5));
#1362=CARTESIAN_POINT('',(6.538450348,-6.933635207,2.111197512));
#1363=CARTESIAN_POINT('',(6.538450348,-6.933635207,1.974812017));
#1364=CARTESIAN_POINT('',(6.538450348,-6.933635207,1.838426523));
#1365=CARTESIAN_POINT('',(6.538450348,-6.933635207,1.702041028));
#1366=CARTESIAN_POINT('',(6.538450348,-6.933635207,1.668367523));
#1367=CARTESIAN_POINT('',(6.538450348,-6.933635207,1.634694019));
#1368=CARTESIAN_POINT('',(6.538450348,-6.933635207,1.601020514));
#1369=CARTESIAN_POINT('',(6.538450348,-6.933635207,1.567347009));
#1370=CARTESIAN_POINT('',(6.538450348,-6.933635207,1.533673505));
#1371=CARTESIAN_POINT('',(6.538450348,-6.933635207,1.5));
#1372=CARTESIAN_POINT('',(6.538450348,-6.933635207,1.466326495));
#1373=CARTESIAN_POINT('',(6.538450348,-6.933635207,1.432652991));
#1374=CARTESIAN_POINT('',(6.538450348,-6.933635207,1.398979486));
#1375=CARTESIAN_POINT('',(6.538450348,-6.933635207,0.765986324));
#1376=CARTESIAN_POINT('',(6.538450348,-6.933635207,0.132993162));
#1377=CARTESIAN_POINT('',(6.538450348,-6.933635207,-0.5));
#1378=CARTESIAN_POINT('',(7.118925924,-6.381369601,2.111197512));
#1379=CARTESIAN_POINT('',(7.118925924,-6.381369601,1.974812017));
#1380=CARTESIAN_POINT('',(7.118925924,-6.381369601,1.838426523));
#1381=CARTESIAN_POINT('',(7.118925924,-6.381369601,1.702041028));
#1382=CARTESIAN_POINT('',(7.118925924,-6.381369601,1.668367523));
#1383=CARTESIAN_POINT('',(7.118925924,-6.381369601,1.634694019));
#1384=CARTESIAN_POINT('',(7.118925924,-6.381369601,1.601020514));
#1385=CARTESIAN_POINT('',(7.118925924,-6.381369601,1.567347009));
#1386=CARTESIAN_POINT('',(7.118925924,-6.381369601,1.533673505));
#1387=CARTESIAN_POINT('',(7.118925924,-6.381369601,1.5));
#1388=CARTESIAN_POINT('',(7.118925924,-6.381369601,1.466326495));
#1389=CARTESIAN_POINT('',(7.118925924,-6.381369601,1.432652991));
#1390=CARTESIAN_POINT('',(7.118925924,-6.381369601,1.398979486));
#1391=CARTESIAN_POINT('',(7.118925924,-6.381369601,0.765986324));
#1392=CARTESIAN_POINT('',(7.118925924,-6.381369601,0.132993162));
#1393=CARTESIAN_POINT('',(7.118925924,-6.381369601,-0.5));
#1394=CARTESIAN_POINT('',(7.732574983,-5.876056054,2.111197512));
#1395=CARTESIAN_POINT('',(7.732574983,-5.876056054,1.974812017));
#1396=CARTESIAN_POINT('',(7.732574983,-5.876056054,1.838426523));
#1397=CARTESIAN_POINT('',(7.732574983,-5.876056054,1.702041028));
#1398=CARTESIAN_POINT('',(7.732574983,-5.876056054,1.668367523));
#1399=CARTESIAN_POINT('',(7.732574983,-5.876056054,1.634694019));
#1400=CARTESIAN_POINT('',(7.732574983,-5.876056054,1.601020514));
#1401=CARTESIAN_POINT('',(7.732574983,-5.876056054,1.567347009));
#1402=CARTESIAN_POINT('',(7.732574983,-5.876056054,1.533673505));
#1403=CARTESIAN_POINT('',(7.732574983,-5.876056054,1.5));
#1404=CARTESIAN_POINT('',(7.732574983,-5.876056054,1.466326495));
#1405=CARTESIAN_POINT('',(7.732574983,-5.876056054,1.432652991));
#1406=CARTESIAN_POINT('',(7.732574983,-5.876056054,1.398979486));
#1407=CARTESIAN_POINT('',(7.732574983,-5.876056054,0.765986324));
#1408=CARTESIAN_POINT('',(7.732574983,-5.876056054,0.132993162));
#1409=CARTESIAN_POINT('',(7.732574983,-5.876056054,-0.5));
#1410=CARTESIAN_POINT('',(8.36810025,-5.421615554,2.111197512));
#1411=CARTESIAN_POINT('',(8.36810025,-5.421615554,1.974812017));
#1412=CARTESIAN_POINT('',(8.36810025,-5.421615554,1.838426523));
#1413=CARTESIAN_POINT('',(8.36810025,-5.421615554,1.702041028));
#1414=CARTESIAN_POINT('',(8.36810025,-5.421615554,1.668367523));
#1415=CARTESIAN_POINT('',(8.36810025,-5.421615554,1.634694019));
#1416=CARTESIAN_POINT('',(8.36810025,-5.421615554,1.601020514));
#1417=CARTESIAN_POINT('',(8.36810025,-5.421615554,1.567347009));
#1418=CARTESIAN_POINT('',(8.36810025,-5.421615554,1.533673505));
#1419=CARTESIAN_POINT('',(8.36810025,-5.421615554,1.5));
#1420=CARTESIAN_POINT('',(8.36810025,-5.421615554,1.466326495));
#1421=CARTESIAN_POINT('',(8.36810025,-5.421615554,1.432652991));
#1422=CARTESIAN_POINT('',(8.36810025,-5.421615554,1.398979486));
#1423=CARTESIAN_POINT('',(8.36810025,-5.421615554,0.765986324));
#1424=CARTESIAN_POINT('',(8.36810025,-5.421615554,0.132993162));
#1425=CARTESIAN_POINT('',(8.36810025,-5.421615554,-0.5));
#1426=CARTESIAN_POINT('',(9.003625517,-4.967175053,2.111197512));
#1427=CARTESIAN_POINT('',(9.003625517,-4.967175053,1.974812017));
#1428=CARTESIAN_POINT('',(9.003625517,-4.967175053,1.838426523));
#1429=CARTESIAN_POINT('',(9.003625517,-4.967175053,1.702041028));
#1430=CARTESIAN_POINT('',(9.003625517,-4.967175053,1.668367523));
#1431=CARTESIAN_POINT('',(9.003625517,-4.967175053,1.634694019));
#1432=CARTESIAN_POINT('',(9.003625517,-4.967175053,1.601020514));
#1433=CARTESIAN_POINT('',(9.003625517,-4.967175053,1.567347009));
#1434=CARTESIAN_POINT('',(9.003625517,-4.967175053,1.533673505));
#1435=CARTESIAN_POINT('',(9.003625517,-4.967175053,1.5));
#1436=CARTESIAN_POINT('',(9.003625517,-4.967175053,1.466326495));
#1437=CARTESIAN_POINT('',(9.003625517,-4.967175053,1.432652991));
#1438=CARTESIAN_POINT('',(9.003625517,-4.967175053,1.398979486));
#1439=CARTESIAN_POINT('',(9.003625517,-4.967175053,0.765986324));
#1440=CARTESIAN_POINT('',(9.003625517,-4.967175053,0.132993162));
#1441=CARTESIAN_POINT('',(9.003625517,-4.967175053,-0.5));
#1442=CARTESIAN_POINT('',(9.66095232,-4.563590272,2.111197512));
#1443=CARTESIAN_POINT('',(9.66095232,-4.563590272,1.974812017));
#1444=CARTESIAN_POINT('',(9.66095232,-4.563590272,1.838426523));
#1445=CARTESIAN_POINT('',(9.66095232,-4.563590272,1.702041028));
#1446=CARTESIAN_POINT('',(9.66095232,-4.563590272,1.668367523));
#1447=CARTESIAN_POINT('',(9.66095232,-4.563590272,1.634694019));
#1448=CARTESIAN_POINT('',(9.66095232,-4.563590272,1.601020514));
#1449=CARTESIAN_POINT('',(9.66095232,-4.563590272,1.567347009));
#1450=CARTESIAN_POINT('',(9.66095232,-4.563590272,1.533673505));
#1451=CARTESIAN_POINT('',(9.66095232,-4.563590272,1.5));
#1452=CARTESIAN_POINT('',(9.66095232,-4.563590272,1.466326495));
#1453=CARTESIAN_POINT('',(9.66095232,-4.563590272,1.432652991));
#1454=CARTESIAN_POINT('',(9.66095232,-4.563590272,1.398979486));
#1455=CARTESIAN_POINT('',(9.66095232,-4.563590272,0.765986324));
#1456=CARTESIAN_POINT('',(9.66095232,-4.563590272,0.132993162));
#1457=CARTESIAN_POINT('',(9.66095232,-4.563590272,-0.5));
#1458=CARTESIAN_POINT('',(10.3288316,-4.2115222,2.111197512));
#1459=CARTESIAN_POINT('',(10.3288316,-4.2115222,1.974812017));
#1460=CARTESIAN_POINT('',(10.3288316,-4.2115222,1.838426523));
#1461=CARTESIAN_POINT('',(10.3288316,-4.2115222,1.702041028));
#1462=CARTESIAN_POINT('',(10.3288316,-4.2115222,1.668367523));
#1463=CARTESIAN_POINT('',(10.3288316,-4.2115222,1.634694019));
#1464=CARTESIAN_POINT('',(10.3288316,-4.2115222,1.601020514));
#1465=CARTESIAN_POINT('',(10.3288316,-4.2115222,1.567347009));
#1466=CARTESIAN_POINT('',(10.3288316,-4.2115222,1.533673505));
#1467=CARTESIAN_POINT('',(10.3288316,-4.2115222,1.5));
#1468=CARTESIAN_POINT('',(10.3288316,-4.2115222,1.466326495));
#1469=CARTESIAN_POINT('',(10.3288316,-4.2115222,1.432652991));
#1470=CARTESIAN_POINT('',(10.3288316,-4.2115222,1.398979486));
#1471=CARTESIAN_POINT('',(10.3288316,-4.2115222,0.765986324));
#1472=CARTESIAN_POINT('',(10.3288316,-4.2115222,0.132993162));
#1473=CARTESIAN_POINT('',(10.3288316,-4.2115222,-0.5));
#1474=CARTESIAN_POINT('',(10.996710881,-3.859454128,2.111197512));
#1475=CARTESIAN_POINT('',(10.996710881,-3.859454128,1.974812017));
#1476=CARTESIAN_POINT('',(10.996710881,-3.859454128,1.838426523));
#1477=CARTESIAN_POINT('',(10.996710881,-3.859454128,1.702041028));
#1478=CARTESIAN_POINT('',(10.996710881,-3.859454128,1.668367523));
#1479=CARTESIAN_POINT('',(10.996710881,-3.859454128,1.634694019));
#1480=CARTESIAN_POINT('',(10.996710881,-3.859454128,1.601020514));
#1481=CARTESIAN_POINT('',(10.996710881,-3.859454128,1.567347009));
#1482=CARTESIAN_POINT('',(10.996710881,-3.859454128,1.533673505));
#1483=CARTESIAN_POINT('',(10.996710881,-3.859454128,1.5));
#1484=CARTESIAN_POINT('',(10.996710881,-3.859454128,1.466326495));
#1485=CARTESIAN_POINT('',(10.996710881,-3.859454128,1.432652991));
#1486=CARTESIAN_POINT('',(10.996710881,-3.859454128,1.398979486));
#1487=CARTESIAN_POINT('',(10.996710881,-3.859454128,0.765986324));
#1488=CARTESIAN_POINT('',(10.996710881,-3.859454128,0.132993162));
#1489=CARTESIAN_POINT('',(10.996710881,-3.859454128,-0.5));
#1490=CARTESIAN_POINT('',(11.675086853,-3.558861755,2.111197512));
#1491=CARTESIAN_POINT('',(11.675086853,-3.558861755,1.974812017));
#1492=CARTESIAN_POINT('',(11.675086853,-3.558861755,1.838426523));
#1493=CARTESIAN_POINT('',(11.675086853,-3.558861755,1.702041028));
#1494=CARTESIAN_POINT('',(11.675086853,-3.558861755,1.668367523));
#1495=CARTESIAN_POINT('',(11.675086853,-3.558861755,1.634694019));
#1496=CARTESIAN_POINT('',(11.675086853,-3.558861755,1.601020514));
#1497=CARTESIAN_POINT('',(11.675086853,-3.558861755,1.567347009));
#1498=CARTESIAN_POINT('',(11.675086853,-3.558861755,1.533673505));
#1499=CARTESIAN_POINT('',(11.675086853,-3.558861755,1.5));
#1500=CARTESIAN_POINT('',(11.675086853,-3.558861755,1.466326495));
#1501=CARTESIAN_POINT('',(11.675086853,-3.558861755,1.432652991));
#1502=CARTESIAN_POINT('',(11.675086853,-3.558861755,1.398979486));
#1503=CARTESIAN_POINT('',(11.675086853,-3.558861755,0.765986324));
#1504=CARTESIAN_POINT('',(11.675086853,-3.558861755,0.132993162));
#1505=CARTESIAN_POINT('',(11.675086853,-3.558861755,-0.5));
#1506=CARTESIAN_POINT('',(12.353745766,-3.307594982,2.111197512));
#1507=CARTESIAN_POINT('',(12.353745766,-3.307594982,1.974812017));
#1508=CARTESIAN_POINT('',(12.353745766,-3.307594982,1.838426523));
#1509=CARTESIAN_POINT('',(12.353745766,-3.307594982,1.702041028));
#1510=CARTESIAN_POINT('',(12.353745766,-3.307594982,1.668367523));
#1511=CARTESIAN_POINT('',(12.353745766,-3.307594982,1.634694019));
#1512=CARTESIAN_POINT('',(12.353745766,-3.307594982,1.601020514));
#1513=CARTESIAN_POINT('',(12.353745766,-3.307594982,1.567347009));
#1514=CARTESIAN_POINT('',(12.353745766,-3.307594982,1.533673505));
#1515=CARTESIAN_POINT('',(12.353745766,-3.307594982,1.5));
#1516=CARTESIAN_POINT('',(12.353745766,-3.307594982,1.466326495));
#1517=CARTESIAN_POINT('',(12.353745766,-3.307594982,1.432652991));
#1518=CARTESIAN_POINT('',(12.353745766,-3.307594982,1.398979486));
#1519=CARTESIAN_POINT('',(12.353745766,-3.307594982,0.765986324));
#1520=CARTESIAN_POINT('',(12.353745766,-3.307594982,0.132993162));
#1521=CARTESIAN_POINT('',(12.353745766,-3.307594982,-0.5));
#1522=CARTESIAN_POINT('',(13.032404679,-3.05632821,2.111197512));
#1523=CARTESIAN_POINT('',(13.032404679,-3.05632821,1.974812017));
#1524=CARTESIAN_POINT('',(13.032404679,-3.05632821,1.838426523));
#1525=CARTESIAN_POINT('',(13.032404679,-3.05632821,1.702041028));
#1526=CARTESIAN_POINT('',(13.032404679,-3.05632821,1.668367523));
#1527=CARTESIAN_POINT('',(13.032404679,-3.05632821,1.634694019));
#1528=CARTESIAN_POINT('',(13.032404679,-3.05632821,1.601020514));
#1529=CARTESIAN_POINT('',(13.032404679,-3.05632821,1.567347009));
#1530=CARTESIAN_POINT('',(13.032404679,-3.05632821,1.533673505));
#1531=CARTESIAN_POINT('',(13.032404679,-3.05632821,1.5));
#1532=CARTESIAN_POINT('',(13.032404679,-3.05632821,1.466326495));
#1533=CARTESIAN_POINT('',(13.032404679,-3.05632821,1.432652991));
#1534=CARTESIAN_POINT('',(13.032404679,-3.05632821,1.398979486));
#1535=CARTESIAN_POINT('',(13.032404679,-3.05632821,0.765986324));
#1536=CARTESIAN_POINT('',(13.032404679,-3.05632821,0.132993162));
#1537=CARTESIAN_POINT('',(13.032404679,-3.05632821,-0.5));
#1538=CARTESIAN_POINT('',(13.711314834,-2.854334876,2.111197512));
#1539=CARTESIAN_POINT('',(13.711314834,-2.854334876,1.974812017));
#1540=CARTESIAN_POINT('',(13.711314834,-2.854334876,1.838426523));
#1541=CARTESIAN_POINT('',(13.711314834,-2.854334876,1.702041028));
#1542=CARTESIAN_POINT('',(13.711314834,-2.854334876,1.668367523));
#1543=CARTESIAN_POINT('',(13.711314834,-2.854334876,1.634694019));
#1544=CARTESIAN_POINT('',(13.711314834,-2.854334876,1.601020514));
#1545=CARTESIAN_POINT('',(13.711314834,-2.854334876,1.567347009));
#1546=CARTESIAN_POINT('',(13.711314834,-2.854334876,1.533673505));
#1547=CARTESIAN_POINT('',(13.711314834,-2.854334876,1.5));
#1548=CARTESIAN_POINT('',(13.711314834,-2.854334876,1.466326495));
#1549=CARTESIAN_POINT('',(13.711314834,-2.854334876,1.432652991));
#1550=CARTESIAN_POINT('',(13.711314834,-2.854334876,1.398979486));
#1551=CARTESIAN_POINT('',(13.711314834,-2.854334876,0.765986324));
#1552=CARTESIAN_POINT('',(13.711314834,-2.854334876,0.132993162));
#1553=CARTESIAN_POINT('',(13.711314834,-2.854334876,-0.5));
#1554=CARTESIAN_POINT('',(14.381955377,-2.697364796,2.111197512));
#1555=CARTESIAN_POINT('',(14.381955377,-2.697364796,1.974812017));
#1556=CARTESIAN_POINT('',(14.381955377,-2.697364796,1.838426523));
#1557=CARTESIAN_POINT('',(14.381955377,-2.697364796,1.702041028));
#1558=CARTESIAN_POINT('',(14.381955377,-2.697364796,1.668367523));
#1559=CARTESIAN_POINT('',(14.381955377,-2.697364796,1.634694019));
#1560=CARTESIAN_POINT('',(14.381955377,-2.697364796,1.601020514));
#1561=CARTESIAN_POINT('',(14.381955377,-2.697364796,1.567347009));
#1562=CARTESIAN_POINT('',(14.381955377,-2.697364796,1.533673505));
#1563=CARTESIAN_POINT('',(14.381955377,-2.697364796,1.5));
#1564=CARTESIAN_POINT('',(14.381955377,-2.697364796,1.466326495));
#1565=CARTESIAN_POINT('',(14.381955377,-2.697364796,1.432652991));
#1566=CARTESIAN_POINT('',(14.381955377,-2.697364796,1.398979486));
#1567=CARTESIAN_POINT('',(14.381955377,-2.697364796,0.765986324));
#1568=CARTESIAN_POINT('',(14.381955377,-2.697364796,0.132993162));
#1569=CARTESIAN_POINT('',(14.381955377,-2.697364796,-0.5));
#1570=CARTESIAN_POINT('',(14.407007734,-2.691501043,2.111197512));
#1571=CARTESIAN_POINT('',(14.407007734,-2.691501043,1.974812017));
#1572=CARTESIAN_POINT('',(14.407007734,-2.691501043,1.838426523));
#1573=CARTESIAN_POINT('',(14.407007734,-2.691501043,1.702041028));
#1574=CARTESIAN_POINT('',(14.407007734,-2.691501043,1.668367523));
#1575=CARTESIAN_POINT('',(14.407007734,-2.691501043,1.634694019));
#1576=CARTESIAN_POINT('',(14.407007734,-2.691501043,1.601020514));
#1577=CARTESIAN_POINT('',(14.407007734,-2.691501043,1.567347009));
#1578=CARTESIAN_POINT('',(14.407007734,-2.691501043,1.533673505));
#1579=CARTESIAN_POINT('',(14.407007734,-2.691501043,1.5));
#1580=CARTESIAN_POINT('',(14.407007734,-2.691501043,1.466326495));
#1581=CARTESIAN_POINT('',(14.407007734,-2.691501043,1.432652991));
#1582=CARTESIAN_POINT('',(14.407007734,-2.691501043,1.398979486));
#1583=CARTESIAN_POINT('',(14.407007734,-2.691501043,0.765986324));
#1584=CARTESIAN_POINT('',(14.407007734,-2.691501043,0.132993162));
#1585=CARTESIAN_POINT('',(14.407007734,-2.691501043,-0.5));
#1586=CARTESIAN_POINT('',(14.432048538,-2.685700046,2.111197512));
#1587=CARTESIAN_POINT('',(14.432048538,-2.685700046,1.974812017));
#1588=CARTESIAN_POINT('',(14.432048538,-2.685700046,1.838426523));
#1589=CARTESIAN_POINT('',(14.432048538,-2.685700046,1.702041028));
#1590=CARTESIAN_POINT('',(14.432048538,-2.685700046,1.668367523));
#1591=CARTESIAN_POINT('',(14.432048538,-2.685700046,1.634694019));
#1592=CARTESIAN_POINT('',(14.432048538,-2.685700046,1.601020514));
#1593=CARTESIAN_POINT('',(14.432048538,-2.685700046,1.567347009));
#1594=CARTESIAN_POINT('',(14.432048538,-2.685700046,1.533673505));
#1595=CARTESIAN_POINT('',(14.432048538,-2.685700046,1.5));
#1596=CARTESIAN_POINT('',(14.432048538,-2.685700046,1.466326495));
#1597=CARTESIAN_POINT('',(14.432048538,-2.685700046,1.432652991));
#1598=CARTESIAN_POINT('',(14.432048538,-2.685700046,1.398979486));
#1599=CARTESIAN_POINT('',(14.432048538,-2.685700046,0.765986324));
#1600=CARTESIAN_POINT('',(14.432048538,-2.685700046,0.132993162));
#1601=CARTESIAN_POINT('',(14.432048538,-2.685700046,-0.5));
#1602=CARTESIAN_POINT('',(14.45707745,-2.679961514,2.111197512));
#1603=CARTESIAN_POINT('',(14.45707745,-2.679961514,1.974812017));
#1604=CARTESIAN_POINT('',(14.45707745,-2.679961514,1.838426523));
#1605=CARTESIAN_POINT('',(14.45707745,-2.679961514,1.702041028));
#1606=CARTESIAN_POINT('',(14.45707745,-2.679961514,1.668367523));
#1607=CARTESIAN_POINT('',(14.45707745,-2.679961514,1.634694019));
#1608=CARTESIAN_POINT('',(14.45707745,-2.679961514,1.601020514));
#1609=CARTESIAN_POINT('',(14.45707745,-2.679961514,1.567347009));
#1610=CARTESIAN_POINT('',(14.45707745,-2.679961514,1.533673505));
#1611=CARTESIAN_POINT('',(14.45707745,-2.679961514,1.5));
#1612=CARTESIAN_POINT('',(14.45707745,-2.679961514,1.466326495));
#1613=CARTESIAN_POINT('',(14.45707745,-2.679961514,1.432652991));
#1614=CARTESIAN_POINT('',(14.45707745,-2.679961514,1.398979486));
#1615=CARTESIAN_POINT('',(14.45707745,-2.679961514,0.765986324));
#1616=CARTESIAN_POINT('',(14.45707745,-2.679961514,0.132993162));
#1617=CARTESIAN_POINT('',(14.45707745,-2.679961514,-0.5));
#1618=B_SPLINE_SURFACE_WITH_KNOTS('',3,3,((#1218,#1219,#1220,#1221,#1222,#1223,#1224,#1225,#1226,#1227,#1228,#1229,#1230,#1231,#1232,#1233),(#1234,#1235,#1236,#1237,#1238,#1239,#1240,#1241,#1242,#1243,#1244,#1245,#1246,#1247,#1248,#1249),(#1250,#1251,#1252,#1253,#1254,#1255,#1256,#1257,#1258,#1259,#1260,#1261,#1262,#1263,#1264,#1265),(#1266,#1267,#1268,#1269,#1270,#1271,#1272,#1273,#1274,#1275,#1276,#1277,#1278,#1279,#1280,#1281),(#1282,#1283,#1284,#1285,#1286,#1287,#1288,#1289,#1290,#1291,#1292,#1293,#1294,#1295,#1296,#1297),(#1298,#1299,#1300,#1301,#1302,#1303,#1304,#1305,#1306,#1307,#1308,#1309,#1310,#1311,#1312,#1313),(#1314,#1315,#1316,#1317,#1318,#1319,#1320,#1321,#1322,#1323,#1324,#1325,#1326,#1327,#1328,#1329),(#1330,#1331,#1332,#1333,#1334,#1335,#1336,#1337,#1338,#1339,#1340,#1341,#1342,#1343,#1344,#1345),(#1346,#1347,#1348,#1349,#1350,#1351,#1352,#1353,#1354,#1355,#1356,#1357,#1358,#1359,#1360,#1361),(#1362,#1363,#1364,#1365,#1366,#1367,#1368,#1369,#1370,#1371,#1372,#1373,#1374,#1375,#1376,#1377),(#1378,#1379,#1380,#1381,#1382,#1383,#1384,#1385,#1386,#1387,#1388,#1389,#1390,#1391,#1392,#1393),(#1394,#1395,#1396,#1397,#1398,#1399,#1400,#1401,#1402,#1403,#1404,#1405,#1406,#1407,#1408,#1409),(#1410,#1411,#1412,#1413,#1414,#1415,#1416,#1417,#1418,#1419,#1420,#1421,#1422,#1423,#1424,#1425),(#1426,#1427,#1428,#1429,#1430,#1431,#1432,#1433,#1434,#1435,#1436,#1437,#1438,#1439,#1440,#1441),(#1442,#1443,#1444,#1445,#1446,#1447,#1448,#1449,#1450,#1451,#1452,#1453,#1454,#1455,#1456,#1457),(#1458,#1459,#1460,#1461,#1462,#1463,#1464,#1465,#1466,#1467,#1468,#1469,#1470,#1471,#1472,#1473),(#1474,#1475,#1476,#1477,#1478,#1479,#1480,#1481,#1482,#1483,#1484,#1485,#1486,#1487,#1488,#1489),(#1490,#1491,#1492,#1493,#1494,#1495,#1496,#1497,#1498,#1499,#1500,#1501,#1502,#1503,#1504,#1505),(#1506,#1507,#1508,#1509,#1510,#1511,#1512,#1513,#1514,#1515,#1516,#1517,#1518,#1519,#1520,#1521),(#1522,#1523,#1524,#1525,#1526,#1527,#1528,#1529,#1530,#1531,#1532,#1533,#1534,#1535,#1536,#1537),(#1538,#1539,#1540,#1541,#1542,#1543,#1544,#1545,#1546,#1547,#1548,#1549,#1550,#1551,#1552,#1553),(#1554,#1555,#1556,#1557,#1558,#1559,#1560,#1561,#1562,#1563,#1564,#1565,#1566,#1567,#1568,#1569),(#1570,#1571,#1572,#1573,#1574,#1575,#1576,#1577,#1578,#1579,#1580,#1581,#1582,#1583,#1584,#1585),(#1586,#1587,#1588,#1589,#1590,#1591,#1592,#1593,#1594,#1595,#1596,#1597,#1598,#1599,#1600,#1601),(#1602,#1603,#1604,#1605,#1606,#1607,#1608,#1609,#1610,#1611,#1612,#1613,#1614,#1615,#1616,#1617)),.UNSPECIFIED.,.F.,.F.,.U.,(4,3,3,3,3,3,3,3,4),(4,3,3,3,3,4),(5.109992366,5.235991787,5.366890977,5.497790167,5.628689357,5.759588547,5.890487737,6.021386927,6.026276779),(0.0093888,0.009797958,0.009898979,0.01,0.010101021,0.01200001),.UNSPECIFIED.);
#1619=CARTESIAN_POINT('',(14.457077413,-2.679961352,-0.5));
#1620=CARTESIAN_POINT('',(13.129813086,-2.984277173,-0.5));
#1621=CARTESIAN_POINT('',(11.840663402,-3.448408979,-0.5));
#1622=CARTESIAN_POINT('',(10.625182788,-4.05899613,-0.5));
#1623=CARTESIAN_POINT('',(9.409702175,-4.669583282,-0.5));
#1624=CARTESIAN_POINT('',(8.267575905,-5.426857389,-0.5));
#1625=CARTESIAN_POINT('',(7.231355275,-6.309699146,-0.5));
#1626=CARTESIAN_POINT('',(6.195134645,-7.192540902,-0.5));
#1627=CARTESIAN_POINT('',(5.265929213,-8.200039924,-0.5));
#1628=CARTESIAN_POINT('',(4.470008163,-9.303184015,-0.5));
#1629=CARTESIAN_POINT('',(3.674087113,-10.406328106,-0.5));
#1630=CARTESIAN_POINT('',(3.010989982,-11.605794994,-0.5));
#1631=CARTESIAN_POINT('',(2.5,-12.867199458,-0.5));
#1632=B_SPLINE_CURVE_WITH_KNOTS('',3,(#1619,#1620,#1621,#1622,#1623,#1624,#1625,#1626,#1627,#1628,#1629,#1630,#1631),.UNSPECIFIED.,.F.,.F.,(4,3,3,3,4),(0.070425522,0.074506141,0.07858676,0.08266738,0.086747999),.UNSPECIFIED.);
#1633=EDGE_CURVE('',#530,#588,#1632,.T.);
#1634=ORIENTED_EDGE('',*,*,#1633,.F.);
#1635=ORIENTED_EDGE('',*,*,#568,.T.);
#1636=CARTESIAN_POINT('',(8.781965124,-5.134842913,2.111197512));
#1637=VERTEX_POINT('',#1636);
#1638=CARTESIAN_POINT('',(8.781965124,-5.134842913,2.111197512));
#1639=CARTESIAN_POINT('',(9.174882946,-4.87111075,1.850209234));
#1640=CARTESIAN_POINT('',(9.594845845,-4.613131052,1.634032386));
#1641=CARTESIAN_POINT('',(10.039596976,-4.367581448,1.45068585));
#1642=CARTESIAN_POINT('',(10.261972542,-4.244806645,1.359012581));
#1643=CARTESIAN_POINT('',(10.491308189,-4.124744256,1.275399977));
#1644=CARTESIAN_POINT('',(10.724926309,-4.009299503,1.199529331));
#1645=CARTESIAN_POINT('',(10.95854443,-3.89385475,1.123658685));
#1646=CARTESIAN_POINT('',(11.195464587,-3.783462626,1.055767538));
#1647=CARTESIAN_POINT('',(11.435492827,-3.67832444,0.994436063));
#1648=CARTESIAN_POINT('',(11.915549306,-3.468048069,0.871773112));
#1649=CARTESIAN_POINT('',(12.408001172,-3.27879113,0.775144612));
#1650=CARTESIAN_POINT('',(12.911837503,-3.111936153,0.6965138));
#1651=CARTESIAN_POINT('',(13.415673834,-2.945081176,0.617882989));
#1652=CARTESIAN_POINT('',(13.930900764,-2.800603498,0.557329705));
#1653=CARTESIAN_POINT('',(14.457077413,-2.679961352,0.509715762));
#1654=B_SPLINE_CURVE_WITH_KNOTS('',3,(#1638,#1639,#1640,#1641,#1642,#1643,#1644,#1645,#1646,#1647,#1648,#1649,#1650,#1651,#1652,#1653),.UNSPECIFIED.,.F.,.F.,(4,3,3,3,3,4),(0.000591068,0.002205557,0.003012802,0.003820046,0.005434535,0.007049024),.UNSPECIFIED.);
#1655=EDGE_CURVE('',#1637,#558,#1654,.T.);
#1656=ORIENTED_EDGE('',*,*,#1655,.F.);
#1657=CARTESIAN_POINT('',(8.781965124,-5.134842913,2.111197512));
#1658=CARTESIAN_POINT('',(8.079783291,-5.606157582,2.111197512));
#1659=CARTESIAN_POINT('',(7.419704582,-6.124789785,2.111197512));
#1660=CARTESIAN_POINT('',(6.800583095,-6.689451702,2.111197512));
#1661=CARTESIAN_POINT('',(6.181461609,-7.254113619,2.111197512));
#1662=CARTESIAN_POINT('',(5.603291465,-7.864798642,2.111197512));
#1663=CARTESIAN_POINT('',(5.067691089,-8.523325637,2.111197512));
#1664=CARTESIAN_POINT('',(4.799890901,-8.852589135,2.111197512));
#1665=CARTESIAN_POINT('',(4.5447799,-9.191515154,2.111197512));
#1666=CARTESIAN_POINT('',(4.303800578,-9.537700443,2.111197512));
#1667=CARTESIAN_POINT('',(4.062821256,-9.883885732,2.111197512));
#1668=CARTESIAN_POINT('',(3.835409815,-10.238019332,2.111197512));
#1669=CARTESIAN_POINT('',(3.621442625,-10.600028817,2.111197512));
#1670=CARTESIAN_POINT('',(3.193508246,-11.324047788,2.111197512));
#1671=CARTESIAN_POINT('',(2.819120209,-12.079435176,2.111197512));
#1672=CARTESIAN_POINT('',(2.5,-12.867199458,2.111197512));
#1673=B_SPLINE_CURVE_WITH_KNOTS('',3,(#1657,#1658,#1659,#1660,#1661,#1662,#1663,#1664,#1665,#1666,#1667,#1668,#1669,#1670,#1671,#1672),.UNSPECIFIED.,.F.,.F.,(4,3,3,3,3,4),(0.000549071,0.003062721,0.005576371,0.006833197,0.008090022,0.010603672),.UNSPECIFIED.);
#1674=EDGE_CURVE('',#1637,#595,#1673,.T.);
#1675=ORIENTED_EDGE('',*,*,#1674,.T.);
#1676=ORIENTED_EDGE('',*,*,#599,.F.);
#1677=EDGE_LOOP('',(#1634,#1635,#1656,#1675,#1676));
#1678=FACE_BOUND('',#1677,.T.);
#1679=ADVANCED_FACE('',(#1678),#1618,.F.);
#1680=CARTESIAN_POINT('',(14.457077413,5.134784204,2.111197512));
#1681=CARTESIAN_POINT('',(2.5,5.134784204,2.111197512));
#1682=CARTESIAN_POINT('',(14.457077413,4.465462986,1.448839951));
#1683=CARTESIAN_POINT('',(2.5,4.465462986,1.448839951));
#1684=CARTESIAN_POINT('',(14.457077413,3.649968459,0.978013967));
#1685=CARTESIAN_POINT('',(2.5,3.649968459,0.978013967));
#1686=CARTESIAN_POINT('',(14.457077413,-1.174849448,-1.807595951));
#1687=CARTESIAN_POINT('',(2.5,-1.174849448,-1.807595951));
#1688=CARTESIAN_POINT('',(14.457077413,-5.134842913,2.111197512));
#1689=CARTESIAN_POINT('',(2.5,-5.134842913,2.111197512));
#1690=(BOUNDED_SURFACE()
B_SPLINE_SURFACE(2,1,((#1680,#1681),(#1682,#1683),(#1684,#1685),(#1686,#1687),(#1688,#1689)),.UNSPECIFIED.,.F.,.F.,.U.)
B_SPLINE_SURFACE_WITH_KNOTS((3,2,3),(2,2),(3.898454989,4.188790205,5.46995608),(0.018327346,0.030284423),.UNSPECIFIED.)
GEOMETRIC_REPRESENTATION_ITEM()
RATIONAL_B_SPLINE_SURFACE(((0.880591996,0.880591996),(0.930687573,0.930687573),(1.,1.),(0.694144177,0.694144177),(0.762479492,0.762479492)))
REPRESENTATION_ITEM('')
SURFACE()
);
#1691=ORIENTED_EDGE('',*,*,#1655,.T.);
#1692=ORIENTED_EDGE('',*,*,#563,.T.);
#1693=ORIENTED_EDGE('',*,*,#1213,.T.);
#1694=CARTESIAN_POINT('',(8.782052591,5.134784204,2.111197512));
#1695=CARTESIAN_POINT('',(2.5,5.134784204,2.111197512));
#1696=B_SPLINE_CURVE_WITH_KNOTS('',1,(#1694,#1695),.UNSPECIFIED.,.F.,.F.,(2,2),(0.024002371,0.030284423),.UNSPECIFIED.);
#1697=EDGE_CURVE('',#1179,#609,#1696,.T.);
#1698=ORIENTED_EDGE('',*,*,#1697,.T.);
#1699=ORIENTED_EDGE('',*,*,#614,.T.);
#1700=CARTESIAN_POINT('',(8.781965124,-5.134842913,2.111197512));
#1701=CARTESIAN_POINT('',(2.5,-5.134842913,2.111197512));
#1702=B_SPLINE_CURVE_WITH_KNOTS('',1,(#1700,#1701),.UNSPECIFIED.,.F.,.F.,(2,2),(-0.000526824,0.005755142),.UNSPECIFIED.);
#1703=EDGE_CURVE('',#1637,#602,#1702,.T.);
#1704=ORIENTED_EDGE('',*,*,#1703,.F.);
#1705=EDGE_LOOP('',(#1691,#1692,#1693,#1698,#1699,#1704));
#1706=FACE_BOUND('',#1705,.T.);
#1707=ADVANCED_FACE('',(#1706),#1690,.F.);
#1708=CARTESIAN_POINT('',(8.781965124,-12.867199458,2.111197512));
#1709=CARTESIAN_POINT('',(8.781965124,-5.134842913,2.111197512));
#1710=CARTESIAN_POINT('',(2.5,-12.867199458,2.111197512));
#1711=CARTESIAN_POINT('',(2.5,-5.134842913,2.111197512));
#1712=B_SPLINE_SURFACE_WITH_KNOTS('',1,1,((#1708,#1709),(#1710,#1711)),.UNSPECIFIED.,.F.,.F.,.U.,(2,2),(2,2),(0.024002458,0.030284423),(-0.022367199,-0.014634843),.UNSPECIFIED.);
#1713=ORIENTED_EDGE('',*,*,#606,.T.);
#1714=ORIENTED_EDGE('',*,*,#1674,.F.);
#1715=ORIENTED_EDGE('',*,*,#1703,.T.);
#1716=EDGE_LOOP('',(#1713,#1714,#1715));
#1717=FACE_BOUND('',#1716,.T.);
#1718=ADVANCED_FACE('',(#1717),#1712,.F.);
#1719=CARTESIAN_POINT('',(8.782052591,5.134784204,2.111197512));
#1720=CARTESIAN_POINT('',(8.782052591,12.867199458,2.111197512));
#1721=CARTESIAN_POINT('',(2.5,5.134784204,2.111197512));
#1722=CARTESIAN_POINT('',(2.5,12.867199458,2.111197512));
#1723=B_SPLINE_SURFACE_WITH_KNOTS('',1,1,((#1719,#1720),(#1721,#1722)),.UNSPECIFIED.,.F.,.F.,.U.,(2,2),(2,2),(0.024002371,0.030284423),(-0.004365216,0.003367199),.UNSPECIFIED.);
#1724=ORIENTED_EDGE('',*,*,#1697,.F.);
#1725=ORIENTED_EDGE('',*,*,#1197,.F.);
#1726=ORIENTED_EDGE('',*,*,#621,.T.);
#1727=EDGE_LOOP('',(#1724,#1725,#1726));
#1728=FACE_BOUND('',#1727,.T.);
#1729=ADVANCED_FACE('',(#1728),#1723,.F.);
#1730=CARTESIAN_POINT('',(2.5,12.867199458,-2.));
#1731=CARTESIAN_POINT('',(2.5,12.867199458,-0.5));
#1732=CARTESIAN_POINT('',(5.825063168,4.659113845,-2.));
#1733=CARTESIAN_POINT('',(5.825063168,4.659113845,-0.5));
#1734=CARTESIAN_POINT('',(14.457077413,2.679961352,-2.));
#1735=CARTESIAN_POINT('',(14.457077413,2.679961352,-0.5));
#1736=(BOUNDED_SURFACE()
B_SPLINE_SURFACE(2,1,((#1730,#1731),(#1732,#1733),(#1734,#1735)),.UNSPECIFIED.,.F.,.F.,.U.)
B_SPLINE_SURFACE_WITH_KNOTS((3,3),(2,2),(5.109992371,6.026276734),(0.036296041,0.037796041),.UNSPECIFIED.)
GEOMETRIC_REPRESENTATION_ITEM()
RATIONAL_B_SPLINE_SURFACE(((0.753619029,0.753619029),(0.727300132,0.727300132),(0.892381847,0.892381847)))
REPRESENTATION_ITEM('')
SURFACE()
);
#1737=ORIENTED_EDGE('',*,*,#1175,.T.);
#1738=ORIENTED_EDGE('',*,*,#548,.F.);
#1739=ORIENTED_EDGE('',*,*,#654,.F.);
#1740=ORIENTED_EDGE('',*,*,#633,.T.);
#1741=EDGE_LOOP('',(#1737,#1738,#1739,#1740));
#1742=FACE_BOUND('',#1741,.T.);
#1743=ADVANCED_FACE('',(#1742),#1736,.F.);
#1744=CARTESIAN_POINT('',(14.457077413,-2.679961352,-2.));
#1745=CARTESIAN_POINT('',(14.457077413,-2.679961352,-0.5));
#1746=CARTESIAN_POINT('',(7.237359969,-4.335301736,-2.));
#1747=CARTESIAN_POINT('',(7.237359969,-4.335301736,-0.5));
#1748=CARTESIAN_POINT('',(3.533832199,-10.75,-2.));
#1749=CARTESIAN_POINT('',(3.533832199,-10.75,-0.5));
#1750=CARTESIAN_POINT('',(2.943380579,-11.772692206,-2.));
#1751=CARTESIAN_POINT('',(2.943380579,-11.772692206,-0.5));
#1752=CARTESIAN_POINT('',(2.5,-12.867199458,-2.));
#1753=CARTESIAN_POINT('',(2.5,-12.867199458,-0.5));
#1754=(BOUNDED_SURFACE()
B_SPLINE_SURFACE(2,1,((#1744,#1745),(#1746,#1747),(#1748,#1749),(#1750,#1751),(#1752,#1753)),.UNSPECIFIED.,.F.,.F.,.U.)
B_SPLINE_SURFACE_WITH_KNOTS((3,2,3),(2,2),(3.34686386,4.188790205,4.350306353),(0.007253403,0.008753403),.UNSPECIFIED.)
GEOMETRIC_REPRESENTATION_ITEM()
RATIONAL_B_SPLINE_SURFACE(((0.759605917,0.759605917),(0.799004891,0.799004891),(1.,1.),(0.96144086,0.96144086),(0.928828949,0.928828949)))
REPRESENTATION_ITEM('')
SURFACE()
);
#1755=ORIENTED_EDGE('',*,*,#1633,.T.);
#1756=ORIENTED_EDGE('',*,*,#592,.F.);
#1757=ORIENTED_EDGE('',*,*,#647,.T.);
#1758=ORIENTED_EDGE('',*,*,#534,.T.);
#1759=EDGE_LOOP('',(#1755,#1756,#1757,#1758));
#1760=FACE_BOUND('',#1759,.T.);
#1761=ADVANCED_FACE('',(#1760),#1754,.F.);
#1762=CLOSED_SHELL('',(#572,#637,#659,#1217,#1679,#1707,#1718,#1729,#1743,#1761));
#1763=MANIFOLD_SOLID_BREP('Solid 123',#1762);
#521=STYLED_ITEM('',(),#1763);
#1764=CARTESIAN_POINT('',(2.5,-1.833229173,14.366063459));
#1765=CARTESIAN_POINT('',(2.5,0.633286494,15.005969016));
#1766=CARTESIAN_POINT('',(2.5,3.351151786,14.677293837));
#1767=CARTESIAN_POINT('',(2.5,5.885343358,13.267133998));
#1768=CARTESIAN_POINT('',(2.5,7.743133843,10.890782141));
#1769=CARTESIAN_POINT('',(2.5,8.512189485,7.926457535));
#1770=CARTESIAN_POINT('',(2.5,8.043983643,4.946656044));
#1771=CARTESIAN_POINT('',(2.5,6.5149719,2.482350709));
#1772=CARTESIAN_POINT('',(2.5,4.299686131,0.873833354));
#1773=CARTESIAN_POINT('',(2.5,1.833170464,0.233927797));
#1774=CARTESIAN_POINT('',(2.5,-0.633345203,-0.40597776));
#1775=CARTESIAN_POINT('',(2.5,-3.351210495,-0.077302582));
#1776=CARTESIAN_POINT('',(2.5,-5.885402067,1.332857257));
#1777=CARTESIAN_POINT('',(2.5,-7.743192552,3.709209114));
#1778=CARTESIAN_POINT('',(2.5,-8.512248194,6.673533721));
#1779=CARTESIAN_POINT('',(2.5,-8.044042352,9.653335212));
#1780=CARTESIAN_POINT('',(2.5,-6.515030609,12.117640547));
#1781=CARTESIAN_POINT('',(2.5,-4.29974484,13.726157902));
#1782=CARTESIAN_POINT('',(2.5,-1.833229173,14.366063459));
#1783=B_SPLINE_CURVE_WITH_KNOTS('Circle.001',9,(#1764,#1765,#1766,#1767,#1768,#1769,#1770,#1771,#1772,#1773,#1774,#1775,#1776,#1777,#1778,#1779,#1780,#1781,#1782),.UNSPECIFIED.,.T.,.F.,(10,9,10),(0.,3.141592654,6.283185307),.UNSPECIFIED.);
#1784=CARTESIAN_POINT('',(2.5,-9.5,3.711197512));
#1785=CARTESIAN_POINT('',(2.5,-9.5,-2.));
#1786=B_SPLINE_CURVE_WITH_KNOTS('Rectangle.001',1,(#1784,#1785),.UNSPECIFIED.,.F.,.F.,(2,2),(0.,0.005711198),.UNSPECIFIED.);
#1787=CARTESIAN_POINT('',(2.5,9.5,3.711197512));
#1788=CARTESIAN_POINT('',(2.5,-9.5,3.711197512));
#1789=B_SPLINE_CURVE_WITH_KNOTS('Rectangle.001',1,(#1787,#1788),.UNSPECIFIED.,.F.,.F.,(2,2),(0.,0.019),.UNSPECIFIED.);
#1790=CARTESIAN_POINT('',(2.5,9.5,-2.));
#1791=CARTESIAN_POINT('',(2.5,9.5,3.711197512));
#1792=B_SPLINE_CURVE_WITH_KNOTS('Rectangle.001',1,(#1790,#1791),.UNSPECIFIED.,.F.,.F.,(2,2),(0.,0.005711198),.UNSPECIFIED.);
#1793=CARTESIAN_POINT('',(2.5,-9.5,-2.));
#1794=CARTESIAN_POINT('',(2.5,9.5,-2.));
#1795=B_SPLINE_CURVE_WITH_KNOTS('Rectangle.001',1,(#1793,#1794),.UNSPECIFIED.,.F.,.F.,(2,2),(0.,0.019),.UNSPECIFIED.);
#1796=GEOMETRIC_CURVE_SET('',(#1786,#1789,#1792,#1795));
#1797=CARTESIAN_POINT('',(2.5,-0.,0.));
#1798=CARTESIAN_POINT('',(2.5,-0.,6.5));
#1799=B_SPLINE_CURVE_WITH_KNOTS('Line.002',1,(#1797,#1798),.UNSPECIFIED.,.F.,.F.,(2,2),(0.,0.0065),.UNSPECIFIED.);
#1801=CARTESIAN_POINT('',(0.,-9.5,16.));
#1802=CARTESIAN_POINT('',(0.,9.5,16.));
#1803=CARTESIAN_POINT('',(0.,-9.5,-2.));
#1804=CARTESIAN_POINT('',(0.,9.5,-2.));
#1805=B_SPLINE_SURFACE_WITH_KNOTS('',1,1,((#1801,#1802),(#1803,#1804)),.UNSPECIFIED.,.F.,.F.,.U.,(2,2),(2,2),(-0.016,0.002),(-0.0095,0.0095),.UNSPECIFIED.);
#1806=CARTESIAN_POINT('',(0.,9.5,16.));
#1807=VERTEX_POINT('',#1806);
#1808=CARTESIAN_POINT('',(0.,9.5,-2.));
#1809=VERTEX_POINT('',#1808);
#1810=CARTESIAN_POINT('',(0.,9.5,16.));
#1811=CARTESIAN_POINT('',(0.,9.5,-2.));
#1812=B_SPLINE_CURVE_WITH_KNOTS('',1,(#1810,#1811),.UNSPECIFIED.,.F.,.F.,(2,2),(0.,0.018),.UNSPECIFIED.);
#1813=EDGE_CURVE('',#1807,#1809,#1812,.T.);
#1814=ORIENTED_EDGE('',*,*,#1813,.T.);
#1815=CARTESIAN_POINT('',(0.,-9.5,-2.));
#1816=VERTEX_POINT('',#1815);
#1817=CARTESIAN_POINT('',(0.,9.5,-2.));
#1818=CARTESIAN_POINT('',(0.,-9.5,-2.));
#1819=B_SPLINE_CURVE_WITH_KNOTS('',1,(#1817,#1818),.UNSPECIFIED.,.F.,.F.,(2,2),(0.,0.019),.UNSPECIFIED.);
#1820=EDGE_CURVE('',#1809,#1816,#1819,.T.);
#1821=ORIENTED_EDGE('',*,*,#1820,.T.);
#1822=CARTESIAN_POINT('',(0.,-9.5,16.));
#1823=VERTEX_POINT('',#1822);
#1824=CARTESIAN_POINT('',(0.,-9.5,-2.));
#1825=CARTESIAN_POINT('',(0.,-9.5,16.));
#1826=B_SPLINE_CURVE_WITH_KNOTS('',1,(#1824,#1825),.UNSPECIFIED.,.F.,.F.,(2,2),(0.,0.018),.UNSPECIFIED.);
#1827=EDGE_CURVE('',#1816,#1823,#1826,.T.);
#1828=ORIENTED_EDGE('',*,*,#1827,.T.);
#1829=CARTESIAN_POINT('',(0.,-9.5,16.));
#1830=CARTESIAN_POINT('',(0.,9.5,16.));
#1831=B_SPLINE_CURVE_WITH_KNOTS('',1,(#1829,#1830),.UNSPECIFIED.,.F.,.F.,(2,2),(0.,0.019),.UNSPECIFIED.);
#1832=EDGE_CURVE('',#1823,#1807,#1831,.T.);
#1833=ORIENTED_EDGE('',*,*,#1832,.T.);
#1834=EDGE_LOOP('',(#1814,#1821,#1828,#1833));
#1835=FACE_BOUND('',#1834,.T.);
#1836=CARTESIAN_POINT('',(0.,-6.59416486,11.421428571));
#1837=VERTEX_POINT('',#1836);
#1838=CARTESIAN_POINT('',(0.,0.,0.));
#1839=VERTEX_POINT('',#1838);
#1840=CARTESIAN_POINT('',(0.,-6.59416486,11.421428571));
#1841=CARTESIAN_POINT('',(0.,-6.84396066,10.988769555));
#1842=CARTESIAN_POINT('',(0.,-7.034682726,10.528146706));
#1843=CARTESIAN_POINT('',(0.,-7.226004235,10.066076112));
#1844=CARTESIAN_POINT('',(0.,-7.35483522,9.585007872));
#1845=CARTESIAN_POINT('',(0.,-7.484207632,9.101917888));
#1846=CARTESIAN_POINT('',(0.,-7.549144444,8.608149435));
#1847=CARTESIAN_POINT('',(0.,-7.614354161,8.112305864));
#1848=CARTESIAN_POINT('',(0.,-7.614285714,7.614285714));
#1849=CARTESIAN_POINT('',(0.,-7.61421698,7.114172578));
#1850=CARTESIAN_POINT('',(0.,-7.549144444,6.620421994));
#1851=CARTESIAN_POINT('',(0.,-7.483798435,6.124596366));
#1852=CARTESIAN_POINT('',(0.,-7.35483522,5.643563557));
#1853=CARTESIAN_POINT('',(0.,-7.225330023,5.160509152));
#1854=CARTESIAN_POINT('',(0.,-7.034682726,4.700424722));
#1855=CARTESIAN_POINT('',(0.,-6.843234212,4.238406735));
#1856=CARTESIAN_POINT('',(0.,-6.59416486,3.807142857));
#1857=CARTESIAN_POINT('',(0.,-6.344048766,3.374066544));
#1858=CARTESIAN_POINT('',(0.,-6.040819005,2.979002262));
#1859=CARTESIAN_POINT('',(0.,-5.736314887,2.582277678));
#1860=CARTESIAN_POINT('',(0.,-5.384113062,2.230172652));
#1861=CARTESIAN_POINT('',(0.,-5.03043107,1.876587865));
#1862=CARTESIAN_POINT('',(0.,-4.635283452,1.573466709));
#1863=CARTESIAN_POINT('',(0.,-4.238475182,1.269071652));
#1864=CARTESIAN_POINT('',(0.,-3.807142857,1.020120854));
#1865=CARTESIAN_POINT('',(0.,-3.373997809,0.770123812));
#1866=CARTESIAN_POINT('',(0.,-2.913860992,0.579602988));
#1867=CARTESIAN_POINT('',(0.,-2.451790398,0.388281479));
#1868=CARTESIAN_POINT('',(0.,-1.970722158,0.259450494));
#1869=CARTESIAN_POINT('',(0.,-1.487607996,0.130071608));
#1870=CARTESIAN_POINT('',(0.,-0.993863721,0.06514127));
#1871=CARTESIAN_POINT('',(0.,-0.498515472,0.));
#1872=CARTESIAN_POINT('',(0.,0.,0.));
#1873=B_SPLINE_CURVE_WITH_KNOTS('',2,(#1840,#1841,#1842,#1843,#1844,#1845,#1846,#1847,#1848,#1849,#1850,#1851,#1852,#1853,#1854,#1855,#1856,#1857,#1858,#1859,#1860,#1861,#1862,#1863,#1864,#1865,
#1866,#1867,#1868,#1869,#1870,#1871,#1872),.UNSPECIFIED.,.F.,.F.,(3,2,2,2,2,2,2,2,2,2,2,2,2,2,2,2,3),(0.,0.0625,0.125,0.1875,0.25,0.3125,0.375,0.4375,0.5,0.5625,0.625,0.6875,0.75,0.8125,0.875,0.9375,1.),.UNSPECIFIED.);
#1874=EDGE_CURVE('',#1837,#1839,#1873,.T.);
#1875=ORIENTED_EDGE('',*,*,#1874,.T.);
#1876=CARTESIAN_POINT('',(0.,6.59416486,11.421428571));
#1877=VERTEX_POINT('',#1876);
#1878=CARTESIAN_POINT('',(0.,0.,0.));
#1879=CARTESIAN_POINT('',(0.,0.499591599,0.));
#1880=CARTESIAN_POINT('',(0.,0.993863721,0.06514127));
#1881=CARTESIAN_POINT('',(0.,1.489689348,0.13048728));
#1882=CARTESIAN_POINT('',(0.,1.970722158,0.259450494));
#1883=CARTESIAN_POINT('',(0.,2.453776562,0.388955691));
#1884=CARTESIAN_POINT('',(0.,2.913860992,0.579602988));
#1885=CARTESIAN_POINT('',(0.,3.375878979,0.771051502));
#1886=CARTESIAN_POINT('',(0.,3.807142857,1.020120854));
#1887=CARTESIAN_POINT('',(0.,4.240219171,1.270236948));
#1888=CARTESIAN_POINT('',(0.,4.635283452,1.573466709));
#1889=CARTESIAN_POINT('',(0.,5.032008037,1.877970827));
#1890=CARTESIAN_POINT('',(0.,5.384113062,2.230172652));
#1891=CARTESIAN_POINT('',(0.,5.73769785,2.583854645));
#1892=CARTESIAN_POINT('',(0.,6.040819005,2.979002262));
#1893=CARTESIAN_POINT('',(0.,6.345214062,3.375810532));
#1894=CARTESIAN_POINT('',(0.,6.59416486,3.807142857));
#1895=CARTESIAN_POINT('',(0.,6.844161902,4.240287905));
#1896=CARTESIAN_POINT('',(0.,7.034682726,4.700424722));
#1897=CARTESIAN_POINT('',(0.,7.226004235,5.162495316));
#1898=CARTESIAN_POINT('',(0.,7.35483522,5.643563557));
#1899=CARTESIAN_POINT('',(0.,7.484207632,6.126653541));
#1900=CARTESIAN_POINT('',(0.,7.549144444,6.620421994));
#1901=CARTESIAN_POINT('',(0.,7.614354161,7.116265564));
#1902=CARTESIAN_POINT('',(0.,7.614285714,7.614285714));
#1903=CARTESIAN_POINT('',(0.,7.61421698,8.114398851));
#1904=CARTESIAN_POINT('',(0.,7.549144444,8.608149435));
#1905=CARTESIAN_POINT('',(0.,7.483798435,9.103975062));
#1906=CARTESIAN_POINT('',(0.,7.35483522,9.585007872));
#1907=CARTESIAN_POINT('',(0.,7.225323542,10.068086452));
#1908=CARTESIAN_POINT('',(0.,7.034682726,10.528146706));
#1909=CARTESIAN_POINT('',(0.,6.843422596,10.989701508));
#1910=CARTESIAN_POINT('',(0.,6.59416486,11.421428571));
#1911=B_SPLINE_CURVE_WITH_KNOTS('',2,(#1878,#1879,#1880,#1881,#1882,#1883,#1884,#1885,#1886,#1887,#1888,#1889,#1890,#1891,#1892,#1893,#1894,#1895,#1896,#1897,#1898,#1899,#1900,#1901,#1902,#1903,
#1904,#1905,#1906,#1907,#1908,#1909,#1910),.UNSPECIFIED.,.F.,.F.,(3,2,2,2,2,2,2,2,2,2,2,2,2,2,2,2,3),(0.,0.0625,0.125,0.1875,0.25,0.3125,0.375,0.4375,0.5,0.5625,0.625,0.6875,0.75,0.8125,0.875,0.9375,1.),.UNSPECIFIED.);
#1912=EDGE_CURVE('',#1839,#1877,#1911,.T.);
#1913=ORIENTED_EDGE('',*,*,#1912,.T.);
#1914=CARTESIAN_POINT('',(0.,6.59416486,11.421428571));
#1915=CARTESIAN_POINT('',(0.,6.344369061,11.854087588));
#1916=CARTESIAN_POINT('',(0.,6.040819005,12.249569167));
#1917=CARTESIAN_POINT('',(0.,5.736314887,12.646293751));
#1918=CARTESIAN_POINT('',(0.,5.384113062,12.998398777));
#1919=CARTESIAN_POINT('',(0.,5.03043107,13.351983564));
#1920=CARTESIAN_POINT('',(0.,4.635283452,13.65510472));
#1921=CARTESIAN_POINT('',(0.,4.238475182,13.959499776));
#1922=CARTESIAN_POINT('',(0.,3.807142857,14.208450575));
#1923=CARTESIAN_POINT('',(0.,3.373997809,14.458447617));
#1924=CARTESIAN_POINT('',(0.,2.913860992,14.64896844));
#1925=CARTESIAN_POINT('',(0.,2.451790398,14.840289949));
#1926=CARTESIAN_POINT('',(0.,1.970722158,14.969120934));
#1927=CARTESIAN_POINT('',(0.,1.487632173,15.098493346));
#1928=CARTESIAN_POINT('',(0.,0.993863721,15.163430159));
#1929=CARTESIAN_POINT('',(0.,0.49802015,15.228639876));
#1930=CARTESIAN_POINT('',(0.,0.,15.228571429));
#1931=CARTESIAN_POINT('',(0.,-0.500113136,15.228502694));
#1932=CARTESIAN_POINT('',(0.,-0.993863721,15.163430159));
#1933=CARTESIAN_POINT('',(0.,-1.489689348,15.098084149));
#1934=CARTESIAN_POINT('',(0.,-1.970722158,14.969120934));
#1935=CARTESIAN_POINT('',(0.,-2.453776562,14.839615738));
#1936=CARTESIAN_POINT('',(0.,-2.913860992,14.64896844));
#1937=CARTESIAN_POINT('',(0.,-3.375878979,14.457519926));
#1938=CARTESIAN_POINT('',(0.,-3.807142857,14.208450575));
#1939=CARTESIAN_POINT('',(0.,-4.240219171,13.95833448));
#1940=CARTESIAN_POINT('',(0.,-4.635283452,13.65510472));
#1941=CARTESIAN_POINT('',(0.,-5.032008037,13.350600601));
#1942=CARTESIAN_POINT('',(0.,-5.384113062,12.998398777));
#1943=CARTESIAN_POINT('',(0.,-5.737715546,12.644699083));
#1944=CARTESIAN_POINT('',(0.,-6.040819005,12.249569167));
#1945=CARTESIAN_POINT('',(0.,-6.344907124,11.853155635));
#1946=CARTESIAN_POINT('',(0.,-6.59416486,11.421428571));
#1947=B_SPLINE_CURVE_WITH_KNOTS('',2,(#1914,#1915,#1916,#1917,#1918,#1919,#1920,#1921,#1922,#1923,#1924,#1925,#1926,#1927,#1928,#1929,#1930,#1931,#1932,#1933,#1934,#1935,#1936,#1937,#1938,#1939,
#1940,#1941,#1942,#1943,#1944,#1945,#1946),.UNSPECIFIED.,.F.,.F.,(3,2,2,2,2,2,2,2,2,2,2,2,2,2,2,2,3),(0.,0.0625,0.125,0.1875,0.25,0.3125,0.375,0.4375,0.5,0.5625,0.625,0.6875,0.75,0.8125,0.875,0.9375,1.),.UNSPECIFIED.);
#1948=EDGE_CURVE('',#1877,#1837,#1947,.T.);
#1949=ORIENTED_EDGE('',*,*,#1948,.T.);
#1950=EDGE_LOOP('',(#1875,#1913,#1949));
#1951=FACE_BOUND('',#1950,.T.);
#1952=ADVANCED_FACE('',(#1835,#1951),#1805,.F.);
#1953=CARTESIAN_POINT('',(2.5,9.5,-2.));
#1954=CARTESIAN_POINT('',(2.5,9.5,16.));
#1955=CARTESIAN_POINT('',(0.,9.5,-2.));
#1956=CARTESIAN_POINT('',(0.,9.5,16.));
#1957=B_SPLINE_SURFACE_WITH_KNOTS('',1,1,((#1953,#1954),(#1955,#1956)),.UNSPECIFIED.,.F.,.F.,.U.,(2,2),(2,2),(0.,0.0025),(-0.018,0.),.UNSPECIFIED.);
#1958=ORIENTED_EDGE('',*,*,#1813,.F.);
#1959=CARTESIAN_POINT('',(2.5,9.5,16.));
#1960=VERTEX_POINT('',#1959);
#1961=CARTESIAN_POINT('',(2.5,9.5,16.));
#1962=CARTESIAN_POINT('',(0.,9.5,16.));
#1963=B_SPLINE_CURVE_WITH_KNOTS('',1,(#1961,#1962),.UNSPECIFIED.,.F.,.F.,(2,2),(0.,0.0025),.UNSPECIFIED.);
#1964=EDGE_CURVE('',#1960,#1807,#1963,.T.);
#1965=ORIENTED_EDGE('',*,*,#1964,.F.);
#1966=CARTESIAN_POINT('',(2.5,9.5,-2.));
#1967=VERTEX_POINT('',#1966);
#1968=CARTESIAN_POINT('',(2.5,9.5,16.));
#1969=CARTESIAN_POINT('',(2.5,9.5,-2.));
#1970=B_SPLINE_CURVE_WITH_KNOTS('',1,(#1968,#1969),.UNSPECIFIED.,.F.,.F.,(2,2),(0.,0.018),.UNSPECIFIED.);
#1971=EDGE_CURVE('',#1960,#1967,#1970,.T.);
#1972=ORIENTED_EDGE('',*,*,#1971,.T.);
#1973=CARTESIAN_POINT('',(2.5,9.5,-2.));
#1974=CARTESIAN_POINT('',(0.,9.5,-2.));
#1975=B_SPLINE_CURVE_WITH_KNOTS('',1,(#1973,#1974),.UNSPECIFIED.,.F.,.F.,(2,2),(0.,0.0025),.UNSPECIFIED.);
#1976=EDGE_CURVE('',#1967,#1809,#1975,.T.);
#1977=ORIENTED_EDGE('',*,*,#1976,.T.);
#1978=EDGE_LOOP('',(#1958,#1965,#1972,#1977));
#1979=FACE_BOUND('',#1978,.T.);
#1980=ADVANCED_FACE('',(#1979),#1957,.T.);
#1981=CARTESIAN_POINT('',(0.,-9.5,16.));
#1982=CARTESIAN_POINT('',(0.,9.5,16.));
#1983=CARTESIAN_POINT('',(2.5,-9.5,16.));
#1984=CARTESIAN_POINT('',(2.5,9.5,16.));
#1985=B_SPLINE_SURFACE_WITH_KNOTS('',1,1,((#1981,#1982),(#1983,#1984)),.UNSPECIFIED.,.F.,.F.,.U.,(2,2),(2,2),(-0.0025,0.),(0.,0.019),.UNSPECIFIED.);
#1986=ORIENTED_EDGE('',*,*,#1832,.F.);
#1987=CARTESIAN_POINT('',(2.5,-9.5,16.));
#1988=VERTEX_POINT('',#1987);
#1989=CARTESIAN_POINT('',(2.5,-9.5,16.));
#1990=CARTESIAN_POINT('',(0.,-9.5,16.));
#1991=B_SPLINE_CURVE_WITH_KNOTS('',1,(#1989,#1990),.UNSPECIFIED.,.F.,.F.,(2,2),(-0.,0.0025),.UNSPECIFIED.);
#1992=EDGE_CURVE('',#1988,#1823,#1991,.T.);
#1993=ORIENTED_EDGE('',*,*,#1992,.F.);
#1994=CARTESIAN_POINT('',(2.5,-9.5,16.));
#1995=CARTESIAN_POINT('',(2.5,9.5,16.));
#1996=B_SPLINE_CURVE_WITH_KNOTS('',1,(#1994,#1995),.UNSPECIFIED.,.F.,.F.,(2,2),(0.,0.019),.UNSPECIFIED.);
#1997=EDGE_CURVE('',#1988,#1960,#1996,.T.);
#1998=ORIENTED_EDGE('',*,*,#1997,.T.);
#1999=ORIENTED_EDGE('',*,*,#1964,.T.);
#2000=EDGE_LOOP('',(#1986,#1993,#1998,#1999));
#2001=FACE_BOUND('',#2000,.T.);
#2002=ADVANCED_FACE('',(#2001),#1985,.T.);
#2003=CARTESIAN_POINT('',(0.,-9.5,-2.));
#2004=CARTESIAN_POINT('',(0.,-9.5,16.));
#2005=CARTESIAN_POINT('',(2.5,-9.5,-2.));
#2006=CARTESIAN_POINT('',(2.5,-9.5,16.));
#2007=B_SPLINE_SURFACE_WITH_KNOTS('',1,1,((#2003,#2004),(#2005,#2006)),.UNSPECIFIED.,.F.,.F.,.U.,(2,2),(2,2),(-0.0025,0.),(0.,0.018),.UNSPECIFIED.);
#2008=ORIENTED_EDGE('',*,*,#1827,.F.);
#2009=CARTESIAN_POINT('',(2.5,-9.5,-2.));
#2010=VERTEX_POINT('',#2009);
#2011=CARTESIAN_POINT('',(2.5,-9.5,-2.));
#2012=CARTESIAN_POINT('',(0.,-9.5,-2.));
#2013=B_SPLINE_CURVE_WITH_KNOTS('',1,(#2011,#2012),.UNSPECIFIED.,.F.,.F.,(2,2),(-0.,0.0025),.UNSPECIFIED.);
#2014=EDGE_CURVE('',#2010,#1816,#2013,.T.);
#2015=ORIENTED_EDGE('',*,*,#2014,.F.);
#2016=CARTESIAN_POINT('',(2.5,-9.5,-2.));
#2017=CARTESIAN_POINT('',(2.5,-9.5,16.));
#2018=B_SPLINE_CURVE_WITH_KNOTS('',1,(#2016,#2017),.UNSPECIFIED.,.F.,.F.,(2,2),(0.,0.018),.UNSPECIFIED.);
#2019=EDGE_CURVE('',#2010,#1988,#2018,.T.);
#2020=ORIENTED_EDGE('',*,*,#2019,.T.);
#2021=ORIENTED_EDGE('',*,*,#1992,.T.);
#2022=EDGE_LOOP('',(#2008,#2015,#2020,#2021));
#2023=FACE_BOUND('',#2022,.T.);
#2024=ADVANCED_FACE('',(#2023),#2007,.T.);
#2025=CARTESIAN_POINT('',(2.5,-9.5,-2.));
#2026=CARTESIAN_POINT('',(2.5,9.5,-2.));
#2027=CARTESIAN_POINT('',(0.,-9.5,-2.));
#2028=CARTESIAN_POINT('',(0.,9.5,-2.));
#2029=B_SPLINE_SURFACE_WITH_KNOTS('',1,1,((#2025,#2026),(#2027,#2028)),.UNSPECIFIED.,.F.,.F.,.U.,(2,2),(2,2),(0.,0.0025),(-0.019,0.),.UNSPECIFIED.);
#2030=ORIENTED_EDGE('',*,*,#1820,.F.);
#2031=ORIENTED_EDGE('',*,*,#1976,.F.);
#2032=CARTESIAN_POINT('',(2.5,9.5,-2.));
#2033=CARTESIAN_POINT('',(2.5,-9.5,-2.));
#2034=B_SPLINE_CURVE_WITH_KNOTS('',1,(#2032,#2033),.UNSPECIFIED.,.F.,.F.,(2,2),(0.,0.019),.UNSPECIFIED.);
#2035=EDGE_CURVE('',#1967,#2010,#2034,.T.);
#2036=ORIENTED_EDGE('',*,*,#2035,.T.);
#2037=ORIENTED_EDGE('',*,*,#2014,.T.);
#2038=EDGE_LOOP('',(#2030,#2031,#2036,#2037));
#2039=FACE_BOUND('',#2038,.T.);
#2040=ADVANCED_FACE('',(#2039),#2029,.T.);
#2041=CARTESIAN_POINT('',(2.5,-9.5,16.));
#2042=CARTESIAN_POINT('',(2.5,9.5,16.));
#2043=CARTESIAN_POINT('',(2.5,-9.5,-2.));
#2044=CARTESIAN_POINT('',(2.5,9.5,-2.));
#2045=B_SPLINE_SURFACE_WITH_KNOTS('',1,1,((#2041,#2042),(#2043,#2044)),.UNSPECIFIED.,.F.,.F.,.U.,(2,2),(2,2),(-0.016,0.002),(-0.0095,0.0095),.UNSPECIFIED.);
#2046=CARTESIAN_POINT('',(2.5,6.321985448,10.95));
#2047=VERTEX_POINT('',#2046);
#2048=CARTESIAN_POINT('',(2.5,-6.321985448,10.95));
#2049=VERTEX_POINT('',#2048);
#2050=CARTESIAN_POINT('',(2.5,6.321985448,10.95));
#2051=CARTESIAN_POINT('',(2.5,6.082889978,11.364125501));
#2052=CARTESIAN_POINT('',(2.5,5.791479384,11.743958432));
#2053=CARTESIAN_POINT('',(2.5,5.500570347,12.123137619));
#2054=CARTESIAN_POINT('',(2.5,5.161879503,12.461879503));
#2055=CARTESIAN_POINT('',(2.5,4.823966417,12.79984351));
#2056=CARTESIAN_POINT('',(2.5,4.443958432,13.091479384));
#2057=CARTESIAN_POINT('',(2.5,4.064823085,13.382445555));
#2058=CARTESIAN_POINT('',(2.5,3.65,13.621985448));
#2059=CARTESIAN_POINT('',(2.5,3.236129502,13.860975269));
#2060=CARTESIAN_POINT('',(2.5,2.793589056,14.044320587));
#2061=CARTESIAN_POINT('',(2.5,2.352064846,14.227244877));
#2062=CARTESIAN_POINT('',(2.5,1.889379029,14.351258532));
#2063=CARTESIAN_POINT('',(2.5,1.427755709,14.474987405));
#2064=CARTESIAN_POINT('',(2.5,0.952841203,14.537547488));
#2065=CARTESIAN_POINT('',(2.5,0.479017276,14.59996391));
#2066=CARTESIAN_POINT('',(2.5,0.,14.6));
#2067=CARTESIAN_POINT('',(2.5,-0.477917276,14.600036007));
#2068=CARTESIAN_POINT('',(2.5,-0.952841203,14.537547488));
#2069=CARTESIAN_POINT('',(2.5,-1.42667453,14.475202465));
#2070=CARTESIAN_POINT('',(2.5,-1.889379029,14.351258532));
#2071=CARTESIAN_POINT('',(2.5,-2.351020988,14.227599219));
#2072=CARTESIAN_POINT('',(2.5,-2.793589056,14.044320587));
#2073=CARTESIAN_POINT('',(2.5,-3.235140825,13.86146283));
#2074=CARTESIAN_POINT('',(2.5,-3.65,13.621985448));
#2075=CARTESIAN_POINT('',(2.5,-4.063906506,13.383057993));
#2076=CARTESIAN_POINT('',(2.5,-4.443958432,13.091479384));
#2077=CARTESIAN_POINT('',(2.5,-4.823137619,12.800570347));
#2078=CARTESIAN_POINT('',(2.5,-5.161879503,12.461879503));
#2079=CARTESIAN_POINT('',(2.5,-5.49984351,12.123966417));
#2080=CARTESIAN_POINT('',(2.5,-5.791479384,11.743958432));
#2081=CARTESIAN_POINT('',(2.5,-6.082613797,11.364603861));
#2082=CARTESIAN_POINT('',(2.5,-6.321985448,10.95));
#2083=B_SPLINE_CURVE_WITH_KNOTS('',2,(#2050,#2051,#2052,#2053,#2054,#2055,#2056,#2057,#2058,#2059,#2060,#2061,#2062,#2063,#2064,#2065,#2066,#2067,#2068,#2069,#2070,#2071,#2072,#2073,#2074,#2075,
#2076,#2077,#2078,#2079,#2080,#2081,#2082),.UNSPECIFIED.,.F.,.F.,(3,2,2,2,2,2,2,2,2,2,2,2,2,2,2,2,3),(0.,0.0625,0.125,0.1875,0.25,0.3125,0.375,0.4375,0.5,0.5625,0.625,0.6875,0.75,0.8125,0.875,0.9375,1.),.UNSPECIFIED.);
#2084=EDGE_CURVE('',#2047,#2049,#2083,.T.);
#2085=ORIENTED_EDGE('',*,*,#2084,.F.);
#2086=CARTESIAN_POINT('',(2.5,-0.,0.));
#2087=VERTEX_POINT('',#2086);
#2088=CARTESIAN_POINT('',(2.5,-0.,0.));
#2089=CARTESIAN_POINT('',(2.5,0.478190939,0.));
#2090=CARTESIAN_POINT('',(2.5,0.952841203,0.062452512));
#2091=CARTESIAN_POINT('',(2.5,1.42667453,0.124797535));
#2092=CARTESIAN_POINT('',(2.5,1.889379029,0.248741468));
#2093=CARTESIAN_POINT('',(2.5,2.351020988,0.372400781));
#2094=CARTESIAN_POINT('',(2.5,2.793589056,0.555679413));
#2095=CARTESIAN_POINT('',(2.5,3.235140825,0.73853717));
#2096=CARTESIAN_POINT('',(2.5,3.65,0.978014552));
#2097=CARTESIAN_POINT('',(2.5,4.063906506,1.216942007));
#2098=CARTESIAN_POINT('',(2.5,4.443958432,1.508520616));
#2099=CARTESIAN_POINT('',(2.5,4.823137619,1.799429653));
#2100=CARTESIAN_POINT('',(2.5,5.161879503,2.138120497));
#2101=CARTESIAN_POINT('',(2.5,5.49984351,2.476033583));
#2102=CARTESIAN_POINT('',(2.5,5.791479384,2.856041568));
#2103=CARTESIAN_POINT('',(2.5,6.082445555,3.235176915));
#2104=CARTESIAN_POINT('',(2.5,6.321985448,3.65));
#2105=CARTESIAN_POINT('',(2.5,6.560975269,4.063870498));
#2106=CARTESIAN_POINT('',(2.5,6.744320587,4.506410944));
#2107=CARTESIAN_POINT('',(2.5,6.927244877,4.947935154));
#2108=CARTESIAN_POINT('',(2.5,7.051258532,5.410620971));
#2109=CARTESIAN_POINT('',(2.5,7.174987405,5.872244291));
#2110=CARTESIAN_POINT('',(2.5,7.237547488,6.347158797));
#2111=CARTESIAN_POINT('',(2.5,7.29996391,6.820982724));
#2112=CARTESIAN_POINT('',(2.5,7.3,7.3));
#2113=CARTESIAN_POINT('',(2.5,7.300036007,7.777917276));
#2114=CARTESIAN_POINT('',(2.5,7.237547488,8.252841203));
#2115=CARTESIAN_POINT('',(2.5,7.175202465,8.72667453));
#2116=CARTESIAN_POINT('',(2.5,7.051258532,9.189379029));
#2117=CARTESIAN_POINT('',(2.5,6.927599219,9.651020988));
#2118=CARTESIAN_POINT('',(2.5,6.744320587,10.093589056));
#2119=CARTESIAN_POINT('',(2.5,6.561357099,10.535396139));
#2120=CARTESIAN_POINT('',(2.5,6.321985448,10.95));
#2121=B_SPLINE_CURVE_WITH_KNOTS('',2,(#2088,#2089,#2090,#2091,#2092,#2093,#2094,#2095,#2096,#2097,#2098,#2099,#2100,#2101,#2102,#2103,#2104,#2105,#2106,#2107,#2108,#2109,#2110,#2111,#2112,#2113,
#2114,#2115,#2116,#2117,#2118,#2119,#2120),.UNSPECIFIED.,.F.,.F.,(3,2,2,2,2,2,2,2,2,2,2,2,2,2,2,2,3),(0.,0.0625,0.125,0.1875,0.25,0.3125,0.375,0.4375,0.5,0.5625,0.625,0.6875,0.75,0.8125,0.875,0.9375,1.),.UNSPECIFIED.);
#2122=EDGE_CURVE('',#2087,#2047,#2121,.T.);
#2123=ORIENTED_EDGE('',*,*,#2122,.F.);
#2124=CARTESIAN_POINT('',(2.5,-6.321985448,10.95));
#2125=CARTESIAN_POINT('',(2.5,-6.561080917,10.535874499));
#2126=CARTESIAN_POINT('',(2.5,-6.744320587,10.093589056));
#2127=CARTESIAN_POINT('',(2.5,-6.927244877,9.652064846));
#2128=CARTESIAN_POINT('',(2.5,-7.051258532,9.189379029));
#2129=CARTESIAN_POINT('',(2.5,-7.174987405,8.727755709));
#2130=CARTESIAN_POINT('',(2.5,-7.237547488,8.252841203));
#2131=CARTESIAN_POINT('',(2.5,-7.29996391,7.779017276));
#2132=CARTESIAN_POINT('',(2.5,-7.3,7.3));
#2133=CARTESIAN_POINT('',(2.5,-7.300036007,6.822082724));
#2134=CARTESIAN_POINT('',(2.5,-7.237547488,6.347158797));
#2135=CARTESIAN_POINT('',(2.5,-7.175202465,5.87332547));
#2136=CARTESIAN_POINT('',(2.5,-7.051258532,5.410620971));
#2137=CARTESIAN_POINT('',(2.5,-6.927599219,4.948979012));
#2138=CARTESIAN_POINT('',(2.5,-6.744320587,4.506410944));
#2139=CARTESIAN_POINT('',(2.5,-6.56146283,4.064859175));
#2140=CARTESIAN_POINT('',(2.5,-6.321985448,3.65));
#2141=CARTESIAN_POINT('',(2.5,-6.083057993,3.236093494));
#2142=CARTESIAN_POINT('',(2.5,-5.791479384,2.856041568));
#2143=CARTESIAN_POINT('',(2.5,-5.500570347,2.476862381));
#2144=CARTESIAN_POINT('',(2.5,-5.161879503,2.138120497));
#2145=CARTESIAN_POINT('',(2.5,-4.823966417,1.80015649));
#2146=CARTESIAN_POINT('',(2.5,-4.443958432,1.508520616));
#2147=CARTESIAN_POINT('',(2.5,-4.064823085,1.217554445));
#2148=CARTESIAN_POINT('',(2.5,-3.65,0.978014552));
#2149=CARTESIAN_POINT('',(2.5,-3.236129502,0.739024731));
#2150=CARTESIAN_POINT('',(2.5,-2.793589056,0.555679413));
#2151=CARTESIAN_POINT('',(2.5,-2.352064846,0.372755123));
#2152=CARTESIAN_POINT('',(2.5,-1.889379029,0.248741468));
#2153=CARTESIAN_POINT('',(2.5,-1.427755709,0.125012595));
#2154=CARTESIAN_POINT('',(2.5,-0.952841203,0.062452512));
#2155=CARTESIAN_POINT('',(2.5,-0.478743302,0.));
#2156=CARTESIAN_POINT('',(2.5,-0.,0.));
#2157=B_SPLINE_CURVE_WITH_KNOTS('',2,(#2124,#2125,#2126,#2127,#2128,#2129,#2130,#2131,#2132,#2133,#2134,#2135,#2136,#2137,#2138,#2139,#2140,#2141,#2142,#2143,#2144,#2145,#2146,#2147,#2148,#2149,
#2150,#2151,#2152,#2153,#2154,#2155,#2156),.UNSPECIFIED.,.F.,.F.,(3,2,2,2,2,2,2,2,2,2,2,2,2,2,2,2,3),(0.,0.0625,0.125,0.1875,0.25,0.3125,0.375,0.4375,0.5,0.5625,0.625,0.6875,0.75,0.8125,0.875,0.9375,1.),.UNSPECIFIED.);
#2158=EDGE_CURVE('',#2049,#2087,#2157,.T.);
#2159=ORIENTED_EDGE('',*,*,#2158,.F.);
#2160=EDGE_LOOP('',(#2085,#2123,#2159));
#2161=FACE_BOUND('',#2160,.T.);
#2162=ORIENTED_EDGE('',*,*,#1971,.F.);
#2163=ORIENTED_EDGE('',*,*,#1997,.F.);
#2164=ORIENTED_EDGE('',*,*,#2019,.F.);
#2165=ORIENTED_EDGE('',*,*,#2035,.F.);
#2166=EDGE_LOOP('',(#2162,#2163,#2164,#2165));
#2167=FACE_BOUND('',#2166,.T.);
#2168=ADVANCED_FACE('',(#2161,#2167),#2045,.T.);
#2169=CARTESIAN_POINT('',(0.,0.,0.));
#2170=CARTESIAN_POINT('',(2.5,0.,0.));
#2171=CARTESIAN_POINT('',(0.,0.66447178,-0.));
#2172=CARTESIAN_POINT('',(2.5,0.637045177,0.));
#2173=CARTESIAN_POINT('',(0.,1.328891705,0.087472543));
#2174=CARTESIAN_POINT('',(2.5,1.27404064,0.083862044));
#2175=CARTESIAN_POINT('',(0.,2.61255261,0.431428446));
#2176=CARTESIAN_POINT('',(2.5,2.504717418,0.413620892));
#2177=CARTESIAN_POINT('',(0.,3.231693416,0.687884964));
#2178=CARTESIAN_POINT('',(2.5,3.098302693,0.659491964));
#2179=CARTESIAN_POINT('',(0.,4.382592298,1.352356744));
#2180=CARTESIAN_POINT('',(2.5,4.201697307,1.296537141));
#2181=CARTESIAN_POINT('',(0.,4.914260561,1.760320151));
#2182=CARTESIAN_POINT('',(2.5,4.711420538,1.687661533));
#2183=CARTESIAN_POINT('',(0.,5.853965564,2.700025153));
#2184=CARTESIAN_POINT('',(2.5,5.612338467,2.588579462));
#2185=CARTESIAN_POINT('',(0.,6.26192897,3.231693416));
#2186=CARTESIAN_POINT('',(2.5,6.003462859,3.098302693));
#2187=CARTESIAN_POINT('',(0.,6.92640075,4.382592298));
#2188=CARTESIAN_POINT('',(2.5,6.640508036,4.201697307));
#2189=CARTESIAN_POINT('',(0.,7.182857269,5.001733104));
#2190=CARTESIAN_POINT('',(2.5,6.886379108,4.795282582));
#2191=CARTESIAN_POINT('',(0.,7.526813172,6.285394009));
#2192=CARTESIAN_POINT('',(2.5,7.216137956,6.02595936));
#2193=CARTESIAN_POINT('',(0.,7.614285714,6.949813935));
#2194=CARTESIAN_POINT('',(2.5,7.3,6.662954823));
#2195=CARTESIAN_POINT('',(0.,7.614285714,8.278757494));
#2196=CARTESIAN_POINT('',(2.5,7.3,7.937045177));
#2197=CARTESIAN_POINT('',(0.,7.526813172,8.943177419));
#2198=CARTESIAN_POINT('',(2.5,7.216137956,8.57404064));
#2199=CARTESIAN_POINT('',(0.,7.182857269,10.226838325));
#2200=CARTESIAN_POINT('',(2.5,6.886379108,9.804717418));
#2201=CARTESIAN_POINT('',(0.,6.92640075,10.84597913));
#2202=CARTESIAN_POINT('',(2.5,6.640508036,10.398302693));
#2203=CARTESIAN_POINT('',(0.,6.26192897,11.996878013));
#2204=CARTESIAN_POINT('',(2.5,6.003462859,11.501697307));
#2205=CARTESIAN_POINT('',(0.,5.853965564,12.528546276));
#2206=CARTESIAN_POINT('',(2.5,5.612338467,12.011420538));
#2207=CARTESIAN_POINT('',(0.,4.914260561,13.468251278));
#2208=CARTESIAN_POINT('',(2.5,4.711420538,12.912338467));
#2209=CARTESIAN_POINT('',(0.,4.382592298,13.876214685));
#2210=CARTESIAN_POINT('',(2.5,4.201697307,13.303462859));
#2211=CARTESIAN_POINT('',(0.,3.231693416,14.540686464));
#2212=CARTESIAN_POINT('',(2.5,3.098302693,13.940508036));
#2213=CARTESIAN_POINT('',(0.,2.61255261,14.797142983));
#2214=CARTESIAN_POINT('',(2.5,2.504717418,14.186379108));
#2215=CARTESIAN_POINT('',(0.,1.328891705,15.141098886));
#2216=CARTESIAN_POINT('',(2.5,1.27404064,14.516137956));
#2217=CARTESIAN_POINT('',(0.,0.66447178,15.228571429));
#2218=CARTESIAN_POINT('',(2.5,0.637045177,14.6));
#2219=CARTESIAN_POINT('',(0.,-0.66447178,15.228571429));
#2220=CARTESIAN_POINT('',(2.5,-0.637045177,14.6));
#2221=CARTESIAN_POINT('',(0.,-1.328891705,15.141098886));
#2222=CARTESIAN_POINT('',(2.5,-1.27404064,14.516137956));
#2223=CARTESIAN_POINT('',(0.,-2.61255261,14.797142983));
#2224=CARTESIAN_POINT('',(2.5,-2.504717418,14.186379108));
#2225=CARTESIAN_POINT('',(0.,-3.231693416,14.540686464));
#2226=CARTESIAN_POINT('',(2.5,-3.098302693,13.940508036));
#2227=CARTESIAN_POINT('',(0.,-4.382592298,13.876214685));
#2228=CARTESIAN_POINT('',(2.5,-4.201697307,13.303462859));
#2229=CARTESIAN_POINT('',(0.,-4.914260561,13.468251278));
#2230=CARTESIAN_POINT('',(2.5,-4.711420538,12.912338467));
#2231=CARTESIAN_POINT('',(0.,-5.853965564,12.528546276));
#2232=CARTESIAN_POINT('',(2.5,-5.612338467,12.011420538));
#2233=CARTESIAN_POINT('',(0.,-6.26192897,11.996878013));
#2234=CARTESIAN_POINT('',(2.5,-6.003462859,11.501697307));
#2235=CARTESIAN_POINT('',(0.,-6.92640075,10.84597913));
#2236=CARTESIAN_POINT('',(2.5,-6.640508036,10.398302693));
#2237=CARTESIAN_POINT('',(0.,-7.182857269,10.226838325));
#2238=CARTESIAN_POINT('',(2.5,-6.886379108,9.804717418));
#2239=CARTESIAN_POINT('',(0.,-7.526813172,8.943177419));
#2240=CARTESIAN_POINT('',(2.5,-7.216137956,8.57404064));
#2241=CARTESIAN_POINT('',(0.,-7.614285714,8.278757494));
#2242=CARTESIAN_POINT('',(2.5,-7.3,7.937045177));
#2243=CARTESIAN_POINT('',(0.,-7.614285714,6.949813935));
#2244=CARTESIAN_POINT('',(2.5,-7.3,6.662954823));
#2245=CARTESIAN_POINT('',(0.,-7.526813172,6.285394009));
#2246=CARTESIAN_POINT('',(2.5,-7.216137956,6.02595936));
#2247=CARTESIAN_POINT('',(0.,-7.182857269,5.001733104));
#2248=CARTESIAN_POINT('',(2.5,-6.886379108,4.795282582));
#2249=CARTESIAN_POINT('',(0.,-6.92640075,4.382592298));
#2250=CARTESIAN_POINT('',(2.5,-6.640508036,4.201697307));
#2251=CARTESIAN_POINT('',(0.,-6.26192897,3.231693416));
#2252=CARTESIAN_POINT('',(2.5,-6.003462859,3.098302693));
#2253=CARTESIAN_POINT('',(0.,-5.853965564,2.700025153));
#2254=CARTESIAN_POINT('',(2.5,-5.612338467,2.588579462));
#2255=CARTESIAN_POINT('',(0.,-4.914260561,1.760320151));
#2256=CARTESIAN_POINT('',(2.5,-4.711420538,1.687661533));
#2257=CARTESIAN_POINT('',(0.,-4.382592298,1.352356744));
#2258=CARTESIAN_POINT('',(2.5,-4.201697307,1.296537141));
#2259=CARTESIAN_POINT('',(0.,-3.231693416,0.687884964));
#2260=CARTESIAN_POINT('',(2.5,-3.098302693,0.659491964));
#2261=CARTESIAN_POINT('',(0.,-2.61255261,0.431428446));
#2262=CARTESIAN_POINT('',(2.5,-2.504717418,0.413620892));
#2263=CARTESIAN_POINT('',(0.,-1.328891705,0.087472543));
#2264=CARTESIAN_POINT('',(2.5,-1.27404064,0.083862044));
#2265=CARTESIAN_POINT('',(0.,-0.66447178,0.));
#2266=CARTESIAN_POINT('',(2.5,-0.637045177,0.));
#2267=CARTESIAN_POINT('',(0.,0.,-0.));
#2268=CARTESIAN_POINT('',(2.5,0.,0.));
#2269=B_SPLINE_SURFACE_WITH_KNOTS('',3,1,((#2169,#2170),(#2171,#2172),(#2173,#2174),(#2175,#2176),(#2177,#2178),(#2179,#2180),(#2181,#2182),(#2183,#2184),(#2185,#2186),(#2187,#2188),(#2189,#2190),(#2191,#2192),(#2193,#2194),(#2195,#2196),(#2197,#2198),(#2199,#2200),(#2201,#2202),(#2203,#2204),(#2205,#2206),(#2207,#2208),(#2209,#2210),(#2211,#2212),(#2213,#2214),(#2215,#2216),(#2217,#2218),(#2219,#2220),
(#2221,#2222),(#2223,#2224),(#2225,#2226),(#2227,#2228),(#2229,#2230),(#2231,#2232),(#2233,#2234),(#2235,#2236),(#2237,#2238),(#2239,#2240),(#2241,#2242),(#2243,#2244),(#2245,#2246),(#2247,#2248),(#2249,#2250),(#2251,#2252),(#2253,#2254),(#2255,#2256),(#2257,#2258),(#2259,#2260),(#2261,#2262),(#2263,#2264),(#2265,#2266),(#2267,#2268)),.UNSPECIFIED.,.T.,.F.,.U.,(4,2,2,2,2,2,2,2,2,2,2,2,2,2,2,2,2,2,2,2,2,2,2,2,4),(2,2),(0.,0.041666667,0.083333333,0.125,0.166666667,0.208333333,0.25,0.291666667,0.333333333,0.375,0.416666667,0.458333333,0.5,0.541666667,0.583333333,0.625,0.666666667,0.708333333,0.75,0.791666667,0.833333333,0.875,0.916666667,0.958333333,1.),(0.,1.),.UNSPECIFIED.);
#2270=CARTESIAN_POINT('',(2.5,0.,0.));
#2271=CARTESIAN_POINT('',(0.,0.,0.));
#2272=B_SPLINE_CURVE_WITH_KNOTS('',1,(#2270,#2271),.UNSPECIFIED.,.F.,.F.,(2,2),(0.,1.),.UNSPECIFIED.);
#2273=EDGE_CURVE('',#2087,#1839,#2272,.T.);
#2274=ORIENTED_EDGE('',*,*,#2273,.F.);
#2275=ORIENTED_EDGE('',*,*,#2122,.T.);
#2276=ORIENTED_EDGE('',*,*,#2084,.T.);
#2277=ORIENTED_EDGE('',*,*,#2158,.T.);
#2278=ORIENTED_EDGE('',*,*,#2273,.T.);
#2279=ORIENTED_EDGE('',*,*,#1874,.F.);
#2280=ORIENTED_EDGE('',*,*,#1948,.F.);
#2281=ORIENTED_EDGE('',*,*,#1912,.F.);
#2282=EDGE_LOOP('',(#2274,#2275,#2276,#2277,#2278,#2279,#2280,#2281));
#2283=FACE_BOUND('',#2282,.T.);
#2284=ADVANCED_FACE('',(#2283),#2269,.F.);
#2285=CLOSED_SHELL('',(#1952,#1980,#2002,#2024,#2040,#2168,#2284));
#2286=MANIFOLD_SOLID_BREP('Extruded.007',#2285);
#1800=STYLED_ITEM('',(),#2286);
#2288=CARTESIAN_POINT('',(-75.,-7.5,6.3));
#2289=CARTESIAN_POINT('',(0.,-7.5,6.3));
#2290=CARTESIAN_POINT('',(-75.,-6.396,-0.));
#2291=CARTESIAN_POINT('',(0.,-6.396,-0.));
#2292=CARTESIAN_POINT('',(-75.,0.,0.));
#2293=CARTESIAN_POINT('',(0.,0.,0.));
#2294=(BOUNDED_SURFACE()
B_SPLINE_SURFACE(2,1,((#2288,#2289),(#2290,#2291),(#2292,#2293)),.UNSPECIFIED.,.F.,.F.,.U.)
B_SPLINE_SURFACE_WITH_KNOTS((3,3),(2,2),(0.200242528,1.533203626),(-0.0609772,0.0140228),.UNSPECIFIED.)
GEOMETRIC_REPRESENTATION_ITEM()
RATIONAL_B_SPLINE_SURFACE(((0.913532271,0.913532271),(0.656160687,0.656160687),(0.803847577,0.803847577)))
REPRESENTATION_ITEM('')
SURFACE()
);
#2295=CARTESIAN_POINT('',(0.,0.,0.));
#2296=VERTEX_POINT('',#2295);
#2297=CARTESIAN_POINT('',(0.,-7.5,6.3));
#2298=VERTEX_POINT('',#2297);
#2299=CARTESIAN_POINT('',(0.,0.,-0.));
#2300=CARTESIAN_POINT('',(0.,-6.396,0.));
#2301=CARTESIAN_POINT('',(0.,-7.5,6.3));
#2302=(BOUNDED_CURVE()
B_SPLINE_CURVE(2,(#2299,#2300,#2301),.UNSPECIFIED.,.F.,.F.)
B_SPLINE_CURVE_WITH_KNOTS((3,3),(6.283185307,7.680504957),.UNSPECIFIED.)
CURVE()
GEOMETRIC_REPRESENTATION_ITEM()
RATIONAL_B_SPLINE_CURVE((1.,0.765704865,1.))
REPRESENTATION_ITEM(''));
#2303=EDGE_CURVE('',#2296,#2298,#2302,.T.);
#2304=ORIENTED_EDGE('',*,*,#2303,.F.);
#2305=CARTESIAN_POINT('',(-75.,0.,-0.));
#2306=VERTEX_POINT('',#2305);
#2307=CARTESIAN_POINT('',(-75.,0.,-0.));
#2308=CARTESIAN_POINT('',(0.,0.,-0.));
#2309=B_SPLINE_CURVE_WITH_KNOTS('',1,(#2307,#2308),.UNSPECIFIED.,.F.,.F.,(2,2),(-0.0609772,0.0140228),.UNSPECIFIED.);
#2310=EDGE_CURVE('',#2306,#2296,#2309,.T.);
#2311=ORIENTED_EDGE('',*,*,#2310,.F.);
#2312=CARTESIAN_POINT('',(-75.,-7.5,6.3));
#2313=VERTEX_POINT('',#2312);
#2314=CARTESIAN_POINT('',(-75.,0.,-0.));
#2315=CARTESIAN_POINT('',(-75.,-6.396,0.));
#2316=CARTESIAN_POINT('',(-75.,-7.5,6.3));
#2317=(BOUNDED_CURVE()
B_SPLINE_CURVE(2,(#2314,#2315,#2316),.UNSPECIFIED.,.F.,.F.)
B_SPLINE_CURVE_WITH_KNOTS((3,3),(6.283185307,7.680504957),.UNSPECIFIED.)
CURVE()
GEOMETRIC_REPRESENTATION_ITEM()
RATIONAL_B_SPLINE_CURVE((1.,0.765704865,1.))
REPRESENTATION_ITEM(''));
#2318=EDGE_CURVE('',#2306,#2313,#2317,.T.);
#2319=ORIENTED_EDGE('',*,*,#2318,.T.);
#2320=CARTESIAN_POINT('',(-75.,-7.5,6.3));
#2321=CARTESIAN_POINT('',(0.,-7.5,6.3));
#2322=B_SPLINE_CURVE_WITH_KNOTS('',1,(#2320,#2321),.UNSPECIFIED.,.F.,.F.,(2,2),(-0.0609772,0.0140228),.UNSPECIFIED.);
#2323=EDGE_CURVE('',#2313,#2298,#2322,.T.);
#2324=ORIENTED_EDGE('',*,*,#2323,.T.);
#2325=EDGE_LOOP('',(#2304,#2311,#2319,#2324));
#2326=FACE_BOUND('',#2325,.T.);
#2327=ADVANCED_FACE('',(#2326),#2294,.F.);
#2328=CARTESIAN_POINT('',(0.,-7.5,0.));
#2329=CARTESIAN_POINT('',(0.,0.,-0.));
#2330=CARTESIAN_POINT('',(-75.,-7.5,0.));
#2331=CARTESIAN_POINT('',(-75.,0.,-0.));
#2332=B_SPLINE_SURFACE_WITH_KNOTS('',1,1,((#2328,#2329),(#2330,#2331)),.UNSPECIFIED.,.F.,.F.,.U.,(2,2),(2,2),(-0.0140228,0.0609772),(-0.0075,0.),.UNSPECIFIED.);
#2333=CARTESIAN_POINT('',(0.,-7.5,0.));
#2334=VERTEX_POINT('',#2333);
#2335=CARTESIAN_POINT('',(0.,0.,0.));
#2336=CARTESIAN_POINT('',(0.,-7.5,0.));
#2337=B_SPLINE_CURVE_WITH_KNOTS('',1,(#2335,#2336),.UNSPECIFIED.,.F.,.F.,(2,2),(0.,0.0075),.UNSPECIFIED.);
#2338=EDGE_CURVE('',#2296,#2334,#2337,.T.);
#2339=ORIENTED_EDGE('',*,*,#2338,.T.);
#2340=CARTESIAN_POINT('',(-75.,-7.5,0.));
#2341=VERTEX_POINT('',#2340);
#2342=CARTESIAN_POINT('',(-75.,-7.5,0.));
#2343=CARTESIAN_POINT('',(0.,-7.5,0.));
#2344=B_SPLINE_CURVE_WITH_KNOTS('',1,(#2342,#2343),.UNSPECIFIED.,.F.,.F.,(2,2),(-0.0609772,0.0140228),.UNSPECIFIED.);
#2345=EDGE_CURVE('',#2341,#2334,#2344,.T.);
#2346=ORIENTED_EDGE('',*,*,#2345,.F.);
#2347=CARTESIAN_POINT('',(-75.,0.,-0.));
#2348=CARTESIAN_POINT('',(-75.,-7.5,0.));
#2349=B_SPLINE_CURVE_WITH_KNOTS('',1,(#2347,#2348),.UNSPECIFIED.,.F.,.F.,(2,2),(-0.,0.0075),.UNSPECIFIED.);
#2350=EDGE_CURVE('',#2306,#2341,#2349,.T.);
#2351=ORIENTED_EDGE('',*,*,#2350,.F.);
#2352=ORIENTED_EDGE('',*,*,#2310,.T.);
#2353=EDGE_LOOP('',(#2339,#2346,#2351,#2352));
#2354=FACE_BOUND('',#2353,.T.);
#2355=ADVANCED_FACE('',(#2354),#2332,.T.);
#2356=CARTESIAN_POINT('',(0.,-7.5,6.3));
#2357=CARTESIAN_POINT('',(0.,-7.5,0.));
#2358=CARTESIAN_POINT('',(-75.,-7.5,6.3));
#2359=CARTESIAN_POINT('',(-75.,-7.5,0.));
#2360=B_SPLINE_SURFACE_WITH_KNOTS('',1,1,((#2356,#2357),(#2358,#2359)),.UNSPECIFIED.,.F.,.F.,.U.,(2,2),(2,2),(-0.0140228,0.0609772),(-0.0063,0.),.UNSPECIFIED.);
#2361=CARTESIAN_POINT('',(0.,-7.5,0.));
#2362=CARTESIAN_POINT('',(0.,-7.5,6.3));
#2363=B_SPLINE_CURVE_WITH_KNOTS('',1,(#2361,#2362),.UNSPECIFIED.,.F.,.F.,(2,2),(0.,0.0063),.UNSPECIFIED.);
#2364=EDGE_CURVE('',#2334,#2298,#2363,.T.);
#2365=ORIENTED_EDGE('',*,*,#2364,.T.);
#2366=ORIENTED_EDGE('',*,*,#2323,.F.);
#2367=CARTESIAN_POINT('',(-75.,-7.5,0.));
#2368=CARTESIAN_POINT('',(-75.,-7.5,6.3));
#2369=B_SPLINE_CURVE_WITH_KNOTS('',1,(#2367,#2368),.UNSPECIFIED.,.F.,.F.,(2,2),(0.,0.0063),.UNSPECIFIED.);
#2370=EDGE_CURVE('',#2341,#2313,#2369,.T.);
#2371=ORIENTED_EDGE('',*,*,#2370,.F.);
#2372=ORIENTED_EDGE('',*,*,#2345,.T.);
#2373=EDGE_LOOP('',(#2365,#2366,#2371,#2372));
#2374=FACE_BOUND('',#2373,.T.);
#2375=ADVANCED_FACE('',(#2374),#2360,.T.);
#2376=CARTESIAN_POINT('',(-75.,-7.5,6.3));
#2377=CARTESIAN_POINT('',(-75.,0.,6.3));
#2378=CARTESIAN_POINT('',(-75.,-7.5,-0.));
#2379=CARTESIAN_POINT('',(-75.,0.,-0.));
#2380=B_SPLINE_SURFACE_WITH_KNOTS('',1,1,((#2376,#2377),(#2378,#2379)),.UNSPECIFIED.,.F.,.F.,.U.,(2,2),(2,2),(-0.0063,0.),(-0.0075,0.),.UNSPECIFIED.);
#2381=ORIENTED_EDGE('',*,*,#2318,.F.);
#2382=ORIENTED_EDGE('',*,*,#2350,.T.);
#2383=ORIENTED_EDGE('',*,*,#2370,.T.);
#2384=EDGE_LOOP('',(#2381,#2382,#2383));
#2385=FACE_BOUND('',#2384,.T.);
#2386=ADVANCED_FACE('',(#2385),#2380,.F.);
#2387=CARTESIAN_POINT('',(0.,-7.5,6.3));
#2388=CARTESIAN_POINT('',(0.,0.,6.3));
#2389=CARTESIAN_POINT('',(0.,-7.5,0.));
#2390=CARTESIAN_POINT('',(0.,0.,-0.));
#2391=B_SPLINE_SURFACE_WITH_KNOTS('',1,1,((#2387,#2388),(#2389,#2390)),.UNSPECIFIED.,.F.,.F.,.U.,(2,2),(2,2),(-0.0063,0.),(-0.0075,0.),.UNSPECIFIED.);
#2392=ORIENTED_EDGE('',*,*,#2303,.T.);
#2393=ORIENTED_EDGE('',*,*,#2364,.F.);
#2394=ORIENTED_EDGE('',*,*,#2338,.F.);
#2395=EDGE_LOOP('',(#2392,#2393,#2394));
#2396=FACE_BOUND('',#2395,.T.);
#2397=ADVANCED_FACE('',(#2396),#2391,.T.);
#2398=CLOSED_SHELL('',(#2327,#2355,#2375,#2386,#2397));
#2399=MANIFOLD_SOLID_BREP('Extruded.006',#2398);
#2287=STYLED_ITEM('',(),#2399);
#2401=CARTESIAN_POINT('',(-75.,-0.,0.));
#2402=CARTESIAN_POINT('',(0.,-0.,0.));
#2403=CARTESIAN_POINT('',(-75.,6.396,-0.));
#2404=CARTESIAN_POINT('',(0.,6.396,-0.));
#2405=CARTESIAN_POINT('',(-75.,7.5,6.3));
#2406=CARTESIAN_POINT('',(0.,7.5,6.3));
#2407=(BOUNDED_SURFACE()
B_SPLINE_SURFACE(2,1,((#2401,#2402),(#2403,#2404),(#2405,#2406)),.UNSPECIFIED.,.F.,.F.,.U.)
B_SPLINE_SURFACE_WITH_KNOTS((3,3),(2,2),(4.749981681,6.082942779),(-0.0609772,0.0140228),.UNSPECIFIED.)
GEOMETRIC_REPRESENTATION_ITEM()
RATIONAL_B_SPLINE_SURFACE(((0.803847577,0.803847577),(0.656160687,0.656160687),(0.913532271,0.913532271)))
REPRESENTATION_ITEM('')
SURFACE()
);
#2408=CARTESIAN_POINT('',(0.,0.,0.));
#2409=VERTEX_POINT('',#2408);
#2410=CARTESIAN_POINT('',(0.,7.5,6.3));
#2411=VERTEX_POINT('',#2410);
#2412=CARTESIAN_POINT('',(0.,-0.,0.));
#2413=CARTESIAN_POINT('',(0.,6.396,-0.));
#2414=CARTESIAN_POINT('',(0.,7.5,6.3));
#2415=(BOUNDED_CURVE()
B_SPLINE_CURVE(2,(#2412,#2413,#2414),.UNSPECIFIED.,.F.,.F.)
B_SPLINE_CURVE_WITH_KNOTS((3,3),(6.283185307,7.680504957),.UNSPECIFIED.)
CURVE()
GEOMETRIC_REPRESENTATION_ITEM()
RATIONAL_B_SPLINE_CURVE((1.,0.765704865,1.))
REPRESENTATION_ITEM(''));
#2416=EDGE_CURVE('',#2409,#2411,#2415,.T.);
#2417=ORIENTED_EDGE('',*,*,#2416,.T.);
#2418=CARTESIAN_POINT('',(-75.,7.5,6.3));
#2419=VERTEX_POINT('',#2418);
#2420=CARTESIAN_POINT('',(-75.,7.5,6.3));
#2421=CARTESIAN_POINT('',(0.,7.5,6.3));
#2422=B_SPLINE_CURVE_WITH_KNOTS('',1,(#2420,#2421),.UNSPECIFIED.,.F.,.F.,(2,2),(-0.0609772,0.0140228),.UNSPECIFIED.);
#2423=EDGE_CURVE('',#2419,#2411,#2422,.T.);
#2424=ORIENTED_EDGE('',*,*,#2423,.F.);
#2425=CARTESIAN_POINT('',(-75.,-0.,0.));
#2426=VERTEX_POINT('',#2425);
#2427=CARTESIAN_POINT('',(-75.,-0.,0.));
#2428=CARTESIAN_POINT('',(-75.,6.396,0.));
#2429=CARTESIAN_POINT('',(-75.,7.5,6.3));
#2430=(BOUNDED_CURVE()
B_SPLINE_CURVE(2,(#2427,#2428,#2429),.UNSPECIFIED.,.F.,.F.)
B_SPLINE_CURVE_WITH_KNOTS((3,3),(6.283185307,7.680504957),.UNSPECIFIED.)
CURVE()
GEOMETRIC_REPRESENTATION_ITEM()
RATIONAL_B_SPLINE_CURVE((1.,0.765704865,1.))
REPRESENTATION_ITEM(''));
#2431=EDGE_CURVE('',#2426,#2419,#2430,.T.);
#2432=ORIENTED_EDGE('',*,*,#2431,.F.);
#2433=CARTESIAN_POINT('',(-75.,-0.,0.));
#2434=CARTESIAN_POINT('',(0.,-0.,0.));
#2435=B_SPLINE_CURVE_WITH_KNOTS('',1,(#2433,#2434),.UNSPECIFIED.,.F.,.F.,(2,2),(-0.0609772,0.0140228),.UNSPECIFIED.);
#2436=EDGE_CURVE('',#2426,#2409,#2435,.T.);
#2437=ORIENTED_EDGE('',*,*,#2436,.T.);
#2438=EDGE_LOOP('',(#2417,#2424,#2432,#2437));
#2439=FACE_BOUND('',#2438,.T.);
#2440=ADVANCED_FACE('',(#2439),#2407,.F.);
#2441=CARTESIAN_POINT('',(0.,-0.,0.));
#2442=CARTESIAN_POINT('',(0.,7.5,0.));
#2443=CARTESIAN_POINT('',(-75.,-0.,0.));
#2444=CARTESIAN_POINT('',(-75.,7.5,0.));
#2445=B_SPLINE_SURFACE_WITH_KNOTS('',1,1,((#2441,#2442),(#2443,#2444)),.UNSPECIFIED.,.F.,.F.,.U.,(2,2),(2,2),(-0.0140228,0.0609772),(-0.,0.0075),.UNSPECIFIED.);
#2446=CARTESIAN_POINT('',(0.,7.5,0.));
#2447=VERTEX_POINT('',#2446);
#2448=CARTESIAN_POINT('',(0.,0.,0.));
#2449=CARTESIAN_POINT('',(0.,7.5,0.));
#2450=B_SPLINE_CURVE_WITH_KNOTS('',1,(#2448,#2449),.UNSPECIFIED.,.F.,.F.,(2,2),(0.,0.0075),.UNSPECIFIED.);
#2451=EDGE_CURVE('',#2409,#2447,#2450,.T.);
#2452=ORIENTED_EDGE('',*,*,#2451,.F.);
#2453=ORIENTED_EDGE('',*,*,#2436,.F.);
#2454=CARTESIAN_POINT('',(-75.,7.5,0.));
#2455=VERTEX_POINT('',#2454);
#2456=CARTESIAN_POINT('',(-75.,-0.,0.));
#2457=CARTESIAN_POINT('',(-75.,7.5,0.));
#2458=B_SPLINE_CURVE_WITH_KNOTS('',1,(#2456,#2457),.UNSPECIFIED.,.F.,.F.,(2,2),(-0.,0.0075),.UNSPECIFIED.);
#2459=EDGE_CURVE('',#2426,#2455,#2458,.T.);
#2460=ORIENTED_EDGE('',*,*,#2459,.T.);
#2461=CARTESIAN_POINT('',(-75.,7.5,0.));
#2462=CARTESIAN_POINT('',(0.,7.5,0.));
#2463=B_SPLINE_CURVE_WITH_KNOTS('',1,(#2461,#2462),.UNSPECIFIED.,.F.,.F.,(2,2),(-0.0609772,0.0140228),.UNSPECIFIED.);
#2464=EDGE_CURVE('',#2455,#2447,#2463,.T.);
#2465=ORIENTED_EDGE('',*,*,#2464,.T.);
#2466=EDGE_LOOP('',(#2452,#2453,#2460,#2465));
#2467=FACE_BOUND('',#2466,.T.);
#2468=ADVANCED_FACE('',(#2467),#2445,.T.);
#2469=CARTESIAN_POINT('',(0.,7.5,0.));
#2470=CARTESIAN_POINT('',(0.,7.5,6.3));
#2471=CARTESIAN_POINT('',(-75.,7.5,0.));
#2472=CARTESIAN_POINT('',(-75.,7.5,6.3));
#2473=B_SPLINE_SURFACE_WITH_KNOTS('',1,1,((#2469,#2470),(#2471,#2472)),.UNSPECIFIED.,.F.,.F.,.U.,(2,2),(2,2),(-0.0140228,0.0609772),(0.,0.0063),.UNSPECIFIED.);
#2474=CARTESIAN_POINT('',(0.,7.5,0.));
#2475=CARTESIAN_POINT('',(0.,7.5,6.3));
#2476=B_SPLINE_CURVE_WITH_KNOTS('',1,(#2474,#2475),.UNSPECIFIED.,.F.,.F.,(2,2),(0.,0.0063),.UNSPECIFIED.);
#2477=EDGE_CURVE('',#2447,#2411,#2476,.T.);
#2478=ORIENTED_EDGE('',*,*,#2477,.F.);
#2479=ORIENTED_EDGE('',*,*,#2464,.F.);
#2480=CARTESIAN_POINT('',(-75.,7.5,0.));
#2481=CARTESIAN_POINT('',(-75.,7.5,6.3));
#2482=B_SPLINE_CURVE_WITH_KNOTS('',1,(#2480,#2481),.UNSPECIFIED.,.F.,.F.,(2,2),(0.,0.0063),.UNSPECIFIED.);
#2483=EDGE_CURVE('',#2455,#2419,#2482,.T.);
#2484=ORIENTED_EDGE('',*,*,#2483,.T.);
#2485=ORIENTED_EDGE('',*,*,#2423,.T.);
#2486=EDGE_LOOP('',(#2478,#2479,#2484,#2485));
#2487=FACE_BOUND('',#2486,.T.);
#2488=ADVANCED_FACE('',(#2487),#2473,.T.);
#2489=CARTESIAN_POINT('',(-75.,-0.,6.3));
#2490=CARTESIAN_POINT('',(-75.,7.5,6.3));
#2491=CARTESIAN_POINT('',(-75.,-0.,0.));
#2492=CARTESIAN_POINT('',(-75.,7.5,0.));
#2493=B_SPLINE_SURFACE_WITH_KNOTS('',1,1,((#2489,#2490),(#2491,#2492)),.UNSPECIFIED.,.F.,.F.,.U.,(2,2),(2,2),(-0.0063,0.),(-0.,0.0075),.UNSPECIFIED.);
#2494=ORIENTED_EDGE('',*,*,#2431,.T.);
#2495=ORIENTED_EDGE('',*,*,#2483,.F.);
#2496=ORIENTED_EDGE('',*,*,#2459,.F.);
#2497=EDGE_LOOP('',(#2494,#2495,#2496));
#2498=FACE_BOUND('',#2497,.T.);
#2499=ADVANCED_FACE('',(#2498),#2493,.F.);
#2500=CARTESIAN_POINT('',(0.,-0.,6.3));
#2501=CARTESIAN_POINT('',(0.,7.5,6.3));
#2502=CARTESIAN_POINT('',(0.,-0.,-0.));
#2503=CARTESIAN_POINT('',(0.,7.5,-0.));
#2504=B_SPLINE_SURFACE_WITH_KNOTS('',1,1,((#2500,#2501),(#2502,#2503)),.UNSPECIFIED.,.F.,.F.,.U.,(2,2),(2,2),(-0.0063,0.),(-0.,0.0075),.UNSPECIFIED.);
#2505=ORIENTED_EDGE('',*,*,#2416,.F.);
#2506=ORIENTED_EDGE('',*,*,#2451,.T.);
#2507=ORIENTED_EDGE('',*,*,#2477,.T.);
#2508=EDGE_LOOP('',(#2505,#2506,#2507));
#2509=FACE_BOUND('',#2508,.T.);
#2510=ADVANCED_FACE('',(#2509),#2504,.T.);
#2511=CLOSED_SHELL('',(#2440,#2468,#2488,#2499,#2510));
#2512=MANIFOLD_SOLID_BREP('Extruded.004',#2511);
#2400=STYLED_ITEM('',(),#2512);
#2514=CARTESIAN_POINT('',(-79.352534255,-9.5,8.3));
#2515=CARTESIAN_POINT('',(-79.352534255,9.5,8.3));
#2516=CARTESIAN_POINT('',(-77.,-9.5,8.3));
#2517=CARTESIAN_POINT('',(-77.,9.5,8.3));
#2518=B_SPLINE_SURFACE_WITH_KNOTS('',1,1,((#2514,#2515),(#2516,#2517)),.UNSPECIFIED.,.F.,.F.,.U.,(2,2),(2,2),(-0.002352534,0.),(-0.019118243,-0.000118243),.UNSPECIFIED.);
#2519=CARTESIAN_POINT('',(-77.,-9.5,8.3));
#2520=VERTEX_POINT('',#2519);
#2521=CARTESIAN_POINT('',(-79.352534255,-9.5,8.3));
#2522=VERTEX_POINT('',#2521);
#2523=CARTESIAN_POINT('',(-77.,-9.5,8.3));
#2524=CARTESIAN_POINT('',(-79.352534255,-9.5,8.3));
#2525=B_SPLINE_CURVE_WITH_KNOTS('',1,(#2523,#2524),.UNSPECIFIED.,.F.,.F.,(2,2),(0.,0.002352534),.UNSPECIFIED.);
#2526=EDGE_CURVE('',#2520,#2522,#2525,.T.);
#2527=ORIENTED_EDGE('',*,*,#2526,.T.);
#2528=CARTESIAN_POINT('',(-79.352534255,9.5,8.3));
#2529=VERTEX_POINT('',#2528);
#2530=CARTESIAN_POINT('',(-79.352534255,-9.5,8.3));
#2531=CARTESIAN_POINT('',(-79.352534255,9.5,8.3));
#2532=B_SPLINE_CURVE_WITH_KNOTS('',1,(#2530,#2531),.UNSPECIFIED.,.F.,.F.,(2,2),(0.,0.019),.UNSPECIFIED.);
#2533=EDGE_CURVE('',#2522,#2529,#2532,.T.);
#2534=ORIENTED_EDGE('',*,*,#2533,.T.);
#2535=CARTESIAN_POINT('',(-77.,9.5,8.3));
#2536=VERTEX_POINT('',#2535);
#2537=CARTESIAN_POINT('',(-77.,9.5,8.3));
#2538=CARTESIAN_POINT('',(-79.352534255,9.5,8.3));
#2539=B_SPLINE_CURVE_WITH_KNOTS('',1,(#2537,#2538),.UNSPECIFIED.,.F.,.F.,(2,2),(0.,0.002352534),.UNSPECIFIED.);
#2540=EDGE_CURVE('',#2536,#2529,#2539,.T.);
#2541=ORIENTED_EDGE('',*,*,#2540,.F.);
#2542=CARTESIAN_POINT('',(-77.,9.5,8.3));
#2543=CARTESIAN_POINT('',(-77.,-9.5,8.3));
#2544=B_SPLINE_CURVE_WITH_KNOTS('',1,(#2542,#2543),.UNSPECIFIED.,.F.,.F.,(2,2),(-0.019118243,-0.000118243),.UNSPECIFIED.);
#2545=EDGE_CURVE('',#2536,#2520,#2544,.T.);
#2546=ORIENTED_EDGE('',*,*,#2545,.T.);
#2547=EDGE_LOOP('',(#2527,#2534,#2541,#2546));
#2548=FACE_BOUND('',#2547,.T.);
#2549=ADVANCED_FACE('',(#2548),#2518,.F.);
#2550=CARTESIAN_POINT('',(-77.,-9.5,16.));
#2551=CARTESIAN_POINT('',(-77.,9.5,16.));
#2552=CARTESIAN_POINT('',(-77.,-9.5,8.3));
#2553=CARTESIAN_POINT('',(-77.,9.5,8.3));
#2554=B_SPLINE_SURFACE_WITH_KNOTS('',1,1,((#2550,#2551),(#2552,#2553)),.UNSPECIFIED.,.F.,.F.,.U.,(2,2),(2,2),(-0.018,-0.0103),(-0.019118243,-0.000118243),.UNSPECIFIED.);
#2555=CARTESIAN_POINT('',(-77.,-9.5,16.));
#2556=VERTEX_POINT('',#2555);
#2557=CARTESIAN_POINT('',(-77.,-9.5,8.3));
#2558=CARTESIAN_POINT('',(-77.,-9.5,16.));
#2559=B_SPLINE_CURVE_WITH_KNOTS('',1,(#2557,#2558),.UNSPECIFIED.,.F.,.F.,(2,2),(0.0103,0.018),.UNSPECIFIED.);
#2560=EDGE_CURVE('',#2520,#2556,#2559,.T.);
#2561=ORIENTED_EDGE('',*,*,#2560,.F.);
#2562=ORIENTED_EDGE('',*,*,#2545,.F.);
#2563=CARTESIAN_POINT('',(-77.,9.5,16.));
#2564=VERTEX_POINT('',#2563);
#2565=CARTESIAN_POINT('',(-77.,9.5,8.3));
#2566=CARTESIAN_POINT('',(-77.,9.5,16.));
#2567=B_SPLINE_CURVE_WITH_KNOTS('',1,(#2565,#2566),.UNSPECIFIED.,.F.,.F.,(2,2),(0.00515,0.01285),.UNSPECIFIED.);
#2568=EDGE_CURVE('',#2536,#2564,#2567,.T.);
#2569=ORIENTED_EDGE('',*,*,#2568,.T.);
#2570=CARTESIAN_POINT('',(-77.,9.5,16.));
#2571=CARTESIAN_POINT('',(-77.,-9.5,16.));
#2572=B_SPLINE_CURVE_WITH_KNOTS('',1,(#2570,#2571),.UNSPECIFIED.,.F.,.F.,(2,2),(0.000118243,0.019118243),.UNSPECIFIED.);
#2573=EDGE_CURVE('',#2564,#2556,#2572,.T.);
#2574=ORIENTED_EDGE('',*,*,#2573,.T.);
#2575=EDGE_LOOP('',(#2561,#2562,#2569,#2574));
#2576=FACE_BOUND('',#2575,.T.);
#2577=ADVANCED_FACE('',(#2576),#2554,.T.);
#2578=CARTESIAN_POINT('',(-82.,-9.5,16.));
#2579=CARTESIAN_POINT('',(-82.,9.5,16.));
#2580=CARTESIAN_POINT('',(-77.,-9.5,16.));
#2581=CARTESIAN_POINT('',(-77.,9.5,16.));
#2582=B_SPLINE_SURFACE_WITH_KNOTS('',1,1,((#2578,#2579),(#2580,#2581)),.UNSPECIFIED.,.F.,.F.,.U.,(2,2),(2,2),(-0.005,0.),(-0.019118243,-0.000118243),.UNSPECIFIED.);
#2583=CARTESIAN_POINT('',(-82.,-9.5,16.));
#2584=VERTEX_POINT('',#2583);
#2585=CARTESIAN_POINT('',(-77.,-9.5,16.));
#2586=CARTESIAN_POINT('',(-82.,-9.5,16.));
#2587=B_SPLINE_CURVE_WITH_KNOTS('',1,(#2585,#2586),.UNSPECIFIED.,.F.,.F.,(2,2),(0.,0.005),.UNSPECIFIED.);
#2588=EDGE_CURVE('',#2556,#2584,#2587,.T.);
#2589=ORIENTED_EDGE('',*,*,#2588,.F.);
#2590=ORIENTED_EDGE('',*,*,#2573,.F.);
#2591=CARTESIAN_POINT('',(-82.,9.5,16.));
#2592=VERTEX_POINT('',#2591);
#2593=CARTESIAN_POINT('',(-77.,9.5,16.));
#2594=CARTESIAN_POINT('',(-82.,9.5,16.));
#2595=B_SPLINE_CURVE_WITH_KNOTS('',1,(#2593,#2594),.UNSPECIFIED.,.F.,.F.,(2,2),(0.,0.005),.UNSPECIFIED.);
#2596=EDGE_CURVE('',#2564,#2592,#2595,.T.);
#2597=ORIENTED_EDGE('',*,*,#2596,.T.);
#2598=CARTESIAN_POINT('',(-82.,9.5,16.));
#2599=CARTESIAN_POINT('',(-82.,-9.5,16.));
#2600=B_SPLINE_CURVE_WITH_KNOTS('',1,(#2598,#2599),.UNSPECIFIED.,.F.,.F.,(2,2),(0.000118243,0.019118243),.UNSPECIFIED.);
#2601=EDGE_CURVE('',#2592,#2584,#2600,.T.);
#2602=ORIENTED_EDGE('',*,*,#2601,.T.);
#2603=EDGE_LOOP('',(#2589,#2590,#2597,#2602));
#2604=FACE_BOUND('',#2603,.T.);
#2605=ADVANCED_FACE('',(#2604),#2582,.T.);
#2606=CARTESIAN_POINT('',(-82.,-9.5,-2.));
#2607=CARTESIAN_POINT('',(-82.,9.5,-2.));
#2608=CARTESIAN_POINT('',(-82.,-9.5,16.));
#2609=CARTESIAN_POINT('',(-82.,9.5,16.));
#2610=B_SPLINE_SURFACE_WITH_KNOTS('',1,1,((#2606,#2607),(#2608,#2609)),.UNSPECIFIED.,.F.,.F.,.U.,(2,2),(2,2),(-0.017,0.001),(-0.019118243,-0.000118243),.UNSPECIFIED.);
#2611=CARTESIAN_POINT('',(-82.,-9.5,-2.));
#2612=VERTEX_POINT('',#2611);
#2613=CARTESIAN_POINT('',(-82.,-9.5,16.));
#2614=CARTESIAN_POINT('',(-82.,-9.5,-2.));
#2615=B_SPLINE_CURVE_WITH_KNOTS('',1,(#2613,#2614),.UNSPECIFIED.,.F.,.F.,(2,2),(-0.001,0.017),.UNSPECIFIED.);
#2616=EDGE_CURVE('',#2584,#2612,#2615,.T.);
#2617=ORIENTED_EDGE('',*,*,#2616,.F.);
#2618=ORIENTED_EDGE('',*,*,#2601,.F.);
#2619=CARTESIAN_POINT('',(-82.,9.5,-2.));
#2620=VERTEX_POINT('',#2619);
#2621=CARTESIAN_POINT('',(-82.,9.5,16.));
#2622=CARTESIAN_POINT('',(-82.,9.5,-2.));
#2623=B_SPLINE_CURVE_WITH_KNOTS('',1,(#2621,#2622),.UNSPECIFIED.,.F.,.F.,(2,2),(-0.01285,0.00515),.UNSPECIFIED.);
#2624=EDGE_CURVE('',#2592,#2620,#2623,.T.);
#2625=ORIENTED_EDGE('',*,*,#2624,.T.);
#2626=CARTESIAN_POINT('',(-82.,9.5,-2.));
#2627=CARTESIAN_POINT('',(-82.,-9.5,-2.));
#2628=B_SPLINE_CURVE_WITH_KNOTS('',1,(#2626,#2627),.UNSPECIFIED.,.F.,.F.,(2,2),(0.000118243,0.019118243),.UNSPECIFIED.);
#2629=EDGE_CURVE('',#2620,#2612,#2628,.T.);
#2630=ORIENTED_EDGE('',*,*,#2629,.T.);
#2631=EDGE_LOOP('',(#2617,#2618,#2625,#2630));
#2632=FACE_BOUND('',#2631,.T.);
#2633=ADVANCED_FACE('',(#2632),#2610,.T.);
#2634=CARTESIAN_POINT('',(-77.,-9.5,-2.));
#2635=CARTESIAN_POINT('',(-77.,9.5,-2.));
#2636=CARTESIAN_POINT('',(-82.,-9.5,-2.));
#2637=CARTESIAN_POINT('',(-82.,9.5,-2.));
#2638=B_SPLINE_SURFACE_WITH_KNOTS('',1,1,((#2634,#2635),(#2636,#2637)),.UNSPECIFIED.,.F.,.F.,.U.,(2,2),(2,2),(-0.005,0.),(-0.019118243,-0.000118243),.UNSPECIFIED.);
#2639=CARTESIAN_POINT('',(-77.,-9.5,-2.));
#2640=VERTEX_POINT('',#2639);
#2641=CARTESIAN_POINT('',(-82.,-9.5,-2.));
#2642=CARTESIAN_POINT('',(-77.,-9.5,-2.));
#2643=B_SPLINE_CURVE_WITH_KNOTS('',1,(#2641,#2642),.UNSPECIFIED.,.F.,.F.,(2,2),(0.,0.005),.UNSPECIFIED.);
#2644=EDGE_CURVE('',#2612,#2640,#2643,.T.);
#2645=ORIENTED_EDGE('',*,*,#2644,.F.);
#2646=ORIENTED_EDGE('',*,*,#2629,.F.);
#2647=CARTESIAN_POINT('',(-77.,9.5,-2.));
#2648=VERTEX_POINT('',#2647);
#2649=CARTESIAN_POINT('',(-82.,9.5,-2.));
#2650=CARTESIAN_POINT('',(-77.,9.5,-2.));
#2651=B_SPLINE_CURVE_WITH_KNOTS('',1,(#2649,#2650),.UNSPECIFIED.,.F.,.F.,(2,2),(-0.005,0.),.UNSPECIFIED.);
#2652=EDGE_CURVE('',#2620,#2648,#2651,.T.);
#2653=ORIENTED_EDGE('',*,*,#2652,.T.);
#2654=CARTESIAN_POINT('',(-77.,9.5,-2.));
#2655=CARTESIAN_POINT('',(-77.,-9.5,-2.));
#2656=B_SPLINE_CURVE_WITH_KNOTS('',1,(#2654,#2655),.UNSPECIFIED.,.F.,.F.,(2,2),(0.000118243,0.019118243),.UNSPECIFIED.);
#2657=EDGE_CURVE('',#2648,#2640,#2656,.T.);
#2658=ORIENTED_EDGE('',*,*,#2657,.T.);
#2659=EDGE_LOOP('',(#2645,#2646,#2653,#2658));
#2660=FACE_BOUND('',#2659,.T.);
#2661=ADVANCED_FACE('',(#2660),#2638,.T.);
#2662=CARTESIAN_POINT('',(-77.,-9.5,6.3));
#2663=CARTESIAN_POINT('',(-77.,9.5,6.3));
#2664=CARTESIAN_POINT('',(-77.,-9.5,-2.));
#2665=CARTESIAN_POINT('',(-77.,9.5,-2.));
#2666=B_SPLINE_SURFACE_WITH_KNOTS('',1,1,((#2662,#2663),(#2664,#2665)),.UNSPECIFIED.,.F.,.F.,.U.,(2,2),(2,2),(-0.0083,0.),(-0.019118243,-0.000118243),.UNSPECIFIED.);
#2667=CARTESIAN_POINT('',(-77.,-9.5,6.3));
#2668=VERTEX_POINT('',#2667);
#2669=CARTESIAN_POINT('',(-77.,-9.5,-2.));
#2670=CARTESIAN_POINT('',(-77.,-9.5,6.3));
#2671=B_SPLINE_CURVE_WITH_KNOTS('',1,(#2669,#2670),.UNSPECIFIED.,.F.,.F.,(2,2),(0.,0.0083),.UNSPECIFIED.);
#2672=EDGE_CURVE('',#2640,#2668,#2671,.T.);
#2673=ORIENTED_EDGE('',*,*,#2672,.F.);
#2674=ORIENTED_EDGE('',*,*,#2657,.F.);
#2675=CARTESIAN_POINT('',(-77.,9.5,6.3));
#2676=VERTEX_POINT('',#2675);
#2677=CARTESIAN_POINT('',(-77.,9.5,-2.));
#2678=CARTESIAN_POINT('',(-77.,9.5,6.3));
#2679=B_SPLINE_CURVE_WITH_KNOTS('',1,(#2677,#2678),.UNSPECIFIED.,.F.,.F.,(2,2),(-0.00515,0.00315),.UNSPECIFIED.);
#2680=EDGE_CURVE('',#2648,#2676,#2679,.T.);
#2681=ORIENTED_EDGE('',*,*,#2680,.T.);
#2682=CARTESIAN_POINT('',(-77.,9.5,6.3));
#2683=CARTESIAN_POINT('',(-77.,-9.5,6.3));
#2684=B_SPLINE_CURVE_WITH_KNOTS('',1,(#2682,#2683),.UNSPECIFIED.,.F.,.F.,(2,2),(0.000118243,0.019118243),.UNSPECIFIED.);
#2685=EDGE_CURVE('',#2676,#2668,#2684,.T.);
#2686=ORIENTED_EDGE('',*,*,#2685,.T.);
#2687=EDGE_LOOP('',(#2673,#2674,#2681,#2686));
#2688=FACE_BOUND('',#2687,.T.);
#2689=ADVANCED_FACE('',(#2688),#2666,.T.);
#2690=CARTESIAN_POINT('',(-77.,-9.5,6.3));
#2691=CARTESIAN_POINT('',(-77.,9.5,6.3));
#2692=CARTESIAN_POINT('',(-79.352534255,-9.5,6.3));
#2693=CARTESIAN_POINT('',(-79.352534255,9.5,6.3));
#2694=B_SPLINE_SURFACE_WITH_KNOTS('',1,1,((#2690,#2691),(#2692,#2693)),.UNSPECIFIED.,.F.,.F.,.U.,(2,2),(2,2),(-0.003,-0.000647466),(-0.019118243,-0.000118243),.UNSPECIFIED.);
#2695=CARTESIAN_POINT('',(-79.352534255,9.5,6.3));
#2696=VERTEX_POINT('',#2695);
#2697=CARTESIAN_POINT('',(-79.352534255,9.5,6.3));
#2698=CARTESIAN_POINT('',(-77.,9.5,6.3));
#2699=B_SPLINE_CURVE_WITH_KNOTS('',1,(#2697,#2698),.UNSPECIFIED.,.F.,.F.,(2,2),(-0.002352534,0.),.UNSPECIFIED.);
#2700=EDGE_CURVE('',#2696,#2676,#2699,.T.);
#2701=ORIENTED_EDGE('',*,*,#2700,.F.);
#2702=CARTESIAN_POINT('',(-79.352534255,-9.5,6.3));
#2703=VERTEX_POINT('',#2702);
#2704=CARTESIAN_POINT('',(-79.352534255,9.5,6.3));
#2705=CARTESIAN_POINT('',(-79.352534255,-9.5,6.3));
#2706=B_SPLINE_CURVE_WITH_KNOTS('',1,(#2704,#2705),.UNSPECIFIED.,.F.,.F.,(2,2),(-0.019,0.),.UNSPECIFIED.);
#2707=EDGE_CURVE('',#2696,#2703,#2706,.T.);
#2708=ORIENTED_EDGE('',*,*,#2707,.T.);
#2709=CARTESIAN_POINT('',(-79.352534255,-9.5,6.3));
#2710=CARTESIAN_POINT('',(-77.,-9.5,6.3));
#2711=B_SPLINE_CURVE_WITH_KNOTS('',1,(#2709,#2710),.UNSPECIFIED.,.F.,.F.,(2,2),(0.000647466,0.003),.UNSPECIFIED.);
#2712=EDGE_CURVE('',#2703,#2668,#2711,.T.);
#2713=ORIENTED_EDGE('',*,*,#2712,.T.);
#2714=ORIENTED_EDGE('',*,*,#2685,.F.);
#2715=EDGE_LOOP('',(#2701,#2708,#2713,#2714));
#2716=FACE_BOUND('',#2715,.T.);
#2717=ADVANCED_FACE('',(#2716),#2694,.F.);
#2718=CARTESIAN_POINT('',(-80.,-9.5,6.947465745));
#2719=CARTESIAN_POINT('',(-80.,9.5,6.947465745));
#2720=CARTESIAN_POINT('',(-80.,-9.5,7.652534255));
#2721=CARTESIAN_POINT('',(-80.,9.5,7.652534255));
#2722=B_SPLINE_SURFACE_WITH_KNOTS('',1,1,((#2718,#2719),(#2720,#2721)),.UNSPECIFIED.,.F.,.F.,.U.,(2,2),(2,2),(-0.001352534,-0.000647466),(-0.019118243,-0.000118243),.UNSPECIFIED.);
#2723=CARTESIAN_POINT('',(-80.,9.5,7.652534255));
#2724=VERTEX_POINT('',#2723);
#2725=CARTESIAN_POINT('',(-80.,9.5,6.947465745));
#2726=VERTEX_POINT('',#2725);
#2727=CARTESIAN_POINT('',(-80.,9.5,7.652534255));
#2728=CARTESIAN_POINT('',(-80.,9.5,6.947465745));
#2729=B_SPLINE_CURVE_WITH_KNOTS('',1,(#2727,#2728),.UNSPECIFIED.,.F.,.F.,(2,2),(-0.004502534,-0.003797466),.UNSPECIFIED.);
#2730=EDGE_CURVE('',#2724,#2726,#2729,.T.);
#2731=ORIENTED_EDGE('',*,*,#2730,.F.);
#2732=CARTESIAN_POINT('',(-80.,-9.5,7.652534255));
#2733=VERTEX_POINT('',#2732);
#2734=CARTESIAN_POINT('',(-80.,9.5,7.652534255));
#2735=CARTESIAN_POINT('',(-80.,-9.5,7.652534255));
#2736=B_SPLINE_CURVE_WITH_KNOTS('',1,(#2734,#2735),.UNSPECIFIED.,.F.,.F.,(2,2),(-0.019,0.),.UNSPECIFIED.);
#2737=EDGE_CURVE('',#2724,#2733,#2736,.T.);
#2738=ORIENTED_EDGE('',*,*,#2737,.T.);
#2739=CARTESIAN_POINT('',(-80.,-9.5,6.947465745));
#2740=VERTEX_POINT('',#2739);
#2741=CARTESIAN_POINT('',(-80.,-9.5,7.652534255));
#2742=CARTESIAN_POINT('',(-80.,-9.5,6.947465745));
#2743=B_SPLINE_CURVE_WITH_KNOTS('',1,(#2741,#2742),.UNSPECIFIED.,.F.,.F.,(2,2),(0.000647466,0.001352534),.UNSPECIFIED.);
#2744=EDGE_CURVE('',#2733,#2740,#2743,.T.);
#2745=ORIENTED_EDGE('',*,*,#2744,.T.);
#2746=CARTESIAN_POINT('',(-80.,-9.5,6.947465745));
#2747=CARTESIAN_POINT('',(-80.,9.5,6.947465745));
#2748=B_SPLINE_CURVE_WITH_KNOTS('',1,(#2746,#2747),.UNSPECIFIED.,.F.,.F.,(2,2),(0.,0.019),.UNSPECIFIED.);
#2749=EDGE_CURVE('',#2740,#2726,#2748,.T.);
#2750=ORIENTED_EDGE('',*,*,#2749,.T.);
#2751=EDGE_LOOP('',(#2731,#2738,#2745,#2750));
#2752=FACE_BOUND('',#2751,.T.);
#2753=ADVANCED_FACE('',(#2752),#2722,.F.);
#2754=CARTESIAN_POINT('',(-82.,9.5,16.));
#2755=CARTESIAN_POINT('',(-77.,9.5,16.));
#2756=CARTESIAN_POINT('',(-82.,9.5,-2.));
#2757=CARTESIAN_POINT('',(-77.,9.5,-2.));
#2758=B_SPLINE_SURFACE_WITH_KNOTS('',1,1,((#2754,#2755),(#2756,#2757)),.UNSPECIFIED.,.F.,.F.,.U.,(2,2),(2,2),(-0.01285,0.00515),(-0.005,0.),.UNSPECIFIED.);
#2759=ORIENTED_EDGE('',*,*,#2540,.T.);
#2760=CARTESIAN_POINT('',(-79.352534255,9.5,8.3));
#2761=CARTESIAN_POINT('',(-80.,9.5,8.3));
#2762=CARTESIAN_POINT('',(-80.,9.5,7.652534255));
#2763=(BOUNDED_CURVE()
B_SPLINE_CURVE(2,(#2760,#2761,#2762),.UNSPECIFIED.,.F.,.F.)
B_SPLINE_CURVE_WITH_KNOTS((3,3),(3.141592654,4.71238898),.UNSPECIFIED.)
CURVE()
GEOMETRIC_REPRESENTATION_ITEM()
RATIONAL_B_SPLINE_CURVE((1.,0.707106781,1.))
REPRESENTATION_ITEM(''));
#2764=EDGE_CURVE('',#2529,#2724,#2763,.T.);
#2765=ORIENTED_EDGE('',*,*,#2764,.T.);
#2766=ORIENTED_EDGE('',*,*,#2730,.T.);
#2767=CARTESIAN_POINT('',(-80.,9.5,6.947465745));
#2768=CARTESIAN_POINT('',(-80.,9.5,6.3));
#2769=CARTESIAN_POINT('',(-79.352534255,9.5,6.3));
#2770=(BOUNDED_CURVE()
B_SPLINE_CURVE(2,(#2767,#2768,#2769),.UNSPECIFIED.,.F.,.F.)
B_SPLINE_CURVE_WITH_KNOTS((3,3),(4.71238898,6.283185307),.UNSPECIFIED.)
CURVE()
GEOMETRIC_REPRESENTATION_ITEM()
RATIONAL_B_SPLINE_CURVE((1.,0.707106781,1.))
REPRESENTATION_ITEM(''));
#2771=EDGE_CURVE('',#2726,#2696,#2770,.T.);
#2772=ORIENTED_EDGE('',*,*,#2771,.T.);
#2773=ORIENTED_EDGE('',*,*,#2700,.T.);
#2774=ORIENTED_EDGE('',*,*,#2680,.F.);
#2775=ORIENTED_EDGE('',*,*,#2652,.F.);
#2776=ORIENTED_EDGE('',*,*,#2624,.F.);
#2777=ORIENTED_EDGE('',*,*,#2596,.F.);
#2778=ORIENTED_EDGE('',*,*,#2568,.F.);
#2779=EDGE_LOOP('',(#2759,#2765,#2766,#2772,#2773,#2774,#2775,#2776,#2777,#2778));
#2780=FACE_BOUND('',#2779,.T.);
#2781=ADVANCED_FACE('',(#2780),#2758,.F.);
#2782=CARTESIAN_POINT('',(-82.,-9.5,16.));
#2783=CARTESIAN_POINT('',(-77.,-9.5,16.));
#2784=CARTESIAN_POINT('',(-82.,-9.5,-2.));
#2785=CARTESIAN_POINT('',(-77.,-9.5,-2.));
#2786=B_SPLINE_SURFACE_WITH_KNOTS('',1,1,((#2782,#2783),(#2784,#2785)),.UNSPECIFIED.,.F.,.F.,.U.,(2,2),(2,2),(-0.01285,0.00515),(-0.005,0.),.UNSPECIFIED.);
#2787=ORIENTED_EDGE('',*,*,#2526,.F.);
#2788=ORIENTED_EDGE('',*,*,#2560,.T.);
#2789=ORIENTED_EDGE('',*,*,#2588,.T.);
#2790=ORIENTED_EDGE('',*,*,#2616,.T.);
#2791=ORIENTED_EDGE('',*,*,#2644,.T.);
#2792=ORIENTED_EDGE('',*,*,#2672,.T.);
#2793=ORIENTED_EDGE('',*,*,#2712,.F.);
#2794=CARTESIAN_POINT('',(-79.352534255,-9.5,6.3));
#2795=CARTESIAN_POINT('',(-80.,-9.5,6.3));
#2796=CARTESIAN_POINT('',(-80.,-9.5,6.947465745));
#2797=(BOUNDED_CURVE()
B_SPLINE_CURVE(2,(#2794,#2795,#2796),.UNSPECIFIED.,.F.,.F.)
B_SPLINE_CURVE_WITH_KNOTS((3,3),(4.71238898,6.283185307),.UNSPECIFIED.)
CURVE()
GEOMETRIC_REPRESENTATION_ITEM()
RATIONAL_B_SPLINE_CURVE((1.,0.707106781,1.))
REPRESENTATION_ITEM(''));
#2798=EDGE_CURVE('',#2703,#2740,#2797,.T.);
#2799=ORIENTED_EDGE('',*,*,#2798,.T.);
#2800=ORIENTED_EDGE('',*,*,#2744,.F.);
#2801=CARTESIAN_POINT('',(-80.,-9.5,7.652534255));
#2802=CARTESIAN_POINT('',(-80.,-9.5,8.3));
#2803=CARTESIAN_POINT('',(-79.352534255,-9.5,8.3));
#2804=(BOUNDED_CURVE()
B_SPLINE_CURVE(2,(#2801,#2802,#2803),.UNSPECIFIED.,.F.,.F.)
B_SPLINE_CURVE_WITH_KNOTS((3,3),(3.141592654,4.71238898),.UNSPECIFIED.)
CURVE()
GEOMETRIC_REPRESENTATION_ITEM()
RATIONAL_B_SPLINE_CURVE((1.,0.707106781,1.))
REPRESENTATION_ITEM(''));
#2805=EDGE_CURVE('',#2733,#2522,#2804,.T.);
#2806=ORIENTED_EDGE('',*,*,#2805,.T.);
#2807=EDGE_LOOP('',(#2787,#2788,#2789,#2790,#2791,#2792,#2793,#2799,#2800,#2806));
#2808=FACE_BOUND('',#2807,.T.);
#2809=ADVANCED_FACE('',(#2808),#2786,.T.);
#2810=CARTESIAN_POINT('',(-80.,-9.5,7.652534255));
#2811=CARTESIAN_POINT('',(-80.,9.5,7.652534255));
#2812=CARTESIAN_POINT('',(-80.,-9.5,8.3));
#2813=CARTESIAN_POINT('',(-80.,9.5,8.3));
#2814=CARTESIAN_POINT('',(-79.352534255,-9.5,8.3));
#2815=CARTESIAN_POINT('',(-79.352534255,9.5,8.3));
#2816=(BOUNDED_SURFACE()
B_SPLINE_SURFACE(2,1,((#2810,#2811),(#2812,#2813),(#2814,#2815)),.UNSPECIFIED.,.F.,.F.,.U.)
B_SPLINE_SURFACE_WITH_KNOTS((3,3),(2,2),(4.749981681,6.283185307),(-0.019118243,-0.000118243),.UNSPECIFIED.)
GEOMETRIC_REPRESENTATION_ITEM()
RATIONAL_B_SPLINE_SURFACE(((0.803847577,0.803847577),(0.633974596,0.633974596),(1.,1.)))
REPRESENTATION_ITEM('')
SURFACE()
);
#2817=ORIENTED_EDGE('',*,*,#2764,.F.);
#2818=ORIENTED_EDGE('',*,*,#2533,.F.);
#2819=ORIENTED_EDGE('',*,*,#2805,.F.);
#2820=ORIENTED_EDGE('',*,*,#2737,.F.);
#2821=EDGE_LOOP('',(#2817,#2818,#2819,#2820));
#2822=FACE_BOUND('',#2821,.T.);
#2823=ADVANCED_FACE('',(#2822),#2816,.F.);
#2824=CARTESIAN_POINT('',(-79.352534255,-9.5,6.3));
#2825=CARTESIAN_POINT('',(-79.352534255,9.5,6.3));
#2826=CARTESIAN_POINT('',(-79.726348777,-9.5,6.3));
#2827=CARTESIAN_POINT('',(-79.726348777,9.5,6.3));
#2828=CARTESIAN_POINT('',(-79.913256038,-9.5,6.623732873));
#2829=CARTESIAN_POINT('',(-79.913256038,9.5,6.623732873));
#2830=CARTESIAN_POINT('',(-80.,-9.5,6.773977822));
#2831=CARTESIAN_POINT('',(-80.,9.5,6.773977822));
#2832=CARTESIAN_POINT('',(-80.,-9.5,6.947465745));
#2833=CARTESIAN_POINT('',(-80.,9.5,6.947465745));
#2834=(BOUNDED_SURFACE()
B_SPLINE_SURFACE(2,1,((#2824,#2825),(#2826,#2827),(#2828,#2829),(#2830,#2831),(#2832,#2833)),.UNSPECIFIED.,.F.,.F.,.U.)
B_SPLINE_SURFACE_WITH_KNOTS((3,2,3),(2,2),(3.141592654,4.188790205,4.749981681),(-0.019118243,-0.000118243),.UNSPECIFIED.)
GEOMETRIC_REPRESENTATION_ITEM()
RATIONAL_B_SPLINE_SURFACE(((0.75,0.75),(0.75,0.75),(1.,1.),(0.866025404,0.866025404),(0.803847577,0.803847577)))
REPRESENTATION_ITEM('')
SURFACE()
);
#2835=ORIENTED_EDGE('',*,*,#2771,.F.);
#2836=ORIENTED_EDGE('',*,*,#2749,.F.);
#2837=ORIENTED_EDGE('',*,*,#2798,.F.);
#2838=ORIENTED_EDGE('',*,*,#2707,.F.);
#2839=EDGE_LOOP('',(#2835,#2836,#2837,#2838));
#2840=FACE_BOUND('',#2839,.T.);
#2841=ADVANCED_FACE('',(#2840),#2834,.F.);
#2842=CLOSED_SHELL('',(#2549,#2577,#2605,#2633,#2661,#2689,#2717,#2753,#2781,#2809,#2823,#2841));
#2843=MANIFOLD_SOLID_BREP('Extruded.003',#2842);
#2513=STYLED_ITEM('',(),#2843);
#2845=CARTESIAN_POINT('',(0.,-9.5,-2.));
#2846=CARTESIAN_POINT('',(0.,9.5,-2.));
#2847=CARTESIAN_POINT('',(0.,-9.5,0.));
#2848=CARTESIAN_POINT('',(0.,9.5,0.));
#2849=B_SPLINE_SURFACE_WITH_KNOTS('',1,1,((#2845,#2846),(#2847,#2848)),.UNSPECIFIED.,.F.,.F.,.U.,(2,2),(2,2),(0.,0.002),(-0.017,0.002),.UNSPECIFIED.);
#2850=CARTESIAN_POINT('',(0.,9.5,0.));
#2851=VERTEX_POINT('',#2850);
#2852=CARTESIAN_POINT('',(0.,-9.5,0.));
#2853=VERTEX_POINT('',#2852);
#2854=CARTESIAN_POINT('',(0.,9.5,0.));
#2855=CARTESIAN_POINT('',(0.,-9.5,0.));
#2856=B_SPLINE_CURVE_WITH_KNOTS('',1,(#2854,#2855),.UNSPECIFIED.,.F.,.F.,(2,2),(-0.0095,0.0095),.UNSPECIFIED.);
#2857=EDGE_CURVE('',#2851,#2853,#2856,.T.);
#2858=ORIENTED_EDGE('',*,*,#2857,.T.);
#2859=CARTESIAN_POINT('',(0.,-9.5,-2.));
#2860=VERTEX_POINT('',#2859);
#2861=CARTESIAN_POINT('',(0.,-9.5,-2.));
#2862=CARTESIAN_POINT('',(0.,-9.5,0.));
#2863=B_SPLINE_CURVE_WITH_KNOTS('',1,(#2861,#2862),.UNSPECIFIED.,.F.,.F.,(2,2),(0.,0.002),.UNSPECIFIED.);
#2864=EDGE_CURVE('',#2860,#2853,#2863,.T.);
#2865=ORIENTED_EDGE('',*,*,#2864,.F.);
#2866=CARTESIAN_POINT('',(0.,9.5,-2.));
#2867=VERTEX_POINT('',#2866);
#2868=CARTESIAN_POINT('',(0.,9.5,-2.));
#2869=CARTESIAN_POINT('',(0.,-9.5,-2.));
#2870=B_SPLINE_CURVE_WITH_KNOTS('',1,(#2868,#2869),.UNSPECIFIED.,.F.,.F.,(2,2),(-0.0095,0.0095),.UNSPECIFIED.);
#2871=EDGE_CURVE('',#2867,#2860,#2870,.T.);
#2872=ORIENTED_EDGE('',*,*,#2871,.F.);
#2873=CARTESIAN_POINT('',(0.,9.5,-2.));
#2874=CARTESIAN_POINT('',(0.,9.5,0.));
#2875=B_SPLINE_CURVE_WITH_KNOTS('',1,(#2873,#2874),.UNSPECIFIED.,.F.,.F.,(2,2),(0.,0.002),.UNSPECIFIED.);
#2876=EDGE_CURVE('',#2867,#2851,#2875,.T.);
#2877=ORIENTED_EDGE('',*,*,#2876,.T.);
#2878=EDGE_LOOP('',(#2858,#2865,#2872,#2877));
#2879=FACE_BOUND('',#2878,.T.);
#2880=ADVANCED_FACE('',(#2879),#2849,.F.);
#2881=CARTESIAN_POINT('',(-77.,9.5,-2.));
#2882=CARTESIAN_POINT('',(0.,9.5,-2.));
#2883=CARTESIAN_POINT('',(-77.,9.5,0.));
#2884=CARTESIAN_POINT('',(0.,9.5,0.));
#2885=B_SPLINE_SURFACE_WITH_KNOTS('',1,1,((#2881,#2882),(#2883,#2884)),.UNSPECIFIED.,.F.,.F.,.U.,(2,2),(2,2),(0.,0.002),(-0.077,0.),.UNSPECIFIED.);
#2886=CARTESIAN_POINT('',(-77.,9.5,0.));
#2887=VERTEX_POINT('',#2886);
#2888=CARTESIAN_POINT('',(0.,9.5,0.));
#2889=CARTESIAN_POINT('',(-77.,9.5,0.));
#2890=B_SPLINE_CURVE_WITH_KNOTS('',1,(#2888,#2889),.UNSPECIFIED.,.F.,.F.,(2,2),(0.,0.077),.UNSPECIFIED.);
#2891=EDGE_CURVE('',#2851,#2887,#2890,.T.);
#2892=ORIENTED_EDGE('',*,*,#2891,.F.);
#2893=ORIENTED_EDGE('',*,*,#2876,.F.);
#2894=CARTESIAN_POINT('',(-77.,9.5,-2.));
#2895=VERTEX_POINT('',#2894);
#2896=CARTESIAN_POINT('',(0.,9.5,-2.));
#2897=CARTESIAN_POINT('',(-77.,9.5,-2.));
#2898=B_SPLINE_CURVE_WITH_KNOTS('',1,(#2896,#2897),.UNSPECIFIED.,.F.,.F.,(2,2),(0.,0.077),.UNSPECIFIED.);
#2899=EDGE_CURVE('',#2867,#2895,#2898,.T.);
#2900=ORIENTED_EDGE('',*,*,#2899,.T.);
#2901=CARTESIAN_POINT('',(-77.,9.5,-2.));
#2902=CARTESIAN_POINT('',(-77.,9.5,0.));
#2903=B_SPLINE_CURVE_WITH_KNOTS('',1,(#2901,#2902),.UNSPECIFIED.,.F.,.F.,(2,2),(0.,0.002),.UNSPECIFIED.);
#2904=EDGE_CURVE('',#2895,#2887,#2903,.T.);
#2905=ORIENTED_EDGE('',*,*,#2904,.T.);
#2906=EDGE_LOOP('',(#2892,#2893,#2900,#2905));
#2907=FACE_BOUND('',#2906,.T.);
#2908=ADVANCED_FACE('',(#2907),#2885,.T.);
#2909=CARTESIAN_POINT('',(-77.,-9.5,-2.));
#2910=CARTESIAN_POINT('',(-77.,9.5,-2.));
#2911=CARTESIAN_POINT('',(-77.,-9.5,0.));
#2912=CARTESIAN_POINT('',(-77.,9.5,0.));
#2913=B_SPLINE_SURFACE_WITH_KNOTS('',1,1,((#2909,#2910),(#2911,#2912)),.UNSPECIFIED.,.F.,.F.,.U.,(2,2),(2,2),(0.,0.002),(-0.019,0.),.UNSPECIFIED.);
#2914=CARTESIAN_POINT('',(-77.,-9.5,0.));
#2915=VERTEX_POINT('',#2914);
#2916=CARTESIAN_POINT('',(-77.,9.5,0.));
#2917=CARTESIAN_POINT('',(-77.,-9.5,0.));
#2918=B_SPLINE_CURVE_WITH_KNOTS('',1,(#2916,#2917),.UNSPECIFIED.,.F.,.F.,(2,2),(0.,0.019),.UNSPECIFIED.);
#2919=EDGE_CURVE('',#2887,#2915,#2918,.T.);
#2920=ORIENTED_EDGE('',*,*,#2919,.F.);
#2921=ORIENTED_EDGE('',*,*,#2904,.F.);
#2922=CARTESIAN_POINT('',(-77.,-9.5,-2.));
#2923=VERTEX_POINT('',#2922);
#2924=CARTESIAN_POINT('',(-77.,9.5,-2.));
#2925=CARTESIAN_POINT('',(-77.,-9.5,-2.));
#2926=B_SPLINE_CURVE_WITH_KNOTS('',1,(#2924,#2925),.UNSPECIFIED.,.F.,.F.,(2,2),(0.,0.019),.UNSPECIFIED.);
#2927=EDGE_CURVE('',#2895,#2923,#2926,.T.);
#2928=ORIENTED_EDGE('',*,*,#2927,.T.);
#2929=CARTESIAN_POINT('',(-77.,-9.5,-2.));
#2930=CARTESIAN_POINT('',(-77.,-9.5,0.));
#2931=B_SPLINE_CURVE_WITH_KNOTS('',1,(#2929,#2930),.UNSPECIFIED.,.F.,.F.,(2,2),(0.,0.002),.UNSPECIFIED.);
#2932=EDGE_CURVE('',#2923,#2915,#2931,.T.);
#2933=ORIENTED_EDGE('',*,*,#2932,.T.);
#2934=EDGE_LOOP('',(#2920,#2921,#2928,#2933));
#2935=FACE_BOUND('',#2934,.T.);
#2936=ADVANCED_FACE('',(#2935),#2913,.T.);
#2937=CARTESIAN_POINT('',(-77.,-9.5,0.));
#2938=CARTESIAN_POINT('',(0.,-9.5,0.));
#2939=CARTESIAN_POINT('',(-77.,-9.5,-2.));
#2940=CARTESIAN_POINT('',(0.,-9.5,-2.));
#2941=B_SPLINE_SURFACE_WITH_KNOTS('',1,1,((#2937,#2938),(#2939,#2940)),.UNSPECIFIED.,.F.,.F.,.U.,(2,2),(2,2),(-0.002,0.),(0.,0.077),.UNSPECIFIED.);
#2942=CARTESIAN_POINT('',(-77.,-9.5,0.));
#2943=CARTESIAN_POINT('',(0.,-9.5,0.));
#2944=B_SPLINE_CURVE_WITH_KNOTS('',1,(#2942,#2943),.UNSPECIFIED.,.F.,.F.,(2,2),(0.,0.077),.UNSPECIFIED.);
#2945=EDGE_CURVE('',#2915,#2853,#2944,.T.);
#2946=ORIENTED_EDGE('',*,*,#2945,.F.);
#2947=ORIENTED_EDGE('',*,*,#2932,.F.);
#2948=CARTESIAN_POINT('',(-77.,-9.5,-2.));
#2949=CARTESIAN_POINT('',(0.,-9.5,-2.));
#2950=B_SPLINE_CURVE_WITH_KNOTS('',1,(#2948,#2949),.UNSPECIFIED.,.F.,.F.,(2,2),(0.,0.077),.UNSPECIFIED.);
#2951=EDGE_CURVE('',#2923,#2860,#2950,.T.);
#2952=ORIENTED_EDGE('',*,*,#2951,.T.);
#2953=ORIENTED_EDGE('',*,*,#2864,.T.);
#2954=EDGE_LOOP('',(#2946,#2947,#2952,#2953));
#2955=FACE_BOUND('',#2954,.T.);
#2956=ADVANCED_FACE('',(#2955),#2941,.T.);
#2957=CARTESIAN_POINT('',(-77.,-9.5,-2.));
#2958=CARTESIAN_POINT('',(-77.,9.5,-2.));
#2959=CARTESIAN_POINT('',(0.,-9.5,-2.));
#2960=CARTESIAN_POINT('',(0.,9.5,-2.));
#2961=B_SPLINE_SURFACE_WITH_KNOTS('',1,1,((#2957,#2958),(#2959,#2960)),.UNSPECIFIED.,.F.,.F.,.U.,(2,2),(2,2),(-0.077,0.),(-0.0095,0.0095),.UNSPECIFIED.);
#2962=ORIENTED_EDGE('',*,*,#2871,.T.);
#2963=ORIENTED_EDGE('',*,*,#2951,.F.);
#2964=ORIENTED_EDGE('',*,*,#2927,.F.);
#2965=ORIENTED_EDGE('',*,*,#2899,.F.);
#2966=EDGE_LOOP('',(#2962,#2963,#2964,#2965));
#2967=FACE_BOUND('',#2966,.T.);
#2968=ADVANCED_FACE('',(#2967),#2961,.F.);
#2969=CARTESIAN_POINT('',(-77.,-9.5,0.));
#2970=CARTESIAN_POINT('',(-77.,9.5,0.));
#2971=CARTESIAN_POINT('',(0.,-9.5,0.));
#2972=CARTESIAN_POINT('',(0.,9.5,0.));
#2973=B_SPLINE_SURFACE_WITH_KNOTS('',1,1,((#2969,#2970),(#2971,#2972)),.UNSPECIFIED.,.F.,.F.,.U.,(2,2),(2,2),(-0.077,0.),(-0.0095,0.0095),.UNSPECIFIED.);
#2974=ORIENTED_EDGE('',*,*,#2857,.F.);
#2975=ORIENTED_EDGE('',*,*,#2891,.T.);
#2976=ORIENTED_EDGE('',*,*,#2919,.T.);
#2977=ORIENTED_EDGE('',*,*,#2945,.T.);
#2978=EDGE_LOOP('',(#2974,#2975,#2976,#2977));
#2979=FACE_BOUND('',#2978,.T.);
#2980=ADVANCED_FACE('',(#2979),#2973,.T.);
#2981=CLOSED_SHELL('',(#2880,#2908,#2936,#2956,#2968,#2980));
#2982=MANIFOLD_SOLID_BREP('Extruded.002',#2981);
#2844=STYLED_ITEM('',(),#2982);
#2984=CARTESIAN_POINT('',(-77.,-9.5,6.3));
#2985=CARTESIAN_POINT('',(-77.,9.5,6.3));
#2986=CARTESIAN_POINT('',(-77.,-9.5,0.));
#2987=CARTESIAN_POINT('',(-77.,9.5,0.));
#2988=B_SPLINE_SURFACE_WITH_KNOTS('',1,1,((#2984,#2985),(#2986,#2987)),.UNSPECIFIED.,.F.,.F.,.U.,(2,2),(2,2),(0.0087,0.015),(-0.019,0.),.UNSPECIFIED.);
#2989=CARTESIAN_POINT('',(-77.,9.5,6.3));
#2990=VERTEX_POINT('',#2989);
#2991=CARTESIAN_POINT('',(-77.,-9.5,6.3));
#2992=VERTEX_POINT('',#2991);
#2993=CARTESIAN_POINT('',(-77.,9.5,6.3));
#2994=CARTESIAN_POINT('',(-77.,-9.5,6.3));
#2995=B_SPLINE_CURVE_WITH_KNOTS('',1,(#2993,#2994),.UNSPECIFIED.,.F.,.F.,(2,2),(0.068490558,0.087490558),.UNSPECIFIED.);
#2996=EDGE_CURVE('',#2990,#2992,#2995,.T.);
#2997=ORIENTED_EDGE('',*,*,#2996,.F.);
#2998=CARTESIAN_POINT('',(-77.,9.5,0.));
#2999=VERTEX_POINT('',#2998);
#3000=CARTESIAN_POINT('',(-77.,9.5,6.3));
#3001=CARTESIAN_POINT('',(-77.,9.5,0.));
#3002=B_SPLINE_CURVE_WITH_KNOTS('',1,(#3000,#3001),.UNSPECIFIED.,.F.,.F.,(2,2),(0.0087,0.015),.UNSPECIFIED.);
#3003=EDGE_CURVE('',#2990,#2999,#3002,.T.);
#3004=ORIENTED_EDGE('',*,*,#3003,.T.);
#3005=CARTESIAN_POINT('',(-77.,-9.5,0.));
#3006=VERTEX_POINT('',#3005);
#3007=CARTESIAN_POINT('',(-77.,9.5,0.));
#3008=CARTESIAN_POINT('',(-77.,-9.5,0.));
#3009=B_SPLINE_CURVE_WITH_KNOTS('',1,(#3007,#3008),.UNSPECIFIED.,.F.,.F.,(2,2),(0.,0.019),.UNSPECIFIED.);
#3010=EDGE_CURVE('',#2999,#3006,#3009,.T.);
#3011=ORIENTED_EDGE('',*,*,#3010,.T.);
#3012=CARTESIAN_POINT('',(-77.,-9.5,6.3));
#3013=CARTESIAN_POINT('',(-77.,-9.5,0.));
#3014=B_SPLINE_CURVE_WITH_KNOTS('',1,(#3012,#3013),.UNSPECIFIED.,.F.,.F.,(2,2),(0.0087,0.015),.UNSPECIFIED.);
#3015=EDGE_CURVE('',#2992,#3006,#3014,.T.);
#3016=ORIENTED_EDGE('',*,*,#3015,.F.);
#3017=EDGE_LOOP('',(#2997,#3004,#3011,#3016));
#3018=FACE_BOUND('',#3017,.T.);
#3019=ADVANCED_FACE('',(#3018),#2988,.F.);
#3020=CARTESIAN_POINT('',(-77.,-9.5,0.));
#3021=CARTESIAN_POINT('',(0.,-9.5,0.));
#3022=CARTESIAN_POINT('',(-77.,-9.5,16.));
#3023=CARTESIAN_POINT('',(0.,-9.5,16.));
#3024=B_SPLINE_SURFACE_WITH_KNOTS('',1,1,((#3020,#3021),(#3022,#3023)),.UNSPECIFIED.,.F.,.F.,.U.,(2,2),(2,2),(-0.015,0.001),(0.,0.077),.UNSPECIFIED.);
#3025=CARTESIAN_POINT('',(-52.647465745,-9.5,6.3));
#3026=VERTEX_POINT('',#3025);
#3027=CARTESIAN_POINT('',(-77.,-9.5,6.3));
#3028=CARTESIAN_POINT('',(-52.647465745,-9.5,6.3));
#3029=B_SPLINE_CURVE_WITH_KNOTS('',1,(#3027,#3028),.UNSPECIFIED.,.F.,.F.,(2,2),(0.,0.024352534),.UNSPECIFIED.);
#3030=EDGE_CURVE('',#2992,#3026,#3029,.T.);
#3031=ORIENTED_EDGE('',*,*,#3030,.F.);
#3032=ORIENTED_EDGE('',*,*,#3015,.T.);
#3033=CARTESIAN_POINT('',(0.,-9.5,0.));
#3034=VERTEX_POINT('',#3033);
#3035=CARTESIAN_POINT('',(-77.,-9.5,0.));
#3036=CARTESIAN_POINT('',(0.,-9.5,0.));
#3037=B_SPLINE_CURVE_WITH_KNOTS('',1,(#3035,#3036),.UNSPECIFIED.,.F.,.F.,(2,2),(0.,0.077),.UNSPECIFIED.);
#3038=EDGE_CURVE('',#3006,#3034,#3037,.T.);
#3039=ORIENTED_EDGE('',*,*,#3038,.T.);
#3040=CARTESIAN_POINT('',(0.,-9.5,16.));
#3041=VERTEX_POINT('',#3040);
#3042=CARTESIAN_POINT('',(0.,-9.5,16.));
#3043=CARTESIAN_POINT('',(0.,-9.5,0.));
#3044=B_SPLINE_CURVE_WITH_KNOTS('',1,(#3042,#3043),.UNSPECIFIED.,.F.,.F.,(2,2),(-0.001,0.015),.UNSPECIFIED.);
#3045=EDGE_CURVE('',#3041,#3034,#3044,.T.);
#3046=ORIENTED_EDGE('',*,*,#3045,.F.);
#3047=CARTESIAN_POINT('',(-77.,-9.5,16.));
#3048=VERTEX_POINT('',#3047);
#3049=CARTESIAN_POINT('',(-77.,-9.5,16.));
#3050=CARTESIAN_POINT('',(0.,-9.5,16.));
#3051=B_SPLINE_CURVE_WITH_KNOTS('',1,(#3049,#3050),.UNSPECIFIED.,.F.,.F.,(2,2),(0.,0.077),.UNSPECIFIED.);
#3052=EDGE_CURVE('',#3048,#3041,#3051,.T.);
#3053=ORIENTED_EDGE('',*,*,#3052,.F.);
#3054=CARTESIAN_POINT('',(-77.,-9.5,8.3));
#3055=VERTEX_POINT('',#3054);
#3056=CARTESIAN_POINT('',(-77.,-9.5,16.));
#3057=CARTESIAN_POINT('',(-77.,-9.5,8.3));
#3058=B_SPLINE_CURVE_WITH_KNOTS('',1,(#3056,#3057),.UNSPECIFIED.,.F.,.F.,(2,2),(-0.001,0.0067),.UNSPECIFIED.);
#3059=EDGE_CURVE('',#3048,#3055,#3058,.T.);
#3060=ORIENTED_EDGE('',*,*,#3059,.T.);
#3061=CARTESIAN_POINT('',(-52.647465745,-9.5,8.3));
#3062=VERTEX_POINT('',#3061);
#3063=CARTESIAN_POINT('',(-52.647465745,-9.5,8.3));
#3064=CARTESIAN_POINT('',(-77.,-9.5,8.3));
#3065=B_SPLINE_CURVE_WITH_KNOTS('',1,(#3063,#3064),.UNSPECIFIED.,.F.,.F.,(2,2),(0.000647466,0.025),.UNSPECIFIED.);
#3066=EDGE_CURVE('',#3062,#3055,#3065,.T.);
#3067=ORIENTED_EDGE('',*,*,#3066,.F.);
#3068=CARTESIAN_POINT('',(-52.,-9.5,7.652534255));
#3069=VERTEX_POINT('',#3068);
#3070=CARTESIAN_POINT('',(-52.647465745,-9.5,8.3));
#3071=CARTESIAN_POINT('',(-52.,-9.5,8.3));
#3072=CARTESIAN_POINT('',(-52.,-9.5,7.652534255));
#3073=(BOUNDED_CURVE()
B_SPLINE_CURVE(2,(#3070,#3071,#3072),.UNSPECIFIED.,.F.,.F.)
B_SPLINE_CURVE_WITH_KNOTS((3,3),(6.283185307,7.853981634),.UNSPECIFIED.)
CURVE()
GEOMETRIC_REPRESENTATION_ITEM()
RATIONAL_B_SPLINE_CURVE((1.,0.707106781,1.))
REPRESENTATION_ITEM(''));
#3074=EDGE_CURVE('',#3062,#3069,#3073,.T.);
#3075=ORIENTED_EDGE('',*,*,#3074,.T.);
#3076=CARTESIAN_POINT('',(-52.,-9.5,6.947465745));
#3077=VERTEX_POINT('',#3076);
#3078=CARTESIAN_POINT('',(-52.,-9.5,6.947465745));
#3079=CARTESIAN_POINT('',(-52.,-9.5,7.652534255));
#3080=B_SPLINE_CURVE_WITH_KNOTS('',1,(#3078,#3079),.UNSPECIFIED.,.F.,.F.,(2,2),(0.000647466,0.001352534),.UNSPECIFIED.);
#3081=EDGE_CURVE('',#3077,#3069,#3080,.T.);
#3082=ORIENTED_EDGE('',*,*,#3081,.F.);
#3083=CARTESIAN_POINT('',(-52.,-9.5,6.947465745));
#3084=CARTESIAN_POINT('',(-52.,-9.5,6.3));
#3085=CARTESIAN_POINT('',(-52.647465745,-9.5,6.3));
#3086=(BOUNDED_CURVE()
B_SPLINE_CURVE(2,(#3083,#3084,#3085),.UNSPECIFIED.,.F.,.F.)
B_SPLINE_CURVE_WITH_KNOTS((3,3),(1.570796327,3.141592654),.UNSPECIFIED.)
CURVE()
GEOMETRIC_REPRESENTATION_ITEM()
RATIONAL_B_SPLINE_CURVE((1.,0.707106781,1.))
REPRESENTATION_ITEM(''));
#3087=EDGE_CURVE('',#3077,#3026,#3086,.T.);
#3088=ORIENTED_EDGE('',*,*,#3087,.T.);
#3089=EDGE_LOOP('',(#3031,#3032,#3039,#3046,#3053,#3060,#3067,#3075,#3082,#3088));
#3090=FACE_BOUND('',#3089,.T.);
#3091=ADVANCED_FACE('',(#3090),#3024,.F.);
#3092=CARTESIAN_POINT('',(-75.,-7.5,6.3));
#3093=CARTESIAN_POINT('',(-75.,7.5,6.3));
#3094=CARTESIAN_POINT('',(-75.,-7.5,-0.));
#3095=CARTESIAN_POINT('',(-75.,7.5,-0.));
#3096=B_SPLINE_SURFACE_WITH_KNOTS('',1,1,((#3092,#3093),(#3094,#3095)),.UNSPECIFIED.,.F.,.F.,.U.,(2,2),(2,2),(0.0087,0.015),(-0.0075,0.0075),.UNSPECIFIED.);
#3097=CARTESIAN_POINT('',(-75.,-7.5,6.3));
#3098=VERTEX_POINT('',#3097);
#3099=CARTESIAN_POINT('',(-75.,7.5,6.3));
#3100=VERTEX_POINT('',#3099);
#3101=CARTESIAN_POINT('',(-75.,-7.5,6.3));
#3102=CARTESIAN_POINT('',(-75.,7.5,6.3));
#3103=B_SPLINE_CURVE_WITH_KNOTS('',1,(#3101,#3102),.UNSPECIFIED.,.F.,.F.,(2,2),(-0.0075,0.0075),.UNSPECIFIED.);
#3104=EDGE_CURVE('',#3098,#3100,#3103,.T.);
#3105=ORIENTED_EDGE('',*,*,#3104,.F.);
#3106=CARTESIAN_POINT('',(-75.,-7.5,0.));
#3107=VERTEX_POINT('',#3106);
#3108=CARTESIAN_POINT('',(-75.,-7.5,6.3));
#3109=CARTESIAN_POINT('',(-75.,-7.5,0.));
#3110=B_SPLINE_CURVE_WITH_KNOTS('',1,(#3108,#3109),.UNSPECIFIED.,.F.,.F.,(2,2),(0.0087,0.015),.UNSPECIFIED.);
#3111=EDGE_CURVE('',#3098,#3107,#3110,.T.);
#3112=ORIENTED_EDGE('',*,*,#3111,.T.);
#3113=CARTESIAN_POINT('',(-75.,7.5,0.));
#3114=VERTEX_POINT('',#3113);
#3115=CARTESIAN_POINT('',(-75.,7.5,-0.));
#3116=CARTESIAN_POINT('',(-75.,-7.5,0.));
#3117=B_SPLINE_CURVE_WITH_KNOTS('',1,(#3115,#3116),.UNSPECIFIED.,.F.,.F.,(2,2),(-0.0075,0.0075),.UNSPECIFIED.);
#3118=EDGE_CURVE('',#3114,#3107,#3117,.T.);
#3119=ORIENTED_EDGE('',*,*,#3118,.F.);
#3120=CARTESIAN_POINT('',(-75.,7.5,6.3));
#3121=CARTESIAN_POINT('',(-75.,7.5,0.));
#3122=B_SPLINE_CURVE_WITH_KNOTS('',1,(#3120,#3121),.UNSPECIFIED.,.F.,.F.,(2,2),(0.0087,0.015),.UNSPECIFIED.);
#3123=EDGE_CURVE('',#3100,#3114,#3122,.T.);
#3124=ORIENTED_EDGE('',*,*,#3123,.F.);
#3125=EDGE_LOOP('',(#3105,#3112,#3119,#3124));
#3126=FACE_BOUND('',#3125,.T.);
#3127=ADVANCED_FACE('',(#3126),#3096,.T.);
#3128=CARTESIAN_POINT('',(0.,7.5,-0.));
#3129=CARTESIAN_POINT('',(0.,9.5,-0.));
#3130=CARTESIAN_POINT('',(0.,7.5,16.));
#3131=CARTESIAN_POINT('',(0.,9.5,16.));
#3132=B_SPLINE_SURFACE_WITH_KNOTS('',1,1,((#3128,#3129),(#3130,#3131)),.UNSPECIFIED.,.F.,.F.,.U.,(2,2),(2,2),(-0.015,0.001),(-0.,0.002),.UNSPECIFIED.);
#3133=CARTESIAN_POINT('',(0.,7.5,0.));
#3134=VERTEX_POINT('',#3133);
#3135=CARTESIAN_POINT('',(0.,9.5,0.));
#3136=VERTEX_POINT('',#3135);
#3137=CARTESIAN_POINT('',(0.,7.5,0.));
#3138=CARTESIAN_POINT('',(0.,9.5,0.));
#3139=B_SPLINE_CURVE_WITH_KNOTS('',1,(#3137,#3138),.UNSPECIFIED.,.F.,.F.,(2,2),(0.,0.002),.UNSPECIFIED.);
#3140=EDGE_CURVE('',#3134,#3136,#3139,.T.);
#3141=ORIENTED_EDGE('',*,*,#3140,.T.);
#3142=CARTESIAN_POINT('',(0.,9.5,16.));
#3143=VERTEX_POINT('',#3142);
#3144=CARTESIAN_POINT('',(0.,9.5,16.));
#3145=CARTESIAN_POINT('',(0.,9.5,0.));
#3146=B_SPLINE_CURVE_WITH_KNOTS('',1,(#3144,#3145),.UNSPECIFIED.,.F.,.F.,(2,2),(-0.001,0.015),.UNSPECIFIED.);
#3147=EDGE_CURVE('',#3143,#3136,#3146,.T.);
#3148=ORIENTED_EDGE('',*,*,#3147,.F.);
#3149=CARTESIAN_POINT('',(0.,7.5,16.));
#3150=VERTEX_POINT('',#3149);
#3151=CARTESIAN_POINT('',(0.,7.5,16.));
#3152=CARTESIAN_POINT('',(0.,9.5,16.));
#3153=B_SPLINE_CURVE_WITH_KNOTS('',1,(#3151,#3152),.UNSPECIFIED.,.F.,.F.,(2,2),(0.,0.002),.UNSPECIFIED.);
#3154=EDGE_CURVE('',#3150,#3143,#3153,.T.);
#3155=ORIENTED_EDGE('',*,*,#3154,.F.);
#3156=CARTESIAN_POINT('',(0.,7.5,16.));
#3157=CARTESIAN_POINT('',(0.,7.5,0.));
#3158=B_SPLINE_CURVE_WITH_KNOTS('',1,(#3156,#3157),.UNSPECIFIED.,.F.,.F.,(2,2),(-0.001,0.015),.UNSPECIFIED.);
#3159=EDGE_CURVE('',#3150,#3134,#3158,.T.);
#3160=ORIENTED_EDGE('',*,*,#3159,.T.);
#3161=EDGE_LOOP('',(#3141,#3148,#3155,#3160));
#3162=FACE_BOUND('',#3161,.T.);
#3163=ADVANCED_FACE('',(#3162),#3132,.F.);
#3164=CARTESIAN_POINT('',(-77.,9.5,16.));
#3165=CARTESIAN_POINT('',(0.,9.5,16.));
#3166=CARTESIAN_POINT('',(-77.,9.5,-0.));
#3167=CARTESIAN_POINT('',(0.,9.5,-0.));
#3168=B_SPLINE_SURFACE_WITH_KNOTS('',1,1,((#3164,#3165),(#3166,#3167)),.UNSPECIFIED.,.F.,.F.,.U.,(2,2),(2,2),(-0.001,0.015),(-0.077,0.),.UNSPECIFIED.);
#3169=ORIENTED_EDGE('',*,*,#3003,.F.);
#3170=CARTESIAN_POINT('',(-52.647465745,9.5,6.3));
#3171=VERTEX_POINT('',#3170);
#3172=CARTESIAN_POINT('',(-77.,9.5,6.3));
#3173=CARTESIAN_POINT('',(-52.647465745,9.5,6.3));
#3174=B_SPLINE_CURVE_WITH_KNOTS('',1,(#3172,#3173),.UNSPECIFIED.,.F.,.F.,(2,2),(-0.077,-0.052647466),.UNSPECIFIED.);
#3175=EDGE_CURVE('',#2990,#3171,#3174,.T.);
#3176=ORIENTED_EDGE('',*,*,#3175,.T.);
#3177=CARTESIAN_POINT('',(-52.,9.5,6.947465745));
#3178=VERTEX_POINT('',#3177);
#3179=CARTESIAN_POINT('',(-52.647465745,9.5,6.3));
#3180=CARTESIAN_POINT('',(-52.,9.5,6.3));
#3181=CARTESIAN_POINT('',(-52.,9.5,6.947465745));
#3182=(BOUNDED_CURVE()
B_SPLINE_CURVE(2,(#3179,#3180,#3181),.UNSPECIFIED.,.F.,.F.)
B_SPLINE_CURVE_WITH_KNOTS((3,3),(6.283185307,7.853981634),.UNSPECIFIED.)
CURVE()
GEOMETRIC_REPRESENTATION_ITEM()
RATIONAL_B_SPLINE_CURVE((1.,0.707106781,1.))
REPRESENTATION_ITEM(''));
#3183=EDGE_CURVE('',#3171,#3178,#3182,.T.);
#3184=ORIENTED_EDGE('',*,*,#3183,.T.);
#3185=CARTESIAN_POINT('',(-52.,9.5,7.652534255));
#3186=VERTEX_POINT('',#3185);
#3187=CARTESIAN_POINT('',(-52.,9.5,6.947465745));
#3188=CARTESIAN_POINT('',(-52.,9.5,7.652534255));
#3189=B_SPLINE_CURVE_WITH_KNOTS('',1,(#3187,#3188),.UNSPECIFIED.,.F.,.F.,(2,2),(-0.008052534,-0.007347466),.UNSPECIFIED.);
#3190=EDGE_CURVE('',#3178,#3186,#3189,.T.);
#3191=ORIENTED_EDGE('',*,*,#3190,.T.);
#3192=CARTESIAN_POINT('',(-52.647465745,9.5,8.3));
#3193=VERTEX_POINT('',#3192);
#3194=CARTESIAN_POINT('',(-52.,9.5,7.652534255));
#3195=CARTESIAN_POINT('',(-52.,9.5,8.3));
#3196=CARTESIAN_POINT('',(-52.647465745,9.5,8.3));
#3197=(BOUNDED_CURVE()
B_SPLINE_CURVE(2,(#3194,#3195,#3196),.UNSPECIFIED.,.F.,.F.)
B_SPLINE_CURVE_WITH_KNOTS((3,3),(1.570796327,3.141592654),.UNSPECIFIED.)
CURVE()
GEOMETRIC_REPRESENTATION_ITEM()
RATIONAL_B_SPLINE_CURVE((1.,0.707106781,1.))
REPRESENTATION_ITEM(''));
#3198=EDGE_CURVE('',#3186,#3193,#3197,.T.);
#3199=ORIENTED_EDGE('',*,*,#3198,.T.);
#3200=CARTESIAN_POINT('',(-77.,9.5,8.3));
#3201=VERTEX_POINT('',#3200);
#3202=CARTESIAN_POINT('',(-52.647465745,9.5,8.3));
#3203=CARTESIAN_POINT('',(-77.,9.5,8.3));
#3204=B_SPLINE_CURVE_WITH_KNOTS('',1,(#3202,#3203),.UNSPECIFIED.,.F.,.F.,(2,2),(0.052647466,0.077),.UNSPECIFIED.);
#3205=EDGE_CURVE('',#3193,#3201,#3204,.T.);
#3206=ORIENTED_EDGE('',*,*,#3205,.T.);
#3207=CARTESIAN_POINT('',(-77.,9.5,16.));
#3208=VERTEX_POINT('',#3207);
#3209=CARTESIAN_POINT('',(-77.,9.5,16.));
#3210=CARTESIAN_POINT('',(-77.,9.5,8.3));
#3211=B_SPLINE_CURVE_WITH_KNOTS('',1,(#3209,#3210),.UNSPECIFIED.,.F.,.F.,(2,2),(-0.001,0.0067),.UNSPECIFIED.);
#3212=EDGE_CURVE('',#3208,#3201,#3211,.T.);
#3213=ORIENTED_EDGE('',*,*,#3212,.F.);
#3214=CARTESIAN_POINT('',(0.,9.5,16.));
#3215=CARTESIAN_POINT('',(-77.,9.5,16.));
#3216=B_SPLINE_CURVE_WITH_KNOTS('',1,(#3214,#3215),.UNSPECIFIED.,.F.,.F.,(2,2),(0.,0.077),.UNSPECIFIED.);
#3217=EDGE_CURVE('',#3143,#3208,#3216,.T.);
#3218=ORIENTED_EDGE('',*,*,#3217,.F.);
#3219=ORIENTED_EDGE('',*,*,#3147,.T.);
#3220=CARTESIAN_POINT('',(0.,9.5,0.));
#3221=CARTESIAN_POINT('',(-77.,9.5,0.));
#3222=B_SPLINE_CURVE_WITH_KNOTS('',1,(#3220,#3221),.UNSPECIFIED.,.F.,.F.,(2,2),(0.,0.077),.UNSPECIFIED.);
#3223=EDGE_CURVE('',#3136,#2999,#3222,.T.);
#3224=ORIENTED_EDGE('',*,*,#3223,.T.);
#3225=EDGE_LOOP('',(#3169,#3176,#3184,#3191,#3199,#3206,#3213,#3218,#3219,#3224));
#3226=FACE_BOUND('',#3225,.T.);
#3227=ADVANCED_FACE('',(#3226),#3168,.F.);
#3228=CARTESIAN_POINT('',(-77.,-9.5,16.));
#3229=CARTESIAN_POINT('',(-77.,9.5,16.));
#3230=CARTESIAN_POINT('',(-77.,-9.5,8.3));
#3231=CARTESIAN_POINT('',(-77.,9.5,8.3));
#3232=B_SPLINE_SURFACE_WITH_KNOTS('',1,1,((#3228,#3229),(#3230,#3231)),.UNSPECIFIED.,.F.,.F.,.U.,(2,2),(2,2),(-0.001,0.0067),(-0.019,0.),.UNSPECIFIED.);
#3233=ORIENTED_EDGE('',*,*,#3212,.T.);
#3234=CARTESIAN_POINT('',(-77.,9.5,8.3));
#3235=CARTESIAN_POINT('',(-77.,-9.5,8.3));
#3236=B_SPLINE_CURVE_WITH_KNOTS('',1,(#3234,#3235),.UNSPECIFIED.,.F.,.F.,(2,2),(0.068490558,0.087490558),.UNSPECIFIED.);
#3237=EDGE_CURVE('',#3201,#3055,#3236,.T.);
#3238=ORIENTED_EDGE('',*,*,#3237,.T.);
#3239=ORIENTED_EDGE('',*,*,#3059,.F.);
#3240=CARTESIAN_POINT('',(-77.,9.5,16.));
#3241=CARTESIAN_POINT('',(-77.,-9.5,16.));
#3242=B_SPLINE_CURVE_WITH_KNOTS('',1,(#3240,#3241),.UNSPECIFIED.,.F.,.F.,(2,2),(0.,0.019),.UNSPECIFIED.);
#3243=EDGE_CURVE('',#3208,#3048,#3242,.T.);
#3244=ORIENTED_EDGE('',*,*,#3243,.F.);
#3245=EDGE_LOOP('',(#3233,#3238,#3239,#3244));
#3246=FACE_BOUND('',#3245,.T.);
#3247=ADVANCED_FACE('',(#3246),#3232,.F.);
#3248=CARTESIAN_POINT('',(0.,-9.5,0.));
#3249=CARTESIAN_POINT('',(0.,-7.5,0.));
#3250=CARTESIAN_POINT('',(0.,-9.5,16.));
#3251=CARTESIAN_POINT('',(0.,-7.5,16.));
#3252=B_SPLINE_SURFACE_WITH_KNOTS('',1,1,((#3248,#3249),(#3250,#3251)),.UNSPECIFIED.,.F.,.F.,.U.,(2,2),(2,2),(-0.015,0.001),(-0.,0.002),.UNSPECIFIED.);
#3253=CARTESIAN_POINT('',(0.,-7.5,0.));
#3254=VERTEX_POINT('',#3253);
#3255=CARTESIAN_POINT('',(0.,-9.5,0.));
#3256=CARTESIAN_POINT('',(0.,-7.5,0.));
#3257=B_SPLINE_CURVE_WITH_KNOTS('',1,(#3255,#3256),.UNSPECIFIED.,.F.,.F.,(2,2),(0.,0.002),.UNSPECIFIED.);
#3258=EDGE_CURVE('',#3034,#3254,#3257,.T.);
#3259=ORIENTED_EDGE('',*,*,#3258,.T.);
#3260=CARTESIAN_POINT('',(0.,-7.5,16.));
#3261=VERTEX_POINT('',#3260);
#3262=CARTESIAN_POINT('',(0.,-7.5,16.));
#3263=CARTESIAN_POINT('',(0.,-7.5,0.));
#3264=B_SPLINE_CURVE_WITH_KNOTS('',1,(#3262,#3263),.UNSPECIFIED.,.F.,.F.,(2,2),(-0.001,0.015),.UNSPECIFIED.);
#3265=EDGE_CURVE('',#3261,#3254,#3264,.T.);
#3266=ORIENTED_EDGE('',*,*,#3265,.F.);
#3267=CARTESIAN_POINT('',(0.,-9.5,16.));
#3268=CARTESIAN_POINT('',(0.,-7.5,16.));
#3269=B_SPLINE_CURVE_WITH_KNOTS('',1,(#3267,#3268),.UNSPECIFIED.,.F.,.F.,(2,2),(0.,0.002),.UNSPECIFIED.);
#3270=EDGE_CURVE('',#3041,#3261,#3269,.T.);
#3271=ORIENTED_EDGE('',*,*,#3270,.F.);
#3272=ORIENTED_EDGE('',*,*,#3045,.T.);
#3273=EDGE_LOOP('',(#3259,#3266,#3271,#3272));
#3274=FACE_BOUND('',#3273,.T.);
#3275=ADVANCED_FACE('',(#3274),#3252,.F.);
#3276=CARTESIAN_POINT('',(-75.,-7.5,-0.));
#3277=CARTESIAN_POINT('',(0.,-7.5,-0.));
#3278=CARTESIAN_POINT('',(-75.,-7.5,16.));
#3279=CARTESIAN_POINT('',(0.,-7.5,16.));
#3280=B_SPLINE_SURFACE_WITH_KNOTS('',1,1,((#3276,#3277),(#3278,#3279)),.UNSPECIFIED.,.F.,.F.,.U.,(2,2),(2,2),(-0.015,0.001),(0.,0.075),.UNSPECIFIED.);
#3281=CARTESIAN_POINT('',(-52.647465745,-7.5,6.3));
#3282=VERTEX_POINT('',#3281);
#3283=CARTESIAN_POINT('',(-52.647465745,-7.5,6.3));
#3284=CARTESIAN_POINT('',(-75.,-7.5,6.3));
#3285=B_SPLINE_CURVE_WITH_KNOTS('',1,(#3283,#3284),.UNSPECIFIED.,.F.,.F.,(2,2),(-0.022352534,0.),.UNSPECIFIED.);
#3286=EDGE_CURVE('',#3282,#3098,#3285,.T.);
#3287=ORIENTED_EDGE('',*,*,#3286,.F.);
#3288=CARTESIAN_POINT('',(-52.,-7.5,6.947465745));
#3289=VERTEX_POINT('',#3288);
#3290=CARTESIAN_POINT('',(-52.647465745,-7.5,6.3));
#3291=CARTESIAN_POINT('',(-52.,-7.5,6.3));
#3292=CARTESIAN_POINT('',(-52.,-7.5,6.947465745));
#3293=(BOUNDED_CURVE()
B_SPLINE_CURVE(2,(#3290,#3291,#3292),.UNSPECIFIED.,.F.,.F.)
B_SPLINE_CURVE_WITH_KNOTS((3,3),(1.570796327,3.141592654),.UNSPECIFIED.)
CURVE()
GEOMETRIC_REPRESENTATION_ITEM()
RATIONAL_B_SPLINE_CURVE((1.,0.707106781,1.))
REPRESENTATION_ITEM(''));
#3294=EDGE_CURVE('',#3282,#3289,#3293,.T.);
#3295=ORIENTED_EDGE('',*,*,#3294,.T.);
#3296=CARTESIAN_POINT('',(-52.,-7.5,7.652534255));
#3297=VERTEX_POINT('',#3296);
#3298=CARTESIAN_POINT('',(-52.,-7.5,7.652534255));
#3299=CARTESIAN_POINT('',(-52.,-7.5,6.947465745));
#3300=B_SPLINE_CURVE_WITH_KNOTS('',1,(#3298,#3299),.UNSPECIFIED.,.F.,.F.,(2,2),(0.007347466,0.008052534),.UNSPECIFIED.);
#3301=EDGE_CURVE('',#3297,#3289,#3300,.T.);
#3302=ORIENTED_EDGE('',*,*,#3301,.F.);
#3303=CARTESIAN_POINT('',(-52.647465745,-7.5,8.3));
#3304=VERTEX_POINT('',#3303);
#3305=CARTESIAN_POINT('',(-52.,-7.5,7.652534255));
#3306=CARTESIAN_POINT('',(-52.,-7.5,8.3));
#3307=CARTESIAN_POINT('',(-52.647465745,-7.5,8.3));
#3308=(BOUNDED_CURVE()
B_SPLINE_CURVE(2,(#3305,#3306,#3307),.UNSPECIFIED.,.F.,.F.)
B_SPLINE_CURVE_WITH_KNOTS((3,3),(6.283185307,7.853981634),.UNSPECIFIED.)
CURVE()
GEOMETRIC_REPRESENTATION_ITEM()
RATIONAL_B_SPLINE_CURVE((1.,0.707106781,1.))
REPRESENTATION_ITEM(''));
#3309=EDGE_CURVE('',#3297,#3304,#3308,.T.);
#3310=ORIENTED_EDGE('',*,*,#3309,.T.);
#3311=CARTESIAN_POINT('',(-75.,-7.5,8.3));
#3312=VERTEX_POINT('',#3311);
#3313=CARTESIAN_POINT('',(-75.,-7.5,8.3));
#3314=CARTESIAN_POINT('',(-52.647465745,-7.5,8.3));
#3315=B_SPLINE_CURVE_WITH_KNOTS('',1,(#3313,#3314),.UNSPECIFIED.,.F.,.F.,(2,2),(0.,0.022352534),.UNSPECIFIED.);
#3316=EDGE_CURVE('',#3312,#3304,#3315,.T.);
#3317=ORIENTED_EDGE('',*,*,#3316,.F.);
#3318=CARTESIAN_POINT('',(-75.,-7.5,16.));
#3319=VERTEX_POINT('',#3318);
#3320=CARTESIAN_POINT('',(-75.,-7.5,16.));
#3321=CARTESIAN_POINT('',(-75.,-7.5,8.3));
#3322=B_SPLINE_CURVE_WITH_KNOTS('',1,(#3320,#3321),.UNSPECIFIED.,.F.,.F.,(2,2),(-0.0067,0.001),.UNSPECIFIED.);
#3323=EDGE_CURVE('',#3319,#3312,#3322,.T.);
#3324=ORIENTED_EDGE('',*,*,#3323,.F.);
#3325=CARTESIAN_POINT('',(-75.,-7.5,16.));
#3326=CARTESIAN_POINT('',(0.,-7.5,16.));
#3327=B_SPLINE_CURVE_WITH_KNOTS('',1,(#3325,#3326),.UNSPECIFIED.,.F.,.F.,(2,2),(0.,0.075),.UNSPECIFIED.);
#3328=EDGE_CURVE('',#3319,#3261,#3327,.T.);
#3329=ORIENTED_EDGE('',*,*,#3328,.T.);
#3330=ORIENTED_EDGE('',*,*,#3265,.T.);
#3331=CARTESIAN_POINT('',(-75.,-7.5,0.));
#3332=CARTESIAN_POINT('',(0.,-7.5,0.));
#3333=B_SPLINE_CURVE_WITH_KNOTS('',1,(#3331,#3332),.UNSPECIFIED.,.F.,.F.,(2,2),(0.,0.075),.UNSPECIFIED.);
#3334=EDGE_CURVE('',#3107,#3254,#3333,.T.);
#3335=ORIENTED_EDGE('',*,*,#3334,.F.);
#3336=ORIENTED_EDGE('',*,*,#3111,.F.);
#3337=EDGE_LOOP('',(#3287,#3295,#3302,#3310,#3317,#3324,#3329,#3330,#3335,#3336));
#3338=FACE_BOUND('',#3337,.T.);
#3339=ADVANCED_FACE('',(#3338),#3280,.T.);
#3340=CARTESIAN_POINT('',(-75.,-7.5,16.));
#3341=CARTESIAN_POINT('',(-75.,7.5,16.));
#3342=CARTESIAN_POINT('',(-75.,-7.5,8.3));
#3343=CARTESIAN_POINT('',(-75.,7.5,8.3));
#3344=B_SPLINE_SURFACE_WITH_KNOTS('',1,1,((#3340,#3341),(#3342,#3343)),.UNSPECIFIED.,.F.,.F.,.U.,(2,2),(2,2),(-0.001,0.0067),(-0.0075,0.0075),.UNSPECIFIED.);
#3345=CARTESIAN_POINT('',(-75.,7.5,8.3));
#3346=VERTEX_POINT('',#3345);
#3347=CARTESIAN_POINT('',(-75.,7.5,8.3));
#3348=CARTESIAN_POINT('',(-75.,-7.5,8.3));
#3349=B_SPLINE_CURVE_WITH_KNOTS('',1,(#3347,#3348),.UNSPECIFIED.,.F.,.F.,(2,2),(-0.0075,0.0075),.UNSPECIFIED.);
#3350=EDGE_CURVE('',#3346,#3312,#3349,.T.);
#3351=ORIENTED_EDGE('',*,*,#3350,.F.);
#3352=CARTESIAN_POINT('',(-75.,7.5,16.));
#3353=VERTEX_POINT('',#3352);
#3354=CARTESIAN_POINT('',(-75.,7.5,16.));
#3355=CARTESIAN_POINT('',(-75.,7.5,8.3));
#3356=B_SPLINE_CURVE_WITH_KNOTS('',1,(#3354,#3355),.UNSPECIFIED.,.F.,.F.,(2,2),(-0.001,0.0067),.UNSPECIFIED.);
#3357=EDGE_CURVE('',#3353,#3346,#3356,.T.);
#3358=ORIENTED_EDGE('',*,*,#3357,.F.);
#3359=CARTESIAN_POINT('',(-75.,7.5,16.));
#3360=CARTESIAN_POINT('',(-75.,-7.5,16.));
#3361=B_SPLINE_CURVE_WITH_KNOTS('',1,(#3359,#3360),.UNSPECIFIED.,.F.,.F.,(2,2),(-0.0075,0.0075),.UNSPECIFIED.);
#3362=EDGE_CURVE('',#3353,#3319,#3361,.T.);
#3363=ORIENTED_EDGE('',*,*,#3362,.T.);
#3364=ORIENTED_EDGE('',*,*,#3323,.T.);
#3365=EDGE_LOOP('',(#3351,#3358,#3363,#3364));
#3366=FACE_BOUND('',#3365,.T.);
#3367=ADVANCED_FACE('',(#3366),#3344,.T.);
#3368=CARTESIAN_POINT('',(-75.,7.5,-0.));
#3369=CARTESIAN_POINT('',(0.,7.5,-0.));
#3370=CARTESIAN_POINT('',(-75.,7.5,16.));
#3371=CARTESIAN_POINT('',(0.,7.5,16.));
#3372=B_SPLINE_SURFACE_WITH_KNOTS('',1,1,((#3368,#3369),(#3370,#3371)),.UNSPECIFIED.,.F.,.F.,.U.,(2,2),(2,2),(-0.015,0.001),(0.,0.075),.UNSPECIFIED.);
#3373=CARTESIAN_POINT('',(-52.647465745,7.5,8.3));
#3374=VERTEX_POINT('',#3373);
#3375=CARTESIAN_POINT('',(-75.,7.5,8.3));
#3376=CARTESIAN_POINT('',(-52.647465745,7.5,8.3));
#3377=B_SPLINE_CURVE_WITH_KNOTS('',1,(#3375,#3376),.UNSPECIFIED.,.F.,.F.,(2,2),(0.,0.022352534),.UNSPECIFIED.);
#3378=EDGE_CURVE('',#3346,#3374,#3377,.T.);
#3379=ORIENTED_EDGE('',*,*,#3378,.T.);
#3380=CARTESIAN_POINT('',(-52.,7.5,7.652534255));
#3381=VERTEX_POINT('',#3380);
#3382=CARTESIAN_POINT('',(-52.647465745,7.5,8.3));
#3383=CARTESIAN_POINT('',(-52.,7.5,8.3));
#3384=CARTESIAN_POINT('',(-52.,7.5,7.652534255));
#3385=(BOUNDED_CURVE()
B_SPLINE_CURVE(2,(#3382,#3383,#3384),.UNSPECIFIED.,.F.,.F.)
B_SPLINE_CURVE_WITH_KNOTS((3,3),(6.283185307,7.853981634),.UNSPECIFIED.)
CURVE()
GEOMETRIC_REPRESENTATION_ITEM()
RATIONAL_B_SPLINE_CURVE((1.,0.707106781,1.))
REPRESENTATION_ITEM(''));
#3386=EDGE_CURVE('',#3374,#3381,#3385,.T.);
#3387=ORIENTED_EDGE('',*,*,#3386,.T.);
#3388=CARTESIAN_POINT('',(-52.,7.5,6.947465745));
#3389=VERTEX_POINT('',#3388);
#3390=CARTESIAN_POINT('',(-52.,7.5,7.652534255));
#3391=CARTESIAN_POINT('',(-52.,7.5,6.947465745));
#3392=B_SPLINE_CURVE_WITH_KNOTS('',1,(#3390,#3391),.UNSPECIFIED.,.F.,.F.,(2,2),(0.007347466,0.008052534),.UNSPECIFIED.);
#3393=EDGE_CURVE('',#3381,#3389,#3392,.T.);
#3394=ORIENTED_EDGE('',*,*,#3393,.T.);
#3395=CARTESIAN_POINT('',(-52.647465745,7.5,6.3));
#3396=VERTEX_POINT('',#3395);
#3397=CARTESIAN_POINT('',(-52.,7.5,6.947465745));
#3398=CARTESIAN_POINT('',(-52.,7.5,6.3));
#3399=CARTESIAN_POINT('',(-52.647465745,7.5,6.3));
#3400=(BOUNDED_CURVE()
B_SPLINE_CURVE(2,(#3397,#3398,#3399),.UNSPECIFIED.,.F.,.F.)
B_SPLINE_CURVE_WITH_KNOTS((3,3),(1.570796327,3.141592654),.UNSPECIFIED.)
CURVE()
GEOMETRIC_REPRESENTATION_ITEM()
RATIONAL_B_SPLINE_CURVE((1.,0.707106781,1.))
REPRESENTATION_ITEM(''));
#3401=EDGE_CURVE('',#3389,#3396,#3400,.T.);
#3402=ORIENTED_EDGE('',*,*,#3401,.T.);
#3403=CARTESIAN_POINT('',(-52.647465745,7.5,6.3));
#3404=CARTESIAN_POINT('',(-75.,7.5,6.3));
#3405=B_SPLINE_CURVE_WITH_KNOTS('',1,(#3403,#3404),.UNSPECIFIED.,.F.,.F.,(2,2),(-0.022352534,0.),.UNSPECIFIED.);
#3406=EDGE_CURVE('',#3396,#3100,#3405,.T.);
#3407=ORIENTED_EDGE('',*,*,#3406,.T.);
#3408=ORIENTED_EDGE('',*,*,#3123,.T.);
#3409=CARTESIAN_POINT('',(-75.,7.5,0.));
#3410=CARTESIAN_POINT('',(0.,7.5,0.));
#3411=B_SPLINE_CURVE_WITH_KNOTS('',1,(#3409,#3410),.UNSPECIFIED.,.F.,.F.,(2,2),(0.,0.075),.UNSPECIFIED.);
#3412=EDGE_CURVE('',#3114,#3134,#3411,.T.);
#3413=ORIENTED_EDGE('',*,*,#3412,.T.);
#3414=ORIENTED_EDGE('',*,*,#3159,.F.);
#3415=CARTESIAN_POINT('',(-75.,7.5,16.));
#3416=CARTESIAN_POINT('',(0.,7.5,16.));
#3417=B_SPLINE_CURVE_WITH_KNOTS('',1,(#3415,#3416),.UNSPECIFIED.,.F.,.F.,(2,2),(0.,0.075),.UNSPECIFIED.);
#3418=EDGE_CURVE('',#3353,#3150,#3417,.T.);
#3419=ORIENTED_EDGE('',*,*,#3418,.F.);
#3420=ORIENTED_EDGE('',*,*,#3357,.T.);
#3421=EDGE_LOOP('',(#3379,#3387,#3394,#3402,#3407,#3408,#3413,#3414,#3419,#3420));
#3422=FACE_BOUND('',#3421,.T.);
#3423=ADVANCED_FACE('',(#3422),#3372,.F.);
#3424=CARTESIAN_POINT('',(-77.,-9.5,16.));
#3425=CARTESIAN_POINT('',(-77.,9.5,16.));
#3426=CARTESIAN_POINT('',(0.,-9.5,16.));
#3427=CARTESIAN_POINT('',(0.,9.5,16.));
#3428=B_SPLINE_SURFACE_WITH_KNOTS('',1,1,((#3424,#3425),(#3426,#3427)),.UNSPECIFIED.,.F.,.F.,.U.,(2,2),(2,2),(-0.077,0.),(-0.0095,0.0095),.UNSPECIFIED.);
#3429=ORIENTED_EDGE('',*,*,#3154,.T.);
#3430=ORIENTED_EDGE('',*,*,#3217,.T.);
#3431=ORIENTED_EDGE('',*,*,#3243,.T.);
#3432=ORIENTED_EDGE('',*,*,#3052,.T.);
#3433=ORIENTED_EDGE('',*,*,#3270,.T.);
#3434=ORIENTED_EDGE('',*,*,#3328,.F.);
#3435=ORIENTED_EDGE('',*,*,#3362,.F.);
#3436=ORIENTED_EDGE('',*,*,#3418,.T.);
#3437=EDGE_LOOP('',(#3429,#3430,#3431,#3432,#3433,#3434,#3435,#3436));
#3438=FACE_BOUND('',#3437,.T.);
#3439=ADVANCED_FACE('',(#3438),#3428,.T.);
#3440=CARTESIAN_POINT('',(-77.,-9.5,0.));
#3441=CARTESIAN_POINT('',(-77.,9.5,0.));
#3442=CARTESIAN_POINT('',(0.,-9.5,0.));
#3443=CARTESIAN_POINT('',(0.,9.5,0.));
#3444=B_SPLINE_SURFACE_WITH_KNOTS('',1,1,((#3440,#3441),(#3442,#3443)),.UNSPECIFIED.,.F.,.F.,.U.,(2,2),(2,2),(-0.077,0.),(-0.0095,0.0095),.UNSPECIFIED.);
#3445=ORIENTED_EDGE('',*,*,#3140,.F.);
#3446=ORIENTED_EDGE('',*,*,#3412,.F.);
#3447=ORIENTED_EDGE('',*,*,#3118,.T.);
#3448=ORIENTED_EDGE('',*,*,#3334,.T.);
#3449=ORIENTED_EDGE('',*,*,#3258,.F.);
#3450=ORIENTED_EDGE('',*,*,#3038,.F.);
#3451=ORIENTED_EDGE('',*,*,#3010,.F.);
#3452=ORIENTED_EDGE('',*,*,#3223,.F.);
#3453=EDGE_LOOP('',(#3445,#3446,#3447,#3448,#3449,#3450,#3451,#3452));
#3454=FACE_BOUND('',#3453,.T.);
#3455=ADVANCED_FACE('',(#3454),#3444,.F.);
#3456=CARTESIAN_POINT('',(-52.647465745,-9.5,6.3));
#3457=CARTESIAN_POINT('',(-52.647465745,9.5,6.3));
#3458=CARTESIAN_POINT('',(-77.,-9.5,6.3));
#3459=CARTESIAN_POINT('',(-77.,9.5,6.3));
#3460=B_SPLINE_SURFACE_WITH_KNOTS('',1,1,((#3456,#3457),(#3458,#3459)),.UNSPECIFIED.,.F.,.F.,.U.,(2,2),(2,2),(-0.024352534,0.),(-0.087490558,-0.068490558),.UNSPECIFIED.);
#3461=ORIENTED_EDGE('',*,*,#3030,.T.);
#3462=CARTESIAN_POINT('',(-52.647465745,-9.5,6.3));
#3463=CARTESIAN_POINT('',(-52.647465745,-7.5,6.3));
#3464=B_SPLINE_CURVE_WITH_KNOTS('',1,(#3462,#3463),.UNSPECIFIED.,.F.,.F.,(2,2),(0.,0.002),.UNSPECIFIED.);
#3465=EDGE_CURVE('',#3026,#3282,#3464,.T.);
#3466=ORIENTED_EDGE('',*,*,#3465,.T.);
#3467=ORIENTED_EDGE('',*,*,#3286,.T.);
#3468=ORIENTED_EDGE('',*,*,#3104,.T.);
#3469=ORIENTED_EDGE('',*,*,#3406,.F.);
#3470=CARTESIAN_POINT('',(-52.647465745,7.5,6.3));
#3471=CARTESIAN_POINT('',(-52.647465745,9.5,6.3));
#3472=B_SPLINE_CURVE_WITH_KNOTS('',1,(#3470,#3471),.UNSPECIFIED.,.F.,.F.,(2,2),(0.,0.002),.UNSPECIFIED.);
#3473=EDGE_CURVE('',#3396,#3171,#3472,.T.);
#3474=ORIENTED_EDGE('',*,*,#3473,.T.);
#3475=ORIENTED_EDGE('',*,*,#3175,.F.);
#3476=ORIENTED_EDGE('',*,*,#2996,.T.);
#3477=EDGE_LOOP('',(#3461,#3466,#3467,#3468,#3469,#3474,#3475,#3476));
#3478=FACE_BOUND('',#3477,.T.);
#3479=ADVANCED_FACE('',(#3478),#3460,.F.);
#3480=CARTESIAN_POINT('',(-52.,7.5,7.652534255));
#3481=CARTESIAN_POINT('',(-52.,9.5,7.652534255));
#3482=CARTESIAN_POINT('',(-52.,7.5,6.947465745));
#3483=CARTESIAN_POINT('',(-52.,9.5,6.947465745));
#3484=B_SPLINE_SURFACE_WITH_KNOTS('',1,1,((#3480,#3481),(#3482,#3483)),.UNSPECIFIED.,.F.,.F.,.U.,(2,2),(2,2),(-0.001352534,-0.000647466),(-0.070490558,-0.068490558),.UNSPECIFIED.);
#3485=ORIENTED_EDGE('',*,*,#3393,.F.);
#3486=CARTESIAN_POINT('',(-52.,7.5,7.652534255));
#3487=CARTESIAN_POINT('',(-52.,9.5,7.652534255));
#3488=B_SPLINE_CURVE_WITH_KNOTS('',1,(#3486,#3487),.UNSPECIFIED.,.F.,.F.,(2,2),(0.,0.002),.UNSPECIFIED.);
#3489=EDGE_CURVE('',#3381,#3186,#3488,.T.);
#3490=ORIENTED_EDGE('',*,*,#3489,.T.);
#3491=ORIENTED_EDGE('',*,*,#3190,.F.);
#3492=CARTESIAN_POINT('',(-52.,9.5,6.947465745));
#3493=CARTESIAN_POINT('',(-52.,7.5,6.947465745));
#3494=B_SPLINE_CURVE_WITH_KNOTS('',1,(#3492,#3493),.UNSPECIFIED.,.F.,.F.,(2,2),(-0.002,0.),.UNSPECIFIED.);
#3495=EDGE_CURVE('',#3178,#3389,#3494,.T.);
#3496=ORIENTED_EDGE('',*,*,#3495,.T.);
#3497=EDGE_LOOP('',(#3485,#3490,#3491,#3496));
#3498=FACE_BOUND('',#3497,.T.);
#3499=ADVANCED_FACE('',(#3498),#3484,.F.);
#3500=CARTESIAN_POINT('',(-77.,-9.5,8.3));
#3501=CARTESIAN_POINT('',(-77.,9.5,8.3));
#3502=CARTESIAN_POINT('',(-52.647465745,-9.5,8.3));
#3503=CARTESIAN_POINT('',(-52.647465745,9.5,8.3));
#3504=B_SPLINE_SURFACE_WITH_KNOTS('',1,1,((#3500,#3501),(#3502,#3503)),.UNSPECIFIED.,.F.,.F.,.U.,(2,2),(2,2),(-0.025,-0.000647466),(-0.087490558,-0.068490558),.UNSPECIFIED.);
#3505=ORIENTED_EDGE('',*,*,#3316,.T.);
#3506=CARTESIAN_POINT('',(-52.647465745,-7.5,8.3));
#3507=CARTESIAN_POINT('',(-52.647465745,-9.5,8.3));
#3508=B_SPLINE_CURVE_WITH_KNOTS('',1,(#3506,#3507),.UNSPECIFIED.,.F.,.F.,(2,2),(-0.002,0.),.UNSPECIFIED.);
#3509=EDGE_CURVE('',#3304,#3062,#3508,.T.);
#3510=ORIENTED_EDGE('',*,*,#3509,.T.);
#3511=ORIENTED_EDGE('',*,*,#3066,.T.);
#3512=ORIENTED_EDGE('',*,*,#3237,.F.);
#3513=ORIENTED_EDGE('',*,*,#3205,.F.);
#3514=CARTESIAN_POINT('',(-52.647465745,9.5,8.3));
#3515=CARTESIAN_POINT('',(-52.647465745,7.5,8.3));
#3516=B_SPLINE_CURVE_WITH_KNOTS('',1,(#3514,#3515),.UNSPECIFIED.,.F.,.F.,(2,2),(-0.002,0.),.UNSPECIFIED.);
#3517=EDGE_CURVE('',#3193,#3374,#3516,.T.);
#3518=ORIENTED_EDGE('',*,*,#3517,.T.);
#3519=ORIENTED_EDGE('',*,*,#3378,.F.);
#3520=ORIENTED_EDGE('',*,*,#3350,.T.);
#3521=EDGE_LOOP('',(#3505,#3510,#3511,#3512,#3513,#3518,#3519,#3520));
#3522=FACE_BOUND('',#3521,.T.);
#3523=ADVANCED_FACE('',(#3522),#3504,.F.);
#3524=CARTESIAN_POINT('',(-52.,-9.5,7.652534255));
#3525=CARTESIAN_POINT('',(-52.,-7.5,7.652534255));
#3526=CARTESIAN_POINT('',(-52.,-9.5,6.947465745));
#3527=CARTESIAN_POINT('',(-52.,-7.5,6.947465745));
#3528=B_SPLINE_SURFACE_WITH_KNOTS('',1,1,((#3524,#3525),(#3526,#3527)),.UNSPECIFIED.,.F.,.F.,.U.,(2,2),(2,2),(-0.001352534,-0.000647466),(-0.087490558,-0.085490558),.UNSPECIFIED.);
#3529=ORIENTED_EDGE('',*,*,#3081,.T.);
#3530=CARTESIAN_POINT('',(-52.,-9.5,7.652534255));
#3531=CARTESIAN_POINT('',(-52.,-7.5,7.652534255));
#3532=B_SPLINE_CURVE_WITH_KNOTS('',1,(#3530,#3531),.UNSPECIFIED.,.F.,.F.,(2,2),(0.,0.002),.UNSPECIFIED.);
#3533=EDGE_CURVE('',#3069,#3297,#3532,.T.);
#3534=ORIENTED_EDGE('',*,*,#3533,.T.);
#3535=ORIENTED_EDGE('',*,*,#3301,.T.);
#3536=CARTESIAN_POINT('',(-52.,-7.5,6.947465745));
#3537=CARTESIAN_POINT('',(-52.,-9.5,6.947465745));
#3538=B_SPLINE_CURVE_WITH_KNOTS('',1,(#3536,#3537),.UNSPECIFIED.,.F.,.F.,(2,2),(-0.002,0.),.UNSPECIFIED.);
#3539=EDGE_CURVE('',#3289,#3077,#3538,.T.);
#3540=ORIENTED_EDGE('',*,*,#3539,.T.);
#3541=EDGE_LOOP('',(#3529,#3534,#3535,#3540));
#3542=FACE_BOUND('',#3541,.T.);
#3543=ADVANCED_FACE('',(#3542),#3528,.F.);
#3544=CARTESIAN_POINT('',(-52.647465745,-9.5,8.3));
#3545=CARTESIAN_POINT('',(-52.647465745,-7.5,8.3));
#3546=CARTESIAN_POINT('',(-52.,-9.5,8.3));
#3547=CARTESIAN_POINT('',(-52.,-7.5,8.3));
#3548=CARTESIAN_POINT('',(-52.,-9.5,7.652534255));
#3549=CARTESIAN_POINT('',(-52.,-7.5,7.652534255));
#3550=(BOUNDED_SURFACE()
B_SPLINE_SURFACE(2,1,((#3544,#3545),(#3546,#3547),(#3548,#3549)),.UNSPECIFIED.,.F.,.F.,.U.)
B_SPLINE_SURFACE_WITH_KNOTS((3,3),(2,2),(0.,1.533203626),(-0.087490558,-0.085490558),.UNSPECIFIED.)
GEOMETRIC_REPRESENTATION_ITEM()
RATIONAL_B_SPLINE_SURFACE(((1.,1.),(0.633974596,0.633974596),(0.803847577,0.803847577)))
REPRESENTATION_ITEM('')
SURFACE()
);
#3551=ORIENTED_EDGE('',*,*,#3309,.F.);
#3552=ORIENTED_EDGE('',*,*,#3533,.F.);
#3553=ORIENTED_EDGE('',*,*,#3074,.F.);
#3554=ORIENTED_EDGE('',*,*,#3509,.F.);
#3555=EDGE_LOOP('',(#3551,#3552,#3553,#3554));
#3556=FACE_BOUND('',#3555,.T.);
#3557=ADVANCED_FACE('',(#3556),#3550,.F.);
#3558=CARTESIAN_POINT('',(-52.,-9.5,6.947465745));
#3559=CARTESIAN_POINT('',(-52.,-7.5,6.947465745));
#3560=CARTESIAN_POINT('',(-52.,-9.5,6.773977822));
#3561=CARTESIAN_POINT('',(-52.,-7.5,6.773977822));
#3562=CARTESIAN_POINT('',(-52.086743962,-9.5,6.623732873));
#3563=CARTESIAN_POINT('',(-52.086743962,-7.5,6.623732873));
#3564=CARTESIAN_POINT('',(-52.273651223,-9.5,6.3));
#3565=CARTESIAN_POINT('',(-52.273651223,-7.5,6.3));
#3566=CARTESIAN_POINT('',(-52.647465745,-9.5,6.3));
#3567=CARTESIAN_POINT('',(-52.647465745,-7.5,6.3));
#3568=(BOUNDED_SURFACE()
B_SPLINE_SURFACE(2,1,((#3558,#3559),(#3560,#3561),(#3562,#3563),(#3564,#3565),(#3566,#3567)),.UNSPECIFIED.,.F.,.F.,.U.)
B_SPLINE_SURFACE_WITH_KNOTS((3,2,3),(2,2),(1.533203626,2.094395102,3.141592654),(-0.087490558,-0.085490558),.UNSPECIFIED.)
GEOMETRIC_REPRESENTATION_ITEM()
RATIONAL_B_SPLINE_SURFACE(((0.803847577,0.803847577),(0.866025404,0.866025404),(1.,1.),(0.75,0.75),(0.75,0.75)))
REPRESENTATION_ITEM('')
SURFACE()
);
#3569=ORIENTED_EDGE('',*,*,#3294,.F.);
#3570=ORIENTED_EDGE('',*,*,#3465,.F.);
#3571=ORIENTED_EDGE('',*,*,#3087,.F.);
#3572=ORIENTED_EDGE('',*,*,#3539,.F.);
#3573=EDGE_LOOP('',(#3569,#3570,#3571,#3572));
#3574=FACE_BOUND('',#3573,.T.);
#3575=ADVANCED_FACE('',(#3574),#3568,.F.);
#3576=CARTESIAN_POINT('',(-52.647465745,7.5,8.3));
#3577=CARTESIAN_POINT('',(-52.647465745,9.5,8.3));
#3578=CARTESIAN_POINT('',(-52.,7.5,8.3));
#3579=CARTESIAN_POINT('',(-52.,9.5,8.3));
#3580=CARTESIAN_POINT('',(-52.,7.5,7.652534255));
#3581=CARTESIAN_POINT('',(-52.,9.5,7.652534255));
#3582=(BOUNDED_SURFACE()
B_SPLINE_SURFACE(2,1,((#3576,#3577),(#3578,#3579),(#3580,#3581)),.UNSPECIFIED.,.F.,.F.,.U.)
B_SPLINE_SURFACE_WITH_KNOTS((3,3),(2,2),(0.,1.533203626),(-0.070490558,-0.068490558),.UNSPECIFIED.)
GEOMETRIC_REPRESENTATION_ITEM()
RATIONAL_B_SPLINE_SURFACE(((1.,1.),(0.633974596,0.633974596),(0.803847577,0.803847577)))
REPRESENTATION_ITEM('')
SURFACE()
);
#3583=ORIENTED_EDGE('',*,*,#3198,.F.);
#3584=ORIENTED_EDGE('',*,*,#3489,.F.);
#3585=ORIENTED_EDGE('',*,*,#3386,.F.);
#3586=ORIENTED_EDGE('',*,*,#3517,.F.);
#3587=EDGE_LOOP('',(#3583,#3584,#3585,#3586));
#3588=FACE_BOUND('',#3587,.T.);
#3589=ADVANCED_FACE('',(#3588),#3582,.F.);
#3590=CARTESIAN_POINT('',(-52.,7.5,6.947465745));
#3591=CARTESIAN_POINT('',(-52.,9.5,6.947465745));
#3592=CARTESIAN_POINT('',(-52.,7.5,6.773977822));
#3593=CARTESIAN_POINT('',(-52.,9.5,6.773977822));
#3594=CARTESIAN_POINT('',(-52.086743962,7.5,6.623732873));
#3595=CARTESIAN_POINT('',(-52.086743962,9.5,6.623732873));
#3596=CARTESIAN_POINT('',(-52.273651223,7.5,6.3));
#3597=CARTESIAN_POINT('',(-52.273651223,9.5,6.3));
#3598=CARTESIAN_POINT('',(-52.647465745,7.5,6.3));
#3599=CARTESIAN_POINT('',(-52.647465745,9.5,6.3));
#3600=(BOUNDED_SURFACE()
B_SPLINE_SURFACE(2,1,((#3590,#3591),(#3592,#3593),(#3594,#3595),(#3596,#3597),(#3598,#3599)),.UNSPECIFIED.,.F.,.F.,.U.)
B_SPLINE_SURFACE_WITH_KNOTS((3,2,3),(2,2),(1.533203626,2.094395102,3.141592654),(-0.070490558,-0.068490558),.UNSPECIFIED.)
GEOMETRIC_REPRESENTATION_ITEM()
RATIONAL_B_SPLINE_SURFACE(((0.803847577,0.803847577),(0.866025404,0.866025404),(1.,1.),(0.75,0.75),(0.75,0.75)))
REPRESENTATION_ITEM('')
SURFACE()
);
#3601=ORIENTED_EDGE('',*,*,#3183,.F.);
#3602=ORIENTED_EDGE('',*,*,#3473,.F.);
#3603=ORIENTED_EDGE('',*,*,#3401,.F.);
#3604=ORIENTED_EDGE('',*,*,#3495,.F.);
#3605=EDGE_LOOP('',(#3601,#3602,#3603,#3604));
#3606=FACE_BOUND('',#3605,.T.);
#3607=ADVANCED_FACE('',(#3606),#3600,.F.);
#3608=CLOSED_SHELL('',(#3019,#3091,#3127,#3163,#3227,#3247,#3275,#3339,#3367,#3423,#3439,#3455,#3479,#3499,#3523,#3543,#3557,#3575,#3589,#3607));
#3609=MANIFOLD_SOLID_BREP('Extruded.001',#3608);
#2983=STYLED_ITEM('',(),#3609);
#3610=GEOMETRIC_CURVE_SET('',(#28,#48,#68,#1783,#1799));
#16=SHAPE_REPRESENTATION('root',(#15),#10);
#17=ADVANCED_BREP_SHAPE_REPRESENTATION('root',(#280,#507,#1763,#2286,#2399,#2512,#2843,#2982,#3609),#10);
#3618=SHAPE_REPRESENTATION_RELATIONSHIP('','',#16,#17);
#18=GEOMETRICALLY_BOUNDED_WIREFRAME_SHAPE_REPRESENTATION('root',(#520,#1796,#3610),#10);
#3626=SHAPE_REPRESENTATION_RELATIONSHIP('','',#16,#18);
#3627=APPLICATION_CONTEXT('configuration controlled 3D design of mechanical parts and assemblies');
#3628=APPLICATION_PROTOCOL_DEFINITION('international standard','configuration_control_3d_design_ed2_mim',2004,#3627);
#3629=PRODUCT_CONTEXT('',#3627,'mechanical');
#3630=PRODUCT_DEFINITION_CONTEXT('part definition',#3627,'design');
#24=PRODUCT('root','root','',(#3629));
#3631=PRODUCT_RELATED_PRODUCT_CATEGORY('part','',(#24));
#3632=PRODUCT_DEFINITION_FORMATION_WITH_SPECIFIED_SOURCE('','',#24,.NOT_KNOWN.);
#25=PRODUCT_DEFINITION('design','',#3632,#3630);
#23=PRODUCT_DEFINITION_SHAPE('','',#25);
#3633=SHAPE_DEFINITION_REPRESENTATION(#23,#16);
#11=DRAUGHTING_MODEL('',(),#10);
#1=MECHANICAL_DESIGN_GEOMETRIC_PRESENTATION_REPRESENTATION('',(#69,#281,#521,#1800,#2287,#2400,#2513,#2844,#2983),#10);
ENDSEC;
END-ISO-10303-21;
