ISO-10303-21;
HEADER;

/* File generated by HOOPS Exchange Version 25.8.0 */

FILE_DESCRIPTION(('HOOPS Exchange Step'),'2;1');

FILE_NAME('/home/tfannes/prints/260705_nerf_shooter/NerfShooter_DartsBase.step',
'2026-07-11T17:14:54+02:00',
('tfannes'),
('Unknown organisation'),
'HOOPS Exchange 2025.8',
'HOOPS Exchange',
'Unknown authorisation');

FILE_SCHEMA( ('AP203_CONFIGURATION_CONTROLLED_3D_DESIGN_OF_MECHANICAL_PARTS_AND_ASSEMBLIES_MIM_LF') );

ENDSEC;

DATA;
#3=(NAMED_UNIT(*)PLANE_ANGLE_UNIT()SI_UNIT($,.RADIAN.));
#4=PLANE_ANGLE_MEASURE_WITH_UNIT(PLANE_ANGLE_MEASURE(0.0174532925),#3);
#5=(CONVERSION_BASED_UNIT('DEGREE',#4)NAMED_UNIT(#6)PLANE_ANGLE_UNIT());
#6=DIMENSIONAL_EXPONENTS(0.,0.,0.,0.,0.,0.,0.);
#7=(NAMED_UNIT(*)SI_UNIT($,.STERADIAN.)SOLID_ANGLE_UNIT());
#8=(LENGTH_UNIT()NAMED_UNIT(*)SI_UNIT(.MILLI.,.METRE.));
#9=UNCERTAINTY_MEASURE_WITH_UNIT(LENGTH_MEASURE(1.000000E-05),#8,'DISTANCE_ACCURACY_VALUE','Maximum Tolerance applied to model');
#10=(GEOMETRIC_REPRESENTATION_CONTEXT(3)GLOBAL_UNCERTAINTY_ASSIGNED_CONTEXT((#9))GLOBAL_UNIT_ASSIGNED_CONTEXT((#8,#5,#7))REPRESENTATION_CONTEXT('','root'));
#12=CARTESIAN_POINT('',(0.,0.,0.));
#13=DIRECTION('',(0.,0.,1.));
#14=DIRECTION('',(1.,0.,0.));
#15=AXIS2_PLACEMENT_3D('TS3D_PRODUCT_CSYS',#12,#13,#14);
#27=CARTESIAN_POINT('',(-82.,9.5,48.45));
#28=CARTESIAN_POINT('',(2.5,9.5,48.45));
#29=CARTESIAN_POINT('',(-82.,9.5,-2.));
#30=CARTESIAN_POINT('',(2.5,9.5,-2.));
#31=B_SPLINE_SURFACE_WITH_KNOTS('',1,1,((#27,#28),(#29,#30)),.UNSPECIFIED.,.F.,.F.,.U.,(2,2),(2,2),(0.001753669,0.052203669),(-0.006986287,0.077513713),.UNSPECIFIED.);
#32=CARTESIAN_POINT('',(-44.814417184,9.5,8.3));
#33=VERTEX_POINT('',#32);
#34=CARTESIAN_POINT('',(-79.185582816,9.5,8.3));
#35=VERTEX_POINT('',#34);
#36=CARTESIAN_POINT('',(-44.814417184,9.5,8.3));
#37=CARTESIAN_POINT('',(-79.185582816,9.5,8.3));
#38=B_SPLINE_CURVE_WITH_KNOTS('',1,(#36,#37),.UNSPECIFIED.,.F.,.F.,(2,2),(0.044814417,0.079185583),.UNSPECIFIED.);
#39=EDGE_CURVE('',#33,#35,#38,.T.);
#40=ORIENTED_EDGE('',*,*,#39,.T.);
#41=CARTESIAN_POINT('',(-80.,9.5,7.485582816));
#42=VERTEX_POINT('',#41);
#43=CARTESIAN_POINT('',(-79.185582816,9.5,8.3));
#44=CARTESIAN_POINT('',(-80.,9.5,8.3));
#45=CARTESIAN_POINT('',(-80.,9.5,7.485582816));
#46=(BOUNDED_CURVE()
B_SPLINE_CURVE(2,(#43,#44,#45),.UNSPECIFIED.,.F.,.F.)
B_SPLINE_CURVE_WITH_KNOTS((3,3),(3.141592654,4.71238898),.UNSPECIFIED.)
CURVE()
GEOMETRIC_REPRESENTATION_ITEM()
RATIONAL_B_SPLINE_CURVE((1.,0.707106781,1.))
REPRESENTATION_ITEM(''));
#47=EDGE_CURVE('',#35,#42,#46,.T.);
#48=ORIENTED_EDGE('',*,*,#47,.T.);
#49=CARTESIAN_POINT('',(-80.,9.5,6.614417184));
#50=VERTEX_POINT('',#49);
#51=CARTESIAN_POINT('',(-80.,9.5,7.485582816));
#52=CARTESIAN_POINT('',(-80.,9.5,6.614417184));
#53=B_SPLINE_CURVE_WITH_KNOTS('',1,(#51,#52),.UNSPECIFIED.,.F.,.F.,(2,2),(-0.004335583,-0.003464417),.UNSPECIFIED.);
#54=EDGE_CURVE('',#42,#50,#53,.T.);
#55=ORIENTED_EDGE('',*,*,#54,.T.);
#56=CARTESIAN_POINT('',(-79.185582816,9.5,5.8));
#57=VERTEX_POINT('',#56);
#58=CARTESIAN_POINT('',(-80.,9.5,6.614417184));
#59=CARTESIAN_POINT('',(-80.,9.5,5.8));
#60=CARTESIAN_POINT('',(-79.185582816,9.5,5.8));
#61=(BOUNDED_CURVE()
B_SPLINE_CURVE(2,(#58,#59,#60),.UNSPECIFIED.,.F.,.F.)
B_SPLINE_CURVE_WITH_KNOTS((3,3),(4.71238898,6.283185307),.UNSPECIFIED.)
CURVE()
GEOMETRIC_REPRESENTATION_ITEM()
RATIONAL_B_SPLINE_CURVE((1.,0.707106781,1.))
REPRESENTATION_ITEM(''));
#62=EDGE_CURVE('',#50,#57,#61,.T.);
#63=ORIENTED_EDGE('',*,*,#62,.T.);
#64=CARTESIAN_POINT('',(-44.814417184,9.5,5.8));
#65=VERTEX_POINT('',#64);
#66=CARTESIAN_POINT('',(-79.185582816,9.5,5.8));
#67=CARTESIAN_POINT('',(-44.814417184,9.5,5.8));
#68=B_SPLINE_CURVE_WITH_KNOTS('',1,(#66,#67),.UNSPECIFIED.,.F.,.F.,(2,2),(-0.079185583,-0.044814417),.UNSPECIFIED.);
#69=EDGE_CURVE('',#57,#65,#68,.T.);
#70=ORIENTED_EDGE('',*,*,#69,.T.);
#71=CARTESIAN_POINT('',(-44.,9.5,6.614417184));
#72=VERTEX_POINT('',#71);
#73=CARTESIAN_POINT('',(-44.814417184,9.5,5.8));
#74=CARTESIAN_POINT('',(-44.,9.5,5.8));
#75=CARTESIAN_POINT('',(-44.,9.5,6.614417184));
#76=(BOUNDED_CURVE()
B_SPLINE_CURVE(2,(#73,#74,#75),.UNSPECIFIED.,.F.,.F.)
B_SPLINE_CURVE_WITH_KNOTS((3,3),(6.283185307,7.853981634),.UNSPECIFIED.)
CURVE()
GEOMETRIC_REPRESENTATION_ITEM()
RATIONAL_B_SPLINE_CURVE((1.,0.707106781,1.))
REPRESENTATION_ITEM(''));
#77=EDGE_CURVE('',#65,#72,#76,.T.);
#78=ORIENTED_EDGE('',*,*,#77,.T.);
#79=CARTESIAN_POINT('',(-44.,9.5,7.485582816));
#80=VERTEX_POINT('',#79);
#81=CARTESIAN_POINT('',(-44.,9.5,6.614417184));
#82=CARTESIAN_POINT('',(-44.,9.5,7.485582816));
#83=B_SPLINE_CURVE_WITH_KNOTS('',1,(#81,#82),.UNSPECIFIED.,.F.,.F.,(2,2),(-0.008385583,-0.007514417),.UNSPECIFIED.);
#84=EDGE_CURVE('',#72,#80,#83,.T.);
#85=ORIENTED_EDGE('',*,*,#84,.T.);
#86=CARTESIAN_POINT('',(-44.,9.5,7.485582816));
#87=CARTESIAN_POINT('',(-44.,9.5,8.3));
#88=CARTESIAN_POINT('',(-44.814417184,9.5,8.3));
#89=(BOUNDED_CURVE()
B_SPLINE_CURVE(2,(#86,#87,#88),.UNSPECIFIED.,.F.,.F.)
B_SPLINE_CURVE_WITH_KNOTS((3,3),(1.570796327,3.141592654),.UNSPECIFIED.)
CURVE()
GEOMETRIC_REPRESENTATION_ITEM()
RATIONAL_B_SPLINE_CURVE((1.,0.707106781,1.))
REPRESENTATION_ITEM(''));
#90=EDGE_CURVE('',#80,#33,#89,.T.);
#91=ORIENTED_EDGE('',*,*,#90,.T.);
#92=EDGE_LOOP('',(#40,#48,#55,#63,#70,#78,#85,#91));
#93=FACE_BOUND('',#92,.T.);
#94=CARTESIAN_POINT('',(-6.290176589,9.5,0.5));
#95=VERTEX_POINT('',#94);
#96=CARTESIAN_POINT('',(-6.290176589,9.5,-2.));
#97=VERTEX_POINT('',#96);
#98=CARTESIAN_POINT('',(-6.290176589,9.5,0.5));
#99=CARTESIAN_POINT('',(-6.290176589,9.5,-2.));
#100=B_SPLINE_CURVE_WITH_KNOTS('',1,(#98,#99),.UNSPECIFIED.,.F.,.F.,(2,2),(0.,0.0025),.UNSPECIFIED.);
#101=EDGE_CURVE('',#95,#97,#100,.T.);
#102=ORIENTED_EDGE('',*,*,#101,.F.);
#103=CARTESIAN_POINT('',(-14.290176589,9.5,0.5));
#104=VERTEX_POINT('',#103);
#105=CARTESIAN_POINT('',(-6.290176589,9.5,0.5));
#106=CARTESIAN_POINT('',(-14.290176589,9.5,0.5));
#107=B_SPLINE_CURVE_WITH_KNOTS('',1,(#105,#106),.UNSPECIFIED.,.F.,.F.,(2,2),(0.,0.008),.UNSPECIFIED.);
#108=EDGE_CURVE('',#95,#104,#107,.T.);
#109=ORIENTED_EDGE('',*,*,#108,.T.);
#110=CARTESIAN_POINT('',(-14.290176589,9.5,-2.));
#111=VERTEX_POINT('',#110);
#112=CARTESIAN_POINT('',(-14.290176589,9.5,0.5));
#113=CARTESIAN_POINT('',(-14.290176589,9.5,-2.));
#114=B_SPLINE_CURVE_WITH_KNOTS('',1,(#112,#113),.UNSPECIFIED.,.F.,.F.,(2,2),(-0.,0.0025),.UNSPECIFIED.);
#115=EDGE_CURVE('',#104,#111,#114,.T.);
#116=ORIENTED_EDGE('',*,*,#115,.T.);
#117=CARTESIAN_POINT('',(-82.,9.5,-2.));
#118=VERTEX_POINT('',#117);
#119=CARTESIAN_POINT('',(-14.290176589,9.5,-2.));
#120=CARTESIAN_POINT('',(-82.,9.5,-2.));
#121=B_SPLINE_CURVE_WITH_KNOTS('',1,(#119,#120),.UNSPECIFIED.,.F.,.F.,(2,2),(0.016790177,0.0845),.UNSPECIFIED.);
#122=EDGE_CURVE('',#111,#118,#121,.T.);
#123=ORIENTED_EDGE('',*,*,#122,.T.);
#124=CARTESIAN_POINT('',(-82.,9.5,48.45));
#125=VERTEX_POINT('',#124);
#126=CARTESIAN_POINT('',(-82.,9.5,48.45));
#127=CARTESIAN_POINT('',(-82.,9.5,-2.));
#128=B_SPLINE_CURVE_WITH_KNOTS('',1,(#126,#127),.UNSPECIFIED.,.F.,.F.,(2,2),(-0.052203669,-0.001753669),.UNSPECIFIED.);
#129=EDGE_CURVE('',#125,#118,#128,.T.);
#130=ORIENTED_EDGE('',*,*,#129,.F.);
#131=CARTESIAN_POINT('',(-75.01371307,9.5,48.45));
#132=VERTEX_POINT('',#131);
#133=CARTESIAN_POINT('',(-75.01371307,9.5,48.45));
#134=CARTESIAN_POINT('',(-82.,9.5,48.45));
#135=B_SPLINE_CURVE_WITH_KNOTS('',1,(#133,#134),.UNSPECIFIED.,.F.,.F.,(2,2),(0.,0.006986287),.UNSPECIFIED.);
#136=EDGE_CURVE('',#132,#125,#135,.T.);
#137=ORIENTED_EDGE('',*,*,#136,.F.);
#138=CARTESIAN_POINT('',(-75.01371307,9.5,16.));
#139=VERTEX_POINT('',#138);
#140=CARTESIAN_POINT('',(-75.01371307,9.5,48.45));
#141=CARTESIAN_POINT('',(-75.01371307,9.5,16.));
#142=B_SPLINE_CURVE_WITH_KNOTS('',1,(#140,#141),.UNSPECIFIED.,.F.,.F.,(2,2),(0.001753669,0.034203669),.UNSPECIFIED.);
#143=EDGE_CURVE('',#132,#139,#142,.T.);
#144=ORIENTED_EDGE('',*,*,#143,.T.);
#145=CARTESIAN_POINT('',(-4.460057003,9.5,16.));
#146=VERTEX_POINT('',#145);
#147=CARTESIAN_POINT('',(-4.460057003,9.5,16.));
#148=CARTESIAN_POINT('',(-75.01371307,9.5,16.));
#149=B_SPLINE_CURVE_WITH_KNOTS('',1,(#147,#148),.UNSPECIFIED.,.F.,.F.,(2,2),(0.004460057,0.075013713),.UNSPECIFIED.);
#150=EDGE_CURVE('',#146,#139,#149,.T.);
#151=ORIENTED_EDGE('',*,*,#150,.F.);
#152=CARTESIAN_POINT('',(-4.460057003,9.5,10.583161764));
#153=VERTEX_POINT('',#152);
#154=CARTESIAN_POINT('',(-4.460057003,9.5,16.));
#155=CARTESIAN_POINT('',(-4.460057003,9.5,10.583161764));
#156=B_SPLINE_CURVE_WITH_KNOTS('',1,(#154,#155),.UNSPECIFIED.,.F.,.F.,(2,2),(-0.003958419,0.001458419),.UNSPECIFIED.);
#157=EDGE_CURVE('',#146,#153,#156,.T.);
#158=ORIENTED_EDGE('',*,*,#157,.T.);
#159=CARTESIAN_POINT('',(-3.744720618,9.500000464,9.989595202));
#160=VERTEX_POINT('',#159);
#161=CARTESIAN_POINT('',(-3.744719306,9.5,9.989594399));
#162=CARTESIAN_POINT('',(-3.983485452,9.5,10.187065287));
#163=CARTESIAN_POINT('',(-4.222457948,9.5,10.384287734));
#164=CARTESIAN_POINT('',(-4.460057004,9.5,10.58316178));
#165=B_SPLINE_CURVE_WITH_KNOTS('',3,(#161,#162,#163,#164),.UNSPECIFIED.,.F.,.F.,(4,4),(0.,0.000929535),.UNSPECIFIED.);
#166=EDGE_CURVE('',#160,#153,#165,.T.);
#167=ORIENTED_EDGE('',*,*,#166,.F.);
#168=CARTESIAN_POINT('',(-4.460057003,9.5,2.416838193));
#169=VERTEX_POINT('',#168);
#170=CARTESIAN_POINT('',(-4.460056999,9.5,2.416838196));
#171=CARTESIAN_POINT('',(-4.315991408,9.5,2.537423306));
#172=CARTESIAN_POINT('',(-4.17160375,9.5,2.657666064));
#173=CARTESIAN_POINT('',(-4.026868108,9.5,2.777538919));
#174=CARTESIAN_POINT('',(-3.954500287,9.5,2.837475347));
#175=CARTESIAN_POINT('',(-3.882045495,9.5,2.897319324));
#176=CARTESIAN_POINT('',(-3.809500176,9.5,2.957067074));
#177=CARTESIAN_POINT('',(-3.736954858,9.5,3.016814824));
#178=CARTESIAN_POINT('',(-3.66465644,9.5,3.076825027));
#179=CARTESIAN_POINT('',(-3.594366137,9.5,3.138969828));
#180=CARTESIAN_POINT('',(-3.313204922,9.5,3.387549034));
#181=CARTESIAN_POINT('',(-3.055193336,9.5,3.662629931));
#182=CARTESIAN_POINT('',(-2.827810555,9.5,3.966315625));
#183=CARTESIAN_POINT('',(-2.600427775,9.5,4.270001319));
#184=CARTESIAN_POINT('',(-2.409773697,9.5,4.593773179));
#185=CARTESIAN_POINT('',(-2.261924847,9.5,4.94095433));
#186=CARTESIAN_POINT('',(-2.188000422,9.5,5.114544905));
#187=CARTESIAN_POINT('',(-2.124705038,9.5,5.295295865));
#188=CARTESIAN_POINT('',(-2.075088668,9.5,5.47702999));
#189=CARTESIAN_POINT('',(-2.025472298,9.5,5.658764115));
#190=CARTESIAN_POINT('',(-1.988958147,9.5,5.842440725));
#191=CARTESIAN_POINT('',(-1.965875317,9.5,6.028108612));
#192=CARTESIAN_POINT('',(-1.942792487,9.5,6.213776498));
#193=CARTESIAN_POINT('',(-1.933140394,9.5,6.401435574));
#194=CARTESIAN_POINT('',(-1.937684718,9.5,6.591199357));
#195=CARTESIAN_POINT('',(-1.942229041,9.5,6.780963139));
#196=CARTESIAN_POINT('',(-1.96110402,9.5,6.970356733));
#197=CARTESIAN_POINT('',(-1.993211872,9.5,7.155651493));
#198=CARTESIAN_POINT('',(-2.025319725,9.5,7.340946253));
#199=CARTESIAN_POINT('',(-2.07068258,9.5,7.523345127));
#200=CARTESIAN_POINT('',(-2.128730166,9.5,7.702972704));
#201=CARTESIAN_POINT('',(-2.186777752,9.5,7.882600282));
#202=CARTESIAN_POINT('',(-2.258023114,9.5,8.060204504));
#203=CARTESIAN_POINT('',(-2.339433711,9.5,8.230699522));
#204=CARTESIAN_POINT('',(-2.420844308,9.5,8.40119454));
#205=CARTESIAN_POINT('',(-2.512656932,9.5,8.565669069));
#206=CARTESIAN_POINT('',(-2.613954557,9.5,8.724653867));
#207=CARTESIAN_POINT('',(-2.715252181,9.5,8.883638664));
#208=CARTESIAN_POINT('',(-2.826450464,9.5,9.037615859));
#209=CARTESIAN_POINT('',(-2.945733917,9.5,9.185236492));
#210=CARTESIAN_POINT('',(-3.184300822,9.5,9.480477759));
#211=CARTESIAN_POINT('',(-3.451865567,9.499999999,9.747390485));
#212=CARTESIAN_POINT('',(-3.744721252,9.499999999,9.989596009));
#213=B_SPLINE_CURVE_WITH_KNOTS('',3,(#170,#171,#172,#173,#174,#175,#176,#177,#178,#179,#180,#181,#182,#183,#184,#185,#186,#187,#188,#189,#190,#191,#192,#193,#194,#195,
#196,#197,#198,#199,#200,#201,#202,#203,#204,#205,#206,#207,#208,#209,#210,#211,#212),.UNSPECIFIED.,.F.,.F.,(4,3,3,3,3,3,3,3,3,3,3,3,3,3,4),(0.,0.000562668,0.000844001,0.001125335,0.00225067,0.003376005,0.003938673,0.00450134,0.005064008,0.005626675,0.006189343,0.00675201,0.007314678,0.007877345,0.00900268),.UNSPECIFIED.);
#214=EDGE_CURVE('',#169,#160,#213,.T.);
#215=ORIENTED_EDGE('',*,*,#214,.F.);
#216=CARTESIAN_POINT('',(-4.460057003,9.5,-0.5));
#217=VERTEX_POINT('',#216);
#218=CARTESIAN_POINT('',(-4.460057003,9.5,2.416838193));
#219=CARTESIAN_POINT('',(-4.460057003,9.5,-0.5));
#220=B_SPLINE_CURVE_WITH_KNOTS('',1,(#218,#219),.UNSPECIFIED.,.F.,.F.,(2,2),(-0.001458419,0.001458419),.UNSPECIFIED.);
#221=EDGE_CURVE('',#169,#217,#220,.T.);
#222=ORIENTED_EDGE('',*,*,#221,.T.);
#223=CARTESIAN_POINT('',(2.5,9.5,-0.5));
#224=VERTEX_POINT('',#223);
#225=CARTESIAN_POINT('',(2.5,9.5,-0.5));
#226=CARTESIAN_POINT('',(-4.460057003,9.5,-0.5));
#227=B_SPLINE_CURVE_WITH_KNOTS('',1,(#225,#226),.UNSPECIFIED.,.F.,.F.,(2,2),(-0.0025,0.004460057),.UNSPECIFIED.);
#228=EDGE_CURVE('',#224,#217,#227,.T.);
#229=ORIENTED_EDGE('',*,*,#228,.F.);
#230=CARTESIAN_POINT('',(2.5,9.5,-2.));
#231=VERTEX_POINT('',#230);
#232=CARTESIAN_POINT('',(2.5,9.5,-0.5));
#233=CARTESIAN_POINT('',(2.5,9.5,-2.));
#234=B_SPLINE_CURVE_WITH_KNOTS('',1,(#232,#233),.UNSPECIFIED.,.F.,.F.,(2,2),(0.0165,0.018),.UNSPECIFIED.);
#235=EDGE_CURVE('',#224,#231,#234,.T.);
#236=ORIENTED_EDGE('',*,*,#235,.T.);
#237=CARTESIAN_POINT('',(2.5,9.5,-2.));
#238=CARTESIAN_POINT('',(-6.290176589,9.5,-2.));
#239=B_SPLINE_CURVE_WITH_KNOTS('',1,(#237,#238),.UNSPECIFIED.,.F.,.F.,(2,2),(0.,0.008790177),.UNSPECIFIED.);
#240=EDGE_CURVE('',#231,#97,#239,.T.);
#241=ORIENTED_EDGE('',*,*,#240,.T.);
#242=EDGE_LOOP('',(#102,#109,#116,#123,#130,#137,#144,#151,#158,#167,#215,#222,#229,#236,#241));
#243=FACE_BOUND('',#242,.T.);
#244=ADVANCED_FACE('',(#93,#243),#31,.F.);
#245=CARTESIAN_POINT('',(-82.,-9.5,-2.));
#246=CARTESIAN_POINT('',(2.5,-9.5,-2.));
#247=CARTESIAN_POINT('',(-82.,-9.5,48.45));
#248=CARTESIAN_POINT('',(2.5,-9.5,48.45));
#249=B_SPLINE_SURFACE_WITH_KNOTS('',1,1,((#245,#246),(#247,#248)),.UNSPECIFIED.,.F.,.F.,.U.,(2,2),(2,2),(-0.052203669,-0.001753669),(0.,0.0845),.UNSPECIFIED.);
#250=CARTESIAN_POINT('',(-79.185582816,-9.5,5.8));
#251=VERTEX_POINT('',#250);
#252=CARTESIAN_POINT('',(-44.814417184,-9.5,5.8));
#253=VERTEX_POINT('',#252);
#254=CARTESIAN_POINT('',(-79.185582816,-9.5,5.8));
#255=CARTESIAN_POINT('',(-44.814417184,-9.5,5.8));
#256=B_SPLINE_CURVE_WITH_KNOTS('',1,(#254,#255),.UNSPECIFIED.,.F.,.F.,(2,2),(-0.002185583,0.032185583),.UNSPECIFIED.);
#257=EDGE_CURVE('',#251,#253,#256,.T.);
#258=ORIENTED_EDGE('',*,*,#257,.F.);
#259=CARTESIAN_POINT('',(-80.,-9.5,6.614417184));
#260=VERTEX_POINT('',#259);
#261=CARTESIAN_POINT('',(-79.185582816,-9.5,5.8));
#262=CARTESIAN_POINT('',(-80.,-9.5,5.8));
#263=CARTESIAN_POINT('',(-80.,-9.5,6.614417184));
#264=(BOUNDED_CURVE()
B_SPLINE_CURVE(2,(#261,#262,#263),.UNSPECIFIED.,.F.,.F.)
B_SPLINE_CURVE_WITH_KNOTS((3,3),(3.141592654,4.71238898),.UNSPECIFIED.)
CURVE()
GEOMETRIC_REPRESENTATION_ITEM()
RATIONAL_B_SPLINE_CURVE((1.,0.707106781,1.))
REPRESENTATION_ITEM(''));
#265=EDGE_CURVE('',#251,#260,#264,.T.);
#266=ORIENTED_EDGE('',*,*,#265,.T.);
#267=CARTESIAN_POINT('',(-80.,-9.5,7.485582816));
#268=VERTEX_POINT('',#267);
#269=CARTESIAN_POINT('',(-80.,-9.5,7.485582816));
#270=CARTESIAN_POINT('',(-80.,-9.5,6.614417184));
#271=B_SPLINE_CURVE_WITH_KNOTS('',1,(#269,#270),.UNSPECIFIED.,.F.,.F.,(2,2),(0.000814417,0.001685583),.UNSPECIFIED.);
#272=EDGE_CURVE('',#268,#260,#271,.T.);
#273=ORIENTED_EDGE('',*,*,#272,.F.);
#274=CARTESIAN_POINT('',(-79.185582816,-9.5,8.3));
#275=VERTEX_POINT('',#274);
#276=CARTESIAN_POINT('',(-80.,-9.5,7.485582816));
#277=CARTESIAN_POINT('',(-80.,-9.5,8.3));
#278=CARTESIAN_POINT('',(-79.185582816,-9.5,8.3));
#279=(BOUNDED_CURVE()
B_SPLINE_CURVE(2,(#276,#277,#278),.UNSPECIFIED.,.F.,.F.)
B_SPLINE_CURVE_WITH_KNOTS((3,3),(4.71238898,6.283185307),.UNSPECIFIED.)
CURVE()
GEOMETRIC_REPRESENTATION_ITEM()
RATIONAL_B_SPLINE_CURVE((1.,0.707106781,1.))
REPRESENTATION_ITEM(''));
#280=EDGE_CURVE('',#268,#275,#279,.T.);
#281=ORIENTED_EDGE('',*,*,#280,.T.);
#282=CARTESIAN_POINT('',(-44.814417184,-9.5,8.3));
#283=VERTEX_POINT('',#282);
#284=CARTESIAN_POINT('',(-44.814417184,-9.5,8.3));
#285=CARTESIAN_POINT('',(-79.185582816,-9.5,8.3));
#286=B_SPLINE_CURVE_WITH_KNOTS('',1,(#284,#285),.UNSPECIFIED.,.F.,.F.,(2,2),(-0.007185583,0.027185583),.UNSPECIFIED.);
#287=EDGE_CURVE('',#283,#275,#286,.T.);
#288=ORIENTED_EDGE('',*,*,#287,.F.);
#289=CARTESIAN_POINT('',(-44.,-9.5,7.485582816));
#290=VERTEX_POINT('',#289);
#291=CARTESIAN_POINT('',(-44.814417184,-9.5,8.3));
#292=CARTESIAN_POINT('',(-44.,-9.5,8.3));
#293=CARTESIAN_POINT('',(-44.,-9.5,7.485582816));
#294=(BOUNDED_CURVE()
B_SPLINE_CURVE(2,(#291,#292,#293),.UNSPECIFIED.,.F.,.F.)
B_SPLINE_CURVE_WITH_KNOTS((3,3),(6.283185307,7.853981634),.UNSPECIFIED.)
CURVE()
GEOMETRIC_REPRESENTATION_ITEM()
RATIONAL_B_SPLINE_CURVE((1.,0.707106781,1.))
REPRESENTATION_ITEM(''));
#295=EDGE_CURVE('',#283,#290,#294,.T.);
#296=ORIENTED_EDGE('',*,*,#295,.T.);
#297=CARTESIAN_POINT('',(-44.,-9.5,6.614417184));
#298=VERTEX_POINT('',#297);
#299=CARTESIAN_POINT('',(-44.,-9.5,6.614417184));
#300=CARTESIAN_POINT('',(-44.,-9.5,7.485582816));
#301=B_SPLINE_CURVE_WITH_KNOTS('',1,(#299,#300),.UNSPECIFIED.,.F.,.F.,(2,2),(0.000314417,0.001185583),.UNSPECIFIED.);
#302=EDGE_CURVE('',#298,#290,#301,.T.);
#303=ORIENTED_EDGE('',*,*,#302,.F.);
#304=CARTESIAN_POINT('',(-44.,-9.5,6.614417184));
#305=CARTESIAN_POINT('',(-44.,-9.5,5.8));
#306=CARTESIAN_POINT('',(-44.814417184,-9.5,5.8));
#307=(BOUNDED_CURVE()
B_SPLINE_CURVE(2,(#304,#305,#306),.UNSPECIFIED.,.F.,.F.)
B_SPLINE_CURVE_WITH_KNOTS((3,3),(1.570796327,3.141592654),.UNSPECIFIED.)
CURVE()
GEOMETRIC_REPRESENTATION_ITEM()
RATIONAL_B_SPLINE_CURVE((1.,0.707106781,1.))
REPRESENTATION_ITEM(''));
#308=EDGE_CURVE('',#298,#253,#307,.T.);
#309=ORIENTED_EDGE('',*,*,#308,.T.);
#310=EDGE_LOOP('',(#258,#266,#273,#281,#288,#296,#303,#309));
#311=FACE_BOUND('',#310,.T.);
#312=CARTESIAN_POINT('',(-14.290176589,-9.5,0.5));
#313=VERTEX_POINT('',#312);
#314=CARTESIAN_POINT('',(-14.290176589,-9.5,-2.));
#315=VERTEX_POINT('',#314);
#316=CARTESIAN_POINT('',(-14.290176589,-9.5,0.5));
#317=CARTESIAN_POINT('',(-14.290176589,-9.5,-2.));
#318=B_SPLINE_CURVE_WITH_KNOTS('',1,(#316,#317),.UNSPECIFIED.,.F.,.F.,(2,2),(0.,0.0025),.UNSPECIFIED.);
#319=EDGE_CURVE('',#313,#315,#318,.T.);
#320=ORIENTED_EDGE('',*,*,#319,.F.);
#321=CARTESIAN_POINT('',(-6.290176589,-9.5,0.5));
#322=VERTEX_POINT('',#321);
#323=CARTESIAN_POINT('',(-6.290176589,-9.5,0.5));
#324=CARTESIAN_POINT('',(-14.290176589,-9.5,0.5));
#325=B_SPLINE_CURVE_WITH_KNOTS('',1,(#323,#324),.UNSPECIFIED.,.F.,.F.,(2,2),(0.,0.008),.UNSPECIFIED.);
#326=EDGE_CURVE('',#322,#313,#325,.T.);
#327=ORIENTED_EDGE('',*,*,#326,.F.);
#328=CARTESIAN_POINT('',(-6.290176589,-9.5,-2.));
#329=VERTEX_POINT('',#328);
#330=CARTESIAN_POINT('',(-6.290176589,-9.5,0.5));
#331=CARTESIAN_POINT('',(-6.290176589,-9.5,-2.));
#332=B_SPLINE_CURVE_WITH_KNOTS('',1,(#330,#331),.UNSPECIFIED.,.F.,.F.,(2,2),(0.,0.0025),.UNSPECIFIED.);
#333=EDGE_CURVE('',#322,#329,#332,.T.);
#334=ORIENTED_EDGE('',*,*,#333,.T.);
#335=CARTESIAN_POINT('',(2.5,-9.5,-2.));
#336=VERTEX_POINT('',#335);
#337=CARTESIAN_POINT('',(2.5,-9.5,-2.));
#338=CARTESIAN_POINT('',(-6.290176589,-9.5,-2.));
#339=B_SPLINE_CURVE_WITH_KNOTS('',1,(#337,#338),.UNSPECIFIED.,.F.,.F.,(2,2),(-0.,0.008790177),.UNSPECIFIED.);
#340=EDGE_CURVE('',#336,#329,#339,.T.);
#341=ORIENTED_EDGE('',*,*,#340,.F.);
#342=CARTESIAN_POINT('',(2.5,-9.5,-0.5));
#343=VERTEX_POINT('',#342);
#344=CARTESIAN_POINT('',(2.5,-9.5,-2.));
#345=CARTESIAN_POINT('',(2.5,-9.5,-0.5));
#346=B_SPLINE_CURVE_WITH_KNOTS('',1,(#344,#345),.UNSPECIFIED.,.F.,.F.,(2,2),(0.,0.0015),.UNSPECIFIED.);
#347=EDGE_CURVE('',#336,#343,#346,.T.);
#348=ORIENTED_EDGE('',*,*,#347,.T.);
#349=CARTESIAN_POINT('',(-4.460057003,-9.5,-0.5));
#350=VERTEX_POINT('',#349);
#351=CARTESIAN_POINT('',(-4.460057003,-9.5,-0.5));
#352=CARTESIAN_POINT('',(2.5,-9.5,-0.5));
#353=B_SPLINE_CURVE_WITH_KNOTS('',1,(#351,#352),.UNSPECIFIED.,.F.,.F.,(2,2),(0.072539943,0.0795),.UNSPECIFIED.);
#354=EDGE_CURVE('',#350,#343,#353,.T.);
#355=ORIENTED_EDGE('',*,*,#354,.F.);
#356=CARTESIAN_POINT('',(-4.460057003,-9.5,2.416838195));
#357=VERTEX_POINT('',#356);
#358=CARTESIAN_POINT('',(-4.460057003,-9.5,-0.5));
#359=CARTESIAN_POINT('',(-4.460057003,-9.5,2.416838195));
#360=B_SPLINE_CURVE_WITH_KNOTS('',1,(#358,#359),.UNSPECIFIED.,.F.,.F.,(2,2),(-0.001458419,0.001458419),.UNSPECIFIED.);
#361=EDGE_CURVE('',#350,#357,#360,.T.);
#362=ORIENTED_EDGE('',*,*,#361,.T.);
#363=CARTESIAN_POINT('',(-3.744720708,-9.500000399,9.989595314));
#364=VERTEX_POINT('',#363);
#365=CARTESIAN_POINT('',(-3.744721252,-9.5,9.989596008));
#366=CARTESIAN_POINT('',(-3.452427172,-9.5,9.747854955));
#367=CARTESIAN_POINT('',(-3.186611249,-9.5,9.482516695));
#368=CARTESIAN_POINT('',(-2.950302193,-9.5,9.190882057));
#369=CARTESIAN_POINT('',(-2.713993136,-9.5,8.899247419));
#370=CARTESIAN_POINT('',(-2.505705893,-9.5,8.577183783));
#371=CARTESIAN_POINT('',(-2.34322756,-9.5,8.238624663));
#372=CARTESIAN_POINT('',(-2.261988394,-9.5,8.069345102));
#373=CARTESIAN_POINT('',(-2.191624166,-9.5,7.895419376));
#374=CARTESIAN_POINT('',(-2.133105431,-9.5,7.716432827));
#375=CARTESIAN_POINT('',(-2.074586696,-9.5,7.537446278));
#376=CARTESIAN_POINT('',(-2.027733598,-9.5,7.351802102));
#377=CARTESIAN_POINT('',(-1.99502991,-9.5,7.166059398));
#378=CARTESIAN_POINT('',(-1.929622534,-9.5,6.794573992));
#379=CARTESIAN_POINT('',(-1.918711325,-9.5,6.420618773));
#380=CARTESIAN_POINT('',(-1.963918769,-9.5,6.044120209));
#381=CARTESIAN_POINT('',(-1.986522491,-9.5,5.855870927));
#382=CARTESIAN_POINT('',(-2.02319179,-9.5,5.669088174));
#383=CARTESIAN_POINT('',(-2.07225183,-9.5,5.487475845));
#384=CARTESIAN_POINT('',(-2.12131187,-9.5,5.305863515));
#385=CARTESIAN_POINT('',(-2.18289865,-9.5,5.128193612));
#386=CARTESIAN_POINT('',(-2.25629328,-9.5,4.954239886));
#387=CARTESIAN_POINT('',(-2.32968791,-9.5,4.78028616));
#388=CARTESIAN_POINT('',(-2.415357799,-9.5,4.609504689));
#389=CARTESIAN_POINT('',(-2.510042476,-9.5,4.446186989));
#390=CARTESIAN_POINT('',(-2.604727154,-9.5,4.282869289));
#391=CARTESIAN_POINT('',(-2.70876982,-9.5,4.12598431));
#392=CARTESIAN_POINT('',(-2.821347566,-9.5,3.974966382));
#393=CARTESIAN_POINT('',(-3.046503059,-9.5,3.672930525));
#394=CARTESIAN_POINT('',(-3.307206563,-9.5,3.393367177));
#395=CARTESIAN_POINT('',(-3.58985881,-9.5,3.142958901));
#396=CARTESIAN_POINT('',(-3.660521871,-9.5,3.080356832));
#397=CARTESIAN_POINT('',(-3.733134721,-9.5,3.019955506));
#398=CARTESIAN_POINT('',(-3.806056634,-9.5,2.959903022));
#399=CARTESIAN_POINT('',(-3.878978547,-9.5,2.899850539));
#400=CARTESIAN_POINT('',(-3.951812109,-9.5,2.839698333));
#401=CARTESIAN_POINT('',(-4.02456054,-9.5,2.779450039));
#402=CARTESIAN_POINT('',(-4.097308971,-9.5,2.719201745));
#403=CARTESIAN_POINT('',(-4.169972528,-9.5,2.658857652));
#404=CARTESIAN_POINT('',(-4.242554203,-9.5,2.598421139));
#405=CARTESIAN_POINT('',(-4.315135878,-9.5,2.537984626));
#406=CARTESIAN_POINT('',(-4.388164598,-9.5,2.477013241));
#407=CARTESIAN_POINT('',(-4.460057001,-9.5,2.416838196));
#408=B_SPLINE_CURVE_WITH_KNOTS('',3,(#365,#366,#367,#368,#369,#370,#371,#372,#373,#374,#375,#376,#377,#378,#379,#380,#381,#382,#383,#384,#385,#386,#387,#388,#389,#390,
#391,#392,#393,#394,#395,#396,#397,#398,#399,#400,#401,#402,#403,#404,#405,#406,#407),.UNSPECIFIED.,.F.,.F.,(4,3,3,3,3,3,3,3,3,3,3,3,3,3,4),(0.,0.00112483,0.00224966,0.002812075,0.00337449,0.004499319,0.005061734,0.005624149,0.006186564,0.006748979,0.007873809,0.008155016,0.008436224,0.008717431,0.008998639),.UNSPECIFIED.);
#409=EDGE_CURVE('',#364,#357,#408,.T.);
#410=ORIENTED_EDGE('',*,*,#409,.F.);
#411=CARTESIAN_POINT('',(-4.460057003,-9.5,10.583161764));
#412=VERTEX_POINT('',#411);
#413=CARTESIAN_POINT('',(-4.460057001,-9.5,10.583161763));
#414=CARTESIAN_POINT('',(-4.2224569,-9.5,10.384286846));
#415=CARTESIAN_POINT('',(-3.983509922,-9.5,10.187085159));
#416=CARTESIAN_POINT('',(-3.744719578,-9.5,9.989594624));
#417=B_SPLINE_CURVE_WITH_KNOTS('',3,(#413,#414,#415,#416),.UNSPECIFIED.,.F.,.F.,(4,4),(0.,0.000929532),.UNSPECIFIED.);
#418=EDGE_CURVE('',#412,#364,#417,.T.);
#419=ORIENTED_EDGE('',*,*,#418,.F.);
#420=CARTESIAN_POINT('',(-4.460057003,-9.5,16.));
#421=VERTEX_POINT('',#420);
#422=CARTESIAN_POINT('',(-4.460057003,-9.5,10.583161764));
#423=CARTESIAN_POINT('',(-4.460057003,-9.5,16.));
#424=B_SPLINE_CURVE_WITH_KNOTS('',1,(#422,#423),.UNSPECIFIED.,.F.,.F.,(2,2),(-0.003958419,0.001458419),.UNSPECIFIED.);
#425=EDGE_CURVE('',#412,#421,#424,.T.);
#426=ORIENTED_EDGE('',*,*,#425,.T.);
#427=CARTESIAN_POINT('',(-75.01371307,-9.5,16.));
#428=VERTEX_POINT('',#427);
#429=CARTESIAN_POINT('',(-75.01371307,-9.5,16.));
#430=CARTESIAN_POINT('',(-4.460057003,-9.5,16.));
#431=B_SPLINE_CURVE_WITH_KNOTS('',1,(#429,#430),.UNSPECIFIED.,.F.,.F.,(2,2),(0.001986287,0.072539943),.UNSPECIFIED.);
#432=EDGE_CURVE('',#428,#421,#431,.T.);
#433=ORIENTED_EDGE('',*,*,#432,.F.);
#434=CARTESIAN_POINT('',(-75.01371307,-9.5,48.45));
#435=VERTEX_POINT('',#434);
#436=CARTESIAN_POINT('',(-75.01371307,-9.5,48.45));
#437=CARTESIAN_POINT('',(-75.01371307,-9.5,16.));
#438=B_SPLINE_CURVE_WITH_KNOTS('',1,(#436,#437),.UNSPECIFIED.,.F.,.F.,(2,2),(0.001753669,0.034203669),.UNSPECIFIED.);
#439=EDGE_CURVE('',#435,#428,#438,.T.);
#440=ORIENTED_EDGE('',*,*,#439,.F.);
#441=CARTESIAN_POINT('',(-82.,-9.5,48.45));
#442=VERTEX_POINT('',#441);
#443=CARTESIAN_POINT('',(-82.,-9.5,48.45));
#444=CARTESIAN_POINT('',(-75.01371307,-9.5,48.45));
#445=B_SPLINE_CURVE_WITH_KNOTS('',1,(#443,#444),.UNSPECIFIED.,.F.,.F.,(2,2),(0.,0.006986287),.UNSPECIFIED.);
#446=EDGE_CURVE('',#442,#435,#445,.T.);
#447=ORIENTED_EDGE('',*,*,#446,.F.);
#448=CARTESIAN_POINT('',(-82.,-9.5,-2.));
#449=VERTEX_POINT('',#448);
#450=CARTESIAN_POINT('',(-82.,-9.5,48.45));
#451=CARTESIAN_POINT('',(-82.,-9.5,-2.));
#452=B_SPLINE_CURVE_WITH_KNOTS('',1,(#450,#451),.UNSPECIFIED.,.F.,.F.,(2,2),(0.001753669,0.052203669),.UNSPECIFIED.);
#453=EDGE_CURVE('',#442,#449,#452,.T.);
#454=ORIENTED_EDGE('',*,*,#453,.T.);
#455=CARTESIAN_POINT('',(-14.290176589,-9.5,-2.));
#456=CARTESIAN_POINT('',(-82.,-9.5,-2.));
#457=B_SPLINE_CURVE_WITH_KNOTS('',1,(#455,#456),.UNSPECIFIED.,.F.,.F.,(2,2),(0.016790177,0.0845),.UNSPECIFIED.);
#458=EDGE_CURVE('',#315,#449,#457,.T.);
#459=ORIENTED_EDGE('',*,*,#458,.F.);
#460=EDGE_LOOP('',(#320,#327,#334,#341,#348,#355,#362,#410,#419,#426,#433,#440,#447,#454,#459));
#461=FACE_BOUND('',#460,.T.);
#462=ADVANCED_FACE('',(#311,#461),#249,.F.);
#463=CARTESIAN_POINT('',(-82.,-9.5,48.45));
#464=CARTESIAN_POINT('',(-82.,9.5,48.45));
#465=CARTESIAN_POINT('',(-82.,-9.5,-2.));
#466=CARTESIAN_POINT('',(-82.,9.5,-2.));
#467=B_SPLINE_SURFACE_WITH_KNOTS('',1,1,((#463,#464),(#465,#466)),.UNSPECIFIED.,.F.,.F.,.U.,(2,2),(2,2),(0.001753669,0.052203669),(-0.019,0.),.UNSPECIFIED.);
#468=CARTESIAN_POINT('',(-82.,4.152191045,19.303109241));
#469=VERTEX_POINT('',#468);
#470=CARTESIAN_POINT('',(-82.,3.9,18.455647197));
#471=VERTEX_POINT('',#470);
#472=CARTESIAN_POINT('',(-82.,4.152191045,19.303109241));
#473=CARTESIAN_POINT('',(-82.,3.304729001,18.005300286));
#474=CARTESIAN_POINT('',(-82.,4.602537956,17.157838242));
#475=CARTESIAN_POINT('',(-82.,5.90034691,16.310376197));
#476=CARTESIAN_POINT('',(-82.,6.747808955,17.608185152));
#477=CARTESIAN_POINT('',(-82.,7.595270999,18.905994107));
#478=CARTESIAN_POINT('',(-82.,6.297462044,19.753456152));
#479=CARTESIAN_POINT('',(-82.,4.99965309,20.600918196));
#480=CARTESIAN_POINT('',(-82.,4.152191045,19.303109241));
#481=(BOUNDED_CURVE()
B_SPLINE_CURVE(2,(#472,#473,#474,#475,#476,#477,#478,#479,#480),.UNSPECIFIED.,.T.,.F.)
B_SPLINE_CURVE_WITH_KNOTS((3,2,2,2,3),(0.,1.570796327,3.141592654,4.71238898,6.283185307),.UNSPECIFIED.)
CURVE()
GEOMETRIC_REPRESENTATION_ITEM()
RATIONAL_B_SPLINE_CURVE((1.,0.707106781,1.,0.707106781,1.,0.707106781,1.,0.707106781,1.))
REPRESENTATION_ITEM(''));
#482=EDGE_CURVE('',#469,#471,#481,.T.);
#483=ORIENTED_EDGE('',*,*,#482,.T.);
#484=CARTESIAN_POINT('',(-82.,4.152191045,19.303109241));
#485=CARTESIAN_POINT('',(-82.,3.304729001,18.005300286));
#486=CARTESIAN_POINT('',(-82.,4.602537956,17.157838242));
#487=CARTESIAN_POINT('',(-82.,5.90034691,16.310376197));
#488=CARTESIAN_POINT('',(-82.,6.747808955,17.608185152));
#489=CARTESIAN_POINT('',(-82.,7.595270999,18.905994107));
#490=CARTESIAN_POINT('',(-82.,6.297462044,19.753456152));
#491=CARTESIAN_POINT('',(-82.,4.99965309,20.600918196));
#492=CARTESIAN_POINT('',(-82.,4.152191045,19.303109241));
#493=(BOUNDED_CURVE()
B_SPLINE_CURVE(2,(#484,#485,#486,#487,#488,#489,#490,#491,#492),.UNSPECIFIED.,.T.,.F.)
B_SPLINE_CURVE_WITH_KNOTS((3,2,2,2,3),(0.,1.570796327,3.141592654,4.71238898,6.283185307),.UNSPECIFIED.)
CURVE()
GEOMETRIC_REPRESENTATION_ITEM()
RATIONAL_B_SPLINE_CURVE((1.,0.707106781,1.,0.707106781,1.,0.707106781,1.,0.707106781,1.))
REPRESENTATION_ITEM(''));
#494=EDGE_CURVE('',#471,#469,#493,.T.);
#495=ORIENTED_EDGE('',*,*,#494,.T.);
#496=EDGE_LOOP('',(#483,#495));
#497=FACE_BOUND('',#496,.T.);
#498=CARTESIAN_POINT('',(-82.,4.555792078,44.705719128));
#499=VERTEX_POINT('',#498);
#500=CARTESIAN_POINT('',(-82.,3.85,46.005647197));
#501=VERTEX_POINT('',#500);
#502=CARTESIAN_POINT('',(-82.,4.555792078,44.705719128));
#503=CARTESIAN_POINT('',(-82.,5.855720147,43.861511206));
#504=CARTESIAN_POINT('',(-82.,6.699928069,45.161439275));
#505=CARTESIAN_POINT('',(-82.,7.544135991,46.461367344));
#506=CARTESIAN_POINT('',(-82.,6.244207922,47.305575266));
#507=CARTESIAN_POINT('',(-82.,4.944279853,48.149783188));
#508=CARTESIAN_POINT('',(-82.,4.100071931,46.849855119));
#509=CARTESIAN_POINT('',(-82.,3.255864009,45.54992705));
#510=CARTESIAN_POINT('',(-82.,4.555792078,44.705719128));
#511=(BOUNDED_CURVE()
B_SPLINE_CURVE(2,(#502,#503,#504,#505,#506,#507,#508,#509,#510),.UNSPECIFIED.,.T.,.F.)
B_SPLINE_CURVE_WITH_KNOTS((3,2,2,2,3),(0.,1.570796327,3.141592654,4.71238898,6.283185307),.UNSPECIFIED.)
CURVE()
GEOMETRIC_REPRESENTATION_ITEM()
RATIONAL_B_SPLINE_CURVE((1.,0.707106781,1.,0.707106781,1.,0.707106781,1.,0.707106781,1.))
REPRESENTATION_ITEM(''));
#512=EDGE_CURVE('',#499,#501,#511,.T.);
#513=ORIENTED_EDGE('',*,*,#512,.T.);
#514=CARTESIAN_POINT('',(-82.,4.555792078,44.705719128));
#515=CARTESIAN_POINT('',(-82.,5.855720147,43.861511206));
#516=CARTESIAN_POINT('',(-82.,6.699928069,45.161439275));
#517=CARTESIAN_POINT('',(-82.,7.544135991,46.461367344));
#518=CARTESIAN_POINT('',(-82.,6.244207922,47.305575266));
#519=CARTESIAN_POINT('',(-82.,4.944279853,48.149783188));
#520=CARTESIAN_POINT('',(-82.,4.100071931,46.849855119));
#521=CARTESIAN_POINT('',(-82.,3.255864009,45.54992705));
#522=CARTESIAN_POINT('',(-82.,4.555792078,44.705719128));
#523=(BOUNDED_CURVE()
B_SPLINE_CURVE(2,(#514,#515,#516,#517,#518,#519,#520,#521,#522),.UNSPECIFIED.,.T.,.F.)
B_SPLINE_CURVE_WITH_KNOTS((3,2,2,2,3),(0.,1.570796327,3.141592654,4.71238898,6.283185307),.UNSPECIFIED.)
CURVE()
GEOMETRIC_REPRESENTATION_ITEM()
RATIONAL_B_SPLINE_CURVE((1.,0.707106781,1.,0.707106781,1.,0.707106781,1.,0.707106781,1.))
REPRESENTATION_ITEM(''));
#524=EDGE_CURVE('',#501,#499,#523,.T.);
#525=ORIENTED_EDGE('',*,*,#524,.T.);
#526=EDGE_LOOP('',(#513,#525));
#527=FACE_BOUND('',#526,.T.);
#528=ORIENTED_EDGE('',*,*,#129,.T.);
#529=CARTESIAN_POINT('',(-82.,9.5,-2.));
#530=CARTESIAN_POINT('',(-82.,-9.5,-2.));
#531=B_SPLINE_CURVE_WITH_KNOTS('',1,(#529,#530),.UNSPECIFIED.,.F.,.F.,(2,2),(0.000118243,0.019118243),.UNSPECIFIED.);
#532=EDGE_CURVE('',#118,#449,#531,.T.);
#533=ORIENTED_EDGE('',*,*,#532,.T.);
#534=ORIENTED_EDGE('',*,*,#453,.F.);
#535=CARTESIAN_POINT('',(-82.,9.5,48.45));
#536=CARTESIAN_POINT('',(-82.,-9.5,48.45));
#537=B_SPLINE_CURVE_WITH_KNOTS('',1,(#535,#536),.UNSPECIFIED.,.F.,.F.,(2,2),(0.,0.019),.UNSPECIFIED.);
#538=EDGE_CURVE('',#125,#442,#537,.T.);
#539=ORIENTED_EDGE('',*,*,#538,.F.);
#540=EDGE_LOOP('',(#528,#533,#534,#539));
#541=FACE_BOUND('',#540,.T.);
#542=ADVANCED_FACE('',(#497,#527,#541),#467,.F.);
#543=CARTESIAN_POINT('',(-75.01371307,-9.5,16.));
#544=CARTESIAN_POINT('',(-75.01371307,9.5,16.));
#545=CARTESIAN_POINT('',(-75.01371307,-9.5,48.45));
#546=CARTESIAN_POINT('',(-75.01371307,9.5,48.45));
#547=B_SPLINE_SURFACE_WITH_KNOTS('',1,1,((#543,#544),(#545,#546)),.UNSPECIFIED.,.F.,.F.,.U.,(2,2),(2,2),(-0.034203669,-0.001753669),(-0.,0.019),.UNSPECIFIED.);
#548=CARTESIAN_POINT('',(-75.01371307,3.9,18.455647197));
#549=VERTEX_POINT('',#548);
#550=CARTESIAN_POINT('',(-75.01371307,5.45,20.005647197));
#551=VERTEX_POINT('',#550);
#552=CARTESIAN_POINT('',(-75.01371307,5.45,20.005647197));
#553=CARTESIAN_POINT('',(-75.01371307,3.9,20.005647197));
#554=CARTESIAN_POINT('',(-75.01371307,3.9,18.455647197));
#555=CARTESIAN_POINT('',(-75.01371307,3.9,16.905647197));
#556=CARTESIAN_POINT('',(-75.01371307,5.45,16.905647197));
#557=CARTESIAN_POINT('',(-75.01371307,7.,16.905647197));
#558=CARTESIAN_POINT('',(-75.01371307,7.,18.455647197));
#559=CARTESIAN_POINT('',(-75.01371307,7.,20.005647197));
#560=CARTESIAN_POINT('',(-75.01371307,5.45,20.005647197));
#561=(BOUNDED_CURVE()
B_SPLINE_CURVE(2,(#552,#553,#554,#555,#556,#557,#558,#559,#560),.UNSPECIFIED.,.T.,.F.)
B_SPLINE_CURVE_WITH_KNOTS((3,2,2,2,3),(0.,1.570796327,3.141592654,4.71238898,6.283185307),.UNSPECIFIED.)
CURVE()
GEOMETRIC_REPRESENTATION_ITEM()
RATIONAL_B_SPLINE_CURVE((1.,0.707106781,1.,0.707106781,1.,0.707106781,1.,0.707106781,1.))
REPRESENTATION_ITEM(''));
#562=EDGE_CURVE('',#549,#551,#561,.T.);
#563=ORIENTED_EDGE('',*,*,#562,.F.);
#564=CARTESIAN_POINT('',(-75.01371307,5.45,20.005647197));
#565=CARTESIAN_POINT('',(-75.01371307,3.9,20.005647197));
#566=CARTESIAN_POINT('',(-75.01371307,3.9,18.455647197));
#567=CARTESIAN_POINT('',(-75.01371307,3.9,16.905647197));
#568=CARTESIAN_POINT('',(-75.01371307,5.45,16.905647197));
#569=CARTESIAN_POINT('',(-75.01371307,7.,16.905647197));
#570=CARTESIAN_POINT('',(-75.01371307,7.,18.455647197));
#571=CARTESIAN_POINT('',(-75.01371307,7.,20.005647197));
#572=CARTESIAN_POINT('',(-75.01371307,5.45,20.005647197));
#573=(BOUNDED_CURVE()
B_SPLINE_CURVE(2,(#564,#565,#566,#567,#568,#569,#570,#571,#572),.UNSPECIFIED.,.T.,.F.)
B_SPLINE_CURVE_WITH_KNOTS((3,2,2,2,3),(0.,1.570796327,3.141592654,4.71238898,6.283185307),.UNSPECIFIED.)
CURVE()
GEOMETRIC_REPRESENTATION_ITEM()
RATIONAL_B_SPLINE_CURVE((1.,0.707106781,1.,0.707106781,1.,0.707106781,1.,0.707106781,1.))
REPRESENTATION_ITEM(''));
#574=EDGE_CURVE('',#551,#549,#573,.T.);
#575=ORIENTED_EDGE('',*,*,#574,.F.);
#576=EDGE_LOOP('',(#563,#575));
#577=FACE_BOUND('',#576,.T.);
#578=CARTESIAN_POINT('',(-75.01371307,3.85,46.005647197));
#579=VERTEX_POINT('',#578);
#580=CARTESIAN_POINT('',(-75.01371307,5.4,47.555647197));
#581=VERTEX_POINT('',#580);
#582=CARTESIAN_POINT('',(-75.01371307,5.4,47.555647197));
#583=CARTESIAN_POINT('',(-75.01371307,3.85,47.555647197));
#584=CARTESIAN_POINT('',(-75.01371307,3.85,46.005647197));
#585=CARTESIAN_POINT('',(-75.01371307,3.85,44.455647197));
#586=CARTESIAN_POINT('',(-75.01371307,5.4,44.455647197));
#587=CARTESIAN_POINT('',(-75.01371307,6.95,44.455647197));
#588=CARTESIAN_POINT('',(-75.01371307,6.95,46.005647197));
#589=CARTESIAN_POINT('',(-75.01371307,6.95,47.555647197));
#590=CARTESIAN_POINT('',(-75.01371307,5.4,47.555647197));
#591=(BOUNDED_CURVE()
B_SPLINE_CURVE(2,(#582,#583,#584,#585,#586,#587,#588,#589,#590),.UNSPECIFIED.,.T.,.F.)
B_SPLINE_CURVE_WITH_KNOTS((3,2,2,2,3),(0.,1.570796327,3.141592654,4.71238898,6.283185307),.UNSPECIFIED.)
CURVE()
GEOMETRIC_REPRESENTATION_ITEM()
RATIONAL_B_SPLINE_CURVE((1.,0.707106781,1.,0.707106781,1.,0.707106781,1.,0.707106781,1.))
REPRESENTATION_ITEM(''));
#592=EDGE_CURVE('',#579,#581,#591,.T.);
#593=ORIENTED_EDGE('',*,*,#592,.F.);
#594=CARTESIAN_POINT('',(-75.01371307,5.4,47.555647197));
#595=CARTESIAN_POINT('',(-75.01371307,3.85,47.555647197));
#596=CARTESIAN_POINT('',(-75.01371307,3.85,46.005647197));
#597=CARTESIAN_POINT('',(-75.01371307,3.85,44.455647197));
#598=CARTESIAN_POINT('',(-75.01371307,5.4,44.455647197));
#599=CARTESIAN_POINT('',(-75.01371307,6.95,44.455647197));
#600=CARTESIAN_POINT('',(-75.01371307,6.95,46.005647197));
#601=CARTESIAN_POINT('',(-75.01371307,6.95,47.555647197));
#602=CARTESIAN_POINT('',(-75.01371307,5.4,47.555647197));
#603=(BOUNDED_CURVE()
B_SPLINE_CURVE(2,(#594,#595,#596,#597,#598,#599,#600,#601,#602),.UNSPECIFIED.,.T.,.F.)
B_SPLINE_CURVE_WITH_KNOTS((3,2,2,2,3),(0.,1.570796327,3.141592654,4.71238898,6.283185307),.UNSPECIFIED.)
CURVE()
GEOMETRIC_REPRESENTATION_ITEM()
RATIONAL_B_SPLINE_CURVE((1.,0.707106781,1.,0.707106781,1.,0.707106781,1.,0.707106781,1.))
REPRESENTATION_ITEM(''));
#604=EDGE_CURVE('',#581,#579,#603,.T.);
#605=ORIENTED_EDGE('',*,*,#604,.F.);
#606=EDGE_LOOP('',(#593,#605));
#607=FACE_BOUND('',#606,.T.);
#608=CARTESIAN_POINT('',(-75.01371307,-9.5,16.));
#609=CARTESIAN_POINT('',(-75.01371307,9.5,16.));
#610=B_SPLINE_CURVE_WITH_KNOTS('',1,(#608,#609),.UNSPECIFIED.,.F.,.F.,(2,2),(0.,0.019),.UNSPECIFIED.);
#611=EDGE_CURVE('',#428,#139,#610,.T.);
#612=ORIENTED_EDGE('',*,*,#611,.T.);
#613=ORIENTED_EDGE('',*,*,#143,.F.);
#614=CARTESIAN_POINT('',(-75.01371307,-9.5,48.45));
#615=CARTESIAN_POINT('',(-75.01371307,9.5,48.45));
#616=B_SPLINE_CURVE_WITH_KNOTS('',1,(#614,#615),.UNSPECIFIED.,.F.,.F.,(2,2),(0.,0.019),.UNSPECIFIED.);
#617=EDGE_CURVE('',#435,#132,#616,.T.);
#618=ORIENTED_EDGE('',*,*,#617,.F.);
#619=ORIENTED_EDGE('',*,*,#439,.T.);
#620=EDGE_LOOP('',(#612,#613,#618,#619));
#621=FACE_BOUND('',#620,.T.);
#622=ADVANCED_FACE('',(#577,#607,#621),#547,.F.);
#623=CARTESIAN_POINT('',(-82.,-9.5,48.45));
#624=CARTESIAN_POINT('',(-82.,9.5,48.45));
#625=CARTESIAN_POINT('',(-75.01371307,-9.5,48.45));
#626=CARTESIAN_POINT('',(-75.01371307,9.5,48.45));
#627=B_SPLINE_SURFACE_WITH_KNOTS('',1,1,((#623,#624),(#625,#626)),.UNSPECIFIED.,.F.,.F.,.U.,(2,2),(2,2),(-0.003493143,0.003493143),(-0.0095,0.0095),.UNSPECIFIED.);
#628=ORIENTED_EDGE('',*,*,#136,.T.);
#629=ORIENTED_EDGE('',*,*,#538,.T.);
#630=ORIENTED_EDGE('',*,*,#446,.T.);
#631=ORIENTED_EDGE('',*,*,#617,.T.);
#632=EDGE_LOOP('',(#628,#629,#630,#631));
#633=FACE_BOUND('',#632,.T.);
#634=ADVANCED_FACE('',(#633),#627,.T.);
#635=CARTESIAN_POINT('',(-75.01371307,3.85,46.005647197));
#636=CARTESIAN_POINT('',(-82.,3.85,46.005647197));
#637=CARTESIAN_POINT('',(-75.01371307,3.85,48.690325948));
#638=CARTESIAN_POINT('',(-82.,3.85,48.690325948));
#639=CARTESIAN_POINT('',(-75.01371307,6.175,47.347986573));
#640=CARTESIAN_POINT('',(-82.,6.175,47.347986573));
#641=CARTESIAN_POINT('',(-75.01371307,8.5,46.005647197));
#642=CARTESIAN_POINT('',(-82.,8.5,46.005647197));
#643=CARTESIAN_POINT('',(-75.01371307,6.175,44.663307821));
#644=CARTESIAN_POINT('',(-82.,6.175,44.663307821));
#645=CARTESIAN_POINT('',(-75.01371307,3.85,43.320968445));
#646=CARTESIAN_POINT('',(-82.,3.85,43.320968445));
#647=CARTESIAN_POINT('',(-75.01371307,3.85,46.005647197));
#648=CARTESIAN_POINT('',(-82.,3.85,46.005647197));
#649=(BOUNDED_SURFACE()
B_SPLINE_SURFACE(2,1,((#635,#636),(#637,#638),(#639,#640),(#641,#642),(#643,#644),(#645,#646),(#647,#648)),.UNSPECIFIED.,.T.,.F.,.U.)
B_SPLINE_SURFACE_WITH_KNOTS((3,2,2,3),(2,2),(0.,2.094395102,4.188790205,6.283185307),(0.00803765,0.015023937),.UNSPECIFIED.)
GEOMETRIC_REPRESENTATION_ITEM()
RATIONAL_B_SPLINE_SURFACE(((1.,1.),(0.5,0.5),(1.,1.),(0.5,0.5),(1.,1.),(0.5,0.5),(1.,1.)))
REPRESENTATION_ITEM('')
SURFACE()
);
#650=CARTESIAN_POINT('',(-82.,3.85,46.005647197));
#651=CARTESIAN_POINT('',(-75.01371307,3.85,46.005647197));
#652=B_SPLINE_CURVE_WITH_KNOTS('',1,(#650,#651),.UNSPECIFIED.,.F.,.F.,(2,2),(0.00803765,0.015023937),.UNSPECIFIED.);
#653=EDGE_CURVE('',#501,#579,#652,.T.);
#654=ORIENTED_EDGE('',*,*,#653,.F.);
#655=ORIENTED_EDGE('',*,*,#512,.F.);
#656=ORIENTED_EDGE('',*,*,#524,.F.);
#657=ORIENTED_EDGE('',*,*,#653,.T.);
#658=ORIENTED_EDGE('',*,*,#592,.T.);
#659=ORIENTED_EDGE('',*,*,#604,.T.);
#660=EDGE_LOOP('',(#654,#655,#656,#657,#658,#659));
#661=FACE_BOUND('',#660,.T.);
#662=ADVANCED_FACE('',(#661),#649,.F.);
#663=CARTESIAN_POINT('',(-75.01371307,3.9,18.455647197));
#664=CARTESIAN_POINT('',(-82.,3.9,18.455647197));
#665=CARTESIAN_POINT('',(-75.01371307,3.9,21.140325948));
#666=CARTESIAN_POINT('',(-82.,3.9,21.140325948));
#667=CARTESIAN_POINT('',(-75.01371307,6.225,19.797986573));
#668=CARTESIAN_POINT('',(-82.,6.225,19.797986573));
#669=CARTESIAN_POINT('',(-75.01371307,8.55,18.455647197));
#670=CARTESIAN_POINT('',(-82.,8.55,18.455647197));
#671=CARTESIAN_POINT('',(-75.01371307,6.225,17.113307821));
#672=CARTESIAN_POINT('',(-82.,6.225,17.113307821));
#673=CARTESIAN_POINT('',(-75.01371307,3.9,15.770968445));
#674=CARTESIAN_POINT('',(-82.,3.9,15.770968445));
#675=CARTESIAN_POINT('',(-75.01371307,3.9,18.455647197));
#676=CARTESIAN_POINT('',(-82.,3.9,18.455647197));
#677=(BOUNDED_SURFACE()
B_SPLINE_SURFACE(2,1,((#663,#664),(#665,#666),(#667,#668),(#669,#670),(#671,#672),(#673,#674),(#675,#676)),.UNSPECIFIED.,.T.,.F.,.U.)
B_SPLINE_SURFACE_WITH_KNOTS((3,2,2,3),(2,2),(0.,2.094395102,4.188790205,6.283185307),(0.014782374,0.021768661),.UNSPECIFIED.)
GEOMETRIC_REPRESENTATION_ITEM()
RATIONAL_B_SPLINE_SURFACE(((1.,1.),(0.5,0.5),(1.,1.),(0.5,0.5),(1.,1.),(0.5,0.5),(1.,1.)))
REPRESENTATION_ITEM('')
SURFACE()
);
#678=CARTESIAN_POINT('',(-82.,3.9,18.455647197));
#679=CARTESIAN_POINT('',(-75.01371307,3.9,18.455647197));
#680=B_SPLINE_CURVE_WITH_KNOTS('',1,(#678,#679),.UNSPECIFIED.,.F.,.F.,(2,2),(0.014782374,0.021768661),.UNSPECIFIED.);
#681=EDGE_CURVE('',#471,#549,#680,.T.);
#682=ORIENTED_EDGE('',*,*,#681,.F.);
#683=ORIENTED_EDGE('',*,*,#482,.F.);
#684=ORIENTED_EDGE('',*,*,#494,.F.);
#685=ORIENTED_EDGE('',*,*,#681,.T.);
#686=ORIENTED_EDGE('',*,*,#562,.T.);
#687=ORIENTED_EDGE('',*,*,#574,.T.);
#688=EDGE_LOOP('',(#682,#683,#684,#685,#686,#687));
#689=FACE_BOUND('',#688,.T.);
#690=ADVANCED_FACE('',(#689),#677,.F.);
#691=CARTESIAN_POINT('',(-75.01371307,-9.5,16.));
#692=CARTESIAN_POINT('',(-75.01371307,9.5,16.));
#693=CARTESIAN_POINT('',(-4.460057003,-9.5,16.));
#694=CARTESIAN_POINT('',(-4.460057003,9.5,16.));
#695=B_SPLINE_SURFACE_WITH_KNOTS('',1,1,((#691,#692),(#693,#694)),.UNSPECIFIED.,.F.,.F.,.U.,(2,2),(2,2),(-0.075013713,-0.004460057),(-0.0095,0.0095),.UNSPECIFIED.);
#696=ORIENTED_EDGE('',*,*,#611,.F.);
#697=ORIENTED_EDGE('',*,*,#432,.T.);
#698=CARTESIAN_POINT('',(-4.460057003,-7.5,16.));
#699=VERTEX_POINT('',#698);
#700=CARTESIAN_POINT('',(-4.460057003,-7.5,16.));
#701=CARTESIAN_POINT('',(-4.460057003,-9.5,16.));
#702=B_SPLINE_CURVE_WITH_KNOTS('',1,(#700,#701),.UNSPECIFIED.,.F.,.F.,(2,2),(0.044965006,0.046965006),.UNSPECIFIED.);
#703=EDGE_CURVE('',#699,#421,#702,.T.);
#704=ORIENTED_EDGE('',*,*,#703,.F.);
#705=CARTESIAN_POINT('',(-75.,-7.5,16.));
#706=VERTEX_POINT('',#705);
#707=CARTESIAN_POINT('',(-75.,-7.5,16.));
#708=CARTESIAN_POINT('',(-4.460057003,-7.5,16.));
#709=B_SPLINE_CURVE_WITH_KNOTS('',1,(#707,#708),.UNSPECIFIED.,.F.,.F.,(2,2),(0.,0.070539943),.UNSPECIFIED.);
#710=EDGE_CURVE('',#706,#699,#709,.T.);
#711=ORIENTED_EDGE('',*,*,#710,.F.);
#712=CARTESIAN_POINT('',(-75.,7.5,16.));
#713=VERTEX_POINT('',#712);
#714=CARTESIAN_POINT('',(-75.,7.5,16.));
#715=CARTESIAN_POINT('',(-75.,-7.5,16.));
#716=B_SPLINE_CURVE_WITH_KNOTS('',1,(#714,#715),.UNSPECIFIED.,.F.,.F.,(2,2),(-0.0075,0.0075),.UNSPECIFIED.);
#717=EDGE_CURVE('',#713,#706,#716,.T.);
#718=ORIENTED_EDGE('',*,*,#717,.F.);
#719=CARTESIAN_POINT('',(-4.460057003,7.5,16.));
#720=VERTEX_POINT('',#719);
#721=CARTESIAN_POINT('',(-75.,7.5,16.));
#722=CARTESIAN_POINT('',(-4.460057003,7.5,16.));
#723=B_SPLINE_CURVE_WITH_KNOTS('',1,(#721,#722),.UNSPECIFIED.,.F.,.F.,(2,2),(0.,0.070539943),.UNSPECIFIED.);
#724=EDGE_CURVE('',#713,#720,#723,.T.);
#725=ORIENTED_EDGE('',*,*,#724,.T.);
#726=CARTESIAN_POINT('',(-4.460057003,9.5,16.));
#727=CARTESIAN_POINT('',(-4.460057003,7.5,16.));
#728=B_SPLINE_CURVE_WITH_KNOTS('',1,(#726,#727),.UNSPECIFIED.,.F.,.F.,(2,2),(0.027965006,0.029965006),.UNSPECIFIED.);
#729=EDGE_CURVE('',#146,#720,#728,.T.);
#730=ORIENTED_EDGE('',*,*,#729,.F.);
#731=ORIENTED_EDGE('',*,*,#150,.T.);
#732=EDGE_LOOP('',(#696,#697,#704,#711,#718,#725,#730,#731));
#733=FACE_BOUND('',#732,.T.);
#734=ADVANCED_FACE('',(#733),#695,.T.);
#735=CARTESIAN_POINT('',(0.,7.5,6.300179822));
#736=CARTESIAN_POINT('',(0.,7.584946964,6.300179822));
#737=CARTESIAN_POINT('',(0.,7.5,7.424002322));
#738=CARTESIAN_POINT('',(0.,7.584946964,7.424002322));
#739=B_SPLINE_SURFACE_WITH_KNOTS('',1,1,((#735,#736),(#737,#738)),.UNSPECIFIED.,.F.,.F.,.U.,(2,2),(2,2),(-0.00869982,-0.007575998),(-0.,0.000084947),.UNSPECIFIED.);
#740=CARTESIAN_POINT('',(-0.,7.5,7.424002322));
#741=VERTEX_POINT('',#740);
#742=CARTESIAN_POINT('',(0.,7.584909105,6.946488035));
#743=VERTEX_POINT('',#742);
#744=CARTESIAN_POINT('',(-0.,7.5,7.424002322));
#745=CARTESIAN_POINT('',(-0.,7.538132359,7.26573511));
#746=CARTESIAN_POINT('',(0.,7.566430572,7.106565508));
#747=CARTESIAN_POINT('',(0.,7.584871245,6.946491368));
#748=B_SPLINE_CURVE_WITH_KNOTS('',3,(#744,#745,#746,#747),.UNSPECIFIED.,.F.,.F.,(4,4),(0.,0.000483269),.UNSPECIFIED.);
#749=EDGE_CURVE('',#741,#743,#748,.T.);
#750=ORIENTED_EDGE('',*,*,#749,.F.);
#751=CARTESIAN_POINT('',(0.,7.5,6.300179822));
#752=VERTEX_POINT('',#751);
#753=CARTESIAN_POINT('',(0.,7.5,7.424002322));
#754=CARTESIAN_POINT('',(0.,7.5,6.300179822));
#755=B_SPLINE_CURVE_WITH_KNOTS('',1,(#753,#754),.UNSPECIFIED.,.F.,.F.,(2,2),(0.007575998,0.00869982),.UNSPECIFIED.);
#756=EDGE_CURVE('',#741,#752,#755,.T.);
#757=ORIENTED_EDGE('',*,*,#756,.T.);
#758=CARTESIAN_POINT('',(0.,7.500096873,6.300414118));
#759=CARTESIAN_POINT('',(0.,7.556291781,6.621195513));
#760=CARTESIAN_POINT('',(0.,7.584946964,6.946484698));
#761=B_SPLINE_CURVE_WITH_KNOTS('',2,(#758,#759,#760),.UNSPECIFIED.,.F.,.F.,(3,3),(0.000186758,0.246945348),.UNSPECIFIED.);
#762=EDGE_CURVE('',#752,#743,#761,.T.);
#763=ORIENTED_EDGE('',*,*,#762,.T.);
#764=EDGE_LOOP('',(#750,#757,#763));
#765=FACE_BOUND('',#764,.T.);
#766=ADVANCED_FACE('',(#765),#739,.F.);
#767=CARTESIAN_POINT('',(0.,-7.584975092,6.300211278));
#768=CARTESIAN_POINT('',(0.,-7.5,6.300211278));
#769=CARTESIAN_POINT('',(0.,-7.584975092,7.424002319));
#770=CARTESIAN_POINT('',(0.,-7.5,7.424002319));
#771=B_SPLINE_SURFACE_WITH_KNOTS('',1,1,((#767,#768),(#769,#770)),.UNSPECIFIED.,.F.,.F.,.U.,(2,2),(2,2),(-0.008699789,-0.007575998),(0.001915025,0.002),.UNSPECIFIED.);
#772=CARTESIAN_POINT('',(0.,-7.584923169,6.946486799));
#773=VERTEX_POINT('',#772);
#774=CARTESIAN_POINT('',(0.,-7.5,7.424002319));
#775=VERTEX_POINT('',#774);
#776=CARTESIAN_POINT('',(0.,-7.584871245,6.946491365));
#777=CARTESIAN_POINT('',(0.,-7.575650672,7.026528433));
#778=CARTESIAN_POINT('',(0.,-7.563962313,7.106339045));
#779=CARTESIAN_POINT('',(0.,-7.549816302,7.18592413));
#780=CARTESIAN_POINT('',(0.,-7.542743297,7.225716672));
#781=CARTESIAN_POINT('',(0.,-7.535055461,7.265452795));
#782=CARTESIAN_POINT('',(0.,-7.526752944,7.305132512));
#783=CARTESIAN_POINT('',(0.,-7.522601686,7.32497237));
#784=CARTESIAN_POINT('',(0.,-7.518296694,7.344798121));
#785=CARTESIAN_POINT('',(0.,-7.513837914,7.364609759));
#786=CARTESIAN_POINT('',(0.,-7.509379134,7.384421398));
#787=CARTESIAN_POINT('',(0.,-7.504930188,7.40353972));
#788=CARTESIAN_POINT('',(0.,-7.5,7.424002319));
#789=B_SPLINE_CURVE_WITH_KNOTS('',3,(#776,#777,#778,#779,#780,#781,#782,#783,#784,#785,#786,#787,#788),.UNSPECIFIED.,.F.,.F.,(4,3,3,3,4),(0.00066108,0.000902714,0.001023531,0.00108394,0.001144348),.UNSPECIFIED.);
#790=EDGE_CURVE('',#773,#775,#789,.T.);
#791=ORIENTED_EDGE('',*,*,#790,.F.);
#792=CARTESIAN_POINT('',(0.,-7.5,6.300211278));
#793=VERTEX_POINT('',#792);
#794=CARTESIAN_POINT('',(0.,-7.584975092,6.946482222));
#795=CARTESIAN_POINT('',(0.,-7.556427634,6.622257662));
#796=CARTESIAN_POINT('',(0.,-7.500076062,6.30041777));
#797=B_SPLINE_CURVE_WITH_KNOTS('',2,(#794,#795,#796),.UNSPECIFIED.,.F.,.F.,(3,3),(0.753220361,0.999836668),.UNSPECIFIED.);
#798=EDGE_CURVE('',#773,#793,#797,.T.);
#799=ORIENTED_EDGE('',*,*,#798,.T.);
#800=CARTESIAN_POINT('',(0.,-7.5,7.424002319));
#801=CARTESIAN_POINT('',(0.,-7.5,6.300211278));
#802=B_SPLINE_CURVE_WITH_KNOTS('',1,(#800,#801),.UNSPECIFIED.,.F.,.F.,(2,2),(0.007575998,0.008699789),.UNSPECIFIED.);
#803=EDGE_CURVE('',#775,#793,#802,.T.);
#804=ORIENTED_EDGE('',*,*,#803,.F.);
#805=EDGE_LOOP('',(#791,#799,#804));
#806=FACE_BOUND('',#805,.T.);
#807=ADVANCED_FACE('',(#806),#771,.F.);
#808=CARTESIAN_POINT('',(2.5,-9.5,1.032505162));
#809=CARTESIAN_POINT('',(2.5,9.5,1.032505162));
#810=CARTESIAN_POINT('',(2.5,-9.5,-2.));
#811=CARTESIAN_POINT('',(2.5,9.5,-2.));
#812=B_SPLINE_SURFACE_WITH_KNOTS('',1,1,((#808,#809),(#810,#811)),.UNSPECIFIED.,.F.,.F.,.U.,(2,2),(2,2),(-0.001032505,0.002),(-0.0095,0.0095),.UNSPECIFIED.);
#813=ORIENTED_EDGE('',*,*,#235,.F.);
#814=CARTESIAN_POINT('',(2.5,3.742787959,-0.5));
#815=VERTEX_POINT('',#814);
#816=CARTESIAN_POINT('',(2.5,9.5,-0.5));
#817=CARTESIAN_POINT('',(2.5,3.742787959,-0.5));
#818=B_SPLINE_CURVE_WITH_KNOTS('',1,(#816,#817),.UNSPECIFIED.,.F.,.F.,(2,2),(-0.0095,-0.003742788),.UNSPECIFIED.);
#819=EDGE_CURVE('',#224,#815,#818,.T.);
#820=ORIENTED_EDGE('',*,*,#819,.T.);
#821=CARTESIAN_POINT('',(2.5,3.742787959,1.032506104));
#822=VERTEX_POINT('',#821);
#823=CARTESIAN_POINT('',(2.5,3.742787959,1.032491819));
#824=CARTESIAN_POINT('',(2.5,3.742787959,-0.5));
#825=B_SPLINE_CURVE_WITH_KNOTS('',1,(#823,#824),.UNSPECIFIED.,.F.,.F.,(2,2),(-0.000074073,0.001458419),.UNSPECIFIED.);
#826=EDGE_CURVE('',#822,#815,#825,.T.);
#827=ORIENTED_EDGE('',*,*,#826,.F.);
#828=CARTESIAN_POINT('',(2.5,-0.,0.));
#829=VERTEX_POINT('',#828);
#830=CARTESIAN_POINT('',(2.5,-0.,0.));
#831=CARTESIAN_POINT('',(2.5,0.478190939,0.));
#832=CARTESIAN_POINT('',(2.5,0.952841203,0.062452512));
#833=CARTESIAN_POINT('',(2.5,1.42667453,0.124797535));
#834=CARTESIAN_POINT('',(2.5,1.889379029,0.248741468));
#835=CARTESIAN_POINT('',(2.5,2.351020988,0.372400781));
#836=CARTESIAN_POINT('',(2.5,2.793589056,0.555679413));
#837=CARTESIAN_POINT('',(2.5,3.235140825,0.73853717));
#838=CARTESIAN_POINT('',(2.5,3.65,0.978014552));
#839=CARTESIAN_POINT('',(2.5,3.696611794,1.004921202));
#840=CARTESIAN_POINT('',(2.5,3.742794246,1.032495573));
#841=B_SPLINE_CURVE_WITH_KNOTS('',2,(#830,#831,#832,#833,#834,#835,#836,#837,#838,#839,#840),.UNSPECIFIED.,.F.,.F.,(3,2,2,2,2,3),(0.,0.0625,0.125,0.1875,0.25,0.257038394),.UNSPECIFIED.);
#842=EDGE_CURVE('',#829,#822,#841,.T.);
#843=ORIENTED_EDGE('',*,*,#842,.F.);
#844=CARTESIAN_POINT('',(2.5,-3.742787959,1.032506104));
#845=VERTEX_POINT('',#844);
#846=CARTESIAN_POINT('',(2.5,-3.742788522,1.032505162));
#847=CARTESIAN_POINT('',(2.5,-3.696619633,1.004935094));
#848=CARTESIAN_POINT('',(2.5,-3.65,0.978014552));
#849=CARTESIAN_POINT('',(2.5,-3.236129502,0.739024731));
#850=CARTESIAN_POINT('',(2.5,-2.793589056,0.555679413));
#851=CARTESIAN_POINT('',(2.5,-2.352064846,0.372755123));
#852=CARTESIAN_POINT('',(2.5,-1.889379029,0.248741468));
#853=CARTESIAN_POINT('',(2.5,-1.427755709,0.125012595));
#854=CARTESIAN_POINT('',(2.5,-0.952841203,0.062452512));
#855=CARTESIAN_POINT('',(2.5,-0.478743302,0.));
#856=CARTESIAN_POINT('',(2.5,-0.,0.));
#857=B_SPLINE_CURVE_WITH_KNOTS('',2,(#846,#847,#848,#849,#850,#851,#852,#853,#854,#855,#856),.UNSPECIFIED.,.F.,.F.,(3,2,2,2,2,3),(0.742975977,0.75,0.8125,0.875,0.9375,1.),.UNSPECIFIED.);
#858=EDGE_CURVE('',#845,#829,#857,.T.);
#859=ORIENTED_EDGE('',*,*,#858,.F.);
#860=CARTESIAN_POINT('',(2.5,-3.742787959,-0.5));
#861=VERTEX_POINT('',#860);
#862=CARTESIAN_POINT('',(2.5,-3.742787959,-0.5));
#863=CARTESIAN_POINT('',(2.5,-3.742787959,1.032504825));
#864=B_SPLINE_CURVE_WITH_KNOTS('',1,(#862,#863),.UNSPECIFIED.,.F.,.F.,(2,2),(-0.000074086,0.001458419),.UNSPECIFIED.);
#865=EDGE_CURVE('',#861,#845,#864,.T.);
#866=ORIENTED_EDGE('',*,*,#865,.F.);
#867=CARTESIAN_POINT('',(2.5,-3.742787959,-0.5));
#868=CARTESIAN_POINT('',(2.5,-9.5,-0.5));
#869=B_SPLINE_CURVE_WITH_KNOTS('',1,(#867,#868),.UNSPECIFIED.,.F.,.F.,(2,2),(0.003742788,0.0095),.UNSPECIFIED.);
#870=EDGE_CURVE('',#861,#343,#869,.T.);
#871=ORIENTED_EDGE('',*,*,#870,.T.);
#872=ORIENTED_EDGE('',*,*,#347,.F.);
#873=CARTESIAN_POINT('',(2.5,9.5,-2.));
#874=CARTESIAN_POINT('',(2.5,-9.5,-2.));
#875=B_SPLINE_CURVE_WITH_KNOTS('',1,(#873,#874),.UNSPECIFIED.,.F.,.F.,(2,2),(0.,0.019),.UNSPECIFIED.);
#876=EDGE_CURVE('',#231,#336,#875,.T.);
#877=ORIENTED_EDGE('',*,*,#876,.F.);
#878=EDGE_LOOP('',(#813,#820,#827,#843,#859,#866,#871,#872,#877));
#879=FACE_BOUND('',#878,.T.);
#880=ADVANCED_FACE('',(#879),#812,.T.);
#881=CARTESIAN_POINT('',(0.,6.542563654,3.719140714));
#882=CARTESIAN_POINT('',(0.245207008,6.516076439,3.704083974));
#883=CARTESIAN_POINT('',(0.,6.559961153,3.748358486));
#884=CARTESIAN_POINT('',(0.245207008,6.533403505,3.733183459));
#885=CARTESIAN_POINT('',(0.,6.577162173,3.777693339));
#886=CARTESIAN_POINT('',(0.245207008,6.550534888,3.762399552));
#887=CARTESIAN_POINT('',(0.,6.92640075,4.382592298));
#888=CARTESIAN_POINT('',(0.245207008,6.898359591,4.36484961));
#889=CARTESIAN_POINT('',(0.,7.182857269,5.001733104));
#890=CARTESIAN_POINT('',(0.245207008,7.15377786,4.981483858));
#891=CARTESIAN_POINT('',(0.,7.469125645,6.070101228));
#892=CARTESIAN_POINT('',(0.245207008,7.438887294,6.045526752));
#893=CARTESIAN_POINT('',(0.,7.546094607,6.506615446));
#894=CARTESIAN_POINT('',(0.245207008,7.515544651,6.480273766));
#895=CARTESIAN_POINT('',(0.,7.584871246,6.946491373));
#896=CARTESIAN_POINT('',(0.245207008,7.554164305,6.918368878));
#897=B_SPLINE_SURFACE_WITH_KNOTS('',3,1,((#881,#882),(#883,#884),(#885,#886),(#887,#888),(#889,#890),(#891,#892),(#893,#894),(#895,#896)),.UNSPECIFIED.,.F.,.F.,.U.,(4,2,2,4),(2,2),(0.16453431,0.166666667,0.208333333,0.236023517),(0.,0.098082803),.UNSPECIFIED.);
#898=CARTESIAN_POINT('',(-0.000028478,6.542565879,3.719139329));
#899=VERTEX_POINT('',#898);
#900=CARTESIAN_POINT('',(0.,7.584871245,6.946491368));
#901=CARTESIAN_POINT('',(0.081068539,7.55106667,6.668884142));
#902=CARTESIAN_POINT('',(0.141137623,7.505347937,6.390830474));
#903=CARTESIAN_POINT('',(0.18174656,7.446013849,6.112922875));
#904=CARTESIAN_POINT('',(0.222355497,7.386679762,5.835015276));
#905=CARTESIAN_POINT('',(0.243608192,7.313716034,5.557271881));
#906=CARTESIAN_POINT('',(0.244674069,7.225174083,5.279996255));
#907=CARTESIAN_POINT('',(0.245739946,7.136632132,5.00272063));
#908=CARTESIAN_POINT('',(0.226438244,7.03488408,4.733324898));
#909=CARTESIAN_POINT('',(0.186335884,6.920971077,4.473158611));
#910=CARTESIAN_POINT('',(0.146233524,6.807058074,4.212992323));
#911=CARTESIAN_POINT('',(0.085427124,6.6807948,3.961551405));
#912=CARTESIAN_POINT('',(0.000000119,6.542635155,3.719260812));
#913=B_SPLINE_CURVE_WITH_KNOTS('',3,(#900,#901,#902,#903,#904,#905,#906,#907,#908,#909,#910,#911,#912),.UNSPECIFIED.,.F.,.F.,(4,3,3,3,4),(0.,0.000861167,0.001722334,0.0025835,0.003444667),.UNSPECIFIED.);
#914=EDGE_CURVE('',#743,#899,#913,.T.);
#915=ORIENTED_EDGE('',*,*,#914,.F.);
#916=ORIENTED_EDGE('',*,*,#762,.F.);
#917=CARTESIAN_POINT('',(0.,6.542587405,3.719180603));
#918=CARTESIAN_POINT('',(0.,7.014599923,4.511900633));
#919=CARTESIAN_POINT('',(0.,7.340756658,5.391171378));
#920=CARTESIAN_POINT('',(0.,7.499914975,6.299945513));
#921=B_SPLINE_CURVE_WITH_KNOTS('',3,(#917,#918,#919,#920),.UNSPECIFIED.,.F.,.F.,(4,4),(0.164535281,0.222388954),.UNSPECIFIED.);
#922=EDGE_CURVE('',#899,#752,#921,.T.);
#923=ORIENTED_EDGE('',*,*,#922,.F.);
#924=EDGE_LOOP('',(#915,#916,#923));
#925=FACE_BOUND('',#924,.T.);
#926=ADVANCED_FACE('',(#925),#897,.F.);
#927=CARTESIAN_POINT('',(0.,-7.584871246,6.946491376));
#928=CARTESIAN_POINT('',(0.245211177,-7.554163783,6.918368404));
#929=CARTESIAN_POINT('',(0.,-7.546094607,6.506615449));
#930=CARTESIAN_POINT('',(0.245211177,-7.515544132,6.48027332));
#931=CARTESIAN_POINT('',(0.,-7.469125645,6.070101229));
#932=CARTESIAN_POINT('',(0.245211177,-7.43888678,6.045526335));
#933=CARTESIAN_POINT('',(0.,-7.182857269,5.001733104));
#934=CARTESIAN_POINT('',(0.245211177,-7.153777365,4.981483514));
#935=CARTESIAN_POINT('',(0.,-6.92640075,4.382592298));
#936=CARTESIAN_POINT('',(0.245211177,-6.898359115,4.364849309));
#937=CARTESIAN_POINT('',(0.,-6.577169912,3.777706743));
#938=CARTESIAN_POINT('',(0.245211177,-6.550542142,3.762412641));
#939=CARTESIAN_POINT('',(0.,-6.55997681,3.748385189));
#940=CARTESIAN_POINT('',(0.245211177,-6.533418647,3.733209796));
#941=CARTESIAN_POINT('',(0.,-6.542587408,3.719180609));
#942=CARTESIAN_POINT('',(0.245211177,-6.516099647,3.704123451));
#943=B_SPLINE_SURFACE_WITH_KNOTS('',3,1,((#927,#928),(#929,#930),(#931,#932),(#933,#934),(#935,#936),(#937,#938),(#939,#940),(#941,#942)),.UNSPECIFIED.,.F.,.F.,.U.,(4,2,2,4),(2,2),(0.763976483,0.791666667,0.833333333,0.835464719),(0.,0.098084471),.UNSPECIFIED.);
#944=CARTESIAN_POINT('',(-0.000028478,-6.542565882,3.719139334));
#945=VERTEX_POINT('',#944);
#946=CARTESIAN_POINT('',(0.,-6.542634966,3.719260481));
#947=CARTESIAN_POINT('',(0.085056936,-6.680195668,3.960500904));
#948=CARTESIAN_POINT('',(0.146034407,-6.806527282,4.211807093));
#949=CARTESIAN_POINT('',(0.186292184,-6.920846967,4.47287517));
#950=CARTESIAN_POINT('',(0.226549961,-7.035166652,4.733943248));
#951=CARTESIAN_POINT('',(0.245750318,-7.137928636,5.006719949));
#952=CARTESIAN_POINT('',(0.244672014,-7.225342654,5.280524208));
#953=CARTESIAN_POINT('',(0.24359371,-7.312756673,5.554328467));
#954=CARTESIAN_POINT('',(0.222814025,-7.385685039,5.830848243));
#955=CARTESIAN_POINT('',(0.182210173,-7.445334627,6.109744333));
#956=CARTESIAN_POINT('',(0.141606322,-7.504984216,6.388640423));
#957=CARTESIAN_POINT('',(0.080771256,-7.551190642,6.66990204));
#958=CARTESIAN_POINT('',(0.000000024,-7.584871235,6.946491284));
#959=B_SPLINE_CURVE_WITH_KNOTS('',3,(#946,#947,#948,#949,#950,#951,#952,#953,#954,#955,#956,#957,#958),.UNSPECIFIED.,.F.,.F.,(4,3,3,3,4),(0.,0.000862582,0.001725163,0.002587745,0.003450326),.UNSPECIFIED.);
#960=EDGE_CURVE('',#945,#773,#959,.T.);
#961=ORIENTED_EDGE('',*,*,#960,.F.);
#962=CARTESIAN_POINT('',(0.,-7.499925355,6.300004786));
#963=CARTESIAN_POINT('',(0.,-7.340770747,5.39120964));
#964=CARTESIAN_POINT('',(0.,-7.014610187,4.511917871));
#965=CARTESIAN_POINT('',(0.,-6.542587408,3.719180609));
#966=B_SPLINE_CURVE_WITH_KNOTS('',3,(#962,#963,#964,#965),.UNSPECIFIED.,.F.,.F.,(4,4),(0.777609789,0.835464719),.UNSPECIFIED.);
#967=EDGE_CURVE('',#793,#945,#966,.T.);
#968=ORIENTED_EDGE('',*,*,#967,.F.);
#969=ORIENTED_EDGE('',*,*,#798,.F.);
#970=EDGE_LOOP('',(#961,#968,#969));
#971=FACE_BOUND('',#970,.T.);
#972=ADVANCED_FACE('',(#971),#943,.F.);
#973=CARTESIAN_POINT('',(-75.,-7.394978992,5.8));
#974=CARTESIAN_POINT('',(-75.,7.394978992,5.8));
#975=CARTESIAN_POINT('',(-75.,-7.394978992,-0.));
#976=CARTESIAN_POINT('',(-75.,7.394978992,-0.));
#977=B_SPLINE_SURFACE_WITH_KNOTS('',1,1,((#973,#974),(#975,#976)),.UNSPECIFIED.,.F.,.F.,.U.,(2,2),(2,2),(0.0092,0.015),(-0.007394979,0.007394979),.UNSPECIFIED.);
#978=CARTESIAN_POINT('',(-75.,7.394978992,5.8));
#979=VERTEX_POINT('',#978);
#980=CARTESIAN_POINT('',(-75.,-7.394978992,5.8));
#981=VERTEX_POINT('',#980);
#982=CARTESIAN_POINT('',(-75.,7.394978992,5.8));
#983=CARTESIAN_POINT('',(-75.,5.972005761,0.));
#984=CARTESIAN_POINT('',(-75.,0.,-0.));
#985=CARTESIAN_POINT('',(-75.,-5.972005761,-0.));
#986=CARTESIAN_POINT('',(-75.,-7.394978992,5.8));
#987=(BOUNDED_CURVE()
B_SPLINE_CURVE(2,(#982,#983,#984,#985,#986),.UNSPECIFIED.,.F.,.F.)
B_SPLINE_CURVE_WITH_KNOTS((3,2,3),(4.952977175,6.283185307,7.613393439),.UNSPECIFIED.)
CURVE()
GEOMETRIC_REPRESENTATION_ITEM()
RATIONAL_B_SPLINE_CURVE((1.,0.786852566,1.,0.786852566,1.))
REPRESENTATION_ITEM(''));
#988=EDGE_CURVE('',#979,#981,#987,.T.);
#989=ORIENTED_EDGE('',*,*,#988,.F.);
#990=CARTESIAN_POINT('',(-75.,-7.394978992,5.8));
#991=CARTESIAN_POINT('',(-75.,7.394978992,5.8));
#992=B_SPLINE_CURVE_WITH_KNOTS('',1,(#990,#991),.UNSPECIFIED.,.F.,.F.,(2,2),(-0.007394979,0.007394979),.UNSPECIFIED.);
#993=EDGE_CURVE('',#981,#979,#992,.T.);
#994=ORIENTED_EDGE('',*,*,#993,.F.);
#995=EDGE_LOOP('',(#989,#994));
#996=FACE_BOUND('',#995,.T.);
#997=ADVANCED_FACE('',(#996),#977,.T.);
#998=CARTESIAN_POINT('',(-75.,-7.5,6.3));
#999=CARTESIAN_POINT('',(0.,-7.5,6.3));
#1000=CARTESIAN_POINT('',(-75.,-7.5,16.));
#1001=CARTESIAN_POINT('',(0.,-7.5,16.));
#1002=B_SPLINE_SURFACE_WITH_KNOTS('',1,1,((#998,#999),(#1000,#1001)),.UNSPECIFIED.,.F.,.F.,.U.,(2,2),(2,2),(-0.0087,0.001),(0.,0.075),.UNSPECIFIED.);
#1003=CARTESIAN_POINT('',(-4.460057003,-7.5,10.583161764));
#1004=VERTEX_POINT('',#1003);
#1005=CARTESIAN_POINT('',(-4.460057003,-7.5,10.583161764));
#1006=CARTESIAN_POINT('',(-4.460057003,-7.5,16.));
#1007=B_SPLINE_CURVE_WITH_KNOTS('',1,(#1005,#1006),.UNSPECIFIED.,.F.,.F.,(2,2),(-0.004416838,0.001),.UNSPECIFIED.);
#1008=EDGE_CURVE('',#1004,#699,#1007,.T.);
#1009=ORIENTED_EDGE('',*,*,#1008,.F.);
#1010=CARTESIAN_POINT('',(-2.819574901,-7.5,10.583161761));
#1011=VERTEX_POINT('',#1010);
#1012=CARTESIAN_POINT('',(-2.819574901,-7.5,10.583161764));
#1013=CARTESIAN_POINT('',(-4.460057003,-7.5,10.583161764));
#1014=B_SPLINE_CURVE_WITH_KNOTS('',1,(#1012,#1013),.UNSPECIFIED.,.F.,.F.,(2,2),(-0.072180425,-0.070539943),.UNSPECIFIED.);
#1015=EDGE_CURVE('',#1011,#1004,#1014,.T.);
#1016=ORIENTED_EDGE('',*,*,#1015,.F.);
#1017=CARTESIAN_POINT('',(-2.002367485,-7.500000357,9.989595492));
#1018=VERTEX_POINT('',#1017);
#1019=CARTESIAN_POINT('',(-2.819574899,-7.5,10.583161757));
#1020=CARTESIAN_POINT('',(-2.548727955,-7.5,10.383164055));
#1021=CARTESIAN_POINT('',(-2.275953051,-7.5,10.186021512));
#1022=CARTESIAN_POINT('',(-2.002366403,-7.5,9.989594978));
#1023=B_SPLINE_CURVE_WITH_KNOTS('',3,(#1019,#1020,#1021,#1022),.UNSPECIFIED.,.F.,.F.,(4,4),(0.,0.001010025),.UNSPECIFIED.);
#1024=EDGE_CURVE('',#1011,#1018,#1023,.T.);
#1025=ORIENTED_EDGE('',*,*,#1024,.T.);
#1026=CARTESIAN_POINT('',(-2.002367838,-7.5,9.989596008));
#1027=CARTESIAN_POINT('',(-1.776787314,-7.5,9.827636102));
#1028=CARTESIAN_POINT('',(-1.562244354,-7.5,9.654224917));
#1029=CARTESIAN_POINT('',(-1.359979878,-7.5,9.468075021));
#1030=CARTESIAN_POINT('',(-1.157715402,-7.5,9.281925124));
#1031=CARTESIAN_POINT('',(-0.967657585,-7.5,9.083111034));
#1032=CARTESIAN_POINT('',(-0.792634512,-7.5,8.868698659));
#1033=CARTESIAN_POINT('',(-0.442588368,-7.5,8.439873909));
#1034=CARTESIAN_POINT('',(-0.158231521,-7.5,7.95308423));
#1035=CARTESIAN_POINT('',(0.,-7.5,7.424002319));
#1036=B_SPLINE_CURVE_WITH_KNOTS('',3,(#1026,#1027,#1028,#1029,#1030,#1031,#1032,#1033,#1034,#1035),.UNSPECIFIED.,.F.,.F.,(4,3,3,4),(0.,0.000824441,0.001648881,0.003297763),.UNSPECIFIED.);
#1037=EDGE_CURVE('',#1018,#775,#1036,.T.);
#1038=ORIENTED_EDGE('',*,*,#1037,.T.);
#1039=ORIENTED_EDGE('',*,*,#803,.T.);
#1040=CARTESIAN_POINT('',(-44.063140149,-7.5,6.3));
#1041=VERTEX_POINT('',#1040);
#1042=CARTESIAN_POINT('',(-44.063140149,-7.5,6.3));
#1043=CARTESIAN_POINT('',(0.,-7.5,6.3));
#1044=B_SPLINE_CURVE_WITH_KNOTS('',1,(#1042,#1043),.UNSPECIFIED.,.F.,.F.,(2,2),(-0.03004034,0.0140228),.UNSPECIFIED.);
#1045=EDGE_CURVE('',#1041,#793,#1044,.T.);
#1046=ORIENTED_EDGE('',*,*,#1045,.F.);
#1047=CARTESIAN_POINT('',(-44.,-7.5,6.614417184));
#1048=VERTEX_POINT('',#1047);
#1049=CARTESIAN_POINT('',(-44.063140149,-7.5,6.3));
#1050=CARTESIAN_POINT('',(-44.,-7.5,6.450868801));
#1051=CARTESIAN_POINT('',(-44.,-7.5,6.614417184));
#1052=(BOUNDED_CURVE()
B_SPLINE_CURVE(2,(#1049,#1050,#1051),.UNSPECIFIED.,.F.,.F.)
B_SPLINE_CURVE_WITH_KNOTS((3,3),(1.570796327,1.967157331),.UNSPECIFIED.)
CURVE()
GEOMETRIC_REPRESENTATION_ITEM()
RATIONAL_B_SPLINE_CURVE((1.,0.980426434,1.))
REPRESENTATION_ITEM(''));
#1053=EDGE_CURVE('',#1041,#1048,#1052,.T.);
#1054=ORIENTED_EDGE('',*,*,#1053,.T.);
#1055=CARTESIAN_POINT('',(-44.,-7.5,7.485582816));
#1056=VERTEX_POINT('',#1055);
#1057=CARTESIAN_POINT('',(-44.,-7.5,7.485582816));
#1058=CARTESIAN_POINT('',(-44.,-7.5,6.614417184));
#1059=B_SPLINE_CURVE_WITH_KNOTS('',1,(#1057,#1058),.UNSPECIFIED.,.F.,.F.,(2,2),(0.007514417,0.008385583),.UNSPECIFIED.);
#1060=EDGE_CURVE('',#1056,#1048,#1059,.T.);
#1061=ORIENTED_EDGE('',*,*,#1060,.F.);
#1062=CARTESIAN_POINT('',(-44.814417184,-7.5,8.3));
#1063=VERTEX_POINT('',#1062);
#1064=CARTESIAN_POINT('',(-44.,-7.5,7.485582816));
#1065=CARTESIAN_POINT('',(-44.,-7.5,8.3));
#1066=CARTESIAN_POINT('',(-44.814417184,-7.5,8.3));
#1067=(BOUNDED_CURVE()
B_SPLINE_CURVE(2,(#1064,#1065,#1066),.UNSPECIFIED.,.F.,.F.)
B_SPLINE_CURVE_WITH_KNOTS((3,3),(6.283185307,7.853981634),.UNSPECIFIED.)
CURVE()
GEOMETRIC_REPRESENTATION_ITEM()
RATIONAL_B_SPLINE_CURVE((1.,0.707106781,1.))
REPRESENTATION_ITEM(''));
#1068=EDGE_CURVE('',#1056,#1063,#1067,.T.);
#1069=ORIENTED_EDGE('',*,*,#1068,.T.);
#1070=CARTESIAN_POINT('',(-75.,-7.5,8.3));
#1071=VERTEX_POINT('',#1070);
#1072=CARTESIAN_POINT('',(-75.,-7.5,8.3));
#1073=CARTESIAN_POINT('',(-44.814417184,-7.5,8.3));
#1074=B_SPLINE_CURVE_WITH_KNOTS('',1,(#1072,#1073),.UNSPECIFIED.,.F.,.F.,(2,2),(0.,0.030185583),.UNSPECIFIED.);
#1075=EDGE_CURVE('',#1071,#1063,#1074,.T.);
#1076=ORIENTED_EDGE('',*,*,#1075,.F.);
#1077=CARTESIAN_POINT('',(-75.,-7.5,16.));
#1078=CARTESIAN_POINT('',(-75.,-7.5,8.3));
#1079=B_SPLINE_CURVE_WITH_KNOTS('',1,(#1077,#1078),.UNSPECIFIED.,.F.,.F.,(2,2),(-0.0067,0.001),.UNSPECIFIED.);
#1080=EDGE_CURVE('',#706,#1071,#1079,.T.);
#1081=ORIENTED_EDGE('',*,*,#1080,.F.);
#1082=ORIENTED_EDGE('',*,*,#710,.T.);
#1083=EDGE_LOOP('',(#1009,#1016,#1025,#1038,#1039,#1046,#1054,#1061,#1069,#1076,#1081,#1082));
#1084=FACE_BOUND('',#1083,.T.);
#1085=ADVANCED_FACE('',(#1084),#1002,.T.);
#1086=CARTESIAN_POINT('',(-75.,-7.5,16.));
#1087=CARTESIAN_POINT('',(-75.,7.5,16.));
#1088=CARTESIAN_POINT('',(-75.,-7.5,8.3));
#1089=CARTESIAN_POINT('',(-75.,7.5,8.3));
#1090=B_SPLINE_SURFACE_WITH_KNOTS('',1,1,((#1086,#1087),(#1088,#1089)),.UNSPECIFIED.,.F.,.F.,.U.,(2,2),(2,2),(-0.001,0.0067),(-0.0075,0.0075),.UNSPECIFIED.);
#1091=CARTESIAN_POINT('',(-75.,7.5,8.3));
#1092=VERTEX_POINT('',#1091);
#1093=CARTESIAN_POINT('',(-75.,7.5,8.3));
#1094=CARTESIAN_POINT('',(-75.,-7.5,8.3));
#1095=B_SPLINE_CURVE_WITH_KNOTS('',1,(#1093,#1094),.UNSPECIFIED.,.F.,.F.,(2,2),(-0.0075,0.0075),.UNSPECIFIED.);
#1096=EDGE_CURVE('',#1092,#1071,#1095,.T.);
#1097=ORIENTED_EDGE('',*,*,#1096,.F.);
#1098=CARTESIAN_POINT('',(-75.,7.5,16.));
#1099=CARTESIAN_POINT('',(-75.,7.5,8.3));
#1100=B_SPLINE_CURVE_WITH_KNOTS('',1,(#1098,#1099),.UNSPECIFIED.,.F.,.F.,(2,2),(-0.001,0.0067),.UNSPECIFIED.);
#1101=EDGE_CURVE('',#713,#1092,#1100,.T.);
#1102=ORIENTED_EDGE('',*,*,#1101,.F.);
#1103=ORIENTED_EDGE('',*,*,#717,.T.);
#1104=ORIENTED_EDGE('',*,*,#1080,.T.);
#1105=EDGE_LOOP('',(#1097,#1102,#1103,#1104));
#1106=FACE_BOUND('',#1105,.T.);
#1107=ADVANCED_FACE('',(#1106),#1090,.T.);
#1108=CARTESIAN_POINT('',(-75.,7.5,6.3));
#1109=CARTESIAN_POINT('',(0.,7.5,6.3));
#1110=CARTESIAN_POINT('',(-75.,7.5,16.));
#1111=CARTESIAN_POINT('',(0.,7.5,16.));
#1112=B_SPLINE_SURFACE_WITH_KNOTS('',1,1,((#1108,#1109),(#1110,#1111)),.UNSPECIFIED.,.F.,.F.,.U.,(2,2),(2,2),(-0.0087,0.001),(0.,0.075),.UNSPECIFIED.);
#1113=CARTESIAN_POINT('',(-2.819574901,7.5,10.583161774));
#1114=VERTEX_POINT('',#1113);
#1115=CARTESIAN_POINT('',(-4.460057003,7.5,10.583161764));
#1116=VERTEX_POINT('',#1115);
#1117=CARTESIAN_POINT('',(-2.819574901,7.5,10.583161764));
#1118=CARTESIAN_POINT('',(-4.460057003,7.5,10.583161764));
#1119=B_SPLINE_CURVE_WITH_KNOTS('',1,(#1117,#1118),.UNSPECIFIED.,.F.,.F.,(2,2),(-0.072180425,-0.070539943),.UNSPECIFIED.);
#1120=EDGE_CURVE('',#1114,#1116,#1119,.T.);
#1121=ORIENTED_EDGE('',*,*,#1120,.T.);
#1122=CARTESIAN_POINT('',(-4.460057003,7.5,10.583161764));
#1123=CARTESIAN_POINT('',(-4.460057003,7.5,16.));
#1124=B_SPLINE_CURVE_WITH_KNOTS('',1,(#1122,#1123),.UNSPECIFIED.,.F.,.F.,(2,2),(-0.004416838,0.001),.UNSPECIFIED.);
#1125=EDGE_CURVE('',#1116,#720,#1124,.T.);
#1126=ORIENTED_EDGE('',*,*,#1125,.T.);
#1127=ORIENTED_EDGE('',*,*,#724,.F.);
#1128=ORIENTED_EDGE('',*,*,#1101,.T.);
#1129=CARTESIAN_POINT('',(-44.814417184,7.5,8.3));
#1130=VERTEX_POINT('',#1129);
#1131=CARTESIAN_POINT('',(-75.,7.5,8.3));
#1132=CARTESIAN_POINT('',(-44.814417184,7.5,8.3));
#1133=B_SPLINE_CURVE_WITH_KNOTS('',1,(#1131,#1132),.UNSPECIFIED.,.F.,.F.,(2,2),(0.,0.030185583),.UNSPECIFIED.);
#1134=EDGE_CURVE('',#1092,#1130,#1133,.T.);
#1135=ORIENTED_EDGE('',*,*,#1134,.T.);
#1136=CARTESIAN_POINT('',(-44.,7.5,7.485582816));
#1137=VERTEX_POINT('',#1136);
#1138=CARTESIAN_POINT('',(-44.814417184,7.5,8.3));
#1139=CARTESIAN_POINT('',(-44.,7.5,8.3));
#1140=CARTESIAN_POINT('',(-44.,7.5,7.485582816));
#1141=(BOUNDED_CURVE()
B_SPLINE_CURVE(2,(#1138,#1139,#1140),.UNSPECIFIED.,.F.,.F.)
B_SPLINE_CURVE_WITH_KNOTS((3,3),(6.283185307,7.853981634),.UNSPECIFIED.)
CURVE()
GEOMETRIC_REPRESENTATION_ITEM()
RATIONAL_B_SPLINE_CURVE((1.,0.707106781,1.))
REPRESENTATION_ITEM(''));
#1142=EDGE_CURVE('',#1130,#1137,#1141,.T.);
#1143=ORIENTED_EDGE('',*,*,#1142,.T.);
#1144=CARTESIAN_POINT('',(-44.,7.5,6.614417184));
#1145=VERTEX_POINT('',#1144);
#1146=CARTESIAN_POINT('',(-44.,7.5,7.485582816));
#1147=CARTESIAN_POINT('',(-44.,7.5,6.614417184));
#1148=B_SPLINE_CURVE_WITH_KNOTS('',1,(#1146,#1147),.UNSPECIFIED.,.F.,.F.,(2,2),(0.007514417,0.008385583),.UNSPECIFIED.);
#1149=EDGE_CURVE('',#1137,#1145,#1148,.T.);
#1150=ORIENTED_EDGE('',*,*,#1149,.T.);
#1151=CARTESIAN_POINT('',(-44.063140149,7.5,6.3));
#1152=VERTEX_POINT('',#1151);
#1153=CARTESIAN_POINT('',(-44.,7.5,6.614417184));
#1154=CARTESIAN_POINT('',(-44.,7.5,6.450868801));
#1155=CARTESIAN_POINT('',(-44.063140149,7.5,6.3));
#1156=(BOUNDED_CURVE()
B_SPLINE_CURVE(2,(#1153,#1154,#1155),.UNSPECIFIED.,.F.,.F.)
B_SPLINE_CURVE_WITH_KNOTS((3,3),(1.570796327,1.967157331),.UNSPECIFIED.)
CURVE()
GEOMETRIC_REPRESENTATION_ITEM()
RATIONAL_B_SPLINE_CURVE((1.,0.980426434,1.))
REPRESENTATION_ITEM(''));
#1157=EDGE_CURVE('',#1145,#1152,#1156,.T.);
#1158=ORIENTED_EDGE('',*,*,#1157,.T.);
#1159=CARTESIAN_POINT('',(-44.063140149,7.5,6.3));
#1160=CARTESIAN_POINT('',(0.,7.5,6.3));
#1161=B_SPLINE_CURVE_WITH_KNOTS('',1,(#1159,#1160),.UNSPECIFIED.,.F.,.F.,(2,2),(-0.03004034,0.0140228),.UNSPECIFIED.);
#1162=EDGE_CURVE('',#1152,#752,#1161,.T.);
#1163=ORIENTED_EDGE('',*,*,#1162,.T.);
#1164=ORIENTED_EDGE('',*,*,#756,.F.);
#1165=CARTESIAN_POINT('',(-2.002367403,7.500000439,9.989595374));
#1166=VERTEX_POINT('',#1165);
#1167=CARTESIAN_POINT('',(-2.002367837,7.5,9.989596008));
#1168=CARTESIAN_POINT('',(-1.776787311,7.5,9.827636104));
#1169=CARTESIAN_POINT('',(-1.562244286,7.5,9.654224988));
#1170=CARTESIAN_POINT('',(-1.359979877,7.5,9.468075021));
#1171=CARTESIAN_POINT('',(-1.157715469,7.5,9.281925055));
#1172=CARTESIAN_POINT('',(-0.967657577,7.5,9.083111042));
#1173=CARTESIAN_POINT('',(-0.792634512,7.5,8.86869866));
#1174=CARTESIAN_POINT('',(-0.442588381,7.5,8.439873896));
#1175=CARTESIAN_POINT('',(-0.158231522,7.5,7.953084232));
#1176=CARTESIAN_POINT('',(0.,7.5,7.424002322));
#1177=B_SPLINE_CURVE_WITH_KNOTS('',3,(#1167,#1168,#1169,#1170,#1171,#1172,#1173,#1174,#1175,#1176),.UNSPECIFIED.,.F.,.F.,(4,3,3,4),(0.,0.000824441,0.001648881,0.003297763),.UNSPECIFIED.);
#1178=EDGE_CURVE('',#1166,#741,#1177,.T.);
#1179=ORIENTED_EDGE('',*,*,#1178,.F.);
#1180=CARTESIAN_POINT('',(-2.819574902,7.5,10.583161775));
#1181=CARTESIAN_POINT('',(-2.548727849,7.5,10.383163987));
#1182=CARTESIAN_POINT('',(-2.275952866,7.5,10.186021313));
#1183=CARTESIAN_POINT('',(-2.002366076,7.5,9.989594744));
#1184=B_SPLINE_CURVE_WITH_KNOTS('',3,(#1180,#1181,#1182,#1183),.UNSPECIFIED.,.F.,.F.,(4,4),(0.,0.001010026),.UNSPECIFIED.);
#1185=EDGE_CURVE('',#1114,#1166,#1184,.T.);
#1186=ORIENTED_EDGE('',*,*,#1185,.F.);
#1187=EDGE_LOOP('',(#1121,#1126,#1127,#1128,#1135,#1143,#1150,#1158,#1163,#1164,#1179,#1186));
#1188=FACE_BOUND('',#1187,.T.);
#1189=ADVANCED_FACE('',(#1188),#1112,.F.);
#1190=CARTESIAN_POINT('',(-44.814417184,-9.5,5.8));
#1191=CARTESIAN_POINT('',(-44.814417184,9.5,5.8));
#1192=CARTESIAN_POINT('',(-79.185582816,-9.5,5.8));
#1193=CARTESIAN_POINT('',(-79.185582816,9.5,5.8));
#1194=B_SPLINE_SURFACE_WITH_KNOTS('',1,1,((#1190,#1191),(#1192,#1193)),.UNSPECIFIED.,.F.,.F.,.U.,(2,2),(2,2),(-0.032185583,0.002185583),(-0.087490558,-0.068490558),.UNSPECIFIED.);
#1195=ORIENTED_EDGE('',*,*,#69,.F.);
#1196=CARTESIAN_POINT('',(-79.185582816,9.5,5.8));
#1197=CARTESIAN_POINT('',(-79.185582816,-9.5,5.8));
#1198=B_SPLINE_CURVE_WITH_KNOTS('',1,(#1196,#1197),.UNSPECIFIED.,.F.,.F.,(2,2),(-0.019,0.),.UNSPECIFIED.);
#1199=EDGE_CURVE('',#57,#251,#1198,.T.);
#1200=ORIENTED_EDGE('',*,*,#1199,.T.);
#1201=ORIENTED_EDGE('',*,*,#257,.T.);
#1202=CARTESIAN_POINT('',(-44.814417184,-7.394978992,5.8));
#1203=VERTEX_POINT('',#1202);
#1204=CARTESIAN_POINT('',(-44.814417184,-9.5,5.8));
#1205=CARTESIAN_POINT('',(-44.814417184,-7.394978992,5.8));
#1206=B_SPLINE_CURVE_WITH_KNOTS('',1,(#1204,#1205),.UNSPECIFIED.,.F.,.F.,(2,2),(0.,0.002105021),.UNSPECIFIED.);
#1207=EDGE_CURVE('',#253,#1203,#1206,.T.);
#1208=ORIENTED_EDGE('',*,*,#1207,.T.);
#1209=CARTESIAN_POINT('',(-75.,-7.394978992,5.8));
#1210=CARTESIAN_POINT('',(-44.814417184,-7.394978992,5.8));
#1211=B_SPLINE_CURVE_WITH_KNOTS('',1,(#1209,#1210),.UNSPECIFIED.,.F.,.F.,(2,2),(-0.0609772,-0.030791617),.UNSPECIFIED.);
#1212=EDGE_CURVE('',#981,#1203,#1211,.T.);
#1213=ORIENTED_EDGE('',*,*,#1212,.F.);
#1214=ORIENTED_EDGE('',*,*,#993,.T.);
#1215=CARTESIAN_POINT('',(-44.814417184,7.394978992,5.8));
#1216=VERTEX_POINT('',#1215);
#1217=CARTESIAN_POINT('',(-75.,7.394978992,5.8));
#1218=CARTESIAN_POINT('',(-44.814417184,7.394978992,5.8));
#1219=B_SPLINE_CURVE_WITH_KNOTS('',1,(#1217,#1218),.UNSPECIFIED.,.F.,.F.,(2,2),(-0.0609772,-0.030791617),.UNSPECIFIED.);
#1220=EDGE_CURVE('',#979,#1216,#1219,.T.);
#1221=ORIENTED_EDGE('',*,*,#1220,.T.);
#1222=CARTESIAN_POINT('',(-44.814417184,7.394978992,5.8));
#1223=CARTESIAN_POINT('',(-44.814417184,9.5,5.8));
#1224=B_SPLINE_CURVE_WITH_KNOTS('',1,(#1222,#1223),.UNSPECIFIED.,.F.,.F.,(2,2),(0.,0.002105021),.UNSPECIFIED.);
#1225=EDGE_CURVE('',#1216,#65,#1224,.T.);
#1226=ORIENTED_EDGE('',*,*,#1225,.T.);
#1227=EDGE_LOOP('',(#1195,#1200,#1201,#1208,#1213,#1214,#1221,#1226));
#1228=FACE_BOUND('',#1227,.T.);
#1229=ADVANCED_FACE('',(#1228),#1194,.F.);
#1230=CARTESIAN_POINT('',(-44.,7.5,7.485582816));
#1231=CARTESIAN_POINT('',(-44.,9.5,7.485582816));
#1232=CARTESIAN_POINT('',(-44.,7.5,6.614417184));
#1233=CARTESIAN_POINT('',(-44.,9.5,6.614417184));
#1234=B_SPLINE_SURFACE_WITH_KNOTS('',1,1,((#1230,#1231),(#1232,#1233)),.UNSPECIFIED.,.F.,.F.,.U.,(2,2),(2,2),(-0.001185583,-0.000314417),(-0.070490558,-0.068490558),.UNSPECIFIED.);
#1235=ORIENTED_EDGE('',*,*,#84,.F.);
#1236=CARTESIAN_POINT('',(-44.,9.5,6.614417184));
#1237=CARTESIAN_POINT('',(-44.,7.5,6.614417184));
#1238=B_SPLINE_CURVE_WITH_KNOTS('',1,(#1236,#1237),.UNSPECIFIED.,.F.,.F.,(2,2),(-0.002105021,-0.000105021),.UNSPECIFIED.);
#1239=EDGE_CURVE('',#72,#1145,#1238,.T.);
#1240=ORIENTED_EDGE('',*,*,#1239,.T.);
#1241=ORIENTED_EDGE('',*,*,#1149,.F.);
#1242=CARTESIAN_POINT('',(-44.,7.5,7.485582816));
#1243=CARTESIAN_POINT('',(-44.,9.5,7.485582816));
#1244=B_SPLINE_CURVE_WITH_KNOTS('',1,(#1242,#1243),.UNSPECIFIED.,.F.,.F.,(2,2),(0.,0.002),.UNSPECIFIED.);
#1245=EDGE_CURVE('',#1137,#80,#1244,.T.);
#1246=ORIENTED_EDGE('',*,*,#1245,.T.);
#1247=EDGE_LOOP('',(#1235,#1240,#1241,#1246));
#1248=FACE_BOUND('',#1247,.T.);
#1249=ADVANCED_FACE('',(#1248),#1234,.F.);
#1250=CARTESIAN_POINT('',(-79.185582816,-9.5,8.3));
#1251=CARTESIAN_POINT('',(-79.185582816,9.5,8.3));
#1252=CARTESIAN_POINT('',(-44.814417184,-9.5,8.3));
#1253=CARTESIAN_POINT('',(-44.814417184,9.5,8.3));
#1254=B_SPLINE_SURFACE_WITH_KNOTS('',1,1,((#1250,#1251),(#1252,#1253)),.UNSPECIFIED.,.F.,.F.,.U.,(2,2),(2,2),(-0.027185583,0.007185583),(-0.087490558,-0.068490558),.UNSPECIFIED.);
#1255=ORIENTED_EDGE('',*,*,#287,.T.);
#1256=CARTESIAN_POINT('',(-79.185582816,-9.5,8.3));
#1257=CARTESIAN_POINT('',(-79.185582816,9.5,8.3));
#1258=B_SPLINE_CURVE_WITH_KNOTS('',1,(#1256,#1257),.UNSPECIFIED.,.F.,.F.,(2,2),(0.,0.019),.UNSPECIFIED.);
#1259=EDGE_CURVE('',#275,#35,#1258,.T.);
#1260=ORIENTED_EDGE('',*,*,#1259,.T.);
#1261=ORIENTED_EDGE('',*,*,#39,.F.);
#1262=CARTESIAN_POINT('',(-44.814417184,9.5,8.3));
#1263=CARTESIAN_POINT('',(-44.814417184,7.5,8.3));
#1264=B_SPLINE_CURVE_WITH_KNOTS('',1,(#1262,#1263),.UNSPECIFIED.,.F.,.F.,(2,2),(-0.002,0.),.UNSPECIFIED.);
#1265=EDGE_CURVE('',#33,#1130,#1264,.T.);
#1266=ORIENTED_EDGE('',*,*,#1265,.T.);
#1267=ORIENTED_EDGE('',*,*,#1134,.F.);
#1268=ORIENTED_EDGE('',*,*,#1096,.T.);
#1269=ORIENTED_EDGE('',*,*,#1075,.T.);
#1270=CARTESIAN_POINT('',(-44.814417184,-7.5,8.3));
#1271=CARTESIAN_POINT('',(-44.814417184,-9.5,8.3));
#1272=B_SPLINE_CURVE_WITH_KNOTS('',1,(#1270,#1271),.UNSPECIFIED.,.F.,.F.,(2,2),(-0.002,0.),.UNSPECIFIED.);
#1273=EDGE_CURVE('',#1063,#283,#1272,.T.);
#1274=ORIENTED_EDGE('',*,*,#1273,.T.);
#1275=EDGE_LOOP('',(#1255,#1260,#1261,#1266,#1267,#1268,#1269,#1274));
#1276=FACE_BOUND('',#1275,.T.);
#1277=ADVANCED_FACE('',(#1276),#1254,.F.);
#1278=CARTESIAN_POINT('',(-44.,-9.5,7.485582816));
#1279=CARTESIAN_POINT('',(-44.,-7.5,7.485582816));
#1280=CARTESIAN_POINT('',(-44.,-9.5,6.614417184));
#1281=CARTESIAN_POINT('',(-44.,-7.5,6.614417184));
#1282=B_SPLINE_SURFACE_WITH_KNOTS('',1,1,((#1278,#1279),(#1280,#1281)),.UNSPECIFIED.,.F.,.F.,.U.,(2,2),(2,2),(-0.001185583,-0.000314417),(-0.087490558,-0.085490558),.UNSPECIFIED.);
#1283=ORIENTED_EDGE('',*,*,#302,.T.);
#1284=CARTESIAN_POINT('',(-44.,-9.5,7.485582816));
#1285=CARTESIAN_POINT('',(-44.,-7.5,7.485582816));
#1286=B_SPLINE_CURVE_WITH_KNOTS('',1,(#1284,#1285),.UNSPECIFIED.,.F.,.F.,(2,2),(0.,0.002),.UNSPECIFIED.);
#1287=EDGE_CURVE('',#290,#1056,#1286,.T.);
#1288=ORIENTED_EDGE('',*,*,#1287,.T.);
#1289=ORIENTED_EDGE('',*,*,#1060,.T.);
#1290=CARTESIAN_POINT('',(-44.,-7.5,6.614417184));
#1291=CARTESIAN_POINT('',(-44.,-9.5,6.614417184));
#1292=B_SPLINE_CURVE_WITH_KNOTS('',1,(#1290,#1291),.UNSPECIFIED.,.F.,.F.,(2,2),(-0.002,0.),.UNSPECIFIED.);
#1293=EDGE_CURVE('',#1048,#298,#1292,.T.);
#1294=ORIENTED_EDGE('',*,*,#1293,.T.);
#1295=EDGE_LOOP('',(#1283,#1288,#1289,#1294));
#1296=FACE_BOUND('',#1295,.T.);
#1297=ADVANCED_FACE('',(#1296),#1282,.F.);
#1298=CARTESIAN_POINT('',(2.5,-17.5,-2.));
#1299=CARTESIAN_POINT('',(2.5,17.5,-2.));
#1300=CARTESIAN_POINT('',(-82.,-17.5,-2.));
#1301=CARTESIAN_POINT('',(-82.,17.5,-2.));
#1302=B_SPLINE_SURFACE_WITH_KNOTS('',1,1,((#1298,#1299),(#1300,#1301)),.UNSPECIFIED.,.F.,.F.,.U.,(2,2),(2,2),(0.,0.0845),(-0.027,0.008),.UNSPECIFIED.);
#1303=ORIENTED_EDGE('',*,*,#340,.T.);
#1304=CARTESIAN_POINT('',(-6.290176589,-17.5,-2.));
#1305=VERTEX_POINT('',#1304);
#1306=CARTESIAN_POINT('',(-6.290176589,-17.5,-2.));
#1307=CARTESIAN_POINT('',(-6.290176589,-9.5,-2.));
#1308=B_SPLINE_CURVE_WITH_KNOTS('',1,(#1306,#1307),.UNSPECIFIED.,.F.,.F.,(2,2),(0.,0.008),.UNSPECIFIED.);
#1309=EDGE_CURVE('',#1305,#329,#1308,.T.);
#1310=ORIENTED_EDGE('',*,*,#1309,.F.);
#1311=CARTESIAN_POINT('',(-14.290176589,-17.5,-2.));
#1312=VERTEX_POINT('',#1311);
#1313=CARTESIAN_POINT('',(-14.290176589,-17.5,-2.));
#1314=CARTESIAN_POINT('',(-6.290176589,-17.5,-2.));
#1315=B_SPLINE_CURVE_WITH_KNOTS('',1,(#1313,#1314),.UNSPECIFIED.,.F.,.F.,(2,2),(0.,0.008),.UNSPECIFIED.);
#1316=EDGE_CURVE('',#1312,#1305,#1315,.T.);
#1317=ORIENTED_EDGE('',*,*,#1316,.F.);
#1318=CARTESIAN_POINT('',(-14.290176589,-9.5,-2.));
#1319=CARTESIAN_POINT('',(-14.290176589,-17.5,-2.));
#1320=B_SPLINE_CURVE_WITH_KNOTS('',1,(#1318,#1319),.UNSPECIFIED.,.F.,.F.,(2,2),(0.,0.008),.UNSPECIFIED.);
#1321=EDGE_CURVE('',#315,#1312,#1320,.T.);
#1322=ORIENTED_EDGE('',*,*,#1321,.F.);
#1323=ORIENTED_EDGE('',*,*,#458,.T.);
#1324=ORIENTED_EDGE('',*,*,#532,.F.);
#1325=ORIENTED_EDGE('',*,*,#122,.F.);
#1326=CARTESIAN_POINT('',(-14.290176589,17.5,-2.));
#1327=VERTEX_POINT('',#1326);
#1328=CARTESIAN_POINT('',(-14.290176589,9.5,-2.));
#1329=CARTESIAN_POINT('',(-14.290176589,17.5,-2.));
#1330=B_SPLINE_CURVE_WITH_KNOTS('',1,(#1328,#1329),.UNSPECIFIED.,.F.,.F.,(2,2),(-0.,0.008),.UNSPECIFIED.);
#1331=EDGE_CURVE('',#111,#1327,#1330,.T.);
#1332=ORIENTED_EDGE('',*,*,#1331,.T.);
#1333=CARTESIAN_POINT('',(-6.290176589,17.5,-2.));
#1334=VERTEX_POINT('',#1333);
#1335=CARTESIAN_POINT('',(-14.290176589,17.5,-2.));
#1336=CARTESIAN_POINT('',(-6.290176589,17.5,-2.));
#1337=B_SPLINE_CURVE_WITH_KNOTS('',1,(#1335,#1336),.UNSPECIFIED.,.F.,.F.,(2,2),(0.,0.008),.UNSPECIFIED.);
#1338=EDGE_CURVE('',#1327,#1334,#1337,.T.);
#1339=ORIENTED_EDGE('',*,*,#1338,.T.);
#1340=CARTESIAN_POINT('',(-6.290176589,17.5,-2.));
#1341=CARTESIAN_POINT('',(-6.290176589,9.5,-2.));
#1342=B_SPLINE_CURVE_WITH_KNOTS('',1,(#1340,#1341),.UNSPECIFIED.,.F.,.F.,(2,2),(-0.,0.008),.UNSPECIFIED.);
#1343=EDGE_CURVE('',#1334,#97,#1342,.T.);
#1344=ORIENTED_EDGE('',*,*,#1343,.T.);
#1345=ORIENTED_EDGE('',*,*,#240,.F.);
#1346=ORIENTED_EDGE('',*,*,#876,.T.);
#1347=EDGE_LOOP('',(#1303,#1310,#1317,#1322,#1323,#1324,#1325,#1332,#1339,#1344,#1345,#1346));
#1348=FACE_BOUND('',#1347,.T.);
#1349=CARTESIAN_POINT('',(-8.440176589,-13.5,-2.));
#1350=VERTEX_POINT('',#1349);
#1351=CARTESIAN_POINT('',(-10.290176589,-15.35,-2.));
#1352=VERTEX_POINT('',#1351);
#1353=CARTESIAN_POINT('',(-8.440176589,-13.5,-2.));
#1354=CARTESIAN_POINT('',(-8.440176589,-11.65,-2.));
#1355=CARTESIAN_POINT('',(-10.290176589,-11.65,-2.));
#1356=CARTESIAN_POINT('',(-12.140176589,-11.65,-2.));
#1357=CARTESIAN_POINT('',(-12.140176589,-13.5,-2.));
#1358=CARTESIAN_POINT('',(-12.140176589,-15.35,-2.));
#1359=CARTESIAN_POINT('',(-10.290176589,-15.35,-2.));
#1360=CARTESIAN_POINT('',(-8.440176589,-15.35,-2.));
#1361=CARTESIAN_POINT('',(-8.440176589,-13.5,-2.));
#1362=(BOUNDED_CURVE()
B_SPLINE_CURVE(2,(#1353,#1354,#1355,#1356,#1357,#1358,#1359,#1360,#1361),.UNSPECIFIED.,.T.,.F.)
B_SPLINE_CURVE_WITH_KNOTS((3,2,2,2,3),(0.,1.570796327,3.141592654,4.71238898,6.283185307),.UNSPECIFIED.)
CURVE()
GEOMETRIC_REPRESENTATION_ITEM()
RATIONAL_B_SPLINE_CURVE((1.,0.707106781,1.,0.707106781,1.,0.707106781,1.,0.707106781,1.))
REPRESENTATION_ITEM(''));
#1363=EDGE_CURVE('',#1350,#1352,#1362,.T.);
#1364=ORIENTED_EDGE('',*,*,#1363,.T.);
#1365=CARTESIAN_POINT('',(-8.440176589,-13.5,-2.));
#1366=CARTESIAN_POINT('',(-8.440176589,-11.65,-2.));
#1367=CARTESIAN_POINT('',(-10.290176589,-11.65,-2.));
#1368=CARTESIAN_POINT('',(-12.140176589,-11.65,-2.));
#1369=CARTESIAN_POINT('',(-12.140176589,-13.5,-2.));
#1370=CARTESIAN_POINT('',(-12.140176589,-15.35,-2.));
#1371=CARTESIAN_POINT('',(-10.290176589,-15.35,-2.));
#1372=CARTESIAN_POINT('',(-8.440176589,-15.35,-2.));
#1373=CARTESIAN_POINT('',(-8.440176589,-13.5,-2.));
#1374=(BOUNDED_CURVE()
B_SPLINE_CURVE(2,(#1365,#1366,#1367,#1368,#1369,#1370,#1371,#1372,#1373),.UNSPECIFIED.,.T.,.F.)
B_SPLINE_CURVE_WITH_KNOTS((3,2,2,2,3),(0.,1.570796327,3.141592654,4.71238898,6.283185307),.UNSPECIFIED.)
CURVE()
GEOMETRIC_REPRESENTATION_ITEM()
RATIONAL_B_SPLINE_CURVE((1.,0.707106781,1.,0.707106781,1.,0.707106781,1.,0.707106781,1.))
REPRESENTATION_ITEM(''));
#1375=EDGE_CURVE('',#1352,#1350,#1374,.T.);
#1376=ORIENTED_EDGE('',*,*,#1375,.T.);
#1377=EDGE_LOOP('',(#1364,#1376));
#1378=FACE_BOUND('',#1377,.T.);
#1379=CARTESIAN_POINT('',(-10.290176589,15.35,-2.));
#1380=VERTEX_POINT('',#1379);
#1381=CARTESIAN_POINT('',(-8.440176589,13.5,-2.));
#1382=VERTEX_POINT('',#1381);
#1383=CARTESIAN_POINT('',(-8.440176589,13.5,-2.));
#1384=CARTESIAN_POINT('',(-8.440176589,11.65,-2.));
#1385=CARTESIAN_POINT('',(-10.290176589,11.65,-2.));
#1386=CARTESIAN_POINT('',(-12.140176589,11.65,-2.));
#1387=CARTESIAN_POINT('',(-12.140176589,13.5,-2.));
#1388=CARTESIAN_POINT('',(-12.140176589,15.35,-2.));
#1389=CARTESIAN_POINT('',(-10.290176589,15.35,-2.));
#1390=CARTESIAN_POINT('',(-8.440176589,15.35,-2.));
#1391=CARTESIAN_POINT('',(-8.440176589,13.5,-2.));
#1392=(BOUNDED_CURVE()
B_SPLINE_CURVE(2,(#1383,#1384,#1385,#1386,#1387,#1388,#1389,#1390,#1391),.UNSPECIFIED.,.T.,.F.)
B_SPLINE_CURVE_WITH_KNOTS((3,2,2,2,3),(0.,1.570796327,3.141592654,4.71238898,6.283185307),.UNSPECIFIED.)
CURVE()
GEOMETRIC_REPRESENTATION_ITEM()
RATIONAL_B_SPLINE_CURVE((1.,0.707106781,1.,0.707106781,1.,0.707106781,1.,0.707106781,1.))
REPRESENTATION_ITEM(''));
#1393=EDGE_CURVE('',#1380,#1382,#1392,.T.);
#1394=ORIENTED_EDGE('',*,*,#1393,.F.);
#1395=CARTESIAN_POINT('',(-8.440176589,13.5,-2.));
#1396=CARTESIAN_POINT('',(-8.440176589,11.65,-2.));
#1397=CARTESIAN_POINT('',(-10.290176589,11.65,-2.));
#1398=CARTESIAN_POINT('',(-12.140176589,11.65,-2.));
#1399=CARTESIAN_POINT('',(-12.140176589,13.5,-2.));
#1400=CARTESIAN_POINT('',(-12.140176589,15.35,-2.));
#1401=CARTESIAN_POINT('',(-10.290176589,15.35,-2.));
#1402=CARTESIAN_POINT('',(-8.440176589,15.35,-2.));
#1403=CARTESIAN_POINT('',(-8.440176589,13.5,-2.));
#1404=(BOUNDED_CURVE()
B_SPLINE_CURVE(2,(#1395,#1396,#1397,#1398,#1399,#1400,#1401,#1402,#1403),.UNSPECIFIED.,.T.,.F.)
B_SPLINE_CURVE_WITH_KNOTS((3,2,2,2,3),(0.,1.570796327,3.141592654,4.71238898,6.283185307),.UNSPECIFIED.)
CURVE()
GEOMETRIC_REPRESENTATION_ITEM()
RATIONAL_B_SPLINE_CURVE((1.,0.707106781,1.,0.707106781,1.,0.707106781,1.,0.707106781,1.))
REPRESENTATION_ITEM(''));
#1405=EDGE_CURVE('',#1382,#1380,#1404,.T.);
#1406=ORIENTED_EDGE('',*,*,#1405,.F.);
#1407=EDGE_LOOP('',(#1394,#1406));
#1408=FACE_BOUND('',#1407,.T.);
#1409=ADVANCED_FACE('',(#1348,#1378,#1408),#1302,.T.);
#1410=CARTESIAN_POINT('',(0.,0.,0.));
#1411=CARTESIAN_POINT('',(2.5,0.,0.));
#1412=CARTESIAN_POINT('',(0.,0.66447178,-0.));
#1413=CARTESIAN_POINT('',(2.5,0.637045177,0.));
#1414=CARTESIAN_POINT('',(0.,1.328891705,0.087472543));
#1415=CARTESIAN_POINT('',(2.5,1.27404064,0.083862044));
#1416=CARTESIAN_POINT('',(0.,2.61255261,0.431428446));
#1417=CARTESIAN_POINT('',(2.5,2.504717418,0.413620892));
#1418=CARTESIAN_POINT('',(0.,3.231693416,0.687884964));
#1419=CARTESIAN_POINT('',(2.5,3.098302693,0.659491964));
#1420=CARTESIAN_POINT('',(0.,4.280896825,1.293642835));
#1421=CARTESIAN_POINT('',(2.5,4.104199395,1.240246696));
#1422=CARTESIAN_POINT('',(0.,4.724976607,1.618491723));
#1423=CARTESIAN_POINT('',(2.5,4.52994943,1.551687187));
#1424=CARTESIAN_POINT('',(0.,5.129318838,1.986945627));
#1425=CARTESIAN_POINT('',(2.5,4.917602113,1.904932862));
#1426=B_SPLINE_SURFACE_WITH_KNOTS('',3,1,((#1410,#1411),(#1412,#1413),(#1414,#1415),(#1416,#1417),(#1418,#1419),(#1420,#1421),(#1422,#1423),(#1424,#1425)),.UNSPECIFIED.,.F.,.F.,.U.,(4,2,2,4),(2,2),(0.,0.041666667,0.083333333,0.117636518),(0.,1.),.UNSPECIFIED.);
#1427=CARTESIAN_POINT('',(0.,0.,-0.));
#1428=VERTEX_POINT('',#1427);
#1429=CARTESIAN_POINT('',(2.5,0.,0.));
#1430=CARTESIAN_POINT('',(0.,0.,0.));
#1431=B_SPLINE_CURVE_WITH_KNOTS('',1,(#1429,#1430),.UNSPECIFIED.,.F.,.F.,(2,2),(0.,1.),.UNSPECIFIED.);
#1432=EDGE_CURVE('',#829,#1428,#1431,.T.);
#1433=ORIENTED_EDGE('',*,*,#1432,.F.);
#1434=ORIENTED_EDGE('',*,*,#842,.T.);
#1435=CARTESIAN_POINT('',(0.,5.129334721,1.986928202));
#1436=VERTEX_POINT('',#1435);
#1437=CARTESIAN_POINT('',(2.5,3.742787959,1.032506104));
#1438=CARTESIAN_POINT('',(2.051415289,3.944299379,1.143569839));
#1439=CARTESIAN_POINT('',(1.616558566,4.163114667,1.274799215));
#1440=CARTESIAN_POINT('',(1.198232332,4.395957744,1.432036357));
#1441=CARTESIAN_POINT('',(0.779906099,4.628800821,1.589273498));
#1442=CARTESIAN_POINT('',(0.378992828,4.875269209,1.772258021));
#1443=CARTESIAN_POINT('',(0.000009389,5.129328427,1.986954781));
#1444=B_SPLINE_CURVE_WITH_KNOTS('',3,(#1437,#1438,#1439,#1440,#1441,#1442,#1443),.UNSPECIFIED.,.F.,.F.,(4,3,4),(0.,0.001510381,0.003020763),.UNSPECIFIED.);
#1445=EDGE_CURVE('',#822,#1436,#1444,.T.);
#1446=ORIENTED_EDGE('',*,*,#1445,.T.);
#1447=CARTESIAN_POINT('',(0.,-5.129324135,1.986950454));
#1448=CARTESIAN_POINT('',(0.,-4.782669502,1.671063355));
#1449=CARTESIAN_POINT('',(0.,-4.406807118,1.387226598));
#1450=CARTESIAN_POINT('',(0.,-4.008078424,1.140306143));
#1451=CARTESIAN_POINT('',(0.,-3.808714077,1.016845916));
#1452=CARTESIAN_POINT('',(0.,-3.603613842,0.902648235));
#1453=CARTESIAN_POINT('',(0.,-3.393681996,0.798162476));
#1454=CARTESIAN_POINT('',(0.,-3.183750149,0.693676717));
#1455=CARTESIAN_POINT('',(0.,-2.9689926,0.598884032));
#1456=CARTESIAN_POINT('',(0.,-2.750332444,0.514166782));
#1457=CARTESIAN_POINT('',(0.,-2.531672289,0.429449531));
#1458=CARTESIAN_POINT('',(0.,-2.309109526,0.354807713));
#1459=CARTESIAN_POINT('',(0.,-2.083567253,0.290623688));
#1460=CARTESIAN_POINT('',(0.,-1.858024979,0.226439663));
#1461=CARTESIAN_POINT('',(0.,-1.629500596,0.172743959));
#1462=CARTESIAN_POINT('',(0.,-1.398990105,0.129688385));
#1463=CARTESIAN_POINT('',(0.,-0.937969122,0.043577236));
#1464=CARTESIAN_POINT('',(0.,-0.468997477,0.));
#1465=CARTESIAN_POINT('',(0.,0.,-0.));
#1466=CARTESIAN_POINT('',(0.,0.468997477,-0.));
#1467=CARTESIAN_POINT('',(0.,0.937969122,0.043577236));
#1468=CARTESIAN_POINT('',(0.,1.398990105,0.129688385));
#1469=CARTESIAN_POINT('',(0.,1.629500596,0.172743959));
#1470=CARTESIAN_POINT('',(0.,1.858024979,0.226439663));
#1471=CARTESIAN_POINT('',(0.,2.083567253,0.290623688));
#1472=CARTESIAN_POINT('',(0.,2.309109526,0.354807713));
#1473=CARTESIAN_POINT('',(0.,2.531672289,0.429449531));
#1474=CARTESIAN_POINT('',(0.,2.750332445,0.514166782));
#1475=CARTESIAN_POINT('',(0.,2.9689926,0.598884033));
#1476=CARTESIAN_POINT('',(0.,3.183750149,0.693676717));
#1477=CARTESIAN_POINT('',(0.,3.393681996,0.798162476));
#1478=CARTESIAN_POINT('',(0.,3.603613843,0.902648235));
#1479=CARTESIAN_POINT('',(0.,3.808714077,1.016845916));
#1480=CARTESIAN_POINT('',(0.,4.008078424,1.140306143));
#1481=CARTESIAN_POINT('',(0.,4.406807118,1.387226598));
#1482=CARTESIAN_POINT('',(0.,4.782669502,1.671063355));
#1483=CARTESIAN_POINT('',(0.,5.129324135,1.986950454));
#1484=B_SPLINE_CURVE_WITH_KNOTS('',3,(#1447,#1448,#1449,#1450,#1451,#1452,#1453,#1454,#1455,#1456,#1457,#1458,#1459,#1460,#1461,#1462,#1463,#1464,#1465,#1466,#1467,#1468,#1469,#1470,#1471,#1472,
#1473,#1474,#1475,#1476,#1477,#1478,#1479,#1480,#1481,#1482,#1483),.UNSPECIFIED.,.F.,.F.,(4,3,3,3,3,3,3,3,3,3,3,3,4),(0.882363332,0.911772499,0.926477082,0.941181666,0.955886249,0.970590833,1.,1.029409167,1.044113751,1.058818334,1.073522918,1.088227501,1.117636668),.UNSPECIFIED.);
#1485=EDGE_CURVE('',#1428,#1436,#1484,.T.);
#1486=ORIENTED_EDGE('',*,*,#1485,.F.);
#1487=EDGE_LOOP('',(#1433,#1434,#1446,#1486));
#1488=FACE_BOUND('',#1487,.T.);
#1489=ADVANCED_FACE('',(#1488),#1426,.F.);
#1490=CARTESIAN_POINT('',(-75.,-7.500000202,6.300000357));
#1491=CARTESIAN_POINT('',(0.,-7.500000202,6.300000357));
#1492=CARTESIAN_POINT('',(-75.,-7.09189446,3.971132755));
#1493=CARTESIAN_POINT('',(0.,-7.09189446,3.971132755));
#1494=CARTESIAN_POINT('',(-75.,-5.870245152,1.784830413));
#1495=CARTESIAN_POINT('',(0.,-5.870245152,1.784830413));
#1496=CARTESIAN_POINT('',(-75.,-3.89196736,0.065923053));
#1497=CARTESIAN_POINT('',(0.,-3.89196736,0.065923053));
#1498=CARTESIAN_POINT('',(-75.,-1.365285896,-0.887551115));
#1499=CARTESIAN_POINT('',(0.,-1.365285896,-0.887551115));
#1500=CARTESIAN_POINT('',(-75.,1.365285896,-0.887551115));
#1501=CARTESIAN_POINT('',(0.,1.365285896,-0.887551115));
#1502=CARTESIAN_POINT('',(-75.,3.89196736,0.065923053));
#1503=CARTESIAN_POINT('',(0.,3.89196736,0.065923053));
#1504=CARTESIAN_POINT('',(-75.,5.870245152,1.784830413));
#1505=CARTESIAN_POINT('',(0.,5.870245152,1.784830413));
#1506=CARTESIAN_POINT('',(-75.,7.09189446,3.971132755));
#1507=CARTESIAN_POINT('',(0.,7.09189446,3.971132755));
#1508=CARTESIAN_POINT('',(-75.,7.500000202,6.300000357));
#1509=CARTESIAN_POINT('',(0.,7.500000202,6.300000357));
#1510=B_SPLINE_SURFACE_WITH_KNOTS('',9,1,((#1490,#1491),(#1492,#1493),(#1494,#1495),(#1496,#1497),(#1498,#1499),(#1500,#1501),(#1502,#1503),(#1504,#1505),(#1506,#1507),(#1508,#1509)),.UNSPECIFIED.,.F.,.F.,.U.,(10,10),(2,2),(0.173476677,2.968115976),(-0.0609772,0.0140228),.UNSPECIFIED.);
#1511=CARTESIAN_POINT('',(-0.,-5.129334721,1.986928202));
#1512=VERTEX_POINT('',#1511);
#1513=CARTESIAN_POINT('',(0.,-5.129324135,1.986950454));
#1514=CARTESIAN_POINT('',(0.,-4.782669502,1.671063355));
#1515=CARTESIAN_POINT('',(0.,-4.406807118,1.387226598));
#1516=CARTESIAN_POINT('',(0.,-4.008078424,1.140306143));
#1517=CARTESIAN_POINT('',(0.,-3.808714077,1.016845916));
#1518=CARTESIAN_POINT('',(0.,-3.603613842,0.902648235));
#1519=CARTESIAN_POINT('',(0.,-3.393681996,0.798162476));
#1520=CARTESIAN_POINT('',(0.,-3.183750149,0.693676717));
#1521=CARTESIAN_POINT('',(0.,-2.9689926,0.598884032));
#1522=CARTESIAN_POINT('',(0.,-2.750332444,0.514166782));
#1523=CARTESIAN_POINT('',(0.,-2.531672289,0.429449531));
#1524=CARTESIAN_POINT('',(0.,-2.309109526,0.354807713));
#1525=CARTESIAN_POINT('',(0.,-2.083567253,0.290623688));
#1526=CARTESIAN_POINT('',(0.,-1.858024979,0.226439663));
#1527=CARTESIAN_POINT('',(0.,-1.629500596,0.172743959));
#1528=CARTESIAN_POINT('',(0.,-1.398990105,0.129688385));
#1529=CARTESIAN_POINT('',(0.,-0.937969122,0.043577236));
#1530=CARTESIAN_POINT('',(0.,-0.468997477,0.));
#1531=CARTESIAN_POINT('',(0.,0.,-0.));
#1532=CARTESIAN_POINT('',(0.,0.468997477,-0.));
#1533=CARTESIAN_POINT('',(0.,0.937969122,0.043577236));
#1534=CARTESIAN_POINT('',(0.,1.398990105,0.129688385));
#1535=CARTESIAN_POINT('',(0.,1.629500596,0.172743959));
#1536=CARTESIAN_POINT('',(0.,1.858024979,0.226439663));
#1537=CARTESIAN_POINT('',(0.,2.083567253,0.290623688));
#1538=CARTESIAN_POINT('',(0.,2.309109526,0.354807713));
#1539=CARTESIAN_POINT('',(0.,2.531672289,0.429449531));
#1540=CARTESIAN_POINT('',(0.,2.750332445,0.514166782));
#1541=CARTESIAN_POINT('',(0.,2.9689926,0.598884033));
#1542=CARTESIAN_POINT('',(0.,3.183750149,0.693676717));
#1543=CARTESIAN_POINT('',(0.,3.393681996,0.798162476));
#1544=CARTESIAN_POINT('',(0.,3.603613843,0.902648235));
#1545=CARTESIAN_POINT('',(0.,3.808714077,1.016845916));
#1546=CARTESIAN_POINT('',(0.,4.008078424,1.140306143));
#1547=CARTESIAN_POINT('',(0.,4.406807118,1.387226598));
#1548=CARTESIAN_POINT('',(0.,4.782669502,1.671063355));
#1549=CARTESIAN_POINT('',(0.,5.129324135,1.986950454));
#1550=B_SPLINE_CURVE_WITH_KNOTS('',3,(#1513,#1514,#1515,#1516,#1517,#1518,#1519,#1520,#1521,#1522,#1523,#1524,#1525,#1526,#1527,#1528,#1529,#1530,#1531,#1532,#1533,#1534,#1535,#1536,#1537,#1538,
#1539,#1540,#1541,#1542,#1543,#1544,#1545,#1546,#1547,#1548,#1549),.UNSPECIFIED.,.F.,.F.,(4,3,3,3,3,3,3,3,3,3,3,3,4),(0.882363332,0.911772499,0.926477082,0.941181666,0.955886249,0.970590833,1.,1.029409167,1.044113751,1.058818334,1.073522918,1.088227501,1.117636668),.UNSPECIFIED.);
#1551=EDGE_CURVE('',#1512,#1428,#1550,.T.);
#1552=ORIENTED_EDGE('',*,*,#1551,.T.);
#1553=ORIENTED_EDGE('',*,*,#1485,.T.);
#1554=CARTESIAN_POINT('',(-0.618933377,5.564520307,2.416838198));
#1555=VERTEX_POINT('',#1554);
#1556=CARTESIAN_POINT('',(0.,5.129334721,1.986917567));
#1557=CARTESIAN_POINT('',(-0.107567311,5.201444749,2.052645713));
#1558=CARTESIAN_POINT('',(-0.212949767,5.273872113,2.121198051));
#1559=CARTESIAN_POINT('',(-0.316116867,5.346458069,2.192779184));
#1560=CARTESIAN_POINT('',(-0.367700417,5.382751047,2.228569751));
#1561=CARTESIAN_POINT('',(-0.41873001,5.419083467,2.265117893));
#1562=CARTESIAN_POINT('',(-0.469201059,5.45543434,2.302451464));
#1563=CARTESIAN_POINT('',(-0.519672108,5.491785212,2.339785035));
#1564=CARTESIAN_POINT('',(-0.568972338,5.527703321,2.37742099));
#1565=CARTESIAN_POINT('',(-0.618933383,5.564520311,2.416838202));
#1566=B_SPLINE_CURVE_WITH_KNOTS('',3,(#1556,#1557,#1558,#1559,#1560,#1561,#1562,#1563,#1564,#1565),.UNSPECIFIED.,.F.,.F.,(4,3,3,4),(0.,0.000435114,0.000652671,0.000870228),.UNSPECIFIED.);
#1567=EDGE_CURVE('',#1436,#1555,#1566,.T.);
#1568=ORIENTED_EDGE('',*,*,#1567,.T.);
#1569=CARTESIAN_POINT('',(-0.000056956,6.542542854,3.719098947));
#1570=CARTESIAN_POINT('',(-0.077552828,6.397870361,3.476099498));
#1571=CARTESIAN_POINT('',(-0.17628405,6.244679842,3.249588336));
#1572=CARTESIAN_POINT('',(-0.301165272,6.086548371,3.039214582));
#1573=CARTESIAN_POINT('',(-0.332385578,6.047015504,2.986621144));
#1574=CARTESIAN_POINT('',(-0.364704669,6.007061111,2.934866425));
#1575=CARTESIAN_POINT('',(-0.394518642,5.965831044,2.882879275));
#1576=CARTESIAN_POINT('',(-0.424332616,5.924600977,2.830892125));
#1577=CARTESIAN_POINT('',(-0.452619284,5.88231659,2.778970975));
#1578=CARTESIAN_POINT('',(-0.479287085,5.838916331,2.727118538));
#1579=CARTESIAN_POINT('',(-0.532622687,5.752115815,2.623413663));
#1580=CARTESIAN_POINT('',(-0.57950374,5.660863018,2.519985169));
#1581=CARTESIAN_POINT('',(-0.618933378,5.564520306,2.416838196));
#1582=B_SPLINE_CURVE_WITH_KNOTS('',3,(#1569,#1570,#1571,#1572,#1573,#1574,#1575,#1576,#1577,#1578,#1579,#1580,#1581),.UNSPECIFIED.,.F.,.F.,(4,3,3,3,4),(0.000000213,0.000871336,0.001089117,0.001306898,0.001742459),.UNSPECIFIED.);
#1583=EDGE_CURVE('',#899,#1555,#1582,.T.);
#1584=ORIENTED_EDGE('',*,*,#1583,.F.);
#1585=ORIENTED_EDGE('',*,*,#922,.T.);
#1586=ORIENTED_EDGE('',*,*,#1162,.F.);
#1587=CARTESIAN_POINT('',(-44.063140149,7.5,6.3));
#1588=CARTESIAN_POINT('',(-44.094001312,7.487077853,6.226259489));
#1589=CARTESIAN_POINT('',(-44.13471822,7.474142493,6.158791337));
#1590=CARTESIAN_POINT('',(-44.18514597,7.461665016,6.09741323));
#1591=CARTESIAN_POINT('',(-44.23557372,7.449187538,6.036035123));
#1592=CARTESIAN_POINT('',(-44.294944502,7.437447393,5.982177407));
#1593=CARTESIAN_POINT('',(-44.360889827,7.427468882,5.937964461));
#1594=CARTESIAN_POINT('',(-44.492780478,7.40751186,5.849538568));
#1595=CARTESIAN_POINT('',(-44.652380394,7.394978992,5.8));
#1596=CARTESIAN_POINT('',(-44.814417184,7.394978992,5.8));
#1597=B_SPLINE_CURVE_WITH_KNOTS('',3,(#1587,#1588,#1589,#1590,#1591,#1592,#1593,#1594,#1595,#1596),.UNSPECIFIED.,.F.,.F.,(4,3,3,4),(0.,0.000239505,0.00047901,0.000958021),.UNSPECIFIED.);
#1598=EDGE_CURVE('',#1152,#1216,#1597,.T.);
#1599=ORIENTED_EDGE('',*,*,#1598,.T.);
#1600=ORIENTED_EDGE('',*,*,#1220,.F.);
#1601=ORIENTED_EDGE('',*,*,#988,.T.);
#1602=ORIENTED_EDGE('',*,*,#1212,.T.);
#1603=CARTESIAN_POINT('',(-44.814417184,-7.394978992,5.8));
#1604=CARTESIAN_POINT('',(-44.733438194,-7.394978992,5.8));
#1605=CARTESIAN_POINT('',(-44.654549266,-7.397906763,5.811815446));
#1606=CARTESIAN_POINT('',(-44.577693216,-7.403517356,5.835162981));
#1607=CARTESIAN_POINT('',(-44.500837165,-7.409127949,5.858510517));
#1608=CARTESIAN_POINT('',(-44.428255943,-7.41730868,5.89296872));
#1609=CARTESIAN_POINT('',(-44.362078662,-7.42728929,5.93716892));
#1610=CARTESIAN_POINT('',(-44.2297241,-7.44725051,6.025569319));
#1611=CARTESIAN_POINT('',(-44.124832961,-7.474168065,6.152589504));
#1612=CARTESIAN_POINT('',(-44.063140149,-7.5,6.3));
#1613=B_SPLINE_CURVE_WITH_KNOTS('',3,(#1603,#1604,#1605,#1606,#1607,#1608,#1609,#1610,#1611,#1612),.UNSPECIFIED.,.F.,.F.,(4,3,3,4),(0.,0.000239433,0.000478866,0.000957733),.UNSPECIFIED.);
#1614=EDGE_CURVE('',#1203,#1041,#1613,.T.);
#1615=ORIENTED_EDGE('',*,*,#1614,.T.);
#1616=ORIENTED_EDGE('',*,*,#1045,.T.);
#1617=ORIENTED_EDGE('',*,*,#967,.T.);
#1618=CARTESIAN_POINT('',(-0.618933381,-5.564520306,2.416838196));
#1619=VERTEX_POINT('',#1618);
#1620=CARTESIAN_POINT('',(-0.618933381,-5.564520306,2.416838196));
#1621=CARTESIAN_POINT('',(-0.579503742,-5.660863019,2.51998517));
#1622=CARTESIAN_POINT('',(-0.532622722,-5.752115825,2.623413673));
#1623=CARTESIAN_POINT('',(-0.479287088,-5.838916333,2.727118539));
#1624=CARTESIAN_POINT('',(-0.452619271,-5.882316587,2.778970972));
#1625=CARTESIAN_POINT('',(-0.42433244,-5.92460086,2.830892131));
#1626=CARTESIAN_POINT('',(-0.394518643,-5.965831045,2.882879276));
#1627=CARTESIAN_POINT('',(-0.364704845,-6.00706123,2.934866422));
#1628=CARTESIAN_POINT('',(-0.332385579,-6.047015505,2.986621146));
#1629=CARTESIAN_POINT('',(-0.301165273,-6.086548373,3.039214585));
#1630=CARTESIAN_POINT('',(-0.176284051,-6.244679844,3.249588339));
#1631=CARTESIAN_POINT('',(-0.07755282,-6.397870362,3.4760995));
#1632=CARTESIAN_POINT('',(-0.000056956,-6.542542857,3.719098953));
#1633=B_SPLINE_CURVE_WITH_KNOTS('',3,(#1620,#1621,#1622,#1623,#1624,#1625,#1626,#1627,#1628,#1629,#1630,#1631,#1632),.UNSPECIFIED.,.F.,.F.,(4,3,3,3,4),(0.,0.000435561,0.000653342,0.000871123,0.001742245),.UNSPECIFIED.);
#1634=EDGE_CURVE('',#1619,#945,#1633,.T.);
#1635=ORIENTED_EDGE('',*,*,#1634,.F.);
#1636=CARTESIAN_POINT('',(-0.618933382,-5.564520311,2.416838201));
#1637=CARTESIAN_POINT('',(-0.520235846,-5.49178872,2.338969899));
#1638=CARTESIAN_POINT('',(-0.419283966,-5.41904403,2.264360311));
#1639=CARTESIAN_POINT('',(-0.316116866,-5.346458069,2.192779184));
#1640=CARTESIAN_POINT('',(-0.212949767,-5.273872107,2.121198057));
#1641=CARTESIAN_POINT('',(-0.10835294,-5.201971413,2.053125766));
#1642=CARTESIAN_POINT('',(-0.,-5.129334721,1.986917567));
#1643=B_SPLINE_CURVE_WITH_KNOTS('',3,(#1636,#1637,#1638,#1639,#1640,#1641,#1642),.UNSPECIFIED.,.F.,.F.,(4,3,4),(0.,0.000435114,0.000870228),.UNSPECIFIED.);
#1644=EDGE_CURVE('',#1619,#1512,#1643,.T.);
#1645=ORIENTED_EDGE('',*,*,#1644,.T.);
#1646=EDGE_LOOP('',(#1552,#1553,#1568,#1584,#1585,#1586,#1599,#1600,#1601,#1602,#1615,#1616,#1617,#1635,#1645));
#1647=FACE_BOUND('',#1646,.T.);
#1648=ADVANCED_FACE('',(#1647),#1510,.F.);
#1649=CARTESIAN_POINT('',(-80.,-9.5,6.614417184));
#1650=CARTESIAN_POINT('',(-80.,9.5,6.614417184));
#1651=CARTESIAN_POINT('',(-80.,-9.5,7.485582816));
#1652=CARTESIAN_POINT('',(-80.,9.5,7.485582816));
#1653=B_SPLINE_SURFACE_WITH_KNOTS('',1,1,((#1649,#1650),(#1651,#1652)),.UNSPECIFIED.,.F.,.F.,.U.,(2,2),(2,2),(-0.001685583,-0.000814417),(-0.019118243,-0.000118243),.UNSPECIFIED.);
#1654=ORIENTED_EDGE('',*,*,#54,.F.);
#1655=CARTESIAN_POINT('',(-80.,9.5,7.485582816));
#1656=CARTESIAN_POINT('',(-80.,-9.5,7.485582816));
#1657=B_SPLINE_CURVE_WITH_KNOTS('',1,(#1655,#1656),.UNSPECIFIED.,.F.,.F.,(2,2),(-0.019,0.),.UNSPECIFIED.);
#1658=EDGE_CURVE('',#42,#268,#1657,.T.);
#1659=ORIENTED_EDGE('',*,*,#1658,.T.);
#1660=ORIENTED_EDGE('',*,*,#272,.T.);
#1661=CARTESIAN_POINT('',(-80.,-9.5,6.614417184));
#1662=CARTESIAN_POINT('',(-80.,9.5,6.614417184));
#1663=B_SPLINE_CURVE_WITH_KNOTS('',1,(#1661,#1662),.UNSPECIFIED.,.F.,.F.,(2,2),(0.,0.019),.UNSPECIFIED.);
#1664=EDGE_CURVE('',#260,#50,#1663,.T.);
#1665=ORIENTED_EDGE('',*,*,#1664,.T.);
#1666=EDGE_LOOP('',(#1654,#1659,#1660,#1665));
#1667=FACE_BOUND('',#1666,.T.);
#1668=ADVANCED_FACE('',(#1667),#1653,.F.);
#1669=CARTESIAN_POINT('',(-2.002299803,-7.500075021,9.989594978));
#1670=CARTESIAN_POINT('',(-2.494763255,-7.980781678,9.989594887));
#1671=CARTESIAN_POINT('',(-2.97084106,-8.505817606,9.989594791));
#1672=CARTESIAN_POINT('',(-3.420574304,-9.07543006,9.989594694));
#1673=CARTESIAN_POINT('',(-3.619747348,-9.327693925,9.989594652));
#1674=CARTESIAN_POINT('',(-3.813698231,-9.588731902,9.989594609));
#1675=CARTESIAN_POINT('',(-4.001494338,-9.858135856,9.989594566));
#1676=CARTESIAN_POINT('',(-2.004502877,-7.497448199,9.993109012));
#1677=CARTESIAN_POINT('',(-2.497076511,-7.978247113,9.993109045));
#1678=CARTESIAN_POINT('',(-2.973261798,-8.503384793,9.99310908));
#1679=CARTESIAN_POINT('',(-3.42309775,-9.073108708,9.993109115));
#1680=CARTESIAN_POINT('',(-3.62231628,-9.325421935,9.99310913));
#1681=CARTESIAN_POINT('',(-3.816311702,-9.586511187,9.993109146));
#1682=CARTESIAN_POINT('',(-4.0041512,-9.855968257,9.993109161));
#1683=CARTESIAN_POINT('',(-2.006711851,-7.49481432,9.996622138));
#1684=CARTESIAN_POINT('',(-2.499395898,-7.975705805,9.996622202));
#1685=CARTESIAN_POINT('',(-2.975688879,-8.50094557,9.996622268));
#1686=CARTESIAN_POINT('',(-3.425627731,-9.070781295,9.996622336));
#1687=CARTESIAN_POINT('',(-3.624891832,-9.323144039,9.996622365));
#1688=CARTESIAN_POINT('',(-3.818931875,-9.584284723,9.996622395));
#1689=CARTESIAN_POINT('',(-4.00681484,-9.853795071,9.996622425));
#1690=CARTESIAN_POINT('',(-2.00892679,-7.492173364,10.000134324));
#1691=CARTESIAN_POINT('',(-2.501721483,-7.973157734,10.000134326));
#1692=CARTESIAN_POINT('',(-2.978122373,-8.49849992,10.000134327));
#1693=CARTESIAN_POINT('',(-3.428164319,-9.068447806,10.000134329));
#1694=CARTESIAN_POINT('',(-3.627474077,-9.320860223,10.00013433));
#1695=CARTESIAN_POINT('',(-3.821558822,-9.582052498,10.00013433));
#1696=CARTESIAN_POINT('',(-4.009485332,-9.851616283,10.000134331));
#1697=CARTESIAN_POINT('',(-2.012103552,-7.48854688,10.005053703));
#1698=CARTESIAN_POINT('',(-2.505050239,-7.969664407,10.005053704));
#1699=CARTESIAN_POINT('',(-2.98159902,-8.495153007,10.005053705));
#1700=CARTESIAN_POINT('',(-3.431781838,-9.065260794,10.005053707));
#1701=CARTESIAN_POINT('',(-3.631153983,-9.317744026,10.005053708));
#1702=CARTESIAN_POINT('',(-3.825299723,-9.57900977,10.005053708));
#1703=CARTESIAN_POINT('',(-4.013285556,-9.848649576,10.005053709));
#1704=CARTESIAN_POINT('',(-2.01528033,-7.484920411,10.009973082));
#1705=CARTESIAN_POINT('',(-2.50837901,-7.966171096,10.009973083));
#1706=CARTESIAN_POINT('',(-2.985075681,-8.49180611,10.009973084));
#1707=CARTESIAN_POINT('',(-3.43539937,-9.062073798,10.009973086));
#1708=CARTESIAN_POINT('',(-3.634833903,-9.314627845,10.009973087));
#1709=CARTESIAN_POINT('',(-3.829040637,-9.575967061,10.009973087));
#1710=CARTESIAN_POINT('',(-4.017085793,-9.845682887,10.009973088));
#1711=CARTESIAN_POINT('',(-2.018457124,-7.481293957,10.014892461));
#1712=CARTESIAN_POINT('',(-2.511707797,-7.962677801,10.014892463));
#1713=CARTESIAN_POINT('',(-2.988552357,-8.48845923,10.014892464));
#1714=CARTESIAN_POINT('',(-3.439016915,-9.05888682,10.014892466));
#1715=CARTESIAN_POINT('',(-3.638513835,-9.311511682,10.014892466));
#1716=CARTESIAN_POINT('',(-3.832781564,-9.572924368,10.014892467));
#1717=CARTESIAN_POINT('',(-4.020886042,-9.842716215,10.014892468));
#1718=CARTESIAN_POINT('',(-2.140780369,-7.341656423,10.20431443));
#1719=CARTESIAN_POINT('',(-2.639883564,-7.828167571,10.204314431));
#1720=CARTESIAN_POINT('',(-3.122422643,-8.359586752,10.204314433));
#1721=CARTESIAN_POINT('',(-3.578311431,-8.936171396,10.204314434));
#1722=CARTESIAN_POINT('',(-3.780210576,-9.19152303,10.204314435));
#1723=CARTESIAN_POINT('',(-3.976826914,-9.455764724,10.204314436));
#1724=CARTESIAN_POINT('',(-4.167215608,-9.728483778,10.204314436));
#1725=CARTESIAN_POINT('',(-2.263126867,-7.202041064,10.393737582));
#1726=CARTESIAN_POINT('',(-2.768081655,-7.693680489,10.393737583));
#1727=CARTESIAN_POINT('',(-3.256314235,-8.230738365,10.393737584));
#1728=CARTESIAN_POINT('',(-3.71762615,-8.813480958,10.393737586));
#1729=CARTESIAN_POINT('',(-3.921927031,-9.071559757,10.393737587));
#1730=CARTESIAN_POINT('',(-4.120891471,-9.338630846,10.393737587));
#1731=CARTESIAN_POINT('',(-4.313563859,-9.614277481,10.393737588));
#1732=CARTESIAN_POINT('',(-2.385494238,-7.062445555,10.583161756));
#1733=CARTESIAN_POINT('',(-2.896299786,-7.559214133,10.583161757));
#1734=CARTESIAN_POINT('',(-3.390224958,-8.101911552,10.583161759));
#1735=CARTESIAN_POINT('',(-3.856959009,-8.690812894,10.58316176));
#1736=CARTESIAN_POINT('',(-4.063661188,-8.951619215,10.583161761));
#1737=CARTESIAN_POINT('',(-4.264973279,-9.221520044,10.583161762));
#1738=CARTESIAN_POINT('',(-4.45992889,-9.500094595,10.583161762));
#1739=CARTESIAN_POINT('',(-2.385511375,-7.062426006,10.583188283));
#1740=CARTESIAN_POINT('',(-2.896317742,-7.559195302,10.583188285));
#1741=CARTESIAN_POINT('',(-3.390243711,-8.10189351,10.583188286));
#1742=CARTESIAN_POINT('',(-3.856978522,-8.690795715,10.583188288));
#1743=CARTESIAN_POINT('',(-4.063681037,-8.951602418,10.583188288));
#1744=CARTESIAN_POINT('',(-4.264993456,-9.221503644,10.583188289));
#1745=CARTESIAN_POINT('',(-4.459949388,-9.500078604,10.58318829));
#1746=CARTESIAN_POINT('',(-2.385528511,-7.062406457,10.583214811));
#1747=CARTESIAN_POINT('',(-2.896335698,-7.559176471,10.583214812));
#1748=CARTESIAN_POINT('',(-3.390262464,-8.101875469,10.583214813));
#1749=CARTESIAN_POINT('',(-3.856998034,-8.690778537,10.583214815));
#1750=CARTESIAN_POINT('',(-4.063700886,-8.951585621,10.583214816));
#1751=CARTESIAN_POINT('',(-4.265013634,-9.221487243,10.583214816));
#1752=CARTESIAN_POINT('',(-4.459969885,-9.500062614,10.583214817));
#1753=CARTESIAN_POINT('',(-2.385545648,-7.062386907,10.583241338));
#1754=CARTESIAN_POINT('',(-2.896353654,-7.55915764,10.58324134));
#1755=CARTESIAN_POINT('',(-3.390281218,-8.101857428,10.583241341));
#1756=CARTESIAN_POINT('',(-3.857017547,-8.690761358,10.583241343));
#1757=CARTESIAN_POINT('',(-4.063720735,-8.951568824,10.583241343));
#1758=CARTESIAN_POINT('',(-4.265033811,-9.221470843,10.583241344));
#1759=CARTESIAN_POINT('',(-4.459990382,-9.500046623,10.583241345));
#1760=B_SPLINE_SURFACE_WITH_KNOTS('',3,3,((#1669,#1670,#1671,#1672,#1673,#1674,#1675),(#1676,#1677,#1678,#1679,#1680,#1681,#1682),(#1683,#1684,#1685,#1686,#1687,#1688,#1689),(#1690,#1691,#1692,#1693,#1694,#1695,#1696),(#1697,#1698,#1699,#1700,#1701,#1702,#1703),(#1704,#1705,#1706,#1707,#1708,#1709,#1710),(#1711,#1712,#1713,#1714,#1715,#1716,#1717),(#1718,#1719,#1720,#1721,#1722,#1723,#1724),(#1725,#1726,#1727,#1728,#1729,#1730,#1731),(#1732,#1733,#1734,#1735,#1736,#1737,#1738),(#1739,#1740,#1741,#1742,#1743,#1744,#1745),(#1746,#1747,#1748,#1749,#1750,#1751,#1752),(#1753,#1754,#1755,#1756,#1757,#1758,#1759)),.UNSPECIFIED.,.F.,.F.,.U.,(4,3,3,3,4),(4,3,4),(0.,0.000735821,0.001471642,0.029804617,0.029808585),(0.637344615,0.656251146,0.664624268),.UNSPECIFIED.);
#1761=ORIENTED_EDGE('',*,*,#418,.T.);
#1762=CARTESIAN_POINT('',(-3.744713271,-9.500099134,9.989594624));
#1763=CARTESIAN_POINT('',(-3.202304128,-8.764851782,9.989594744));
#1764=CARTESIAN_POINT('',(-2.614990392,-8.098158309,9.989594864));
#1765=CARTESIAN_POINT('',(-2.002494017,-7.500264602,9.989594978));
#1766=B_SPLINE_CURVE_WITH_KNOTS('',3,(#1762,#1763,#1764,#1765),.UNSPECIFIED.,.F.,.F.,(4,4),(0.6373471,0.66086211),.UNSPECIFIED.);
#1767=EDGE_CURVE('',#364,#1018,#1766,.T.);
#1768=ORIENTED_EDGE('',*,*,#1767,.T.);
#1769=ORIENTED_EDGE('',*,*,#1024,.F.);
#1770=CARTESIAN_POINT('',(-2.819574901,-7.5,10.583161758));
#1771=CARTESIAN_POINT('',(-3.416127131,-8.123744588,10.58315553));
#1772=CARTESIAN_POINT('',(-3.965069366,-8.792998015,10.583161762));
#1773=CARTESIAN_POINT('',(-4.460057003,-9.5,10.583161764));
#1774=B_SPLINE_CURVE_WITH_KNOTS('',3,(#1770,#1771,#1772,#1773),.UNSPECIFIED.,.F.,.F.,(4,4),(0.025892778,0.028481868),.UNSPECIFIED.);
#1775=EDGE_CURVE('',#1011,#412,#1774,.T.);
#1776=ORIENTED_EDGE('',*,*,#1775,.T.);
#1777=EDGE_LOOP('',(#1761,#1768,#1769,#1776));
#1778=FACE_BOUND('',#1777,.T.);
#1779=ADVANCED_FACE('',(#1778),#1760,.T.);
#1780=CARTESIAN_POINT('',(-1.060516952,-12.979097581,-0.5));
#1781=CARTESIAN_POINT('',(-4.712654446,-9.241491161,-0.5));
#1782=CARTESIAN_POINT('',(5.377835983,-6.687972324,-0.5));
#1783=CARTESIAN_POINT('',(1.725698489,-2.950365903,-0.5));
#1784=B_SPLINE_SURFACE_WITH_KNOTS('',1,1,((#1780,#1781),(#1782,#1783)),.UNSPECIFIED.,.F.,.F.,.U.,(2,2),(2,2),(-0.002895189,0.006106514),(0.012099126,0.017324813),.UNSPECIFIED.);
#1785=ORIENTED_EDGE('',*,*,#354,.T.);
#1786=ORIENTED_EDGE('',*,*,#870,.F.);
#1787=CARTESIAN_POINT('',(2.5,-3.742787959,-0.5));
#1788=CARTESIAN_POINT('',(1.110463133,-4.366990156,-0.5));
#1789=CARTESIAN_POINT('',(-0.195781186,-5.179882731,-0.5));
#1790=CARTESIAN_POINT('',(-1.369420055,-6.150695569,-0.5));
#1791=CARTESIAN_POINT('',(-2.543058924,-7.121508406,-0.5));
#1792=CARTESIAN_POINT('',(-3.586128943,-8.25174888,-0.5));
#1793=CARTESIAN_POINT('',(-4.460057002,-9.499999998,-0.5));
#1794=B_SPLINE_CURVE_WITH_KNOTS('',3,(#1787,#1788,#1789,#1790,#1791,#1792,#1793),.UNSPECIFIED.,.F.,.F.,(4,3,4),(0.073768889,0.078338159,0.082907428),.UNSPECIFIED.);
#1795=EDGE_CURVE('',#861,#350,#1794,.T.);
#1796=ORIENTED_EDGE('',*,*,#1795,.T.);
#1797=EDGE_LOOP('',(#1785,#1786,#1796));
#1798=FACE_BOUND('',#1797,.T.);
#1799=ADVANCED_FACE('',(#1798),#1784,.T.);
#1800=CARTESIAN_POINT('',(-4.460014302,-9.500029894,2.416838202));
#1801=CARTESIAN_POINT('',(-4.460014302,-9.500029894,2.178572477));
#1802=CARTESIAN_POINT('',(-4.460014302,-9.500029894,1.940306753));
#1803=CARTESIAN_POINT('',(-4.460014302,-9.500029894,1.702041028));
#1804=CARTESIAN_POINT('',(-4.460014302,-9.500029894,1.668367523));
#1805=CARTESIAN_POINT('',(-4.460014302,-9.500029894,1.634694019));
#1806=CARTESIAN_POINT('',(-4.460014302,-9.500029894,1.601020514));
#1807=CARTESIAN_POINT('',(-4.460014302,-9.500029894,1.567347009));
#1808=CARTESIAN_POINT('',(-4.460014302,-9.500029894,1.533673505));
#1809=CARTESIAN_POINT('',(-4.460014302,-9.500029894,1.5));
#1810=CARTESIAN_POINT('',(-4.460014302,-9.500029894,1.466326495));
#1811=CARTESIAN_POINT('',(-4.460014302,-9.500029894,1.432652991));
#1812=CARTESIAN_POINT('',(-4.460014302,-9.500029894,1.398979486));
#1813=CARTESIAN_POINT('',(-4.460014302,-9.500029894,0.765986324));
#1814=CARTESIAN_POINT('',(-4.460014302,-9.500029894,0.132993162));
#1815=CARTESIAN_POINT('',(-4.460014302,-9.500029894,-0.5));
#1816=CARTESIAN_POINT('',(-4.274876673,-9.235572742,2.416838202));
#1817=CARTESIAN_POINT('',(-4.274876673,-9.235572742,2.178572477));
#1818=CARTESIAN_POINT('',(-4.274876673,-9.235572742,1.940306753));
#1819=CARTESIAN_POINT('',(-4.274876673,-9.235572742,1.702041028));
#1820=CARTESIAN_POINT('',(-4.274876673,-9.235572742,1.668367523));
#1821=CARTESIAN_POINT('',(-4.274876673,-9.235572742,1.634694019));
#1822=CARTESIAN_POINT('',(-4.274876673,-9.235572742,1.601020514));
#1823=CARTESIAN_POINT('',(-4.274876673,-9.235572742,1.567347009));
#1824=CARTESIAN_POINT('',(-4.274876673,-9.235572742,1.533673505));
#1825=CARTESIAN_POINT('',(-4.274876673,-9.235572742,1.5));
#1826=CARTESIAN_POINT('',(-4.274876673,-9.235572742,1.466326495));
#1827=CARTESIAN_POINT('',(-4.274876673,-9.235572742,1.432652991));
#1828=CARTESIAN_POINT('',(-4.274876673,-9.235572742,1.398979486));
#1829=CARTESIAN_POINT('',(-4.274876673,-9.235572742,0.765986324));
#1830=CARTESIAN_POINT('',(-4.274876673,-9.235572742,0.132993162));
#1831=CARTESIAN_POINT('',(-4.274876673,-9.235572742,-0.5));
#1832=CARTESIAN_POINT('',(-4.082452022,-8.976704206,2.416838202));
#1833=CARTESIAN_POINT('',(-4.082452022,-8.976704206,2.178572477));
#1834=CARTESIAN_POINT('',(-4.082452022,-8.976704206,1.940306753));
#1835=CARTESIAN_POINT('',(-4.082452022,-8.976704206,1.702041028));
#1836=CARTESIAN_POINT('',(-4.082452022,-8.976704206,1.668367523));
#1837=CARTESIAN_POINT('',(-4.082452022,-8.976704206,1.634694019));
#1838=CARTESIAN_POINT('',(-4.082452022,-8.976704206,1.601020514));
#1839=CARTESIAN_POINT('',(-4.082452022,-8.976704206,1.567347009));
#1840=CARTESIAN_POINT('',(-4.082452022,-8.976704206,1.533673505));
#1841=CARTESIAN_POINT('',(-4.082452022,-8.976704206,1.5));
#1842=CARTESIAN_POINT('',(-4.082452022,-8.976704206,1.466326495));
#1843=CARTESIAN_POINT('',(-4.082452022,-8.976704206,1.432652991));
#1844=CARTESIAN_POINT('',(-4.082452022,-8.976704206,1.398979486));
#1845=CARTESIAN_POINT('',(-4.082452022,-8.976704206,0.765986324));
#1846=CARTESIAN_POINT('',(-4.082452022,-8.976704206,0.132993162));
#1847=CARTESIAN_POINT('',(-4.082452022,-8.976704206,-0.5));
#1848=CARTESIAN_POINT('',(-3.883227121,-8.724041619,2.416838202));
#1849=CARTESIAN_POINT('',(-3.883227121,-8.724041619,2.178572477));
#1850=CARTESIAN_POINT('',(-3.883227121,-8.724041619,1.940306753));
#1851=CARTESIAN_POINT('',(-3.883227121,-8.724041619,1.702041028));
#1852=CARTESIAN_POINT('',(-3.883227121,-8.724041619,1.668367523));
#1853=CARTESIAN_POINT('',(-3.883227121,-8.724041619,1.634694019));
#1854=CARTESIAN_POINT('',(-3.883227121,-8.724041619,1.601020514));
#1855=CARTESIAN_POINT('',(-3.883227121,-8.724041619,1.567347009));
#1856=CARTESIAN_POINT('',(-3.883227121,-8.724041619,1.533673505));
#1857=CARTESIAN_POINT('',(-3.883227121,-8.724041619,1.5));
#1858=CARTESIAN_POINT('',(-3.883227121,-8.724041619,1.466326495));
#1859=CARTESIAN_POINT('',(-3.883227121,-8.724041619,1.432652991));
#1860=CARTESIAN_POINT('',(-3.883227121,-8.724041619,1.398979486));
#1861=CARTESIAN_POINT('',(-3.883227121,-8.724041619,0.765986324));
#1862=CARTESIAN_POINT('',(-3.883227121,-8.724041619,0.132993162));
#1863=CARTESIAN_POINT('',(-3.883227121,-8.724041619,-0.5));
#1864=CARTESIAN_POINT('',(-3.379422784,-8.085102879,2.416838202));
#1865=CARTESIAN_POINT('',(-3.379422784,-8.085102879,2.178572477));
#1866=CARTESIAN_POINT('',(-3.379422784,-8.085102879,1.940306753));
#1867=CARTESIAN_POINT('',(-3.379422784,-8.085102879,1.702041028));
#1868=CARTESIAN_POINT('',(-3.379422784,-8.085102879,1.668367523));
#1869=CARTESIAN_POINT('',(-3.379422784,-8.085102879,1.634694019));
#1870=CARTESIAN_POINT('',(-3.379422784,-8.085102879,1.601020514));
#1871=CARTESIAN_POINT('',(-3.379422784,-8.085102879,1.567347009));
#1872=CARTESIAN_POINT('',(-3.379422784,-8.085102879,1.533673505));
#1873=CARTESIAN_POINT('',(-3.379422784,-8.085102879,1.5));
#1874=CARTESIAN_POINT('',(-3.379422784,-8.085102879,1.466326495));
#1875=CARTESIAN_POINT('',(-3.379422784,-8.085102879,1.432652991));
#1876=CARTESIAN_POINT('',(-3.379422784,-8.085102879,1.398979486));
#1877=CARTESIAN_POINT('',(-3.379422784,-8.085102879,0.765986324));
#1878=CARTESIAN_POINT('',(-3.379422784,-8.085102879,0.132993162));
#1879=CARTESIAN_POINT('',(-3.379422784,-8.085102879,-0.5));
#1880=CARTESIAN_POINT('',(-2.832201818,-7.485900813,2.416838202));
#1881=CARTESIAN_POINT('',(-2.832201818,-7.485900813,2.178572477));
#1882=CARTESIAN_POINT('',(-2.832201818,-7.485900813,1.940306753));
#1883=CARTESIAN_POINT('',(-2.832201818,-7.485900813,1.702041028));
#1884=CARTESIAN_POINT('',(-2.832201818,-7.485900813,1.668367523));
#1885=CARTESIAN_POINT('',(-2.832201818,-7.485900813,1.634694019));
#1886=CARTESIAN_POINT('',(-2.832201818,-7.485900813,1.601020514));
#1887=CARTESIAN_POINT('',(-2.832201818,-7.485900813,1.567347009));
#1888=CARTESIAN_POINT('',(-2.832201818,-7.485900813,1.533673505));
#1889=CARTESIAN_POINT('',(-2.832201818,-7.485900813,1.5));
#1890=CARTESIAN_POINT('',(-2.832201818,-7.485900813,1.466326495));
#1891=CARTESIAN_POINT('',(-2.832201818,-7.485900813,1.432652991));
#1892=CARTESIAN_POINT('',(-2.832201818,-7.485900813,1.398979486));
#1893=CARTESIAN_POINT('',(-2.832201818,-7.485900813,0.765986324));
#1894=CARTESIAN_POINT('',(-2.832201818,-7.485900813,0.132993162));
#1895=CARTESIAN_POINT('',(-2.832201818,-7.485900813,-0.5));
#1896=CARTESIAN_POINT('',(-2.251726242,-6.933635207,2.416838202));
#1897=CARTESIAN_POINT('',(-2.251726242,-6.933635207,2.178572477));
#1898=CARTESIAN_POINT('',(-2.251726242,-6.933635207,1.940306753));
#1899=CARTESIAN_POINT('',(-2.251726242,-6.933635207,1.702041028));
#1900=CARTESIAN_POINT('',(-2.251726242,-6.933635207,1.668367523));
#1901=CARTESIAN_POINT('',(-2.251726242,-6.933635207,1.634694019));
#1902=CARTESIAN_POINT('',(-2.251726242,-6.933635207,1.601020514));
#1903=CARTESIAN_POINT('',(-2.251726242,-6.933635207,1.567347009));
#1904=CARTESIAN_POINT('',(-2.251726242,-6.933635207,1.533673505));
#1905=CARTESIAN_POINT('',(-2.251726242,-6.933635207,1.5));
#1906=CARTESIAN_POINT('',(-2.251726242,-6.933635207,1.466326495));
#1907=CARTESIAN_POINT('',(-2.251726242,-6.933635207,1.432652991));
#1908=CARTESIAN_POINT('',(-2.251726242,-6.933635207,1.398979486));
#1909=CARTESIAN_POINT('',(-2.251726242,-6.933635207,0.765986324));
#1910=CARTESIAN_POINT('',(-2.251726242,-6.933635207,0.132993162));
#1911=CARTESIAN_POINT('',(-2.251726242,-6.933635207,-0.5));
#1912=CARTESIAN_POINT('',(-1.671250666,-6.381369601,2.416838202));
#1913=CARTESIAN_POINT('',(-1.671250666,-6.381369601,2.178572477));
#1914=CARTESIAN_POINT('',(-1.671250666,-6.381369601,1.940306753));
#1915=CARTESIAN_POINT('',(-1.671250666,-6.381369601,1.702041028));
#1916=CARTESIAN_POINT('',(-1.671250666,-6.381369601,1.668367523));
#1917=CARTESIAN_POINT('',(-1.671250666,-6.381369601,1.634694019));
#1918=CARTESIAN_POINT('',(-1.671250666,-6.381369601,1.601020514));
#1919=CARTESIAN_POINT('',(-1.671250666,-6.381369601,1.567347009));
#1920=CARTESIAN_POINT('',(-1.671250666,-6.381369601,1.533673505));
#1921=CARTESIAN_POINT('',(-1.671250666,-6.381369601,1.5));
#1922=CARTESIAN_POINT('',(-1.671250666,-6.381369601,1.466326495));
#1923=CARTESIAN_POINT('',(-1.671250666,-6.381369601,1.432652991));
#1924=CARTESIAN_POINT('',(-1.671250666,-6.381369601,1.398979486));
#1925=CARTESIAN_POINT('',(-1.671250666,-6.381369601,0.765986324));
#1926=CARTESIAN_POINT('',(-1.671250666,-6.381369601,0.132993162));
#1927=CARTESIAN_POINT('',(-1.671250666,-6.381369601,-0.5));
#1928=CARTESIAN_POINT('',(-1.057601606,-5.876056054,2.416838202));
#1929=CARTESIAN_POINT('',(-1.057601606,-5.876056054,2.178572477));
#1930=CARTESIAN_POINT('',(-1.057601606,-5.876056054,1.940306753));
#1931=CARTESIAN_POINT('',(-1.057601606,-5.876056054,1.702041028));
#1932=CARTESIAN_POINT('',(-1.057601606,-5.876056054,1.668367523));
#1933=CARTESIAN_POINT('',(-1.057601606,-5.876056054,1.634694019));
#1934=CARTESIAN_POINT('',(-1.057601606,-5.876056054,1.601020514));
#1935=CARTESIAN_POINT('',(-1.057601606,-5.876056054,1.567347009));
#1936=CARTESIAN_POINT('',(-1.057601606,-5.876056054,1.533673505));
#1937=CARTESIAN_POINT('',(-1.057601606,-5.876056054,1.5));
#1938=CARTESIAN_POINT('',(-1.057601606,-5.876056054,1.466326495));
#1939=CARTESIAN_POINT('',(-1.057601606,-5.876056054,1.432652991));
#1940=CARTESIAN_POINT('',(-1.057601606,-5.876056054,1.398979486));
#1941=CARTESIAN_POINT('',(-1.057601606,-5.876056054,0.765986324));
#1942=CARTESIAN_POINT('',(-1.057601606,-5.876056054,0.132993162));
#1943=CARTESIAN_POINT('',(-1.057601606,-5.876056054,-0.5));
#1944=CARTESIAN_POINT('',(-0.422076339,-5.421615554,2.416838202));
#1945=CARTESIAN_POINT('',(-0.422076339,-5.421615554,2.178572477));
#1946=CARTESIAN_POINT('',(-0.422076339,-5.421615554,1.940306753));
#1947=CARTESIAN_POINT('',(-0.422076339,-5.421615554,1.702041028));
#1948=CARTESIAN_POINT('',(-0.422076339,-5.421615554,1.668367523));
#1949=CARTESIAN_POINT('',(-0.422076339,-5.421615554,1.634694019));
#1950=CARTESIAN_POINT('',(-0.422076339,-5.421615554,1.601020514));
#1951=CARTESIAN_POINT('',(-0.422076339,-5.421615554,1.567347009));
#1952=CARTESIAN_POINT('',(-0.422076339,-5.421615554,1.533673505));
#1953=CARTESIAN_POINT('',(-0.422076339,-5.421615554,1.5));
#1954=CARTESIAN_POINT('',(-0.422076339,-5.421615554,1.466326495));
#1955=CARTESIAN_POINT('',(-0.422076339,-5.421615554,1.432652991));
#1956=CARTESIAN_POINT('',(-0.422076339,-5.421615554,1.398979486));
#1957=CARTESIAN_POINT('',(-0.422076339,-5.421615554,0.765986324));
#1958=CARTESIAN_POINT('',(-0.422076339,-5.421615554,0.132993162));
#1959=CARTESIAN_POINT('',(-0.422076339,-5.421615554,-0.5));
#1960=CARTESIAN_POINT('',(0.213448928,-4.967175053,2.416838202));
#1961=CARTESIAN_POINT('',(0.213448928,-4.967175053,2.178572477));
#1962=CARTESIAN_POINT('',(0.213448928,-4.967175053,1.940306753));
#1963=CARTESIAN_POINT('',(0.213448928,-4.967175053,1.702041028));
#1964=CARTESIAN_POINT('',(0.213448928,-4.967175053,1.668367523));
#1965=CARTESIAN_POINT('',(0.213448928,-4.967175053,1.634694019));
#1966=CARTESIAN_POINT('',(0.213448928,-4.967175053,1.601020514));
#1967=CARTESIAN_POINT('',(0.213448928,-4.967175053,1.567347009));
#1968=CARTESIAN_POINT('',(0.213448928,-4.967175053,1.533673505));
#1969=CARTESIAN_POINT('',(0.213448928,-4.967175053,1.5));
#1970=CARTESIAN_POINT('',(0.213448928,-4.967175053,1.466326495));
#1971=CARTESIAN_POINT('',(0.213448928,-4.967175053,1.432652991));
#1972=CARTESIAN_POINT('',(0.213448928,-4.967175053,1.398979486));
#1973=CARTESIAN_POINT('',(0.213448928,-4.967175053,0.765986324));
#1974=CARTESIAN_POINT('',(0.213448928,-4.967175053,0.132993162));
#1975=CARTESIAN_POINT('',(0.213448928,-4.967175053,-0.5));
#1976=CARTESIAN_POINT('',(0.870775731,-4.563590272,2.416838202));
#1977=CARTESIAN_POINT('',(0.870775731,-4.563590272,2.178572477));
#1978=CARTESIAN_POINT('',(0.870775731,-4.563590272,1.940306753));
#1979=CARTESIAN_POINT('',(0.870775731,-4.563590272,1.702041028));
#1980=CARTESIAN_POINT('',(0.870775731,-4.563590272,1.668367523));
#1981=CARTESIAN_POINT('',(0.870775731,-4.563590272,1.634694019));
#1982=CARTESIAN_POINT('',(0.870775731,-4.563590272,1.601020514));
#1983=CARTESIAN_POINT('',(0.870775731,-4.563590272,1.567347009));
#1984=CARTESIAN_POINT('',(0.870775731,-4.563590272,1.533673505));
#1985=CARTESIAN_POINT('',(0.870775731,-4.563590272,1.5));
#1986=CARTESIAN_POINT('',(0.870775731,-4.563590272,1.466326495));
#1987=CARTESIAN_POINT('',(0.870775731,-4.563590272,1.432652991));
#1988=CARTESIAN_POINT('',(0.870775731,-4.563590272,1.398979486));
#1989=CARTESIAN_POINT('',(0.870775731,-4.563590272,0.765986324));
#1990=CARTESIAN_POINT('',(0.870775731,-4.563590272,0.132993162));
#1991=CARTESIAN_POINT('',(0.870775731,-4.563590272,-0.5));
#1992=CARTESIAN_POINT('',(1.538655011,-4.2115222,2.416838202));
#1993=CARTESIAN_POINT('',(1.538655011,-4.2115222,2.178572477));
#1994=CARTESIAN_POINT('',(1.538655011,-4.2115222,1.940306753));
#1995=CARTESIAN_POINT('',(1.538655011,-4.2115222,1.702041028));
#1996=CARTESIAN_POINT('',(1.538655011,-4.2115222,1.668367523));
#1997=CARTESIAN_POINT('',(1.538655011,-4.2115222,1.634694019));
#1998=CARTESIAN_POINT('',(1.538655011,-4.2115222,1.601020514));
#1999=CARTESIAN_POINT('',(1.538655011,-4.2115222,1.567347009));
#2000=CARTESIAN_POINT('',(1.538655011,-4.2115222,1.533673505));
#2001=CARTESIAN_POINT('',(1.538655011,-4.2115222,1.5));
#2002=CARTESIAN_POINT('',(1.538655011,-4.2115222,1.466326495));
#2003=CARTESIAN_POINT('',(1.538655011,-4.2115222,1.432652991));
#2004=CARTESIAN_POINT('',(1.538655011,-4.2115222,1.398979486));
#2005=CARTESIAN_POINT('',(1.538655011,-4.2115222,0.765986324));
#2006=CARTESIAN_POINT('',(1.538655011,-4.2115222,0.132993162));
#2007=CARTESIAN_POINT('',(1.538655011,-4.2115222,-0.5));
#2008=CARTESIAN_POINT('',(1.857089779,-4.043661453,2.416838202));
#2009=CARTESIAN_POINT('',(1.857089779,-4.043661453,2.178572477));
#2010=CARTESIAN_POINT('',(1.857089779,-4.043661453,1.940306753));
#2011=CARTESIAN_POINT('',(1.857089779,-4.043661453,1.702041028));
#2012=CARTESIAN_POINT('',(1.857089779,-4.043661453,1.668367523));
#2013=CARTESIAN_POINT('',(1.857089779,-4.043661453,1.634694019));
#2014=CARTESIAN_POINT('',(1.857089779,-4.043661453,1.601020514));
#2015=CARTESIAN_POINT('',(1.857089779,-4.043661453,1.567347009));
#2016=CARTESIAN_POINT('',(1.857089779,-4.043661453,1.533673505));
#2017=CARTESIAN_POINT('',(1.857089779,-4.043661453,1.5));
#2018=CARTESIAN_POINT('',(1.857089779,-4.043661453,1.466326495));
#2019=CARTESIAN_POINT('',(1.857089779,-4.043661453,1.432652991));
#2020=CARTESIAN_POINT('',(1.857089779,-4.043661453,1.398979486));
#2021=CARTESIAN_POINT('',(1.857089779,-4.043661453,0.765986324));
#2022=CARTESIAN_POINT('',(1.857089779,-4.043661453,0.132993162));
#2023=CARTESIAN_POINT('',(1.857089779,-4.043661453,-0.5));
#2024=CARTESIAN_POINT('',(2.177910696,-3.88750236,2.416838202));
#2025=CARTESIAN_POINT('',(2.177910696,-3.88750236,2.178572477));
#2026=CARTESIAN_POINT('',(2.177910696,-3.88750236,1.940306753));
#2027=CARTESIAN_POINT('',(2.177910696,-3.88750236,1.702041028));
#2028=CARTESIAN_POINT('',(2.177910696,-3.88750236,1.668367523));
#2029=CARTESIAN_POINT('',(2.177910696,-3.88750236,1.634694019));
#2030=CARTESIAN_POINT('',(2.177910696,-3.88750236,1.601020514));
#2031=CARTESIAN_POINT('',(2.177910696,-3.88750236,1.567347009));
#2032=CARTESIAN_POINT('',(2.177910696,-3.88750236,1.533673505));
#2033=CARTESIAN_POINT('',(2.177910696,-3.88750236,1.5));
#2034=CARTESIAN_POINT('',(2.177910696,-3.88750236,1.466326495));
#2035=CARTESIAN_POINT('',(2.177910696,-3.88750236,1.432652991));
#2036=CARTESIAN_POINT('',(2.177910696,-3.88750236,1.398979486));
#2037=CARTESIAN_POINT('',(2.177910696,-3.88750236,0.765986324));
#2038=CARTESIAN_POINT('',(2.177910696,-3.88750236,0.132993162));
#2039=CARTESIAN_POINT('',(2.177910696,-3.88750236,-0.5));
#2040=CARTESIAN_POINT('',(2.500010748,-3.742811885,2.416838202));
#2041=CARTESIAN_POINT('',(2.500010748,-3.742811885,2.178572477));
#2042=CARTESIAN_POINT('',(2.500010748,-3.742811885,1.940306753));
#2043=CARTESIAN_POINT('',(2.500010748,-3.742811885,1.702041028));
#2044=CARTESIAN_POINT('',(2.500010748,-3.742811885,1.668367523));
#2045=CARTESIAN_POINT('',(2.500010748,-3.742811885,1.634694019));
#2046=CARTESIAN_POINT('',(2.500010748,-3.742811885,1.601020514));
#2047=CARTESIAN_POINT('',(2.500010748,-3.742811885,1.567347009));
#2048=CARTESIAN_POINT('',(2.500010748,-3.742811885,1.533673505));
#2049=CARTESIAN_POINT('',(2.500010748,-3.742811885,1.5));
#2050=CARTESIAN_POINT('',(2.500010748,-3.742811885,1.466326495));
#2051=CARTESIAN_POINT('',(2.500010748,-3.742811885,1.432652991));
#2052=CARTESIAN_POINT('',(2.500010748,-3.742811885,1.398979486));
#2053=CARTESIAN_POINT('',(2.500010748,-3.742811885,0.765986324));
#2054=CARTESIAN_POINT('',(2.500010748,-3.742811885,0.132993162));
#2055=CARTESIAN_POINT('',(2.500010748,-3.742811885,-0.5));
#2056=B_SPLINE_SURFACE_WITH_KNOTS('',3,3,((#1800,#1801,#1802,#1803,#1804,#1805,#1806,#1807,#1808,#1809,#1810,#1811,#1812,#1813,#1814,#1815),(#1816,#1817,#1818,#1819,#1820,#1821,#1822,#1823,#1824,#1825,#1826,#1827,#1828,#1829,#1830,#1831),(#1832,#1833,#1834,#1835,#1836,#1837,#1838,#1839,#1840,#1841,#1842,#1843,#1844,#1845,#1846,#1847),(#1848,#1849,#1850,#1851,#1852,#1853,#1854,#1855,#1856,#1857,#1858,#1859,#1860,#1861,#1862,#1863),(#1864,#1865,#1866,#1867,#1868,#1869,#1870,#1871,#1872,#1873,#1874,#1875,#1876,#1877,#1878,#1879),(#1880,#1881,#1882,#1883,#1884,#1885,#1886,#1887,#1888,#1889,#1890,#1891,#1892,#1893,#1894,#1895),(#1896,#1897,#1898,#1899,#1900,#1901,#1902,#1903,#1904,#1905,#1906,#1907,#1908,#1909,#1910,#1911),(#1912,#1913,#1914,#1915,#1916,#1917,#1918,#1919,#1920,#1921,#1922,#1923,#1924,#1925,#1926,#1927),(#1928,#1929,#1930,#1931,#1932,#1933,#1934,#1935,#1936,#1937,#1938,#1939,#1940,#1941,#1942,#1943),(#1944,#1945,#1946,#1947,#1948,#1949,#1950,#1951,#1952,#1953,#1954,#1955,#1956,#1957,#1958,#1959),(#1960,#1961,#1962,#1963,#1964,#1965,#1966,#1967,#1968,#1969,#1970,#1971,#1972,#1973,#1974,#1975),(#1976,#1977,#1978,#1979,#1980,#1981,#1982,#1983,#1984,#1985,#1986,#1987,#1988,#1989,#1990,#1991),(#1992,#1993,#1994,#1995,#1996,#1997,#1998,#1999,#2000,#2001,#2002,#2003,#2004,#2005,#2006,#2007),(#2008,#2009,#2010,#2011,#2012,#2013,#2014,#2015,#2016,#2017,#2018,#2019,#2020,#2021,#2022,#2023),(#2024,#2025,#2026,#2027,#2028,#2029,#2030,#2031,#2032,#2033,#2034,#2035,#2036,#2037,#2038,#2039),(#2040,#2041,#2042,#2043,#2044,#2045,#2046,#2047,#2048,#2049,#2050,#2051,#2052,#2053,#2054,#2055)),.UNSPECIFIED.,.F.,.F.,.U.,(4,3,3,3,3,4),(4,3,3,3,3,4),(5.315128067,5.366890977,5.497790167,5.628689357,5.759588547,5.821999306),(0.009083157,0.009797958,0.009898979,0.01,0.010101021,0.01200001),.UNSPECIFIED.);
#2057=ORIENTED_EDGE('',*,*,#1795,.F.);
#2058=ORIENTED_EDGE('',*,*,#865,.T.);
#2059=CARTESIAN_POINT('',(0.,-5.129334721,1.9869601));
#2060=CARTESIAN_POINT('',(0.379038433,-4.875238267,1.772231461));
#2061=CARTESIAN_POINT('',(0.779295357,-4.629162691,1.589533701));
#2062=CARTESIAN_POINT('',(1.197638399,-4.396288346,1.432259621));
#2063=CARTESIAN_POINT('',(1.406809921,-4.279851174,1.353622581));
#2064=CARTESIAN_POINT('',(1.620279552,-4.166816944,1.281455075));
#2065=CARTESIAN_POINT('',(1.83755774,-4.057714652,1.215044066));
#2066=CARTESIAN_POINT('',(2.054835928,-3.94861236,1.148633057));
#2067=CARTESIAN_POINT('',(2.275126084,-3.843804915,1.088181959));
#2068=CARTESIAN_POINT('',(2.5,-3.742787959,1.032506104));
#2069=B_SPLINE_CURVE_WITH_KNOTS('',3,(#2059,#2060,#2061,#2062,#2063,#2064,#2065,#2066,#2067,#2068),.UNSPECIFIED.,.F.,.F.,(4,3,3,4),(0.,0.001509898,0.002264847,0.003019796),.UNSPECIFIED.);
#2070=EDGE_CURVE('',#1512,#845,#2069,.T.);
#2071=ORIENTED_EDGE('',*,*,#2070,.F.);
#2072=ORIENTED_EDGE('',*,*,#1644,.F.);
#2073=CARTESIAN_POINT('',(-4.460057003,-9.5,2.416838195));
#2074=CARTESIAN_POINT('',(-4.195876186,-9.122664592,2.416838203));
#2075=CARTESIAN_POINT('',(-3.9169592,-8.756869444,2.416838146));
#2076=CARTESIAN_POINT('',(-3.623352521,-8.402578158,2.416838196));
#2077=CARTESIAN_POINT('',(-3.329745841,-8.048286872,2.416838246));
#2078=CARTESIAN_POINT('',(-3.020967646,-7.705080045,2.416838123));
#2079=CARTESIAN_POINT('',(-2.699572754,-7.375796397,2.416838197));
#2080=CARTESIAN_POINT('',(-2.378177862,-7.046512749,2.416838271));
#2081=CARTESIAN_POINT('',(-2.043790889,-6.730619704,2.41683818));
#2082=CARTESIAN_POINT('',(-1.696369423,-6.428160974,2.416838198));
#2083=CARTESIAN_POINT('',(-1.348947957,-6.125702243,2.416838217));
#2084=CARTESIAN_POINT('',(-0.989216298,-5.83738697,2.416838016));
#2085=CARTESIAN_POINT('',(-0.618933379,-5.564520308,2.416838199));
#2086=B_SPLINE_CURVE_WITH_KNOTS('',3,(#2073,#2074,#2075,#2076,#2077,#2078,#2079,#2080,#2081,#2082,#2083,#2084,#2085),.UNSPECIFIED.,.F.,.F.,(4,3,3,3,4),(0.022926277,0.024306164,0.025686051,0.027065939,0.028445826),.UNSPECIFIED.);
#2087=EDGE_CURVE('',#357,#1619,#2086,.T.);
#2088=ORIENTED_EDGE('',*,*,#2087,.F.);
#2089=ORIENTED_EDGE('',*,*,#361,.F.);
#2090=EDGE_LOOP('',(#2057,#2058,#2071,#2072,#2088,#2089));
#2091=FACE_BOUND('',#2090,.T.);
#2092=ADVANCED_FACE('',(#2091),#2056,.F.);
#2093=CARTESIAN_POINT('',(-0.618935956,-5.564516292,2.416830928));
#2094=CARTESIAN_POINT('',(-0.86973442,-5.749329665,2.416830928));
#2095=CARTESIAN_POINT('',(-1.119123794,-5.943744251,2.416830928));
#2096=CARTESIAN_POINT('',(-1.366315694,-6.148118123,2.416830928));
#2097=CARTESIAN_POINT('',(-1.803045381,-6.509198469,2.416830928));
#2098=CARTESIAN_POINT('',(-2.232697616,-6.901228099,2.416830927));
#2099=CARTESIAN_POINT('',(-2.649748573,-7.324951406,2.416830927));
#2100=CARTESIAN_POINT('',(-3.066799531,-7.748674713,2.416830927));
#2101=CARTESIAN_POINT('',(-3.47123244,-8.204110842,2.416830927));
#2102=CARTESIAN_POINT('',(-3.856956619,-8.690797229,2.416830927));
#2103=CARTESIAN_POINT('',(-4.063695854,-8.951649872,2.416830927));
#2104=CARTESIAN_POINT('',(-4.265053426,-9.221484023,2.416830926));
#2105=CARTESIAN_POINT('',(-4.460052575,-9.500003036,2.416830926));
#2106=CARTESIAN_POINT('',(-0.514027926,-5.723480873,2.61117677));
#2107=CARTESIAN_POINT('',(-0.761913227,-5.906371755,2.61117677));
#2108=CARTESIAN_POINT('',(-1.008399641,-6.098755607,2.61117677));
#2109=CARTESIAN_POINT('',(-1.252707397,-6.300986043,2.61117677));
#2110=CARTESIAN_POINT('',(-1.684341483,-6.658279443,2.61117677));
#2111=CARTESIAN_POINT('',(-2.108959373,-7.046171748,2.61117677));
#2112=CARTESIAN_POINT('',(-2.521098612,-7.465395821,2.61117677));
#2113=CARTESIAN_POINT('',(-2.933237851,-7.884619893,2.611176769));
#2114=CARTESIAN_POINT('',(-3.332881847,-8.335194655,2.611176769));
#2115=CARTESIAN_POINT('',(-3.71400833,-8.816659188,2.611176769));
#2116=CARTESIAN_POINT('',(-3.918283307,-9.074713039,2.611176769));
#2117=CARTESIAN_POINT('',(-4.11723163,-9.341644788,2.611176769));
#2118=CARTESIAN_POINT('',(-4.309887639,-9.617160545,2.611176769));
#2119=CARTESIAN_POINT('',(-0.409142086,-5.882461373,2.805521687));
#2120=CARTESIAN_POINT('',(-0.654113931,-6.063430169,2.805521687));
#2121=CARTESIAN_POINT('',(-0.897697078,-6.253783694,2.805521687));
#2122=CARTESIAN_POINT('',(-1.139120367,-6.453871094,2.805521687));
#2123=CARTESIAN_POINT('',(-1.565658282,-6.807378258,2.805521687));
#2124=CARTESIAN_POINT('',(-1.985241205,-7.191133935,2.805521687));
#2125=CARTESIAN_POINT('',(-2.392468054,-7.605859452,2.805521687));
#2126=CARTESIAN_POINT('',(-2.799694902,-8.020584968,2.805521686));
#2127=CARTESIAN_POINT('',(-3.194549261,-8.466299022,2.805521686));
#2128=CARTESIAN_POINT('',(-3.571077274,-8.942542331,2.805521686));
#2129=CARTESIAN_POINT('',(-3.772887578,-9.197797726,2.805521686));
#2130=CARTESIAN_POINT('',(-3.969426223,-9.461827403,2.805521686));
#2131=CARTESIAN_POINT('',(-4.15973865,-9.734340222,2.805521686));
#2132=CARTESIAN_POINT('',(-0.304279594,-6.041458634,2.999865622));
#2133=CARTESIAN_POINT('',(-0.546337678,-6.220505772,2.999865622));
#2134=CARTESIAN_POINT('',(-0.787017234,-6.408829394,2.999865622));
#2135=CARTESIAN_POINT('',(-1.025555716,-6.606774182,2.999865622));
#2136=CARTESIAN_POINT('',(-1.446996857,-6.956495855,2.999865622));
#2137=CARTESIAN_POINT('',(-1.86154416,-7.336115639,2.999865622));
#2138=CARTESIAN_POINT('',(-2.263857911,-7.746343314,2.999865622));
#2139=CARTESIAN_POINT('',(-2.666171662,-8.156570989,2.999865621));
#2140=CARTESIAN_POINT('',(-3.056235622,-8.597425027,2.999865621));
#2141=CARTESIAN_POINT('',(-3.428164351,-9.068447774,2.999865621));
#2142=CARTESIAN_POINT('',(-3.627509545,-9.320905069,2.999865621));
#2143=CARTESIAN_POINT('',(-3.821638059,-9.58203302,2.999865621));
#2144=CARTESIAN_POINT('',(-4.009606437,-9.851543236,2.999865621));
#2145=CARTESIAN_POINT('',(-0.150641381,-6.285670007,3.293855546));
#2146=CARTESIAN_POINT('',(-0.388224082,-6.46190165,3.293855546));
#2147=CARTESIAN_POINT('',(-0.624440136,-6.647245511,3.293855546));
#2148=CARTESIAN_POINT('',(-0.858539896,-6.842039227,3.293855546));
#2149=CARTESIAN_POINT('',(-1.272138864,-7.186193702,3.293855546));
#2150=CARTESIAN_POINT('',(-1.678925205,-7.559713622,3.293855546));
#2151=CARTESIAN_POINT('',(-2.073651774,-7.963289277,3.293855545));
#2152=CARTESIAN_POINT('',(-2.468378342,-8.366864932,3.293855545));
#2153=CARTESIAN_POINT('',(-2.851029158,-8.800514453,3.293855545));
#2154=CARTESIAN_POINT('',(-3.215822451,-9.263780421,3.293855545));
#2155=CARTESIAN_POINT('',(-3.411343216,-9.512080262,3.293855545));
#2156=CARTESIAN_POINT('',(-3.601727195,-9.76889203,3.293855545));
#2157=CARTESIAN_POINT('',(-3.786047833,-10.033931137,3.293855545));
#2158=CARTESIAN_POINT('',(-0.017413664,-6.498596587,3.623414482));
#2159=CARTESIAN_POINT('',(-0.251094303,-6.672386767,3.623414482));
#2160=CARTESIAN_POINT('',(-0.483418288,-6.855146137,3.623414482));
#2161=CARTESIAN_POINT('',(-0.713647183,-7.047206177,3.623414482));
#2162=CARTESIAN_POINT('',(-1.120407248,-7.386530892,3.623414482));
#2163=CARTESIAN_POINT('',(-1.520424246,-7.754757163,3.623414482));
#2164=CARTESIAN_POINT('',(-1.908531575,-8.152558122,3.623414481));
#2165=CARTESIAN_POINT('',(-2.296638904,-8.550359081,3.623414481));
#2166=CARTESIAN_POINT('',(-2.67282081,-8.977752556,3.623414481));
#2167=CARTESIAN_POINT('',(-3.031385769,-9.434281113,3.623414481));
#2168=CARTESIAN_POINT('',(-3.223568291,-9.678969857,3.623414481));
#2169=CARTESIAN_POINT('',(-3.410683239,-9.932032176,3.623414481));
#2170=CARTESIAN_POINT('',(-3.59181878,-10.193186757,3.623414481));
#2171=CARTESIAN_POINT('',(0.090935813,-6.672354894,3.972394257));
#2172=CARTESIAN_POINT('',(-0.139560557,-6.844159517,3.972394257));
#2173=CARTESIAN_POINT('',(-0.368708239,-7.024816713,3.972394257));
#2174=CARTESIAN_POINT('',(-0.595777934,-7.214652926,3.972394257));
#2175=CARTESIAN_POINT('',(-0.996956437,-7.550048663,3.972394257));
#2176=CARTESIAN_POINT('',(-1.391448002,-7.913967678,3.972394257));
#2177=CARTESIAN_POINT('',(-1.774151671,-8.307069011,3.972394257));
#2178=CARTESIAN_POINT('',(-2.156855339,-8.700170344,3.972394256));
#2179=CARTESIAN_POINT('',(-2.52775554,-9.122471577,3.972394256));
#2180=CARTESIAN_POINT('',(-2.881234326,-9.573515152,3.972394256));
#2181=CARTESIAN_POINT('',(-3.070690776,-9.815264072,3.972394256));
#2182=CARTESIAN_POINT('',(-3.255135906,-10.065273687,3.972394256));
#2183=CARTESIAN_POINT('',(-3.433669889,-10.323265335,3.972394256));
#2184=CARTESIAN_POINT('',(0.199285289,-6.846113201,4.321374032));
#2185=CARTESIAN_POINT('',(-0.028026811,-7.015932267,4.321374032));
#2186=CARTESIAN_POINT('',(-0.253998191,-7.194487289,4.321374032));
#2187=CARTESIAN_POINT('',(-0.477908684,-7.382099674,4.321374032));
#2188=CARTESIAN_POINT('',(-0.873505625,-7.713566434,4.321374032));
#2189=CARTESIAN_POINT('',(-1.262471758,-8.073178193,4.321374032));
#2190=CARTESIAN_POINT('',(-1.639771766,-8.4615799,4.321374032));
#2191=CARTESIAN_POINT('',(-2.017071774,-8.849981607,4.321374032));
#2192=CARTESIAN_POINT('',(-2.38269027,-9.267190598,4.321374032));
#2193=CARTESIAN_POINT('',(-2.731082882,-9.712749191,4.321374031));
#2194=CARTESIAN_POINT('',(-2.917813262,-9.951558287,4.321374031));
#2195=CARTESIAN_POINT('',(-3.099588573,-10.198515198,4.321374031));
#2196=CARTESIAN_POINT('',(-3.275520998,-10.453343913,4.321374031));
#2197=CARTESIAN_POINT('',(0.282771923,-6.980687296,4.689423403));
#2198=CARTESIAN_POINT('',(0.057926008,-7.148976429,4.689423403));
#2199=CARTESIAN_POINT('',(-0.165585141,-7.325911314,4.689423403));
#2200=CARTESIAN_POINT('',(-0.387048413,-7.511809447,4.689423403));
#2201=CARTESIAN_POINT('',(-0.778321692,-7.840247529,4.689423403));
#2202=CARTESIAN_POINT('',(-1.1630069,-8.196537957,4.689423403));
#2203=CARTESIAN_POINT('',(-1.536119462,-8.581314665,4.689423403));
#2204=CARTESIAN_POINT('',(-1.909232024,-8.966091372,4.689423403));
#2205=CARTESIAN_POINT('',(-2.270756694,-9.379371506,4.689423403));
#2206=CARTESIAN_POINT('',(-2.615206003,-9.820697154,4.689423403));
#2207=CARTESIAN_POINT('',(-2.799822863,-10.057237491,4.689423403));
#2208=CARTESIAN_POINT('',(-2.97952796,-10.301838242,4.689423403));
#2209=CARTESIAN_POINT('',(-3.153442764,-10.554225427,4.689423403));
#2210=CARTESIAN_POINT('',(0.341466154,-7.075451597,5.059180131));
#2211=CARTESIAN_POINT('',(0.118356876,-7.242665129,5.059180131));
#2212=CARTESIAN_POINT('',(-0.103421781,-7.41846092,5.059180131));
#2213=CARTESIAN_POINT('',(-0.32316167,-7.603153709,5.059180131));
#2214=CARTESIAN_POINT('',(-0.711390139,-7.929462231,5.059180131));
#2215=CARTESIAN_POINT('',(-1.093060467,-8.28341709,5.059180131));
#2216=CARTESIAN_POINT('',(-1.46322379,-8.66564444,5.059180131));
#2217=CARTESIAN_POINT('',(-1.833387114,-9.04787179,5.059180131));
#2218=CARTESIAN_POINT('',(-2.192028286,-9.458388645,5.059180131));
#2219=CARTESIAN_POINT('',(-2.533699888,-9.896736902,5.059180131));
#2220=CARTESIAN_POINT('',(-2.716827962,-10.131681425,5.059180131));
#2221=CARTESIAN_POINT('',(-2.895074707,-10.374624824,5.059180131));
#2222=CARTESIAN_POINT('',(-3.067568136,-10.62529454,5.059180131));
#2223=CARTESIAN_POINT('',(0.400160384,-7.170215897,5.428936859));
#2224=CARTESIAN_POINT('',(0.178787744,-7.33635383,5.428936859));
#2225=CARTESIAN_POINT('',(-0.041258422,-7.511010526,5.428936859));
#2226=CARTESIAN_POINT('',(-0.259274927,-7.69449797,5.428936859));
#2227=CARTESIAN_POINT('',(-0.644458585,-8.018676933,5.428936859));
#2228=CARTESIAN_POINT('',(-1.023114034,-8.370296223,5.428936859));
#2229=CARTESIAN_POINT('',(-1.390328119,-8.749974216,5.428936859));
#2230=CARTESIAN_POINT('',(-1.757542204,-9.129652209,5.428936859));
#2231=CARTESIAN_POINT('',(-2.113299878,-9.537405783,5.428936859));
#2232=CARTESIAN_POINT('',(-2.452193773,-9.972776649,5.428936859));
#2233=CARTESIAN_POINT('',(-2.63383306,-10.20612536,5.428936859));
#2234=CARTESIAN_POINT('',(-2.810621454,-10.447411406,5.428936859));
#2235=CARTESIAN_POINT('',(-2.981693508,-10.696363654,5.428936859));
#2236=CARTESIAN_POINT('',(0.434173629,-7.225332653,5.800163522));
#2237=CARTESIAN_POINT('',(0.21381105,-7.390847277,5.800163522));
#2238=CARTESIAN_POINT('',(-0.005227402,-7.564843768,5.800163522));
#2239=CARTESIAN_POINT('',(-0.222241424,-7.747632504,5.800163522));
#2240=CARTESIAN_POINT('',(-0.605653929,-8.070577016,5.800163522));
#2241=CARTESIAN_POINT('',(-0.982555421,-8.420842128,5.800163522));
#2242=CARTESIAN_POINT('',(-1.348053486,-8.799041664,5.800163522));
#2243=CARTESIAN_POINT('',(-1.71355155,-9.1772412,5.800163522));
#2244=CARTESIAN_POINT('',(-2.067631198,-9.583391959,5.800163522));
#2245=CARTESIAN_POINT('',(-2.404908332,-10.017035503,5.800163522));
#2246=CARTESIAN_POINT('',(-2.585681072,-10.249458409,5.800163522));
#2247=CARTESIAN_POINT('',(-2.761620545,-10.489782866,5.800163522));
#2248=CARTESIAN_POINT('',(-2.931865105,-10.73773856,5.800163522));
#2249=CARTESIAN_POINT('',(0.447085454,-7.246245351,6.158842072));
#2250=CARTESIAN_POINT('',(0.227106118,-7.411523359,6.158842072));
#2251=CARTESIAN_POINT('',(0.008450016,-7.585269233,6.158842072));
#2252=CARTESIAN_POINT('',(-0.208183645,-7.767792743,6.158842072));
#2253=CARTESIAN_POINT('',(-0.590924142,-8.090268662,6.158842072));
#2254=CARTESIAN_POINT('',(-0.967160161,-8.440019749,6.158842072));
#2255=CARTESIAN_POINT('',(-1.332007159,-8.817658102,6.158842072));
#2256=CARTESIAN_POINT('',(-1.696854156,-9.195296454,6.158842072));
#2257=CARTESIAN_POINT('',(-2.050297165,-9.600838843,6.158842072));
#2258=CARTESIAN_POINT('',(-2.38696092,-10.033826774,6.158842072));
#2259=CARTESIAN_POINT('',(-2.567404903,-10.265898287,6.158842072));
#2260=CARTESIAN_POINT('',(-2.743022311,-10.505857772,6.158842072));
#2261=CARTESIAN_POINT('',(-2.912952939,-10.753435228,6.158842072));
#2262=CARTESIAN_POINT('',(0.45999728,-7.267158048,6.517520621));
#2263=CARTESIAN_POINT('',(0.240401187,-7.43219944,6.517520621));
#2264=CARTESIAN_POINT('',(0.022127433,-7.605694698,6.517520621));
#2265=CARTESIAN_POINT('',(-0.194125867,-7.787952981,6.517520621));
#2266=CARTESIAN_POINT('',(-0.576194355,-8.109960307,6.517520621));
#2267=CARTESIAN_POINT('',(-0.951764901,-8.45919737,6.517520621));
#2268=CARTESIAN_POINT('',(-1.315960832,-8.83627454,6.517520621));
#2269=CARTESIAN_POINT('',(-1.680156762,-9.213351709,6.517520621));
#2270=CARTESIAN_POINT('',(-2.032963133,-9.618285726,6.517520621));
#2271=CARTESIAN_POINT('',(-2.369013508,-10.050618044,6.517520621));
#2272=CARTESIAN_POINT('',(-2.549128734,-10.282338164,6.517520621));
#2273=CARTESIAN_POINT('',(-2.724424076,-10.521932678,6.517520621));
#2274=CARTESIAN_POINT('',(-2.894040772,-10.769131896,6.517520621));
#2275=CARTESIAN_POINT('',(0.451931583,-7.254080924,6.863599088));
#2276=CARTESIAN_POINT('',(0.232095841,-7.419270124,6.863599088));
#2277=CARTESIAN_POINT('',(0.013582993,-7.592921943,6.863599088));
#2278=CARTESIAN_POINT('',(-0.202908163,-7.77534592,6.863599088));
#2279=CARTESIAN_POINT('',(-0.585396887,-8.09764599,6.863599088));
#2280=CARTESIAN_POINT('',(-0.961383596,-8.447204199,6.863599088));
#2281=CARTESIAN_POINT('',(-1.325986698,-8.824632,6.863599088));
#2282=CARTESIAN_POINT('',(-1.6905898,-9.202059801,6.863599088));
#2283=CARTESIAN_POINT('',(-2.043794335,-9.607373953,6.863599088));
#2284=CARTESIAN_POINT('',(-2.380228348,-10.040115945,6.863599088));
#2285=CARTESIAN_POINT('',(-2.560549195,-10.272055641,6.863599088));
#2286=CARTESIAN_POINT('',(-2.736045979,-10.511878221,6.863599088));
#2287=CARTESIAN_POINT('',(-2.905859036,-10.759313801,6.863599088));
#2288=CARTESIAN_POINT('',(0.428139429,-7.215568281,7.188569171));
#2289=CARTESIAN_POINT('',(0.20759791,-7.381193484,7.188569171));
#2290=CARTESIAN_POINT('',(-0.011619062,-7.555307093,7.188569171));
#2291=CARTESIAN_POINT('',(-0.228810673,-7.738219771,7.188569171));
#2292=CARTESIAN_POINT('',(-0.612536936,-8.061383258,7.188569172));
#2293=CARTESIAN_POINT('',(-0.989749126,-8.411888563,7.188569172));
#2294=CARTESIAN_POINT('',(-1.35555115,-8.790350312,7.188569172));
#2295=CARTESIAN_POINT('',(-1.721353174,-9.168812061,7.188569172));
#2296=CARTESIAN_POINT('',(-2.075730034,-9.575247069,7.188569172));
#2297=CARTESIAN_POINT('',(-2.413293509,-10.009196921,7.188569172));
#2298=CARTESIAN_POINT('',(-2.594219722,-10.241784001,7.188569172));
#2299=CARTESIAN_POINT('',(-2.770309539,-10.482278972,7.188569172));
#2300=CARTESIAN_POINT('',(-2.940700642,-10.730411374,7.188569172));
#2301=CARTESIAN_POINT('',(0.404347275,-7.177055639,7.513539255));
#2302=CARTESIAN_POINT('',(0.183099979,-7.343116845,7.513539255));
#2303=CARTESIAN_POINT('',(-0.036821117,-7.517692244,7.513539255));
#2304=CARTESIAN_POINT('',(-0.254713183,-7.701093622,7.513539255));
#2305=CARTESIAN_POINT('',(-0.639676986,-8.025120527,7.513539255));
#2306=CARTESIAN_POINT('',(-1.018114655,-8.376572926,7.513539255));
#2307=CARTESIAN_POINT('',(-1.385115602,-8.756068624,7.513539255));
#2308=CARTESIAN_POINT('',(-1.752116549,-9.135564321,7.513539256));
#2309=CARTESIAN_POINT('',(-2.107665734,-9.543120185,7.513539256));
#2310=CARTESIAN_POINT('',(-2.44635867,-9.978277896,7.513539256));
#2311=CARTESIAN_POINT('',(-2.627890248,-10.211512361,7.513539256));
#2312=CARTESIAN_POINT('',(-2.8045731,-10.452679723,7.513539256));
#2313=CARTESIAN_POINT('',(-2.975542249,-10.701508948,7.513539256));
#2314=CARTESIAN_POINT('',(0.364913667,-7.113263969,7.817478974));
#2315=CARTESIAN_POINT('',(0.142497334,-7.280047815,7.817478974));
#2316=CARTESIAN_POINT('',(-0.078590047,-7.455388576,7.817478974));
#2317=CARTESIAN_POINT('',(-0.297642309,-7.639599893,7.817478974));
#2318=CARTESIAN_POINT('',(-0.684655904,-7.96505777,7.817478974));
#2319=CARTESIAN_POINT('',(-1.065123349,-8.318079761,7.817478974));
#2320=CARTESIAN_POINT('',(-1.434110035,-8.699288925,7.817478974));
#2321=CARTESIAN_POINT('',(-1.80309672,-9.08049809,7.817478974));
#2322=CARTESIAN_POINT('',(-2.160587539,-9.489911385,7.817478974));
#2323=CARTESIAN_POINT('',(-2.50115106,-9.927070644,7.817478975));
#2324=CARTESIAN_POINT('',(-2.683685227,-10.161377893,7.817478975));
#2325=CARTESIAN_POINT('',(-2.861350228,-10.403659459,7.817478975));
#2326=CARTESIAN_POINT('',(-3.033276683,-10.653643356,7.817478975));
#2327=CARTESIAN_POINT('',(0.315168609,-7.033009197,8.09710595));
#2328=CARTESIAN_POINT('',(0.091281539,-7.200704645,8.09710595));
#2329=CARTESIAN_POINT('',(-0.13127305,-7.377010791,8.09710595));
#2330=CARTESIAN_POINT('',(-0.351784786,-7.562243609,8.09710595));
#2331=CARTESIAN_POINT('',(-0.741376925,-7.889506236,8.09710595));
#2332=CARTESIAN_POINT('',(-1.124397503,-8.244507473,8.09710595));
#2333=CARTESIAN_POINT('',(-1.495881656,-8.627876956,8.09710595));
#2334=CARTESIAN_POINT('',(-1.867365809,-9.01124644,8.09710595));
#2335=CARTESIAN_POINT('',(-2.227298349,-9.423001243,8.09710595));
#2336=CARTESIAN_POINT('',(-2.570213916,-9.862683345,8.09710595));
#2337=CARTESIAN_POINT('',(-2.754008727,-10.098342779,8.09710595));
#2338=CARTESIAN_POINT('',(-2.932908571,-10.34202865,8.09710595));
#2339=CARTESIAN_POINT('',(-3.106038533,-10.593467764,8.097105951));
#2340=CARTESIAN_POINT('',(0.265423551,-6.952754425,8.376732926));
#2341=CARTESIAN_POINT('',(0.040065743,-7.121361475,8.376732926));
#2342=CARTESIAN_POINT('',(-0.183956054,-7.298633006,8.376732926));
#2343=CARTESIAN_POINT('',(-0.405927263,-7.484887325,8.376732926));
#2344=CARTESIAN_POINT('',(-0.798097947,-7.813954702,8.376732926));
#2345=CARTESIAN_POINT('',(-1.183671656,-8.170935185,8.376732926));
#2346=CARTESIAN_POINT('',(-1.557653277,-8.556464988,8.376732926));
#2347=CARTESIAN_POINT('',(-1.931634899,-8.94199479,8.376732926));
#2348=CARTESIAN_POINT('',(-2.294009159,-9.3560911,8.376732926));
#2349=CARTESIAN_POINT('',(-2.639276773,-9.798296045,8.376732926));
#2350=CARTESIAN_POINT('',(-2.824332226,-10.035307665,8.376732926));
#2351=CARTESIAN_POINT('',(-3.004466914,-10.280397842,8.376732926));
#2352=CARTESIAN_POINT('',(-3.178800382,-10.533292171,8.376732926));
#2353=CARTESIAN_POINT('',(0.205405091,-6.856105773,8.63216469));
#2354=CARTESIAN_POINT('',(-0.021723887,-7.025812691,8.63216469));
#2355=CARTESIAN_POINT('',(-0.247512546,-7.204248888,8.63216469));
#2356=CARTESIAN_POINT('',(-0.471241242,-7.391735479,8.63216469));
#2357=CARTESIAN_POINT('',(-0.866516989,-7.722979991,8.63216469));
#2358=CARTESIAN_POINT('',(-1.255164966,-8.08234783,8.63216469));
#2359=CARTESIAN_POINT('',(-1.632153605,-8.47048311,8.63216469));
#2360=CARTESIAN_POINT('',(-2.009142244,-8.858618389,8.63216469));
#2361=CARTESIAN_POINT('',(-2.374456168,-9.275538431,8.63216469));
#2362=CARTESIAN_POINT('',(-2.722555216,-9.72078551,8.63216469));
#2363=CARTESIAN_POINT('',(-2.909128252,-9.959427644,8.63216469));
#2364=CARTESIAN_POINT('',(-3.090749387,-10.206211106,8.632164691));
#2365=CARTESIAN_POINT('',(-3.26653149,-10.460860033,8.632164691));
#2366=CARTESIAN_POINT('',(0.139606329,-6.750454996,8.863800921));
#2367=CARTESIAN_POINT('',(-0.089458789,-6.921367708,8.863800921));
#2368=CARTESIAN_POINT('',(-0.317178786,-7.101080585,8.863800921));
#2369=CARTESIAN_POINT('',(-0.542828465,-7.289917805,8.863800921));
#2370=CARTESIAN_POINT('',(-0.941498138,-7.623548559,8.863800921));
#2371=CARTESIAN_POINT('',(-1.33350605,-7.985532586,8.863800921));
#2372=CARTESIAN_POINT('',(-1.71378074,-8.376522585,8.863800921));
#2373=CARTESIAN_POINT('',(-2.094055431,-8.767512585,8.863800921));
#2374=CARTESIAN_POINT('',(-2.462581412,-9.187526028,8.863800921));
#2375=CARTESIAN_POINT('',(-2.8137738,-9.636105292,8.863800921));
#2376=CARTESIAN_POINT('',(-3.002004795,-9.876533399,8.863800922));
#2377=CARTESIAN_POINT('',(-3.185249735,-10.125171466,8.863800922));
#2378=CARTESIAN_POINT('',(-3.36261419,-10.38174202,8.863800922));
#2379=CARTESIAN_POINT('',(0.073807568,-6.644804218,9.095437152));
#2380=CARTESIAN_POINT('',(-0.157193691,-6.816922725,9.095437152));
#2381=CARTESIAN_POINT('',(-0.386845026,-6.997912281,9.095437152));
#2382=CARTESIAN_POINT('',(-0.614415689,-7.18810013,9.095437152));
#2383=CARTESIAN_POINT('',(-1.016479286,-7.524117126,9.095437152));
#2384=CARTESIAN_POINT('',(-1.411847133,-7.888717341,9.095437152));
#2385=CARTESIAN_POINT('',(-1.795407876,-8.282562061,9.095437152));
#2386=CARTESIAN_POINT('',(-2.178968618,-8.67640678,9.095437152));
#2387=CARTESIAN_POINT('',(-2.550706655,-9.099513626,9.095437152));
#2388=CARTESIAN_POINT('',(-2.904992384,-9.551425074,9.095437153));
#2389=CARTESIAN_POINT('',(-3.094881338,-9.793639155,9.095437153));
#2390=CARTESIAN_POINT('',(-3.279750082,-10.044131826,9.095437153));
#2391=CARTESIAN_POINT('',(-3.45869689,-10.302624006,9.095437153));
#2392=CARTESIAN_POINT('',(0.002233326,-6.530157975,9.303377618));
#2393=CARTESIAN_POINT('',(-0.230868923,-6.703588114,9.303377618));
#2394=CARTESIAN_POINT('',(-0.462615949,-6.885966271,9.303377618));
#2395=CARTESIAN_POINT('',(-0.692270973,-7.077623008,9.303377618));
#2396=CARTESIAN_POINT('',(-1.098017143,-7.416235182,9.303377618));
#2397=CARTESIAN_POINT('',(-1.497030384,-7.783680227,9.303377618));
#2398=CARTESIAN_POINT('',(-1.88415601,-8.180628707,9.303377618));
#2399=CARTESIAN_POINT('',(-2.271281635,-8.577577187,9.303377618));
#2400=CARTESIAN_POINT('',(-2.646503924,-9.004046885,9.303377618));
#2401=CARTESIAN_POINT('',(-3.00414471,-9.459580336,9.303377618));
#2402=CARTESIAN_POINT('',(-3.195831897,-9.703735726,9.303377618));
#2403=CARTESIAN_POINT('',(-3.382461707,-9.956244189,9.303377618));
#2404=CARTESIAN_POINT('',(-3.563124488,-10.216824892,9.303377618));
#2405=CARTESIAN_POINT('',(-0.071764644,-6.411949089,9.490041189));
#2406=CARTESIAN_POINT('',(-0.307033173,-6.586735277,9.490041189));
#2407=CARTESIAN_POINT('',(-0.540940912,-6.770548895,9.490041189));
#2408=CARTESIAN_POINT('',(-0.772744859,-6.963723925,9.490041189));
#2409=CARTESIAN_POINT('',(-1.182287668,-7.305018564,9.490041189));
#2410=CARTESIAN_POINT('',(-1.585058871,-7.675403633,9.490041189));
#2411=CARTESIAN_POINT('',(-1.975859058,-8.075559215,9.490041189));
#2412=CARTESIAN_POINT('',(-2.366659245,-8.475714796,9.490041189));
#2413=CARTESIAN_POINT('',(-2.745472572,-8.905658841,9.490041189));
#2414=CARTESIAN_POINT('',(-3.106570762,-9.364933881,9.490041189));
#2415=CARTESIAN_POINT('',(-3.300111037,-9.611094677,9.490041189));
#2416=CARTESIAN_POINT('',(-3.48855549,-9.865685356,9.490041189));
#2417=CARTESIAN_POINT('',(-3.670986295,-10.128423264,9.490041189));
#2418=CARTESIAN_POINT('',(-0.145762614,-6.293740203,9.67670476));
#2419=CARTESIAN_POINT('',(-0.383197422,-6.46988244,9.67670476));
#2420=CARTESIAN_POINT('',(-0.619265876,-6.65513152,9.67670476));
#2421=CARTESIAN_POINT('',(-0.853218745,-6.849824843,9.67670476));
#2422=CARTESIAN_POINT('',(-1.266558193,-7.193801946,9.67670476));
#2423=CARTESIAN_POINT('',(-1.673087357,-7.567127039,9.67670476));
#2424=CARTESIAN_POINT('',(-2.067562107,-7.970489722,9.67670476));
#2425=CARTESIAN_POINT('',(-2.462036856,-8.373852405,9.67670476));
#2426=CARTESIAN_POINT('',(-2.84444122,-8.807270797,9.67670476));
#2427=CARTESIAN_POINT('',(-3.208996814,-9.270287427,9.67670476));
#2428=CARTESIAN_POINT('',(-3.404390177,-9.518453628,9.67670476));
#2429=CARTESIAN_POINT('',(-3.594649274,-9.775126523,9.67670476));
#2430=CARTESIAN_POINT('',(-3.778848102,-10.040021637,9.67670476));
#2431=CARTESIAN_POINT('',(-0.222195966,-6.171946349,9.842156472));
#2432=CARTESIAN_POINT('',(-0.461862751,-6.349489265,9.842156472));
#2433=CARTESIAN_POINT('',(-0.700157351,-6.536220895,9.842156472));
#2434=CARTESIAN_POINT('',(-0.936324114,-6.732482159,9.842156472));
#2435=CARTESIAN_POINT('',(-1.353574986,-7.079229443,9.842156472));
#2436=CARTESIAN_POINT('',(-1.763975399,-7.455590229,9.842156472));
#2437=CARTESIAN_POINT('',(-2.162235097,-7.862263881,9.842156472));
#2438=CARTESIAN_POINT('',(-2.560494794,-8.268937533,9.842156472));
#2439=CARTESIAN_POINT('',(-2.946597677,-8.70594234,9.842156472));
#2440=CARTESIAN_POINT('',(-3.314713695,-9.172820773,9.842156472));
#2441=CARTESIAN_POINT('',(-3.512015364,-9.423056811,9.842156472));
#2442=CARTESIAN_POINT('',(-3.704143037,-9.681878693,9.842156472));
#2443=CARTESIAN_POINT('',(-3.890162288,-9.94900006,9.842156472));
#2444=CARTESIAN_POINT('',(-0.298788698,-6.050187029,9.989596008));
#2445=CARTESIAN_POINT('',(-0.540686826,-6.229133544,9.989596008));
#2446=CARTESIAN_POINT('',(-0.781206851,-6.417350672,9.989596008));
#2447=CARTESIAN_POINT('',(-1.019586688,-6.615182842,9.989596008));
#2448=CARTESIAN_POINT('',(-1.440747541,-6.964705547,9.989596008));
#2449=CARTESIAN_POINT('',(-1.855017457,-7.344107326,9.989596008));
#2450=CARTESIAN_POINT('',(-2.257060032,-7.754097261,9.989596008));
#2451=CARTESIAN_POINT('',(-2.659102606,-8.164087195,9.989596008));
#2452=CARTESIAN_POINT('',(-3.04890161,-8.604683746,9.989596008));
#2453=CARTESIAN_POINT('',(-3.420575307,-9.075429268,9.989596008));
#2454=CARTESIAN_POINT('',(-3.61978381,-9.327737977,9.989596008));
#2455=CARTESIAN_POINT('',(-3.813778489,-9.588711669,9.989596008));
#2456=CARTESIAN_POINT('',(-4.00161649,-9.858062088,9.989596008));
#2457=CARTESIAN_POINT('',(-0.298788786,-6.050186895,9.989596173));
#2458=CARTESIAN_POINT('',(-0.540686917,-6.229133412,9.989596173));
#2459=CARTESIAN_POINT('',(-0.781206945,-6.417350541,9.989596173));
#2460=CARTESIAN_POINT('',(-1.019586784,-6.615182713,9.989596173));
#2461=CARTESIAN_POINT('',(-1.440747641,-6.964705421,9.989596173));
#2462=CARTESIAN_POINT('',(-1.855017561,-7.344107204,9.989596173));
#2463=CARTESIAN_POINT('',(-2.25706014,-7.754097142,9.989596173));
#2464=CARTESIAN_POINT('',(-2.659102719,-8.164087081,9.989596173));
#2465=CARTESIAN_POINT('',(-3.048901726,-8.604683636,9.989596173));
#2466=CARTESIAN_POINT('',(-3.420575428,-9.075429162,9.989596173));
#2467=CARTESIAN_POINT('',(-3.619783933,-9.327737873,9.989596173));
#2468=CARTESIAN_POINT('',(-3.813778613,-9.588711567,9.989596173));
#2469=CARTESIAN_POINT('',(-4.001616617,-9.858061989,9.989596173));
#2470=CARTESIAN_POINT('',(-0.298788874,-6.050186761,9.989596337));
#2471=CARTESIAN_POINT('',(-0.540687008,-6.229133279,9.989596337));
#2472=CARTESIAN_POINT('',(-0.781207038,-6.41735041,9.989596337));
#2473=CARTESIAN_POINT('',(-1.01958688,-6.615182584,9.989596337));
#2474=CARTESIAN_POINT('',(-1.440747741,-6.964705296,9.989596337));
#2475=CARTESIAN_POINT('',(-1.855017665,-7.344107082,9.989596337));
#2476=CARTESIAN_POINT('',(-2.257060248,-7.754097024,9.989596337));
#2477=CARTESIAN_POINT('',(-2.659102831,-8.164086966,9.989596337));
#2478=CARTESIAN_POINT('',(-3.048901843,-8.604683525,9.989596337));
#2479=CARTESIAN_POINT('',(-3.420575548,-9.075429056,9.989596337));
#2480=CARTESIAN_POINT('',(-3.619784055,-9.32773777,9.989596337));
#2481=CARTESIAN_POINT('',(-3.813778738,-9.588711466,9.989596337));
#2482=CARTESIAN_POINT('',(-4.001616743,-9.85806189,9.989596337));
#2483=CARTESIAN_POINT('',(-0.298788963,-6.050186627,9.989596502));
#2484=CARTESIAN_POINT('',(-0.540687099,-6.229133147,9.989596502));
#2485=CARTESIAN_POINT('',(-0.781207131,-6.41735028,9.989596502));
#2486=CARTESIAN_POINT('',(-1.019586975,-6.615182455,9.989596502));
#2487=CARTESIAN_POINT('',(-1.440747841,-6.96470517,9.989596502));
#2488=CARTESIAN_POINT('',(-1.85501777,-7.34410696,9.989596502));
#2489=CARTESIAN_POINT('',(-2.257060357,-7.754096906,9.989596502));
#2490=CARTESIAN_POINT('',(-2.659102944,-8.164086851,9.989596502));
#2491=CARTESIAN_POINT('',(-3.048901959,-8.604683415,9.989596502));
#2492=CARTESIAN_POINT('',(-3.420575668,-9.07542895,9.989596502));
#2493=CARTESIAN_POINT('',(-3.619784178,-9.327737666,9.989596502));
#2494=CARTESIAN_POINT('',(-3.813778862,-9.588711365,9.989596502));
#2495=CARTESIAN_POINT('',(-4.00161687,-9.858061792,9.989596502));
#2496=B_SPLINE_SURFACE_WITH_KNOTS('',3,3,((#2093,#2094,#2095,#2096,#2097,#2098,#2099,#2100,#2101,#2102,#2103,#2104,#2105),(#2106,#2107,#2108,#2109,#2110,#2111,#2112,#2113,#2114,#2115,#2116,#2117,#2118),(#2119,#2120,#2121,#2122,#2123,#2124,#2125,#2126,#2127,#2128,#2129,#2130,#2131),(#2132,#2133,#2134,#2135,#2136,#2137,#2138,#2139,#2140,#2141,#2142,#2143,#2144),(#2145,#2146,#2147,#2148,#2149,#2150,#2151,#2152,#2153,#2154,#2155,#2156,#2157),(#2158,#2159,#2160,#2161,#2162,#2163,#2164,#2165,#2166,#2167,#2168,#2169,#2170),(#2171,#2172,#2173,#2174,#2175,#2176,#2177,#2178,#2179,#2180,#2181,#2182,#2183),(#2184,#2185,#2186,#2187,#2188,#2189,#2190,#2191,#2192,#2193,#2194,#2195,#2196),(#2197,#2198,#2199,#2200,#2201,#2202,#2203,#2204,#2205,#2206,#2207,#2208,#2209),(#2210,#2211,#2212,#2213,#2214,#2215,#2216,#2217,#2218,#2219,#2220,#2221,#2222),(#2223,#2224,#2225,#2226,#2227,#2228,#2229,#2230,#2231,#2232,#2233,#2234,#2235),(#2236,#2237,#2238,#2239,#2240,#2241,#2242,#2243,#2244,#2245,#2246,#2247,#2248),(#2249,#2250,#2251,#2252,#2253,#2254,#2255,#2256,#2257,#2258,#2259,#2260,#2261),(#2262,#2263,#2264,#2265,#2266,#2267,#2268,#2269,#2270,#2271,#2272,#2273,#2274),(#2275,#2276,#2277,#2278,#2279,#2280,#2281,#2282,#2283,#2284,#2285,#2286,#2287),(#2288,#2289,#2290,#2291,#2292,#2293,#2294,#2295,#2296,#2297,#2298,#2299,#2300),(#2301,#2302,#2303,#2304,#2305,#2306,#2307,#2308,#2309,#2310,#2311,#2312,#2313),(#2314,#2315,#2316,#2317,#2318,#2319,#2320,#2321,#2322,#2323,#2324,#2325,#2326),(#2327,#2328,#2329,#2330,#2331,#2332,#2333,#2334,#2335,#2336,#2337,#2338,#2339),(#2340,#2341,#2342,#2343,#2344,#2345,#2346,#2347,#2348,#2349,#2350,#2351,#2352),(#2353,#2354,#2355,#2356,#2357,#2358,#2359,#2360,#2361,#2362,#2363,#2364,#2365),(#2366,#2367,#2368,#2369,#2370,#2371,#2372,#2373,#2374,#2375,#2376,#2377,#2378),(#2379,#2380,#2381,#2382,#2383,#2384,#2385,#2386,#2387,#2388,#2389,#2390,#2391),(#2392,#2393,#2394,#2395,#2396,#2397,#2398,#2399,#2400,#2401,#2402,#2403,#2404),(#2405,#2406,#2407,#2408,#2409,#2410,#2411,#2412,#2413,#2414,#2415,#2416,#2417),(#2418,#2419,#2420,#2421,#2422,#2423,#2424,#2425,#2426,#2427,#2428,#2429,#2430),
(#2431,#2432,#2433,#2434,#2435,#2436,#2437,#2438,#2439,#2440,#2441,#2442,#2443),(#2444,#2445,#2446,#2447,#2448,#2449,#2450,#2451,#2452,#2453,#2454,#2455,#2456),(#2457,#2458,#2459,#2460,#2461,#2462,#2463,#2464,#2465,#2466,#2467,#2468,#2469),(#2470,#2471,#2472,#2473,#2474,#2475,#2476,#2477,#2478,#2479,#2480,#2481,#2482),(#2483,#2484,#2485,#2486,#2487,#2488,#2489,#2490,#2491,#2492,#2493,#2494,#2495)),.UNSPECIFIED.,.F.,.F.,.U.,(4,3,3,3,3,3,3,3,3,3,4),(4,3,3,3,4),(0.738340355,0.752919783,0.78380481,0.814689837,0.845574864,0.876459891,0.907344919,0.938229946,0.969114973,1.,1.000000025),(0.616157426,0.62500125,0.640626198,0.656251146,0.664625756),.UNSPECIFIED.);
#2497=ORIENTED_EDGE('',*,*,#409,.T.);
#2498=ORIENTED_EDGE('',*,*,#2087,.T.);
#2499=ORIENTED_EDGE('',*,*,#1634,.T.);
#2500=ORIENTED_EDGE('',*,*,#960,.T.);
#2501=ORIENTED_EDGE('',*,*,#790,.T.);
#2502=ORIENTED_EDGE('',*,*,#1037,.F.);
#2503=ORIENTED_EDGE('',*,*,#1767,.F.);
#2504=EDGE_LOOP('',(#2497,#2498,#2499,#2500,#2501,#2502,#2503));
#2505=FACE_BOUND('',#2504,.T.);
#2506=ADVANCED_FACE('',(#2505),#2496,.T.);
#2507=CARTESIAN_POINT('',(-3.966625842,9.808375288,9.989594353));
#2508=CARTESIAN_POINT('',(-3.469644143,9.101563375,9.989594457));
#2509=CARTESIAN_POINT('',(-2.928223585,8.449848597,9.989594567));
#2510=CARTESIAN_POINT('',(-2.358509715,7.858475695,9.989594677));
#2511=CARTESIAN_POINT('',(-2.240938566,7.736434799,9.989594699));
#2512=CARTESIAN_POINT('',(-2.122176855,7.616953616,9.989594722));
#2513=CARTESIAN_POINT('',(-2.002350439,7.500016557,9.989594744));
#2514=CARTESIAN_POINT('',(-3.96957185,9.80662022,9.993109224));
#2515=CARTESIAN_POINT('',(-3.472497651,9.099653369,9.993109187));
#2516=CARTESIAN_POINT('',(-2.93097448,8.447794452,9.993109147));
#2517=CARTESIAN_POINT('',(-2.361151171,7.856289546,9.993109107));
#2518=CARTESIAN_POINT('',(-2.243557437,7.734221408,9.993109099));
#2519=CARTESIAN_POINT('',(-2.124772854,7.614713499,9.993109091));
#2520=CARTESIAN_POINT('',(-2.004923305,7.497750227,9.993109083));
#2521=CARTESIAN_POINT('',(-3.972525242,9.804860772,9.996622564));
#2522=CARTESIAN_POINT('',(-3.475358399,9.097738534,9.996622492));
#2523=CARTESIAN_POINT('',(-2.933732437,8.445735038,9.996622415));
#2524=CARTESIAN_POINT('',(-2.363799484,7.854097709,9.996622339));
#2525=CARTESIAN_POINT('',(-2.246183124,7.732002243,9.996622323));
#2526=CARTESIAN_POINT('',(-2.127375625,7.612467522,9.996622307));
#2527=CARTESIAN_POINT('',(-2.007502898,7.495477952,9.996622292));
#2528=CARTESIAN_POINT('',(-3.975486095,9.803096931,10.000134348));
#2529=CARTESIAN_POINT('',(-3.47822646,9.095818854,10.000134347));
#2530=CARTESIAN_POINT('',(-2.936497532,8.443670337,10.000134345));
#2531=CARTESIAN_POINT('',(-2.366454728,7.851900164,10.000134343));
#2532=CARTESIAN_POINT('',(-2.248815697,7.729777283,10.000134342));
#2533=CARTESIAN_POINT('',(-2.129985238,7.610215664,10.000134342));
#2534=CARTESIAN_POINT('',(-2.010089288,7.493199711,10.000134342));
#2535=CARTESIAN_POINT('',(-3.979573927,9.800541035,10.005053726));
#2536=CARTESIAN_POINT('',(-3.482179754,9.093047859,10.005053725));
#2537=CARTESIAN_POINT('',(-2.940302385,8.440699695,10.005053723));
#2538=CARTESIAN_POINT('',(-2.37010189,7.848747119,10.005053721));
#2539=CARTESIAN_POINT('',(-2.252430317,7.726586596,10.00505372));
#2540=CARTESIAN_POINT('',(-2.133566926,7.606988066,10.00505372));
#2541=CARTESIAN_POINT('',(-2.013637692,7.489935932,10.00505372));
#2542=CARTESIAN_POINT('',(-3.983661748,9.797985121,10.009973105));
#2543=CARTESIAN_POINT('',(-3.486133034,9.090276846,10.009973104));
#2544=CARTESIAN_POINT('',(-2.944107224,8.437729035,10.009973102));
#2545=CARTESIAN_POINT('',(-2.373749038,7.845594058,10.0099731));
#2546=CARTESIAN_POINT('',(-2.256044922,7.723395893,10.009973099));
#2547=CARTESIAN_POINT('',(-2.137148599,7.603760453,10.009973099));
#2548=CARTESIAN_POINT('',(-2.01718608,7.486672138,10.009973099));
#2549=CARTESIAN_POINT('',(-3.987749556,9.795429189,10.014892485));
#2550=CARTESIAN_POINT('',(-3.4900863,9.087505816,10.014892483));
#2551=CARTESIAN_POINT('',(-2.947912048,8.43475836,10.014892482));
#2552=CARTESIAN_POINT('',(-2.37739617,7.842440982,10.01489248));
#2553=CARTESIAN_POINT('',(-2.259659512,7.720205175,10.014892479));
#2554=CARTESIAN_POINT('',(-2.140730257,7.600532825,10.014892479));
#2555=CARTESIAN_POINT('',(-2.020734453,7.483408328,10.014892478));
#2556=CARTESIAN_POINT('',(-4.145151648,9.697012377,10.204314454));
#2557=CARTESIAN_POINT('',(-3.642307843,8.980806604,10.204314452));
#2558=CARTESIAN_POINT('',(-3.094417789,8.320371733,10.20431445));
#2559=CARTESIAN_POINT('',(-2.517829942,7.721030968,10.204314448));
#2560=CARTESIAN_POINT('',(-2.398840219,7.597345753,10.204314448));
#2561=CARTESIAN_POINT('',(-2.2786429,7.476252169,10.204314447));
#2562=CARTESIAN_POINT('',(-2.157365462,7.357734514,10.204314447));
#2563=CARTESIAN_POINT('',(-4.30253557,9.598569066,10.393737605));
#2564=CARTESIAN_POINT('',(-3.794509822,8.874081849,10.393737604));
#2565=CARTESIAN_POINT('',(-3.240902677,8.205960607,10.393737602));
#2566=CARTESIAN_POINT('',(-2.658241692,7.599597557,10.3937376));
#2567=CARTESIAN_POINT('',(-2.537998663,7.474463162,10.3937376));
#2568=CARTESIAN_POINT('',(-2.416533043,7.351948574,10.393737599));
#2569=CARTESIAN_POINT('',(-2.29397374,7.232037991,10.393737599));
#2570=CARTESIAN_POINT('',(-4.459903235,9.500101976,10.58316178));
#2571=CARTESIAN_POINT('',(-3.946694293,8.767334171,10.583161778));
#2572=CARTESIAN_POINT('',(-3.387368902,8.091527494,10.583161776));
#2573=CARTESIAN_POINT('',(-2.798633728,7.478143144,10.583161774));
#2574=CARTESIAN_POINT('',(-2.677137176,7.351559772,10.583161774));
#2575=CARTESIAN_POINT('',(-2.554403043,7.227624385,10.583161773));
#2576=CARTESIAN_POINT('',(-2.430561667,7.106321083,10.583161773));
#2577=CARTESIAN_POINT('',(-4.459936194,9.500081353,10.583201452));
#2578=CARTESIAN_POINT('',(-3.946726166,8.767311814,10.583201451));
#2579=CARTESIAN_POINT('',(-3.387399577,8.091503527,10.583201449));
#2580=CARTESIAN_POINT('',(-2.798663131,7.478117707,10.583201447));
#2581=CARTESIAN_POINT('',(-2.677166317,7.351534031,10.583201446));
#2582=CARTESIAN_POINT('',(-2.554431918,7.227598347,10.583201446));
#2583=CARTESIAN_POINT('',(-2.430590274,7.106294753,10.583201446));
#2584=CARTESIAN_POINT('',(-4.459969153,9.50006073,10.583241125));
#2585=CARTESIAN_POINT('',(-3.94675804,8.767289457,10.583241123));
#2586=CARTESIAN_POINT('',(-3.387430253,8.09147956,10.583241121));
#2587=CARTESIAN_POINT('',(-2.798692535,7.478092269,10.583241119));
#2588=CARTESIAN_POINT('',(-2.677195458,7.35150829,10.583241119));
#2589=CARTESIAN_POINT('',(-2.554460793,7.227572309,10.583241119));
#2590=CARTESIAN_POINT('',(-2.430618881,7.106268423,10.583241118));
#2591=CARTESIAN_POINT('',(-4.460002112,9.500040108,10.583280798));
#2592=CARTESIAN_POINT('',(-3.946789913,8.7672671,10.583280796));
#2593=CARTESIAN_POINT('',(-3.387460929,8.091455594,10.583280794));
#2594=CARTESIAN_POINT('',(-2.798721938,7.478066832,10.583280792));
#2595=CARTESIAN_POINT('',(-2.677224599,7.35148255,10.583280792));
#2596=CARTESIAN_POINT('',(-2.554489668,7.227546271,10.583280791));
#2597=CARTESIAN_POINT('',(-2.430647487,7.106242093,10.583280791));
#2598=B_SPLINE_SURFACE_WITH_KNOTS('',3,3,((#2507,#2508,#2509,#2510,#2511,#2512,#2513),(#2514,#2515,#2516,#2517,#2518,#2519,#2520),(#2521,#2522,#2523,#2524,#2525,#2526,#2527),(#2528,#2529,#2530,#2531,#2532,#2533,#2534),(#2535,#2536,#2537,#2538,#2539,#2540,#2541),(#2542,#2543,#2544,#2545,#2546,#2547,#2548),(#2549,#2550,#2551,#2552,#2553,#2554,#2555),(#2556,#2557,#2558,#2559,#2560,#2561,#2562),(#2563,#2564,#2565,#2566,#2567,#2568,#2569),(#2570,#2571,#2572,#2573,#2574,#2575,#2576),(#2577,#2578,#2579,#2580,#2581,#2582,#2583),(#2584,#2585,#2586,#2587,#2588,#2589,#2590),(#2591,#2592,#2593,#2594,#2595,#2596,#2597)),.UNSPECIFIED.,.F.,.F.,.U.,(4,3,3,3,4),(4,3,4),(0.,0.000735821,0.001471642,0.029804617,0.029810551),(0.822358601,0.843750521,0.848165145),.UNSPECIFIED.);
#2599=ORIENTED_EDGE('',*,*,#166,.T.);
#2600=CARTESIAN_POINT('',(-4.460057003,9.5,10.583161779));
#2601=CARTESIAN_POINT('',(-3.965047263,8.792966445,10.583161778));
#2602=CARTESIAN_POINT('',(-3.416097128,8.123716653,10.583161776));
#2603=CARTESIAN_POINT('',(-2.819574901,7.5,10.583161774));
#2604=B_SPLINE_CURVE_WITH_KNOTS('',3,(#2600,#2601,#2602,#2603),.UNSPECIFIED.,.F.,.F.,(4,4),(0.049248088,0.051837178),.UNSPECIFIED.);
#2605=EDGE_CURVE('',#153,#1114,#2604,.T.);
#2606=ORIENTED_EDGE('',*,*,#2605,.T.);
#2607=ORIENTED_EDGE('',*,*,#1185,.T.);
#2608=CARTESIAN_POINT('',(-2.002403718,7.500068551,9.989594744));
#2609=CARTESIAN_POINT('',(-2.617530778,8.100368597,9.989594629));
#2610=CARTESIAN_POINT('',(-3.204746503,8.76885671,9.989594511));
#2611=CARTESIAN_POINT('',(-3.744712219,9.500374636,9.989594399));
#2612=B_SPLINE_CURVE_WITH_KNOTS('',3,(#2608,#2609,#2610,#2611),.UNSPECIFIED.,.F.,.F.,(4,4),(0.825502026,0.848164491),.UNSPECIFIED.);
#2613=EDGE_CURVE('',#1166,#160,#2612,.T.);
#2614=ORIENTED_EDGE('',*,*,#2613,.T.);
#2615=EDGE_LOOP('',(#2599,#2606,#2607,#2614));
#2616=FACE_BOUND('',#2615,.T.);
#2617=ADVANCED_FACE('',(#2616),#2598,.T.);
#2618=CARTESIAN_POINT('',(1.608968306,2.872131744,-0.5));
#2619=CARTESIAN_POINT('',(-4.668407728,9.296413691,-0.5));
#2620=CARTESIAN_POINT('',(5.377835983,6.554815635,-0.5));
#2621=CARTESIAN_POINT('',(-0.899540051,12.979097581,-0.5));
#2622=B_SPLINE_SURFACE_WITH_KNOTS('',1,1,((#2618,#2619),(#2620,#2621)),.UNSPECIFIED.,.F.,.F.,.U.,(2,2),(2,2),(-0.016814685,-0.01154529),(-0.005965774,0.003016256),.UNSPECIFIED.);
#2623=ORIENTED_EDGE('',*,*,#228,.T.);
#2624=CARTESIAN_POINT('',(-4.460057003,9.5,-0.5));
#2625=CARTESIAN_POINT('',(-3.58619328,8.251840926,-0.5));
#2626=CARTESIAN_POINT('',(-2.544123544,7.122416074,-0.5));
#2627=CARTESIAN_POINT('',(-1.369599168,6.15084373,-0.5));
#2628=CARTESIAN_POINT('',(-0.195074793,5.179271386,-0.5));
#2629=CARTESIAN_POINT('',(1.110400315,4.367018336,-0.5));
#2630=CARTESIAN_POINT('',(2.499999998,3.742787959,-0.5));
#2631=B_SPLINE_CURVE_WITH_KNOTS('',3,(#2624,#2625,#2626,#2627,#2628,#2629,#2630),.UNSPECIFIED.,.F.,.F.,(4,3,4),(0.103667041,0.108236672,0.112806303),.UNSPECIFIED.);
#2632=EDGE_CURVE('',#217,#815,#2631,.T.);
#2633=ORIENTED_EDGE('',*,*,#2632,.T.);
#2634=ORIENTED_EDGE('',*,*,#819,.F.);
#2635=EDGE_LOOP('',(#2623,#2633,#2634));
#2636=FACE_BOUND('',#2635,.T.);
#2637=ADVANCED_FACE('',(#2636),#2622,.T.);
#2638=CARTESIAN_POINT('',(2.500000268,3.742788555,2.416838202));
#2639=CARTESIAN_POINT('',(2.500000268,3.742788555,2.178572477));
#2640=CARTESIAN_POINT('',(2.500000268,3.742788555,1.940306753));
#2641=CARTESIAN_POINT('',(2.500000268,3.742788555,1.702041028));
#2642=CARTESIAN_POINT('',(2.500000268,3.742788555,1.668367523));
#2643=CARTESIAN_POINT('',(2.500000268,3.742788555,1.634694019));
#2644=CARTESIAN_POINT('',(2.500000268,3.742788555,1.601020514));
#2645=CARTESIAN_POINT('',(2.500000268,3.742788555,1.567347009));
#2646=CARTESIAN_POINT('',(2.500000268,3.742788555,1.533673505));
#2647=CARTESIAN_POINT('',(2.500000268,3.742788555,1.5));
#2648=CARTESIAN_POINT('',(2.500000268,3.742788555,1.466326495));
#2649=CARTESIAN_POINT('',(2.500000268,3.742788555,1.432652991));
#2650=CARTESIAN_POINT('',(2.500000268,3.742788555,1.398979486));
#2651=CARTESIAN_POINT('',(2.500000268,3.742788555,0.765986324));
#2652=CARTESIAN_POINT('',(2.500000268,3.742788555,0.132993162));
#2653=CARTESIAN_POINT('',(2.500000268,3.742788555,-0.5));
#2654=CARTESIAN_POINT('',(2.478114898,3.75261935,2.416838202));
#2655=CARTESIAN_POINT('',(2.478114898,3.75261935,2.178572477));
#2656=CARTESIAN_POINT('',(2.478114898,3.75261935,1.940306753));
#2657=CARTESIAN_POINT('',(2.478114898,3.75261935,1.702041028));
#2658=CARTESIAN_POINT('',(2.478114898,3.75261935,1.668367523));
#2659=CARTESIAN_POINT('',(2.478114898,3.75261935,1.634694019));
#2660=CARTESIAN_POINT('',(2.478114898,3.75261935,1.601020514));
#2661=CARTESIAN_POINT('',(2.478114898,3.75261935,1.567347009));
#2662=CARTESIAN_POINT('',(2.478114898,3.75261935,1.533673505));
#2663=CARTESIAN_POINT('',(2.478114898,3.75261935,1.5));
#2664=CARTESIAN_POINT('',(2.478114898,3.75261935,1.466326495));
#2665=CARTESIAN_POINT('',(2.478114898,3.75261935,1.432652991));
#2666=CARTESIAN_POINT('',(2.478114898,3.75261935,1.398979486));
#2667=CARTESIAN_POINT('',(2.478114898,3.75261935,0.765986324));
#2668=CARTESIAN_POINT('',(2.478114898,3.75261935,0.132993162));
#2669=CARTESIAN_POINT('',(2.478114898,3.75261935,-0.5));
#2670=CARTESIAN_POINT('',(2.456260441,3.762492146,2.416838202));
#2671=CARTESIAN_POINT('',(2.456260441,3.762492146,2.178572477));
#2672=CARTESIAN_POINT('',(2.456260441,3.762492146,1.940306753));
#2673=CARTESIAN_POINT('',(2.456260441,3.762492146,1.702041028));
#2674=CARTESIAN_POINT('',(2.456260441,3.762492146,1.668367523));
#2675=CARTESIAN_POINT('',(2.456260441,3.762492146,1.634694019));
#2676=CARTESIAN_POINT('',(2.456260441,3.762492146,1.601020514));
#2677=CARTESIAN_POINT('',(2.456260441,3.762492146,1.567347009));
#2678=CARTESIAN_POINT('',(2.456260441,3.762492146,1.533673505));
#2679=CARTESIAN_POINT('',(2.456260441,3.762492146,1.5));
#2680=CARTESIAN_POINT('',(2.456260441,3.762492146,1.466326495));
#2681=CARTESIAN_POINT('',(2.456260441,3.762492146,1.432652991));
#2682=CARTESIAN_POINT('',(2.456260441,3.762492146,1.398979486));
#2683=CARTESIAN_POINT('',(2.456260441,3.762492146,0.765986324));
#2684=CARTESIAN_POINT('',(2.456260441,3.762492146,0.132993162));
#2685=CARTESIAN_POINT('',(2.456260441,3.762492146,-0.5));
#2686=CARTESIAN_POINT('',(2.434437158,3.772406717,2.416838202));
#2687=CARTESIAN_POINT('',(2.434437158,3.772406717,2.178572477));
#2688=CARTESIAN_POINT('',(2.434437158,3.772406717,1.940306753));
#2689=CARTESIAN_POINT('',(2.434437158,3.772406717,1.702041028));
#2690=CARTESIAN_POINT('',(2.434437158,3.772406717,1.668367523));
#2691=CARTESIAN_POINT('',(2.434437158,3.772406717,1.634694019));
#2692=CARTESIAN_POINT('',(2.434437158,3.772406717,1.601020514));
#2693=CARTESIAN_POINT('',(2.434437158,3.772406717,1.567347009));
#2694=CARTESIAN_POINT('',(2.434437158,3.772406717,1.533673505));
#2695=CARTESIAN_POINT('',(2.434437158,3.772406717,1.5));
#2696=CARTESIAN_POINT('',(2.434437158,3.772406717,1.466326495));
#2697=CARTESIAN_POINT('',(2.434437158,3.772406717,1.432652991));
#2698=CARTESIAN_POINT('',(2.434437158,3.772406717,1.398979486));
#2699=CARTESIAN_POINT('',(2.434437158,3.772406717,0.765986324));
#2700=CARTESIAN_POINT('',(2.434437158,3.772406717,0.132993162));
#2701=CARTESIAN_POINT('',(2.434437158,3.772406717,-0.5));
#2702=CARTESIAN_POINT('',(1.723117506,4.095567493,2.416838202));
#2703=CARTESIAN_POINT('',(1.723117506,4.095567493,2.178572477));
#2704=CARTESIAN_POINT('',(1.723117506,4.095567493,1.940306753));
#2705=CARTESIAN_POINT('',(1.723117506,4.095567493,1.702041028));
#2706=CARTESIAN_POINT('',(1.723117506,4.095567493,1.668367523));
#2707=CARTESIAN_POINT('',(1.723117506,4.095567493,1.634694019));
#2708=CARTESIAN_POINT('',(1.723117506,4.095567493,1.601020514));
#2709=CARTESIAN_POINT('',(1.723117506,4.095567493,1.567347009));
#2710=CARTESIAN_POINT('',(1.723117506,4.095567493,1.533673505));
#2711=CARTESIAN_POINT('',(1.723117506,4.095567493,1.5));
#2712=CARTESIAN_POINT('',(1.723117506,4.095567493,1.466326495));
#2713=CARTESIAN_POINT('',(1.723117506,4.095567493,1.432652991));
#2714=CARTESIAN_POINT('',(1.723117506,4.095567493,1.398979486));
#2715=CARTESIAN_POINT('',(1.723117506,4.095567493,0.765986324));
#2716=CARTESIAN_POINT('',(1.723117506,4.095567493,0.132993162));
#2717=CARTESIAN_POINT('',(1.723117506,4.095567493,-0.5));
#2718=CARTESIAN_POINT('',(1.044939432,4.463036813,2.416838202));
#2719=CARTESIAN_POINT('',(1.044939432,4.463036813,2.178572477));
#2720=CARTESIAN_POINT('',(1.044939432,4.463036813,1.940306753));
#2721=CARTESIAN_POINT('',(1.044939432,4.463036813,1.702041028));
#2722=CARTESIAN_POINT('',(1.044939432,4.463036813,1.668367523));
#2723=CARTESIAN_POINT('',(1.044939432,4.463036813,1.634694019));
#2724=CARTESIAN_POINT('',(1.044939432,4.463036813,1.601020514));
#2725=CARTESIAN_POINT('',(1.044939432,4.463036813,1.567347009));
#2726=CARTESIAN_POINT('',(1.044939432,4.463036813,1.533673505));
#2727=CARTESIAN_POINT('',(1.044939432,4.463036813,1.5));
#2728=CARTESIAN_POINT('',(1.044939432,4.463036813,1.466326495));
#2729=CARTESIAN_POINT('',(1.044939432,4.463036813,1.432652991));
#2730=CARTESIAN_POINT('',(1.044939432,4.463036813,1.398979486));
#2731=CARTESIAN_POINT('',(1.044939432,4.463036813,0.765986324));
#2732=CARTESIAN_POINT('',(1.044939432,4.463036813,0.132993162));
#2733=CARTESIAN_POINT('',(1.044939432,4.463036813,-0.5));
#2734=CARTESIAN_POINT('',(0.406099897,4.8654032,2.416838202));
#2735=CARTESIAN_POINT('',(0.406099897,4.8654032,2.178572477));
#2736=CARTESIAN_POINT('',(0.406099897,4.8654032,1.940306753));
#2737=CARTESIAN_POINT('',(0.406099897,4.8654032,1.702041028));
#2738=CARTESIAN_POINT('',(0.406099897,4.8654032,1.668367523));
#2739=CARTESIAN_POINT('',(0.406099897,4.8654032,1.634694019));
#2740=CARTESIAN_POINT('',(0.406099897,4.8654032,1.601020514));
#2741=CARTESIAN_POINT('',(0.406099897,4.8654032,1.567347009));
#2742=CARTESIAN_POINT('',(0.406099897,4.8654032,1.533673505));
#2743=CARTESIAN_POINT('',(0.406099897,4.8654032,1.5));
#2744=CARTESIAN_POINT('',(0.406099897,4.8654032,1.466326495));
#2745=CARTESIAN_POINT('',(0.406099897,4.8654032,1.432652991));
#2746=CARTESIAN_POINT('',(0.406099897,4.8654032,1.398979486));
#2747=CARTESIAN_POINT('',(0.406099897,4.8654032,0.765986324));
#2748=CARTESIAN_POINT('',(0.406099897,4.8654032,0.132993162));
#2749=CARTESIAN_POINT('',(0.406099897,4.8654032,-0.5));
#2750=CARTESIAN_POINT('',(-0.232739638,5.267769587,2.416838202));
#2751=CARTESIAN_POINT('',(-0.232739638,5.267769587,2.178572477));
#2752=CARTESIAN_POINT('',(-0.232739638,5.267769587,1.940306753));
#2753=CARTESIAN_POINT('',(-0.232739638,5.267769587,1.702041028));
#2754=CARTESIAN_POINT('',(-0.232739638,5.267769587,1.668367523));
#2755=CARTESIAN_POINT('',(-0.232739638,5.267769587,1.634694019));
#2756=CARTESIAN_POINT('',(-0.232739638,5.267769587,1.601020514));
#2757=CARTESIAN_POINT('',(-0.232739638,5.267769587,1.567347009));
#2758=CARTESIAN_POINT('',(-0.232739638,5.267769587,1.533673505));
#2759=CARTESIAN_POINT('',(-0.232739638,5.267769587,1.5));
#2760=CARTESIAN_POINT('',(-0.232739638,5.267769587,1.466326495));
#2761=CARTESIAN_POINT('',(-0.232739638,5.267769587,1.432652991));
#2762=CARTESIAN_POINT('',(-0.232739638,5.267769587,1.398979486));
#2763=CARTESIAN_POINT('',(-0.232739638,5.267769587,0.765986324));
#2764=CARTESIAN_POINT('',(-0.232739638,5.267769587,0.132993162));
#2765=CARTESIAN_POINT('',(-0.232739638,5.267769587,-0.5));
#2766=CARTESIAN_POINT('',(-0.832248255,5.704964226,2.416838202));
#2767=CARTESIAN_POINT('',(-0.832248255,5.704964226,2.178572477));
#2768=CARTESIAN_POINT('',(-0.832248255,5.704964226,1.940306753));
#2769=CARTESIAN_POINT('',(-0.832248255,5.704964226,1.702041028));
#2770=CARTESIAN_POINT('',(-0.832248255,5.704964226,1.668367523));
#2771=CARTESIAN_POINT('',(-0.832248255,5.704964226,1.634694019));
#2772=CARTESIAN_POINT('',(-0.832248255,5.704964226,1.601020514));
#2773=CARTESIAN_POINT('',(-0.832248255,5.704964226,1.567347009));
#2774=CARTESIAN_POINT('',(-0.832248255,5.704964226,1.533673505));
#2775=CARTESIAN_POINT('',(-0.832248255,5.704964226,1.5));
#2776=CARTESIAN_POINT('',(-0.832248255,5.704964226,1.466326495));
#2777=CARTESIAN_POINT('',(-0.832248255,5.704964226,1.432652991));
#2778=CARTESIAN_POINT('',(-0.832248255,5.704964226,1.398979486));
#2779=CARTESIAN_POINT('',(-0.832248255,5.704964226,0.765986324));
#2780=CARTESIAN_POINT('',(-0.832248255,5.704964226,0.132993162));
#2781=CARTESIAN_POINT('',(-0.832248255,5.704964226,-0.5));
#2782=CARTESIAN_POINT('',(-1.389181119,6.167066699,2.416838202));
#2783=CARTESIAN_POINT('',(-1.389181119,6.167066699,2.178572477));
#2784=CARTESIAN_POINT('',(-1.389181119,6.167066699,1.940306753));
#2785=CARTESIAN_POINT('',(-1.389181119,6.167066699,1.702041028));
#2786=CARTESIAN_POINT('',(-1.389181119,6.167066699,1.668367523));
#2787=CARTESIAN_POINT('',(-1.389181119,6.167066699,1.634694019));
#2788=CARTESIAN_POINT('',(-1.389181119,6.167066699,1.601020514));
#2789=CARTESIAN_POINT('',(-1.389181119,6.167066699,1.567347009));
#2790=CARTESIAN_POINT('',(-1.389181119,6.167066699,1.533673505));
#2791=CARTESIAN_POINT('',(-1.389181119,6.167066699,1.5));
#2792=CARTESIAN_POINT('',(-1.389181119,6.167066699,1.466326495));
#2793=CARTESIAN_POINT('',(-1.389181119,6.167066699,1.432652991));
#2794=CARTESIAN_POINT('',(-1.389181119,6.167066699,1.398979486));
#2795=CARTESIAN_POINT('',(-1.389181119,6.167066699,0.765986324));
#2796=CARTESIAN_POINT('',(-1.389181119,6.167066699,0.132993162));
#2797=CARTESIAN_POINT('',(-1.389181119,6.167066699,-0.5));
#2798=CARTESIAN_POINT('',(-1.946113983,6.629169172,2.416838202));
#2799=CARTESIAN_POINT('',(-1.946113983,6.629169172,2.178572477));
#2800=CARTESIAN_POINT('',(-1.946113983,6.629169172,1.940306753));
#2801=CARTESIAN_POINT('',(-1.946113983,6.629169172,1.702041028));
#2802=CARTESIAN_POINT('',(-1.946113983,6.629169172,1.668367523));
#2803=CARTESIAN_POINT('',(-1.946113983,6.629169172,1.634694019));
#2804=CARTESIAN_POINT('',(-1.946113983,6.629169172,1.601020514));
#2805=CARTESIAN_POINT('',(-1.946113983,6.629169172,1.567347009));
#2806=CARTESIAN_POINT('',(-1.946113983,6.629169172,1.533673505));
#2807=CARTESIAN_POINT('',(-1.946113983,6.629169172,1.5));
#2808=CARTESIAN_POINT('',(-1.946113983,6.629169172,1.466326495));
#2809=CARTESIAN_POINT('',(-1.946113983,6.629169172,1.432652991));
#2810=CARTESIAN_POINT('',(-1.946113983,6.629169172,1.398979486));
#2811=CARTESIAN_POINT('',(-1.946113983,6.629169172,0.765986324));
#2812=CARTESIAN_POINT('',(-1.946113983,6.629169172,0.132993162));
#2813=CARTESIAN_POINT('',(-1.946113983,6.629169172,-0.5));
#2814=CARTESIAN_POINT('',(-2.46050042,7.116125946,2.416838202));
#2815=CARTESIAN_POINT('',(-2.46050042,7.116125946,2.178572477));
#2816=CARTESIAN_POINT('',(-2.46050042,7.116125946,1.940306753));
#2817=CARTESIAN_POINT('',(-2.46050042,7.116125946,1.702041028));
#2818=CARTESIAN_POINT('',(-2.46050042,7.116125946,1.668367523));
#2819=CARTESIAN_POINT('',(-2.46050042,7.116125946,1.634694019));
#2820=CARTESIAN_POINT('',(-2.46050042,7.116125946,1.601020514));
#2821=CARTESIAN_POINT('',(-2.46050042,7.116125946,1.567347009));
#2822=CARTESIAN_POINT('',(-2.46050042,7.116125946,1.533673505));
#2823=CARTESIAN_POINT('',(-2.46050042,7.116125946,1.5));
#2824=CARTESIAN_POINT('',(-2.46050042,7.116125946,1.466326495));
#2825=CARTESIAN_POINT('',(-2.46050042,7.116125946,1.432652991));
#2826=CARTESIAN_POINT('',(-2.46050042,7.116125946,1.398979486));
#2827=CARTESIAN_POINT('',(-2.46050042,7.116125946,0.765986324));
#2828=CARTESIAN_POINT('',(-2.46050042,7.116125946,0.132993162));
#2829=CARTESIAN_POINT('',(-2.46050042,7.116125946,-0.5));
#2830=CARTESIAN_POINT('',(-2.931760768,7.618432653,2.416838202));
#2831=CARTESIAN_POINT('',(-2.931760768,7.618432653,2.178572477));
#2832=CARTESIAN_POINT('',(-2.931760768,7.618432653,1.940306753));
#2833=CARTESIAN_POINT('',(-2.931760768,7.618432653,1.702041028));
#2834=CARTESIAN_POINT('',(-2.931760768,7.618432653,1.668367523));
#2835=CARTESIAN_POINT('',(-2.931760768,7.618432653,1.634694019));
#2836=CARTESIAN_POINT('',(-2.931760768,7.618432653,1.601020514));
#2837=CARTESIAN_POINT('',(-2.931760768,7.618432653,1.567347009));
#2838=CARTESIAN_POINT('',(-2.931760768,7.618432653,1.533673505));
#2839=CARTESIAN_POINT('',(-2.931760768,7.618432653,1.5));
#2840=CARTESIAN_POINT('',(-2.931760768,7.618432653,1.466326495));
#2841=CARTESIAN_POINT('',(-2.931760768,7.618432653,1.432652991));
#2842=CARTESIAN_POINT('',(-2.931760768,7.618432653,1.398979486));
#2843=CARTESIAN_POINT('',(-2.931760768,7.618432653,0.765986324));
#2844=CARTESIAN_POINT('',(-2.931760768,7.618432653,0.132993162));
#2845=CARTESIAN_POINT('',(-2.931760768,7.618432653,-0.5));
#2846=CARTESIAN_POINT('',(-3.403021117,8.12073936,2.416838202));
#2847=CARTESIAN_POINT('',(-3.403021117,8.12073936,2.178572477));
#2848=CARTESIAN_POINT('',(-3.403021117,8.12073936,1.940306753));
#2849=CARTESIAN_POINT('',(-3.403021117,8.12073936,1.702041028));
#2850=CARTESIAN_POINT('',(-3.403021117,8.12073936,1.668367523));
#2851=CARTESIAN_POINT('',(-3.403021117,8.12073936,1.634694019));
#2852=CARTESIAN_POINT('',(-3.403021117,8.12073936,1.601020514));
#2853=CARTESIAN_POINT('',(-3.403021117,8.12073936,1.567347009));
#2854=CARTESIAN_POINT('',(-3.403021117,8.12073936,1.533673505));
#2855=CARTESIAN_POINT('',(-3.403021117,8.12073936,1.5));
#2856=CARTESIAN_POINT('',(-3.403021117,8.12073936,1.466326495));
#2857=CARTESIAN_POINT('',(-3.403021117,8.12073936,1.432652991));
#2858=CARTESIAN_POINT('',(-3.403021117,8.12073936,1.398979486));
#2859=CARTESIAN_POINT('',(-3.403021117,8.12073936,0.765986324));
#2860=CARTESIAN_POINT('',(-3.403021117,8.12073936,0.132993162));
#2861=CARTESIAN_POINT('',(-3.403021117,8.12073936,-0.5));
#2862=CARTESIAN_POINT('',(-3.831195801,8.638362217,2.416838202));
#2863=CARTESIAN_POINT('',(-3.831195801,8.638362217,2.178572477));
#2864=CARTESIAN_POINT('',(-3.831195801,8.638362217,1.940306753));
#2865=CARTESIAN_POINT('',(-3.831195801,8.638362217,1.702041028));
#2866=CARTESIAN_POINT('',(-3.831195801,8.638362217,1.668367523));
#2867=CARTESIAN_POINT('',(-3.831195801,8.638362217,1.634694019));
#2868=CARTESIAN_POINT('',(-3.831195801,8.638362217,1.601020514));
#2869=CARTESIAN_POINT('',(-3.831195801,8.638362217,1.567347009));
#2870=CARTESIAN_POINT('',(-3.831195801,8.638362217,1.533673505));
#2871=CARTESIAN_POINT('',(-3.831195801,8.638362217,1.5));
#2872=CARTESIAN_POINT('',(-3.831195801,8.638362217,1.466326495));
#2873=CARTESIAN_POINT('',(-3.831195801,8.638362217,1.432652991));
#2874=CARTESIAN_POINT('',(-3.831195801,8.638362217,1.398979486));
#2875=CARTESIAN_POINT('',(-3.831195801,8.638362217,0.765986324));
#2876=CARTESIAN_POINT('',(-3.831195801,8.638362217,0.132993162));
#2877=CARTESIAN_POINT('',(-3.831195801,8.638362217,-0.5));
#2878=CARTESIAN_POINT('',(-4.217837063,9.162869127,2.416838202));
#2879=CARTESIAN_POINT('',(-4.217837063,9.162869127,2.178572477));
#2880=CARTESIAN_POINT('',(-4.217837063,9.162869127,1.940306753));
#2881=CARTESIAN_POINT('',(-4.217837063,9.162869127,1.702041028));
#2882=CARTESIAN_POINT('',(-4.217837063,9.162869127,1.668367523));
#2883=CARTESIAN_POINT('',(-4.217837063,9.162869127,1.634694019));
#2884=CARTESIAN_POINT('',(-4.217837063,9.162869127,1.601020514));
#2885=CARTESIAN_POINT('',(-4.217837063,9.162869127,1.567347009));
#2886=CARTESIAN_POINT('',(-4.217837063,9.162869127,1.533673505));
#2887=CARTESIAN_POINT('',(-4.217837063,9.162869127,1.5));
#2888=CARTESIAN_POINT('',(-4.217837063,9.162869127,1.466326495));
#2889=CARTESIAN_POINT('',(-4.217837063,9.162869127,1.432652991));
#2890=CARTESIAN_POINT('',(-4.217837063,9.162869127,1.398979486));
#2891=CARTESIAN_POINT('',(-4.217837063,9.162869127,0.765986324));
#2892=CARTESIAN_POINT('',(-4.217837063,9.162869127,0.132993162));
#2893=CARTESIAN_POINT('',(-4.217837063,9.162869127,-0.5));
#2894=CARTESIAN_POINT('',(-4.300461624,9.274955335,2.416838202));
#2895=CARTESIAN_POINT('',(-4.300461624,9.274955335,2.178572477));
#2896=CARTESIAN_POINT('',(-4.300461624,9.274955335,1.940306753));
#2897=CARTESIAN_POINT('',(-4.300461624,9.274955335,1.702041028));
#2898=CARTESIAN_POINT('',(-4.300461624,9.274955335,1.668367523));
#2899=CARTESIAN_POINT('',(-4.300461624,9.274955335,1.634694019));
#2900=CARTESIAN_POINT('',(-4.300461624,9.274955335,1.601020514));
#2901=CARTESIAN_POINT('',(-4.300461624,9.274955335,1.567347009));
#2902=CARTESIAN_POINT('',(-4.300461624,9.274955335,1.533673505));
#2903=CARTESIAN_POINT('',(-4.300461624,9.274955335,1.5));
#2904=CARTESIAN_POINT('',(-4.300461624,9.274955335,1.466326495));
#2905=CARTESIAN_POINT('',(-4.300461624,9.274955335,1.432652991));
#2906=CARTESIAN_POINT('',(-4.300461624,9.274955335,1.398979486));
#2907=CARTESIAN_POINT('',(-4.300461624,9.274955335,0.765986324));
#2908=CARTESIAN_POINT('',(-4.300461624,9.274955335,0.132993162));
#2909=CARTESIAN_POINT('',(-4.300461624,9.274955335,-0.5));
#2910=CARTESIAN_POINT('',(-4.381191401,9.387355234,2.416838202));
#2911=CARTESIAN_POINT('',(-4.381191401,9.387355234,2.178572477));
#2912=CARTESIAN_POINT('',(-4.381191401,9.387355234,1.940306753));
#2913=CARTESIAN_POINT('',(-4.381191401,9.387355234,1.702041028));
#2914=CARTESIAN_POINT('',(-4.381191401,9.387355234,1.668367523));
#2915=CARTESIAN_POINT('',(-4.381191401,9.387355234,1.634694019));
#2916=CARTESIAN_POINT('',(-4.381191401,9.387355234,1.601020514));
#2917=CARTESIAN_POINT('',(-4.381191401,9.387355234,1.567347009));
#2918=CARTESIAN_POINT('',(-4.381191401,9.387355234,1.533673505));
#2919=CARTESIAN_POINT('',(-4.381191401,9.387355234,1.5));
#2920=CARTESIAN_POINT('',(-4.381191401,9.387355234,1.466326495));
#2921=CARTESIAN_POINT('',(-4.381191401,9.387355234,1.432652991));
#2922=CARTESIAN_POINT('',(-4.381191401,9.387355234,1.398979486));
#2923=CARTESIAN_POINT('',(-4.381191401,9.387355234,0.765986324));
#2924=CARTESIAN_POINT('',(-4.381191401,9.387355234,0.132993162));
#2925=CARTESIAN_POINT('',(-4.381191401,9.387355234,-0.5));
#2926=CARTESIAN_POINT('',(-4.460056234,9.500000538,2.416838202));
#2927=CARTESIAN_POINT('',(-4.460056234,9.500000538,2.178572477));
#2928=CARTESIAN_POINT('',(-4.460056234,9.500000538,1.940306753));
#2929=CARTESIAN_POINT('',(-4.460056234,9.500000538,1.702041028));
#2930=CARTESIAN_POINT('',(-4.460056234,9.500000538,1.668367523));
#2931=CARTESIAN_POINT('',(-4.460056234,9.500000538,1.634694019));
#2932=CARTESIAN_POINT('',(-4.460056234,9.500000538,1.601020514));
#2933=CARTESIAN_POINT('',(-4.460056234,9.500000538,1.567347009));
#2934=CARTESIAN_POINT('',(-4.460056234,9.500000538,1.533673505));
#2935=CARTESIAN_POINT('',(-4.460056234,9.500000538,1.5));
#2936=CARTESIAN_POINT('',(-4.460056234,9.500000538,1.466326495));
#2937=CARTESIAN_POINT('',(-4.460056234,9.500000538,1.432652991));
#2938=CARTESIAN_POINT('',(-4.460056234,9.500000538,1.398979486));
#2939=CARTESIAN_POINT('',(-4.460056234,9.500000538,0.765986324));
#2940=CARTESIAN_POINT('',(-4.460056234,9.500000538,0.132993162));
#2941=CARTESIAN_POINT('',(-4.460056234,9.500000538,-0.5));
#2942=B_SPLINE_SURFACE_WITH_KNOTS('',3,3,((#2638,#2639,#2640,#2641,#2642,#2643,#2644,#2645,#2646,#2647,#2648,#2649,#2650,#2651,#2652,#2653),(#2654,#2655,#2656,#2657,#2658,#2659,#2660,#2661,#2662,#2663,#2664,#2665,#2666,#2667,#2668,#2669),(#2670,#2671,#2672,#2673,#2674,#2675,#2676,#2677,#2678,#2679,#2680,#2681,#2682,#2683,#2684,#2685),(#2686,#2687,#2688,#2689,#2690,#2691,#2692,#2693,#2694,#2695,#2696,#2697,#2698,#2699,#2700,#2701),(#2702,#2703,#2704,#2705,#2706,#2707,#2708,#2709,#2710,#2711,#2712,#2713,#2714,#2715,#2716,#2717),(#2718,#2719,#2720,#2721,#2722,#2723,#2724,#2725,#2726,#2727,#2728,#2729,#2730,#2731,#2732,#2733),(#2734,#2735,#2736,#2737,#2738,#2739,#2740,#2741,#2742,#2743,#2744,#2745,#2746,#2747,#2748,#2749),(#2750,#2751,#2752,#2753,#2754,#2755,#2756,#2757,#2758,#2759,#2760,#2761,#2762,#2763,#2764,#2765),(#2766,#2767,#2768,#2769,#2770,#2771,#2772,#2773,#2774,#2775,#2776,#2777,#2778,#2779,#2780,#2781),(#2782,#2783,#2784,#2785,#2786,#2787,#2788,#2789,#2790,#2791,#2792,#2793,#2794,#2795,#2796,#2797),(#2798,#2799,#2800,#2801,#2802,#2803,#2804,#2805,#2806,#2807,#2808,#2809,#2810,#2811,#2812,#2813),(#2814,#2815,#2816,#2817,#2818,#2819,#2820,#2821,#2822,#2823,#2824,#2825,#2826,#2827,#2828,#2829),(#2830,#2831,#2832,#2833,#2834,#2835,#2836,#2837,#2838,#2839,#2840,#2841,#2842,#2843,#2844,#2845),(#2846,#2847,#2848,#2849,#2850,#2851,#2852,#2853,#2854,#2855,#2856,#2857,#2858,#2859,#2860,#2861),(#2862,#2863,#2864,#2865,#2866,#2867,#2868,#2869,#2870,#2871,#2872,#2873,#2874,#2875,#2876,#2877),(#2878,#2879,#2880,#2881,#2882,#2883,#2884,#2885,#2886,#2887,#2888,#2889,#2890,#2891,#2892,#2893),(#2894,#2895,#2896,#2897,#2898,#2899,#2900,#2901,#2902,#2903,#2904,#2905,#2906,#2907,#2908,#2909),(#2910,#2911,#2912,#2913,#2914,#2915,#2916,#2917,#2918,#2919,#2920,#2921,#2922,#2923,#2924,#2925),(#2926,#2927,#2928,#2929,#2930,#2931,#2932,#2933,#2934,#2935,#2936,#2937,#2938,#2939,#2940,#2941)),.UNSPECIFIED.,.F.,.F.,.U.,(4,3,3,3,3,3,4),(4,3,3,3,3,4),(3.530278268,3.534294254,3.665193445,3.796092635,3.926991825,4.057891015,4.085863943),(0.009083157,0.009797958,0.009898979,0.01,0.010101021,0.01200001),.UNSPECIFIED.);
#2943=CARTESIAN_POINT('',(-0.618933377,5.564520307,2.416838198));
#2944=CARTESIAN_POINT('',(-0.989579426,5.837654539,2.416838158));
#2945=CARTESIAN_POINT('',(-1.348401935,6.125271846,2.416838299));
#2946=CARTESIAN_POINT('',(-1.69542685,6.427340448,2.416838196));
#2947=CARTESIAN_POINT('',(-2.042451766,6.72940905,2.416838094));
#2948=CARTESIAN_POINT('',(-2.377904946,7.046227356,2.416838204));
#2949=CARTESIAN_POINT('',(-2.699676954,7.375903155,2.416838195));
#2950=CARTESIAN_POINT('',(-3.34322097,8.035254754,2.416838178));
#2951=CARTESIAN_POINT('',(-3.931414979,8.744928698,2.416838195));
#2952=CARTESIAN_POINT('',(-4.460057003,9.5,2.416838193));
#2953=B_SPLINE_CURVE_WITH_KNOTS('',3,(#2943,#2944,#2945,#2946,#2947,#2948,#2949,#2950,#2951,#2952),.UNSPECIFIED.,.F.,.F.,(4,3,3,4),(0.049369887,0.050749431,0.052128976,0.054888065),.UNSPECIFIED.);
#2954=EDGE_CURVE('',#1555,#169,#2953,.T.);
#2955=ORIENTED_EDGE('',*,*,#2954,.F.);
#2956=ORIENTED_EDGE('',*,*,#1567,.F.);
#2957=ORIENTED_EDGE('',*,*,#1445,.F.);
#2958=ORIENTED_EDGE('',*,*,#826,.T.);
#2959=ORIENTED_EDGE('',*,*,#2632,.F.);
#2960=ORIENTED_EDGE('',*,*,#221,.F.);
#2961=EDGE_LOOP('',(#2955,#2956,#2957,#2958,#2959,#2960));
#2962=FACE_BOUND('',#2961,.T.);
#2963=ADVANCED_FACE('',(#2962),#2942,.F.);
#2964=CARTESIAN_POINT('',(-4.460062739,9.499996884,2.416816064));
#2965=CARTESIAN_POINT('',(-4.321669789,9.302319581,2.416816064));
#2966=CARTESIAN_POINT('',(-4.179921966,9.108799362,2.416816064));
#2967=CARTESIAN_POINT('',(-4.035145184,8.919584797,2.416816065));
#2968=CARTESIAN_POINT('',(-3.643007873,8.407084866,2.416816065));
#2969=CARTESIAN_POINT('',(-3.228680281,7.926163314,2.416816065));
#2970=CARTESIAN_POINT('',(-2.798659951,7.478138118,2.416816065));
#2971=CARTESIAN_POINT('',(-2.368639622,7.030112922,2.416816065));
#2972=CARTESIAN_POINT('',(-1.922950065,6.61496713,2.416816066));
#2973=CARTESIAN_POINT('',(-1.467698357,6.232585164,2.416816066));
#2974=CARTESIAN_POINT('',(-1.187965346,5.997627542,2.416816066));
#2975=CARTESIAN_POINT('',(-0.904627682,5.775032386,2.416816066));
#2976=CARTESIAN_POINT('',(-0.618944769,5.564506574,2.416816066));
#2977=CARTESIAN_POINT('',(-4.298595572,9.601019562,2.61116686));
#2978=CARTESIAN_POINT('',(-4.161636548,9.405634231,2.61116686));
#2979=CARTESIAN_POINT('',(-4.021362597,9.214361415,2.611166861));
#2980=CARTESIAN_POINT('',(-3.878096072,9.027347833,2.611166861));
#2981=CARTESIAN_POINT('',(-3.490049391,8.520809407,2.611166861));
#2982=CARTESIAN_POINT('',(-3.08007901,8.04550889,2.611166861));
#2983=CARTESIAN_POINT('',(-2.654610536,7.602745748,2.611166861));
#2984=CARTESIAN_POINT('',(-2.229142062,7.159982606,2.611166861));
#2985=CARTESIAN_POINT('',(-1.788198732,6.749740064,2.611166862));
#2986=CARTESIAN_POINT('',(-1.337819225,6.371900298,2.611166862));
#2987=CARTESIAN_POINT('',(-1.061079975,6.139733666,2.611166862));
#2988=CARTESIAN_POINT('',(-0.780783568,5.919793267,2.611166862));
#2989=CARTESIAN_POINT('',(-0.498175147,5.711788528,2.611166862));
#2990=CARTESIAN_POINT('',(-4.137113028,9.70201967,2.805516731));
#2991=CARTESIAN_POINT('',(-4.00158761,9.508926529,2.805516731));
#2992=CARTESIAN_POINT('',(-3.862787217,9.319901341,2.805516731));
#2993=CARTESIAN_POINT('',(-3.721030643,9.13508897,2.805516731));
#2994=CARTESIAN_POINT('',(-3.337073761,8.634512667,2.805516732));
#2995=CARTESIAN_POINT('',(-2.93145981,8.164833841,2.805516732));
#2996=CARTESIAN_POINT('',(-2.510542463,7.727333435,2.805516732));
#2997=CARTESIAN_POINT('',(-2.089625116,7.289833029,2.805516732));
#2998=CARTESIAN_POINT('',(-1.653427337,6.884494444,2.805516732));
#2999=CARTESIAN_POINT('',(-1.207919406,6.511197601,2.805516733));
#3000=CARTESIAN_POINT('',(-0.934173536,6.281822404,2.805516733));
#3001=CARTESIAN_POINT('',(-0.656918022,6.064537212,2.805516733));
#3002=CARTESIAN_POINT('',(-0.377383747,5.859054002,2.805516733));
#3003=CARTESIAN_POINT('',(-3.975614295,9.802996028,2.99986562));
#3004=CARTESIAN_POINT('',(-3.841522145,9.612195308,2.99986562));
#3005=CARTESIAN_POINT('',(-3.70419498,9.425417982,2.99986562));
#3006=CARTESIAN_POINT('',(-3.563948033,9.242807062,2.99986562));
#3007=CARTESIAN_POINT('',(-3.184080075,8.748193536,2.99986562));
#3008=CARTESIAN_POINT('',(-2.782821733,8.284137091,2.999865621));
#3009=CARTESIAN_POINT('',(-2.366454746,7.851900139,2.999865621));
#3010=CARTESIAN_POINT('',(-1.95008776,7.419663186,2.999865621));
#3011=CARTESIAN_POINT('',(-1.51863482,7.019229303,2.999865621));
#3012=CARTESIAN_POINT('',(-1.07799781,6.650476144,2.999865622));
#3013=CARTESIAN_POINT('',(-0.807244916,6.42389285,2.999865622));
#3014=CARTESIAN_POINT('',(-0.533029913,6.209263341,2.999865622));
#3015=CARTESIAN_POINT('',(-0.256569423,6.006302137,2.999865622));
#3016=CARTESIAN_POINT('',(-3.727747272,9.950663587,3.293855544));
#3017=CARTESIAN_POINT('',(-3.595751128,9.763381255,3.293855544));
#3018=CARTESIAN_POINT('',(-3.460581934,9.580056136,3.293855544));
#3019=CARTESIAN_POINT('',(-3.322549594,9.400828323,3.293855544));
#3020=CARTESIAN_POINT('',(-2.948680043,8.915378159,3.293855544));
#3021=CARTESIAN_POINT('',(-2.553835063,8.459978245,3.293855545));
#3022=CARTESIAN_POINT('',(-2.144188062,8.035860586,3.293855545));
#3023=CARTESIAN_POINT('',(-1.73454106,7.611742926,3.293855545));
#3024=CARTESIAN_POINT('',(-1.310114308,7.218891354,3.293855545));
#3025=CARTESIAN_POINT('',(-0.876706177,6.85717787,3.293855545));
#3026=CARTESIAN_POINT('',(-0.610395124,6.63492016,3.293855545));
#3027=CARTESIAN_POINT('',(-0.340698386,6.424411481,3.293855546));
#3028=CARTESIAN_POINT('',(-0.068810901,6.225369747,3.293855546));
#3029=CARTESIAN_POINT('',(-3.511651029,10.078685738,3.62341448));
#3030=CARTESIAN_POINT('',(-3.381472041,9.894470818,3.62341448));
#3031=CARTESIAN_POINT('',(-3.248174091,9.71415563,3.62341448));
#3032=CARTESIAN_POINT('',(-3.112062445,9.537877713,3.62341448));
#3033=CARTESIAN_POINT('',(-2.743395219,9.060417535,3.623414481));
#3034=CARTESIAN_POINT('',(-2.354114888,8.612567272,3.623414481));
#3035=CARTESIAN_POINT('',(-1.950300613,8.195532225,3.623414481));
#3036=CARTESIAN_POINT('',(-1.546486338,7.778497179,3.623414481));
#3037=CARTESIAN_POINT('',(-1.128160025,7.392261407,3.623414481));
#3038=CARTESIAN_POINT('',(-0.701029946,7.036691762,3.623414481));
#3039=CARTESIAN_POINT('',(-0.438576491,6.818209182,3.623414481));
#3040=CARTESIAN_POINT('',(-0.17280432,6.61129755,3.623414482));
#3041=CARTESIAN_POINT('',(0.095110514,6.415677685,3.623414482));
#3042=CARTESIAN_POINT('',(-3.33531512,10.182787332,3.972394256));
#3043=CARTESIAN_POINT('',(-3.206613758,10.00107544,3.972394256));
#3044=CARTESIAN_POINT('',(-3.0748376,9.823216485,3.972394256));
#3045=CARTESIAN_POINT('',(-2.940288139,9.649345919,3.972394256));
#3046=CARTESIAN_POINT('',(-2.575852189,9.178406206,3.972394256));
#3047=CARTESIAN_POINT('',(-2.191099074,8.736717872,3.972394256));
#3048=CARTESIAN_POINT('',(-1.792031155,8.325464331,3.972394256));
#3049=CARTESIAN_POINT('',(-1.392963236,7.91421079,3.972394256));
#3050=CARTESIAN_POINT('',(-0.97960212,7.533376281,3.972394256));
#3051=CARTESIAN_POINT('',(-0.55758263,7.18282335,3.972394257));
#3052=CARTESIAN_POINT('',(-0.298269417,6.967423329,3.972394257));
#3053=CARTESIAN_POINT('',(-0.035692306,6.763449154,3.972394257));
#3054=CARTESIAN_POINT('',(0.228988045,6.57062399,3.972394257));
#3055=CARTESIAN_POINT('',(-3.15897921,10.286888926,4.321374031));
#3056=CARTESIAN_POINT('',(-3.031755474,10.107680061,4.321374031));
#3057=CARTESIAN_POINT('',(-2.901501109,9.93227734,4.321374031));
#3058=CARTESIAN_POINT('',(-2.768513832,9.760814124,4.321374031));
#3059=CARTESIAN_POINT('',(-2.408309158,9.296394876,4.321374031));
#3060=CARTESIAN_POINT('',(-2.02808326,8.860868473,4.321374031));
#3061=CARTESIAN_POINT('',(-1.633761697,8.455396437,4.321374031));
#3062=CARTESIAN_POINT('',(-1.239440134,8.049924402,4.321374032));
#3063=CARTESIAN_POINT('',(-0.831044215,7.674491156,4.321374032));
#3064=CARTESIAN_POINT('',(-0.414135314,7.328954938,4.321374032));
#3065=CARTESIAN_POINT('',(-0.157962343,7.116637476,4.321374032));
#3066=CARTESIAN_POINT('',(0.101419707,6.915600758,4.321374032));
#3067=CARTESIAN_POINT('',(0.362865576,6.725570295,4.321374032));
#3068=CARTESIAN_POINT('',(-3.022419195,10.367085743,4.689423402));
#3069=CARTESIAN_POINT('',(-2.896333779,10.1898153,4.689423402));
#3070=CARTESIAN_POINT('',(-2.767251975,10.01631489,4.689423402));
#3071=CARTESIAN_POINT('',(-2.635468582,9.846716252,4.689423402));
#3072=CARTESIAN_POINT('',(-2.27852471,9.387347334,4.689423402));
#3073=CARTESIAN_POINT('',(-1.901789125,8.956594502,4.689423403));
#3074=CARTESIAN_POINT('',(-1.51112803,8.555602214,4.689423403));
#3075=CARTESIAN_POINT('',(-1.120466935,8.154609926,4.689423403));
#3076=CARTESIAN_POINT('',(-0.715901407,7.783362744,4.689423403));
#3077=CARTESIAN_POINT('',(-0.302936024,7.441715444,4.689423403));
#3078=CARTESIAN_POINT('',(-0.049186179,7.23178756,4.689423403));
#3079=CARTESIAN_POINT('',(0.207730091,7.033028297,4.689423403));
#3080=CARTESIAN_POINT('',(0.466679438,6.845164954,4.689423403));
#3081=CARTESIAN_POINT('',(-2.926258764,10.423463381,5.05918013));
#3082=CARTESIAN_POINT('',(-2.800973576,10.247557903,5.059180131));
#3083=CARTESIAN_POINT('',(-2.672716119,10.075397056,5.059180131));
#3084=CARTESIAN_POINT('',(-2.541779142,9.90711144,5.059180131));
#3085=CARTESIAN_POINT('',(-2.18712784,9.451298926,5.059180131));
#3086=CARTESIAN_POINT('',(-1.812846513,9.023907814,5.059180131));
#3087=CARTESIAN_POINT('',(-1.42475959,8.626070522,5.059180131));
#3088=CARTESIAN_POINT('',(-1.036672667,8.228233231,5.059180131));
#3089=CARTESIAN_POINT('',(-0.634801066,7.859934421,5.059180131));
#3090=CARTESIAN_POINT('',(-0.224609386,7.5210264,5.059180131));
#3091=CARTESIAN_POINT('',(0.027436136,7.312781687,5.059180131));
#3092=CARTESIAN_POINT('',(0.282618001,7.1156267,5.059180131));
#3093=CARTESIAN_POINT('',(0.53981125,6.929289988,5.059180131));
#3094=CARTESIAN_POINT('',(-2.830098332,10.479841019,5.428936859));
#3095=CARTESIAN_POINT('',(-2.705613373,10.305300505,5.428936859));
#3096=CARTESIAN_POINT('',(-2.578180264,10.134479223,5.428936859));
#3097=CARTESIAN_POINT('',(-2.448089701,9.967506628,5.428936859));
#3098=CARTESIAN_POINT('',(-2.095730971,9.515250517,5.428936859));
#3099=CARTESIAN_POINT('',(-1.7239039,9.091221126,5.428936859));
#3100=CARTESIAN_POINT('',(-1.33839115,8.696538831,5.428936859));
#3101=CARTESIAN_POINT('',(-0.9528784,8.301856537,5.428936859));
#3102=CARTESIAN_POINT('',(-0.553700724,7.936506097,5.428936859));
#3103=CARTESIAN_POINT('',(-0.146282748,7.600337356,5.428936859));
#3104=CARTESIAN_POINT('',(0.10405845,7.393775815,5.428936859));
#3105=CARTESIAN_POINT('',(0.357505911,7.198225104,5.428936859));
#3106=CARTESIAN_POINT('',(0.612943062,7.013415022,5.428936859));
#3107=CARTESIAN_POINT('',(-2.774172579,10.512506924,5.800163522));
#3108=CARTESIAN_POINT('',(-2.650151282,10.338760257,5.800163522));
#3109=CARTESIAN_POINT('',(-2.523195873,10.168718087,5.800163522));
#3110=CARTESIAN_POINT('',(-2.393595858,10.002509202,5.800163522));
#3111=CARTESIAN_POINT('',(-2.042565807,9.55232165,5.800163522));
#3112=CARTESIAN_POINT('',(-1.672161547,9.130247854,5.800163522));
#3113=CARTESIAN_POINT('',(-1.288141478,8.737401155,5.800163522));
#3114=CARTESIAN_POINT('',(-0.904121408,8.344554456,5.800163522));
#3115=CARTESIAN_POINT('',(-0.506506189,7.98091967,5.800163522));
#3116=CARTESIAN_POINT('',(-0.100697221,7.646345169,5.800163522));
#3117=CARTESIAN_POINT('',(0.148655308,7.440763222,5.800163522));
#3118=CARTESIAN_POINT('',(0.401096549,7.246146292,5.800163522));
#3119=CARTESIAN_POINT('',(0.655514801,7.062224897,5.800163522));
#3120=CARTESIAN_POINT('',(-2.752952774,10.524907533,6.158842072));
#3121=CARTESIAN_POINT('',(-2.629107492,10.351462073,6.158842072));
#3122=CARTESIAN_POINT('',(-2.502333424,10.181715518,6.158842072));
#3123=CARTESIAN_POINT('',(-2.372919624,10.015796403,6.158842072));
#3124=CARTESIAN_POINT('',(-2.022393949,9.56639371,6.158842072));
#3125=CARTESIAN_POINT('',(-1.652529774,9.145061898,6.158842072));
#3126=CARTESIAN_POINT('',(-1.269076295,8.752911641,6.158842072));
#3127=CARTESIAN_POINT('',(-0.885622816,8.360761384,6.158842072));
#3128=CARTESIAN_POINT('',(-0.488600656,7.997777519,6.158842072));
#3129=CARTESIAN_POINT('',(-0.083402403,7.663807861,6.158842072));
#3130=CARTESIAN_POINT('',(0.165574868,7.458597565,6.158842072));
#3131=CARTESIAN_POINT('',(0.417634194,7.264334899,6.158842072));
#3132=CARTESIAN_POINT('',(0.671665724,7.080750656,6.158842072));
#3133=CARTESIAN_POINT('',(-2.731732969,10.537308142,6.517520621));
#3134=CARTESIAN_POINT('',(-2.608063702,10.36416389,6.517520621));
#3135=CARTESIAN_POINT('',(-2.481470975,10.194712949,6.517520621));
#3136=CARTESIAN_POINT('',(-2.35224339,10.029083603,6.517520621));
#3137=CARTESIAN_POINT('',(-2.00222209,9.58046577,6.517520621));
#3138=CARTESIAN_POINT('',(-1.632898002,9.159875943,6.517520621));
#3139=CARTESIAN_POINT('',(-1.250011113,8.768422128,6.517520621));
#3140=CARTESIAN_POINT('',(-0.867124225,8.376968313,6.517520621));
#3141=CARTESIAN_POINT('',(-0.470695123,8.014635368,6.517520621));
#3142=CARTESIAN_POINT('',(-0.066107584,7.681270553,6.517520621));
#3143=CARTESIAN_POINT('',(0.182494429,7.476431907,6.517520621));
#3144=CARTESIAN_POINT('',(0.43417184,7.282523506,6.517520621));
#3145=CARTESIAN_POINT('',(0.687816646,7.099276414,6.517520621));
#3146=CARTESIAN_POINT('',(-2.745001931,10.529562116,6.863599088));
#3147=CARTESIAN_POINT('',(-2.621222716,10.356229516,6.863599088));
#3148=CARTESIAN_POINT('',(-2.494516711,10.186593722,6.863599088));
#3149=CARTESIAN_POINT('',(-2.365172799,10.020783175,6.863599088));
#3150=CARTESIAN_POINT('',(-2.014836419,9.571674548,6.863599088));
#3151=CARTESIAN_POINT('',(-1.645174914,9.15062072,6.863599088));
#3152=CARTESIAN_POINT('',(-1.261934027,8.758731367,6.863599088));
#3153=CARTESIAN_POINT('',(-0.878693139,8.366842013,6.863599088));
#3154=CARTESIAN_POINT('',(-0.48189348,8.00410198,6.863599088));
#3155=CARTESIAN_POINT('',(-0.076924331,7.670358877,6.863599088));
#3156=CARTESIAN_POINT('',(0.171912164,7.465287788,6.863599088));
#3157=CARTESIAN_POINT('',(0.423828224,7.271157811,6.863599088));
#3158=CARTESIAN_POINT('',(0.67771469,7.08769984,6.863599088));
#3159=CARTESIAN_POINT('',(-2.784080476,10.506711418,7.188569172));
#3160=CARTESIAN_POINT('',(-2.659976917,10.332824111,7.188569172));
#3161=CARTESIAN_POINT('',(-2.53293676,10.162643915,7.188569172));
#3162=CARTESIAN_POINT('',(-2.403249722,9.996299735,7.188569172));
#3163=CARTESIAN_POINT('',(-2.051983963,9.545745727,7.188569172));
#3164=CARTESIAN_POINT('',(-1.681327325,9.123325505,7.188569172));
#3165=CARTESIAN_POINT('',(-1.297042508,8.730153657,7.188569172));
#3166=CARTESIAN_POINT('',(-0.912757691,8.336981808,7.188569172));
#3167=CARTESIAN_POINT('',(-0.514865371,7.973043136,7.188569172));
#3168=CARTESIAN_POINT('',(-0.108771066,7.638186273,7.188569172));
#3169=CARTESIAN_POINT('',(0.14075679,7.432430825,7.188569172));
#3170=CARTESIAN_POINT('',(0.393376465,7.237648516,7.188569172));
#3171=CARTESIAN_POINT('',(0.647975392,7.053569736,7.188569172));
#3172=CARTESIAN_POINT('',(-2.823159022,10.483860719,7.513539256));
#3173=CARTESIAN_POINT('',(-2.698731118,10.309418706,7.513539256));
#3174=CARTESIAN_POINT('',(-2.571356809,10.138694107,7.513539256));
#3175=CARTESIAN_POINT('',(-2.441326646,9.971816294,7.513539256));
#3176=CARTESIAN_POINT('',(-2.089131507,9.519816905,7.513539256));
#3177=CARTESIAN_POINT('',(-1.717479736,9.096030291,7.513539256));
#3178=CARTESIAN_POINT('',(-1.332150989,8.701575946,7.513539256));
#3179=CARTESIAN_POINT('',(-0.946822242,8.307121602,7.513539256));
#3180=CARTESIAN_POINT('',(-0.547837263,7.941984292,7.513539256));
#3181=CARTESIAN_POINT('',(-0.140617801,7.606013669,7.513539256));
#3182=CARTESIAN_POINT('',(0.109601417,7.399573862,7.513539255));
#3183=CARTESIAN_POINT('',(0.362924706,7.204139221,7.513539255));
#3184=CARTESIAN_POINT('',(0.618236094,7.019439632,7.513539255));
#3185=CARTESIAN_POINT('',(-2.887888642,10.44598653,7.817478975));
#3186=CARTESIAN_POINT('',(-2.76292315,10.270625702,7.817478975));
#3187=CARTESIAN_POINT('',(-2.63499501,10.098999363,7.817478975));
#3188=CARTESIAN_POINT('',(-2.504396152,9.931237655,7.817478975));
#3189=CARTESIAN_POINT('',(-2.150660669,9.47684418,7.817478975));
#3190=CARTESIAN_POINT('',(-1.777359656,9.050794366,7.817478975));
#3191=CARTESIAN_POINT('',(-1.390300868,8.654215835,7.817478975));
#3192=CARTESIAN_POINT('',(-1.00324208,8.257637304,7.817478975));
#3193=CARTESIAN_POINT('',(-0.602446367,7.890514755,7.817478974));
#3194=CARTESIAN_POINT('',(-0.193362376,7.552699521,7.817478974));
#3195=CARTESIAN_POINT('',(0.058002517,7.345126279,7.817478974));
#3196=CARTESIAN_POINT('',(0.312491765,7.148611266,7.817478974));
#3197=CARTESIAN_POINT('',(0.568983754,6.962883531,7.817478974));
#3198=CARTESIAN_POINT('',(-2.969326693,10.398203378,8.097105951));
#3199=CARTESIAN_POINT('',(-2.843682963,10.221686565,8.097105951));
#3200=CARTESIAN_POINT('',(-2.715056162,10.048925764,8.097105951));
#3201=CARTESIAN_POINT('',(-2.583739959,9.880052083,8.097105951));
#3202=CARTESIAN_POINT('',(-2.228061498,9.422646757,8.097105951));
#3203=CARTESIAN_POINT('',(-1.852680603,8.993750048,8.097105951));
#3204=CARTESIAN_POINT('',(-1.463440416,8.594499766,8.09710595));
#3205=CARTESIAN_POINT('',(-1.074200229,8.195249483,8.09710595));
#3206=CARTESIAN_POINT('',(-0.671121739,7.825630242,8.09710595));
#3207=CARTESIAN_POINT('',(-0.259687452,7.485495453,8.09710595));
#3208=CARTESIAN_POINT('',(-0.006878402,7.276496943,8.09710595));
#3209=CARTESIAN_POINT('',(0.249080461,7.0786235,8.09710595));
#3210=CARTESIAN_POINT('',(0.507060418,6.891603112,8.09710595));
#3211=CARTESIAN_POINT('',(-3.050764745,10.350420227,8.376732927));
#3212=CARTESIAN_POINT('',(-2.924442777,10.172747429,8.376732927));
#3213=CARTESIAN_POINT('',(-2.795117315,9.998852164,8.376732927));
#3214=CARTESIAN_POINT('',(-2.663083765,9.828866511,8.376732926));
#3215=CARTESIAN_POINT('',(-2.305462326,9.368449334,8.376732926));
#3216=CARTESIAN_POINT('',(-1.92800155,8.936705731,8.376732926));
#3217=CARTESIAN_POINT('',(-1.536579964,8.534783696,8.376732926));
#3218=CARTESIAN_POINT('',(-1.145158378,8.132861662,8.376732926));
#3219=CARTESIAN_POINT('',(-0.73979711,7.760745729,8.376732926));
#3220=CARTESIAN_POINT('',(-0.326012529,7.418291385,8.376732926));
#3221=CARTESIAN_POINT('',(-0.071759321,7.207867606,8.376732926));
#3222=CARTESIAN_POINT('',(0.185669156,7.008635734,8.376732926));
#3223=CARTESIAN_POINT('',(0.445137082,6.820322693,8.376732926));
#3224=CARTESIAN_POINT('',(-3.148841101,10.29276447,8.632164691));
#3225=CARTESIAN_POINT('',(-3.021700763,10.113699512,8.632164691));
#3226=CARTESIAN_POINT('',(-2.891532345,9.938438041,8.632164691));
#3227=CARTESIAN_POINT('',(-2.758633347,9.767113296,8.632164691));
#3228=CARTESIAN_POINT('',(-2.398667787,9.303069106,8.632164691));
#3229=CARTESIAN_POINT('',(-2.018698102,8.867897381,8.632164691));
#3230=CARTESIAN_POINT('',(-1.624645466,8.462758357,8.63216469));
#3231=CARTESIAN_POINT('',(-1.230592831,8.057619333,8.63216469));
#3232=CARTESIAN_POINT('',(-0.822478537,7.682497442,8.63216469));
#3233=CARTESIAN_POINT('',(-0.405859757,7.33725064,8.63216469));
#3234=CARTESIAN_POINT('',(-0.149865053,7.125111013,8.63216469));
#3235=CARTESIAN_POINT('',(0.109335525,6.924243853,8.63216469));
#3236=CARTESIAN_POINT('',(0.370597602,6.734374796,8.63216469));
#3237=CARTESIAN_POINT('',(-3.256057174,10.229548538,8.863800922));
#3238=CARTESIAN_POINT('',(-3.128019544,10.048961685,8.863800922));
#3239=CARTESIAN_POINT('',(-2.996926973,9.872206746,8.863800922));
#3240=CARTESIAN_POINT('',(-2.863079255,9.699418233,8.863800922));
#3241=CARTESIAN_POINT('',(-2.500544025,9.231409329,8.863800922));
#3242=CARTESIAN_POINT('',(-2.11782467,8.792490717,8.863800922));
#3243=CARTESIAN_POINT('',(-1.720889038,8.383835963,8.863800922));
#3244=CARTESIAN_POINT('',(-1.323953406,7.975181208,8.863800921));
#3245=CARTESIAN_POINT('',(-0.912822971,7.596774633,8.863800921));
#3246=CARTESIAN_POINT('',(-0.493099548,7.248476837,8.863800921));
#3247=CARTESIAN_POINT('',(-0.235197172,7.034462502,8.863800921));
#3248=CARTESIAN_POINT('',(0.025944448,6.831808811,8.863800921));
#3249=CARTESIAN_POINT('',(0.289171576,6.640239981,8.863800921));
#3250=CARTESIAN_POINT('',(-3.363273247,10.166332607,9.095437153));
#3251=CARTESIAN_POINT('',(-3.234338326,9.984223858,9.095437153));
#3252=CARTESIAN_POINT('',(-3.102321601,9.805975452,9.095437153));
#3253=CARTESIAN_POINT('',(-2.967525164,9.631723169,9.095437153));
#3254=CARTESIAN_POINT('',(-2.602420263,9.159749552,9.095437153));
#3255=CARTESIAN_POINT('',(-2.216951237,8.717084053,9.095437153));
#3256=CARTESIAN_POINT('',(-1.817132609,8.304913568,9.095437153));
#3257=CARTESIAN_POINT('',(-1.417313981,7.892743083,9.095437152));
#3258=CARTESIAN_POINT('',(-1.003167405,7.511051824,9.095437152));
#3259=CARTESIAN_POINT('',(-0.580339339,7.159703033,9.095437152));
#3260=CARTESIAN_POINT('',(-0.32052929,6.94381399,9.095437152));
#3261=CARTESIAN_POINT('',(-0.057446629,6.739373769,9.095437152));
#3262=CARTESIAN_POINT('',(0.20774555,6.546105167,9.095437152));
#3263=CARTESIAN_POINT('',(-3.479622261,10.097561156,9.303377618));
#3264=CARTESIAN_POINT('',(-3.349711193,9.913800873,9.303377618));
#3265=CARTESIAN_POINT('',(-3.216689187,9.733931833,9.303377618));
#3266=CARTESIAN_POINT('',(-3.080860825,9.558091195,9.303377618));
#3267=CARTESIAN_POINT('',(-2.712960893,9.081815414,9.303377618));
#3268=CARTESIAN_POINT('',(-2.324501633,8.635084497,9.303377618));
#3269=CARTESIAN_POINT('',(-1.921548269,8.219099759,9.303377618));
#3270=CARTESIAN_POINT('',(-1.518594904,7.803115022,9.303377618));
#3271=CARTESIAN_POINT('',(-1.101169286,7.417860555,9.303377618));
#3272=CARTESIAN_POINT('',(-0.674966351,7.063202419,9.303377618));
#3273=CARTESIAN_POINT('',(-0.413082588,6.845279924,9.303377618));
#3274=CARTESIAN_POINT('',(-0.14789008,6.63890204,9.303377618));
#3275=CARTESIAN_POINT('',(0.119437913,6.443790011,9.303377618));
#3276=CARTESIAN_POINT('',(-3.599591674,10.026453134,9.490041189));
#3277=CARTESIAN_POINT('',(-3.468671293,9.840989926,9.490041189));
#3278=CARTESIAN_POINT('',(-3.33460995,9.659449883,9.490041189));
#3279=CARTESIAN_POINT('',(-3.197714802,9.481971582,9.490041189));
#3280=CARTESIAN_POINT('',(-2.826925407,9.001260083,9.490041189));
#3281=CARTESIAN_POINT('',(-2.435375563,8.550337981,9.490041189));
#3282=CARTESIAN_POINT('',(-2.029182822,8.130421406,9.490041189));
#3283=CARTESIAN_POINT('',(-1.62299008,7.710504831,9.490041189));
#3284=CARTESIAN_POINT('',(-1.202176497,7.321577751,9.490041189));
#3285=CARTESIAN_POINT('',(-0.772487035,6.963509072,9.490041189));
#3286=CARTESIAN_POINT('',(-0.508460947,6.743490941,9.490041189));
#3287=CARTESIAN_POINT('',(-0.241088954,6.535116308,9.490041189));
#3288=CARTESIAN_POINT('',(0.028445203,6.338104801,9.490041189));
#3289=CARTESIAN_POINT('',(-3.719561087,9.955345111,9.67670476));
#3290=CARTESIAN_POINT('',(-3.587631393,9.768178979,9.67670476));
#3291=CARTESIAN_POINT('',(-3.452530713,9.584967933,9.67670476));
#3292=CARTESIAN_POINT('',(-3.314568778,9.405851968,9.67670476));
#3293=CARTESIAN_POINT('',(-2.940889922,8.920704752,9.67670476));
#3294=CARTESIAN_POINT('',(-2.546249492,8.465591465,9.67670476));
#3295=CARTESIAN_POINT('',(-2.136817374,8.041743052,9.67670476));
#3296=CARTESIAN_POINT('',(-1.727385257,7.61789464,9.67670476));
#3297=CARTESIAN_POINT('',(-1.303183707,7.225294946,9.67670476));
#3298=CARTESIAN_POINT('',(-0.870007719,6.863815724,9.67670476));
#3299=CARTESIAN_POINT('',(-0.603839307,6.641701957,9.67670476));
#3300=CARTESIAN_POINT('',(-0.334287828,6.431330576,9.67670476));
#3301=CARTESIAN_POINT('',(-0.062547508,6.232419591,9.67670476));
#3302=CARTESIAN_POINT('',(-3.8431735,9.881889408,9.842156472));
#3303=CARTESIAN_POINT('',(-3.71020117,9.69296864,9.842156472));
#3304=CARTESIAN_POINT('',(-3.574026935,9.508035906,9.842156472));
#3305=CARTESIAN_POINT('',(-3.43496318,9.32723266,9.842156472));
#3306=CARTESIAN_POINT('',(-3.058299975,8.837515334,9.842156472));
#3307=CARTESIAN_POINT('',(-2.660468112,8.378084296,9.842156472));
#3308=CARTESIAN_POINT('',(-2.247691449,7.950185708,9.842156472));
#3309=CARTESIAN_POINT('',(-1.834914786,7.522287121,9.842156472));
#3310=CARTESIAN_POINT('',(-1.40721579,7.125904698,9.842156472));
#3311=CARTESIAN_POINT('',(-0.970441037,6.76091307,9.842156472));
#3312=CARTESIAN_POINT('',(-0.702061337,6.536641078,9.842156472));
#3313=CARTESIAN_POINT('',(-0.430260367,6.324213472,9.842156472));
#3314=CARTESIAN_POINT('',(-0.156243163,6.123346585,9.842156472));
#3315=CARTESIAN_POINT('',(-3.966755257,9.808273534,9.989596008));
#3316=CARTESIAN_POINT('',(-3.832738017,9.617598565,9.989596008));
#3317=CARTESIAN_POINT('',(-3.695487976,9.430944625,9.989596008));
#3318=CARTESIAN_POINT('',(-3.555320177,9.248454622,9.989596008));
#3319=CARTESIAN_POINT('',(-3.175666598,8.754168605,9.989596008));
#3320=CARTESIAN_POINT('',(-2.774637465,8.290421555,9.989596008));
#3321=CARTESIAN_POINT('',(-2.358510648,7.858474797,9.989596008));
#3322=CARTESIAN_POINT('',(-1.94238383,7.426528038,9.989596008));
#3323=CARTESIAN_POINT('',(-1.511182004,7.026365157,9.989596008));
#3324=CARTESIAN_POINT('',(-1.070803352,6.657863607,9.989596008));
#3325=CARTESIAN_POINT('',(-0.800209208,6.431434916,9.989596008));
#3326=CARTESIAN_POINT('',(-0.526155687,6.216952691,9.989596008));
#3327=CARTESIAN_POINT('',(-0.249858635,6.014131575,9.989596008));
#3328=CARTESIAN_POINT('',(-3.966755843,9.808273168,9.989596717));
#3329=CARTESIAN_POINT('',(-3.832738597,9.617598191,9.989596717));
#3330=CARTESIAN_POINT('',(-3.695488551,9.430944242,9.989596717));
#3331=CARTESIAN_POINT('',(-3.555320747,9.248454231,9.989596717));
#3332=CARTESIAN_POINT('',(-3.175667153,8.754168192,9.989596717));
#3333=CARTESIAN_POINT('',(-2.774638004,8.290421122,9.989596717));
#3334=CARTESIAN_POINT('',(-2.35851117,7.858474345,9.989596717));
#3335=CARTESIAN_POINT('',(-1.942384337,7.426527567,9.989596717));
#3336=CARTESIAN_POINT('',(-1.511182493,7.026364668,9.989596717));
#3337=CARTESIAN_POINT('',(-1.070803824,6.657863102,9.989596717));
#3338=CARTESIAN_POINT('',(-0.800209668,6.4314344,9.989596717));
#3339=CARTESIAN_POINT('',(-0.526156137,6.216952166,9.989596717));
#3340=CARTESIAN_POINT('',(-0.249859073,6.014131041,9.989596717));
#3341=CARTESIAN_POINT('',(-3.966756429,9.808272801,9.989597427));
#3342=CARTESIAN_POINT('',(-3.832739178,9.617597816,9.989597427));
#3343=CARTESIAN_POINT('',(-3.695489127,9.430943859,9.989597427));
#3344=CARTESIAN_POINT('',(-3.555321317,9.24845384,9.989597427));
#3345=CARTESIAN_POINT('',(-3.175667708,8.75416778,9.989597427));
#3346=CARTESIAN_POINT('',(-2.774638544,8.29042069,9.989597427));
#3347=CARTESIAN_POINT('',(-2.358511693,7.858473893,9.989597427));
#3348=CARTESIAN_POINT('',(-1.942384843,7.426527096,9.989597427));
#3349=CARTESIAN_POINT('',(-1.511182982,7.02636418,9.989597426));
#3350=CARTESIAN_POINT('',(-1.070804295,6.657862596,9.989597426));
#3351=CARTESIAN_POINT('',(-0.800210129,6.431433885,9.989597426));
#3352=CARTESIAN_POINT('',(-0.526156586,6.216951641,9.989597426));
#3353=CARTESIAN_POINT('',(-0.249859512,6.014130507,9.989597426));
#3354=CARTESIAN_POINT('',(-3.966757014,9.808272435,9.989598136));
#3355=CARTESIAN_POINT('',(-3.832739759,9.617597441,9.989598136));
#3356=CARTESIAN_POINT('',(-3.695489702,9.430943476,9.989598136));
#3357=CARTESIAN_POINT('',(-3.555321887,9.24845345,9.989598136));
#3358=CARTESIAN_POINT('',(-3.175668263,8.754167368,9.989598136));
#3359=CARTESIAN_POINT('',(-2.774639083,8.290420257,9.989598136));
#3360=CARTESIAN_POINT('',(-2.358512216,7.858473441,9.989598136));
#3361=CARTESIAN_POINT('',(-1.942385349,7.426526625,9.989598136));
#3362=CARTESIAN_POINT('',(-1.511183471,7.026363691,9.989598136));
#3363=CARTESIAN_POINT('',(-1.070804766,6.657862091,9.989598136));
#3364=CARTESIAN_POINT('',(-0.800210589,6.43143337,9.989598136));
#3365=CARTESIAN_POINT('',(-0.526157036,6.216951116,9.989598136));
#3366=CARTESIAN_POINT('',(-0.24985995,6.014129973,9.989598136));
#3367=B_SPLINE_SURFACE_WITH_KNOTS('',3,3,((#2964,#2965,#2966,#2967,#2968,#2969,#2970,#2971,#2972,#2973,#2974,#2975,#2976),(#2977,#2978,#2979,#2980,#2981,#2982,#2983,#2984,#2985,#2986,#2987,#2988,#2989),(#2990,#2991,#2992,#2993,#2994,#2995,#2996,#2997,#2998,#2999,#3000,#3001,#3002),(#3003,#3004,#3005,#3006,#3007,#3008,#3009,#3010,#3011,#3012,#3013,#3014,#3015),(#3016,#3017,#3018,#3019,#3020,#3021,#3022,#3023,#3024,#3025,#3026,#3027,#3028),(#3029,#3030,#3031,#3032,#3033,#3034,#3035,#3036,#3037,#3038,#3039,#3040,#3041),(#3042,#3043,#3044,#3045,#3046,#3047,#3048,#3049,#3050,#3051,#3052,#3053,#3054),(#3055,#3056,#3057,#3058,#3059,#3060,#3061,#3062,#3063,#3064,#3065,#3066,#3067),(#3068,#3069,#3070,#3071,#3072,#3073,#3074,#3075,#3076,#3077,#3078,#3079,#3080),(#3081,#3082,#3083,#3084,#3085,#3086,#3087,#3088,#3089,#3090,#3091,#3092,#3093),(#3094,#3095,#3096,#3097,#3098,#3099,#3100,#3101,#3102,#3103,#3104,#3105,#3106),(#3107,#3108,#3109,#3110,#3111,#3112,#3113,#3114,#3115,#3116,#3117,#3118,#3119),(#3120,#3121,#3122,#3123,#3124,#3125,#3126,#3127,#3128,#3129,#3130,#3131,#3132),(#3133,#3134,#3135,#3136,#3137,#3138,#3139,#3140,#3141,#3142,#3143,#3144,#3145),(#3146,#3147,#3148,#3149,#3150,#3151,#3152,#3153,#3154,#3155,#3156,#3157,#3158),(#3159,#3160,#3161,#3162,#3163,#3164,#3165,#3166,#3167,#3168,#3169,#3170,#3171),(#3172,#3173,#3174,#3175,#3176,#3177,#3178,#3179,#3180,#3181,#3182,#3183,#3184),(#3185,#3186,#3187,#3188,#3189,#3190,#3191,#3192,#3193,#3194,#3195,#3196,#3197),(#3198,#3199,#3200,#3201,#3202,#3203,#3204,#3205,#3206,#3207,#3208,#3209,#3210),(#3211,#3212,#3213,#3214,#3215,#3216,#3217,#3218,#3219,#3220,#3221,#3222,#3223),(#3224,#3225,#3226,#3227,#3228,#3229,#3230,#3231,#3232,#3233,#3234,#3235,#3236),(#3237,#3238,#3239,#3240,#3241,#3242,#3243,#3244,#3245,#3246,#3247,#3248,#3249),(#3250,#3251,#3252,#3253,#3254,#3255,#3256,#3257,#3258,#3259,#3260,#3261,#3262),(#3263,#3264,#3265,#3266,#3267,#3268,#3269,#3270,#3271,#3272,#3273,#3274,#3275),(#3276,#3277,#3278,#3279,#3280,#3281,#3282,#3283,#3284,#3285,#3286,#3287,#3288),(#3289,#3290,#3291,#3292,#3293,#3294,#3295,#3296,#3297,#3298,#3299,#3300,#3301),
(#3302,#3303,#3304,#3305,#3306,#3307,#3308,#3309,#3310,#3311,#3312,#3313,#3314),(#3315,#3316,#3317,#3318,#3319,#3320,#3321,#3322,#3323,#3324,#3325,#3326,#3327),(#3328,#3329,#3330,#3331,#3332,#3333,#3334,#3335,#3336,#3337,#3338,#3339,#3340),(#3341,#3342,#3343,#3344,#3345,#3346,#3347,#3348,#3349,#3350,#3351,#3352,#3353),(#3354,#3355,#3356,#3357,#3358,#3359,#3360,#3361,#3362,#3363,#3364,#3365,#3366)),.UNSPECIFIED.,.F.,.F.,.U.,(4,3,3,3,3,3,3,3,3,3,4),(4,3,3,3,4),(0.738339983,0.752919783,0.78380481,0.814689837,0.845574864,0.876459891,0.907344919,0.938229946,0.969114973,1.,1.000000106),(0.822356855,0.828125573,0.843750521,0.859375469,0.868976342),.UNSPECIFIED.);
#3368=ORIENTED_EDGE('',*,*,#214,.T.);
#3369=ORIENTED_EDGE('',*,*,#2613,.F.);
#3370=ORIENTED_EDGE('',*,*,#1178,.T.);
#3371=ORIENTED_EDGE('',*,*,#749,.T.);
#3372=ORIENTED_EDGE('',*,*,#914,.T.);
#3373=ORIENTED_EDGE('',*,*,#1583,.T.);
#3374=ORIENTED_EDGE('',*,*,#2954,.T.);
#3375=EDGE_LOOP('',(#3368,#3369,#3370,#3371,#3372,#3373,#3374));
#3376=FACE_BOUND('',#3375,.T.);
#3377=ADVANCED_FACE('',(#3376),#3367,.T.);
#3378=CARTESIAN_POINT('',(-2.819574901,7.5,10.583161764));
#3379=CARTESIAN_POINT('',(-2.819574901,9.5,10.583161764));
#3380=CARTESIAN_POINT('',(-4.460057003,7.5,10.583161764));
#3381=CARTESIAN_POINT('',(-4.460057003,9.5,10.583161764));
#3382=B_SPLINE_SURFACE_WITH_KNOTS('',1,1,((#3378,#3379),(#3380,#3381)),.UNSPECIFIED.,.F.,.F.,.U.,(2,2),(2,2),(-0.001640482,0.),(-0.029965006,-0.027965006),.UNSPECIFIED.);
#3383=ORIENTED_EDGE('',*,*,#2605,.F.);
#3384=CARTESIAN_POINT('',(-4.460057003,9.5,10.583161764));
#3385=CARTESIAN_POINT('',(-4.460057003,7.5,10.583161764));
#3386=B_SPLINE_CURVE_WITH_KNOTS('',1,(#3384,#3385),.UNSPECIFIED.,.F.,.F.,(2,2),(0.027965006,0.029965006),.UNSPECIFIED.);
#3387=EDGE_CURVE('',#153,#1116,#3386,.T.);
#3388=ORIENTED_EDGE('',*,*,#3387,.T.);
#3389=ORIENTED_EDGE('',*,*,#1120,.F.);
#3390=EDGE_LOOP('',(#3383,#3388,#3389));
#3391=FACE_BOUND('',#3390,.T.);
#3392=ADVANCED_FACE('',(#3391),#3382,.F.);
#3393=CARTESIAN_POINT('',(-4.460057003,7.5,10.583161764));
#3394=CARTESIAN_POINT('',(-4.460057003,9.5,10.583161764));
#3395=CARTESIAN_POINT('',(-4.460057003,7.5,16.));
#3396=CARTESIAN_POINT('',(-4.460057003,9.5,16.));
#3397=B_SPLINE_SURFACE_WITH_KNOTS('',1,1,((#3393,#3394),(#3395,#3396)),.UNSPECIFIED.,.F.,.F.,.U.,(2,2),(2,2),(-0.005416838,0.),(-0.029965006,-0.027965006),.UNSPECIFIED.);
#3398=ORIENTED_EDGE('',*,*,#3387,.F.);
#3399=ORIENTED_EDGE('',*,*,#157,.F.);
#3400=ORIENTED_EDGE('',*,*,#729,.T.);
#3401=ORIENTED_EDGE('',*,*,#1125,.F.);
#3402=EDGE_LOOP('',(#3398,#3399,#3400,#3401));
#3403=FACE_BOUND('',#3402,.T.);
#3404=ADVANCED_FACE('',(#3403),#3397,.F.);
#3405=CARTESIAN_POINT('',(-4.460057003,-9.5,10.583161764));
#3406=CARTESIAN_POINT('',(-4.460057003,-7.5,10.583161764));
#3407=CARTESIAN_POINT('',(-4.460057003,-9.5,16.));
#3408=CARTESIAN_POINT('',(-4.460057003,-7.5,16.));
#3409=B_SPLINE_SURFACE_WITH_KNOTS('',1,1,((#3405,#3406),(#3407,#3408)),.UNSPECIFIED.,.F.,.F.,.U.,(2,2),(2,2),(-0.005416838,0.),(-0.046965006,-0.044965006),.UNSPECIFIED.);
#3410=ORIENTED_EDGE('',*,*,#1008,.T.);
#3411=ORIENTED_EDGE('',*,*,#703,.T.);
#3412=ORIENTED_EDGE('',*,*,#425,.F.);
#3413=CARTESIAN_POINT('',(-4.460057003,-7.5,10.583161764));
#3414=CARTESIAN_POINT('',(-4.460057003,-9.5,10.583161764));
#3415=B_SPLINE_CURVE_WITH_KNOTS('',1,(#3413,#3414),.UNSPECIFIED.,.F.,.F.,(2,2),(0.044965006,0.046965006),.UNSPECIFIED.);
#3416=EDGE_CURVE('',#1004,#412,#3415,.T.);
#3417=ORIENTED_EDGE('',*,*,#3416,.F.);
#3418=EDGE_LOOP('',(#3410,#3411,#3412,#3417));
#3419=FACE_BOUND('',#3418,.T.);
#3420=ADVANCED_FACE('',(#3419),#3409,.F.);
#3421=CARTESIAN_POINT('',(-2.819574901,-9.5,10.583161764));
#3422=CARTESIAN_POINT('',(-2.819574901,-7.5,10.583161764));
#3423=CARTESIAN_POINT('',(-4.460057003,-9.5,10.583161764));
#3424=CARTESIAN_POINT('',(-4.460057003,-7.5,10.583161764));
#3425=B_SPLINE_SURFACE_WITH_KNOTS('',1,1,((#3421,#3422),(#3423,#3424)),.UNSPECIFIED.,.F.,.F.,.U.,(2,2),(2,2),(-0.001640482,0.),(-0.046965006,-0.044965006),.UNSPECIFIED.);
#3426=ORIENTED_EDGE('',*,*,#1015,.T.);
#3427=ORIENTED_EDGE('',*,*,#3416,.T.);
#3428=ORIENTED_EDGE('',*,*,#1775,.F.);
#3429=EDGE_LOOP('',(#3426,#3427,#3428));
#3430=FACE_BOUND('',#3429,.T.);
#3431=ADVANCED_FACE('',(#3430),#3425,.F.);
#3432=CARTESIAN_POINT('',(-80.,-9.5,7.485582816));
#3433=CARTESIAN_POINT('',(-80.,9.5,7.485582816));
#3434=CARTESIAN_POINT('',(-80.,-9.5,8.3));
#3435=CARTESIAN_POINT('',(-80.,9.5,8.3));
#3436=CARTESIAN_POINT('',(-79.185582816,-9.5,8.3));
#3437=CARTESIAN_POINT('',(-79.185582816,9.5,8.3));
#3438=(BOUNDED_SURFACE()
B_SPLINE_SURFACE(2,1,((#3432,#3433),(#3434,#3435),(#3436,#3437)),.UNSPECIFIED.,.F.,.F.,.U.)
B_SPLINE_SURFACE_WITH_KNOTS((3,3),(2,2),(4.749981681,6.283185307),(-0.019118243,-0.000118243),.UNSPECIFIED.)
GEOMETRIC_REPRESENTATION_ITEM()
RATIONAL_B_SPLINE_SURFACE(((0.803847577,0.803847577),(0.633974596,0.633974596),(1.,1.)))
REPRESENTATION_ITEM('')
SURFACE()
);
#3439=ORIENTED_EDGE('',*,*,#47,.F.);
#3440=ORIENTED_EDGE('',*,*,#1259,.F.);
#3441=ORIENTED_EDGE('',*,*,#280,.F.);
#3442=ORIENTED_EDGE('',*,*,#1658,.F.);
#3443=EDGE_LOOP('',(#3439,#3440,#3441,#3442));
#3444=FACE_BOUND('',#3443,.T.);
#3445=ADVANCED_FACE('',(#3444),#3438,.F.);
#3446=CARTESIAN_POINT('',(-79.185582816,-9.5,5.8));
#3447=CARTESIAN_POINT('',(-79.185582816,9.5,5.8));
#3448=CARTESIAN_POINT('',(-79.655786796,-9.5,5.8));
#3449=CARTESIAN_POINT('',(-79.655786796,9.5,5.8));
#3450=CARTESIAN_POINT('',(-79.890888787,-9.5,6.207208592));
#3451=CARTESIAN_POINT('',(-79.890888787,9.5,6.207208592));
#3452=CARTESIAN_POINT('',(-80.,-9.5,6.396194757));
#3453=CARTESIAN_POINT('',(-80.,9.5,6.396194757));
#3454=CARTESIAN_POINT('',(-80.,-9.5,6.614417184));
#3455=CARTESIAN_POINT('',(-80.,9.5,6.614417184));
#3456=(BOUNDED_SURFACE()
B_SPLINE_SURFACE(2,1,((#3446,#3447),(#3448,#3449),(#3450,#3451),(#3452,#3453),(#3454,#3455)),.UNSPECIFIED.,.F.,.F.,.U.)
B_SPLINE_SURFACE_WITH_KNOTS((3,2,3),(2,2),(3.141592654,4.188790205,4.749981681),(-0.087490558,-0.068490558),.UNSPECIFIED.)
GEOMETRIC_REPRESENTATION_ITEM()
RATIONAL_B_SPLINE_SURFACE(((0.75,0.75),(0.75,0.75),(1.,1.),(0.866025404,0.866025404),(0.803847577,0.803847577)))
REPRESENTATION_ITEM('')
SURFACE()
);
#3457=ORIENTED_EDGE('',*,*,#62,.F.);
#3458=ORIENTED_EDGE('',*,*,#1664,.F.);
#3459=ORIENTED_EDGE('',*,*,#265,.F.);
#3460=ORIENTED_EDGE('',*,*,#1199,.F.);
#3461=EDGE_LOOP('',(#3457,#3458,#3459,#3460));
#3462=FACE_BOUND('',#3461,.T.);
#3463=ADVANCED_FACE('',(#3462),#3456,.F.);
#3464=CARTESIAN_POINT('',(-44.814417184,-9.5,8.3));
#3465=CARTESIAN_POINT('',(-44.814417184,-7.5,8.3));
#3466=CARTESIAN_POINT('',(-44.,-9.5,8.3));
#3467=CARTESIAN_POINT('',(-44.,-7.5,8.3));
#3468=CARTESIAN_POINT('',(-44.,-9.5,7.485582816));
#3469=CARTESIAN_POINT('',(-44.,-7.5,7.485582816));
#3470=(BOUNDED_SURFACE()
B_SPLINE_SURFACE(2,1,((#3464,#3465),(#3466,#3467),(#3468,#3469)),.UNSPECIFIED.,.F.,.F.,.U.)
B_SPLINE_SURFACE_WITH_KNOTS((3,3),(2,2),(0.,1.533203626),(-0.087490558,-0.085490558),.UNSPECIFIED.)
GEOMETRIC_REPRESENTATION_ITEM()
RATIONAL_B_SPLINE_SURFACE(((1.,1.),(0.633974596,0.633974596),(0.803847577,0.803847577)))
REPRESENTATION_ITEM('')
SURFACE()
);
#3471=ORIENTED_EDGE('',*,*,#1068,.F.);
#3472=ORIENTED_EDGE('',*,*,#1287,.F.);
#3473=ORIENTED_EDGE('',*,*,#295,.F.);
#3474=ORIENTED_EDGE('',*,*,#1273,.F.);
#3475=EDGE_LOOP('',(#3471,#3472,#3473,#3474));
#3476=FACE_BOUND('',#3475,.T.);
#3477=ADVANCED_FACE('',(#3476),#3470,.F.);
#3478=CARTESIAN_POINT('',(-44.,-9.5,6.614417184));
#3479=CARTESIAN_POINT('',(-44.,-7.394978992,6.614417184));
#3480=CARTESIAN_POINT('',(-44.,-9.5,6.396194757));
#3481=CARTESIAN_POINT('',(-44.,-7.394978992,6.396194757));
#3482=CARTESIAN_POINT('',(-44.109111213,-9.5,6.207208592));
#3483=CARTESIAN_POINT('',(-44.109111213,-7.394978992,6.207208592));
#3484=CARTESIAN_POINT('',(-44.344213204,-9.5,5.8));
#3485=CARTESIAN_POINT('',(-44.344213204,-7.394978992,5.8));
#3486=CARTESIAN_POINT('',(-44.814417184,-9.5,5.8));
#3487=CARTESIAN_POINT('',(-44.814417184,-7.394978992,5.8));
#3488=(BOUNDED_SURFACE()
B_SPLINE_SURFACE(2,1,((#3478,#3479),(#3480,#3481),(#3482,#3483),(#3484,#3485),(#3486,#3487)),.UNSPECIFIED.,.F.,.F.,.U.)
B_SPLINE_SURFACE_WITH_KNOTS((3,2,3),(2,2),(1.533203626,2.094395102,3.141592654),(-0.087490558,-0.085385537),.UNSPECIFIED.)
GEOMETRIC_REPRESENTATION_ITEM()
RATIONAL_B_SPLINE_SURFACE(((0.803847577,0.803847577),(0.866025404,0.866025404),(1.,1.),(0.75,0.75),(0.75,0.75)))
REPRESENTATION_ITEM('')
SURFACE()
);
#3489=ORIENTED_EDGE('',*,*,#1614,.F.);
#3490=ORIENTED_EDGE('',*,*,#1207,.F.);
#3491=ORIENTED_EDGE('',*,*,#308,.F.);
#3492=ORIENTED_EDGE('',*,*,#1293,.F.);
#3493=ORIENTED_EDGE('',*,*,#1053,.F.);
#3494=EDGE_LOOP('',(#3489,#3490,#3491,#3492,#3493));
#3495=FACE_BOUND('',#3494,.T.);
#3496=ADVANCED_FACE('',(#3495),#3488,.F.);
#3497=CARTESIAN_POINT('',(-44.,7.394978992,6.614417184));
#3498=CARTESIAN_POINT('',(-44.,9.5,6.614417184));
#3499=CARTESIAN_POINT('',(-44.,7.394978992,6.396194757));
#3500=CARTESIAN_POINT('',(-44.,9.5,6.396194757));
#3501=CARTESIAN_POINT('',(-44.109111213,7.394978992,6.207208592));
#3502=CARTESIAN_POINT('',(-44.109111213,9.5,6.207208592));
#3503=CARTESIAN_POINT('',(-44.344213204,7.394978992,5.8));
#3504=CARTESIAN_POINT('',(-44.344213204,9.5,5.8));
#3505=CARTESIAN_POINT('',(-44.814417184,7.394978992,5.8));
#3506=CARTESIAN_POINT('',(-44.814417184,9.5,5.8));
#3507=(BOUNDED_SURFACE()
B_SPLINE_SURFACE(2,1,((#3497,#3498),(#3499,#3500),(#3501,#3502),(#3503,#3504),(#3505,#3506)),.UNSPECIFIED.,.F.,.F.,.U.)
B_SPLINE_SURFACE_WITH_KNOTS((3,2,3),(2,2),(1.533203626,2.094395102,3.141592654),(-0.070595579,-0.068490558),.UNSPECIFIED.)
GEOMETRIC_REPRESENTATION_ITEM()
RATIONAL_B_SPLINE_SURFACE(((0.803847577,0.803847577),(0.866025404,0.866025404),(1.,1.),(0.75,0.75),(0.75,0.75)))
REPRESENTATION_ITEM('')
SURFACE()
);
#3508=ORIENTED_EDGE('',*,*,#77,.F.);
#3509=ORIENTED_EDGE('',*,*,#1225,.F.);
#3510=ORIENTED_EDGE('',*,*,#1598,.F.);
#3511=ORIENTED_EDGE('',*,*,#1157,.F.);
#3512=ORIENTED_EDGE('',*,*,#1239,.F.);
#3513=EDGE_LOOP('',(#3508,#3509,#3510,#3511,#3512));
#3514=FACE_BOUND('',#3513,.T.);
#3515=ADVANCED_FACE('',(#3514),#3507,.F.);
#3516=CARTESIAN_POINT('',(-44.814417184,7.5,8.3));
#3517=CARTESIAN_POINT('',(-44.814417184,9.5,8.3));
#3518=CARTESIAN_POINT('',(-44.,7.5,8.3));
#3519=CARTESIAN_POINT('',(-44.,9.5,8.3));
#3520=CARTESIAN_POINT('',(-44.,7.5,7.485582816));
#3521=CARTESIAN_POINT('',(-44.,9.5,7.485582816));
#3522=(BOUNDED_SURFACE()
B_SPLINE_SURFACE(2,1,((#3516,#3517),(#3518,#3519),(#3520,#3521)),.UNSPECIFIED.,.F.,.F.,.U.)
B_SPLINE_SURFACE_WITH_KNOTS((3,3),(2,2),(0.,1.533203626),(-0.070490558,-0.068490558),.UNSPECIFIED.)
GEOMETRIC_REPRESENTATION_ITEM()
RATIONAL_B_SPLINE_SURFACE(((1.,1.),(0.633974596,0.633974596),(0.803847577,0.803847577)))
REPRESENTATION_ITEM('')
SURFACE()
);
#3523=ORIENTED_EDGE('',*,*,#90,.F.);
#3524=ORIENTED_EDGE('',*,*,#1245,.F.);
#3525=ORIENTED_EDGE('',*,*,#1142,.F.);
#3526=ORIENTED_EDGE('',*,*,#1265,.F.);
#3527=EDGE_LOOP('',(#3523,#3524,#3525,#3526));
#3528=FACE_BOUND('',#3527,.T.);
#3529=ADVANCED_FACE('',(#3528),#3522,.F.);
#3530=CARTESIAN_POINT('',(-14.290176589,-17.5,0.5));
#3531=CARTESIAN_POINT('',(-14.290176589,-9.5,0.5));
#3532=CARTESIAN_POINT('',(-14.290176589,-17.5,-2.));
#3533=CARTESIAN_POINT('',(-14.290176589,-9.5,-2.));
#3534=B_SPLINE_SURFACE_WITH_KNOTS('',1,1,((#3530,#3531),(#3532,#3533)),.UNSPECIFIED.,.F.,.F.,.U.,(2,2),(2,2),(0.,0.0025),(-0.008,0.),.UNSPECIFIED.);
#3535=ORIENTED_EDGE('',*,*,#1321,.T.);
#3536=CARTESIAN_POINT('',(-14.290176589,-17.5,0.5));
#3537=VERTEX_POINT('',#3536);
#3538=CARTESIAN_POINT('',(-14.290176589,-17.5,0.5));
#3539=CARTESIAN_POINT('',(-14.290176589,-17.5,-2.));
#3540=B_SPLINE_CURVE_WITH_KNOTS('',1,(#3538,#3539),.UNSPECIFIED.,.F.,.F.,(2,2),(-0.,0.0025),.UNSPECIFIED.);
#3541=EDGE_CURVE('',#3537,#1312,#3540,.T.);
#3542=ORIENTED_EDGE('',*,*,#3541,.F.);
#3543=CARTESIAN_POINT('',(-14.290176589,-9.5,0.5));
#3544=CARTESIAN_POINT('',(-14.290176589,-17.5,0.5));
#3545=B_SPLINE_CURVE_WITH_KNOTS('',1,(#3543,#3544),.UNSPECIFIED.,.F.,.F.,(2,2),(0.,0.008),.UNSPECIFIED.);
#3546=EDGE_CURVE('',#313,#3537,#3545,.T.);
#3547=ORIENTED_EDGE('',*,*,#3546,.F.);
#3548=ORIENTED_EDGE('',*,*,#319,.T.);
#3549=EDGE_LOOP('',(#3535,#3542,#3547,#3548));
#3550=FACE_BOUND('',#3549,.T.);
#3551=ADVANCED_FACE('',(#3550),#3534,.F.);
#3552=CARTESIAN_POINT('',(-14.290176589,-17.5,-2.));
#3553=CARTESIAN_POINT('',(-6.290176589,-17.5,-2.));
#3554=CARTESIAN_POINT('',(-14.290176589,-17.5,0.5));
#3555=CARTESIAN_POINT('',(-6.290176589,-17.5,0.5));
#3556=B_SPLINE_SURFACE_WITH_KNOTS('',1,1,((#3552,#3553),(#3554,#3555)),.UNSPECIFIED.,.F.,.F.,.U.,(2,2),(2,2),(-0.0025,0.),(0.,0.008),.UNSPECIFIED.);
#3557=ORIENTED_EDGE('',*,*,#1316,.T.);
#3558=CARTESIAN_POINT('',(-6.290176589,-17.5,0.5));
#3559=VERTEX_POINT('',#3558);
#3560=CARTESIAN_POINT('',(-6.290176589,-17.5,0.5));
#3561=CARTESIAN_POINT('',(-6.290176589,-17.5,-2.));
#3562=B_SPLINE_CURVE_WITH_KNOTS('',1,(#3560,#3561),.UNSPECIFIED.,.F.,.F.,(2,2),(-0.,0.0025),.UNSPECIFIED.);
#3563=EDGE_CURVE('',#3559,#1305,#3562,.T.);
#3564=ORIENTED_EDGE('',*,*,#3563,.F.);
#3565=CARTESIAN_POINT('',(-14.290176589,-17.5,0.5));
#3566=CARTESIAN_POINT('',(-6.290176589,-17.5,0.5));
#3567=B_SPLINE_CURVE_WITH_KNOTS('',1,(#3565,#3566),.UNSPECIFIED.,.F.,.F.,(2,2),(-0.,0.008),.UNSPECIFIED.);
#3568=EDGE_CURVE('',#3537,#3559,#3567,.T.);
#3569=ORIENTED_EDGE('',*,*,#3568,.F.);
#3570=ORIENTED_EDGE('',*,*,#3541,.T.);
#3571=EDGE_LOOP('',(#3557,#3564,#3569,#3570));
#3572=FACE_BOUND('',#3571,.T.);
#3573=ADVANCED_FACE('',(#3572),#3556,.F.);
#3574=CARTESIAN_POINT('',(-6.290176589,-17.5,-2.));
#3575=CARTESIAN_POINT('',(-6.290176589,-9.5,-2.));
#3576=CARTESIAN_POINT('',(-6.290176589,-17.5,0.5));
#3577=CARTESIAN_POINT('',(-6.290176589,-9.5,0.5));
#3578=B_SPLINE_SURFACE_WITH_KNOTS('',1,1,((#3574,#3575),(#3576,#3577)),.UNSPECIFIED.,.F.,.F.,.U.,(2,2),(2,2),(-0.0025,0.),(0.,0.008),.UNSPECIFIED.);
#3579=ORIENTED_EDGE('',*,*,#1309,.T.);
#3580=ORIENTED_EDGE('',*,*,#333,.F.);
#3581=CARTESIAN_POINT('',(-6.290176589,-17.5,0.5));
#3582=CARTESIAN_POINT('',(-6.290176589,-9.5,0.5));
#3583=B_SPLINE_CURVE_WITH_KNOTS('',1,(#3581,#3582),.UNSPECIFIED.,.F.,.F.,(2,2),(0.,0.008),.UNSPECIFIED.);
#3584=EDGE_CURVE('',#3559,#322,#3583,.T.);
#3585=ORIENTED_EDGE('',*,*,#3584,.F.);
#3586=ORIENTED_EDGE('',*,*,#3563,.T.);
#3587=EDGE_LOOP('',(#3579,#3580,#3585,#3586));
#3588=FACE_BOUND('',#3587,.T.);
#3589=ADVANCED_FACE('',(#3588),#3578,.F.);
#3590=CARTESIAN_POINT('',(-14.290176589,-17.5,0.5));
#3591=CARTESIAN_POINT('',(-14.290176589,-9.5,0.5));
#3592=CARTESIAN_POINT('',(-6.290176589,-17.5,0.5));
#3593=CARTESIAN_POINT('',(-6.290176589,-9.5,0.5));
#3594=B_SPLINE_SURFACE_WITH_KNOTS('',1,1,((#3590,#3591),(#3592,#3593)),.UNSPECIFIED.,.F.,.F.,.U.,(2,2),(2,2),(-0.004,0.004),(-0.004,0.004),.UNSPECIFIED.);
#3595=CARTESIAN_POINT('',(-10.290176589,-15.35,0.5));
#3596=VERTEX_POINT('',#3595);
#3597=CARTESIAN_POINT('',(-9.599189943,-15.216111143,0.5));
#3598=VERTEX_POINT('',#3597);
#3599=CARTESIAN_POINT('',(-9.599189943,-15.216111143,0.5));
#3600=CARTESIAN_POINT('',(-7.8830788,-14.525124496,0.5));
#3601=CARTESIAN_POINT('',(-8.574065447,-12.809013353,0.5));
#3602=CARTESIAN_POINT('',(-9.265052093,-11.092902211,0.5));
#3603=CARTESIAN_POINT('',(-10.981163236,-11.783888857,0.5));
#3604=CARTESIAN_POINT('',(-12.697274379,-12.474875504,0.5));
#3605=CARTESIAN_POINT('',(-12.006287732,-14.190986647,0.5));
#3606=CARTESIAN_POINT('',(-11.315301085,-15.907097789,0.5));
#3607=CARTESIAN_POINT('',(-9.599189943,-15.216111143,0.5));
#3608=(BOUNDED_CURVE()
B_SPLINE_CURVE(2,(#3599,#3600,#3601,#3602,#3603,#3604,#3605,#3606,#3607),.UNSPECIFIED.,.T.,.F.)
B_SPLINE_CURVE_WITH_KNOTS((3,2,2,2,3),(0.,1.570796327,3.141592654,4.71238898,6.283185307),.UNSPECIFIED.)
CURVE()
GEOMETRIC_REPRESENTATION_ITEM()
RATIONAL_B_SPLINE_CURVE((1.,0.707106781,1.,0.707106781,1.,0.707106781,1.,0.707106781,1.))
REPRESENTATION_ITEM(''));
#3609=EDGE_CURVE('',#3596,#3598,#3608,.T.);
#3610=ORIENTED_EDGE('',*,*,#3609,.F.);
#3611=CARTESIAN_POINT('',(-9.599189943,-15.216111143,0.5));
#3612=CARTESIAN_POINT('',(-7.8830788,-14.525124496,0.5));
#3613=CARTESIAN_POINT('',(-8.574065447,-12.809013353,0.5));
#3614=CARTESIAN_POINT('',(-9.265052093,-11.092902211,0.5));
#3615=CARTESIAN_POINT('',(-10.981163236,-11.783888857,0.5));
#3616=CARTESIAN_POINT('',(-12.697274379,-12.474875504,0.5));
#3617=CARTESIAN_POINT('',(-12.006287732,-14.190986647,0.5));
#3618=CARTESIAN_POINT('',(-11.315301085,-15.907097789,0.5));
#3619=CARTESIAN_POINT('',(-9.599189943,-15.216111143,0.5));
#3620=(BOUNDED_CURVE()
B_SPLINE_CURVE(2,(#3611,#3612,#3613,#3614,#3615,#3616,#3617,#3618,#3619),.UNSPECIFIED.,.T.,.F.)
B_SPLINE_CURVE_WITH_KNOTS((3,2,2,2,3),(0.,1.570796327,3.141592654,4.71238898,6.283185307),.UNSPECIFIED.)
CURVE()
GEOMETRIC_REPRESENTATION_ITEM()
RATIONAL_B_SPLINE_CURVE((1.,0.707106781,1.,0.707106781,1.,0.707106781,1.,0.707106781,1.))
REPRESENTATION_ITEM(''));
#3621=EDGE_CURVE('',#3598,#3596,#3620,.T.);
#3622=ORIENTED_EDGE('',*,*,#3621,.F.);
#3623=EDGE_LOOP('',(#3610,#3622));
#3624=FACE_BOUND('',#3623,.T.);
#3625=ORIENTED_EDGE('',*,*,#326,.T.);
#3626=ORIENTED_EDGE('',*,*,#3546,.T.);
#3627=ORIENTED_EDGE('',*,*,#3568,.T.);
#3628=ORIENTED_EDGE('',*,*,#3584,.T.);
#3629=EDGE_LOOP('',(#3625,#3626,#3627,#3628));
#3630=FACE_BOUND('',#3629,.T.);
#3631=ADVANCED_FACE('',(#3624,#3630),#3594,.T.);
#3632=CARTESIAN_POINT('',(-10.290176589,-15.35,-2.));
#3633=CARTESIAN_POINT('',(-10.290176589,-15.35,0.5));
#3634=CARTESIAN_POINT('',(-7.085882595,-15.35,-2.));
#3635=CARTESIAN_POINT('',(-7.085882595,-15.35,0.5));
#3636=CARTESIAN_POINT('',(-8.688029592,-12.575,-2.));
#3637=CARTESIAN_POINT('',(-8.688029592,-12.575,0.5));
#3638=CARTESIAN_POINT('',(-10.290176589,-9.8,-2.));
#3639=CARTESIAN_POINT('',(-10.290176589,-9.8,0.5));
#3640=CARTESIAN_POINT('',(-11.892323586,-12.575,-2.));
#3641=CARTESIAN_POINT('',(-11.892323586,-12.575,0.5));
#3642=CARTESIAN_POINT('',(-13.494470583,-15.35,-2.));
#3643=CARTESIAN_POINT('',(-13.494470583,-15.35,0.5));
#3644=CARTESIAN_POINT('',(-10.290176589,-15.35,-2.));
#3645=CARTESIAN_POINT('',(-10.290176589,-15.35,0.5));
#3646=(BOUNDED_SURFACE()
B_SPLINE_SURFACE(2,1,((#3632,#3633),(#3634,#3635),(#3636,#3637),(#3638,#3639),(#3640,#3641),(#3642,#3643),(#3644,#3645)),.UNSPECIFIED.,.T.,.F.,.U.)
B_SPLINE_SURFACE_WITH_KNOTS((3,2,2,3),(2,2),(0.,2.094395102,4.188790205,6.283185307),(0.003831159,0.006331159),.UNSPECIFIED.)
GEOMETRIC_REPRESENTATION_ITEM()
RATIONAL_B_SPLINE_SURFACE(((1.,1.),(0.5,0.5),(1.,1.),(0.5,0.5),(1.,1.),(0.5,0.5),(1.,1.)))
REPRESENTATION_ITEM('')
SURFACE()
);
#3647=CARTESIAN_POINT('',(-10.290176589,-15.35,0.5));
#3648=CARTESIAN_POINT('',(-10.290176589,-15.35,-2.));
#3649=B_SPLINE_CURVE_WITH_KNOTS('',1,(#3647,#3648),.UNSPECIFIED.,.F.,.F.,(2,2),(0.003831159,0.006331159),.UNSPECIFIED.);
#3650=EDGE_CURVE('',#3596,#1352,#3649,.T.);
#3651=ORIENTED_EDGE('',*,*,#3650,.F.);
#3652=ORIENTED_EDGE('',*,*,#3609,.T.);
#3653=ORIENTED_EDGE('',*,*,#3621,.T.);
#3654=ORIENTED_EDGE('',*,*,#3650,.T.);
#3655=ORIENTED_EDGE('',*,*,#1363,.F.);
#3656=ORIENTED_EDGE('',*,*,#1375,.F.);
#3657=EDGE_LOOP('',(#3651,#3652,#3653,#3654,#3655,#3656));
#3658=FACE_BOUND('',#3657,.T.);
#3659=ADVANCED_FACE('',(#3658),#3646,.F.);
#3660=CARTESIAN_POINT('',(-14.290176589,9.5,0.5));
#3661=CARTESIAN_POINT('',(-14.290176589,17.5,0.5));
#3662=CARTESIAN_POINT('',(-14.290176589,9.5,-2.));
#3663=CARTESIAN_POINT('',(-14.290176589,17.5,-2.));
#3664=B_SPLINE_SURFACE_WITH_KNOTS('',1,1,((#3660,#3661),(#3662,#3663)),.UNSPECIFIED.,.F.,.F.,.U.,(2,2),(2,2),(-0.,0.0025),(-0.,0.008),.UNSPECIFIED.);
#3665=ORIENTED_EDGE('',*,*,#1331,.F.);
#3666=ORIENTED_EDGE('',*,*,#115,.F.);
#3667=CARTESIAN_POINT('',(-14.290176589,17.5,0.5));
#3668=VERTEX_POINT('',#3667);
#3669=CARTESIAN_POINT('',(-14.290176589,9.5,0.5));
#3670=CARTESIAN_POINT('',(-14.290176589,17.5,0.5));
#3671=B_SPLINE_CURVE_WITH_KNOTS('',1,(#3669,#3670),.UNSPECIFIED.,.F.,.F.,(2,2),(0.,0.008),.UNSPECIFIED.);
#3672=EDGE_CURVE('',#104,#3668,#3671,.T.);
#3673=ORIENTED_EDGE('',*,*,#3672,.T.);
#3674=CARTESIAN_POINT('',(-14.290176589,17.5,0.5));
#3675=CARTESIAN_POINT('',(-14.290176589,17.5,-2.));
#3676=B_SPLINE_CURVE_WITH_KNOTS('',1,(#3674,#3675),.UNSPECIFIED.,.F.,.F.,(2,2),(0.,0.0025),.UNSPECIFIED.);
#3677=EDGE_CURVE('',#3668,#1327,#3676,.T.);
#3678=ORIENTED_EDGE('',*,*,#3677,.T.);
#3679=EDGE_LOOP('',(#3665,#3666,#3673,#3678));
#3680=FACE_BOUND('',#3679,.T.);
#3681=ADVANCED_FACE('',(#3680),#3664,.F.);
#3682=CARTESIAN_POINT('',(-6.290176589,17.5,-2.));
#3683=CARTESIAN_POINT('',(-14.290176589,17.5,-2.));
#3684=CARTESIAN_POINT('',(-6.290176589,17.5,0.5));
#3685=CARTESIAN_POINT('',(-14.290176589,17.5,0.5));
#3686=B_SPLINE_SURFACE_WITH_KNOTS('',1,1,((#3682,#3683),(#3684,#3685)),.UNSPECIFIED.,.F.,.F.,.U.,(2,2),(2,2),(-0.0025,0.),(-0.008,0.),.UNSPECIFIED.);
#3687=ORIENTED_EDGE('',*,*,#1338,.F.);
#3688=ORIENTED_EDGE('',*,*,#3677,.F.);
#3689=CARTESIAN_POINT('',(-6.290176589,17.5,0.5));
#3690=VERTEX_POINT('',#3689);
#3691=CARTESIAN_POINT('',(-14.290176589,17.5,0.5));
#3692=CARTESIAN_POINT('',(-6.290176589,17.5,0.5));
#3693=B_SPLINE_CURVE_WITH_KNOTS('',1,(#3691,#3692),.UNSPECIFIED.,.F.,.F.,(2,2),(-0.,0.008),.UNSPECIFIED.);
#3694=EDGE_CURVE('',#3668,#3690,#3693,.T.);
#3695=ORIENTED_EDGE('',*,*,#3694,.T.);
#3696=CARTESIAN_POINT('',(-6.290176589,17.5,0.5));
#3697=CARTESIAN_POINT('',(-6.290176589,17.5,-2.));
#3698=B_SPLINE_CURVE_WITH_KNOTS('',1,(#3696,#3697),.UNSPECIFIED.,.F.,.F.,(2,2),(0.,0.0025),.UNSPECIFIED.);
#3699=EDGE_CURVE('',#3690,#1334,#3698,.T.);
#3700=ORIENTED_EDGE('',*,*,#3699,.T.);
#3701=EDGE_LOOP('',(#3687,#3688,#3695,#3700));
#3702=FACE_BOUND('',#3701,.T.);
#3703=ADVANCED_FACE('',(#3702),#3686,.F.);
#3704=CARTESIAN_POINT('',(-6.290176589,9.5,-2.));
#3705=CARTESIAN_POINT('',(-6.290176589,17.5,-2.));
#3706=CARTESIAN_POINT('',(-6.290176589,9.5,0.5));
#3707=CARTESIAN_POINT('',(-6.290176589,17.5,0.5));
#3708=B_SPLINE_SURFACE_WITH_KNOTS('',1,1,((#3704,#3705),(#3706,#3707)),.UNSPECIFIED.,.F.,.F.,.U.,(2,2),(2,2),(-0.0025,0.),(-0.008,0.),.UNSPECIFIED.);
#3709=ORIENTED_EDGE('',*,*,#1343,.F.);
#3710=ORIENTED_EDGE('',*,*,#3699,.F.);
#3711=CARTESIAN_POINT('',(-6.290176589,17.5,0.5));
#3712=CARTESIAN_POINT('',(-6.290176589,9.5,0.5));
#3713=B_SPLINE_CURVE_WITH_KNOTS('',1,(#3711,#3712),.UNSPECIFIED.,.F.,.F.,(2,2),(-0.,0.008),.UNSPECIFIED.);
#3714=EDGE_CURVE('',#3690,#95,#3713,.T.);
#3715=ORIENTED_EDGE('',*,*,#3714,.T.);
#3716=ORIENTED_EDGE('',*,*,#101,.T.);
#3717=EDGE_LOOP('',(#3709,#3710,#3715,#3716));
#3718=FACE_BOUND('',#3717,.T.);
#3719=ADVANCED_FACE('',(#3718),#3708,.F.);
#3720=CARTESIAN_POINT('',(-14.290176589,9.5,0.5));
#3721=CARTESIAN_POINT('',(-14.290176589,17.5,0.5));
#3722=CARTESIAN_POINT('',(-6.290176589,9.5,0.5));
#3723=CARTESIAN_POINT('',(-6.290176589,17.5,0.5));
#3724=B_SPLINE_SURFACE_WITH_KNOTS('',1,1,((#3720,#3721),(#3722,#3723)),.UNSPECIFIED.,.F.,.F.,.U.,(2,2),(2,2),(-0.004,0.004),(-0.004,0.004),.UNSPECIFIED.);
#3725=CARTESIAN_POINT('',(-9.599189943,15.216111143,0.5));
#3726=VERTEX_POINT('',#3725);
#3727=CARTESIAN_POINT('',(-10.290176589,15.35,0.5));
#3728=VERTEX_POINT('',#3727);
#3729=CARTESIAN_POINT('',(-9.599189943,15.216111143,0.5));
#3730=CARTESIAN_POINT('',(-7.8830788,14.525124496,0.5));
#3731=CARTESIAN_POINT('',(-8.574065447,12.809013353,0.5));
#3732=CARTESIAN_POINT('',(-9.265052093,11.092902211,0.5));
#3733=CARTESIAN_POINT('',(-10.981163236,11.783888857,0.5));
#3734=CARTESIAN_POINT('',(-12.697274379,12.474875504,0.5));
#3735=CARTESIAN_POINT('',(-12.006287732,14.190986647,0.5));
#3736=CARTESIAN_POINT('',(-11.315301085,15.907097789,0.5));
#3737=CARTESIAN_POINT('',(-9.599189943,15.216111143,0.5));
#3738=(BOUNDED_CURVE()
B_SPLINE_CURVE(2,(#3729,#3730,#3731,#3732,#3733,#3734,#3735,#3736,#3737),.UNSPECIFIED.,.T.,.F.)
B_SPLINE_CURVE_WITH_KNOTS((3,2,2,2,3),(0.,1.570796327,3.141592654,4.71238898,6.283185307),.UNSPECIFIED.)
CURVE()
GEOMETRIC_REPRESENTATION_ITEM()
RATIONAL_B_SPLINE_CURVE((1.,0.707106781,1.,0.707106781,1.,0.707106781,1.,0.707106781,1.))
REPRESENTATION_ITEM(''));
#3739=EDGE_CURVE('',#3726,#3728,#3738,.T.);
#3740=ORIENTED_EDGE('',*,*,#3739,.T.);
#3741=CARTESIAN_POINT('',(-9.599189943,15.216111143,0.5));
#3742=CARTESIAN_POINT('',(-7.8830788,14.525124496,0.5));
#3743=CARTESIAN_POINT('',(-8.574065447,12.809013353,0.5));
#3744=CARTESIAN_POINT('',(-9.265052093,11.092902211,0.5));
#3745=CARTESIAN_POINT('',(-10.981163236,11.783888857,0.5));
#3746=CARTESIAN_POINT('',(-12.697274379,12.474875504,0.5));
#3747=CARTESIAN_POINT('',(-12.006287732,14.190986647,0.5));
#3748=CARTESIAN_POINT('',(-11.315301085,15.907097789,0.5));
#3749=CARTESIAN_POINT('',(-9.599189943,15.216111143,0.5));
#3750=(BOUNDED_CURVE()
B_SPLINE_CURVE(2,(#3741,#3742,#3743,#3744,#3745,#3746,#3747,#3748,#3749),.UNSPECIFIED.,.T.,.F.)
B_SPLINE_CURVE_WITH_KNOTS((3,2,2,2,3),(0.,1.570796327,3.141592654,4.71238898,6.283185307),.UNSPECIFIED.)
CURVE()
GEOMETRIC_REPRESENTATION_ITEM()
RATIONAL_B_SPLINE_CURVE((1.,0.707106781,1.,0.707106781,1.,0.707106781,1.,0.707106781,1.))
REPRESENTATION_ITEM(''));
#3751=EDGE_CURVE('',#3728,#3726,#3750,.T.);
#3752=ORIENTED_EDGE('',*,*,#3751,.T.);
#3753=EDGE_LOOP('',(#3740,#3752));
#3754=FACE_BOUND('',#3753,.T.);
#3755=ORIENTED_EDGE('',*,*,#108,.F.);
#3756=ORIENTED_EDGE('',*,*,#3714,.F.);
#3757=ORIENTED_EDGE('',*,*,#3694,.F.);
#3758=ORIENTED_EDGE('',*,*,#3672,.F.);
#3759=EDGE_LOOP('',(#3755,#3756,#3757,#3758));
#3760=FACE_BOUND('',#3759,.T.);
#3761=ADVANCED_FACE('',(#3754,#3760),#3724,.T.);
#3762=CARTESIAN_POINT('',(-10.290176589,15.35,-2.));
#3763=CARTESIAN_POINT('',(-10.290176589,15.35,0.5));
#3764=CARTESIAN_POINT('',(-13.494470583,15.35,-2.));
#3765=CARTESIAN_POINT('',(-13.494470583,15.35,0.5));
#3766=CARTESIAN_POINT('',(-11.892323586,12.575,-2.));
#3767=CARTESIAN_POINT('',(-11.892323586,12.575,0.5));
#3768=CARTESIAN_POINT('',(-10.290176589,9.8,-2.));
#3769=CARTESIAN_POINT('',(-10.290176589,9.8,0.5));
#3770=CARTESIAN_POINT('',(-8.688029592,12.575,-2.));
#3771=CARTESIAN_POINT('',(-8.688029592,12.575,0.5));
#3772=CARTESIAN_POINT('',(-7.085882595,15.35,-2.));
#3773=CARTESIAN_POINT('',(-7.085882595,15.35,0.5));
#3774=CARTESIAN_POINT('',(-10.290176589,15.35,-2.));
#3775=CARTESIAN_POINT('',(-10.290176589,15.35,0.5));
#3776=(BOUNDED_SURFACE()
B_SPLINE_SURFACE(2,1,((#3762,#3763),(#3764,#3765),(#3766,#3767),(#3768,#3769),(#3770,#3771),(#3772,#3773),(#3774,#3775)),.UNSPECIFIED.,.T.,.F.,.U.)
B_SPLINE_SURFACE_WITH_KNOTS((3,2,2,3),(2,2),(0.,2.094395102,4.188790205,6.283185307),(0.003831159,0.006331159),.UNSPECIFIED.)
GEOMETRIC_REPRESENTATION_ITEM()
RATIONAL_B_SPLINE_SURFACE(((1.,1.),(0.5,0.5),(1.,1.),(0.5,0.5),(1.,1.),(0.5,0.5),(1.,1.)))
REPRESENTATION_ITEM('')
SURFACE()
);
#3777=CARTESIAN_POINT('',(-10.290176589,15.35,0.5));
#3778=CARTESIAN_POINT('',(-10.290176589,15.35,-2.));
#3779=B_SPLINE_CURVE_WITH_KNOTS('',1,(#3777,#3778),.UNSPECIFIED.,.F.,.F.,(2,2),(0.003831159,0.006331159),.UNSPECIFIED.);
#3780=EDGE_CURVE('',#3728,#1380,#3779,.T.);
#3781=ORIENTED_EDGE('',*,*,#3780,.F.);
#3782=ORIENTED_EDGE('',*,*,#3739,.F.);
#3783=ORIENTED_EDGE('',*,*,#3751,.F.);
#3784=ORIENTED_EDGE('',*,*,#3780,.T.);
#3785=ORIENTED_EDGE('',*,*,#1393,.T.);
#3786=ORIENTED_EDGE('',*,*,#1405,.T.);
#3787=EDGE_LOOP('',(#3781,#3782,#3783,#3784,#3785,#3786));
#3788=FACE_BOUND('',#3787,.T.);
#3789=ADVANCED_FACE('',(#3788),#3776,.F.);
#3790=CARTESIAN_POINT('',(0.,-5.129318839,1.986945628));
#3791=CARTESIAN_POINT('',(2.5,-4.917602114,1.904932863));
#3792=CARTESIAN_POINT('',(0.,-4.724976607,1.618491723));
#3793=CARTESIAN_POINT('',(2.5,-4.52994943,1.551687187));
#3794=CARTESIAN_POINT('',(0.,-4.280896826,1.293642835));
#3795=CARTESIAN_POINT('',(2.5,-4.104199396,1.240246696));
#3796=CARTESIAN_POINT('',(0.,-3.231693416,0.687884964));
#3797=CARTESIAN_POINT('',(2.5,-3.098302693,0.659491964));
#3798=CARTESIAN_POINT('',(0.,-2.61255261,0.431428446));
#3799=CARTESIAN_POINT('',(2.5,-2.504717418,0.413620892));
#3800=CARTESIAN_POINT('',(0.,-1.328891705,0.087472543));
#3801=CARTESIAN_POINT('',(2.5,-1.27404064,0.083862044));
#3802=CARTESIAN_POINT('',(0.,-0.66447178,0.));
#3803=CARTESIAN_POINT('',(2.5,-0.637045177,0.));
#3804=CARTESIAN_POINT('',(0.,0.,-0.));
#3805=CARTESIAN_POINT('',(2.5,0.,0.));
#3806=B_SPLINE_SURFACE_WITH_KNOTS('',3,1,((#3790,#3791),(#3792,#3793),(#3794,#3795),(#3796,#3797),(#3798,#3799),(#3800,#3801),(#3802,#3803),(#3804,#3805)),.UNSPECIFIED.,.F.,.F.,.U.,(4,2,2,4),(2,2),(0.882363482,0.916666667,0.958333333,1.),(0.,1.),.UNSPECIFIED.);
#3807=ORIENTED_EDGE('',*,*,#1432,.T.);
#3808=ORIENTED_EDGE('',*,*,#1551,.F.);
#3809=ORIENTED_EDGE('',*,*,#2070,.T.);
#3810=ORIENTED_EDGE('',*,*,#858,.T.);
#3811=EDGE_LOOP('',(#3807,#3808,#3809,#3810));
#3812=FACE_BOUND('',#3811,.T.);
#3813=ADVANCED_FACE('',(#3812),#3806,.F.);
#3814=CLOSED_SHELL('',(#244,#462,#542,#622,#634,#662,#690,#734,#766,#807,#880,#926,#972,#997,#1085,#1107,#1189,#1229,#1249,#1277,#1297,#1409,#1489,#1648,#1668,#1779,
#1799,#2092,#2506,#2617,#2637,#2963,#3377,#3392,#3404,#3420,#3431,#3445,#3463,#3477,#3496,#3515,#3529,#3551,#3573,#3589,#3631,#3659,#3681,#3703,#3719,
#3761,#3789,#3813));
#3815=MANIFOLD_SOLID_BREP('Extruded.004',#3814);
#26=STYLED_ITEM('',(),#3815);
#16=SHAPE_REPRESENTATION('root',(#15),#10);
#17=ADVANCED_BREP_SHAPE_REPRESENTATION('root',(#3815),#10);
#3823=SHAPE_REPRESENTATION_RELATIONSHIP('','',#16,#17);
#3824=APPLICATION_CONTEXT('configuration controlled 3D design of mechanical parts and assemblies');
#3825=APPLICATION_PROTOCOL_DEFINITION('international standard','configuration_control_3d_design_ed2_mim',2004,#3824);
#3826=PRODUCT_CONTEXT('',#3824,'mechanical');
#3827=PRODUCT_DEFINITION_CONTEXT('part definition',#3824,'design');
#24=PRODUCT('root','root','',(#3826));
#3828=PRODUCT_RELATED_PRODUCT_CATEGORY('part','',(#24));
#3829=PRODUCT_DEFINITION_FORMATION_WITH_SPECIFIED_SOURCE('','',#24,.NOT_KNOWN.);
#25=PRODUCT_DEFINITION('design','',#3829,#3827);
#23=PRODUCT_DEFINITION_SHAPE('','',#25);
#3830=SHAPE_DEFINITION_REPRESENTATION(#23,#16);
#11=DRAUGHTING_MODEL('',(),#10);
#1=MECHANICAL_DESIGN_GEOMETRIC_PRESENTATION_REPRESENTATION('',(#26),#10);
ENDSEC;
END-ISO-10303-21;
