ISO-10303-21;
HEADER;

/* File generated by HOOPS Exchange Version 25.8.0 */

FILE_DESCRIPTION(('HOOPS Exchange Step'),'2;1');

FILE_NAME('/home/tfannes/prints/260705_nerf_shooter/NerfShooter_A.step',
'2026-07-05T16:19:30+02:00',
('tfannes'),
('Unknown organisation'),
'HOOPS Exchange 2025.8',
'HOOPS Exchange',
'Unknown authorisation');

FILE_SCHEMA( ('AP203_CONFIGURATION_CONTROLLED_3D_DESIGN_OF_MECHANICAL_PARTS_AND_ASSEMBLIES_MIM_LF') );

ENDSEC;

DATA;
#3=(NAMED_UNIT(*)PLANE_ANGLE_UNIT()SI_UNIT($,.RADIAN.));
#4=PLANE_ANGLE_MEASURE_WITH_UNIT(PLANE_ANGLE_MEASURE(0.0174532925),#3);
#5=(CONVERSION_BASED_UNIT('DEGREE',#4)NAMED_UNIT(#6)PLANE_ANGLE_UNIT());
#6=DIMENSIONAL_EXPONENTS(0.,0.,0.,0.,0.,0.,0.);
#7=(NAMED_UNIT(*)SI_UNIT($,.STERADIAN.)SOLID_ANGLE_UNIT());
#8=(LENGTH_UNIT()NAMED_UNIT(*)SI_UNIT(.MILLI.,.METRE.));
#9=UNCERTAINTY_MEASURE_WITH_UNIT(LENGTH_MEASURE(1.000000E-05),#8,'DISTANCE_ACCURACY_VALUE','Maximum Tolerance applied to model');
#10=(GEOMETRIC_REPRESENTATION_CONTEXT(3)GLOBAL_UNCERTAINTY_ASSIGNED_CONTEXT((#9))GLOBAL_UNIT_ASSIGNED_CONTEXT((#8,#5,#7))REPRESENTATION_CONTEXT('','root'));
#12=CARTESIAN_POINT('',(0.,0.,0.));
#13=DIRECTION('',(0.,0.,1.));
#14=DIRECTION('',(1.,0.,0.));
#15=AXIS2_PLACEMENT_3D('TS3D_PRODUCT_CSYS',#12,#13,#14);
#27=CARTESIAN_POINT('',(0.,-9.5,-2.));
#28=CARTESIAN_POINT('',(0.,9.5,-2.));
#29=CARTESIAN_POINT('',(0.,-9.5,0.));
#30=CARTESIAN_POINT('',(0.,9.5,0.));
#31=B_SPLINE_SURFACE_WITH_KNOTS('',1,1,((#27,#28),(#29,#30)),.UNSPECIFIED.,.F.,.F.,.U.,(2,2),(2,2),(0.,0.002),(-0.017,0.002),.UNSPECIFIED.);
#32=CARTESIAN_POINT('',(0.,9.5,0.));
#33=VERTEX_POINT('',#32);
#34=CARTESIAN_POINT('',(0.,-9.5,0.));
#35=VERTEX_POINT('',#34);
#36=CARTESIAN_POINT('',(0.,9.5,0.));
#37=CARTESIAN_POINT('',(0.,-9.5,0.));
#38=B_SPLINE_CURVE_WITH_KNOTS('',1,(#36,#37),.UNSPECIFIED.,.F.,.F.,(2,2),(-0.0095,0.0095),.UNSPECIFIED.);
#39=EDGE_CURVE('',#33,#35,#38,.T.);
#40=ORIENTED_EDGE('',*,*,#39,.T.);
#41=CARTESIAN_POINT('',(0.,-9.5,-2.));
#42=VERTEX_POINT('',#41);
#43=CARTESIAN_POINT('',(0.,-9.5,-2.));
#44=CARTESIAN_POINT('',(0.,-9.5,0.));
#45=B_SPLINE_CURVE_WITH_KNOTS('',1,(#43,#44),.UNSPECIFIED.,.F.,.F.,(2,2),(0.,0.002),.UNSPECIFIED.);
#46=EDGE_CURVE('',#42,#35,#45,.T.);
#47=ORIENTED_EDGE('',*,*,#46,.F.);
#48=CARTESIAN_POINT('',(0.,9.5,-2.));
#49=VERTEX_POINT('',#48);
#50=CARTESIAN_POINT('',(0.,9.5,-2.));
#51=CARTESIAN_POINT('',(0.,-9.5,-2.));
#52=B_SPLINE_CURVE_WITH_KNOTS('',1,(#50,#51),.UNSPECIFIED.,.F.,.F.,(2,2),(-0.0095,0.0095),.UNSPECIFIED.);
#53=EDGE_CURVE('',#49,#42,#52,.T.);
#54=ORIENTED_EDGE('',*,*,#53,.F.);
#55=CARTESIAN_POINT('',(0.,9.5,-2.));
#56=CARTESIAN_POINT('',(0.,9.5,0.));
#57=B_SPLINE_CURVE_WITH_KNOTS('',1,(#55,#56),.UNSPECIFIED.,.F.,.F.,(2,2),(0.,0.002),.UNSPECIFIED.);
#58=EDGE_CURVE('',#49,#33,#57,.T.);
#59=ORIENTED_EDGE('',*,*,#58,.T.);
#60=EDGE_LOOP('',(#40,#47,#54,#59));
#61=FACE_BOUND('',#60,.T.);
#62=ADVANCED_FACE('',(#61),#31,.F.);
#63=CARTESIAN_POINT('',(-77.,9.5,-2.));
#64=CARTESIAN_POINT('',(0.,9.5,-2.));
#65=CARTESIAN_POINT('',(-77.,9.5,0.));
#66=CARTESIAN_POINT('',(0.,9.5,0.));
#67=B_SPLINE_SURFACE_WITH_KNOTS('',1,1,((#63,#64),(#65,#66)),.UNSPECIFIED.,.F.,.F.,.U.,(2,2),(2,2),(0.,0.002),(-0.077,0.),.UNSPECIFIED.);
#68=CARTESIAN_POINT('',(-77.,9.5,0.));
#69=VERTEX_POINT('',#68);
#70=CARTESIAN_POINT('',(0.,9.5,0.));
#71=CARTESIAN_POINT('',(-77.,9.5,0.));
#72=B_SPLINE_CURVE_WITH_KNOTS('',1,(#70,#71),.UNSPECIFIED.,.F.,.F.,(2,2),(0.,0.077),.UNSPECIFIED.);
#73=EDGE_CURVE('',#33,#69,#72,.T.);
#74=ORIENTED_EDGE('',*,*,#73,.F.);
#75=ORIENTED_EDGE('',*,*,#58,.F.);
#76=CARTESIAN_POINT('',(-77.,9.5,-2.));
#77=VERTEX_POINT('',#76);
#78=CARTESIAN_POINT('',(0.,9.5,-2.));
#79=CARTESIAN_POINT('',(-77.,9.5,-2.));
#80=B_SPLINE_CURVE_WITH_KNOTS('',1,(#78,#79),.UNSPECIFIED.,.F.,.F.,(2,2),(0.,0.077),.UNSPECIFIED.);
#81=EDGE_CURVE('',#49,#77,#80,.T.);
#82=ORIENTED_EDGE('',*,*,#81,.T.);
#83=CARTESIAN_POINT('',(-77.,9.5,-2.));
#84=CARTESIAN_POINT('',(-77.,9.5,0.));
#85=B_SPLINE_CURVE_WITH_KNOTS('',1,(#83,#84),.UNSPECIFIED.,.F.,.F.,(2,2),(0.,0.002),.UNSPECIFIED.);
#86=EDGE_CURVE('',#77,#69,#85,.T.);
#87=ORIENTED_EDGE('',*,*,#86,.T.);
#88=EDGE_LOOP('',(#74,#75,#82,#87));
#89=FACE_BOUND('',#88,.T.);
#90=ADVANCED_FACE('',(#89),#67,.T.);
#91=CARTESIAN_POINT('',(-77.,-9.5,-2.));
#92=CARTESIAN_POINT('',(-77.,9.5,-2.));
#93=CARTESIAN_POINT('',(-77.,-9.5,0.));
#94=CARTESIAN_POINT('',(-77.,9.5,0.));
#95=B_SPLINE_SURFACE_WITH_KNOTS('',1,1,((#91,#92),(#93,#94)),.UNSPECIFIED.,.F.,.F.,.U.,(2,2),(2,2),(0.,0.002),(-0.019,0.),.UNSPECIFIED.);
#96=CARTESIAN_POINT('',(-77.,-9.5,0.));
#97=VERTEX_POINT('',#96);
#98=CARTESIAN_POINT('',(-77.,9.5,0.));
#99=CARTESIAN_POINT('',(-77.,-9.5,0.));
#100=B_SPLINE_CURVE_WITH_KNOTS('',1,(#98,#99),.UNSPECIFIED.,.F.,.F.,(2,2),(0.,0.019),.UNSPECIFIED.);
#101=EDGE_CURVE('',#69,#97,#100,.T.);
#102=ORIENTED_EDGE('',*,*,#101,.F.);
#103=ORIENTED_EDGE('',*,*,#86,.F.);
#104=CARTESIAN_POINT('',(-77.,-9.5,-2.));
#105=VERTEX_POINT('',#104);
#106=CARTESIAN_POINT('',(-77.,9.5,-2.));
#107=CARTESIAN_POINT('',(-77.,-9.5,-2.));
#108=B_SPLINE_CURVE_WITH_KNOTS('',1,(#106,#107),.UNSPECIFIED.,.F.,.F.,(2,2),(0.,0.019),.UNSPECIFIED.);
#109=EDGE_CURVE('',#77,#105,#108,.T.);
#110=ORIENTED_EDGE('',*,*,#109,.T.);
#111=CARTESIAN_POINT('',(-77.,-9.5,-2.));
#112=CARTESIAN_POINT('',(-77.,-9.5,0.));
#113=B_SPLINE_CURVE_WITH_KNOTS('',1,(#111,#112),.UNSPECIFIED.,.F.,.F.,(2,2),(0.,0.002),.UNSPECIFIED.);
#114=EDGE_CURVE('',#105,#97,#113,.T.);
#115=ORIENTED_EDGE('',*,*,#114,.T.);
#116=EDGE_LOOP('',(#102,#103,#110,#115));
#117=FACE_BOUND('',#116,.T.);
#118=ADVANCED_FACE('',(#117),#95,.T.);
#119=CARTESIAN_POINT('',(-77.,-9.5,0.));
#120=CARTESIAN_POINT('',(0.,-9.5,0.));
#121=CARTESIAN_POINT('',(-77.,-9.5,-2.));
#122=CARTESIAN_POINT('',(0.,-9.5,-2.));
#123=B_SPLINE_SURFACE_WITH_KNOTS('',1,1,((#119,#120),(#121,#122)),.UNSPECIFIED.,.F.,.F.,.U.,(2,2),(2,2),(-0.002,0.),(0.,0.077),.UNSPECIFIED.);
#124=CARTESIAN_POINT('',(-77.,-9.5,0.));
#125=CARTESIAN_POINT('',(0.,-9.5,0.));
#126=B_SPLINE_CURVE_WITH_KNOTS('',1,(#124,#125),.UNSPECIFIED.,.F.,.F.,(2,2),(0.,0.077),.UNSPECIFIED.);
#127=EDGE_CURVE('',#97,#35,#126,.T.);
#128=ORIENTED_EDGE('',*,*,#127,.F.);
#129=ORIENTED_EDGE('',*,*,#114,.F.);
#130=CARTESIAN_POINT('',(-77.,-9.5,-2.));
#131=CARTESIAN_POINT('',(0.,-9.5,-2.));
#132=B_SPLINE_CURVE_WITH_KNOTS('',1,(#130,#131),.UNSPECIFIED.,.F.,.F.,(2,2),(0.,0.077),.UNSPECIFIED.);
#133=EDGE_CURVE('',#105,#42,#132,.T.);
#134=ORIENTED_EDGE('',*,*,#133,.T.);
#135=ORIENTED_EDGE('',*,*,#46,.T.);
#136=EDGE_LOOP('',(#128,#129,#134,#135));
#137=FACE_BOUND('',#136,.T.);
#138=ADVANCED_FACE('',(#137),#123,.T.);
#139=CARTESIAN_POINT('',(-77.,-9.5,-2.));
#140=CARTESIAN_POINT('',(-77.,9.5,-2.));
#141=CARTESIAN_POINT('',(0.,-9.5,-2.));
#142=CARTESIAN_POINT('',(0.,9.5,-2.));
#143=B_SPLINE_SURFACE_WITH_KNOTS('',1,1,((#139,#140),(#141,#142)),.UNSPECIFIED.,.F.,.F.,.U.,(2,2),(2,2),(-0.077,0.),(-0.0095,0.0095),.UNSPECIFIED.);
#144=ORIENTED_EDGE('',*,*,#53,.T.);
#145=ORIENTED_EDGE('',*,*,#133,.F.);
#146=ORIENTED_EDGE('',*,*,#109,.F.);
#147=ORIENTED_EDGE('',*,*,#81,.F.);
#148=EDGE_LOOP('',(#144,#145,#146,#147));
#149=FACE_BOUND('',#148,.T.);
#150=ADVANCED_FACE('',(#149),#143,.F.);
#151=CARTESIAN_POINT('',(-77.,-9.5,0.));
#152=CARTESIAN_POINT('',(-77.,9.5,0.));
#153=CARTESIAN_POINT('',(0.,-9.5,0.));
#154=CARTESIAN_POINT('',(0.,9.5,0.));
#155=B_SPLINE_SURFACE_WITH_KNOTS('',1,1,((#151,#152),(#153,#154)),.UNSPECIFIED.,.F.,.F.,.U.,(2,2),(2,2),(-0.077,0.),(-0.0095,0.0095),.UNSPECIFIED.);
#156=ORIENTED_EDGE('',*,*,#39,.F.);
#157=ORIENTED_EDGE('',*,*,#73,.T.);
#158=ORIENTED_EDGE('',*,*,#101,.T.);
#159=ORIENTED_EDGE('',*,*,#127,.T.);
#160=EDGE_LOOP('',(#156,#157,#158,#159));
#161=FACE_BOUND('',#160,.T.);
#162=ADVANCED_FACE('',(#161),#155,.T.);
#163=CLOSED_SHELL('',(#62,#90,#118,#138,#150,#162));
#164=MANIFOLD_SOLID_BREP('Extruded.002',#163);
#26=STYLED_ITEM('',(),#164);
#166=CARTESIAN_POINT('',(-79.352534255,-9.5,8.3));
#167=CARTESIAN_POINT('',(-79.352534255,9.5,8.3));
#168=CARTESIAN_POINT('',(-77.,-9.5,8.3));
#169=CARTESIAN_POINT('',(-77.,9.5,8.3));
#170=B_SPLINE_SURFACE_WITH_KNOTS('',1,1,((#166,#167),(#168,#169)),.UNSPECIFIED.,.F.,.F.,.U.,(2,2),(2,2),(-0.002352534,0.),(-0.019118243,-0.000118243),.UNSPECIFIED.);
#171=CARTESIAN_POINT('',(-77.,-9.5,8.3));
#172=VERTEX_POINT('',#171);
#173=CARTESIAN_POINT('',(-79.352534255,-9.5,8.3));
#174=VERTEX_POINT('',#173);
#175=CARTESIAN_POINT('',(-77.,-9.5,8.3));
#176=CARTESIAN_POINT('',(-79.352534255,-9.5,8.3));
#177=B_SPLINE_CURVE_WITH_KNOTS('',1,(#175,#176),.UNSPECIFIED.,.F.,.F.,(2,2),(0.,0.002352534),.UNSPECIFIED.);
#178=EDGE_CURVE('',#172,#174,#177,.T.);
#179=ORIENTED_EDGE('',*,*,#178,.T.);
#180=CARTESIAN_POINT('',(-79.352534255,9.5,8.3));
#181=VERTEX_POINT('',#180);
#182=CARTESIAN_POINT('',(-79.352534255,-9.5,8.3));
#183=CARTESIAN_POINT('',(-79.352534255,9.5,8.3));
#184=B_SPLINE_CURVE_WITH_KNOTS('',1,(#182,#183),.UNSPECIFIED.,.F.,.F.,(2,2),(0.,0.019),.UNSPECIFIED.);
#185=EDGE_CURVE('',#174,#181,#184,.T.);
#186=ORIENTED_EDGE('',*,*,#185,.T.);
#187=CARTESIAN_POINT('',(-77.,9.5,8.3));
#188=VERTEX_POINT('',#187);
#189=CARTESIAN_POINT('',(-77.,9.5,8.3));
#190=CARTESIAN_POINT('',(-79.352534255,9.5,8.3));
#191=B_SPLINE_CURVE_WITH_KNOTS('',1,(#189,#190),.UNSPECIFIED.,.F.,.F.,(2,2),(0.,0.002352534),.UNSPECIFIED.);
#192=EDGE_CURVE('',#188,#181,#191,.T.);
#193=ORIENTED_EDGE('',*,*,#192,.F.);
#194=CARTESIAN_POINT('',(-77.,9.5,8.3));
#195=CARTESIAN_POINT('',(-77.,-9.5,8.3));
#196=B_SPLINE_CURVE_WITH_KNOTS('',1,(#194,#195),.UNSPECIFIED.,.F.,.F.,(2,2),(-0.019118243,-0.000118243),.UNSPECIFIED.);
#197=EDGE_CURVE('',#188,#172,#196,.T.);
#198=ORIENTED_EDGE('',*,*,#197,.T.);
#199=EDGE_LOOP('',(#179,#186,#193,#198));
#200=FACE_BOUND('',#199,.T.);
#201=ADVANCED_FACE('',(#200),#170,.F.);
#202=CARTESIAN_POINT('',(-77.,-9.5,16.));
#203=CARTESIAN_POINT('',(-77.,9.5,16.));
#204=CARTESIAN_POINT('',(-77.,-9.5,8.3));
#205=CARTESIAN_POINT('',(-77.,9.5,8.3));
#206=B_SPLINE_SURFACE_WITH_KNOTS('',1,1,((#202,#203),(#204,#205)),.UNSPECIFIED.,.F.,.F.,.U.,(2,2),(2,2),(-0.018,-0.0103),(-0.019118243,-0.000118243),.UNSPECIFIED.);
#207=CARTESIAN_POINT('',(-77.,-9.5,16.));
#208=VERTEX_POINT('',#207);
#209=CARTESIAN_POINT('',(-77.,-9.5,8.3));
#210=CARTESIAN_POINT('',(-77.,-9.5,16.));
#211=B_SPLINE_CURVE_WITH_KNOTS('',1,(#209,#210),.UNSPECIFIED.,.F.,.F.,(2,2),(0.0103,0.018),.UNSPECIFIED.);
#212=EDGE_CURVE('',#172,#208,#211,.T.);
#213=ORIENTED_EDGE('',*,*,#212,.F.);
#214=ORIENTED_EDGE('',*,*,#197,.F.);
#215=CARTESIAN_POINT('',(-77.,9.5,16.));
#216=VERTEX_POINT('',#215);
#217=CARTESIAN_POINT('',(-77.,9.5,8.3));
#218=CARTESIAN_POINT('',(-77.,9.5,16.));
#219=B_SPLINE_CURVE_WITH_KNOTS('',1,(#217,#218),.UNSPECIFIED.,.F.,.F.,(2,2),(0.00515,0.01285),.UNSPECIFIED.);
#220=EDGE_CURVE('',#188,#216,#219,.T.);
#221=ORIENTED_EDGE('',*,*,#220,.T.);
#222=CARTESIAN_POINT('',(-77.,9.5,16.));
#223=CARTESIAN_POINT('',(-77.,-9.5,16.));
#224=B_SPLINE_CURVE_WITH_KNOTS('',1,(#222,#223),.UNSPECIFIED.,.F.,.F.,(2,2),(0.000118243,0.019118243),.UNSPECIFIED.);
#225=EDGE_CURVE('',#216,#208,#224,.T.);
#226=ORIENTED_EDGE('',*,*,#225,.T.);
#227=EDGE_LOOP('',(#213,#214,#221,#226));
#228=FACE_BOUND('',#227,.T.);
#229=ADVANCED_FACE('',(#228),#206,.T.);
#230=CARTESIAN_POINT('',(-82.,-9.5,16.));
#231=CARTESIAN_POINT('',(-82.,9.5,16.));
#232=CARTESIAN_POINT('',(-77.,-9.5,16.));
#233=CARTESIAN_POINT('',(-77.,9.5,16.));
#234=B_SPLINE_SURFACE_WITH_KNOTS('',1,1,((#230,#231),(#232,#233)),.UNSPECIFIED.,.F.,.F.,.U.,(2,2),(2,2),(-0.005,0.),(-0.019118243,-0.000118243),.UNSPECIFIED.);
#235=CARTESIAN_POINT('',(-82.,-9.5,16.));
#236=VERTEX_POINT('',#235);
#237=CARTESIAN_POINT('',(-77.,-9.5,16.));
#238=CARTESIAN_POINT('',(-82.,-9.5,16.));
#239=B_SPLINE_CURVE_WITH_KNOTS('',1,(#237,#238),.UNSPECIFIED.,.F.,.F.,(2,2),(0.,0.005),.UNSPECIFIED.);
#240=EDGE_CURVE('',#208,#236,#239,.T.);
#241=ORIENTED_EDGE('',*,*,#240,.F.);
#242=ORIENTED_EDGE('',*,*,#225,.F.);
#243=CARTESIAN_POINT('',(-82.,9.5,16.));
#244=VERTEX_POINT('',#243);
#245=CARTESIAN_POINT('',(-77.,9.5,16.));
#246=CARTESIAN_POINT('',(-82.,9.5,16.));
#247=B_SPLINE_CURVE_WITH_KNOTS('',1,(#245,#246),.UNSPECIFIED.,.F.,.F.,(2,2),(0.,0.005),.UNSPECIFIED.);
#248=EDGE_CURVE('',#216,#244,#247,.T.);
#249=ORIENTED_EDGE('',*,*,#248,.T.);
#250=CARTESIAN_POINT('',(-82.,9.5,16.));
#251=CARTESIAN_POINT('',(-82.,-9.5,16.));
#252=B_SPLINE_CURVE_WITH_KNOTS('',1,(#250,#251),.UNSPECIFIED.,.F.,.F.,(2,2),(0.000118243,0.019118243),.UNSPECIFIED.);
#253=EDGE_CURVE('',#244,#236,#252,.T.);
#254=ORIENTED_EDGE('',*,*,#253,.T.);
#255=EDGE_LOOP('',(#241,#242,#249,#254));
#256=FACE_BOUND('',#255,.T.);
#257=ADVANCED_FACE('',(#256),#234,.T.);
#258=CARTESIAN_POINT('',(-82.,-9.5,-2.));
#259=CARTESIAN_POINT('',(-82.,9.5,-2.));
#260=CARTESIAN_POINT('',(-82.,-9.5,16.));
#261=CARTESIAN_POINT('',(-82.,9.5,16.));
#262=B_SPLINE_SURFACE_WITH_KNOTS('',1,1,((#258,#259),(#260,#261)),.UNSPECIFIED.,.F.,.F.,.U.,(2,2),(2,2),(-0.017,0.001),(-0.019118243,-0.000118243),.UNSPECIFIED.);
#263=CARTESIAN_POINT('',(-82.,-9.5,-2.));
#264=VERTEX_POINT('',#263);
#265=CARTESIAN_POINT('',(-82.,-9.5,16.));
#266=CARTESIAN_POINT('',(-82.,-9.5,-2.));
#267=B_SPLINE_CURVE_WITH_KNOTS('',1,(#265,#266),.UNSPECIFIED.,.F.,.F.,(2,2),(-0.001,0.017),.UNSPECIFIED.);
#268=EDGE_CURVE('',#236,#264,#267,.T.);
#269=ORIENTED_EDGE('',*,*,#268,.F.);
#270=ORIENTED_EDGE('',*,*,#253,.F.);
#271=CARTESIAN_POINT('',(-82.,9.5,-2.));
#272=VERTEX_POINT('',#271);
#273=CARTESIAN_POINT('',(-82.,9.5,16.));
#274=CARTESIAN_POINT('',(-82.,9.5,-2.));
#275=B_SPLINE_CURVE_WITH_KNOTS('',1,(#273,#274),.UNSPECIFIED.,.F.,.F.,(2,2),(-0.01285,0.00515),.UNSPECIFIED.);
#276=EDGE_CURVE('',#244,#272,#275,.T.);
#277=ORIENTED_EDGE('',*,*,#276,.T.);
#278=CARTESIAN_POINT('',(-82.,9.5,-2.));
#279=CARTESIAN_POINT('',(-82.,-9.5,-2.));
#280=B_SPLINE_CURVE_WITH_KNOTS('',1,(#278,#279),.UNSPECIFIED.,.F.,.F.,(2,2),(0.000118243,0.019118243),.UNSPECIFIED.);
#281=EDGE_CURVE('',#272,#264,#280,.T.);
#282=ORIENTED_EDGE('',*,*,#281,.T.);
#283=EDGE_LOOP('',(#269,#270,#277,#282));
#284=FACE_BOUND('',#283,.T.);
#285=ADVANCED_FACE('',(#284),#262,.T.);
#286=CARTESIAN_POINT('',(-77.,-9.5,-2.));
#287=CARTESIAN_POINT('',(-77.,9.5,-2.));
#288=CARTESIAN_POINT('',(-82.,-9.5,-2.));
#289=CARTESIAN_POINT('',(-82.,9.5,-2.));
#290=B_SPLINE_SURFACE_WITH_KNOTS('',1,1,((#286,#287),(#288,#289)),.UNSPECIFIED.,.F.,.F.,.U.,(2,2),(2,2),(-0.005,0.),(-0.019118243,-0.000118243),.UNSPECIFIED.);
#291=CARTESIAN_POINT('',(-77.,-9.5,-2.));
#292=VERTEX_POINT('',#291);
#293=CARTESIAN_POINT('',(-82.,-9.5,-2.));
#294=CARTESIAN_POINT('',(-77.,-9.5,-2.));
#295=B_SPLINE_CURVE_WITH_KNOTS('',1,(#293,#294),.UNSPECIFIED.,.F.,.F.,(2,2),(0.,0.005),.UNSPECIFIED.);
#296=EDGE_CURVE('',#264,#292,#295,.T.);
#297=ORIENTED_EDGE('',*,*,#296,.F.);
#298=ORIENTED_EDGE('',*,*,#281,.F.);
#299=CARTESIAN_POINT('',(-77.,9.5,-2.));
#300=VERTEX_POINT('',#299);
#301=CARTESIAN_POINT('',(-82.,9.5,-2.));
#302=CARTESIAN_POINT('',(-77.,9.5,-2.));
#303=B_SPLINE_CURVE_WITH_KNOTS('',1,(#301,#302),.UNSPECIFIED.,.F.,.F.,(2,2),(-0.005,0.),.UNSPECIFIED.);
#304=EDGE_CURVE('',#272,#300,#303,.T.);
#305=ORIENTED_EDGE('',*,*,#304,.T.);
#306=CARTESIAN_POINT('',(-77.,9.5,-2.));
#307=CARTESIAN_POINT('',(-77.,-9.5,-2.));
#308=B_SPLINE_CURVE_WITH_KNOTS('',1,(#306,#307),.UNSPECIFIED.,.F.,.F.,(2,2),(0.000118243,0.019118243),.UNSPECIFIED.);
#309=EDGE_CURVE('',#300,#292,#308,.T.);
#310=ORIENTED_EDGE('',*,*,#309,.T.);
#311=EDGE_LOOP('',(#297,#298,#305,#310));
#312=FACE_BOUND('',#311,.T.);
#313=ADVANCED_FACE('',(#312),#290,.T.);
#314=CARTESIAN_POINT('',(-77.,-9.5,6.3));
#315=CARTESIAN_POINT('',(-77.,9.5,6.3));
#316=CARTESIAN_POINT('',(-77.,-9.5,-2.));
#317=CARTESIAN_POINT('',(-77.,9.5,-2.));
#318=B_SPLINE_SURFACE_WITH_KNOTS('',1,1,((#314,#315),(#316,#317)),.UNSPECIFIED.,.F.,.F.,.U.,(2,2),(2,2),(-0.0083,0.),(-0.019118243,-0.000118243),.UNSPECIFIED.);
#319=CARTESIAN_POINT('',(-77.,-9.5,6.3));
#320=VERTEX_POINT('',#319);
#321=CARTESIAN_POINT('',(-77.,-9.5,-2.));
#322=CARTESIAN_POINT('',(-77.,-9.5,6.3));
#323=B_SPLINE_CURVE_WITH_KNOTS('',1,(#321,#322),.UNSPECIFIED.,.F.,.F.,(2,2),(0.,0.0083),.UNSPECIFIED.);
#324=EDGE_CURVE('',#292,#320,#323,.T.);
#325=ORIENTED_EDGE('',*,*,#324,.F.);
#326=ORIENTED_EDGE('',*,*,#309,.F.);
#327=CARTESIAN_POINT('',(-77.,9.5,6.3));
#328=VERTEX_POINT('',#327);
#329=CARTESIAN_POINT('',(-77.,9.5,-2.));
#330=CARTESIAN_POINT('',(-77.,9.5,6.3));
#331=B_SPLINE_CURVE_WITH_KNOTS('',1,(#329,#330),.UNSPECIFIED.,.F.,.F.,(2,2),(-0.00515,0.00315),.UNSPECIFIED.);
#332=EDGE_CURVE('',#300,#328,#331,.T.);
#333=ORIENTED_EDGE('',*,*,#332,.T.);
#334=CARTESIAN_POINT('',(-77.,9.5,6.3));
#335=CARTESIAN_POINT('',(-77.,-9.5,6.3));
#336=B_SPLINE_CURVE_WITH_KNOTS('',1,(#334,#335),.UNSPECIFIED.,.F.,.F.,(2,2),(0.000118243,0.019118243),.UNSPECIFIED.);
#337=EDGE_CURVE('',#328,#320,#336,.T.);
#338=ORIENTED_EDGE('',*,*,#337,.T.);
#339=EDGE_LOOP('',(#325,#326,#333,#338));
#340=FACE_BOUND('',#339,.T.);
#341=ADVANCED_FACE('',(#340),#318,.T.);
#342=CARTESIAN_POINT('',(-77.,-9.5,6.3));
#343=CARTESIAN_POINT('',(-77.,9.5,6.3));
#344=CARTESIAN_POINT('',(-79.352534255,-9.5,6.3));
#345=CARTESIAN_POINT('',(-79.352534255,9.5,6.3));
#346=B_SPLINE_SURFACE_WITH_KNOTS('',1,1,((#342,#343),(#344,#345)),.UNSPECIFIED.,.F.,.F.,.U.,(2,2),(2,2),(-0.003,-0.000647466),(-0.019118243,-0.000118243),.UNSPECIFIED.);
#347=CARTESIAN_POINT('',(-79.352534255,9.5,6.3));
#348=VERTEX_POINT('',#347);
#349=CARTESIAN_POINT('',(-79.352534255,9.5,6.3));
#350=CARTESIAN_POINT('',(-77.,9.5,6.3));
#351=B_SPLINE_CURVE_WITH_KNOTS('',1,(#349,#350),.UNSPECIFIED.,.F.,.F.,(2,2),(-0.002352534,0.),.UNSPECIFIED.);
#352=EDGE_CURVE('',#348,#328,#351,.T.);
#353=ORIENTED_EDGE('',*,*,#352,.F.);
#354=CARTESIAN_POINT('',(-79.352534255,-9.5,6.3));
#355=VERTEX_POINT('',#354);
#356=CARTESIAN_POINT('',(-79.352534255,9.5,6.3));
#357=CARTESIAN_POINT('',(-79.352534255,-9.5,6.3));
#358=B_SPLINE_CURVE_WITH_KNOTS('',1,(#356,#357),.UNSPECIFIED.,.F.,.F.,(2,2),(-0.019,0.),.UNSPECIFIED.);
#359=EDGE_CURVE('',#348,#355,#358,.T.);
#360=ORIENTED_EDGE('',*,*,#359,.T.);
#361=CARTESIAN_POINT('',(-79.352534255,-9.5,6.3));
#362=CARTESIAN_POINT('',(-77.,-9.5,6.3));
#363=B_SPLINE_CURVE_WITH_KNOTS('',1,(#361,#362),.UNSPECIFIED.,.F.,.F.,(2,2),(0.000647466,0.003),.UNSPECIFIED.);
#364=EDGE_CURVE('',#355,#320,#363,.T.);
#365=ORIENTED_EDGE('',*,*,#364,.T.);
#366=ORIENTED_EDGE('',*,*,#337,.F.);
#367=EDGE_LOOP('',(#353,#360,#365,#366));
#368=FACE_BOUND('',#367,.T.);
#369=ADVANCED_FACE('',(#368),#346,.F.);
#370=CARTESIAN_POINT('',(-80.,-9.5,6.947465745));
#371=CARTESIAN_POINT('',(-80.,9.5,6.947465745));
#372=CARTESIAN_POINT('',(-80.,-9.5,7.652534255));
#373=CARTESIAN_POINT('',(-80.,9.5,7.652534255));
#374=B_SPLINE_SURFACE_WITH_KNOTS('',1,1,((#370,#371),(#372,#373)),.UNSPECIFIED.,.F.,.F.,.U.,(2,2),(2,2),(-0.001352534,-0.000647466),(-0.019118243,-0.000118243),.UNSPECIFIED.);
#375=CARTESIAN_POINT('',(-80.,9.5,7.652534255));
#376=VERTEX_POINT('',#375);
#377=CARTESIAN_POINT('',(-80.,9.5,6.947465745));
#378=VERTEX_POINT('',#377);
#379=CARTESIAN_POINT('',(-80.,9.5,7.652534255));
#380=CARTESIAN_POINT('',(-80.,9.5,6.947465745));
#381=B_SPLINE_CURVE_WITH_KNOTS('',1,(#379,#380),.UNSPECIFIED.,.F.,.F.,(2,2),(-0.004502534,-0.003797466),.UNSPECIFIED.);
#382=EDGE_CURVE('',#376,#378,#381,.T.);
#383=ORIENTED_EDGE('',*,*,#382,.F.);
#384=CARTESIAN_POINT('',(-80.,-9.5,7.652534255));
#385=VERTEX_POINT('',#384);
#386=CARTESIAN_POINT('',(-80.,9.5,7.652534255));
#387=CARTESIAN_POINT('',(-80.,-9.5,7.652534255));
#388=B_SPLINE_CURVE_WITH_KNOTS('',1,(#386,#387),.UNSPECIFIED.,.F.,.F.,(2,2),(-0.019,0.),.UNSPECIFIED.);
#389=EDGE_CURVE('',#376,#385,#388,.T.);
#390=ORIENTED_EDGE('',*,*,#389,.T.);
#391=CARTESIAN_POINT('',(-80.,-9.5,6.947465745));
#392=VERTEX_POINT('',#391);
#393=CARTESIAN_POINT('',(-80.,-9.5,7.652534255));
#394=CARTESIAN_POINT('',(-80.,-9.5,6.947465745));
#395=B_SPLINE_CURVE_WITH_KNOTS('',1,(#393,#394),.UNSPECIFIED.,.F.,.F.,(2,2),(0.000647466,0.001352534),.UNSPECIFIED.);
#396=EDGE_CURVE('',#385,#392,#395,.T.);
#397=ORIENTED_EDGE('',*,*,#396,.T.);
#398=CARTESIAN_POINT('',(-80.,-9.5,6.947465745));
#399=CARTESIAN_POINT('',(-80.,9.5,6.947465745));
#400=B_SPLINE_CURVE_WITH_KNOTS('',1,(#398,#399),.UNSPECIFIED.,.F.,.F.,(2,2),(0.,0.019),.UNSPECIFIED.);
#401=EDGE_CURVE('',#392,#378,#400,.T.);
#402=ORIENTED_EDGE('',*,*,#401,.T.);
#403=EDGE_LOOP('',(#383,#390,#397,#402));
#404=FACE_BOUND('',#403,.T.);
#405=ADVANCED_FACE('',(#404),#374,.F.);
#406=CARTESIAN_POINT('',(-82.,9.5,16.));
#407=CARTESIAN_POINT('',(-77.,9.5,16.));
#408=CARTESIAN_POINT('',(-82.,9.5,-2.));
#409=CARTESIAN_POINT('',(-77.,9.5,-2.));
#410=B_SPLINE_SURFACE_WITH_KNOTS('',1,1,((#406,#407),(#408,#409)),.UNSPECIFIED.,.F.,.F.,.U.,(2,2),(2,2),(-0.01285,0.00515),(-0.005,0.),.UNSPECIFIED.);
#411=ORIENTED_EDGE('',*,*,#192,.T.);
#412=CARTESIAN_POINT('',(-79.352534255,9.5,8.3));
#413=CARTESIAN_POINT('',(-80.,9.5,8.3));
#414=CARTESIAN_POINT('',(-80.,9.5,7.652534255));
#415=(BOUNDED_CURVE()
B_SPLINE_CURVE(2,(#412,#413,#414),.UNSPECIFIED.,.F.,.F.)
B_SPLINE_CURVE_WITH_KNOTS((3,3),(3.141592654,4.71238898),.UNSPECIFIED.)
CURVE()
GEOMETRIC_REPRESENTATION_ITEM()
RATIONAL_B_SPLINE_CURVE((1.,0.707106781,1.))
REPRESENTATION_ITEM(''));
#416=EDGE_CURVE('',#181,#376,#415,.T.);
#417=ORIENTED_EDGE('',*,*,#416,.T.);
#418=ORIENTED_EDGE('',*,*,#382,.T.);
#419=CARTESIAN_POINT('',(-80.,9.5,6.947465745));
#420=CARTESIAN_POINT('',(-80.,9.5,6.3));
#421=CARTESIAN_POINT('',(-79.352534255,9.5,6.3));
#422=(BOUNDED_CURVE()
B_SPLINE_CURVE(2,(#419,#420,#421),.UNSPECIFIED.,.F.,.F.)
B_SPLINE_CURVE_WITH_KNOTS((3,3),(4.71238898,6.283185307),.UNSPECIFIED.)
CURVE()
GEOMETRIC_REPRESENTATION_ITEM()
RATIONAL_B_SPLINE_CURVE((1.,0.707106781,1.))
REPRESENTATION_ITEM(''));
#423=EDGE_CURVE('',#378,#348,#422,.T.);
#424=ORIENTED_EDGE('',*,*,#423,.T.);
#425=ORIENTED_EDGE('',*,*,#352,.T.);
#426=ORIENTED_EDGE('',*,*,#332,.F.);
#427=ORIENTED_EDGE('',*,*,#304,.F.);
#428=ORIENTED_EDGE('',*,*,#276,.F.);
#429=ORIENTED_EDGE('',*,*,#248,.F.);
#430=ORIENTED_EDGE('',*,*,#220,.F.);
#431=EDGE_LOOP('',(#411,#417,#418,#424,#425,#426,#427,#428,#429,#430));
#432=FACE_BOUND('',#431,.T.);
#433=ADVANCED_FACE('',(#432),#410,.F.);
#434=CARTESIAN_POINT('',(-82.,-9.5,16.));
#435=CARTESIAN_POINT('',(-77.,-9.5,16.));
#436=CARTESIAN_POINT('',(-82.,-9.5,-2.));
#437=CARTESIAN_POINT('',(-77.,-9.5,-2.));
#438=B_SPLINE_SURFACE_WITH_KNOTS('',1,1,((#434,#435),(#436,#437)),.UNSPECIFIED.,.F.,.F.,.U.,(2,2),(2,2),(-0.01285,0.00515),(-0.005,0.),.UNSPECIFIED.);
#439=ORIENTED_EDGE('',*,*,#178,.F.);
#440=ORIENTED_EDGE('',*,*,#212,.T.);
#441=ORIENTED_EDGE('',*,*,#240,.T.);
#442=ORIENTED_EDGE('',*,*,#268,.T.);
#443=ORIENTED_EDGE('',*,*,#296,.T.);
#444=ORIENTED_EDGE('',*,*,#324,.T.);
#445=ORIENTED_EDGE('',*,*,#364,.F.);
#446=CARTESIAN_POINT('',(-79.352534255,-9.5,6.3));
#447=CARTESIAN_POINT('',(-80.,-9.5,6.3));
#448=CARTESIAN_POINT('',(-80.,-9.5,6.947465745));
#449=(BOUNDED_CURVE()
B_SPLINE_CURVE(2,(#446,#447,#448),.UNSPECIFIED.,.F.,.F.)
B_SPLINE_CURVE_WITH_KNOTS((3,3),(4.71238898,6.283185307),.UNSPECIFIED.)
CURVE()
GEOMETRIC_REPRESENTATION_ITEM()
RATIONAL_B_SPLINE_CURVE((1.,0.707106781,1.))
REPRESENTATION_ITEM(''));
#450=EDGE_CURVE('',#355,#392,#449,.T.);
#451=ORIENTED_EDGE('',*,*,#450,.T.);
#452=ORIENTED_EDGE('',*,*,#396,.F.);
#453=CARTESIAN_POINT('',(-80.,-9.5,7.652534255));
#454=CARTESIAN_POINT('',(-80.,-9.5,8.3));
#455=CARTESIAN_POINT('',(-79.352534255,-9.5,8.3));
#456=(BOUNDED_CURVE()
B_SPLINE_CURVE(2,(#453,#454,#455),.UNSPECIFIED.,.F.,.F.)
B_SPLINE_CURVE_WITH_KNOTS((3,3),(3.141592654,4.71238898),.UNSPECIFIED.)
CURVE()
GEOMETRIC_REPRESENTATION_ITEM()
RATIONAL_B_SPLINE_CURVE((1.,0.707106781,1.))
REPRESENTATION_ITEM(''));
#457=EDGE_CURVE('',#385,#174,#456,.T.);
#458=ORIENTED_EDGE('',*,*,#457,.T.);
#459=EDGE_LOOP('',(#439,#440,#441,#442,#443,#444,#445,#451,#452,#458));
#460=FACE_BOUND('',#459,.T.);
#461=ADVANCED_FACE('',(#460),#438,.T.);
#462=CARTESIAN_POINT('',(-80.,-9.5,7.652534255));
#463=CARTESIAN_POINT('',(-80.,9.5,7.652534255));
#464=CARTESIAN_POINT('',(-80.,-9.5,8.3));
#465=CARTESIAN_POINT('',(-80.,9.5,8.3));
#466=CARTESIAN_POINT('',(-79.352534255,-9.5,8.3));
#467=CARTESIAN_POINT('',(-79.352534255,9.5,8.3));
#468=(BOUNDED_SURFACE()
B_SPLINE_SURFACE(2,1,((#462,#463),(#464,#465),(#466,#467)),.UNSPECIFIED.,.F.,.F.,.U.)
B_SPLINE_SURFACE_WITH_KNOTS((3,3),(2,2),(4.749981681,6.283185307),(-0.019118243,-0.000118243),.UNSPECIFIED.)
GEOMETRIC_REPRESENTATION_ITEM()
RATIONAL_B_SPLINE_SURFACE(((0.803847577,0.803847577),(0.633974596,0.633974596),(1.,1.)))
REPRESENTATION_ITEM('')
SURFACE()
);
#469=ORIENTED_EDGE('',*,*,#416,.F.);
#470=ORIENTED_EDGE('',*,*,#185,.F.);
#471=ORIENTED_EDGE('',*,*,#457,.F.);
#472=ORIENTED_EDGE('',*,*,#389,.F.);
#473=EDGE_LOOP('',(#469,#470,#471,#472));
#474=FACE_BOUND('',#473,.T.);
#475=ADVANCED_FACE('',(#474),#468,.F.);
#476=CARTESIAN_POINT('',(-79.352534255,-9.5,6.3));
#477=CARTESIAN_POINT('',(-79.352534255,9.5,6.3));
#478=CARTESIAN_POINT('',(-79.726348777,-9.5,6.3));
#479=CARTESIAN_POINT('',(-79.726348777,9.5,6.3));
#480=CARTESIAN_POINT('',(-79.913256038,-9.5,6.623732873));
#481=CARTESIAN_POINT('',(-79.913256038,9.5,6.623732873));
#482=CARTESIAN_POINT('',(-80.,-9.5,6.773977822));
#483=CARTESIAN_POINT('',(-80.,9.5,6.773977822));
#484=CARTESIAN_POINT('',(-80.,-9.5,6.947465745));
#485=CARTESIAN_POINT('',(-80.,9.5,6.947465745));
#486=(BOUNDED_SURFACE()
B_SPLINE_SURFACE(2,1,((#476,#477),(#478,#479),(#480,#481),(#482,#483),(#484,#485)),.UNSPECIFIED.,.F.,.F.,.U.)
B_SPLINE_SURFACE_WITH_KNOTS((3,2,3),(2,2),(3.141592654,4.188790205,4.749981681),(-0.019118243,-0.000118243),.UNSPECIFIED.)
GEOMETRIC_REPRESENTATION_ITEM()
RATIONAL_B_SPLINE_SURFACE(((0.75,0.75),(0.75,0.75),(1.,1.),(0.866025404,0.866025404),(0.803847577,0.803847577)))
REPRESENTATION_ITEM('')
SURFACE()
);
#487=ORIENTED_EDGE('',*,*,#423,.F.);
#488=ORIENTED_EDGE('',*,*,#401,.F.);
#489=ORIENTED_EDGE('',*,*,#450,.F.);
#490=ORIENTED_EDGE('',*,*,#359,.F.);
#491=EDGE_LOOP('',(#487,#488,#489,#490));
#492=FACE_BOUND('',#491,.T.);
#493=ADVANCED_FACE('',(#492),#486,.F.);
#494=CLOSED_SHELL('',(#201,#229,#257,#285,#313,#341,#369,#405,#433,#461,#475,#493));
#495=MANIFOLD_SOLID_BREP('Extruded.003',#494);
#165=STYLED_ITEM('',(),#495);
#497=CARTESIAN_POINT('',(-75.,-0.,0.));
#498=CARTESIAN_POINT('',(0.,-0.,0.));
#499=CARTESIAN_POINT('',(-75.,6.396,-0.));
#500=CARTESIAN_POINT('',(0.,6.396,-0.));
#501=CARTESIAN_POINT('',(-75.,7.5,6.3));
#502=CARTESIAN_POINT('',(0.,7.5,6.3));
#503=(BOUNDED_SURFACE()
B_SPLINE_SURFACE(2,1,((#497,#498),(#499,#500),(#501,#502)),.UNSPECIFIED.,.F.,.F.,.U.)
B_SPLINE_SURFACE_WITH_KNOTS((3,3),(2,2),(4.749981681,6.082942779),(-0.0609772,0.0140228),.UNSPECIFIED.)
GEOMETRIC_REPRESENTATION_ITEM()
RATIONAL_B_SPLINE_SURFACE(((0.803847577,0.803847577),(0.656160687,0.656160687),(0.913532271,0.913532271)))
REPRESENTATION_ITEM('')
SURFACE()
);
#504=CARTESIAN_POINT('',(0.,0.,0.));
#505=VERTEX_POINT('',#504);
#506=CARTESIAN_POINT('',(0.,7.5,6.3));
#507=VERTEX_POINT('',#506);
#508=CARTESIAN_POINT('',(0.,-0.,0.));
#509=CARTESIAN_POINT('',(0.,6.396,-0.));
#510=CARTESIAN_POINT('',(0.,7.5,6.3));
#511=(BOUNDED_CURVE()
B_SPLINE_CURVE(2,(#508,#509,#510),.UNSPECIFIED.,.F.,.F.)
B_SPLINE_CURVE_WITH_KNOTS((3,3),(6.283185307,7.680504957),.UNSPECIFIED.)
CURVE()
GEOMETRIC_REPRESENTATION_ITEM()
RATIONAL_B_SPLINE_CURVE((1.,0.765704865,1.))
REPRESENTATION_ITEM(''));
#512=EDGE_CURVE('',#505,#507,#511,.T.);
#513=ORIENTED_EDGE('',*,*,#512,.T.);
#514=CARTESIAN_POINT('',(-75.,7.5,6.3));
#515=VERTEX_POINT('',#514);
#516=CARTESIAN_POINT('',(-75.,7.5,6.3));
#517=CARTESIAN_POINT('',(0.,7.5,6.3));
#518=B_SPLINE_CURVE_WITH_KNOTS('',1,(#516,#517),.UNSPECIFIED.,.F.,.F.,(2,2),(-0.0609772,0.0140228),.UNSPECIFIED.);
#519=EDGE_CURVE('',#515,#507,#518,.T.);
#520=ORIENTED_EDGE('',*,*,#519,.F.);
#521=CARTESIAN_POINT('',(-75.,-0.,0.));
#522=VERTEX_POINT('',#521);
#523=CARTESIAN_POINT('',(-75.,-0.,0.));
#524=CARTESIAN_POINT('',(-75.,6.396,0.));
#525=CARTESIAN_POINT('',(-75.,7.5,6.3));
#526=(BOUNDED_CURVE()
B_SPLINE_CURVE(2,(#523,#524,#525),.UNSPECIFIED.,.F.,.F.)
B_SPLINE_CURVE_WITH_KNOTS((3,3),(6.283185307,7.680504957),.UNSPECIFIED.)
CURVE()
GEOMETRIC_REPRESENTATION_ITEM()
RATIONAL_B_SPLINE_CURVE((1.,0.765704865,1.))
REPRESENTATION_ITEM(''));
#527=EDGE_CURVE('',#522,#515,#526,.T.);
#528=ORIENTED_EDGE('',*,*,#527,.F.);
#529=CARTESIAN_POINT('',(-75.,-0.,0.));
#530=CARTESIAN_POINT('',(0.,-0.,0.));
#531=B_SPLINE_CURVE_WITH_KNOTS('',1,(#529,#530),.UNSPECIFIED.,.F.,.F.,(2,2),(-0.0609772,0.0140228),.UNSPECIFIED.);
#532=EDGE_CURVE('',#522,#505,#531,.T.);
#533=ORIENTED_EDGE('',*,*,#532,.T.);
#534=EDGE_LOOP('',(#513,#520,#528,#533));
#535=FACE_BOUND('',#534,.T.);
#536=ADVANCED_FACE('',(#535),#503,.F.);
#537=CARTESIAN_POINT('',(0.,-0.,0.));
#538=CARTESIAN_POINT('',(0.,7.5,0.));
#539=CARTESIAN_POINT('',(-75.,-0.,0.));
#540=CARTESIAN_POINT('',(-75.,7.5,0.));
#541=B_SPLINE_SURFACE_WITH_KNOTS('',1,1,((#537,#538),(#539,#540)),.UNSPECIFIED.,.F.,.F.,.U.,(2,2),(2,2),(-0.0140228,0.0609772),(-0.,0.0075),.UNSPECIFIED.);
#542=CARTESIAN_POINT('',(0.,7.5,0.));
#543=VERTEX_POINT('',#542);
#544=CARTESIAN_POINT('',(0.,0.,0.));
#545=CARTESIAN_POINT('',(0.,7.5,0.));
#546=B_SPLINE_CURVE_WITH_KNOTS('',1,(#544,#545),.UNSPECIFIED.,.F.,.F.,(2,2),(0.,0.0075),.UNSPECIFIED.);
#547=EDGE_CURVE('',#505,#543,#546,.T.);
#548=ORIENTED_EDGE('',*,*,#547,.F.);
#549=ORIENTED_EDGE('',*,*,#532,.F.);
#550=CARTESIAN_POINT('',(-75.,7.5,0.));
#551=VERTEX_POINT('',#550);
#552=CARTESIAN_POINT('',(-75.,-0.,0.));
#553=CARTESIAN_POINT('',(-75.,7.5,0.));
#554=B_SPLINE_CURVE_WITH_KNOTS('',1,(#552,#553),.UNSPECIFIED.,.F.,.F.,(2,2),(-0.,0.0075),.UNSPECIFIED.);
#555=EDGE_CURVE('',#522,#551,#554,.T.);
#556=ORIENTED_EDGE('',*,*,#555,.T.);
#557=CARTESIAN_POINT('',(-75.,7.5,0.));
#558=CARTESIAN_POINT('',(0.,7.5,0.));
#559=B_SPLINE_CURVE_WITH_KNOTS('',1,(#557,#558),.UNSPECIFIED.,.F.,.F.,(2,2),(-0.0609772,0.0140228),.UNSPECIFIED.);
#560=EDGE_CURVE('',#551,#543,#559,.T.);
#561=ORIENTED_EDGE('',*,*,#560,.T.);
#562=EDGE_LOOP('',(#548,#549,#556,#561));
#563=FACE_BOUND('',#562,.T.);
#564=ADVANCED_FACE('',(#563),#541,.T.);
#565=CARTESIAN_POINT('',(0.,7.5,0.));
#566=CARTESIAN_POINT('',(0.,7.5,6.3));
#567=CARTESIAN_POINT('',(-75.,7.5,0.));
#568=CARTESIAN_POINT('',(-75.,7.5,6.3));
#569=B_SPLINE_SURFACE_WITH_KNOTS('',1,1,((#565,#566),(#567,#568)),.UNSPECIFIED.,.F.,.F.,.U.,(2,2),(2,2),(-0.0140228,0.0609772),(0.,0.0063),.UNSPECIFIED.);
#570=CARTESIAN_POINT('',(0.,7.5,0.));
#571=CARTESIAN_POINT('',(0.,7.5,6.3));
#572=B_SPLINE_CURVE_WITH_KNOTS('',1,(#570,#571),.UNSPECIFIED.,.F.,.F.,(2,2),(0.,0.0063),.UNSPECIFIED.);
#573=EDGE_CURVE('',#543,#507,#572,.T.);
#574=ORIENTED_EDGE('',*,*,#573,.F.);
#575=ORIENTED_EDGE('',*,*,#560,.F.);
#576=CARTESIAN_POINT('',(-75.,7.5,0.));
#577=CARTESIAN_POINT('',(-75.,7.5,6.3));
#578=B_SPLINE_CURVE_WITH_KNOTS('',1,(#576,#577),.UNSPECIFIED.,.F.,.F.,(2,2),(0.,0.0063),.UNSPECIFIED.);
#579=EDGE_CURVE('',#551,#515,#578,.T.);
#580=ORIENTED_EDGE('',*,*,#579,.T.);
#581=ORIENTED_EDGE('',*,*,#519,.T.);
#582=EDGE_LOOP('',(#574,#575,#580,#581));
#583=FACE_BOUND('',#582,.T.);
#584=ADVANCED_FACE('',(#583),#569,.T.);
#585=CARTESIAN_POINT('',(-75.,-0.,6.3));
#586=CARTESIAN_POINT('',(-75.,7.5,6.3));
#587=CARTESIAN_POINT('',(-75.,-0.,0.));
#588=CARTESIAN_POINT('',(-75.,7.5,0.));
#589=B_SPLINE_SURFACE_WITH_KNOTS('',1,1,((#585,#586),(#587,#588)),.UNSPECIFIED.,.F.,.F.,.U.,(2,2),(2,2),(-0.0063,0.),(-0.,0.0075),.UNSPECIFIED.);
#590=ORIENTED_EDGE('',*,*,#527,.T.);
#591=ORIENTED_EDGE('',*,*,#579,.F.);
#592=ORIENTED_EDGE('',*,*,#555,.F.);
#593=EDGE_LOOP('',(#590,#591,#592));
#594=FACE_BOUND('',#593,.T.);
#595=ADVANCED_FACE('',(#594),#589,.F.);
#596=CARTESIAN_POINT('',(0.,-0.,6.3));
#597=CARTESIAN_POINT('',(0.,7.5,6.3));
#598=CARTESIAN_POINT('',(0.,-0.,-0.));
#599=CARTESIAN_POINT('',(0.,7.5,-0.));
#600=B_SPLINE_SURFACE_WITH_KNOTS('',1,1,((#596,#597),(#598,#599)),.UNSPECIFIED.,.F.,.F.,.U.,(2,2),(2,2),(-0.0063,0.),(-0.,0.0075),.UNSPECIFIED.);
#601=ORIENTED_EDGE('',*,*,#512,.F.);
#602=ORIENTED_EDGE('',*,*,#547,.T.);
#603=ORIENTED_EDGE('',*,*,#573,.T.);
#604=EDGE_LOOP('',(#601,#602,#603));
#605=FACE_BOUND('',#604,.T.);
#606=ADVANCED_FACE('',(#605),#600,.T.);
#607=CLOSED_SHELL('',(#536,#564,#584,#595,#606));
#608=MANIFOLD_SOLID_BREP('Extruded.004',#607);
#496=STYLED_ITEM('',(),#608);
#610=CARTESIAN_POINT('',(-75.,-7.5,6.3));
#611=CARTESIAN_POINT('',(0.,-7.5,6.3));
#612=CARTESIAN_POINT('',(-75.,-6.396,-0.));
#613=CARTESIAN_POINT('',(0.,-6.396,-0.));
#614=CARTESIAN_POINT('',(-75.,0.,0.));
#615=CARTESIAN_POINT('',(0.,0.,0.));
#616=(BOUNDED_SURFACE()
B_SPLINE_SURFACE(2,1,((#610,#611),(#612,#613),(#614,#615)),.UNSPECIFIED.,.F.,.F.,.U.)
B_SPLINE_SURFACE_WITH_KNOTS((3,3),(2,2),(0.200242528,1.533203626),(-0.0609772,0.0140228),.UNSPECIFIED.)
GEOMETRIC_REPRESENTATION_ITEM()
RATIONAL_B_SPLINE_SURFACE(((0.913532271,0.913532271),(0.656160687,0.656160687),(0.803847577,0.803847577)))
REPRESENTATION_ITEM('')
SURFACE()
);
#617=CARTESIAN_POINT('',(0.,0.,0.));
#618=VERTEX_POINT('',#617);
#619=CARTESIAN_POINT('',(0.,-7.5,6.3));
#620=VERTEX_POINT('',#619);
#621=CARTESIAN_POINT('',(0.,0.,-0.));
#622=CARTESIAN_POINT('',(0.,-6.396,0.));
#623=CARTESIAN_POINT('',(0.,-7.5,6.3));
#624=(BOUNDED_CURVE()
B_SPLINE_CURVE(2,(#621,#622,#623),.UNSPECIFIED.,.F.,.F.)
B_SPLINE_CURVE_WITH_KNOTS((3,3),(6.283185307,7.680504957),.UNSPECIFIED.)
CURVE()
GEOMETRIC_REPRESENTATION_ITEM()
RATIONAL_B_SPLINE_CURVE((1.,0.765704865,1.))
REPRESENTATION_ITEM(''));
#625=EDGE_CURVE('',#618,#620,#624,.T.);
#626=ORIENTED_EDGE('',*,*,#625,.F.);
#627=CARTESIAN_POINT('',(-75.,0.,-0.));
#628=VERTEX_POINT('',#627);
#629=CARTESIAN_POINT('',(-75.,0.,-0.));
#630=CARTESIAN_POINT('',(0.,0.,-0.));
#631=B_SPLINE_CURVE_WITH_KNOTS('',1,(#629,#630),.UNSPECIFIED.,.F.,.F.,(2,2),(-0.0609772,0.0140228),.UNSPECIFIED.);
#632=EDGE_CURVE('',#628,#618,#631,.T.);
#633=ORIENTED_EDGE('',*,*,#632,.F.);
#634=CARTESIAN_POINT('',(-75.,-7.5,6.3));
#635=VERTEX_POINT('',#634);
#636=CARTESIAN_POINT('',(-75.,0.,-0.));
#637=CARTESIAN_POINT('',(-75.,-6.396,0.));
#638=CARTESIAN_POINT('',(-75.,-7.5,6.3));
#639=(BOUNDED_CURVE()
B_SPLINE_CURVE(2,(#636,#637,#638),.UNSPECIFIED.,.F.,.F.)
B_SPLINE_CURVE_WITH_KNOTS((3,3),(6.283185307,7.680504957),.UNSPECIFIED.)
CURVE()
GEOMETRIC_REPRESENTATION_ITEM()
RATIONAL_B_SPLINE_CURVE((1.,0.765704865,1.))
REPRESENTATION_ITEM(''));
#640=EDGE_CURVE('',#628,#635,#639,.T.);
#641=ORIENTED_EDGE('',*,*,#640,.T.);
#642=CARTESIAN_POINT('',(-75.,-7.5,6.3));
#643=CARTESIAN_POINT('',(0.,-7.5,6.3));
#644=B_SPLINE_CURVE_WITH_KNOTS('',1,(#642,#643),.UNSPECIFIED.,.F.,.F.,(2,2),(-0.0609772,0.0140228),.UNSPECIFIED.);
#645=EDGE_CURVE('',#635,#620,#644,.T.);
#646=ORIENTED_EDGE('',*,*,#645,.T.);
#647=EDGE_LOOP('',(#626,#633,#641,#646));
#648=FACE_BOUND('',#647,.T.);
#649=ADVANCED_FACE('',(#648),#616,.F.);
#650=CARTESIAN_POINT('',(0.,-7.5,0.));
#651=CARTESIAN_POINT('',(0.,0.,-0.));
#652=CARTESIAN_POINT('',(-75.,-7.5,0.));
#653=CARTESIAN_POINT('',(-75.,0.,-0.));
#654=B_SPLINE_SURFACE_WITH_KNOTS('',1,1,((#650,#651),(#652,#653)),.UNSPECIFIED.,.F.,.F.,.U.,(2,2),(2,2),(-0.0140228,0.0609772),(-0.0075,0.),.UNSPECIFIED.);
#655=CARTESIAN_POINT('',(0.,-7.5,0.));
#656=VERTEX_POINT('',#655);
#657=CARTESIAN_POINT('',(0.,0.,0.));
#658=CARTESIAN_POINT('',(0.,-7.5,0.));
#659=B_SPLINE_CURVE_WITH_KNOTS('',1,(#657,#658),.UNSPECIFIED.,.F.,.F.,(2,2),(0.,0.0075),.UNSPECIFIED.);
#660=EDGE_CURVE('',#618,#656,#659,.T.);
#661=ORIENTED_EDGE('',*,*,#660,.T.);
#662=CARTESIAN_POINT('',(-75.,-7.5,0.));
#663=VERTEX_POINT('',#662);
#664=CARTESIAN_POINT('',(-75.,-7.5,0.));
#665=CARTESIAN_POINT('',(0.,-7.5,0.));
#666=B_SPLINE_CURVE_WITH_KNOTS('',1,(#664,#665),.UNSPECIFIED.,.F.,.F.,(2,2),(-0.0609772,0.0140228),.UNSPECIFIED.);
#667=EDGE_CURVE('',#663,#656,#666,.T.);
#668=ORIENTED_EDGE('',*,*,#667,.F.);
#669=CARTESIAN_POINT('',(-75.,0.,-0.));
#670=CARTESIAN_POINT('',(-75.,-7.5,0.));
#671=B_SPLINE_CURVE_WITH_KNOTS('',1,(#669,#670),.UNSPECIFIED.,.F.,.F.,(2,2),(-0.,0.0075),.UNSPECIFIED.);
#672=EDGE_CURVE('',#628,#663,#671,.T.);
#673=ORIENTED_EDGE('',*,*,#672,.F.);
#674=ORIENTED_EDGE('',*,*,#632,.T.);
#675=EDGE_LOOP('',(#661,#668,#673,#674));
#676=FACE_BOUND('',#675,.T.);
#677=ADVANCED_FACE('',(#676),#654,.T.);
#678=CARTESIAN_POINT('',(0.,-7.5,6.3));
#679=CARTESIAN_POINT('',(0.,-7.5,0.));
#680=CARTESIAN_POINT('',(-75.,-7.5,6.3));
#681=CARTESIAN_POINT('',(-75.,-7.5,0.));
#682=B_SPLINE_SURFACE_WITH_KNOTS('',1,1,((#678,#679),(#680,#681)),.UNSPECIFIED.,.F.,.F.,.U.,(2,2),(2,2),(-0.0140228,0.0609772),(-0.0063,0.),.UNSPECIFIED.);
#683=CARTESIAN_POINT('',(0.,-7.5,0.));
#684=CARTESIAN_POINT('',(0.,-7.5,6.3));
#685=B_SPLINE_CURVE_WITH_KNOTS('',1,(#683,#684),.UNSPECIFIED.,.F.,.F.,(2,2),(0.,0.0063),.UNSPECIFIED.);
#686=EDGE_CURVE('',#656,#620,#685,.T.);
#687=ORIENTED_EDGE('',*,*,#686,.T.);
#688=ORIENTED_EDGE('',*,*,#645,.F.);
#689=CARTESIAN_POINT('',(-75.,-7.5,0.));
#690=CARTESIAN_POINT('',(-75.,-7.5,6.3));
#691=B_SPLINE_CURVE_WITH_KNOTS('',1,(#689,#690),.UNSPECIFIED.,.F.,.F.,(2,2),(0.,0.0063),.UNSPECIFIED.);
#692=EDGE_CURVE('',#663,#635,#691,.T.);
#693=ORIENTED_EDGE('',*,*,#692,.F.);
#694=ORIENTED_EDGE('',*,*,#667,.T.);
#695=EDGE_LOOP('',(#687,#688,#693,#694));
#696=FACE_BOUND('',#695,.T.);
#697=ADVANCED_FACE('',(#696),#682,.T.);
#698=CARTESIAN_POINT('',(-75.,-7.5,6.3));
#699=CARTESIAN_POINT('',(-75.,0.,6.3));
#700=CARTESIAN_POINT('',(-75.,-7.5,-0.));
#701=CARTESIAN_POINT('',(-75.,0.,-0.));
#702=B_SPLINE_SURFACE_WITH_KNOTS('',1,1,((#698,#699),(#700,#701)),.UNSPECIFIED.,.F.,.F.,.U.,(2,2),(2,2),(-0.0063,0.),(-0.0075,0.),.UNSPECIFIED.);
#703=ORIENTED_EDGE('',*,*,#640,.F.);
#704=ORIENTED_EDGE('',*,*,#672,.T.);
#705=ORIENTED_EDGE('',*,*,#692,.T.);
#706=EDGE_LOOP('',(#703,#704,#705));
#707=FACE_BOUND('',#706,.T.);
#708=ADVANCED_FACE('',(#707),#702,.F.);
#709=CARTESIAN_POINT('',(0.,-7.5,6.3));
#710=CARTESIAN_POINT('',(0.,0.,6.3));
#711=CARTESIAN_POINT('',(0.,-7.5,0.));
#712=CARTESIAN_POINT('',(0.,0.,-0.));
#713=B_SPLINE_SURFACE_WITH_KNOTS('',1,1,((#709,#710),(#711,#712)),.UNSPECIFIED.,.F.,.F.,.U.,(2,2),(2,2),(-0.0063,0.),(-0.0075,0.),.UNSPECIFIED.);
#714=ORIENTED_EDGE('',*,*,#625,.T.);
#715=ORIENTED_EDGE('',*,*,#686,.F.);
#716=ORIENTED_EDGE('',*,*,#660,.F.);
#717=EDGE_LOOP('',(#714,#715,#716));
#718=FACE_BOUND('',#717,.T.);
#719=ADVANCED_FACE('',(#718),#713,.T.);
#720=CLOSED_SHELL('',(#649,#677,#697,#708,#719));
#721=MANIFOLD_SOLID_BREP('Extruded.006',#720);
#609=STYLED_ITEM('',(),#721);
#723=CARTESIAN_POINT('',(0.,-9.5,16.));
#724=CARTESIAN_POINT('',(0.,9.5,16.));
#725=CARTESIAN_POINT('',(0.,-9.5,-2.));
#726=CARTESIAN_POINT('',(0.,9.5,-2.));
#727=B_SPLINE_SURFACE_WITH_KNOTS('',1,1,((#723,#724),(#725,#726)),.UNSPECIFIED.,.F.,.F.,.U.,(2,2),(2,2),(-0.016,0.002),(-0.0095,0.0095),.UNSPECIFIED.);
#728=CARTESIAN_POINT('',(0.,9.5,16.));
#729=VERTEX_POINT('',#728);
#730=CARTESIAN_POINT('',(0.,9.5,-2.));
#731=VERTEX_POINT('',#730);
#732=CARTESIAN_POINT('',(0.,9.5,16.));
#733=CARTESIAN_POINT('',(0.,9.5,-2.));
#734=B_SPLINE_CURVE_WITH_KNOTS('',1,(#732,#733),.UNSPECIFIED.,.F.,.F.,(2,2),(0.,0.018),.UNSPECIFIED.);
#735=EDGE_CURVE('',#729,#731,#734,.T.);
#736=ORIENTED_EDGE('',*,*,#735,.T.);
#737=CARTESIAN_POINT('',(0.,-9.5,-2.));
#738=VERTEX_POINT('',#737);
#739=CARTESIAN_POINT('',(0.,9.5,-2.));
#740=CARTESIAN_POINT('',(0.,-9.5,-2.));
#741=B_SPLINE_CURVE_WITH_KNOTS('',1,(#739,#740),.UNSPECIFIED.,.F.,.F.,(2,2),(0.,0.019),.UNSPECIFIED.);
#742=EDGE_CURVE('',#731,#738,#741,.T.);
#743=ORIENTED_EDGE('',*,*,#742,.T.);
#744=CARTESIAN_POINT('',(0.,-9.5,16.));
#745=VERTEX_POINT('',#744);
#746=CARTESIAN_POINT('',(0.,-9.5,-2.));
#747=CARTESIAN_POINT('',(0.,-9.5,16.));
#748=B_SPLINE_CURVE_WITH_KNOTS('',1,(#746,#747),.UNSPECIFIED.,.F.,.F.,(2,2),(0.,0.018),.UNSPECIFIED.);
#749=EDGE_CURVE('',#738,#745,#748,.T.);
#750=ORIENTED_EDGE('',*,*,#749,.T.);
#751=CARTESIAN_POINT('',(0.,-9.5,16.));
#752=CARTESIAN_POINT('',(0.,9.5,16.));
#753=B_SPLINE_CURVE_WITH_KNOTS('',1,(#751,#752),.UNSPECIFIED.,.F.,.F.,(2,2),(0.,0.019),.UNSPECIFIED.);
#754=EDGE_CURVE('',#745,#729,#753,.T.);
#755=ORIENTED_EDGE('',*,*,#754,.T.);
#756=EDGE_LOOP('',(#736,#743,#750,#755));
#757=FACE_BOUND('',#756,.T.);
#758=CARTESIAN_POINT('',(0.,-6.59416486,11.421428571));
#759=VERTEX_POINT('',#758);
#760=CARTESIAN_POINT('',(0.,0.,0.));
#761=VERTEX_POINT('',#760);
#762=CARTESIAN_POINT('',(0.,-6.59416486,11.421428571));
#763=CARTESIAN_POINT('',(0.,-6.84396066,10.988769555));
#764=CARTESIAN_POINT('',(0.,-7.034682726,10.528146706));
#765=CARTESIAN_POINT('',(0.,-7.226004235,10.066076112));
#766=CARTESIAN_POINT('',(0.,-7.35483522,9.585007872));
#767=CARTESIAN_POINT('',(0.,-7.484207632,9.101917888));
#768=CARTESIAN_POINT('',(0.,-7.549144444,8.608149435));
#769=CARTESIAN_POINT('',(0.,-7.614354161,8.112305864));
#770=CARTESIAN_POINT('',(0.,-7.614285714,7.614285714));
#771=CARTESIAN_POINT('',(0.,-7.61421698,7.114172578));
#772=CARTESIAN_POINT('',(0.,-7.549144444,6.620421994));
#773=CARTESIAN_POINT('',(0.,-7.483798435,6.124596366));
#774=CARTESIAN_POINT('',(0.,-7.35483522,5.643563557));
#775=CARTESIAN_POINT('',(0.,-7.225330023,5.160509152));
#776=CARTESIAN_POINT('',(0.,-7.034682726,4.700424722));
#777=CARTESIAN_POINT('',(0.,-6.843234212,4.238406735));
#778=CARTESIAN_POINT('',(0.,-6.59416486,3.807142857));
#779=CARTESIAN_POINT('',(0.,-6.344048766,3.374066544));
#780=CARTESIAN_POINT('',(0.,-6.040819005,2.979002262));
#781=CARTESIAN_POINT('',(0.,-5.736314887,2.582277678));
#782=CARTESIAN_POINT('',(0.,-5.384113062,2.230172652));
#783=CARTESIAN_POINT('',(0.,-5.03043107,1.876587865));
#784=CARTESIAN_POINT('',(0.,-4.635283452,1.573466709));
#785=CARTESIAN_POINT('',(0.,-4.238475182,1.269071652));
#786=CARTESIAN_POINT('',(0.,-3.807142857,1.020120854));
#787=CARTESIAN_POINT('',(0.,-3.373997809,0.770123812));
#788=CARTESIAN_POINT('',(0.,-2.913860992,0.579602988));
#789=CARTESIAN_POINT('',(0.,-2.451790398,0.388281479));
#790=CARTESIAN_POINT('',(0.,-1.970722158,0.259450494));
#791=CARTESIAN_POINT('',(0.,-1.487607996,0.130071608));
#792=CARTESIAN_POINT('',(0.,-0.993863721,0.06514127));
#793=CARTESIAN_POINT('',(0.,-0.498515472,0.));
#794=CARTESIAN_POINT('',(0.,0.,0.));
#795=B_SPLINE_CURVE_WITH_KNOTS('',2,(#762,#763,#764,#765,#766,#767,#768,#769,#770,#771,#772,#773,#774,#775,#776,#777,#778,#779,#780,#781,#782,#783,#784,#785,#786,#787,
#788,#789,#790,#791,#792,#793,#794),.UNSPECIFIED.,.F.,.F.,(3,2,2,2,2,2,2,2,2,2,2,2,2,2,2,2,3),(0.,0.0625,0.125,0.1875,0.25,0.3125,0.375,0.4375,0.5,0.5625,0.625,0.6875,0.75,0.8125,0.875,0.9375,1.),.UNSPECIFIED.);
#796=EDGE_CURVE('',#759,#761,#795,.T.);
#797=ORIENTED_EDGE('',*,*,#796,.T.);
#798=CARTESIAN_POINT('',(0.,6.59416486,11.421428571));
#799=VERTEX_POINT('',#798);
#800=CARTESIAN_POINT('',(0.,0.,0.));
#801=CARTESIAN_POINT('',(0.,0.499591599,0.));
#802=CARTESIAN_POINT('',(0.,0.993863721,0.06514127));
#803=CARTESIAN_POINT('',(0.,1.489689348,0.13048728));
#804=CARTESIAN_POINT('',(0.,1.970722158,0.259450494));
#805=CARTESIAN_POINT('',(0.,2.453776562,0.388955691));
#806=CARTESIAN_POINT('',(0.,2.913860992,0.579602988));
#807=CARTESIAN_POINT('',(0.,3.375878979,0.771051502));
#808=CARTESIAN_POINT('',(0.,3.807142857,1.020120854));
#809=CARTESIAN_POINT('',(0.,4.240219171,1.270236948));
#810=CARTESIAN_POINT('',(0.,4.635283452,1.573466709));
#811=CARTESIAN_POINT('',(0.,5.032008037,1.877970827));
#812=CARTESIAN_POINT('',(0.,5.384113062,2.230172652));
#813=CARTESIAN_POINT('',(0.,5.73769785,2.583854645));
#814=CARTESIAN_POINT('',(0.,6.040819005,2.979002262));
#815=CARTESIAN_POINT('',(0.,6.345214062,3.375810532));
#816=CARTESIAN_POINT('',(0.,6.59416486,3.807142857));
#817=CARTESIAN_POINT('',(0.,6.844161902,4.240287905));
#818=CARTESIAN_POINT('',(0.,7.034682726,4.700424722));
#819=CARTESIAN_POINT('',(0.,7.226004235,5.162495316));
#820=CARTESIAN_POINT('',(0.,7.35483522,5.643563557));
#821=CARTESIAN_POINT('',(0.,7.484207632,6.126653541));
#822=CARTESIAN_POINT('',(0.,7.549144444,6.620421994));
#823=CARTESIAN_POINT('',(0.,7.614354161,7.116265564));
#824=CARTESIAN_POINT('',(0.,7.614285714,7.614285714));
#825=CARTESIAN_POINT('',(0.,7.61421698,8.114398851));
#826=CARTESIAN_POINT('',(0.,7.549144444,8.608149435));
#827=CARTESIAN_POINT('',(0.,7.483798435,9.103975062));
#828=CARTESIAN_POINT('',(0.,7.35483522,9.585007872));
#829=CARTESIAN_POINT('',(0.,7.225323542,10.068086452));
#830=CARTESIAN_POINT('',(0.,7.034682726,10.528146706));
#831=CARTESIAN_POINT('',(0.,6.843422596,10.989701508));
#832=CARTESIAN_POINT('',(0.,6.59416486,11.421428571));
#833=B_SPLINE_CURVE_WITH_KNOTS('',2,(#800,#801,#802,#803,#804,#805,#806,#807,#808,#809,#810,#811,#812,#813,#814,#815,#816,#817,#818,#819,#820,#821,#822,#823,#824,#825,
#826,#827,#828,#829,#830,#831,#832),.UNSPECIFIED.,.F.,.F.,(3,2,2,2,2,2,2,2,2,2,2,2,2,2,2,2,3),(0.,0.0625,0.125,0.1875,0.25,0.3125,0.375,0.4375,0.5,0.5625,0.625,0.6875,0.75,0.8125,0.875,0.9375,1.),.UNSPECIFIED.);
#834=EDGE_CURVE('',#761,#799,#833,.T.);
#835=ORIENTED_EDGE('',*,*,#834,.T.);
#836=CARTESIAN_POINT('',(0.,6.59416486,11.421428571));
#837=CARTESIAN_POINT('',(0.,6.344369061,11.854087588));
#838=CARTESIAN_POINT('',(0.,6.040819005,12.249569167));
#839=CARTESIAN_POINT('',(0.,5.736314887,12.646293751));
#840=CARTESIAN_POINT('',(0.,5.384113062,12.998398777));
#841=CARTESIAN_POINT('',(0.,5.03043107,13.351983564));
#842=CARTESIAN_POINT('',(0.,4.635283452,13.65510472));
#843=CARTESIAN_POINT('',(0.,4.238475182,13.959499776));
#844=CARTESIAN_POINT('',(0.,3.807142857,14.208450575));
#845=CARTESIAN_POINT('',(0.,3.373997809,14.458447617));
#846=CARTESIAN_POINT('',(0.,2.913860992,14.64896844));
#847=CARTESIAN_POINT('',(0.,2.451790398,14.840289949));
#848=CARTESIAN_POINT('',(0.,1.970722158,14.969120934));
#849=CARTESIAN_POINT('',(0.,1.487632173,15.098493346));
#850=CARTESIAN_POINT('',(0.,0.993863721,15.163430159));
#851=CARTESIAN_POINT('',(0.,0.49802015,15.228639876));
#852=CARTESIAN_POINT('',(0.,0.,15.228571429));
#853=CARTESIAN_POINT('',(0.,-0.500113136,15.228502694));
#854=CARTESIAN_POINT('',(0.,-0.993863721,15.163430159));
#855=CARTESIAN_POINT('',(0.,-1.489689348,15.098084149));
#856=CARTESIAN_POINT('',(0.,-1.970722158,14.969120934));
#857=CARTESIAN_POINT('',(0.,-2.453776562,14.839615738));
#858=CARTESIAN_POINT('',(0.,-2.913860992,14.64896844));
#859=CARTESIAN_POINT('',(0.,-3.375878979,14.457519926));
#860=CARTESIAN_POINT('',(0.,-3.807142857,14.208450575));
#861=CARTESIAN_POINT('',(0.,-4.240219171,13.95833448));
#862=CARTESIAN_POINT('',(0.,-4.635283452,13.65510472));
#863=CARTESIAN_POINT('',(0.,-5.032008037,13.350600601));
#864=CARTESIAN_POINT('',(0.,-5.384113062,12.998398777));
#865=CARTESIAN_POINT('',(0.,-5.737715546,12.644699083));
#866=CARTESIAN_POINT('',(0.,-6.040819005,12.249569167));
#867=CARTESIAN_POINT('',(0.,-6.344907124,11.853155635));
#868=CARTESIAN_POINT('',(0.,-6.59416486,11.421428571));
#869=B_SPLINE_CURVE_WITH_KNOTS('',2,(#836,#837,#838,#839,#840,#841,#842,#843,#844,#845,#846,#847,#848,#849,#850,#851,#852,#853,#854,#855,#856,#857,#858,#859,#860,#861,
#862,#863,#864,#865,#866,#867,#868),.UNSPECIFIED.,.F.,.F.,(3,2,2,2,2,2,2,2,2,2,2,2,2,2,2,2,3),(0.,0.0625,0.125,0.1875,0.25,0.3125,0.375,0.4375,0.5,0.5625,0.625,0.6875,0.75,0.8125,0.875,0.9375,1.),.UNSPECIFIED.);
#870=EDGE_CURVE('',#799,#759,#869,.T.);
#871=ORIENTED_EDGE('',*,*,#870,.T.);
#872=EDGE_LOOP('',(#797,#835,#871));
#873=FACE_BOUND('',#872,.T.);
#874=ADVANCED_FACE('',(#757,#873),#727,.F.);
#875=CARTESIAN_POINT('',(2.5,9.5,-2.));
#876=CARTESIAN_POINT('',(2.5,9.5,16.));
#877=CARTESIAN_POINT('',(0.,9.5,-2.));
#878=CARTESIAN_POINT('',(0.,9.5,16.));
#879=B_SPLINE_SURFACE_WITH_KNOTS('',1,1,((#875,#876),(#877,#878)),.UNSPECIFIED.,.F.,.F.,.U.,(2,2),(2,2),(0.,0.0025),(-0.018,0.),.UNSPECIFIED.);
#880=ORIENTED_EDGE('',*,*,#735,.F.);
#881=CARTESIAN_POINT('',(2.5,9.5,16.));
#882=VERTEX_POINT('',#881);
#883=CARTESIAN_POINT('',(2.5,9.5,16.));
#884=CARTESIAN_POINT('',(0.,9.5,16.));
#885=B_SPLINE_CURVE_WITH_KNOTS('',1,(#883,#884),.UNSPECIFIED.,.F.,.F.,(2,2),(0.,0.0025),.UNSPECIFIED.);
#886=EDGE_CURVE('',#882,#729,#885,.T.);
#887=ORIENTED_EDGE('',*,*,#886,.F.);
#888=CARTESIAN_POINT('',(2.5,9.5,-2.));
#889=VERTEX_POINT('',#888);
#890=CARTESIAN_POINT('',(2.5,9.5,16.));
#891=CARTESIAN_POINT('',(2.5,9.5,-2.));
#892=B_SPLINE_CURVE_WITH_KNOTS('',1,(#890,#891),.UNSPECIFIED.,.F.,.F.,(2,2),(0.,0.018),.UNSPECIFIED.);
#893=EDGE_CURVE('',#882,#889,#892,.T.);
#894=ORIENTED_EDGE('',*,*,#893,.T.);
#895=CARTESIAN_POINT('',(2.5,9.5,-2.));
#896=CARTESIAN_POINT('',(0.,9.5,-2.));
#897=B_SPLINE_CURVE_WITH_KNOTS('',1,(#895,#896),.UNSPECIFIED.,.F.,.F.,(2,2),(0.,0.0025),.UNSPECIFIED.);
#898=EDGE_CURVE('',#889,#731,#897,.T.);
#899=ORIENTED_EDGE('',*,*,#898,.T.);
#900=EDGE_LOOP('',(#880,#887,#894,#899));
#901=FACE_BOUND('',#900,.T.);
#902=ADVANCED_FACE('',(#901),#879,.T.);
#903=CARTESIAN_POINT('',(0.,-9.5,16.));
#904=CARTESIAN_POINT('',(0.,9.5,16.));
#905=CARTESIAN_POINT('',(2.5,-9.5,16.));
#906=CARTESIAN_POINT('',(2.5,9.5,16.));
#907=B_SPLINE_SURFACE_WITH_KNOTS('',1,1,((#903,#904),(#905,#906)),.UNSPECIFIED.,.F.,.F.,.U.,(2,2),(2,2),(-0.0025,0.),(0.,0.019),.UNSPECIFIED.);
#908=ORIENTED_EDGE('',*,*,#754,.F.);
#909=CARTESIAN_POINT('',(2.5,-9.5,16.));
#910=VERTEX_POINT('',#909);
#911=CARTESIAN_POINT('',(2.5,-9.5,16.));
#912=CARTESIAN_POINT('',(0.,-9.5,16.));
#913=B_SPLINE_CURVE_WITH_KNOTS('',1,(#911,#912),.UNSPECIFIED.,.F.,.F.,(2,2),(-0.,0.0025),.UNSPECIFIED.);
#914=EDGE_CURVE('',#910,#745,#913,.T.);
#915=ORIENTED_EDGE('',*,*,#914,.F.);
#916=CARTESIAN_POINT('',(2.5,-9.5,16.));
#917=CARTESIAN_POINT('',(2.5,9.5,16.));
#918=B_SPLINE_CURVE_WITH_KNOTS('',1,(#916,#917),.UNSPECIFIED.,.F.,.F.,(2,2),(0.,0.019),.UNSPECIFIED.);
#919=EDGE_CURVE('',#910,#882,#918,.T.);
#920=ORIENTED_EDGE('',*,*,#919,.T.);
#921=ORIENTED_EDGE('',*,*,#886,.T.);
#922=EDGE_LOOP('',(#908,#915,#920,#921));
#923=FACE_BOUND('',#922,.T.);
#924=ADVANCED_FACE('',(#923),#907,.T.);
#925=CARTESIAN_POINT('',(0.,-9.5,-2.));
#926=CARTESIAN_POINT('',(0.,-9.5,16.));
#927=CARTESIAN_POINT('',(2.5,-9.5,-2.));
#928=CARTESIAN_POINT('',(2.5,-9.5,16.));
#929=B_SPLINE_SURFACE_WITH_KNOTS('',1,1,((#925,#926),(#927,#928)),.UNSPECIFIED.,.F.,.F.,.U.,(2,2),(2,2),(-0.0025,0.),(0.,0.018),.UNSPECIFIED.);
#930=ORIENTED_EDGE('',*,*,#749,.F.);
#931=CARTESIAN_POINT('',(2.5,-9.5,-2.));
#932=VERTEX_POINT('',#931);
#933=CARTESIAN_POINT('',(2.5,-9.5,-2.));
#934=CARTESIAN_POINT('',(0.,-9.5,-2.));
#935=B_SPLINE_CURVE_WITH_KNOTS('',1,(#933,#934),.UNSPECIFIED.,.F.,.F.,(2,2),(-0.,0.0025),.UNSPECIFIED.);
#936=EDGE_CURVE('',#932,#738,#935,.T.);
#937=ORIENTED_EDGE('',*,*,#936,.F.);
#938=CARTESIAN_POINT('',(2.5,-9.5,-2.));
#939=CARTESIAN_POINT('',(2.5,-9.5,16.));
#940=B_SPLINE_CURVE_WITH_KNOTS('',1,(#938,#939),.UNSPECIFIED.,.F.,.F.,(2,2),(0.,0.018),.UNSPECIFIED.);
#941=EDGE_CURVE('',#932,#910,#940,.T.);
#942=ORIENTED_EDGE('',*,*,#941,.T.);
#943=ORIENTED_EDGE('',*,*,#914,.T.);
#944=EDGE_LOOP('',(#930,#937,#942,#943));
#945=FACE_BOUND('',#944,.T.);
#946=ADVANCED_FACE('',(#945),#929,.T.);
#947=CARTESIAN_POINT('',(2.5,-9.5,-2.));
#948=CARTESIAN_POINT('',(2.5,9.5,-2.));
#949=CARTESIAN_POINT('',(0.,-9.5,-2.));
#950=CARTESIAN_POINT('',(0.,9.5,-2.));
#951=B_SPLINE_SURFACE_WITH_KNOTS('',1,1,((#947,#948),(#949,#950)),.UNSPECIFIED.,.F.,.F.,.U.,(2,2),(2,2),(0.,0.0025),(-0.019,0.),.UNSPECIFIED.);
#952=ORIENTED_EDGE('',*,*,#742,.F.);
#953=ORIENTED_EDGE('',*,*,#898,.F.);
#954=CARTESIAN_POINT('',(2.5,9.5,-2.));
#955=CARTESIAN_POINT('',(2.5,-9.5,-2.));
#956=B_SPLINE_CURVE_WITH_KNOTS('',1,(#954,#955),.UNSPECIFIED.,.F.,.F.,(2,2),(0.,0.019),.UNSPECIFIED.);
#957=EDGE_CURVE('',#889,#932,#956,.T.);
#958=ORIENTED_EDGE('',*,*,#957,.T.);
#959=ORIENTED_EDGE('',*,*,#936,.T.);
#960=EDGE_LOOP('',(#952,#953,#958,#959));
#961=FACE_BOUND('',#960,.T.);
#962=ADVANCED_FACE('',(#961),#951,.T.);
#963=CARTESIAN_POINT('',(2.5,-9.5,16.));
#964=CARTESIAN_POINT('',(2.5,9.5,16.));
#965=CARTESIAN_POINT('',(2.5,-9.5,-2.));
#966=CARTESIAN_POINT('',(2.5,9.5,-2.));
#967=B_SPLINE_SURFACE_WITH_KNOTS('',1,1,((#963,#964),(#965,#966)),.UNSPECIFIED.,.F.,.F.,.U.,(2,2),(2,2),(-0.016,0.002),(-0.0095,0.0095),.UNSPECIFIED.);
#968=CARTESIAN_POINT('',(2.5,6.321985448,10.95));
#969=VERTEX_POINT('',#968);
#970=CARTESIAN_POINT('',(2.5,-6.321985448,10.95));
#971=VERTEX_POINT('',#970);
#972=CARTESIAN_POINT('',(2.5,6.321985448,10.95));
#973=CARTESIAN_POINT('',(2.5,6.082889978,11.364125501));
#974=CARTESIAN_POINT('',(2.5,5.791479384,11.743958432));
#975=CARTESIAN_POINT('',(2.5,5.500570347,12.123137619));
#976=CARTESIAN_POINT('',(2.5,5.161879503,12.461879503));
#977=CARTESIAN_POINT('',(2.5,4.823966417,12.79984351));
#978=CARTESIAN_POINT('',(2.5,4.443958432,13.091479384));
#979=CARTESIAN_POINT('',(2.5,4.064823085,13.382445555));
#980=CARTESIAN_POINT('',(2.5,3.65,13.621985448));
#981=CARTESIAN_POINT('',(2.5,3.236129502,13.860975269));
#982=CARTESIAN_POINT('',(2.5,2.793589056,14.044320587));
#983=CARTESIAN_POINT('',(2.5,2.352064846,14.227244877));
#984=CARTESIAN_POINT('',(2.5,1.889379029,14.351258532));
#985=CARTESIAN_POINT('',(2.5,1.427755709,14.474987405));
#986=CARTESIAN_POINT('',(2.5,0.952841203,14.537547488));
#987=CARTESIAN_POINT('',(2.5,0.479017276,14.59996391));
#988=CARTESIAN_POINT('',(2.5,0.,14.6));
#989=CARTESIAN_POINT('',(2.5,-0.477917276,14.600036007));
#990=CARTESIAN_POINT('',(2.5,-0.952841203,14.537547488));
#991=CARTESIAN_POINT('',(2.5,-1.42667453,14.475202465));
#992=CARTESIAN_POINT('',(2.5,-1.889379029,14.351258532));
#993=CARTESIAN_POINT('',(2.5,-2.351020988,14.227599219));
#994=CARTESIAN_POINT('',(2.5,-2.793589056,14.044320587));
#995=CARTESIAN_POINT('',(2.5,-3.235140825,13.86146283));
#996=CARTESIAN_POINT('',(2.5,-3.65,13.621985448));
#997=CARTESIAN_POINT('',(2.5,-4.063906506,13.383057993));
#998=CARTESIAN_POINT('',(2.5,-4.443958432,13.091479384));
#999=CARTESIAN_POINT('',(2.5,-4.823137619,12.800570347));
#1000=CARTESIAN_POINT('',(2.5,-5.161879503,12.461879503));
#1001=CARTESIAN_POINT('',(2.5,-5.49984351,12.123966417));
#1002=CARTESIAN_POINT('',(2.5,-5.791479384,11.743958432));
#1003=CARTESIAN_POINT('',(2.5,-6.082613797,11.364603861));
#1004=CARTESIAN_POINT('',(2.5,-6.321985448,10.95));
#1005=B_SPLINE_CURVE_WITH_KNOTS('',2,(#972,#973,#974,#975,#976,#977,#978,#979,#980,#981,#982,#983,#984,#985,#986,#987,#988,#989,#990,#991,#992,#993,#994,#995,#996,#997,
#998,#999,#1000,#1001,#1002,#1003,#1004),.UNSPECIFIED.,.F.,.F.,(3,2,2,2,2,2,2,2,2,2,2,2,2,2,2,2,3),(0.,0.0625,0.125,0.1875,0.25,0.3125,0.375,0.4375,0.5,0.5625,0.625,0.6875,0.75,0.8125,0.875,0.9375,1.),.UNSPECIFIED.);
#1006=EDGE_CURVE('',#969,#971,#1005,.T.);
#1007=ORIENTED_EDGE('',*,*,#1006,.F.);
#1008=CARTESIAN_POINT('',(2.5,-0.,0.));
#1009=VERTEX_POINT('',#1008);
#1010=CARTESIAN_POINT('',(2.5,-0.,0.));
#1011=CARTESIAN_POINT('',(2.5,0.478190939,0.));
#1012=CARTESIAN_POINT('',(2.5,0.952841203,0.062452512));
#1013=CARTESIAN_POINT('',(2.5,1.42667453,0.124797535));
#1014=CARTESIAN_POINT('',(2.5,1.889379029,0.248741468));
#1015=CARTESIAN_POINT('',(2.5,2.351020988,0.372400781));
#1016=CARTESIAN_POINT('',(2.5,2.793589056,0.555679413));
#1017=CARTESIAN_POINT('',(2.5,3.235140825,0.73853717));
#1018=CARTESIAN_POINT('',(2.5,3.65,0.978014552));
#1019=CARTESIAN_POINT('',(2.5,4.063906506,1.216942007));
#1020=CARTESIAN_POINT('',(2.5,4.443958432,1.508520616));
#1021=CARTESIAN_POINT('',(2.5,4.823137619,1.799429653));
#1022=CARTESIAN_POINT('',(2.5,5.161879503,2.138120497));
#1023=CARTESIAN_POINT('',(2.5,5.49984351,2.476033583));
#1024=CARTESIAN_POINT('',(2.5,5.791479384,2.856041568));
#1025=CARTESIAN_POINT('',(2.5,6.082445555,3.235176915));
#1026=CARTESIAN_POINT('',(2.5,6.321985448,3.65));
#1027=CARTESIAN_POINT('',(2.5,6.560975269,4.063870498));
#1028=CARTESIAN_POINT('',(2.5,6.744320587,4.506410944));
#1029=CARTESIAN_POINT('',(2.5,6.927244877,4.947935154));
#1030=CARTESIAN_POINT('',(2.5,7.051258532,5.410620971));
#1031=CARTESIAN_POINT('',(2.5,7.174987405,5.872244291));
#1032=CARTESIAN_POINT('',(2.5,7.237547488,6.347158797));
#1033=CARTESIAN_POINT('',(2.5,7.29996391,6.820982724));
#1034=CARTESIAN_POINT('',(2.5,7.3,7.3));
#1035=CARTESIAN_POINT('',(2.5,7.300036007,7.777917276));
#1036=CARTESIAN_POINT('',(2.5,7.237547488,8.252841203));
#1037=CARTESIAN_POINT('',(2.5,7.175202465,8.72667453));
#1038=CARTESIAN_POINT('',(2.5,7.051258532,9.189379029));
#1039=CARTESIAN_POINT('',(2.5,6.927599219,9.651020988));
#1040=CARTESIAN_POINT('',(2.5,6.744320587,10.093589056));
#1041=CARTESIAN_POINT('',(2.5,6.561357099,10.535396139));
#1042=CARTESIAN_POINT('',(2.5,6.321985448,10.95));
#1043=B_SPLINE_CURVE_WITH_KNOTS('',2,(#1010,#1011,#1012,#1013,#1014,#1015,#1016,#1017,#1018,#1019,#1020,#1021,#1022,#1023,#1024,#1025,#1026,#1027,#1028,#1029,#1030,#1031,#1032,#1033,#1034,#1035,
#1036,#1037,#1038,#1039,#1040,#1041,#1042),.UNSPECIFIED.,.F.,.F.,(3,2,2,2,2,2,2,2,2,2,2,2,2,2,2,2,3),(0.,0.0625,0.125,0.1875,0.25,0.3125,0.375,0.4375,0.5,0.5625,0.625,0.6875,0.75,0.8125,0.875,0.9375,1.),.UNSPECIFIED.);
#1044=EDGE_CURVE('',#1009,#969,#1043,.T.);
#1045=ORIENTED_EDGE('',*,*,#1044,.F.);
#1046=CARTESIAN_POINT('',(2.5,-6.321985448,10.95));
#1047=CARTESIAN_POINT('',(2.5,-6.561080917,10.535874499));
#1048=CARTESIAN_POINT('',(2.5,-6.744320587,10.093589056));
#1049=CARTESIAN_POINT('',(2.5,-6.927244877,9.652064846));
#1050=CARTESIAN_POINT('',(2.5,-7.051258532,9.189379029));
#1051=CARTESIAN_POINT('',(2.5,-7.174987405,8.727755709));
#1052=CARTESIAN_POINT('',(2.5,-7.237547488,8.252841203));
#1053=CARTESIAN_POINT('',(2.5,-7.29996391,7.779017276));
#1054=CARTESIAN_POINT('',(2.5,-7.3,7.3));
#1055=CARTESIAN_POINT('',(2.5,-7.300036007,6.822082724));
#1056=CARTESIAN_POINT('',(2.5,-7.237547488,6.347158797));
#1057=CARTESIAN_POINT('',(2.5,-7.175202465,5.87332547));
#1058=CARTESIAN_POINT('',(2.5,-7.051258532,5.410620971));
#1059=CARTESIAN_POINT('',(2.5,-6.927599219,4.948979012));
#1060=CARTESIAN_POINT('',(2.5,-6.744320587,4.506410944));
#1061=CARTESIAN_POINT('',(2.5,-6.56146283,4.064859175));
#1062=CARTESIAN_POINT('',(2.5,-6.321985448,3.65));
#1063=CARTESIAN_POINT('',(2.5,-6.083057993,3.236093494));
#1064=CARTESIAN_POINT('',(2.5,-5.791479384,2.856041568));
#1065=CARTESIAN_POINT('',(2.5,-5.500570347,2.476862381));
#1066=CARTESIAN_POINT('',(2.5,-5.161879503,2.138120497));
#1067=CARTESIAN_POINT('',(2.5,-4.823966417,1.80015649));
#1068=CARTESIAN_POINT('',(2.5,-4.443958432,1.508520616));
#1069=CARTESIAN_POINT('',(2.5,-4.064823085,1.217554445));
#1070=CARTESIAN_POINT('',(2.5,-3.65,0.978014552));
#1071=CARTESIAN_POINT('',(2.5,-3.236129502,0.739024731));
#1072=CARTESIAN_POINT('',(2.5,-2.793589056,0.555679413));
#1073=CARTESIAN_POINT('',(2.5,-2.352064846,0.372755123));
#1074=CARTESIAN_POINT('',(2.5,-1.889379029,0.248741468));
#1075=CARTESIAN_POINT('',(2.5,-1.427755709,0.125012595));
#1076=CARTESIAN_POINT('',(2.5,-0.952841203,0.062452512));
#1077=CARTESIAN_POINT('',(2.5,-0.478743302,0.));
#1078=CARTESIAN_POINT('',(2.5,-0.,0.));
#1079=B_SPLINE_CURVE_WITH_KNOTS('',2,(#1046,#1047,#1048,#1049,#1050,#1051,#1052,#1053,#1054,#1055,#1056,#1057,#1058,#1059,#1060,#1061,#1062,#1063,#1064,#1065,#1066,#1067,#1068,#1069,#1070,#1071,
#1072,#1073,#1074,#1075,#1076,#1077,#1078),.UNSPECIFIED.,.F.,.F.,(3,2,2,2,2,2,2,2,2,2,2,2,2,2,2,2,3),(0.,0.0625,0.125,0.1875,0.25,0.3125,0.375,0.4375,0.5,0.5625,0.625,0.6875,0.75,0.8125,0.875,0.9375,1.),.UNSPECIFIED.);
#1080=EDGE_CURVE('',#971,#1009,#1079,.T.);
#1081=ORIENTED_EDGE('',*,*,#1080,.F.);
#1082=EDGE_LOOP('',(#1007,#1045,#1081));
#1083=FACE_BOUND('',#1082,.T.);
#1084=ORIENTED_EDGE('',*,*,#893,.F.);
#1085=ORIENTED_EDGE('',*,*,#919,.F.);
#1086=ORIENTED_EDGE('',*,*,#941,.F.);
#1087=ORIENTED_EDGE('',*,*,#957,.F.);
#1088=EDGE_LOOP('',(#1084,#1085,#1086,#1087));
#1089=FACE_BOUND('',#1088,.T.);
#1090=ADVANCED_FACE('',(#1083,#1089),#967,.T.);
#1091=CARTESIAN_POINT('',(0.,0.,0.));
#1092=CARTESIAN_POINT('',(2.5,0.,0.));
#1093=CARTESIAN_POINT('',(0.,0.66447178,-0.));
#1094=CARTESIAN_POINT('',(2.5,0.637045177,0.));
#1095=CARTESIAN_POINT('',(0.,1.328891705,0.087472543));
#1096=CARTESIAN_POINT('',(2.5,1.27404064,0.083862044));
#1097=CARTESIAN_POINT('',(0.,2.61255261,0.431428446));
#1098=CARTESIAN_POINT('',(2.5,2.504717418,0.413620892));
#1099=CARTESIAN_POINT('',(0.,3.231693416,0.687884964));
#1100=CARTESIAN_POINT('',(2.5,3.098302693,0.659491964));
#1101=CARTESIAN_POINT('',(0.,4.382592298,1.352356744));
#1102=CARTESIAN_POINT('',(2.5,4.201697307,1.296537141));
#1103=CARTESIAN_POINT('',(0.,4.914260561,1.760320151));
#1104=CARTESIAN_POINT('',(2.5,4.711420538,1.687661533));
#1105=CARTESIAN_POINT('',(0.,5.853965564,2.700025153));
#1106=CARTESIAN_POINT('',(2.5,5.612338467,2.588579462));
#1107=CARTESIAN_POINT('',(0.,6.26192897,3.231693416));
#1108=CARTESIAN_POINT('',(2.5,6.003462859,3.098302693));
#1109=CARTESIAN_POINT('',(0.,6.92640075,4.382592298));
#1110=CARTESIAN_POINT('',(2.5,6.640508036,4.201697307));
#1111=CARTESIAN_POINT('',(0.,7.182857269,5.001733104));
#1112=CARTESIAN_POINT('',(2.5,6.886379108,4.795282582));
#1113=CARTESIAN_POINT('',(0.,7.526813172,6.285394009));
#1114=CARTESIAN_POINT('',(2.5,7.216137956,6.02595936));
#1115=CARTESIAN_POINT('',(0.,7.614285714,6.949813935));
#1116=CARTESIAN_POINT('',(2.5,7.3,6.662954823));
#1117=CARTESIAN_POINT('',(0.,7.614285714,8.278757494));
#1118=CARTESIAN_POINT('',(2.5,7.3,7.937045177));
#1119=CARTESIAN_POINT('',(0.,7.526813172,8.943177419));
#1120=CARTESIAN_POINT('',(2.5,7.216137956,8.57404064));
#1121=CARTESIAN_POINT('',(0.,7.182857269,10.226838325));
#1122=CARTESIAN_POINT('',(2.5,6.886379108,9.804717418));
#1123=CARTESIAN_POINT('',(0.,6.92640075,10.84597913));
#1124=CARTESIAN_POINT('',(2.5,6.640508036,10.398302693));
#1125=CARTESIAN_POINT('',(0.,6.26192897,11.996878013));
#1126=CARTESIAN_POINT('',(2.5,6.003462859,11.501697307));
#1127=CARTESIAN_POINT('',(0.,5.853965564,12.528546276));
#1128=CARTESIAN_POINT('',(2.5,5.612338467,12.011420538));
#1129=CARTESIAN_POINT('',(0.,4.914260561,13.468251278));
#1130=CARTESIAN_POINT('',(2.5,4.711420538,12.912338467));
#1131=CARTESIAN_POINT('',(0.,4.382592298,13.876214685));
#1132=CARTESIAN_POINT('',(2.5,4.201697307,13.303462859));
#1133=CARTESIAN_POINT('',(0.,3.231693416,14.540686464));
#1134=CARTESIAN_POINT('',(2.5,3.098302693,13.940508036));
#1135=CARTESIAN_POINT('',(0.,2.61255261,14.797142983));
#1136=CARTESIAN_POINT('',(2.5,2.504717418,14.186379108));
#1137=CARTESIAN_POINT('',(0.,1.328891705,15.141098886));
#1138=CARTESIAN_POINT('',(2.5,1.27404064,14.516137956));
#1139=CARTESIAN_POINT('',(0.,0.66447178,15.228571429));
#1140=CARTESIAN_POINT('',(2.5,0.637045177,14.6));
#1141=CARTESIAN_POINT('',(0.,-0.66447178,15.228571429));
#1142=CARTESIAN_POINT('',(2.5,-0.637045177,14.6));
#1143=CARTESIAN_POINT('',(0.,-1.328891705,15.141098886));
#1144=CARTESIAN_POINT('',(2.5,-1.27404064,14.516137956));
#1145=CARTESIAN_POINT('',(0.,-2.61255261,14.797142983));
#1146=CARTESIAN_POINT('',(2.5,-2.504717418,14.186379108));
#1147=CARTESIAN_POINT('',(0.,-3.231693416,14.540686464));
#1148=CARTESIAN_POINT('',(2.5,-3.098302693,13.940508036));
#1149=CARTESIAN_POINT('',(0.,-4.382592298,13.876214685));
#1150=CARTESIAN_POINT('',(2.5,-4.201697307,13.303462859));
#1151=CARTESIAN_POINT('',(0.,-4.914260561,13.468251278));
#1152=CARTESIAN_POINT('',(2.5,-4.711420538,12.912338467));
#1153=CARTESIAN_POINT('',(0.,-5.853965564,12.528546276));
#1154=CARTESIAN_POINT('',(2.5,-5.612338467,12.011420538));
#1155=CARTESIAN_POINT('',(0.,-6.26192897,11.996878013));
#1156=CARTESIAN_POINT('',(2.5,-6.003462859,11.501697307));
#1157=CARTESIAN_POINT('',(0.,-6.92640075,10.84597913));
#1158=CARTESIAN_POINT('',(2.5,-6.640508036,10.398302693));
#1159=CARTESIAN_POINT('',(0.,-7.182857269,10.226838325));
#1160=CARTESIAN_POINT('',(2.5,-6.886379108,9.804717418));
#1161=CARTESIAN_POINT('',(0.,-7.526813172,8.943177419));
#1162=CARTESIAN_POINT('',(2.5,-7.216137956,8.57404064));
#1163=CARTESIAN_POINT('',(0.,-7.614285714,8.278757494));
#1164=CARTESIAN_POINT('',(2.5,-7.3,7.937045177));
#1165=CARTESIAN_POINT('',(0.,-7.614285714,6.949813935));
#1166=CARTESIAN_POINT('',(2.5,-7.3,6.662954823));
#1167=CARTESIAN_POINT('',(0.,-7.526813172,6.285394009));
#1168=CARTESIAN_POINT('',(2.5,-7.216137956,6.02595936));
#1169=CARTESIAN_POINT('',(0.,-7.182857269,5.001733104));
#1170=CARTESIAN_POINT('',(2.5,-6.886379108,4.795282582));
#1171=CARTESIAN_POINT('',(0.,-6.92640075,4.382592298));
#1172=CARTESIAN_POINT('',(2.5,-6.640508036,4.201697307));
#1173=CARTESIAN_POINT('',(0.,-6.26192897,3.231693416));
#1174=CARTESIAN_POINT('',(2.5,-6.003462859,3.098302693));
#1175=CARTESIAN_POINT('',(0.,-5.853965564,2.700025153));
#1176=CARTESIAN_POINT('',(2.5,-5.612338467,2.588579462));
#1177=CARTESIAN_POINT('',(0.,-4.914260561,1.760320151));
#1178=CARTESIAN_POINT('',(2.5,-4.711420538,1.687661533));
#1179=CARTESIAN_POINT('',(0.,-4.382592298,1.352356744));
#1180=CARTESIAN_POINT('',(2.5,-4.201697307,1.296537141));
#1181=CARTESIAN_POINT('',(0.,-3.231693416,0.687884964));
#1182=CARTESIAN_POINT('',(2.5,-3.098302693,0.659491964));
#1183=CARTESIAN_POINT('',(0.,-2.61255261,0.431428446));
#1184=CARTESIAN_POINT('',(2.5,-2.504717418,0.413620892));
#1185=CARTESIAN_POINT('',(0.,-1.328891705,0.087472543));
#1186=CARTESIAN_POINT('',(2.5,-1.27404064,0.083862044));
#1187=CARTESIAN_POINT('',(0.,-0.66447178,0.));
#1188=CARTESIAN_POINT('',(2.5,-0.637045177,0.));
#1189=CARTESIAN_POINT('',(0.,0.,-0.));
#1190=CARTESIAN_POINT('',(2.5,0.,0.));
#1191=B_SPLINE_SURFACE_WITH_KNOTS('',3,1,((#1091,#1092),(#1093,#1094),(#1095,#1096),(#1097,#1098),(#1099,#1100),(#1101,#1102),(#1103,#1104),(#1105,#1106),(#1107,#1108),(#1109,#1110),(#1111,#1112),(#1113,#1114),(#1115,#1116),(#1117,#1118),(#1119,#1120),(#1121,#1122),(#1123,#1124),(#1125,#1126),(#1127,#1128),(#1129,#1130),(#1131,#1132),(#1133,#1134),(#1135,#1136),(#1137,#1138),(#1139,#1140),(#1141,#1142),
(#1143,#1144),(#1145,#1146),(#1147,#1148),(#1149,#1150),(#1151,#1152),(#1153,#1154),(#1155,#1156),(#1157,#1158),(#1159,#1160),(#1161,#1162),(#1163,#1164),(#1165,#1166),(#1167,#1168),(#1169,#1170),(#1171,#1172),(#1173,#1174),(#1175,#1176),(#1177,#1178),(#1179,#1180),(#1181,#1182),(#1183,#1184),(#1185,#1186),(#1187,#1188),(#1189,#1190)),.UNSPECIFIED.,.T.,.F.,.U.,(4,2,2,2,2,2,2,2,2,2,2,2,2,2,2,2,2,2,2,2,2,2,2,2,4),(2,2),(0.,0.041666667,0.083333333,0.125,0.166666667,0.208333333,0.25,0.291666667,0.333333333,0.375,0.416666667,0.458333333,0.5,0.541666667,0.583333333,0.625,0.666666667,0.708333333,0.75,0.791666667,0.833333333,0.875,0.916666667,0.958333333,1.),(0.,1.),.UNSPECIFIED.);
#1192=CARTESIAN_POINT('',(2.5,0.,0.));
#1193=CARTESIAN_POINT('',(0.,0.,0.));
#1194=B_SPLINE_CURVE_WITH_KNOTS('',1,(#1192,#1193),.UNSPECIFIED.,.F.,.F.,(2,2),(0.,1.),.UNSPECIFIED.);
#1195=EDGE_CURVE('',#1009,#761,#1194,.T.);
#1196=ORIENTED_EDGE('',*,*,#1195,.F.);
#1197=ORIENTED_EDGE('',*,*,#1044,.T.);
#1198=ORIENTED_EDGE('',*,*,#1006,.T.);
#1199=ORIENTED_EDGE('',*,*,#1080,.T.);
#1200=ORIENTED_EDGE('',*,*,#1195,.T.);
#1201=ORIENTED_EDGE('',*,*,#796,.F.);
#1202=ORIENTED_EDGE('',*,*,#870,.F.);
#1203=ORIENTED_EDGE('',*,*,#834,.F.);
#1204=EDGE_LOOP('',(#1196,#1197,#1198,#1199,#1200,#1201,#1202,#1203));
#1205=FACE_BOUND('',#1204,.T.);
#1206=ADVANCED_FACE('',(#1205),#1191,.F.);
#1207=CLOSED_SHELL('',(#874,#902,#924,#946,#962,#1090,#1206));
#1208=MANIFOLD_SOLID_BREP('Extruded.007',#1207);
#722=STYLED_ITEM('',(),#1208);
#1210=CARTESIAN_POINT('',(2.5,-17.5,2.111197512));
#1211=CARTESIAN_POINT('',(2.5,17.5,2.111197512));
#1212=CARTESIAN_POINT('',(2.5,-17.5,-2.970193147));
#1213=CARTESIAN_POINT('',(2.5,17.5,-2.970193147));
#1214=B_SPLINE_SURFACE_WITH_KNOTS('',1,1,((#1210,#1211),(#1212,#1213)),.UNSPECIFIED.,.F.,.F.,.U.,(2,2),(2,2),(0.005188802,0.010270193),(-0.0175,0.0175),.UNSPECIFIED.);
#1215=CARTESIAN_POINT('',(2.5,-12.867199458,-0.5));
#1216=VERTEX_POINT('',#1215);
#1217=CARTESIAN_POINT('',(2.5,-12.867199458,2.111197512));
#1218=VERTEX_POINT('',#1217);
#1219=CARTESIAN_POINT('',(2.5,-12.867199458,-0.5));
#1220=CARTESIAN_POINT('',(2.5,-12.867199458,2.111197512));
#1221=B_SPLINE_CURVE_WITH_KNOTS('',1,(#1219,#1220),.UNSPECIFIED.,.F.,.F.,(2,2),(-0.001152778,0.001458419),.UNSPECIFIED.);
#1222=EDGE_CURVE('',#1216,#1218,#1221,.T.);
#1223=ORIENTED_EDGE('',*,*,#1222,.T.);
#1224=CARTESIAN_POINT('',(2.5,-5.134842913,2.111197512));
#1225=VERTEX_POINT('',#1224);
#1226=CARTESIAN_POINT('',(2.5,-5.134842913,2.111197512));
#1227=CARTESIAN_POINT('',(2.5,-12.867199458,2.111197512));
#1228=B_SPLINE_CURVE_WITH_KNOTS('',1,(#1226,#1227),.UNSPECIFIED.,.F.,.F.,(2,2),(0.014634843,0.022367199),.UNSPECIFIED.);
#1229=EDGE_CURVE('',#1225,#1218,#1228,.T.);
#1230=ORIENTED_EDGE('',*,*,#1229,.F.);
#1231=CARTESIAN_POINT('',(2.5,5.134784204,2.111197512));
#1232=VERTEX_POINT('',#1231);
#1233=CARTESIAN_POINT('',(2.5,5.134784204,2.111197512));
#1234=CARTESIAN_POINT('',(2.5,-0.000029355,-2.970193147));
#1235=CARTESIAN_POINT('',(2.5,-5.134842913,2.111197512));
#1236=(BOUNDED_CURVE()
B_SPLINE_CURVE(2,(#1233,#1234,#1235),.UNSPECIFIED.,.F.,.F.)
B_SPLINE_CURVE_WITH_KNOTS((3,3),(2.61526436,4.175602318),.UNSPECIFIED.)
CURVE()
GEOMETRIC_REPRESENTATION_ITEM()
RATIONAL_B_SPLINE_CURVE((1.,0.710794688,1.))
REPRESENTATION_ITEM(''));
#1237=EDGE_CURVE('',#1232,#1225,#1236,.T.);
#1238=ORIENTED_EDGE('',*,*,#1237,.F.);
#1239=CARTESIAN_POINT('',(2.5,12.867199458,2.111197512));
#1240=VERTEX_POINT('',#1239);
#1241=CARTESIAN_POINT('',(2.5,12.867199458,2.111197512));
#1242=CARTESIAN_POINT('',(2.5,5.134784204,2.111197512));
#1243=B_SPLINE_CURVE_WITH_KNOTS('',1,(#1241,#1242),.UNSPECIFIED.,.F.,.F.,(2,2),(-0.003367199,0.004365216),.UNSPECIFIED.);
#1244=EDGE_CURVE('',#1240,#1232,#1243,.T.);
#1245=ORIENTED_EDGE('',*,*,#1244,.F.);
#1246=CARTESIAN_POINT('',(2.5,12.867199458,-0.5));
#1247=VERTEX_POINT('',#1246);
#1248=CARTESIAN_POINT('',(2.5,12.867199458,2.111197512));
#1249=CARTESIAN_POINT('',(2.5,12.867199458,-0.5));
#1250=B_SPLINE_CURVE_WITH_KNOTS('',1,(#1248,#1249),.UNSPECIFIED.,.F.,.F.,(2,2),(-0.001109877,0.001501321),.UNSPECIFIED.);
#1251=EDGE_CURVE('',#1240,#1247,#1250,.T.);
#1252=ORIENTED_EDGE('',*,*,#1251,.T.);
#1253=CARTESIAN_POINT('',(2.5,17.5,-0.5));
#1254=VERTEX_POINT('',#1253);
#1255=CARTESIAN_POINT('',(2.5,12.867199458,-0.5));
#1256=CARTESIAN_POINT('',(2.5,17.5,-0.5));
#1257=B_SPLINE_CURVE_WITH_KNOTS('',1,(#1255,#1256),.UNSPECIFIED.,.F.,.F.,(2,2),(-0.006023352,-0.001390551),.UNSPECIFIED.);
#1258=EDGE_CURVE('',#1247,#1254,#1257,.T.);
#1259=ORIENTED_EDGE('',*,*,#1258,.T.);
#1260=CARTESIAN_POINT('',(2.5,17.5,-2.));
#1261=VERTEX_POINT('',#1260);
#1262=CARTESIAN_POINT('',(2.5,17.5,-2.));
#1263=CARTESIAN_POINT('',(2.5,17.5,-0.5));
#1264=B_SPLINE_CURVE_WITH_KNOTS('',1,(#1262,#1263),.UNSPECIFIED.,.F.,.F.,(2,2),(0.,0.0015),.UNSPECIFIED.);
#1265=EDGE_CURVE('',#1261,#1254,#1264,.T.);
#1266=ORIENTED_EDGE('',*,*,#1265,.F.);
#1267=CARTESIAN_POINT('',(2.5,-17.5,-2.));
#1268=VERTEX_POINT('',#1267);
#1269=CARTESIAN_POINT('',(2.5,-17.5,-2.));
#1270=CARTESIAN_POINT('',(2.5,17.5,-2.));
#1271=B_SPLINE_CURVE_WITH_KNOTS('',1,(#1269,#1270),.UNSPECIFIED.,.F.,.F.,(2,2),(-0.008,0.027),.UNSPECIFIED.);
#1272=EDGE_CURVE('',#1268,#1261,#1271,.T.);
#1273=ORIENTED_EDGE('',*,*,#1272,.F.);
#1274=CARTESIAN_POINT('',(2.5,-17.5,-0.5));
#1275=VERTEX_POINT('',#1274);
#1276=CARTESIAN_POINT('',(2.5,-17.5,-0.5));
#1277=CARTESIAN_POINT('',(2.5,-17.5,-2.));
#1278=B_SPLINE_CURVE_WITH_KNOTS('',1,(#1276,#1277),.UNSPECIFIED.,.F.,.F.,(2,2),(0.004211198,0.005711198),.UNSPECIFIED.);
#1279=EDGE_CURVE('',#1275,#1268,#1278,.T.);
#1280=ORIENTED_EDGE('',*,*,#1279,.F.);
#1281=CARTESIAN_POINT('',(2.5,-12.867199458,-0.5));
#1282=CARTESIAN_POINT('',(2.5,-17.5,-0.5));
#1283=B_SPLINE_CURVE_WITH_KNOTS('',1,(#1281,#1282),.UNSPECIFIED.,.F.,.F.,(2,2),(0.012867199,0.0175),.UNSPECIFIED.);
#1284=EDGE_CURVE('',#1216,#1275,#1283,.T.);
#1285=ORIENTED_EDGE('',*,*,#1284,.F.);
#1286=EDGE_LOOP('',(#1223,#1230,#1238,#1245,#1252,#1259,#1266,#1273,#1280,#1285));
#1287=FACE_BOUND('',#1286,.T.);
#1288=ADVANCED_FACE('',(#1287),#1214,.F.);
#1289=CARTESIAN_POINT('',(28.256264064,5.502272915,2.502641576));
#1290=CARTESIAN_POINT('',(2.5,5.502272915,2.502641576));
#1291=CARTESIAN_POINT('',(28.256264064,4.703110041,1.586045542));
#1292=CARTESIAN_POINT('',(2.5,4.703110041,1.586045542));
#1293=CARTESIAN_POINT('',(28.256264064,3.649968459,0.978013967));
#1294=CARTESIAN_POINT('',(2.5,3.649968459,0.978013967));
#1295=CARTESIAN_POINT('',(28.256264064,-1.553575461,-2.026253516));
#1296=CARTESIAN_POINT('',(2.5,-1.553575461,-2.026253516));
#1297=CARTESIAN_POINT('',(28.256264064,-5.502272915,2.50257424));
#1298=CARTESIAN_POINT('',(2.5,-5.502272915,2.50257424));
#1299=(BOUNDED_SURFACE()
B_SPLINE_SURFACE(2,1,((#1289,#1290),(#1291,#1292),(#1293,#1294),(#1295,#1296),(#1297,#1298)),.UNSPECIFIED.,.F.,.F.,.U.)
B_SPLINE_SURFACE_WITH_KNOTS((3,2,3),(2,2),(3.821270458,4.188790205,5.538126472),(0.004528159,0.030284423),.UNSPECIFIED.)
GEOMETRIC_REPRESENTATION_ITEM()
RATIONAL_B_SPLINE_SURFACE(((0.855314689,0.855314689),(0.912261123,0.912261123),(1.,1.),(0.677869695,0.677869695),(0.770811124,0.770811124)))
REPRESENTATION_ITEM('')
SURFACE()
);
#1300=CARTESIAN_POINT('',(8.781965124,-5.134842913,2.111197512));
#1301=VERTEX_POINT('',#1300);
#1302=CARTESIAN_POINT('',(8.781965124,-5.134842913,2.111197512));
#1303=CARTESIAN_POINT('',(2.5,-5.134842913,2.111197512));
#1304=B_SPLINE_CURVE_WITH_KNOTS('',1,(#1302,#1303),.UNSPECIFIED.,.F.,.F.,(2,2),(-0.000526824,0.005755142),.UNSPECIFIED.);
#1305=EDGE_CURVE('',#1301,#1225,#1304,.T.);
#1306=ORIENTED_EDGE('',*,*,#1305,.F.);
#1307=CARTESIAN_POINT('',(18.256264103,-2.25,0.355388493));
#1308=VERTEX_POINT('',#1307);
#1309=CARTESIAN_POINT('',(8.781965124,-5.134842913,2.111197512));
#1310=CARTESIAN_POINT('',(9.094322226,-4.925184278,1.903720178));
#1311=CARTESIAN_POINT('',(9.42379901,-4.719120547,1.724662198));
#1312=CARTESIAN_POINT('',(9.769187398,-4.520114404,1.56773889));
#1313=CARTESIAN_POINT('',(9.941881592,-4.420611332,1.489277235));
#1314=CARTESIAN_POINT('',(10.118564017,-4.322857812,1.416385988));
#1315=CARTESIAN_POINT('',(10.299132709,-4.227215284,1.348455047));
#1316=CARTESIAN_POINT('',(10.479701401,-4.131572757,1.280524106));
#1317=CARTESIAN_POINT('',(10.664651088,-4.037820609,1.217420209));
#1318=CARTESIAN_POINT('',(10.851310094,-3.947495084,1.159356371));
#1319=CARTESIAN_POINT('',(11.59794612,-3.586192983,0.927101016));
#1320=CARTESIAN_POINT('',(12.377248314,-3.276488843,0.77070337));
#1321=CARTESIAN_POINT('',(13.184821704,-3.02408023,0.655821302));
#1322=CARTESIAN_POINT('',(13.588608399,-2.897875923,0.598380268));
#1323=CARTESIAN_POINT('',(13.999528921,-2.785973024,0.551713533));
#1324=CARTESIAN_POINT('',(14.417382612,-2.689112669,0.51333466));
#1325=CARTESIAN_POINT('',(14.835236304,-2.592252313,0.474955787));
#1326=CARTESIAN_POINT('',(15.257676539,-2.511034535,0.445102479));
#1327=CARTESIAN_POINT('',(15.682260246,-2.445997371,0.421974355));
#1328=CARTESIAN_POINT('',(16.531427659,-2.315923045,0.375718106));
#1329=CARTESIAN_POINT('',(17.393860338,-2.249999998,0.355388492));
#1330=CARTESIAN_POINT('',(18.256264103,-2.25,0.355388493));
#1331=B_SPLINE_CURVE_WITH_KNOTS('',3,(#1309,#1310,#1311,#1312,#1313,#1314,#1315,#1316,#1317,#1318,#1319,#1320,#1321,#1322,#1323,#1324,#1325,#1326,#1327,#1328,#1329,#1330),.UNSPECIFIED.,.F.,.F.,(4,3,3,3,3,3,3,4),(0.000591068,0.001874535,0.002516269,0.003158002,0.005724937,0.007008404,0.008291871,0.010858806),.UNSPECIFIED.);
#1332=EDGE_CURVE('',#1301,#1308,#1331,.T.);
#1333=ORIENTED_EDGE('',*,*,#1332,.T.);
#1334=CARTESIAN_POINT('',(28.256264064,-5.502272915,2.50257424));
#1335=VERTEX_POINT('',#1334);
#1336=CARTESIAN_POINT('',(18.256264103,-2.25,0.355388493));
#1337=CARTESIAN_POINT('',(18.718036614,-2.250000001,0.355388493));
#1338=CARTESIAN_POINT('',(19.179934093,-2.268861043,0.361415325));
#1339=CARTESIAN_POINT('',(19.63910287,-2.306335791,0.373893781));
#1340=CARTESIAN_POINT('',(20.098271647,-2.343810538,0.386372237));
#1341=CARTESIAN_POINT('',(20.555184671,-2.39986071,0.40528493));
#1342=CARTESIAN_POINT('',(21.009785148,-2.474478499,0.432169363));
#1343=CARTESIAN_POINT('',(21.918986102,-2.623714075,0.485938231));
#1344=CARTESIAN_POINT('',(22.810848624,-2.84607308,0.569927622));
#1345=CARTESIAN_POINT('',(23.675942271,-3.137052159,0.708408255));
#1346=CARTESIAN_POINT('',(24.541035919,-3.428031238,0.846888888));
#1347=CARTESIAN_POINT('',(25.364352755,-3.782579318,1.036783085));
#1348=CARTESIAN_POINT('',(26.139783003,-4.188455287,1.321114096));
#1349=CARTESIAN_POINT('',(26.333640566,-4.289924279,1.392196849));
#1350=CARTESIAN_POINT('',(26.525001819,-4.394888952,1.469588633));
#1351=CARTESIAN_POINT('',(26.711764068,-4.501965565,1.553474374));
#1352=CARTESIAN_POINT('',(26.898526317,-4.609042178,1.637360114));
#1353=CARTESIAN_POINT('',(27.080426733,-4.718046935,1.72757277));
#1354=CARTESIAN_POINT('',(27.257321133,-4.828454602,1.824938934));
#1355=CARTESIAN_POINT('',(27.434215533,-4.93886227,1.922305099));
#1356=CARTESIAN_POINT('',(27.606104898,-5.050670599,2.026825536));
#1357=CARTESIAN_POINT('',(27.772794497,-5.16328113,2.139494947));
#1358=CARTESIAN_POINT('',(27.939484096,-5.275891661,2.252164359));
#1359=CARTESIAN_POINT('',(28.101560495,-5.389742627,2.373511354));
#1360=CARTESIAN_POINT('',(28.256264064,-5.502272915,2.50257424));
#1361=B_SPLINE_CURVE_WITH_KNOTS('',3,(#1336,#1337,#1338,#1339,#1340,#1341,#1342,#1343,#1344,#1345,#1346,#1347,#1348,#1349,#1350,#1351,#1352,#1353,#1354,#1355,#1356,#1357,#1358,#1359,#1360),.UNSPECIFIED.,.F.,.F.,(4,3,3,3,3,3,3,3,4),(0.010858806,0.012233266,0.013607726,0.016356647,0.019105567,0.019792798,0.020480028,0.021167258,0.021854488),.UNSPECIFIED.);
#1362=EDGE_CURVE('',#1308,#1335,#1361,.T.);
#1363=ORIENTED_EDGE('',*,*,#1362,.T.);
#1364=CARTESIAN_POINT('',(28.256264064,5.502272915,2.502641576));
#1365=VERTEX_POINT('',#1364);
#1366=CARTESIAN_POINT('',(28.256264064,5.502272915,2.502641576));
#1367=CARTESIAN_POINT('',(28.256264064,3.320284422,0.000020316));
#1368=CARTESIAN_POINT('',(28.256264064,0.000015313,0.));
#1369=CARTESIAN_POINT('',(28.256264064,-3.320253795,-0.000020316));
#1370=CARTESIAN_POINT('',(28.256264064,-5.502272915,2.50257424));
#1371=(BOUNDED_CURVE()
B_SPLINE_CURVE(2,(#1366,#1367,#1368,#1369,#1370),.UNSPECIFIED.,.F.,.F.)
B_SPLINE_CURVE_WITH_KNOTS((3,2,3),(5.4294621,6.283191426,7.136920752),.UNSPECIFIED.)
CURVE()
GEOMETRIC_REPRESENTATION_ITEM()
RATIONAL_B_SPLINE_CURVE((1.,0.91026831,1.,0.91026831,1.))
REPRESENTATION_ITEM(''));
#1372=EDGE_CURVE('',#1365,#1335,#1371,.T.);
#1373=ORIENTED_EDGE('',*,*,#1372,.F.);
#1374=CARTESIAN_POINT('',(8.782052591,5.134784204,2.111197512));
#1375=VERTEX_POINT('',#1374);
#1376=CARTESIAN_POINT('',(28.256264064,5.502272915,2.502641576));
#1377=CARTESIAN_POINT('',(28.106227795,5.393137588,2.377469335));
#1378=CARTESIAN_POINT('',(27.948931384,5.282532718,2.259315114));
#1379=CARTESIAN_POINT('',(27.787608497,5.173300341,2.14959797));
#1380=CARTESIAN_POINT('',(27.626285611,5.064067964,2.039880826));
#1381=CARTESIAN_POINT('',(27.460502206,4.955865204,1.938148051));
#1382=CARTESIAN_POINT('',(27.290469369,4.849196741,1.843353579));
#1383=CARTESIAN_POINT('',(26.950403695,4.635859813,1.653764637));
#1384=CARTESIAN_POINT('',(26.593373353,4.428707223,1.491803579));
#1385=CARTESIAN_POINT('',(26.22052041,4.230991349,1.351180622));
#1386=CARTESIAN_POINT('',(25.847667467,4.033275475,1.210557665));
#1387=CARTESIAN_POINT('',(25.457302054,3.844332579,1.091014811));
#1388=CARTESIAN_POINT('',(25.058297819,3.670130398,0.989697413));
#1389=CARTESIAN_POINT('',(24.659293583,3.495928218,0.888380016));
#1390=CARTESIAN_POINT('',(24.250717766,3.335795224,0.804750685));
#1391=CARTESIAN_POINT('',(23.833148058,3.190785669,0.734278938));
#1392=CARTESIAN_POINT('',(23.415578351,3.045776114,0.663807191));
#1393=CARTESIAN_POINT('',(22.990863596,2.916649207,0.606895089));
#1394=CARTESIAN_POINT('',(22.563927449,2.804817236,0.560353814));
#1395=CARTESIAN_POINT('',(22.136991303,2.692985264,0.513812539));
#1396=CARTESIAN_POINT('',(21.706468775,2.597957917,0.477434045));
#1397=CARTESIAN_POINT('',(21.27253598,2.519724936,0.448661854));
#1398=CARTESIAN_POINT('',(20.404670392,2.363258972,0.39111747));
#1399=CARTESIAN_POINT('',(19.523278315,2.27366517,0.36308899));
#1400=CARTESIAN_POINT('',(18.628356234,2.254072623,0.356728353));
#1401=CARTESIAN_POINT('',(17.733434153,2.234480075,0.350367717));
#1402=CARTESIAN_POINT('',(16.84822562,2.28541473,0.36584426));
#1403=CARTESIAN_POINT('',(15.973204132,2.404002334,0.407204625));
#1404=CARTESIAN_POINT('',(15.535693388,2.463296137,0.427884808));
#1405=CARTESIAN_POINT('',(15.100696998,2.53958232,0.455265702));
#1406=CARTESIAN_POINT('',(14.668323463,2.632940024,0.491368129));
#1407=CARTESIAN_POINT('',(14.452136695,2.679618876,0.509419342));
#1408=CARTESIAN_POINT('',(14.236607016,2.730569886,0.52966787));
#1409=CARTESIAN_POINT('',(14.021756908,2.785828319,0.552482516));
#1410=CARTESIAN_POINT('',(13.8069068,2.841086751,0.575297163));
#1411=CARTESIAN_POINT('',(13.592226588,2.900812923,0.60075007));
#1412=CARTESIAN_POINT('',(13.379827862,2.964412201,0.62901201));
#1413=CARTESIAN_POINT('',(12.530232955,3.218809313,0.74205977));
#1414=CARTESIAN_POINT('',(11.716079443,3.534988015,0.898095931));
#1415=CARTESIAN_POINT('',(10.94184652,3.904013685,1.131658403));
#1416=CARTESIAN_POINT('',(10.748288289,3.996270102,1.190049021));
#1417=CARTESIAN_POINT('',(10.557250334,4.091819826,1.253408867));
#1418=CARTESIAN_POINT('',(10.3688602,4.190489374,1.322580722));
#1419=CARTESIAN_POINT('',(10.180470066,4.289158922,1.391752577));
#1420=CARTESIAN_POINT('',(9.994341051,4.391191903,1.46695145));
#1421=CARTESIAN_POINT('',(9.813230191,4.494825348,1.547933617));
#1422=CARTESIAN_POINT('',(9.45100847,4.702092238,1.709897951));
#1423=CARTESIAN_POINT('',(9.106873239,4.916761292,1.895446725));
#1424=CARTESIAN_POINT('',(8.782052591,5.134784204,2.111197511));
#1425=B_SPLINE_CURVE_WITH_KNOTS('',3,(#1376,#1377,#1378,#1379,#1380,#1381,#1382,#1383,#1384,#1385,#1386,#1387,#1388,#1389,#1390,#1391,#1392,#1393,#1394,#1395,#1396,#1397,#1398,#1399,#1400,#1401,
#1402,#1403,#1404,#1405,#1406,#1407,#1408,#1409,#1410,#1411,#1412,#1413,#1414,#1415,#1416,#1417,#1418,#1419,#1420,#1421,#1422,#1423,#1424),.UNSPECIFIED.,.F.,.F.,(4,3,3,3,3,3,3,3,3,3,3,3,3,3,3,3,4),(-0.005546763,-0.004883985,-0.004221207,-0.002895651,-0.001570095,-0.000244539,0.001081016,0.002406572,0.005057684,0.007708795,0.009034351,0.009697129,0.010359907,0.013011018,0.013673796,0.014336574,0.01566213),.UNSPECIFIED.);
#1426=EDGE_CURVE('',#1365,#1375,#1425,.T.);
#1427=ORIENTED_EDGE('',*,*,#1426,.T.);
#1428=CARTESIAN_POINT('',(8.782052591,5.134784204,2.111197512));
#1429=CARTESIAN_POINT('',(2.5,5.134784204,2.111197512));
#1430=B_SPLINE_CURVE_WITH_KNOTS('',1,(#1428,#1429),.UNSPECIFIED.,.F.,.F.,(2,2),(0.024002371,0.030284423),.UNSPECIFIED.);
#1431=EDGE_CURVE('',#1375,#1232,#1430,.T.);
#1432=ORIENTED_EDGE('',*,*,#1431,.T.);
#1433=ORIENTED_EDGE('',*,*,#1237,.T.);
#1434=EDGE_LOOP('',(#1306,#1333,#1363,#1373,#1427,#1432,#1433));
#1435=FACE_BOUND('',#1434,.T.);
#1436=ADVANCED_FACE('',(#1435),#1299,.F.);
#1437=CARTESIAN_POINT('',(8.781965124,-12.867199458,2.111197512));
#1438=CARTESIAN_POINT('',(8.781965124,-5.134842913,2.111197512));
#1439=CARTESIAN_POINT('',(2.5,-12.867199458,2.111197512));
#1440=CARTESIAN_POINT('',(2.5,-5.134842913,2.111197512));
#1441=B_SPLINE_SURFACE_WITH_KNOTS('',1,1,((#1437,#1438),(#1439,#1440)),.UNSPECIFIED.,.F.,.F.,.U.,(2,2),(2,2),(0.024002458,0.030284423),(-0.022367199,-0.014634843),.UNSPECIFIED.);
#1442=ORIENTED_EDGE('',*,*,#1229,.T.);
#1443=CARTESIAN_POINT('',(8.781965124,-5.134842913,2.111197512));
#1444=CARTESIAN_POINT('',(8.079783291,-5.606157582,2.111197512));
#1445=CARTESIAN_POINT('',(7.419704582,-6.124789785,2.111197512));
#1446=CARTESIAN_POINT('',(6.800583095,-6.689451702,2.111197512));
#1447=CARTESIAN_POINT('',(6.181461609,-7.254113619,2.111197512));
#1448=CARTESIAN_POINT('',(5.603291465,-7.864798642,2.111197512));
#1449=CARTESIAN_POINT('',(5.067691089,-8.523325637,2.111197512));
#1450=CARTESIAN_POINT('',(4.799890901,-8.852589135,2.111197512));
#1451=CARTESIAN_POINT('',(4.5447799,-9.191515154,2.111197512));
#1452=CARTESIAN_POINT('',(4.303800578,-9.537700443,2.111197512));
#1453=CARTESIAN_POINT('',(4.062821256,-9.883885732,2.111197512));
#1454=CARTESIAN_POINT('',(3.835409815,-10.238019332,2.111197512));
#1455=CARTESIAN_POINT('',(3.621442625,-10.600028817,2.111197512));
#1456=CARTESIAN_POINT('',(3.193508246,-11.324047788,2.111197512));
#1457=CARTESIAN_POINT('',(2.819120209,-12.079435176,2.111197512));
#1458=CARTESIAN_POINT('',(2.5,-12.867199458,2.111197512));
#1459=B_SPLINE_CURVE_WITH_KNOTS('',3,(#1443,#1444,#1445,#1446,#1447,#1448,#1449,#1450,#1451,#1452,#1453,#1454,#1455,#1456,#1457,#1458),.UNSPECIFIED.,.F.,.F.,(4,3,3,3,3,4),(0.000549071,0.003062721,0.005576371,0.006833197,0.008090022,0.010603672),.UNSPECIFIED.);
#1460=EDGE_CURVE('',#1301,#1218,#1459,.T.);
#1461=ORIENTED_EDGE('',*,*,#1460,.F.);
#1462=ORIENTED_EDGE('',*,*,#1305,.T.);
#1463=EDGE_LOOP('',(#1442,#1461,#1462));
#1464=FACE_BOUND('',#1463,.T.);
#1465=ADVANCED_FACE('',(#1464),#1441,.F.);
#1466=CARTESIAN_POINT('',(28.256264064,-17.5,-2.));
#1467=CARTESIAN_POINT('',(28.256264064,-17.5,-0.5));
#1468=CARTESIAN_POINT('',(2.5,-17.5,-2.));
#1469=CARTESIAN_POINT('',(2.5,-17.5,-0.5));
#1470=B_SPLINE_SURFACE_WITH_KNOTS('',1,1,((#1466,#1467),(#1468,#1469)),.UNSPECIFIED.,.F.,.F.,.U.,(2,2),(2,2),(0.004528159,0.030284423),(-0.005711198,-0.004211198),.UNSPECIFIED.);
#1471=CARTESIAN_POINT('',(28.256264064,-17.5,-0.5));
#1472=VERTEX_POINT('',#1471);
#1473=CARTESIAN_POINT('',(2.5,-17.5,-0.5));
#1474=CARTESIAN_POINT('',(28.256264064,-17.5,-0.5));
#1475=B_SPLINE_CURVE_WITH_KNOTS('',1,(#1473,#1474),.UNSPECIFIED.,.F.,.F.,(2,2),(-0.030284423,-0.004528159),.UNSPECIFIED.);
#1476=EDGE_CURVE('',#1275,#1472,#1475,.T.);
#1477=ORIENTED_EDGE('',*,*,#1476,.F.);
#1478=ORIENTED_EDGE('',*,*,#1279,.T.);
#1479=CARTESIAN_POINT('',(28.256264064,-17.5,-2.));
#1480=VERTEX_POINT('',#1479);
#1481=CARTESIAN_POINT('',(28.256264064,-17.5,-2.));
#1482=CARTESIAN_POINT('',(2.5,-17.5,-2.));
#1483=B_SPLINE_CURVE_WITH_KNOTS('',1,(#1481,#1482),.UNSPECIFIED.,.F.,.F.,(2,2),(0.004528159,0.030284423),.UNSPECIFIED.);
#1484=EDGE_CURVE('',#1480,#1268,#1483,.T.);
#1485=ORIENTED_EDGE('',*,*,#1484,.F.);
#1486=CARTESIAN_POINT('',(28.256264064,-17.5,-0.5));
#1487=CARTESIAN_POINT('',(28.256264064,-17.5,-2.));
#1488=B_SPLINE_CURVE_WITH_KNOTS('',1,(#1486,#1487),.UNSPECIFIED.,.F.,.F.,(2,2),(0.004211198,0.005711198),.UNSPECIFIED.);
#1489=EDGE_CURVE('',#1472,#1480,#1488,.T.);
#1490=ORIENTED_EDGE('',*,*,#1489,.F.);
#1491=EDGE_LOOP('',(#1477,#1478,#1485,#1490));
#1492=FACE_BOUND('',#1491,.T.);
#1493=ADVANCED_FACE('',(#1492),#1470,.F.);
#1494=CARTESIAN_POINT('',(2.5,17.5,-2.));
#1495=CARTESIAN_POINT('',(2.5,17.5,-0.5));
#1496=CARTESIAN_POINT('',(28.256264064,17.5,-2.));
#1497=CARTESIAN_POINT('',(28.256264064,17.5,-0.5));
#1498=B_SPLINE_SURFACE_WITH_KNOTS('',1,1,((#1494,#1495),(#1496,#1497)),.UNSPECIFIED.,.F.,.F.,.U.,(2,2),(2,2),(-0.030284423,-0.004528159),(0.,0.0015),.UNSPECIFIED.);
#1499=ORIENTED_EDGE('',*,*,#1265,.T.);
#1500=CARTESIAN_POINT('',(28.256264064,17.5,-0.5));
#1501=VERTEX_POINT('',#1500);
#1502=CARTESIAN_POINT('',(28.256264064,17.5,-0.5));
#1503=CARTESIAN_POINT('',(2.5,17.5,-0.5));
#1504=B_SPLINE_CURVE_WITH_KNOTS('',1,(#1502,#1503),.UNSPECIFIED.,.F.,.F.,(2,2),(0.004528159,0.030284423),.UNSPECIFIED.);
#1505=EDGE_CURVE('',#1501,#1254,#1504,.T.);
#1506=ORIENTED_EDGE('',*,*,#1505,.F.);
#1507=CARTESIAN_POINT('',(28.256264064,17.5,-2.));
#1508=VERTEX_POINT('',#1507);
#1509=CARTESIAN_POINT('',(28.256264064,17.5,-2.));
#1510=CARTESIAN_POINT('',(28.256264064,17.5,-0.5));
#1511=B_SPLINE_CURVE_WITH_KNOTS('',1,(#1509,#1510),.UNSPECIFIED.,.F.,.F.,(2,2),(0.,0.0015),.UNSPECIFIED.);
#1512=EDGE_CURVE('',#1508,#1501,#1511,.T.);
#1513=ORIENTED_EDGE('',*,*,#1512,.F.);
#1514=CARTESIAN_POINT('',(28.256264064,17.5,-2.));
#1515=CARTESIAN_POINT('',(2.5,17.5,-2.));
#1516=B_SPLINE_CURVE_WITH_KNOTS('',1,(#1514,#1515),.UNSPECIFIED.,.F.,.F.,(2,2),(0.004528159,0.030284423),.UNSPECIFIED.);
#1517=EDGE_CURVE('',#1508,#1261,#1516,.T.);
#1518=ORIENTED_EDGE('',*,*,#1517,.T.);
#1519=EDGE_LOOP('',(#1499,#1506,#1513,#1518));
#1520=FACE_BOUND('',#1519,.T.);
#1521=ADVANCED_FACE('',(#1520),#1498,.F.);
#1522=CARTESIAN_POINT('',(8.782052591,5.134784204,2.111197512));
#1523=CARTESIAN_POINT('',(8.782052591,12.867199458,2.111197512));
#1524=CARTESIAN_POINT('',(2.5,5.134784204,2.111197512));
#1525=CARTESIAN_POINT('',(2.5,12.867199458,2.111197512));
#1526=B_SPLINE_SURFACE_WITH_KNOTS('',1,1,((#1522,#1523),(#1524,#1525)),.UNSPECIFIED.,.F.,.F.,.U.,(2,2),(2,2),(0.024002371,0.030284423),(-0.004365216,0.003367199),.UNSPECIFIED.);
#1527=ORIENTED_EDGE('',*,*,#1431,.F.);
#1528=CARTESIAN_POINT('',(2.5,12.867199458,2.111197512));
#1529=CARTESIAN_POINT('',(2.818397761,12.081218552,2.111197512));
#1530=CARTESIAN_POINT('',(3.195034927,11.32040483,2.111197512));
#1531=CARTESIAN_POINT('',(3.626982654,10.590662529,2.111197512));
#1532=CARTESIAN_POINT('',(3.842956517,10.225791379,2.111197512));
#1533=CARTESIAN_POINT('',(4.072474808,9.869197613,2.111197512));
#1534=CARTESIAN_POINT('',(4.314803227,9.521913357,2.111197512));
#1535=CARTESIAN_POINT('',(4.557131646,9.1746291,2.111197512));
#1536=CARTESIAN_POINT('',(4.813219576,8.835451633,2.111197512));
#1537=CARTESIAN_POINT('',(5.079990364,8.508221218,2.111197512));
#1538=CARTESIAN_POINT('',(5.613531941,7.853760389,2.111197512));
#1539=CARTESIAN_POINT('',(6.189535484,7.246214086,2.111197512));
#1540=CARTESIAN_POINT('',(6.806566418,6.683997302,2.111197512));
#1541=CARTESIAN_POINT('',(7.423597351,6.121780518,2.111197512));
#1542=CARTESIAN_POINT('',(8.081656254,5.604893894,2.111197512));
#1543=CARTESIAN_POINT('',(8.782052591,5.134784204,2.111197512));
#1544=B_SPLINE_CURVE_WITH_KNOTS('',3,(#1528,#1529,#1530,#1531,#1532,#1533,#1534,#1535,#1536,#1537,#1538,#1539,#1540,#1541,#1542,#1543),.UNSPECIFIED.,.F.,.F.,(4,3,3,3,3,4),(0.,0.002540835,0.003811252,0.00508167,0.007622504,0.010163339),.UNSPECIFIED.);
#1545=EDGE_CURVE('',#1240,#1375,#1544,.T.);
#1546=ORIENTED_EDGE('',*,*,#1545,.F.);
#1547=ORIENTED_EDGE('',*,*,#1244,.T.);
#1548=EDGE_LOOP('',(#1527,#1546,#1547));
#1549=FACE_BOUND('',#1548,.T.);
#1550=ADVANCED_FACE('',(#1549),#1526,.F.);
#1551=CARTESIAN_POINT('',(28.256264064,-17.5,2.502641576));
#1552=CARTESIAN_POINT('',(28.256264064,17.5,2.502641576));
#1553=CARTESIAN_POINT('',(28.256264064,-17.5,-2.));
#1554=CARTESIAN_POINT('',(28.256264064,17.5,-2.));
#1555=B_SPLINE_SURFACE_WITH_KNOTS('',1,1,((#1551,#1552),(#1553,#1554)),.UNSPECIFIED.,.F.,.F.,.U.,(2,2),(2,2),(0.004797358,0.0093),(-0.0175,0.0175),.UNSPECIFIED.);
#1556=CARTESIAN_POINT('',(28.256264064,-5.502272915,-0.5));
#1557=VERTEX_POINT('',#1556);
#1558=CARTESIAN_POINT('',(28.256264064,-5.502272915,-0.5));
#1559=CARTESIAN_POINT('',(28.256264064,-5.502272915,2.50257424));
#1560=B_SPLINE_CURVE_WITH_KNOTS('',1,(#1558,#1559),.UNSPECIFIED.,.F.,.F.,(2,2),(-0.002404283,0.000598291),.UNSPECIFIED.);
#1561=EDGE_CURVE('',#1557,#1335,#1560,.T.);
#1562=ORIENTED_EDGE('',*,*,#1561,.F.);
#1563=CARTESIAN_POINT('',(28.256264064,-5.502272915,-0.5));
#1564=CARTESIAN_POINT('',(28.256264064,-17.5,-0.5));
#1565=B_SPLINE_CURVE_WITH_KNOTS('',1,(#1563,#1564),.UNSPECIFIED.,.F.,.F.,(2,2),(0.005502273,0.0175),.UNSPECIFIED.);
#1566=EDGE_CURVE('',#1557,#1472,#1565,.T.);
#1567=ORIENTED_EDGE('',*,*,#1566,.T.);
#1568=ORIENTED_EDGE('',*,*,#1489,.T.);
#1569=CARTESIAN_POINT('',(28.256264064,-17.5,-2.));
#1570=CARTESIAN_POINT('',(28.256264064,17.5,-2.));
#1571=B_SPLINE_CURVE_WITH_KNOTS('',1,(#1569,#1570),.UNSPECIFIED.,.F.,.F.,(2,2),(-0.008,0.027),.UNSPECIFIED.);
#1572=EDGE_CURVE('',#1480,#1508,#1571,.T.);
#1573=ORIENTED_EDGE('',*,*,#1572,.T.);
#1574=ORIENTED_EDGE('',*,*,#1512,.T.);
#1575=CARTESIAN_POINT('',(28.256264064,5.502272915,-0.5));
#1576=VERTEX_POINT('',#1575);
#1577=CARTESIAN_POINT('',(28.256264064,17.5,-0.5));
#1578=CARTESIAN_POINT('',(28.256264064,5.502272915,-0.5));
#1579=B_SPLINE_CURVE_WITH_KNOTS('',1,(#1577,#1578),.UNSPECIFIED.,.F.,.F.,(2,2),(-0.0175,-0.005502273),.UNSPECIFIED.);
#1580=EDGE_CURVE('',#1501,#1576,#1579,.T.);
#1581=ORIENTED_EDGE('',*,*,#1580,.T.);
#1582=CARTESIAN_POINT('',(28.256264064,5.502272915,2.502641576));
#1583=CARTESIAN_POINT('',(28.256264064,5.502272915,-0.5));
#1584=B_SPLINE_CURVE_WITH_KNOTS('',1,(#1582,#1583),.UNSPECIFIED.,.F.,.F.,(2,2),(-0.002404337,0.000598305),.UNSPECIFIED.);
#1585=EDGE_CURVE('',#1365,#1576,#1584,.T.);
#1586=ORIENTED_EDGE('',*,*,#1585,.F.);
#1587=ORIENTED_EDGE('',*,*,#1372,.T.);
#1588=EDGE_LOOP('',(#1562,#1567,#1568,#1573,#1574,#1581,#1586,#1587));
#1589=FACE_BOUND('',#1588,.T.);
#1590=ADVANCED_FACE('',(#1589),#1555,.T.);
#1591=CARTESIAN_POINT('',(2.5,-17.5,-2.));
#1592=CARTESIAN_POINT('',(2.5,17.5,-2.));
#1593=CARTESIAN_POINT('',(28.256264064,-17.5,-2.));
#1594=CARTESIAN_POINT('',(28.256264064,17.5,-2.));
#1595=B_SPLINE_SURFACE_WITH_KNOTS('',1,1,((#1591,#1592),(#1593,#1594)),.UNSPECIFIED.,.F.,.F.,.U.,(2,2),(2,2),(-0.030284423,-0.004528159),(-0.008,0.027),.UNSPECIFIED.);
#1596=ORIENTED_EDGE('',*,*,#1272,.T.);
#1597=ORIENTED_EDGE('',*,*,#1517,.F.);
#1598=ORIENTED_EDGE('',*,*,#1572,.F.);
#1599=ORIENTED_EDGE('',*,*,#1484,.T.);
#1600=EDGE_LOOP('',(#1596,#1597,#1598,#1599));
#1601=FACE_BOUND('',#1600,.T.);
#1602=ADVANCED_FACE('',(#1601),#1595,.F.);
#1603=CARTESIAN_POINT('',(17.819621035,-4.695712381,-0.5));
#1604=CARTESIAN_POINT('',(-0.757915684,14.316584015,-0.5));
#1605=CARTESIAN_POINT('',(34.253522889,11.362390689,-0.5));
#1606=CARTESIAN_POINT('',(15.675986169,30.374687085,-0.5));
#1607=B_SPLINE_SURFACE_WITH_KNOTS('',1,1,((#1603,#1604),(#1605,#1606)),.UNSPECIFIED.,.F.,.F.,.U.,(2,2),(2,2),(-0.016796312,0.006180542),(-0.016564613,0.010017191),.UNSPECIFIED.);
#1608=ORIENTED_EDGE('',*,*,#1258,.F.);
#1609=CARTESIAN_POINT('',(2.5,12.867199458,-0.5));
#1610=CARTESIAN_POINT('',(2.74129001,12.271562855,-0.5));
#1611=CARTESIAN_POINT('',(3.016333861,11.689711667,-0.5));
#1612=CARTESIAN_POINT('',(3.323646987,11.124918631,-0.5));
#1613=CARTESIAN_POINT('',(3.630960114,10.560125595,-0.5));
#1614=CARTESIAN_POINT('',(3.970726147,10.012230348,-0.5));
#1615=CARTESIAN_POINT('',(4.339819724,9.486159724,-0.5));
#1616=CARTESIAN_POINT('',(5.078006878,8.434018474,-0.5));
#1617=CARTESIAN_POINT('',(5.936314067,7.465692958,-0.5));
#1618=CARTESIAN_POINT('',(6.891948601,6.606727716,-0.5));
#1619=CARTESIAN_POINT('',(7.847583134,5.747762473,-0.5));
#1620=CARTESIAN_POINT('',(8.901656287,4.997150872,-0.5));
#1621=CARTESIAN_POINT('',(10.026440603,4.374852747,-0.5));
#1622=CARTESIAN_POINT('',(11.15122492,3.752554621,-0.5));
#1623=CARTESIAN_POINT('',(12.346684156,3.258435836,-0.5));
#1624=CARTESIAN_POINT('',(13.582936902,2.904969769,-0.5));
#1625=CARTESIAN_POINT('',(14.819189648,2.551503703,-0.5));
#1626=CARTESIAN_POINT('',(16.095372358,2.33900887,-0.5));
#1627=CARTESIAN_POINT('',(17.378600016,2.272670828,-0.5));
#1628=CARTESIAN_POINT('',(18.661827674,2.206332786,-0.5));
#1629=CARTESIAN_POINT('',(19.953411449,2.286156746,-0.5));
#1630=CARTESIAN_POINT('',(21.219151198,2.510188178,-0.5));
#1631=CARTESIAN_POINT('',(22.484890947,2.73421961,-0.5));
#1632=CARTESIAN_POINT('',(23.724937356,3.102337187,-0.5));
#1633=CARTESIAN_POINT('',(24.908258187,3.605481018,-0.5));
#1634=CARTESIAN_POINT('',(26.091579017,4.108624848,-0.5));
#1635=CARTESIAN_POINT('',(27.217138951,4.746420616,-0.5));
#1636=CARTESIAN_POINT('',(28.256264064,5.502272915,-0.5));
#1637=B_SPLINE_CURVE_WITH_KNOTS('',3,(#1609,#1610,#1611,#1612,#1613,#1614,#1615,#1616,#1617,#1618,#1619,#1620,#1621,#1622,#1623,#1624,#1625,#1626,#1627,#1628,#1629,#1630,#1631,#1632,#1633,#1634,
#1635,#1636),.UNSPECIFIED.,.F.,.F.,(4,3,3,3,3,3,3,3,3,4),(0.099829154,0.101756546,0.103683937,0.107538721,0.111393504,0.115248287,0.11910307,0.122957854,0.126812637,0.13066742),.UNSPECIFIED.);
#1638=EDGE_CURVE('',#1247,#1576,#1637,.T.);
#1639=ORIENTED_EDGE('',*,*,#1638,.T.);
#1640=ORIENTED_EDGE('',*,*,#1580,.F.);
#1641=ORIENTED_EDGE('',*,*,#1505,.T.);
#1642=EDGE_LOOP('',(#1608,#1639,#1640,#1641));
#1643=FACE_BOUND('',#1642,.T.);
#1644=ADVANCED_FACE('',(#1643),#1607,.T.);
#1645=CARTESIAN_POINT('',(28.256248541,5.502294255,2.502641576));
#1646=CARTESIAN_POINT('',(28.256248541,5.502294255,2.474040451));
#1647=CARTESIAN_POINT('',(28.256248541,5.502294255,2.445439327));
#1648=CARTESIAN_POINT('',(28.256248541,5.502294255,2.416838202));
#1649=CARTESIAN_POINT('',(28.256248541,5.502294255,2.178572477));
#1650=CARTESIAN_POINT('',(28.256248541,5.502294255,1.940306753));
#1651=CARTESIAN_POINT('',(28.256248541,5.502294255,1.702041028));
#1652=CARTESIAN_POINT('',(28.256248541,5.502294255,1.668367523));
#1653=CARTESIAN_POINT('',(28.256248541,5.502294255,1.634694019));
#1654=CARTESIAN_POINT('',(28.256248541,5.502294255,1.601020514));
#1655=CARTESIAN_POINT('',(28.256248541,5.502294255,1.567347009));
#1656=CARTESIAN_POINT('',(28.256248541,5.502294255,1.533673505));
#1657=CARTESIAN_POINT('',(28.256248541,5.502294255,1.5));
#1658=CARTESIAN_POINT('',(28.256248541,5.502294255,1.466326495));
#1659=CARTESIAN_POINT('',(28.256248541,5.502294255,1.432652991));
#1660=CARTESIAN_POINT('',(28.256248541,5.502294255,1.398979486));
#1661=CARTESIAN_POINT('',(28.256248541,5.502294255,0.765986324));
#1662=CARTESIAN_POINT('',(28.256248541,5.502294255,0.132993162));
#1663=CARTESIAN_POINT('',(28.256248541,5.502294255,-0.5));
#1664=CARTESIAN_POINT('',(27.953249877,5.281895359,2.502641576));
#1665=CARTESIAN_POINT('',(27.953249877,5.281895359,2.474040451));
#1666=CARTESIAN_POINT('',(27.953249877,5.281895359,2.445439327));
#1667=CARTESIAN_POINT('',(27.953249877,5.281895359,2.416838202));
#1668=CARTESIAN_POINT('',(27.953249877,5.281895359,2.178572477));
#1669=CARTESIAN_POINT('',(27.953249877,5.281895359,1.940306753));
#1670=CARTESIAN_POINT('',(27.953249877,5.281895359,1.702041028));
#1671=CARTESIAN_POINT('',(27.953249877,5.281895359,1.668367523));
#1672=CARTESIAN_POINT('',(27.953249877,5.281895359,1.634694019));
#1673=CARTESIAN_POINT('',(27.953249877,5.281895359,1.601020514));
#1674=CARTESIAN_POINT('',(27.953249877,5.281895359,1.567347009));
#1675=CARTESIAN_POINT('',(27.953249877,5.281895359,1.533673505));
#1676=CARTESIAN_POINT('',(27.953249877,5.281895359,1.5));
#1677=CARTESIAN_POINT('',(27.953249877,5.281895359,1.466326495));
#1678=CARTESIAN_POINT('',(27.953249877,5.281895359,1.432652991));
#1679=CARTESIAN_POINT('',(27.953249877,5.281895359,1.398979486));
#1680=CARTESIAN_POINT('',(27.953249877,5.281895359,0.765986324));
#1681=CARTESIAN_POINT('',(27.953249877,5.281895359,0.132993162));
#1682=CARTESIAN_POINT('',(27.953249877,5.281895359,-0.5));
#1683=CARTESIAN_POINT('',(27.639737645,5.069143762,2.502641576));
#1684=CARTESIAN_POINT('',(27.639737645,5.069143762,2.474040451));
#1685=CARTESIAN_POINT('',(27.639737645,5.069143762,2.445439327));
#1686=CARTESIAN_POINT('',(27.639737645,5.069143762,2.416838202));
#1687=CARTESIAN_POINT('',(27.639737645,5.069143762,2.178572477));
#1688=CARTESIAN_POINT('',(27.639737645,5.069143762,1.940306753));
#1689=CARTESIAN_POINT('',(27.639737645,5.069143762,1.702041028));
#1690=CARTESIAN_POINT('',(27.639737645,5.069143762,1.668367523));
#1691=CARTESIAN_POINT('',(27.639737645,5.069143762,1.634694019));
#1692=CARTESIAN_POINT('',(27.639737645,5.069143762,1.601020514));
#1693=CARTESIAN_POINT('',(27.639737645,5.069143762,1.567347009));
#1694=CARTESIAN_POINT('',(27.639737645,5.069143762,1.533673505));
#1695=CARTESIAN_POINT('',(27.639737645,5.069143762,1.5));
#1696=CARTESIAN_POINT('',(27.639737645,5.069143762,1.466326495));
#1697=CARTESIAN_POINT('',(27.639737645,5.069143762,1.432652991));
#1698=CARTESIAN_POINT('',(27.639737645,5.069143762,1.398979486));
#1699=CARTESIAN_POINT('',(27.639737645,5.069143762,0.765986324));
#1700=CARTESIAN_POINT('',(27.639737645,5.069143762,0.132993162));
#1701=CARTESIAN_POINT('',(27.639737645,5.069143762,-0.5));
#1702=CARTESIAN_POINT('',(27.316133613,4.865328862,2.502641576));
#1703=CARTESIAN_POINT('',(27.316133613,4.865328862,2.474040451));
#1704=CARTESIAN_POINT('',(27.316133613,4.865328862,2.445439327));
#1705=CARTESIAN_POINT('',(27.316133613,4.865328862,2.416838202));
#1706=CARTESIAN_POINT('',(27.316133613,4.865328862,2.178572477));
#1707=CARTESIAN_POINT('',(27.316133613,4.865328862,1.940306753));
#1708=CARTESIAN_POINT('',(27.316133613,4.865328862,1.702041028));
#1709=CARTESIAN_POINT('',(27.316133613,4.865328862,1.668367523));
#1710=CARTESIAN_POINT('',(27.316133613,4.865328862,1.634694019));
#1711=CARTESIAN_POINT('',(27.316133613,4.865328862,1.601020514));
#1712=CARTESIAN_POINT('',(27.316133613,4.865328862,1.567347009));
#1713=CARTESIAN_POINT('',(27.316133613,4.865328862,1.533673505));
#1714=CARTESIAN_POINT('',(27.316133613,4.865328862,1.5));
#1715=CARTESIAN_POINT('',(27.316133613,4.865328862,1.466326495));
#1716=CARTESIAN_POINT('',(27.316133613,4.865328862,1.432652991));
#1717=CARTESIAN_POINT('',(27.316133613,4.865328862,1.398979486));
#1718=CARTESIAN_POINT('',(27.316133613,4.865328862,0.765986324));
#1719=CARTESIAN_POINT('',(27.316133613,4.865328862,0.132993162));
#1720=CARTESIAN_POINT('',(27.316133613,4.865328862,-0.5));
#1721=CARTESIAN_POINT('',(26.677289264,4.462966763,2.502641576));
#1722=CARTESIAN_POINT('',(26.677289264,4.462966763,2.474040451));
#1723=CARTESIAN_POINT('',(26.677289264,4.462966763,2.445439327));
#1724=CARTESIAN_POINT('',(26.677289264,4.462966763,2.416838202));
#1725=CARTESIAN_POINT('',(26.677289264,4.462966763,2.178572477));
#1726=CARTESIAN_POINT('',(26.677289264,4.462966763,1.940306753));
#1727=CARTESIAN_POINT('',(26.677289264,4.462966763,1.702041028));
#1728=CARTESIAN_POINT('',(26.677289264,4.462966763,1.668367523));
#1729=CARTESIAN_POINT('',(26.677289264,4.462966763,1.634694019));
#1730=CARTESIAN_POINT('',(26.677289264,4.462966763,1.601020514));
#1731=CARTESIAN_POINT('',(26.677289264,4.462966763,1.567347009));
#1732=CARTESIAN_POINT('',(26.677289264,4.462966763,1.533673505));
#1733=CARTESIAN_POINT('',(26.677289264,4.462966763,1.5));
#1734=CARTESIAN_POINT('',(26.677289264,4.462966763,1.466326495));
#1735=CARTESIAN_POINT('',(26.677289264,4.462966763,1.432652991));
#1736=CARTESIAN_POINT('',(26.677289264,4.462966763,1.398979486));
#1737=CARTESIAN_POINT('',(26.677289264,4.462966763,0.765986324));
#1738=CARTESIAN_POINT('',(26.677289264,4.462966763,0.132993162));
#1739=CARTESIAN_POINT('',(26.677289264,4.462966763,-0.5));
#1740=CARTESIAN_POINT('',(25.999106665,4.095502343,2.502641576));
#1741=CARTESIAN_POINT('',(25.999106665,4.095502343,2.474040451));
#1742=CARTESIAN_POINT('',(25.999106665,4.095502343,2.445439327));
#1743=CARTESIAN_POINT('',(25.999106665,4.095502343,2.416838202));
#1744=CARTESIAN_POINT('',(25.999106665,4.095502343,2.178572477));
#1745=CARTESIAN_POINT('',(25.999106665,4.095502343,1.940306753));
#1746=CARTESIAN_POINT('',(25.999106665,4.095502343,1.702041028));
#1747=CARTESIAN_POINT('',(25.999106665,4.095502343,1.668367523));
#1748=CARTESIAN_POINT('',(25.999106665,4.095502343,1.634694019));
#1749=CARTESIAN_POINT('',(25.999106665,4.095502343,1.601020514));
#1750=CARTESIAN_POINT('',(25.999106665,4.095502343,1.567347009));
#1751=CARTESIAN_POINT('',(25.999106665,4.095502343,1.533673505));
#1752=CARTESIAN_POINT('',(25.999106665,4.095502343,1.5));
#1753=CARTESIAN_POINT('',(25.999106665,4.095502343,1.466326495));
#1754=CARTESIAN_POINT('',(25.999106665,4.095502343,1.432652991));
#1755=CARTESIAN_POINT('',(25.999106665,4.095502343,1.398979486));
#1756=CARTESIAN_POINT('',(25.999106665,4.095502343,0.765986324));
#1757=CARTESIAN_POINT('',(25.999106665,4.095502343,0.132993162));
#1758=CARTESIAN_POINT('',(25.999106665,4.095502343,-0.5));
#1759=CARTESIAN_POINT('',(25.287782962,3.772347013,2.502641576));
#1760=CARTESIAN_POINT('',(25.287782962,3.772347013,2.474040451));
#1761=CARTESIAN_POINT('',(25.287782962,3.772347013,2.445439327));
#1762=CARTESIAN_POINT('',(25.287782962,3.772347013,2.416838202));
#1763=CARTESIAN_POINT('',(25.287782962,3.772347013,2.178572477));
#1764=CARTESIAN_POINT('',(25.287782962,3.772347013,1.940306753));
#1765=CARTESIAN_POINT('',(25.287782962,3.772347013,1.702041028));
#1766=CARTESIAN_POINT('',(25.287782962,3.772347013,1.668367523));
#1767=CARTESIAN_POINT('',(25.287782962,3.772347013,1.634694019));
#1768=CARTESIAN_POINT('',(25.287782962,3.772347013,1.601020514));
#1769=CARTESIAN_POINT('',(25.287782962,3.772347013,1.567347009));
#1770=CARTESIAN_POINT('',(25.287782962,3.772347013,1.533673505));
#1771=CARTESIAN_POINT('',(25.287782962,3.772347013,1.5));
#1772=CARTESIAN_POINT('',(25.287782962,3.772347013,1.466326495));
#1773=CARTESIAN_POINT('',(25.287782962,3.772347013,1.432652991));
#1774=CARTESIAN_POINT('',(25.287782962,3.772347013,1.398979486));
#1775=CARTESIAN_POINT('',(25.287782962,3.772347013,0.765986324));
#1776=CARTESIAN_POINT('',(25.287782962,3.772347013,0.132993162));
#1777=CARTESIAN_POINT('',(25.287782962,3.772347013,-0.5));
#1778=CARTESIAN_POINT('',(24.576459259,3.449191683,2.502641576));
#1779=CARTESIAN_POINT('',(24.576459259,3.449191683,2.474040451));
#1780=CARTESIAN_POINT('',(24.576459259,3.449191683,2.445439327));
#1781=CARTESIAN_POINT('',(24.576459259,3.449191683,2.416838202));
#1782=CARTESIAN_POINT('',(24.576459259,3.449191683,2.178572477));
#1783=CARTESIAN_POINT('',(24.576459259,3.449191683,1.940306753));
#1784=CARTESIAN_POINT('',(24.576459259,3.449191683,1.702041028));
#1785=CARTESIAN_POINT('',(24.576459259,3.449191683,1.668367523));
#1786=CARTESIAN_POINT('',(24.576459259,3.449191683,1.634694019));
#1787=CARTESIAN_POINT('',(24.576459259,3.449191683,1.601020514));
#1788=CARTESIAN_POINT('',(24.576459259,3.449191683,1.567347009));
#1789=CARTESIAN_POINT('',(24.576459259,3.449191683,1.533673505));
#1790=CARTESIAN_POINT('',(24.576459259,3.449191683,1.5));
#1791=CARTESIAN_POINT('',(24.576459259,3.449191683,1.466326495));
#1792=CARTESIAN_POINT('',(24.576459259,3.449191683,1.432652991));
#1793=CARTESIAN_POINT('',(24.576459259,3.449191683,1.398979486));
#1794=CARTESIAN_POINT('',(24.576459259,3.449191683,0.765986324));
#1795=CARTESIAN_POINT('',(24.576459259,3.449191683,0.132993162));
#1796=CARTESIAN_POINT('',(24.576459259,3.449191683,-0.5));
#1797=CARTESIAN_POINT('',(23.832016785,3.170418774,2.502641576));
#1798=CARTESIAN_POINT('',(23.832016785,3.170418774,2.474040451));
#1799=CARTESIAN_POINT('',(23.832016785,3.170418774,2.445439327));
#1800=CARTESIAN_POINT('',(23.832016785,3.170418774,2.416838202));
#1801=CARTESIAN_POINT('',(23.832016785,3.170418774,2.178572477));
#1802=CARTESIAN_POINT('',(23.832016785,3.170418774,1.940306753));
#1803=CARTESIAN_POINT('',(23.832016785,3.170418774,1.702041028));
#1804=CARTESIAN_POINT('',(23.832016785,3.170418774,1.668367523));
#1805=CARTESIAN_POINT('',(23.832016785,3.170418774,1.634694019));
#1806=CARTESIAN_POINT('',(23.832016785,3.170418774,1.601020514));
#1807=CARTESIAN_POINT('',(23.832016785,3.170418774,1.567347009));
#1808=CARTESIAN_POINT('',(23.832016785,3.170418774,1.533673505));
#1809=CARTESIAN_POINT('',(23.832016785,3.170418774,1.5));
#1810=CARTESIAN_POINT('',(23.832016785,3.170418774,1.466326495));
#1811=CARTESIAN_POINT('',(23.832016785,3.170418774,1.432652991));
#1812=CARTESIAN_POINT('',(23.832016785,3.170418774,1.398979486));
#1813=CARTESIAN_POINT('',(23.832016785,3.170418774,0.765986324));
#1814=CARTESIAN_POINT('',(23.832016785,3.170418774,0.132993162));
#1815=CARTESIAN_POINT('',(23.832016785,3.170418774,-0.5));
#1816=CARTESIAN_POINT('',(23.063500014,2.943851389,2.502641576));
#1817=CARTESIAN_POINT('',(23.063500014,2.943851389,2.474040451));
#1818=CARTESIAN_POINT('',(23.063500014,2.943851389,2.445439327));
#1819=CARTESIAN_POINT('',(23.063500014,2.943851389,2.416838202));
#1820=CARTESIAN_POINT('',(23.063500014,2.943851389,2.178572477));
#1821=CARTESIAN_POINT('',(23.063500014,2.943851389,1.940306753));
#1822=CARTESIAN_POINT('',(23.063500014,2.943851389,1.702041028));
#1823=CARTESIAN_POINT('',(23.063500014,2.943851389,1.668367523));
#1824=CARTESIAN_POINT('',(23.063500014,2.943851389,1.634694019));
#1825=CARTESIAN_POINT('',(23.063500014,2.943851389,1.601020514));
#1826=CARTESIAN_POINT('',(23.063500014,2.943851389,1.567347009));
#1827=CARTESIAN_POINT('',(23.063500014,2.943851389,1.533673505));
#1828=CARTESIAN_POINT('',(23.063500014,2.943851389,1.5));
#1829=CARTESIAN_POINT('',(23.063500014,2.943851389,1.466326495));
#1830=CARTESIAN_POINT('',(23.063500014,2.943851389,1.432652991));
#1831=CARTESIAN_POINT('',(23.063500014,2.943851389,1.398979486));
#1832=CARTESIAN_POINT('',(23.063500014,2.943851389,0.765986324));
#1833=CARTESIAN_POINT('',(23.063500014,2.943851389,0.132993162));
#1834=CARTESIAN_POINT('',(23.063500014,2.943851389,-0.5));
#1835=CARTESIAN_POINT('',(22.294983242,2.717284004,2.502641576));
#1836=CARTESIAN_POINT('',(22.294983242,2.717284004,2.474040451));
#1837=CARTESIAN_POINT('',(22.294983242,2.717284004,2.445439327));
#1838=CARTESIAN_POINT('',(22.294983242,2.717284004,2.416838202));
#1839=CARTESIAN_POINT('',(22.294983242,2.717284004,2.178572477));
#1840=CARTESIAN_POINT('',(22.294983242,2.717284004,1.940306753));
#1841=CARTESIAN_POINT('',(22.294983242,2.717284004,1.702041028));
#1842=CARTESIAN_POINT('',(22.294983242,2.717284004,1.668367523));
#1843=CARTESIAN_POINT('',(22.294983242,2.717284004,1.634694019));
#1844=CARTESIAN_POINT('',(22.294983242,2.717284004,1.601020514));
#1845=CARTESIAN_POINT('',(22.294983242,2.717284004,1.567347009));
#1846=CARTESIAN_POINT('',(22.294983242,2.717284004,1.533673505));
#1847=CARTESIAN_POINT('',(22.294983242,2.717284004,1.5));
#1848=CARTESIAN_POINT('',(22.294983242,2.717284004,1.466326495));
#1849=CARTESIAN_POINT('',(22.294983242,2.717284004,1.432652991));
#1850=CARTESIAN_POINT('',(22.294983242,2.717284004,1.398979486));
#1851=CARTESIAN_POINT('',(22.294983242,2.717284004,0.765986324));
#1852=CARTESIAN_POINT('',(22.294983242,2.717284004,0.132993162));
#1853=CARTESIAN_POINT('',(22.294983242,2.717284004,-0.5));
#1854=CARTESIAN_POINT('',(21.502446249,2.5429846,2.502641576));
#1855=CARTESIAN_POINT('',(21.502446249,2.5429846,2.474040451));
#1856=CARTESIAN_POINT('',(21.502446249,2.5429846,2.445439327));
#1857=CARTESIAN_POINT('',(21.502446249,2.5429846,2.416838202));
#1858=CARTESIAN_POINT('',(21.502446249,2.5429846,2.178572477));
#1859=CARTESIAN_POINT('',(21.502446249,2.5429846,1.940306753));
#1860=CARTESIAN_POINT('',(21.502446249,2.5429846,1.702041028));
#1861=CARTESIAN_POINT('',(21.502446249,2.5429846,1.668367523));
#1862=CARTESIAN_POINT('',(21.502446249,2.5429846,1.634694019));
#1863=CARTESIAN_POINT('',(21.502446249,2.5429846,1.601020514));
#1864=CARTESIAN_POINT('',(21.502446249,2.5429846,1.567347009));
#1865=CARTESIAN_POINT('',(21.502446249,2.5429846,1.533673505));
#1866=CARTESIAN_POINT('',(21.502446249,2.5429846,1.5));
#1867=CARTESIAN_POINT('',(21.502446249,2.5429846,1.466326495));
#1868=CARTESIAN_POINT('',(21.502446249,2.5429846,1.432652991));
#1869=CARTESIAN_POINT('',(21.502446249,2.5429846,1.398979486));
#1870=CARTESIAN_POINT('',(21.502446249,2.5429846,0.765986324));
#1871=CARTESIAN_POINT('',(21.502446249,2.5429846,0.132993162));
#1872=CARTESIAN_POINT('',(21.502446249,2.5429846,-0.5));
#1873=CARTESIAN_POINT('',(20.697205353,2.426153661,2.502641576));
#1874=CARTESIAN_POINT('',(20.697205353,2.426153661,2.474040451));
#1875=CARTESIAN_POINT('',(20.697205353,2.426153661,2.445439327));
#1876=CARTESIAN_POINT('',(20.697205353,2.426153661,2.416838202));
#1877=CARTESIAN_POINT('',(20.697205353,2.426153661,2.178572477));
#1878=CARTESIAN_POINT('',(20.697205353,2.426153661,1.940306753));
#1879=CARTESIAN_POINT('',(20.697205353,2.426153661,1.702041028));
#1880=CARTESIAN_POINT('',(20.697205353,2.426153661,1.668367523));
#1881=CARTESIAN_POINT('',(20.697205353,2.426153661,1.634694019));
#1882=CARTESIAN_POINT('',(20.697205353,2.426153661,1.601020514));
#1883=CARTESIAN_POINT('',(20.697205353,2.426153661,1.567347009));
#1884=CARTESIAN_POINT('',(20.697205353,2.426153661,1.533673505));
#1885=CARTESIAN_POINT('',(20.697205353,2.426153661,1.5));
#1886=CARTESIAN_POINT('',(20.697205353,2.426153661,1.466326495));
#1887=CARTESIAN_POINT('',(20.697205353,2.426153661,1.432652991));
#1888=CARTESIAN_POINT('',(20.697205353,2.426153661,1.398979486));
#1889=CARTESIAN_POINT('',(20.697205353,2.426153661,0.765986324));
#1890=CARTESIAN_POINT('',(20.697205353,2.426153661,0.132993162));
#1891=CARTESIAN_POINT('',(20.697205353,2.426153661,-0.5));
#1892=CARTESIAN_POINT('',(19.891964457,2.309322723,2.502641576));
#1893=CARTESIAN_POINT('',(19.891964457,2.309322723,2.474040451));
#1894=CARTESIAN_POINT('',(19.891964457,2.309322723,2.445439327));
#1895=CARTESIAN_POINT('',(19.891964457,2.309322723,2.416838202));
#1896=CARTESIAN_POINT('',(19.891964457,2.309322723,2.178572477));
#1897=CARTESIAN_POINT('',(19.891964457,2.309322723,1.940306753));
#1898=CARTESIAN_POINT('',(19.891964457,2.309322723,1.702041028));
#1899=CARTESIAN_POINT('',(19.891964457,2.309322723,1.668367523));
#1900=CARTESIAN_POINT('',(19.891964457,2.309322723,1.634694019));
#1901=CARTESIAN_POINT('',(19.891964457,2.309322723,1.601020514));
#1902=CARTESIAN_POINT('',(19.891964457,2.309322723,1.567347009));
#1903=CARTESIAN_POINT('',(19.891964457,2.309322723,1.533673505));
#1904=CARTESIAN_POINT('',(19.891964457,2.309322723,1.5));
#1905=CARTESIAN_POINT('',(19.891964457,2.309322723,1.466326495));
#1906=CARTESIAN_POINT('',(19.891964457,2.309322723,1.432652991));
#1907=CARTESIAN_POINT('',(19.891964457,2.309322723,1.398979486));
#1908=CARTESIAN_POINT('',(19.891964457,2.309322723,0.765986324));
#1909=CARTESIAN_POINT('',(19.891964457,2.309322723,0.132993162));
#1910=CARTESIAN_POINT('',(19.891964457,2.309322723,-0.5));
#1911=CARTESIAN_POINT('',(19.074098242,2.249996365,2.502641576));
#1912=CARTESIAN_POINT('',(19.074098242,2.249996365,2.474040451));
#1913=CARTESIAN_POINT('',(19.074098242,2.249996365,2.445439327));
#1914=CARTESIAN_POINT('',(19.074098242,2.249996365,2.416838202));
#1915=CARTESIAN_POINT('',(19.074098242,2.249996365,2.178572477));
#1916=CARTESIAN_POINT('',(19.074098242,2.249996365,1.940306753));
#1917=CARTESIAN_POINT('',(19.074098242,2.249996365,1.702041028));
#1918=CARTESIAN_POINT('',(19.074098242,2.249996365,1.668367523));
#1919=CARTESIAN_POINT('',(19.074098242,2.249996365,1.634694019));
#1920=CARTESIAN_POINT('',(19.074098242,2.249996365,1.601020514));
#1921=CARTESIAN_POINT('',(19.074098242,2.249996365,1.567347009));
#1922=CARTESIAN_POINT('',(19.074098242,2.249996365,1.533673505));
#1923=CARTESIAN_POINT('',(19.074098242,2.249996365,1.5));
#1924=CARTESIAN_POINT('',(19.074098242,2.249996365,1.466326495));
#1925=CARTESIAN_POINT('',(19.074098242,2.249996365,1.432652991));
#1926=CARTESIAN_POINT('',(19.074098242,2.249996365,1.398979486));
#1927=CARTESIAN_POINT('',(19.074098242,2.249996365,0.765986324));
#1928=CARTESIAN_POINT('',(19.074098242,2.249996365,0.132993162));
#1929=CARTESIAN_POINT('',(19.074098242,2.249996365,-0.5));
#1930=CARTESIAN_POINT('',(18.256188508,2.25,2.502641576));
#1931=CARTESIAN_POINT('',(18.256188508,2.25,2.474040451));
#1932=CARTESIAN_POINT('',(18.256188508,2.25,2.445439327));
#1933=CARTESIAN_POINT('',(18.256188508,2.25,2.416838202));
#1934=CARTESIAN_POINT('',(18.256188508,2.25,2.178572477));
#1935=CARTESIAN_POINT('',(18.256188508,2.25,1.940306753));
#1936=CARTESIAN_POINT('',(18.256188508,2.25,1.702041028));
#1937=CARTESIAN_POINT('',(18.256188508,2.25,1.668367523));
#1938=CARTESIAN_POINT('',(18.256188508,2.25,1.634694019));
#1939=CARTESIAN_POINT('',(18.256188508,2.25,1.601020514));
#1940=CARTESIAN_POINT('',(18.256188508,2.25,1.567347009));
#1941=CARTESIAN_POINT('',(18.256188508,2.25,1.533673505));
#1942=CARTESIAN_POINT('',(18.256188508,2.25,1.5));
#1943=CARTESIAN_POINT('',(18.256188508,2.25,1.466326495));
#1944=CARTESIAN_POINT('',(18.256188508,2.25,1.432652991));
#1945=CARTESIAN_POINT('',(18.256188508,2.25,1.398979486));
#1946=CARTESIAN_POINT('',(18.256188508,2.25,0.765986324));
#1947=CARTESIAN_POINT('',(18.256188508,2.25,0.132993162));
#1948=CARTESIAN_POINT('',(18.256188508,2.25,-0.5));
#1949=CARTESIAN_POINT('',(17.438278775,2.250003635,2.502641576));
#1950=CARTESIAN_POINT('',(17.438278775,2.250003635,2.474040451));
#1951=CARTESIAN_POINT('',(17.438278775,2.250003635,2.445439327));
#1952=CARTESIAN_POINT('',(17.438278775,2.250003635,2.416838202));
#1953=CARTESIAN_POINT('',(17.438278775,2.250003635,2.178572477));
#1954=CARTESIAN_POINT('',(17.438278775,2.250003635,1.940306753));
#1955=CARTESIAN_POINT('',(17.438278775,2.250003635,1.702041028));
#1956=CARTESIAN_POINT('',(17.438278775,2.250003635,1.668367523));
#1957=CARTESIAN_POINT('',(17.438278775,2.250003635,1.634694019));
#1958=CARTESIAN_POINT('',(17.438278775,2.250003635,1.601020514));
#1959=CARTESIAN_POINT('',(17.438278775,2.250003635,1.567347009));
#1960=CARTESIAN_POINT('',(17.438278775,2.250003635,1.533673505));
#1961=CARTESIAN_POINT('',(17.438278775,2.250003635,1.5));
#1962=CARTESIAN_POINT('',(17.438278775,2.250003635,1.466326495));
#1963=CARTESIAN_POINT('',(17.438278775,2.250003635,1.432652991));
#1964=CARTESIAN_POINT('',(17.438278775,2.250003635,1.398979486));
#1965=CARTESIAN_POINT('',(17.438278775,2.250003635,0.765986324));
#1966=CARTESIAN_POINT('',(17.438278775,2.250003635,0.132993162));
#1967=CARTESIAN_POINT('',(17.438278775,2.250003635,-0.5));
#1968=CARTESIAN_POINT('',(16.620413354,2.309337263,2.502641576));
#1969=CARTESIAN_POINT('',(16.620413354,2.309337263,2.474040451));
#1970=CARTESIAN_POINT('',(16.620413354,2.309337263,2.445439327));
#1971=CARTESIAN_POINT('',(16.620413354,2.309337263,2.416838202));
#1972=CARTESIAN_POINT('',(16.620413354,2.309337263,2.178572477));
#1973=CARTESIAN_POINT('',(16.620413354,2.309337263,1.940306753));
#1974=CARTESIAN_POINT('',(16.620413354,2.309337263,1.702041028));
#1975=CARTESIAN_POINT('',(16.620413354,2.309337263,1.668367523));
#1976=CARTESIAN_POINT('',(16.620413354,2.309337263,1.634694019));
#1977=CARTESIAN_POINT('',(16.620413354,2.309337263,1.601020514));
#1978=CARTESIAN_POINT('',(16.620413354,2.309337263,1.567347009));
#1979=CARTESIAN_POINT('',(16.620413354,2.309337263,1.533673505));
#1980=CARTESIAN_POINT('',(16.620413354,2.309337263,1.5));
#1981=CARTESIAN_POINT('',(16.620413354,2.309337263,1.466326495));
#1982=CARTESIAN_POINT('',(16.620413354,2.309337263,1.432652991));
#1983=CARTESIAN_POINT('',(16.620413354,2.309337263,1.398979486));
#1984=CARTESIAN_POINT('',(16.620413354,2.309337263,0.765986324));
#1985=CARTESIAN_POINT('',(16.620413354,2.309337263,0.132993162));
#1986=CARTESIAN_POINT('',(16.620413354,2.309337263,-0.5));
#1987=CARTESIAN_POINT('',(15.815174005,2.426175247,2.502641576));
#1988=CARTESIAN_POINT('',(15.815174005,2.426175247,2.474040451));
#1989=CARTESIAN_POINT('',(15.815174005,2.426175247,2.445439327));
#1990=CARTESIAN_POINT('',(15.815174005,2.426175247,2.416838202));
#1991=CARTESIAN_POINT('',(15.815174005,2.426175247,2.178572477));
#1992=CARTESIAN_POINT('',(15.815174005,2.426175247,1.940306753));
#1993=CARTESIAN_POINT('',(15.815174005,2.426175247,1.702041028));
#1994=CARTESIAN_POINT('',(15.815174005,2.426175247,1.668367523));
#1995=CARTESIAN_POINT('',(15.815174005,2.426175247,1.634694019));
#1996=CARTESIAN_POINT('',(15.815174005,2.426175247,1.601020514));
#1997=CARTESIAN_POINT('',(15.815174005,2.426175247,1.567347009));
#1998=CARTESIAN_POINT('',(15.815174005,2.426175247,1.533673505));
#1999=CARTESIAN_POINT('',(15.815174005,2.426175247,1.5));
#2000=CARTESIAN_POINT('',(15.815174005,2.426175247,1.466326495));
#2001=CARTESIAN_POINT('',(15.815174005,2.426175247,1.432652991));
#2002=CARTESIAN_POINT('',(15.815174005,2.426175247,1.398979486));
#2003=CARTESIAN_POINT('',(15.815174005,2.426175247,0.765986324));
#2004=CARTESIAN_POINT('',(15.815174005,2.426175247,0.132993162));
#2005=CARTESIAN_POINT('',(15.815174005,2.426175247,-0.5));
#2006=CARTESIAN_POINT('',(15.009934655,2.543013231,2.502641576));
#2007=CARTESIAN_POINT('',(15.009934655,2.543013231,2.474040451));
#2008=CARTESIAN_POINT('',(15.009934655,2.543013231,2.445439327));
#2009=CARTESIAN_POINT('',(15.009934655,2.543013231,2.416838202));
#2010=CARTESIAN_POINT('',(15.009934655,2.543013231,2.178572477));
#2011=CARTESIAN_POINT('',(15.009934655,2.543013231,1.940306753));
#2012=CARTESIAN_POINT('',(15.009934655,2.543013231,1.702041028));
#2013=CARTESIAN_POINT('',(15.009934655,2.543013231,1.668367523));
#2014=CARTESIAN_POINT('',(15.009934655,2.543013231,1.634694019));
#2015=CARTESIAN_POINT('',(15.009934655,2.543013231,1.601020514));
#2016=CARTESIAN_POINT('',(15.009934655,2.543013231,1.567347009));
#2017=CARTESIAN_POINT('',(15.009934655,2.543013231,1.533673505));
#2018=CARTESIAN_POINT('',(15.009934655,2.543013231,1.5));
#2019=CARTESIAN_POINT('',(15.009934655,2.543013231,1.466326495));
#2020=CARTESIAN_POINT('',(15.009934655,2.543013231,1.432652991));
#2021=CARTESIAN_POINT('',(15.009934655,2.543013231,1.398979486));
#2022=CARTESIAN_POINT('',(15.009934655,2.543013231,0.765986324));
#2023=CARTESIAN_POINT('',(15.009934655,2.543013231,0.132993162));
#2024=CARTESIAN_POINT('',(15.009934655,2.543013231,-0.5));
#2025=CARTESIAN_POINT('',(14.217399962,2.717319456,2.502641576));
#2026=CARTESIAN_POINT('',(14.217399962,2.717319456,2.474040451));
#2027=CARTESIAN_POINT('',(14.217399962,2.717319456,2.445439327));
#2028=CARTESIAN_POINT('',(14.217399962,2.717319456,2.416838202));
#2029=CARTESIAN_POINT('',(14.217399962,2.717319456,2.178572477));
#2030=CARTESIAN_POINT('',(14.217399962,2.717319456,1.940306753));
#2031=CARTESIAN_POINT('',(14.217399962,2.717319456,1.702041028));
#2032=CARTESIAN_POINT('',(14.217399962,2.717319456,1.668367523));
#2033=CARTESIAN_POINT('',(14.217399962,2.717319456,1.634694019));
#2034=CARTESIAN_POINT('',(14.217399962,2.717319456,1.601020514));
#2035=CARTESIAN_POINT('',(14.217399962,2.717319456,1.567347009));
#2036=CARTESIAN_POINT('',(14.217399962,2.717319456,1.533673505));
#2037=CARTESIAN_POINT('',(14.217399962,2.717319456,1.5));
#2038=CARTESIAN_POINT('',(14.217399962,2.717319456,1.466326495));
#2039=CARTESIAN_POINT('',(14.217399962,2.717319456,1.432652991));
#2040=CARTESIAN_POINT('',(14.217399962,2.717319456,1.398979486));
#2041=CARTESIAN_POINT('',(14.217399962,2.717319456,0.765986324));
#2042=CARTESIAN_POINT('',(14.217399962,2.717319456,0.132993162));
#2043=CARTESIAN_POINT('',(14.217399962,2.717319456,-0.5));
#2044=CARTESIAN_POINT('',(13.448886129,2.943893249,2.502641576));
#2045=CARTESIAN_POINT('',(13.448886129,2.943893249,2.474040451));
#2046=CARTESIAN_POINT('',(13.448886129,2.943893249,2.445439327));
#2047=CARTESIAN_POINT('',(13.448886129,2.943893249,2.416838202));
#2048=CARTESIAN_POINT('',(13.448886129,2.943893249,2.178572477));
#2049=CARTESIAN_POINT('',(13.448886129,2.943893249,1.940306753));
#2050=CARTESIAN_POINT('',(13.448886129,2.943893249,1.702041028));
#2051=CARTESIAN_POINT('',(13.448886129,2.943893249,1.668367523));
#2052=CARTESIAN_POINT('',(13.448886129,2.943893249,1.634694019));
#2053=CARTESIAN_POINT('',(13.448886129,2.943893249,1.601020514));
#2054=CARTESIAN_POINT('',(13.448886129,2.943893249,1.567347009));
#2055=CARTESIAN_POINT('',(13.448886129,2.943893249,1.533673505));
#2056=CARTESIAN_POINT('',(13.448886129,2.943893249,1.5));
#2057=CARTESIAN_POINT('',(13.448886129,2.943893249,1.466326495));
#2058=CARTESIAN_POINT('',(13.448886129,2.943893249,1.432652991));
#2059=CARTESIAN_POINT('',(13.448886129,2.943893249,1.398979486));
#2060=CARTESIAN_POINT('',(13.448886129,2.943893249,0.765986324));
#2061=CARTESIAN_POINT('',(13.448886129,2.943893249,0.132993162));
#2062=CARTESIAN_POINT('',(13.448886129,2.943893249,-0.5));
#2063=CARTESIAN_POINT('',(12.680372296,3.170467041,2.502641576));
#2064=CARTESIAN_POINT('',(12.680372296,3.170467041,2.474040451));
#2065=CARTESIAN_POINT('',(12.680372296,3.170467041,2.445439327));
#2066=CARTESIAN_POINT('',(12.680372296,3.170467041,2.416838202));
#2067=CARTESIAN_POINT('',(12.680372296,3.170467041,2.178572477));
#2068=CARTESIAN_POINT('',(12.680372296,3.170467041,1.940306753));
#2069=CARTESIAN_POINT('',(12.680372296,3.170467041,1.702041028));
#2070=CARTESIAN_POINT('',(12.680372296,3.170467041,1.668367523));
#2071=CARTESIAN_POINT('',(12.680372296,3.170467041,1.634694019));
#2072=CARTESIAN_POINT('',(12.680372296,3.170467041,1.601020514));
#2073=CARTESIAN_POINT('',(12.680372296,3.170467041,1.567347009));
#2074=CARTESIAN_POINT('',(12.680372296,3.170467041,1.533673505));
#2075=CARTESIAN_POINT('',(12.680372296,3.170467041,1.5));
#2076=CARTESIAN_POINT('',(12.680372296,3.170467041,1.466326495));
#2077=CARTESIAN_POINT('',(12.680372296,3.170467041,1.432652991));
#2078=CARTESIAN_POINT('',(12.680372296,3.170467041,1.398979486));
#2079=CARTESIAN_POINT('',(12.680372296,3.170467041,0.765986324));
#2080=CARTESIAN_POINT('',(12.680372296,3.170467041,0.132993162));
#2081=CARTESIAN_POINT('',(12.680372296,3.170467041,-0.5));
#2082=CARTESIAN_POINT('',(11.935933398,3.449245942,2.502641576));
#2083=CARTESIAN_POINT('',(11.935933398,3.449245942,2.474040451));
#2084=CARTESIAN_POINT('',(11.935933398,3.449245942,2.445439327));
#2085=CARTESIAN_POINT('',(11.935933398,3.449245942,2.416838202));
#2086=CARTESIAN_POINT('',(11.935933398,3.449245942,2.178572477));
#2087=CARTESIAN_POINT('',(11.935933398,3.449245942,1.940306753));
#2088=CARTESIAN_POINT('',(11.935933398,3.449245942,1.702041028));
#2089=CARTESIAN_POINT('',(11.935933398,3.449245942,1.668367523));
#2090=CARTESIAN_POINT('',(11.935933398,3.449245942,1.634694019));
#2091=CARTESIAN_POINT('',(11.935933398,3.449245942,1.601020514));
#2092=CARTESIAN_POINT('',(11.935933398,3.449245942,1.567347009));
#2093=CARTESIAN_POINT('',(11.935933398,3.449245942,1.533673505));
#2094=CARTESIAN_POINT('',(11.935933398,3.449245942,1.5));
#2095=CARTESIAN_POINT('',(11.935933398,3.449245942,1.466326495));
#2096=CARTESIAN_POINT('',(11.935933398,3.449245942,1.432652991));
#2097=CARTESIAN_POINT('',(11.935933398,3.449245942,1.398979486));
#2098=CARTESIAN_POINT('',(11.935933398,3.449245942,0.765986324));
#2099=CARTESIAN_POINT('',(11.935933398,3.449245942,0.132993162));
#2100=CARTESIAN_POINT('',(11.935933398,3.449245942,-0.5));
#2101=CARTESIAN_POINT('',(11.224613747,3.772406717,2.502641576));
#2102=CARTESIAN_POINT('',(11.224613747,3.772406717,2.474040451));
#2103=CARTESIAN_POINT('',(11.224613747,3.772406717,2.445439327));
#2104=CARTESIAN_POINT('',(11.224613747,3.772406717,2.416838202));
#2105=CARTESIAN_POINT('',(11.224613747,3.772406717,2.178572477));
#2106=CARTESIAN_POINT('',(11.224613747,3.772406717,1.940306753));
#2107=CARTESIAN_POINT('',(11.224613747,3.772406717,1.702041028));
#2108=CARTESIAN_POINT('',(11.224613747,3.772406717,1.668367523));
#2109=CARTESIAN_POINT('',(11.224613747,3.772406717,1.634694019));
#2110=CARTESIAN_POINT('',(11.224613747,3.772406717,1.601020514));
#2111=CARTESIAN_POINT('',(11.224613747,3.772406717,1.567347009));
#2112=CARTESIAN_POINT('',(11.224613747,3.772406717,1.533673505));
#2113=CARTESIAN_POINT('',(11.224613747,3.772406717,1.5));
#2114=CARTESIAN_POINT('',(11.224613747,3.772406717,1.466326495));
#2115=CARTESIAN_POINT('',(11.224613747,3.772406717,1.432652991));
#2116=CARTESIAN_POINT('',(11.224613747,3.772406717,1.398979486));
#2117=CARTESIAN_POINT('',(11.224613747,3.772406717,0.765986324));
#2118=CARTESIAN_POINT('',(11.224613747,3.772406717,0.132993162));
#2119=CARTESIAN_POINT('',(11.224613747,3.772406717,-0.5));
#2120=CARTESIAN_POINT('',(10.513294096,4.095567493,2.502641576));
#2121=CARTESIAN_POINT('',(10.513294096,4.095567493,2.474040451));
#2122=CARTESIAN_POINT('',(10.513294096,4.095567493,2.445439327));
#2123=CARTESIAN_POINT('',(10.513294096,4.095567493,2.416838202));
#2124=CARTESIAN_POINT('',(10.513294096,4.095567493,2.178572477));
#2125=CARTESIAN_POINT('',(10.513294096,4.095567493,1.940306753));
#2126=CARTESIAN_POINT('',(10.513294096,4.095567493,1.702041028));
#2127=CARTESIAN_POINT('',(10.513294096,4.095567493,1.668367523));
#2128=CARTESIAN_POINT('',(10.513294096,4.095567493,1.634694019));
#2129=CARTESIAN_POINT('',(10.513294096,4.095567493,1.601020514));
#2130=CARTESIAN_POINT('',(10.513294096,4.095567493,1.567347009));
#2131=CARTESIAN_POINT('',(10.513294096,4.095567493,1.533673505));
#2132=CARTESIAN_POINT('',(10.513294096,4.095567493,1.5));
#2133=CARTESIAN_POINT('',(10.513294096,4.095567493,1.466326495));
#2134=CARTESIAN_POINT('',(10.513294096,4.095567493,1.432652991));
#2135=CARTESIAN_POINT('',(10.513294096,4.095567493,1.398979486));
#2136=CARTESIAN_POINT('',(10.513294096,4.095567493,0.765986324));
#2137=CARTESIAN_POINT('',(10.513294096,4.095567493,0.132993162));
#2138=CARTESIAN_POINT('',(10.513294096,4.095567493,-0.5));
#2139=CARTESIAN_POINT('',(9.835116021,4.463036813,2.502641576));
#2140=CARTESIAN_POINT('',(9.835116021,4.463036813,2.474040451));
#2141=CARTESIAN_POINT('',(9.835116021,4.463036813,2.445439327));
#2142=CARTESIAN_POINT('',(9.835116021,4.463036813,2.416838202));
#2143=CARTESIAN_POINT('',(9.835116021,4.463036813,2.178572477));
#2144=CARTESIAN_POINT('',(9.835116021,4.463036813,1.940306753));
#2145=CARTESIAN_POINT('',(9.835116021,4.463036813,1.702041028));
#2146=CARTESIAN_POINT('',(9.835116021,4.463036813,1.668367523));
#2147=CARTESIAN_POINT('',(9.835116021,4.463036813,1.634694019));
#2148=CARTESIAN_POINT('',(9.835116021,4.463036813,1.601020514));
#2149=CARTESIAN_POINT('',(9.835116021,4.463036813,1.567347009));
#2150=CARTESIAN_POINT('',(9.835116021,4.463036813,1.533673505));
#2151=CARTESIAN_POINT('',(9.835116021,4.463036813,1.5));
#2152=CARTESIAN_POINT('',(9.835116021,4.463036813,1.466326495));
#2153=CARTESIAN_POINT('',(9.835116021,4.463036813,1.432652991));
#2154=CARTESIAN_POINT('',(9.835116021,4.463036813,1.398979486));
#2155=CARTESIAN_POINT('',(9.835116021,4.463036813,0.765986324));
#2156=CARTESIAN_POINT('',(9.835116021,4.463036813,0.132993162));
#2157=CARTESIAN_POINT('',(9.835116021,4.463036813,-0.5));
#2158=CARTESIAN_POINT('',(9.196276487,4.8654032,2.502641576));
#2159=CARTESIAN_POINT('',(9.196276487,4.8654032,2.474040451));
#2160=CARTESIAN_POINT('',(9.196276487,4.8654032,2.445439327));
#2161=CARTESIAN_POINT('',(9.196276487,4.8654032,2.416838202));
#2162=CARTESIAN_POINT('',(9.196276487,4.8654032,2.178572477));
#2163=CARTESIAN_POINT('',(9.196276487,4.8654032,1.940306753));
#2164=CARTESIAN_POINT('',(9.196276487,4.8654032,1.702041028));
#2165=CARTESIAN_POINT('',(9.196276487,4.8654032,1.668367523));
#2166=CARTESIAN_POINT('',(9.196276487,4.8654032,1.634694019));
#2167=CARTESIAN_POINT('',(9.196276487,4.8654032,1.601020514));
#2168=CARTESIAN_POINT('',(9.196276487,4.8654032,1.567347009));
#2169=CARTESIAN_POINT('',(9.196276487,4.8654032,1.533673505));
#2170=CARTESIAN_POINT('',(9.196276487,4.8654032,1.5));
#2171=CARTESIAN_POINT('',(9.196276487,4.8654032,1.466326495));
#2172=CARTESIAN_POINT('',(9.196276487,4.8654032,1.432652991));
#2173=CARTESIAN_POINT('',(9.196276487,4.8654032,1.398979486));
#2174=CARTESIAN_POINT('',(9.196276487,4.8654032,0.765986324));
#2175=CARTESIAN_POINT('',(9.196276487,4.8654032,0.132993162));
#2176=CARTESIAN_POINT('',(9.196276487,4.8654032,-0.5));
#2177=CARTESIAN_POINT('',(8.557436952,5.267769587,2.502641576));
#2178=CARTESIAN_POINT('',(8.557436952,5.267769587,2.474040451));
#2179=CARTESIAN_POINT('',(8.557436952,5.267769587,2.445439327));
#2180=CARTESIAN_POINT('',(8.557436952,5.267769587,2.416838202));
#2181=CARTESIAN_POINT('',(8.557436952,5.267769587,2.178572477));
#2182=CARTESIAN_POINT('',(8.557436952,5.267769587,1.940306753));
#2183=CARTESIAN_POINT('',(8.557436952,5.267769587,1.702041028));
#2184=CARTESIAN_POINT('',(8.557436952,5.267769587,1.668367523));
#2185=CARTESIAN_POINT('',(8.557436952,5.267769587,1.634694019));
#2186=CARTESIAN_POINT('',(8.557436952,5.267769587,1.601020514));
#2187=CARTESIAN_POINT('',(8.557436952,5.267769587,1.567347009));
#2188=CARTESIAN_POINT('',(8.557436952,5.267769587,1.533673505));
#2189=CARTESIAN_POINT('',(8.557436952,5.267769587,1.5));
#2190=CARTESIAN_POINT('',(8.557436952,5.267769587,1.466326495));
#2191=CARTESIAN_POINT('',(8.557436952,5.267769587,1.432652991));
#2192=CARTESIAN_POINT('',(8.557436952,5.267769587,1.398979486));
#2193=CARTESIAN_POINT('',(8.557436952,5.267769587,0.765986324));
#2194=CARTESIAN_POINT('',(8.557436952,5.267769587,0.132993162));
#2195=CARTESIAN_POINT('',(8.557436952,5.267769587,-0.5));
#2196=CARTESIAN_POINT('',(7.957928334,5.704964226,2.502641576));
#2197=CARTESIAN_POINT('',(7.957928334,5.704964226,2.474040451));
#2198=CARTESIAN_POINT('',(7.957928334,5.704964226,2.445439327));
#2199=CARTESIAN_POINT('',(7.957928334,5.704964226,2.416838202));
#2200=CARTESIAN_POINT('',(7.957928334,5.704964226,2.178572477));
#2201=CARTESIAN_POINT('',(7.957928334,5.704964226,1.940306753));
#2202=CARTESIAN_POINT('',(7.957928334,5.704964226,1.702041028));
#2203=CARTESIAN_POINT('',(7.957928334,5.704964226,1.668367523));
#2204=CARTESIAN_POINT('',(7.957928334,5.704964226,1.634694019));
#2205=CARTESIAN_POINT('',(7.957928334,5.704964226,1.601020514));
#2206=CARTESIAN_POINT('',(7.957928334,5.704964226,1.567347009));
#2207=CARTESIAN_POINT('',(7.957928334,5.704964226,1.533673505));
#2208=CARTESIAN_POINT('',(7.957928334,5.704964226,1.5));
#2209=CARTESIAN_POINT('',(7.957928334,5.704964226,1.466326495));
#2210=CARTESIAN_POINT('',(7.957928334,5.704964226,1.432652991));
#2211=CARTESIAN_POINT('',(7.957928334,5.704964226,1.398979486));
#2212=CARTESIAN_POINT('',(7.957928334,5.704964226,0.765986324));
#2213=CARTESIAN_POINT('',(7.957928334,5.704964226,0.132993162));
#2214=CARTESIAN_POINT('',(7.957928334,5.704964226,-0.5));
#2215=CARTESIAN_POINT('',(7.40099547,6.167066699,2.502641576));
#2216=CARTESIAN_POINT('',(7.40099547,6.167066699,2.474040451));
#2217=CARTESIAN_POINT('',(7.40099547,6.167066699,2.445439327));
#2218=CARTESIAN_POINT('',(7.40099547,6.167066699,2.416838202));
#2219=CARTESIAN_POINT('',(7.40099547,6.167066699,2.178572477));
#2220=CARTESIAN_POINT('',(7.40099547,6.167066699,1.940306753));
#2221=CARTESIAN_POINT('',(7.40099547,6.167066699,1.702041028));
#2222=CARTESIAN_POINT('',(7.40099547,6.167066699,1.668367523));
#2223=CARTESIAN_POINT('',(7.40099547,6.167066699,1.634694019));
#2224=CARTESIAN_POINT('',(7.40099547,6.167066699,1.601020514));
#2225=CARTESIAN_POINT('',(7.40099547,6.167066699,1.567347009));
#2226=CARTESIAN_POINT('',(7.40099547,6.167066699,1.533673505));
#2227=CARTESIAN_POINT('',(7.40099547,6.167066699,1.5));
#2228=CARTESIAN_POINT('',(7.40099547,6.167066699,1.466326495));
#2229=CARTESIAN_POINT('',(7.40099547,6.167066699,1.432652991));
#2230=CARTESIAN_POINT('',(7.40099547,6.167066699,1.398979486));
#2231=CARTESIAN_POINT('',(7.40099547,6.167066699,0.765986324));
#2232=CARTESIAN_POINT('',(7.40099547,6.167066699,0.132993162));
#2233=CARTESIAN_POINT('',(7.40099547,6.167066699,-0.5));
#2234=CARTESIAN_POINT('',(6.844062606,6.629169172,2.502641576));
#2235=CARTESIAN_POINT('',(6.844062606,6.629169172,2.474040451));
#2236=CARTESIAN_POINT('',(6.844062606,6.629169172,2.445439327));
#2237=CARTESIAN_POINT('',(6.844062606,6.629169172,2.416838202));
#2238=CARTESIAN_POINT('',(6.844062606,6.629169172,2.178572477));
#2239=CARTESIAN_POINT('',(6.844062606,6.629169172,1.940306753));
#2240=CARTESIAN_POINT('',(6.844062606,6.629169172,1.702041028));
#2241=CARTESIAN_POINT('',(6.844062606,6.629169172,1.668367523));
#2242=CARTESIAN_POINT('',(6.844062606,6.629169172,1.634694019));
#2243=CARTESIAN_POINT('',(6.844062606,6.629169172,1.601020514));
#2244=CARTESIAN_POINT('',(6.844062606,6.629169172,1.567347009));
#2245=CARTESIAN_POINT('',(6.844062606,6.629169172,1.533673505));
#2246=CARTESIAN_POINT('',(6.844062606,6.629169172,1.5));
#2247=CARTESIAN_POINT('',(6.844062606,6.629169172,1.466326495));
#2248=CARTESIAN_POINT('',(6.844062606,6.629169172,1.432652991));
#2249=CARTESIAN_POINT('',(6.844062606,6.629169172,1.398979486));
#2250=CARTESIAN_POINT('',(6.844062606,6.629169172,0.765986324));
#2251=CARTESIAN_POINT('',(6.844062606,6.629169172,0.132993162));
#2252=CARTESIAN_POINT('',(6.844062606,6.629169172,-0.5));
#2253=CARTESIAN_POINT('',(6.32967617,7.116125946,2.502641576));
#2254=CARTESIAN_POINT('',(6.32967617,7.116125946,2.474040451));
#2255=CARTESIAN_POINT('',(6.32967617,7.116125946,2.445439327));
#2256=CARTESIAN_POINT('',(6.32967617,7.116125946,2.416838202));
#2257=CARTESIAN_POINT('',(6.32967617,7.116125946,2.178572477));
#2258=CARTESIAN_POINT('',(6.32967617,7.116125946,1.940306753));
#2259=CARTESIAN_POINT('',(6.32967617,7.116125946,1.702041028));
#2260=CARTESIAN_POINT('',(6.32967617,7.116125946,1.668367523));
#2261=CARTESIAN_POINT('',(6.32967617,7.116125946,1.634694019));
#2262=CARTESIAN_POINT('',(6.32967617,7.116125946,1.601020514));
#2263=CARTESIAN_POINT('',(6.32967617,7.116125946,1.567347009));
#2264=CARTESIAN_POINT('',(6.32967617,7.116125946,1.533673505));
#2265=CARTESIAN_POINT('',(6.32967617,7.116125946,1.5));
#2266=CARTESIAN_POINT('',(6.32967617,7.116125946,1.466326495));
#2267=CARTESIAN_POINT('',(6.32967617,7.116125946,1.432652991));
#2268=CARTESIAN_POINT('',(6.32967617,7.116125946,1.398979486));
#2269=CARTESIAN_POINT('',(6.32967617,7.116125946,0.765986324));
#2270=CARTESIAN_POINT('',(6.32967617,7.116125946,0.132993162));
#2271=CARTESIAN_POINT('',(6.32967617,7.116125946,-0.5));
#2272=CARTESIAN_POINT('',(5.858415821,7.618432653,2.502641576));
#2273=CARTESIAN_POINT('',(5.858415821,7.618432653,2.474040451));
#2274=CARTESIAN_POINT('',(5.858415821,7.618432653,2.445439327));
#2275=CARTESIAN_POINT('',(5.858415821,7.618432653,2.416838202));
#2276=CARTESIAN_POINT('',(5.858415821,7.618432653,2.178572477));
#2277=CARTESIAN_POINT('',(5.858415821,7.618432653,1.940306753));
#2278=CARTESIAN_POINT('',(5.858415821,7.618432653,1.702041028));
#2279=CARTESIAN_POINT('',(5.858415821,7.618432653,1.668367523));
#2280=CARTESIAN_POINT('',(5.858415821,7.618432653,1.634694019));
#2281=CARTESIAN_POINT('',(5.858415821,7.618432653,1.601020514));
#2282=CARTESIAN_POINT('',(5.858415821,7.618432653,1.567347009));
#2283=CARTESIAN_POINT('',(5.858415821,7.618432653,1.533673505));
#2284=CARTESIAN_POINT('',(5.858415821,7.618432653,1.5));
#2285=CARTESIAN_POINT('',(5.858415821,7.618432653,1.466326495));
#2286=CARTESIAN_POINT('',(5.858415821,7.618432653,1.432652991));
#2287=CARTESIAN_POINT('',(5.858415821,7.618432653,1.398979486));
#2288=CARTESIAN_POINT('',(5.858415821,7.618432653,0.765986324));
#2289=CARTESIAN_POINT('',(5.858415821,7.618432653,0.132993162));
#2290=CARTESIAN_POINT('',(5.858415821,7.618432653,-0.5));
#2291=CARTESIAN_POINT('',(5.387155472,8.12073936,2.502641576));
#2292=CARTESIAN_POINT('',(5.387155472,8.12073936,2.474040451));
#2293=CARTESIAN_POINT('',(5.387155472,8.12073936,2.445439327));
#2294=CARTESIAN_POINT('',(5.387155472,8.12073936,2.416838202));
#2295=CARTESIAN_POINT('',(5.387155472,8.12073936,2.178572477));
#2296=CARTESIAN_POINT('',(5.387155472,8.12073936,1.940306753));
#2297=CARTESIAN_POINT('',(5.387155472,8.12073936,1.702041028));
#2298=CARTESIAN_POINT('',(5.387155472,8.12073936,1.668367523));
#2299=CARTESIAN_POINT('',(5.387155472,8.12073936,1.634694019));
#2300=CARTESIAN_POINT('',(5.387155472,8.12073936,1.601020514));
#2301=CARTESIAN_POINT('',(5.387155472,8.12073936,1.567347009));
#2302=CARTESIAN_POINT('',(5.387155472,8.12073936,1.533673505));
#2303=CARTESIAN_POINT('',(5.387155472,8.12073936,1.5));
#2304=CARTESIAN_POINT('',(5.387155472,8.12073936,1.466326495));
#2305=CARTESIAN_POINT('',(5.387155472,8.12073936,1.432652991));
#2306=CARTESIAN_POINT('',(5.387155472,8.12073936,1.398979486));
#2307=CARTESIAN_POINT('',(5.387155472,8.12073936,0.765986324));
#2308=CARTESIAN_POINT('',(5.387155472,8.12073936,0.132993162));
#2309=CARTESIAN_POINT('',(5.387155472,8.12073936,-0.5));
#2310=CARTESIAN_POINT('',(4.958980788,8.638362217,2.502641576));
#2311=CARTESIAN_POINT('',(4.958980788,8.638362217,2.474040451));
#2312=CARTESIAN_POINT('',(4.958980788,8.638362217,2.445439327));
#2313=CARTESIAN_POINT('',(4.958980788,8.638362217,2.416838202));
#2314=CARTESIAN_POINT('',(4.958980788,8.638362217,2.178572477));
#2315=CARTESIAN_POINT('',(4.958980788,8.638362217,1.940306753));
#2316=CARTESIAN_POINT('',(4.958980788,8.638362217,1.702041028));
#2317=CARTESIAN_POINT('',(4.958980788,8.638362217,1.668367523));
#2318=CARTESIAN_POINT('',(4.958980788,8.638362217,1.634694019));
#2319=CARTESIAN_POINT('',(4.958980788,8.638362217,1.601020514));
#2320=CARTESIAN_POINT('',(4.958980788,8.638362217,1.567347009));
#2321=CARTESIAN_POINT('',(4.958980788,8.638362217,1.533673505));
#2322=CARTESIAN_POINT('',(4.958980788,8.638362217,1.5));
#2323=CARTESIAN_POINT('',(4.958980788,8.638362217,1.466326495));
#2324=CARTESIAN_POINT('',(4.958980788,8.638362217,1.432652991));
#2325=CARTESIAN_POINT('',(4.958980788,8.638362217,1.398979486));
#2326=CARTESIAN_POINT('',(4.958980788,8.638362217,0.765986324));
#2327=CARTESIAN_POINT('',(4.958980788,8.638362217,0.132993162));
#2328=CARTESIAN_POINT('',(4.958980788,8.638362217,-0.5));
#2329=CARTESIAN_POINT('',(4.572339526,9.162869127,2.502641576));
#2330=CARTESIAN_POINT('',(4.572339526,9.162869127,2.474040451));
#2331=CARTESIAN_POINT('',(4.572339526,9.162869127,2.445439327));
#2332=CARTESIAN_POINT('',(4.572339526,9.162869127,2.416838202));
#2333=CARTESIAN_POINT('',(4.572339526,9.162869127,2.178572477));
#2334=CARTESIAN_POINT('',(4.572339526,9.162869127,1.940306753));
#2335=CARTESIAN_POINT('',(4.572339526,9.162869127,1.702041028));
#2336=CARTESIAN_POINT('',(4.572339526,9.162869127,1.668367523));
#2337=CARTESIAN_POINT('',(4.572339526,9.162869127,1.634694019));
#2338=CARTESIAN_POINT('',(4.572339526,9.162869127,1.601020514));
#2339=CARTESIAN_POINT('',(4.572339526,9.162869127,1.567347009));
#2340=CARTESIAN_POINT('',(4.572339526,9.162869127,1.533673505));
#2341=CARTESIAN_POINT('',(4.572339526,9.162869127,1.5));
#2342=CARTESIAN_POINT('',(4.572339526,9.162869127,1.466326495));
#2343=CARTESIAN_POINT('',(4.572339526,9.162869127,1.432652991));
#2344=CARTESIAN_POINT('',(4.572339526,9.162869127,1.398979486));
#2345=CARTESIAN_POINT('',(4.572339526,9.162869127,0.765986324));
#2346=CARTESIAN_POINT('',(4.572339526,9.162869127,0.132993162));
#2347=CARTESIAN_POINT('',(4.572339526,9.162869127,-0.5));
#2348=CARTESIAN_POINT('',(4.185698264,9.687376038,2.502641576));
#2349=CARTESIAN_POINT('',(4.185698264,9.687376038,2.474040451));
#2350=CARTESIAN_POINT('',(4.185698264,9.687376038,2.445439327));
#2351=CARTESIAN_POINT('',(4.185698264,9.687376038,2.416838202));
#2352=CARTESIAN_POINT('',(4.185698264,9.687376038,2.178572477));
#2353=CARTESIAN_POINT('',(4.185698264,9.687376038,1.940306753));
#2354=CARTESIAN_POINT('',(4.185698264,9.687376038,1.702041028));
#2355=CARTESIAN_POINT('',(4.185698264,9.687376038,1.668367523));
#2356=CARTESIAN_POINT('',(4.185698264,9.687376038,1.634694019));
#2357=CARTESIAN_POINT('',(4.185698264,9.687376038,1.601020514));
#2358=CARTESIAN_POINT('',(4.185698264,9.687376038,1.567347009));
#2359=CARTESIAN_POINT('',(4.185698264,9.687376038,1.533673505));
#2360=CARTESIAN_POINT('',(4.185698264,9.687376038,1.5));
#2361=CARTESIAN_POINT('',(4.185698264,9.687376038,1.466326495));
#2362=CARTESIAN_POINT('',(4.185698264,9.687376038,1.432652991));
#2363=CARTESIAN_POINT('',(4.185698264,9.687376038,1.398979486));
#2364=CARTESIAN_POINT('',(4.185698264,9.687376038,0.765986324));
#2365=CARTESIAN_POINT('',(4.185698264,9.687376038,0.132993162));
#2366=CARTESIAN_POINT('',(4.185698264,9.687376038,-0.5));
#2367=CARTESIAN_POINT('',(3.840548349,10.218752045,2.502641576));
#2368=CARTESIAN_POINT('',(3.840548349,10.218752045,2.474040451));
#2369=CARTESIAN_POINT('',(3.840548349,10.218752045,2.445439327));
#2370=CARTESIAN_POINT('',(3.840548349,10.218752045,2.416838202));
#2371=CARTESIAN_POINT('',(3.840548349,10.218752045,2.178572477));
#2372=CARTESIAN_POINT('',(3.840548349,10.218752045,1.940306753));
#2373=CARTESIAN_POINT('',(3.840548349,10.218752045,1.702041028));
#2374=CARTESIAN_POINT('',(3.840548349,10.218752045,1.668367523));
#2375=CARTESIAN_POINT('',(3.840548349,10.218752045,1.634694019));
#2376=CARTESIAN_POINT('',(3.840548349,10.218752045,1.601020514));
#2377=CARTESIAN_POINT('',(3.840548349,10.218752045,1.567347009));
#2378=CARTESIAN_POINT('',(3.840548349,10.218752045,1.533673505));
#2379=CARTESIAN_POINT('',(3.840548349,10.218752045,1.5));
#2380=CARTESIAN_POINT('',(3.840548349,10.218752045,1.466326495));
#2381=CARTESIAN_POINT('',(3.840548349,10.218752045,1.432652991));
#2382=CARTESIAN_POINT('',(3.840548349,10.218752045,1.398979486));
#2383=CARTESIAN_POINT('',(3.840548349,10.218752045,0.765986324));
#2384=CARTESIAN_POINT('',(3.840548349,10.218752045,0.132993162));
#2385=CARTESIAN_POINT('',(3.840548349,10.218752045,-0.5));
#2386=CARTESIAN_POINT('',(3.5338322,10.75,2.502641576));
#2387=CARTESIAN_POINT('',(3.5338322,10.75,2.474040451));
#2388=CARTESIAN_POINT('',(3.5338322,10.75,2.445439327));
#2389=CARTESIAN_POINT('',(3.5338322,10.75,2.416838202));
#2390=CARTESIAN_POINT('',(3.5338322,10.75,2.178572477));
#2391=CARTESIAN_POINT('',(3.5338322,10.75,1.940306753));
#2392=CARTESIAN_POINT('',(3.5338322,10.75,1.702041028));
#2393=CARTESIAN_POINT('',(3.5338322,10.75,1.668367523));
#2394=CARTESIAN_POINT('',(3.5338322,10.75,1.634694019));
#2395=CARTESIAN_POINT('',(3.5338322,10.75,1.601020514));
#2396=CARTESIAN_POINT('',(3.5338322,10.75,1.567347009));
#2397=CARTESIAN_POINT('',(3.5338322,10.75,1.533673505));
#2398=CARTESIAN_POINT('',(3.5338322,10.75,1.5));
#2399=CARTESIAN_POINT('',(3.5338322,10.75,1.466326495));
#2400=CARTESIAN_POINT('',(3.5338322,10.75,1.432652991));
#2401=CARTESIAN_POINT('',(3.5338322,10.75,1.398979486));
#2402=CARTESIAN_POINT('',(3.5338322,10.75,0.765986324));
#2403=CARTESIAN_POINT('',(3.5338322,10.75,0.132993162));
#2404=CARTESIAN_POINT('',(3.5338322,10.75,-0.5));
#2405=CARTESIAN_POINT('',(3.53381331,10.750032717,2.502641576));
#2406=CARTESIAN_POINT('',(3.53381331,10.750032717,2.474040451));
#2407=CARTESIAN_POINT('',(3.53381331,10.750032717,2.445439327));
#2408=CARTESIAN_POINT('',(3.53381331,10.750032717,2.416838202));
#2409=CARTESIAN_POINT('',(3.53381331,10.750032717,2.178572477));
#2410=CARTESIAN_POINT('',(3.53381331,10.750032717,1.940306753));
#2411=CARTESIAN_POINT('',(3.53381331,10.750032717,1.702041028));
#2412=CARTESIAN_POINT('',(3.53381331,10.750032717,1.668367523));
#2413=CARTESIAN_POINT('',(3.53381331,10.750032717,1.634694019));
#2414=CARTESIAN_POINT('',(3.53381331,10.750032717,1.601020514));
#2415=CARTESIAN_POINT('',(3.53381331,10.750032717,1.567347009));
#2416=CARTESIAN_POINT('',(3.53381331,10.750032717,1.533673505));
#2417=CARTESIAN_POINT('',(3.53381331,10.750032717,1.5));
#2418=CARTESIAN_POINT('',(3.53381331,10.750032717,1.466326495));
#2419=CARTESIAN_POINT('',(3.53381331,10.750032717,1.432652991));
#2420=CARTESIAN_POINT('',(3.53381331,10.750032717,1.398979486));
#2421=CARTESIAN_POINT('',(3.53381331,10.750032717,0.765986324));
#2422=CARTESIAN_POINT('',(3.53381331,10.750032717,0.132993162));
#2423=CARTESIAN_POINT('',(3.53381331,10.750032717,-0.5));
#2424=CARTESIAN_POINT('',(3.533794421,10.750065434,2.502641576));
#2425=CARTESIAN_POINT('',(3.533794421,10.750065434,2.474040451));
#2426=CARTESIAN_POINT('',(3.533794421,10.750065434,2.445439327));
#2427=CARTESIAN_POINT('',(3.533794421,10.750065434,2.416838202));
#2428=CARTESIAN_POINT('',(3.533794421,10.750065434,2.178572477));
#2429=CARTESIAN_POINT('',(3.533794421,10.750065434,1.940306753));
#2430=CARTESIAN_POINT('',(3.533794421,10.750065434,1.702041028));
#2431=CARTESIAN_POINT('',(3.533794421,10.750065434,1.668367523));
#2432=CARTESIAN_POINT('',(3.533794421,10.750065434,1.634694019));
#2433=CARTESIAN_POINT('',(3.533794421,10.750065434,1.601020514));
#2434=CARTESIAN_POINT('',(3.533794421,10.750065434,1.567347009));
#2435=CARTESIAN_POINT('',(3.533794421,10.750065434,1.533673505));
#2436=CARTESIAN_POINT('',(3.533794421,10.750065434,1.5));
#2437=CARTESIAN_POINT('',(3.533794421,10.750065434,1.466326495));
#2438=CARTESIAN_POINT('',(3.533794421,10.750065434,1.432652991));
#2439=CARTESIAN_POINT('',(3.533794421,10.750065434,1.398979486));
#2440=CARTESIAN_POINT('',(3.533794421,10.750065434,0.765986324));
#2441=CARTESIAN_POINT('',(3.533794421,10.750065434,0.132993162));
#2442=CARTESIAN_POINT('',(3.533794421,10.750065434,-0.5));
#2443=CARTESIAN_POINT('',(3.533775533,10.75009815,2.502641576));
#2444=CARTESIAN_POINT('',(3.533775533,10.75009815,2.474040451));
#2445=CARTESIAN_POINT('',(3.533775533,10.75009815,2.445439327));
#2446=CARTESIAN_POINT('',(3.533775533,10.75009815,2.416838202));
#2447=CARTESIAN_POINT('',(3.533775533,10.75009815,2.178572477));
#2448=CARTESIAN_POINT('',(3.533775533,10.75009815,1.940306753));
#2449=CARTESIAN_POINT('',(3.533775533,10.75009815,1.702041028));
#2450=CARTESIAN_POINT('',(3.533775533,10.75009815,1.668367523));
#2451=CARTESIAN_POINT('',(3.533775533,10.75009815,1.634694019));
#2452=CARTESIAN_POINT('',(3.533775533,10.75009815,1.601020514));
#2453=CARTESIAN_POINT('',(3.533775533,10.75009815,1.567347009));
#2454=CARTESIAN_POINT('',(3.533775533,10.75009815,1.533673505));
#2455=CARTESIAN_POINT('',(3.533775533,10.75009815,1.5));
#2456=CARTESIAN_POINT('',(3.533775533,10.75009815,1.466326495));
#2457=CARTESIAN_POINT('',(3.533775533,10.75009815,1.432652991));
#2458=CARTESIAN_POINT('',(3.533775533,10.75009815,1.398979486));
#2459=CARTESIAN_POINT('',(3.533775533,10.75009815,0.765986324));
#2460=CARTESIAN_POINT('',(3.533775533,10.75009815,0.132993162));
#2461=CARTESIAN_POINT('',(3.533775533,10.75009815,-0.5));
#2462=CARTESIAN_POINT('',(3.227061744,11.281350195,2.502641576));
#2463=CARTESIAN_POINT('',(3.227061744,11.281350195,2.474040451));
#2464=CARTESIAN_POINT('',(3.227061744,11.281350195,2.445439327));
#2465=CARTESIAN_POINT('',(3.227061744,11.281350195,2.416838202));
#2466=CARTESIAN_POINT('',(3.227061744,11.281350195,2.178572477));
#2467=CARTESIAN_POINT('',(3.227061744,11.281350195,1.940306753));
#2468=CARTESIAN_POINT('',(3.227061744,11.281350195,1.702041028));
#2469=CARTESIAN_POINT('',(3.227061744,11.281350195,1.668367523));
#2470=CARTESIAN_POINT('',(3.227061744,11.281350195,1.634694019));
#2471=CARTESIAN_POINT('',(3.227061744,11.281350195,1.601020514));
#2472=CARTESIAN_POINT('',(3.227061744,11.281350195,1.567347009));
#2473=CARTESIAN_POINT('',(3.227061744,11.281350195,1.533673505));
#2474=CARTESIAN_POINT('',(3.227061744,11.281350195,1.5));
#2475=CARTESIAN_POINT('',(3.227061744,11.281350195,1.466326495));
#2476=CARTESIAN_POINT('',(3.227061744,11.281350195,1.432652991));
#2477=CARTESIAN_POINT('',(3.227061744,11.281350195,1.398979486));
#2478=CARTESIAN_POINT('',(3.227061744,11.281350195,0.765986324));
#2479=CARTESIAN_POINT('',(3.227061744,11.281350195,0.132993162));
#2480=CARTESIAN_POINT('',(3.227061744,11.281350195,-0.5));
#2481=CARTESIAN_POINT('',(2.939454386,11.845950885,2.502641576));
#2482=CARTESIAN_POINT('',(2.939454386,11.845950885,2.474040451));
#2483=CARTESIAN_POINT('',(2.939454386,11.845950885,2.445439327));
#2484=CARTESIAN_POINT('',(2.939454386,11.845950885,2.416838202));
#2485=CARTESIAN_POINT('',(2.939454386,11.845950885,2.178572477));
#2486=CARTESIAN_POINT('',(2.939454386,11.845950885,1.940306753));
#2487=CARTESIAN_POINT('',(2.939454386,11.845950885,1.702041028));
#2488=CARTESIAN_POINT('',(2.939454386,11.845950885,1.668367523));
#2489=CARTESIAN_POINT('',(2.939454386,11.845950885,1.634694019));
#2490=CARTESIAN_POINT('',(2.939454386,11.845950885,1.601020514));
#2491=CARTESIAN_POINT('',(2.939454386,11.845950885,1.567347009));
#2492=CARTESIAN_POINT('',(2.939454386,11.845950885,1.533673505));
#2493=CARTESIAN_POINT('',(2.939454386,11.845950885,1.5));
#2494=CARTESIAN_POINT('',(2.939454386,11.845950885,1.466326495));
#2495=CARTESIAN_POINT('',(2.939454386,11.845950885,1.432652991));
#2496=CARTESIAN_POINT('',(2.939454386,11.845950885,1.398979486));
#2497=CARTESIAN_POINT('',(2.939454386,11.845950885,0.765986324));
#2498=CARTESIAN_POINT('',(2.939454386,11.845950885,0.132993162));
#2499=CARTESIAN_POINT('',(2.939454386,11.845950885,-0.5));
#2500=CARTESIAN_POINT('',(2.678542003,12.443049479,2.502641576));
#2501=CARTESIAN_POINT('',(2.678542003,12.443049479,2.474040451));
#2502=CARTESIAN_POINT('',(2.678542003,12.443049479,2.445439327));
#2503=CARTESIAN_POINT('',(2.678542003,12.443049479,2.416838202));
#2504=CARTESIAN_POINT('',(2.678542003,12.443049479,2.178572477));
#2505=CARTESIAN_POINT('',(2.678542003,12.443049479,1.940306753));
#2506=CARTESIAN_POINT('',(2.678542003,12.443049479,1.702041028));
#2507=CARTESIAN_POINT('',(2.678542003,12.443049479,1.668367523));
#2508=CARTESIAN_POINT('',(2.678542003,12.443049479,1.634694019));
#2509=CARTESIAN_POINT('',(2.678542003,12.443049479,1.601020514));
#2510=CARTESIAN_POINT('',(2.678542003,12.443049479,1.567347009));
#2511=CARTESIAN_POINT('',(2.678542003,12.443049479,1.533673505));
#2512=CARTESIAN_POINT('',(2.678542003,12.443049479,1.5));
#2513=CARTESIAN_POINT('',(2.678542003,12.443049479,1.466326495));
#2514=CARTESIAN_POINT('',(2.678542003,12.443049479,1.432652991));
#2515=CARTESIAN_POINT('',(2.678542003,12.443049479,1.398979486));
#2516=CARTESIAN_POINT('',(2.678542003,12.443049479,0.765986324));
#2517=CARTESIAN_POINT('',(2.678542003,12.443049479,0.132993162));
#2518=CARTESIAN_POINT('',(2.678542003,12.443049479,-0.5));
#2519=CARTESIAN_POINT('',(2.61753365,12.582667236,2.502641576));
#2520=CARTESIAN_POINT('',(2.61753365,12.582667236,2.474040451));
#2521=CARTESIAN_POINT('',(2.61753365,12.582667236,2.445439327));
#2522=CARTESIAN_POINT('',(2.61753365,12.582667236,2.416838202));
#2523=CARTESIAN_POINT('',(2.61753365,12.582667236,2.178572477));
#2524=CARTESIAN_POINT('',(2.61753365,12.582667236,1.940306753));
#2525=CARTESIAN_POINT('',(2.61753365,12.582667236,1.702041028));
#2526=CARTESIAN_POINT('',(2.61753365,12.582667236,1.668367523));
#2527=CARTESIAN_POINT('',(2.61753365,12.582667236,1.634694019));
#2528=CARTESIAN_POINT('',(2.61753365,12.582667236,1.601020514));
#2529=CARTESIAN_POINT('',(2.61753365,12.582667236,1.567347009));
#2530=CARTESIAN_POINT('',(2.61753365,12.582667236,1.533673505));
#2531=CARTESIAN_POINT('',(2.61753365,12.582667236,1.5));
#2532=CARTESIAN_POINT('',(2.61753365,12.582667236,1.466326495));
#2533=CARTESIAN_POINT('',(2.61753365,12.582667236,1.432652991));
#2534=CARTESIAN_POINT('',(2.61753365,12.582667236,1.398979486));
#2535=CARTESIAN_POINT('',(2.61753365,12.582667236,0.765986324));
#2536=CARTESIAN_POINT('',(2.61753365,12.582667236,0.132993162));
#2537=CARTESIAN_POINT('',(2.61753365,12.582667236,-0.5));
#2538=CARTESIAN_POINT('',(2.557986705,12.724063402,2.502641576));
#2539=CARTESIAN_POINT('',(2.557986705,12.724063402,2.474040451));
#2540=CARTESIAN_POINT('',(2.557986705,12.724063402,2.445439327));
#2541=CARTESIAN_POINT('',(2.557986705,12.724063402,2.416838202));
#2542=CARTESIAN_POINT('',(2.557986705,12.724063402,2.178572477));
#2543=CARTESIAN_POINT('',(2.557986705,12.724063402,1.940306753));
#2544=CARTESIAN_POINT('',(2.557986705,12.724063402,1.702041028));
#2545=CARTESIAN_POINT('',(2.557986705,12.724063402,1.668367523));
#2546=CARTESIAN_POINT('',(2.557986705,12.724063402,1.634694019));
#2547=CARTESIAN_POINT('',(2.557986705,12.724063402,1.601020514));
#2548=CARTESIAN_POINT('',(2.557986705,12.724063402,1.567347009));
#2549=CARTESIAN_POINT('',(2.557986705,12.724063402,1.533673505));
#2550=CARTESIAN_POINT('',(2.557986705,12.724063402,1.5));
#2551=CARTESIAN_POINT('',(2.557986705,12.724063402,1.466326495));
#2552=CARTESIAN_POINT('',(2.557986705,12.724063402,1.432652991));
#2553=CARTESIAN_POINT('',(2.557986705,12.724063402,1.398979486));
#2554=CARTESIAN_POINT('',(2.557986705,12.724063402,0.765986324));
#2555=CARTESIAN_POINT('',(2.557986705,12.724063402,0.132993162));
#2556=CARTESIAN_POINT('',(2.557986705,12.724063402,-0.5));
#2557=CARTESIAN_POINT('',(2.500004447,12.86720126,2.502641576));
#2558=CARTESIAN_POINT('',(2.500004447,12.86720126,2.474040451));
#2559=CARTESIAN_POINT('',(2.500004447,12.86720126,2.445439327));
#2560=CARTESIAN_POINT('',(2.500004447,12.86720126,2.416838202));
#2561=CARTESIAN_POINT('',(2.500004447,12.86720126,2.178572477));
#2562=CARTESIAN_POINT('',(2.500004447,12.86720126,1.940306753));
#2563=CARTESIAN_POINT('',(2.500004447,12.86720126,1.702041028));
#2564=CARTESIAN_POINT('',(2.500004447,12.86720126,1.668367523));
#2565=CARTESIAN_POINT('',(2.500004447,12.86720126,1.634694019));
#2566=CARTESIAN_POINT('',(2.500004447,12.86720126,1.601020514));
#2567=CARTESIAN_POINT('',(2.500004447,12.86720126,1.567347009));
#2568=CARTESIAN_POINT('',(2.500004447,12.86720126,1.533673505));
#2569=CARTESIAN_POINT('',(2.500004447,12.86720126,1.5));
#2570=CARTESIAN_POINT('',(2.500004447,12.86720126,1.466326495));
#2571=CARTESIAN_POINT('',(2.500004447,12.86720126,1.432652991));
#2572=CARTESIAN_POINT('',(2.500004447,12.86720126,1.398979486));
#2573=CARTESIAN_POINT('',(2.500004447,12.86720126,0.765986324));
#2574=CARTESIAN_POINT('',(2.500004447,12.86720126,0.132993162));
#2575=CARTESIAN_POINT('',(2.500004447,12.86720126,-0.5));
#2576=B_SPLINE_SURFACE_WITH_KNOTS('',3,3,((#1645,#1646,#1647,#1648,#1649,#1650,#1651,#1652,#1653,#1654,#1655,#1656,#1657,#1658,#1659,#1660,#1661,#1662,#1663),(#1664,#1665,#1666,#1667,#1668,#1669,#1670,#1671,#1672,#1673,#1674,#1675,#1676,#1677,#1678,#1679,#1680,#1681,#1682),(#1683,#1684,#1685,#1686,#1687,#1688,#1689,#1690,#1691,#1692,#1693,#1694,#1695,#1696,#1697,#1698,#1699,#1700,#1701),(#1702,#1703,#1704,#1705,#1706,#1707,#1708,#1709,#1710,#1711,#1712,#1713,#1714,#1715,#1716,#1717,#1718,#1719,#1720),(#1721,#1722,#1723,#1724,#1725,#1726,#1727,#1728,#1729,#1730,#1731,#1732,#1733,#1734,#1735,#1736,#1737,#1738,#1739),(#1740,#1741,#1742,#1743,#1744,#1745,#1746,#1747,#1748,#1749,#1750,#1751,#1752,#1753,#1754,#1755,#1756,#1757,#1758),(#1759,#1760,#1761,#1762,#1763,#1764,#1765,#1766,#1767,#1768,#1769,#1770,#1771,#1772,#1773,#1774,#1775,#1776,#1777),(#1778,#1779,#1780,#1781,#1782,#1783,#1784,#1785,#1786,#1787,#1788,#1789,#1790,#1791,#1792,#1793,#1794,#1795,#1796),(#1797,#1798,#1799,#1800,#1801,#1802,#1803,#1804,#1805,#1806,#1807,#1808,#1809,#1810,#1811,#1812,#1813,#1814,#1815),(#1816,#1817,#1818,#1819,#1820,#1821,#1822,#1823,#1824,#1825,#1826,#1827,#1828,#1829,#1830,#1831,#1832,#1833,#1834),(#1835,#1836,#1837,#1838,#1839,#1840,#1841,#1842,#1843,#1844,#1845,#1846,#1847,#1848,#1849,#1850,#1851,#1852,#1853),(#1854,#1855,#1856,#1857,#1858,#1859,#1860,#1861,#1862,#1863,#1864,#1865,#1866,#1867,#1868,#1869,#1870,#1871,#1872),(#1873,#1874,#1875,#1876,#1877,#1878,#1879,#1880,#1881,#1882,#1883,#1884,#1885,#1886,#1887,#1888,#1889,#1890,#1891),(#1892,#1893,#1894,#1895,#1896,#1897,#1898,#1899,#1900,#1901,#1902,#1903,#1904,#1905,#1906,#1907,#1908,#1909,#1910),(#1911,#1912,#1913,#1914,#1915,#1916,#1917,#1918,#1919,#1920,#1921,#1922,#1923,#1924,#1925,#1926,#1927,#1928,#1929),(#1930,#1931,#1932,#1933,#1934,#1935,#1936,#1937,#1938,#1939,#1940,#1941,#1942,#1943,#1944,#1945,#1946,#1947,#1948),(#1949,#1950,#1951,#1952,#1953,#1954,#1955,#1956,#1957,#1958,#1959,#1960,#1961,#1962,#1963,#1964,#1965,#1966,#1967),(#1968,#1969,#1970,#1971,#1972,#1973,#1974,#1975,#1976,#1977,#1978,#1979,#1980,#1981,#1982,#1983,#1984,#1985,#1986),(#1987,#1988,#1989,#1990,#1991,#1992,#1993,#1994,#1995,#1996,#1997,#1998,#1999,#2000,#2001,#2002,#2003,#2004,#2005),(#2006,#2007,#2008,#2009,#2010,#2011,#2012,#2013,#2014,#2015,#2016,#2017,#2018,#2019,#2020,#2021,#2022,#2023,#2024),(#2025,#2026,#2027,#2028,#2029,#2030,#2031,#2032,#2033,#2034,#2035,#2036,#2037,#2038,#2039,#2040,#2041,#2042,#2043),(#2044,#2045,#2046,#2047,#2048,#2049,#2050,#2051,#2052,#2053,#2054,#2055,#2056,#2057,#2058,#2059,#2060,#2061,#2062),(#2063,#2064,#2065,#2066,#2067,#2068,#2069,#2070,#2071,#2072,#2073,#2074,#2075,#2076,#2077,#2078,#2079,#2080,#2081),(#2082,#2083,#2084,#2085,#2086,#2087,#2088,#2089,#2090,#2091,#2092,#2093,#2094,#2095,#2096,#2097,#2098,#2099,#2100),(#2101,#2102,#2103,#2104,#2105,#2106,#2107,#2108,#2109,#2110,#2111,#2112,#2113,#2114,#2115,#2116,#2117,#2118,#2119),(#2120,#2121,#2122,#2123,#2124,#2125,#2126,#2127,#2128,#2129,#2130,#2131,#2132,#2133,#2134,#2135,#2136,#2137,#2138),
(#2139,#2140,#2141,#2142,#2143,#2144,#2145,#2146,#2147,#2148,#2149,#2150,#2151,#2152,#2153,#2154,#2155,#2156,#2157),(#2158,#2159,#2160,#2161,#2162,#2163,#2164,#2165,#2166,#2167,#2168,#2169,#2170,#2171,#2172,#2173,#2174,#2175,#2176),(#2177,#2178,#2179,#2180,#2181,#2182,#2183,#2184,#2185,#2186,#2187,#2188,#2189,#2190,#2191,#2192,#2193,#2194,#2195),(#2196,#2197,#2198,#2199,#2200,#2201,#2202,#2203,#2204,#2205,#2206,#2207,#2208,#2209,#2210,#2211,#2212,#2213,#2214),(#2215,#2216,#2217,#2218,#2219,#2220,#2221,#2222,#2223,#2224,#2225,#2226,#2227,#2228,#2229,#2230,#2231,#2232,#2233),(#2234,#2235,#2236,#2237,#2238,#2239,#2240,#2241,#2242,#2243,#2244,#2245,#2246,#2247,#2248,#2249,#2250,#2251,#2252),(#2253,#2254,#2255,#2256,#2257,#2258,#2259,#2260,#2261,#2262,#2263,#2264,#2265,#2266,#2267,#2268,#2269,#2270,#2271),(#2272,#2273,#2274,#2275,#2276,#2277,#2278,#2279,#2280,#2281,#2282,#2283,#2284,#2285,#2286,#2287,#2288,#2289,#2290),(#2291,#2292,#2293,#2294,#2295,#2296,#2297,#2298,#2299,#2300,#2301,#2302,#2303,#2304,#2305,#2306,#2307,#2308,#2309),(#2310,#2311,#2312,#2313,#2314,#2315,#2316,#2317,#2318,#2319,#2320,#2321,#2322,#2323,#2324,#2325,#2326,#2327,#2328),(#2329,#2330,#2331,#2332,#2333,#2334,#2335,#2336,#2337,#2338,#2339,#2340,#2341,#2342,#2343,#2344,#2345,#2346,#2347),(#2348,#2349,#2350,#2351,#2352,#2353,#2354,#2355,#2356,#2357,#2358,#2359,#2360,#2361,#2362,#2363,#2364,#2365,#2366),(#2367,#2368,#2369,#2370,#2371,#2372,#2373,#2374,#2375,#2376,#2377,#2378,#2379,#2380,#2381,#2382,#2383,#2384,#2385),(#2386,#2387,#2388,#2389,#2390,#2391,#2392,#2393,#2394,#2395,#2396,#2397,#2398,#2399,#2400,#2401,#2402,#2403,#2404),(#2405,#2406,#2407,#2408,#2409,#2410,#2411,#2412,#2413,#2414,#2415,#2416,#2417,#2418,#2419,#2420,#2421,#2422,#2423),(#2424,#2425,#2426,#2427,#2428,#2429,#2430,#2431,#2432,#2433,#2434,#2435,#2436,#2437,#2438,#2439,#2440,#2441,#2442),(#2443,#2444,#2445,#2446,#2447,#2448,#2449,#2450,#2451,#2452,#2453,#2454,#2455,#2456,#2457,#2458,#2459,#2460,#2461),(#2462,#2463,#2464,#2465,#2466,#2467,#2468,#2469,#2470,#2471,#2472,#2473,#2474,#2475,#2476,#2477,#2478,#2479,#2480),(#2481,#2482,#2483,#2484,#2485,#2486,#2487,#2488,#2489,#2490,#2491,#2492,#2493,#2494,#2495,#2496,#2497,#2498,#2499),(#2500,#2501,#2502,#2503,#2504,#2505,#2506,#2507,#2508,#2509,#2510,#2511,#2512,#2513,#2514,#2515,#2516,#2517,#2518),(#2519,#2520,#2521,#2522,#2523,#2524,#2525,#2526,#2527,#2528,#2529,#2530,#2531,#2532,#2533,#2534,#2535,#2536,#2537),(#2538,#2539,#2540,#2541,#2542,#2543,#2544,#2545,#2546,#2547,#2548,#2549,#2550,#2551,#2552,#2553,#2554,#2555,#2556),(#2557,#2558,#2559,#2560,#2561,#2562,#2563,#2564,#2565,#2566,#2567,#2568,#2569,#2570,#2571,#2572,#2573,#2574,#2575)),.UNSPECIFIED.,.F.,.F.,.U.,(4,3,3,3,3,3,3,3,3,3,3,3,3,3,3,3,4),(4,3,3,3,3,3,4),(2.551693466,2.617999924,2.748899114,2.879798304,3.010697494,3.141596684,3.272495874,3.403395064,3.534294254,3.665193445,3.796092635,3.926991825,4.057891015,4.188790205,4.188798266,4.319697456,4.350305218),(0.008997354,0.009083157,0.009797958,0.009898979,0.01,0.010101021,0.01200001),.UNSPECIFIED.);
#2577=ORIENTED_EDGE('',*,*,#1251,.F.);
#2578=ORIENTED_EDGE('',*,*,#1545,.T.);
#2579=ORIENTED_EDGE('',*,*,#1426,.F.);
#2580=ORIENTED_EDGE('',*,*,#1585,.T.);
#2581=ORIENTED_EDGE('',*,*,#1638,.F.);
#2582=EDGE_LOOP('',(#2577,#2578,#2579,#2580,#2581));
#2583=FACE_BOUND('',#2582,.T.);
#2584=ADVANCED_FACE('',(#2583),#2576,.F.);
#2585=CARTESIAN_POINT('',(15.080277894,-30.374687085,-0.5));
#2586=CARTESIAN_POINT('',(-0.866436968,-14.054780195,-0.5));
#2587=CARTESIAN_POINT('',(34.253522889,-11.639882226,-0.5));
#2588=CARTESIAN_POINT('',(18.306808027,4.680024664,-0.5));
#2589=B_SPLINE_SURFACE_WITH_KNOTS('',1,1,((#2585,#2586),(#2587,#2588)),.UNSPECIFIED.,.F.,.F.,.U.,(2,2),(2,2),(-0.009795212,0.01701162),(-0.005480061,0.017337412),.UNSPECIFIED.);
#2590=CARTESIAN_POINT('',(18.256264131,-2.25,-0.5));
#2591=VERTEX_POINT('',#2590);
#2592=CARTESIAN_POINT('',(18.256264131,-2.25,-0.5));
#2593=CARTESIAN_POINT('',(16.574928477,-2.249999993,-0.5));
#2594=CARTESIAN_POINT('',(14.895876607,-2.500994324,-0.5));
#2595=CARTESIAN_POINT('',(13.28946486,-2.991743462,-0.5));
#2596=CARTESIAN_POINT('',(11.683053113,-3.4824926,-0.5));
#2597=CARTESIAN_POINT('',(10.149441607,-4.21333217,-0.5));
#2598=CARTESIAN_POINT('',(8.756345864,-5.152072699,-0.5));
#2599=CARTESIAN_POINT('',(7.363250121,-6.090813227,-0.5));
#2600=CARTESIAN_POINT('',(6.110313396,-7.237569198,-0.5));
#2601=CARTESIAN_POINT('',(5.052120643,-8.542498119,-0.5));
#2602=CARTESIAN_POINT('',(3.993927891,-9.847427039,-0.5));
#2603=CARTESIAN_POINT('',(3.13088028,-11.309839765,-0.5));
#2604=CARTESIAN_POINT('',(2.5,-12.867199458,-0.5));
#2605=B_SPLINE_CURVE_WITH_KNOTS('',3,(#2592,#2593,#2594,#2595,#2596,#2597,#2598,#2599,#2600,#2601,#2602,#2603,#2604),.UNSPECIFIED.,.F.,.F.,(4,3,3,3,4),(0.066595884,0.071633913,0.076671941,0.08170997,0.086747999),.UNSPECIFIED.);
#2606=EDGE_CURVE('',#2591,#1216,#2605,.T.);
#2607=ORIENTED_EDGE('',*,*,#2606,.T.);
#2608=ORIENTED_EDGE('',*,*,#1284,.T.);
#2609=ORIENTED_EDGE('',*,*,#1476,.T.);
#2610=ORIENTED_EDGE('',*,*,#1566,.F.);
#2611=CARTESIAN_POINT('',(28.256264064,-5.502272915,-0.5));
#2612=CARTESIAN_POINT('',(26.814976381,-4.45389039,-0.5));
#2613=CARTESIAN_POINT('',(25.209023112,-3.634759164,-0.5));
#2614=CARTESIAN_POINT('',(23.51410715,-3.083519676,-0.5));
#2615=CARTESIAN_POINT('',(21.819191189,-2.532280187,-0.5));
#2616=CARTESIAN_POINT('',(20.039397883,-2.250000007,-0.5));
#2617=CARTESIAN_POINT('',(18.256264131,-2.25,-0.5));
#2618=B_SPLINE_CURVE_WITH_KNOTS('',3,(#2611,#2612,#2613,#2614,#2615,#2616,#2617),.UNSPECIFIED.,.F.,.F.,(4,3,4),(0.001458876,0.006801937,0.012144999),.UNSPECIFIED.);
#2619=EDGE_CURVE('',#1557,#2591,#2618,.T.);
#2620=ORIENTED_EDGE('',*,*,#2619,.T.);
#2621=EDGE_LOOP('',(#2607,#2608,#2609,#2610,#2620));
#2622=FACE_BOUND('',#2621,.T.);
#2623=ADVANCED_FACE('',(#2622),#2589,.T.);
#2624=CARTESIAN_POINT('',(18.256264103,-2.25,2.50257424));
#2625=CARTESIAN_POINT('',(18.256264103,-2.25,2.473995561));
#2626=CARTESIAN_POINT('',(18.256264103,-2.25,2.445416881));
#2627=CARTESIAN_POINT('',(18.256264103,-2.25,2.416838202));
#2628=CARTESIAN_POINT('',(18.256264103,-2.25,2.178572477));
#2629=CARTESIAN_POINT('',(18.256264103,-2.25,1.940306753));
#2630=CARTESIAN_POINT('',(18.256264103,-2.25,1.702041028));
#2631=CARTESIAN_POINT('',(18.256264103,-2.25,1.668367523));
#2632=CARTESIAN_POINT('',(18.256264103,-2.25,1.634694019));
#2633=CARTESIAN_POINT('',(18.256264103,-2.25,1.601020514));
#2634=CARTESIAN_POINT('',(18.256264103,-2.25,1.567347009));
#2635=CARTESIAN_POINT('',(18.256264103,-2.25,1.533673505));
#2636=CARTESIAN_POINT('',(18.256264103,-2.25,1.5));
#2637=CARTESIAN_POINT('',(18.256264103,-2.25,1.466326495));
#2638=CARTESIAN_POINT('',(18.256264103,-2.25,1.432652991));
#2639=CARTESIAN_POINT('',(18.256264103,-2.25,1.398979486));
#2640=CARTESIAN_POINT('',(18.256264103,-2.25,0.765986324));
#2641=CARTESIAN_POINT('',(18.256264103,-2.25,0.132993162));
#2642=CARTESIAN_POINT('',(18.256264103,-2.25,-0.5));
#2643=CARTESIAN_POINT('',(18.256301868,-2.25,2.50257424));
#2644=CARTESIAN_POINT('',(18.256301868,-2.25,2.473995561));
#2645=CARTESIAN_POINT('',(18.256301868,-2.25,2.445416881));
#2646=CARTESIAN_POINT('',(18.256301868,-2.25,2.416838202));
#2647=CARTESIAN_POINT('',(18.256301868,-2.25,2.178572477));
#2648=CARTESIAN_POINT('',(18.256301868,-2.25,1.940306753));
#2649=CARTESIAN_POINT('',(18.256301868,-2.25,1.702041028));
#2650=CARTESIAN_POINT('',(18.256301868,-2.25,1.668367523));
#2651=CARTESIAN_POINT('',(18.256301868,-2.25,1.634694019));
#2652=CARTESIAN_POINT('',(18.256301868,-2.25,1.601020514));
#2653=CARTESIAN_POINT('',(18.256301868,-2.25,1.567347009));
#2654=CARTESIAN_POINT('',(18.256301868,-2.25,1.533673505));
#2655=CARTESIAN_POINT('',(18.256301868,-2.25,1.5));
#2656=CARTESIAN_POINT('',(18.256301868,-2.25,1.466326495));
#2657=CARTESIAN_POINT('',(18.256301868,-2.25,1.432652991));
#2658=CARTESIAN_POINT('',(18.256301868,-2.25,1.398979486));
#2659=CARTESIAN_POINT('',(18.256301868,-2.25,0.765986324));
#2660=CARTESIAN_POINT('',(18.256301868,-2.25,0.132993162));
#2661=CARTESIAN_POINT('',(18.256301868,-2.25,-0.5));
#2662=CARTESIAN_POINT('',(18.256339633,-2.25,2.50257424));
#2663=CARTESIAN_POINT('',(18.256339633,-2.25,2.473995561));
#2664=CARTESIAN_POINT('',(18.256339633,-2.25,2.445416881));
#2665=CARTESIAN_POINT('',(18.256339633,-2.25,2.416838202));
#2666=CARTESIAN_POINT('',(18.256339633,-2.25,2.178572477));
#2667=CARTESIAN_POINT('',(18.256339633,-2.25,1.940306753));
#2668=CARTESIAN_POINT('',(18.256339633,-2.25,1.702041028));
#2669=CARTESIAN_POINT('',(18.256339633,-2.25,1.668367523));
#2670=CARTESIAN_POINT('',(18.256339633,-2.25,1.634694019));
#2671=CARTESIAN_POINT('',(18.256339633,-2.25,1.601020514));
#2672=CARTESIAN_POINT('',(18.256339633,-2.25,1.567347009));
#2673=CARTESIAN_POINT('',(18.256339633,-2.25,1.533673505));
#2674=CARTESIAN_POINT('',(18.256339633,-2.25,1.5));
#2675=CARTESIAN_POINT('',(18.256339633,-2.25,1.466326495));
#2676=CARTESIAN_POINT('',(18.256339633,-2.25,1.432652991));
#2677=CARTESIAN_POINT('',(18.256339633,-2.25,1.398979486));
#2678=CARTESIAN_POINT('',(18.256339633,-2.25,0.765986324));
#2679=CARTESIAN_POINT('',(18.256339633,-2.25,0.132993162));
#2680=CARTESIAN_POINT('',(18.256339633,-2.25,-0.5));
#2681=CARTESIAN_POINT('',(18.256377398,-2.25,2.50257424));
#2682=CARTESIAN_POINT('',(18.256377398,-2.25,2.473995561));
#2683=CARTESIAN_POINT('',(18.256377398,-2.25,2.445416881));
#2684=CARTESIAN_POINT('',(18.256377398,-2.25,2.416838202));
#2685=CARTESIAN_POINT('',(18.256377398,-2.25,2.178572477));
#2686=CARTESIAN_POINT('',(18.256377398,-2.25,1.940306753));
#2687=CARTESIAN_POINT('',(18.256377398,-2.25,1.702041028));
#2688=CARTESIAN_POINT('',(18.256377398,-2.25,1.668367523));
#2689=CARTESIAN_POINT('',(18.256377398,-2.25,1.634694019));
#2690=CARTESIAN_POINT('',(18.256377398,-2.25,1.601020514));
#2691=CARTESIAN_POINT('',(18.256377398,-2.25,1.567347009));
#2692=CARTESIAN_POINT('',(18.256377398,-2.25,1.533673505));
#2693=CARTESIAN_POINT('',(18.256377398,-2.25,1.5));
#2694=CARTESIAN_POINT('',(18.256377398,-2.25,1.466326495));
#2695=CARTESIAN_POINT('',(18.256377398,-2.25,1.432652991));
#2696=CARTESIAN_POINT('',(18.256377398,-2.25,1.398979486));
#2697=CARTESIAN_POINT('',(18.256377398,-2.25,0.765986324));
#2698=CARTESIAN_POINT('',(18.256377398,-2.25,0.132993162));
#2699=CARTESIAN_POINT('',(18.256377398,-2.25,-0.5));
#2700=CARTESIAN_POINT('',(18.869812059,-2.25000409,2.50257424));
#2701=CARTESIAN_POINT('',(18.869812059,-2.25000409,2.473995561));
#2702=CARTESIAN_POINT('',(18.869812059,-2.25000409,2.445416881));
#2703=CARTESIAN_POINT('',(18.869812059,-2.25000409,2.416838202));
#2704=CARTESIAN_POINT('',(18.869812059,-2.25000409,2.178572477));
#2705=CARTESIAN_POINT('',(18.869812059,-2.25000409,1.940306753));
#2706=CARTESIAN_POINT('',(18.869812059,-2.25000409,1.702041028));
#2707=CARTESIAN_POINT('',(18.869812059,-2.25000409,1.668367523));
#2708=CARTESIAN_POINT('',(18.869812059,-2.25000409,1.634694019));
#2709=CARTESIAN_POINT('',(18.869812059,-2.25000409,1.601020514));
#2710=CARTESIAN_POINT('',(18.869812059,-2.25000409,1.567347009));
#2711=CARTESIAN_POINT('',(18.869812059,-2.25000409,1.533673505));
#2712=CARTESIAN_POINT('',(18.869812059,-2.25000409,1.5));
#2713=CARTESIAN_POINT('',(18.869812059,-2.25000409,1.466326495));
#2714=CARTESIAN_POINT('',(18.869812059,-2.25000409,1.432652991));
#2715=CARTESIAN_POINT('',(18.869812059,-2.25000409,1.398979486));
#2716=CARTESIAN_POINT('',(18.869812059,-2.25000409,0.765986324));
#2717=CARTESIAN_POINT('',(18.869812059,-2.25000409,0.132993162));
#2718=CARTESIAN_POINT('',(18.869812059,-2.25000409,-0.5));
#2719=CARTESIAN_POINT('',(19.502574278,-2.283229157,2.50257424));
#2720=CARTESIAN_POINT('',(19.502574278,-2.283229157,2.473995561));
#2721=CARTESIAN_POINT('',(19.502574278,-2.283229157,2.445416881));
#2722=CARTESIAN_POINT('',(19.502574278,-2.283229157,2.416838202));
#2723=CARTESIAN_POINT('',(19.502574278,-2.283229157,2.178572477));
#2724=CARTESIAN_POINT('',(19.502574278,-2.283229157,1.940306753));
#2725=CARTESIAN_POINT('',(19.502574278,-2.283229157,1.702041028));
#2726=CARTESIAN_POINT('',(19.502574278,-2.283229157,1.668367523));
#2727=CARTESIAN_POINT('',(19.502574278,-2.283229157,1.634694019));
#2728=CARTESIAN_POINT('',(19.502574278,-2.283229157,1.601020514));
#2729=CARTESIAN_POINT('',(19.502574278,-2.283229157,1.567347009));
#2730=CARTESIAN_POINT('',(19.502574278,-2.283229157,1.533673505));
#2731=CARTESIAN_POINT('',(19.502574278,-2.283229157,1.5));
#2732=CARTESIAN_POINT('',(19.502574278,-2.283229157,1.466326495));
#2733=CARTESIAN_POINT('',(19.502574278,-2.283229157,1.432652991));
#2734=CARTESIAN_POINT('',(19.502574278,-2.283229157,1.398979486));
#2735=CARTESIAN_POINT('',(19.502574278,-2.283229157,0.765986324));
#2736=CARTESIAN_POINT('',(19.502574278,-2.283229157,0.132993162));
#2737=CARTESIAN_POINT('',(19.502574278,-2.283229157,-0.5));
#2738=CARTESIAN_POINT('',(20.150133021,-2.355821702,2.50257424));
#2739=CARTESIAN_POINT('',(20.150133021,-2.355821702,2.473995561));
#2740=CARTESIAN_POINT('',(20.150133021,-2.355821702,2.445416881));
#2741=CARTESIAN_POINT('',(20.150133021,-2.355821702,2.416838202));
#2742=CARTESIAN_POINT('',(20.150133021,-2.355821702,2.178572477));
#2743=CARTESIAN_POINT('',(20.150133021,-2.355821702,1.940306753));
#2744=CARTESIAN_POINT('',(20.150133021,-2.355821702,1.702041028));
#2745=CARTESIAN_POINT('',(20.150133021,-2.355821702,1.668367523));
#2746=CARTESIAN_POINT('',(20.150133021,-2.355821702,1.634694019));
#2747=CARTESIAN_POINT('',(20.150133021,-2.355821702,1.601020514));
#2748=CARTESIAN_POINT('',(20.150133021,-2.355821702,1.567347009));
#2749=CARTESIAN_POINT('',(20.150133021,-2.355821702,1.533673505));
#2750=CARTESIAN_POINT('',(20.150133021,-2.355821702,1.5));
#2751=CARTESIAN_POINT('',(20.150133021,-2.355821702,1.466326495));
#2752=CARTESIAN_POINT('',(20.150133021,-2.355821702,1.432652991));
#2753=CARTESIAN_POINT('',(20.150133021,-2.355821702,1.398979486));
#2754=CARTESIAN_POINT('',(20.150133021,-2.355821702,0.765986324));
#2755=CARTESIAN_POINT('',(20.150133021,-2.355821702,0.132993162));
#2756=CARTESIAN_POINT('',(20.150133021,-2.355821702,-0.5));
#2757=CARTESIAN_POINT('',(20.797691763,-2.428414247,2.50257424));
#2758=CARTESIAN_POINT('',(20.797691763,-2.428414247,2.473995561));
#2759=CARTESIAN_POINT('',(20.797691763,-2.428414247,2.445416881));
#2760=CARTESIAN_POINT('',(20.797691763,-2.428414247,2.416838202));
#2761=CARTESIAN_POINT('',(20.797691763,-2.428414247,2.178572477));
#2762=CARTESIAN_POINT('',(20.797691763,-2.428414247,1.940306753));
#2763=CARTESIAN_POINT('',(20.797691763,-2.428414247,1.702041028));
#2764=CARTESIAN_POINT('',(20.797691763,-2.428414247,1.668367523));
#2765=CARTESIAN_POINT('',(20.797691763,-2.428414247,1.634694019));
#2766=CARTESIAN_POINT('',(20.797691763,-2.428414247,1.601020514));
#2767=CARTESIAN_POINT('',(20.797691763,-2.428414247,1.567347009));
#2768=CARTESIAN_POINT('',(20.797691763,-2.428414247,1.533673505));
#2769=CARTESIAN_POINT('',(20.797691763,-2.428414247,1.5));
#2770=CARTESIAN_POINT('',(20.797691763,-2.428414247,1.466326495));
#2771=CARTESIAN_POINT('',(20.797691763,-2.428414247,1.432652991));
#2772=CARTESIAN_POINT('',(20.797691763,-2.428414247,1.398979486));
#2773=CARTESIAN_POINT('',(20.797691763,-2.428414247,0.765986324));
#2774=CARTESIAN_POINT('',(20.797691763,-2.428414247,0.132993162));
#2775=CARTESIAN_POINT('',(20.797691763,-2.428414247,-0.5));
#2776=CARTESIAN_POINT('',(21.460055112,-2.540418188,2.50257424));
#2777=CARTESIAN_POINT('',(21.460055112,-2.540418188,2.473995561));
#2778=CARTESIAN_POINT('',(21.460055112,-2.540418188,2.445416881));
#2779=CARTESIAN_POINT('',(21.460055112,-2.540418188,2.416838202));
#2780=CARTESIAN_POINT('',(21.460055112,-2.540418188,2.178572477));
#2781=CARTESIAN_POINT('',(21.460055112,-2.540418188,1.940306753));
#2782=CARTESIAN_POINT('',(21.460055112,-2.540418188,1.702041028));
#2783=CARTESIAN_POINT('',(21.460055112,-2.540418188,1.668367523));
#2784=CARTESIAN_POINT('',(21.460055112,-2.540418188,1.634694019));
#2785=CARTESIAN_POINT('',(21.460055112,-2.540418188,1.601020514));
#2786=CARTESIAN_POINT('',(21.460055112,-2.540418188,1.567347009));
#2787=CARTESIAN_POINT('',(21.460055112,-2.540418188,1.533673505));
#2788=CARTESIAN_POINT('',(21.460055112,-2.540418188,1.5));
#2789=CARTESIAN_POINT('',(21.460055112,-2.540418188,1.466326495));
#2790=CARTESIAN_POINT('',(21.460055112,-2.540418188,1.432652991));
#2791=CARTESIAN_POINT('',(21.460055112,-2.540418188,1.398979486));
#2792=CARTESIAN_POINT('',(21.460055112,-2.540418188,0.765986324));
#2793=CARTESIAN_POINT('',(21.460055112,-2.540418188,0.132993162));
#2794=CARTESIAN_POINT('',(21.460055112,-2.540418188,-0.5));
#2795=CARTESIAN_POINT('',(22.130696654,-2.697393797,2.50257424));
#2796=CARTESIAN_POINT('',(22.130696654,-2.697393797,2.473995561));
#2797=CARTESIAN_POINT('',(22.130696654,-2.697393797,2.445416881));
#2798=CARTESIAN_POINT('',(22.130696654,-2.697393797,2.416838202));
#2799=CARTESIAN_POINT('',(22.130696654,-2.697393797,2.178572477));
#2800=CARTESIAN_POINT('',(22.130696654,-2.697393797,1.940306753));
#2801=CARTESIAN_POINT('',(22.130696654,-2.697393797,1.702041028));
#2802=CARTESIAN_POINT('',(22.130696654,-2.697393797,1.668367523));
#2803=CARTESIAN_POINT('',(22.130696654,-2.697393797,1.634694019));
#2804=CARTESIAN_POINT('',(22.130696654,-2.697393797,1.601020514));
#2805=CARTESIAN_POINT('',(22.130696654,-2.697393797,1.567347009));
#2806=CARTESIAN_POINT('',(22.130696654,-2.697393797,1.533673505));
#2807=CARTESIAN_POINT('',(22.130696654,-2.697393797,1.5));
#2808=CARTESIAN_POINT('',(22.130696654,-2.697393797,1.466326495));
#2809=CARTESIAN_POINT('',(22.130696654,-2.697393797,1.432652991));
#2810=CARTESIAN_POINT('',(22.130696654,-2.697393797,1.398979486));
#2811=CARTESIAN_POINT('',(22.130696654,-2.697393797,0.765986324));
#2812=CARTESIAN_POINT('',(22.130696654,-2.697393797,0.132993162));
#2813=CARTESIAN_POINT('',(22.130696654,-2.697393797,-0.5));
#2814=CARTESIAN_POINT('',(22.801338195,-2.854369406,2.50257424));
#2815=CARTESIAN_POINT('',(22.801338195,-2.854369406,2.473995561));
#2816=CARTESIAN_POINT('',(22.801338195,-2.854369406,2.445416881));
#2817=CARTESIAN_POINT('',(22.801338195,-2.854369406,2.416838202));
#2818=CARTESIAN_POINT('',(22.801338195,-2.854369406,2.178572477));
#2819=CARTESIAN_POINT('',(22.801338195,-2.854369406,1.940306753));
#2820=CARTESIAN_POINT('',(22.801338195,-2.854369406,1.702041028));
#2821=CARTESIAN_POINT('',(22.801338195,-2.854369406,1.668367523));
#2822=CARTESIAN_POINT('',(22.801338195,-2.854369406,1.634694019));
#2823=CARTESIAN_POINT('',(22.801338195,-2.854369406,1.601020514));
#2824=CARTESIAN_POINT('',(22.801338195,-2.854369406,1.567347009));
#2825=CARTESIAN_POINT('',(22.801338195,-2.854369406,1.533673505));
#2826=CARTESIAN_POINT('',(22.801338195,-2.854369406,1.5));
#2827=CARTESIAN_POINT('',(22.801338195,-2.854369406,1.466326495));
#2828=CARTESIAN_POINT('',(22.801338195,-2.854369406,1.432652991));
#2829=CARTESIAN_POINT('',(22.801338195,-2.854369406,1.398979486));
#2830=CARTESIAN_POINT('',(22.801338195,-2.854369406,0.765986324));
#2831=CARTESIAN_POINT('',(22.801338195,-2.854369406,0.132993162));
#2832=CARTESIAN_POINT('',(22.801338195,-2.854369406,-0.5));
#2833=CARTESIAN_POINT('',(23.480248884,-3.056368582,2.50257424));
#2834=CARTESIAN_POINT('',(23.480248884,-3.056368582,2.473995561));
#2835=CARTESIAN_POINT('',(23.480248884,-3.056368582,2.445416881));
#2836=CARTESIAN_POINT('',(23.480248884,-3.056368582,2.416838202));
#2837=CARTESIAN_POINT('',(23.480248884,-3.056368582,2.178572477));
#2838=CARTESIAN_POINT('',(23.480248884,-3.056368582,1.940306753));
#2839=CARTESIAN_POINT('',(23.480248884,-3.056368582,1.702041028));
#2840=CARTESIAN_POINT('',(23.480248884,-3.056368582,1.668367523));
#2841=CARTESIAN_POINT('',(23.480248884,-3.056368582,1.634694019));
#2842=CARTESIAN_POINT('',(23.480248884,-3.056368582,1.601020514));
#2843=CARTESIAN_POINT('',(23.480248884,-3.056368582,1.567347009));
#2844=CARTESIAN_POINT('',(23.480248884,-3.056368582,1.533673505));
#2845=CARTESIAN_POINT('',(23.480248884,-3.056368582,1.5));
#2846=CARTESIAN_POINT('',(23.480248884,-3.056368582,1.466326495));
#2847=CARTESIAN_POINT('',(23.480248884,-3.056368582,1.432652991));
#2848=CARTESIAN_POINT('',(23.480248884,-3.056368582,1.398979486));
#2849=CARTESIAN_POINT('',(23.480248884,-3.056368582,0.765986324));
#2850=CARTESIAN_POINT('',(23.480248884,-3.056368582,0.132993162));
#2851=CARTESIAN_POINT('',(23.480248884,-3.056368582,-0.5));
#2852=CARTESIAN_POINT('',(24.158907746,-3.307641405,2.50257424));
#2853=CARTESIAN_POINT('',(24.158907746,-3.307641405,2.473995561));
#2854=CARTESIAN_POINT('',(24.158907746,-3.307641405,2.445416881));
#2855=CARTESIAN_POINT('',(24.158907746,-3.307641405,2.416838202));
#2856=CARTESIAN_POINT('',(24.158907746,-3.307641405,2.178572477));
#2857=CARTESIAN_POINT('',(24.158907746,-3.307641405,1.940306753));
#2858=CARTESIAN_POINT('',(24.158907746,-3.307641405,1.702041028));
#2859=CARTESIAN_POINT('',(24.158907746,-3.307641405,1.668367523));
#2860=CARTESIAN_POINT('',(24.158907746,-3.307641405,1.634694019));
#2861=CARTESIAN_POINT('',(24.158907746,-3.307641405,1.601020514));
#2862=CARTESIAN_POINT('',(24.158907746,-3.307641405,1.567347009));
#2863=CARTESIAN_POINT('',(24.158907746,-3.307641405,1.533673505));
#2864=CARTESIAN_POINT('',(24.158907746,-3.307641405,1.5));
#2865=CARTESIAN_POINT('',(24.158907746,-3.307641405,1.466326495));
#2866=CARTESIAN_POINT('',(24.158907746,-3.307641405,1.432652991));
#2867=CARTESIAN_POINT('',(24.158907746,-3.307641405,1.398979486));
#2868=CARTESIAN_POINT('',(24.158907746,-3.307641405,0.765986324));
#2869=CARTESIAN_POINT('',(24.158907746,-3.307641405,0.132993162));
#2870=CARTESIAN_POINT('',(24.158907746,-3.307641405,-0.5));
#2871=CARTESIAN_POINT('',(24.837566609,-3.558914228,2.50257424));
#2872=CARTESIAN_POINT('',(24.837566609,-3.558914228,2.473995561));
#2873=CARTESIAN_POINT('',(24.837566609,-3.558914228,2.445416881));
#2874=CARTESIAN_POINT('',(24.837566609,-3.558914228,2.416838202));
#2875=CARTESIAN_POINT('',(24.837566609,-3.558914228,2.178572477));
#2876=CARTESIAN_POINT('',(24.837566609,-3.558914228,1.940306753));
#2877=CARTESIAN_POINT('',(24.837566609,-3.558914228,1.702041028));
#2878=CARTESIAN_POINT('',(24.837566609,-3.558914228,1.668367523));
#2879=CARTESIAN_POINT('',(24.837566609,-3.558914228,1.634694019));
#2880=CARTESIAN_POINT('',(24.837566609,-3.558914228,1.601020514));
#2881=CARTESIAN_POINT('',(24.837566609,-3.558914228,1.567347009));
#2882=CARTESIAN_POINT('',(24.837566609,-3.558914228,1.533673505));
#2883=CARTESIAN_POINT('',(24.837566609,-3.558914228,1.5));
#2884=CARTESIAN_POINT('',(24.837566609,-3.558914228,1.466326495));
#2885=CARTESIAN_POINT('',(24.837566609,-3.558914228,1.432652991));
#2886=CARTESIAN_POINT('',(24.837566609,-3.558914228,1.398979486));
#2887=CARTESIAN_POINT('',(24.837566609,-3.558914228,0.765986324));
#2888=CARTESIAN_POINT('',(24.837566609,-3.558914228,0.132993162));
#2889=CARTESIAN_POINT('',(24.837566609,-3.558914228,-0.5));
#2890=CARTESIAN_POINT('',(25.515941946,-3.85951286,2.50257424));
#2891=CARTESIAN_POINT('',(25.515941946,-3.85951286,2.473995561));
#2892=CARTESIAN_POINT('',(25.515941946,-3.85951286,2.445416881));
#2893=CARTESIAN_POINT('',(25.515941946,-3.85951286,2.416838202));
#2894=CARTESIAN_POINT('',(25.515941946,-3.85951286,2.178572477));
#2895=CARTESIAN_POINT('',(25.515941946,-3.85951286,1.940306753));
#2896=CARTESIAN_POINT('',(25.515941946,-3.85951286,1.702041028));
#2897=CARTESIAN_POINT('',(25.515941946,-3.85951286,1.668367523));
#2898=CARTESIAN_POINT('',(25.515941946,-3.85951286,1.634694019));
#2899=CARTESIAN_POINT('',(25.515941946,-3.85951286,1.601020514));
#2900=CARTESIAN_POINT('',(25.515941946,-3.85951286,1.567347009));
#2901=CARTESIAN_POINT('',(25.515941946,-3.85951286,1.533673505));
#2902=CARTESIAN_POINT('',(25.515941946,-3.85951286,1.5));
#2903=CARTESIAN_POINT('',(25.515941946,-3.85951286,1.466326495));
#2904=CARTESIAN_POINT('',(25.515941946,-3.85951286,1.432652991));
#2905=CARTESIAN_POINT('',(25.515941946,-3.85951286,1.398979486));
#2906=CARTESIAN_POINT('',(25.515941946,-3.85951286,0.765986324));
#2907=CARTESIAN_POINT('',(25.515941946,-3.85951286,0.132993162));
#2908=CARTESIAN_POINT('',(25.515941946,-3.85951286,-0.5));
#2909=CARTESIAN_POINT('',(26.18381992,-4.211587246,2.50257424));
#2910=CARTESIAN_POINT('',(26.18381992,-4.211587246,2.473995561));
#2911=CARTESIAN_POINT('',(26.18381992,-4.211587246,2.445416881));
#2912=CARTESIAN_POINT('',(26.18381992,-4.211587246,2.416838202));
#2913=CARTESIAN_POINT('',(26.18381992,-4.211587246,2.178572477));
#2914=CARTESIAN_POINT('',(26.18381992,-4.211587246,1.940306753));
#2915=CARTESIAN_POINT('',(26.18381992,-4.211587246,1.702041028));
#2916=CARTESIAN_POINT('',(26.18381992,-4.211587246,1.668367523));
#2917=CARTESIAN_POINT('',(26.18381992,-4.211587246,1.634694019));
#2918=CARTESIAN_POINT('',(26.18381992,-4.211587246,1.601020514));
#2919=CARTESIAN_POINT('',(26.18381992,-4.211587246,1.567347009));
#2920=CARTESIAN_POINT('',(26.18381992,-4.211587246,1.533673505));
#2921=CARTESIAN_POINT('',(26.18381992,-4.211587246,1.5));
#2922=CARTESIAN_POINT('',(26.18381992,-4.211587246,1.466326495));
#2923=CARTESIAN_POINT('',(26.18381992,-4.211587246,1.432652991));
#2924=CARTESIAN_POINT('',(26.18381992,-4.211587246,1.398979486));
#2925=CARTESIAN_POINT('',(26.18381992,-4.211587246,0.765986324));
#2926=CARTESIAN_POINT('',(26.18381992,-4.211587246,0.132993162));
#2927=CARTESIAN_POINT('',(26.18381992,-4.211587246,-0.5));
#2928=CARTESIAN_POINT('',(26.851697894,-4.563661632,2.50257424));
#2929=CARTESIAN_POINT('',(26.851697894,-4.563661632,2.473995561));
#2930=CARTESIAN_POINT('',(26.851697894,-4.563661632,2.445416881));
#2931=CARTESIAN_POINT('',(26.851697894,-4.563661632,2.416838202));
#2932=CARTESIAN_POINT('',(26.851697894,-4.563661632,2.178572477));
#2933=CARTESIAN_POINT('',(26.851697894,-4.563661632,1.940306753));
#2934=CARTESIAN_POINT('',(26.851697894,-4.563661632,1.702041028));
#2935=CARTESIAN_POINT('',(26.851697894,-4.563661632,1.668367523));
#2936=CARTESIAN_POINT('',(26.851697894,-4.563661632,1.634694019));
#2937=CARTESIAN_POINT('',(26.851697894,-4.563661632,1.601020514));
#2938=CARTESIAN_POINT('',(26.851697894,-4.563661632,1.567347009));
#2939=CARTESIAN_POINT('',(26.851697894,-4.563661632,1.533673505));
#2940=CARTESIAN_POINT('',(26.851697894,-4.563661632,1.5));
#2941=CARTESIAN_POINT('',(26.851697894,-4.563661632,1.466326495));
#2942=CARTESIAN_POINT('',(26.851697894,-4.563661632,1.432652991));
#2943=CARTESIAN_POINT('',(26.851697894,-4.563661632,1.398979486));
#2944=CARTESIAN_POINT('',(26.851697894,-4.563661632,0.765986324));
#2945=CARTESIAN_POINT('',(26.851697894,-4.563661632,0.132993162));
#2946=CARTESIAN_POINT('',(26.851697894,-4.563661632,-0.5));
#2947=CARTESIAN_POINT('',(27.509022716,-4.967252781,2.50257424));
#2948=CARTESIAN_POINT('',(27.509022716,-4.967252781,2.473995561));
#2949=CARTESIAN_POINT('',(27.509022716,-4.967252781,2.445416881));
#2950=CARTESIAN_POINT('',(27.509022716,-4.967252781,2.416838202));
#2951=CARTESIAN_POINT('',(27.509022716,-4.967252781,2.178572477));
#2952=CARTESIAN_POINT('',(27.509022716,-4.967252781,1.940306753));
#2953=CARTESIAN_POINT('',(27.509022716,-4.967252781,1.702041028));
#2954=CARTESIAN_POINT('',(27.509022716,-4.967252781,1.668367523));
#2955=CARTESIAN_POINT('',(27.509022716,-4.967252781,1.634694019));
#2956=CARTESIAN_POINT('',(27.509022716,-4.967252781,1.601020514));
#2957=CARTESIAN_POINT('',(27.509022716,-4.967252781,1.567347009));
#2958=CARTESIAN_POINT('',(27.509022716,-4.967252781,1.533673505));
#2959=CARTESIAN_POINT('',(27.509022716,-4.967252781,1.5));
#2960=CARTESIAN_POINT('',(27.509022716,-4.967252781,1.466326495));
#2961=CARTESIAN_POINT('',(27.509022716,-4.967252781,1.432652991));
#2962=CARTESIAN_POINT('',(27.509022716,-4.967252781,1.398979486));
#2963=CARTESIAN_POINT('',(27.509022716,-4.967252781,0.765986324));
#2964=CARTESIAN_POINT('',(27.509022716,-4.967252781,0.132993162));
#2965=CARTESIAN_POINT('',(27.509022716,-4.967252781,-0.5));
#2966=CARTESIAN_POINT('',(28.144545293,-5.421699513,2.50257424));
#2967=CARTESIAN_POINT('',(28.144545293,-5.421699513,2.473995561));
#2968=CARTESIAN_POINT('',(28.144545293,-5.421699513,2.445416881));
#2969=CARTESIAN_POINT('',(28.144545293,-5.421699513,2.416838202));
#2970=CARTESIAN_POINT('',(28.144545293,-5.421699513,2.178572477));
#2971=CARTESIAN_POINT('',(28.144545293,-5.421699513,1.940306753));
#2972=CARTESIAN_POINT('',(28.144545293,-5.421699513,1.702041028));
#2973=CARTESIAN_POINT('',(28.144545293,-5.421699513,1.668367523));
#2974=CARTESIAN_POINT('',(28.144545293,-5.421699513,1.634694019));
#2975=CARTESIAN_POINT('',(28.144545293,-5.421699513,1.601020514));
#2976=CARTESIAN_POINT('',(28.144545293,-5.421699513,1.567347009));
#2977=CARTESIAN_POINT('',(28.144545293,-5.421699513,1.533673505));
#2978=CARTESIAN_POINT('',(28.144545293,-5.421699513,1.5));
#2979=CARTESIAN_POINT('',(28.144545293,-5.421699513,1.466326495));
#2980=CARTESIAN_POINT('',(28.144545293,-5.421699513,1.432652991));
#2981=CARTESIAN_POINT('',(28.144545293,-5.421699513,1.398979486));
#2982=CARTESIAN_POINT('',(28.144545293,-5.421699513,0.765986324));
#2983=CARTESIAN_POINT('',(28.144545293,-5.421699513,0.132993162));
#2984=CARTESIAN_POINT('',(28.144545293,-5.421699513,-0.5));
#2985=CARTESIAN_POINT('',(28.181860625,-5.4483828,2.50257424));
#2986=CARTESIAN_POINT('',(28.181860625,-5.4483828,2.473995561));
#2987=CARTESIAN_POINT('',(28.181860625,-5.4483828,2.445416881));
#2988=CARTESIAN_POINT('',(28.181860625,-5.4483828,2.416838202));
#2989=CARTESIAN_POINT('',(28.181860625,-5.4483828,2.178572477));
#2990=CARTESIAN_POINT('',(28.181860625,-5.4483828,1.940306753));
#2991=CARTESIAN_POINT('',(28.181860625,-5.4483828,1.702041028));
#2992=CARTESIAN_POINT('',(28.181860625,-5.4483828,1.668367523));
#2993=CARTESIAN_POINT('',(28.181860625,-5.4483828,1.634694019));
#2994=CARTESIAN_POINT('',(28.181860625,-5.4483828,1.601020514));
#2995=CARTESIAN_POINT('',(28.181860625,-5.4483828,1.567347009));
#2996=CARTESIAN_POINT('',(28.181860625,-5.4483828,1.533673505));
#2997=CARTESIAN_POINT('',(28.181860625,-5.4483828,1.5));
#2998=CARTESIAN_POINT('',(28.181860625,-5.4483828,1.466326495));
#2999=CARTESIAN_POINT('',(28.181860625,-5.4483828,1.432652991));
#3000=CARTESIAN_POINT('',(28.181860625,-5.4483828,1.398979486));
#3001=CARTESIAN_POINT('',(28.181860625,-5.4483828,0.765986324));
#3002=CARTESIAN_POINT('',(28.181860625,-5.4483828,0.132993162));
#3003=CARTESIAN_POINT('',(28.181860625,-5.4483828,-0.5));
#3004=CARTESIAN_POINT('',(28.219100535,-5.475241473,2.50257424));
#3005=CARTESIAN_POINT('',(28.219100535,-5.475241473,2.473995561));
#3006=CARTESIAN_POINT('',(28.219100535,-5.475241473,2.445416881));
#3007=CARTESIAN_POINT('',(28.219100535,-5.475241473,2.416838202));
#3008=CARTESIAN_POINT('',(28.219100535,-5.475241473,2.178572477));
#3009=CARTESIAN_POINT('',(28.219100535,-5.475241473,1.940306753));
#3010=CARTESIAN_POINT('',(28.219100535,-5.475241473,1.702041028));
#3011=CARTESIAN_POINT('',(28.219100535,-5.475241473,1.668367523));
#3012=CARTESIAN_POINT('',(28.219100535,-5.475241473,1.634694019));
#3013=CARTESIAN_POINT('',(28.219100535,-5.475241473,1.601020514));
#3014=CARTESIAN_POINT('',(28.219100535,-5.475241473,1.567347009));
#3015=CARTESIAN_POINT('',(28.219100535,-5.475241473,1.533673505));
#3016=CARTESIAN_POINT('',(28.219100535,-5.475241473,1.5));
#3017=CARTESIAN_POINT('',(28.219100535,-5.475241473,1.466326495));
#3018=CARTESIAN_POINT('',(28.219100535,-5.475241473,1.432652991));
#3019=CARTESIAN_POINT('',(28.219100535,-5.475241473,1.398979486));
#3020=CARTESIAN_POINT('',(28.219100535,-5.475241473,0.765986324));
#3021=CARTESIAN_POINT('',(28.219100535,-5.475241473,0.132993162));
#3022=CARTESIAN_POINT('',(28.219100535,-5.475241473,-0.5));
#3023=CARTESIAN_POINT('',(28.256262736,-5.502274741,2.50257424));
#3024=CARTESIAN_POINT('',(28.256262736,-5.502274741,2.473995561));
#3025=CARTESIAN_POINT('',(28.256262736,-5.502274741,2.445416881));
#3026=CARTESIAN_POINT('',(28.256262736,-5.502274741,2.416838202));
#3027=CARTESIAN_POINT('',(28.256262736,-5.502274741,2.178572477));
#3028=CARTESIAN_POINT('',(28.256262736,-5.502274741,1.940306753));
#3029=CARTESIAN_POINT('',(28.256262736,-5.502274741,1.702041028));
#3030=CARTESIAN_POINT('',(28.256262736,-5.502274741,1.668367523));
#3031=CARTESIAN_POINT('',(28.256262736,-5.502274741,1.634694019));
#3032=CARTESIAN_POINT('',(28.256262736,-5.502274741,1.601020514));
#3033=CARTESIAN_POINT('',(28.256262736,-5.502274741,1.567347009));
#3034=CARTESIAN_POINT('',(28.256262736,-5.502274741,1.533673505));
#3035=CARTESIAN_POINT('',(28.256262736,-5.502274741,1.5));
#3036=CARTESIAN_POINT('',(28.256262736,-5.502274741,1.466326495));
#3037=CARTESIAN_POINT('',(28.256262736,-5.502274741,1.432652991));
#3038=CARTESIAN_POINT('',(28.256262736,-5.502274741,1.398979486));
#3039=CARTESIAN_POINT('',(28.256262736,-5.502274741,0.765986324));
#3040=CARTESIAN_POINT('',(28.256262736,-5.502274741,0.132993162));
#3041=CARTESIAN_POINT('',(28.256262736,-5.502274741,-0.5));
#3042=B_SPLINE_SURFACE_WITH_KNOTS('',3,3,((#2624,#2625,#2626,#2627,#2628,#2629,#2630,#2631,#2632,#2633,#2634,#2635,#2636,#2637,#2638,#2639,#2640,#2641,#2642),(#2643,#2644,#2645,#2646,#2647,#2648,#2649,#2650,#2651,#2652,#2653,#2654,#2655,#2656,#2657,#2658,#2659,#2660,#2661),(#2662,#2663,#2664,#2665,#2666,#2667,#2668,#2669,#2670,#2671,#2672,#2673,#2674,#2675,#2676,#2677,#2678,#2679,#2680),(#2681,#2682,#2683,#2684,#2685,#2686,#2687,#2688,#2689,#2690,#2691,#2692,#2693,#2694,#2695,#2696,#2697,#2698,#2699),(#2700,#2701,#2702,#2703,#2704,#2705,#2706,#2707,#2708,#2709,#2710,#2711,#2712,#2713,#2714,#2715,#2716,#2717,#2718),(#2719,#2720,#2721,#2722,#2723,#2724,#2725,#2726,#2727,#2728,#2729,#2730,#2731,#2732,#2733,#2734,#2735,#2736,#2737),(#2738,#2739,#2740,#2741,#2742,#2743,#2744,#2745,#2746,#2747,#2748,#2749,#2750,#2751,#2752,#2753,#2754,#2755,#2756),(#2757,#2758,#2759,#2760,#2761,#2762,#2763,#2764,#2765,#2766,#2767,#2768,#2769,#2770,#2771,#2772,#2773,#2774,#2775),(#2776,#2777,#2778,#2779,#2780,#2781,#2782,#2783,#2784,#2785,#2786,#2787,#2788,#2789,#2790,#2791,#2792,#2793,#2794),(#2795,#2796,#2797,#2798,#2799,#2800,#2801,#2802,#2803,#2804,#2805,#2806,#2807,#2808,#2809,#2810,#2811,#2812,#2813),(#2814,#2815,#2816,#2817,#2818,#2819,#2820,#2821,#2822,#2823,#2824,#2825,#2826,#2827,#2828,#2829,#2830,#2831,#2832),(#2833,#2834,#2835,#2836,#2837,#2838,#2839,#2840,#2841,#2842,#2843,#2844,#2845,#2846,#2847,#2848,#2849,#2850,#2851),(#2852,#2853,#2854,#2855,#2856,#2857,#2858,#2859,#2860,#2861,#2862,#2863,#2864,#2865,#2866,#2867,#2868,#2869,#2870),(#2871,#2872,#2873,#2874,#2875,#2876,#2877,#2878,#2879,#2880,#2881,#2882,#2883,#2884,#2885,#2886,#2887,#2888,#2889),(#2890,#2891,#2892,#2893,#2894,#2895,#2896,#2897,#2898,#2899,#2900,#2901,#2902,#2903,#2904,#2905,#2906,#2907,#2908),(#2909,#2910,#2911,#2912,#2913,#2914,#2915,#2916,#2917,#2918,#2919,#2920,#2921,#2922,#2923,#2924,#2925,#2926,#2927),(#2928,#2929,#2930,#2931,#2932,#2933,#2934,#2935,#2936,#2937,#2938,#2939,#2940,#2941,#2942,#2943,#2944,#2945,#2946),(#2947,#2948,#2949,#2950,#2951,#2952,#2953,#2954,#2955,#2956,#2957,#2958,#2959,#2960,#2961,#2962,#2963,#2964,#2965),(#2966,#2967,#2968,#2969,#2970,#2971,#2972,#2973,#2974,#2975,#2976,#2977,#2978,#2979,#2980,#2981,#2982,#2983,#2984),(#2985,#2986,#2987,#2988,#2989,#2990,#2991,#2992,#2993,#2994,#2995,#2996,#2997,#2998,#2999,#3000,#3001,#3002,#3003),(#3004,#3005,#3006,#3007,#3008,#3009,#3010,#3011,#3012,#3013,#3014,#3015,#3016,#3017,#3018,#3019,#3020,#3021,#3022),(#3023,#3024,#3025,#3026,#3027,#3028,#3029,#3030,#3031,#3032,#3033,#3034,#3035,#3036,#3037,#3038,#3039,#3040,#3041)),.UNSPECIFIED.,.F.,.F.,.U.,(4,3,3,3,3,3,3,4),(4,3,3,3,3,3,4),(0.000000003,0.000008061,0.130907251,0.261806441,0.392705631,0.523604821,0.654504012,0.662189886),(0.008997421,0.009083157,0.009797958,0.009898979,0.01,0.010101021,0.01200001),.UNSPECIFIED.);
#3043=CARTESIAN_POINT('',(18.256264064,-2.25,-0.5));
#3044=CARTESIAN_POINT('',(18.256264064,-2.25,-0.214870502));
#3045=CARTESIAN_POINT('',(18.256264064,-2.25,0.070258995));
#3046=CARTESIAN_POINT('',(18.256264064,-2.25,0.355388493));
#3047=B_SPLINE_CURVE_WITH_KNOTS('',3,(#3043,#3044,#3045,#3046),.UNSPECIFIED.,.F.,.F.,(4,4),(0.008979405,0.009834798),.UNSPECIFIED.);
#3048=EDGE_CURVE('',#2591,#1308,#3047,.T.);
#3049=ORIENTED_EDGE('',*,*,#3048,.F.);
#3050=ORIENTED_EDGE('',*,*,#2619,.F.);
#3051=ORIENTED_EDGE('',*,*,#1561,.T.);
#3052=ORIENTED_EDGE('',*,*,#1362,.F.);
#3053=EDGE_LOOP('',(#3049,#3050,#3051,#3052));
#3054=FACE_BOUND('',#3053,.T.);
#3055=ADVANCED_FACE('',(#3054),#3042,.F.);
#3056=CARTESIAN_POINT('',(2.500001098,-12.867199903,2.111197512));
#3057=CARTESIAN_POINT('',(2.500001098,-12.867199903,1.974812017));
#3058=CARTESIAN_POINT('',(2.500001098,-12.867199903,1.838426523));
#3059=CARTESIAN_POINT('',(2.500001098,-12.867199903,1.702041028));
#3060=CARTESIAN_POINT('',(2.500001098,-12.867199903,1.668367523));
#3061=CARTESIAN_POINT('',(2.500001098,-12.867199903,1.634694019));
#3062=CARTESIAN_POINT('',(2.500001098,-12.867199903,1.601020514));
#3063=CARTESIAN_POINT('',(2.500001098,-12.867199903,1.567347009));
#3064=CARTESIAN_POINT('',(2.500001098,-12.867199903,1.533673505));
#3065=CARTESIAN_POINT('',(2.500001098,-12.867199903,1.5));
#3066=CARTESIAN_POINT('',(2.500001098,-12.867199903,1.466326495));
#3067=CARTESIAN_POINT('',(2.500001098,-12.867199903,1.432652991));
#3068=CARTESIAN_POINT('',(2.500001098,-12.867199903,1.398979486));
#3069=CARTESIAN_POINT('',(2.500001098,-12.867199903,0.765986324));
#3070=CARTESIAN_POINT('',(2.500001098,-12.867199903,0.132993162));
#3071=CARTESIAN_POINT('',(2.500001098,-12.867199903,-0.5));
#3072=CARTESIAN_POINT('',(2.794196739,-12.141015173,2.111197512));
#3073=CARTESIAN_POINT('',(2.794196739,-12.141015173,1.974812017));
#3074=CARTESIAN_POINT('',(2.794196739,-12.141015173,1.838426523));
#3075=CARTESIAN_POINT('',(2.794196739,-12.141015173,1.702041028));
#3076=CARTESIAN_POINT('',(2.794196739,-12.141015173,1.668367523));
#3077=CARTESIAN_POINT('',(2.794196739,-12.141015173,1.634694019));
#3078=CARTESIAN_POINT('',(2.794196739,-12.141015173,1.601020514));
#3079=CARTESIAN_POINT('',(2.794196739,-12.141015173,1.567347009));
#3080=CARTESIAN_POINT('',(2.794196739,-12.141015173,1.533673505));
#3081=CARTESIAN_POINT('',(2.794196739,-12.141015173,1.5));
#3082=CARTESIAN_POINT('',(2.794196739,-12.141015173,1.466326495));
#3083=CARTESIAN_POINT('',(2.794196739,-12.141015173,1.432652991));
#3084=CARTESIAN_POINT('',(2.794196739,-12.141015173,1.398979486));
#3085=CARTESIAN_POINT('',(2.794196739,-12.141015173,0.765986324));
#3086=CARTESIAN_POINT('',(2.794196739,-12.141015173,0.132993162));
#3087=CARTESIAN_POINT('',(2.794196739,-12.141015173,-0.5));
#3088=CARTESIAN_POINT('',(3.140219926,-11.431749458,2.111197512));
#3089=CARTESIAN_POINT('',(3.140219926,-11.431749458,1.974812017));
#3090=CARTESIAN_POINT('',(3.140219926,-11.431749458,1.838426523));
#3091=CARTESIAN_POINT('',(3.140219926,-11.431749458,1.702041028));
#3092=CARTESIAN_POINT('',(3.140219926,-11.431749458,1.668367523));
#3093=CARTESIAN_POINT('',(3.140219926,-11.431749458,1.634694019));
#3094=CARTESIAN_POINT('',(3.140219926,-11.431749458,1.601020514));
#3095=CARTESIAN_POINT('',(3.140219926,-11.431749458,1.567347009));
#3096=CARTESIAN_POINT('',(3.140219926,-11.431749458,1.533673505));
#3097=CARTESIAN_POINT('',(3.140219926,-11.431749458,1.5));
#3098=CARTESIAN_POINT('',(3.140219926,-11.431749458,1.466326495));
#3099=CARTESIAN_POINT('',(3.140219926,-11.431749458,1.432652991));
#3100=CARTESIAN_POINT('',(3.140219926,-11.431749458,1.398979486));
#3101=CARTESIAN_POINT('',(3.140219926,-11.431749458,0.765986324));
#3102=CARTESIAN_POINT('',(3.140219926,-11.431749458,0.132993162));
#3103=CARTESIAN_POINT('',(3.140219926,-11.431749458,-0.5));
#3104=CARTESIAN_POINT('',(3.533869977,-10.749934567,2.111197512));
#3105=CARTESIAN_POINT('',(3.533869977,-10.749934567,1.974812017));
#3106=CARTESIAN_POINT('',(3.533869977,-10.749934567,1.838426523));
#3107=CARTESIAN_POINT('',(3.533869977,-10.749934567,1.702041028));
#3108=CARTESIAN_POINT('',(3.533869977,-10.749934567,1.668367523));
#3109=CARTESIAN_POINT('',(3.533869977,-10.749934567,1.634694019));
#3110=CARTESIAN_POINT('',(3.533869977,-10.749934567,1.601020514));
#3111=CARTESIAN_POINT('',(3.533869977,-10.749934567,1.567347009));
#3112=CARTESIAN_POINT('',(3.533869977,-10.749934567,1.533673505));
#3113=CARTESIAN_POINT('',(3.533869977,-10.749934567,1.5));
#3114=CARTESIAN_POINT('',(3.533869977,-10.749934567,1.466326495));
#3115=CARTESIAN_POINT('',(3.533869977,-10.749934567,1.432652991));
#3116=CARTESIAN_POINT('',(3.533869977,-10.749934567,1.398979486));
#3117=CARTESIAN_POINT('',(3.533869977,-10.749934567,0.765986324));
#3118=CARTESIAN_POINT('',(3.533869977,-10.749934567,0.132993162));
#3119=CARTESIAN_POINT('',(3.533869977,-10.749934567,-0.5));
#3120=CARTESIAN_POINT('',(3.942827992,-10.041605778,2.111197512));
#3121=CARTESIAN_POINT('',(3.942827992,-10.041605778,1.974812017));
#3122=CARTESIAN_POINT('',(3.942827992,-10.041605778,1.838426523));
#3123=CARTESIAN_POINT('',(3.942827992,-10.041605778,1.702041028));
#3124=CARTESIAN_POINT('',(3.942827992,-10.041605778,1.668367523));
#3125=CARTESIAN_POINT('',(3.942827992,-10.041605778,1.634694019));
#3126=CARTESIAN_POINT('',(3.942827992,-10.041605778,1.601020514));
#3127=CARTESIAN_POINT('',(3.942827992,-10.041605778,1.567347009));
#3128=CARTESIAN_POINT('',(3.942827992,-10.041605778,1.533673505));
#3129=CARTESIAN_POINT('',(3.942827992,-10.041605778,1.5));
#3130=CARTESIAN_POINT('',(3.942827992,-10.041605778,1.466326495));
#3131=CARTESIAN_POINT('',(3.942827992,-10.041605778,1.432652991));
#3132=CARTESIAN_POINT('',(3.942827992,-10.041605778,1.398979486));
#3133=CARTESIAN_POINT('',(3.942827992,-10.041605778,0.765986324));
#3134=CARTESIAN_POINT('',(3.942827992,-10.041605778,0.132993162));
#3135=CARTESIAN_POINT('',(3.942827992,-10.041605778,-0.5));
#3136=CARTESIAN_POINT('',(4.403145131,-9.36298036,2.111197512));
#3137=CARTESIAN_POINT('',(4.403145131,-9.36298036,1.974812017));
#3138=CARTESIAN_POINT('',(4.403145131,-9.36298036,1.838426523));
#3139=CARTESIAN_POINT('',(4.403145131,-9.36298036,1.702041028));
#3140=CARTESIAN_POINT('',(4.403145131,-9.36298036,1.668367523));
#3141=CARTESIAN_POINT('',(4.403145131,-9.36298036,1.634694019));
#3142=CARTESIAN_POINT('',(4.403145131,-9.36298036,1.601020514));
#3143=CARTESIAN_POINT('',(4.403145131,-9.36298036,1.567347009));
#3144=CARTESIAN_POINT('',(4.403145131,-9.36298036,1.533673505));
#3145=CARTESIAN_POINT('',(4.403145131,-9.36298036,1.5));
#3146=CARTESIAN_POINT('',(4.403145131,-9.36298036,1.466326495));
#3147=CARTESIAN_POINT('',(4.403145131,-9.36298036,1.432652991));
#3148=CARTESIAN_POINT('',(4.403145131,-9.36298036,1.398979486));
#3149=CARTESIAN_POINT('',(4.403145131,-9.36298036,0.765986324));
#3150=CARTESIAN_POINT('',(4.403145131,-9.36298036,0.132993162));
#3151=CARTESIAN_POINT('',(4.403145131,-9.36298036,-0.5));
#3152=CARTESIAN_POINT('',(4.906949468,-8.724041619,2.111197512));
#3153=CARTESIAN_POINT('',(4.906949468,-8.724041619,1.974812017));
#3154=CARTESIAN_POINT('',(4.906949468,-8.724041619,1.838426523));
#3155=CARTESIAN_POINT('',(4.906949468,-8.724041619,1.702041028));
#3156=CARTESIAN_POINT('',(4.906949468,-8.724041619,1.668367523));
#3157=CARTESIAN_POINT('',(4.906949468,-8.724041619,1.634694019));
#3158=CARTESIAN_POINT('',(4.906949468,-8.724041619,1.601020514));
#3159=CARTESIAN_POINT('',(4.906949468,-8.724041619,1.567347009));
#3160=CARTESIAN_POINT('',(4.906949468,-8.724041619,1.533673505));
#3161=CARTESIAN_POINT('',(4.906949468,-8.724041619,1.5));
#3162=CARTESIAN_POINT('',(4.906949468,-8.724041619,1.466326495));
#3163=CARTESIAN_POINT('',(4.906949468,-8.724041619,1.432652991));
#3164=CARTESIAN_POINT('',(4.906949468,-8.724041619,1.398979486));
#3165=CARTESIAN_POINT('',(4.906949468,-8.724041619,0.765986324));
#3166=CARTESIAN_POINT('',(4.906949468,-8.724041619,0.132993162));
#3167=CARTESIAN_POINT('',(4.906949468,-8.724041619,-0.5));
#3168=CARTESIAN_POINT('',(5.410753806,-8.085102879,2.111197512));
#3169=CARTESIAN_POINT('',(5.410753806,-8.085102879,1.974812017));
#3170=CARTESIAN_POINT('',(5.410753806,-8.085102879,1.838426523));
#3171=CARTESIAN_POINT('',(5.410753806,-8.085102879,1.702041028));
#3172=CARTESIAN_POINT('',(5.410753806,-8.085102879,1.668367523));
#3173=CARTESIAN_POINT('',(5.410753806,-8.085102879,1.634694019));
#3174=CARTESIAN_POINT('',(5.410753806,-8.085102879,1.601020514));
#3175=CARTESIAN_POINT('',(5.410753806,-8.085102879,1.567347009));
#3176=CARTESIAN_POINT('',(5.410753806,-8.085102879,1.533673505));
#3177=CARTESIAN_POINT('',(5.410753806,-8.085102879,1.5));
#3178=CARTESIAN_POINT('',(5.410753806,-8.085102879,1.466326495));
#3179=CARTESIAN_POINT('',(5.410753806,-8.085102879,1.432652991));
#3180=CARTESIAN_POINT('',(5.410753806,-8.085102879,1.398979486));
#3181=CARTESIAN_POINT('',(5.410753806,-8.085102879,0.765986324));
#3182=CARTESIAN_POINT('',(5.410753806,-8.085102879,0.132993162));
#3183=CARTESIAN_POINT('',(5.410753806,-8.085102879,-0.5));
#3184=CARTESIAN_POINT('',(5.957974771,-7.485900813,2.111197512));
#3185=CARTESIAN_POINT('',(5.957974771,-7.485900813,1.974812017));
#3186=CARTESIAN_POINT('',(5.957974771,-7.485900813,1.838426523));
#3187=CARTESIAN_POINT('',(5.957974771,-7.485900813,1.702041028));
#3188=CARTESIAN_POINT('',(5.957974771,-7.485900813,1.668367523));
#3189=CARTESIAN_POINT('',(5.957974771,-7.485900813,1.634694019));
#3190=CARTESIAN_POINT('',(5.957974771,-7.485900813,1.601020514));
#3191=CARTESIAN_POINT('',(5.957974771,-7.485900813,1.567347009));
#3192=CARTESIAN_POINT('',(5.957974771,-7.485900813,1.533673505));
#3193=CARTESIAN_POINT('',(5.957974771,-7.485900813,1.5));
#3194=CARTESIAN_POINT('',(5.957974771,-7.485900813,1.466326495));
#3195=CARTESIAN_POINT('',(5.957974771,-7.485900813,1.432652991));
#3196=CARTESIAN_POINT('',(5.957974771,-7.485900813,1.398979486));
#3197=CARTESIAN_POINT('',(5.957974771,-7.485900813,0.765986324));
#3198=CARTESIAN_POINT('',(5.957974771,-7.485900813,0.132993162));
#3199=CARTESIAN_POINT('',(5.957974771,-7.485900813,-0.5));
#3200=CARTESIAN_POINT('',(6.538450348,-6.933635207,2.111197512));
#3201=CARTESIAN_POINT('',(6.538450348,-6.933635207,1.974812017));
#3202=CARTESIAN_POINT('',(6.538450348,-6.933635207,1.838426523));
#3203=CARTESIAN_POINT('',(6.538450348,-6.933635207,1.702041028));
#3204=CARTESIAN_POINT('',(6.538450348,-6.933635207,1.668367523));
#3205=CARTESIAN_POINT('',(6.538450348,-6.933635207,1.634694019));
#3206=CARTESIAN_POINT('',(6.538450348,-6.933635207,1.601020514));
#3207=CARTESIAN_POINT('',(6.538450348,-6.933635207,1.567347009));
#3208=CARTESIAN_POINT('',(6.538450348,-6.933635207,1.533673505));
#3209=CARTESIAN_POINT('',(6.538450348,-6.933635207,1.5));
#3210=CARTESIAN_POINT('',(6.538450348,-6.933635207,1.466326495));
#3211=CARTESIAN_POINT('',(6.538450348,-6.933635207,1.432652991));
#3212=CARTESIAN_POINT('',(6.538450348,-6.933635207,1.398979486));
#3213=CARTESIAN_POINT('',(6.538450348,-6.933635207,0.765986324));
#3214=CARTESIAN_POINT('',(6.538450348,-6.933635207,0.132993162));
#3215=CARTESIAN_POINT('',(6.538450348,-6.933635207,-0.5));
#3216=CARTESIAN_POINT('',(7.118925924,-6.381369601,2.111197512));
#3217=CARTESIAN_POINT('',(7.118925924,-6.381369601,1.974812017));
#3218=CARTESIAN_POINT('',(7.118925924,-6.381369601,1.838426523));
#3219=CARTESIAN_POINT('',(7.118925924,-6.381369601,1.702041028));
#3220=CARTESIAN_POINT('',(7.118925924,-6.381369601,1.668367523));
#3221=CARTESIAN_POINT('',(7.118925924,-6.381369601,1.634694019));
#3222=CARTESIAN_POINT('',(7.118925924,-6.381369601,1.601020514));
#3223=CARTESIAN_POINT('',(7.118925924,-6.381369601,1.567347009));
#3224=CARTESIAN_POINT('',(7.118925924,-6.381369601,1.533673505));
#3225=CARTESIAN_POINT('',(7.118925924,-6.381369601,1.5));
#3226=CARTESIAN_POINT('',(7.118925924,-6.381369601,1.466326495));
#3227=CARTESIAN_POINT('',(7.118925924,-6.381369601,1.432652991));
#3228=CARTESIAN_POINT('',(7.118925924,-6.381369601,1.398979486));
#3229=CARTESIAN_POINT('',(7.118925924,-6.381369601,0.765986324));
#3230=CARTESIAN_POINT('',(7.118925924,-6.381369601,0.132993162));
#3231=CARTESIAN_POINT('',(7.118925924,-6.381369601,-0.5));
#3232=CARTESIAN_POINT('',(7.732574983,-5.876056054,2.111197512));
#3233=CARTESIAN_POINT('',(7.732574983,-5.876056054,1.974812017));
#3234=CARTESIAN_POINT('',(7.732574983,-5.876056054,1.838426523));
#3235=CARTESIAN_POINT('',(7.732574983,-5.876056054,1.702041028));
#3236=CARTESIAN_POINT('',(7.732574983,-5.876056054,1.668367523));
#3237=CARTESIAN_POINT('',(7.732574983,-5.876056054,1.634694019));
#3238=CARTESIAN_POINT('',(7.732574983,-5.876056054,1.601020514));
#3239=CARTESIAN_POINT('',(7.732574983,-5.876056054,1.567347009));
#3240=CARTESIAN_POINT('',(7.732574983,-5.876056054,1.533673505));
#3241=CARTESIAN_POINT('',(7.732574983,-5.876056054,1.5));
#3242=CARTESIAN_POINT('',(7.732574983,-5.876056054,1.466326495));
#3243=CARTESIAN_POINT('',(7.732574983,-5.876056054,1.432652991));
#3244=CARTESIAN_POINT('',(7.732574983,-5.876056054,1.398979486));
#3245=CARTESIAN_POINT('',(7.732574983,-5.876056054,0.765986324));
#3246=CARTESIAN_POINT('',(7.732574983,-5.876056054,0.132993162));
#3247=CARTESIAN_POINT('',(7.732574983,-5.876056054,-0.5));
#3248=CARTESIAN_POINT('',(8.36810025,-5.421615554,2.111197512));
#3249=CARTESIAN_POINT('',(8.36810025,-5.421615554,1.974812017));
#3250=CARTESIAN_POINT('',(8.36810025,-5.421615554,1.838426523));
#3251=CARTESIAN_POINT('',(8.36810025,-5.421615554,1.702041028));
#3252=CARTESIAN_POINT('',(8.36810025,-5.421615554,1.668367523));
#3253=CARTESIAN_POINT('',(8.36810025,-5.421615554,1.634694019));
#3254=CARTESIAN_POINT('',(8.36810025,-5.421615554,1.601020514));
#3255=CARTESIAN_POINT('',(8.36810025,-5.421615554,1.567347009));
#3256=CARTESIAN_POINT('',(8.36810025,-5.421615554,1.533673505));
#3257=CARTESIAN_POINT('',(8.36810025,-5.421615554,1.5));
#3258=CARTESIAN_POINT('',(8.36810025,-5.421615554,1.466326495));
#3259=CARTESIAN_POINT('',(8.36810025,-5.421615554,1.432652991));
#3260=CARTESIAN_POINT('',(8.36810025,-5.421615554,1.398979486));
#3261=CARTESIAN_POINT('',(8.36810025,-5.421615554,0.765986324));
#3262=CARTESIAN_POINT('',(8.36810025,-5.421615554,0.132993162));
#3263=CARTESIAN_POINT('',(8.36810025,-5.421615554,-0.5));
#3264=CARTESIAN_POINT('',(9.003625517,-4.967175053,2.111197512));
#3265=CARTESIAN_POINT('',(9.003625517,-4.967175053,1.974812017));
#3266=CARTESIAN_POINT('',(9.003625517,-4.967175053,1.838426523));
#3267=CARTESIAN_POINT('',(9.003625517,-4.967175053,1.702041028));
#3268=CARTESIAN_POINT('',(9.003625517,-4.967175053,1.668367523));
#3269=CARTESIAN_POINT('',(9.003625517,-4.967175053,1.634694019));
#3270=CARTESIAN_POINT('',(9.003625517,-4.967175053,1.601020514));
#3271=CARTESIAN_POINT('',(9.003625517,-4.967175053,1.567347009));
#3272=CARTESIAN_POINT('',(9.003625517,-4.967175053,1.533673505));
#3273=CARTESIAN_POINT('',(9.003625517,-4.967175053,1.5));
#3274=CARTESIAN_POINT('',(9.003625517,-4.967175053,1.466326495));
#3275=CARTESIAN_POINT('',(9.003625517,-4.967175053,1.432652991));
#3276=CARTESIAN_POINT('',(9.003625517,-4.967175053,1.398979486));
#3277=CARTESIAN_POINT('',(9.003625517,-4.967175053,0.765986324));
#3278=CARTESIAN_POINT('',(9.003625517,-4.967175053,0.132993162));
#3279=CARTESIAN_POINT('',(9.003625517,-4.967175053,-0.5));
#3280=CARTESIAN_POINT('',(9.66095232,-4.563590272,2.111197512));
#3281=CARTESIAN_POINT('',(9.66095232,-4.563590272,1.974812017));
#3282=CARTESIAN_POINT('',(9.66095232,-4.563590272,1.838426523));
#3283=CARTESIAN_POINT('',(9.66095232,-4.563590272,1.702041028));
#3284=CARTESIAN_POINT('',(9.66095232,-4.563590272,1.668367523));
#3285=CARTESIAN_POINT('',(9.66095232,-4.563590272,1.634694019));
#3286=CARTESIAN_POINT('',(9.66095232,-4.563590272,1.601020514));
#3287=CARTESIAN_POINT('',(9.66095232,-4.563590272,1.567347009));
#3288=CARTESIAN_POINT('',(9.66095232,-4.563590272,1.533673505));
#3289=CARTESIAN_POINT('',(9.66095232,-4.563590272,1.5));
#3290=CARTESIAN_POINT('',(9.66095232,-4.563590272,1.466326495));
#3291=CARTESIAN_POINT('',(9.66095232,-4.563590272,1.432652991));
#3292=CARTESIAN_POINT('',(9.66095232,-4.563590272,1.398979486));
#3293=CARTESIAN_POINT('',(9.66095232,-4.563590272,0.765986324));
#3294=CARTESIAN_POINT('',(9.66095232,-4.563590272,0.132993162));
#3295=CARTESIAN_POINT('',(9.66095232,-4.563590272,-0.5));
#3296=CARTESIAN_POINT('',(10.3288316,-4.2115222,2.111197512));
#3297=CARTESIAN_POINT('',(10.3288316,-4.2115222,1.974812017));
#3298=CARTESIAN_POINT('',(10.3288316,-4.2115222,1.838426523));
#3299=CARTESIAN_POINT('',(10.3288316,-4.2115222,1.702041028));
#3300=CARTESIAN_POINT('',(10.3288316,-4.2115222,1.668367523));
#3301=CARTESIAN_POINT('',(10.3288316,-4.2115222,1.634694019));
#3302=CARTESIAN_POINT('',(10.3288316,-4.2115222,1.601020514));
#3303=CARTESIAN_POINT('',(10.3288316,-4.2115222,1.567347009));
#3304=CARTESIAN_POINT('',(10.3288316,-4.2115222,1.533673505));
#3305=CARTESIAN_POINT('',(10.3288316,-4.2115222,1.5));
#3306=CARTESIAN_POINT('',(10.3288316,-4.2115222,1.466326495));
#3307=CARTESIAN_POINT('',(10.3288316,-4.2115222,1.432652991));
#3308=CARTESIAN_POINT('',(10.3288316,-4.2115222,1.398979486));
#3309=CARTESIAN_POINT('',(10.3288316,-4.2115222,0.765986324));
#3310=CARTESIAN_POINT('',(10.3288316,-4.2115222,0.132993162));
#3311=CARTESIAN_POINT('',(10.3288316,-4.2115222,-0.5));
#3312=CARTESIAN_POINT('',(10.996710881,-3.859454128,2.111197512));
#3313=CARTESIAN_POINT('',(10.996710881,-3.859454128,1.974812017));
#3314=CARTESIAN_POINT('',(10.996710881,-3.859454128,1.838426523));
#3315=CARTESIAN_POINT('',(10.996710881,-3.859454128,1.702041028));
#3316=CARTESIAN_POINT('',(10.996710881,-3.859454128,1.668367523));
#3317=CARTESIAN_POINT('',(10.996710881,-3.859454128,1.634694019));
#3318=CARTESIAN_POINT('',(10.996710881,-3.859454128,1.601020514));
#3319=CARTESIAN_POINT('',(10.996710881,-3.859454128,1.567347009));
#3320=CARTESIAN_POINT('',(10.996710881,-3.859454128,1.533673505));
#3321=CARTESIAN_POINT('',(10.996710881,-3.859454128,1.5));
#3322=CARTESIAN_POINT('',(10.996710881,-3.859454128,1.466326495));
#3323=CARTESIAN_POINT('',(10.996710881,-3.859454128,1.432652991));
#3324=CARTESIAN_POINT('',(10.996710881,-3.859454128,1.398979486));
#3325=CARTESIAN_POINT('',(10.996710881,-3.859454128,0.765986324));
#3326=CARTESIAN_POINT('',(10.996710881,-3.859454128,0.132993162));
#3327=CARTESIAN_POINT('',(10.996710881,-3.859454128,-0.5));
#3328=CARTESIAN_POINT('',(11.675086853,-3.558861755,2.111197512));
#3329=CARTESIAN_POINT('',(11.675086853,-3.558861755,1.974812017));
#3330=CARTESIAN_POINT('',(11.675086853,-3.558861755,1.838426523));
#3331=CARTESIAN_POINT('',(11.675086853,-3.558861755,1.702041028));
#3332=CARTESIAN_POINT('',(11.675086853,-3.558861755,1.668367523));
#3333=CARTESIAN_POINT('',(11.675086853,-3.558861755,1.634694019));
#3334=CARTESIAN_POINT('',(11.675086853,-3.558861755,1.601020514));
#3335=CARTESIAN_POINT('',(11.675086853,-3.558861755,1.567347009));
#3336=CARTESIAN_POINT('',(11.675086853,-3.558861755,1.533673505));
#3337=CARTESIAN_POINT('',(11.675086853,-3.558861755,1.5));
#3338=CARTESIAN_POINT('',(11.675086853,-3.558861755,1.466326495));
#3339=CARTESIAN_POINT('',(11.675086853,-3.558861755,1.432652991));
#3340=CARTESIAN_POINT('',(11.675086853,-3.558861755,1.398979486));
#3341=CARTESIAN_POINT('',(11.675086853,-3.558861755,0.765986324));
#3342=CARTESIAN_POINT('',(11.675086853,-3.558861755,0.132993162));
#3343=CARTESIAN_POINT('',(11.675086853,-3.558861755,-0.5));
#3344=CARTESIAN_POINT('',(12.353745766,-3.307594982,2.111197512));
#3345=CARTESIAN_POINT('',(12.353745766,-3.307594982,1.974812017));
#3346=CARTESIAN_POINT('',(12.353745766,-3.307594982,1.838426523));
#3347=CARTESIAN_POINT('',(12.353745766,-3.307594982,1.702041028));
#3348=CARTESIAN_POINT('',(12.353745766,-3.307594982,1.668367523));
#3349=CARTESIAN_POINT('',(12.353745766,-3.307594982,1.634694019));
#3350=CARTESIAN_POINT('',(12.353745766,-3.307594982,1.601020514));
#3351=CARTESIAN_POINT('',(12.353745766,-3.307594982,1.567347009));
#3352=CARTESIAN_POINT('',(12.353745766,-3.307594982,1.533673505));
#3353=CARTESIAN_POINT('',(12.353745766,-3.307594982,1.5));
#3354=CARTESIAN_POINT('',(12.353745766,-3.307594982,1.466326495));
#3355=CARTESIAN_POINT('',(12.353745766,-3.307594982,1.432652991));
#3356=CARTESIAN_POINT('',(12.353745766,-3.307594982,1.398979486));
#3357=CARTESIAN_POINT('',(12.353745766,-3.307594982,0.765986324));
#3358=CARTESIAN_POINT('',(12.353745766,-3.307594982,0.132993162));
#3359=CARTESIAN_POINT('',(12.353745766,-3.307594982,-0.5));
#3360=CARTESIAN_POINT('',(13.032404679,-3.05632821,2.111197512));
#3361=CARTESIAN_POINT('',(13.032404679,-3.05632821,1.974812017));
#3362=CARTESIAN_POINT('',(13.032404679,-3.05632821,1.838426523));
#3363=CARTESIAN_POINT('',(13.032404679,-3.05632821,1.702041028));
#3364=CARTESIAN_POINT('',(13.032404679,-3.05632821,1.668367523));
#3365=CARTESIAN_POINT('',(13.032404679,-3.05632821,1.634694019));
#3366=CARTESIAN_POINT('',(13.032404679,-3.05632821,1.601020514));
#3367=CARTESIAN_POINT('',(13.032404679,-3.05632821,1.567347009));
#3368=CARTESIAN_POINT('',(13.032404679,-3.05632821,1.533673505));
#3369=CARTESIAN_POINT('',(13.032404679,-3.05632821,1.5));
#3370=CARTESIAN_POINT('',(13.032404679,-3.05632821,1.466326495));
#3371=CARTESIAN_POINT('',(13.032404679,-3.05632821,1.432652991));
#3372=CARTESIAN_POINT('',(13.032404679,-3.05632821,1.398979486));
#3373=CARTESIAN_POINT('',(13.032404679,-3.05632821,0.765986324));
#3374=CARTESIAN_POINT('',(13.032404679,-3.05632821,0.132993162));
#3375=CARTESIAN_POINT('',(13.032404679,-3.05632821,-0.5));
#3376=CARTESIAN_POINT('',(13.711314834,-2.854334876,2.111197512));
#3377=CARTESIAN_POINT('',(13.711314834,-2.854334876,1.974812017));
#3378=CARTESIAN_POINT('',(13.711314834,-2.854334876,1.838426523));
#3379=CARTESIAN_POINT('',(13.711314834,-2.854334876,1.702041028));
#3380=CARTESIAN_POINT('',(13.711314834,-2.854334876,1.668367523));
#3381=CARTESIAN_POINT('',(13.711314834,-2.854334876,1.634694019));
#3382=CARTESIAN_POINT('',(13.711314834,-2.854334876,1.601020514));
#3383=CARTESIAN_POINT('',(13.711314834,-2.854334876,1.567347009));
#3384=CARTESIAN_POINT('',(13.711314834,-2.854334876,1.533673505));
#3385=CARTESIAN_POINT('',(13.711314834,-2.854334876,1.5));
#3386=CARTESIAN_POINT('',(13.711314834,-2.854334876,1.466326495));
#3387=CARTESIAN_POINT('',(13.711314834,-2.854334876,1.432652991));
#3388=CARTESIAN_POINT('',(13.711314834,-2.854334876,1.398979486));
#3389=CARTESIAN_POINT('',(13.711314834,-2.854334876,0.765986324));
#3390=CARTESIAN_POINT('',(13.711314834,-2.854334876,0.132993162));
#3391=CARTESIAN_POINT('',(13.711314834,-2.854334876,-0.5));
#3392=CARTESIAN_POINT('',(14.381955377,-2.697364796,2.111197512));
#3393=CARTESIAN_POINT('',(14.381955377,-2.697364796,1.974812017));
#3394=CARTESIAN_POINT('',(14.381955377,-2.697364796,1.838426523));
#3395=CARTESIAN_POINT('',(14.381955377,-2.697364796,1.702041028));
#3396=CARTESIAN_POINT('',(14.381955377,-2.697364796,1.668367523));
#3397=CARTESIAN_POINT('',(14.381955377,-2.697364796,1.634694019));
#3398=CARTESIAN_POINT('',(14.381955377,-2.697364796,1.601020514));
#3399=CARTESIAN_POINT('',(14.381955377,-2.697364796,1.567347009));
#3400=CARTESIAN_POINT('',(14.381955377,-2.697364796,1.533673505));
#3401=CARTESIAN_POINT('',(14.381955377,-2.697364796,1.5));
#3402=CARTESIAN_POINT('',(14.381955377,-2.697364796,1.466326495));
#3403=CARTESIAN_POINT('',(14.381955377,-2.697364796,1.432652991));
#3404=CARTESIAN_POINT('',(14.381955377,-2.697364796,1.398979486));
#3405=CARTESIAN_POINT('',(14.381955377,-2.697364796,0.765986324));
#3406=CARTESIAN_POINT('',(14.381955377,-2.697364796,0.132993162));
#3407=CARTESIAN_POINT('',(14.381955377,-2.697364796,-0.5));
#3408=CARTESIAN_POINT('',(15.05259592,-2.540394715,2.111197512));
#3409=CARTESIAN_POINT('',(15.05259592,-2.540394715,1.974812017));
#3410=CARTESIAN_POINT('',(15.05259592,-2.540394715,1.838426523));
#3411=CARTESIAN_POINT('',(15.05259592,-2.540394715,1.702041028));
#3412=CARTESIAN_POINT('',(15.05259592,-2.540394715,1.668367523));
#3413=CARTESIAN_POINT('',(15.05259592,-2.540394715,1.634694019));
#3414=CARTESIAN_POINT('',(15.05259592,-2.540394715,1.601020514));
#3415=CARTESIAN_POINT('',(15.05259592,-2.540394715,1.567347009));
#3416=CARTESIAN_POINT('',(15.05259592,-2.540394715,1.533673505));
#3417=CARTESIAN_POINT('',(15.05259592,-2.540394715,1.5));
#3418=CARTESIAN_POINT('',(15.05259592,-2.540394715,1.466326495));
#3419=CARTESIAN_POINT('',(15.05259592,-2.540394715,1.432652991));
#3420=CARTESIAN_POINT('',(15.05259592,-2.540394715,1.398979486));
#3421=CARTESIAN_POINT('',(15.05259592,-2.540394715,0.765986324));
#3422=CARTESIAN_POINT('',(15.05259592,-2.540394715,0.132993162));
#3423=CARTESIAN_POINT('',(15.05259592,-2.540394715,-0.5));
#3424=CARTESIAN_POINT('',(15.714957806,-2.42839599,2.111197512));
#3425=CARTESIAN_POINT('',(15.714957806,-2.42839599,1.974812017));
#3426=CARTESIAN_POINT('',(15.714957806,-2.42839599,1.838426523));
#3427=CARTESIAN_POINT('',(15.714957806,-2.42839599,1.702041028));
#3428=CARTESIAN_POINT('',(15.714957806,-2.42839599,1.668367523));
#3429=CARTESIAN_POINT('',(15.714957806,-2.42839599,1.634694019));
#3430=CARTESIAN_POINT('',(15.714957806,-2.42839599,1.601020514));
#3431=CARTESIAN_POINT('',(15.714957806,-2.42839599,1.567347009));
#3432=CARTESIAN_POINT('',(15.714957806,-2.42839599,1.533673505));
#3433=CARTESIAN_POINT('',(15.714957806,-2.42839599,1.5));
#3434=CARTESIAN_POINT('',(15.714957806,-2.42839599,1.466326495));
#3435=CARTESIAN_POINT('',(15.714957806,-2.42839599,1.432652991));
#3436=CARTESIAN_POINT('',(15.714957806,-2.42839599,1.398979486));
#3437=CARTESIAN_POINT('',(15.714957806,-2.42839599,0.765986324));
#3438=CARTESIAN_POINT('',(15.714957806,-2.42839599,0.132993162));
#3439=CARTESIAN_POINT('',(15.714957806,-2.42839599,-0.5));
#3440=CARTESIAN_POINT('',(16.362514745,-2.35580829,2.111197512));
#3441=CARTESIAN_POINT('',(16.362514745,-2.35580829,1.974812017));
#3442=CARTESIAN_POINT('',(16.362514745,-2.35580829,1.838426523));
#3443=CARTESIAN_POINT('',(16.362514745,-2.35580829,1.702041028));
#3444=CARTESIAN_POINT('',(16.362514745,-2.35580829,1.668367523));
#3445=CARTESIAN_POINT('',(16.362514745,-2.35580829,1.634694019));
#3446=CARTESIAN_POINT('',(16.362514745,-2.35580829,1.601020514));
#3447=CARTESIAN_POINT('',(16.362514745,-2.35580829,1.567347009));
#3448=CARTESIAN_POINT('',(16.362514745,-2.35580829,1.533673505));
#3449=CARTESIAN_POINT('',(16.362514745,-2.35580829,1.5));
#3450=CARTESIAN_POINT('',(16.362514745,-2.35580829,1.466326495));
#3451=CARTESIAN_POINT('',(16.362514745,-2.35580829,1.432652991));
#3452=CARTESIAN_POINT('',(16.362514745,-2.35580829,1.398979486));
#3453=CARTESIAN_POINT('',(16.362514745,-2.35580829,0.765986324));
#3454=CARTESIAN_POINT('',(16.362514745,-2.35580829,0.132993162));
#3455=CARTESIAN_POINT('',(16.362514745,-2.35580829,-0.5));
#3456=CARTESIAN_POINT('',(17.010071685,-2.283220591,2.111197512));
#3457=CARTESIAN_POINT('',(17.010071685,-2.283220591,1.974812017));
#3458=CARTESIAN_POINT('',(17.010071685,-2.283220591,1.838426523));
#3459=CARTESIAN_POINT('',(17.010071685,-2.283220591,1.702041028));
#3460=CARTESIAN_POINT('',(17.010071685,-2.283220591,1.668367523));
#3461=CARTESIAN_POINT('',(17.010071685,-2.283220591,1.634694019));
#3462=CARTESIAN_POINT('',(17.010071685,-2.283220591,1.601020514));
#3463=CARTESIAN_POINT('',(17.010071685,-2.283220591,1.567347009));
#3464=CARTESIAN_POINT('',(17.010071685,-2.283220591,1.533673505));
#3465=CARTESIAN_POINT('',(17.010071685,-2.283220591,1.5));
#3466=CARTESIAN_POINT('',(17.010071685,-2.283220591,1.466326495));
#3467=CARTESIAN_POINT('',(17.010071685,-2.283220591,1.432652991));
#3468=CARTESIAN_POINT('',(17.010071685,-2.283220591,1.398979486));
#3469=CARTESIAN_POINT('',(17.010071685,-2.283220591,0.765986324));
#3470=CARTESIAN_POINT('',(17.010071685,-2.283220591,0.132993162));
#3471=CARTESIAN_POINT('',(17.010071685,-2.283220591,-0.5));
#3472=CARTESIAN_POINT('',(17.642831764,-2.25,2.111197512));
#3473=CARTESIAN_POINT('',(17.642831764,-2.25,1.974812017));
#3474=CARTESIAN_POINT('',(17.642831764,-2.25,1.838426523));
#3475=CARTESIAN_POINT('',(17.642831764,-2.25,1.702041028));
#3476=CARTESIAN_POINT('',(17.642831764,-2.25,1.668367523));
#3477=CARTESIAN_POINT('',(17.642831764,-2.25,1.634694019));
#3478=CARTESIAN_POINT('',(17.642831764,-2.25,1.601020514));
#3479=CARTESIAN_POINT('',(17.642831764,-2.25,1.567347009));
#3480=CARTESIAN_POINT('',(17.642831764,-2.25,1.533673505));
#3481=CARTESIAN_POINT('',(17.642831764,-2.25,1.5));
#3482=CARTESIAN_POINT('',(17.642831764,-2.25,1.466326495));
#3483=CARTESIAN_POINT('',(17.642831764,-2.25,1.432652991));
#3484=CARTESIAN_POINT('',(17.642831764,-2.25,1.398979486));
#3485=CARTESIAN_POINT('',(17.642831764,-2.25,0.765986324));
#3486=CARTESIAN_POINT('',(17.642831764,-2.25,0.132993162));
#3487=CARTESIAN_POINT('',(17.642831764,-2.25,-0.5));
#3488=CARTESIAN_POINT('',(18.256264064,-2.25,2.111197512));
#3489=CARTESIAN_POINT('',(18.256264064,-2.25,1.974812017));
#3490=CARTESIAN_POINT('',(18.256264064,-2.25,1.838426523));
#3491=CARTESIAN_POINT('',(18.256264064,-2.25,1.702041028));
#3492=CARTESIAN_POINT('',(18.256264064,-2.25,1.668367523));
#3493=CARTESIAN_POINT('',(18.256264064,-2.25,1.634694019));
#3494=CARTESIAN_POINT('',(18.256264064,-2.25,1.601020514));
#3495=CARTESIAN_POINT('',(18.256264064,-2.25,1.567347009));
#3496=CARTESIAN_POINT('',(18.256264064,-2.25,1.533673505));
#3497=CARTESIAN_POINT('',(18.256264064,-2.25,1.5));
#3498=CARTESIAN_POINT('',(18.256264064,-2.25,1.466326495));
#3499=CARTESIAN_POINT('',(18.256264064,-2.25,1.432652991));
#3500=CARTESIAN_POINT('',(18.256264064,-2.25,1.398979486));
#3501=CARTESIAN_POINT('',(18.256264064,-2.25,0.765986324));
#3502=CARTESIAN_POINT('',(18.256264064,-2.25,0.132993162));
#3503=CARTESIAN_POINT('',(18.256264064,-2.25,-0.5));
#3504=B_SPLINE_SURFACE_WITH_KNOTS('',3,3,((#3056,#3057,#3058,#3059,#3060,#3061,#3062,#3063,#3064,#3065,#3066,#3067,#3068,#3069,#3070,#3071),(#3072,#3073,#3074,#3075,#3076,#3077,#3078,#3079,#3080,#3081,#3082,#3083,#3084,#3085,#3086,#3087),(#3088,#3089,#3090,#3091,#3092,#3093,#3094,#3095,#3096,#3097,#3098,#3099,#3100,#3101,#3102,#3103),(#3104,#3105,#3106,#3107,#3108,#3109,#3110,#3111,#3112,#3113,#3114,#3115,#3116,#3117,#3118,#3119),(#3120,#3121,#3122,#3123,#3124,#3125,#3126,#3127,#3128,#3129,#3130,#3131,#3132,#3133,#3134,#3135),(#3136,#3137,#3138,#3139,#3140,#3141,#3142,#3143,#3144,#3145,#3146,#3147,#3148,#3149,#3150,#3151),(#3152,#3153,#3154,#3155,#3156,#3157,#3158,#3159,#3160,#3161,#3162,#3163,#3164,#3165,#3166,#3167),(#3168,#3169,#3170,#3171,#3172,#3173,#3174,#3175,#3176,#3177,#3178,#3179,#3180,#3181,#3182,#3183),(#3184,#3185,#3186,#3187,#3188,#3189,#3190,#3191,#3192,#3193,#3194,#3195,#3196,#3197,#3198,#3199),(#3200,#3201,#3202,#3203,#3204,#3205,#3206,#3207,#3208,#3209,#3210,#3211,#3212,#3213,#3214,#3215),(#3216,#3217,#3218,#3219,#3220,#3221,#3222,#3223,#3224,#3225,#3226,#3227,#3228,#3229,#3230,#3231),(#3232,#3233,#3234,#3235,#3236,#3237,#3238,#3239,#3240,#3241,#3242,#3243,#3244,#3245,#3246,#3247),(#3248,#3249,#3250,#3251,#3252,#3253,#3254,#3255,#3256,#3257,#3258,#3259,#3260,#3261,#3262,#3263),(#3264,#3265,#3266,#3267,#3268,#3269,#3270,#3271,#3272,#3273,#3274,#3275,#3276,#3277,#3278,#3279),(#3280,#3281,#3282,#3283,#3284,#3285,#3286,#3287,#3288,#3289,#3290,#3291,#3292,#3293,#3294,#3295),(#3296,#3297,#3298,#3299,#3300,#3301,#3302,#3303,#3304,#3305,#3306,#3307,#3308,#3309,#3310,#3311),(#3312,#3313,#3314,#3315,#3316,#3317,#3318,#3319,#3320,#3321,#3322,#3323,#3324,#3325,#3326,#3327),(#3328,#3329,#3330,#3331,#3332,#3333,#3334,#3335,#3336,#3337,#3338,#3339,#3340,#3341,#3342,#3343),(#3344,#3345,#3346,#3347,#3348,#3349,#3350,#3351,#3352,#3353,#3354,#3355,#3356,#3357,#3358,#3359),(#3360,#3361,#3362,#3363,#3364,#3365,#3366,#3367,#3368,#3369,#3370,#3371,#3372,#3373,#3374,#3375),(#3376,#3377,#3378,#3379,#3380,#3381,#3382,#3383,#3384,#3385,#3386,#3387,#3388,#3389,#3390,#3391),(#3392,#3393,#3394,#3395,#3396,#3397,#3398,#3399,#3400,#3401,#3402,#3403,#3404,#3405,#3406,#3407),(#3408,#3409,#3410,#3411,#3412,#3413,#3414,#3415,#3416,#3417,#3418,#3419,#3420,#3421,#3422,#3423),(#3424,#3425,#3426,#3427,#3428,#3429,#3430,#3431,#3432,#3433,#3434,#3435,#3436,#3437,#3438,#3439),(#3440,#3441,#3442,#3443,#3444,#3445,#3446,#3447,#3448,#3449,#3450,#3451,#3452,#3453,#3454,#3455),(#3456,#3457,#3458,#3459,#3460,#3461,#3462,#3463,#3464,#3465,#3466,#3467,#3468,#3469,#3470,#3471),
(#3472,#3473,#3474,#3475,#3476,#3477,#3478,#3479,#3480,#3481,#3482,#3483,#3484,#3485,#3486,#3487),(#3488,#3489,#3490,#3491,#3492,#3493,#3494,#3495,#3496,#3497,#3498,#3499,#3500,#3501,#3502,#3503)),.UNSPECIFIED.,.F.,.F.,.U.,(4,3,3,3,3,3,3,3,3,4),(4,3,3,3,3,4),(5.109992366,5.235991787,5.366890977,5.497790167,5.628689357,5.759588547,5.890487737,6.021386927,6.152286117,6.283185307),(0.0093888,0.009797958,0.009898979,0.01,0.010101021,0.01200001),.UNSPECIFIED.);
#3505=ORIENTED_EDGE('',*,*,#3048,.T.);
#3506=ORIENTED_EDGE('',*,*,#1332,.F.);
#3507=ORIENTED_EDGE('',*,*,#1460,.T.);
#3508=ORIENTED_EDGE('',*,*,#1222,.F.);
#3509=ORIENTED_EDGE('',*,*,#2606,.F.);
#3510=EDGE_LOOP('',(#3505,#3506,#3507,#3508,#3509));
#3511=FACE_BOUND('',#3510,.T.);
#3512=ADVANCED_FACE('',(#3511),#3504,.F.);
#3513=CLOSED_SHELL('',(#1288,#1436,#1465,#1493,#1521,#1550,#1590,#1602,#1644,#2584,#2623,#3055,#3512));
#3514=MANIFOLD_SOLID_BREP('Solid 123',#3513);
#1209=STYLED_ITEM('',(),#3514);
#3516=CARTESIAN_POINT('',(2.5,9.5,0.5));
#3517=CARTESIAN_POINT('',(2.5,17.5,0.5));
#3518=CARTESIAN_POINT('',(-5.5,9.5,0.5));
#3519=CARTESIAN_POINT('',(-5.5,17.5,0.5));
#3520=B_SPLINE_SURFACE_WITH_KNOTS('',1,1,((#3516,#3517),(#3518,#3519)),.UNSPECIFIED.,.F.,.F.,.U.,(2,2),(2,2),(-0.008,0.),(-0.008,0.),.UNSPECIFIED.);
#3521=CARTESIAN_POINT('',(-1.5,11.65,0.5));
#3522=VERTEX_POINT('',#3521);
#3523=CARTESIAN_POINT('',(-0.026022373,14.617984774,0.5));
#3524=VERTEX_POINT('',#3523);
#3525=CARTESIAN_POINT('',(-0.026022373,14.617984774,0.5));
#3526=CARTESIAN_POINT('',(-1.144007146,16.091962401,0.5));
#3527=CARTESIAN_POINT('',(-2.617984774,14.973977627,0.5));
#3528=CARTESIAN_POINT('',(-4.091962401,13.855992854,0.5));
#3529=CARTESIAN_POINT('',(-2.973977627,12.382015226,0.5));
#3530=CARTESIAN_POINT('',(-1.855992854,10.908037599,0.5));
#3531=CARTESIAN_POINT('',(-0.382015226,12.026022373,0.5));
#3532=CARTESIAN_POINT('',(1.091962401,13.144007146,0.5));
#3533=CARTESIAN_POINT('',(-0.026022373,14.617984774,0.5));
#3534=(BOUNDED_CURVE()
B_SPLINE_CURVE(2,(#3525,#3526,#3527,#3528,#3529,#3530,#3531,#3532,#3533),.UNSPECIFIED.,.T.,.F.)
B_SPLINE_CURVE_WITH_KNOTS((3,2,2,2,3),(0.,1.570796327,3.141592654,4.71238898,6.283185307),.UNSPECIFIED.)
CURVE()
GEOMETRIC_REPRESENTATION_ITEM()
RATIONAL_B_SPLINE_CURVE((1.,0.707106781,1.,0.707106781,1.,0.707106781,1.,0.707106781,1.))
REPRESENTATION_ITEM(''));
#3535=EDGE_CURVE('',#3522,#3524,#3534,.T.);
#3536=ORIENTED_EDGE('',*,*,#3535,.F.);
#3537=CARTESIAN_POINT('',(-0.026022373,14.617984774,0.5));
#3538=CARTESIAN_POINT('',(-1.144007146,16.091962401,0.5));
#3539=CARTESIAN_POINT('',(-2.617984774,14.973977627,0.5));
#3540=CARTESIAN_POINT('',(-4.091962401,13.855992854,0.5));
#3541=CARTESIAN_POINT('',(-2.973977627,12.382015226,0.5));
#3542=CARTESIAN_POINT('',(-1.855992854,10.908037599,0.5));
#3543=CARTESIAN_POINT('',(-0.382015226,12.026022373,0.5));
#3544=CARTESIAN_POINT('',(1.091962401,13.144007146,0.5));
#3545=CARTESIAN_POINT('',(-0.026022373,14.617984774,0.5));
#3546=(BOUNDED_CURVE()
B_SPLINE_CURVE(2,(#3537,#3538,#3539,#3540,#3541,#3542,#3543,#3544,#3545),.UNSPECIFIED.,.T.,.F.)
B_SPLINE_CURVE_WITH_KNOTS((3,2,2,2,3),(0.,1.570796327,3.141592654,4.71238898,6.283185307),.UNSPECIFIED.)
CURVE()
GEOMETRIC_REPRESENTATION_ITEM()
RATIONAL_B_SPLINE_CURVE((1.,0.707106781,1.,0.707106781,1.,0.707106781,1.,0.707106781,1.))
REPRESENTATION_ITEM(''));
#3547=EDGE_CURVE('',#3524,#3522,#3546,.T.);
#3548=ORIENTED_EDGE('',*,*,#3547,.F.);
#3549=EDGE_LOOP('',(#3536,#3548));
#3550=FACE_BOUND('',#3549,.T.);
#3551=CARTESIAN_POINT('',(-5.5,9.5,0.5));
#3552=VERTEX_POINT('',#3551);
#3553=CARTESIAN_POINT('',(2.5,9.5,0.5));
#3554=VERTEX_POINT('',#3553);
#3555=CARTESIAN_POINT('',(-5.5,9.5,0.5));
#3556=CARTESIAN_POINT('',(2.5,9.5,0.5));
#3557=B_SPLINE_CURVE_WITH_KNOTS('',1,(#3555,#3556),.UNSPECIFIED.,.F.,.F.,(2,2),(0.,0.008),.UNSPECIFIED.);
#3558=EDGE_CURVE('',#3552,#3554,#3557,.T.);
#3559=ORIENTED_EDGE('',*,*,#3558,.T.);
#3560=CARTESIAN_POINT('',(2.5,17.5,0.5));
#3561=VERTEX_POINT('',#3560);
#3562=CARTESIAN_POINT('',(2.5,17.5,0.5));
#3563=CARTESIAN_POINT('',(2.5,9.5,0.5));
#3564=B_SPLINE_CURVE_WITH_KNOTS('',1,(#3562,#3563),.UNSPECIFIED.,.F.,.F.,(2,2),(0.,0.008),.UNSPECIFIED.);
#3565=EDGE_CURVE('',#3561,#3554,#3564,.T.);
#3566=ORIENTED_EDGE('',*,*,#3565,.F.);
#3567=CARTESIAN_POINT('',(-5.5,17.5,0.5));
#3568=VERTEX_POINT('',#3567);
#3569=CARTESIAN_POINT('',(-5.5,17.5,0.5));
#3570=CARTESIAN_POINT('',(2.5,17.5,0.5));
#3571=B_SPLINE_CURVE_WITH_KNOTS('',1,(#3569,#3570),.UNSPECIFIED.,.F.,.F.,(2,2),(0.,0.008),.UNSPECIFIED.);
#3572=EDGE_CURVE('',#3568,#3561,#3571,.T.);
#3573=ORIENTED_EDGE('',*,*,#3572,.F.);
#3574=CARTESIAN_POINT('',(-5.5,17.5,0.5));
#3575=CARTESIAN_POINT('',(-5.5,9.5,0.5));
#3576=B_SPLINE_CURVE_WITH_KNOTS('',1,(#3574,#3575),.UNSPECIFIED.,.F.,.F.,(2,2),(0.,0.008),.UNSPECIFIED.);
#3577=EDGE_CURVE('',#3568,#3552,#3576,.T.);
#3578=ORIENTED_EDGE('',*,*,#3577,.T.);
#3579=EDGE_LOOP('',(#3559,#3566,#3573,#3578));
#3580=FACE_BOUND('',#3579,.T.);
#3581=ADVANCED_FACE('',(#3550,#3580),#3520,.F.);
#3582=CARTESIAN_POINT('',(2.5,9.5,-2.));
#3583=CARTESIAN_POINT('',(2.5,17.5,-2.));
#3584=CARTESIAN_POINT('',(2.5,9.5,0.5));
#3585=CARTESIAN_POINT('',(2.5,17.5,0.5));
#3586=B_SPLINE_SURFACE_WITH_KNOTS('',1,1,((#3582,#3583),(#3584,#3585)),.UNSPECIFIED.,.F.,.F.,.U.,(2,2),(2,2),(-0.0025,0.),(-0.008,0.),.UNSPECIFIED.);
#3587=CARTESIAN_POINT('',(2.5,9.5,-2.));
#3588=VERTEX_POINT('',#3587);
#3589=CARTESIAN_POINT('',(2.5,9.5,0.5));
#3590=CARTESIAN_POINT('',(2.5,9.5,-2.));
#3591=B_SPLINE_CURVE_WITH_KNOTS('',1,(#3589,#3590),.UNSPECIFIED.,.F.,.F.,(2,2),(0.,0.0025),.UNSPECIFIED.);
#3592=EDGE_CURVE('',#3554,#3588,#3591,.T.);
#3593=ORIENTED_EDGE('',*,*,#3592,.T.);
#3594=CARTESIAN_POINT('',(2.5,17.5,-2.));
#3595=VERTEX_POINT('',#3594);
#3596=CARTESIAN_POINT('',(2.5,17.5,-2.));
#3597=CARTESIAN_POINT('',(2.5,9.5,-2.));
#3598=B_SPLINE_CURVE_WITH_KNOTS('',1,(#3596,#3597),.UNSPECIFIED.,.F.,.F.,(2,2),(0.,0.008),.UNSPECIFIED.);
#3599=EDGE_CURVE('',#3595,#3588,#3598,.T.);
#3600=ORIENTED_EDGE('',*,*,#3599,.F.);
#3601=CARTESIAN_POINT('',(2.5,17.5,0.5));
#3602=CARTESIAN_POINT('',(2.5,17.5,-2.));
#3603=B_SPLINE_CURVE_WITH_KNOTS('',1,(#3601,#3602),.UNSPECIFIED.,.F.,.F.,(2,2),(0.,0.0025),.UNSPECIFIED.);
#3604=EDGE_CURVE('',#3561,#3595,#3603,.T.);
#3605=ORIENTED_EDGE('',*,*,#3604,.F.);
#3606=ORIENTED_EDGE('',*,*,#3565,.T.);
#3607=EDGE_LOOP('',(#3593,#3600,#3605,#3606));
#3608=FACE_BOUND('',#3607,.T.);
#3609=ADVANCED_FACE('',(#3608),#3586,.F.);
#3610=CARTESIAN_POINT('',(-5.5,9.5,-2.));
#3611=CARTESIAN_POINT('',(-5.5,17.5,-2.));
#3612=CARTESIAN_POINT('',(2.5,9.5,-2.));
#3613=CARTESIAN_POINT('',(2.5,17.5,-2.));
#3614=B_SPLINE_SURFACE_WITH_KNOTS('',1,1,((#3610,#3611),(#3612,#3613)),.UNSPECIFIED.,.F.,.F.,.U.,(2,2),(2,2),(-0.008,0.),(-0.008,0.),.UNSPECIFIED.);
#3615=CARTESIAN_POINT('',(0.35,13.5,-2.));
#3616=VERTEX_POINT('',#3615);
#3617=CARTESIAN_POINT('',(-1.5,11.65,-2.));
#3618=VERTEX_POINT('',#3617);
#3619=CARTESIAN_POINT('',(0.35,13.5,-2.));
#3620=CARTESIAN_POINT('',(0.35,15.35,-2.));
#3621=CARTESIAN_POINT('',(-1.5,15.35,-2.));
#3622=CARTESIAN_POINT('',(-3.35,15.35,-2.));
#3623=CARTESIAN_POINT('',(-3.35,13.5,-2.));
#3624=CARTESIAN_POINT('',(-3.35,11.65,-2.));
#3625=CARTESIAN_POINT('',(-1.5,11.65,-2.));
#3626=CARTESIAN_POINT('',(0.35,11.65,-2.));
#3627=CARTESIAN_POINT('',(0.35,13.5,-2.));
#3628=(BOUNDED_CURVE()
B_SPLINE_CURVE(2,(#3619,#3620,#3621,#3622,#3623,#3624,#3625,#3626,#3627),.UNSPECIFIED.,.T.,.F.)
B_SPLINE_CURVE_WITH_KNOTS((3,2,2,2,3),(0.,1.570796327,3.141592654,4.71238898,6.283185307),.UNSPECIFIED.)
CURVE()
GEOMETRIC_REPRESENTATION_ITEM()
RATIONAL_B_SPLINE_CURVE((1.,0.707106781,1.,0.707106781,1.,0.707106781,1.,0.707106781,1.))
REPRESENTATION_ITEM(''));
#3629=EDGE_CURVE('',#3616,#3618,#3628,.T.);
#3630=ORIENTED_EDGE('',*,*,#3629,.T.);
#3631=CARTESIAN_POINT('',(0.35,13.5,-2.));
#3632=CARTESIAN_POINT('',(0.35,15.35,-2.));
#3633=CARTESIAN_POINT('',(-1.5,15.35,-2.));
#3634=CARTESIAN_POINT('',(-3.35,15.35,-2.));
#3635=CARTESIAN_POINT('',(-3.35,13.5,-2.));
#3636=CARTESIAN_POINT('',(-3.35,11.65,-2.));
#3637=CARTESIAN_POINT('',(-1.5,11.65,-2.));
#3638=CARTESIAN_POINT('',(0.35,11.65,-2.));
#3639=CARTESIAN_POINT('',(0.35,13.5,-2.));
#3640=(BOUNDED_CURVE()
B_SPLINE_CURVE(2,(#3631,#3632,#3633,#3634,#3635,#3636,#3637,#3638,#3639),.UNSPECIFIED.,.T.,.F.)
B_SPLINE_CURVE_WITH_KNOTS((3,2,2,2,3),(0.,1.570796327,3.141592654,4.71238898,6.283185307),.UNSPECIFIED.)
CURVE()
GEOMETRIC_REPRESENTATION_ITEM()
RATIONAL_B_SPLINE_CURVE((1.,0.707106781,1.,0.707106781,1.,0.707106781,1.,0.707106781,1.))
REPRESENTATION_ITEM(''));
#3641=EDGE_CURVE('',#3618,#3616,#3640,.T.);
#3642=ORIENTED_EDGE('',*,*,#3641,.T.);
#3643=EDGE_LOOP('',(#3630,#3642));
#3644=FACE_BOUND('',#3643,.T.);
#3645=CARTESIAN_POINT('',(-5.5,9.5,-2.));
#3646=VERTEX_POINT('',#3645);
#3647=CARTESIAN_POINT('',(2.5,9.5,-2.));
#3648=CARTESIAN_POINT('',(-5.5,9.5,-2.));
#3649=B_SPLINE_CURVE_WITH_KNOTS('',1,(#3647,#3648),.UNSPECIFIED.,.F.,.F.,(2,2),(0.,0.008),.UNSPECIFIED.);
#3650=EDGE_CURVE('',#3588,#3646,#3649,.T.);
#3651=ORIENTED_EDGE('',*,*,#3650,.T.);
#3652=CARTESIAN_POINT('',(-5.5,17.5,-2.));
#3653=VERTEX_POINT('',#3652);
#3654=CARTESIAN_POINT('',(-5.5,17.5,-2.));
#3655=CARTESIAN_POINT('',(-5.5,9.5,-2.));
#3656=B_SPLINE_CURVE_WITH_KNOTS('',1,(#3654,#3655),.UNSPECIFIED.,.F.,.F.,(2,2),(0.,0.008),.UNSPECIFIED.);
#3657=EDGE_CURVE('',#3653,#3646,#3656,.T.);
#3658=ORIENTED_EDGE('',*,*,#3657,.F.);
#3659=CARTESIAN_POINT('',(2.5,17.5,-2.));
#3660=CARTESIAN_POINT('',(-5.5,17.5,-2.));
#3661=B_SPLINE_CURVE_WITH_KNOTS('',1,(#3659,#3660),.UNSPECIFIED.,.F.,.F.,(2,2),(0.,0.008),.UNSPECIFIED.);
#3662=EDGE_CURVE('',#3595,#3653,#3661,.T.);
#3663=ORIENTED_EDGE('',*,*,#3662,.F.);
#3664=ORIENTED_EDGE('',*,*,#3599,.T.);
#3665=EDGE_LOOP('',(#3651,#3658,#3663,#3664));
#3666=FACE_BOUND('',#3665,.T.);
#3667=ADVANCED_FACE('',(#3644,#3666),#3614,.F.);
#3668=CARTESIAN_POINT('',(-5.5,9.5,0.5));
#3669=CARTESIAN_POINT('',(-5.5,17.5,0.5));
#3670=CARTESIAN_POINT('',(-5.5,9.5,-2.));
#3671=CARTESIAN_POINT('',(-5.5,17.5,-2.));
#3672=B_SPLINE_SURFACE_WITH_KNOTS('',1,1,((#3668,#3669),(#3670,#3671)),.UNSPECIFIED.,.F.,.F.,.U.,(2,2),(2,2),(-0.0025,0.),(-0.008,0.),.UNSPECIFIED.);
#3673=CARTESIAN_POINT('',(-5.5,9.5,-2.));
#3674=CARTESIAN_POINT('',(-5.5,9.5,0.5));
#3675=B_SPLINE_CURVE_WITH_KNOTS('',1,(#3673,#3674),.UNSPECIFIED.,.F.,.F.,(2,2),(0.,0.0025),.UNSPECIFIED.);
#3676=EDGE_CURVE('',#3646,#3552,#3675,.T.);
#3677=ORIENTED_EDGE('',*,*,#3676,.T.);
#3678=ORIENTED_EDGE('',*,*,#3577,.F.);
#3679=CARTESIAN_POINT('',(-5.5,17.5,-2.));
#3680=CARTESIAN_POINT('',(-5.5,17.5,0.5));
#3681=B_SPLINE_CURVE_WITH_KNOTS('',1,(#3679,#3680),.UNSPECIFIED.,.F.,.F.,(2,2),(0.,0.0025),.UNSPECIFIED.);
#3682=EDGE_CURVE('',#3653,#3568,#3681,.T.);
#3683=ORIENTED_EDGE('',*,*,#3682,.F.);
#3684=ORIENTED_EDGE('',*,*,#3657,.T.);
#3685=EDGE_LOOP('',(#3677,#3678,#3683,#3684));
#3686=FACE_BOUND('',#3685,.T.);
#3687=ADVANCED_FACE('',(#3686),#3672,.F.);
#3688=CARTESIAN_POINT('',(-5.5,17.5,-2.));
#3689=CARTESIAN_POINT('',(2.5,17.5,-2.));
#3690=CARTESIAN_POINT('',(-5.5,17.5,0.5));
#3691=CARTESIAN_POINT('',(2.5,17.5,0.5));
#3692=B_SPLINE_SURFACE_WITH_KNOTS('',1,1,((#3688,#3689),(#3690,#3691)),.UNSPECIFIED.,.F.,.F.,.U.,(2,2),(2,2),(-0.00125,0.00125),(-0.004,0.004),.UNSPECIFIED.);
#3693=ORIENTED_EDGE('',*,*,#3572,.T.);
#3694=ORIENTED_EDGE('',*,*,#3604,.T.);
#3695=ORIENTED_EDGE('',*,*,#3662,.T.);
#3696=ORIENTED_EDGE('',*,*,#3682,.T.);
#3697=EDGE_LOOP('',(#3693,#3694,#3695,#3696));
#3698=FACE_BOUND('',#3697,.T.);
#3699=ADVANCED_FACE('',(#3698),#3692,.T.);
#3700=CARTESIAN_POINT('',(-5.5,9.5,-2.));
#3701=CARTESIAN_POINT('',(2.5,9.5,-2.));
#3702=CARTESIAN_POINT('',(-5.5,9.5,0.5));
#3703=CARTESIAN_POINT('',(2.5,9.5,0.5));
#3704=B_SPLINE_SURFACE_WITH_KNOTS('',1,1,((#3700,#3701),(#3702,#3703)),.UNSPECIFIED.,.F.,.F.,.U.,(2,2),(2,2),(-0.00125,0.00125),(-0.004,0.004),.UNSPECIFIED.);
#3705=ORIENTED_EDGE('',*,*,#3558,.F.);
#3706=ORIENTED_EDGE('',*,*,#3676,.F.);
#3707=ORIENTED_EDGE('',*,*,#3650,.F.);
#3708=ORIENTED_EDGE('',*,*,#3592,.F.);
#3709=EDGE_LOOP('',(#3705,#3706,#3707,#3708));
#3710=FACE_BOUND('',#3709,.T.);
#3711=ADVANCED_FACE('',(#3710),#3704,.F.);
#3712=CARTESIAN_POINT('',(-1.5,11.65,-2.));
#3713=CARTESIAN_POINT('',(-1.5,11.65,0.5));
#3714=CARTESIAN_POINT('',(1.704293994,11.65,-2.));
#3715=CARTESIAN_POINT('',(1.704293994,11.65,0.5));
#3716=CARTESIAN_POINT('',(0.102146997,14.425,-2.));
#3717=CARTESIAN_POINT('',(0.102146997,14.425,0.5));
#3718=CARTESIAN_POINT('',(-1.5,17.2,-2.));
#3719=CARTESIAN_POINT('',(-1.5,17.2,0.5));
#3720=CARTESIAN_POINT('',(-3.102146997,14.425,-2.));
#3721=CARTESIAN_POINT('',(-3.102146997,14.425,0.5));
#3722=CARTESIAN_POINT('',(-4.704293994,11.65,-2.));
#3723=CARTESIAN_POINT('',(-4.704293994,11.65,0.5));
#3724=CARTESIAN_POINT('',(-1.5,11.65,-2.));
#3725=CARTESIAN_POINT('',(-1.5,11.65,0.5));
#3726=(BOUNDED_SURFACE()
B_SPLINE_SURFACE(2,1,((#3712,#3713),(#3714,#3715),(#3716,#3717),(#3718,#3719),(#3720,#3721),(#3722,#3723),(#3724,#3725)),.UNSPECIFIED.,.T.,.F.,.U.)
B_SPLINE_SURFACE_WITH_KNOTS((3,2,2,3),(2,2),(0.,2.094395102,4.188790205,6.283185307),(0.021308322,0.023808322),.UNSPECIFIED.)
GEOMETRIC_REPRESENTATION_ITEM()
RATIONAL_B_SPLINE_SURFACE(((1.,1.),(0.5,0.5),(1.,1.),(0.5,0.5),(1.,1.),(0.5,0.5),(1.,1.)))
REPRESENTATION_ITEM('')
SURFACE()
);
#3727=CARTESIAN_POINT('',(-1.5,11.65,0.5));
#3728=CARTESIAN_POINT('',(-1.5,11.65,-2.));
#3729=B_SPLINE_CURVE_WITH_KNOTS('',1,(#3727,#3728),.UNSPECIFIED.,.F.,.F.,(2,2),(0.021308322,0.023808322),.UNSPECIFIED.);
#3730=EDGE_CURVE('',#3522,#3618,#3729,.T.);
#3731=ORIENTED_EDGE('',*,*,#3730,.F.);
#3732=ORIENTED_EDGE('',*,*,#3535,.T.);
#3733=ORIENTED_EDGE('',*,*,#3547,.T.);
#3734=ORIENTED_EDGE('',*,*,#3730,.T.);
#3735=ORIENTED_EDGE('',*,*,#3629,.F.);
#3736=ORIENTED_EDGE('',*,*,#3641,.F.);
#3737=EDGE_LOOP('',(#3731,#3732,#3733,#3734,#3735,#3736));
#3738=FACE_BOUND('',#3737,.T.);
#3739=ADVANCED_FACE('',(#3738),#3726,.F.);
#3740=CLOSED_SHELL('',(#3581,#3609,#3667,#3687,#3699,#3711,#3739));
#3741=MANIFOLD_SOLID_BREP('Extruded.009',#3740);
#3515=STYLED_ITEM('',(),#3741);
#3743=CARTESIAN_POINT('',(2.5,-17.5,0.5));
#3744=CARTESIAN_POINT('',(2.5,-9.5,0.5));
#3745=CARTESIAN_POINT('',(-5.5,-17.5,0.5));
#3746=CARTESIAN_POINT('',(-5.5,-9.5,0.5));
#3747=B_SPLINE_SURFACE_WITH_KNOTS('',1,1,((#3743,#3744),(#3745,#3746)),.UNSPECIFIED.,.F.,.F.,.U.,(2,2),(2,2),(-0.008,0.),(0.,0.008),.UNSPECIFIED.);
#3748=CARTESIAN_POINT('',(-1.5,-15.35,0.5));
#3749=VERTEX_POINT('',#3748);
#3750=CARTESIAN_POINT('',(-0.28324306,-12.106442485,0.5));
#3751=VERTEX_POINT('',#3750);
#3752=CARTESIAN_POINT('',(-0.28324306,-12.106442485,0.5));
#3753=CARTESIAN_POINT('',(-1.676800575,-10.889685544,0.5));
#3754=CARTESIAN_POINT('',(-2.893557515,-12.28324306,0.5));
#3755=CARTESIAN_POINT('',(-4.110314456,-13.676800575,0.5));
#3756=CARTESIAN_POINT('',(-2.71675694,-14.893557515,0.5));
#3757=CARTESIAN_POINT('',(-1.323199425,-16.110314456,0.5));
#3758=CARTESIAN_POINT('',(-0.106442485,-14.71675694,0.5));
#3759=CARTESIAN_POINT('',(1.110314456,-13.323199425,0.5));
#3760=CARTESIAN_POINT('',(-0.28324306,-12.106442485,0.5));
#3761=(BOUNDED_CURVE()
B_SPLINE_CURVE(2,(#3752,#3753,#3754,#3755,#3756,#3757,#3758,#3759,#3760),.UNSPECIFIED.,.T.,.F.)
B_SPLINE_CURVE_WITH_KNOTS((3,2,2,2,3),(0.,1.570796327,3.141592654,4.71238898,6.283185307),.UNSPECIFIED.)
CURVE()
GEOMETRIC_REPRESENTATION_ITEM()
RATIONAL_B_SPLINE_CURVE((1.,0.707106781,1.,0.707106781,1.,0.707106781,1.,0.707106781,1.))
REPRESENTATION_ITEM(''));
#3762=EDGE_CURVE('',#3749,#3751,#3761,.T.);
#3763=ORIENTED_EDGE('',*,*,#3762,.F.);
#3764=CARTESIAN_POINT('',(-0.28324306,-12.106442485,0.5));
#3765=CARTESIAN_POINT('',(-1.676800575,-10.889685544,0.5));
#3766=CARTESIAN_POINT('',(-2.893557515,-12.28324306,0.5));
#3767=CARTESIAN_POINT('',(-4.110314456,-13.676800575,0.5));
#3768=CARTESIAN_POINT('',(-2.71675694,-14.893557515,0.5));
#3769=CARTESIAN_POINT('',(-1.323199425,-16.110314456,0.5));
#3770=CARTESIAN_POINT('',(-0.106442485,-14.71675694,0.5));
#3771=CARTESIAN_POINT('',(1.110314456,-13.323199425,0.5));
#3772=CARTESIAN_POINT('',(-0.28324306,-12.106442485,0.5));
#3773=(BOUNDED_CURVE()
B_SPLINE_CURVE(2,(#3764,#3765,#3766,#3767,#3768,#3769,#3770,#3771,#3772),.UNSPECIFIED.,.T.,.F.)
B_SPLINE_CURVE_WITH_KNOTS((3,2,2,2,3),(0.,1.570796327,3.141592654,4.71238898,6.283185307),.UNSPECIFIED.)
CURVE()
GEOMETRIC_REPRESENTATION_ITEM()
RATIONAL_B_SPLINE_CURVE((1.,0.707106781,1.,0.707106781,1.,0.707106781,1.,0.707106781,1.))
REPRESENTATION_ITEM(''));
#3774=EDGE_CURVE('',#3751,#3749,#3773,.T.);
#3775=ORIENTED_EDGE('',*,*,#3774,.F.);
#3776=EDGE_LOOP('',(#3763,#3775));
#3777=FACE_BOUND('',#3776,.T.);
#3778=CARTESIAN_POINT('',(-5.5,-9.5,0.5));
#3779=VERTEX_POINT('',#3778);
#3780=CARTESIAN_POINT('',(2.5,-9.5,0.5));
#3781=VERTEX_POINT('',#3780);
#3782=CARTESIAN_POINT('',(-5.5,-9.5,0.5));
#3783=CARTESIAN_POINT('',(2.5,-9.5,0.5));
#3784=B_SPLINE_CURVE_WITH_KNOTS('',1,(#3782,#3783),.UNSPECIFIED.,.F.,.F.,(2,2),(0.,0.008),.UNSPECIFIED.);
#3785=EDGE_CURVE('',#3779,#3781,#3784,.T.);
#3786=ORIENTED_EDGE('',*,*,#3785,.F.);
#3787=CARTESIAN_POINT('',(-5.5,-17.5,0.5));
#3788=VERTEX_POINT('',#3787);
#3789=CARTESIAN_POINT('',(-5.5,-17.5,0.5));
#3790=CARTESIAN_POINT('',(-5.5,-9.5,0.5));
#3791=B_SPLINE_CURVE_WITH_KNOTS('',1,(#3789,#3790),.UNSPECIFIED.,.F.,.F.,(2,2),(-0.,0.008),.UNSPECIFIED.);
#3792=EDGE_CURVE('',#3788,#3779,#3791,.T.);
#3793=ORIENTED_EDGE('',*,*,#3792,.F.);
#3794=CARTESIAN_POINT('',(2.5,-17.5,0.5));
#3795=VERTEX_POINT('',#3794);
#3796=CARTESIAN_POINT('',(-5.5,-17.5,0.5));
#3797=CARTESIAN_POINT('',(2.5,-17.5,0.5));
#3798=B_SPLINE_CURVE_WITH_KNOTS('',1,(#3796,#3797),.UNSPECIFIED.,.F.,.F.,(2,2),(0.,0.008),.UNSPECIFIED.);
#3799=EDGE_CURVE('',#3788,#3795,#3798,.T.);
#3800=ORIENTED_EDGE('',*,*,#3799,.T.);
#3801=CARTESIAN_POINT('',(2.5,-17.5,0.5));
#3802=CARTESIAN_POINT('',(2.5,-9.5,0.5));
#3803=B_SPLINE_CURVE_WITH_KNOTS('',1,(#3801,#3802),.UNSPECIFIED.,.F.,.F.,(2,2),(-0.,0.008),.UNSPECIFIED.);
#3804=EDGE_CURVE('',#3795,#3781,#3803,.T.);
#3805=ORIENTED_EDGE('',*,*,#3804,.T.);
#3806=EDGE_LOOP('',(#3786,#3793,#3800,#3805));
#3807=FACE_BOUND('',#3806,.T.);
#3808=ADVANCED_FACE('',(#3777,#3807),#3747,.F.);
#3809=CARTESIAN_POINT('',(2.5,-17.5,-2.));
#3810=CARTESIAN_POINT('',(2.5,-9.5,-2.));
#3811=CARTESIAN_POINT('',(2.5,-17.5,0.5));
#3812=CARTESIAN_POINT('',(2.5,-9.5,0.5));
#3813=B_SPLINE_SURFACE_WITH_KNOTS('',1,1,((#3809,#3810),(#3811,#3812)),.UNSPECIFIED.,.F.,.F.,.U.,(2,2),(2,2),(-0.0025,0.),(-0.,0.008),.UNSPECIFIED.);
#3814=CARTESIAN_POINT('',(2.5,-9.5,-2.));
#3815=VERTEX_POINT('',#3814);
#3816=CARTESIAN_POINT('',(2.5,-9.5,0.5));
#3817=CARTESIAN_POINT('',(2.5,-9.5,-2.));
#3818=B_SPLINE_CURVE_WITH_KNOTS('',1,(#3816,#3817),.UNSPECIFIED.,.F.,.F.,(2,2),(0.,0.0025),.UNSPECIFIED.);
#3819=EDGE_CURVE('',#3781,#3815,#3818,.T.);
#3820=ORIENTED_EDGE('',*,*,#3819,.F.);
#3821=ORIENTED_EDGE('',*,*,#3804,.F.);
#3822=CARTESIAN_POINT('',(2.5,-17.5,-2.));
#3823=VERTEX_POINT('',#3822);
#3824=CARTESIAN_POINT('',(2.5,-17.5,0.5));
#3825=CARTESIAN_POINT('',(2.5,-17.5,-2.));
#3826=B_SPLINE_CURVE_WITH_KNOTS('',1,(#3824,#3825),.UNSPECIFIED.,.F.,.F.,(2,2),(0.,0.0025),.UNSPECIFIED.);
#3827=EDGE_CURVE('',#3795,#3823,#3826,.T.);
#3828=ORIENTED_EDGE('',*,*,#3827,.T.);
#3829=CARTESIAN_POINT('',(2.5,-17.5,-2.));
#3830=CARTESIAN_POINT('',(2.5,-9.5,-2.));
#3831=B_SPLINE_CURVE_WITH_KNOTS('',1,(#3829,#3830),.UNSPECIFIED.,.F.,.F.,(2,2),(-0.,0.008),.UNSPECIFIED.);
#3832=EDGE_CURVE('',#3823,#3815,#3831,.T.);
#3833=ORIENTED_EDGE('',*,*,#3832,.T.);
#3834=EDGE_LOOP('',(#3820,#3821,#3828,#3833));
#3835=FACE_BOUND('',#3834,.T.);
#3836=ADVANCED_FACE('',(#3835),#3813,.F.);
#3837=CARTESIAN_POINT('',(-5.5,-17.5,-2.));
#3838=CARTESIAN_POINT('',(-5.5,-9.5,-2.));
#3839=CARTESIAN_POINT('',(2.5,-17.5,-2.));
#3840=CARTESIAN_POINT('',(2.5,-9.5,-2.));
#3841=B_SPLINE_SURFACE_WITH_KNOTS('',1,1,((#3837,#3838),(#3839,#3840)),.UNSPECIFIED.,.F.,.F.,.U.,(2,2),(2,2),(-0.008,0.),(0.,0.008),.UNSPECIFIED.);
#3842=CARTESIAN_POINT('',(-1.5,-15.35,-2.));
#3843=VERTEX_POINT('',#3842);
#3844=CARTESIAN_POINT('',(-1.5,-15.35,-2.));
#3845=CARTESIAN_POINT('',(0.35,-15.35,-2.));
#3846=CARTESIAN_POINT('',(0.35,-13.5,-2.));
#3847=CARTESIAN_POINT('',(0.35,-11.65,-2.));
#3848=CARTESIAN_POINT('',(-1.5,-11.65,-2.));
#3849=CARTESIAN_POINT('',(-3.35,-11.65,-2.));
#3850=CARTESIAN_POINT('',(-3.35,-13.5,-2.));
#3851=CARTESIAN_POINT('',(-3.35,-15.35,-2.));
#3852=CARTESIAN_POINT('',(-1.5,-15.35,-2.));
#3853=(BOUNDED_CURVE()
B_SPLINE_CURVE(2,(#3844,#3845,#3846,#3847,#3848,#3849,#3850,#3851,#3852),.UNSPECIFIED.,.T.,.F.)
B_SPLINE_CURVE_WITH_KNOTS((3,2,2,2,3),(0.,1.570796327,3.141592654,4.71238898,6.283185307),.UNSPECIFIED.)
CURVE()
GEOMETRIC_REPRESENTATION_ITEM()
RATIONAL_B_SPLINE_CURVE((1.,0.707106781,1.,0.707106781,1.,0.707106781,1.,0.707106781,1.))
REPRESENTATION_ITEM(''));
#3854=EDGE_CURVE('',#3843,#3843,#3853,.T.);
#3855=ORIENTED_EDGE('',*,*,#3854,.T.);
#3856=EDGE_LOOP('',(#3855));
#3857=FACE_BOUND('',#3856,.T.);
#3858=CARTESIAN_POINT('',(-5.5,-9.5,-2.));
#3859=VERTEX_POINT('',#3858);
#3860=CARTESIAN_POINT('',(2.5,-9.5,-2.));
#3861=CARTESIAN_POINT('',(-5.5,-9.5,-2.));
#3862=B_SPLINE_CURVE_WITH_KNOTS('',1,(#3860,#3861),.UNSPECIFIED.,.F.,.F.,(2,2),(0.,0.008),.UNSPECIFIED.);
#3863=EDGE_CURVE('',#3815,#3859,#3862,.T.);
#3864=ORIENTED_EDGE('',*,*,#3863,.F.);
#3865=ORIENTED_EDGE('',*,*,#3832,.F.);
#3866=CARTESIAN_POINT('',(-5.5,-17.5,-2.));
#3867=VERTEX_POINT('',#3866);
#3868=CARTESIAN_POINT('',(2.5,-17.5,-2.));
#3869=CARTESIAN_POINT('',(-5.5,-17.5,-2.));
#3870=B_SPLINE_CURVE_WITH_KNOTS('',1,(#3868,#3869),.UNSPECIFIED.,.F.,.F.,(2,2),(0.,0.008),.UNSPECIFIED.);
#3871=EDGE_CURVE('',#3823,#3867,#3870,.T.);
#3872=ORIENTED_EDGE('',*,*,#3871,.T.);
#3873=CARTESIAN_POINT('',(-5.5,-17.5,-2.));
#3874=CARTESIAN_POINT('',(-5.5,-9.5,-2.));
#3875=B_SPLINE_CURVE_WITH_KNOTS('',1,(#3873,#3874),.UNSPECIFIED.,.F.,.F.,(2,2),(-0.,0.008),.UNSPECIFIED.);
#3876=EDGE_CURVE('',#3867,#3859,#3875,.T.);
#3877=ORIENTED_EDGE('',*,*,#3876,.T.);
#3878=EDGE_LOOP('',(#3864,#3865,#3872,#3877));
#3879=FACE_BOUND('',#3878,.T.);
#3880=ADVANCED_FACE('',(#3857,#3879),#3841,.F.);
#3881=CARTESIAN_POINT('',(-5.5,-17.5,0.5));
#3882=CARTESIAN_POINT('',(-5.5,-9.5,0.5));
#3883=CARTESIAN_POINT('',(-5.5,-17.5,-2.));
#3884=CARTESIAN_POINT('',(-5.5,-9.5,-2.));
#3885=B_SPLINE_SURFACE_WITH_KNOTS('',1,1,((#3881,#3882),(#3883,#3884)),.UNSPECIFIED.,.F.,.F.,.U.,(2,2),(2,2),(-0.0025,0.),(-0.,0.008),.UNSPECIFIED.);
#3886=CARTESIAN_POINT('',(-5.5,-9.5,-2.));
#3887=CARTESIAN_POINT('',(-5.5,-9.5,0.5));
#3888=B_SPLINE_CURVE_WITH_KNOTS('',1,(#3886,#3887),.UNSPECIFIED.,.F.,.F.,(2,2),(0.,0.0025),.UNSPECIFIED.);
#3889=EDGE_CURVE('',#3859,#3779,#3888,.T.);
#3890=ORIENTED_EDGE('',*,*,#3889,.F.);
#3891=ORIENTED_EDGE('',*,*,#3876,.F.);
#3892=CARTESIAN_POINT('',(-5.5,-17.5,-2.));
#3893=CARTESIAN_POINT('',(-5.5,-17.5,0.5));
#3894=B_SPLINE_CURVE_WITH_KNOTS('',1,(#3892,#3893),.UNSPECIFIED.,.F.,.F.,(2,2),(0.,0.0025),.UNSPECIFIED.);
#3895=EDGE_CURVE('',#3867,#3788,#3894,.T.);
#3896=ORIENTED_EDGE('',*,*,#3895,.T.);
#3897=ORIENTED_EDGE('',*,*,#3792,.T.);
#3898=EDGE_LOOP('',(#3890,#3891,#3896,#3897));
#3899=FACE_BOUND('',#3898,.T.);
#3900=ADVANCED_FACE('',(#3899),#3885,.F.);
#3901=CARTESIAN_POINT('',(2.5,-17.5,-2.));
#3902=CARTESIAN_POINT('',(-5.5,-17.5,-2.));
#3903=CARTESIAN_POINT('',(2.5,-17.5,0.5));
#3904=CARTESIAN_POINT('',(-5.5,-17.5,0.5));
#3905=B_SPLINE_SURFACE_WITH_KNOTS('',1,1,((#3901,#3902),(#3903,#3904)),.UNSPECIFIED.,.F.,.F.,.U.,(2,2),(2,2),(-0.00125,0.00125),(-0.004,0.004),.UNSPECIFIED.);
#3906=ORIENTED_EDGE('',*,*,#3799,.F.);
#3907=ORIENTED_EDGE('',*,*,#3895,.F.);
#3908=ORIENTED_EDGE('',*,*,#3871,.F.);
#3909=ORIENTED_EDGE('',*,*,#3827,.F.);
#3910=EDGE_LOOP('',(#3906,#3907,#3908,#3909));
#3911=FACE_BOUND('',#3910,.T.);
#3912=ADVANCED_FACE('',(#3911),#3905,.T.);
#3913=CARTESIAN_POINT('',(2.5,-9.5,-2.));
#3914=CARTESIAN_POINT('',(-5.5,-9.5,-2.));
#3915=CARTESIAN_POINT('',(2.5,-9.5,0.5));
#3916=CARTESIAN_POINT('',(-5.5,-9.5,0.5));
#3917=B_SPLINE_SURFACE_WITH_KNOTS('',1,1,((#3913,#3914),(#3915,#3916)),.UNSPECIFIED.,.F.,.F.,.U.,(2,2),(2,2),(-0.00125,0.00125),(-0.004,0.004),.UNSPECIFIED.);
#3918=ORIENTED_EDGE('',*,*,#3785,.T.);
#3919=ORIENTED_EDGE('',*,*,#3819,.T.);
#3920=ORIENTED_EDGE('',*,*,#3863,.T.);
#3921=ORIENTED_EDGE('',*,*,#3889,.T.);
#3922=EDGE_LOOP('',(#3918,#3919,#3920,#3921));
#3923=FACE_BOUND('',#3922,.T.);
#3924=ADVANCED_FACE('',(#3923),#3917,.F.);
#3925=CARTESIAN_POINT('',(-1.5,-15.35,-2.));
#3926=CARTESIAN_POINT('',(-1.5,-15.35,0.5));
#3927=CARTESIAN_POINT('',(1.704293994,-15.35,-2.));
#3928=CARTESIAN_POINT('',(1.704293994,-15.35,0.5));
#3929=CARTESIAN_POINT('',(0.102146997,-12.575,-2.));
#3930=CARTESIAN_POINT('',(0.102146997,-12.575,0.5));
#3931=CARTESIAN_POINT('',(-1.5,-9.8,-2.));
#3932=CARTESIAN_POINT('',(-1.5,-9.8,0.5));
#3933=CARTESIAN_POINT('',(-3.102146997,-12.575,-2.));
#3934=CARTESIAN_POINT('',(-3.102146997,-12.575,0.5));
#3935=CARTESIAN_POINT('',(-4.704293994,-15.35,-2.));
#3936=CARTESIAN_POINT('',(-4.704293994,-15.35,0.5));
#3937=CARTESIAN_POINT('',(-1.5,-15.35,-2.));
#3938=CARTESIAN_POINT('',(-1.5,-15.35,0.5));
#3939=(BOUNDED_SURFACE()
B_SPLINE_SURFACE(2,1,((#3925,#3926),(#3927,#3928),(#3929,#3930),(#3931,#3932),(#3933,#3934),(#3935,#3936),(#3937,#3938)),.UNSPECIFIED.,.T.,.F.,.U.)
B_SPLINE_SURFACE_WITH_KNOTS((3,2,2,3),(2,2),(0.,2.094395102,4.188790205,6.283185307),(0.021308322,0.023808322),.UNSPECIFIED.)
GEOMETRIC_REPRESENTATION_ITEM()
RATIONAL_B_SPLINE_SURFACE(((1.,1.),(0.5,0.5),(1.,1.),(0.5,0.5),(1.,1.),(0.5,0.5),(1.,1.)))
REPRESENTATION_ITEM('')
SURFACE()
);
#3940=CARTESIAN_POINT('',(-1.5,-15.35,0.5));
#3941=CARTESIAN_POINT('',(-1.5,-15.35,-2.));
#3942=B_SPLINE_CURVE_WITH_KNOTS('',1,(#3940,#3941),.UNSPECIFIED.,.F.,.F.,(2,2),(0.021308322,0.023808322),.UNSPECIFIED.);
#3943=EDGE_CURVE('',#3749,#3843,#3942,.T.);
#3944=ORIENTED_EDGE('',*,*,#3943,.F.);
#3945=ORIENTED_EDGE('',*,*,#3762,.T.);
#3946=ORIENTED_EDGE('',*,*,#3774,.T.);
#3947=ORIENTED_EDGE('',*,*,#3943,.T.);
#3948=ORIENTED_EDGE('',*,*,#3854,.F.);
#3949=EDGE_LOOP('',(#3944,#3945,#3946,#3947,#3948));
#3950=FACE_BOUND('',#3949,.T.);
#3951=ADVANCED_FACE('',(#3950),#3939,.F.);
#3952=CLOSED_SHELL('',(#3808,#3836,#3880,#3900,#3912,#3924,#3951));
#3953=MANIFOLD_SOLID_BREP('Extruded.010',#3952);
#3742=STYLED_ITEM('',(),#3953);
#3955=CARTESIAN_POINT('',(-77.,-9.5,6.3));
#3956=CARTESIAN_POINT('',(-77.,9.5,6.3));
#3957=CARTESIAN_POINT('',(-77.,-9.5,0.));
#3958=CARTESIAN_POINT('',(-77.,9.5,0.));
#3959=B_SPLINE_SURFACE_WITH_KNOTS('',1,1,((#3955,#3956),(#3957,#3958)),.UNSPECIFIED.,.F.,.F.,.U.,(2,2),(2,2),(0.0087,0.015),(-0.019,0.),.UNSPECIFIED.);
#3960=CARTESIAN_POINT('',(-77.,9.5,6.3));
#3961=VERTEX_POINT('',#3960);
#3962=CARTESIAN_POINT('',(-77.,-9.5,6.3));
#3963=VERTEX_POINT('',#3962);
#3964=CARTESIAN_POINT('',(-77.,9.5,6.3));
#3965=CARTESIAN_POINT('',(-77.,-9.5,6.3));
#3966=B_SPLINE_CURVE_WITH_KNOTS('',1,(#3964,#3965),.UNSPECIFIED.,.F.,.F.,(2,2),(0.068490558,0.087490558),.UNSPECIFIED.);
#3967=EDGE_CURVE('',#3961,#3963,#3966,.T.);
#3968=ORIENTED_EDGE('',*,*,#3967,.F.);
#3969=CARTESIAN_POINT('',(-77.,9.5,0.));
#3970=VERTEX_POINT('',#3969);
#3971=CARTESIAN_POINT('',(-77.,9.5,6.3));
#3972=CARTESIAN_POINT('',(-77.,9.5,0.));
#3973=B_SPLINE_CURVE_WITH_KNOTS('',1,(#3971,#3972),.UNSPECIFIED.,.F.,.F.,(2,2),(0.0087,0.015),.UNSPECIFIED.);
#3974=EDGE_CURVE('',#3961,#3970,#3973,.T.);
#3975=ORIENTED_EDGE('',*,*,#3974,.T.);
#3976=CARTESIAN_POINT('',(-77.,-9.5,0.));
#3977=VERTEX_POINT('',#3976);
#3978=CARTESIAN_POINT('',(-77.,9.5,0.));
#3979=CARTESIAN_POINT('',(-77.,-9.5,0.));
#3980=B_SPLINE_CURVE_WITH_KNOTS('',1,(#3978,#3979),.UNSPECIFIED.,.F.,.F.,(2,2),(0.,0.019),.UNSPECIFIED.);
#3981=EDGE_CURVE('',#3970,#3977,#3980,.T.);
#3982=ORIENTED_EDGE('',*,*,#3981,.T.);
#3983=CARTESIAN_POINT('',(-77.,-9.5,6.3));
#3984=CARTESIAN_POINT('',(-77.,-9.5,0.));
#3985=B_SPLINE_CURVE_WITH_KNOTS('',1,(#3983,#3984),.UNSPECIFIED.,.F.,.F.,(2,2),(0.0087,0.015),.UNSPECIFIED.);
#3986=EDGE_CURVE('',#3963,#3977,#3985,.T.);
#3987=ORIENTED_EDGE('',*,*,#3986,.F.);
#3988=EDGE_LOOP('',(#3968,#3975,#3982,#3987));
#3989=FACE_BOUND('',#3988,.T.);
#3990=ADVANCED_FACE('',(#3989),#3959,.F.);
#3991=CARTESIAN_POINT('',(-77.,-9.5,0.));
#3992=CARTESIAN_POINT('',(0.,-9.5,0.));
#3993=CARTESIAN_POINT('',(-77.,-9.5,16.));
#3994=CARTESIAN_POINT('',(0.,-9.5,16.));
#3995=B_SPLINE_SURFACE_WITH_KNOTS('',1,1,((#3991,#3992),(#3993,#3994)),.UNSPECIFIED.,.F.,.F.,.U.,(2,2),(2,2),(-0.015,0.001),(0.,0.077),.UNSPECIFIED.);
#3996=CARTESIAN_POINT('',(-52.647465745,-9.5,6.3));
#3997=VERTEX_POINT('',#3996);
#3998=CARTESIAN_POINT('',(-77.,-9.5,6.3));
#3999=CARTESIAN_POINT('',(-52.647465745,-9.5,6.3));
#4000=B_SPLINE_CURVE_WITH_KNOTS('',1,(#3998,#3999),.UNSPECIFIED.,.F.,.F.,(2,2),(0.,0.024352534),.UNSPECIFIED.);
#4001=EDGE_CURVE('',#3963,#3997,#4000,.T.);
#4002=ORIENTED_EDGE('',*,*,#4001,.F.);
#4003=ORIENTED_EDGE('',*,*,#3986,.T.);
#4004=CARTESIAN_POINT('',(0.,-9.5,0.));
#4005=VERTEX_POINT('',#4004);
#4006=CARTESIAN_POINT('',(-77.,-9.5,0.));
#4007=CARTESIAN_POINT('',(0.,-9.5,0.));
#4008=B_SPLINE_CURVE_WITH_KNOTS('',1,(#4006,#4007),.UNSPECIFIED.,.F.,.F.,(2,2),(0.,0.077),.UNSPECIFIED.);
#4009=EDGE_CURVE('',#3977,#4005,#4008,.T.);
#4010=ORIENTED_EDGE('',*,*,#4009,.T.);
#4011=CARTESIAN_POINT('',(0.,-9.5,16.));
#4012=VERTEX_POINT('',#4011);
#4013=CARTESIAN_POINT('',(0.,-9.5,16.));
#4014=CARTESIAN_POINT('',(0.,-9.5,0.));
#4015=B_SPLINE_CURVE_WITH_KNOTS('',1,(#4013,#4014),.UNSPECIFIED.,.F.,.F.,(2,2),(-0.001,0.015),.UNSPECIFIED.);
#4016=EDGE_CURVE('',#4012,#4005,#4015,.T.);
#4017=ORIENTED_EDGE('',*,*,#4016,.F.);
#4018=CARTESIAN_POINT('',(-77.,-9.5,16.));
#4019=VERTEX_POINT('',#4018);
#4020=CARTESIAN_POINT('',(-77.,-9.5,16.));
#4021=CARTESIAN_POINT('',(0.,-9.5,16.));
#4022=B_SPLINE_CURVE_WITH_KNOTS('',1,(#4020,#4021),.UNSPECIFIED.,.F.,.F.,(2,2),(0.,0.077),.UNSPECIFIED.);
#4023=EDGE_CURVE('',#4019,#4012,#4022,.T.);
#4024=ORIENTED_EDGE('',*,*,#4023,.F.);
#4025=CARTESIAN_POINT('',(-77.,-9.5,8.3));
#4026=VERTEX_POINT('',#4025);
#4027=CARTESIAN_POINT('',(-77.,-9.5,16.));
#4028=CARTESIAN_POINT('',(-77.,-9.5,8.3));
#4029=B_SPLINE_CURVE_WITH_KNOTS('',1,(#4027,#4028),.UNSPECIFIED.,.F.,.F.,(2,2),(-0.001,0.0067),.UNSPECIFIED.);
#4030=EDGE_CURVE('',#4019,#4026,#4029,.T.);
#4031=ORIENTED_EDGE('',*,*,#4030,.T.);
#4032=CARTESIAN_POINT('',(-52.647465745,-9.5,8.3));
#4033=VERTEX_POINT('',#4032);
#4034=CARTESIAN_POINT('',(-52.647465745,-9.5,8.3));
#4035=CARTESIAN_POINT('',(-77.,-9.5,8.3));
#4036=B_SPLINE_CURVE_WITH_KNOTS('',1,(#4034,#4035),.UNSPECIFIED.,.F.,.F.,(2,2),(0.000647466,0.025),.UNSPECIFIED.);
#4037=EDGE_CURVE('',#4033,#4026,#4036,.T.);
#4038=ORIENTED_EDGE('',*,*,#4037,.F.);
#4039=CARTESIAN_POINT('',(-52.,-9.5,7.652534255));
#4040=VERTEX_POINT('',#4039);
#4041=CARTESIAN_POINT('',(-52.647465745,-9.5,8.3));
#4042=CARTESIAN_POINT('',(-52.,-9.5,8.3));
#4043=CARTESIAN_POINT('',(-52.,-9.5,7.652534255));
#4044=(BOUNDED_CURVE()
B_SPLINE_CURVE(2,(#4041,#4042,#4043),.UNSPECIFIED.,.F.,.F.)
B_SPLINE_CURVE_WITH_KNOTS((3,3),(6.283185307,7.853981634),.UNSPECIFIED.)
CURVE()
GEOMETRIC_REPRESENTATION_ITEM()
RATIONAL_B_SPLINE_CURVE((1.,0.707106781,1.))
REPRESENTATION_ITEM(''));
#4045=EDGE_CURVE('',#4033,#4040,#4044,.T.);
#4046=ORIENTED_EDGE('',*,*,#4045,.T.);
#4047=CARTESIAN_POINT('',(-52.,-9.5,6.947465745));
#4048=VERTEX_POINT('',#4047);
#4049=CARTESIAN_POINT('',(-52.,-9.5,6.947465745));
#4050=CARTESIAN_POINT('',(-52.,-9.5,7.652534255));
#4051=B_SPLINE_CURVE_WITH_KNOTS('',1,(#4049,#4050),.UNSPECIFIED.,.F.,.F.,(2,2),(0.000647466,0.001352534),.UNSPECIFIED.);
#4052=EDGE_CURVE('',#4048,#4040,#4051,.T.);
#4053=ORIENTED_EDGE('',*,*,#4052,.F.);
#4054=CARTESIAN_POINT('',(-52.,-9.5,6.947465745));
#4055=CARTESIAN_POINT('',(-52.,-9.5,6.3));
#4056=CARTESIAN_POINT('',(-52.647465745,-9.5,6.3));
#4057=(BOUNDED_CURVE()
B_SPLINE_CURVE(2,(#4054,#4055,#4056),.UNSPECIFIED.,.F.,.F.)
B_SPLINE_CURVE_WITH_KNOTS((3,3),(1.570796327,3.141592654),.UNSPECIFIED.)
CURVE()
GEOMETRIC_REPRESENTATION_ITEM()
RATIONAL_B_SPLINE_CURVE((1.,0.707106781,1.))
REPRESENTATION_ITEM(''));
#4058=EDGE_CURVE('',#4048,#3997,#4057,.T.);
#4059=ORIENTED_EDGE('',*,*,#4058,.T.);
#4060=EDGE_LOOP('',(#4002,#4003,#4010,#4017,#4024,#4031,#4038,#4046,#4053,#4059));
#4061=FACE_BOUND('',#4060,.T.);
#4062=ADVANCED_FACE('',(#4061),#3995,.F.);
#4063=CARTESIAN_POINT('',(-75.,-7.5,6.3));
#4064=CARTESIAN_POINT('',(-75.,7.5,6.3));
#4065=CARTESIAN_POINT('',(-75.,-7.5,-0.));
#4066=CARTESIAN_POINT('',(-75.,7.5,-0.));
#4067=B_SPLINE_SURFACE_WITH_KNOTS('',1,1,((#4063,#4064),(#4065,#4066)),.UNSPECIFIED.,.F.,.F.,.U.,(2,2),(2,2),(0.0087,0.015),(-0.0075,0.0075),.UNSPECIFIED.);
#4068=CARTESIAN_POINT('',(-75.,-7.5,6.3));
#4069=VERTEX_POINT('',#4068);
#4070=CARTESIAN_POINT('',(-75.,7.5,6.3));
#4071=VERTEX_POINT('',#4070);
#4072=CARTESIAN_POINT('',(-75.,-7.5,6.3));
#4073=CARTESIAN_POINT('',(-75.,7.5,6.3));
#4074=B_SPLINE_CURVE_WITH_KNOTS('',1,(#4072,#4073),.UNSPECIFIED.,.F.,.F.,(2,2),(-0.0075,0.0075),.UNSPECIFIED.);
#4075=EDGE_CURVE('',#4069,#4071,#4074,.T.);
#4076=ORIENTED_EDGE('',*,*,#4075,.F.);
#4077=CARTESIAN_POINT('',(-75.,-7.5,0.));
#4078=VERTEX_POINT('',#4077);
#4079=CARTESIAN_POINT('',(-75.,-7.5,6.3));
#4080=CARTESIAN_POINT('',(-75.,-7.5,0.));
#4081=B_SPLINE_CURVE_WITH_KNOTS('',1,(#4079,#4080),.UNSPECIFIED.,.F.,.F.,(2,2),(0.0087,0.015),.UNSPECIFIED.);
#4082=EDGE_CURVE('',#4069,#4078,#4081,.T.);
#4083=ORIENTED_EDGE('',*,*,#4082,.T.);
#4084=CARTESIAN_POINT('',(-75.,7.5,0.));
#4085=VERTEX_POINT('',#4084);
#4086=CARTESIAN_POINT('',(-75.,7.5,-0.));
#4087=CARTESIAN_POINT('',(-75.,-7.5,0.));
#4088=B_SPLINE_CURVE_WITH_KNOTS('',1,(#4086,#4087),.UNSPECIFIED.,.F.,.F.,(2,2),(-0.0075,0.0075),.UNSPECIFIED.);
#4089=EDGE_CURVE('',#4085,#4078,#4088,.T.);
#4090=ORIENTED_EDGE('',*,*,#4089,.F.);
#4091=CARTESIAN_POINT('',(-75.,7.5,6.3));
#4092=CARTESIAN_POINT('',(-75.,7.5,0.));
#4093=B_SPLINE_CURVE_WITH_KNOTS('',1,(#4091,#4092),.UNSPECIFIED.,.F.,.F.,(2,2),(0.0087,0.015),.UNSPECIFIED.);
#4094=EDGE_CURVE('',#4071,#4085,#4093,.T.);
#4095=ORIENTED_EDGE('',*,*,#4094,.F.);
#4096=EDGE_LOOP('',(#4076,#4083,#4090,#4095));
#4097=FACE_BOUND('',#4096,.T.);
#4098=ADVANCED_FACE('',(#4097),#4067,.T.);
#4099=CARTESIAN_POINT('',(0.,7.5,-0.));
#4100=CARTESIAN_POINT('',(0.,9.5,-0.));
#4101=CARTESIAN_POINT('',(0.,7.5,16.));
#4102=CARTESIAN_POINT('',(0.,9.5,16.));
#4103=B_SPLINE_SURFACE_WITH_KNOTS('',1,1,((#4099,#4100),(#4101,#4102)),.UNSPECIFIED.,.F.,.F.,.U.,(2,2),(2,2),(-0.015,0.001),(-0.,0.002),.UNSPECIFIED.);
#4104=CARTESIAN_POINT('',(0.,7.5,0.));
#4105=VERTEX_POINT('',#4104);
#4106=CARTESIAN_POINT('',(0.,9.5,0.));
#4107=VERTEX_POINT('',#4106);
#4108=CARTESIAN_POINT('',(0.,7.5,0.));
#4109=CARTESIAN_POINT('',(0.,9.5,0.));
#4110=B_SPLINE_CURVE_WITH_KNOTS('',1,(#4108,#4109),.UNSPECIFIED.,.F.,.F.,(2,2),(0.,0.002),.UNSPECIFIED.);
#4111=EDGE_CURVE('',#4105,#4107,#4110,.T.);
#4112=ORIENTED_EDGE('',*,*,#4111,.T.);
#4113=CARTESIAN_POINT('',(0.,9.5,16.));
#4114=VERTEX_POINT('',#4113);
#4115=CARTESIAN_POINT('',(0.,9.5,16.));
#4116=CARTESIAN_POINT('',(0.,9.5,0.));
#4117=B_SPLINE_CURVE_WITH_KNOTS('',1,(#4115,#4116),.UNSPECIFIED.,.F.,.F.,(2,2),(-0.001,0.015),.UNSPECIFIED.);
#4118=EDGE_CURVE('',#4114,#4107,#4117,.T.);
#4119=ORIENTED_EDGE('',*,*,#4118,.F.);
#4120=CARTESIAN_POINT('',(0.,7.5,16.));
#4121=VERTEX_POINT('',#4120);
#4122=CARTESIAN_POINT('',(0.,7.5,16.));
#4123=CARTESIAN_POINT('',(0.,9.5,16.));
#4124=B_SPLINE_CURVE_WITH_KNOTS('',1,(#4122,#4123),.UNSPECIFIED.,.F.,.F.,(2,2),(0.,0.002),.UNSPECIFIED.);
#4125=EDGE_CURVE('',#4121,#4114,#4124,.T.);
#4126=ORIENTED_EDGE('',*,*,#4125,.F.);
#4127=CARTESIAN_POINT('',(0.,7.5,16.));
#4128=CARTESIAN_POINT('',(0.,7.5,0.));
#4129=B_SPLINE_CURVE_WITH_KNOTS('',1,(#4127,#4128),.UNSPECIFIED.,.F.,.F.,(2,2),(-0.001,0.015),.UNSPECIFIED.);
#4130=EDGE_CURVE('',#4121,#4105,#4129,.T.);
#4131=ORIENTED_EDGE('',*,*,#4130,.T.);
#4132=EDGE_LOOP('',(#4112,#4119,#4126,#4131));
#4133=FACE_BOUND('',#4132,.T.);
#4134=ADVANCED_FACE('',(#4133),#4103,.F.);
#4135=CARTESIAN_POINT('',(-77.,9.5,16.));
#4136=CARTESIAN_POINT('',(0.,9.5,16.));
#4137=CARTESIAN_POINT('',(-77.,9.5,-0.));
#4138=CARTESIAN_POINT('',(0.,9.5,-0.));
#4139=B_SPLINE_SURFACE_WITH_KNOTS('',1,1,((#4135,#4136),(#4137,#4138)),.UNSPECIFIED.,.F.,.F.,.U.,(2,2),(2,2),(-0.001,0.015),(-0.077,0.),.UNSPECIFIED.);
#4140=ORIENTED_EDGE('',*,*,#3974,.F.);
#4141=CARTESIAN_POINT('',(-52.647465745,9.5,6.3));
#4142=VERTEX_POINT('',#4141);
#4143=CARTESIAN_POINT('',(-77.,9.5,6.3));
#4144=CARTESIAN_POINT('',(-52.647465745,9.5,6.3));
#4145=B_SPLINE_CURVE_WITH_KNOTS('',1,(#4143,#4144),.UNSPECIFIED.,.F.,.F.,(2,2),(-0.077,-0.052647466),.UNSPECIFIED.);
#4146=EDGE_CURVE('',#3961,#4142,#4145,.T.);
#4147=ORIENTED_EDGE('',*,*,#4146,.T.);
#4148=CARTESIAN_POINT('',(-52.,9.5,6.947465745));
#4149=VERTEX_POINT('',#4148);
#4150=CARTESIAN_POINT('',(-52.647465745,9.5,6.3));
#4151=CARTESIAN_POINT('',(-52.,9.5,6.3));
#4152=CARTESIAN_POINT('',(-52.,9.5,6.947465745));
#4153=(BOUNDED_CURVE()
B_SPLINE_CURVE(2,(#4150,#4151,#4152),.UNSPECIFIED.,.F.,.F.)
B_SPLINE_CURVE_WITH_KNOTS((3,3),(6.283185307,7.853981634),.UNSPECIFIED.)
CURVE()
GEOMETRIC_REPRESENTATION_ITEM()
RATIONAL_B_SPLINE_CURVE((1.,0.707106781,1.))
REPRESENTATION_ITEM(''));
#4154=EDGE_CURVE('',#4142,#4149,#4153,.T.);
#4155=ORIENTED_EDGE('',*,*,#4154,.T.);
#4156=CARTESIAN_POINT('',(-52.,9.5,7.652534255));
#4157=VERTEX_POINT('',#4156);
#4158=CARTESIAN_POINT('',(-52.,9.5,6.947465745));
#4159=CARTESIAN_POINT('',(-52.,9.5,7.652534255));
#4160=B_SPLINE_CURVE_WITH_KNOTS('',1,(#4158,#4159),.UNSPECIFIED.,.F.,.F.,(2,2),(-0.008052534,-0.007347466),.UNSPECIFIED.);
#4161=EDGE_CURVE('',#4149,#4157,#4160,.T.);
#4162=ORIENTED_EDGE('',*,*,#4161,.T.);
#4163=CARTESIAN_POINT('',(-52.647465745,9.5,8.3));
#4164=VERTEX_POINT('',#4163);
#4165=CARTESIAN_POINT('',(-52.,9.5,7.652534255));
#4166=CARTESIAN_POINT('',(-52.,9.5,8.3));
#4167=CARTESIAN_POINT('',(-52.647465745,9.5,8.3));
#4168=(BOUNDED_CURVE()
B_SPLINE_CURVE(2,(#4165,#4166,#4167),.UNSPECIFIED.,.F.,.F.)
B_SPLINE_CURVE_WITH_KNOTS((3,3),(1.570796327,3.141592654),.UNSPECIFIED.)
CURVE()
GEOMETRIC_REPRESENTATION_ITEM()
RATIONAL_B_SPLINE_CURVE((1.,0.707106781,1.))
REPRESENTATION_ITEM(''));
#4169=EDGE_CURVE('',#4157,#4164,#4168,.T.);
#4170=ORIENTED_EDGE('',*,*,#4169,.T.);
#4171=CARTESIAN_POINT('',(-77.,9.5,8.3));
#4172=VERTEX_POINT('',#4171);
#4173=CARTESIAN_POINT('',(-52.647465745,9.5,8.3));
#4174=CARTESIAN_POINT('',(-77.,9.5,8.3));
#4175=B_SPLINE_CURVE_WITH_KNOTS('',1,(#4173,#4174),.UNSPECIFIED.,.F.,.F.,(2,2),(0.052647466,0.077),.UNSPECIFIED.);
#4176=EDGE_CURVE('',#4164,#4172,#4175,.T.);
#4177=ORIENTED_EDGE('',*,*,#4176,.T.);
#4178=CARTESIAN_POINT('',(-77.,9.5,16.));
#4179=VERTEX_POINT('',#4178);
#4180=CARTESIAN_POINT('',(-77.,9.5,16.));
#4181=CARTESIAN_POINT('',(-77.,9.5,8.3));
#4182=B_SPLINE_CURVE_WITH_KNOTS('',1,(#4180,#4181),.UNSPECIFIED.,.F.,.F.,(2,2),(-0.001,0.0067),.UNSPECIFIED.);
#4183=EDGE_CURVE('',#4179,#4172,#4182,.T.);
#4184=ORIENTED_EDGE('',*,*,#4183,.F.);
#4185=CARTESIAN_POINT('',(0.,9.5,16.));
#4186=CARTESIAN_POINT('',(-77.,9.5,16.));
#4187=B_SPLINE_CURVE_WITH_KNOTS('',1,(#4185,#4186),.UNSPECIFIED.,.F.,.F.,(2,2),(0.,0.077),.UNSPECIFIED.);
#4188=EDGE_CURVE('',#4114,#4179,#4187,.T.);
#4189=ORIENTED_EDGE('',*,*,#4188,.F.);
#4190=ORIENTED_EDGE('',*,*,#4118,.T.);
#4191=CARTESIAN_POINT('',(0.,9.5,0.));
#4192=CARTESIAN_POINT('',(-77.,9.5,0.));
#4193=B_SPLINE_CURVE_WITH_KNOTS('',1,(#4191,#4192),.UNSPECIFIED.,.F.,.F.,(2,2),(0.,0.077),.UNSPECIFIED.);
#4194=EDGE_CURVE('',#4107,#3970,#4193,.T.);
#4195=ORIENTED_EDGE('',*,*,#4194,.T.);
#4196=EDGE_LOOP('',(#4140,#4147,#4155,#4162,#4170,#4177,#4184,#4189,#4190,#4195));
#4197=FACE_BOUND('',#4196,.T.);
#4198=ADVANCED_FACE('',(#4197),#4139,.F.);
#4199=CARTESIAN_POINT('',(-77.,-9.5,16.));
#4200=CARTESIAN_POINT('',(-77.,9.5,16.));
#4201=CARTESIAN_POINT('',(-77.,-9.5,8.3));
#4202=CARTESIAN_POINT('',(-77.,9.5,8.3));
#4203=B_SPLINE_SURFACE_WITH_KNOTS('',1,1,((#4199,#4200),(#4201,#4202)),.UNSPECIFIED.,.F.,.F.,.U.,(2,2),(2,2),(-0.001,0.0067),(-0.019,0.),.UNSPECIFIED.);
#4204=ORIENTED_EDGE('',*,*,#4183,.T.);
#4205=CARTESIAN_POINT('',(-77.,9.5,8.3));
#4206=CARTESIAN_POINT('',(-77.,-9.5,8.3));
#4207=B_SPLINE_CURVE_WITH_KNOTS('',1,(#4205,#4206),.UNSPECIFIED.,.F.,.F.,(2,2),(0.068490558,0.087490558),.UNSPECIFIED.);
#4208=EDGE_CURVE('',#4172,#4026,#4207,.T.);
#4209=ORIENTED_EDGE('',*,*,#4208,.T.);
#4210=ORIENTED_EDGE('',*,*,#4030,.F.);
#4211=CARTESIAN_POINT('',(-77.,9.5,16.));
#4212=CARTESIAN_POINT('',(-77.,-9.5,16.));
#4213=B_SPLINE_CURVE_WITH_KNOTS('',1,(#4211,#4212),.UNSPECIFIED.,.F.,.F.,(2,2),(0.,0.019),.UNSPECIFIED.);
#4214=EDGE_CURVE('',#4179,#4019,#4213,.T.);
#4215=ORIENTED_EDGE('',*,*,#4214,.F.);
#4216=EDGE_LOOP('',(#4204,#4209,#4210,#4215));
#4217=FACE_BOUND('',#4216,.T.);
#4218=ADVANCED_FACE('',(#4217),#4203,.F.);
#4219=CARTESIAN_POINT('',(0.,-9.5,0.));
#4220=CARTESIAN_POINT('',(0.,-7.5,0.));
#4221=CARTESIAN_POINT('',(0.,-9.5,16.));
#4222=CARTESIAN_POINT('',(0.,-7.5,16.));
#4223=B_SPLINE_SURFACE_WITH_KNOTS('',1,1,((#4219,#4220),(#4221,#4222)),.UNSPECIFIED.,.F.,.F.,.U.,(2,2),(2,2),(-0.015,0.001),(-0.,0.002),.UNSPECIFIED.);
#4224=CARTESIAN_POINT('',(0.,-7.5,0.));
#4225=VERTEX_POINT('',#4224);
#4226=CARTESIAN_POINT('',(0.,-9.5,0.));
#4227=CARTESIAN_POINT('',(0.,-7.5,0.));
#4228=B_SPLINE_CURVE_WITH_KNOTS('',1,(#4226,#4227),.UNSPECIFIED.,.F.,.F.,(2,2),(0.,0.002),.UNSPECIFIED.);
#4229=EDGE_CURVE('',#4005,#4225,#4228,.T.);
#4230=ORIENTED_EDGE('',*,*,#4229,.T.);
#4231=CARTESIAN_POINT('',(0.,-7.5,16.));
#4232=VERTEX_POINT('',#4231);
#4233=CARTESIAN_POINT('',(0.,-7.5,16.));
#4234=CARTESIAN_POINT('',(0.,-7.5,0.));
#4235=B_SPLINE_CURVE_WITH_KNOTS('',1,(#4233,#4234),.UNSPECIFIED.,.F.,.F.,(2,2),(-0.001,0.015),.UNSPECIFIED.);
#4236=EDGE_CURVE('',#4232,#4225,#4235,.T.);
#4237=ORIENTED_EDGE('',*,*,#4236,.F.);
#4238=CARTESIAN_POINT('',(0.,-9.5,16.));
#4239=CARTESIAN_POINT('',(0.,-7.5,16.));
#4240=B_SPLINE_CURVE_WITH_KNOTS('',1,(#4238,#4239),.UNSPECIFIED.,.F.,.F.,(2,2),(0.,0.002),.UNSPECIFIED.);
#4241=EDGE_CURVE('',#4012,#4232,#4240,.T.);
#4242=ORIENTED_EDGE('',*,*,#4241,.F.);
#4243=ORIENTED_EDGE('',*,*,#4016,.T.);
#4244=EDGE_LOOP('',(#4230,#4237,#4242,#4243));
#4245=FACE_BOUND('',#4244,.T.);
#4246=ADVANCED_FACE('',(#4245),#4223,.F.);
#4247=CARTESIAN_POINT('',(-75.,-7.5,-0.));
#4248=CARTESIAN_POINT('',(0.,-7.5,-0.));
#4249=CARTESIAN_POINT('',(-75.,-7.5,16.));
#4250=CARTESIAN_POINT('',(0.,-7.5,16.));
#4251=B_SPLINE_SURFACE_WITH_KNOTS('',1,1,((#4247,#4248),(#4249,#4250)),.UNSPECIFIED.,.F.,.F.,.U.,(2,2),(2,2),(-0.015,0.001),(0.,0.075),.UNSPECIFIED.);
#4252=CARTESIAN_POINT('',(-52.647465745,-7.5,6.3));
#4253=VERTEX_POINT('',#4252);
#4254=CARTESIAN_POINT('',(-52.647465745,-7.5,6.3));
#4255=CARTESIAN_POINT('',(-75.,-7.5,6.3));
#4256=B_SPLINE_CURVE_WITH_KNOTS('',1,(#4254,#4255),.UNSPECIFIED.,.F.,.F.,(2,2),(-0.022352534,0.),.UNSPECIFIED.);
#4257=EDGE_CURVE('',#4253,#4069,#4256,.T.);
#4258=ORIENTED_EDGE('',*,*,#4257,.F.);
#4259=CARTESIAN_POINT('',(-52.,-7.5,6.947465745));
#4260=VERTEX_POINT('',#4259);
#4261=CARTESIAN_POINT('',(-52.647465745,-7.5,6.3));
#4262=CARTESIAN_POINT('',(-52.,-7.5,6.3));
#4263=CARTESIAN_POINT('',(-52.,-7.5,6.947465745));
#4264=(BOUNDED_CURVE()
B_SPLINE_CURVE(2,(#4261,#4262,#4263),.UNSPECIFIED.,.F.,.F.)
B_SPLINE_CURVE_WITH_KNOTS((3,3),(1.570796327,3.141592654),.UNSPECIFIED.)
CURVE()
GEOMETRIC_REPRESENTATION_ITEM()
RATIONAL_B_SPLINE_CURVE((1.,0.707106781,1.))
REPRESENTATION_ITEM(''));
#4265=EDGE_CURVE('',#4253,#4260,#4264,.T.);
#4266=ORIENTED_EDGE('',*,*,#4265,.T.);
#4267=CARTESIAN_POINT('',(-52.,-7.5,7.652534255));
#4268=VERTEX_POINT('',#4267);
#4269=CARTESIAN_POINT('',(-52.,-7.5,7.652534255));
#4270=CARTESIAN_POINT('',(-52.,-7.5,6.947465745));
#4271=B_SPLINE_CURVE_WITH_KNOTS('',1,(#4269,#4270),.UNSPECIFIED.,.F.,.F.,(2,2),(0.007347466,0.008052534),.UNSPECIFIED.);
#4272=EDGE_CURVE('',#4268,#4260,#4271,.T.);
#4273=ORIENTED_EDGE('',*,*,#4272,.F.);
#4274=CARTESIAN_POINT('',(-52.647465745,-7.5,8.3));
#4275=VERTEX_POINT('',#4274);
#4276=CARTESIAN_POINT('',(-52.,-7.5,7.652534255));
#4277=CARTESIAN_POINT('',(-52.,-7.5,8.3));
#4278=CARTESIAN_POINT('',(-52.647465745,-7.5,8.3));
#4279=(BOUNDED_CURVE()
B_SPLINE_CURVE(2,(#4276,#4277,#4278),.UNSPECIFIED.,.F.,.F.)
B_SPLINE_CURVE_WITH_KNOTS((3,3),(6.283185307,7.853981634),.UNSPECIFIED.)
CURVE()
GEOMETRIC_REPRESENTATION_ITEM()
RATIONAL_B_SPLINE_CURVE((1.,0.707106781,1.))
REPRESENTATION_ITEM(''));
#4280=EDGE_CURVE('',#4268,#4275,#4279,.T.);
#4281=ORIENTED_EDGE('',*,*,#4280,.T.);
#4282=CARTESIAN_POINT('',(-75.,-7.5,8.3));
#4283=VERTEX_POINT('',#4282);
#4284=CARTESIAN_POINT('',(-75.,-7.5,8.3));
#4285=CARTESIAN_POINT('',(-52.647465745,-7.5,8.3));
#4286=B_SPLINE_CURVE_WITH_KNOTS('',1,(#4284,#4285),.UNSPECIFIED.,.F.,.F.,(2,2),(0.,0.022352534),.UNSPECIFIED.);
#4287=EDGE_CURVE('',#4283,#4275,#4286,.T.);
#4288=ORIENTED_EDGE('',*,*,#4287,.F.);
#4289=CARTESIAN_POINT('',(-75.,-7.5,16.));
#4290=VERTEX_POINT('',#4289);
#4291=CARTESIAN_POINT('',(-75.,-7.5,16.));
#4292=CARTESIAN_POINT('',(-75.,-7.5,8.3));
#4293=B_SPLINE_CURVE_WITH_KNOTS('',1,(#4291,#4292),.UNSPECIFIED.,.F.,.F.,(2,2),(-0.0067,0.001),.UNSPECIFIED.);
#4294=EDGE_CURVE('',#4290,#4283,#4293,.T.);
#4295=ORIENTED_EDGE('',*,*,#4294,.F.);
#4296=CARTESIAN_POINT('',(-75.,-7.5,16.));
#4297=CARTESIAN_POINT('',(0.,-7.5,16.));
#4298=B_SPLINE_CURVE_WITH_KNOTS('',1,(#4296,#4297),.UNSPECIFIED.,.F.,.F.,(2,2),(0.,0.075),.UNSPECIFIED.);
#4299=EDGE_CURVE('',#4290,#4232,#4298,.T.);
#4300=ORIENTED_EDGE('',*,*,#4299,.T.);
#4301=ORIENTED_EDGE('',*,*,#4236,.T.);
#4302=CARTESIAN_POINT('',(-75.,-7.5,0.));
#4303=CARTESIAN_POINT('',(0.,-7.5,0.));
#4304=B_SPLINE_CURVE_WITH_KNOTS('',1,(#4302,#4303),.UNSPECIFIED.,.F.,.F.,(2,2),(0.,0.075),.UNSPECIFIED.);
#4305=EDGE_CURVE('',#4078,#4225,#4304,.T.);
#4306=ORIENTED_EDGE('',*,*,#4305,.F.);
#4307=ORIENTED_EDGE('',*,*,#4082,.F.);
#4308=EDGE_LOOP('',(#4258,#4266,#4273,#4281,#4288,#4295,#4300,#4301,#4306,#4307));
#4309=FACE_BOUND('',#4308,.T.);
#4310=ADVANCED_FACE('',(#4309),#4251,.T.);
#4311=CARTESIAN_POINT('',(-75.,-7.5,16.));
#4312=CARTESIAN_POINT('',(-75.,7.5,16.));
#4313=CARTESIAN_POINT('',(-75.,-7.5,8.3));
#4314=CARTESIAN_POINT('',(-75.,7.5,8.3));
#4315=B_SPLINE_SURFACE_WITH_KNOTS('',1,1,((#4311,#4312),(#4313,#4314)),.UNSPECIFIED.,.F.,.F.,.U.,(2,2),(2,2),(-0.001,0.0067),(-0.0075,0.0075),.UNSPECIFIED.);
#4316=CARTESIAN_POINT('',(-75.,7.5,8.3));
#4317=VERTEX_POINT('',#4316);
#4318=CARTESIAN_POINT('',(-75.,7.5,8.3));
#4319=CARTESIAN_POINT('',(-75.,-7.5,8.3));
#4320=B_SPLINE_CURVE_WITH_KNOTS('',1,(#4318,#4319),.UNSPECIFIED.,.F.,.F.,(2,2),(-0.0075,0.0075),.UNSPECIFIED.);
#4321=EDGE_CURVE('',#4317,#4283,#4320,.T.);
#4322=ORIENTED_EDGE('',*,*,#4321,.F.);
#4323=CARTESIAN_POINT('',(-75.,7.5,16.));
#4324=VERTEX_POINT('',#4323);
#4325=CARTESIAN_POINT('',(-75.,7.5,16.));
#4326=CARTESIAN_POINT('',(-75.,7.5,8.3));
#4327=B_SPLINE_CURVE_WITH_KNOTS('',1,(#4325,#4326),.UNSPECIFIED.,.F.,.F.,(2,2),(-0.001,0.0067),.UNSPECIFIED.);
#4328=EDGE_CURVE('',#4324,#4317,#4327,.T.);
#4329=ORIENTED_EDGE('',*,*,#4328,.F.);
#4330=CARTESIAN_POINT('',(-75.,7.5,16.));
#4331=CARTESIAN_POINT('',(-75.,-7.5,16.));
#4332=B_SPLINE_CURVE_WITH_KNOTS('',1,(#4330,#4331),.UNSPECIFIED.,.F.,.F.,(2,2),(-0.0075,0.0075),.UNSPECIFIED.);
#4333=EDGE_CURVE('',#4324,#4290,#4332,.T.);
#4334=ORIENTED_EDGE('',*,*,#4333,.T.);
#4335=ORIENTED_EDGE('',*,*,#4294,.T.);
#4336=EDGE_LOOP('',(#4322,#4329,#4334,#4335));
#4337=FACE_BOUND('',#4336,.T.);
#4338=ADVANCED_FACE('',(#4337),#4315,.T.);
#4339=CARTESIAN_POINT('',(-75.,7.5,-0.));
#4340=CARTESIAN_POINT('',(0.,7.5,-0.));
#4341=CARTESIAN_POINT('',(-75.,7.5,16.));
#4342=CARTESIAN_POINT('',(0.,7.5,16.));
#4343=B_SPLINE_SURFACE_WITH_KNOTS('',1,1,((#4339,#4340),(#4341,#4342)),.UNSPECIFIED.,.F.,.F.,.U.,(2,2),(2,2),(-0.015,0.001),(0.,0.075),.UNSPECIFIED.);
#4344=CARTESIAN_POINT('',(-52.647465745,7.5,8.3));
#4345=VERTEX_POINT('',#4344);
#4346=CARTESIAN_POINT('',(-75.,7.5,8.3));
#4347=CARTESIAN_POINT('',(-52.647465745,7.5,8.3));
#4348=B_SPLINE_CURVE_WITH_KNOTS('',1,(#4346,#4347),.UNSPECIFIED.,.F.,.F.,(2,2),(0.,0.022352534),.UNSPECIFIED.);
#4349=EDGE_CURVE('',#4317,#4345,#4348,.T.);
#4350=ORIENTED_EDGE('',*,*,#4349,.T.);
#4351=CARTESIAN_POINT('',(-52.,7.5,7.652534255));
#4352=VERTEX_POINT('',#4351);
#4353=CARTESIAN_POINT('',(-52.647465745,7.5,8.3));
#4354=CARTESIAN_POINT('',(-52.,7.5,8.3));
#4355=CARTESIAN_POINT('',(-52.,7.5,7.652534255));
#4356=(BOUNDED_CURVE()
B_SPLINE_CURVE(2,(#4353,#4354,#4355),.UNSPECIFIED.,.F.,.F.)
B_SPLINE_CURVE_WITH_KNOTS((3,3),(6.283185307,7.853981634),.UNSPECIFIED.)
CURVE()
GEOMETRIC_REPRESENTATION_ITEM()
RATIONAL_B_SPLINE_CURVE((1.,0.707106781,1.))
REPRESENTATION_ITEM(''));
#4357=EDGE_CURVE('',#4345,#4352,#4356,.T.);
#4358=ORIENTED_EDGE('',*,*,#4357,.T.);
#4359=CARTESIAN_POINT('',(-52.,7.5,6.947465745));
#4360=VERTEX_POINT('',#4359);
#4361=CARTESIAN_POINT('',(-52.,7.5,7.652534255));
#4362=CARTESIAN_POINT('',(-52.,7.5,6.947465745));
#4363=B_SPLINE_CURVE_WITH_KNOTS('',1,(#4361,#4362),.UNSPECIFIED.,.F.,.F.,(2,2),(0.007347466,0.008052534),.UNSPECIFIED.);
#4364=EDGE_CURVE('',#4352,#4360,#4363,.T.);
#4365=ORIENTED_EDGE('',*,*,#4364,.T.);
#4366=CARTESIAN_POINT('',(-52.647465745,7.5,6.3));
#4367=VERTEX_POINT('',#4366);
#4368=CARTESIAN_POINT('',(-52.,7.5,6.947465745));
#4369=CARTESIAN_POINT('',(-52.,7.5,6.3));
#4370=CARTESIAN_POINT('',(-52.647465745,7.5,6.3));
#4371=(BOUNDED_CURVE()
B_SPLINE_CURVE(2,(#4368,#4369,#4370),.UNSPECIFIED.,.F.,.F.)
B_SPLINE_CURVE_WITH_KNOTS((3,3),(1.570796327,3.141592654),.UNSPECIFIED.)
CURVE()
GEOMETRIC_REPRESENTATION_ITEM()
RATIONAL_B_SPLINE_CURVE((1.,0.707106781,1.))
REPRESENTATION_ITEM(''));
#4372=EDGE_CURVE('',#4360,#4367,#4371,.T.);
#4373=ORIENTED_EDGE('',*,*,#4372,.T.);
#4374=CARTESIAN_POINT('',(-52.647465745,7.5,6.3));
#4375=CARTESIAN_POINT('',(-75.,7.5,6.3));
#4376=B_SPLINE_CURVE_WITH_KNOTS('',1,(#4374,#4375),.UNSPECIFIED.,.F.,.F.,(2,2),(-0.022352534,0.),.UNSPECIFIED.);
#4377=EDGE_CURVE('',#4367,#4071,#4376,.T.);
#4378=ORIENTED_EDGE('',*,*,#4377,.T.);
#4379=ORIENTED_EDGE('',*,*,#4094,.T.);
#4380=CARTESIAN_POINT('',(-75.,7.5,0.));
#4381=CARTESIAN_POINT('',(0.,7.5,0.));
#4382=B_SPLINE_CURVE_WITH_KNOTS('',1,(#4380,#4381),.UNSPECIFIED.,.F.,.F.,(2,2),(0.,0.075),.UNSPECIFIED.);
#4383=EDGE_CURVE('',#4085,#4105,#4382,.T.);
#4384=ORIENTED_EDGE('',*,*,#4383,.T.);
#4385=ORIENTED_EDGE('',*,*,#4130,.F.);
#4386=CARTESIAN_POINT('',(-75.,7.5,16.));
#4387=CARTESIAN_POINT('',(0.,7.5,16.));
#4388=B_SPLINE_CURVE_WITH_KNOTS('',1,(#4386,#4387),.UNSPECIFIED.,.F.,.F.,(2,2),(0.,0.075),.UNSPECIFIED.);
#4389=EDGE_CURVE('',#4324,#4121,#4388,.T.);
#4390=ORIENTED_EDGE('',*,*,#4389,.F.);
#4391=ORIENTED_EDGE('',*,*,#4328,.T.);
#4392=EDGE_LOOP('',(#4350,#4358,#4365,#4373,#4378,#4379,#4384,#4385,#4390,#4391));
#4393=FACE_BOUND('',#4392,.T.);
#4394=ADVANCED_FACE('',(#4393),#4343,.F.);
#4395=CARTESIAN_POINT('',(-77.,-9.5,16.));
#4396=CARTESIAN_POINT('',(-77.,9.5,16.));
#4397=CARTESIAN_POINT('',(0.,-9.5,16.));
#4398=CARTESIAN_POINT('',(0.,9.5,16.));
#4399=B_SPLINE_SURFACE_WITH_KNOTS('',1,1,((#4395,#4396),(#4397,#4398)),.UNSPECIFIED.,.F.,.F.,.U.,(2,2),(2,2),(-0.077,0.),(-0.0095,0.0095),.UNSPECIFIED.);
#4400=ORIENTED_EDGE('',*,*,#4125,.T.);
#4401=ORIENTED_EDGE('',*,*,#4188,.T.);
#4402=ORIENTED_EDGE('',*,*,#4214,.T.);
#4403=ORIENTED_EDGE('',*,*,#4023,.T.);
#4404=ORIENTED_EDGE('',*,*,#4241,.T.);
#4405=ORIENTED_EDGE('',*,*,#4299,.F.);
#4406=ORIENTED_EDGE('',*,*,#4333,.F.);
#4407=ORIENTED_EDGE('',*,*,#4389,.T.);
#4408=EDGE_LOOP('',(#4400,#4401,#4402,#4403,#4404,#4405,#4406,#4407));
#4409=FACE_BOUND('',#4408,.T.);
#4410=ADVANCED_FACE('',(#4409),#4399,.T.);
#4411=CARTESIAN_POINT('',(-77.,-9.5,0.));
#4412=CARTESIAN_POINT('',(-77.,9.5,0.));
#4413=CARTESIAN_POINT('',(0.,-9.5,0.));
#4414=CARTESIAN_POINT('',(0.,9.5,0.));
#4415=B_SPLINE_SURFACE_WITH_KNOTS('',1,1,((#4411,#4412),(#4413,#4414)),.UNSPECIFIED.,.F.,.F.,.U.,(2,2),(2,2),(-0.077,0.),(-0.0095,0.0095),.UNSPECIFIED.);
#4416=ORIENTED_EDGE('',*,*,#4111,.F.);
#4417=ORIENTED_EDGE('',*,*,#4383,.F.);
#4418=ORIENTED_EDGE('',*,*,#4089,.T.);
#4419=ORIENTED_EDGE('',*,*,#4305,.T.);
#4420=ORIENTED_EDGE('',*,*,#4229,.F.);
#4421=ORIENTED_EDGE('',*,*,#4009,.F.);
#4422=ORIENTED_EDGE('',*,*,#3981,.F.);
#4423=ORIENTED_EDGE('',*,*,#4194,.F.);
#4424=EDGE_LOOP('',(#4416,#4417,#4418,#4419,#4420,#4421,#4422,#4423));
#4425=FACE_BOUND('',#4424,.T.);
#4426=ADVANCED_FACE('',(#4425),#4415,.F.);
#4427=CARTESIAN_POINT('',(-52.647465745,-9.5,6.3));
#4428=CARTESIAN_POINT('',(-52.647465745,9.5,6.3));
#4429=CARTESIAN_POINT('',(-77.,-9.5,6.3));
#4430=CARTESIAN_POINT('',(-77.,9.5,6.3));
#4431=B_SPLINE_SURFACE_WITH_KNOTS('',1,1,((#4427,#4428),(#4429,#4430)),.UNSPECIFIED.,.F.,.F.,.U.,(2,2),(2,2),(-0.024352534,0.),(-0.087490558,-0.068490558),.UNSPECIFIED.);
#4432=ORIENTED_EDGE('',*,*,#4001,.T.);
#4433=CARTESIAN_POINT('',(-52.647465745,-9.5,6.3));
#4434=CARTESIAN_POINT('',(-52.647465745,-7.5,6.3));
#4435=B_SPLINE_CURVE_WITH_KNOTS('',1,(#4433,#4434),.UNSPECIFIED.,.F.,.F.,(2,2),(0.,0.002),.UNSPECIFIED.);
#4436=EDGE_CURVE('',#3997,#4253,#4435,.T.);
#4437=ORIENTED_EDGE('',*,*,#4436,.T.);
#4438=ORIENTED_EDGE('',*,*,#4257,.T.);
#4439=ORIENTED_EDGE('',*,*,#4075,.T.);
#4440=ORIENTED_EDGE('',*,*,#4377,.F.);
#4441=CARTESIAN_POINT('',(-52.647465745,7.5,6.3));
#4442=CARTESIAN_POINT('',(-52.647465745,9.5,6.3));
#4443=B_SPLINE_CURVE_WITH_KNOTS('',1,(#4441,#4442),.UNSPECIFIED.,.F.,.F.,(2,2),(0.,0.002),.UNSPECIFIED.);
#4444=EDGE_CURVE('',#4367,#4142,#4443,.T.);
#4445=ORIENTED_EDGE('',*,*,#4444,.T.);
#4446=ORIENTED_EDGE('',*,*,#4146,.F.);
#4447=ORIENTED_EDGE('',*,*,#3967,.T.);
#4448=EDGE_LOOP('',(#4432,#4437,#4438,#4439,#4440,#4445,#4446,#4447));
#4449=FACE_BOUND('',#4448,.T.);
#4450=ADVANCED_FACE('',(#4449),#4431,.F.);
#4451=CARTESIAN_POINT('',(-52.,7.5,7.652534255));
#4452=CARTESIAN_POINT('',(-52.,9.5,7.652534255));
#4453=CARTESIAN_POINT('',(-52.,7.5,6.947465745));
#4454=CARTESIAN_POINT('',(-52.,9.5,6.947465745));
#4455=B_SPLINE_SURFACE_WITH_KNOTS('',1,1,((#4451,#4452),(#4453,#4454)),.UNSPECIFIED.,.F.,.F.,.U.,(2,2),(2,2),(-0.001352534,-0.000647466),(-0.070490558,-0.068490558),.UNSPECIFIED.);
#4456=ORIENTED_EDGE('',*,*,#4364,.F.);
#4457=CARTESIAN_POINT('',(-52.,7.5,7.652534255));
#4458=CARTESIAN_POINT('',(-52.,9.5,7.652534255));
#4459=B_SPLINE_CURVE_WITH_KNOTS('',1,(#4457,#4458),.UNSPECIFIED.,.F.,.F.,(2,2),(0.,0.002),.UNSPECIFIED.);
#4460=EDGE_CURVE('',#4352,#4157,#4459,.T.);
#4461=ORIENTED_EDGE('',*,*,#4460,.T.);
#4462=ORIENTED_EDGE('',*,*,#4161,.F.);
#4463=CARTESIAN_POINT('',(-52.,9.5,6.947465745));
#4464=CARTESIAN_POINT('',(-52.,7.5,6.947465745));
#4465=B_SPLINE_CURVE_WITH_KNOTS('',1,(#4463,#4464),.UNSPECIFIED.,.F.,.F.,(2,2),(-0.002,0.),.UNSPECIFIED.);
#4466=EDGE_CURVE('',#4149,#4360,#4465,.T.);
#4467=ORIENTED_EDGE('',*,*,#4466,.T.);
#4468=EDGE_LOOP('',(#4456,#4461,#4462,#4467));
#4469=FACE_BOUND('',#4468,.T.);
#4470=ADVANCED_FACE('',(#4469),#4455,.F.);
#4471=CARTESIAN_POINT('',(-77.,-9.5,8.3));
#4472=CARTESIAN_POINT('',(-77.,9.5,8.3));
#4473=CARTESIAN_POINT('',(-52.647465745,-9.5,8.3));
#4474=CARTESIAN_POINT('',(-52.647465745,9.5,8.3));
#4475=B_SPLINE_SURFACE_WITH_KNOTS('',1,1,((#4471,#4472),(#4473,#4474)),.UNSPECIFIED.,.F.,.F.,.U.,(2,2),(2,2),(-0.025,-0.000647466),(-0.087490558,-0.068490558),.UNSPECIFIED.);
#4476=ORIENTED_EDGE('',*,*,#4287,.T.);
#4477=CARTESIAN_POINT('',(-52.647465745,-7.5,8.3));
#4478=CARTESIAN_POINT('',(-52.647465745,-9.5,8.3));
#4479=B_SPLINE_CURVE_WITH_KNOTS('',1,(#4477,#4478),.UNSPECIFIED.,.F.,.F.,(2,2),(-0.002,0.),.UNSPECIFIED.);
#4480=EDGE_CURVE('',#4275,#4033,#4479,.T.);
#4481=ORIENTED_EDGE('',*,*,#4480,.T.);
#4482=ORIENTED_EDGE('',*,*,#4037,.T.);
#4483=ORIENTED_EDGE('',*,*,#4208,.F.);
#4484=ORIENTED_EDGE('',*,*,#4176,.F.);
#4485=CARTESIAN_POINT('',(-52.647465745,9.5,8.3));
#4486=CARTESIAN_POINT('',(-52.647465745,7.5,8.3));
#4487=B_SPLINE_CURVE_WITH_KNOTS('',1,(#4485,#4486),.UNSPECIFIED.,.F.,.F.,(2,2),(-0.002,0.),.UNSPECIFIED.);
#4488=EDGE_CURVE('',#4164,#4345,#4487,.T.);
#4489=ORIENTED_EDGE('',*,*,#4488,.T.);
#4490=ORIENTED_EDGE('',*,*,#4349,.F.);
#4491=ORIENTED_EDGE('',*,*,#4321,.T.);
#4492=EDGE_LOOP('',(#4476,#4481,#4482,#4483,#4484,#4489,#4490,#4491));
#4493=FACE_BOUND('',#4492,.T.);
#4494=ADVANCED_FACE('',(#4493),#4475,.F.);
#4495=CARTESIAN_POINT('',(-52.,-9.5,7.652534255));
#4496=CARTESIAN_POINT('',(-52.,-7.5,7.652534255));
#4497=CARTESIAN_POINT('',(-52.,-9.5,6.947465745));
#4498=CARTESIAN_POINT('',(-52.,-7.5,6.947465745));
#4499=B_SPLINE_SURFACE_WITH_KNOTS('',1,1,((#4495,#4496),(#4497,#4498)),.UNSPECIFIED.,.F.,.F.,.U.,(2,2),(2,2),(-0.001352534,-0.000647466),(-0.087490558,-0.085490558),.UNSPECIFIED.);
#4500=ORIENTED_EDGE('',*,*,#4052,.T.);
#4501=CARTESIAN_POINT('',(-52.,-9.5,7.652534255));
#4502=CARTESIAN_POINT('',(-52.,-7.5,7.652534255));
#4503=B_SPLINE_CURVE_WITH_KNOTS('',1,(#4501,#4502),.UNSPECIFIED.,.F.,.F.,(2,2),(0.,0.002),.UNSPECIFIED.);
#4504=EDGE_CURVE('',#4040,#4268,#4503,.T.);
#4505=ORIENTED_EDGE('',*,*,#4504,.T.);
#4506=ORIENTED_EDGE('',*,*,#4272,.T.);
#4507=CARTESIAN_POINT('',(-52.,-7.5,6.947465745));
#4508=CARTESIAN_POINT('',(-52.,-9.5,6.947465745));
#4509=B_SPLINE_CURVE_WITH_KNOTS('',1,(#4507,#4508),.UNSPECIFIED.,.F.,.F.,(2,2),(-0.002,0.),.UNSPECIFIED.);
#4510=EDGE_CURVE('',#4260,#4048,#4509,.T.);
#4511=ORIENTED_EDGE('',*,*,#4510,.T.);
#4512=EDGE_LOOP('',(#4500,#4505,#4506,#4511));
#4513=FACE_BOUND('',#4512,.T.);
#4514=ADVANCED_FACE('',(#4513),#4499,.F.);
#4515=CARTESIAN_POINT('',(-52.647465745,-9.5,8.3));
#4516=CARTESIAN_POINT('',(-52.647465745,-7.5,8.3));
#4517=CARTESIAN_POINT('',(-52.,-9.5,8.3));
#4518=CARTESIAN_POINT('',(-52.,-7.5,8.3));
#4519=CARTESIAN_POINT('',(-52.,-9.5,7.652534255));
#4520=CARTESIAN_POINT('',(-52.,-7.5,7.652534255));
#4521=(BOUNDED_SURFACE()
B_SPLINE_SURFACE(2,1,((#4515,#4516),(#4517,#4518),(#4519,#4520)),.UNSPECIFIED.,.F.,.F.,.U.)
B_SPLINE_SURFACE_WITH_KNOTS((3,3),(2,2),(0.,1.533203626),(-0.087490558,-0.085490558),.UNSPECIFIED.)
GEOMETRIC_REPRESENTATION_ITEM()
RATIONAL_B_SPLINE_SURFACE(((1.,1.),(0.633974596,0.633974596),(0.803847577,0.803847577)))
REPRESENTATION_ITEM('')
SURFACE()
);
#4522=ORIENTED_EDGE('',*,*,#4280,.F.);
#4523=ORIENTED_EDGE('',*,*,#4504,.F.);
#4524=ORIENTED_EDGE('',*,*,#4045,.F.);
#4525=ORIENTED_EDGE('',*,*,#4480,.F.);
#4526=EDGE_LOOP('',(#4522,#4523,#4524,#4525));
#4527=FACE_BOUND('',#4526,.T.);
#4528=ADVANCED_FACE('',(#4527),#4521,.F.);
#4529=CARTESIAN_POINT('',(-52.,-9.5,6.947465745));
#4530=CARTESIAN_POINT('',(-52.,-7.5,6.947465745));
#4531=CARTESIAN_POINT('',(-52.,-9.5,6.773977822));
#4532=CARTESIAN_POINT('',(-52.,-7.5,6.773977822));
#4533=CARTESIAN_POINT('',(-52.086743962,-9.5,6.623732873));
#4534=CARTESIAN_POINT('',(-52.086743962,-7.5,6.623732873));
#4535=CARTESIAN_POINT('',(-52.273651223,-9.5,6.3));
#4536=CARTESIAN_POINT('',(-52.273651223,-7.5,6.3));
#4537=CARTESIAN_POINT('',(-52.647465745,-9.5,6.3));
#4538=CARTESIAN_POINT('',(-52.647465745,-7.5,6.3));
#4539=(BOUNDED_SURFACE()
B_SPLINE_SURFACE(2,1,((#4529,#4530),(#4531,#4532),(#4533,#4534),(#4535,#4536),(#4537,#4538)),.UNSPECIFIED.,.F.,.F.,.U.)
B_SPLINE_SURFACE_WITH_KNOTS((3,2,3),(2,2),(1.533203626,2.094395102,3.141592654),(-0.087490558,-0.085490558),.UNSPECIFIED.)
GEOMETRIC_REPRESENTATION_ITEM()
RATIONAL_B_SPLINE_SURFACE(((0.803847577,0.803847577),(0.866025404,0.866025404),(1.,1.),(0.75,0.75),(0.75,0.75)))
REPRESENTATION_ITEM('')
SURFACE()
);
#4540=ORIENTED_EDGE('',*,*,#4265,.F.);
#4541=ORIENTED_EDGE('',*,*,#4436,.F.);
#4542=ORIENTED_EDGE('',*,*,#4058,.F.);
#4543=ORIENTED_EDGE('',*,*,#4510,.F.);
#4544=EDGE_LOOP('',(#4540,#4541,#4542,#4543));
#4545=FACE_BOUND('',#4544,.T.);
#4546=ADVANCED_FACE('',(#4545),#4539,.F.);
#4547=CARTESIAN_POINT('',(-52.647465745,7.5,8.3));
#4548=CARTESIAN_POINT('',(-52.647465745,9.5,8.3));
#4549=CARTESIAN_POINT('',(-52.,7.5,8.3));
#4550=CARTESIAN_POINT('',(-52.,9.5,8.3));
#4551=CARTESIAN_POINT('',(-52.,7.5,7.652534255));
#4552=CARTESIAN_POINT('',(-52.,9.5,7.652534255));
#4553=(BOUNDED_SURFACE()
B_SPLINE_SURFACE(2,1,((#4547,#4548),(#4549,#4550),(#4551,#4552)),.UNSPECIFIED.,.F.,.F.,.U.)
B_SPLINE_SURFACE_WITH_KNOTS((3,3),(2,2),(0.,1.533203626),(-0.070490558,-0.068490558),.UNSPECIFIED.)
GEOMETRIC_REPRESENTATION_ITEM()
RATIONAL_B_SPLINE_SURFACE(((1.,1.),(0.633974596,0.633974596),(0.803847577,0.803847577)))
REPRESENTATION_ITEM('')
SURFACE()
);
#4554=ORIENTED_EDGE('',*,*,#4169,.F.);
#4555=ORIENTED_EDGE('',*,*,#4460,.F.);
#4556=ORIENTED_EDGE('',*,*,#4357,.F.);
#4557=ORIENTED_EDGE('',*,*,#4488,.F.);
#4558=EDGE_LOOP('',(#4554,#4555,#4556,#4557));
#4559=FACE_BOUND('',#4558,.T.);
#4560=ADVANCED_FACE('',(#4559),#4553,.F.);
#4561=CARTESIAN_POINT('',(-52.,7.5,6.947465745));
#4562=CARTESIAN_POINT('',(-52.,9.5,6.947465745));
#4563=CARTESIAN_POINT('',(-52.,7.5,6.773977822));
#4564=CARTESIAN_POINT('',(-52.,9.5,6.773977822));
#4565=CARTESIAN_POINT('',(-52.086743962,7.5,6.623732873));
#4566=CARTESIAN_POINT('',(-52.086743962,9.5,6.623732873));
#4567=CARTESIAN_POINT('',(-52.273651223,7.5,6.3));
#4568=CARTESIAN_POINT('',(-52.273651223,9.5,6.3));
#4569=CARTESIAN_POINT('',(-52.647465745,7.5,6.3));
#4570=CARTESIAN_POINT('',(-52.647465745,9.5,6.3));
#4571=(BOUNDED_SURFACE()
B_SPLINE_SURFACE(2,1,((#4561,#4562),(#4563,#4564),(#4565,#4566),(#4567,#4568),(#4569,#4570)),.UNSPECIFIED.,.F.,.F.,.U.)
B_SPLINE_SURFACE_WITH_KNOTS((3,2,3),(2,2),(1.533203626,2.094395102,3.141592654),(-0.070490558,-0.068490558),.UNSPECIFIED.)
GEOMETRIC_REPRESENTATION_ITEM()
RATIONAL_B_SPLINE_SURFACE(((0.803847577,0.803847577),(0.866025404,0.866025404),(1.,1.),(0.75,0.75),(0.75,0.75)))
REPRESENTATION_ITEM('')
SURFACE()
);
#4572=ORIENTED_EDGE('',*,*,#4154,.F.);
#4573=ORIENTED_EDGE('',*,*,#4444,.F.);
#4574=ORIENTED_EDGE('',*,*,#4372,.F.);
#4575=ORIENTED_EDGE('',*,*,#4466,.F.);
#4576=EDGE_LOOP('',(#4572,#4573,#4574,#4575));
#4577=FACE_BOUND('',#4576,.T.);
#4578=ADVANCED_FACE('',(#4577),#4571,.F.);
#4579=CLOSED_SHELL('',(#3990,#4062,#4098,#4134,#4198,#4218,#4246,#4310,#4338,#4394,#4410,#4426,#4450,#4470,#4494,#4514,#4528,#4546,#4560,#4578));
#4580=MANIFOLD_SOLID_BREP('Extruded.001',#4579);
#3954=STYLED_ITEM('',(),#4580);
#16=SHAPE_REPRESENTATION('root',(#15),#10);
#17=ADVANCED_BREP_SHAPE_REPRESENTATION('root',(#164,#495,#608,#721,#1208,#3514,#3741,#3953,#4580),#10);
#4588=SHAPE_REPRESENTATION_RELATIONSHIP('','',#16,#17);
#4589=APPLICATION_CONTEXT('configuration controlled 3D design of mechanical parts and assemblies');
#4590=APPLICATION_PROTOCOL_DEFINITION('international standard','configuration_control_3d_design_ed2_mim',2004,#4589);
#4591=PRODUCT_CONTEXT('',#4589,'mechanical');
#4592=PRODUCT_DEFINITION_CONTEXT('part definition',#4589,'design');
#24=PRODUCT('root','root','',(#4591));
#4593=PRODUCT_RELATED_PRODUCT_CATEGORY('part','',(#24));
#4594=PRODUCT_DEFINITION_FORMATION_WITH_SPECIFIED_SOURCE('','',#24,.NOT_KNOWN.);
#25=PRODUCT_DEFINITION('design','',#4594,#4592);
#23=PRODUCT_DEFINITION_SHAPE('','',#25);
#4595=SHAPE_DEFINITION_REPRESENTATION(#23,#16);
#11=DRAUGHTING_MODEL('',(),#10);
#1=MECHANICAL_DESIGN_GEOMETRIC_PRESENTATION_REPRESENTATION('',(#26,#165,#496,#609,#722,#1209,#3515,#3742,#3954),#10);
ENDSEC;
END-ISO-10303-21;
