ISO-10303-21;
HEADER;
FILE_DESCRIPTION(('FreeCAD Model'),'2;1');
FILE_NAME('Open CASCADE Shape Model','2024-10-26T21:24:12',(''),(''),
  'Open CASCADE STEP processor 7.7','FreeCAD','Unknown');
FILE_SCHEMA(('AUTOMOTIVE_DESIGN { 1 0 10303 214 1 1 1 1 }'));
ENDSEC;
DATA;
#1 = APPLICATION_PROTOCOL_DEFINITION('international standard',
  'automotive_design',2000,#2);
#2 = APPLICATION_CONTEXT(
  'core data for automotive mechanical design processes');
#3 = SHAPE_DEFINITION_REPRESENTATION(#4,#10);
#4 = PRODUCT_DEFINITION_SHAPE('','',#5);
#5 = PRODUCT_DEFINITION('design','',#6,#9);
#6 = PRODUCT_DEFINITION_FORMATION('','',#7);
#7 = PRODUCT(
'STEMFIE Construction Standard - Template - Thread - Female 15mm 
Stackable [7mm hole Horizontal] - SCS-TPL-0018 (stemfie.org)',
'STEMFIE Construction Standard - Template - Thread - Female 15mm 
Stackable [7mm hole Horizontal] - SCS-TPL-0018 (stemfie.org)','',(#8));
#8 = PRODUCT_CONTEXT('',#2,'mechanical');
#9 = PRODUCT_DEFINITION_CONTEXT('part definition',#2,'design');
#10 = ADVANCED_BREP_SHAPE_REPRESENTATION('',(#11,#15),#2520);
#11 = AXIS2_PLACEMENT_3D('',#12,#13,#14);
#12 = CARTESIAN_POINT('',(0.,0.,0.));
#13 = DIRECTION('',(0.,0.,1.));
#14 = DIRECTION('',(1.,0.,-0.));
#15 = MANIFOLD_SOLID_BREP('',#16);
#16 = CLOSED_SHELL('',(#17,#168,#217,#326,#435,#543,#649,#755,#861,#967,
    #1073,#1180,#1289,#1397,#1503,#1610,#1719,#1828,#1937,#2046,#2155,
    #2263,#2404,#2510));
#17 = ADVANCED_FACE('',(#18),#105,.T.);
#18 = FACE_BOUND('',#19,.T.);
#19 = EDGE_LOOP('',(#20,#64,#71));
#20 = ORIENTED_EDGE('',*,*,#21,.F.);
#21 = EDGE_CURVE('',#22,#24,#26,.T.);
#22 = VERTEX_POINT('',#23);
#23 = CARTESIAN_POINT('',(-4.83358E-10,15.000000007526,3.449999661615));
#24 = VERTEX_POINT('',#25);
#25 = CARTESIAN_POINT('',(7.1736804E-08,15.,-2.150961300327));
#26 = B_SPLINE_CURVE_WITH_KNOTS('',6,(#27,#28,#29,#30,#31,#32,#33,#34,
    #35,#36,#37,#38,#39,#40,#41,#42,#43,#44,#45,#46,#47,#48,#49,#50,#51,
    #52,#53,#54,#55,#56,#57,#58,#59,#60,#61,#62,#63),.UNSPECIFIED.,.F.,
  .F.,(7,5,5,5,5,5,5,7),(0.,0.188848790677,0.351101085952,0.493551472607
    ,0.619011272685,0.729947974744,0.829410263853,1.),.UNSPECIFIED.);
#27 = CARTESIAN_POINT('',(-7.7828577E-10,15.,3.449999433397));
#28 = CARTESIAN_POINT('',(0.284654555828,15.,3.415882339401));
#29 = CARTESIAN_POINT('',(0.565626277554,15.,3.353213249272));
#30 = CARTESIAN_POINT('',(0.839172642503,15.,3.262103093378));
#31 = CARTESIAN_POINT('',(1.101591128289,15.,3.143322308007));
#32 = CARTESIAN_POINT('',(1.349201738747,15.,2.998225332599));
#33 = CARTESIAN_POINT('',(1.775456034138,15.,2.68357404631));
#34 = CARTESIAN_POINT('',(1.958940817787,15.,2.520313388102));
#35 = CARTESIAN_POINT('',(2.126672296156,15.,2.34056891262));
#36 = CARTESIAN_POINT('',(2.276609780319,15.,2.146070138544));
#37 = CARTESIAN_POINT('',(2.406907459734,15.,1.938880468475));
#38 = CARTESIAN_POINT('',(2.611852343112,15.,1.530608883851));
#39 = CARTESIAN_POINT('',(2.691364271265,15.,1.331840690368));
#40 = CARTESIAN_POINT('',(2.753531391147,15.,1.126852787995));
#41 = CARTESIAN_POINT('',(2.797550399742,15.,0.917486688324));
#42 = CARTESIAN_POINT('',(2.822845747918,15.,0.705738096944));
#43 = CARTESIAN_POINT('',(2.834725906677,15.,0.307080202894));
#44 = CARTESIAN_POINT('',(2.825568688212,15.,0.120201444643));
#45 = CARTESIAN_POINT('',(2.801511070944,15.,-6.538831228479E-02));
#46 = CARTESIAN_POINT('',(2.762573132126,15.,-0.248171095347));
#47 = CARTESIAN_POINT('',(2.708967032832,15.,-0.426593893066));
#48 = CARTESIAN_POINT('',(2.581195200682,15.,-0.751611578517));
#49 = CARTESIAN_POINT('',(2.510122897989,15.,-0.899510858479));
#50 = CARTESIAN_POINT('',(2.428259475953,15.,-1.041697440193));
#51 = CARTESIAN_POINT('',(2.336059540363,15.,-1.177105936582));
#52 = CARTESIAN_POINT('',(2.234125369492,15.,-1.304706614187));
#53 = CARTESIAN_POINT('',(2.023785993544,15.,-1.53004334825));
#54 = CARTESIAN_POINT('',(1.917135336568,15.,-1.629509095293));
#55 = CARTESIAN_POINT('',(1.803820503516,15.,-1.721210328155));
#56 = CARTESIAN_POINT('',(1.684482800813,15.,-1.804491444402));
#57 = CARTESIAN_POINT('',(1.559857866087,15.,-1.878760740649));
#58 = CARTESIAN_POINT('',(1.209398899296,15.,-2.054545051579));
#59 = CARTESIAN_POINT('',(0.974814511854,15.,-2.137617897001));
#60 = CARTESIAN_POINT('',(0.731378940617,15.,-2.190003505702));
#61 = CARTESIAN_POINT('',(0.484031552192,15.,-2.210002052426));
#62 = CARTESIAN_POINT('',(0.238246201292,15.,-2.196761447262));
#63 = CARTESIAN_POINT('',(7.173682015E-08,15.,-2.150961300327));
#64 = ORIENTED_EDGE('',*,*,#65,.T.);
#65 = EDGE_CURVE('',#22,#66,#68,.T.);
#66 = VERTEX_POINT('',#67);
#67 = CARTESIAN_POINT('',(-7.81129E-10,14.250000007451,2.15096134055));
#68 = B_SPLINE_CURVE_WITH_KNOTS('',1,(#69,#70),.UNSPECIFIED.,.F.,.F.,(2,
    2),(0.,1.5),.PIECEWISE_BEZIER_KNOTS.);
#69 = CARTESIAN_POINT('',(-7.7818895E-10,15.000000007418,3.449999446245)
  );
#70 = CARTESIAN_POINT('',(-7.8103777E-10,14.250000007451,2.15096134055)
  );
#71 = ORIENTED_EDGE('',*,*,#72,.T.);
#72 = EDGE_CURVE('',#66,#24,#73,.T.);
#73 = B_SPLINE_CURVE_WITH_KNOTS('',8,(#74,#75,#76,#77,#78,#79,#80,#81,
    #82,#83,#84,#85,#86,#87,#88,#89,#90,#91,#92,#93,#94,#95,#96,#97,#98,
    #99,#100,#101,#102,#103,#104),.UNSPECIFIED.,.F.,.F.,(9,7,8,7,9),(0.,
    1.570897825393,3.141795650785,4.712693476178,6.283591301571),
  .UNSPECIFIED.);
#74 = CARTESIAN_POINT('',(-7.8113055E-10,14.250000007451,2.15096134055)
  );
#75 = CARTESIAN_POINT('',(0.422339047032,14.296875007736,2.150961319303)
  );
#76 = CARTESIAN_POINT('',(0.844685303802,14.343750009495,2.056187764679)
  );
#77 = CARTESIAN_POINT('',(1.242200793249,14.390624998884,1.866644798849)
  );
#78 = CARTESIAN_POINT('',(1.590124191773,14.437500022821,1.590114696602)
  );
#79 = CARTESIAN_POINT('',(1.866639544816,14.48437499483,1.242210112978)
  );
#80 = CARTESIAN_POINT('',(2.056189083493,14.531250011605,0.844680314451)
  );
#81 = CARTESIAN_POINT('',(2.150961298438,14.578125008017,0.42234025431)
  );
#82 = CARTESIAN_POINT('',(2.150961363186,14.671875007131,-0.422340259838
    ));
#83 = CARTESIAN_POINT('',(2.056189448383,14.718750003666,-0.844680697571
    ));
#84 = CARTESIAN_POINT('',(1.866638467273,14.765625020004,-1.242208837076
    ));
#85 = CARTESIAN_POINT('',(1.590125267096,14.812499992815,-1.590116364526
    ));
#86 = CARTESIAN_POINT('',(1.242200339864,14.859375015692,-1.866643787833
    ));
#87 = CARTESIAN_POINT('',(0.844685355735,14.906250006227,-2.056187970834
    ));
#88 = CARTESIAN_POINT('',(0.422339047312,14.953125006951,-2.150961377754
    ));
#89 = CARTESIAN_POINT('',(-2.7613888E-10,15.000000007993,-2.150961300327
    ));
#90 = CARTESIAN_POINT('',(-0.422339048057,15.046875006635,
    -2.150961401605));
#91 = CARTESIAN_POINT('',(-0.844685301511,15.093750010976,
    -2.056187652548));
#92 = CARTESIAN_POINT('',(-1.242200794736,15.140624997413,
    -1.866644914002));
#93 = CARTESIAN_POINT('',(-1.590124190173,15.187500023951,
    -1.590114604792));
#94 = CARTESIAN_POINT('',(-1.866639545121,15.234374994186,
    -1.242210167441));
#95 = CARTESIAN_POINT('',(-2.056189083085,15.281250011867,
    -0.844680292039));
#96 = CARTESIAN_POINT('',(-2.150961298294,15.328125007968,
    -0.422340258597));
#97 = CARTESIAN_POINT('',(-2.150961363272,15.421875007164,0.422340261923
    ));
#98 = CARTESIAN_POINT('',(-2.056189448388,15.468750003549,0.844680695095
    ));
#99 = CARTESIAN_POINT('',(-1.866638468278,15.515625020229,1.242208839501
    ));
#100 = CARTESIAN_POINT('',(-1.590125265139,15.562499992559,
    1.590116363705));
#101 = CARTESIAN_POINT('',(-1.242200341742,15.609375015878,
    1.866643786221));
#102 = CARTESIAN_POINT('',(-0.844685355431,15.656250006124,
    2.056187974481));
#103 = CARTESIAN_POINT('',(-0.422339047315,15.703125006986,
    2.150961375538));
#104 = CARTESIAN_POINT('',(2.4027948E-10,15.750000007993,2.150961300389)
  );
#105 = B_SPLINE_SURFACE_WITH_KNOTS('',1,8,(
    (#106,#107,#108,#109,#110,#111,#112,#113,#114,#115,#116,#117,#118
      ,#119,#120,#121,#122,#123,#124,#125,#126,#127,#128,#129,#130,#131
      ,#132,#133,#134,#135,#136)
    ,(#137,#138,#139,#140,#141,#142,#143,#144,#145,#146,#147,#148,#149
      ,#150,#151,#152,#153,#154,#155,#156,#157,#158,#159,#160,#161,#162
      ,#163,#164,#165,#166,#167
    )),.UNSPECIFIED.,.F.,.F.,.F.,(2,2),(9,7,8,7,9),(0.,1.5),(0.,
    1.570897825393,3.141795650785,4.712693476178,6.283591301571),
  .UNSPECIFIED.);
#106 = CARTESIAN_POINT('',(-7.7828429E-10,15.000000007418,3.449999446245
    ));
#107 = CARTESIAN_POINT('',(0.677404587875,15.046875007702,3.449999424999
    ));
#108 = CARTESIAN_POINT('',(1.354816435336,15.093750009443,3.297989227971
    ));
#109 = CARTESIAN_POINT('',(1.992412525757,15.140624998929,2.993973531123
    ));
#110 = CARTESIAN_POINT('',(2.550449452409,15.187500022642,2.550439995064
    ));
#111 = CARTESIAN_POINT('',(2.993968298706,15.234374994931,1.992421808539
    ));
#112 = CARTESIAN_POINT('',(3.297990541148,15.281250011513,1.354811466274
    ));
#113 = CARTESIAN_POINT('',(3.449999404135,15.328125007986,0.677405789925
    ));
#114 = CARTESIAN_POINT('',(3.44999946888,15.421875007104,-0.677405795457
    ));
#115 = CARTESIAN_POINT('',(3.297990906025,15.468750003601,
    -1.354811849387));
#116 = CARTESIAN_POINT('',(2.993967221194,15.515625020042,
    -1.992420532685));
#117 = CARTESIAN_POINT('',(2.550450527693,15.562499992689,
    -2.550441662934));
#118 = CARTESIAN_POINT('',(1.992412072382,15.609375015723,
    -2.993972520146));
#119 = CARTESIAN_POINT('',(1.354816487261,15.65625000617,-3.29798943412)
  );
#120 = CARTESIAN_POINT('',(0.67740458815,15.703125006919,-3.449999483449
    ));
#121 = CARTESIAN_POINT('',(-2.7890274E-10,15.750000007956,
    -3.449999406023));
#122 = CARTESIAN_POINT('',(-0.677404588899,15.796875006596,
    -3.449999507297));
#123 = CARTESIAN_POINT('',(-1.354816433045,15.843750010956,
    -3.297989115843));
#124 = CARTESIAN_POINT('',(-1.992412527244,15.890624997354,
    -2.993973646273));
#125 = CARTESIAN_POINT('',(-2.550449450807,15.937500023918,
    -2.550439903258));
#126 = CARTESIAN_POINT('',(-2.993968299011,15.984374994181,-1.992421863)
  );
#127 = CARTESIAN_POINT('',(-3.29799054074,16.031250011815,
    -1.354811443863));
#128 = CARTESIAN_POINT('',(-3.449999403991,16.078125007933,
    -0.677405794211));
#129 = CARTESIAN_POINT('',(-3.449999468966,16.171875007133,
    0.677405797543));
#130 = CARTESIAN_POINT('',(-3.297990906029,16.218750003529,
    1.354811846911));
#131 = CARTESIAN_POINT('',(-2.9939672222,16.265625020159,1.992420535108)
  );
#132 = CARTESIAN_POINT('',(-2.550450525735,16.312499992553,
    2.550441662117));
#133 = CARTESIAN_POINT('',(-1.992412074261,16.359375015846,
    2.993972518531));
#134 = CARTESIAN_POINT('',(-1.354816486957,16.406250006083,
    3.297989437768));
#135 = CARTESIAN_POINT('',(-0.677404588153,16.453125006954,
    3.449999481232));
#136 = CARTESIAN_POINT('',(2.4309344E-10,16.500000007956,3.449999406086)
  );
#137 = CARTESIAN_POINT('',(-7.8113389E-10,14.250000007451,2.15096134055)
  );
#138 = CARTESIAN_POINT('',(0.422339047032,14.296875007736,2.150961319303
    ));
#139 = CARTESIAN_POINT('',(0.844685303803,14.343750009495,2.056187764679
    ));
#140 = CARTESIAN_POINT('',(1.242200793249,14.390624998884,1.866644798849
    ));
#141 = CARTESIAN_POINT('',(1.590124191773,14.437500022821,1.590114696602
    ));
#142 = CARTESIAN_POINT('',(1.866639544816,14.48437499483,1.242210112978)
  );
#143 = CARTESIAN_POINT('',(2.056189083493,14.531250011605,0.844680314451
    ));
#144 = CARTESIAN_POINT('',(2.150961298438,14.578125008017,0.42234025431)
  );
#145 = CARTESIAN_POINT('',(2.150961363186,14.671875007131,
    -0.422340259838));
#146 = CARTESIAN_POINT('',(2.056189448383,14.718750003666,
    -0.844680697571));
#147 = CARTESIAN_POINT('',(1.866638467273,14.765625020004,
    -1.242208837076));
#148 = CARTESIAN_POINT('',(1.590125267096,14.812499992815,
    -1.590116364526));
#149 = CARTESIAN_POINT('',(1.242200339864,14.859375015692,
    -1.866643787833));
#150 = CARTESIAN_POINT('',(0.844685355735,14.906250006227,
    -2.056187970834));
#151 = CARTESIAN_POINT('',(0.422339047312,14.953125006951,
    -2.150961377754));
#152 = CARTESIAN_POINT('',(-2.7613555E-10,15.000000007993,
    -2.150961300327));
#153 = CARTESIAN_POINT('',(-0.422339048057,15.046875006635,
    -2.150961401605));
#154 = CARTESIAN_POINT('',(-0.844685301511,15.093750010976,
    -2.056187652548));
#155 = CARTESIAN_POINT('',(-1.242200794736,15.140624997413,
    -1.866644914002));
#156 = CARTESIAN_POINT('',(-1.590124190173,15.187500023951,
    -1.590114604792));
#157 = CARTESIAN_POINT('',(-1.866639545121,15.234374994186,
    -1.242210167441));
#158 = CARTESIAN_POINT('',(-2.056189083085,15.281250011867,
    -0.844680292039));
#159 = CARTESIAN_POINT('',(-2.150961298294,15.328125007968,
    -0.422340258597));
#160 = CARTESIAN_POINT('',(-2.150961363272,15.421875007164,
    0.422340261923));
#161 = CARTESIAN_POINT('',(-2.056189448388,15.468750003549,
    0.844680695095));
#162 = CARTESIAN_POINT('',(-1.866638468278,15.515625020229,
    1.242208839501));
#163 = CARTESIAN_POINT('',(-1.590125265139,15.562499992559,
    1.590116363705));
#164 = CARTESIAN_POINT('',(-1.242200341742,15.609375015878,1.86664378622
    ));
#165 = CARTESIAN_POINT('',(-0.844685355431,15.656250006124,
    2.056187974481));
#166 = CARTESIAN_POINT('',(-0.422339047315,15.703125006986,
    2.150961375538));
#167 = CARTESIAN_POINT('',(2.4027615E-10,15.750000007993,2.150961300389)
  );
#168 = ADVANCED_FACE('',(#169),#212,.T.);
#169 = FACE_BOUND('',#170,.T.);
#170 = EDGE_LOOP('',(#171,#211));
#171 = ORIENTED_EDGE('',*,*,#172,.F.);
#172 = EDGE_CURVE('',#22,#24,#173,.T.);
#173 = B_SPLINE_CURVE_WITH_KNOTS('',6,(#174,#175,#176,#177,#178,#179,
    #180,#181,#182,#183,#184,#185,#186,#187,#188,#189,#190,#191,#192,
    #193,#194,#195,#196,#197,#198,#199,#200,#201,#202,#203,#204,#205,
    #206,#207,#208,#209,#210),.UNSPECIFIED.,.F.,.F.,(7,5,5,5,5,5,5,7),(
    0.,0.189981584618,0.352175054766,0.494571449121,0.619981661246,
    0.730872746959,0.830292588358,1.),.UNSPECIFIED.);
#174 = CARTESIAN_POINT('',(2.4315316E-10,15.,3.449999406046));
#175 = CARTESIAN_POINT('',(-0.286361940689,15.,3.415677714912));
#176 = CARTESIAN_POINT('',(-0.568997677136,15.,3.352460461191));
#177 = CARTESIAN_POINT('',(-0.844095637591,15.,3.260459963431));
#178 = CARTESIAN_POINT('',(-1.107886217141,15.,3.140465734549));
#179 = CARTESIAN_POINT('',(-1.356623638274,15.,2.993863666351));
#180 = CARTESIAN_POINT('',(-1.783155069881,15.,2.676899491997));
#181 = CARTESIAN_POINT('',(-1.966043826902,15.,2.513120077204));
#182 = CARTESIAN_POINT('',(-2.133132743323,15.,2.332913934128));
#183 = CARTESIAN_POINT('',(-2.282387385892,15.,2.138016400965));
#184 = CARTESIAN_POINT('',(-2.411969222776,15.,1.930496019914));
#185 = CARTESIAN_POINT('',(-2.615522160002,15.,1.52174181037));
#186 = CARTESIAN_POINT('',(-2.694364051715,15.,1.322805418636));
#187 = CARTESIAN_POINT('',(-2.755848476936,15.,1.117707716228));
#188 = CARTESIAN_POINT('',(-2.79917833765,15.,0.908292050759));
#189 = CARTESIAN_POINT('',(-2.823784634462,15.,0.696555184848));
#190 = CARTESIAN_POINT('',(-2.834382161221,15.,0.298037636927));
#191 = CARTESIAN_POINT('',(-2.824630167189,15.,0.111273778001));
#192 = CARTESIAN_POINT('',(-2.799988588787,15.,-7.415360996475E-02));
#193 = CARTESIAN_POINT('',(-2.760482238309,15.,-0.256727130339));
#194 = CARTESIAN_POINT('',(-2.706328319156,15.,-0.434895221545));
#195 = CARTESIAN_POINT('',(-2.577573110135,15.,-0.759348761203));
#196 = CARTESIAN_POINT('',(-2.506060027951,15.,-0.90694821562));
#197 = CARTESIAN_POINT('',(-2.423779356404,15.,-1.048802676901));
#198 = CARTESIAN_POINT('',(-2.331188921619,15.,-1.183848670147));
#199 = CARTESIAN_POINT('',(-2.228894065848,15.,-1.311058832712));
#200 = CARTESIAN_POINT('',(-2.017934169683,15.,-1.535605598441));
#201 = CARTESIAN_POINT('',(-1.91101747319,15.,-1.634677023384));
#202 = CARTESIAN_POINT('',(-1.797465117765,15.,-1.725966043276));
#203 = CARTESIAN_POINT('',(-1.677920251964,15.,-1.808819430148));
#204 = CARTESIAN_POINT('',(-1.553120113519,15.,-1.882648126351));
#205 = CARTESIAN_POINT('',(-1.203327937118,15.,-2.056685667784));
#206 = CARTESIAN_POINT('',(-0.969775574651,15.,-2.138697207635));
#207 = CARTESIAN_POINT('',(-0.727539194732,15.,-2.190311332455));
#208 = CARTESIAN_POINT('',(-0.48148745695,15.,-2.209864239012));
#209 = CARTESIAN_POINT('',(-0.237013313906,15.,-2.196524395615));
#210 = CARTESIAN_POINT('',(7.173677485E-08,15.,-2.150961300327));
#211 = ORIENTED_EDGE('',*,*,#21,.T.);
#212 = PLANE('',#213);
#213 = AXIS2_PLACEMENT_3D('',#214,#215,#216);
#214 = CARTESIAN_POINT('',(7.5,15.,42.204685925671));
#215 = DIRECTION('',(-1.1E-16,1.,-3.32044604925E-16));
#216 = DIRECTION('',(-1.,-1.1E-16,-2.2E-16));
#217 = ADVANCED_FACE('',(#218),#263,.T.);
#218 = FACE_BOUND('',#219,.T.);
#219 = EDGE_LOOP('',(#220,#221,#228,#262));
#220 = ORIENTED_EDGE('',*,*,#72,.F.);
#221 = ORIENTED_EDGE('',*,*,#222,.T.);
#222 = EDGE_CURVE('',#66,#223,#225,.T.);
#223 = VERTEX_POINT('',#224);
#224 = CARTESIAN_POINT('',(-6.25986E-10,13.500000006999,3.449999681717)
  );
#225 = B_SPLINE_CURVE_WITH_KNOTS('',1,(#226,#227),.UNSPECIFIED.,.F.,.F.,
  (2,2),(0.,1.5),.PIECEWISE_BEZIER_KNOTS.);
#226 = CARTESIAN_POINT('',(-7.8103444E-10,14.250000007451,2.15096134055)
  );
#227 = CARTESIAN_POINT('',(-7.7819539E-10,13.500000007421,3.449999446208
    ));
#228 = ORIENTED_EDGE('',*,*,#229,.T.);
#229 = EDGE_CURVE('',#223,#22,#230,.T.);
#230 = B_SPLINE_CURVE_WITH_KNOTS('',8,(#231,#232,#233,#234,#235,#236,
    #237,#238,#239,#240,#241,#242,#243,#244,#245,#246,#247,#248,#249,
    #250,#251,#252,#253,#254,#255,#256,#257,#258,#259,#260,#261),
  .UNSPECIFIED.,.F.,.F.,(9,7,8,7,9),(0.,1.570897825393,3.141795650785,
    4.712693476178,6.283591301571),.UNSPECIFIED.);
#231 = CARTESIAN_POINT('',(-7.735554E-10,13.500000006836,3.449999489692)
  );
#232 = CARTESIAN_POINT('',(0.677404593973,13.546875007302,3.449999455074
    ));
#233 = CARTESIAN_POINT('',(1.354816445474,13.593750008956,3.297989259707
    ));
#234 = CARTESIAN_POINT('',(1.992412543915,13.640624998645,2.993973559963
    ));
#235 = CARTESIAN_POINT('',(2.550449474207,13.687500022048,2.550440018298
    ));
#236 = CARTESIAN_POINT('',(2.993968325832,13.73437499461,1.992421828566)
  );
#237 = CARTESIAN_POINT('',(3.297990571997,13.781250011038,1.354811479928
    ));
#238 = CARTESIAN_POINT('',(3.449999436941,13.828125007548,0.677405797323
    ));
#239 = CARTESIAN_POINT('',(3.449999502315,13.921875006663,
    -0.677405800905));
#240 = CARTESIAN_POINT('',(3.297990938377,13.968750003092,
    -1.354811861237));
#241 = CARTESIAN_POINT('',(2.993967249223,14.015625019788,
    -1.992420551178));
#242 = CARTESIAN_POINT('',(2.550450555523,14.062499992031,
    -2.550441684925));
#243 = CARTESIAN_POINT('',(1.992412089267,14.109375015412,-2.99397255108
    ));
#244 = CARTESIAN_POINT('',(1.354816503912,14.156250005732,
    -3.297989459498));
#245 = CARTESIAN_POINT('',(0.67740459532,14.203125006374,-3.449999524076
    ));
#246 = CARTESIAN_POINT('',(2.4972441E-10,14.25000000764,-3.449999429819)
  );
#247 = CARTESIAN_POINT('',(-0.677404594583,14.296875006036,
    -3.449999548952));
#248 = CARTESIAN_POINT('',(-1.354816436451,14.343750010792,
    -3.297989127249));
#249 = CARTESIAN_POINT('',(-1.992412562846,14.390624996494,
    -2.993973708618));
#250 = CARTESIAN_POINT('',(-2.550449458156,14.437500023889,
    -2.550439894338));
#251 = CARTESIAN_POINT('',(-2.993968334705,14.484374993453,
    -1.992421905989));
#252 = CARTESIAN_POINT('',(-3.297990570485,14.531250011516,
    -1.354811447647));
#253 = CARTESIAN_POINT('',(-3.44999943661,14.578125007462,
    -0.677405803871));
#254 = CARTESIAN_POINT('',(-3.449999501714,14.671875006708,
    0.677405803835));
#255 = CARTESIAN_POINT('',(-3.297990936485,14.718750003097,
    1.354811858115));
#256 = CARTESIAN_POINT('',(-2.993967256687,14.765625019737,
    1.992420550728));
#257 = CARTESIAN_POINT('',(-2.55045054091,14.812499991994,2.55044169489)
  );
#258 = CARTESIAN_POINT('',(-1.992412104374,14.859375015668,
    2.993972528101));
#259 = CARTESIAN_POINT('',(-1.354816495851,14.906250005312,
    3.297989492515));
#260 = CARTESIAN_POINT('',(-0.677404596042,14.953125006786,3.4499994937)
  );
#261 = CARTESIAN_POINT('',(-7.7818895E-10,15.000000007418,3.449999446245
    ));
#262 = ORIENTED_EDGE('',*,*,#172,.T.);
#263 = B_SPLINE_SURFACE_WITH_KNOTS('',1,8,(
    (#264,#265,#266,#267,#268,#269,#270,#271,#272,#273,#274,#275,#276
      ,#277,#278,#279,#280,#281,#282,#283,#284,#285,#286,#287,#288,#289
      ,#290,#291,#292,#293,#294)
    ,(#295,#296,#297,#298,#299,#300,#301,#302,#303,#304,#305,#306,#307
      ,#308,#309,#310,#311,#312,#313,#314,#315,#316,#317,#318,#319,#320
      ,#321,#322,#323,#324,#325
    )),.UNSPECIFIED.,.F.,.F.,.F.,(2,2),(9,7,8,7,9),(0.,1.5),(0.,
    1.570897825393,3.141795650785,4.712693476178,6.283591301571),
  .UNSPECIFIED.);
#264 = CARTESIAN_POINT('',(-7.8113055E-10,14.250000007451,2.15096134055)
  );
#265 = CARTESIAN_POINT('',(0.422339047032,14.296875007736,2.150961319303
    ));
#266 = CARTESIAN_POINT('',(0.844685303802,14.343750009495,2.056187764679
    ));
#267 = CARTESIAN_POINT('',(1.242200793249,14.390624998884,1.866644798849
    ));
#268 = CARTESIAN_POINT('',(1.590124191773,14.437500022821,1.590114696602
    ));
#269 = CARTESIAN_POINT('',(1.866639544816,14.48437499483,1.242210112978)
  );
#270 = CARTESIAN_POINT('',(2.056189083493,14.531250011605,0.844680314451
    ));
#271 = CARTESIAN_POINT('',(2.150961298438,14.578125008017,0.42234025431)
  );
#272 = CARTESIAN_POINT('',(2.150961363186,14.671875007131,
    -0.422340259838));
#273 = CARTESIAN_POINT('',(2.056189448383,14.718750003666,
    -0.844680697571));
#274 = CARTESIAN_POINT('',(1.866638467273,14.765625020004,
    -1.242208837076));
#275 = CARTESIAN_POINT('',(1.590125267096,14.812499992815,
    -1.590116364526));
#276 = CARTESIAN_POINT('',(1.242200339864,14.859375015692,
    -1.866643787833));
#277 = CARTESIAN_POINT('',(0.844685355735,14.906250006227,
    -2.056187970834));
#278 = CARTESIAN_POINT('',(0.422339047312,14.953125006951,
    -2.150961377754));
#279 = CARTESIAN_POINT('',(-2.7613888E-10,15.000000007993,
    -2.150961300327));
#280 = CARTESIAN_POINT('',(-0.422339048057,15.046875006635,
    -2.150961401605));
#281 = CARTESIAN_POINT('',(-0.844685301511,15.093750010976,
    -2.056187652548));
#282 = CARTESIAN_POINT('',(-1.242200794736,15.140624997413,
    -1.866644914002));
#283 = CARTESIAN_POINT('',(-1.590124190173,15.187500023951,
    -1.590114604792));
#284 = CARTESIAN_POINT('',(-1.866639545121,15.234374994186,
    -1.242210167441));
#285 = CARTESIAN_POINT('',(-2.056189083085,15.281250011867,
    -0.844680292039));
#286 = CARTESIAN_POINT('',(-2.150961298294,15.328125007968,
    -0.422340258597));
#287 = CARTESIAN_POINT('',(-2.150961363272,15.421875007164,
    0.422340261923));
#288 = CARTESIAN_POINT('',(-2.056189448388,15.468750003549,
    0.844680695095));
#289 = CARTESIAN_POINT('',(-1.866638468278,15.515625020229,
    1.242208839501));
#290 = CARTESIAN_POINT('',(-1.590125265139,15.562499992559,
    1.590116363705));
#291 = CARTESIAN_POINT('',(-1.242200341742,15.609375015878,
    1.866643786221));
#292 = CARTESIAN_POINT('',(-0.844685355431,15.656250006124,
    2.056187974481));
#293 = CARTESIAN_POINT('',(-0.422339047315,15.703125006986,
    2.150961375538));
#294 = CARTESIAN_POINT('',(2.4027948E-10,15.750000007993,2.150961300389)
  );
#295 = CARTESIAN_POINT('',(-7.7829073E-10,13.500000007421,3.449999446208
    ));
#296 = CARTESIAN_POINT('',(0.677404587867,13.546875007705,3.44999942496)
  );
#297 = CARTESIAN_POINT('',(1.35481643532,13.59375000942,3.297989227926)
  );
#298 = CARTESIAN_POINT('',(1.99241252575,13.640624998984,2.993973531126)
  );
#299 = CARTESIAN_POINT('',(2.550449452345,13.687500022603,2.55043999498)
  );
#300 = CARTESIAN_POINT('',(2.99396829871,13.734374994933,1.992421808561)
  );
#301 = CARTESIAN_POINT('',(3.2979905411,13.781250011527,1.354811466247)
  );
#302 = CARTESIAN_POINT('',(3.449999404096,13.828125007986,0.677405789917
    ));
#303 = CARTESIAN_POINT('',(3.449999468845,13.921875007104,-0.67740579545
    ));
#304 = CARTESIAN_POINT('',(3.297990906,13.968750003618,-1.354811849385)
  );
#305 = CARTESIAN_POINT('',(2.993967221127,14.015625020032,
    -1.992420532621));
#306 = CARTESIAN_POINT('',(2.5504505277,14.062499992674,-2.550441662962)
  );
#307 = CARTESIAN_POINT('',(1.992412072346,14.109375015757,-2.99397252008
    ));
#308 = CARTESIAN_POINT('',(1.354816487248,14.156250006154,-3.29798943409
    ));
#309 = CARTESIAN_POINT('',(0.677404588142,14.203125006923,
    -3.449999483414));
#310 = CARTESIAN_POINT('',(-2.7896335E-10,14.25000000796,-3.449999405984
    ));
#311 = CARTESIAN_POINT('',(-0.677404588892,14.2968750066,-3.449999507264
    ));
#312 = CARTESIAN_POINT('',(-1.354816433029,14.343750010937,
    -3.297989115791));
#313 = CARTESIAN_POINT('',(-1.992412527236,14.3906249974,-2.993973646283
    ));
#314 = CARTESIAN_POINT('',(-2.550449450746,14.437500023883,
    -2.550439903167));
#315 = CARTESIAN_POINT('',(-2.993968299013,14.484374994189,
    -1.992421863025));
#316 = CARTESIAN_POINT('',(-3.297990540693,14.531250011825,
    -1.354811443834));
#317 = CARTESIAN_POINT('',(-3.449999403951,14.578125007933,
    -0.677405794204));
#318 = CARTESIAN_POINT('',(-3.44999946893,14.671875007133,0.677405797536
    ));
#319 = CARTESIAN_POINT('',(-3.297990906005,14.718750003539,
    1.354811846909));
#320 = CARTESIAN_POINT('',(-2.993967222131,14.765625020167,
    1.992420535045));
#321 = CARTESIAN_POINT('',(-2.550450525743,14.812499992518,
    2.550441662143));
#322 = CARTESIAN_POINT('',(-1.992412074224,14.859375015891,
    2.993972518467));
#323 = CARTESIAN_POINT('',(-1.354816486944,14.906250006064,
    3.297989437737));
#324 = CARTESIAN_POINT('',(-0.677404588146,14.953125006957,
    3.449999481198));
#325 = CARTESIAN_POINT('',(2.4315495E-10,15.00000000796,3.449999406046)
  );
#326 = ADVANCED_FACE('',(#327),#372,.T.);
#327 = FACE_BOUND('',#328,.T.);
#328 = EDGE_LOOP('',(#329,#330,#337,#371));
#329 = ORIENTED_EDGE('',*,*,#229,.F.);
#330 = ORIENTED_EDGE('',*,*,#331,.T.);
#331 = EDGE_CURVE('',#223,#332,#334,.T.);
#332 = VERTEX_POINT('',#333);
#333 = CARTESIAN_POINT('',(-7.76415E-10,12.750000006869,2.150961383998)
  );
#334 = B_SPLINE_CURVE_WITH_KNOTS('',1,(#335,#336),.UNSPECIFIED.,.F.,.F.,
  (2,2),(0.,1.5),.PIECEWISE_BEZIER_KNOTS.);
#335 = CARTESIAN_POINT('',(-7.7354889E-10,13.500000006836,3.449999489692
    ));
#336 = CARTESIAN_POINT('',(-7.7644079E-10,12.750000006869,2.150961383998
    ));
#337 = ORIENTED_EDGE('',*,*,#338,.T.);
#338 = EDGE_CURVE('',#332,#66,#339,.T.);
#339 = B_SPLINE_CURVE_WITH_KNOTS('',8,(#340,#341,#342,#343,#344,#345,
    #346,#347,#348,#349,#350,#351,#352,#353,#354,#355,#356,#357,#358,
    #359,#360,#361,#362,#363,#364,#365,#366,#367,#368,#369,#370),
  .UNSPECIFIED.,.F.,.F.,(9,7,8,7,9),(0.,1.570897825393,3.141795650785,
    4.712693476178,6.283591301571),.UNSPECIFIED.);
#340 = CARTESIAN_POINT('',(-7.7644341E-10,12.750000006869,2.150961383998
    ));
#341 = CARTESIAN_POINT('',(0.422339053129,12.796875007337,2.15096134938)
  );
#342 = CARTESIAN_POINT('',(0.844685313942,12.843750009014,2.056187796417
    ));
#343 = CARTESIAN_POINT('',(1.242200811407,12.890624998585,1.866644827689
    ));
#344 = CARTESIAN_POINT('',(1.590124213572,12.937500022208,1.590114719838
    ));
#345 = CARTESIAN_POINT('',(1.866639571943,12.984374994547,1.242210133006
    ));
#346 = CARTESIAN_POINT('',(2.056189114342,13.031250011101,0.844680328106
    ));
#347 = CARTESIAN_POINT('',(2.150961331245,13.078125007582,0.422340261709
    ));
#348 = CARTESIAN_POINT('',(2.150961396623,13.171875006693,
    -0.422340265285));
#349 = CARTESIAN_POINT('',(2.056189480737,13.218750003134,
    -0.844680709421));
#350 = CARTESIAN_POINT('',(1.866638495303,13.265625019803,
    -1.242208855571));
#351 = CARTESIAN_POINT('',(1.590125294927,13.312499992079,
    -1.590116386515));
#352 = CARTESIAN_POINT('',(1.242200356751,13.359375015428,
    -1.866643818769));
#353 = CARTESIAN_POINT('',(0.844685372386,13.406250005776,
    -2.056187996212));
#354 = CARTESIAN_POINT('',(0.422339054483,13.453125006402,
    -2.150961418383));
#355 = CARTESIAN_POINT('',(2.5266656E-10,13.500000007673,-2.150961324123
    ));
#356 = CARTESIAN_POINT('',(-0.422339053739,13.546875006074,
    -2.150961443261));
#357 = CARTESIAN_POINT('',(-0.844685304918,13.593750010818,
    -2.056187663954));
#358 = CARTESIAN_POINT('',(-1.24220083034,13.640624996509,
    -1.866644976349));
#359 = CARTESIAN_POINT('',(-1.590124197519,13.687500023972,
    -1.590114595874));
#360 = CARTESIAN_POINT('',(-1.866639580817,13.734374993427,
    -1.242210210431));
#361 = CARTESIAN_POINT('',(-2.056189112831,13.781250011569,
    -0.844680295823));
#362 = CARTESIAN_POINT('',(-2.150961330913,13.828125007497,
    -0.422340268258));
#363 = CARTESIAN_POINT('',(-2.150961396022,13.921875006739,
    0.422340268216));
#364 = CARTESIAN_POINT('',(-2.056189478845,13.968750003128,
    0.844680706299));
#365 = CARTESIAN_POINT('',(-1.866638502765,14.015625019783,
    1.242208855121));
#366 = CARTESIAN_POINT('',(-1.590125280314,14.06249999203,1.590116396479
    ));
#367 = CARTESIAN_POINT('',(-1.242200371859,14.109375015666,
    1.866643795791));
#368 = CARTESIAN_POINT('',(-0.844685364323,14.156250005367,2.05618802923
    ));
#369 = CARTESIAN_POINT('',(-0.422339055206,14.203125006816,
    2.150961388006));
#370 = CARTESIAN_POINT('',(-7.8103444E-10,14.250000007451,2.15096134055)
  );
#371 = ORIENTED_EDGE('',*,*,#65,.F.);
#372 = B_SPLINE_SURFACE_WITH_KNOTS('',1,8,(
    (#373,#374,#375,#376,#377,#378,#379,#380,#381,#382,#383,#384,#385
      ,#386,#387,#388,#389,#390,#391,#392,#393,#394,#395,#396,#397,#398
      ,#399,#400,#401,#402,#403)
    ,(#404,#405,#406,#407,#408,#409,#410,#411,#412,#413,#414,#415,#416
      ,#417,#418,#419,#420,#421,#422,#423,#424,#425,#426,#427,#428,#429
      ,#430,#431,#432,#433,#434
    )),.UNSPECIFIED.,.F.,.F.,.F.,(2,2),(9,7,8,7,9),(0.,1.5),(0.,
    1.570897825393,3.141795650785,4.712693476178,6.283591301571),
  .UNSPECIFIED.);
#373 = CARTESIAN_POINT('',(-7.735554E-10,13.500000006836,3.449999489692)
  );
#374 = CARTESIAN_POINT('',(0.677404593973,13.546875007302,3.449999455074
    ));
#375 = CARTESIAN_POINT('',(1.354816445474,13.593750008956,3.297989259707
    ));
#376 = CARTESIAN_POINT('',(1.992412543915,13.640624998645,2.993973559963
    ));
#377 = CARTESIAN_POINT('',(2.550449474207,13.687500022048,2.550440018298
    ));
#378 = CARTESIAN_POINT('',(2.993968325832,13.73437499461,1.992421828566)
  );
#379 = CARTESIAN_POINT('',(3.297990571997,13.781250011038,1.354811479928
    ));
#380 = CARTESIAN_POINT('',(3.449999436941,13.828125007548,0.677405797323
    ));
#381 = CARTESIAN_POINT('',(3.449999502315,13.921875006663,
    -0.677405800905));
#382 = CARTESIAN_POINT('',(3.297990938377,13.968750003092,
    -1.354811861237));
#383 = CARTESIAN_POINT('',(2.993967249223,14.015625019788,
    -1.992420551178));
#384 = CARTESIAN_POINT('',(2.550450555523,14.062499992031,
    -2.550441684925));
#385 = CARTESIAN_POINT('',(1.992412089267,14.109375015412,-2.99397255108
    ));
#386 = CARTESIAN_POINT('',(1.354816503912,14.156250005732,
    -3.297989459498));
#387 = CARTESIAN_POINT('',(0.67740459532,14.203125006374,-3.449999524076
    ));
#388 = CARTESIAN_POINT('',(2.4972441E-10,14.25000000764,-3.449999429819)
  );
#389 = CARTESIAN_POINT('',(-0.677404594583,14.296875006036,
    -3.449999548952));
#390 = CARTESIAN_POINT('',(-1.354816436451,14.343750010792,
    -3.297989127249));
#391 = CARTESIAN_POINT('',(-1.992412562846,14.390624996494,
    -2.993973708618));
#392 = CARTESIAN_POINT('',(-2.550449458156,14.437500023889,
    -2.550439894338));
#393 = CARTESIAN_POINT('',(-2.993968334705,14.484374993453,
    -1.992421905989));
#394 = CARTESIAN_POINT('',(-3.297990570485,14.531250011516,
    -1.354811447647));
#395 = CARTESIAN_POINT('',(-3.44999943661,14.578125007462,
    -0.677405803871));
#396 = CARTESIAN_POINT('',(-3.449999501714,14.671875006708,
    0.677405803835));
#397 = CARTESIAN_POINT('',(-3.297990936485,14.718750003097,
    1.354811858115));
#398 = CARTESIAN_POINT('',(-2.993967256687,14.765625019737,
    1.992420550728));
#399 = CARTESIAN_POINT('',(-2.55045054091,14.812499991994,2.55044169489)
  );
#400 = CARTESIAN_POINT('',(-1.992412104374,14.859375015668,
    2.993972528101));
#401 = CARTESIAN_POINT('',(-1.354816495851,14.906250005312,
    3.297989492515));
#402 = CARTESIAN_POINT('',(-0.677404596042,14.953125006786,3.4499994937)
  );
#403 = CARTESIAN_POINT('',(-7.7818895E-10,15.000000007418,3.449999446245
    ));
#404 = CARTESIAN_POINT('',(-7.7644763E-10,12.750000006869,2.150961383998
    ));
#405 = CARTESIAN_POINT('',(0.422339053129,12.796875007337,2.150961349379
    ));
#406 = CARTESIAN_POINT('',(0.844685313942,12.843750009014,2.056187796417
    ));
#407 = CARTESIAN_POINT('',(1.242200811407,12.890624998585,1.866644827689
    ));
#408 = CARTESIAN_POINT('',(1.590124213572,12.937500022208,1.590114719838
    ));
#409 = CARTESIAN_POINT('',(1.866639571943,12.984374994547,1.242210133006
    ));
#410 = CARTESIAN_POINT('',(2.056189114342,13.031250011101,0.844680328106
    ));
#411 = CARTESIAN_POINT('',(2.150961331245,13.078125007582,0.422340261709
    ));
#412 = CARTESIAN_POINT('',(2.150961396623,13.171875006693,
    -0.422340265285));
#413 = CARTESIAN_POINT('',(2.056189480737,13.218750003134,
    -0.844680709421));
#414 = CARTESIAN_POINT('',(1.866638495302,13.265625019803,
    -1.242208855571));
#415 = CARTESIAN_POINT('',(1.590125294927,13.312499992079,
    -1.590116386515));
#416 = CARTESIAN_POINT('',(1.242200356751,13.359375015428,
    -1.866643818769));
#417 = CARTESIAN_POINT('',(0.844685372386,13.406250005776,
    -2.056187996212));
#418 = CARTESIAN_POINT('',(0.422339054483,13.453125006402,
    -2.150961418383));
#419 = CARTESIAN_POINT('',(2.5266989E-10,13.500000007673,-2.150961324123
    ));
#420 = CARTESIAN_POINT('',(-0.422339053739,13.546875006074,
    -2.150961443261));
#421 = CARTESIAN_POINT('',(-0.844685304918,13.593750010818,
    -2.056187663954));
#422 = CARTESIAN_POINT('',(-1.24220083034,13.640624996509,
    -1.866644976349));
#423 = CARTESIAN_POINT('',(-1.590124197519,13.687500023972,
    -1.590114595873));
#424 = CARTESIAN_POINT('',(-1.866639580817,13.734374993427,
    -1.242210210432));
#425 = CARTESIAN_POINT('',(-2.056189112831,13.781250011569,
    -0.844680295823));
#426 = CARTESIAN_POINT('',(-2.150961330913,13.828125007497,
    -0.422340268258));
#427 = CARTESIAN_POINT('',(-2.150961396022,13.921875006739,
    0.422340268216));
#428 = CARTESIAN_POINT('',(-2.056189478845,13.968750003128,
    0.844680706299));
#429 = CARTESIAN_POINT('',(-1.866638502766,14.015625019783,
    1.242208855121));
#430 = CARTESIAN_POINT('',(-1.590125280314,14.06249999203,1.59011639648)
  );
#431 = CARTESIAN_POINT('',(-1.24220037186,14.109375015666,1.866643795791
    ));
#432 = CARTESIAN_POINT('',(-0.844685364323,14.156250005367,2.05618802923
    ));
#433 = CARTESIAN_POINT('',(-0.422339055206,14.203125006816,
    2.150961388006));
#434 = CARTESIAN_POINT('',(-7.8103777E-10,14.250000007451,2.15096134055)
  );
#435 = ADVANCED_FACE('',(#436),#480,.T.);
#436 = FACE_BOUND('',#437,.T.);
#437 = EDGE_LOOP('',(#438,#439,#446,#479));
#438 = ORIENTED_EDGE('',*,*,#338,.F.);
#439 = ORIENTED_EDGE('',*,*,#440,.T.);
#440 = EDGE_CURVE('',#332,#441,#443,.T.);
#441 = VERTEX_POINT('',#442);
#442 = CARTESIAN_POINT('',(-5.75558E-10,12.000000006363,3.449999703468)
  );
#443 = B_SPLINE_CURVE_WITH_KNOTS('',1,(#444,#445),.UNSPECIFIED.,.F.,.F.,
  (2,2),(0.,1.5),.PIECEWISE_BEZIER_KNOTS.);
#444 = CARTESIAN_POINT('',(-7.7643701E-10,12.750000006869,2.150961383998
    ));
#445 = CARTESIAN_POINT('',(-7.7355444E-10,12.000000006839,3.449999489658
    ));
#446 = ORIENTED_EDGE('',*,*,#447,.T.);
#447 = EDGE_CURVE('',#441,#223,#448,.T.);
#448 = B_SPLINE_CURVE_WITH_KNOTS('',8,(#449,#450,#451,#452,#453,#454,
    #455,#456,#457,#458,#459,#460,#461,#462,#463,#464,#465,#466,#467,
    #468,#469,#470,#471,#472,#473,#474,#475,#476,#477,#478),
  .UNSPECIFIED.,.F.,.F.,(9,7,7,7,9),(0.,1.570897825393,3.141795650785,
    4.712693476178,6.283591301571),.UNSPECIFIED.);
#449 = CARTESIAN_POINT('',(-6.8157009E-10,12.000000006155,3.449999540312
    ));
#450 = CARTESIAN_POINT('',(0.67740460253,12.046875006949,3.449999481101)
  );
#451 = CARTESIAN_POINT('',(1.354816458111,12.09375000822,3.297989315755)
  );
#452 = CARTESIAN_POINT('',(1.992412576926,12.140624998074,2.993973588311
    ));
#453 = CARTESIAN_POINT('',(2.5504495011,12.187500021531,2.550440056815)
  );
#454 = CARTESIAN_POINT('',(2.993968367331,12.234374993929,1.992421850768
    ));
#455 = CARTESIAN_POINT('',(3.297990613364,12.281250010503,1.354811499039
    ));
#456 = CARTESIAN_POINT('',(3.449999480504,12.328125006943,0.677405804725
    ));
#457 = CARTESIAN_POINT('',(3.449999545468,12.421875006114,
    -0.677405806733));
#458 = CARTESIAN_POINT('',(3.297990978974,12.468750002395,
    -1.354811892055));
#459 = CARTESIAN_POINT('',(2.99396728927,12.515625019521,-1.992420541277
    ));
#460 = CARTESIAN_POINT('',(2.5504505815,12.562499990808,-2.550441777594)
  );
#461 = CARTESIAN_POINT('',(1.992412119259,12.6093750158,-2.993972508253)
  );
#462 = CARTESIAN_POINT('',(1.354816517836,12.656250004112,-3.29798958263
    ));
#463 = CARTESIAN_POINT('',(0.67740460433,12.703125006635,-3.449999504388
    ));
#464 = CARTESIAN_POINT('',(-0.677404602871,12.796875006408,
    -3.449999521909));
#465 = CARTESIAN_POINT('',(-1.354816455235,12.843750008893,
    -3.297989264482));
#466 = CARTESIAN_POINT('',(-1.992412584723,12.890624997321,
    -2.993973645993));
#467 = CARTESIAN_POINT('',(-2.550449492689,12.937500022185,
    -2.550440006469));
#468 = CARTESIAN_POINT('',(-2.993968370897,12.984374993533,
    -1.992421882782));
#469 = CARTESIAN_POINT('',(-3.297990612166,13.031250010659,
    -1.354811484294));
#470 = CARTESIAN_POINT('',(-3.449999480162,13.07812500693,
    -0.677405808428));
#471 = CARTESIAN_POINT('',(-3.44999954545,13.171875006097,0.677405810722
    ));
#472 = CARTESIAN_POINT('',(-3.297990978387,13.218750002532,
    1.354811877602));
#473 = CARTESIAN_POINT('',(-2.993967293939,13.265625019138,
    1.992420574014));
#474 = CARTESIAN_POINT('',(-2.550450573642,13.312499991452,2.55044172768
    ));
#475 = CARTESIAN_POINT('',(-1.992412129111,13.359375015016,
    2.993972566547));
#476 = CARTESIAN_POINT('',(-1.354816513149,13.406250004766,
    3.297989533297));
#477 = CARTESIAN_POINT('',(-0.677404604263,13.4531250062,3.449999537164)
  );
#478 = CARTESIAN_POINT('',(-7.7354889E-10,13.500000006836,3.449999489692
    ));
#479 = ORIENTED_EDGE('',*,*,#222,.F.);
#480 = B_SPLINE_SURFACE_WITH_KNOTS('',1,8,(
    (#481,#482,#483,#484,#485,#486,#487,#488,#489,#490,#491,#492,#493
      ,#494,#495,#496,#497,#498,#499,#500,#501,#502,#503,#504,#505,#506
      ,#507,#508,#509,#510,#511)
    ,(#512,#513,#514,#515,#516,#517,#518,#519,#520,#521,#522,#523,#524
      ,#525,#526,#527,#528,#529,#530,#531,#532,#533,#534,#535,#536,#537
      ,#538,#539,#540,#541,#542
    )),.UNSPECIFIED.,.F.,.F.,.F.,(2,2),(9,7,8,7,9),(0.,1.5),(0.,
    1.570897825393,3.141795650785,4.712693476178,6.283591301571),
  .UNSPECIFIED.);
#481 = CARTESIAN_POINT('',(-7.7644341E-10,12.750000006869,2.150961383998
    ));
#482 = CARTESIAN_POINT('',(0.422339053129,12.796875007337,2.15096134938)
  );
#483 = CARTESIAN_POINT('',(0.844685313942,12.843750009014,2.056187796417
    ));
#484 = CARTESIAN_POINT('',(1.242200811407,12.890624998585,1.866644827689
    ));
#485 = CARTESIAN_POINT('',(1.590124213572,12.937500022208,1.590114719838
    ));
#486 = CARTESIAN_POINT('',(1.866639571943,12.984374994547,1.242210133006
    ));
#487 = CARTESIAN_POINT('',(2.056189114342,13.031250011101,0.844680328106
    ));
#488 = CARTESIAN_POINT('',(2.150961331245,13.078125007582,0.422340261709
    ));
#489 = CARTESIAN_POINT('',(2.150961396623,13.171875006693,
    -0.422340265285));
#490 = CARTESIAN_POINT('',(2.056189480737,13.218750003134,
    -0.844680709421));
#491 = CARTESIAN_POINT('',(1.866638495303,13.265625019803,
    -1.242208855571));
#492 = CARTESIAN_POINT('',(1.590125294927,13.312499992079,
    -1.590116386515));
#493 = CARTESIAN_POINT('',(1.242200356751,13.359375015428,
    -1.866643818769));
#494 = CARTESIAN_POINT('',(0.844685372386,13.406250005776,
    -2.056187996212));
#495 = CARTESIAN_POINT('',(0.422339054483,13.453125006402,
    -2.150961418383));
#496 = CARTESIAN_POINT('',(2.5266656E-10,13.500000007673,-2.150961324123
    ));
#497 = CARTESIAN_POINT('',(-0.422339053739,13.546875006074,
    -2.150961443261));
#498 = CARTESIAN_POINT('',(-0.844685304918,13.593750010818,
    -2.056187663954));
#499 = CARTESIAN_POINT('',(-1.24220083034,13.640624996509,
    -1.866644976349));
#500 = CARTESIAN_POINT('',(-1.590124197519,13.687500023972,
    -1.590114595874));
#501 = CARTESIAN_POINT('',(-1.866639580817,13.734374993427,
    -1.242210210431));
#502 = CARTESIAN_POINT('',(-2.056189112831,13.781250011569,
    -0.844680295823));
#503 = CARTESIAN_POINT('',(-2.150961330913,13.828125007497,
    -0.422340268258));
#504 = CARTESIAN_POINT('',(-2.150961396022,13.921875006739,
    0.422340268216));
#505 = CARTESIAN_POINT('',(-2.056189478845,13.968750003128,
    0.844680706299));
#506 = CARTESIAN_POINT('',(-1.866638502765,14.015625019783,
    1.242208855121));
#507 = CARTESIAN_POINT('',(-1.590125280314,14.06249999203,1.590116396479
    ));
#508 = CARTESIAN_POINT('',(-1.242200371859,14.109375015666,
    1.866643795791));
#509 = CARTESIAN_POINT('',(-0.844685364323,14.156250005367,2.05618802923
    ));
#510 = CARTESIAN_POINT('',(-0.422339055206,14.203125006816,
    2.150961388006));
#511 = CARTESIAN_POINT('',(-7.8103444E-10,14.250000007451,2.15096134055)
  );
#512 = CARTESIAN_POINT('',(-7.7356051E-10,12.000000006839,3.449999489658
    ));
#513 = CARTESIAN_POINT('',(0.677404593966,12.046875007305,3.449999455037
    ));
#514 = CARTESIAN_POINT('',(1.354816445459,12.093750008987,3.297989259665
    ));
#515 = CARTESIAN_POINT('',(1.992412543909,12.140624998549,2.993973559967
    ));
#516 = CARTESIAN_POINT('',(2.550449474145,12.187500022188,2.550440018217
    ));
#517 = CARTESIAN_POINT('',(2.993968325837,12.234374994512,1.992421828588
    ));
#518 = CARTESIAN_POINT('',(3.297990571951,12.281250011073,1.354811479902
    ));
#519 = CARTESIAN_POINT('',(3.449999436903,12.328125007547,0.677405797316
    ));
#520 = CARTESIAN_POINT('',(3.449999502282,12.421875006662,
    -0.677405800898));
#521 = CARTESIAN_POINT('',(3.297990938356,12.468750003131,
    -1.354811861236));
#522 = CARTESIAN_POINT('',(2.993967249157,12.515625019674,
    -1.992420551116));
#523 = CARTESIAN_POINT('',(2.550450555533,12.562499992199,
    -2.550441684953));
#524 = CARTESIAN_POINT('',(1.992412089231,12.609375015297,
    -2.993972551017));
#525 = CARTESIAN_POINT('',(1.3548165039,12.656250005769,-3.297989459469)
  );
#526 = CARTESIAN_POINT('',(0.677404595313,12.703125006378,
    -3.449999524045));
#527 = CARTESIAN_POINT('',(2.497002E-10,12.750000007643,-3.449999429781)
  );
#528 = CARTESIAN_POINT('',(-0.677404594576,12.79687500604,
    -3.449999548922));
#529 = CARTESIAN_POINT('',(-1.354816436435,12.843750010823,
    -3.297989127197));
#530 = CARTESIAN_POINT('',(-1.992412562841,12.890624996398,
    -2.993973708633));
#531 = CARTESIAN_POINT('',(-2.550449458094,12.937500024029,
    -2.550439894246));
#532 = CARTESIAN_POINT('',(-2.99396833471,12.984374993355,
    -1.992421906017));
#533 = CARTESIAN_POINT('',(-3.297990570439,13.031250011552,
    -1.354811447618));
#534 = CARTESIAN_POINT('',(-3.449999436572,13.078125007462,
    -0.677405803864));
#535 = CARTESIAN_POINT('',(-3.449999501681,13.171875006708,
    0.677405803829));
#536 = CARTESIAN_POINT('',(-3.297990936463,13.218750003133,
    1.354811858114));
#537 = CARTESIAN_POINT('',(-2.99396725662,13.265625019639,1.992420550665
    ));
#538 = CARTESIAN_POINT('',(-2.55045054092,13.312499992134,2.55044169492)
  );
#539 = CARTESIAN_POINT('',(-1.992412104339,13.359375015572,
    2.993972528037));
#540 = CARTESIAN_POINT('',(-1.354816495839,13.406250005343,
    3.297989492488));
#541 = CARTESIAN_POINT('',(-0.677404596035,13.453125006789,
    3.449999493666));
#542 = CARTESIAN_POINT('',(-7.7819539E-10,13.500000007421,3.449999446208
    ));
#543 = ADVANCED_FACE('',(#544),#588,.T.);
#544 = FACE_BOUND('',#545,.T.);
#545 = EDGE_LOOP('',(#546,#547,#554,#587));
#546 = ORIENTED_EDGE('',*,*,#447,.F.);
#547 = ORIENTED_EDGE('',*,*,#548,.T.);
#548 = EDGE_CURVE('',#441,#549,#551,.T.);
#549 = VERTEX_POINT('',#550);
#550 = CARTESIAN_POINT('',(-6.84128E-10,11.250000006185,2.15096143462));
#551 = B_SPLINE_CURVE_WITH_KNOTS('',1,(#552,#553),.UNSPECIFIED.,.F.,.F.,
  (2,2),(0.,1.5),.PIECEWISE_BEZIER_KNOTS.);
#552 = CARTESIAN_POINT('',(-6.8158134E-10,12.000000006155,3.449999540312
    ));
#553 = CARTESIAN_POINT('',(-6.8411131E-10,11.250000006185,2.15096143462)
  );
#554 = ORIENTED_EDGE('',*,*,#555,.T.);
#555 = EDGE_CURVE('',#549,#332,#556,.T.);
#556 = B_SPLINE_CURVE_WITH_KNOTS('',8,(#557,#558,#559,#560,#561,#562,
    #563,#564,#565,#566,#567,#568,#569,#570,#571,#572,#573,#574,#575,
    #576,#577,#578,#579,#580,#581,#582,#583,#584,#585,#586),
  .UNSPECIFIED.,.F.,.F.,(9,7,7,7,9),(0.,1.570897825393,3.141795650785,
    4.712693476178,6.283591301571),.UNSPECIFIED.);
#557 = CARTESIAN_POINT('',(-6.8409973E-10,11.250000006185,2.15096143462)
  );
#558 = CARTESIAN_POINT('',(0.422339061687,11.296875006981,2.150961375407
    ));
#559 = CARTESIAN_POINT('',(0.84468532658,11.343750008273,2.056187852467)
  );
#560 = CARTESIAN_POINT('',(1.242200844419,11.390624997993,1.866644856039
    ));
#561 = CARTESIAN_POINT('',(1.590124240466,11.43750002174,1.590114758355)
  );
#562 = CARTESIAN_POINT('',(1.866639613444,11.484374993813,1.242210155209
    ));
#563 = CARTESIAN_POINT('',(2.056189155711,11.531250010584,0.844680347216
    ));
#564 = CARTESIAN_POINT('',(2.15096137481,11.578125006974,0.422340269111)
  );
#565 = CARTESIAN_POINT('',(2.150961439777,11.671875006142,
    -0.422340271114));
#566 = CARTESIAN_POINT('',(2.056189521335,11.718750002422,-0.84468074024
    ));
#567 = CARTESIAN_POINT('',(1.866638535351,11.765625019557,
    -1.242208845669));
#568 = CARTESIAN_POINT('',(1.590125320905,11.812499990857,
    -1.590116479187));
#569 = CARTESIAN_POINT('',(1.242200386744,11.859375015808,
    -1.866643775941));
#570 = CARTESIAN_POINT('',(0.84468538631,11.906250004141,-2.056188119348
    ));
#571 = CARTESIAN_POINT('',(0.422339063493,11.953125006666,
    -2.150961398695));
#572 = CARTESIAN_POINT('',(-0.422339062029,12.046875006439,
    -2.150961416217));
#573 = CARTESIAN_POINT('',(-0.844685323701,12.093750008955,
    -2.056187801192));
#574 = CARTESIAN_POINT('',(-1.242200852218,12.140624997228,
    -1.866644913722));
#575 = CARTESIAN_POINT('',(-1.590124232053,12.187500022391,
    -1.590114708008));
#576 = CARTESIAN_POINT('',(-1.866639617011,12.234374993428,
    -1.242210187223));
#577 = CARTESIAN_POINT('',(-2.056189154513,12.281250010735,
    -0.844680332471));
#578 = CARTESIAN_POINT('',(-2.150961374468,12.328125006961,
    -0.422340272814));
#579 = CARTESIAN_POINT('',(-2.150961439759,12.421875006124,
    0.422340275103));
#580 = CARTESIAN_POINT('',(-2.056189520748,12.468750002561,
    0.844680725786));
#581 = CARTESIAN_POINT('',(-1.866638540019,12.515625019171,
    1.242208878407));
#582 = CARTESIAN_POINT('',(-1.590125313048,12.562499991474,
    1.590116429272));
#583 = CARTESIAN_POINT('',(-1.242200396595,12.609375015056,
    1.866643834237));
#584 = CARTESIAN_POINT('',(-0.844685381624,12.656250004789,
    2.056188070014));
#585 = CARTESIAN_POINT('',(-0.422339063426,12.70312500623,2.150961431472
    ));
#586 = CARTESIAN_POINT('',(-7.7643701E-10,12.750000006869,2.150961383998
    ));
#587 = ORIENTED_EDGE('',*,*,#331,.F.);
#588 = B_SPLINE_SURFACE_WITH_KNOTS('',1,8,(
    (#589,#590,#591,#592,#593,#594,#595,#596,#597,#598,#599,#600,#601
      ,#602,#603,#604,#605,#606,#607,#608,#609,#610,#611,#612,#613,#614
      ,#615,#616,#617,#618)
    ,(#619,#620,#621,#622,#623,#624,#625,#626,#627,#628,#629,#630,#631
      ,#632,#633,#634,#635,#636,#637,#638,#639,#640,#641,#642,#643,#644
      ,#645,#646,#647,#648
  )),.UNSPECIFIED.,.F.,.F.,.F.,(2,2),(9,7,7,7,9),(0.,1.5),(0.,
    1.570897825393,3.141795650785,4.712693476178,6.283591301571),
  .UNSPECIFIED.);
#589 = CARTESIAN_POINT('',(-6.8157009E-10,12.000000006155,3.449999540312
    ));
#590 = CARTESIAN_POINT('',(0.67740460253,12.046875006949,3.449999481101)
  );
#591 = CARTESIAN_POINT('',(1.354816458111,12.09375000822,3.297989315755)
  );
#592 = CARTESIAN_POINT('',(1.992412576926,12.140624998074,2.993973588311
    ));
#593 = CARTESIAN_POINT('',(2.5504495011,12.187500021531,2.550440056815)
  );
#594 = CARTESIAN_POINT('',(2.993968367331,12.234374993929,1.992421850768
    ));
#595 = CARTESIAN_POINT('',(3.297990613364,12.281250010503,1.354811499039
    ));
#596 = CARTESIAN_POINT('',(3.449999480504,12.328125006943,0.677405804725
    ));
#597 = CARTESIAN_POINT('',(3.449999545468,12.421875006114,
    -0.677405806733));
#598 = CARTESIAN_POINT('',(3.297990978974,12.468750002395,
    -1.354811892055));
#599 = CARTESIAN_POINT('',(2.99396728927,12.515625019521,-1.992420541277
    ));
#600 = CARTESIAN_POINT('',(2.5504505815,12.562499990808,-2.550441777594)
  );
#601 = CARTESIAN_POINT('',(1.992412119259,12.6093750158,-2.993972508253)
  );
#602 = CARTESIAN_POINT('',(1.354816517836,12.656250004112,-3.29798958263
    ));
#603 = CARTESIAN_POINT('',(0.67740460433,12.703125006635,-3.449999504388
    ));
#604 = CARTESIAN_POINT('',(-0.677404602871,12.796875006408,
    -3.449999521909));
#605 = CARTESIAN_POINT('',(-1.354816455235,12.843750008893,
    -3.297989264482));
#606 = CARTESIAN_POINT('',(-1.992412584723,12.890624997321,
    -2.993973645993));
#607 = CARTESIAN_POINT('',(-2.550449492689,12.937500022185,
    -2.550440006469));
#608 = CARTESIAN_POINT('',(-2.993968370897,12.984374993533,
    -1.992421882782));
#609 = CARTESIAN_POINT('',(-3.297990612166,13.031250010659,
    -1.354811484294));
#610 = CARTESIAN_POINT('',(-3.449999480162,13.07812500693,
    -0.677405808428));
#611 = CARTESIAN_POINT('',(-3.44999954545,13.171875006097,0.677405810722
    ));
#612 = CARTESIAN_POINT('',(-3.297990978387,13.218750002532,
    1.354811877602));
#613 = CARTESIAN_POINT('',(-2.993967293939,13.265625019138,
    1.992420574014));
#614 = CARTESIAN_POINT('',(-2.550450573642,13.312499991452,2.55044172768
    ));
#615 = CARTESIAN_POINT('',(-1.992412129111,13.359375015016,
    2.993972566547));
#616 = CARTESIAN_POINT('',(-1.354816513149,13.406250004766,
    3.297989533297));
#617 = CARTESIAN_POINT('',(-0.677404604263,13.4531250062,3.449999537164)
  );
#618 = CARTESIAN_POINT('',(-7.7354889E-10,13.500000006836,3.449999489692
    ));
#619 = CARTESIAN_POINT('',(-6.8410284E-10,11.250000006185,2.15096143462)
  );
#620 = CARTESIAN_POINT('',(0.422339061687,11.296875006981,2.150961375407
    ));
#621 = CARTESIAN_POINT('',(0.84468532658,11.343750008273,2.056187852467)
  );
#622 = CARTESIAN_POINT('',(1.242200844418,11.390624997993,1.866644856039
    ));
#623 = CARTESIAN_POINT('',(1.590124240467,11.43750002174,1.590114758355)
  );
#624 = CARTESIAN_POINT('',(1.866639613443,11.484374993813,1.242210155209
    ));
#625 = CARTESIAN_POINT('',(2.056189155711,11.531250010584,0.844680347216
    ));
#626 = CARTESIAN_POINT('',(2.15096137481,11.578125006974,0.422340269111)
  );
#627 = CARTESIAN_POINT('',(2.150961439777,11.671875006142,
    -0.422340271114));
#628 = CARTESIAN_POINT('',(2.056189521335,11.718750002422,-0.84468074024
    ));
#629 = CARTESIAN_POINT('',(1.866638535351,11.765625019557,
    -1.242208845669));
#630 = CARTESIAN_POINT('',(1.590125320904,11.812499990857,
    -1.590116479187));
#631 = CARTESIAN_POINT('',(1.242200386744,11.859375015808,
    -1.866643775941));
#632 = CARTESIAN_POINT('',(0.84468538631,11.906250004141,-2.056188119348
    ));
#633 = CARTESIAN_POINT('',(0.422339063493,11.953125006666,
    -2.150961398695));
#634 = CARTESIAN_POINT('',(-0.422339062029,12.046875006439,
    -2.150961416217));
#635 = CARTESIAN_POINT('',(-0.844685323701,12.093750008955,
    -2.056187801192));
#636 = CARTESIAN_POINT('',(-1.242200852218,12.140624997228,
    -1.866644913722));
#637 = CARTESIAN_POINT('',(-1.590124232053,12.187500022391,
    -1.590114708008));
#638 = CARTESIAN_POINT('',(-1.866639617011,12.234374993428,
    -1.242210187223));
#639 = CARTESIAN_POINT('',(-2.056189154513,12.281250010735,
    -0.844680332471));
#640 = CARTESIAN_POINT('',(-2.150961374468,12.328125006961,
    -0.422340272814));
#641 = CARTESIAN_POINT('',(-2.150961439759,12.421875006124,
    0.422340275103));
#642 = CARTESIAN_POINT('',(-2.056189520748,12.468750002561,
    0.844680725787));
#643 = CARTESIAN_POINT('',(-1.866638540019,12.515625019171,
    1.242208878407));
#644 = CARTESIAN_POINT('',(-1.590125313048,12.562499991474,
    1.590116429272));
#645 = CARTESIAN_POINT('',(-1.242200396595,12.609375015056,
    1.866643834237));
#646 = CARTESIAN_POINT('',(-0.844685381624,12.656250004789,
    2.056188070014));
#647 = CARTESIAN_POINT('',(-0.422339063426,12.70312500623,2.150961431472
    ));
#648 = CARTESIAN_POINT('',(-7.7644079E-10,12.750000006869,2.150961383998
    ));
#649 = ADVANCED_FACE('',(#650),#694,.T.);
#650 = FACE_BOUND('',#651,.T.);
#651 = EDGE_LOOP('',(#652,#653,#660,#693));
#652 = ORIENTED_EDGE('',*,*,#555,.F.);
#653 = ORIENTED_EDGE('',*,*,#654,.T.);
#654 = EDGE_CURVE('',#549,#655,#657,.T.);
#655 = VERTEX_POINT('',#656);
#656 = CARTESIAN_POINT('',(-5.30085E-10,10.500000005744,3.449999728735)
  );
#657 = B_SPLINE_CURVE_WITH_KNOTS('',1,(#658,#659),.UNSPECIFIED.,.F.,.F.,
  (2,2),(0.,1.5),.PIECEWISE_BEZIER_KNOTS.);
#658 = CARTESIAN_POINT('',(-6.8410753E-10,11.250000006185,2.15096143462)
  );
#659 = CARTESIAN_POINT('',(-6.8158423E-10,10.500000006159,3.449999540281
    ));
#660 = ORIENTED_EDGE('',*,*,#661,.T.);
#661 = EDGE_CURVE('',#655,#441,#662,.T.);
#662 = B_SPLINE_CURVE_WITH_KNOTS('',8,(#663,#664,#665,#666,#667,#668,
    #669,#670,#671,#672,#673,#674,#675,#676,#677,#678,#679,#680,#681,
    #682,#683,#684,#685,#686,#687,#688,#689,#690,#691,#692),
  .UNSPECIFIED.,.F.,.F.,(9,7,7,7,9),(0.,1.570897825393,3.141795650785,
    4.712693476178,6.283591301571),.UNSPECIFIED.);
#663 = CARTESIAN_POINT('',(-6.3482637E-10,10.500000005573,3.449999583749
    ));
#664 = CARTESIAN_POINT('',(0.677404611864,10.546875006248,3.449999533388
    ));
#665 = CARTESIAN_POINT('',(1.354816478421,10.593750007603,3.297989359045
    ));
#666 = CARTESIAN_POINT('',(1.992412602612,10.640624997457,2.993973630348
    ));
#667 = CARTESIAN_POINT('',(2.550449536823,10.687500020861,2.550440091127
    ));
#668 = CARTESIAN_POINT('',(2.993968407423,10.734374993336,1.992421878022
    ));
#669 = CARTESIAN_POINT('',(3.297990658018,10.781250009867,1.354811517361
    ));
#670 = CARTESIAN_POINT('',(3.449999527032,10.828125006321,0.677405813855
    ));
#671 = CARTESIAN_POINT('',(3.449999592046,10.921875005492,
    -0.677405816053));
#672 = CARTESIAN_POINT('',(3.29799102371,10.968750001755,-1.354811910561
    ));
#673 = CARTESIAN_POINT('',(2.993967329694,11.015625018889,
    -1.992420568828));
#674 = CARTESIAN_POINT('',(2.550450617556,11.062499990181,
    -2.550441812065));
#675 = CARTESIAN_POINT('',(1.992412146129,11.109375015152,
    -2.993972551343));
#676 = CARTESIAN_POINT('',(1.354816536207,11.15625000349,-3.297989626162
    ));
#677 = CARTESIAN_POINT('',(0.677404613452,11.203125006006,
    -3.449999551394));
#678 = CARTESIAN_POINT('',(-0.677404612122,11.296875005778,
    -3.449999568895));
#679 = CARTESIAN_POINT('',(-1.354816473901,11.343750008268,
    -3.297989309329));
#680 = CARTESIAN_POINT('',(-1.992412611312,11.390624996704,
    -2.993973685021));
#681 = CARTESIAN_POINT('',(-2.550449527482,11.437500021545,
    -2.550440042429));
#682 = CARTESIAN_POINT('',(-2.993968412512,11.484374992904,
    -1.992421909715));
#683 = CARTESIAN_POINT('',(-3.297990657562,11.531250010026,
    -1.354811502952));
#684 = CARTESIAN_POINT('',(-3.449999527469,11.578125006295,
    -0.67740581772));
#685 = CARTESIAN_POINT('',(-3.449999592399,11.671875005466,
    0.677405819875));
#686 = CARTESIAN_POINT('',(-3.297991022946,11.71875000192,1.354811895982
    ));
#687 = CARTESIAN_POINT('',(-2.99396733529,11.765625018483,1.992420600758
    ));
#688 = CARTESIAN_POINT('',(-2.550450606541,11.812499990839,
    2.550441762973));
#689 = CARTESIAN_POINT('',(-1.992412158467,11.8593750144,2.993972605547)
  );
#690 = CARTESIAN_POINT('',(-1.354816529504,11.906250004101,
    3.297989581381));
#691 = CARTESIAN_POINT('',(-0.67740461355,11.953125005641,3.449999578719
    ));
#692 = CARTESIAN_POINT('',(-6.8158134E-10,12.000000006155,3.449999540312
    ));
#693 = ORIENTED_EDGE('',*,*,#440,.F.);
#694 = B_SPLINE_SURFACE_WITH_KNOTS('',1,8,(
    (#695,#696,#697,#698,#699,#700,#701,#702,#703,#704,#705,#706,#707
      ,#708,#709,#710,#711,#712,#713,#714,#715,#716,#717,#718,#719,#720
      ,#721,#722,#723,#724)
    ,(#725,#726,#727,#728,#729,#730,#731,#732,#733,#734,#735,#736,#737
      ,#738,#739,#740,#741,#742,#743,#744,#745,#746,#747,#748,#749,#750
      ,#751,#752,#753,#754
  )),.UNSPECIFIED.,.F.,.F.,.F.,(2,2),(9,7,7,7,9),(0.,1.5),(0.,
    1.570897825393,3.141795650785,4.712693476178,6.283591301571),
  .UNSPECIFIED.);
#695 = CARTESIAN_POINT('',(-6.8409973E-10,11.250000006185,2.15096143462)
  );
#696 = CARTESIAN_POINT('',(0.422339061687,11.296875006981,2.150961375407
    ));
#697 = CARTESIAN_POINT('',(0.84468532658,11.343750008273,2.056187852467)
  );
#698 = CARTESIAN_POINT('',(1.242200844419,11.390624997993,1.866644856039
    ));
#699 = CARTESIAN_POINT('',(1.590124240466,11.43750002174,1.590114758355)
  );
#700 = CARTESIAN_POINT('',(1.866639613444,11.484374993813,1.242210155209
    ));
#701 = CARTESIAN_POINT('',(2.056189155711,11.531250010584,0.844680347216
    ));
#702 = CARTESIAN_POINT('',(2.15096137481,11.578125006974,0.422340269111)
  );
#703 = CARTESIAN_POINT('',(2.150961439777,11.671875006142,
    -0.422340271114));
#704 = CARTESIAN_POINT('',(2.056189521335,11.718750002422,-0.84468074024
    ));
#705 = CARTESIAN_POINT('',(1.866638535351,11.765625019557,
    -1.242208845669));
#706 = CARTESIAN_POINT('',(1.590125320905,11.812499990857,
    -1.590116479187));
#707 = CARTESIAN_POINT('',(1.242200386744,11.859375015808,
    -1.866643775941));
#708 = CARTESIAN_POINT('',(0.84468538631,11.906250004141,-2.056188119348
    ));
#709 = CARTESIAN_POINT('',(0.422339063493,11.953125006666,
    -2.150961398695));
#710 = CARTESIAN_POINT('',(-0.422339062029,12.046875006439,
    -2.150961416217));
#711 = CARTESIAN_POINT('',(-0.844685323701,12.093750008955,
    -2.056187801192));
#712 = CARTESIAN_POINT('',(-1.242200852218,12.140624997228,
    -1.866644913722));
#713 = CARTESIAN_POINT('',(-1.590124232053,12.187500022391,
    -1.590114708008));
#714 = CARTESIAN_POINT('',(-1.866639617011,12.234374993428,
    -1.242210187223));
#715 = CARTESIAN_POINT('',(-2.056189154513,12.281250010735,
    -0.844680332471));
#716 = CARTESIAN_POINT('',(-2.150961374468,12.328125006961,
    -0.422340272814));
#717 = CARTESIAN_POINT('',(-2.150961439759,12.421875006124,
    0.422340275103));
#718 = CARTESIAN_POINT('',(-2.056189520748,12.468750002561,
    0.844680725786));
#719 = CARTESIAN_POINT('',(-1.866638540019,12.515625019171,
    1.242208878407));
#720 = CARTESIAN_POINT('',(-1.590125313048,12.562499991474,
    1.590116429272));
#721 = CARTESIAN_POINT('',(-1.242200396595,12.609375015056,
    1.866643834237));
#722 = CARTESIAN_POINT('',(-0.844685381624,12.656250004789,
    2.056188070014));
#723 = CARTESIAN_POINT('',(-0.422339063426,12.70312500623,2.150961431472
    ));
#724 = CARTESIAN_POINT('',(-7.7643701E-10,12.750000006869,2.150961383998
    ));
#725 = CARTESIAN_POINT('',(-6.8157609E-10,10.500000006159,3.449999540281
    ));
#726 = CARTESIAN_POINT('',(0.677404602524,10.546875006952,3.449999481066
    ));
#727 = CARTESIAN_POINT('',(1.354816458096,10.593750008251,3.297989315717
    ));
#728 = CARTESIAN_POINT('',(1.992412576922,10.640624997977,2.993973588317
    ));
#729 = CARTESIAN_POINT('',(2.55044950104,10.687500021671,2.550440056736)
  );
#730 = CARTESIAN_POINT('',(2.993968367339,10.734374993831,1.992421850792
    ));
#731 = CARTESIAN_POINT('',(3.297990613321,10.781250010539,1.354811499014
    ));
#732 = CARTESIAN_POINT('',(3.44999948047,10.828125006943,0.677405804718)
  );
#733 = CARTESIAN_POINT('',(3.449999545438,10.921875006114,
    -0.677405806727));
#734 = CARTESIAN_POINT('',(3.297990978955,10.968750002431,
    -1.354811892056));
#735 = CARTESIAN_POINT('',(2.993967289206,11.015625019431,
    -1.992420541213));
#736 = CARTESIAN_POINT('',(2.550450581512,11.062499990934,
    -2.550441777629));
#737 = CARTESIAN_POINT('',(1.992412119225,11.109375015714,
    -2.993972508186));
#738 = CARTESIAN_POINT('',(1.354816517825,11.15625000414,-3.297989582609
    ));
#739 = CARTESIAN_POINT('',(0.677404604323,11.203125006638,
    -3.449999504355));
#740 = CARTESIAN_POINT('',(-0.677404602865,11.296875006412,
    -3.449999521877));
#741 = CARTESIAN_POINT('',(-1.35481645522,11.343750008924,-3.29798926444
    ));
#742 = CARTESIAN_POINT('',(-1.992412584719,11.390624997224,
    -2.993973646002));
#743 = CARTESIAN_POINT('',(-2.55044949263,11.437500022325,
    -2.550440006387));
#744 = CARTESIAN_POINT('',(-2.993968370904,11.484374993435,
    -1.992421882807));
#745 = CARTESIAN_POINT('',(-3.297990612124,11.531250010694,
    -1.354811484267));
#746 = CARTESIAN_POINT('',(-3.449999480127,11.57812500693,
    -0.677405808421));
#747 = CARTESIAN_POINT('',(-3.449999545419,11.671875006097,
    0.677405810716));
#748 = CARTESIAN_POINT('',(-3.297990978368,11.718750002567,
    1.354811877602));
#749 = CARTESIAN_POINT('',(-2.993967293874,11.765625019039,
    1.992420573952));
#750 = CARTESIAN_POINT('',(-2.550450573655,11.812499991592,
    2.550441727713));
#751 = CARTESIAN_POINT('',(-1.992412129077,11.859375014919,
    2.993972566484));
#752 = CARTESIAN_POINT('',(-1.354816513139,11.906250004797,
    3.297989533274));
#753 = CARTESIAN_POINT('',(-0.677404604256,11.953125006203,
    3.449999537134));
#754 = CARTESIAN_POINT('',(-7.7355444E-10,12.000000006839,3.449999489658
    ));
#755 = ADVANCED_FACE('',(#756),#800,.T.);
#756 = FACE_BOUND('',#757,.T.);
#757 = EDGE_LOOP('',(#758,#759,#766,#799));
#758 = ORIENTED_EDGE('',*,*,#661,.F.);
#759 = ORIENTED_EDGE('',*,*,#760,.T.);
#760 = EDGE_CURVE('',#655,#761,#763,.T.);
#761 = VERTEX_POINT('',#762);
#762 = CARTESIAN_POINT('',(-6.37174E-10,9.750000005602,2.150961478059));
#763 = B_SPLINE_CURVE_WITH_KNOTS('',1,(#764,#765),.UNSPECIFIED.,.F.,.F.,
  (2,2),(0.,1.5),.PIECEWISE_BEZIER_KNOTS.);
#764 = CARTESIAN_POINT('',(-6.3488869E-10,10.500000005573,3.449999583749
    ));
#765 = CARTESIAN_POINT('',(-6.3726478E-10,9.750000005602,2.150961478059)
  );
#766 = ORIENTED_EDGE('',*,*,#767,.T.);
#767 = EDGE_CURVE('',#761,#549,#768,.T.);
#768 = B_SPLINE_CURVE_WITH_KNOTS('',8,(#769,#770,#771,#772,#773,#774,
    #775,#776,#777,#778,#779,#780,#781,#782,#783,#784,#785,#786,#787,
    #788,#789,#790,#791,#792,#793,#794,#795,#796,#797,#798),
  .UNSPECIFIED.,.F.,.F.,(9,7,7,7,9),(0.,1.570897825393,3.141795650785,
    4.712693476178,6.283591301571),.UNSPECIFIED.);
#769 = CARTESIAN_POINT('',(-6.372028E-10,9.750000005602,2.150961478059)
  );
#770 = CARTESIAN_POINT('',(0.422339071021,9.79687500628,2.150961427696)
  );
#771 = CARTESIAN_POINT('',(0.844685346891,9.843750007627,2.056187895759)
  );
#772 = CARTESIAN_POINT('',(1.242200870106,9.890624997452,1.866644898076)
  );
#773 = CARTESIAN_POINT('',(1.590124276192,9.937500020957,1.590114792669)
  );
#774 = CARTESIAN_POINT('',(1.866639653537,9.984374993298,1.242210182463)
  );
#775 = CARTESIAN_POINT('',(2.056189200366,10.031250009916,0.844680365539
    ));
#776 = CARTESIAN_POINT('',(2.150961421339,10.078125006349,0.422340278242
    ));
#777 = CARTESIAN_POINT('',(2.150961486356,10.171875005516,
    -0.422340280435));
#778 = CARTESIAN_POINT('',(2.056189566072,10.218750001796,
    -0.844680758747));
#779 = CARTESIAN_POINT('',(1.866638575776,10.265625018895,
    -1.242208873222));
#780 = CARTESIAN_POINT('',(1.590125356962,10.312499990239,
    -1.590116513659));
#781 = CARTESIAN_POINT('',(1.242200413615,10.35937501514,-1.866643819033
    ));
#782 = CARTESIAN_POINT('',(0.844685404682,10.406250003532,
    -2.056188162882));
#783 = CARTESIAN_POINT('',(0.422339072615,10.453125006034,
    -2.150961445702));
#784 = CARTESIAN_POINT('',(-0.42233907128,10.546875005804,
    -2.150961463204));
#785 = CARTESIAN_POINT('',(-0.844685342369,10.59375000833,-2.05618784604
    ));
#786 = CARTESIAN_POINT('',(-1.242200878809,10.640624996625,
    -1.866644952751));
#787 = CARTESIAN_POINT('',(-1.590124266847,10.687500021707,
    -1.590114743968));
#788 = CARTESIAN_POINT('',(-1.866639658628,10.734374992839,
    -1.242210214158));
#789 = CARTESIAN_POINT('',(-2.05618919991,10.781250010076,-0.84468035113
    ));
#790 = CARTESIAN_POINT('',(-2.150961421776,10.828125006326,
    -0.422340282107));
#791 = CARTESIAN_POINT('',(-2.150961486709,10.921875005493,
    0.422340284257));
#792 = CARTESIAN_POINT('',(-2.056189565309,10.968750001919,
    0.844680744167));
#793 = CARTESIAN_POINT('',(-1.866638581372,11.015625018563,
    1.242208905153));
#794 = CARTESIAN_POINT('',(-1.590125345946,11.062499990832,
    1.590116464564));
#795 = CARTESIAN_POINT('',(-1.242200425953,11.109375014436,
    1.866643873239));
#796 = CARTESIAN_POINT('',(-0.844685397978,11.156250004126,
    2.056188118098));
#797 = CARTESIAN_POINT('',(-0.422339072714,11.203125005668,
    2.150961473028));
#798 = CARTESIAN_POINT('',(-6.8410753E-10,11.250000006185,2.15096143462)
  );
#799 = ORIENTED_EDGE('',*,*,#548,.F.);
#800 = B_SPLINE_SURFACE_WITH_KNOTS('',1,8,(
    (#801,#802,#803,#804,#805,#806,#807,#808,#809,#810,#811,#812,#813
      ,#814,#815,#816,#817,#818,#819,#820,#821,#822,#823,#824,#825,#826
      ,#827,#828,#829,#830)
    ,(#831,#832,#833,#834,#835,#836,#837,#838,#839,#840,#841,#842,#843
      ,#844,#845,#846,#847,#848,#849,#850,#851,#852,#853,#854,#855,#856
      ,#857,#858,#859,#860
  )),.UNSPECIFIED.,.F.,.F.,.F.,(2,2),(9,7,7,7,9),(0.,1.5),(0.,
    1.570897825393,3.141795650785,4.712693476178,6.283591301571),
  .UNSPECIFIED.);
#801 = CARTESIAN_POINT('',(-6.3482637E-10,10.500000005573,3.449999583749
    ));
#802 = CARTESIAN_POINT('',(0.677404611864,10.546875006248,3.449999533388
    ));
#803 = CARTESIAN_POINT('',(1.354816478421,10.593750007603,3.297989359045
    ));
#804 = CARTESIAN_POINT('',(1.992412602612,10.640624997457,2.993973630348
    ));
#805 = CARTESIAN_POINT('',(2.550449536823,10.687500020861,2.550440091127
    ));
#806 = CARTESIAN_POINT('',(2.993968407423,10.734374993336,1.992421878022
    ));
#807 = CARTESIAN_POINT('',(3.297990658018,10.781250009867,1.354811517361
    ));
#808 = CARTESIAN_POINT('',(3.449999527032,10.828125006321,0.677405813855
    ));
#809 = CARTESIAN_POINT('',(3.449999592046,10.921875005492,
    -0.677405816053));
#810 = CARTESIAN_POINT('',(3.29799102371,10.968750001755,-1.354811910561
    ));
#811 = CARTESIAN_POINT('',(2.993967329694,11.015625018889,
    -1.992420568828));
#812 = CARTESIAN_POINT('',(2.550450617556,11.062499990181,
    -2.550441812065));
#813 = CARTESIAN_POINT('',(1.992412146129,11.109375015152,
    -2.993972551343));
#814 = CARTESIAN_POINT('',(1.354816536207,11.15625000349,-3.297989626162
    ));
#815 = CARTESIAN_POINT('',(0.677404613452,11.203125006006,
    -3.449999551394));
#816 = CARTESIAN_POINT('',(-0.677404612122,11.296875005778,
    -3.449999568895));
#817 = CARTESIAN_POINT('',(-1.354816473901,11.343750008268,
    -3.297989309329));
#818 = CARTESIAN_POINT('',(-1.992412611312,11.390624996704,
    -2.993973685021));
#819 = CARTESIAN_POINT('',(-2.550449527482,11.437500021545,
    -2.550440042429));
#820 = CARTESIAN_POINT('',(-2.993968412512,11.484374992904,
    -1.992421909715));
#821 = CARTESIAN_POINT('',(-3.297990657562,11.531250010026,
    -1.354811502952));
#822 = CARTESIAN_POINT('',(-3.449999527469,11.578125006295,
    -0.67740581772));
#823 = CARTESIAN_POINT('',(-3.449999592399,11.671875005466,
    0.677405819875));
#824 = CARTESIAN_POINT('',(-3.297991022946,11.71875000192,1.354811895982
    ));
#825 = CARTESIAN_POINT('',(-2.99396733529,11.765625018483,1.992420600758
    ));
#826 = CARTESIAN_POINT('',(-2.550450606541,11.812499990839,
    2.550441762973));
#827 = CARTESIAN_POINT('',(-1.992412158467,11.8593750144,2.993972605547)
  );
#828 = CARTESIAN_POINT('',(-1.354816529504,11.906250004101,
    3.297989581381));
#829 = CARTESIAN_POINT('',(-0.67740461355,11.953125005641,3.449999578719
    ));
#830 = CARTESIAN_POINT('',(-6.8158134E-10,12.000000006155,3.449999540312
    ));
#831 = CARTESIAN_POINT('',(-6.3720613E-10,9.750000005602,2.150961478059)
  );
#832 = CARTESIAN_POINT('',(0.422339071021,9.79687500628,2.150961427696)
  );
#833 = CARTESIAN_POINT('',(0.844685346891,9.843750007627,2.056187895759)
  );
#834 = CARTESIAN_POINT('',(1.242200870105,9.890624997452,1.866644898076)
  );
#835 = CARTESIAN_POINT('',(1.590124276192,9.937500020957,1.590114792669)
  );
#836 = CARTESIAN_POINT('',(1.866639653537,9.984374993298,1.242210182463)
  );
#837 = CARTESIAN_POINT('',(2.056189200366,10.031250009916,0.844680365539
    ));
#838 = CARTESIAN_POINT('',(2.150961421339,10.078125006349,0.422340278242
    ));
#839 = CARTESIAN_POINT('',(2.150961486356,10.171875005516,
    -0.422340280435));
#840 = CARTESIAN_POINT('',(2.056189566073,10.218750001796,
    -0.844680758747));
#841 = CARTESIAN_POINT('',(1.866638575776,10.265625018895,
    -1.242208873222));
#842 = CARTESIAN_POINT('',(1.590125356962,10.312499990239,
    -1.590116513659));
#843 = CARTESIAN_POINT('',(1.242200413614,10.35937501514,-1.866643819033
    ));
#844 = CARTESIAN_POINT('',(0.844685404682,10.406250003532,
    -2.056188162882));
#845 = CARTESIAN_POINT('',(0.422339072615,10.453125006034,
    -2.150961445702));
#846 = CARTESIAN_POINT('',(-0.42233907128,10.546875005804,
    -2.150961463204));
#847 = CARTESIAN_POINT('',(-0.844685342369,10.59375000833,-2.05618784604
    ));
#848 = CARTESIAN_POINT('',(-1.242200878809,10.640624996625,
    -1.866644952751));
#849 = CARTESIAN_POINT('',(-1.590124266847,10.687500021707,
    -1.590114743968));
#850 = CARTESIAN_POINT('',(-1.866639658628,10.734374992839,
    -1.242210214158));
#851 = CARTESIAN_POINT('',(-2.05618919991,10.781250010076,-0.84468035113
    ));
#852 = CARTESIAN_POINT('',(-2.150961421776,10.828125006326,
    -0.422340282107));
#853 = CARTESIAN_POINT('',(-2.150961486709,10.921875005493,
    0.422340284257));
#854 = CARTESIAN_POINT('',(-2.056189565309,10.968750001919,
    0.844680744167));
#855 = CARTESIAN_POINT('',(-1.866638581372,11.015625018563,
    1.242208905153));
#856 = CARTESIAN_POINT('',(-1.590125345946,11.062499990832,
    1.590116464564));
#857 = CARTESIAN_POINT('',(-1.242200425953,11.109375014436,
    1.866643873239));
#858 = CARTESIAN_POINT('',(-0.844685397978,11.156250004126,
    2.056188118098));
#859 = CARTESIAN_POINT('',(-0.422339072714,11.203125005668,
    2.150961473028));
#860 = CARTESIAN_POINT('',(-6.8411131E-10,11.250000006185,2.15096143462)
  );
#861 = ADVANCED_FACE('',(#862),#906,.T.);
#862 = FACE_BOUND('',#863,.T.);
#863 = EDGE_LOOP('',(#864,#865,#872,#905));
#864 = ORIENTED_EDGE('',*,*,#767,.F.);
#865 = ORIENTED_EDGE('',*,*,#866,.T.);
#866 = EDGE_CURVE('',#761,#867,#869,.T.);
#867 = VERTEX_POINT('',#868);
#868 = CARTESIAN_POINT('',(-5.7181E-10,9.000000004899,3.449999634555));
#869 = B_SPLINE_CURVE_WITH_KNOTS('',1,(#870,#871),.UNSPECIFIED.,.F.,.F.,
  (2,2),(0.,1.5),.PIECEWISE_BEZIER_KNOTS.);
#870 = CARTESIAN_POINT('',(-6.3726123E-10,9.750000005602,2.150961478059)
  );
#871 = CARTESIAN_POINT('',(-6.3489025E-10,9.000000005577,3.449999583722)
  );
#872 = ORIENTED_EDGE('',*,*,#873,.T.);
#873 = EDGE_CURVE('',#867,#655,#874,.T.);
#874 = B_SPLINE_CURVE_WITH_KNOTS('',8,(#875,#876,#877,#878,#879,#880,
    #881,#882,#883,#884,#885,#886,#887,#888,#889,#890,#891,#892,#893,
    #894,#895,#896,#897,#898,#899,#900,#901,#902,#903,#904),
  .UNSPECIFIED.,.F.,.F.,(9,7,7,7,9),(0.,1.570897825393,3.141795650785,
    4.712693476178,6.283591301571),.UNSPECIFIED.);
#875 = CARTESIAN_POINT('',(-5.7188894E-10,9.000000004897,3.449999634397)
  );
#876 = CARTESIAN_POINT('',(0.677404621113,9.046875005692,3.449999574989)
  );
#877 = CARTESIAN_POINT('',(1.354816495346,9.093750006902,3.297989408527)
  );
#878 = CARTESIAN_POINT('',(1.992412631747,9.140624996891,2.993973667062)
  );
#879 = CARTESIAN_POINT('',(2.550449569103,9.187500020213,2.550440127203)
  );
#880 = CARTESIAN_POINT('',(2.993968449235,9.234374992715,1.9924219045));
#881 = CARTESIAN_POINT('',(3.297990703047,9.281250009226,1.354811535884)
  );
#882 = CARTESIAN_POINT('',(3.449999574427,9.328125005684,0.677405823014)
  );
#883 = CARTESIAN_POINT('',(3.449999639305,9.421875004856,-0.67740582536)
  );
#884 = CARTESIAN_POINT('',(3.297991068482,9.468750001134,-1.35481192922)
  );
#885 = CARTESIAN_POINT('',(2.993967371127,9.515625018262,-1.992420595315
    ));
#886 = CARTESIAN_POINT('',(2.550450649619,9.562499989541,-2.550441848268
    ));
#887 = CARTESIAN_POINT('',(1.992412175169,9.609375014571,-2.993972588));
#888 = CARTESIAN_POINT('',(1.354816554449,9.656250002783,-3.297989676696
    ));
#889 = CARTESIAN_POINT('',(0.677404622657,9.703125005409,-3.449999596197
    ));
#890 = CARTESIAN_POINT('',(-0.677404621428,9.796875005112,
    -3.449999618162));
#891 = CARTESIAN_POINT('',(-1.354816492588,9.8437500077,-3.297989350161)
  );
#892 = CARTESIAN_POINT('',(-1.992412637168,9.890624996045,
    -2.993973729446));
#893 = CARTESIAN_POINT('',(-2.550449564008,9.937500020889,
    -2.550440075371));
#894 = CARTESIAN_POINT('',(-2.993968452325,9.984374992302,
    -1.992421937371));
#895 = CARTESIAN_POINT('',(-3.297990702477,10.031250009392,
    -1.354811521178));
#896 = CARTESIAN_POINT('',(-3.449999574347,10.078125005666,
    -0.677405826853));
#897 = CARTESIAN_POINT('',(-3.449999639384,10.171875004836,
    0.677405829213));
#898 = CARTESIAN_POINT('',(-3.297991068156,10.218750001309,
    1.354811914469));
#899 = CARTESIAN_POINT('',(-2.993967374915,10.265625017769,1.99242062857
    ));
#900 = CARTESIAN_POINT('',(-2.550450643718,10.312499990331,
    2.550441796318));
#901 = CARTESIAN_POINT('',(-1.992412182102,10.359375013664,
    2.993972649618));
#902 = CARTESIAN_POINT('',(-1.354816550133,10.406250003565,
    3.297989620543));
#903 = CARTESIAN_POINT('',(-0.677404622704,10.453125004909,
    3.449999633397));
#904 = CARTESIAN_POINT('',(-6.3488869E-10,10.500000005573,3.449999583749
    ));
#905 = ORIENTED_EDGE('',*,*,#654,.F.);
#906 = B_SPLINE_SURFACE_WITH_KNOTS('',1,8,(
    (#907,#908,#909,#910,#911,#912,#913,#914,#915,#916,#917,#918,#919
      ,#920,#921,#922,#923,#924,#925,#926,#927,#928,#929,#930,#931,#932
      ,#933,#934,#935,#936)
    ,(#937,#938,#939,#940,#941,#942,#943,#944,#945,#946,#947,#948,#949
      ,#950,#951,#952,#953,#954,#955,#956,#957,#958,#959,#960,#961,#962
      ,#963,#964,#965,#966
  )),.UNSPECIFIED.,.F.,.F.,.F.,(2,2),(9,7,7,7,9),(0.,1.5),(0.,
    1.570897825393,3.141795650785,4.712693476178,6.283591301571),
  .UNSPECIFIED.);
#907 = CARTESIAN_POINT('',(-6.372028E-10,9.750000005602,2.150961478059)
  );
#908 = CARTESIAN_POINT('',(0.422339071021,9.79687500628,2.150961427696)
  );
#909 = CARTESIAN_POINT('',(0.844685346891,9.843750007627,2.056187895759)
  );
#910 = CARTESIAN_POINT('',(1.242200870106,9.890624997452,1.866644898076)
  );
#911 = CARTESIAN_POINT('',(1.590124276192,9.937500020957,1.590114792669)
  );
#912 = CARTESIAN_POINT('',(1.866639653537,9.984374993298,1.242210182463)
  );
#913 = CARTESIAN_POINT('',(2.056189200366,10.031250009916,0.844680365539
    ));
#914 = CARTESIAN_POINT('',(2.150961421339,10.078125006349,0.422340278242
    ));
#915 = CARTESIAN_POINT('',(2.150961486356,10.171875005516,
    -0.422340280435));
#916 = CARTESIAN_POINT('',(2.056189566072,10.218750001796,
    -0.844680758747));
#917 = CARTESIAN_POINT('',(1.866638575776,10.265625018895,
    -1.242208873222));
#918 = CARTESIAN_POINT('',(1.590125356962,10.312499990239,
    -1.590116513659));
#919 = CARTESIAN_POINT('',(1.242200413615,10.35937501514,-1.866643819033
    ));
#920 = CARTESIAN_POINT('',(0.844685404682,10.406250003532,
    -2.056188162882));
#921 = CARTESIAN_POINT('',(0.422339072615,10.453125006034,
    -2.150961445702));
#922 = CARTESIAN_POINT('',(-0.42233907128,10.546875005804,
    -2.150961463204));
#923 = CARTESIAN_POINT('',(-0.844685342369,10.59375000833,-2.05618784604
    ));
#924 = CARTESIAN_POINT('',(-1.242200878809,10.640624996625,
    -1.866644952751));
#925 = CARTESIAN_POINT('',(-1.590124266847,10.687500021707,
    -1.590114743968));
#926 = CARTESIAN_POINT('',(-1.866639658628,10.734374992839,
    -1.242210214158));
#927 = CARTESIAN_POINT('',(-2.05618919991,10.781250010076,-0.84468035113
    ));
#928 = CARTESIAN_POINT('',(-2.150961421776,10.828125006326,
    -0.422340282107));
#929 = CARTESIAN_POINT('',(-2.150961486709,10.921875005493,
    0.422340284257));
#930 = CARTESIAN_POINT('',(-2.056189565309,10.968750001919,
    0.844680744167));
#931 = CARTESIAN_POINT('',(-1.866638581372,11.015625018563,
    1.242208905153));
#932 = CARTESIAN_POINT('',(-1.590125345946,11.062499990832,
    1.590116464564));
#933 = CARTESIAN_POINT('',(-1.242200425953,11.109375014436,
    1.866643873239));
#934 = CARTESIAN_POINT('',(-0.844685397978,11.156250004126,
    2.056188118098));
#935 = CARTESIAN_POINT('',(-0.422339072714,11.203125005668,
    2.150961473028));
#936 = CARTESIAN_POINT('',(-6.8410753E-10,11.250000006185,2.15096143462)
  );
#937 = CARTESIAN_POINT('',(-6.3482837E-10,9.000000005577,3.449999583722)
  );
#938 = CARTESIAN_POINT('',(0.677404611858,9.046875006251,3.449999533357)
  );
#939 = CARTESIAN_POINT('',(1.354816478408,9.093750007631,3.297989359011)
  );
#940 = CARTESIAN_POINT('',(1.99241260261,9.140624997371,2.993973630357)
  );
#941 = CARTESIAN_POINT('',(2.550449536766,9.187500020986,2.55044009105)
  );
#942 = CARTESIAN_POINT('',(2.993968407434,9.234374993245,1.992421878048)
  );
#943 = CARTESIAN_POINT('',(3.297990657977,9.281250009903,1.354811517336)
  );
#944 = CARTESIAN_POINT('',(3.449999527001,9.328125006321,0.677405813849)
  );
#945 = CARTESIAN_POINT('',(3.449999592019,9.421875005492,-0.677405816048
    ));
#946 = CARTESIAN_POINT('',(3.297991023694,9.46875000179,-1.354811910563)
  );
#947 = CARTESIAN_POINT('',(2.993967329634,9.515625018791,-1.992420568766
    ));
#948 = CARTESIAN_POINT('',(2.55045061757,9.562499990321,-2.550441812103)
  );
#949 = CARTESIAN_POINT('',(1.992412146097,9.609375015056,-2.99397255128)
  );
#950 = CARTESIAN_POINT('',(1.354816536197,9.656250003521,-3.297989626145
    ));
#951 = CARTESIAN_POINT('',(0.677404613446,9.703125006009,-3.449999551364
    ));
#952 = CARTESIAN_POINT('',(-0.677404612116,9.796875005781,
    -3.449999568866));
#953 = CARTESIAN_POINT('',(-1.354816473888,9.843750008299,-3.29798930929
    ));
#954 = CARTESIAN_POINT('',(-1.992412611311,9.890624996608,
    -2.993973685033));
#955 = CARTESIAN_POINT('',(-2.550449527424,9.937500021684,
    -2.550440042348));
#956 = CARTESIAN_POINT('',(-2.993968412523,9.984374992806,
    -1.992421909743));
#957 = CARTESIAN_POINT('',(-3.297990657521,10.031250010061,
    -1.354811502927));
#958 = CARTESIAN_POINT('',(-3.449999527437,10.078125006295,
    -0.677405817714));
#959 = CARTESIAN_POINT('',(-3.449999592371,10.171875005466,0.67740581987
    ));
#960 = CARTESIAN_POINT('',(-3.297991022931,10.218750001956,
    1.354811895983));
#961 = CARTESIAN_POINT('',(-2.993967335228,10.265625018385,
    1.992420600699));
#962 = CARTESIAN_POINT('',(-2.550450606556,10.312499990979,
    2.550441763007));
#963 = CARTESIAN_POINT('',(-1.992412158435,10.359375014304,
    2.993972605487));
#964 = CARTESIAN_POINT('',(-1.354816529494,10.406250004132,3.29798958136
    ));
#965 = CARTESIAN_POINT('',(-0.677404613545,10.453125005645,
    3.449999578691));
#966 = CARTESIAN_POINT('',(-6.8158423E-10,10.500000006159,3.449999540281
    ));
#967 = ADVANCED_FACE('',(#968),#1012,.T.);
#968 = FACE_BOUND('',#969,.T.);
#969 = EDGE_LOOP('',(#970,#971,#978,#1011));
#970 = ORIENTED_EDGE('',*,*,#873,.F.);
#971 = ORIENTED_EDGE('',*,*,#972,.T.);
#972 = EDGE_CURVE('',#867,#973,#975,.T.);
#973 = VERTEX_POINT('',#974);
#974 = CARTESIAN_POINT('',(-5.74084E-10,8.25000000492,2.150961528708));
#975 = B_SPLINE_CURVE_WITH_KNOTS('',1,(#976,#977),.UNSPECIFIED.,.F.,.F.,
  (2,2),(0.,1.5),.PIECEWISE_BEZIER_KNOTS.);
#976 = CARTESIAN_POINT('',(-5.7195703E-10,9.0000000049,3.449999634396));
#977 = CARTESIAN_POINT('',(-5.7412396E-10,8.250000004922,2.150961528708)
  );
#978 = ORIENTED_EDGE('',*,*,#979,.T.);
#979 = EDGE_CURVE('',#973,#761,#980,.T.);
#980 = B_SPLINE_CURVE_WITH_KNOTS('',8,(#981,#982,#983,#984,#985,#986,
    #987,#988,#989,#990,#991,#992,#993,#994,#995,#996,#997,#998,#999,
    #1000,#1001,#1002,#1003,#1004,#1005,#1006,#1007,#1008,#1009,#1010),
  .UNSPECIFIED.,.F.,.F.,(9,7,7,7,9),(0.,1.570897825393,3.141795650785,
    4.712693476178,6.283591301571),.UNSPECIFIED.);
#981 = CARTESIAN_POINT('',(-5.7405176E-10,8.250000004919,2.150961528708)
  );
#982 = CARTESIAN_POINT('',(0.422339080271,8.296875005717,2.150961469299)
  );
#983 = CARTESIAN_POINT('',(0.844685363816,8.343750006948,2.056187945242)
  );
#984 = CARTESIAN_POINT('',(1.242200899242,8.390624996839,1.866644934791)
  );
#985 = CARTESIAN_POINT('',(1.590124308473,8.43750002035,1.590114828745)
  );
#986 = CARTESIAN_POINT('',(1.86663969535,8.484374992654,1.242210208942)
  );
#987 = CARTESIAN_POINT('',(2.056189245398,8.531250009274,0.844680384062)
  );
#988 = CARTESIAN_POINT('',(2.150961468736,8.578125005711,0.4223402874));
#989 = CARTESIAN_POINT('',(2.150961533617,8.67187500488,-0.422340289742)
  );
#990 = CARTESIAN_POINT('',(2.056189610847,8.718750001153,-0.844680777407
    ));
#991 = CARTESIAN_POINT('',(1.86663861721,8.765625018303,-1.24220889971)
  );
#992 = CARTESIAN_POINT('',(1.590125389027,8.812499989549,-1.590116549862
    ));
#993 = CARTESIAN_POINT('',(1.242200442654,8.859375014596,-1.866643855692
    ));
#994 = CARTESIAN_POINT('',(0.844685422924,8.906250002812,-2.056188213417
    ));
#995 = CARTESIAN_POINT('',(0.422339081821,8.95312500543,-2.150961490506)
  );
#996 = CARTESIAN_POINT('',(-0.422339080587,9.046875005142,
    -2.150961512473));
#997 = CARTESIAN_POINT('',(-0.844685361056,9.093750007731,
    -2.056187886874));
#998 = CARTESIAN_POINT('',(-1.242200904667,9.140624996018,
    -1.866644997178));
#999 = CARTESIAN_POINT('',(-1.590124303373,9.187500020999,
    -1.590114776911));
#1000 = CARTESIAN_POINT('',(-1.866639698443,9.234374992257,
    -1.242210241814));
#1001 = CARTESIAN_POINT('',(-2.056189244827,9.281250009438,
    -0.844680369356));
#1002 = CARTESIAN_POINT('',(-2.150961468656,9.328125005694,
    -0.42234029124));
#1003 = CARTESIAN_POINT('',(-2.150961533696,9.421875004859,
    0.422340293595));
#1004 = CARTESIAN_POINT('',(-2.05618961052,9.468750001306,0.844680762655
    ));
#1005 = CARTESIAN_POINT('',(-1.866638620999,9.515625017856,
    1.242208932965));
#1006 = CARTESIAN_POINT('',(-1.590125383124,9.562499990295,
    1.590116497913));
#1007 = CARTESIAN_POINT('',(-1.242200449588,9.609375013716,1.86664391731
    ));
#1008 = CARTESIAN_POINT('',(-0.844685418608,9.65625000358,2.056188157263
    ));
#1009 = CARTESIAN_POINT('',(-0.422339081867,9.703125004935,
    2.150961527707));
#1010 = CARTESIAN_POINT('',(-6.3726123E-10,9.750000005602,2.150961478059
    ));
#1011 = ORIENTED_EDGE('',*,*,#760,.F.);
#1012 = B_SPLINE_SURFACE_WITH_KNOTS('',1,8,(
    (#1013,#1014,#1015,#1016,#1017,#1018,#1019,#1020,#1021,#1022,#1023
      ,#1024,#1025,#1026,#1027,#1028,#1029,#1030,#1031,#1032,#1033,#1034
      ,#1035,#1036,#1037,#1038,#1039,#1040,#1041,#1042)
    ,(#1043,#1044,#1045,#1046,#1047,#1048,#1049,#1050,#1051,#1052,#1053
      ,#1054,#1055,#1056,#1057,#1058,#1059,#1060,#1061,#1062,#1063,#1064
      ,#1065,#1066,#1067,#1068,#1069,#1070,#1071,#1072
  )),.UNSPECIFIED.,.F.,.F.,.F.,(2,2),(9,7,7,7,9),(0.,1.5),(0.,
    1.570897825393,3.141795650785,4.712693476178,6.283591301571),
  .UNSPECIFIED.);
#1013 = CARTESIAN_POINT('',(-5.7188894E-10,9.000000004897,3.449999634397
    ));
#1014 = CARTESIAN_POINT('',(0.677404621113,9.046875005692,3.449999574989
    ));
#1015 = CARTESIAN_POINT('',(1.354816495346,9.093750006902,3.297989408527
    ));
#1016 = CARTESIAN_POINT('',(1.992412631747,9.140624996891,2.993973667062
    ));
#1017 = CARTESIAN_POINT('',(2.550449569103,9.187500020213,2.550440127203
    ));
#1018 = CARTESIAN_POINT('',(2.993968449235,9.234374992715,1.9924219045)
  );
#1019 = CARTESIAN_POINT('',(3.297990703047,9.281250009226,1.354811535884
    ));
#1020 = CARTESIAN_POINT('',(3.449999574427,9.328125005684,0.677405823014
    ));
#1021 = CARTESIAN_POINT('',(3.449999639305,9.421875004856,-0.67740582536
    ));
#1022 = CARTESIAN_POINT('',(3.297991068482,9.468750001134,-1.35481192922
    ));
#1023 = CARTESIAN_POINT('',(2.993967371127,9.515625018262,
    -1.992420595315));
#1024 = CARTESIAN_POINT('',(2.550450649619,9.562499989541,
    -2.550441848268));
#1025 = CARTESIAN_POINT('',(1.992412175169,9.609375014571,-2.993972588)
  );
#1026 = CARTESIAN_POINT('',(1.354816554449,9.656250002783,
    -3.297989676696));
#1027 = CARTESIAN_POINT('',(0.677404622657,9.703125005409,
    -3.449999596197));
#1028 = CARTESIAN_POINT('',(-0.677404621428,9.796875005112,
    -3.449999618162));
#1029 = CARTESIAN_POINT('',(-1.354816492588,9.8437500077,-3.297989350161
    ));
#1030 = CARTESIAN_POINT('',(-1.992412637168,9.890624996045,
    -2.993973729446));
#1031 = CARTESIAN_POINT('',(-2.550449564008,9.937500020889,
    -2.550440075371));
#1032 = CARTESIAN_POINT('',(-2.993968452325,9.984374992302,
    -1.992421937371));
#1033 = CARTESIAN_POINT('',(-3.297990702477,10.031250009392,
    -1.354811521178));
#1034 = CARTESIAN_POINT('',(-3.449999574347,10.078125005666,
    -0.677405826853));
#1035 = CARTESIAN_POINT('',(-3.449999639384,10.171875004836,
    0.677405829213));
#1036 = CARTESIAN_POINT('',(-3.297991068156,10.218750001309,
    1.354811914469));
#1037 = CARTESIAN_POINT('',(-2.993967374915,10.265625017769,
    1.99242062857));
#1038 = CARTESIAN_POINT('',(-2.550450643718,10.312499990331,
    2.550441796318));
#1039 = CARTESIAN_POINT('',(-1.992412182102,10.359375013664,
    2.993972649618));
#1040 = CARTESIAN_POINT('',(-1.354816550133,10.406250003565,
    3.297989620543));
#1041 = CARTESIAN_POINT('',(-0.677404622704,10.453125004909,
    3.449999633397));
#1042 = CARTESIAN_POINT('',(-6.3488869E-10,10.500000005573,
    3.449999583749));
#1043 = CARTESIAN_POINT('',(-5.7405531E-10,8.250000004919,2.150961528708
    ));
#1044 = CARTESIAN_POINT('',(0.422339080271,8.296875005717,2.150961469299
    ));
#1045 = CARTESIAN_POINT('',(0.844685363816,8.343750006948,2.056187945242
    ));
#1046 = CARTESIAN_POINT('',(1.242200899242,8.390624996839,1.866644934791
    ));
#1047 = CARTESIAN_POINT('',(1.590124308473,8.43750002035,1.590114828745)
  );
#1048 = CARTESIAN_POINT('',(1.86663969535,8.484374992654,1.242210208942)
  );
#1049 = CARTESIAN_POINT('',(2.056189245398,8.531250009274,0.844680384062
    ));
#1050 = CARTESIAN_POINT('',(2.150961468736,8.578125005711,0.4223402874)
  );
#1051 = CARTESIAN_POINT('',(2.150961533617,8.67187500488,-0.422340289742
    ));
#1052 = CARTESIAN_POINT('',(2.056189610847,8.718750001153,
    -0.844680777407));
#1053 = CARTESIAN_POINT('',(1.86663861721,8.765625018303,-1.24220889971)
  );
#1054 = CARTESIAN_POINT('',(1.590125389027,8.812499989549,
    -1.590116549862));
#1055 = CARTESIAN_POINT('',(1.242200442654,8.859375014596,
    -1.866643855692));
#1056 = CARTESIAN_POINT('',(0.844685422924,8.906250002812,
    -2.056188213417));
#1057 = CARTESIAN_POINT('',(0.422339081821,8.95312500543,-2.150961490506
    ));
#1058 = CARTESIAN_POINT('',(-0.422339080587,9.046875005142,
    -2.150961512473));
#1059 = CARTESIAN_POINT('',(-0.844685361056,9.093750007731,
    -2.056187886874));
#1060 = CARTESIAN_POINT('',(-1.242200904667,9.140624996018,
    -1.866644997178));
#1061 = CARTESIAN_POINT('',(-1.590124303374,9.187500020999,
    -1.590114776911));
#1062 = CARTESIAN_POINT('',(-1.866639698442,9.234374992257,
    -1.242210241814));
#1063 = CARTESIAN_POINT('',(-2.056189244827,9.281250009438,
    -0.844680369356));
#1064 = CARTESIAN_POINT('',(-2.150961468656,9.328125005694,
    -0.42234029124));
#1065 = CARTESIAN_POINT('',(-2.150961533696,9.421875004859,
    0.422340293595));
#1066 = CARTESIAN_POINT('',(-2.05618961052,9.468750001306,0.844680762655
    ));
#1067 = CARTESIAN_POINT('',(-1.866638620999,9.515625017856,
    1.242208932965));
#1068 = CARTESIAN_POINT('',(-1.590125383124,9.562499990295,
    1.590116497913));
#1069 = CARTESIAN_POINT('',(-1.242200449588,9.609375013716,1.86664391731
    ));
#1070 = CARTESIAN_POINT('',(-0.844685418608,9.65625000358,2.056188157263
    ));
#1071 = CARTESIAN_POINT('',(-0.422339081867,9.703125004935,
    2.150961527707));
#1072 = CARTESIAN_POINT('',(-6.3726478E-10,9.750000005602,2.150961478059
    ));
#1073 = ADVANCED_FACE('',(#1074),#1119,.T.);
#1074 = FACE_BOUND('',#1075,.T.);
#1075 = EDGE_LOOP('',(#1076,#1077,#1084,#1118));
#1076 = ORIENTED_EDGE('',*,*,#979,.F.);
#1077 = ORIENTED_EDGE('',*,*,#1078,.T.);
#1078 = EDGE_CURVE('',#973,#1079,#1081,.T.);
#1079 = VERTEX_POINT('',#1080);
#1080 = CARTESIAN_POINT('',(-5.7192E-10,7.500000004899,3.449999634375));
#1081 = B_SPLINE_CURVE_WITH_KNOTS('',1,(#1082,#1083),.UNSPECIFIED.,.F.,
  .F.,(2,2),(0.,1.5),.PIECEWISE_BEZIER_KNOTS.);
#1082 = CARTESIAN_POINT('',(-5.741204E-10,8.250000004922,2.150961528708)
  );
#1083 = CARTESIAN_POINT('',(-5.7195903E-10,7.500000004904,3.449999634372
    ));
#1084 = ORIENTED_EDGE('',*,*,#1085,.T.);
#1085 = EDGE_CURVE('',#1079,#867,#1086,.T.);
#1086 = B_SPLINE_CURVE_WITH_KNOTS('',8,(#1087,#1088,#1089,#1090,#1091,
    #1092,#1093,#1094,#1095,#1096,#1097,#1098,#1099,#1100,#1101,#1102,
    #1103,#1104,#1105,#1106,#1107,#1108,#1109,#1110,#1111,#1112,#1113,
    #1114,#1115,#1116,#1117),.UNSPECIFIED.,.F.,.F.,(9,7,8,7,9),(0.,
    1.570897825393,3.141795650785,4.712693476178,6.283591301571),
  .UNSPECIFIED.);
#1087 = CARTESIAN_POINT('',(-5.0449996E-10,7.500000004224,3.449999685156
    ));
#1088 = CARTESIAN_POINT('',(0.677404631894,7.546875004901,3.449999634693
    ));
#1089 = CARTESIAN_POINT('',(1.354816518405,7.593750006225,3.297989455608
    ));
#1090 = CARTESIAN_POINT('',(1.99241266102,7.640624996156,2.993973718077)
  );
#1091 = CARTESIAN_POINT('',(2.55044961158,7.687500019486,2.550440164719)
  );
#1092 = CARTESIAN_POINT('',(2.993968495644,7.734374992004,1.992421938054
    ));
#1093 = CARTESIAN_POINT('',(3.297990755365,7.781250008477,1.354811555551
    ));
#1094 = CARTESIAN_POINT('',(3.449999628895,7.828125004979,0.677405834922
    ));
#1095 = CARTESIAN_POINT('',(3.449999693653,7.921875004101,
    -0.677405838639));
#1096 = CARTESIAN_POINT('',(3.297991120521,7.968750000579,
    -1.354811936863));
#1097 = CARTESIAN_POINT('',(2.993967417331,8.01562501707,-1.992420660361
    ));
#1098 = CARTESIAN_POINT('',(2.550450691306,8.062499989658,-2.55044183084
    ));
#1099 = CARTESIAN_POINT('',(1.992412204689,8.1093750128,-2.993972708752)
  );
#1100 = CARTESIAN_POINT('',(1.354816576092,8.156250003066,
    -3.297989655062));
#1101 = CARTESIAN_POINT('',(0.677404633175,8.203125003946,
    -3.449999705768));
#1102 = CARTESIAN_POINT('',(5.3351207E-10,8.250000004955,-3.449999630581
    ));
#1103 = CARTESIAN_POINT('',(-0.677404632172,8.296875003683,
    -3.449999725464));
#1104 = CARTESIAN_POINT('',(-1.354816513908,8.343750007938,
    -3.297989331094));
#1105 = CARTESIAN_POINT('',(-1.992412668372,8.390624994295,
    -2.993973848844));
#1106 = CARTESIAN_POINT('',(-2.550449604892,8.437500020988,
    -2.550440058685));
#1107 = CARTESIAN_POINT('',(-2.993968499489,8.484374991112,
    -1.99242200248));
#1108 = CARTESIAN_POINT('',(-3.297990754826,8.531250008838,
    -1.354811528924));
#1109 = CARTESIAN_POINT('',(-3.449999628884,8.578125004908,
    -0.677405840184));
#1110 = CARTESIAN_POINT('',(-3.449999693528,8.671875004134,
    0.677405841081));
#1111 = CARTESIAN_POINT('',(-3.297991119785,8.718750000535,
    1.354811934087));
#1112 = CARTESIAN_POINT('',(-2.993967420742,8.76562501715,1.992420661615
    ));
#1113 = CARTESIAN_POINT('',(-2.550450684741,8.812499989513,
    2.550441834166));
#1114 = CARTESIAN_POINT('',(-1.992412211657,8.859375012999,
    2.993972698954));
#1115 = CARTESIAN_POINT('',(-1.354816573435,8.906250002835,
    3.297989670379));
#1116 = CARTESIAN_POINT('',(-0.6774046332,8.953125004114,3.449999693318)
  );
#1117 = CARTESIAN_POINT('',(-5.7195703E-10,9.0000000049,3.449999634396)
  );
#1118 = ORIENTED_EDGE('',*,*,#866,.F.);
#1119 = B_SPLINE_SURFACE_WITH_KNOTS('',1,8,(
    (#1120,#1121,#1122,#1123,#1124,#1125,#1126,#1127,#1128,#1129,#1130
      ,#1131,#1132,#1133,#1134,#1135,#1136,#1137,#1138,#1139,#1140,#1141
      ,#1142,#1143,#1144,#1145,#1146,#1147,#1148,#1149)
    ,(#1150,#1151,#1152,#1153,#1154,#1155,#1156,#1157,#1158,#1159,#1160
      ,#1161,#1162,#1163,#1164,#1165,#1166,#1167,#1168,#1169,#1170,#1171
      ,#1172,#1173,#1174,#1175,#1176,#1177,#1178,#1179
  )),.UNSPECIFIED.,.F.,.F.,.F.,(2,2),(9,7,7,7,9),(0.,1.5),(0.,
    1.570897825393,3.141795650785,4.712693476178,6.283591301571),
  .UNSPECIFIED.);
#1120 = CARTESIAN_POINT('',(-5.7405176E-10,8.250000004919,2.150961528708
    ));
#1121 = CARTESIAN_POINT('',(0.422339080271,8.296875005717,2.150961469299
    ));
#1122 = CARTESIAN_POINT('',(0.844685363816,8.343750006948,2.056187945242
    ));
#1123 = CARTESIAN_POINT('',(1.242200899242,8.390624996839,1.866644934791
    ));
#1124 = CARTESIAN_POINT('',(1.590124308473,8.43750002035,1.590114828745)
  );
#1125 = CARTESIAN_POINT('',(1.86663969535,8.484374992654,1.242210208942)
  );
#1126 = CARTESIAN_POINT('',(2.056189245398,8.531250009274,0.844680384062
    ));
#1127 = CARTESIAN_POINT('',(2.150961468736,8.578125005711,0.4223402874)
  );
#1128 = CARTESIAN_POINT('',(2.150961533617,8.67187500488,-0.422340289742
    ));
#1129 = CARTESIAN_POINT('',(2.056189610847,8.718750001153,
    -0.844680777407));
#1130 = CARTESIAN_POINT('',(1.86663861721,8.765625018303,-1.24220889971)
  );
#1131 = CARTESIAN_POINT('',(1.590125389027,8.812499989549,
    -1.590116549862));
#1132 = CARTESIAN_POINT('',(1.242200442654,8.859375014596,
    -1.866643855692));
#1133 = CARTESIAN_POINT('',(0.844685422924,8.906250002812,
    -2.056188213417));
#1134 = CARTESIAN_POINT('',(0.422339081821,8.95312500543,-2.150961490506
    ));
#1135 = CARTESIAN_POINT('',(-0.422339080587,9.046875005142,
    -2.150961512473));
#1136 = CARTESIAN_POINT('',(-0.844685361056,9.093750007731,
    -2.056187886874));
#1137 = CARTESIAN_POINT('',(-1.242200904667,9.140624996018,
    -1.866644997178));
#1138 = CARTESIAN_POINT('',(-1.590124303373,9.187500020999,
    -1.590114776911));
#1139 = CARTESIAN_POINT('',(-1.866639698443,9.234374992257,
    -1.242210241814));
#1140 = CARTESIAN_POINT('',(-2.056189244827,9.281250009438,
    -0.844680369356));
#1141 = CARTESIAN_POINT('',(-2.150961468656,9.328125005694,
    -0.42234029124));
#1142 = CARTESIAN_POINT('',(-2.150961533696,9.421875004859,
    0.422340293595));
#1143 = CARTESIAN_POINT('',(-2.05618961052,9.468750001306,0.844680762655
    ));
#1144 = CARTESIAN_POINT('',(-1.866638620999,9.515625017856,
    1.242208932965));
#1145 = CARTESIAN_POINT('',(-1.590125383124,9.562499990295,
    1.590116497913));
#1146 = CARTESIAN_POINT('',(-1.242200449588,9.609375013716,1.86664391731
    ));
#1147 = CARTESIAN_POINT('',(-0.844685418608,9.65625000358,2.056188157263
    ));
#1148 = CARTESIAN_POINT('',(-0.422339081867,9.703125004935,
    2.150961527707));
#1149 = CARTESIAN_POINT('',(-6.3726123E-10,9.750000005602,2.150961478059
    ));
#1150 = CARTESIAN_POINT('',(-5.7189316E-10,7.5000000049,3.449999634372)
  );
#1151 = CARTESIAN_POINT('',(0.677404621108,7.546875005696,3.449999574961
    ));
#1152 = CARTESIAN_POINT('',(1.354816495334,7.593750006933,3.297989408496
    ));
#1153 = CARTESIAN_POINT('',(1.992412631747,7.640624996795,2.993973667072
    ));
#1154 = CARTESIAN_POINT('',(2.550449569049,7.687500020352,2.550440127129
    ));
#1155 = CARTESIAN_POINT('',(2.993968449248,7.734374992617,1.992421904527
    ));
#1156 = CARTESIAN_POINT('',(3.29799070301,7.781250009261,1.354811535861)
  );
#1157 = CARTESIAN_POINT('',(3.449999574399,7.828125005684,0.677405823008
    ));
#1158 = CARTESIAN_POINT('',(3.449999639281,7.921875004856,
    -0.677405825355));
#1159 = CARTESIAN_POINT('',(3.297991068469,7.968750001169,
    -1.354811929223));
#1160 = CARTESIAN_POINT('',(2.993967371069,8.015625018164,
    -1.992420595255));
#1161 = CARTESIAN_POINT('',(2.550450649636,8.062499989681,
    -2.550441848307));
#1162 = CARTESIAN_POINT('',(1.992412175138,8.109375014475,-2.99397258794
    ));
#1163 = CARTESIAN_POINT('',(1.35481655444,8.156250002814,-3.297989676681
    ));
#1164 = CARTESIAN_POINT('',(0.677404622652,8.203125005412,-3.44999959617
    ));
#1165 = CARTESIAN_POINT('',(-0.677404621423,8.296875005116,
    -3.449999618137));
#1166 = CARTESIAN_POINT('',(-1.354816492576,8.343750007731,
    -3.297989350126));
#1167 = CARTESIAN_POINT('',(-1.992412637169,8.390624995949,
    -2.993973729461));
#1168 = CARTESIAN_POINT('',(-2.550449563952,8.437500021029,
    -2.550440075293));
#1169 = CARTESIAN_POINT('',(-2.993968452339,8.484374992204,-1.9924219374
    ));
#1170 = CARTESIAN_POINT('',(-3.29799070244,8.531250009427,
    -1.354811521154));
#1171 = CARTESIAN_POINT('',(-3.449999574319,8.578125005666,
    -0.677405826848));
#1172 = CARTESIAN_POINT('',(-3.44999963936,8.671875004836,0.677405829208
    ));
#1173 = CARTESIAN_POINT('',(-3.297991068143,8.718750001344,
    1.354811914471));
#1174 = CARTESIAN_POINT('',(-2.993967374857,8.765625017671,
    1.992420628512));
#1175 = CARTESIAN_POINT('',(-2.550450643733,8.81249999047,2.550441796355
    ));
#1176 = CARTESIAN_POINT('',(-1.992412182072,8.859375013568,
    2.993972649561));
#1177 = CARTESIAN_POINT('',(-1.354816550124,8.906250003596,
    3.297989620526));
#1178 = CARTESIAN_POINT('',(-0.677404622698,8.953125004912,
    3.449999633372));
#1179 = CARTESIAN_POINT('',(-6.3489025E-10,9.000000005577,3.449999583722
    ));
#1180 = ADVANCED_FACE('',(#1181),#1226,.T.);
#1181 = FACE_BOUND('',#1182,.T.);
#1182 = EDGE_LOOP('',(#1183,#1184,#1191,#1225));
#1183 = ORIENTED_EDGE('',*,*,#1085,.F.);
#1184 = ORIENTED_EDGE('',*,*,#1185,.T.);
#1185 = EDGE_CURVE('',#1079,#1186,#1188,.T.);
#1186 = VERTEX_POINT('',#1187);
#1187 = CARTESIAN_POINT('',(-5.06535E-10,6.750000004242,2.150961579469)
  );
#1188 = B_SPLINE_CURVE_WITH_KNOTS('',1,(#1189,#1190),.UNSPECIFIED.,.F.,
  .F.,(2,2),(0.,1.5),.PIECEWISE_BEZIER_KNOTS.);
#1189 = CARTESIAN_POINT('',(-5.0475945E-10,7.500000004224,3.449999685156
    ));
#1190 = CARTESIAN_POINT('',(-5.0668146E-10,6.750000004242,2.150961579469
    ));
#1191 = ORIENTED_EDGE('',*,*,#1192,.T.);
#1192 = EDGE_CURVE('',#1186,#973,#1193,.T.);
#1193 = B_SPLINE_CURVE_WITH_KNOTS('',8,(#1194,#1195,#1196,#1197,#1198,
    #1199,#1200,#1201,#1202,#1203,#1204,#1205,#1206,#1207,#1208,#1209,
    #1210,#1211,#1212,#1213,#1214,#1215,#1216,#1217,#1218,#1219,#1220,
    #1221,#1222,#1223,#1224),.UNSPECIFIED.,.F.,.F.,(9,7,8,7,9),(0.,
    1.570897825393,3.141795650785,4.712693476178,6.283591301571),
  .UNSPECIFIED.);
#1194 = CARTESIAN_POINT('',(-5.0641764E-10,6.750000004242,2.150961579469
    ));
#1195 = CARTESIAN_POINT('',(0.422339091052,6.796875004923,2.150961529005
    ));
#1196 = CARTESIAN_POINT('',(0.844685386877,6.843750006268,2.056187992324
    ));
#1197 = CARTESIAN_POINT('',(1.242200928516,6.890624996098,1.866644985808
    ));
#1198 = CARTESIAN_POINT('',(1.590124350951,6.937500019625,1.590114866262
    ));
#1199 = CARTESIAN_POINT('',(1.866639741761,6.984374991936,1.242210242497
    ));
#1200 = CARTESIAN_POINT('',(2.056189297717,7.031250008523,0.84468040373)
  );
#1201 = CARTESIAN_POINT('',(2.150961523205,7.078125005003,0.422340299309
    ));
#1202 = CARTESIAN_POINT('',(2.150961587967,7.171875004121,
    -0.422340303022));
#1203 = CARTESIAN_POINT('',(2.056189662887,7.218750000596,-0.84468078505
    ));
#1204 = CARTESIAN_POINT('',(1.866638663415,7.265625017094,
    -1.242208964758));
#1205 = CARTESIAN_POINT('',(1.590125430715,7.312499989708,
    -1.590116532435));
#1206 = CARTESIAN_POINT('',(1.242200472176,7.359375012775,
    -1.866643976447));
#1207 = CARTESIAN_POINT('',(0.844685444568,7.406250003107,
    -2.056188191783));
#1208 = CARTESIAN_POINT('',(0.422339092338,7.453125003963,
    -2.150961600082));
#1209 = CARTESIAN_POINT('',(5.3566885E-10,7.500000004977,-2.150961524892
    ));
#1210 = CARTESIAN_POINT('',(-0.422339091332,7.546875003709,
    -2.150961619779));
#1211 = CARTESIAN_POINT('',(-0.844685382377,7.593750007965,
    -2.056187867805));
#1212 = CARTESIAN_POINT('',(-1.242200935871,7.640624994252,
    -1.86664511658));
#1213 = CARTESIAN_POINT('',(-1.590124344261,7.687500021111,
    -1.590114760224));
#1214 = CARTESIAN_POINT('',(-1.866639745607,7.734374991058,
    -1.242210306925));
#1215 = CARTESIAN_POINT('',(-2.056189297178,7.781250008883,
    -0.844680377102));
#1216 = CARTESIAN_POINT('',(-2.150961523194,7.828125004932,
    -0.422340304571));
#1217 = CARTESIAN_POINT('',(-2.150961587841,7.921875004154,
    0.422340305464));
#1218 = CARTESIAN_POINT('',(-2.056189662151,7.96875000055,0.844680782275
    ));
#1219 = CARTESIAN_POINT('',(-1.866638666826,8.015625017185,
    1.242208966012));
#1220 = CARTESIAN_POINT('',(-1.59012542415,8.062499989539,1.59011653576)
  );
#1221 = CARTESIAN_POINT('',(-1.242200479144,8.109375012995,1.86664396665
    ));
#1222 = CARTESIAN_POINT('',(-0.844685441911,8.15625000287,2.0561882071)
  );
#1223 = CARTESIAN_POINT('',(-0.422339092363,8.203125004132,2.15096158763
    ));
#1224 = CARTESIAN_POINT('',(-5.741204E-10,8.250000004922,2.150961528708)
  );
#1225 = ORIENTED_EDGE('',*,*,#972,.F.);
#1226 = B_SPLINE_SURFACE_WITH_KNOTS('',1,8,(
    (#1227,#1228,#1229,#1230,#1231,#1232,#1233,#1234,#1235,#1236,#1237
      ,#1238,#1239,#1240,#1241,#1242,#1243,#1244,#1245,#1246,#1247,#1248
      ,#1249,#1250,#1251,#1252,#1253,#1254,#1255,#1256,#1257)
    ,(#1258,#1259,#1260,#1261,#1262,#1263,#1264,#1265,#1266,#1267,#1268
      ,#1269,#1270,#1271,#1272,#1273,#1274,#1275,#1276,#1277,#1278,#1279
      ,#1280,#1281,#1282,#1283,#1284,#1285,#1286,#1287,#1288
  )),.UNSPECIFIED.,.F.,.F.,.F.,(2,2),(9,7,8,7,9),(0.,1.5),(0.,
    1.570897825393,3.141795650785,4.712693476178,6.283591301571),
  .UNSPECIFIED.);
#1227 = CARTESIAN_POINT('',(-5.0449996E-10,7.500000004224,3.449999685156
    ));
#1228 = CARTESIAN_POINT('',(0.677404631894,7.546875004901,3.449999634693
    ));
#1229 = CARTESIAN_POINT('',(1.354816518405,7.593750006225,3.297989455608
    ));
#1230 = CARTESIAN_POINT('',(1.99241266102,7.640624996156,2.993973718077)
  );
#1231 = CARTESIAN_POINT('',(2.55044961158,7.687500019486,2.550440164719)
  );
#1232 = CARTESIAN_POINT('',(2.993968495644,7.734374992004,1.992421938054
    ));
#1233 = CARTESIAN_POINT('',(3.297990755365,7.781250008477,1.354811555551
    ));
#1234 = CARTESIAN_POINT('',(3.449999628895,7.828125004979,0.677405834922
    ));
#1235 = CARTESIAN_POINT('',(3.449999693653,7.921875004101,
    -0.677405838639));
#1236 = CARTESIAN_POINT('',(3.297991120521,7.968750000579,
    -1.354811936863));
#1237 = CARTESIAN_POINT('',(2.993967417331,8.01562501707,-1.992420660361
    ));
#1238 = CARTESIAN_POINT('',(2.550450691306,8.062499989658,-2.55044183084
    ));
#1239 = CARTESIAN_POINT('',(1.992412204689,8.1093750128,-2.993972708752)
  );
#1240 = CARTESIAN_POINT('',(1.354816576092,8.156250003066,
    -3.297989655062));
#1241 = CARTESIAN_POINT('',(0.677404633175,8.203125003946,
    -3.449999705768));
#1242 = CARTESIAN_POINT('',(5.3351207E-10,8.250000004955,-3.449999630581
    ));
#1243 = CARTESIAN_POINT('',(-0.677404632172,8.296875003683,
    -3.449999725464));
#1244 = CARTESIAN_POINT('',(-1.354816513908,8.343750007938,
    -3.297989331094));
#1245 = CARTESIAN_POINT('',(-1.992412668372,8.390624994295,
    -2.993973848844));
#1246 = CARTESIAN_POINT('',(-2.550449604892,8.437500020988,
    -2.550440058685));
#1247 = CARTESIAN_POINT('',(-2.993968499489,8.484374991112,
    -1.99242200248));
#1248 = CARTESIAN_POINT('',(-3.297990754826,8.531250008838,
    -1.354811528924));
#1249 = CARTESIAN_POINT('',(-3.449999628884,8.578125004908,
    -0.677405840184));
#1250 = CARTESIAN_POINT('',(-3.449999693528,8.671875004134,
    0.677405841081));
#1251 = CARTESIAN_POINT('',(-3.297991119785,8.718750000535,
    1.354811934087));
#1252 = CARTESIAN_POINT('',(-2.993967420742,8.76562501715,1.992420661615
    ));
#1253 = CARTESIAN_POINT('',(-2.550450684741,8.812499989513,
    2.550441834166));
#1254 = CARTESIAN_POINT('',(-1.992412211657,8.859375012999,
    2.993972698954));
#1255 = CARTESIAN_POINT('',(-1.354816573435,8.906250002835,
    3.297989670379));
#1256 = CARTESIAN_POINT('',(-0.6774046332,8.953125004114,3.449999693318)
  );
#1257 = CARTESIAN_POINT('',(-5.7195703E-10,9.0000000049,3.449999634396)
  );
#1258 = CARTESIAN_POINT('',(-5.0642119E-10,6.750000004242,2.150961579469
    ));
#1259 = CARTESIAN_POINT('',(0.422339091052,6.796875004923,2.150961529005
    ));
#1260 = CARTESIAN_POINT('',(0.844685386877,6.843750006268,2.056187992324
    ));
#1261 = CARTESIAN_POINT('',(1.242200928516,6.890624996098,1.866644985808
    ));
#1262 = CARTESIAN_POINT('',(1.590124350951,6.937500019625,1.590114866262
    ));
#1263 = CARTESIAN_POINT('',(1.866639741761,6.984374991936,1.242210242497
    ));
#1264 = CARTESIAN_POINT('',(2.056189297717,7.031250008523,0.84468040373)
  );
#1265 = CARTESIAN_POINT('',(2.150961523205,7.078125005003,0.422340299309
    ));
#1266 = CARTESIAN_POINT('',(2.150961587967,7.171875004121,
    -0.422340303022));
#1267 = CARTESIAN_POINT('',(2.056189662887,7.218750000596,-0.84468078505
    ));
#1268 = CARTESIAN_POINT('',(1.866638663416,7.265625017094,
    -1.242208964758));
#1269 = CARTESIAN_POINT('',(1.590125430715,7.312499989708,
    -1.590116532435));
#1270 = CARTESIAN_POINT('',(1.242200472176,7.359375012775,
    -1.866643976447));
#1271 = CARTESIAN_POINT('',(0.844685444568,7.406250003107,
    -2.056188191783));
#1272 = CARTESIAN_POINT('',(0.422339092338,7.453125003963,
    -2.150961600082));
#1273 = CARTESIAN_POINT('',(5.3567196E-10,7.500000004977,-2.150961524892
    ));
#1274 = CARTESIAN_POINT('',(-0.422339091332,7.546875003709,
    -2.150961619779));
#1275 = CARTESIAN_POINT('',(-0.844685382377,7.593750007965,
    -2.056187867805));
#1276 = CARTESIAN_POINT('',(-1.242200935871,7.640624994252,
    -1.86664511658));
#1277 = CARTESIAN_POINT('',(-1.590124344261,7.687500021111,
    -1.590114760224));
#1278 = CARTESIAN_POINT('',(-1.866639745607,7.734374991058,
    -1.242210306925));
#1279 = CARTESIAN_POINT('',(-2.056189297178,7.781250008883,
    -0.844680377102));
#1280 = CARTESIAN_POINT('',(-2.150961523194,7.828125004932,
    -0.422340304571));
#1281 = CARTESIAN_POINT('',(-2.150961587841,7.921875004154,
    0.422340305464));
#1282 = CARTESIAN_POINT('',(-2.056189662151,7.96875000055,0.844680782275
    ));
#1283 = CARTESIAN_POINT('',(-1.866638666826,8.015625017185,
    1.242208966012));
#1284 = CARTESIAN_POINT('',(-1.59012542415,8.062499989539,1.590116535761
    ));
#1285 = CARTESIAN_POINT('',(-1.242200479144,8.109375012995,1.86664396665
    ));
#1286 = CARTESIAN_POINT('',(-0.844685441911,8.15625000287,2.056188207101
    ));
#1287 = CARTESIAN_POINT('',(-0.422339092363,8.203125004132,2.15096158763
    ));
#1288 = CARTESIAN_POINT('',(-5.7412396E-10,8.250000004922,2.150961528708
    ));
#1289 = ADVANCED_FACE('',(#1290),#1334,.T.);
#1290 = FACE_BOUND('',#1291,.T.);
#1291 = EDGE_LOOP('',(#1292,#1293,#1300,#1333));
#1292 = ORIENTED_EDGE('',*,*,#1192,.F.);
#1293 = ORIENTED_EDGE('',*,*,#1294,.T.);
#1294 = EDGE_CURVE('',#1186,#1295,#1297,.T.);
#1295 = VERTEX_POINT('',#1296);
#1296 = CARTESIAN_POINT('',(-5.04611E-10,6.000000004224,3.449999685137)
  );
#1297 = B_SPLINE_CURVE_WITH_KNOTS('',1,(#1298,#1299),.UNSPECIFIED.,.F.,
  .F.,(2,2),(0.,1.5),.PIECEWISE_BEZIER_KNOTS.);
#1298 = CARTESIAN_POINT('',(-5.0667791E-10,6.750000004242,2.150961579469
    ));
#1299 = CARTESIAN_POINT('',(-5.0476234E-10,6.000000004227,3.449999685135
    ));
#1300 = ORIENTED_EDGE('',*,*,#1301,.T.);
#1301 = EDGE_CURVE('',#1295,#1079,#1302,.T.);
#1302 = B_SPLINE_CURVE_WITH_KNOTS('',8,(#1303,#1304,#1305,#1306,#1307,
    #1308,#1309,#1310,#1311,#1312,#1313,#1314,#1315,#1316,#1317,#1318,
    #1319,#1320,#1321,#1322,#1323,#1324,#1325,#1326,#1327,#1328,#1329,
    #1330,#1331,#1332),.UNSPECIFIED.,.F.,.F.,(9,7,7,7,9),(0.,
    1.570897825393,3.141795650785,4.712693476178,6.283591301571),
  .UNSPECIFIED.);
#1303 = CARTESIAN_POINT('',(-4.1259992E-10,6.000000003496,3.44999973938)
  );
#1304 = CARTESIAN_POINT('',(0.677404641827,6.046875004292,3.449999679936
    ));
#1305 = CARTESIAN_POINT('',(1.354816536808,6.093750005539,3.29798950876)
  );
#1306 = CARTESIAN_POINT('',(1.992412692165,6.140624995387,2.99397375731)
  );
#1307 = CARTESIAN_POINT('',(2.55044964686,6.187500018956,2.550440205202)
  );
#1308 = CARTESIAN_POINT('',(2.993968540797,6.2343749912,1.992421965025)
  );
#1309 = CARTESIAN_POINT('',(3.297990803491,6.281250007871,1.354811576777
    ));
#1310 = CARTESIAN_POINT('',(3.449999679384,6.328125004286,0.677405843589
    ));
#1311 = CARTESIAN_POINT('',(3.44999974428,6.421875003451,-0.677405846453
    ));
#1312 = CARTESIAN_POINT('',(3.297991168937,6.468749999743,
    -1.354811969066));
#1313 = CARTESIAN_POINT('',(2.993967462961,6.515625016842,
    -1.992420659982));
#1314 = CARTESIAN_POINT('',(2.550450727485,6.562499988181,
    -2.550441920136));
#1315 = CARTESIAN_POINT('',(1.992412236813,6.609375013071,
    -2.993972687554));
#1316 = CARTESIAN_POINT('',(1.354816593605,6.65625000149,-3.297989769259
    ));
#1317 = CARTESIAN_POINT('',(0.677404643131,6.703125003996,
    -3.449999701973));
#1318 = CARTESIAN_POINT('',(-0.677404642196,6.796875003727,
    -3.449999722337));
#1319 = CARTESIAN_POINT('',(-1.354816535682,6.843750006219,
    -3.297989455442));
#1320 = CARTESIAN_POINT('',(-1.992412696207,6.890624994726,
    -2.993973814876));
#1321 = CARTESIAN_POINT('',(-2.55044964332,6.937500019433,-2.55044015827
    ));
#1322 = CARTESIAN_POINT('',(-2.993968542561,6.984374990923,
    -1.992421994403));
#1323 = CARTESIAN_POINT('',(-3.297990802821,7.031250007985,
    -1.354811563766));
#1324 = CARTESIAN_POINT('',(-3.44999967911,7.078125004274,
    -0.677405847013));
#1325 = CARTESIAN_POINT('',(-3.44999974409,7.171875003437,0.677405849826
    ));
#1326 = CARTESIAN_POINT('',(-3.297991168383,7.2187499999,1.354811955945)
  );
#1327 = CARTESIAN_POINT('',(-2.993967464992,7.265625016437,
    1.992420689513));
#1328 = CARTESIAN_POINT('',(-2.550450722818,7.312499988827,2.55044187311
    ));
#1329 = CARTESIAN_POINT('',(-1.992412240862,7.359375012331,
    2.993972743302));
#1330 = CARTESIAN_POINT('',(-1.354816593007,7.406250002166,
    3.297989717961));
#1331 = CARTESIAN_POINT('',(-0.677404643136,7.453125003439,3.44999974373
    ));
#1332 = CARTESIAN_POINT('',(-5.0475945E-10,7.500000004224,3.449999685156
    ));
#1333 = ORIENTED_EDGE('',*,*,#1078,.F.);
#1334 = B_SPLINE_SURFACE_WITH_KNOTS('',1,8,(
    (#1335,#1336,#1337,#1338,#1339,#1340,#1341,#1342,#1343,#1344,#1345
      ,#1346,#1347,#1348,#1349,#1350,#1351,#1352,#1353,#1354,#1355,#1356
      ,#1357,#1358,#1359,#1360,#1361,#1362,#1363,#1364,#1365)
    ,(#1366,#1367,#1368,#1369,#1370,#1371,#1372,#1373,#1374,#1375,#1376
      ,#1377,#1378,#1379,#1380,#1381,#1382,#1383,#1384,#1385,#1386,#1387
      ,#1388,#1389,#1390,#1391,#1392,#1393,#1394,#1395,#1396
  )),.UNSPECIFIED.,.F.,.F.,.F.,(2,2),(9,7,8,7,9),(0.,1.5),(0.,
    1.570897825393,3.141795650785,4.712693476178,6.283591301571),
  .UNSPECIFIED.);
#1335 = CARTESIAN_POINT('',(-5.0641764E-10,6.750000004242,2.150961579469
    ));
#1336 = CARTESIAN_POINT('',(0.422339091052,6.796875004923,2.150961529005
    ));
#1337 = CARTESIAN_POINT('',(0.844685386877,6.843750006268,2.056187992324
    ));
#1338 = CARTESIAN_POINT('',(1.242200928516,6.890624996098,1.866644985808
    ));
#1339 = CARTESIAN_POINT('',(1.590124350951,6.937500019625,1.590114866262
    ));
#1340 = CARTESIAN_POINT('',(1.866639741761,6.984374991936,1.242210242497
    ));
#1341 = CARTESIAN_POINT('',(2.056189297717,7.031250008523,0.84468040373)
  );
#1342 = CARTESIAN_POINT('',(2.150961523205,7.078125005003,0.422340299309
    ));
#1343 = CARTESIAN_POINT('',(2.150961587967,7.171875004121,
    -0.422340303022));
#1344 = CARTESIAN_POINT('',(2.056189662887,7.218750000596,-0.84468078505
    ));
#1345 = CARTESIAN_POINT('',(1.866638663415,7.265625017094,
    -1.242208964758));
#1346 = CARTESIAN_POINT('',(1.590125430715,7.312499989708,
    -1.590116532435));
#1347 = CARTESIAN_POINT('',(1.242200472176,7.359375012775,
    -1.866643976447));
#1348 = CARTESIAN_POINT('',(0.844685444568,7.406250003107,
    -2.056188191783));
#1349 = CARTESIAN_POINT('',(0.422339092338,7.453125003963,
    -2.150961600082));
#1350 = CARTESIAN_POINT('',(5.3566885E-10,7.500000004977,-2.150961524892
    ));
#1351 = CARTESIAN_POINT('',(-0.422339091332,7.546875003709,
    -2.150961619779));
#1352 = CARTESIAN_POINT('',(-0.844685382377,7.593750007965,
    -2.056187867805));
#1353 = CARTESIAN_POINT('',(-1.242200935871,7.640624994252,
    -1.86664511658));
#1354 = CARTESIAN_POINT('',(-1.590124344261,7.687500021111,
    -1.590114760224));
#1355 = CARTESIAN_POINT('',(-1.866639745607,7.734374991058,
    -1.242210306925));
#1356 = CARTESIAN_POINT('',(-2.056189297178,7.781250008883,
    -0.844680377102));
#1357 = CARTESIAN_POINT('',(-2.150961523194,7.828125004932,
    -0.422340304571));
#1358 = CARTESIAN_POINT('',(-2.150961587841,7.921875004154,
    0.422340305464));
#1359 = CARTESIAN_POINT('',(-2.056189662151,7.96875000055,0.844680782275
    ));
#1360 = CARTESIAN_POINT('',(-1.866638666826,8.015625017185,
    1.242208966012));
#1361 = CARTESIAN_POINT('',(-1.59012542415,8.062499989539,1.59011653576)
  );
#1362 = CARTESIAN_POINT('',(-1.242200479144,8.109375012995,1.86664396665
    ));
#1363 = CARTESIAN_POINT('',(-0.844685441911,8.15625000287,2.0561882071)
  );
#1364 = CARTESIAN_POINT('',(-0.422339092363,8.203125004132,2.15096158763
    ));
#1365 = CARTESIAN_POINT('',(-5.741204E-10,8.250000004922,2.150961528708)
  );
#1366 = CARTESIAN_POINT('',(-5.0450196E-10,6.000000004227,3.449999685135
    ));
#1367 = CARTESIAN_POINT('',(0.677404631889,6.046875004905,3.449999634669
    ));
#1368 = CARTESIAN_POINT('',(1.354816518395,6.093750006256,3.297989455579
    ));
#1369 = CARTESIAN_POINT('',(1.992412661022,6.14062499606,2.993973718091)
  );
#1370 = CARTESIAN_POINT('',(2.550449611528,6.187500019625,2.550440164647
    ));
#1371 = CARTESIAN_POINT('',(2.99396849566,6.234374991907,1.992421938083)
  );
#1372 = CARTESIAN_POINT('',(3.297990755332,6.281250008512,1.35481155553)
  );
#1373 = CARTESIAN_POINT('',(3.44999962887,6.328125004979,0.677405834918)
  );
#1374 = CARTESIAN_POINT('',(3.449999693633,6.421875004101,
    -0.677405838635));
#1375 = CARTESIAN_POINT('',(3.297991120512,6.468750000614,
    -1.354811936867));
#1376 = CARTESIAN_POINT('',(2.993967417275,6.515625016972,
    -1.992420660306));
#1377 = CARTESIAN_POINT('',(2.550450691326,6.562499989798,
    -2.550441830878));
#1378 = CARTESIAN_POINT('',(1.992412204661,6.609375012704,
    -2.993972708699));
#1379 = CARTESIAN_POINT('',(1.354816576085,6.656250003097,
    -3.297989655047));
#1380 = CARTESIAN_POINT('',(0.67740463317,6.703125003949,-3.449999705749
    ));
#1381 = CARTESIAN_POINT('',(5.3351495E-10,6.750000004959,-3.449999630556
    ));
#1382 = CARTESIAN_POINT('',(-0.677404632168,6.796875003686,
    -3.449999725446));
#1383 = CARTESIAN_POINT('',(-1.354816513897,6.843750007969,
    -3.297989331056));
#1384 = CARTESIAN_POINT('',(-1.992412668375,6.890624994199,
    -2.993973848868));
#1385 = CARTESIAN_POINT('',(-2.550449604839,6.937500021128,
    -2.550440058605));
#1386 = CARTESIAN_POINT('',(-2.993968499506,6.984374991014,
    -1.992422002515));
#1387 = CARTESIAN_POINT('',(-3.297990754792,7.031250008874,-1.3548115289
    ));
#1388 = CARTESIAN_POINT('',(-3.449999628859,7.078125004908,
    -0.67740584018));
#1389 = CARTESIAN_POINT('',(-3.449999693507,7.171875004134,
    0.677405841077));
#1390 = CARTESIAN_POINT('',(-3.297991119776,7.21875000057,1.354811934091
    ));
#1391 = CARTESIAN_POINT('',(-2.993967420687,7.265625017052,1.99242066156
    ));
#1392 = CARTESIAN_POINT('',(-2.55045068476,7.312499989653,2.550441834204
    ));
#1393 = CARTESIAN_POINT('',(-1.99241221163,7.359375012903,2.993972698902
    ));
#1394 = CARTESIAN_POINT('',(-1.354816573428,7.406250002866,
    3.297989670364));
#1395 = CARTESIAN_POINT('',(-0.677404633196,7.453125004118,
    3.449999693297));
#1396 = CARTESIAN_POINT('',(-5.7195903E-10,7.500000004904,3.449999634372
    ));
#1397 = ADVANCED_FACE('',(#1398),#1442,.T.);
#1398 = FACE_BOUND('',#1399,.T.);
#1399 = EDGE_LOOP('',(#1400,#1401,#1408,#1441));
#1400 = ORIENTED_EDGE('',*,*,#1301,.F.);
#1401 = ORIENTED_EDGE('',*,*,#1402,.T.);
#1402 = EDGE_CURVE('',#1295,#1403,#1405,.T.);
#1403 = VERTEX_POINT('',#1404);
#1404 = CARTESIAN_POINT('',(-4.14214E-10,5.250000003514,2.150961633695)
  );
#1405 = B_SPLINE_CURVE_WITH_KNOTS('',1,(#1406,#1407),.UNSPECIFIED.,.F.,
  .F.,(2,2),(0.,1.5),.PIECEWISE_BEZIER_KNOTS.);
#1406 = CARTESIAN_POINT('',(-4.1267778E-10,6.000000003496,3.44999973938)
  );
#1407 = CARTESIAN_POINT('',(-4.1426583E-10,5.250000003514,2.150961633695
    ));
#1408 = ORIENTED_EDGE('',*,*,#1409,.T.);
#1409 = EDGE_CURVE('',#1403,#1186,#1410,.T.);
#1410 = B_SPLINE_CURVE_WITH_KNOTS('',8,(#1411,#1412,#1413,#1414,#1415,
    #1416,#1417,#1418,#1419,#1420,#1421,#1422,#1423,#1424,#1425,#1426,
    #1427,#1428,#1429,#1430,#1431,#1432,#1433,#1434,#1435,#1436,#1437,
    #1438,#1439,#1440),.UNSPECIFIED.,.F.,.F.,(9,7,7,7,9),(0.,
    1.570897825393,3.141795650785,4.712693476178,6.283591301571),
  .UNSPECIFIED.);
#1411 = CARTESIAN_POINT('',(-4.1418408E-10,5.250000003514,2.150961633695
    ));
#1412 = CARTESIAN_POINT('',(0.422339100986,5.296875004314,2.150961574249
    ));
#1413 = CARTESIAN_POINT('',(0.84468540528,5.343750005566,2.056188045477)
  );
#1414 = CARTESIAN_POINT('',(1.242200959661,5.390624995366,1.866645025042
    ));
#1415 = CARTESIAN_POINT('',(1.590124386233,5.437500019029,1.590114906746
    ));
#1416 = CARTESIAN_POINT('',(1.866639786915,5.484374991181,1.242210269468
    ));
#1417 = CARTESIAN_POINT('',(2.056189345845,5.531250007891,0.844680424956
    ));
#1418 = CARTESIAN_POINT('',(2.150961573696,5.578125004309,0.422340307976
    ));
#1419 = CARTESIAN_POINT('',(2.150961638596,5.671875003471,
    -0.422340310836));
#1420 = CARTESIAN_POINT('',(2.056189711304,5.718749999747,
    -0.844680817255));
#1421 = CARTESIAN_POINT('',(1.866638709047,5.765625016876,-1.24220896438
    ));
#1422 = CARTESIAN_POINT('',(1.590125466894,5.812499988191,
    -1.590116621734));
#1423 = CARTESIAN_POINT('',(1.2422005043,5.859375013098,-1.866643955249)
  );
#1424 = CARTESIAN_POINT('',(0.844685462081,5.906250001494,
    -2.056188305984));
#1425 = CARTESIAN_POINT('',(0.422339102295,5.953125004018,
    -2.150961596286));
#1426 = CARTESIAN_POINT('',(-0.422339101356,6.046875003745,
    -2.150961616652));
#1427 = CARTESIAN_POINT('',(-0.844685404151,6.093750006244,
    -2.056187992158));
#1428 = CARTESIAN_POINT('',(-1.242200963708,6.140624994681,
    -1.86664508261));
#1429 = CARTESIAN_POINT('',(-1.590124382689,6.187500019567,
    -1.590114859814));
#1430 = CARTESIAN_POINT('',(-1.866639788682,6.23437499085,
    -1.242210298847));
#1431 = CARTESIAN_POINT('',(-2.056189345174,6.281250008025,
    -0.844680411945));
#1432 = CARTESIAN_POINT('',(-2.150961573422,6.328125004297,-0.4223403114
    ));
#1433 = CARTESIAN_POINT('',(-2.150961638406,6.421875003457,0.42234031421
    ));
#1434 = CARTESIAN_POINT('',(-2.05618971075,6.468749999905,0.844680804133
    ));
#1435 = CARTESIAN_POINT('',(-1.866638711078,6.51562501646,1.24220899391)
  );
#1436 = CARTESIAN_POINT('',(-1.590125462227,6.562499988874,
    1.590116574708));
#1437 = CARTESIAN_POINT('',(-1.24220050835,6.609375012302,1.866644010997
    ));
#1438 = CARTESIAN_POINT('',(-0.844685461483,6.656250002208,
    2.056188254685));
#1439 = CARTESIAN_POINT('',(-0.4223391023,6.703125003454,2.150961638044)
  );
#1440 = CARTESIAN_POINT('',(-5.0667791E-10,6.750000004242,2.150961579469
    ));
#1441 = ORIENTED_EDGE('',*,*,#1185,.F.);
#1442 = B_SPLINE_SURFACE_WITH_KNOTS('',1,8,(
    (#1443,#1444,#1445,#1446,#1447,#1448,#1449,#1450,#1451,#1452,#1453
      ,#1454,#1455,#1456,#1457,#1458,#1459,#1460,#1461,#1462,#1463,#1464
      ,#1465,#1466,#1467,#1468,#1469,#1470,#1471,#1472)
    ,(#1473,#1474,#1475,#1476,#1477,#1478,#1479,#1480,#1481,#1482,#1483
      ,#1484,#1485,#1486,#1487,#1488,#1489,#1490,#1491,#1492,#1493,#1494
      ,#1495,#1496,#1497,#1498,#1499,#1500,#1501,#1502
  )),.UNSPECIFIED.,.F.,.F.,.F.,(2,2),(9,7,7,7,9),(0.,1.5),(0.,
    1.570897825393,3.141795650785,4.712693476178,6.283591301571),
  .UNSPECIFIED.);
#1443 = CARTESIAN_POINT('',(-4.1259992E-10,6.000000003496,3.44999973938)
  );
#1444 = CARTESIAN_POINT('',(0.677404641827,6.046875004292,3.449999679936
    ));
#1445 = CARTESIAN_POINT('',(1.354816536808,6.093750005539,3.29798950876)
  );
#1446 = CARTESIAN_POINT('',(1.992412692165,6.140624995387,2.99397375731)
  );
#1447 = CARTESIAN_POINT('',(2.55044964686,6.187500018956,2.550440205202)
  );
#1448 = CARTESIAN_POINT('',(2.993968540797,6.2343749912,1.992421965025)
  );
#1449 = CARTESIAN_POINT('',(3.297990803491,6.281250007871,1.354811576777
    ));
#1450 = CARTESIAN_POINT('',(3.449999679384,6.328125004286,0.677405843589
    ));
#1451 = CARTESIAN_POINT('',(3.44999974428,6.421875003451,-0.677405846453
    ));
#1452 = CARTESIAN_POINT('',(3.297991168937,6.468749999743,
    -1.354811969066));
#1453 = CARTESIAN_POINT('',(2.993967462961,6.515625016842,
    -1.992420659982));
#1454 = CARTESIAN_POINT('',(2.550450727485,6.562499988181,
    -2.550441920136));
#1455 = CARTESIAN_POINT('',(1.992412236813,6.609375013071,
    -2.993972687554));
#1456 = CARTESIAN_POINT('',(1.354816593605,6.65625000149,-3.297989769259
    ));
#1457 = CARTESIAN_POINT('',(0.677404643131,6.703125003996,
    -3.449999701973));
#1458 = CARTESIAN_POINT('',(-0.677404642196,6.796875003727,
    -3.449999722337));
#1459 = CARTESIAN_POINT('',(-1.354816535682,6.843750006219,
    -3.297989455442));
#1460 = CARTESIAN_POINT('',(-1.992412696207,6.890624994726,
    -2.993973814876));
#1461 = CARTESIAN_POINT('',(-2.55044964332,6.937500019433,-2.55044015827
    ));
#1462 = CARTESIAN_POINT('',(-2.993968542561,6.984374990923,
    -1.992421994403));
#1463 = CARTESIAN_POINT('',(-3.297990802821,7.031250007985,
    -1.354811563766));
#1464 = CARTESIAN_POINT('',(-3.44999967911,7.078125004274,
    -0.677405847013));
#1465 = CARTESIAN_POINT('',(-3.44999974409,7.171875003437,0.677405849826
    ));
#1466 = CARTESIAN_POINT('',(-3.297991168383,7.2187499999,1.354811955945)
  );
#1467 = CARTESIAN_POINT('',(-2.993967464992,7.265625016437,
    1.992420689513));
#1468 = CARTESIAN_POINT('',(-2.550450722818,7.312499988827,2.55044187311
    ));
#1469 = CARTESIAN_POINT('',(-1.992412240862,7.359375012331,
    2.993972743302));
#1470 = CARTESIAN_POINT('',(-1.354816593007,7.406250002166,
    3.297989717961));
#1471 = CARTESIAN_POINT('',(-0.677404643136,7.453125003439,3.44999974373
    ));
#1472 = CARTESIAN_POINT('',(-5.0475945E-10,7.500000004224,3.449999685156
    ));
#1473 = CARTESIAN_POINT('',(-4.1418741E-10,5.250000003514,2.150961633695
    ));
#1474 = CARTESIAN_POINT('',(0.422339100986,5.296875004314,2.150961574249
    ));
#1475 = CARTESIAN_POINT('',(0.84468540528,5.343750005566,2.056188045477)
  );
#1476 = CARTESIAN_POINT('',(1.242200959661,5.390624995366,1.866645025042
    ));
#1477 = CARTESIAN_POINT('',(1.590124386233,5.437500019029,1.590114906746
    ));
#1478 = CARTESIAN_POINT('',(1.866639786915,5.484374991181,1.242210269468
    ));
#1479 = CARTESIAN_POINT('',(2.056189345845,5.531250007891,0.844680424956
    ));
#1480 = CARTESIAN_POINT('',(2.150961573696,5.578125004309,0.422340307976
    ));
#1481 = CARTESIAN_POINT('',(2.150961638596,5.671875003471,
    -0.422340310836));
#1482 = CARTESIAN_POINT('',(2.056189711304,5.718749999747,
    -0.844680817255));
#1483 = CARTESIAN_POINT('',(1.866638709047,5.765625016876,-1.24220896438
    ));
#1484 = CARTESIAN_POINT('',(1.590125466894,5.812499988191,
    -1.590116621733));
#1485 = CARTESIAN_POINT('',(1.2422005043,5.859375013098,-1.866643955249)
  );
#1486 = CARTESIAN_POINT('',(0.844685462081,5.906250001494,
    -2.056188305984));
#1487 = CARTESIAN_POINT('',(0.422339102295,5.953125004018,
    -2.150961596286));
#1488 = CARTESIAN_POINT('',(-0.422339101356,6.046875003745,
    -2.150961616652));
#1489 = CARTESIAN_POINT('',(-0.844685404151,6.093750006244,
    -2.056187992158));
#1490 = CARTESIAN_POINT('',(-1.242200963708,6.140624994681,
    -1.86664508261));
#1491 = CARTESIAN_POINT('',(-1.590124382689,6.187500019567,
    -1.590114859814));
#1492 = CARTESIAN_POINT('',(-1.866639788682,6.23437499085,
    -1.242210298847));
#1493 = CARTESIAN_POINT('',(-2.056189345174,6.281250008025,
    -0.844680411945));
#1494 = CARTESIAN_POINT('',(-2.150961573422,6.328125004297,-0.4223403114
    ));
#1495 = CARTESIAN_POINT('',(-2.150961638406,6.421875003457,0.42234031421
    ));
#1496 = CARTESIAN_POINT('',(-2.05618971075,6.468749999905,0.844680804133
    ));
#1497 = CARTESIAN_POINT('',(-1.866638711078,6.51562501646,1.24220899391)
  );
#1498 = CARTESIAN_POINT('',(-1.590125462227,6.562499988874,
    1.590116574708));
#1499 = CARTESIAN_POINT('',(-1.24220050835,6.609375012302,1.866644010997
    ));
#1500 = CARTESIAN_POINT('',(-0.844685461483,6.656250002208,
    2.056188254685));
#1501 = CARTESIAN_POINT('',(-0.4223391023,6.703125003454,2.150961638044)
  );
#1502 = CARTESIAN_POINT('',(-5.0668146E-10,6.750000004242,2.150961579469
    ));
#1503 = ADVANCED_FACE('',(#1504),#1549,.T.);
#1504 = FACE_BOUND('',#1505,.T.);
#1505 = EDGE_LOOP('',(#1506,#1507,#1514,#1548));
#1506 = ORIENTED_EDGE('',*,*,#1409,.F.);
#1507 = ORIENTED_EDGE('',*,*,#1508,.T.);
#1508 = EDGE_CURVE('',#1403,#1509,#1511,.T.);
#1509 = VERTEX_POINT('',#1510);
#1510 = CARTESIAN_POINT('',(-4.12623E-10,4.500000003496,3.449999739365)
  );
#1511 = B_SPLINE_CURVE_WITH_KNOTS('',1,(#1512,#1513),.UNSPECIFIED.,.F.,
  .F.,(2,2),(0.,1.5),.PIECEWISE_BEZIER_KNOTS.);
#1512 = CARTESIAN_POINT('',(-4.1426205E-10,5.250000003514,2.150961633695
    ));
#1513 = CARTESIAN_POINT('',(-4.1267622E-10,4.5000000035,3.449999739363)
  );
#1514 = ORIENTED_EDGE('',*,*,#1515,.T.);
#1515 = EDGE_CURVE('',#1509,#1295,#1516,.T.);
#1516 = B_SPLINE_CURVE_WITH_KNOTS('',8,(#1517,#1518,#1519,#1520,#1521,
    #1522,#1523,#1524,#1525,#1526,#1527,#1528,#1529,#1530,#1531,#1532,
    #1533,#1534,#1535,#1536,#1537,#1538,#1539,#1540,#1541,#1542,#1543,
    #1544,#1545,#1546,#1547),.UNSPECIFIED.,.F.,.F.,(9,7,8,7,9),(0.,
    1.570897825393,3.141795650785,4.712693476178,6.283591301571),
  .UNSPECIFIED.);
#1517 = CARTESIAN_POINT('',(-3.1585131E-10,4.500000002816,3.449999790097
    ));
#1518 = CARTESIAN_POINT('',(0.677404651967,4.546875003613,3.449999730722
    ));
#1519 = CARTESIAN_POINT('',(1.354816556692,4.593750004827,3.297989556927
    ));
#1520 = CARTESIAN_POINT('',(1.992412721693,4.640624994816,2.99397380204)
  );
#1521 = CARTESIAN_POINT('',(2.550449684607,4.687500018121,2.550440241848
    ));
#1522 = CARTESIAN_POINT('',(2.993968584896,4.734374990644,1.992421995555
    ));
#1523 = CARTESIAN_POINT('',(3.29799085187,4.781250007133,1.3548115952));
#1524 = CARTESIAN_POINT('',(3.449999730023,4.828125003624,0.677405854534
    ));
#1525 = CARTESIAN_POINT('',(3.449999794964,4.921875002742,
    -0.677405858841));
#1526 = CARTESIAN_POINT('',(3.297991217351,4.96874999921,-1.354811977133
    ));
#1527 = CARTESIAN_POINT('',(2.99396750718,5.015625015788,-1.992420718655
    ));
#1528 = CARTESIAN_POINT('',(2.550450763931,5.062499988127,-2.55044190859
    ));
#1529 = CARTESIAN_POINT('',(1.992412266289,5.109375011597,
    -2.993972792836));
#1530 = CARTESIAN_POINT('',(1.354816613517,5.156250001606,
    -3.297989757878));
#1531 = CARTESIAN_POINT('',(0.677404652972,5.20312500269,-3.44999979949)
  );
#1532 = CARTESIAN_POINT('',(3.4782949E-10,5.250000003547,-3.449999735609
    ));
#1533 = CARTESIAN_POINT('',(-0.677404652212,5.296875002384,
    -3.449999822783));
#1534 = CARTESIAN_POINT('',(-1.354816554423,5.343750006455,
    -3.297989434911));
#1535 = CARTESIAN_POINT('',(-1.992412725749,5.39062499314,
    -2.993973928467));
#1536 = CARTESIAN_POINT('',(-2.55044968024,5.437500019446,
    -2.550440139713));
#1537 = CARTESIAN_POINT('',(-2.993968586922,5.484374989861,
    -1.992422056818));
#1538 = CARTESIAN_POINT('',(-3.297990851538,5.531250007457,
    -1.354811569964));
#1539 = CARTESIAN_POINT('',(-3.44999973007,5.578125003558,
    -0.677405859448));
#1540 = CARTESIAN_POINT('',(-3.449999794971,5.671875002773,
    0.677405861174));
#1541 = CARTESIAN_POINT('',(-3.297991216897,5.718749999166,
    1.354811974399));
#1542 = CARTESIAN_POINT('',(-2.993967509428,5.765625015837,
    1.992420720585));
#1543 = CARTESIAN_POINT('',(-2.550450759641,5.812499988081,
    2.550441909563));
#1544 = CARTESIAN_POINT('',(-1.992412271709,5.859375011668,
    2.993972787906));
#1545 = CARTESIAN_POINT('',(-1.354816611034,5.906250001473,
    3.297989767646));
#1546 = CARTESIAN_POINT('',(-0.677404652916,5.95312500283,3.44999978937)
  );
#1547 = CARTESIAN_POINT('',(-4.1267778E-10,6.000000003496,3.44999973938)
  );
#1548 = ORIENTED_EDGE('',*,*,#1294,.F.);
#1549 = B_SPLINE_SURFACE_WITH_KNOTS('',1,8,(
    (#1550,#1551,#1552,#1553,#1554,#1555,#1556,#1557,#1558,#1559,#1560
      ,#1561,#1562,#1563,#1564,#1565,#1566,#1567,#1568,#1569,#1570,#1571
      ,#1572,#1573,#1574,#1575,#1576,#1577,#1578,#1579)
    ,(#1580,#1581,#1582,#1583,#1584,#1585,#1586,#1587,#1588,#1589,#1590
      ,#1591,#1592,#1593,#1594,#1595,#1596,#1597,#1598,#1599,#1600,#1601
      ,#1602,#1603,#1604,#1605,#1606,#1607,#1608,#1609
  )),.UNSPECIFIED.,.F.,.F.,.F.,(2,2),(9,7,7,7,9),(0.,1.5),(0.,
    1.570897825393,3.141795650785,4.712693476178,6.283591301571),
  .UNSPECIFIED.);
#1550 = CARTESIAN_POINT('',(-4.1418408E-10,5.250000003514,2.150961633695
    ));
#1551 = CARTESIAN_POINT('',(0.422339100986,5.296875004314,2.150961574249
    ));
#1552 = CARTESIAN_POINT('',(0.84468540528,5.343750005566,2.056188045477)
  );
#1553 = CARTESIAN_POINT('',(1.242200959661,5.390624995366,1.866645025042
    ));
#1554 = CARTESIAN_POINT('',(1.590124386233,5.437500019029,1.590114906746
    ));
#1555 = CARTESIAN_POINT('',(1.866639786915,5.484374991181,1.242210269468
    ));
#1556 = CARTESIAN_POINT('',(2.056189345845,5.531250007891,0.844680424956
    ));
#1557 = CARTESIAN_POINT('',(2.150961573696,5.578125004309,0.422340307976
    ));
#1558 = CARTESIAN_POINT('',(2.150961638596,5.671875003471,
    -0.422340310836));
#1559 = CARTESIAN_POINT('',(2.056189711304,5.718749999747,
    -0.844680817255));
#1560 = CARTESIAN_POINT('',(1.866638709047,5.765625016876,-1.24220896438
    ));
#1561 = CARTESIAN_POINT('',(1.590125466894,5.812499988191,
    -1.590116621734));
#1562 = CARTESIAN_POINT('',(1.2422005043,5.859375013098,-1.866643955249)
  );
#1563 = CARTESIAN_POINT('',(0.844685462081,5.906250001494,
    -2.056188305984));
#1564 = CARTESIAN_POINT('',(0.422339102295,5.953125004018,
    -2.150961596286));
#1565 = CARTESIAN_POINT('',(-0.422339101356,6.046875003745,
    -2.150961616652));
#1566 = CARTESIAN_POINT('',(-0.844685404151,6.093750006244,
    -2.056187992158));
#1567 = CARTESIAN_POINT('',(-1.242200963708,6.140624994681,
    -1.86664508261));
#1568 = CARTESIAN_POINT('',(-1.590124382689,6.187500019567,
    -1.590114859814));
#1569 = CARTESIAN_POINT('',(-1.866639788682,6.23437499085,
    -1.242210298847));
#1570 = CARTESIAN_POINT('',(-2.056189345174,6.281250008025,
    -0.844680411945));
#1571 = CARTESIAN_POINT('',(-2.150961573422,6.328125004297,-0.4223403114
    ));
#1572 = CARTESIAN_POINT('',(-2.150961638406,6.421875003457,0.42234031421
    ));
#1573 = CARTESIAN_POINT('',(-2.05618971075,6.468749999905,0.844680804133
    ));
#1574 = CARTESIAN_POINT('',(-1.866638711078,6.51562501646,1.24220899391)
  );
#1575 = CARTESIAN_POINT('',(-1.590125462227,6.562499988874,
    1.590116574708));
#1576 = CARTESIAN_POINT('',(-1.24220050835,6.609375012302,1.866644010997
    ));
#1577 = CARTESIAN_POINT('',(-0.844685461483,6.656250002208,
    2.056188254685));
#1578 = CARTESIAN_POINT('',(-0.4223391023,6.703125003454,2.150961638044)
  );
#1579 = CARTESIAN_POINT('',(-5.0667791E-10,6.750000004242,2.150961579469
    ));
#1580 = CARTESIAN_POINT('',(-4.1259881E-10,4.5000000035,3.449999739363)
  );
#1581 = CARTESIAN_POINT('',(0.677404641824,4.546875004296,3.449999679915
    ));
#1582 = CARTESIAN_POINT('',(1.354816536798,4.59375000557,3.297989508734)
  );
#1583 = CARTESIAN_POINT('',(1.992412692168,4.640624995291,2.993973757327
    ));
#1584 = CARTESIAN_POINT('',(2.550449646811,4.687500019095,2.550440205132
    ));
#1585 = CARTESIAN_POINT('',(2.993968540815,4.734374991102,1.992421965056
    ));
#1586 = CARTESIAN_POINT('',(3.297990803461,4.781250007906,1.354811576756
    ));
#1587 = CARTESIAN_POINT('',(3.449999679363,4.828125004286,0.677405843585
    ));
#1588 = CARTESIAN_POINT('',(3.449999744263,4.921875003451,-0.67740584645
    ));
#1589 = CARTESIAN_POINT('',(3.29799116893,4.968749999779,-1.354811969072
    ));
#1590 = CARTESIAN_POINT('',(2.993967462908,5.015625016744,
    -1.992420659927));
#1591 = CARTESIAN_POINT('',(2.550450727507,5.062499988321,-2.55044192018
    ));
#1592 = CARTESIAN_POINT('',(1.992412236786,5.109375012975,
    -2.993972687501));
#1593 = CARTESIAN_POINT('',(1.354816593599,5.156250001521,
    -3.297989769251));
#1594 = CARTESIAN_POINT('',(0.677404643128,5.203125004,-3.449999701953)
  );
#1595 = CARTESIAN_POINT('',(-0.677404642192,5.29687500373,
    -3.449999722319));
#1596 = CARTESIAN_POINT('',(-1.354816535672,5.34375000625,
    -3.297989455413));
#1597 = CARTESIAN_POINT('',(-1.992412696212,5.39062499463,
    -2.993973814897));
#1598 = CARTESIAN_POINT('',(-2.55044964327,5.437500019573,
    -2.550440158198));
#1599 = CARTESIAN_POINT('',(-2.99396854258,5.484374990825,
    -1.992421994436));
#1600 = CARTESIAN_POINT('',(-3.297990802791,5.531250008021,
    -1.354811563745));
#1601 = CARTESIAN_POINT('',(-3.449999679088,5.578125004273,
    -0.67740584701));
#1602 = CARTESIAN_POINT('',(-3.449999744073,5.671875003437,
    0.677405849823));
#1603 = CARTESIAN_POINT('',(-3.297991168377,5.718749999936,1.35481195595
    ));
#1604 = CARTESIAN_POINT('',(-2.99396746494,5.765625016339,1.992420689459
    ));
#1605 = CARTESIAN_POINT('',(-2.55045072284,5.812499988967,2.550441873152
    ));
#1606 = CARTESIAN_POINT('',(-1.992412240836,5.859375012234,
    2.993972743251));
#1607 = CARTESIAN_POINT('',(-1.354816593001,5.906250002198,3.29798971795
    ));
#1608 = CARTESIAN_POINT('',(-0.677404643132,5.953125003443,
    3.449999743713));
#1609 = CARTESIAN_POINT('',(-5.0476234E-10,6.000000004227,3.449999685135
    ));
#1610 = ADVANCED_FACE('',(#1611),#1656,.T.);
#1611 = FACE_BOUND('',#1612,.T.);
#1612 = EDGE_LOOP('',(#1613,#1614,#1621,#1655));
#1613 = ORIENTED_EDGE('',*,*,#1515,.F.);
#1614 = ORIENTED_EDGE('',*,*,#1615,.T.);
#1615 = EDGE_CURVE('',#1509,#1616,#1618,.T.);
#1616 = VERTEX_POINT('',#1617);
#1617 = CARTESIAN_POINT('',(-3.17091E-10,3.75000000283,2.150961684414));
#1618 = B_SPLINE_CURVE_WITH_KNOTS('',1,(#1619,#1620),.UNSPECIFIED.,.F.,
  .F.,(2,2),(0.,1.5),.PIECEWISE_BEZIER_KNOTS.);
#1619 = CARTESIAN_POINT('',(-3.1591318E-10,4.500000002816,3.449999790097
    ));
#1620 = CARTESIAN_POINT('',(-3.1712798E-10,3.75000000283,2.150961684414)
  );
#1621 = ORIENTED_EDGE('',*,*,#1622,.T.);
#1622 = EDGE_CURVE('',#1616,#1403,#1623,.T.);
#1623 = B_SPLINE_CURVE_WITH_KNOTS('',8,(#1624,#1625,#1626,#1627,#1628,
    #1629,#1630,#1631,#1632,#1633,#1634,#1635,#1636,#1637,#1638,#1639,
    #1640,#1641,#1642,#1643,#1644,#1645,#1646,#1647,#1648,#1649,#1650,
    #1651,#1652,#1653,#1654),.UNSPECIFIED.,.F.,.F.,(9,7,8,7,9),(0.,
    1.570897825393,3.141795650785,4.712693476178,6.283591301571),
  .UNSPECIFIED.);
#1624 = CARTESIAN_POINT('',(-3.1706266E-10,3.75000000283,2.150961684414)
  );
#1625 = CARTESIAN_POINT('',(0.422339111127,3.796875003631,2.150961625037
    ));
#1626 = CARTESIAN_POINT('',(0.844685425165,3.843750004857,2.056188093647
    ));
#1627 = CARTESIAN_POINT('',(1.242200989192,3.89062499477,1.866645069772)
  );
#1628 = CARTESIAN_POINT('',(1.59012442398,3.937500018228,1.590114943394)
  );
#1629 = CARTESIAN_POINT('',(1.866639831016,3.984374990578,1.242210299999
    ));
#1630 = CARTESIAN_POINT('',(2.056189394226,4.031250007182,0.84468044338)
  );
#1631 = CARTESIAN_POINT('',(2.150961624337,4.078125003641,0.422340318921
    ));
#1632 = CARTESIAN_POINT('',(2.150961689281,4.171875002755,
    -0.422340323225));
#1633 = CARTESIAN_POINT('',(2.05618975972,4.218749999227,-0.844680825322
    ));
#1634 = CARTESIAN_POINT('',(1.866638753266,4.265625015816,
    -1.242209023055));
#1635 = CARTESIAN_POINT('',(1.590125503343,4.312499988134,
    -1.590116610188));
#1636 = CARTESIAN_POINT('',(1.242200533777,4.359375011612,
    -1.866644060535));
#1637 = CARTESIAN_POINT('',(0.844685481993,4.406250001621,
    -2.056188294602));
#1638 = CARTESIAN_POINT('',(0.422339112136,4.453125002704,
    -2.150961693806));
#1639 = CARTESIAN_POINT('',(3.4928616E-10,4.500000003565,-2.150961629924
    ));
#1640 = CARTESIAN_POINT('',(-0.422339111372,4.546875002386,
    -2.150961717101));
#1641 = CARTESIAN_POINT('',(-0.844685422894,4.593750006517,
    -2.056187971626));
#1642 = CARTESIAN_POINT('',(-1.24220099325,4.64062499304,-1.866645196205
    ));
#1643 = CARTESIAN_POINT('',(-1.590124419612,4.687500019622,
    -1.590114841254));
#1644 = CARTESIAN_POINT('',(-1.866639833043,4.73437498975,
    -1.242210361264));
#1645 = CARTESIAN_POINT('',(-2.056189393893,4.781250007517,
    -0.844680418142));
#1646 = CARTESIAN_POINT('',(-2.150961624384,4.828125003573,
    -0.422340323835));
#1647 = CARTESIAN_POINT('',(-2.150961689288,4.921875002786,
    0.422340325558));
#1648 = CARTESIAN_POINT('',(-2.056189759265,4.968749999181,
    0.844680822588));
#1649 = CARTESIAN_POINT('',(-1.866638755516,5.01562501586,1.242209024984
    ));
#1650 = CARTESIAN_POINT('',(-1.59012549905,5.06249998809,1.590116611161)
  );
#1651 = CARTESIAN_POINT('',(-1.242200539198,5.109375011684,
    1.866644055604));
#1652 = CARTESIAN_POINT('',(-0.84468547951,5.156250001483,2.056188304371
    ));
#1653 = CARTESIAN_POINT('',(-0.422339112079,5.203125002845,
    2.150961683686));
#1654 = CARTESIAN_POINT('',(-4.1426205E-10,5.250000003514,2.150961633695
    ));
#1655 = ORIENTED_EDGE('',*,*,#1402,.F.);
#1656 = B_SPLINE_SURFACE_WITH_KNOTS('',1,8,(
    (#1657,#1658,#1659,#1660,#1661,#1662,#1663,#1664,#1665,#1666,#1667
      ,#1668,#1669,#1670,#1671,#1672,#1673,#1674,#1675,#1676,#1677,#1678
      ,#1679,#1680,#1681,#1682,#1683,#1684,#1685,#1686,#1687)
    ,(#1688,#1689,#1690,#1691,#1692,#1693,#1694,#1695,#1696,#1697,#1698
      ,#1699,#1700,#1701,#1702,#1703,#1704,#1705,#1706,#1707,#1708,#1709
      ,#1710,#1711,#1712,#1713,#1714,#1715,#1716,#1717,#1718
  )),.UNSPECIFIED.,.F.,.F.,.F.,(2,2),(9,7,8,7,9),(0.,1.5),(0.,
    1.570897825393,3.141795650785,4.712693476178,6.283591301571),
  .UNSPECIFIED.);
#1657 = CARTESIAN_POINT('',(-3.1585131E-10,4.500000002816,3.449999790097
    ));
#1658 = CARTESIAN_POINT('',(0.677404651967,4.546875003613,3.449999730722
    ));
#1659 = CARTESIAN_POINT('',(1.354816556692,4.593750004827,3.297989556927
    ));
#1660 = CARTESIAN_POINT('',(1.992412721693,4.640624994816,2.99397380204)
  );
#1661 = CARTESIAN_POINT('',(2.550449684607,4.687500018121,2.550440241848
    ));
#1662 = CARTESIAN_POINT('',(2.993968584896,4.734374990644,1.992421995555
    ));
#1663 = CARTESIAN_POINT('',(3.29799085187,4.781250007133,1.3548115952));
#1664 = CARTESIAN_POINT('',(3.449999730023,4.828125003624,0.677405854534
    ));
#1665 = CARTESIAN_POINT('',(3.449999794964,4.921875002742,
    -0.677405858841));
#1666 = CARTESIAN_POINT('',(3.297991217351,4.96874999921,-1.354811977133
    ));
#1667 = CARTESIAN_POINT('',(2.99396750718,5.015625015788,-1.992420718655
    ));
#1668 = CARTESIAN_POINT('',(2.550450763931,5.062499988127,-2.55044190859
    ));
#1669 = CARTESIAN_POINT('',(1.992412266289,5.109375011597,
    -2.993972792836));
#1670 = CARTESIAN_POINT('',(1.354816613517,5.156250001606,
    -3.297989757878));
#1671 = CARTESIAN_POINT('',(0.677404652972,5.20312500269,-3.44999979949)
  );
#1672 = CARTESIAN_POINT('',(3.4782949E-10,5.250000003547,-3.449999735609
    ));
#1673 = CARTESIAN_POINT('',(-0.677404652212,5.296875002384,
    -3.449999822783));
#1674 = CARTESIAN_POINT('',(-1.354816554423,5.343750006455,
    -3.297989434911));
#1675 = CARTESIAN_POINT('',(-1.992412725749,5.39062499314,
    -2.993973928467));
#1676 = CARTESIAN_POINT('',(-2.55044968024,5.437500019446,
    -2.550440139713));
#1677 = CARTESIAN_POINT('',(-2.993968586922,5.484374989861,
    -1.992422056818));
#1678 = CARTESIAN_POINT('',(-3.297990851538,5.531250007457,
    -1.354811569964));
#1679 = CARTESIAN_POINT('',(-3.44999973007,5.578125003558,
    -0.677405859448));
#1680 = CARTESIAN_POINT('',(-3.449999794971,5.671875002773,
    0.677405861174));
#1681 = CARTESIAN_POINT('',(-3.297991216897,5.718749999166,
    1.354811974399));
#1682 = CARTESIAN_POINT('',(-2.993967509428,5.765625015837,
    1.992420720585));
#1683 = CARTESIAN_POINT('',(-2.550450759641,5.812499988081,
    2.550441909563));
#1684 = CARTESIAN_POINT('',(-1.992412271709,5.859375011668,
    2.993972787906));
#1685 = CARTESIAN_POINT('',(-1.354816611034,5.906250001473,
    3.297989767646));
#1686 = CARTESIAN_POINT('',(-0.677404652916,5.95312500283,3.44999978937)
  );
#1687 = CARTESIAN_POINT('',(-4.1267778E-10,6.000000003496,3.44999973938)
  );
#1688 = CARTESIAN_POINT('',(-3.1706643E-10,3.75000000283,2.150961684414)
  );
#1689 = CARTESIAN_POINT('',(0.422339111127,3.796875003631,2.150961625037
    ));
#1690 = CARTESIAN_POINT('',(0.844685425165,3.843750004857,2.056188093647
    ));
#1691 = CARTESIAN_POINT('',(1.242200989192,3.89062499477,1.866645069773)
  );
#1692 = CARTESIAN_POINT('',(1.590124423981,3.937500018228,1.590114943394
    ));
#1693 = CARTESIAN_POINT('',(1.866639831016,3.984374990578,1.242210299999
    ));
#1694 = CARTESIAN_POINT('',(2.056189394226,4.031250007182,0.84468044338)
  );
#1695 = CARTESIAN_POINT('',(2.150961624337,4.078125003641,0.422340318921
    ));
#1696 = CARTESIAN_POINT('',(2.150961689281,4.171875002755,
    -0.422340323225));
#1697 = CARTESIAN_POINT('',(2.05618975972,4.218749999227,-0.844680825322
    ));
#1698 = CARTESIAN_POINT('',(1.866638753266,4.265625015816,
    -1.242209023055));
#1699 = CARTESIAN_POINT('',(1.590125503343,4.312499988134,
    -1.590116610188));
#1700 = CARTESIAN_POINT('',(1.242200533777,4.359375011612,
    -1.866644060535));
#1701 = CARTESIAN_POINT('',(0.844685481993,4.406250001621,
    -2.056188294602));
#1702 = CARTESIAN_POINT('',(0.422339112136,4.453125002704,
    -2.150961693806));
#1703 = CARTESIAN_POINT('',(3.4929016E-10,4.500000003565,-2.150961629924
    ));
#1704 = CARTESIAN_POINT('',(-0.422339111372,4.546875002386,
    -2.150961717101));
#1705 = CARTESIAN_POINT('',(-0.844685422894,4.593750006517,
    -2.056187971626));
#1706 = CARTESIAN_POINT('',(-1.24220099325,4.64062499304,-1.866645196205
    ));
#1707 = CARTESIAN_POINT('',(-1.590124419612,4.687500019622,
    -1.590114841254));
#1708 = CARTESIAN_POINT('',(-1.866639833043,4.73437498975,
    -1.242210361264));
#1709 = CARTESIAN_POINT('',(-2.056189393893,4.781250007517,
    -0.844680418142));
#1710 = CARTESIAN_POINT('',(-2.150961624384,4.828125003573,
    -0.422340323835));
#1711 = CARTESIAN_POINT('',(-2.150961689288,4.921875002786,
    0.422340325558));
#1712 = CARTESIAN_POINT('',(-2.056189759265,4.968749999181,
    0.844680822588));
#1713 = CARTESIAN_POINT('',(-1.866638755516,5.01562501586,1.242209024985
    ));
#1714 = CARTESIAN_POINT('',(-1.59012549905,5.06249998809,1.590116611161)
  );
#1715 = CARTESIAN_POINT('',(-1.242200539198,5.109375011684,
    1.866644055604));
#1716 = CARTESIAN_POINT('',(-0.84468547951,5.156250001483,2.056188304371
    ));
#1717 = CARTESIAN_POINT('',(-0.422339112079,5.203125002845,
    2.150961683686));
#1718 = CARTESIAN_POINT('',(-4.1426583E-10,5.250000003514,2.150961633695
    ));
#1719 = ADVANCED_FACE('',(#1720),#1765,.T.);
#1720 = FACE_BOUND('',#1721,.T.);
#1721 = EDGE_LOOP('',(#1722,#1723,#1730,#1764));
#1722 = ORIENTED_EDGE('',*,*,#1622,.F.);
#1723 = ORIENTED_EDGE('',*,*,#1724,.T.);
#1724 = EDGE_CURVE('',#1616,#1725,#1727,.T.);
#1725 = VERTEX_POINT('',#1726);
#1726 = CARTESIAN_POINT('',(-3.15877E-10,3.000000002816,3.449999790085)
  );
#1727 = B_SPLINE_CURVE_WITH_KNOTS('',1,(#1728,#1729),.UNSPECIFIED.,.F.,
  .F.,(2,2),(0.,1.5),.PIECEWISE_BEZIER_KNOTS.);
#1728 = CARTESIAN_POINT('',(-3.1712464E-10,3.75000000283,2.150961684414)
  );
#1729 = CARTESIAN_POINT('',(-3.1591473E-10,3.000000002819,3.449999790083
    ));
#1730 = ORIENTED_EDGE('',*,*,#1731,.T.);
#1731 = EDGE_CURVE('',#1725,#1509,#1732,.T.);
#1732 = B_SPLINE_CURVE_WITH_KNOTS('',8,(#1733,#1734,#1735,#1736,#1737,
    #1738,#1739,#1740,#1741,#1742,#1743,#1744,#1745,#1746,#1747,#1748,
    #1749,#1750,#1751,#1752,#1753,#1754,#1755,#1756,#1757,#1758,#1759,
    #1760,#1761,#1762,#1763),.UNSPECIFIED.,.F.,.F.,(9,7,8,7,9),(0.,
    1.570897825393,3.141795650785,4.712693476178,6.283591301571),
  .UNSPECIFIED.);
#1733 = CARTESIAN_POINT('',(-2.4553089E-10,3.000000002186,3.449999837163
    ));
#1734 = CARTESIAN_POINT('',(0.677404662016,3.046875002893,3.44999978452)
  );
#1735 = CARTESIAN_POINT('',(1.354816577989,3.093750004162,3.297989604964
    ));
#1736 = CARTESIAN_POINT('',(1.992412751011,3.140624994109,2.99397384806)
  );
#1737 = CARTESIAN_POINT('',(2.550449722907,3.187500017425,2.550440278442
    ));
#1738 = CARTESIAN_POINT('',(2.993968628177,3.234374989984,1.992422025061
    ));
#1739 = CARTESIAN_POINT('',(3.297990900103,3.28125000645,1.354811615013)
  );
#1740 = CARTESIAN_POINT('',(3.44999978045,3.328125002948,0.677405864459)
  );
#1741 = CARTESIAN_POINT('',(3.449999845399,3.421875002065,
    -0.677405868812));
#1742 = CARTESIAN_POINT('',(3.297991265625,3.468749998579,
    -1.354811997011));
#1743 = CARTESIAN_POINT('',(2.993967550219,3.515625014989,
    -1.992420748142));
#1744 = CARTESIAN_POINT('',(2.550450801969,3.562499987604,
    -2.550441945242));
#1745 = CARTESIAN_POINT('',(1.992412294009,3.609375010819,
    -2.993972838069));
#1746 = CARTESIAN_POINT('',(1.354816635209,3.65625000097,-3.297989804708
    ));
#1747 = CARTESIAN_POINT('',(0.677404662823,3.703125001937,
    -3.449999855534));
#1748 = CARTESIAN_POINT('',(2.7428054E-10,3.750000002914,-3.449999782696
    ));
#1749 = CARTESIAN_POINT('',(-0.677404662245,3.796875001621,
    -3.449999879573));
#1750 = CARTESIAN_POINT('',(-1.354816574382,3.843750005908,
    -3.297989475264));
#1751 = CARTESIAN_POINT('',(-1.992412755084,3.890624992269,
    -2.993973980584));
#1752 = CARTESIAN_POINT('',(-2.550449717742,3.937500018982,
    -2.550440170642));
#1753 = CARTESIAN_POINT('',(-2.993968630939,3.98437498903,
    -1.992422089835));
#1754 = CARTESIAN_POINT('',(-3.297990899997,4.031250006828,
    -1.354811588228));
#1755 = CARTESIAN_POINT('',(-3.449999780747,4.078125002873,
    -0.677405869621));
#1756 = CARTESIAN_POINT('',(-3.449999845618,4.171875002095,
    0.677405871341));
#1757 = CARTESIAN_POINT('',(-3.297991265275,4.218749998509,1.35481199418
    ));
#1758 = CARTESIAN_POINT('',(-2.993967553445,4.265625015114,
    1.992420750114));
#1759 = CARTESIAN_POINT('',(-2.550450796835,4.31249998744,2.550441946903
    ));
#1760 = CARTESIAN_POINT('',(-1.992412301147,4.359375010975,
    2.993972832001));
#1761 = CARTESIAN_POINT('',(-1.354816630663,4.406250000793,
    3.297989816126));
#1762 = CARTESIAN_POINT('',(-0.677404662875,4.453125002151,
    3.449999839974));
#1763 = CARTESIAN_POINT('',(-3.1591318E-10,4.500000002816,3.449999790097
    ));
#1764 = ORIENTED_EDGE('',*,*,#1508,.F.);
#1765 = B_SPLINE_SURFACE_WITH_KNOTS('',1,8,(
    (#1766,#1767,#1768,#1769,#1770,#1771,#1772,#1773,#1774,#1775,#1776
      ,#1777,#1778,#1779,#1780,#1781,#1782,#1783,#1784,#1785,#1786,#1787
      ,#1788,#1789,#1790,#1791,#1792,#1793,#1794,#1795,#1796)
    ,(#1797,#1798,#1799,#1800,#1801,#1802,#1803,#1804,#1805,#1806,#1807
      ,#1808,#1809,#1810,#1811,#1812,#1813,#1814,#1815,#1816,#1817,#1818
      ,#1819,#1820,#1821,#1822,#1823,#1824,#1825,#1826,#1827
  )),.UNSPECIFIED.,.F.,.F.,.F.,(2,2),(9,7,8,7,9),(0.,1.5),(0.,
    1.570897825393,3.141795650785,4.712693476178,6.283591301571),
  .UNSPECIFIED.);
#1766 = CARTESIAN_POINT('',(-3.1706266E-10,3.75000000283,2.150961684414)
  );
#1767 = CARTESIAN_POINT('',(0.422339111127,3.796875003631,2.150961625037
    ));
#1768 = CARTESIAN_POINT('',(0.844685425165,3.843750004857,2.056188093647
    ));
#1769 = CARTESIAN_POINT('',(1.242200989192,3.89062499477,1.866645069772)
  );
#1770 = CARTESIAN_POINT('',(1.59012442398,3.937500018228,1.590114943394)
  );
#1771 = CARTESIAN_POINT('',(1.866639831016,3.984374990578,1.242210299999
    ));
#1772 = CARTESIAN_POINT('',(2.056189394226,4.031250007182,0.84468044338)
  );
#1773 = CARTESIAN_POINT('',(2.150961624337,4.078125003641,0.422340318921
    ));
#1774 = CARTESIAN_POINT('',(2.150961689281,4.171875002755,
    -0.422340323225));
#1775 = CARTESIAN_POINT('',(2.05618975972,4.218749999227,-0.844680825322
    ));
#1776 = CARTESIAN_POINT('',(1.866638753266,4.265625015816,
    -1.242209023055));
#1777 = CARTESIAN_POINT('',(1.590125503343,4.312499988134,
    -1.590116610188));
#1778 = CARTESIAN_POINT('',(1.242200533777,4.359375011612,
    -1.866644060535));
#1779 = CARTESIAN_POINT('',(0.844685481993,4.406250001621,
    -2.056188294602));
#1780 = CARTESIAN_POINT('',(0.422339112136,4.453125002704,
    -2.150961693806));
#1781 = CARTESIAN_POINT('',(3.4928616E-10,4.500000003565,-2.150961629924
    ));
#1782 = CARTESIAN_POINT('',(-0.422339111372,4.546875002386,
    -2.150961717101));
#1783 = CARTESIAN_POINT('',(-0.844685422894,4.593750006517,
    -2.056187971626));
#1784 = CARTESIAN_POINT('',(-1.24220099325,4.64062499304,-1.866645196205
    ));
#1785 = CARTESIAN_POINT('',(-1.590124419612,4.687500019622,
    -1.590114841254));
#1786 = CARTESIAN_POINT('',(-1.866639833043,4.73437498975,
    -1.242210361264));
#1787 = CARTESIAN_POINT('',(-2.056189393893,4.781250007517,
    -0.844680418142));
#1788 = CARTESIAN_POINT('',(-2.150961624384,4.828125003573,
    -0.422340323835));
#1789 = CARTESIAN_POINT('',(-2.150961689288,4.921875002786,
    0.422340325558));
#1790 = CARTESIAN_POINT('',(-2.056189759265,4.968749999181,
    0.844680822588));
#1791 = CARTESIAN_POINT('',(-1.866638755516,5.01562501586,1.242209024984
    ));
#1792 = CARTESIAN_POINT('',(-1.59012549905,5.06249998809,1.590116611161)
  );
#1793 = CARTESIAN_POINT('',(-1.242200539198,5.109375011684,
    1.866644055604));
#1794 = CARTESIAN_POINT('',(-0.84468547951,5.156250001483,2.056188304371
    ));
#1795 = CARTESIAN_POINT('',(-0.422339112079,5.203125002845,
    2.150961683686));
#1796 = CARTESIAN_POINT('',(-4.1426205E-10,5.250000003514,2.150961633695
    ));
#1797 = CARTESIAN_POINT('',(-3.158533E-10,3.000000002819,3.449999790083)
  );
#1798 = CARTESIAN_POINT('',(0.677404651964,3.046875003616,3.449999730704
    ));
#1799 = CARTESIAN_POINT('',(1.354816556684,3.093750004858,3.297989556905
    ));
#1800 = CARTESIAN_POINT('',(1.9924127217,3.140624994719,2.99397380206));
#1801 = CARTESIAN_POINT('',(2.550449684559,3.187500018261,2.550440241781
    ));
#1802 = CARTESIAN_POINT('',(2.993968584918,3.234374990546,1.992421995588
    ));
#1803 = CARTESIAN_POINT('',(3.297990851843,3.281250007168,1.354811595181
    ));
#1804 = CARTESIAN_POINT('',(3.449999730005,3.328125003624,0.677405854531
    ));
#1805 = CARTESIAN_POINT('',(3.44999979495,3.421875002742,-0.677405858838
    ));
#1806 = CARTESIAN_POINT('',(3.297991217349,3.468749999246,
    -1.354811977139));
#1807 = CARTESIAN_POINT('',(2.993967507129,3.51562501569,-1.992420718604
    ));
#1808 = CARTESIAN_POINT('',(2.550450763957,3.562499988267,
    -2.550441908634));
#1809 = CARTESIAN_POINT('',(1.992412266264,3.609375011501,
    -2.993972792789));
#1810 = CARTESIAN_POINT('',(1.354816613513,3.656250001637,
    -3.297989757869));
#1811 = CARTESIAN_POINT('',(0.677404652969,3.703125002693,
    -3.449999799476));
#1812 = CARTESIAN_POINT('',(3.4783237E-10,3.750000003551,-3.449999735592
    ));
#1813 = CARTESIAN_POINT('',(-0.677404652209,3.796875002387,
    -3.449999822771));
#1814 = CARTESIAN_POINT('',(-1.354816554415,3.843750006487,
    -3.297989434881));
#1815 = CARTESIAN_POINT('',(-1.992412725755,3.890624993044,
    -2.993973928495));
#1816 = CARTESIAN_POINT('',(-2.550449680193,3.937500019586,
    -2.550440139638));
#1817 = CARTESIAN_POINT('',(-2.993968586944,3.984374989763,
    -1.992422056856));
#1818 = CARTESIAN_POINT('',(-3.297990851511,4.031250007492,
    -1.354811569943));
#1819 = CARTESIAN_POINT('',(-3.449999730052,4.078125003558,
    -0.677405859445));
#1820 = CARTESIAN_POINT('',(-3.449999794957,4.171875002773,
    0.677405861171));
#1821 = CARTESIAN_POINT('',(-3.297991216894,4.218749999201,
    1.354811974405));
#1822 = CARTESIAN_POINT('',(-2.993967509378,4.265625015739,
    1.992420720534));
#1823 = CARTESIAN_POINT('',(-2.550450759666,4.312499988221,
    2.550441909606));
#1824 = CARTESIAN_POINT('',(-1.992412271685,4.359375011572,
    2.993972787859));
#1825 = CARTESIAN_POINT('',(-1.35481661103,4.406250001504,3.297989767637
    ));
#1826 = CARTESIAN_POINT('',(-0.677404652913,4.453125002833,
    3.449999789356));
#1827 = CARTESIAN_POINT('',(-4.1267622E-10,4.5000000035,3.449999739363)
  );
#1828 = ADVANCED_FACE('',(#1829),#1874,.T.);
#1829 = FACE_BOUND('',#1830,.T.);
#1830 = EDGE_LOOP('',(#1831,#1832,#1839,#1873));
#1831 = ORIENTED_EDGE('',*,*,#1731,.F.);
#1832 = ORIENTED_EDGE('',*,*,#1833,.T.);
#1833 = EDGE_CURVE('',#1725,#1834,#1836,.T.);
#1834 = VERTEX_POINT('',#1835);
#1835 = CARTESIAN_POINT('',(-2.46484E-10,2.250000002197,2.150961731481)
  );
#1836 = B_SPLINE_CURVE_WITH_KNOTS('',1,(#1837,#1838),.UNSPECIFIED.,.F.,
  .F.,(2,2),(0.,1.5),.PIECEWISE_BEZIER_KNOTS.);
#1837 = CARTESIAN_POINT('',(-2.455448E-10,3.000000002186,3.449999837163)
  );
#1838 = CARTESIAN_POINT('',(-2.4649958E-10,2.250000002197,2.150961731481
    ));
#1839 = ORIENTED_EDGE('',*,*,#1840,.T.);
#1840 = EDGE_CURVE('',#1834,#1616,#1841,.T.);
#1841 = B_SPLINE_CURVE_WITH_KNOTS('',8,(#1842,#1843,#1844,#1845,#1846,
    #1847,#1848,#1849,#1850,#1851,#1852,#1853,#1854,#1855,#1856,#1857,
    #1858,#1859,#1860,#1861,#1862,#1863,#1864,#1865,#1866,#1867,#1868,
    #1869,#1870,#1871,#1872),.UNSPECIFIED.,.F.,.F.,(9,7,8,7,9),(0.,
    1.570897825393,3.141795650785,4.712693476178,6.283591301571),
  .UNSPECIFIED.);
#1842 = CARTESIAN_POINT('',(-2.4648267E-10,2.250000002197,2.150961731481
    ));
#1843 = CARTESIAN_POINT('',(0.422339121176,2.296875002907,2.150961678837
    ));
#1844 = CARTESIAN_POINT('',(0.844685446463,2.343750004181,2.056188141685
    ));
#1845 = CARTESIAN_POINT('',(1.242201018512,2.390624994074,1.866645115794
    ));
#1846 = CARTESIAN_POINT('',(1.590124462282,2.437500017513,1.590114979989
    ));
#1847 = CARTESIAN_POINT('',(1.866639874298,2.484374989944,1.242210329506
    ));
#1848 = CARTESIAN_POINT('',(2.05618944246,2.531250006476,0.844680463193)
  );
#1849 = CARTESIAN_POINT('',(2.150961674766,2.578125002964,0.422340328846
    ));
#1850 = CARTESIAN_POINT('',(2.150961739718,2.671875002078,
    -0.422340333196));
#1851 = CARTESIAN_POINT('',(2.056189807995,2.718749998564,
    -0.844680845201));
#1852 = CARTESIAN_POINT('',(1.866638796307,2.765625015062,
    -1.242209052542));
#1853 = CARTESIAN_POINT('',(1.59012554138,2.812499987577,-1.590116646842
    ));
#1854 = CARTESIAN_POINT('',(1.242200561498,2.85937501083,-1.866644105769
    ));
#1855 = CARTESIAN_POINT('',(0.844685503685,2.90625000099,-2.056188341434
    ));
#1856 = CARTESIAN_POINT('',(0.422339121987,2.953125001947,
    -2.150961749852));
#1857 = CARTESIAN_POINT('',(2.7546766E-10,3.000000002929,-2.150961677012
    ));
#1858 = CARTESIAN_POINT('',(-0.422339121406,3.04687500163,
    -2.150961773893));
#1859 = CARTESIAN_POINT('',(-0.844685442855,3.093750005949,
    -2.05618801198));
#1860 = CARTESIAN_POINT('',(-1.242201022587,3.140624992199,
    -1.866645248324));
#1861 = CARTESIAN_POINT('',(-1.590124457115,3.187500019108,
    -1.590114872184));
#1862 = CARTESIAN_POINT('',(-1.866639877062,3.234374988964,
    -1.242210394283));
#1863 = CARTESIAN_POINT('',(-2.056189442354,3.281250006858,
    -0.844680436407));
#1864 = CARTESIAN_POINT('',(-2.150961675063,3.328125002889,
    -0.422340334008));
#1865 = CARTESIAN_POINT('',(-2.150961739936,3.421875002108,
    0.422340335725));
#1866 = CARTESIAN_POINT('',(-2.056189807645,3.468749998495,0.84468084237
    ));
#1867 = CARTESIAN_POINT('',(-1.866638799533,3.51562501517,1.242209054515
    ));
#1868 = CARTESIAN_POINT('',(-1.590125536245,3.562499987431,
    1.590116648504));
#1869 = CARTESIAN_POINT('',(-1.242200568638,3.609375010972,1.8666440997)
  );
#1870 = CARTESIAN_POINT('',(-0.844685499139,3.656250000821,
    2.056188352853));
#1871 = CARTESIAN_POINT('',(-0.422339122039,3.703125002163,
    2.150961734291));
#1872 = CARTESIAN_POINT('',(-3.1712464E-10,3.75000000283,2.150961684414)
  );
#1873 = ORIENTED_EDGE('',*,*,#1615,.F.);
#1874 = B_SPLINE_SURFACE_WITH_KNOTS('',1,8,(
    (#1875,#1876,#1877,#1878,#1879,#1880,#1881,#1882,#1883,#1884,#1885
      ,#1886,#1887,#1888,#1889,#1890,#1891,#1892,#1893,#1894,#1895,#1896
      ,#1897,#1898,#1899,#1900,#1901,#1902,#1903,#1904,#1905)
    ,(#1906,#1907,#1908,#1909,#1910,#1911,#1912,#1913,#1914,#1915,#1916
      ,#1917,#1918,#1919,#1920,#1921,#1922,#1923,#1924,#1925,#1926,#1927
      ,#1928,#1929,#1930,#1931,#1932,#1933,#1934,#1935,#1936
  )),.UNSPECIFIED.,.F.,.F.,.F.,(2,2),(9,7,8,7,9),(0.,1.5),(0.,
    1.570897825393,3.141795650785,4.712693476178,6.283591301571),
  .UNSPECIFIED.);
#1875 = CARTESIAN_POINT('',(-2.4553089E-10,3.000000002186,3.449999837163
    ));
#1876 = CARTESIAN_POINT('',(0.677404662016,3.046875002893,3.44999978452)
  );
#1877 = CARTESIAN_POINT('',(1.354816577989,3.093750004162,3.297989604964
    ));
#1878 = CARTESIAN_POINT('',(1.992412751011,3.140624994109,2.99397384806)
  );
#1879 = CARTESIAN_POINT('',(2.550449722907,3.187500017425,2.550440278442
    ));
#1880 = CARTESIAN_POINT('',(2.993968628177,3.234374989984,1.992422025061
    ));
#1881 = CARTESIAN_POINT('',(3.297990900103,3.28125000645,1.354811615013)
  );
#1882 = CARTESIAN_POINT('',(3.44999978045,3.328125002948,0.677405864459)
  );
#1883 = CARTESIAN_POINT('',(3.449999845399,3.421875002065,
    -0.677405868812));
#1884 = CARTESIAN_POINT('',(3.297991265625,3.468749998579,
    -1.354811997011));
#1885 = CARTESIAN_POINT('',(2.993967550219,3.515625014989,
    -1.992420748142));
#1886 = CARTESIAN_POINT('',(2.550450801969,3.562499987604,
    -2.550441945242));
#1887 = CARTESIAN_POINT('',(1.992412294009,3.609375010819,
    -2.993972838069));
#1888 = CARTESIAN_POINT('',(1.354816635209,3.65625000097,-3.297989804708
    ));
#1889 = CARTESIAN_POINT('',(0.677404662823,3.703125001937,
    -3.449999855534));
#1890 = CARTESIAN_POINT('',(2.7428054E-10,3.750000002914,-3.449999782696
    ));
#1891 = CARTESIAN_POINT('',(-0.677404662245,3.796875001621,
    -3.449999879573));
#1892 = CARTESIAN_POINT('',(-1.354816574382,3.843750005908,
    -3.297989475264));
#1893 = CARTESIAN_POINT('',(-1.992412755084,3.890624992269,
    -2.993973980584));
#1894 = CARTESIAN_POINT('',(-2.550449717742,3.937500018982,
    -2.550440170642));
#1895 = CARTESIAN_POINT('',(-2.993968630939,3.98437498903,
    -1.992422089835));
#1896 = CARTESIAN_POINT('',(-3.297990899997,4.031250006828,
    -1.354811588228));
#1897 = CARTESIAN_POINT('',(-3.449999780747,4.078125002873,
    -0.677405869621));
#1898 = CARTESIAN_POINT('',(-3.449999845618,4.171875002095,
    0.677405871341));
#1899 = CARTESIAN_POINT('',(-3.297991265275,4.218749998509,1.35481199418
    ));
#1900 = CARTESIAN_POINT('',(-2.993967553445,4.265625015114,
    1.992420750114));
#1901 = CARTESIAN_POINT('',(-2.550450796835,4.31249998744,2.550441946903
    ));
#1902 = CARTESIAN_POINT('',(-1.992412301147,4.359375010975,
    2.993972832001));
#1903 = CARTESIAN_POINT('',(-1.354816630663,4.406250000793,
    3.297989816126));
#1904 = CARTESIAN_POINT('',(-0.677404662875,4.453125002151,
    3.449999839974));
#1905 = CARTESIAN_POINT('',(-3.1591318E-10,4.500000002816,3.449999790097
    ));
#1906 = CARTESIAN_POINT('',(-2.4648667E-10,2.250000002197,2.150961731481
    ));
#1907 = CARTESIAN_POINT('',(0.422339121176,2.296875002907,2.150961678837
    ));
#1908 = CARTESIAN_POINT('',(0.844685446463,2.343750004181,2.056188141685
    ));
#1909 = CARTESIAN_POINT('',(1.242201018512,2.390624994074,1.866645115794
    ));
#1910 = CARTESIAN_POINT('',(1.590124462282,2.437500017513,1.590114979989
    ));
#1911 = CARTESIAN_POINT('',(1.866639874298,2.484374989944,1.242210329506
    ));
#1912 = CARTESIAN_POINT('',(2.05618944246,2.531250006476,0.844680463193)
  );
#1913 = CARTESIAN_POINT('',(2.150961674766,2.578125002964,0.422340328846
    ));
#1914 = CARTESIAN_POINT('',(2.150961739718,2.671875002078,
    -0.422340333196));
#1915 = CARTESIAN_POINT('',(2.056189807995,2.718749998564,
    -0.844680845201));
#1916 = CARTESIAN_POINT('',(1.866638796307,2.765625015062,
    -1.242209052542));
#1917 = CARTESIAN_POINT('',(1.59012554138,2.812499987577,-1.590116646842
    ));
#1918 = CARTESIAN_POINT('',(1.242200561498,2.85937501083,-1.866644105769
    ));
#1919 = CARTESIAN_POINT('',(0.844685503685,2.90625000099,-2.056188341434
    ));
#1920 = CARTESIAN_POINT('',(0.422339121987,2.953125001947,
    -2.150961749852));
#1921 = CARTESIAN_POINT('',(2.7547121E-10,3.000000002929,-2.150961677012
    ));
#1922 = CARTESIAN_POINT('',(-0.422339121406,3.04687500163,
    -2.150961773893));
#1923 = CARTESIAN_POINT('',(-0.844685442855,3.093750005949,
    -2.05618801198));
#1924 = CARTESIAN_POINT('',(-1.242201022587,3.140624992199,
    -1.866645248324));
#1925 = CARTESIAN_POINT('',(-1.590124457115,3.187500019108,
    -1.590114872185));
#1926 = CARTESIAN_POINT('',(-1.866639877062,3.234374988964,
    -1.242210394282));
#1927 = CARTESIAN_POINT('',(-2.056189442354,3.281250006858,
    -0.844680436407));
#1928 = CARTESIAN_POINT('',(-2.150961675063,3.328125002889,
    -0.422340334008));
#1929 = CARTESIAN_POINT('',(-2.150961739936,3.421875002108,
    0.422340335725));
#1930 = CARTESIAN_POINT('',(-2.056189807645,3.468749998495,0.84468084237
    ));
#1931 = CARTESIAN_POINT('',(-1.866638799533,3.51562501517,1.242209054515
    ));
#1932 = CARTESIAN_POINT('',(-1.590125536245,3.562499987431,
    1.590116648504));
#1933 = CARTESIAN_POINT('',(-1.242200568638,3.609375010972,1.8666440997)
  );
#1934 = CARTESIAN_POINT('',(-0.844685499139,3.656250000821,
    2.056188352853));
#1935 = CARTESIAN_POINT('',(-0.422339122039,3.703125002163,
    2.150961734291));
#1936 = CARTESIAN_POINT('',(-3.1712798E-10,3.75000000283,2.150961684414)
  );
#1937 = ADVANCED_FACE('',(#1938),#1983,.T.);
#1938 = FACE_BOUND('',#1939,.T.);
#1939 = EDGE_LOOP('',(#1940,#1941,#1948,#1982));
#1940 = ORIENTED_EDGE('',*,*,#1840,.F.);
#1941 = ORIENTED_EDGE('',*,*,#1942,.T.);
#1942 = EDGE_CURVE('',#1834,#1943,#1945,.T.);
#1943 = VERTEX_POINT('',#1944);
#1944 = CARTESIAN_POINT('',(-2.45529E-10,1.500000002186,3.449999837155)
  );
#1945 = B_SPLINE_CURVE_WITH_KNOTS('',1,(#1946,#1947),.UNSPECIFIED.,.F.,
  .F.,(2,2),(0.,1.5),.PIECEWISE_BEZIER_KNOTS.);
#1946 = CARTESIAN_POINT('',(-2.4649625E-10,2.250000002197,2.150961731481
    ));
#1947 = CARTESIAN_POINT('',(-2.455468E-10,1.50000000219,3.449999837152)
  );
#1948 = ORIENTED_EDGE('',*,*,#1949,.T.);
#1949 = EDGE_CURVE('',#1943,#1725,#1950,.T.);
#1950 = B_SPLINE_CURVE_WITH_KNOTS('',8,(#1951,#1952,#1953,#1954,#1955,
    #1956,#1957,#1958,#1959,#1960,#1961,#1962,#1963,#1964,#1965,#1966,
    #1967,#1968,#1969,#1970,#1971,#1972,#1973,#1974,#1975,#1976,#1977,
    #1978,#1979,#1980,#1981),.UNSPECIFIED.,.F.,.F.,(9,7,8,7,9),(0.,
    1.570897825393,3.141795650785,4.712693476178,6.283591301571),
  .UNSPECIFIED.);
#1951 = CARTESIAN_POINT('',(-1.8944664E-10,1.500000001455,3.449999891458
    ));
#1952 = CARTESIAN_POINT('',(0.677404672099,1.546875002252,3.449999832088
    ));
#1953 = CARTESIAN_POINT('',(1.354816596595,1.593750003463,3.297989653736
    ));
#1954 = CARTESIAN_POINT('',(1.992412780243,1.640624993481,2.993973889014
    ));
#1955 = CARTESIAN_POINT('',(2.550449759289,1.687500016721,2.550440316901
    ));
#1956 = CARTESIAN_POINT('',(2.993968673433,1.734374989333,1.992422054048
    ));
#1957 = CARTESIAN_POINT('',(3.297990949228,1.781250005734,1.354811634977
    ));
#1958 = CARTESIAN_POINT('',(3.44999983174,1.828125002262,0.677405874353)
  );
#1959 = CARTESIAN_POINT('',(3.449999896331,1.921875001384,
    -0.677405878833));
#1960 = CARTESIAN_POINT('',(3.297991314043,1.968749997866,
    -1.354812017009));
#1961 = CARTESIAN_POINT('',(2.993967594805,2.015625014332,
    -1.992420777077));
#1962 = CARTESIAN_POINT('',(2.550450838843,2.062499986941,
    -2.550441983567));
#1963 = CARTESIAN_POINT('',(1.992412324628,2.10937501009,-2.99397288088)
  );
#1964 = CARTESIAN_POINT('',(1.354816653251,2.156250000297,
    -3.297989854886));
#1965 = CARTESIAN_POINT('',(0.677404672683,2.203125001326,
    -3.449999900872));
#1966 = CARTESIAN_POINT('',(2.0737473E-10,2.250000002183,-3.449999836986
    ));
#1967 = CARTESIAN_POINT('',(-0.677404672315,2.29687500103,
    -3.449999924116));
#1968 = CARTESIAN_POINT('',(-1.354816594298,2.343750005066,
    -3.297989531781));
#1969 = CARTESIAN_POINT('',(-1.992412784559,2.390624991824,
    -2.99397401629));
#1970 = CARTESIAN_POINT('',(-2.550449754992,2.437500018053,
    -2.550440214027));
#1971 = CARTESIAN_POINT('',(-2.99396867478,2.484374988524,
    -1.992422115158));
#1972 = CARTESIAN_POINT('',(-3.29799094854,2.531250006089,
    -1.354811609542));
#1973 = CARTESIAN_POINT('',(-3.4499998317,2.578125002195,-0.677405879151
    ));
#1974 = CARTESIAN_POINT('',(-3.44999989667,2.671875001408,0.677405881282
    ));
#1975 = CARTESIAN_POINT('',(-3.297991314105,2.718749997816,
    1.354812014423));
#1976 = CARTESIAN_POINT('',(-2.993967597013,2.765625014434,1.99242077928
    ));
#1977 = CARTESIAN_POINT('',(-2.550450834825,2.81249998677,2.550441984377
    ));
#1978 = CARTESIAN_POINT('',(-1.992412328224,2.859375010304,
    2.993972875555));
#1979 = CARTESIAN_POINT('',(-1.354816652574,2.906250000126,
    3.297989862876));
#1980 = CARTESIAN_POINT('',(-0.677404672711,2.953125001399,
    3.449999896169));
#1981 = CARTESIAN_POINT('',(-2.455448E-10,3.000000002186,3.449999837163)
  );
#1982 = ORIENTED_EDGE('',*,*,#1724,.F.);
#1983 = B_SPLINE_SURFACE_WITH_KNOTS('',1,8,(
    (#1984,#1985,#1986,#1987,#1988,#1989,#1990,#1991,#1992,#1993,#1994
      ,#1995,#1996,#1997,#1998,#1999,#2000,#2001,#2002,#2003,#2004,#2005
      ,#2006,#2007,#2008,#2009,#2010,#2011,#2012,#2013,#2014)
    ,(#2015,#2016,#2017,#2018,#2019,#2020,#2021,#2022,#2023,#2024,#2025
      ,#2026,#2027,#2028,#2029,#2030,#2031,#2032,#2033,#2034,#2035,#2036
      ,#2037,#2038,#2039,#2040,#2041,#2042,#2043,#2044,#2045
  )),.UNSPECIFIED.,.F.,.F.,.F.,(2,2),(9,7,8,7,9),(0.,1.5),(0.,
    1.570897825393,3.141795650785,4.712693476178,6.283591301571),
  .UNSPECIFIED.);
#1984 = CARTESIAN_POINT('',(-2.4648267E-10,2.250000002197,2.150961731481
    ));
#1985 = CARTESIAN_POINT('',(0.422339121176,2.296875002907,2.150961678837
    ));
#1986 = CARTESIAN_POINT('',(0.844685446463,2.343750004181,2.056188141685
    ));
#1987 = CARTESIAN_POINT('',(1.242201018512,2.390624994074,1.866645115794
    ));
#1988 = CARTESIAN_POINT('',(1.590124462282,2.437500017513,1.590114979989
    ));
#1989 = CARTESIAN_POINT('',(1.866639874298,2.484374989944,1.242210329506
    ));
#1990 = CARTESIAN_POINT('',(2.05618944246,2.531250006476,0.844680463193)
  );
#1991 = CARTESIAN_POINT('',(2.150961674766,2.578125002964,0.422340328846
    ));
#1992 = CARTESIAN_POINT('',(2.150961739718,2.671875002078,
    -0.422340333196));
#1993 = CARTESIAN_POINT('',(2.056189807995,2.718749998564,
    -0.844680845201));
#1994 = CARTESIAN_POINT('',(1.866638796307,2.765625015062,
    -1.242209052542));
#1995 = CARTESIAN_POINT('',(1.59012554138,2.812499987577,-1.590116646842
    ));
#1996 = CARTESIAN_POINT('',(1.242200561498,2.85937501083,-1.866644105769
    ));
#1997 = CARTESIAN_POINT('',(0.844685503685,2.90625000099,-2.056188341434
    ));
#1998 = CARTESIAN_POINT('',(0.422339121987,2.953125001947,
    -2.150961749852));
#1999 = CARTESIAN_POINT('',(2.7546766E-10,3.000000002929,-2.150961677012
    ));
#2000 = CARTESIAN_POINT('',(-0.422339121406,3.04687500163,
    -2.150961773893));
#2001 = CARTESIAN_POINT('',(-0.844685442855,3.093750005949,
    -2.05618801198));
#2002 = CARTESIAN_POINT('',(-1.242201022587,3.140624992199,
    -1.866645248324));
#2003 = CARTESIAN_POINT('',(-1.590124457115,3.187500019108,
    -1.590114872184));
#2004 = CARTESIAN_POINT('',(-1.866639877062,3.234374988964,
    -1.242210394283));
#2005 = CARTESIAN_POINT('',(-2.056189442354,3.281250006858,
    -0.844680436407));
#2006 = CARTESIAN_POINT('',(-2.150961675063,3.328125002889,
    -0.422340334008));
#2007 = CARTESIAN_POINT('',(-2.150961739936,3.421875002108,
    0.422340335725));
#2008 = CARTESIAN_POINT('',(-2.056189807645,3.468749998495,0.84468084237
    ));
#2009 = CARTESIAN_POINT('',(-1.866638799533,3.51562501517,1.242209054515
    ));
#2010 = CARTESIAN_POINT('',(-1.590125536245,3.562499987431,
    1.590116648504));
#2011 = CARTESIAN_POINT('',(-1.242200568638,3.609375010972,1.8666440997)
  );
#2012 = CARTESIAN_POINT('',(-0.844685499139,3.656250000821,
    2.056188352853));
#2013 = CARTESIAN_POINT('',(-0.422339122039,3.703125002163,
    2.150961734291));
#2014 = CARTESIAN_POINT('',(-3.1712464E-10,3.75000000283,2.150961684414)
  );
#2015 = CARTESIAN_POINT('',(-2.4553333E-10,1.50000000219,3.449999837152)
  );
#2016 = CARTESIAN_POINT('',(0.677404662014,1.546875002896,3.449999784506
    ));
#2017 = CARTESIAN_POINT('',(1.354816577982,1.59375000419,3.297989604946)
  );
#2018 = CARTESIAN_POINT('',(1.992412751019,1.640624994024,2.993973848083
    ));
#2019 = CARTESIAN_POINT('',(2.550449722862,1.68750001755,2.550440278377)
  );
#2020 = CARTESIAN_POINT('',(2.993968628201,1.734374989894,1.992422025097
    ));
#2021 = CARTESIAN_POINT('',(3.297990900079,1.781250006486,1.354811614996
    ));
#2022 = CARTESIAN_POINT('',(3.449999780435,1.828125002948,0.677405864456
    ));
#2023 = CARTESIAN_POINT('',(3.449999845389,1.921875002065,
    -0.677405868809));
#2024 = CARTESIAN_POINT('',(3.297991265625,1.968749998614,
    -1.354811997019));
#2025 = CARTESIAN_POINT('',(2.993967550172,2.015625014891,
    -1.992420748091));
#2026 = CARTESIAN_POINT('',(2.550450801996,2.062499987744,-2.55044194529
    ));
#2027 = CARTESIAN_POINT('',(1.992412293987,2.109375010723,
    -2.993972838024));
#2028 = CARTESIAN_POINT('',(1.354816635206,2.156250001001,
    -3.297989804703));
#2029 = CARTESIAN_POINT('',(0.677404662821,2.203125001941,
    -3.449999855525));
#2030 = CARTESIAN_POINT('',(2.7428076E-10,2.250000002918,-3.449999782681
    ));
#2031 = CARTESIAN_POINT('',(-0.677404662243,2.296875001625,
    -3.449999879565));
#2032 = CARTESIAN_POINT('',(-1.354816574375,2.343750005939,
    -3.297989475236));
#2033 = CARTESIAN_POINT('',(-1.992412755093,2.390624992173,
    -2.993973980616));
#2034 = CARTESIAN_POINT('',(-2.550449717697,2.437500019122,
    -2.55044017057));
#2035 = CARTESIAN_POINT('',(-2.993968630964,2.484374988932,
    -1.992422089875));
#2036 = CARTESIAN_POINT('',(-3.297990899972,2.531250006863,
    -1.354811588209));
#2037 = CARTESIAN_POINT('',(-3.449999780733,2.578125002873,
    -0.677405869619));
#2038 = CARTESIAN_POINT('',(-3.449999845608,2.671875002095,
    0.677405871338));
#2039 = CARTESIAN_POINT('',(-3.297991265276,2.718749998544,
    1.354811994188));
#2040 = CARTESIAN_POINT('',(-2.993967553398,2.765625015016,
    1.992420750065));
#2041 = CARTESIAN_POINT('',(-2.550450796862,2.81249998758,2.55044194695)
  );
#2042 = CARTESIAN_POINT('',(-1.992412301125,2.859375010879,
    2.993972831956));
#2043 = CARTESIAN_POINT('',(-1.35481663066,2.906250000824,3.297989816121
    ));
#2044 = CARTESIAN_POINT('',(-0.677404662873,2.953125002155,
    3.449999839963));
#2045 = CARTESIAN_POINT('',(-3.1591473E-10,3.000000002819,3.449999790083
    ));
#2046 = ADVANCED_FACE('',(#2047),#2092,.T.);
#2047 = FACE_BOUND('',#2048,.T.);
#2048 = EDGE_LOOP('',(#2049,#2050,#2057,#2091));
#2049 = ORIENTED_EDGE('',*,*,#1949,.F.);
#2050 = ORIENTED_EDGE('',*,*,#2051,.T.);
#2051 = EDGE_CURVE('',#1943,#2052,#2054,.T.);
#2052 = VERTEX_POINT('',#2053);
#2053 = CARTESIAN_POINT('',(-1.9026E-10,0.750000001464,2.150961785778));
#2054 = B_SPLINE_CURVE_WITH_KNOTS('',1,(#2055,#2056),.UNSPECIFIED.,.F.,
  .F.,(2,2),(0.,1.5),.PIECEWISE_BEZIER_KNOTS.);
#2055 = CARTESIAN_POINT('',(-1.8968127E-10,1.500000001455,3.449999891458
    ));
#2056 = CARTESIAN_POINT('',(-1.9043776E-10,0.750000001462,2.150961785778
    ));
#2057 = ORIENTED_EDGE('',*,*,#2058,.T.);
#2058 = EDGE_CURVE('',#2052,#1834,#2059,.T.);
#2059 = B_SPLINE_CURVE_WITH_KNOTS('',8,(#2060,#2061,#2062,#2063,#2064,
    #2065,#2066,#2067,#2068,#2069,#2070,#2071,#2072,#2073,#2074,#2075,
    #2076,#2077,#2078,#2079,#2080,#2081,#2082,#2083,#2084,#2085,#2086,
    #2087,#2088,#2089,#2090),.UNSPECIFIED.,.F.,.F.,(9,7,8,7,9),(0.,
    1.570897825393,3.141795650785,4.712693476178,6.283591301571),
  .UNSPECIFIED.);
#2060 = CARTESIAN_POINT('',(-1.9019947E-10,0.750000001462,2.150961785778
    ));
#2061 = CARTESIAN_POINT('',(0.42233913126,0.796875002262,2.150961726406)
  );
#2062 = CARTESIAN_POINT('',(0.844685465069,0.843750003514,2.056188190458
    ));
#2063 = CARTESIAN_POINT('',(1.242201047744,0.890624993336,1.866645156751
    ));
#2064 = CARTESIAN_POINT('',(1.590124498666,0.937500016952,1.590115018448
    ));
#2065 = CARTESIAN_POINT('',(1.866639919557,0.984374989178,1.242210358494
    ));
#2066 = CARTESIAN_POINT('',(2.056189491587,1.031250005801,0.844680483157
    ));
#2067 = CARTESIAN_POINT('',(2.150961726058,1.078125002271,0.42234033874)
  );
#2068 = CARTESIAN_POINT('',(2.150961790651,1.171875001389,
    -0.422340343219));
#2069 = CARTESIAN_POINT('',(2.056189856415,1.218749997875,-0.8446808652)
  );
#2070 = CARTESIAN_POINT('',(1.866638840893,1.265625014358,
    -1.242209081478));
#2071 = CARTESIAN_POINT('',(1.590125578257,1.31249998692,-1.59011668517)
  );
#2072 = CARTESIAN_POINT('',(1.242200592116,1.359375010131,-1.86664414858
    ));
#2073 = CARTESIAN_POINT('',(0.844685521728,1.406250000288,
    -2.056188391614));
#2074 = CARTESIAN_POINT('',(0.422339131847,1.453125001337,
    -2.150961795192));
#2075 = CARTESIAN_POINT('',(2.0830671E-10,1.500000002197,-2.150961731304
    ));
#2076 = CARTESIAN_POINT('',(-0.422339131477,1.546875001029,
    -2.150961818437));
#2077 = CARTESIAN_POINT('',(-0.844685462771,1.59375000512,
    -2.056188068499));
#2078 = CARTESIAN_POINT('',(-1.242201052063,1.640624991714,
    -1.866645284031));
#2079 = CARTESIAN_POINT('',(-1.590124494366,1.687500018208,
    -1.59011491557));
#2080 = CARTESIAN_POINT('',(-1.866639920905,1.734374988446,
    -1.242210419606));
#2081 = CARTESIAN_POINT('',(-2.056189490898,1.781250006118,
    -0.844680457721));
#2082 = CARTESIAN_POINT('',(-2.150961726017,1.828125002207,
    -0.422340343538));
#2083 = CARTESIAN_POINT('',(-2.150961790991,1.921875001417,
    0.422340345667));
#2084 = CARTESIAN_POINT('',(-2.056189856477,1.968749997792,
    0.844680862614));
#2085 = CARTESIAN_POINT('',(-1.866638843104,2.015625014527,
    1.242209083681));
#2086 = CARTESIAN_POINT('',(-1.590125574236,2.062499986697,
    1.590116685979));
#2087 = CARTESIAN_POINT('',(-1.242200595714,2.10937501035,1.866644143256
    ));
#2088 = CARTESIAN_POINT('',(-0.844685521051,2.156250000129,
    2.056188399604));
#2089 = CARTESIAN_POINT('',(-0.422339131874,2.203125001407,
    2.150961790489));
#2090 = CARTESIAN_POINT('',(-2.4649625E-10,2.250000002197,2.150961731481
    ));
#2091 = ORIENTED_EDGE('',*,*,#1833,.F.);
#2092 = B_SPLINE_SURFACE_WITH_KNOTS('',1,8,(
    (#2093,#2094,#2095,#2096,#2097,#2098,#2099,#2100,#2101,#2102,#2103
      ,#2104,#2105,#2106,#2107,#2108,#2109,#2110,#2111,#2112,#2113,#2114
      ,#2115,#2116,#2117,#2118,#2119,#2120,#2121,#2122,#2123)
    ,(#2124,#2125,#2126,#2127,#2128,#2129,#2130,#2131,#2132,#2133,#2134
      ,#2135,#2136,#2137,#2138,#2139,#2140,#2141,#2142,#2143,#2144,#2145
      ,#2146,#2147,#2148,#2149,#2150,#2151,#2152,#2153,#2154
  )),.UNSPECIFIED.,.F.,.F.,.F.,(2,2),(9,7,8,7,9),(0.,1.5),(0.,
    1.570897825393,3.141795650785,4.712693476178,6.283591301571),
  .UNSPECIFIED.);
#2093 = CARTESIAN_POINT('',(-1.8944664E-10,1.500000001455,3.449999891458
    ));
#2094 = CARTESIAN_POINT('',(0.677404672099,1.546875002252,3.449999832088
    ));
#2095 = CARTESIAN_POINT('',(1.354816596595,1.593750003463,3.297989653736
    ));
#2096 = CARTESIAN_POINT('',(1.992412780243,1.640624993481,2.993973889014
    ));
#2097 = CARTESIAN_POINT('',(2.550449759289,1.687500016721,2.550440316901
    ));
#2098 = CARTESIAN_POINT('',(2.993968673433,1.734374989333,1.992422054048
    ));
#2099 = CARTESIAN_POINT('',(3.297990949228,1.781250005734,1.354811634977
    ));
#2100 = CARTESIAN_POINT('',(3.44999983174,1.828125002262,0.677405874353)
  );
#2101 = CARTESIAN_POINT('',(3.449999896331,1.921875001384,
    -0.677405878833));
#2102 = CARTESIAN_POINT('',(3.297991314043,1.968749997866,
    -1.354812017009));
#2103 = CARTESIAN_POINT('',(2.993967594805,2.015625014332,
    -1.992420777077));
#2104 = CARTESIAN_POINT('',(2.550450838843,2.062499986941,
    -2.550441983567));
#2105 = CARTESIAN_POINT('',(1.992412324628,2.10937501009,-2.99397288088)
  );
#2106 = CARTESIAN_POINT('',(1.354816653251,2.156250000297,
    -3.297989854886));
#2107 = CARTESIAN_POINT('',(0.677404672683,2.203125001326,
    -3.449999900872));
#2108 = CARTESIAN_POINT('',(2.0737473E-10,2.250000002183,-3.449999836986
    ));
#2109 = CARTESIAN_POINT('',(-0.677404672315,2.29687500103,
    -3.449999924116));
#2110 = CARTESIAN_POINT('',(-1.354816594298,2.343750005066,
    -3.297989531781));
#2111 = CARTESIAN_POINT('',(-1.992412784559,2.390624991824,
    -2.99397401629));
#2112 = CARTESIAN_POINT('',(-2.550449754992,2.437500018053,
    -2.550440214027));
#2113 = CARTESIAN_POINT('',(-2.99396867478,2.484374988524,
    -1.992422115158));
#2114 = CARTESIAN_POINT('',(-3.29799094854,2.531250006089,
    -1.354811609542));
#2115 = CARTESIAN_POINT('',(-3.4499998317,2.578125002195,-0.677405879151
    ));
#2116 = CARTESIAN_POINT('',(-3.44999989667,2.671875001408,0.677405881282
    ));
#2117 = CARTESIAN_POINT('',(-3.297991314105,2.718749997816,
    1.354812014423));
#2118 = CARTESIAN_POINT('',(-2.993967597013,2.765625014434,1.99242077928
    ));
#2119 = CARTESIAN_POINT('',(-2.550450834825,2.81249998677,2.550441984377
    ));
#2120 = CARTESIAN_POINT('',(-1.992412328224,2.859375010304,
    2.993972875555));
#2121 = CARTESIAN_POINT('',(-1.354816652574,2.906250000126,
    3.297989862876));
#2122 = CARTESIAN_POINT('',(-0.677404672711,2.953125001399,
    3.449999896169));
#2123 = CARTESIAN_POINT('',(-2.455448E-10,3.000000002186,3.449999837163)
  );
#2124 = CARTESIAN_POINT('',(-1.9020303E-10,0.750000001462,2.150961785778
    ));
#2125 = CARTESIAN_POINT('',(0.42233913126,0.796875002262,2.150961726406)
  );
#2126 = CARTESIAN_POINT('',(0.844685465069,0.843750003514,2.056188190458
    ));
#2127 = CARTESIAN_POINT('',(1.242201047744,0.890624993336,1.866645156751
    ));
#2128 = CARTESIAN_POINT('',(1.590124498666,0.937500016952,1.590115018448
    ));
#2129 = CARTESIAN_POINT('',(1.866639919556,0.984374989178,1.242210358494
    ));
#2130 = CARTESIAN_POINT('',(2.056189491587,1.031250005801,0.844680483157
    ));
#2131 = CARTESIAN_POINT('',(2.150961726058,1.078125002271,0.42234033874)
  );
#2132 = CARTESIAN_POINT('',(2.150961790651,1.171875001389,
    -0.422340343219));
#2133 = CARTESIAN_POINT('',(2.056189856415,1.218749997875,-0.8446808652)
  );
#2134 = CARTESIAN_POINT('',(1.866638840893,1.265625014358,
    -1.242209081479));
#2135 = CARTESIAN_POINT('',(1.590125578257,1.31249998692,-1.59011668517)
  );
#2136 = CARTESIAN_POINT('',(1.242200592116,1.359375010131,-1.86664414858
    ));
#2137 = CARTESIAN_POINT('',(0.844685521728,1.406250000288,
    -2.056188391614));
#2138 = CARTESIAN_POINT('',(0.422339131847,1.453125001337,
    -2.150961795192));
#2139 = CARTESIAN_POINT('',(2.0830982E-10,1.500000002197,-2.150961731304
    ));
#2140 = CARTESIAN_POINT('',(-0.422339131477,1.546875001029,
    -2.150961818437));
#2141 = CARTESIAN_POINT('',(-0.844685462771,1.59375000512,
    -2.056188068499));
#2142 = CARTESIAN_POINT('',(-1.242201052063,1.640624991714,
    -1.866645284031));
#2143 = CARTESIAN_POINT('',(-1.590124494366,1.687500018208,
    -1.59011491557));
#2144 = CARTESIAN_POINT('',(-1.866639920905,1.734374988446,
    -1.242210419606));
#2145 = CARTESIAN_POINT('',(-2.056189490898,1.781250006118,
    -0.844680457721));
#2146 = CARTESIAN_POINT('',(-2.150961726017,1.828125002207,
    -0.422340343538));
#2147 = CARTESIAN_POINT('',(-2.150961790991,1.921875001417,
    0.422340345667));
#2148 = CARTESIAN_POINT('',(-2.056189856477,1.968749997792,
    0.844680862614));
#2149 = CARTESIAN_POINT('',(-1.866638843104,2.015625014527,
    1.242209083681));
#2150 = CARTESIAN_POINT('',(-1.590125574236,2.062499986697,
    1.590116685979));
#2151 = CARTESIAN_POINT('',(-1.242200595714,2.10937501035,1.866644143256
    ));
#2152 = CARTESIAN_POINT('',(-0.844685521051,2.156250000129,
    2.056188399604));
#2153 = CARTESIAN_POINT('',(-0.422339131874,2.203125001407,
    2.150961790489));
#2154 = CARTESIAN_POINT('',(-2.4649958E-10,2.250000002197,2.150961731481
    ));
#2155 = ADVANCED_FACE('',(#2156),#2200,.T.);
#2156 = FACE_BOUND('',#2157,.T.);
#2157 = EDGE_LOOP('',(#2158,#2159,#2166,#2199));
#2158 = ORIENTED_EDGE('',*,*,#2058,.F.);
#2159 = ORIENTED_EDGE('',*,*,#2160,.T.);
#2160 = EDGE_CURVE('',#2052,#2161,#2163,.T.);
#2161 = VERTEX_POINT('',#2162);
#2162 = CARTESIAN_POINT('',(-1.58502E-10,1.271349766054E-09,
    3.449999905267));
#2163 = B_SPLINE_CURVE_WITH_KNOTS('',1,(#2164,#2165),.UNSPECIFIED.,.F.,
  .F.,(2,2),(0.,1.5),.PIECEWISE_BEZIER_KNOTS.);
#2164 = CARTESIAN_POINT('',(-1.9043399E-10,0.750000001462,2.150961785778
    ));
#2165 = CARTESIAN_POINT('',(-1.8968326E-10,1.458831416054E-09,
    3.449999891451));
#2166 = ORIENTED_EDGE('',*,*,#2167,.T.);
#2167 = EDGE_CURVE('',#2161,#1943,#2168,.T.);
#2168 = B_SPLINE_CURVE_WITH_KNOTS('',8,(#2169,#2170,#2171,#2172,#2173,
    #2174,#2175,#2176,#2177,#2178,#2179,#2180,#2181,#2182,#2183,#2184,
    #2185,#2186,#2187,#2188,#2189,#2190,#2191,#2192,#2193,#2194,#2195,
    #2196,#2197,#2198),.UNSPECIFIED.,.F.,.F.,(9,7,7,7,9),(0.,
    1.570897825393,3.141795650785,4.712693476178,6.283591301571),
  .UNSPECIFIED.);
#2169 = CARTESIAN_POINT('',(-6.767183E-11,7.275977060539E-10,
    3.449999945729));
#2170 = CARTESIAN_POINT('',(0.677404682731,4.687500155276E-02,
    3.449999884034));
#2171 = CARTESIAN_POINT('',(1.35481661774,9.375000274112E-02,
    3.297989708576));
#2172 = CARTESIAN_POINT('',(1.992412813214,0.140624992648,2.993973934839
    ));
#2173 = CARTESIAN_POINT('',(2.550449798792,0.187500016127,2.550440358328
    ));
#2174 = CARTESIAN_POINT('',(2.9939687205,0.234374988502,1.992422083522)
  );
#2175 = CARTESIAN_POINT('',(3.297991000822,0.281250005066,1.354811657607
    ));
#2176 = CARTESIAN_POINT('',(3.449999886035,0.328125001518,0.677405883836
    ));
#2177 = CARTESIAN_POINT('',(3.44999995092,0.421875000682,-0.677405887254
    ));
#2178 = CARTESIAN_POINT('',(3.297991366216,0.468749996992,-1.35481205045
    ));
#2179 = CARTESIAN_POINT('',(2.993967642385,0.515625013967,
    -1.992420779007));
#2180 = CARTESIAN_POINT('',(2.550450877539,0.562499985593,
    -2.550442073636));
#2181 = CARTESIAN_POINT('',(1.992412356066,0.609375010208,
    -2.993972863143));
#2182 = CARTESIAN_POINT('',(1.354816674512,0.656249998729,
    -3.297989969511));
#2183 = CARTESIAN_POINT('',(0.677404683306,0.703125001231,-3.44999990841
    ));
#2184 = CARTESIAN_POINT('',(-0.677404683062,0.796875000953,
    -3.449999928614));
#2185 = CARTESIAN_POINT('',(-1.354816617042,0.843750003497,
    -3.297989652633));
#2186 = CARTESIAN_POINT('',(-1.992412815946,0.890624991843,
    -2.993973994632));
#2187 = CARTESIAN_POINT('',(-2.55044979596,0.937500016783,
    -2.550440309274));
#2188 = CARTESIAN_POINT('',(-2.993968721223,0.984374988113,
    -1.992422113489));
#2189 = CARTESIAN_POINT('',(-3.297991000168,1.031250005221,
    -1.354811644267));
#2190 = CARTESIAN_POINT('',(-3.449999885648,1.078125001506,
    -0.677405887106));
#2191 = CARTESIAN_POINT('',(-3.449999950696,1.171875000667,
    0.677405890783));
#2192 = CARTESIAN_POINT('',(-3.297991365889,1.218749997119,
    1.354812037357));
#2193 = CARTESIAN_POINT('',(-2.993967643672,1.26562501367,1.992420809363
    ));
#2194 = CARTESIAN_POINT('',(-2.550450875823,1.312499986092,
    2.550442025157));
#2195 = CARTESIAN_POINT('',(-1.992412359428,1.359375009503,
    2.993972923978));
#2196 = CARTESIAN_POINT('',(-1.354816673779,1.406249999436,
    3.297989913852));
#2197 = CARTESIAN_POINT('',(-0.677404683192,1.453125000668,3.4499999503)
  );
#2198 = CARTESIAN_POINT('',(-1.8968127E-10,1.500000001455,3.449999891458
    ));
#2199 = ORIENTED_EDGE('',*,*,#1942,.F.);
#2200 = B_SPLINE_SURFACE_WITH_KNOTS('',1,8,(
    (#2201,#2202,#2203,#2204,#2205,#2206,#2207,#2208,#2209,#2210,#2211
      ,#2212,#2213,#2214,#2215,#2216,#2217,#2218,#2219,#2220,#2221,#2222
      ,#2223,#2224,#2225,#2226,#2227,#2228,#2229,#2230,#2231)
    ,(#2232,#2233,#2234,#2235,#2236,#2237,#2238,#2239,#2240,#2241,#2242
      ,#2243,#2244,#2245,#2246,#2247,#2248,#2249,#2250,#2251,#2252,#2253
      ,#2254,#2255,#2256,#2257,#2258,#2259,#2260,#2261,#2262
  )),.UNSPECIFIED.,.F.,.F.,.F.,(2,2),(9,7,8,7,9),(0.,1.5),(0.,
    1.570897825393,3.141795650785,4.712693476178,6.283591301571),
  .UNSPECIFIED.);
#2201 = CARTESIAN_POINT('',(-1.9019947E-10,0.750000001462,2.150961785778
    ));
#2202 = CARTESIAN_POINT('',(0.42233913126,0.796875002262,2.150961726406)
  );
#2203 = CARTESIAN_POINT('',(0.844685465069,0.843750003514,2.056188190458
    ));
#2204 = CARTESIAN_POINT('',(1.242201047744,0.890624993336,1.866645156751
    ));
#2205 = CARTESIAN_POINT('',(1.590124498666,0.937500016952,1.590115018448
    ));
#2206 = CARTESIAN_POINT('',(1.866639919557,0.984374989178,1.242210358494
    ));
#2207 = CARTESIAN_POINT('',(2.056189491587,1.031250005801,0.844680483157
    ));
#2208 = CARTESIAN_POINT('',(2.150961726058,1.078125002271,0.42234033874)
  );
#2209 = CARTESIAN_POINT('',(2.150961790651,1.171875001389,
    -0.422340343219));
#2210 = CARTESIAN_POINT('',(2.056189856415,1.218749997875,-0.8446808652)
  );
#2211 = CARTESIAN_POINT('',(1.866638840893,1.265625014358,
    -1.242209081478));
#2212 = CARTESIAN_POINT('',(1.590125578257,1.31249998692,-1.59011668517)
  );
#2213 = CARTESIAN_POINT('',(1.242200592116,1.359375010131,-1.86664414858
    ));
#2214 = CARTESIAN_POINT('',(0.844685521728,1.406250000288,
    -2.056188391614));
#2215 = CARTESIAN_POINT('',(0.422339131847,1.453125001337,
    -2.150961795192));
#2216 = CARTESIAN_POINT('',(2.0830671E-10,1.500000002197,-2.150961731304
    ));
#2217 = CARTESIAN_POINT('',(-0.422339131477,1.546875001029,
    -2.150961818437));
#2218 = CARTESIAN_POINT('',(-0.844685462771,1.59375000512,
    -2.056188068499));
#2219 = CARTESIAN_POINT('',(-1.242201052063,1.640624991714,
    -1.866645284031));
#2220 = CARTESIAN_POINT('',(-1.590124494366,1.687500018208,
    -1.59011491557));
#2221 = CARTESIAN_POINT('',(-1.866639920905,1.734374988446,
    -1.242210419606));
#2222 = CARTESIAN_POINT('',(-2.056189490898,1.781250006118,
    -0.844680457721));
#2223 = CARTESIAN_POINT('',(-2.150961726017,1.828125002207,
    -0.422340343538));
#2224 = CARTESIAN_POINT('',(-2.150961790991,1.921875001417,
    0.422340345667));
#2225 = CARTESIAN_POINT('',(-2.056189856477,1.968749997792,
    0.844680862614));
#2226 = CARTESIAN_POINT('',(-1.866638843104,2.015625014527,
    1.242209083681));
#2227 = CARTESIAN_POINT('',(-1.590125574236,2.062499986697,
    1.590116685979));
#2228 = CARTESIAN_POINT('',(-1.242200595714,2.10937501035,1.866644143256
    ));
#2229 = CARTESIAN_POINT('',(-0.844685521051,2.156250000129,
    2.056188399604));
#2230 = CARTESIAN_POINT('',(-0.422339131874,2.203125001407,
    2.150961790489));
#2231 = CARTESIAN_POINT('',(-2.4649625E-10,2.250000002197,2.150961731481
    ));
#2232 = CARTESIAN_POINT('',(-1.8944864E-10,1.458831416054E-09,
    3.449999891451));
#2233 = CARTESIAN_POINT('',(0.677404672097,4.687500225516E-02,
    3.449999832077));
#2234 = CARTESIAN_POINT('',(1.35481659659,9.37500034939E-02,
    3.29798965372));
#2235 = CARTESIAN_POINT('',(1.992412780252,0.140624993385,2.99397388904)
  );
#2236 = CARTESIAN_POINT('',(2.550449759249,0.18750001686,2.550440316839)
  );
#2237 = CARTESIAN_POINT('',(2.993968673459,0.234374989235,1.992422054085
    ));
#2238 = CARTESIAN_POINT('',(3.297990949208,0.28125000577,1.354811634961)
  );
#2239 = CARTESIAN_POINT('',(3.449999831729,0.328125002262,0.677405874352
    ));
#2240 = CARTESIAN_POINT('',(3.449999896324,0.421875001384,
    -0.677405878832));
#2241 = CARTESIAN_POINT('',(3.297991314047,0.468749997901,
    -1.354812017018));
#2242 = CARTESIAN_POINT('',(2.99396759476,0.515625014234,-1.992420777029
    ));
#2243 = CARTESIAN_POINT('',(2.550450838873,0.56249998708,-2.550441983618
    ));
#2244 = CARTESIAN_POINT('',(1.992412324607,0.609375009994,
    -2.993972880837));
#2245 = CARTESIAN_POINT('',(1.354816653249,0.656250000328,
    -3.297989854884));
#2246 = CARTESIAN_POINT('',(0.677404672681,0.70312500133,-3.449999900865
    ));
#2247 = CARTESIAN_POINT('',(2.0737539E-10,0.750000002186,-3.449999836975
    ));
#2248 = CARTESIAN_POINT('',(-0.677404672313,0.796875001034,
    -3.449999924111));
#2249 = CARTESIAN_POINT('',(-1.354816594293,0.843750005094,
    -3.297989531757));
#2250 = CARTESIAN_POINT('',(-1.992412784569,0.890624991741,
    -2.993974016325));
#2251 = CARTESIAN_POINT('',(-2.550449754948,0.937500018168,
    -2.550440213956));
#2252 = CARTESIAN_POINT('',(-2.993968674808,0.984374988448,-1.9924221152
    ));
#2253 = CARTESIAN_POINT('',(-3.297990948519,1.031250006118,
    -1.354811609524));
#2254 = CARTESIAN_POINT('',(-3.449999831688,1.078125002195,
    -0.677405879149));
#2255 = CARTESIAN_POINT('',(-3.449999896664,1.171875001408,0.67740588128
    ));
#2256 = CARTESIAN_POINT('',(-3.297991314109,1.218749997852,
    1.354812014432));
#2257 = CARTESIAN_POINT('',(-2.99396759697,1.265625014336,1.992420779232
    ));
#2258 = CARTESIAN_POINT('',(-2.550450834854,1.31249998691,2.550441984426
    ));
#2259 = CARTESIAN_POINT('',(-1.992412328204,1.359375010208,
    2.993972875513));
#2260 = CARTESIAN_POINT('',(-1.354816652572,1.406250000157,
    3.297989862874));
#2261 = CARTESIAN_POINT('',(-0.677404672709,1.453125001403,
    3.449999896162));
#2262 = CARTESIAN_POINT('',(-2.455468E-10,1.50000000219,3.449999837152)
  );
#2263 = ADVANCED_FACE('',(#2264),#2343,.T.);
#2264 = FACE_BOUND('',#2265,.T.);
#2265 = EDGE_LOOP('',(#2266,#2267,#2309,#2342));
#2266 = ORIENTED_EDGE('',*,*,#2167,.F.);
#2267 = ORIENTED_EDGE('',*,*,#2268,.T.);
#2268 = EDGE_CURVE('',#2161,#2269,#2271,.T.);
#2269 = VERTEX_POINT('',#2270);
#2270 = CARTESIAN_POINT('',(1.0026895E-08,-4.776094659392E-16,
    -2.150961812833));
#2271 = B_SPLINE_CURVE_WITH_KNOTS('',6,(#2272,#2273,#2274,#2275,#2276,
    #2277,#2278,#2279,#2280,#2281,#2282,#2283,#2284,#2285,#2286,#2287,
    #2288,#2289,#2290,#2291,#2292,#2293,#2294,#2295,#2296,#2297,#2298,
    #2299,#2300,#2301,#2302,#2303,#2304,#2305,#2306,#2307,#2308),
  .UNSPECIFIED.,.F.,.F.,(7,5,5,5,5,5,5,7),(0.,0.188848788683,
    0.351101081292,0.493551466495,0.619011266071,0.729947968336,
    0.82941025822,1.),.UNSPECIFIED.);
#2272 = CARTESIAN_POINT('',(-6.767298E-11,1.146053874941E-15,
    3.449999945729));
#2273 = CARTESIAN_POINT('',(0.284654597112,1.168478354423E-15,
    3.41588283435));
#2274 = CARTESIAN_POINT('',(0.565626365066,1.184563018091E-15,
    3.353213730828));
#2275 = CARTESIAN_POINT('',(0.839172769203,1.184332499946E-15,
    3.262103576847));
#2276 = CARTESIAN_POINT('',(1.10159130104,1.167957862318E-15,
    3.143322768657));
#2277 = CARTESIAN_POINT('',(1.349201950363,1.145739858336E-15,
    2.998225777929));
#2278 = CARTESIAN_POINT('',(1.775456316814,1.095873228373E-15,
    2.683574449259));
#2279 = CARTESIAN_POINT('',(1.958941130946,1.059622075103E-15,
    2.520313768902));
#2280 = CARTESIAN_POINT('',(2.126672637734,1.01971077851E-15,
    2.340569268438));
#2281 = CARTESIAN_POINT('',(2.276610148046,9.6652336896E-16,
    2.146070466881));
#2282 = CARTESIAN_POINT('',(2.40690785108,9.10518013921E-16,
    1.938880767071));
#2283 = CARTESIAN_POINT('',(2.611852774138,7.998634977141E-16,
    1.530609121662));
#2284 = CARTESIAN_POINT('',(2.691364718801,7.45728085904E-16,
    1.33184089748));
#2285 = CARTESIAN_POINT('',(2.75353185262,6.802116209763E-16,
    1.126852962993));
#2286 = CARTESIAN_POINT('',(2.797550872328,6.137230007013E-16,
    0.917486830045));
#2287 = CARTESIAN_POINT('',(2.822846228715,5.467053607985E-16,
    0.705738204499));
#2288 = CARTESIAN_POINT('',(2.834726397452,4.181855114626E-16,
    0.307080244015));
#2289 = CARTESIAN_POINT('',(2.825569181346,3.566900842311E-16,
    0.120201453398));
#2290 = CARTESIAN_POINT('',(2.801511563513,2.854808729544E-16,
    -6.538833515253E-02));
#2291 = CARTESIAN_POINT('',(2.762573621842,2.248949347742E-16,
    -0.248171151217));
#2292 = CARTESIAN_POINT('',(2.708967517402,1.552771080373E-16,
    -0.426593980946));
#2293 = CARTESIAN_POINT('',(2.581195670128,3.310867104422E-17,
    -0.751611726897));
#2294 = CARTESIAN_POINT('',(2.510123358,-1.973157243908E-17,
    -0.899511035211));
#2295 = CARTESIAN_POINT('',(2.428259924393,-8.130334194882E-17,
    -1.04169764461));
#2296 = CARTESIAN_POINT('',(2.336059975205,-1.313700739998E-16,
    -1.177106167871));
#2297 = CARTESIAN_POINT('',(2.234125788825,-1.897031217977E-16,
    -1.304706871376));
#2298 = CARTESIAN_POINT('',(2.023786379338,-2.897379384431E-16,
    -1.530043652976));
#2299 = CARTESIAN_POINT('',(1.91713570462,-3.318237757875E-16,
    -1.629509421811));
#2300 = CARTESIAN_POINT('',(1.803820852312,-3.721855443841E-16,
    -1.721210675275));
#2301 = CARTESIAN_POINT('',(1.684483128943,-4.106776712315E-16,
    -1.804491810854));
#2302 = CARTESIAN_POINT('',(1.559858172258,-4.571687717712E-16,
    -1.878761125099));
#2303 = CARTESIAN_POINT('',(1.209399137032,-5.46200740241E-16,
    -2.054545483756));
#2304 = CARTESIAN_POINT('',(0.974814690212,-6.046466243047E-16,
    -2.137618360352));
#2305 = CARTESIAN_POINT('',(0.731379058661,-6.462785691215E-16,
    -2.190003982694));
#2306 = CARTESIAN_POINT('',(0.48403161386,-6.807191419857E-16,
    -2.210002544991));
#2307 = CARTESIAN_POINT('',(0.238246208106,-7.077791324785E-16,
    -2.196761919269));
#2308 = CARTESIAN_POINT('',(1.002690109E-08,-7.176094659392E-16,
    -2.150961812833));
#2309 = ORIENTED_EDGE('',*,*,#2310,.T.);
#2310 = EDGE_CURVE('',#2269,#2052,#2311,.T.);
#2311 = B_SPLINE_CURVE_WITH_KNOTS('',8,(#2312,#2313,#2314,#2315,#2316,
    #2317,#2318,#2319,#2320,#2321,#2322,#2323,#2324,#2325,#2326,#2327,
    #2328,#2329,#2330,#2331,#2332,#2333,#2334,#2335,#2336,#2337,#2338,
    #2339,#2340,#2341),.UNSPECIFIED.,.F.,.F.,(9,7,7,7,9),(0.,
    1.570897825393,3.141795650785,4.712693476178,6.283591301571),
  .UNSPECIFIED.);
#2312 = CARTESIAN_POINT('',(-6.794171E-11,-0.749999999269,2.150961840051
    ));
#2313 = CARTESIAN_POINT('',(0.422339141892,-0.70312499844,2.150961778354
    ));
#2314 = CARTESIAN_POINT('',(0.844685486217,-0.656249997204,
    2.056188245301));
#2315 = CARTESIAN_POINT('',(1.242201080717,-0.609375007505,
    1.866645202576));
#2316 = CARTESIAN_POINT('',(1.59012453817,-0.562499983653,1.590115059877
    ));
#2317 = CARTESIAN_POINT('',(1.866639966626,-0.515625011638,
    1.242210387968));
#2318 = CARTESIAN_POINT('',(2.056189543184,-0.46874999489,0.844680505788
    ));
#2319 = CARTESIAN_POINT('',(2.150961780355,-0.421874998473,
    0.422340348223));
#2320 = CARTESIAN_POINT('',(2.150961845242,-0.328124999313,
    -0.42234035164));
#2321 = CARTESIAN_POINT('',(2.05618990859,-0.281250003006,
    -0.844680898642));
#2322 = CARTESIAN_POINT('',(1.866638888475,-0.234374986016,
    -1.24220908341));
#2323 = CARTESIAN_POINT('',(1.590125616953,-0.187500014397,
    -1.59011677524));
#2324 = CARTESIAN_POINT('',(1.242200623556,-0.140624989803,
    -1.866644130845));
#2325 = CARTESIAN_POINT('',(0.844685542989,-9.375000125533E-02,
    -2.056188506243));
#2326 = CARTESIAN_POINT('',(0.42233914247,-4.687499876557E-02,
    -2.15096180273));
#2327 = CARTESIAN_POINT('',(-0.422339142225,4.687500096413E-02,
    -2.150961822935));
#2328 = CARTESIAN_POINT('',(-0.844685485516,9.375000351678E-02,
    -2.056188189355));
#2329 = CARTESIAN_POINT('',(-1.242201083451,0.140624991788,
    -1.866645262371));
#2330 = CARTESIAN_POINT('',(-1.590124535336,0.18750001687,
    -1.590115010821));
#2331 = CARTESIAN_POINT('',(-1.86663996735,0.234374988072,
    -1.242210417936));
#2332 = CARTESIAN_POINT('',(-2.056189542529,0.281250005238,
    -0.844680492447));
#2333 = CARTESIAN_POINT('',(-2.150961779967,0.328125001515,
    -0.422340351493));
#2334 = CARTESIAN_POINT('',(-2.150961845018,0.421875000673,
    0.422340355169));
#2335 = CARTESIAN_POINT('',(-2.056189908262,0.468749997094,0.84468088555
    ));
#2336 = CARTESIAN_POINT('',(-1.866638889764,0.51562501373,1.242209113766
    ));
#2337 = CARTESIAN_POINT('',(-1.590125615235,0.562499986081,1.59011672676
    ));
#2338 = CARTESIAN_POINT('',(-1.242200626919,0.609375009481,
    1.866644191682));
#2339 = CARTESIAN_POINT('',(-0.844685542257,0.656249999462,
    2.056188450582));
#2340 = CARTESIAN_POINT('',(-0.422339142355,0.703125000672,
    2.150961844622));
#2341 = CARTESIAN_POINT('',(-1.9043399E-10,0.750000001462,2.150961785778
    ));
#2342 = ORIENTED_EDGE('',*,*,#2051,.F.);
#2343 = B_SPLINE_SURFACE_WITH_KNOTS('',1,8,(
    (#2344,#2345,#2346,#2347,#2348,#2349,#2350,#2351,#2352,#2353,#2354
      ,#2355,#2356,#2357,#2358,#2359,#2360,#2361,#2362,#2363,#2364,#2365
      ,#2366,#2367,#2368,#2369,#2370,#2371,#2372,#2373)
    ,(#2374,#2375,#2376,#2377,#2378,#2379,#2380,#2381,#2382,#2383,#2384
      ,#2385,#2386,#2387,#2388,#2389,#2390,#2391,#2392,#2393,#2394,#2395
      ,#2396,#2397,#2398,#2399,#2400,#2401,#2402,#2403
  )),.UNSPECIFIED.,.F.,.F.,.F.,(2,2),(9,7,7,7,9),(0.,1.5),(0.,
    1.570897825393,3.141795650785,4.712693476178,6.283591301571),
  .UNSPECIFIED.);
#2344 = CARTESIAN_POINT('',(-6.767183E-11,7.275977060539E-10,
    3.449999945729));
#2345 = CARTESIAN_POINT('',(0.677404682731,4.687500155276E-02,
    3.449999884034));
#2346 = CARTESIAN_POINT('',(1.35481661774,9.375000274112E-02,
    3.297989708576));
#2347 = CARTESIAN_POINT('',(1.992412813214,0.140624992648,2.993973934839
    ));
#2348 = CARTESIAN_POINT('',(2.550449798792,0.187500016127,2.550440358328
    ));
#2349 = CARTESIAN_POINT('',(2.9939687205,0.234374988502,1.992422083522)
  );
#2350 = CARTESIAN_POINT('',(3.297991000822,0.281250005066,1.354811657607
    ));
#2351 = CARTESIAN_POINT('',(3.449999886035,0.328125001518,0.677405883836
    ));
#2352 = CARTESIAN_POINT('',(3.44999995092,0.421875000682,-0.677405887254
    ));
#2353 = CARTESIAN_POINT('',(3.297991366216,0.468749996992,-1.35481205045
    ));
#2354 = CARTESIAN_POINT('',(2.993967642385,0.515625013967,
    -1.992420779007));
#2355 = CARTESIAN_POINT('',(2.550450877539,0.562499985593,
    -2.550442073636));
#2356 = CARTESIAN_POINT('',(1.992412356066,0.609375010208,
    -2.993972863143));
#2357 = CARTESIAN_POINT('',(1.354816674512,0.656249998729,
    -3.297989969511));
#2358 = CARTESIAN_POINT('',(0.677404683306,0.703125001231,-3.44999990841
    ));
#2359 = CARTESIAN_POINT('',(-0.677404683062,0.796875000953,
    -3.449999928614));
#2360 = CARTESIAN_POINT('',(-1.354816617042,0.843750003497,
    -3.297989652633));
#2361 = CARTESIAN_POINT('',(-1.992412815946,0.890624991843,
    -2.993973994632));
#2362 = CARTESIAN_POINT('',(-2.55044979596,0.937500016783,
    -2.550440309274));
#2363 = CARTESIAN_POINT('',(-2.993968721223,0.984374988113,
    -1.992422113489));
#2364 = CARTESIAN_POINT('',(-3.297991000168,1.031250005221,
    -1.354811644267));
#2365 = CARTESIAN_POINT('',(-3.449999885648,1.078125001506,
    -0.677405887106));
#2366 = CARTESIAN_POINT('',(-3.449999950696,1.171875000667,
    0.677405890783));
#2367 = CARTESIAN_POINT('',(-3.297991365889,1.218749997119,
    1.354812037357));
#2368 = CARTESIAN_POINT('',(-2.993967643672,1.26562501367,1.992420809363
    ));
#2369 = CARTESIAN_POINT('',(-2.550450875823,1.312499986092,
    2.550442025157));
#2370 = CARTESIAN_POINT('',(-1.992412359428,1.359375009503,
    2.993972923978));
#2371 = CARTESIAN_POINT('',(-1.354816673779,1.406249999436,
    3.297989913852));
#2372 = CARTESIAN_POINT('',(-0.677404683192,1.453125000668,3.4499999503)
  );
#2373 = CARTESIAN_POINT('',(-1.8968127E-10,1.500000001455,3.449999891458
    ));
#2374 = CARTESIAN_POINT('',(-6.794549E-11,-0.749999999269,2.150961840051
    ));
#2375 = CARTESIAN_POINT('',(0.422339141892,-0.70312499844,2.150961778354
    ));
#2376 = CARTESIAN_POINT('',(0.844685486217,-0.656249997204,
    2.056188245301));
#2377 = CARTESIAN_POINT('',(1.242201080717,-0.609375007505,
    1.866645202576));
#2378 = CARTESIAN_POINT('',(1.59012453817,-0.562499983653,1.590115059877
    ));
#2379 = CARTESIAN_POINT('',(1.866639966626,-0.515625011638,
    1.242210387968));
#2380 = CARTESIAN_POINT('',(2.056189543184,-0.46874999489,0.844680505788
    ));
#2381 = CARTESIAN_POINT('',(2.150961780355,-0.421874998473,
    0.422340348223));
#2382 = CARTESIAN_POINT('',(2.150961845242,-0.328124999313,
    -0.42234035164));
#2383 = CARTESIAN_POINT('',(2.05618990859,-0.281250003006,
    -0.844680898642));
#2384 = CARTESIAN_POINT('',(1.866638888475,-0.234374986016,
    -1.24220908341));
#2385 = CARTESIAN_POINT('',(1.590125616953,-0.187500014397,
    -1.59011677524));
#2386 = CARTESIAN_POINT('',(1.242200623556,-0.140624989803,
    -1.866644130845));
#2387 = CARTESIAN_POINT('',(0.844685542989,-9.375000125533E-02,
    -2.056188506242));
#2388 = CARTESIAN_POINT('',(0.42233914247,-4.687499876557E-02,
    -2.15096180273));
#2389 = CARTESIAN_POINT('',(-0.422339142225,4.687500096413E-02,
    -2.150961822935));
#2390 = CARTESIAN_POINT('',(-0.844685485516,9.375000351678E-02,
    -2.056188189355));
#2391 = CARTESIAN_POINT('',(-1.242201083451,0.140624991788,
    -1.866645262371));
#2392 = CARTESIAN_POINT('',(-1.590124535336,0.18750001687,
    -1.590115010821));
#2393 = CARTESIAN_POINT('',(-1.86663996735,0.234374988072,
    -1.242210417936));
#2394 = CARTESIAN_POINT('',(-2.056189542529,0.281250005238,
    -0.844680492447));
#2395 = CARTESIAN_POINT('',(-2.150961779967,0.328125001515,
    -0.422340351493));
#2396 = CARTESIAN_POINT('',(-2.150961845018,0.421875000673,
    0.422340355169));
#2397 = CARTESIAN_POINT('',(-2.056189908262,0.468749997094,0.84468088555
    ));
#2398 = CARTESIAN_POINT('',(-1.866638889764,0.51562501373,1.242209113766
    ));
#2399 = CARTESIAN_POINT('',(-1.590125615235,0.562499986081,1.59011672676
    ));
#2400 = CARTESIAN_POINT('',(-1.242200626919,0.609375009481,
    1.866644191682));
#2401 = CARTESIAN_POINT('',(-0.844685542257,0.656249999462,
    2.056188450582));
#2402 = CARTESIAN_POINT('',(-0.422339142355,0.703125000672,
    2.150961844622));
#2403 = CARTESIAN_POINT('',(-1.9043776E-10,0.750000001462,2.150961785778
    ));
#2404 = ADVANCED_FACE('',(#2405),#2449,.T.);
#2405 = FACE_BOUND('',#2406,.T.);
#2406 = EDGE_LOOP('',(#2407,#2408,#2448));
#2407 = ORIENTED_EDGE('',*,*,#2310,.F.);
#2408 = ORIENTED_EDGE('',*,*,#2409,.F.);
#2409 = EDGE_CURVE('',#2161,#2269,#2410,.T.);
#2410 = B_SPLINE_CURVE_WITH_KNOTS('',6,(#2411,#2412,#2413,#2414,#2415,
    #2416,#2417,#2418,#2419,#2420,#2421,#2422,#2423,#2424,#2425,#2426,
    #2427,#2428,#2429,#2430,#2431,#2432,#2433,#2434,#2435,#2436,#2437,
    #2438,#2439,#2440,#2441,#2442,#2443,#2444,#2445,#2446,#2447),
  .UNSPECIFIED.,.F.,.F.,(7,5,5,5,5,5,5,7),(0.,0.188848831257,
    0.352175219888,0.493551421763,0.619011229725,0.729947938775,
    0.829410237255,1.),.UNSPECIFIED.);
#2411 = CARTESIAN_POINT('',(-1.8968471E-10,1.146053862889E-15,
    3.449999891451));
#2412 = CARTESIAN_POINT('',(-0.284654615957,1.108478353132E-15,
    3.415882828535));
#2413 = CARTESIAN_POINT('',(-0.565626381548,1.054563032814E-15,
    3.353213797134));
#2414 = CARTESIAN_POINT('',(-0.83917277398,9.943324937768E-16,
    3.262103549065));
#2415 = CARTESIAN_POINT('',(-1.101591295692,9.279578578007E-16,
    3.143322748312));
#2416 = CARTESIAN_POINT('',(-1.349201959808,8.45739852036E-16,
    2.998225749555));
#2417 = CARTESIAN_POINT('',(-1.776760294058,6.95659499478E-16,
    2.682611899889));
#2418 = CARTESIAN_POINT('',(-1.961370303275,6.191418804655E-16,
    2.518151164512));
#2419 = CARTESIAN_POINT('',(-2.13000230524,5.389175263373E-16,
    2.336996778249));
#2420 = CARTESIAN_POINT('',(-2.28057626653,4.553787574593E-16,
    2.140915594954));
#2421 = CARTESIAN_POINT('',(-2.411212432132,3.789938951729E-16,
    1.932016746445));
#2422 = CARTESIAN_POINT('',(-2.614840746004,2.181986307895E-16,
    1.523111227601));
#2423 = CARTESIAN_POINT('',(-2.693233694462,1.443548183647E-16,
    1.325656250302));
#2424 = CARTESIAN_POINT('',(-2.754524509594,6.915980222289E-17,
    1.122115992447));
#2425 = CARTESIAN_POINT('',(-2.797931318747,-6.986141910021E-18,
    0.914293135645));
#2426 = CARTESIAN_POINT('',(-2.822893913598,-8.364955626503E-17,
    0.704139800144));
#2427 = CARTESIAN_POINT('',(-2.834726450729,-2.118144847693E-16,
    0.307080260985));
#2428 = CARTESIAN_POINT('',(-2.825569201527,-2.733099116175E-16,
    0.120201472094));
#2429 = CARTESIAN_POINT('',(-2.801511574554,-3.345191285468E-16,
    -6.538834191306E-02));
#2430 = CARTESIAN_POINT('',(-2.762573567575,-3.851050578924E-16,
    -0.24817111819));
#2431 = CARTESIAN_POINT('',(-2.708967460311,-4.447228876298E-16,
    -0.426593961433));
#2432 = CARTESIAN_POINT('',(-2.581195643165,-5.368913272548E-16,
    -0.751611719236));
#2433 = CARTESIAN_POINT('',(-2.51012335965,-5.797315742951E-16,
    -0.89951104357));
#2434 = CARTESIAN_POINT('',(-2.428259953715,-6.213033473963E-16,
    -1.041697669144));
#2435 = CARTESIAN_POINT('',(-2.336060017332,-6.51370081216E-16,
    -1.17710620037));
#2436 = CARTESIAN_POINT('',(-2.234125825102,-6.797031282166E-16,
    -1.304706900284));
#2437 = CARTESIAN_POINT('',(-2.023786395369,-7.297379408861E-16,
    -1.530043663978));
#2438 = CARTESIAN_POINT('',(-1.917135705689,-7.518237752191E-16,
    -1.62950941925));
#2439 = CARTESIAN_POINT('',(-1.80382083935,-7.721855409141E-16,
    -1.721210659647));
#2440 = CARTESIAN_POINT('',(-1.684483108282,-7.90677666536E-16,
    -1.804491789707));
#2441 = CARTESIAN_POINT('',(-1.559858151793,-7.971687681656E-16,
    -1.878761108861));
#2442 = CARTESIAN_POINT('',(-1.209399112801,-8.162007434615E-16,
    -2.05454549826));
#2443 = CARTESIAN_POINT('',(-0.974814683872,-8.246466311341E-16,
    -2.137618391108));
#2444 = CARTESIAN_POINT('',(-0.731379070096,-8.062785876381E-16,
    -2.190004066085));
#2445 = CARTESIAN_POINT('',(-0.484031606186,-7.90719125778E-16,
    -2.210002471997));
#2446 = CARTESIAN_POINT('',(-0.238246169619,-7.577791347275E-16,
    -2.196761929398));
#2447 = CARTESIAN_POINT('',(1.002689398E-08,-7.176094659392E-16,
    -2.150961812833));
#2448 = ORIENTED_EDGE('',*,*,#2160,.F.);
#2449 = B_SPLINE_SURFACE_WITH_KNOTS('',1,8,(
    (#2450,#2451,#2452,#2453,#2454,#2455,#2456,#2457,#2458,#2459,#2460
      ,#2461,#2462,#2463,#2464,#2465,#2466,#2467,#2468,#2469,#2470,#2471
      ,#2472,#2473,#2474,#2475,#2476,#2477,#2478,#2479)
    ,(#2480,#2481,#2482,#2483,#2484,#2485,#2486,#2487,#2488,#2489,#2490
      ,#2491,#2492,#2493,#2494,#2495,#2496,#2497,#2498,#2499,#2500,#2501
      ,#2502,#2503,#2504,#2505,#2506,#2507,#2508,#2509
  )),.UNSPECIFIED.,.F.,.F.,.F.,(2,2),(9,7,7,7,9),(0.,1.5),(0.,
    1.570897825393,3.141795650785,4.712693476178,6.283591301571),
  .UNSPECIFIED.);
#2450 = CARTESIAN_POINT('',(-6.794171E-11,-0.749999999269,2.150961840051
    ));
#2451 = CARTESIAN_POINT('',(0.422339141892,-0.70312499844,2.150961778354
    ));
#2452 = CARTESIAN_POINT('',(0.844685486217,-0.656249997204,
    2.056188245301));
#2453 = CARTESIAN_POINT('',(1.242201080717,-0.609375007505,
    1.866645202576));
#2454 = CARTESIAN_POINT('',(1.59012453817,-0.562499983653,1.590115059877
    ));
#2455 = CARTESIAN_POINT('',(1.866639966626,-0.515625011638,
    1.242210387968));
#2456 = CARTESIAN_POINT('',(2.056189543184,-0.46874999489,0.844680505788
    ));
#2457 = CARTESIAN_POINT('',(2.150961780355,-0.421874998473,
    0.422340348223));
#2458 = CARTESIAN_POINT('',(2.150961845242,-0.328124999313,
    -0.42234035164));
#2459 = CARTESIAN_POINT('',(2.05618990859,-0.281250003006,
    -0.844680898642));
#2460 = CARTESIAN_POINT('',(1.866638888475,-0.234374986016,
    -1.24220908341));
#2461 = CARTESIAN_POINT('',(1.590125616953,-0.187500014397,
    -1.59011677524));
#2462 = CARTESIAN_POINT('',(1.242200623556,-0.140624989803,
    -1.866644130845));
#2463 = CARTESIAN_POINT('',(0.844685542989,-9.375000125533E-02,
    -2.056188506243));
#2464 = CARTESIAN_POINT('',(0.42233914247,-4.687499876557E-02,
    -2.15096180273));
#2465 = CARTESIAN_POINT('',(-0.422339142225,4.687500096413E-02,
    -2.150961822935));
#2466 = CARTESIAN_POINT('',(-0.844685485516,9.375000351678E-02,
    -2.056188189355));
#2467 = CARTESIAN_POINT('',(-1.242201083451,0.140624991788,
    -1.866645262371));
#2468 = CARTESIAN_POINT('',(-1.590124535336,0.18750001687,
    -1.590115010821));
#2469 = CARTESIAN_POINT('',(-1.86663996735,0.234374988072,
    -1.242210417936));
#2470 = CARTESIAN_POINT('',(-2.056189542529,0.281250005238,
    -0.844680492447));
#2471 = CARTESIAN_POINT('',(-2.150961779967,0.328125001515,
    -0.422340351493));
#2472 = CARTESIAN_POINT('',(-2.150961845018,0.421875000673,
    0.422340355169));
#2473 = CARTESIAN_POINT('',(-2.056189908262,0.468749997094,0.84468088555
    ));
#2474 = CARTESIAN_POINT('',(-1.866638889764,0.51562501373,1.242209113766
    ));
#2475 = CARTESIAN_POINT('',(-1.590125615235,0.562499986081,1.59011672676
    ));
#2476 = CARTESIAN_POINT('',(-1.242200626919,0.609375009481,
    1.866644191682));
#2477 = CARTESIAN_POINT('',(-0.844685542257,0.656249999462,
    2.056188450582));
#2478 = CARTESIAN_POINT('',(-0.422339142355,0.703125000672,
    2.150961844622));
#2479 = CARTESIAN_POINT('',(-1.9043399E-10,0.750000001462,2.150961785778
    ));
#2480 = CARTESIAN_POINT('',(-6.767116E-11,-1.499999999269,3.449999945726
    ));
#2481 = CARTESIAN_POINT('',(0.67740468273,-1.453124998444,3.449999884027
    ));
#2482 = CARTESIAN_POINT('',(1.354816617736,-1.406249997228,
    3.297989708564));
#2483 = CARTESIAN_POINT('',(1.992412813226,-1.359375007448,
    2.993973934868));
#2484 = CARTESIAN_POINT('',(2.550449798752,-1.312499983734,
    2.550440358268));
#2485 = CARTESIAN_POINT('',(2.993968720532,-1.265625011596,
    1.992422083562));
#2486 = CARTESIAN_POINT('',(3.297991000805,-1.218749994899,
    1.354811657593));
#2487 = CARTESIAN_POINT('',(3.449999886028,-1.171874998482,
    0.677405883834));
#2488 = CARTESIAN_POINT('',(3.449999950917,-1.078124999318,
    -0.677405887253));
#2489 = CARTESIAN_POINT('',(3.297991366223,-1.031250002973,
    -1.354812050461));
#2490 = CARTESIAN_POINT('',(2.993967642345,-0.984374986131,
    -1.99242077896));
#2491 = CARTESIAN_POINT('',(2.55045087757,-0.937500014267,-2.55044207369
    ));
#2492 = CARTESIAN_POINT('',(1.992412356048,-0.890624989888,
    -2.993972863101));
#2493 = CARTESIAN_POINT('',(1.354816674512,-0.84375000124,
    -3.297989969516));
#2494 = CARTESIAN_POINT('',(0.677404683305,-0.796874998766,
    -3.449999908404));
#2495 = CARTESIAN_POINT('',(-0.677404683061,-0.703124999043,
    -3.449999928609));
#2496 = CARTESIAN_POINT('',(-1.354816617038,-0.656249996472,
    -3.297989652618));
#2497 = CARTESIAN_POINT('',(-1.992412815958,-0.609375008253,
    -2.993973994665));
#2498 = CARTESIAN_POINT('',(-2.550449795921,-0.562499983077,
    -2.550440309211));
#2499 = CARTESIAN_POINT('',(-2.993968721254,-0.515625011985,
    -1.99242211353));
#2500 = CARTESIAN_POINT('',(-3.297991000151,-0.468749994743,
    -1.354811644251));
#2501 = CARTESIAN_POINT('',(-3.44999988564,-0.421874998494,
    -0.677405887105));
#2502 = CARTESIAN_POINT('',(-3.449999950693,-0.328124999333,
    0.677405890782));
#2503 = CARTESIAN_POINT('',(-3.297991365896,-0.281250002846,
    1.354812037368));
#2504 = CARTESIAN_POINT('',(-2.993967643632,-0.234374986428,
    1.992420809317));
#2505 = CARTESIAN_POINT('',(-2.550450875854,-0.187500013768,
    2.550442025209));
#2506 = CARTESIAN_POINT('',(-1.992412359411,-0.140624990593,
    2.993972923939));
#2507 = CARTESIAN_POINT('',(-1.354816673779,-9.375000053284E-02,
    3.297989913854));
#2508 = CARTESIAN_POINT('',(-0.677404683191,-4.687499932814E-02,
    3.449999950297));
#2509 = CARTESIAN_POINT('',(-1.8968326E-10,1.458831416054E-09,
    3.449999891451));
#2510 = ADVANCED_FACE('',(#2511),#2515,.T.);
#2511 = FACE_BOUND('',#2512,.T.);
#2512 = EDGE_LOOP('',(#2513,#2514));
#2513 = ORIENTED_EDGE('',*,*,#2268,.F.);
#2514 = ORIENTED_EDGE('',*,*,#2409,.T.);
#2515 = PLANE('',#2516);
#2516 = AXIS2_PLACEMENT_3D('',#2517,#2518,#2519);
#2517 = CARTESIAN_POINT('',(-7.5,1.322132281235E-14,42.204685925671));
#2518 = DIRECTION('',(1.1E-16,-1.,3.32044604925E-16));
#2519 = DIRECTION('',(1.,1.1E-16,2.2E-16));
#2520 = ( GEOMETRIC_REPRESENTATION_CONTEXT(3) 
GLOBAL_UNCERTAINTY_ASSIGNED_CONTEXT((#2524)) 
GLOBAL_UNIT_ASSIGNED_CONTEXT((#2521,#2522,#2523)) REPRESENTATION_CONTEXT
('Context #1','3D Context with UNIT and UNCERTAINTY') );
#2521 = ( LENGTH_UNIT() NAMED_UNIT(*) SI_UNIT(.MILLI.,.METRE.) );
#2522 = ( NAMED_UNIT(*) PLANE_ANGLE_UNIT() SI_UNIT($,.RADIAN.) );
#2523 = ( NAMED_UNIT(*) SI_UNIT($,.STERADIAN.) SOLID_ANGLE_UNIT() );
#2524 = UNCERTAINTY_MEASURE_WITH_UNIT(LENGTH_MEASURE(1.E-06),#2521,
  'distance_accuracy_value','confusion accuracy');
#2525 = PRODUCT_RELATED_PRODUCT_CATEGORY('part',$,(#7));
#2526 = MECHANICAL_DESIGN_GEOMETRIC_PRESENTATION_REPRESENTATION('',(
    #2527),#2520);
#2527 = STYLED_ITEM('color',(#2528),#15);
#2528 = PRESENTATION_STYLE_ASSIGNMENT((#2529,#2535));
#2529 = SURFACE_STYLE_USAGE(.BOTH.,#2530);
#2530 = SURFACE_SIDE_STYLE('',(#2531));
#2531 = SURFACE_STYLE_FILL_AREA(#2532);
#2532 = FILL_AREA_STYLE('',(#2533));
#2533 = FILL_AREA_STYLE_COLOUR('',#2534);
#2534 = COLOUR_RGB('',0.800000010877,0.800000010877,0.800000010877);
#2535 = CURVE_STYLE('',#2536,POSITIVE_LENGTH_MEASURE(0.1),#2537);
#2536 = DRAUGHTING_PRE_DEFINED_CURVE_FONT('continuous');
#2537 = COLOUR_RGB('',9.803921802644E-02,9.803921802644E-02,
  9.803921802644E-02);
ENDSEC;
END-ISO-10303-21;
