ISO-10303-21;
HEADER;

/* File generated by HOOPS Exchange Version 25.8.0 */

FILE_DESCRIPTION(('HOOPS Exchange Step'),'2;1');

FILE_NAME('/home/tfannes/prints/260616_ttmotor_holder/motor_holder_3.step',
'2026-06-16T20:57:48+02:00',
('tfannes'),
('Unknown organisation'),
'HOOPS Exchange 2025.8',
'HOOPS Exchange',
'Unknown authorisation');

FILE_SCHEMA( ('AP203_CONFIGURATION_CONTROLLED_3D_DESIGN_OF_MECHANICAL_PARTS_AND_ASSEMBLIES_MIM_LF') );

ENDSEC;

DATA;
#3=(NAMED_UNIT(*)PLANE_ANGLE_UNIT()SI_UNIT($,.RADIAN.));
#4=PLANE_ANGLE_MEASURE_WITH_UNIT(PLANE_ANGLE_MEASURE(0.0174532925),#3);
#5=(CONVERSION_BASED_UNIT('DEGREE',#4)NAMED_UNIT(#6)PLANE_ANGLE_UNIT());
#6=DIMENSIONAL_EXPONENTS(0.,0.,0.,0.,0.,0.,0.);
#7=(NAMED_UNIT(*)SI_UNIT($,.STERADIAN.)SOLID_ANGLE_UNIT());
#8=(LENGTH_UNIT()NAMED_UNIT(*)SI_UNIT(.MILLI.,.METRE.));
#9=UNCERTAINTY_MEASURE_WITH_UNIT(LENGTH_MEASURE(1.000000E-03),#8,'DISTANCE_ACCURACY_VALUE','Maximum Tolerance applied to model');
#10=(GEOMETRIC_REPRESENTATION_CONTEXT(3)GLOBAL_UNCERTAINTY_ASSIGNED_CONTEXT((#9))GLOBAL_UNIT_ASSIGNED_CONTEXT((#8,#5,#7))REPRESENTATION_CONTEXT('','root'));
#12=CARTESIAN_POINT('',(0.,0.,0.));
#13=DIRECTION('',(0.,0.,1.));
#14=DIRECTION('',(1.,0.,0.));
#15=AXIS2_PLACEMENT_3D('TS3D_PRODUCT_CSYS',#12,#13,#14);
#26=CARTESIAN_POINT('',(-2.470748524,-22.026381645,23.499997269));
#27=CARTESIAN_POINT('',(2.428770757,-22.040093091,23.499997269));
#28=B_SPLINE_CURVE_WITH_KNOTS('Line.003',1,(#26,#27),.UNSPECIFIED.,.F.,.F.,(2,2),(-0.,0.004899538),.UNSPECIFIED.);
#29=CARTESIAN_POINT('',(6.25,-6.25,0.));
#30=CARTESIAN_POINT('',(6.25,-6.25,12.5));
#31=B_SPLINE_CURVE_WITH_KNOTS('Rectangle.001',1,(#29,#30),.UNSPECIFIED.,.F.,.F.,(2,2),(0.,0.0125),.UNSPECIFIED.);
#32=CARTESIAN_POINT('',(6.25,6.25,0.));
#33=CARTESIAN_POINT('',(6.25,-6.25,0.));
#34=B_SPLINE_CURVE_WITH_KNOTS('Rectangle.001',1,(#32,#33),.UNSPECIFIED.,.F.,.F.,(2,2),(0.,0.0125),.UNSPECIFIED.);
#35=CARTESIAN_POINT('',(6.25,6.25,12.5));
#36=CARTESIAN_POINT('',(6.25,6.25,0.));
#37=B_SPLINE_CURVE_WITH_KNOTS('Rectangle.001',1,(#35,#36),.UNSPECIFIED.,.F.,.F.,(2,2),(0.,0.0125),.UNSPECIFIED.);
#38=CARTESIAN_POINT('',(6.25,-6.25,12.5));
#39=CARTESIAN_POINT('',(6.25,6.25,12.5));
#40=B_SPLINE_CURVE_WITH_KNOTS('Rectangle.001',1,(#38,#39),.UNSPECIFIED.,.F.,.F.,(2,2),(0.,0.0125),.UNSPECIFIED.);
#41=GEOMETRIC_CURVE_SET('',(#31,#34,#37,#40));
#42=CARTESIAN_POINT('',(-2.8,-19.333266737,5.379560146));
#43=CARTESIAN_POINT('',(-6.3,-19.333266737,5.379560146));
#44=B_SPLINE_CURVE_WITH_KNOTS('Line.002',1,(#42,#43),.UNSPECIFIED.,.F.,.F.,(2,2),(0.,0.0035),.UNSPECIFIED.);
#45=CARTESIAN_POINT('',(1.7,-19.333266737,5.379560146));
#46=CARTESIAN_POINT('',(-2.8,-19.333266737,5.379560146));
#47=B_SPLINE_CURVE_WITH_KNOTS('Line.001',1,(#45,#46),.UNSPECIFIED.,.F.,.F.,(2,2),(0.,0.0045),.UNSPECIFIED.);
#49=CARTESIAN_POINT('',(1.7,-19.333266737,5.379560146));
#50=CARTESIAN_POINT('',(1.7,-14.533266737,5.379560146));
#51=CARTESIAN_POINT('',(1.7,-19.333266737,-3.882772148));
#52=CARTESIAN_POINT('',(1.7,-14.533266737,-3.882772148));
#53=B_SPLINE_SURFACE_WITH_KNOTS('',1,1,((#49,#50),(#51,#52)),.UNSPECIFIED.,.F.,.F.,.U.,(2,2),(2,2),(-0.000897508,0.008364825),(-0.0048,0.),.UNSPECIFIED.);
#54=CARTESIAN_POINT('',(1.7,-17.056369047,-1.649999836));
#55=VERTEX_POINT('',#54);
#56=CARTESIAN_POINT('',(1.7,-15.406369047,0.000000164));
#57=VERTEX_POINT('',#56);
#58=CARTESIAN_POINT('',(1.7,-17.056369047,-1.649999836));
#59=CARTESIAN_POINT('',(1.7,-15.406369047,-1.649999836));
#60=CARTESIAN_POINT('',(1.7,-15.406369047,0.000000164));
#61=CARTESIAN_POINT('',(1.7,-15.406369047,1.650000164));
#62=CARTESIAN_POINT('',(1.7,-17.056369047,1.650000164));
#63=CARTESIAN_POINT('',(1.7,-18.706369047,1.650000164));
#64=CARTESIAN_POINT('',(1.7,-18.706369047,0.000000164));
#65=CARTESIAN_POINT('',(1.7,-18.706369047,-1.649999836));
#66=CARTESIAN_POINT('',(1.7,-17.056369047,-1.649999836));
#67=(BOUNDED_CURVE()
B_SPLINE_CURVE(2,(#58,#59,#60,#61,#62,#63,#64,#65,#66),.UNSPECIFIED.,.T.,.F.)
B_SPLINE_CURVE_WITH_KNOTS((3,2,2,2,3),(0.,1.570796327,3.141592654,4.71238898,6.283185307),.UNSPECIFIED.)
CURVE()
GEOMETRIC_REPRESENTATION_ITEM()
RATIONAL_B_SPLINE_CURVE((1.,0.707106781,1.,0.707106781,1.,0.707106781,1.,0.707106781,1.))
REPRESENTATION_ITEM(''));
#68=EDGE_CURVE('',#55,#57,#67,.T.);
#69=ORIENTED_EDGE('',*,*,#68,.T.);
#70=CARTESIAN_POINT('',(1.7,-17.056369047,-1.649999836));
#71=CARTESIAN_POINT('',(1.7,-15.406369047,-1.649999836));
#72=CARTESIAN_POINT('',(1.7,-15.406369047,0.000000164));
#73=CARTESIAN_POINT('',(1.7,-15.406369047,1.650000164));
#74=CARTESIAN_POINT('',(1.7,-17.056369047,1.650000164));
#75=CARTESIAN_POINT('',(1.7,-18.706369047,1.650000164));
#76=CARTESIAN_POINT('',(1.7,-18.706369047,0.000000164));
#77=CARTESIAN_POINT('',(1.7,-18.706369047,-1.649999836));
#78=CARTESIAN_POINT('',(1.7,-17.056369047,-1.649999836));
#79=(BOUNDED_CURVE()
B_SPLINE_CURVE(2,(#70,#71,#72,#73,#74,#75,#76,#77,#78),.UNSPECIFIED.,.T.,.F.)
B_SPLINE_CURVE_WITH_KNOTS((3,2,2,2,3),(0.,1.570796327,3.141592654,4.71238898,6.283185307),.UNSPECIFIED.)
CURVE()
GEOMETRIC_REPRESENTATION_ITEM()
RATIONAL_B_SPLINE_CURVE((1.,0.707106781,1.,0.707106781,1.,0.707106781,1.,0.707106781,1.))
REPRESENTATION_ITEM(''));
#80=EDGE_CURVE('',#57,#55,#79,.T.);
#81=ORIENTED_EDGE('',*,*,#80,.T.);
#82=EDGE_LOOP('',(#69,#81));
#83=FACE_BOUND('',#82,.T.);
#84=CARTESIAN_POINT('',(1.7,-19.333266737,5.379560146));
#85=VERTEX_POINT('',#84);
#86=CARTESIAN_POINT('',(1.7,-19.333266737,-3.882772148));
#87=VERTEX_POINT('',#86);
#88=CARTESIAN_POINT('',(1.7,-19.333266737,5.379560146));
#89=CARTESIAN_POINT('',(1.7,-19.333266737,-3.882772148));
#90=B_SPLINE_CURVE_WITH_KNOTS('',1,(#88,#89),.UNSPECIFIED.,.F.,.F.,(2,2),(-0.000897508,0.008364825),.UNSPECIFIED.);
#91=EDGE_CURVE('',#85,#87,#90,.T.);
#92=ORIENTED_EDGE('',*,*,#91,.F.);
#93=CARTESIAN_POINT('',(1.7,-14.533266737,5.379560146));
#94=VERTEX_POINT('',#93);
#95=CARTESIAN_POINT('',(1.7,-19.333266737,5.379560146));
#96=CARTESIAN_POINT('',(1.7,-14.533266737,5.379560146));
#97=B_SPLINE_CURVE_WITH_KNOTS('',1,(#95,#96),.UNSPECIFIED.,.F.,.F.,(2,2),(-0.0048,0.),.UNSPECIFIED.);
#98=EDGE_CURVE('',#85,#94,#97,.T.);
#99=ORIENTED_EDGE('',*,*,#98,.T.);
#100=CARTESIAN_POINT('',(1.7,-14.533266737,-3.882772148));
#101=VERTEX_POINT('',#100);
#102=CARTESIAN_POINT('',(1.7,-14.533266737,5.379560146));
#103=CARTESIAN_POINT('',(1.7,-14.533266737,-3.882772148));
#104=B_SPLINE_CURVE_WITH_KNOTS('',1,(#102,#103),.UNSPECIFIED.,.F.,.F.,(2,2),(-0.000897508,0.008364825),.UNSPECIFIED.);
#105=EDGE_CURVE('',#94,#101,#104,.T.);
#106=ORIENTED_EDGE('',*,*,#105,.T.);
#107=CARTESIAN_POINT('',(1.7,-14.533266737,-3.882772148));
#108=CARTESIAN_POINT('',(1.7,-19.333266737,-3.882772148));
#109=B_SPLINE_CURVE_WITH_KNOTS('',1,(#107,#108),.UNSPECIFIED.,.F.,.F.,(2,2),(0.,0.0048),.UNSPECIFIED.);
#110=EDGE_CURVE('',#101,#87,#109,.T.);
#111=ORIENTED_EDGE('',*,*,#110,.T.);
#112=EDGE_LOOP('',(#92,#99,#106,#111));
#113=FACE_BOUND('',#112,.T.);
#114=ADVANCED_FACE('',(#83,#113),#53,.F.);
#115=CARTESIAN_POINT('',(-12.,-14.533266737,14.125000164));
#116=CARTESIAN_POINT('',(12.,-14.533266737,14.125000164));
#117=CARTESIAN_POINT('',(-12.,-14.533266737,-3.882772148));
#118=CARTESIAN_POINT('',(12.,-14.533266737,-3.882772148));
#119=B_SPLINE_SURFACE_WITH_KNOTS('',1,1,((#115,#116),(#117,#118)),.UNSPECIFIED.,.F.,.F.,.U.,(2,2),(2,2),(-0.009642948,0.008364825),(-0.0165,0.0075),.UNSPECIFIED.);
#120=CARTESIAN_POINT('',(12.,-14.533266737,5.379560146));
#121=VERTEX_POINT('',#120);
#122=CARTESIAN_POINT('',(5.2,-14.533266737,5.379560146));
#123=VERTEX_POINT('',#122);
#124=CARTESIAN_POINT('',(12.,-14.533266737,5.379560146));
#125=CARTESIAN_POINT('',(5.2,-14.533266737,5.379560146));
#126=B_SPLINE_CURVE_WITH_KNOTS('',1,(#124,#125),.UNSPECIFIED.,.F.,.F.,(2,2),(0.000027883,0.006827883),.UNSPECIFIED.);
#127=EDGE_CURVE('',#121,#123,#126,.T.);
#128=ORIENTED_EDGE('',*,*,#127,.T.);
#129=CARTESIAN_POINT('',(5.2,-14.533266737,-3.882772148));
#130=VERTEX_POINT('',#129);
#131=CARTESIAN_POINT('',(5.2,-14.533266737,5.379560146));
#132=CARTESIAN_POINT('',(5.2,-14.533266737,-3.882772148));
#133=B_SPLINE_CURVE_WITH_KNOTS('',1,(#131,#132),.UNSPECIFIED.,.F.,.F.,(2,2),(-0.000897508,0.008364825),.UNSPECIFIED.);
#134=EDGE_CURVE('',#123,#130,#133,.T.);
#135=ORIENTED_EDGE('',*,*,#134,.T.);
#136=CARTESIAN_POINT('',(5.2,-14.533266737,-3.882772148));
#137=CARTESIAN_POINT('',(1.7,-14.533266737,-3.882772148));
#138=B_SPLINE_CURVE_WITH_KNOTS('',1,(#136,#137),.UNSPECIFIED.,.F.,.F.,(2,2),(-0.0007,0.0028),.UNSPECIFIED.);
#139=EDGE_CURVE('',#130,#101,#138,.T.);
#140=ORIENTED_EDGE('',*,*,#139,.T.);
#141=ORIENTED_EDGE('',*,*,#105,.F.);
#142=CARTESIAN_POINT('',(-2.8,-14.533266737,5.379560146));
#143=VERTEX_POINT('',#142);
#144=CARTESIAN_POINT('',(1.7,-14.533266737,5.379560146));
#145=CARTESIAN_POINT('',(-2.8,-14.533266737,5.379560146));
#146=B_SPLINE_CURVE_WITH_KNOTS('',1,(#144,#145),.UNSPECIFIED.,.F.,.F.,(2,2),(0.010327883,0.014827883),.UNSPECIFIED.);
#147=EDGE_CURVE('',#94,#143,#146,.T.);
#148=ORIENTED_EDGE('',*,*,#147,.T.);
#149=CARTESIAN_POINT('',(-2.8,-14.533266737,-3.882772148));
#150=VERTEX_POINT('',#149);
#151=CARTESIAN_POINT('',(-2.8,-14.533266737,5.379560146));
#152=CARTESIAN_POINT('',(-2.8,-14.533266737,-3.882772148));
#153=B_SPLINE_CURVE_WITH_KNOTS('',1,(#151,#152),.UNSPECIFIED.,.F.,.F.,(2,2),(-0.001411735,0.007850598),.UNSPECIFIED.);
#154=EDGE_CURVE('',#143,#150,#153,.T.);
#155=ORIENTED_EDGE('',*,*,#154,.T.);
#156=CARTESIAN_POINT('',(-6.3,-14.533266737,-3.882772148));
#157=VERTEX_POINT('',#156);
#158=CARTESIAN_POINT('',(-6.3,-14.533266737,-3.882772148));
#159=CARTESIAN_POINT('',(-2.8,-14.533266737,-3.882772148));
#160=B_SPLINE_CURVE_WITH_KNOTS('',1,(#158,#159),.UNSPECIFIED.,.F.,.F.,(2,2),(-0.0018,0.0017),.UNSPECIFIED.);
#161=EDGE_CURVE('',#157,#150,#160,.T.);
#162=ORIENTED_EDGE('',*,*,#161,.F.);
#163=CARTESIAN_POINT('',(-6.3,-14.533266737,11.000000164));
#164=VERTEX_POINT('',#163);
#165=CARTESIAN_POINT('',(-6.3,-14.533266737,11.000000164));
#166=CARTESIAN_POINT('',(-6.3,-14.533266737,-3.882772148));
#167=B_SPLINE_CURVE_WITH_KNOTS('',1,(#165,#166),.UNSPECIFIED.,.F.,.F.,(2,2),(-0.006517948,0.008364825),.UNSPECIFIED.);
#168=EDGE_CURVE('',#164,#157,#167,.T.);
#169=ORIENTED_EDGE('',*,*,#168,.F.);
#170=CARTESIAN_POINT('',(-12.,-14.533266737,11.000000164));
#171=VERTEX_POINT('',#170);
#172=CARTESIAN_POINT('',(-12.,-14.533266737,11.000000164));
#173=CARTESIAN_POINT('',(-6.3,-14.533266737,11.000000164));
#174=B_SPLINE_CURVE_WITH_KNOTS('',1,(#172,#173),.UNSPECIFIED.,.F.,.F.,(2,2),(0.,0.0057),.UNSPECIFIED.);
#175=EDGE_CURVE('',#171,#164,#174,.T.);
#176=ORIENTED_EDGE('',*,*,#175,.F.);
#177=CARTESIAN_POINT('',(-12.,-14.533266737,14.125000164));
#178=VERTEX_POINT('',#177);
#179=CARTESIAN_POINT('',(-12.,-14.533266737,14.125000164));
#180=CARTESIAN_POINT('',(-12.,-14.533266737,11.000000164));
#181=B_SPLINE_CURVE_WITH_KNOTS('',1,(#179,#180),.UNSPECIFIED.,.F.,.F.,(2,2),(-0.000625,0.0025),.UNSPECIFIED.);
#182=EDGE_CURVE('',#178,#171,#181,.T.);
#183=ORIENTED_EDGE('',*,*,#182,.F.);
#184=CARTESIAN_POINT('',(12.,-14.533266737,14.125000164));
#185=VERTEX_POINT('',#184);
#186=CARTESIAN_POINT('',(-12.,-14.533266737,14.125000164));
#187=CARTESIAN_POINT('',(12.,-14.533266737,14.125000164));
#188=B_SPLINE_CURVE_WITH_KNOTS('',1,(#186,#187),.UNSPECIFIED.,.F.,.F.,(2,2),(-0.0165,0.0075),.UNSPECIFIED.);
#189=EDGE_CURVE('',#178,#185,#188,.T.);
#190=ORIENTED_EDGE('',*,*,#189,.T.);
#191=CARTESIAN_POINT('',(12.,-14.533266737,14.125000164));
#192=CARTESIAN_POINT('',(12.,-14.533266737,5.379560146));
#193=B_SPLINE_CURVE_WITH_KNOTS('',1,(#191,#192),.UNSPECIFIED.,.F.,.F.,(2,2),(-0.003125,0.00562044),.UNSPECIFIED.);
#194=EDGE_CURVE('',#185,#121,#193,.T.);
#195=ORIENTED_EDGE('',*,*,#194,.T.);
#196=EDGE_LOOP('',(#128,#135,#140,#141,#148,#155,#162,#169,#176,#183,#190,#195));
#197=FACE_BOUND('',#196,.T.);
#198=ADVANCED_FACE('',(#197),#119,.F.);
#199=CARTESIAN_POINT('',(5.2,-19.333266737,-3.882772148));
#200=CARTESIAN_POINT('',(5.2,-14.533266737,-3.882772148));
#201=CARTESIAN_POINT('',(5.2,-19.333266737,5.379560146));
#202=CARTESIAN_POINT('',(5.2,-14.533266737,5.379560146));
#203=B_SPLINE_SURFACE_WITH_KNOTS('',1,1,((#199,#200),(#201,#202)),.UNSPECIFIED.,.F.,.F.,.U.,(2,2),(2,2),(-0.008364825,0.000897508),(0.0002,0.005),.UNSPECIFIED.);
#204=CARTESIAN_POINT('',(5.2,-17.056369047,1.650000164));
#205=VERTEX_POINT('',#204);
#206=CARTESIAN_POINT('',(5.2,-15.406369047,0.000000164));
#207=VERTEX_POINT('',#206);
#208=CARTESIAN_POINT('',(5.2,-17.056369047,1.650000164));
#209=CARTESIAN_POINT('',(5.2,-15.406369047,1.650000164));
#210=CARTESIAN_POINT('',(5.2,-15.406369047,0.000000164));
#211=CARTESIAN_POINT('',(5.2,-15.406369047,-1.649999836));
#212=CARTESIAN_POINT('',(5.2,-17.056369047,-1.649999836));
#213=CARTESIAN_POINT('',(5.2,-18.706369047,-1.649999836));
#214=CARTESIAN_POINT('',(5.2,-18.706369047,0.000000164));
#215=CARTESIAN_POINT('',(5.2,-18.706369047,1.650000164));
#216=CARTESIAN_POINT('',(5.2,-17.056369047,1.650000164));
#217=(BOUNDED_CURVE()
B_SPLINE_CURVE(2,(#208,#209,#210,#211,#212,#213,#214,#215,#216),.UNSPECIFIED.,.T.,.F.)
B_SPLINE_CURVE_WITH_KNOTS((3,2,2,2,3),(0.,1.570796327,3.141592654,4.71238898,6.283185307),.UNSPECIFIED.)
CURVE()
GEOMETRIC_REPRESENTATION_ITEM()
RATIONAL_B_SPLINE_CURVE((1.,0.707106781,1.,0.707106781,1.,0.707106781,1.,0.707106781,1.))
REPRESENTATION_ITEM(''));
#218=EDGE_CURVE('',#205,#207,#217,.T.);
#219=ORIENTED_EDGE('',*,*,#218,.T.);
#220=CARTESIAN_POINT('',(5.2,-17.056369047,1.650000164));
#221=CARTESIAN_POINT('',(5.2,-15.406369047,1.650000164));
#222=CARTESIAN_POINT('',(5.2,-15.406369047,0.000000164));
#223=CARTESIAN_POINT('',(5.2,-15.406369047,-1.649999836));
#224=CARTESIAN_POINT('',(5.2,-17.056369047,-1.649999836));
#225=CARTESIAN_POINT('',(5.2,-18.706369047,-1.649999836));
#226=CARTESIAN_POINT('',(5.2,-18.706369047,0.000000164));
#227=CARTESIAN_POINT('',(5.2,-18.706369047,1.650000164));
#228=CARTESIAN_POINT('',(5.2,-17.056369047,1.650000164));
#229=(BOUNDED_CURVE()
B_SPLINE_CURVE(2,(#220,#221,#222,#223,#224,#225,#226,#227,#228),.UNSPECIFIED.,.T.,.F.)
B_SPLINE_CURVE_WITH_KNOTS((3,2,2,2,3),(0.,1.570796327,3.141592654,4.71238898,6.283185307),.UNSPECIFIED.)
CURVE()
GEOMETRIC_REPRESENTATION_ITEM()
RATIONAL_B_SPLINE_CURVE((1.,0.707106781,1.,0.707106781,1.,0.707106781,1.,0.707106781,1.))
REPRESENTATION_ITEM(''));
#230=EDGE_CURVE('',#207,#205,#229,.T.);
#231=ORIENTED_EDGE('',*,*,#230,.T.);
#232=EDGE_LOOP('',(#219,#231));
#233=FACE_BOUND('',#232,.T.);
#234=ORIENTED_EDGE('',*,*,#134,.F.);
#235=CARTESIAN_POINT('',(5.2,-19.333266737,5.379560146));
#236=VERTEX_POINT('',#235);
#237=CARTESIAN_POINT('',(5.2,-14.533266737,5.379560146));
#238=CARTESIAN_POINT('',(5.2,-19.333266737,5.379560146));
#239=B_SPLINE_CURVE_WITH_KNOTS('',1,(#237,#238),.UNSPECIFIED.,.F.,.F.,(2,2),(-0.005,-0.0002),.UNSPECIFIED.);
#240=EDGE_CURVE('',#123,#236,#239,.T.);
#241=ORIENTED_EDGE('',*,*,#240,.T.);
#242=CARTESIAN_POINT('',(5.2,-19.333266737,-3.882772148));
#243=VERTEX_POINT('',#242);
#244=CARTESIAN_POINT('',(5.2,-19.333266737,5.379560146));
#245=CARTESIAN_POINT('',(5.2,-19.333266737,-3.882772148));
#246=B_SPLINE_CURVE_WITH_KNOTS('',1,(#244,#245),.UNSPECIFIED.,.F.,.F.,(2,2),(-0.000897508,0.008364825),.UNSPECIFIED.);
#247=EDGE_CURVE('',#236,#243,#246,.T.);
#248=ORIENTED_EDGE('',*,*,#247,.T.);
#249=CARTESIAN_POINT('',(5.2,-19.333266737,-3.882772148));
#250=CARTESIAN_POINT('',(5.2,-14.533266737,-3.882772148));
#251=B_SPLINE_CURVE_WITH_KNOTS('',1,(#249,#250),.UNSPECIFIED.,.F.,.F.,(2,2),(-0.0023,0.0025),.UNSPECIFIED.);
#252=EDGE_CURVE('',#243,#130,#251,.T.);
#253=ORIENTED_EDGE('',*,*,#252,.T.);
#254=EDGE_LOOP('',(#234,#241,#248,#253));
#255=FACE_BOUND('',#254,.T.);
#256=ADVANCED_FACE('',(#233,#255),#203,.F.);
#257=CARTESIAN_POINT('',(-6.3,-19.333266737,-3.882772148));
#258=CARTESIAN_POINT('',(9.7,-19.333266737,-3.882772148));
#259=CARTESIAN_POINT('',(-6.3,-19.333266737,11.000000164));
#260=CARTESIAN_POINT('',(9.7,-19.333266737,11.000000164));
#261=B_SPLINE_SURFACE_WITH_KNOTS('',1,1,((#257,#258),(#259,#260)),.UNSPECIFIED.,.F.,.F.,.U.,(2,2),(2,2),(-0.008364825,0.006517948),(-0.0078,0.0082),.UNSPECIFIED.);
#262=CARTESIAN_POINT('',(-6.3,-19.333266737,11.000000164));
#263=VERTEX_POINT('',#262);
#264=CARTESIAN_POINT('',(-5.96680417,-19.333266737,11.000000164));
#265=VERTEX_POINT('',#264);
#266=CARTESIAN_POINT('',(-6.3,-19.333266737,11.000000164));
#267=CARTESIAN_POINT('',(-5.96680417,-19.333266737,11.000000164));
#268=B_SPLINE_CURVE_WITH_KNOTS('',1,(#266,#267),.UNSPECIFIED.,.F.,.F.,(2,2),(-0.0033,-0.002966804),.UNSPECIFIED.);
#269=EDGE_CURVE('',#263,#265,#268,.T.);
#270=ORIENTED_EDGE('',*,*,#269,.F.);
#271=CARTESIAN_POINT('',(-6.3,-19.333266737,-3.882772148));
#272=VERTEX_POINT('',#271);
#273=CARTESIAN_POINT('',(-6.3,-19.333266737,11.000000164));
#274=CARTESIAN_POINT('',(-6.3,-19.333266737,-3.882772148));
#275=B_SPLINE_CURVE_WITH_KNOTS('',1,(#273,#274),.UNSPECIFIED.,.F.,.F.,(2,2),(-0.007032175,0.007850598),.UNSPECIFIED.);
#276=EDGE_CURVE('',#263,#272,#275,.T.);
#277=ORIENTED_EDGE('',*,*,#276,.T.);
#278=CARTESIAN_POINT('',(-2.8,-19.333266737,-3.882772148));
#279=VERTEX_POINT('',#278);
#280=CARTESIAN_POINT('',(-2.8,-19.333266737,-3.882772148));
#281=CARTESIAN_POINT('',(-6.3,-19.333266737,-3.882772148));
#282=B_SPLINE_CURVE_WITH_KNOTS('',1,(#280,#281),.UNSPECIFIED.,.F.,.F.,(2,2),(0.0013,0.0048),.UNSPECIFIED.);
#283=EDGE_CURVE('',#279,#272,#282,.T.);
#284=ORIENTED_EDGE('',*,*,#283,.F.);
#285=CARTESIAN_POINT('',(-2.8,-19.333266737,5.379560146));
#286=VERTEX_POINT('',#285);
#287=CARTESIAN_POINT('',(-2.8,-19.333266737,5.379560146));
#288=CARTESIAN_POINT('',(-2.8,-19.333266737,-3.882772148));
#289=B_SPLINE_CURVE_WITH_KNOTS('',1,(#287,#288),.UNSPECIFIED.,.F.,.F.,(2,2),(-0.000897508,0.008364825),.UNSPECIFIED.);
#290=EDGE_CURVE('',#286,#279,#289,.T.);
#291=ORIENTED_EDGE('',*,*,#290,.F.);
#292=CARTESIAN_POINT('',(-2.8,-19.333266737,5.379560146));
#293=CARTESIAN_POINT('',(1.7,-19.333266737,5.379560146));
#294=B_SPLINE_CURVE_WITH_KNOTS('',1,(#292,#293),.UNSPECIFIED.,.F.,.F.,(2,2),(-0.011407263,-0.006907263),.UNSPECIFIED.);
#295=EDGE_CURVE('',#286,#85,#294,.T.);
#296=ORIENTED_EDGE('',*,*,#295,.T.);
#297=ORIENTED_EDGE('',*,*,#91,.T.);
#298=CARTESIAN_POINT('',(1.7,-19.333266737,-3.882772148));
#299=CARTESIAN_POINT('',(5.2,-19.333266737,-3.882772148));
#300=B_SPLINE_CURVE_WITH_KNOTS('',1,(#298,#299),.UNSPECIFIED.,.F.,.F.,(2,2),(0.0002,0.0037),.UNSPECIFIED.);
#301=EDGE_CURVE('',#87,#243,#300,.T.);
#302=ORIENTED_EDGE('',*,*,#301,.T.);
#303=ORIENTED_EDGE('',*,*,#247,.F.);
#304=CARTESIAN_POINT('',(9.7,-19.333266737,5.379560146));
#305=VERTEX_POINT('',#304);
#306=CARTESIAN_POINT('',(5.2,-19.333266737,5.379560146));
#307=CARTESIAN_POINT('',(9.7,-19.333266737,5.379560146));
#308=B_SPLINE_CURVE_WITH_KNOTS('',1,(#306,#307),.UNSPECIFIED.,.F.,.F.,(2,2),(-0.003407263,0.001092737),.UNSPECIFIED.);
#309=EDGE_CURVE('',#236,#305,#308,.T.);
#310=ORIENTED_EDGE('',*,*,#309,.T.);
#311=CARTESIAN_POINT('',(9.7,-19.333266737,11.000000164));
#312=VERTEX_POINT('',#311);
#313=CARTESIAN_POINT('',(9.7,-19.333266737,5.379560146));
#314=CARTESIAN_POINT('',(9.7,-19.333266737,11.000000164));
#315=B_SPLINE_CURVE_WITH_KNOTS('',1,(#313,#314),.UNSPECIFIED.,.F.,.F.,(2,2),(0.00537956,0.011),.UNSPECIFIED.);
#316=EDGE_CURVE('',#305,#312,#315,.T.);
#317=ORIENTED_EDGE('',*,*,#316,.T.);
#318=CARTESIAN_POINT('',(6.53319583,-19.333266737,11.000000164));
#319=VERTEX_POINT('',#318);
#320=CARTESIAN_POINT('',(6.53319583,-19.333266737,11.000000164));
#321=CARTESIAN_POINT('',(9.7,-19.333266737,11.000000164));
#322=B_SPLINE_CURVE_WITH_KNOTS('',1,(#320,#321),.UNSPECIFIED.,.F.,.F.,(2,2),(0.009533196,0.0127),.UNSPECIFIED.);
#323=EDGE_CURVE('',#319,#312,#322,.T.);
#324=ORIENTED_EDGE('',*,*,#323,.F.);
#325=CARTESIAN_POINT('',(5.425116086,-19.33326727,11.000000166));
#326=VERTEX_POINT('',#325);
#327=CARTESIAN_POINT('',(5.42511594,-19.333266737,11.000000164));
#328=CARTESIAN_POINT('',(6.53319583,-19.333266737,11.000000164));
#329=B_SPLINE_CURVE_WITH_KNOTS('',1,(#327,#328),.UNSPECIFIED.,.F.,.F.,(2,2),(0.008425116,0.009533196),.UNSPECIFIED.);
#330=EDGE_CURVE('',#326,#319,#329,.T.);
#331=ORIENTED_EDGE('',*,*,#330,.F.);
#332=CARTESIAN_POINT('',(-5.96680417,-19.333266737,11.000000164));
#333=CARTESIAN_POINT('',(5.42511594,-19.333266737,11.000000164));
#334=B_SPLINE_CURVE_WITH_KNOTS('',1,(#332,#333),.UNSPECIFIED.,.F.,.F.,(2,2),(-0.002966804,0.008425116),.UNSPECIFIED.);
#335=EDGE_CURVE('',#265,#326,#334,.T.);
#336=ORIENTED_EDGE('',*,*,#335,.F.);
#337=EDGE_LOOP('',(#270,#277,#284,#291,#296,#297,#302,#303,#310,#317,#324,#331,#336));
#338=FACE_BOUND('',#337,.T.);
#339=ADVANCED_FACE('',(#338),#261,.F.);
#340=CARTESIAN_POINT('',(5.2,-19.333266737,-3.882772148));
#341=CARTESIAN_POINT('',(5.2,-14.533266737,-3.882772148));
#342=CARTESIAN_POINT('',(1.7,-19.333266737,-3.882772148));
#343=CARTESIAN_POINT('',(1.7,-14.533266737,-3.882772148));
#344=B_SPLINE_SURFACE_WITH_KNOTS('',1,1,((#340,#341),(#342,#343)),.UNSPECIFIED.,.F.,.F.,.U.,(2,2),(2,2),(-0.0082,-0.0047),(-0.0023,0.0025),.UNSPECIFIED.);
#345=ORIENTED_EDGE('',*,*,#110,.F.);
#346=ORIENTED_EDGE('',*,*,#139,.F.);
#347=ORIENTED_EDGE('',*,*,#252,.F.);
#348=ORIENTED_EDGE('',*,*,#301,.F.);
#349=EDGE_LOOP('',(#345,#346,#347,#348));
#350=FACE_BOUND('',#349,.T.);
#351=ADVANCED_FACE('',(#350),#344,.T.);
#352=CARTESIAN_POINT('',(1.7,-19.333266737,5.379560146));
#353=CARTESIAN_POINT('',(1.7,-14.533266737,5.379560146));
#354=CARTESIAN_POINT('',(-2.8,-19.333266737,5.379560146));
#355=CARTESIAN_POINT('',(-2.8,-14.533266737,5.379560146));
#356=B_SPLINE_SURFACE_WITH_KNOTS('',1,1,((#352,#353),(#354,#355)),.UNSPECIFIED.,.F.,.F.,.U.,(2,2),(2,2),(0.010327883,0.014827883),(0.0002,0.005),.UNSPECIFIED.);
#357=ORIENTED_EDGE('',*,*,#98,.F.);
#358=ORIENTED_EDGE('',*,*,#295,.F.);
#359=CARTESIAN_POINT('',(-2.8,-14.533266737,5.379560146));
#360=CARTESIAN_POINT('',(-2.8,-19.333266737,5.379560146));
#361=B_SPLINE_CURVE_WITH_KNOTS('',1,(#359,#360),.UNSPECIFIED.,.F.,.F.,(2,2),(-0.005,-0.0002),.UNSPECIFIED.);
#362=EDGE_CURVE('',#143,#286,#361,.T.);
#363=ORIENTED_EDGE('',*,*,#362,.F.);
#364=ORIENTED_EDGE('',*,*,#147,.F.);
#365=EDGE_LOOP('',(#357,#358,#363,#364));
#366=FACE_BOUND('',#365,.T.);
#367=ADVANCED_FACE('',(#366),#356,.T.);
#368=CARTESIAN_POINT('',(12.,-41.143621059,5.379560146));
#369=CARTESIAN_POINT('',(12.,-14.533266737,5.379560146));
#370=CARTESIAN_POINT('',(5.2,-41.143621059,5.379560146));
#371=CARTESIAN_POINT('',(5.2,-14.533266737,5.379560146));
#372=B_SPLINE_SURFACE_WITH_KNOTS('',1,1,((#368,#369),(#370,#371)),.UNSPECIFIED.,.F.,.F.,.U.,(2,2),(2,2),(0.000027883,0.006827883),(-0.021610354,0.005),.UNSPECIFIED.);
#373=ORIENTED_EDGE('',*,*,#240,.F.);
#374=ORIENTED_EDGE('',*,*,#127,.F.);
#375=CARTESIAN_POINT('',(12.,-41.143621059,5.379560146));
#376=VERTEX_POINT('',#375);
#377=CARTESIAN_POINT('',(12.,-14.533266737,5.379560146));
#378=CARTESIAN_POINT('',(12.,-41.143621059,5.379560146));
#379=B_SPLINE_CURVE_WITH_KNOTS('',1,(#377,#378),.UNSPECIFIED.,.F.,.F.,(2,2),(-0.005,0.021610354),.UNSPECIFIED.);
#380=EDGE_CURVE('',#121,#376,#379,.T.);
#381=ORIENTED_EDGE('',*,*,#380,.T.);
#382=CARTESIAN_POINT('',(9.7,-41.143621059,5.379560146));
#383=VERTEX_POINT('',#382);
#384=CARTESIAN_POINT('',(12.,-41.143621059,5.379560146));
#385=CARTESIAN_POINT('',(9.7,-41.143621059,5.379560146));
#386=B_SPLINE_CURVE_WITH_KNOTS('',1,(#384,#385),.UNSPECIFIED.,.F.,.F.,(2,2),(0.000027883,0.002327883),.UNSPECIFIED.);
#387=EDGE_CURVE('',#376,#383,#386,.T.);
#388=ORIENTED_EDGE('',*,*,#387,.T.);
#389=CARTESIAN_POINT('',(9.7,-19.333266737,5.379560146));
#390=CARTESIAN_POINT('',(9.7,-41.143621059,5.379560146));
#391=B_SPLINE_CURVE_WITH_KNOTS('',1,(#389,#390),.UNSPECIFIED.,.F.,.F.,(2,2),(-0.0002,0.021610354),.UNSPECIFIED.);
#392=EDGE_CURVE('',#305,#383,#391,.T.);
#393=ORIENTED_EDGE('',*,*,#392,.F.);
#394=ORIENTED_EDGE('',*,*,#309,.F.);
#395=EDGE_LOOP('',(#373,#374,#381,#388,#393,#394));
#396=FACE_BOUND('',#395,.T.);
#397=ADVANCED_FACE('',(#396),#372,.T.);
#398=CARTESIAN_POINT('',(9.7,-56.533266737,11.000000164));
#399=CARTESIAN_POINT('',(9.7,-19.333266737,11.000000164));
#400=CARTESIAN_POINT('',(9.7,-56.533266737,-10.999999836));
#401=CARTESIAN_POINT('',(9.7,-19.333266737,-10.999999836));
#402=B_SPLINE_SURFACE_WITH_KNOTS('',1,1,((#398,#399),(#400,#401)),.UNSPECIFIED.,.F.,.F.,.U.,(2,2),(2,2),(-0.011,0.011),(-0.004718101,0.032481899),.UNSPECIFIED.);
#403=CARTESIAN_POINT('',(9.7,-51.033266678,6.850000164));
#404=VERTEX_POINT('',#403);
#405=CARTESIAN_POINT('',(9.7,-49.383266678,8.500000164));
#406=VERTEX_POINT('',#405);
#407=CARTESIAN_POINT('',(9.7,-51.033266678,6.850000164));
#408=CARTESIAN_POINT('',(9.7,-49.383266678,6.850000164));
#409=CARTESIAN_POINT('',(9.7,-49.383266678,8.500000164));
#410=CARTESIAN_POINT('',(9.7,-49.383266678,10.150000164));
#411=CARTESIAN_POINT('',(9.7,-51.033266678,10.150000164));
#412=CARTESIAN_POINT('',(9.7,-52.683266678,10.150000164));
#413=CARTESIAN_POINT('',(9.7,-52.683266678,8.500000164));
#414=CARTESIAN_POINT('',(9.7,-52.683266678,6.850000164));
#415=CARTESIAN_POINT('',(9.7,-51.033266678,6.850000164));
#416=(BOUNDED_CURVE()
B_SPLINE_CURVE(2,(#407,#408,#409,#410,#411,#412,#413,#414,#415),.UNSPECIFIED.,.T.,.F.)
B_SPLINE_CURVE_WITH_KNOTS((3,2,2,2,3),(0.,1.570796327,3.141592654,4.71238898,6.283185307),.UNSPECIFIED.)
CURVE()
GEOMETRIC_REPRESENTATION_ITEM()
RATIONAL_B_SPLINE_CURVE((1.,0.707106781,1.,0.707106781,1.,0.707106781,1.,0.707106781,1.))
REPRESENTATION_ITEM(''));
#417=EDGE_CURVE('',#404,#406,#416,.T.);
#418=ORIENTED_EDGE('',*,*,#417,.T.);
#419=CARTESIAN_POINT('',(9.7,-51.033266678,6.850000164));
#420=CARTESIAN_POINT('',(9.7,-49.383266678,6.850000164));
#421=CARTESIAN_POINT('',(9.7,-49.383266678,8.500000164));
#422=CARTESIAN_POINT('',(9.7,-49.383266678,10.150000164));
#423=CARTESIAN_POINT('',(9.7,-51.033266678,10.150000164));
#424=CARTESIAN_POINT('',(9.7,-52.683266678,10.150000164));
#425=CARTESIAN_POINT('',(9.7,-52.683266678,8.500000164));
#426=CARTESIAN_POINT('',(9.7,-52.683266678,6.850000164));
#427=CARTESIAN_POINT('',(9.7,-51.033266678,6.850000164));
#428=(BOUNDED_CURVE()
B_SPLINE_CURVE(2,(#419,#420,#421,#422,#423,#424,#425,#426,#427),.UNSPECIFIED.,.T.,.F.)
B_SPLINE_CURVE_WITH_KNOTS((3,2,2,2,3),(0.,1.570796327,3.141592654,4.71238898,6.283185307),.UNSPECIFIED.)
CURVE()
GEOMETRIC_REPRESENTATION_ITEM()
RATIONAL_B_SPLINE_CURVE((1.,0.707106781,1.,0.707106781,1.,0.707106781,1.,0.707106781,1.))
REPRESENTATION_ITEM(''));
#429=EDGE_CURVE('',#406,#404,#428,.T.);
#430=ORIENTED_EDGE('',*,*,#429,.T.);
#431=EDGE_LOOP('',(#418,#430));
#432=FACE_BOUND('',#431,.T.);
#433=CARTESIAN_POINT('',(9.7,-51.033266655,-10.150000127));
#434=VERTEX_POINT('',#433);
#435=CARTESIAN_POINT('',(9.7,-49.383266655,-8.500000127));
#436=VERTEX_POINT('',#435);
#437=CARTESIAN_POINT('',(9.7,-51.033266655,-10.150000127));
#438=CARTESIAN_POINT('',(9.7,-49.383266655,-10.150000127));
#439=CARTESIAN_POINT('',(9.7,-49.383266655,-8.500000127));
#440=CARTESIAN_POINT('',(9.7,-49.383266655,-6.850000127));
#441=CARTESIAN_POINT('',(9.7,-51.033266655,-6.850000127));
#442=CARTESIAN_POINT('',(9.7,-52.683266655,-6.850000127));
#443=CARTESIAN_POINT('',(9.7,-52.683266655,-8.500000127));
#444=CARTESIAN_POINT('',(9.7,-52.683266655,-10.150000127));
#445=CARTESIAN_POINT('',(9.7,-51.033266655,-10.150000127));
#446=(BOUNDED_CURVE()
B_SPLINE_CURVE(2,(#437,#438,#439,#440,#441,#442,#443,#444,#445),.UNSPECIFIED.,.T.,.F.)
B_SPLINE_CURVE_WITH_KNOTS((3,2,2,2,3),(0.,1.570796327,3.141592654,4.71238898,6.283185307),.UNSPECIFIED.)
CURVE()
GEOMETRIC_REPRESENTATION_ITEM()
RATIONAL_B_SPLINE_CURVE((1.,0.707106781,1.,0.707106781,1.,0.707106781,1.,0.707106781,1.))
REPRESENTATION_ITEM(''));
#447=EDGE_CURVE('',#434,#436,#446,.T.);
#448=ORIENTED_EDGE('',*,*,#447,.T.);
#449=CARTESIAN_POINT('',(9.7,-51.033266655,-10.150000127));
#450=CARTESIAN_POINT('',(9.7,-49.383266655,-10.150000127));
#451=CARTESIAN_POINT('',(9.7,-49.383266655,-8.500000127));
#452=CARTESIAN_POINT('',(9.7,-49.383266655,-6.850000127));
#453=CARTESIAN_POINT('',(9.7,-51.033266655,-6.850000127));
#454=CARTESIAN_POINT('',(9.7,-52.683266655,-6.850000127));
#455=CARTESIAN_POINT('',(9.7,-52.683266655,-8.500000127));
#456=CARTESIAN_POINT('',(9.7,-52.683266655,-10.150000127));
#457=CARTESIAN_POINT('',(9.7,-51.033266655,-10.150000127));
#458=(BOUNDED_CURVE()
B_SPLINE_CURVE(2,(#449,#450,#451,#452,#453,#454,#455,#456,#457),.UNSPECIFIED.,.T.,.F.)
B_SPLINE_CURVE_WITH_KNOTS((3,2,2,2,3),(0.,1.570796327,3.141592654,4.71238898,6.283185307),.UNSPECIFIED.)
CURVE()
GEOMETRIC_REPRESENTATION_ITEM()
RATIONAL_B_SPLINE_CURVE((1.,0.707106781,1.,0.707106781,1.,0.707106781,1.,0.707106781,1.))
REPRESENTATION_ITEM(''));
#459=EDGE_CURVE('',#436,#434,#458,.T.);
#460=ORIENTED_EDGE('',*,*,#459,.T.);
#461=EDGE_LOOP('',(#448,#460));
#462=FACE_BOUND('',#461,.T.);
#463=ORIENTED_EDGE('',*,*,#316,.F.);
#464=ORIENTED_EDGE('',*,*,#392,.T.);
#465=CARTESIAN_POINT('',(9.7,-41.143621059,5.36112433));
#466=VERTEX_POINT('',#465);
#467=CARTESIAN_POINT('',(9.7,-41.143621059,5.379560146));
#468=CARTESIAN_POINT('',(9.7,-41.143621059,5.36112433));
#469=B_SPLINE_CURVE_WITH_KNOTS('',1,(#467,#468),.UNSPECIFIED.,.F.,.F.,(2,2),(-0.00537956,-0.005361124),.UNSPECIFIED.);
#470=EDGE_CURVE('',#383,#466,#469,.T.);
#471=ORIENTED_EDGE('',*,*,#470,.T.);
#472=CARTESIAN_POINT('',(9.7,-45.496061043,-3.699091065));
#473=VERTEX_POINT('',#472);
#474=CARTESIAN_POINT('',(9.7,-41.143621059,5.36112433));
#475=CARTESIAN_POINT('',(9.7,-44.835113893,5.668460946));
#476=CARTESIAN_POINT('',(9.7,-46.43912341,2.329489756));
#477=CARTESIAN_POINT('',(9.7,-48.043132926,-1.009481435));
#478=CARTESIAN_POINT('',(9.7,-45.496061043,-3.699091065));
#479=(BOUNDED_CURVE()
B_SPLINE_CURVE(2,(#474,#475,#476,#477,#478),.UNSPECIFIED.,.F.,.F.)
B_SPLINE_CURVE_WITH_KNOTS((3,2,3),(3.058528844,4.264551804,5.470574765),.UNSPECIFIED.)
CURVE()
GEOMETRIC_REPRESENTATION_ITEM()
RATIONAL_B_SPLINE_CURVE((1.,0.823631465,1.,0.823631465,1.))
REPRESENTATION_ITEM(''));
#480=EDGE_CURVE('',#466,#473,#479,.T.);
#481=ORIENTED_EDGE('',*,*,#480,.T.);
#482=CARTESIAN_POINT('',(9.7,-45.496061043,-10.999999836));
#483=VERTEX_POINT('',#482);
#484=CARTESIAN_POINT('',(9.7,-45.496061043,-10.999999836));
#485=CARTESIAN_POINT('',(9.7,-45.496061043,-3.699091065));
#486=B_SPLINE_CURVE_WITH_KNOTS('',1,(#484,#485),.UNSPECIFIED.,.F.,.F.,(2,2),(0.,0.007300909),.UNSPECIFIED.);
#487=EDGE_CURVE('',#483,#473,#486,.T.);
#488=ORIENTED_EDGE('',*,*,#487,.F.);
#489=CARTESIAN_POINT('',(9.7,-56.533266737,-10.999999836));
#490=VERTEX_POINT('',#489);
#491=CARTESIAN_POINT('',(9.7,-56.533266737,-10.999999836));
#492=CARTESIAN_POINT('',(9.7,-45.496061043,-10.999999836));
#493=B_SPLINE_CURVE_WITH_KNOTS('',1,(#491,#492),.UNSPECIFIED.,.F.,.F.,(2,2),(0.,0.011037206),.UNSPECIFIED.);
#494=EDGE_CURVE('',#490,#483,#493,.T.);
#495=ORIENTED_EDGE('',*,*,#494,.F.);
#496=CARTESIAN_POINT('',(9.7,-56.533266737,11.000000164));
#497=VERTEX_POINT('',#496);
#498=CARTESIAN_POINT('',(9.7,-56.533266737,11.000000164));
#499=CARTESIAN_POINT('',(9.7,-56.533266737,-10.999999836));
#500=B_SPLINE_CURVE_WITH_KNOTS('',1,(#498,#499),.UNSPECIFIED.,.F.,.F.,(2,2),(0.,0.022),.UNSPECIFIED.);
#501=EDGE_CURVE('',#497,#490,#500,.T.);
#502=ORIENTED_EDGE('',*,*,#501,.F.);
#503=CARTESIAN_POINT('',(9.7,-56.533266737,11.000000164));
#504=CARTESIAN_POINT('',(9.7,-19.333266737,11.000000164));
#505=B_SPLINE_CURVE_WITH_KNOTS('',1,(#503,#504),.UNSPECIFIED.,.F.,.F.,(2,2),(0.,0.0372),.UNSPECIFIED.);
#506=EDGE_CURVE('',#497,#312,#505,.T.);
#507=ORIENTED_EDGE('',*,*,#506,.T.);
#508=EDGE_LOOP('',(#463,#464,#471,#481,#488,#495,#502,#507));
#509=FACE_BOUND('',#508,.T.);
#510=ADVANCED_FACE('',(#432,#462,#509),#402,.F.);
#511=CARTESIAN_POINT('',(9.7,-41.143621058,5.36112433));
#512=CARTESIAN_POINT('',(12.,-41.143621058,5.36112433));
#513=CARTESIAN_POINT('',(9.7,-42.821599794,5.500825077));
#514=CARTESIAN_POINT('',(12.,-42.821599794,5.500825077));
#515=CARTESIAN_POINT('',(9.7,-44.27979961,4.658933021));
#516=CARTESIAN_POINT('',(12.,-44.27979961,4.658933021));
#517=CARTESIAN_POINT('',(9.7,-50.183356979,1.250512585));
#518=CARTESIAN_POINT('',(12.,-50.183356979,1.250512585));
#519=CARTESIAN_POINT('',(9.7,-45.496061043,-3.699091065));
#520=CARTESIAN_POINT('',(12.,-45.496061043,-3.699091065));
#521=(BOUNDED_SURFACE()
B_SPLINE_SURFACE(2,1,((#511,#512),(#513,#514),(#515,#516),(#517,#518),(#519,#520)),.UNSPECIFIED.,.F.,.F.,.U.)
B_SPLINE_SURFACE_WITH_KNOTS((3,2,3),(2,2),(1.453307767,2.094395102,3.864140095),(0.039681265,0.041981265),.UNSPECIFIED.)
GEOMETRIC_REPRESENTATION_ITEM()
RATIONAL_B_SPLINE_SURFACE(((0.787598507,0.787598507),(0.846951673,0.846951673),(1.,1.),(0.577504505,0.577504505),(0.869018784,0.869018784)))
REPRESENTATION_ITEM('')
SURFACE()
);
#522=ORIENTED_EDGE('',*,*,#480,.F.);
#523=CARTESIAN_POINT('',(12.,-41.143621059,5.36112433));
#524=VERTEX_POINT('',#523);
#525=CARTESIAN_POINT('',(12.,-41.143621059,5.36112433));
#526=CARTESIAN_POINT('',(9.7,-41.143621059,5.36112433));
#527=B_SPLINE_CURVE_WITH_KNOTS('',1,(#525,#526),.UNSPECIFIED.,.F.,.F.,(2,2),(0.024585853,0.026885853),.UNSPECIFIED.);
#528=EDGE_CURVE('',#524,#466,#527,.T.);
#529=ORIENTED_EDGE('',*,*,#528,.F.);
#530=CARTESIAN_POINT('',(12.,-45.496061043,-3.699091065));
#531=VERTEX_POINT('',#530);
#532=CARTESIAN_POINT('',(12.,-41.143621059,5.36112433));
#533=CARTESIAN_POINT('',(12.,-44.835113893,5.668460946));
#534=CARTESIAN_POINT('',(12.,-46.43912341,2.329489756));
#535=CARTESIAN_POINT('',(12.,-48.043132926,-1.009481435));
#536=CARTESIAN_POINT('',(12.,-45.496061043,-3.699091065));
#537=(BOUNDED_CURVE()
B_SPLINE_CURVE(2,(#532,#533,#534,#535,#536),.UNSPECIFIED.,.F.,.F.)
B_SPLINE_CURVE_WITH_KNOTS((3,2,3),(3.058528844,4.264551804,5.470574765),.UNSPECIFIED.)
CURVE()
GEOMETRIC_REPRESENTATION_ITEM()
RATIONAL_B_SPLINE_CURVE((1.,0.823631465,1.,0.823631465,1.))
REPRESENTATION_ITEM(''));
#538=EDGE_CURVE('',#524,#531,#537,.T.);
#539=ORIENTED_EDGE('',*,*,#538,.T.);
#540=CARTESIAN_POINT('',(9.7,-45.496061043,-3.699091065));
#541=CARTESIAN_POINT('',(12.,-45.496061043,-3.699091065));
#542=B_SPLINE_CURVE_WITH_KNOTS('',1,(#540,#541),.UNSPECIFIED.,.F.,.F.,(2,2),(0.039681265,0.041981265),.UNSPECIFIED.);
#543=EDGE_CURVE('',#473,#531,#542,.T.);
#544=ORIENTED_EDGE('',*,*,#543,.F.);
#545=EDGE_LOOP('',(#522,#529,#539,#544));
#546=FACE_BOUND('',#545,.T.);
#547=ADVANCED_FACE('',(#546),#521,.F.);
#548=CARTESIAN_POINT('',(9.7,-45.496061043,-3.699091065));
#549=CARTESIAN_POINT('',(12.,-45.496061043,-3.699091065));
#550=CARTESIAN_POINT('',(9.7,-45.496061043,-10.999999836));
#551=CARTESIAN_POINT('',(12.,-45.496061043,-10.999999836));
#552=B_SPLINE_SURFACE_WITH_KNOTS('',1,1,((#548,#549),(#550,#551)),.UNSPECIFIED.,.F.,.F.,.U.,(2,2),(2,2),(-0.007300909,0.),(-0.002327883,-0.000027883),.UNSPECIFIED.);
#553=CARTESIAN_POINT('',(12.,-45.496061043,-10.999999836));
#554=VERTEX_POINT('',#553);
#555=CARTESIAN_POINT('',(12.,-45.496061043,-10.999999836));
#556=CARTESIAN_POINT('',(9.7,-45.496061043,-10.999999836));
#557=B_SPLINE_CURVE_WITH_KNOTS('',1,(#555,#556),.UNSPECIFIED.,.F.,.F.,(2,2),(0.000027883,0.002327883),.UNSPECIFIED.);
#558=EDGE_CURVE('',#554,#483,#557,.T.);
#559=ORIENTED_EDGE('',*,*,#558,.T.);
#560=ORIENTED_EDGE('',*,*,#487,.T.);
#561=ORIENTED_EDGE('',*,*,#543,.T.);
#562=CARTESIAN_POINT('',(12.,-45.496061043,-10.999999836));
#563=CARTESIAN_POINT('',(12.,-45.496061043,-3.699091065));
#564=B_SPLINE_CURVE_WITH_KNOTS('',1,(#562,#563),.UNSPECIFIED.,.F.,.F.,(2,2),(0.,0.007300909),.UNSPECIFIED.);
#565=EDGE_CURVE('',#554,#531,#564,.T.);
#566=ORIENTED_EDGE('',*,*,#565,.F.);
#567=EDGE_LOOP('',(#559,#560,#561,#566));
#568=FACE_BOUND('',#567,.T.);
#569=ADVANCED_FACE('',(#568),#552,.F.);
#570=CARTESIAN_POINT('',(12.,-90.563953582,14.125000164));
#571=CARTESIAN_POINT('',(12.,-14.533266737,14.125000164));
#572=CARTESIAN_POINT('',(12.,-90.563953582,-10.999999836));
#573=CARTESIAN_POINT('',(12.,-14.533266737,-10.999999836));
#574=B_SPLINE_SURFACE_WITH_KNOTS('',1,1,((#570,#571),(#572,#573)),.UNSPECIFIED.,.F.,.F.,.U.,(2,2),(2,2),(-0.014125,0.011),(-0.038748788,0.037281899),.UNSPECIFIED.);
#575=CARTESIAN_POINT('',(12.,-49.383266678,8.500000164));
#576=VERTEX_POINT('',#575);
#577=CARTESIAN_POINT('',(12.,-51.033266678,6.850000164));
#578=VERTEX_POINT('',#577);
#579=CARTESIAN_POINT('',(12.,-51.033266678,6.850000164));
#580=CARTESIAN_POINT('',(12.,-49.383266678,6.850000164));
#581=CARTESIAN_POINT('',(12.,-49.383266678,8.500000164));
#582=CARTESIAN_POINT('',(12.,-49.383266678,10.150000164));
#583=CARTESIAN_POINT('',(12.,-51.033266678,10.150000164));
#584=CARTESIAN_POINT('',(12.,-52.683266678,10.150000164));
#585=CARTESIAN_POINT('',(12.,-52.683266678,8.500000164));
#586=CARTESIAN_POINT('',(12.,-52.683266678,6.850000164));
#587=CARTESIAN_POINT('',(12.,-51.033266678,6.850000164));
#588=(BOUNDED_CURVE()
B_SPLINE_CURVE(2,(#579,#580,#581,#582,#583,#584,#585,#586,#587),.UNSPECIFIED.,.T.,.F.)
B_SPLINE_CURVE_WITH_KNOTS((3,2,2,2,3),(0.,1.570796327,3.141592654,4.71238898,6.283185307),.UNSPECIFIED.)
CURVE()
GEOMETRIC_REPRESENTATION_ITEM()
RATIONAL_B_SPLINE_CURVE((1.,0.707106781,1.,0.707106781,1.,0.707106781,1.,0.707106781,1.))
REPRESENTATION_ITEM(''));
#589=EDGE_CURVE('',#576,#578,#588,.T.);
#590=ORIENTED_EDGE('',*,*,#589,.F.);
#591=CARTESIAN_POINT('',(12.,-51.033266678,6.850000164));
#592=CARTESIAN_POINT('',(12.,-49.383266678,6.850000164));
#593=CARTESIAN_POINT('',(12.,-49.383266678,8.500000164));
#594=CARTESIAN_POINT('',(12.,-49.383266678,10.150000164));
#595=CARTESIAN_POINT('',(12.,-51.033266678,10.150000164));
#596=CARTESIAN_POINT('',(12.,-52.683266678,10.150000164));
#597=CARTESIAN_POINT('',(12.,-52.683266678,8.500000164));
#598=CARTESIAN_POINT('',(12.,-52.683266678,6.850000164));
#599=CARTESIAN_POINT('',(12.,-51.033266678,6.850000164));
#600=(BOUNDED_CURVE()
B_SPLINE_CURVE(2,(#591,#592,#593,#594,#595,#596,#597,#598,#599),.UNSPECIFIED.,.T.,.F.)
B_SPLINE_CURVE_WITH_KNOTS((3,2,2,2,3),(0.,1.570796327,3.141592654,4.71238898,6.283185307),.UNSPECIFIED.)
CURVE()
GEOMETRIC_REPRESENTATION_ITEM()
RATIONAL_B_SPLINE_CURVE((1.,0.707106781,1.,0.707106781,1.,0.707106781,1.,0.707106781,1.))
REPRESENTATION_ITEM(''));
#601=EDGE_CURVE('',#578,#576,#600,.T.);
#602=ORIENTED_EDGE('',*,*,#601,.F.);
#603=EDGE_LOOP('',(#590,#602));
#604=FACE_BOUND('',#603,.T.);
#605=CARTESIAN_POINT('',(12.,-49.383266655,-8.500000127));
#606=VERTEX_POINT('',#605);
#607=CARTESIAN_POINT('',(12.,-51.033266655,-10.150000127));
#608=VERTEX_POINT('',#607);
#609=CARTESIAN_POINT('',(12.,-51.033266655,-10.150000127));
#610=CARTESIAN_POINT('',(12.,-49.383266655,-10.150000127));
#611=CARTESIAN_POINT('',(12.,-49.383266655,-8.500000127));
#612=CARTESIAN_POINT('',(12.,-49.383266655,-6.850000127));
#613=CARTESIAN_POINT('',(12.,-51.033266655,-6.850000127));
#614=CARTESIAN_POINT('',(12.,-52.683266655,-6.850000127));
#615=CARTESIAN_POINT('',(12.,-52.683266655,-8.500000127));
#616=CARTESIAN_POINT('',(12.,-52.683266655,-10.150000127));
#617=CARTESIAN_POINT('',(12.,-51.033266655,-10.150000127));
#618=(BOUNDED_CURVE()
B_SPLINE_CURVE(2,(#609,#610,#611,#612,#613,#614,#615,#616,#617),.UNSPECIFIED.,.T.,.F.)
B_SPLINE_CURVE_WITH_KNOTS((3,2,2,2,3),(0.,1.570796327,3.141592654,4.71238898,6.283185307),.UNSPECIFIED.)
CURVE()
GEOMETRIC_REPRESENTATION_ITEM()
RATIONAL_B_SPLINE_CURVE((1.,0.707106781,1.,0.707106781,1.,0.707106781,1.,0.707106781,1.))
REPRESENTATION_ITEM(''));
#619=EDGE_CURVE('',#606,#608,#618,.T.);
#620=ORIENTED_EDGE('',*,*,#619,.F.);
#621=CARTESIAN_POINT('',(12.,-51.033266655,-10.150000127));
#622=CARTESIAN_POINT('',(12.,-49.383266655,-10.150000127));
#623=CARTESIAN_POINT('',(12.,-49.383266655,-8.500000127));
#624=CARTESIAN_POINT('',(12.,-49.383266655,-6.850000127));
#625=CARTESIAN_POINT('',(12.,-51.033266655,-6.850000127));
#626=CARTESIAN_POINT('',(12.,-52.683266655,-6.850000127));
#627=CARTESIAN_POINT('',(12.,-52.683266655,-8.500000127));
#628=CARTESIAN_POINT('',(12.,-52.683266655,-10.150000127));
#629=CARTESIAN_POINT('',(12.,-51.033266655,-10.150000127));
#630=(BOUNDED_CURVE()
B_SPLINE_CURVE(2,(#621,#622,#623,#624,#625,#626,#627,#628,#629),.UNSPECIFIED.,.T.,.F.)
B_SPLINE_CURVE_WITH_KNOTS((3,2,2,2,3),(0.,1.570796327,3.141592654,4.71238898,6.283185307),.UNSPECIFIED.)
CURVE()
GEOMETRIC_REPRESENTATION_ITEM()
RATIONAL_B_SPLINE_CURVE((1.,0.707106781,1.,0.707106781,1.,0.707106781,1.,0.707106781,1.))
REPRESENTATION_ITEM(''));
#631=EDGE_CURVE('',#608,#606,#630,.T.);
#632=ORIENTED_EDGE('',*,*,#631,.F.);
#633=EDGE_LOOP('',(#620,#632));
#634=FACE_BOUND('',#633,.T.);
#635=ORIENTED_EDGE('',*,*,#538,.F.);
#636=CARTESIAN_POINT('',(12.,-41.143621059,5.379560146));
#637=CARTESIAN_POINT('',(12.,-41.143621059,5.36112433));
#638=B_SPLINE_CURVE_WITH_KNOTS('',1,(#636,#637),.UNSPECIFIED.,.F.,.F.,(2,2),(0.00166534,0.001683776),.UNSPECIFIED.);
#639=EDGE_CURVE('',#376,#524,#638,.T.);
#640=ORIENTED_EDGE('',*,*,#639,.F.);
#641=ORIENTED_EDGE('',*,*,#380,.F.);
#642=ORIENTED_EDGE('',*,*,#194,.F.);
#643=CARTESIAN_POINT('',(12.,-90.563953582,14.125000164));
#644=VERTEX_POINT('',#643);
#645=CARTESIAN_POINT('',(12.,-14.533266737,14.125000164));
#646=CARTESIAN_POINT('',(12.,-90.563953582,14.125000164));
#647=B_SPLINE_CURVE_WITH_KNOTS('',1,(#645,#646),.UNSPECIFIED.,.F.,.F.,(2,2),(-0.0235,0.052530687),.UNSPECIFIED.);
#648=EDGE_CURVE('',#185,#644,#647,.T.);
#649=ORIENTED_EDGE('',*,*,#648,.T.);
#650=CARTESIAN_POINT('',(12.,-90.563953582,11.000000164));
#651=VERTEX_POINT('',#650);
#652=CARTESIAN_POINT('',(12.,-90.563953582,14.125000164));
#653=CARTESIAN_POINT('',(12.,-90.563953582,11.000000164));
#654=B_SPLINE_CURVE_WITH_KNOTS('',1,(#652,#653),.UNSPECIFIED.,.F.,.F.,(2,2),(-0.014125,-0.011),.UNSPECIFIED.);
#655=EDGE_CURVE('',#644,#651,#654,.T.);
#656=ORIENTED_EDGE('',*,*,#655,.T.);
#657=CARTESIAN_POINT('',(12.,-56.533266737,11.000000164));
#658=VERTEX_POINT('',#657);
#659=CARTESIAN_POINT('',(12.,-56.533266737,11.000000164));
#660=CARTESIAN_POINT('',(12.,-90.563953582,11.000000164));
#661=B_SPLINE_CURVE_WITH_KNOTS('',1,(#659,#660),.UNSPECIFIED.,.F.,.F.,(2,2),(0.042,0.076030687),.UNSPECIFIED.);
#662=EDGE_CURVE('',#658,#651,#661,.T.);
#663=ORIENTED_EDGE('',*,*,#662,.F.);
#664=CARTESIAN_POINT('',(12.,-56.533266737,-10.999999836));
#665=VERTEX_POINT('',#664);
#666=CARTESIAN_POINT('',(12.,-56.533266737,11.000000164));
#667=CARTESIAN_POINT('',(12.,-56.533266737,-10.999999836));
#668=B_SPLINE_CURVE_WITH_KNOTS('',1,(#666,#667),.UNSPECIFIED.,.F.,.F.,(2,2),(0.,0.022),.UNSPECIFIED.);
#669=EDGE_CURVE('',#658,#665,#668,.T.);
#670=ORIENTED_EDGE('',*,*,#669,.T.);
#671=CARTESIAN_POINT('',(12.,-56.533266737,-10.999999836));
#672=CARTESIAN_POINT('',(12.,-45.496061043,-10.999999836));
#673=B_SPLINE_CURVE_WITH_KNOTS('',1,(#671,#672),.UNSPECIFIED.,.F.,.F.,(2,2),(0.,0.011037206),.UNSPECIFIED.);
#674=EDGE_CURVE('',#665,#554,#673,.T.);
#675=ORIENTED_EDGE('',*,*,#674,.T.);
#676=ORIENTED_EDGE('',*,*,#565,.T.);
#677=EDGE_LOOP('',(#635,#640,#641,#642,#649,#656,#663,#670,#675,#676));
#678=FACE_BOUND('',#677,.T.);
#679=ADVANCED_FACE('',(#604,#634,#678),#574,.T.);
#680=CARTESIAN_POINT('',(9.7,-56.533266737,-10.999999836));
#681=CARTESIAN_POINT('',(12.,-56.533266737,-10.999999836));
#682=CARTESIAN_POINT('',(9.7,-56.533266737,11.000000164));
#683=CARTESIAN_POINT('',(12.,-56.533266737,11.000000164));
#684=B_SPLINE_SURFACE_WITH_KNOTS('',1,1,((#680,#681),(#682,#683)),.UNSPECIFIED.,.F.,.F.,.U.,(2,2),(2,2),(-0.022,0.),(-0.002327883,-0.000027883),.UNSPECIFIED.);
#685=ORIENTED_EDGE('',*,*,#501,.T.);
#686=CARTESIAN_POINT('',(12.,-56.533266737,-10.999999836));
#687=CARTESIAN_POINT('',(9.7,-56.533266737,-10.999999836));
#688=B_SPLINE_CURVE_WITH_KNOTS('',1,(#686,#687),.UNSPECIFIED.,.F.,.F.,(2,2),(0.000027883,0.002327883),.UNSPECIFIED.);
#689=EDGE_CURVE('',#665,#490,#688,.T.);
#690=ORIENTED_EDGE('',*,*,#689,.F.);
#691=ORIENTED_EDGE('',*,*,#669,.F.);
#692=CARTESIAN_POINT('',(12.,-56.533266737,11.000000164));
#693=CARTESIAN_POINT('',(9.7,-56.533266737,11.000000164));
#694=B_SPLINE_CURVE_WITH_KNOTS('',1,(#692,#693),.UNSPECIFIED.,.F.,.F.,(2,2),(0.000027883,0.002327883),.UNSPECIFIED.);
#695=EDGE_CURVE('',#658,#497,#694,.T.);
#696=ORIENTED_EDGE('',*,*,#695,.T.);
#697=EDGE_LOOP('',(#685,#690,#691,#696));
#698=FACE_BOUND('',#697,.T.);
#699=ADVANCED_FACE('',(#698),#684,.F.);
#700=CARTESIAN_POINT('',(9.7,-45.496061043,-10.999999836));
#701=CARTESIAN_POINT('',(12.,-45.496061043,-10.999999836));
#702=CARTESIAN_POINT('',(9.7,-56.533266737,-10.999999836));
#703=CARTESIAN_POINT('',(12.,-56.533266737,-10.999999836));
#704=B_SPLINE_SURFACE_WITH_KNOTS('',1,1,((#700,#701),(#702,#703)),.UNSPECIFIED.,.F.,.F.,.U.,(2,2),(2,2),(-0.011037206,0.),(-0.002327883,-0.000027883),.UNSPECIFIED.);
#705=ORIENTED_EDGE('',*,*,#689,.T.);
#706=ORIENTED_EDGE('',*,*,#494,.T.);
#707=ORIENTED_EDGE('',*,*,#558,.F.);
#708=ORIENTED_EDGE('',*,*,#674,.F.);
#709=EDGE_LOOP('',(#705,#706,#707,#708));
#710=FACE_BOUND('',#709,.T.);
#711=ADVANCED_FACE('',(#710),#704,.F.);
#712=CARTESIAN_POINT('',(9.7,-41.143621059,5.379560146));
#713=CARTESIAN_POINT('',(12.,-41.143621059,5.379560146));
#714=CARTESIAN_POINT('',(9.7,-41.143621059,5.36112433));
#715=CARTESIAN_POINT('',(12.,-41.143621059,5.36112433));
#716=B_SPLINE_SURFACE_WITH_KNOTS('',1,1,((#712,#713),(#714,#715)),.UNSPECIFIED.,.F.,.F.,.U.,(2,2),(2,2),(0.00166534,0.001683776),(-0.001529798,0.000770202),.UNSPECIFIED.);
#717=ORIENTED_EDGE('',*,*,#639,.T.);
#718=ORIENTED_EDGE('',*,*,#528,.T.);
#719=ORIENTED_EDGE('',*,*,#470,.F.);
#720=ORIENTED_EDGE('',*,*,#387,.F.);
#721=EDGE_LOOP('',(#717,#718,#719,#720));
#722=FACE_BOUND('',#721,.T.);
#723=ADVANCED_FACE('',(#722),#716,.F.);
#724=CARTESIAN_POINT('',(12.,-90.563953582,11.000000164));
#725=CARTESIAN_POINT('',(12.,-14.533266737,11.000000164));
#726=CARTESIAN_POINT('',(-12.,-90.563953582,11.000000164));
#727=CARTESIAN_POINT('',(-12.,-14.533266737,11.000000164));
#728=B_SPLINE_SURFACE_WITH_KNOTS('',1,1,((#724,#725),(#726,#727)),.UNSPECIFIED.,.F.,.F.,.U.,(2,2),(2,2),(-0.012,0.012),(-0.052530687,0.0235),.UNSPECIFIED.);
#729=CARTESIAN_POINT('',(4.489924632,-62.818245373,10.999990692));
#730=VERTEX_POINT('',#729);
#731=CARTESIAN_POINT('',(7.642011015,-57.358758074,11.000006756));
#732=VERTEX_POINT('',#731);
#733=CARTESIAN_POINT('',(4.490094865,-62.818196346,11.000000164));
#734=CARTESIAN_POINT('',(4.359264409,-62.722506555,11.000000164));
#735=CARTESIAN_POINT('',(4.242361516,-62.621062037,11.000000164));
#736=CARTESIAN_POINT('',(4.122692569,-62.517217228,11.000000164));
#737=CARTESIAN_POINT('',(4.012787559,-62.403552413,11.000000164));
#738=CARTESIAN_POINT('',(3.793148442,-62.176399531,11.000000164));
#739=CARTESIAN_POINT('',(3.614690686,-61.913431307,11.000000164));
#740=CARTESIAN_POINT('',(3.436361974,-61.650653238,11.000000164));
#741=CARTESIAN_POINT('',(3.306613072,-61.363149875,11.000000164));
#742=CARTESIAN_POINT('',(3.17536102,-61.072315768,11.000000164));
#743=CARTESIAN_POINT('',(3.099391832,-60.7685527,11.000000164));
#744=CARTESIAN_POINT('',(3.022951507,-60.462905788,11.000000164));
#745=CARTESIAN_POINT('',(3.003914463,-60.147197281,11.000000164));
#746=CARTESIAN_POINT('',(2.984906634,-59.831973296,11.000000164));
#747=CARTESIAN_POINT('',(3.023734955,-59.519906228,11.000000164));
#748=CARTESIAN_POINT('',(3.062885615,-59.205248487,11.000000164));
#749=CARTESIAN_POINT('',(3.15901469,-58.908289692,11.000000164));
#750=CARTESIAN_POINT('',(3.255814199,-58.609259819,11.000000164));
#751=CARTESIAN_POINT('',(3.408988265,-58.335308005,11.000000164));
#752=CARTESIAN_POINT('',(3.48534545,-58.198743179,11.000000164));
#753=CARTESIAN_POINT('',(3.574637786,-58.070339542,11.000000164));
#754=CARTESIAN_POINT('',(3.664032279,-57.941789003,11.000000164));
#755=CARTESIAN_POINT('',(3.765196317,-57.823125813,11.000000164));
#756=CARTESIAN_POINT('',(3.866850961,-57.703887154,11.000000164));
#757=CARTESIAN_POINT('',(3.97901456,-57.596235033,11.000000164));
#758=CARTESIAN_POINT('',(4.092102416,-57.487695832,11.000000164));
#759=CARTESIAN_POINT('',(4.214355195,-57.392382872,11.000000164));
#760=CARTESIAN_POINT('',(4.460760594,-57.200275764,11.000000164));
#761=CARTESIAN_POINT('',(4.741439891,-57.06471796,11.000000164));
#762=CARTESIAN_POINT('',(4.881336016,-56.997153264,11.000000164));
#763=CARTESIAN_POINT('',(5.027435833,-56.944766122,11.000000164));
#764=CARTESIAN_POINT('',(5.173764965,-56.892296754,11.000000164));
#765=CARTESIAN_POINT('',(5.324059665,-56.855854485,11.000000164));
#766=CARTESIAN_POINT('',(5.47520981,-56.819204794,11.000000164));
#767=CARTESIAN_POINT('',(5.628009719,-56.799330366,11.000000164));
#768=CARTESIAN_POINT('',(5.782249079,-56.77926871,11.000000164));
#769=CARTESIAN_POINT('',(5.935783476,-56.776603181,11.000000164));
#770=CARTESIAN_POINT('',(6.090043482,-56.773925055,11.000000164));
#771=CARTESIAN_POINT('',(6.243621,-56.788947844,11.000000164));
#772=CARTESIAN_POINT('',(6.396894618,-56.803940905,11.000000164));
#773=CARTESIAN_POINT('',(6.547487876,-56.836298405,11.000000164));
#774=CARTESIAN_POINT('',(6.698124304,-56.868665181,11.000000164));
#775=CARTESIAN_POINT('',(6.843392792,-56.917821222,11.000000164));
#776=CARTESIAN_POINT('',(6.989384101,-56.967221851,11.000000164));
#777=CARTESIAN_POINT('',(7.127305783,-57.032674871,11.000000164));
#778=CARTESIAN_POINT('',(7.266525029,-57.098743672,11.000000164));
#779=CARTESIAN_POINT('',(7.395005735,-57.179966082,11.000000164));
#780=CARTESIAN_POINT('',(7.526056165,-57.262813009,11.000000164));
#781=CARTESIAN_POINT('',(7.642046872,-57.358687203,11.000000164));
#782=B_SPLINE_CURVE_WITH_KNOTS('',2,(#733,#734,#735,#736,#737,#738,#739,#740,#741,#742,#743,#744,#745,#746,#747,#748,#749,#750,#751,#752,#753,#754,#755,#756,#757,#758,
#759,#760,#761,#762,#763,#764,#765,#766,#767,#768,#769,#770,#771,#772,#773,#774,#775,#776,#777,#778,#779,#780,#781),.UNSPECIFIED.,.F.,.F.,(3,2,2,2,2,2,2,2,2,2,2,2,2,2,2,2,2,2,2,2,2,2,2,2,3),(0.,0.03125,0.0625,0.125,0.1875,0.25,0.3125,0.375,0.4375,0.5,0.53125,0.5625,0.59375,0.625,0.6875,0.71875,0.75,0.78125,0.8125,0.84375,0.875,0.90625,0.9375,0.96875,1.),.UNSPECIFIED.);
#783=EDGE_CURVE('',#730,#732,#782,.T.);
#784=ORIENTED_EDGE('',*,*,#783,.F.);
#785=CARTESIAN_POINT('',(7.642004689,-57.35880046,11.000000164));
#786=CARTESIAN_POINT('',(7.789492905,-57.413740746,11.000000164));
#787=CARTESIAN_POINT('',(7.928735273,-57.487110038,11.000000164));
#788=CARTESIAN_POINT('',(8.064871773,-57.558842791,11.000000164));
#789=CARTESIAN_POINT('',(8.194092124,-57.649142961,11.000000164));
#790=CARTESIAN_POINT('',(8.32107896,-57.737882334,11.000000164));
#791=CARTESIAN_POINT('',(8.438864144,-57.8432645,11.000000164));
#792=CARTESIAN_POINT('',(8.555107135,-57.947266871,11.000000164));
#793=CARTESIAN_POINT('',(8.659956452,-58.065814981,11.000000164));
#794=CARTESIAN_POINT('',(8.762675211,-58.181954171,11.000000164));
#795=CARTESIAN_POINT('',(8.852289094,-58.310162599,11.000000164));
#796=CARTESIAN_POINT('',(8.941700784,-58.438081755,11.000000164));
#797=CARTESIAN_POINT('',(9.016130113,-58.575894824,11.000000164));
#798=CARTESIAN_POINT('',(9.090146892,-58.712944017,11.000000164));
#799=CARTESIAN_POINT('',(9.149049074,-58.860284232,11.000000164));
#800=CARTESIAN_POINT('',(9.206363792,-59.003653502,11.000000164));
#801=CARTESIAN_POINT('',(9.248335295,-59.15503101,11.000000164));
#802=CARTESIAN_POINT('',(9.289729698,-59.304327106,11.000000164));
#803=CARTESIAN_POINT('',(9.315271739,-59.459349112,11.000000164));
#804=CARTESIAN_POINT('',(9.340705806,-59.613715795,11.000000164));
#805=CARTESIAN_POINT('',(9.349696584,-59.771489451,11.000000164));
#806=CARTESIAN_POINT('',(9.358532548,-59.926546362,11.000000164));
#807=CARTESIAN_POINT('',(9.351016895,-60.082653758,11.000000164));
#808=CARTESIAN_POINT('',(9.343562828,-60.237481956,11.000000164));
#809=CARTESIAN_POINT('',(9.319719104,-60.39162842,11.000000164));
#810=CARTESIAN_POINT('',(9.29595943,-60.545231516,11.000000164));
#811=CARTESIAN_POINT('',(9.255681725,-60.698345792,11.000000164));
#812=CARTESIAN_POINT('',(9.216162679,-60.848576048,11.000000164));
#813=CARTESIAN_POINT('',(9.160947514,-60.996344377,11.000000164));
#814=CARTESIAN_POINT('',(9.106832684,-61.141167958,11.000000164));
#815=CARTESIAN_POINT('',(9.038023449,-61.281709174,11.000000164));
#816=CARTESIAN_POINT('',(8.969687325,-61.421284069,11.000000164));
#817=CARTESIAN_POINT('',(8.887461608,-61.554687607,11.000000164));
#818=CARTESIAN_POINT('',(8.805208321,-61.688135876,11.000000164));
#819=CARTESIAN_POINT('',(8.709851385,-61.813513518,11.000000164));
#820=CARTESIAN_POINT('',(8.615811732,-61.937159165,11.000000164));
#821=CARTESIAN_POINT('',(8.509655146,-62.051548564,11.000000164));
#822=CARTESIAN_POINT('',(8.404959041,-62.164364216,11.000000164));
#823=CARTESIAN_POINT('',(8.287894128,-62.268501144,11.000000164));
#824=CARTESIAN_POINT('',(8.172005472,-62.371591714,11.000000164));
#825=CARTESIAN_POINT('',(8.045044675,-62.464836951,11.000000164));
#826=CARTESIAN_POINT('',(7.919431618,-62.557092353,11.000000164));
#827=CARTESIAN_POINT('',(7.784193781,-62.638447854,11.000000164));
#828=CARTESIAN_POINT('',(7.651578786,-62.718225522,11.000000164));
#829=CARTESIAN_POINT('',(7.51100775,-62.786399363,11.000000164));
#830=CARTESIAN_POINT('',(7.371635566,-62.853991788,11.000000164));
#831=CARTESIAN_POINT('',(7.225841384,-62.909176905,11.000000164));
#832=CARTESIAN_POINT('',(7.079677376,-62.964502006,11.000000164));
#833=CARTESIAN_POINT('',(6.928550735,-63.006478006,11.000000164));
#834=CARTESIAN_POINT('',(6.778791539,-63.048074192,11.000000164));
#835=CARTESIAN_POINT('',(6.623554242,-63.07632046,11.000000164));
#836=CARTESIAN_POINT('',(6.471911583,-63.103912665,11.000000164));
#837=CARTESIAN_POINT('',(6.315986011,-63.118335855,11.000000164));
#838=CARTESIAN_POINT('',(6.162337064,-63.132548456,11.000000164));
#839=CARTESIAN_POINT('',(6.005943393,-63.133563809,11.000000164));
#840=CARTESIAN_POINT('',(5.850302111,-63.134574278,11.000000164));
#841=CARTESIAN_POINT('',(5.693447111,-63.12222864,11.000000164));
#842=CARTESIAN_POINT('',(5.537994181,-63.109993355,11.000000164));
#843=CARTESIAN_POINT('',(5.382873763,-63.084484587,11.000000164));
#844=CARTESIAN_POINT('',(5.229909364,-63.059330365,11.000000164));
#845=CARTESIAN_POINT('',(5.078755812,-63.021238551,11.000000164));
#846=CARTESIAN_POINT('',(4.776152457,-62.944980267,11.000000164));
#847=CARTESIAN_POINT('',(4.489876248,-62.818290489,11.000000164));
#848=B_SPLINE_CURVE_WITH_KNOTS('',2,(#785,#786,#787,#788,#789,#790,#791,#792,#793,#794,#795,#796,#797,#798,#799,#800,#801,#802,#803,#804,#805,#806,#807,#808,#809,#810,
#811,#812,#813,#814,#815,#816,#817,#818,#819,#820,#821,#822,#823,#824,#825,#826,#827,#828,#829,#830,#831,#832,#833,#834,#835,
#836,#837,#838,#839,#840,#841,#842,#843,#844,#845,#846,#847),.UNSPECIFIED.,.F.,.F.,(3,2,2,2,2,2,2,2,2,2,2,2,2,2,2,2,2,2,2,2,2,2,2,2,2,2,
2,2,2,2,2,3),(0.,0.03125,0.0625,0.09375,0.125,0.15625,0.1875,0.21875,0.25,0.28125,0.3125,0.34375,0.375,0.40625,0.4375,0.46875,0.5,0.53125,0.5625,0.59375,0.625,0.65625,0.6875,0.71875,0.75,0.78125,
0.8125,0.84375,0.875,0.90625,0.9375,1.),.UNSPECIFIED.);
#849=EDGE_CURVE('',#732,#730,#848,.T.);
#850=ORIENTED_EDGE('',*,*,#849,.F.);
#851=EDGE_LOOP('',(#784,#850));
#852=FACE_BOUND('',#851,.T.);
#853=CARTESIAN_POINT('',(4.489924632,-50.318245373,10.999990692));
#854=VERTEX_POINT('',#853);
#855=CARTESIAN_POINT('',(7.642011015,-44.858758074,11.000006756));
#856=VERTEX_POINT('',#855);
#857=CARTESIAN_POINT('',(4.490094865,-50.318196346,11.000000164));
#858=CARTESIAN_POINT('',(4.359264409,-50.222506555,11.000000164));
#859=CARTESIAN_POINT('',(4.242361516,-50.121062037,11.000000164));
#860=CARTESIAN_POINT('',(4.122692569,-50.017217228,11.000000164));
#861=CARTESIAN_POINT('',(4.012787559,-49.903552413,11.000000164));
#862=CARTESIAN_POINT('',(3.793148442,-49.676399531,11.000000164));
#863=CARTESIAN_POINT('',(3.614690686,-49.413431307,11.000000164));
#864=CARTESIAN_POINT('',(3.436361974,-49.150653238,11.000000164));
#865=CARTESIAN_POINT('',(3.306613072,-48.863149875,11.000000164));
#866=CARTESIAN_POINT('',(3.17536102,-48.572315768,11.000000164));
#867=CARTESIAN_POINT('',(3.099391832,-48.2685527,11.000000164));
#868=CARTESIAN_POINT('',(3.022951507,-47.962905788,11.000000164));
#869=CARTESIAN_POINT('',(3.003914463,-47.647197281,11.000000164));
#870=CARTESIAN_POINT('',(2.984906634,-47.331973296,11.000000164));
#871=CARTESIAN_POINT('',(3.023734955,-47.019906228,11.000000164));
#872=CARTESIAN_POINT('',(3.062885615,-46.705248487,11.000000164));
#873=CARTESIAN_POINT('',(3.15901469,-46.408289692,11.000000164));
#874=CARTESIAN_POINT('',(3.255814199,-46.109259819,11.000000164));
#875=CARTESIAN_POINT('',(3.408988265,-45.835308005,11.000000164));
#876=CARTESIAN_POINT('',(3.48534545,-45.698743179,11.000000164));
#877=CARTESIAN_POINT('',(3.574637786,-45.570339542,11.000000164));
#878=CARTESIAN_POINT('',(3.664032279,-45.441789003,11.000000164));
#879=CARTESIAN_POINT('',(3.765196317,-45.323125813,11.000000164));
#880=CARTESIAN_POINT('',(3.866850961,-45.203887154,11.000000164));
#881=CARTESIAN_POINT('',(3.97901456,-45.096235033,11.000000164));
#882=CARTESIAN_POINT('',(4.092102416,-44.987695832,11.000000164));
#883=CARTESIAN_POINT('',(4.214355195,-44.892382872,11.000000164));
#884=CARTESIAN_POINT('',(4.460760594,-44.700275764,11.000000164));
#885=CARTESIAN_POINT('',(4.741439891,-44.56471796,11.000000164));
#886=CARTESIAN_POINT('',(4.881336016,-44.497153264,11.000000164));
#887=CARTESIAN_POINT('',(5.027435833,-44.444766122,11.000000164));
#888=CARTESIAN_POINT('',(5.173764965,-44.392296754,11.000000164));
#889=CARTESIAN_POINT('',(5.324059665,-44.355854485,11.000000164));
#890=CARTESIAN_POINT('',(5.47520981,-44.319204794,11.000000164));
#891=CARTESIAN_POINT('',(5.628009719,-44.299330366,11.000000164));
#892=CARTESIAN_POINT('',(5.782249079,-44.27926871,11.000000164));
#893=CARTESIAN_POINT('',(5.935783476,-44.276603181,11.000000164));
#894=CARTESIAN_POINT('',(6.090043482,-44.273925055,11.000000164));
#895=CARTESIAN_POINT('',(6.243621,-44.288947844,11.000000164));
#896=CARTESIAN_POINT('',(6.396894618,-44.303940905,11.000000164));
#897=CARTESIAN_POINT('',(6.547487876,-44.336298405,11.000000164));
#898=CARTESIAN_POINT('',(6.698124304,-44.368665181,11.000000164));
#899=CARTESIAN_POINT('',(6.843392792,-44.417821222,11.000000164));
#900=CARTESIAN_POINT('',(6.989384101,-44.467221851,11.000000164));
#901=CARTESIAN_POINT('',(7.127305783,-44.532674871,11.000000164));
#902=CARTESIAN_POINT('',(7.266525029,-44.598743672,11.000000164));
#903=CARTESIAN_POINT('',(7.395005735,-44.679966082,11.000000164));
#904=CARTESIAN_POINT('',(7.526056165,-44.762813009,11.000000164));
#905=CARTESIAN_POINT('',(7.642046872,-44.858687203,11.000000164));
#906=B_SPLINE_CURVE_WITH_KNOTS('',2,(#857,#858,#859,#860,#861,#862,#863,#864,#865,#866,#867,#868,#869,#870,#871,#872,#873,#874,#875,#876,#877,#878,#879,#880,#881,#882,
#883,#884,#885,#886,#887,#888,#889,#890,#891,#892,#893,#894,#895,#896,#897,#898,#899,#900,#901,#902,#903,#904,#905),.UNSPECIFIED.,.F.,.F.,(3,2,2,2,2,2,2,2,2,2,2,2,2,2,2,2,2,2,2,2,2,2,2,2,3),(0.,0.03125,0.0625,0.125,0.1875,0.25,0.3125,0.375,0.4375,0.5,0.53125,0.5625,0.59375,0.625,0.6875,0.71875,0.75,0.78125,0.8125,0.84375,0.875,0.90625,0.9375,0.96875,1.),.UNSPECIFIED.);
#907=EDGE_CURVE('',#854,#856,#906,.T.);
#908=ORIENTED_EDGE('',*,*,#907,.F.);
#909=CARTESIAN_POINT('',(7.642004689,-44.85880046,11.000000164));
#910=CARTESIAN_POINT('',(7.789492905,-44.913740746,11.000000164));
#911=CARTESIAN_POINT('',(7.928735273,-44.987110038,11.000000164));
#912=CARTESIAN_POINT('',(8.064871773,-45.058842791,11.000000164));
#913=CARTESIAN_POINT('',(8.194092124,-45.149142961,11.000000164));
#914=CARTESIAN_POINT('',(8.32107896,-45.237882334,11.000000164));
#915=CARTESIAN_POINT('',(8.438864144,-45.3432645,11.000000164));
#916=CARTESIAN_POINT('',(8.555107135,-45.447266871,11.000000164));
#917=CARTESIAN_POINT('',(8.659956452,-45.565814981,11.000000164));
#918=CARTESIAN_POINT('',(8.762675211,-45.681954171,11.000000164));
#919=CARTESIAN_POINT('',(8.852289094,-45.810162599,11.000000164));
#920=CARTESIAN_POINT('',(8.941700784,-45.938081755,11.000000164));
#921=CARTESIAN_POINT('',(9.016130113,-46.075894824,11.000000164));
#922=CARTESIAN_POINT('',(9.090146892,-46.212944017,11.000000164));
#923=CARTESIAN_POINT('',(9.149049074,-46.360284232,11.000000164));
#924=CARTESIAN_POINT('',(9.206363792,-46.503653502,11.000000164));
#925=CARTESIAN_POINT('',(9.248335295,-46.65503101,11.000000164));
#926=CARTESIAN_POINT('',(9.289729698,-46.804327106,11.000000164));
#927=CARTESIAN_POINT('',(9.315271739,-46.959349112,11.000000164));
#928=CARTESIAN_POINT('',(9.340705806,-47.113715795,11.000000164));
#929=CARTESIAN_POINT('',(9.349696584,-47.271489451,11.000000164));
#930=CARTESIAN_POINT('',(9.358532548,-47.426546362,11.000000164));
#931=CARTESIAN_POINT('',(9.351016895,-47.582653758,11.000000164));
#932=CARTESIAN_POINT('',(9.343562828,-47.737481956,11.000000164));
#933=CARTESIAN_POINT('',(9.319719104,-47.89162842,11.000000164));
#934=CARTESIAN_POINT('',(9.29595943,-48.045231516,11.000000164));
#935=CARTESIAN_POINT('',(9.255681725,-48.198345792,11.000000164));
#936=CARTESIAN_POINT('',(9.216162679,-48.348576048,11.000000164));
#937=CARTESIAN_POINT('',(9.160947514,-48.496344377,11.000000164));
#938=CARTESIAN_POINT('',(9.106832684,-48.641167958,11.000000164));
#939=CARTESIAN_POINT('',(9.038023449,-48.781709174,11.000000164));
#940=CARTESIAN_POINT('',(8.969687325,-48.921284069,11.000000164));
#941=CARTESIAN_POINT('',(8.887461608,-49.054687607,11.000000164));
#942=CARTESIAN_POINT('',(8.805208321,-49.188135876,11.000000164));
#943=CARTESIAN_POINT('',(8.709851385,-49.313513518,11.000000164));
#944=CARTESIAN_POINT('',(8.615811732,-49.437159165,11.000000164));
#945=CARTESIAN_POINT('',(8.509655146,-49.551548564,11.000000164));
#946=CARTESIAN_POINT('',(8.404959041,-49.664364216,11.000000164));
#947=CARTESIAN_POINT('',(8.287894128,-49.768501144,11.000000164));
#948=CARTESIAN_POINT('',(8.172005472,-49.871591714,11.000000164));
#949=CARTESIAN_POINT('',(8.045044675,-49.964836951,11.000000164));
#950=CARTESIAN_POINT('',(7.919431618,-50.057092353,11.000000164));
#951=CARTESIAN_POINT('',(7.784193781,-50.138447854,11.000000164));
#952=CARTESIAN_POINT('',(7.651578786,-50.218225522,11.000000164));
#953=CARTESIAN_POINT('',(7.51100775,-50.286399363,11.000000164));
#954=CARTESIAN_POINT('',(7.371635566,-50.353991788,11.000000164));
#955=CARTESIAN_POINT('',(7.225841384,-50.409176905,11.000000164));
#956=CARTESIAN_POINT('',(7.079677376,-50.464502006,11.000000164));
#957=CARTESIAN_POINT('',(6.928550735,-50.506478006,11.000000164));
#958=CARTESIAN_POINT('',(6.778791539,-50.548074193,11.000000164));
#959=CARTESIAN_POINT('',(6.623554242,-50.57632046,11.000000164));
#960=CARTESIAN_POINT('',(6.471911583,-50.603912665,11.000000164));
#961=CARTESIAN_POINT('',(6.315986011,-50.618335855,11.000000164));
#962=CARTESIAN_POINT('',(6.162337064,-50.632548456,11.000000164));
#963=CARTESIAN_POINT('',(6.005943393,-50.633563809,11.000000164));
#964=CARTESIAN_POINT('',(5.850302111,-50.634574278,11.000000164));
#965=CARTESIAN_POINT('',(5.693447111,-50.62222864,11.000000164));
#966=CARTESIAN_POINT('',(5.537994181,-50.609993355,11.000000164));
#967=CARTESIAN_POINT('',(5.382873763,-50.584484587,11.000000164));
#968=CARTESIAN_POINT('',(5.229909364,-50.559330365,11.000000164));
#969=CARTESIAN_POINT('',(5.078755812,-50.521238551,11.000000164));
#970=CARTESIAN_POINT('',(4.776152457,-50.444980267,11.000000164));
#971=CARTESIAN_POINT('',(4.489876248,-50.318290489,11.000000164));
#972=B_SPLINE_CURVE_WITH_KNOTS('',2,(#909,#910,#911,#912,#913,#914,#915,#916,#917,#918,#919,#920,#921,#922,#923,#924,#925,#926,#927,#928,#929,#930,#931,#932,#933,#934,
#935,#936,#937,#938,#939,#940,#941,#942,#943,#944,#945,#946,#947,#948,#949,#950,#951,#952,#953,#954,#955,#956,#957,#958,#959,
#960,#961,#962,#963,#964,#965,#966,#967,#968,#969,#970,#971),.UNSPECIFIED.,.F.,.F.,(3,2,2,2,2,2,2,2,2,2,2,2,2,2,2,2,2,2,2,2,2,2,2,2,2,2,
2,2,2,2,2,3),(0.,0.03125,0.0625,0.09375,0.125,0.15625,0.1875,0.21875,0.25,0.28125,0.3125,0.34375,0.375,0.40625,0.4375,0.46875,0.5,0.53125,0.5625,0.59375,0.625,0.65625,0.6875,0.71875,0.75,0.78125,
0.8125,0.84375,0.875,0.90625,0.9375,1.),.UNSPECIFIED.);
#973=EDGE_CURVE('',#856,#854,#972,.T.);
#974=ORIENTED_EDGE('',*,*,#973,.F.);
#975=EDGE_LOOP('',(#908,#974));
#976=FACE_BOUND('',#975,.T.);
#977=CARTESIAN_POINT('',(-8.010075368,-50.318245373,10.999990692));
#978=VERTEX_POINT('',#977);
#979=CARTESIAN_POINT('',(-4.857988985,-44.858758074,11.000006756));
#980=VERTEX_POINT('',#979);
#981=CARTESIAN_POINT('',(-8.009905135,-50.318196346,11.000000164));
#982=CARTESIAN_POINT('',(-8.140735591,-50.222506555,11.000000164));
#983=CARTESIAN_POINT('',(-8.257638484,-50.121062037,11.000000164));
#984=CARTESIAN_POINT('',(-8.377307431,-50.017217228,11.000000164));
#985=CARTESIAN_POINT('',(-8.487212441,-49.903552413,11.000000164));
#986=CARTESIAN_POINT('',(-8.706851558,-49.676399531,11.000000164));
#987=CARTESIAN_POINT('',(-8.885309314,-49.413431307,11.000000164));
#988=CARTESIAN_POINT('',(-9.063638026,-49.150653238,11.000000164));
#989=CARTESIAN_POINT('',(-9.193386928,-48.863149875,11.000000164));
#990=CARTESIAN_POINT('',(-9.32463898,-48.572315768,11.000000164));
#991=CARTESIAN_POINT('',(-9.400608168,-48.2685527,11.000000164));
#992=CARTESIAN_POINT('',(-9.477048493,-47.962905788,11.000000164));
#993=CARTESIAN_POINT('',(-9.496085537,-47.647197281,11.000000164));
#994=CARTESIAN_POINT('',(-9.515093366,-47.331973296,11.000000164));
#995=CARTESIAN_POINT('',(-9.476265045,-47.019906228,11.000000164));
#996=CARTESIAN_POINT('',(-9.437114385,-46.705248487,11.000000164));
#997=CARTESIAN_POINT('',(-9.34098531,-46.408289692,11.000000164));
#998=CARTESIAN_POINT('',(-9.244185801,-46.109259819,11.000000164));
#999=CARTESIAN_POINT('',(-9.091011735,-45.835308005,11.000000164));
#1000=CARTESIAN_POINT('',(-9.01465455,-45.698743179,11.000000164));
#1001=CARTESIAN_POINT('',(-8.925362214,-45.570339542,11.000000164));
#1002=CARTESIAN_POINT('',(-8.835967721,-45.441789003,11.000000164));
#1003=CARTESIAN_POINT('',(-8.734803683,-45.323125813,11.000000164));
#1004=CARTESIAN_POINT('',(-8.633149039,-45.203887154,11.000000164));
#1005=CARTESIAN_POINT('',(-8.52098544,-45.096235033,11.000000164));
#1006=CARTESIAN_POINT('',(-8.407897584,-44.987695832,11.000000164));
#1007=CARTESIAN_POINT('',(-8.285644805,-44.892382872,11.000000164));
#1008=CARTESIAN_POINT('',(-8.039239406,-44.700275764,11.000000164));
#1009=CARTESIAN_POINT('',(-7.758560109,-44.56471796,11.000000164));
#1010=CARTESIAN_POINT('',(-7.618663984,-44.497153264,11.000000164));
#1011=CARTESIAN_POINT('',(-7.472564167,-44.444766122,11.000000164));
#1012=CARTESIAN_POINT('',(-7.326235035,-44.392296754,11.000000164));
#1013=CARTESIAN_POINT('',(-7.175940335,-44.355854485,11.000000164));
#1014=CARTESIAN_POINT('',(-7.02479019,-44.319204794,11.000000164));
#1015=CARTESIAN_POINT('',(-6.871990281,-44.299330366,11.000000164));
#1016=CARTESIAN_POINT('',(-6.717750921,-44.27926871,11.000000164));
#1017=CARTESIAN_POINT('',(-6.564216524,-44.276603181,11.000000164));
#1018=CARTESIAN_POINT('',(-6.409956518,-44.273925055,11.000000164));
#1019=CARTESIAN_POINT('',(-6.256379,-44.288947844,11.000000164));
#1020=CARTESIAN_POINT('',(-6.103105382,-44.303940905,11.000000164));
#1021=CARTESIAN_POINT('',(-5.952512124,-44.336298405,11.000000164));
#1022=CARTESIAN_POINT('',(-5.801875696,-44.368665181,11.000000164));
#1023=CARTESIAN_POINT('',(-5.656607208,-44.417821222,11.000000164));
#1024=CARTESIAN_POINT('',(-5.510615899,-44.467221851,11.000000164));
#1025=CARTESIAN_POINT('',(-5.372694217,-44.532674871,11.000000164));
#1026=CARTESIAN_POINT('',(-5.233474971,-44.598743672,11.000000164));
#1027=CARTESIAN_POINT('',(-5.104994265,-44.679966082,11.000000164));
#1028=CARTESIAN_POINT('',(-4.973943835,-44.762813009,11.000000164));
#1029=CARTESIAN_POINT('',(-4.857953128,-44.858687203,11.000000164));
#1030=B_SPLINE_CURVE_WITH_KNOTS('',2,(#981,#982,#983,#984,#985,#986,#987,#988,#989,#990,#991,#992,#993,#994,#995,#996,#997,#998,#999,#1000,#1001,#1002,#1003,#1004,#1005,#1006,
#1007,#1008,#1009,#1010,#1011,#1012,#1013,#1014,#1015,#1016,#1017,#1018,#1019,#1020,#1021,#1022,#1023,#1024,#1025,#1026,#1027,#1028,#1029),.UNSPECIFIED.,.F.,.F.,(3,2,2,2,2,2,2,2,2,2,2,2,2,2,2,2,2,2,2,2,2,2,2,2,3),(0.,0.03125,0.0625,0.125,0.1875,0.25,0.3125,0.375,0.4375,0.5,0.53125,0.5625,0.59375,0.625,0.6875,0.71875,0.75,0.78125,0.8125,0.84375,0.875,0.90625,0.9375,0.96875,1.),.UNSPECIFIED.);
#1031=EDGE_CURVE('',#978,#980,#1030,.T.);
#1032=ORIENTED_EDGE('',*,*,#1031,.F.);
#1033=CARTESIAN_POINT('',(-4.857995311,-44.85880046,11.000000164));
#1034=CARTESIAN_POINT('',(-4.710507095,-44.913740746,11.000000164));
#1035=CARTESIAN_POINT('',(-4.571264727,-44.987110038,11.000000164));
#1036=CARTESIAN_POINT('',(-4.435128227,-45.058842791,11.000000164));
#1037=CARTESIAN_POINT('',(-4.305907876,-45.149142961,11.000000164));
#1038=CARTESIAN_POINT('',(-4.17892104,-45.237882334,11.000000164));
#1039=CARTESIAN_POINT('',(-4.061135856,-45.3432645,11.000000164));
#1040=CARTESIAN_POINT('',(-3.944892865,-45.447266871,11.000000164));
#1041=CARTESIAN_POINT('',(-3.840043548,-45.565814981,11.000000164));
#1042=CARTESIAN_POINT('',(-3.737324789,-45.681954171,11.000000164));
#1043=CARTESIAN_POINT('',(-3.647710906,-45.810162599,11.000000164));
#1044=CARTESIAN_POINT('',(-3.558299216,-45.938081755,11.000000164));
#1045=CARTESIAN_POINT('',(-3.483869887,-46.075894824,11.000000164));
#1046=CARTESIAN_POINT('',(-3.409853108,-46.212944017,11.000000164));
#1047=CARTESIAN_POINT('',(-3.350950926,-46.360284232,11.000000164));
#1048=CARTESIAN_POINT('',(-3.293636208,-46.503653502,11.000000164));
#1049=CARTESIAN_POINT('',(-3.251664705,-46.65503101,11.000000164));
#1050=CARTESIAN_POINT('',(-3.210270302,-46.804327106,11.000000164));
#1051=CARTESIAN_POINT('',(-3.184728261,-46.959349112,11.000000164));
#1052=CARTESIAN_POINT('',(-3.159294194,-47.113715795,11.000000164));
#1053=CARTESIAN_POINT('',(-3.150303416,-47.271489451,11.000000164));
#1054=CARTESIAN_POINT('',(-3.141467452,-47.426546362,11.000000164));
#1055=CARTESIAN_POINT('',(-3.148983105,-47.582653758,11.000000164));
#1056=CARTESIAN_POINT('',(-3.156437172,-47.737481956,11.000000164));
#1057=CARTESIAN_POINT('',(-3.180280896,-47.89162842,11.000000164));
#1058=CARTESIAN_POINT('',(-3.20404057,-48.045231516,11.000000164));
#1059=CARTESIAN_POINT('',(-3.244318275,-48.198345792,11.000000164));
#1060=CARTESIAN_POINT('',(-3.283837321,-48.348576048,11.000000164));
#1061=CARTESIAN_POINT('',(-3.339052486,-48.496344377,11.000000164));
#1062=CARTESIAN_POINT('',(-3.393167316,-48.641167958,11.000000164));
#1063=CARTESIAN_POINT('',(-3.461976551,-48.781709174,11.000000164));
#1064=CARTESIAN_POINT('',(-3.530312675,-48.921284069,11.000000164));
#1065=CARTESIAN_POINT('',(-3.612538392,-49.054687607,11.000000164));
#1066=CARTESIAN_POINT('',(-3.694791679,-49.188135876,11.000000164));
#1067=CARTESIAN_POINT('',(-3.790148615,-49.313513518,11.000000164));
#1068=CARTESIAN_POINT('',(-3.884188268,-49.437159165,11.000000164));
#1069=CARTESIAN_POINT('',(-3.990344854,-49.551548564,11.000000164));
#1070=CARTESIAN_POINT('',(-4.095040959,-49.664364216,11.000000164));
#1071=CARTESIAN_POINT('',(-4.212105872,-49.768501144,11.000000164));
#1072=CARTESIAN_POINT('',(-4.327994528,-49.871591714,11.000000164));
#1073=CARTESIAN_POINT('',(-4.454955325,-49.964836951,11.000000164));
#1074=CARTESIAN_POINT('',(-4.580568382,-50.057092353,11.000000164));
#1075=CARTESIAN_POINT('',(-4.715806219,-50.138447854,11.000000164));
#1076=CARTESIAN_POINT('',(-4.848421214,-50.218225522,11.000000164));
#1077=CARTESIAN_POINT('',(-4.98899225,-50.286399363,11.000000164));
#1078=CARTESIAN_POINT('',(-5.128364434,-50.353991788,11.000000164));
#1079=CARTESIAN_POINT('',(-5.274158616,-50.409176905,11.000000164));
#1080=CARTESIAN_POINT('',(-5.420322624,-50.464502006,11.000000164));
#1081=CARTESIAN_POINT('',(-5.571449265,-50.506478006,11.000000164));
#1082=CARTESIAN_POINT('',(-5.721208461,-50.548074193,11.000000164));
#1083=CARTESIAN_POINT('',(-5.876445758,-50.57632046,11.000000164));
#1084=CARTESIAN_POINT('',(-6.028088417,-50.603912665,11.000000164));
#1085=CARTESIAN_POINT('',(-6.184013989,-50.618335855,11.000000164));
#1086=CARTESIAN_POINT('',(-6.337662936,-50.632548456,11.000000164));
#1087=CARTESIAN_POINT('',(-6.494056607,-50.633563809,11.000000164));
#1088=CARTESIAN_POINT('',(-6.649697889,-50.634574278,11.000000164));
#1089=CARTESIAN_POINT('',(-6.806552889,-50.62222864,11.000000164));
#1090=CARTESIAN_POINT('',(-6.962005819,-50.609993355,11.000000164));
#1091=CARTESIAN_POINT('',(-7.117126237,-50.584484587,11.000000164));
#1092=CARTESIAN_POINT('',(-7.270090636,-50.559330365,11.000000164));
#1093=CARTESIAN_POINT('',(-7.421244188,-50.521238551,11.000000164));
#1094=CARTESIAN_POINT('',(-7.723847543,-50.444980267,11.000000164));
#1095=CARTESIAN_POINT('',(-8.010123752,-50.318290489,11.000000164));
#1096=B_SPLINE_CURVE_WITH_KNOTS('',2,(#1033,#1034,#1035,#1036,#1037,#1038,#1039,#1040,#1041,#1042,#1043,#1044,#1045,#1046,#1047,#1048,#1049,#1050,#1051,#1052,#1053,#1054,#1055,#1056,#1057,#1058,
#1059,#1060,#1061,#1062,#1063,#1064,#1065,#1066,#1067,#1068,#1069,#1070,#1071,#1072,#1073,#1074,#1075,#1076,#1077,#1078,#1079,#1080,#1081,#1082,#1083,
#1084,#1085,#1086,#1087,#1088,#1089,#1090,#1091,#1092,#1093,#1094,#1095),.UNSPECIFIED.,.F.,.F.,(3,2,2,2,2,2,2,2,2,2,2,2,2,2,2,2,2,2,2,2,2,2,2,2,2,2,
2,2,2,2,2,3),(0.,0.03125,0.0625,0.09375,0.125,0.15625,0.1875,0.21875,0.25,0.28125,0.3125,0.34375,0.375,0.40625,0.4375,0.46875,0.5,0.53125,0.5625,0.59375,0.625,0.65625,0.6875,0.71875,0.75,0.78125,
0.8125,0.84375,0.875,0.90625,0.9375,1.),.UNSPECIFIED.);
#1097=EDGE_CURVE('',#980,#978,#1096,.T.);
#1098=ORIENTED_EDGE('',*,*,#1097,.F.);
#1099=EDGE_LOOP('',(#1032,#1098));
#1100=FACE_BOUND('',#1099,.T.);
#1101=CARTESIAN_POINT('',(4.489924632,-37.818245373,10.999990692));
#1102=VERTEX_POINT('',#1101);
#1103=CARTESIAN_POINT('',(7.642011015,-32.358758074,11.000006756));
#1104=VERTEX_POINT('',#1103);
#1105=CARTESIAN_POINT('',(4.490094865,-37.818196346,11.000000164));
#1106=CARTESIAN_POINT('',(4.359264409,-37.722506555,11.000000164));
#1107=CARTESIAN_POINT('',(4.242361516,-37.621062037,11.000000164));
#1108=CARTESIAN_POINT('',(4.122692569,-37.517217228,11.000000164));
#1109=CARTESIAN_POINT('',(4.012787559,-37.403552413,11.000000164));
#1110=CARTESIAN_POINT('',(3.793148442,-37.176399531,11.000000164));
#1111=CARTESIAN_POINT('',(3.614690686,-36.913431307,11.000000164));
#1112=CARTESIAN_POINT('',(3.436361974,-36.650653238,11.000000164));
#1113=CARTESIAN_POINT('',(3.306613072,-36.363149875,11.000000164));
#1114=CARTESIAN_POINT('',(3.17536102,-36.072315768,11.000000164));
#1115=CARTESIAN_POINT('',(3.099391832,-35.7685527,11.000000164));
#1116=CARTESIAN_POINT('',(3.022951507,-35.462905788,11.000000164));
#1117=CARTESIAN_POINT('',(3.003914463,-35.147197281,11.000000164));
#1118=CARTESIAN_POINT('',(2.984906634,-34.831973296,11.000000164));
#1119=CARTESIAN_POINT('',(3.023734955,-34.519906228,11.000000164));
#1120=CARTESIAN_POINT('',(3.062885615,-34.205248487,11.000000164));
#1121=CARTESIAN_POINT('',(3.15901469,-33.908289692,11.000000164));
#1122=CARTESIAN_POINT('',(3.255814199,-33.609259819,11.000000164));
#1123=CARTESIAN_POINT('',(3.408988265,-33.335308005,11.000000164));
#1124=CARTESIAN_POINT('',(3.48534545,-33.198743179,11.000000164));
#1125=CARTESIAN_POINT('',(3.574637786,-33.070339542,11.000000164));
#1126=CARTESIAN_POINT('',(3.664032279,-32.941789003,11.000000164));
#1127=CARTESIAN_POINT('',(3.765196317,-32.823125813,11.000000164));
#1128=CARTESIAN_POINT('',(3.866850961,-32.703887154,11.000000164));
#1129=CARTESIAN_POINT('',(3.97901456,-32.596235033,11.000000164));
#1130=CARTESIAN_POINT('',(4.092102416,-32.487695832,11.000000164));
#1131=CARTESIAN_POINT('',(4.214355195,-32.392382872,11.000000164));
#1132=CARTESIAN_POINT('',(4.460760594,-32.200275764,11.000000164));
#1133=CARTESIAN_POINT('',(4.741439891,-32.06471796,11.000000164));
#1134=CARTESIAN_POINT('',(4.881336016,-31.997153264,11.000000164));
#1135=CARTESIAN_POINT('',(5.027435833,-31.944766122,11.000000164));
#1136=CARTESIAN_POINT('',(5.173764965,-31.892296754,11.000000164));
#1137=CARTESIAN_POINT('',(5.324059665,-31.855854485,11.000000164));
#1138=CARTESIAN_POINT('',(5.47520981,-31.819204794,11.000000164));
#1139=CARTESIAN_POINT('',(5.628009719,-31.799330366,11.000000164));
#1140=CARTESIAN_POINT('',(5.782249079,-31.77926871,11.000000164));
#1141=CARTESIAN_POINT('',(5.935783476,-31.776603181,11.000000164));
#1142=CARTESIAN_POINT('',(6.090043482,-31.773925055,11.000000164));
#1143=CARTESIAN_POINT('',(6.243621,-31.788947844,11.000000164));
#1144=CARTESIAN_POINT('',(6.396894618,-31.803940905,11.000000164));
#1145=CARTESIAN_POINT('',(6.547487876,-31.836298405,11.000000164));
#1146=CARTESIAN_POINT('',(6.698124304,-31.868665181,11.000000164));
#1147=CARTESIAN_POINT('',(6.843392792,-31.917821222,11.000000164));
#1148=CARTESIAN_POINT('',(6.989384101,-31.967221851,11.000000164));
#1149=CARTESIAN_POINT('',(7.127305783,-32.032674871,11.000000164));
#1150=CARTESIAN_POINT('',(7.266525029,-32.098743672,11.000000164));
#1151=CARTESIAN_POINT('',(7.395005735,-32.179966082,11.000000164));
#1152=CARTESIAN_POINT('',(7.526056165,-32.262813009,11.000000164));
#1153=CARTESIAN_POINT('',(7.642046872,-32.358687203,11.000000164));
#1154=B_SPLINE_CURVE_WITH_KNOTS('',2,(#1105,#1106,#1107,#1108,#1109,#1110,#1111,#1112,#1113,#1114,#1115,#1116,#1117,#1118,#1119,#1120,#1121,#1122,#1123,#1124,#1125,#1126,#1127,#1128,#1129,#1130,
#1131,#1132,#1133,#1134,#1135,#1136,#1137,#1138,#1139,#1140,#1141,#1142,#1143,#1144,#1145,#1146,#1147,#1148,#1149,#1150,#1151,#1152,#1153),.UNSPECIFIED.,.F.,.F.,(3,2,2,2,2,2,2,2,2,2,2,2,2,2,2,2,2,2,2,2,2,2,2,2,3),(0.,0.03125,0.0625,0.125,0.1875,0.25,0.3125,0.375,0.4375,0.5,0.53125,0.5625,0.59375,0.625,0.6875,0.71875,0.75,0.78125,0.8125,0.84375,0.875,0.90625,0.9375,0.96875,1.),.UNSPECIFIED.);
#1155=EDGE_CURVE('',#1102,#1104,#1154,.T.);
#1156=ORIENTED_EDGE('',*,*,#1155,.F.);
#1157=CARTESIAN_POINT('',(7.642004689,-32.35880046,11.000000164));
#1158=CARTESIAN_POINT('',(7.789492905,-32.413740746,11.000000164));
#1159=CARTESIAN_POINT('',(7.928735273,-32.487110038,11.000000164));
#1160=CARTESIAN_POINT('',(8.064871773,-32.558842791,11.000000164));
#1161=CARTESIAN_POINT('',(8.194092124,-32.649142961,11.000000164));
#1162=CARTESIAN_POINT('',(8.32107896,-32.737882334,11.000000164));
#1163=CARTESIAN_POINT('',(8.438864144,-32.8432645,11.000000164));
#1164=CARTESIAN_POINT('',(8.555107135,-32.947266871,11.000000164));
#1165=CARTESIAN_POINT('',(8.659956452,-33.065814981,11.000000164));
#1166=CARTESIAN_POINT('',(8.762675211,-33.181954171,11.000000164));
#1167=CARTESIAN_POINT('',(8.852289094,-33.310162599,11.000000164));
#1168=CARTESIAN_POINT('',(8.941700784,-33.438081755,11.000000164));
#1169=CARTESIAN_POINT('',(9.016130113,-33.575894824,11.000000164));
#1170=CARTESIAN_POINT('',(9.090146892,-33.712944017,11.000000164));
#1171=CARTESIAN_POINT('',(9.149049074,-33.860284232,11.000000164));
#1172=CARTESIAN_POINT('',(9.206363792,-34.003653502,11.000000164));
#1173=CARTESIAN_POINT('',(9.248335295,-34.15503101,11.000000164));
#1174=CARTESIAN_POINT('',(9.289729698,-34.304327106,11.000000164));
#1175=CARTESIAN_POINT('',(9.315271739,-34.459349112,11.000000164));
#1176=CARTESIAN_POINT('',(9.340705806,-34.613715795,11.000000164));
#1177=CARTESIAN_POINT('',(9.349696584,-34.771489451,11.000000164));
#1178=CARTESIAN_POINT('',(9.358532548,-34.926546362,11.000000164));
#1179=CARTESIAN_POINT('',(9.351016895,-35.082653758,11.000000164));
#1180=CARTESIAN_POINT('',(9.343562828,-35.237481956,11.000000164));
#1181=CARTESIAN_POINT('',(9.319719104,-35.39162842,11.000000164));
#1182=CARTESIAN_POINT('',(9.29595943,-35.545231516,11.000000164));
#1183=CARTESIAN_POINT('',(9.255681725,-35.698345792,11.000000164));
#1184=CARTESIAN_POINT('',(9.216162679,-35.848576048,11.000000164));
#1185=CARTESIAN_POINT('',(9.160947514,-35.996344377,11.000000164));
#1186=CARTESIAN_POINT('',(9.106832684,-36.141167958,11.000000164));
#1187=CARTESIAN_POINT('',(9.038023449,-36.281709174,11.000000164));
#1188=CARTESIAN_POINT('',(8.969687325,-36.421284069,11.000000164));
#1189=CARTESIAN_POINT('',(8.887461608,-36.554687607,11.000000164));
#1190=CARTESIAN_POINT('',(8.805208321,-36.688135876,11.000000164));
#1191=CARTESIAN_POINT('',(8.709851385,-36.813513518,11.000000164));
#1192=CARTESIAN_POINT('',(8.615811732,-36.937159165,11.000000164));
#1193=CARTESIAN_POINT('',(8.509655146,-37.051548564,11.000000164));
#1194=CARTESIAN_POINT('',(8.404959041,-37.164364216,11.000000164));
#1195=CARTESIAN_POINT('',(8.287894128,-37.268501144,11.000000164));
#1196=CARTESIAN_POINT('',(8.172005472,-37.371591714,11.000000164));
#1197=CARTESIAN_POINT('',(8.045044675,-37.464836951,11.000000164));
#1198=CARTESIAN_POINT('',(7.919431618,-37.557092353,11.000000164));
#1199=CARTESIAN_POINT('',(7.784193781,-37.638447854,11.000000164));
#1200=CARTESIAN_POINT('',(7.651578786,-37.718225522,11.000000164));
#1201=CARTESIAN_POINT('',(7.51100775,-37.786399363,11.000000164));
#1202=CARTESIAN_POINT('',(7.371635566,-37.853991788,11.000000164));
#1203=CARTESIAN_POINT('',(7.225841384,-37.909176905,11.000000164));
#1204=CARTESIAN_POINT('',(7.079677376,-37.964502006,11.000000164));
#1205=CARTESIAN_POINT('',(6.928550735,-38.006478006,11.000000164));
#1206=CARTESIAN_POINT('',(6.778791539,-38.048074192,11.000000164));
#1207=CARTESIAN_POINT('',(6.623554242,-38.07632046,11.000000164));
#1208=CARTESIAN_POINT('',(6.471911583,-38.103912665,11.000000164));
#1209=CARTESIAN_POINT('',(6.315986011,-38.118335855,11.000000164));
#1210=CARTESIAN_POINT('',(6.162337064,-38.132548456,11.000000164));
#1211=CARTESIAN_POINT('',(6.005943393,-38.133563809,11.000000164));
#1212=CARTESIAN_POINT('',(5.850302111,-38.134574278,11.000000164));
#1213=CARTESIAN_POINT('',(5.693447111,-38.12222864,11.000000164));
#1214=CARTESIAN_POINT('',(5.537994181,-38.109993355,11.000000164));
#1215=CARTESIAN_POINT('',(5.382873763,-38.084484587,11.000000164));
#1216=CARTESIAN_POINT('',(5.229909364,-38.059330365,11.000000164));
#1217=CARTESIAN_POINT('',(5.078755812,-38.021238551,11.000000164));
#1218=CARTESIAN_POINT('',(4.776152457,-37.944980267,11.000000164));
#1219=CARTESIAN_POINT('',(4.489876248,-37.818290489,11.000000164));
#1220=B_SPLINE_CURVE_WITH_KNOTS('',2,(#1157,#1158,#1159,#1160,#1161,#1162,#1163,#1164,#1165,#1166,#1167,#1168,#1169,#1170,#1171,#1172,#1173,#1174,#1175,#1176,#1177,#1178,#1179,#1180,#1181,#1182,
#1183,#1184,#1185,#1186,#1187,#1188,#1189,#1190,#1191,#1192,#1193,#1194,#1195,#1196,#1197,#1198,#1199,#1200,#1201,#1202,#1203,#1204,#1205,#1206,#1207,
#1208,#1209,#1210,#1211,#1212,#1213,#1214,#1215,#1216,#1217,#1218,#1219),.UNSPECIFIED.,.F.,.F.,(3,2,2,2,2,2,2,2,2,2,2,2,2,2,2,2,2,2,2,2,2,2,2,2,2,2,
2,2,2,2,2,3),(0.,0.03125,0.0625,0.09375,0.125,0.15625,0.1875,0.21875,0.25,0.28125,0.3125,0.34375,0.375,0.40625,0.4375,0.46875,0.5,0.53125,0.5625,0.59375,0.625,0.65625,0.6875,0.71875,0.75,0.78125,
0.8125,0.84375,0.875,0.90625,0.9375,1.),.UNSPECIFIED.);
#1221=EDGE_CURVE('',#1104,#1102,#1220,.T.);
#1222=ORIENTED_EDGE('',*,*,#1221,.F.);
#1223=EDGE_LOOP('',(#1156,#1222));
#1224=FACE_BOUND('',#1223,.T.);
#1225=CARTESIAN_POINT('',(-8.010075368,-62.818245373,10.999990692));
#1226=VERTEX_POINT('',#1225);
#1227=CARTESIAN_POINT('',(-4.857988985,-57.358758074,11.000006756));
#1228=VERTEX_POINT('',#1227);
#1229=CARTESIAN_POINT('',(-8.009905135,-62.818196346,11.000000164));
#1230=CARTESIAN_POINT('',(-8.140735591,-62.722506555,11.000000164));
#1231=CARTESIAN_POINT('',(-8.257638484,-62.621062037,11.000000164));
#1232=CARTESIAN_POINT('',(-8.377307431,-62.517217228,11.000000164));
#1233=CARTESIAN_POINT('',(-8.487212441,-62.403552413,11.000000164));
#1234=CARTESIAN_POINT('',(-8.706851558,-62.176399531,11.000000164));
#1235=CARTESIAN_POINT('',(-8.885309314,-61.913431307,11.000000164));
#1236=CARTESIAN_POINT('',(-9.063638026,-61.650653238,11.000000164));
#1237=CARTESIAN_POINT('',(-9.193386928,-61.363149875,11.000000164));
#1238=CARTESIAN_POINT('',(-9.32463898,-61.072315768,11.000000164));
#1239=CARTESIAN_POINT('',(-9.400608168,-60.7685527,11.000000164));
#1240=CARTESIAN_POINT('',(-9.477048493,-60.462905788,11.000000164));
#1241=CARTESIAN_POINT('',(-9.496085537,-60.147197281,11.000000164));
#1242=CARTESIAN_POINT('',(-9.515093366,-59.831973296,11.000000164));
#1243=CARTESIAN_POINT('',(-9.476265045,-59.519906228,11.000000164));
#1244=CARTESIAN_POINT('',(-9.437114385,-59.205248487,11.000000164));
#1245=CARTESIAN_POINT('',(-9.34098531,-58.908289692,11.000000164));
#1246=CARTESIAN_POINT('',(-9.244185801,-58.609259819,11.000000164));
#1247=CARTESIAN_POINT('',(-9.091011735,-58.335308005,11.000000164));
#1248=CARTESIAN_POINT('',(-9.01465455,-58.198743179,11.000000164));
#1249=CARTESIAN_POINT('',(-8.925362214,-58.070339542,11.000000164));
#1250=CARTESIAN_POINT('',(-8.835967721,-57.941789003,11.000000164));
#1251=CARTESIAN_POINT('',(-8.734803683,-57.823125813,11.000000164));
#1252=CARTESIAN_POINT('',(-8.633149039,-57.703887154,11.000000164));
#1253=CARTESIAN_POINT('',(-8.52098544,-57.596235033,11.000000164));
#1254=CARTESIAN_POINT('',(-8.407897584,-57.487695832,11.000000164));
#1255=CARTESIAN_POINT('',(-8.285644805,-57.392382872,11.000000164));
#1256=CARTESIAN_POINT('',(-8.039239406,-57.200275764,11.000000164));
#1257=CARTESIAN_POINT('',(-7.758560109,-57.06471796,11.000000164));
#1258=CARTESIAN_POINT('',(-7.618663984,-56.997153264,11.000000164));
#1259=CARTESIAN_POINT('',(-7.472564167,-56.944766122,11.000000164));
#1260=CARTESIAN_POINT('',(-7.326235035,-56.892296754,11.000000164));
#1261=CARTESIAN_POINT('',(-7.175940335,-56.855854485,11.000000164));
#1262=CARTESIAN_POINT('',(-7.02479019,-56.819204794,11.000000164));
#1263=CARTESIAN_POINT('',(-6.871990281,-56.799330366,11.000000164));
#1264=CARTESIAN_POINT('',(-6.717750921,-56.77926871,11.000000164));
#1265=CARTESIAN_POINT('',(-6.564216524,-56.776603181,11.000000164));
#1266=CARTESIAN_POINT('',(-6.409956518,-56.773925055,11.000000164));
#1267=CARTESIAN_POINT('',(-6.256379,-56.788947844,11.000000164));
#1268=CARTESIAN_POINT('',(-6.103105382,-56.803940905,11.000000164));
#1269=CARTESIAN_POINT('',(-5.952512124,-56.836298405,11.000000164));
#1270=CARTESIAN_POINT('',(-5.801875696,-56.868665181,11.000000164));
#1271=CARTESIAN_POINT('',(-5.656607208,-56.917821222,11.000000164));
#1272=CARTESIAN_POINT('',(-5.510615899,-56.967221851,11.000000164));
#1273=CARTESIAN_POINT('',(-5.372694217,-57.032674871,11.000000164));
#1274=CARTESIAN_POINT('',(-5.233474971,-57.098743672,11.000000164));
#1275=CARTESIAN_POINT('',(-5.104994265,-57.179966082,11.000000164));
#1276=CARTESIAN_POINT('',(-4.973943835,-57.262813009,11.000000164));
#1277=CARTESIAN_POINT('',(-4.857953128,-57.358687203,11.000000164));
#1278=B_SPLINE_CURVE_WITH_KNOTS('',2,(#1229,#1230,#1231,#1232,#1233,#1234,#1235,#1236,#1237,#1238,#1239,#1240,#1241,#1242,#1243,#1244,#1245,#1246,#1247,#1248,#1249,#1250,#1251,#1252,#1253,#1254,
#1255,#1256,#1257,#1258,#1259,#1260,#1261,#1262,#1263,#1264,#1265,#1266,#1267,#1268,#1269,#1270,#1271,#1272,#1273,#1274,#1275,#1276,#1277),.UNSPECIFIED.,.F.,.F.,(3,2,2,2,2,2,2,2,2,2,2,2,2,2,2,2,2,2,2,2,2,2,2,2,3),(0.,0.03125,0.0625,0.125,0.1875,0.25,0.3125,0.375,0.4375,0.5,0.53125,0.5625,0.59375,0.625,0.6875,0.71875,0.75,0.78125,0.8125,0.84375,0.875,0.90625,0.9375,0.96875,1.),.UNSPECIFIED.);
#1279=EDGE_CURVE('',#1226,#1228,#1278,.T.);
#1280=ORIENTED_EDGE('',*,*,#1279,.F.);
#1281=CARTESIAN_POINT('',(-4.857995311,-57.35880046,11.000000164));
#1282=CARTESIAN_POINT('',(-4.710507095,-57.413740746,11.000000164));
#1283=CARTESIAN_POINT('',(-4.571264727,-57.487110038,11.000000164));
#1284=CARTESIAN_POINT('',(-4.435128227,-57.558842791,11.000000164));
#1285=CARTESIAN_POINT('',(-4.305907876,-57.649142961,11.000000164));
#1286=CARTESIAN_POINT('',(-4.17892104,-57.737882334,11.000000164));
#1287=CARTESIAN_POINT('',(-4.061135856,-57.8432645,11.000000164));
#1288=CARTESIAN_POINT('',(-3.944892865,-57.947266871,11.000000164));
#1289=CARTESIAN_POINT('',(-3.840043548,-58.065814981,11.000000164));
#1290=CARTESIAN_POINT('',(-3.737324789,-58.181954171,11.000000164));
#1291=CARTESIAN_POINT('',(-3.647710906,-58.310162599,11.000000164));
#1292=CARTESIAN_POINT('',(-3.558299216,-58.438081755,11.000000164));
#1293=CARTESIAN_POINT('',(-3.483869887,-58.575894824,11.000000164));
#1294=CARTESIAN_POINT('',(-3.409853108,-58.712944017,11.000000164));
#1295=CARTESIAN_POINT('',(-3.350950926,-58.860284232,11.000000164));
#1296=CARTESIAN_POINT('',(-3.293636208,-59.003653502,11.000000164));
#1297=CARTESIAN_POINT('',(-3.251664705,-59.15503101,11.000000164));
#1298=CARTESIAN_POINT('',(-3.210270302,-59.304327106,11.000000164));
#1299=CARTESIAN_POINT('',(-3.184728261,-59.459349112,11.000000164));
#1300=CARTESIAN_POINT('',(-3.159294194,-59.613715795,11.000000164));
#1301=CARTESIAN_POINT('',(-3.150303416,-59.771489451,11.000000164));
#1302=CARTESIAN_POINT('',(-3.141467452,-59.926546362,11.000000164));
#1303=CARTESIAN_POINT('',(-3.148983105,-60.082653758,11.000000164));
#1304=CARTESIAN_POINT('',(-3.156437172,-60.237481956,11.000000164));
#1305=CARTESIAN_POINT('',(-3.180280896,-60.39162842,11.000000164));
#1306=CARTESIAN_POINT('',(-3.20404057,-60.545231516,11.000000164));
#1307=CARTESIAN_POINT('',(-3.244318275,-60.698345792,11.000000164));
#1308=CARTESIAN_POINT('',(-3.283837321,-60.848576048,11.000000164));
#1309=CARTESIAN_POINT('',(-3.339052486,-60.996344377,11.000000164));
#1310=CARTESIAN_POINT('',(-3.393167316,-61.141167958,11.000000164));
#1311=CARTESIAN_POINT('',(-3.461976551,-61.281709174,11.000000164));
#1312=CARTESIAN_POINT('',(-3.530312675,-61.421284069,11.000000164));
#1313=CARTESIAN_POINT('',(-3.612538392,-61.554687607,11.000000164));
#1314=CARTESIAN_POINT('',(-3.694791679,-61.688135876,11.000000164));
#1315=CARTESIAN_POINT('',(-3.790148615,-61.813513518,11.000000164));
#1316=CARTESIAN_POINT('',(-3.884188268,-61.937159165,11.000000164));
#1317=CARTESIAN_POINT('',(-3.990344854,-62.051548564,11.000000164));
#1318=CARTESIAN_POINT('',(-4.095040959,-62.164364216,11.000000164));
#1319=CARTESIAN_POINT('',(-4.212105872,-62.268501144,11.000000164));
#1320=CARTESIAN_POINT('',(-4.327994528,-62.371591714,11.000000164));
#1321=CARTESIAN_POINT('',(-4.454955325,-62.464836951,11.000000164));
#1322=CARTESIAN_POINT('',(-4.580568382,-62.557092353,11.000000164));
#1323=CARTESIAN_POINT('',(-4.715806219,-62.638447854,11.000000164));
#1324=CARTESIAN_POINT('',(-4.848421214,-62.718225522,11.000000164));
#1325=CARTESIAN_POINT('',(-4.98899225,-62.786399363,11.000000164));
#1326=CARTESIAN_POINT('',(-5.128364434,-62.853991788,11.000000164));
#1327=CARTESIAN_POINT('',(-5.274158616,-62.909176905,11.000000164));
#1328=CARTESIAN_POINT('',(-5.420322624,-62.964502006,11.000000164));
#1329=CARTESIAN_POINT('',(-5.571449265,-63.006478006,11.000000164));
#1330=CARTESIAN_POINT('',(-5.721208461,-63.048074192,11.000000164));
#1331=CARTESIAN_POINT('',(-5.876445758,-63.07632046,11.000000164));
#1332=CARTESIAN_POINT('',(-6.028088417,-63.103912665,11.000000164));
#1333=CARTESIAN_POINT('',(-6.184013989,-63.118335855,11.000000164));
#1334=CARTESIAN_POINT('',(-6.337662936,-63.132548456,11.000000164));
#1335=CARTESIAN_POINT('',(-6.494056607,-63.133563809,11.000000164));
#1336=CARTESIAN_POINT('',(-6.649697889,-63.134574278,11.000000164));
#1337=CARTESIAN_POINT('',(-6.806552889,-63.12222864,11.000000164));
#1338=CARTESIAN_POINT('',(-6.962005819,-63.109993355,11.000000164));
#1339=CARTESIAN_POINT('',(-7.117126237,-63.084484587,11.000000164));
#1340=CARTESIAN_POINT('',(-7.270090636,-63.059330365,11.000000164));
#1341=CARTESIAN_POINT('',(-7.421244188,-63.021238551,11.000000164));
#1342=CARTESIAN_POINT('',(-7.723847543,-62.944980267,11.000000164));
#1343=CARTESIAN_POINT('',(-8.010123752,-62.818290489,11.000000164));
#1344=B_SPLINE_CURVE_WITH_KNOTS('',2,(#1281,#1282,#1283,#1284,#1285,#1286,#1287,#1288,#1289,#1290,#1291,#1292,#1293,#1294,#1295,#1296,#1297,#1298,#1299,#1300,#1301,#1302,#1303,#1304,#1305,#1306,
#1307,#1308,#1309,#1310,#1311,#1312,#1313,#1314,#1315,#1316,#1317,#1318,#1319,#1320,#1321,#1322,#1323,#1324,#1325,#1326,#1327,#1328,#1329,#1330,#1331,
#1332,#1333,#1334,#1335,#1336,#1337,#1338,#1339,#1340,#1341,#1342,#1343),.UNSPECIFIED.,.F.,.F.,(3,2,2,2,2,2,2,2,2,2,2,2,2,2,2,2,2,2,2,2,2,2,2,2,2,2,
2,2,2,2,2,3),(0.,0.03125,0.0625,0.09375,0.125,0.15625,0.1875,0.21875,0.25,0.28125,0.3125,0.34375,0.375,0.40625,0.4375,0.46875,0.5,0.53125,0.5625,0.59375,0.625,0.65625,0.6875,0.71875,0.75,0.78125,
0.8125,0.84375,0.875,0.90625,0.9375,1.),.UNSPECIFIED.);
#1345=EDGE_CURVE('',#1228,#1226,#1344,.T.);
#1346=ORIENTED_EDGE('',*,*,#1345,.F.);
#1347=EDGE_LOOP('',(#1280,#1346));
#1348=FACE_BOUND('',#1347,.T.);
#1349=CARTESIAN_POINT('',(-8.010075368,-75.318245373,10.999990692));
#1350=VERTEX_POINT('',#1349);
#1351=CARTESIAN_POINT('',(-4.857988985,-69.858758074,11.000006756));
#1352=VERTEX_POINT('',#1351);
#1353=CARTESIAN_POINT('',(-8.009905135,-75.318196346,11.000000164));
#1354=CARTESIAN_POINT('',(-8.140735591,-75.222506555,11.000000164));
#1355=CARTESIAN_POINT('',(-8.257638484,-75.121062037,11.000000164));
#1356=CARTESIAN_POINT('',(-8.377307431,-75.017217228,11.000000164));
#1357=CARTESIAN_POINT('',(-8.487212441,-74.903552413,11.000000164));
#1358=CARTESIAN_POINT('',(-8.706851558,-74.676399531,11.000000164));
#1359=CARTESIAN_POINT('',(-8.885309314,-74.413431307,11.000000164));
#1360=CARTESIAN_POINT('',(-9.063638026,-74.150653238,11.000000164));
#1361=CARTESIAN_POINT('',(-9.193386928,-73.863149875,11.000000164));
#1362=CARTESIAN_POINT('',(-9.32463898,-73.572315768,11.000000164));
#1363=CARTESIAN_POINT('',(-9.400608168,-73.2685527,11.000000164));
#1364=CARTESIAN_POINT('',(-9.477048493,-72.962905788,11.000000164));
#1365=CARTESIAN_POINT('',(-9.496085537,-72.647197281,11.000000164));
#1366=CARTESIAN_POINT('',(-9.515093366,-72.331973296,11.000000164));
#1367=CARTESIAN_POINT('',(-9.476265045,-72.019906228,11.000000164));
#1368=CARTESIAN_POINT('',(-9.437114385,-71.705248487,11.000000164));
#1369=CARTESIAN_POINT('',(-9.34098531,-71.408289692,11.000000164));
#1370=CARTESIAN_POINT('',(-9.244185801,-71.109259819,11.000000164));
#1371=CARTESIAN_POINT('',(-9.091011735,-70.835308005,11.000000164));
#1372=CARTESIAN_POINT('',(-9.01465455,-70.698743179,11.000000164));
#1373=CARTESIAN_POINT('',(-8.925362214,-70.570339542,11.000000164));
#1374=CARTESIAN_POINT('',(-8.835967721,-70.441789003,11.000000164));
#1375=CARTESIAN_POINT('',(-8.734803683,-70.323125813,11.000000164));
#1376=CARTESIAN_POINT('',(-8.633149039,-70.203887154,11.000000164));
#1377=CARTESIAN_POINT('',(-8.52098544,-70.096235033,11.000000164));
#1378=CARTESIAN_POINT('',(-8.407897584,-69.987695832,11.000000164));
#1379=CARTESIAN_POINT('',(-8.285644805,-69.892382872,11.000000164));
#1380=CARTESIAN_POINT('',(-8.039239406,-69.700275764,11.000000164));
#1381=CARTESIAN_POINT('',(-7.758560109,-69.56471796,11.000000164));
#1382=CARTESIAN_POINT('',(-7.618663984,-69.497153264,11.000000164));
#1383=CARTESIAN_POINT('',(-7.472564167,-69.444766122,11.000000164));
#1384=CARTESIAN_POINT('',(-7.326235035,-69.392296754,11.000000164));
#1385=CARTESIAN_POINT('',(-7.175940335,-69.355854485,11.000000164));
#1386=CARTESIAN_POINT('',(-7.02479019,-69.319204794,11.000000164));
#1387=CARTESIAN_POINT('',(-6.871990281,-69.299330366,11.000000164));
#1388=CARTESIAN_POINT('',(-6.717750922,-69.27926871,11.000000164));
#1389=CARTESIAN_POINT('',(-6.564216524,-69.276603181,11.000000164));
#1390=CARTESIAN_POINT('',(-6.409956518,-69.273925055,11.000000164));
#1391=CARTESIAN_POINT('',(-6.256379,-69.288947844,11.000000164));
#1392=CARTESIAN_POINT('',(-6.103105382,-69.303940905,11.000000164));
#1393=CARTESIAN_POINT('',(-5.952512124,-69.336298405,11.000000164));
#1394=CARTESIAN_POINT('',(-5.801875696,-69.368665181,11.000000164));
#1395=CARTESIAN_POINT('',(-5.656607208,-69.417821222,11.000000164));
#1396=CARTESIAN_POINT('',(-5.510615899,-69.467221851,11.000000164));
#1397=CARTESIAN_POINT('',(-5.372694217,-69.532674871,11.000000164));
#1398=CARTESIAN_POINT('',(-5.233474971,-69.598743672,11.000000164));
#1399=CARTESIAN_POINT('',(-5.104994265,-69.679966082,11.000000164));
#1400=CARTESIAN_POINT('',(-4.973943835,-69.762813009,11.000000164));
#1401=CARTESIAN_POINT('',(-4.857953128,-69.858687203,11.000000164));
#1402=B_SPLINE_CURVE_WITH_KNOTS('',2,(#1353,#1354,#1355,#1356,#1357,#1358,#1359,#1360,#1361,#1362,#1363,#1364,#1365,#1366,#1367,#1368,#1369,#1370,#1371,#1372,#1373,#1374,#1375,#1376,#1377,#1378,
#1379,#1380,#1381,#1382,#1383,#1384,#1385,#1386,#1387,#1388,#1389,#1390,#1391,#1392,#1393,#1394,#1395,#1396,#1397,#1398,#1399,#1400,#1401),.UNSPECIFIED.,.F.,.F.,(3,2,2,2,2,2,2,2,2,2,2,2,2,2,2,2,2,2,2,2,2,2,2,2,3),(0.,0.03125,0.0625,0.125,0.1875,0.25,0.3125,0.375,0.4375,0.5,0.53125,0.5625,0.59375,0.625,0.6875,0.71875,0.75,0.78125,0.8125,0.84375,0.875,0.90625,0.9375,0.96875,1.),.UNSPECIFIED.);
#1403=EDGE_CURVE('',#1350,#1352,#1402,.T.);
#1404=ORIENTED_EDGE('',*,*,#1403,.F.);
#1405=CARTESIAN_POINT('',(-4.857995311,-69.85880046,11.000000164));
#1406=CARTESIAN_POINT('',(-4.710507095,-69.913740746,11.000000164));
#1407=CARTESIAN_POINT('',(-4.571264727,-69.987110038,11.000000164));
#1408=CARTESIAN_POINT('',(-4.435128227,-70.058842791,11.000000164));
#1409=CARTESIAN_POINT('',(-4.305907876,-70.149142961,11.000000164));
#1410=CARTESIAN_POINT('',(-4.17892104,-70.237882334,11.000000164));
#1411=CARTESIAN_POINT('',(-4.061135856,-70.3432645,11.000000164));
#1412=CARTESIAN_POINT('',(-3.944892865,-70.447266871,11.000000164));
#1413=CARTESIAN_POINT('',(-3.840043548,-70.565814981,11.000000164));
#1414=CARTESIAN_POINT('',(-3.737324789,-70.681954171,11.000000164));
#1415=CARTESIAN_POINT('',(-3.647710906,-70.810162599,11.000000164));
#1416=CARTESIAN_POINT('',(-3.558299216,-70.938081755,11.000000164));
#1417=CARTESIAN_POINT('',(-3.483869887,-71.075894824,11.000000164));
#1418=CARTESIAN_POINT('',(-3.409853108,-71.212944017,11.000000164));
#1419=CARTESIAN_POINT('',(-3.350950926,-71.360284232,11.000000164));
#1420=CARTESIAN_POINT('',(-3.293636208,-71.503653502,11.000000164));
#1421=CARTESIAN_POINT('',(-3.251664705,-71.65503101,11.000000164));
#1422=CARTESIAN_POINT('',(-3.210270302,-71.804327106,11.000000164));
#1423=CARTESIAN_POINT('',(-3.184728261,-71.959349112,11.000000164));
#1424=CARTESIAN_POINT('',(-3.159294194,-72.113715795,11.000000164));
#1425=CARTESIAN_POINT('',(-3.150303416,-72.271489451,11.000000164));
#1426=CARTESIAN_POINT('',(-3.141467452,-72.426546362,11.000000164));
#1427=CARTESIAN_POINT('',(-3.148983105,-72.582653758,11.000000164));
#1428=CARTESIAN_POINT('',(-3.156437172,-72.737481956,11.000000164));
#1429=CARTESIAN_POINT('',(-3.180280896,-72.89162842,11.000000164));
#1430=CARTESIAN_POINT('',(-3.20404057,-73.045231516,11.000000164));
#1431=CARTESIAN_POINT('',(-3.244318275,-73.198345792,11.000000164));
#1432=CARTESIAN_POINT('',(-3.283837321,-73.348576048,11.000000164));
#1433=CARTESIAN_POINT('',(-3.339052486,-73.496344377,11.000000164));
#1434=CARTESIAN_POINT('',(-3.393167316,-73.641167958,11.000000164));
#1435=CARTESIAN_POINT('',(-3.461976551,-73.781709174,11.000000164));
#1436=CARTESIAN_POINT('',(-3.530312675,-73.921284069,11.000000164));
#1437=CARTESIAN_POINT('',(-3.612538392,-74.054687607,11.000000164));
#1438=CARTESIAN_POINT('',(-3.694791679,-74.188135876,11.000000164));
#1439=CARTESIAN_POINT('',(-3.790148615,-74.313513518,11.000000164));
#1440=CARTESIAN_POINT('',(-3.884188268,-74.437159165,11.000000164));
#1441=CARTESIAN_POINT('',(-3.990344854,-74.551548564,11.000000164));
#1442=CARTESIAN_POINT('',(-4.095040959,-74.664364216,11.000000164));
#1443=CARTESIAN_POINT('',(-4.212105872,-74.768501144,11.000000164));
#1444=CARTESIAN_POINT('',(-4.327994528,-74.871591714,11.000000164));
#1445=CARTESIAN_POINT('',(-4.454955325,-74.964836951,11.000000164));
#1446=CARTESIAN_POINT('',(-4.580568382,-75.057092353,11.000000164));
#1447=CARTESIAN_POINT('',(-4.715806219,-75.138447854,11.000000164));
#1448=CARTESIAN_POINT('',(-4.848421214,-75.218225522,11.000000164));
#1449=CARTESIAN_POINT('',(-4.98899225,-75.286399363,11.000000164));
#1450=CARTESIAN_POINT('',(-5.128364434,-75.353991788,11.000000164));
#1451=CARTESIAN_POINT('',(-5.274158616,-75.409176905,11.000000164));
#1452=CARTESIAN_POINT('',(-5.420322624,-75.464502006,11.000000164));
#1453=CARTESIAN_POINT('',(-5.571449265,-75.506478006,11.000000164));
#1454=CARTESIAN_POINT('',(-5.721208461,-75.548074192,11.000000164));
#1455=CARTESIAN_POINT('',(-5.876445758,-75.57632046,11.000000164));
#1456=CARTESIAN_POINT('',(-6.028088417,-75.603912665,11.000000164));
#1457=CARTESIAN_POINT('',(-6.184013989,-75.618335855,11.000000164));
#1458=CARTESIAN_POINT('',(-6.337662936,-75.632548456,11.000000164));
#1459=CARTESIAN_POINT('',(-6.494056607,-75.633563809,11.000000164));
#1460=CARTESIAN_POINT('',(-6.649697889,-75.634574278,11.000000164));
#1461=CARTESIAN_POINT('',(-6.806552889,-75.62222864,11.000000164));
#1462=CARTESIAN_POINT('',(-6.962005819,-75.609993355,11.000000164));
#1463=CARTESIAN_POINT('',(-7.117126237,-75.584484587,11.000000164));
#1464=CARTESIAN_POINT('',(-7.270090636,-75.559330365,11.000000164));
#1465=CARTESIAN_POINT('',(-7.421244188,-75.521238551,11.000000164));
#1466=CARTESIAN_POINT('',(-7.723847543,-75.444980267,11.000000164));
#1467=CARTESIAN_POINT('',(-8.010123752,-75.318290489,11.000000164));
#1468=B_SPLINE_CURVE_WITH_KNOTS('',2,(#1405,#1406,#1407,#1408,#1409,#1410,#1411,#1412,#1413,#1414,#1415,#1416,#1417,#1418,#1419,#1420,#1421,#1422,#1423,#1424,#1425,#1426,#1427,#1428,#1429,#1430,
#1431,#1432,#1433,#1434,#1435,#1436,#1437,#1438,#1439,#1440,#1441,#1442,#1443,#1444,#1445,#1446,#1447,#1448,#1449,#1450,#1451,#1452,#1453,#1454,#1455,
#1456,#1457,#1458,#1459,#1460,#1461,#1462,#1463,#1464,#1465,#1466,#1467),.UNSPECIFIED.,.F.,.F.,(3,2,2,2,2,2,2,2,2,2,2,2,2,2,2,2,2,2,2,2,2,2,2,2,2,2,
2,2,2,2,2,3),(0.,0.03125,0.0625,0.09375,0.125,0.15625,0.1875,0.21875,0.25,0.28125,0.3125,0.34375,0.375,0.40625,0.4375,0.46875,0.5,0.53125,0.5625,0.59375,0.625,0.65625,0.6875,0.71875,0.75,0.78125,
0.8125,0.84375,0.875,0.90625,0.9375,1.),.UNSPECIFIED.);
#1469=EDGE_CURVE('',#1352,#1350,#1468,.T.);
#1470=ORIENTED_EDGE('',*,*,#1469,.F.);
#1471=EDGE_LOOP('',(#1404,#1470));
#1472=FACE_BOUND('',#1471,.T.);
#1473=CARTESIAN_POINT('',(4.489924632,-87.818245373,10.999990692));
#1474=VERTEX_POINT('',#1473);
#1475=CARTESIAN_POINT('',(7.642011015,-82.358758074,11.000006756));
#1476=VERTEX_POINT('',#1475);
#1477=CARTESIAN_POINT('',(4.490094865,-87.818196346,11.000000164));
#1478=CARTESIAN_POINT('',(4.359264409,-87.722506555,11.000000164));
#1479=CARTESIAN_POINT('',(4.242361516,-87.621062037,11.000000164));
#1480=CARTESIAN_POINT('',(4.122692569,-87.517217228,11.000000164));
#1481=CARTESIAN_POINT('',(4.012787559,-87.403552413,11.000000164));
#1482=CARTESIAN_POINT('',(3.793148442,-87.176399531,11.000000164));
#1483=CARTESIAN_POINT('',(3.614690686,-86.913431307,11.000000164));
#1484=CARTESIAN_POINT('',(3.436361974,-86.650653238,11.000000164));
#1485=CARTESIAN_POINT('',(3.306613072,-86.363149875,11.000000164));
#1486=CARTESIAN_POINT('',(3.17536102,-86.072315768,11.000000164));
#1487=CARTESIAN_POINT('',(3.099391832,-85.7685527,11.000000164));
#1488=CARTESIAN_POINT('',(3.022951507,-85.462905788,11.000000164));
#1489=CARTESIAN_POINT('',(3.003914463,-85.147197281,11.000000164));
#1490=CARTESIAN_POINT('',(2.984906634,-84.831973296,11.000000164));
#1491=CARTESIAN_POINT('',(3.023734955,-84.519906228,11.000000164));
#1492=CARTESIAN_POINT('',(3.062885615,-84.205248487,11.000000164));
#1493=CARTESIAN_POINT('',(3.15901469,-83.908289692,11.000000164));
#1494=CARTESIAN_POINT('',(3.255814199,-83.609259819,11.000000164));
#1495=CARTESIAN_POINT('',(3.408988265,-83.335308005,11.000000164));
#1496=CARTESIAN_POINT('',(3.48534545,-83.198743179,11.000000164));
#1497=CARTESIAN_POINT('',(3.574637786,-83.070339542,11.000000164));
#1498=CARTESIAN_POINT('',(3.664032279,-82.941789003,11.000000164));
#1499=CARTESIAN_POINT('',(3.765196317,-82.823125813,11.000000164));
#1500=CARTESIAN_POINT('',(3.866850961,-82.703887154,11.000000164));
#1501=CARTESIAN_POINT('',(3.97901456,-82.596235033,11.000000164));
#1502=CARTESIAN_POINT('',(4.092102416,-82.487695832,11.000000164));
#1503=CARTESIAN_POINT('',(4.214355195,-82.392382872,11.000000164));
#1504=CARTESIAN_POINT('',(4.460760594,-82.200275764,11.000000164));
#1505=CARTESIAN_POINT('',(4.741439891,-82.06471796,11.000000164));
#1506=CARTESIAN_POINT('',(4.881336016,-81.997153264,11.000000164));
#1507=CARTESIAN_POINT('',(5.027435833,-81.944766122,11.000000164));
#1508=CARTESIAN_POINT('',(5.173764965,-81.892296754,11.000000164));
#1509=CARTESIAN_POINT('',(5.324059665,-81.855854485,11.000000164));
#1510=CARTESIAN_POINT('',(5.47520981,-81.819204794,11.000000164));
#1511=CARTESIAN_POINT('',(5.628009719,-81.799330366,11.000000164));
#1512=CARTESIAN_POINT('',(5.782249078,-81.77926871,11.000000164));
#1513=CARTESIAN_POINT('',(5.935783476,-81.776603181,11.000000164));
#1514=CARTESIAN_POINT('',(6.090043482,-81.773925055,11.000000164));
#1515=CARTESIAN_POINT('',(6.243621,-81.788947844,11.000000164));
#1516=CARTESIAN_POINT('',(6.396894618,-81.803940905,11.000000164));
#1517=CARTESIAN_POINT('',(6.547487876,-81.836298405,11.000000164));
#1518=CARTESIAN_POINT('',(6.698124304,-81.868665181,11.000000164));
#1519=CARTESIAN_POINT('',(6.843392792,-81.917821222,11.000000164));
#1520=CARTESIAN_POINT('',(6.989384101,-81.967221851,11.000000164));
#1521=CARTESIAN_POINT('',(7.127305783,-82.032674871,11.000000164));
#1522=CARTESIAN_POINT('',(7.266525029,-82.098743672,11.000000164));
#1523=CARTESIAN_POINT('',(7.395005735,-82.179966082,11.000000164));
#1524=CARTESIAN_POINT('',(7.526056165,-82.262813009,11.000000164));
#1525=CARTESIAN_POINT('',(7.642046872,-82.358687203,11.000000164));
#1526=B_SPLINE_CURVE_WITH_KNOTS('',2,(#1477,#1478,#1479,#1480,#1481,#1482,#1483,#1484,#1485,#1486,#1487,#1488,#1489,#1490,#1491,#1492,#1493,#1494,#1495,#1496,#1497,#1498,#1499,#1500,#1501,#1502,
#1503,#1504,#1505,#1506,#1507,#1508,#1509,#1510,#1511,#1512,#1513,#1514,#1515,#1516,#1517,#1518,#1519,#1520,#1521,#1522,#1523,#1524,#1525),.UNSPECIFIED.,.F.,.F.,(3,2,2,2,2,2,2,2,2,2,2,2,2,2,2,2,2,2,2,2,2,2,2,2,3),(0.,0.03125,0.0625,0.125,0.1875,0.25,0.3125,0.375,0.4375,0.5,0.53125,0.5625,0.59375,0.625,0.6875,0.71875,0.75,0.78125,0.8125,0.84375,0.875,0.90625,0.9375,0.96875,1.),.UNSPECIFIED.);
#1527=EDGE_CURVE('',#1474,#1476,#1526,.T.);
#1528=ORIENTED_EDGE('',*,*,#1527,.F.);
#1529=CARTESIAN_POINT('',(7.642004689,-82.35880046,11.000000164));
#1530=CARTESIAN_POINT('',(7.789492905,-82.413740746,11.000000164));
#1531=CARTESIAN_POINT('',(7.928735273,-82.487110038,11.000000164));
#1532=CARTESIAN_POINT('',(8.064871773,-82.558842791,11.000000164));
#1533=CARTESIAN_POINT('',(8.194092124,-82.649142961,11.000000164));
#1534=CARTESIAN_POINT('',(8.32107896,-82.737882334,11.000000164));
#1535=CARTESIAN_POINT('',(8.438864144,-82.8432645,11.000000164));
#1536=CARTESIAN_POINT('',(8.555107135,-82.947266871,11.000000164));
#1537=CARTESIAN_POINT('',(8.659956452,-83.065814981,11.000000164));
#1538=CARTESIAN_POINT('',(8.762675211,-83.181954171,11.000000164));
#1539=CARTESIAN_POINT('',(8.852289094,-83.310162599,11.000000164));
#1540=CARTESIAN_POINT('',(8.941700784,-83.438081755,11.000000164));
#1541=CARTESIAN_POINT('',(9.016130113,-83.575894824,11.000000164));
#1542=CARTESIAN_POINT('',(9.090146892,-83.712944017,11.000000164));
#1543=CARTESIAN_POINT('',(9.149049074,-83.860284232,11.000000164));
#1544=CARTESIAN_POINT('',(9.206363792,-84.003653502,11.000000164));
#1545=CARTESIAN_POINT('',(9.248335295,-84.15503101,11.000000164));
#1546=CARTESIAN_POINT('',(9.289729698,-84.304327106,11.000000164));
#1547=CARTESIAN_POINT('',(9.315271739,-84.459349112,11.000000164));
#1548=CARTESIAN_POINT('',(9.340705806,-84.613715795,11.000000164));
#1549=CARTESIAN_POINT('',(9.349696584,-84.771489451,11.000000164));
#1550=CARTESIAN_POINT('',(9.358532548,-84.926546362,11.000000164));
#1551=CARTESIAN_POINT('',(9.351016895,-85.082653758,11.000000164));
#1552=CARTESIAN_POINT('',(9.343562828,-85.237481956,11.000000164));
#1553=CARTESIAN_POINT('',(9.319719104,-85.39162842,11.000000164));
#1554=CARTESIAN_POINT('',(9.29595943,-85.545231516,11.000000164));
#1555=CARTESIAN_POINT('',(9.255681725,-85.698345792,11.000000164));
#1556=CARTESIAN_POINT('',(9.216162679,-85.848576048,11.000000164));
#1557=CARTESIAN_POINT('',(9.160947514,-85.996344377,11.000000164));
#1558=CARTESIAN_POINT('',(9.106832684,-86.141167958,11.000000164));
#1559=CARTESIAN_POINT('',(9.038023449,-86.281709174,11.000000164));
#1560=CARTESIAN_POINT('',(8.969687325,-86.421284069,11.000000164));
#1561=CARTESIAN_POINT('',(8.887461608,-86.554687607,11.000000164));
#1562=CARTESIAN_POINT('',(8.805208321,-86.688135876,11.000000164));
#1563=CARTESIAN_POINT('',(8.709851385,-86.813513518,11.000000164));
#1564=CARTESIAN_POINT('',(8.615811732,-86.937159165,11.000000164));
#1565=CARTESIAN_POINT('',(8.509655146,-87.051548564,11.000000164));
#1566=CARTESIAN_POINT('',(8.404959041,-87.164364216,11.000000164));
#1567=CARTESIAN_POINT('',(8.287894128,-87.268501144,11.000000164));
#1568=CARTESIAN_POINT('',(8.172005472,-87.371591714,11.000000164));
#1569=CARTESIAN_POINT('',(8.045044675,-87.464836951,11.000000164));
#1570=CARTESIAN_POINT('',(7.919431618,-87.557092353,11.000000164));
#1571=CARTESIAN_POINT('',(7.784193781,-87.638447854,11.000000164));
#1572=CARTESIAN_POINT('',(7.651578786,-87.718225522,11.000000164));
#1573=CARTESIAN_POINT('',(7.51100775,-87.786399363,11.000000164));
#1574=CARTESIAN_POINT('',(7.371635566,-87.853991788,11.000000164));
#1575=CARTESIAN_POINT('',(7.225841384,-87.909176905,11.000000164));
#1576=CARTESIAN_POINT('',(7.079677376,-87.964502006,11.000000164));
#1577=CARTESIAN_POINT('',(6.928550735,-88.006478006,11.000000164));
#1578=CARTESIAN_POINT('',(6.778791539,-88.048074192,11.000000164));
#1579=CARTESIAN_POINT('',(6.623554242,-88.07632046,11.000000164));
#1580=CARTESIAN_POINT('',(6.471911583,-88.103912665,11.000000164));
#1581=CARTESIAN_POINT('',(6.315986011,-88.118335855,11.000000164));
#1582=CARTESIAN_POINT('',(6.162337064,-88.132548456,11.000000164));
#1583=CARTESIAN_POINT('',(6.005943393,-88.133563809,11.000000164));
#1584=CARTESIAN_POINT('',(5.850302111,-88.134574278,11.000000164));
#1585=CARTESIAN_POINT('',(5.693447111,-88.12222864,11.000000164));
#1586=CARTESIAN_POINT('',(5.537994181,-88.109993355,11.000000164));
#1587=CARTESIAN_POINT('',(5.382873763,-88.084484587,11.000000164));
#1588=CARTESIAN_POINT('',(5.229909364,-88.059330365,11.000000164));
#1589=CARTESIAN_POINT('',(5.078755812,-88.021238551,11.000000164));
#1590=CARTESIAN_POINT('',(4.776152457,-87.944980267,11.000000164));
#1591=CARTESIAN_POINT('',(4.489876248,-87.818290489,11.000000164));
#1592=B_SPLINE_CURVE_WITH_KNOTS('',2,(#1529,#1530,#1531,#1532,#1533,#1534,#1535,#1536,#1537,#1538,#1539,#1540,#1541,#1542,#1543,#1544,#1545,#1546,#1547,#1548,#1549,#1550,#1551,#1552,#1553,#1554,
#1555,#1556,#1557,#1558,#1559,#1560,#1561,#1562,#1563,#1564,#1565,#1566,#1567,#1568,#1569,#1570,#1571,#1572,#1573,#1574,#1575,#1576,#1577,#1578,#1579,
#1580,#1581,#1582,#1583,#1584,#1585,#1586,#1587,#1588,#1589,#1590,#1591),.UNSPECIFIED.,.F.,.F.,(3,2,2,2,2,2,2,2,2,2,2,2,2,2,2,2,2,2,2,2,2,2,2,2,2,2,
2,2,2,2,2,3),(0.,0.03125,0.0625,0.09375,0.125,0.15625,0.1875,0.21875,0.25,0.28125,0.3125,0.34375,0.375,0.40625,0.4375,0.46875,0.5,0.53125,0.5625,0.59375,0.625,0.65625,0.6875,0.71875,0.75,0.78125,
0.8125,0.84375,0.875,0.90625,0.9375,1.),.UNSPECIFIED.);
#1593=EDGE_CURVE('',#1476,#1474,#1592,.T.);
#1594=ORIENTED_EDGE('',*,*,#1593,.F.);
#1595=EDGE_LOOP('',(#1528,#1594));
#1596=FACE_BOUND('',#1595,.T.);
#1597=CARTESIAN_POINT('',(4.489924632,-75.318245373,10.999990692));
#1598=VERTEX_POINT('',#1597);
#1599=CARTESIAN_POINT('',(7.642011015,-69.858758074,11.000006756));
#1600=VERTEX_POINT('',#1599);
#1601=CARTESIAN_POINT('',(4.490094865,-75.318196346,11.000000164));
#1602=CARTESIAN_POINT('',(4.359264409,-75.222506555,11.000000164));
#1603=CARTESIAN_POINT('',(4.242361516,-75.121062037,11.000000164));
#1604=CARTESIAN_POINT('',(4.122692569,-75.017217228,11.000000164));
#1605=CARTESIAN_POINT('',(4.012787559,-74.903552413,11.000000164));
#1606=CARTESIAN_POINT('',(3.793148442,-74.676399531,11.000000164));
#1607=CARTESIAN_POINT('',(3.614690686,-74.413431307,11.000000164));
#1608=CARTESIAN_POINT('',(3.436361974,-74.150653238,11.000000164));
#1609=CARTESIAN_POINT('',(3.306613072,-73.863149875,11.000000164));
#1610=CARTESIAN_POINT('',(3.17536102,-73.572315768,11.000000164));
#1611=CARTESIAN_POINT('',(3.099391832,-73.2685527,11.000000164));
#1612=CARTESIAN_POINT('',(3.022951507,-72.962905788,11.000000164));
#1613=CARTESIAN_POINT('',(3.003914463,-72.647197281,11.000000164));
#1614=CARTESIAN_POINT('',(2.984906634,-72.331973296,11.000000164));
#1615=CARTESIAN_POINT('',(3.023734955,-72.019906228,11.000000164));
#1616=CARTESIAN_POINT('',(3.062885615,-71.705248487,11.000000164));
#1617=CARTESIAN_POINT('',(3.15901469,-71.408289692,11.000000164));
#1618=CARTESIAN_POINT('',(3.255814199,-71.109259819,11.000000164));
#1619=CARTESIAN_POINT('',(3.408988265,-70.835308005,11.000000164));
#1620=CARTESIAN_POINT('',(3.48534545,-70.698743179,11.000000164));
#1621=CARTESIAN_POINT('',(3.574637786,-70.570339542,11.000000164));
#1622=CARTESIAN_POINT('',(3.664032279,-70.441789003,11.000000164));
#1623=CARTESIAN_POINT('',(3.765196317,-70.323125813,11.000000164));
#1624=CARTESIAN_POINT('',(3.866850961,-70.203887154,11.000000164));
#1625=CARTESIAN_POINT('',(3.97901456,-70.096235033,11.000000164));
#1626=CARTESIAN_POINT('',(4.092102416,-69.987695832,11.000000164));
#1627=CARTESIAN_POINT('',(4.214355195,-69.892382872,11.000000164));
#1628=CARTESIAN_POINT('',(4.460760594,-69.700275764,11.000000164));
#1629=CARTESIAN_POINT('',(4.741439891,-69.56471796,11.000000164));
#1630=CARTESIAN_POINT('',(4.881336016,-69.497153264,11.000000164));
#1631=CARTESIAN_POINT('',(5.027435833,-69.444766122,11.000000164));
#1632=CARTESIAN_POINT('',(5.173764965,-69.392296754,11.000000164));
#1633=CARTESIAN_POINT('',(5.324059665,-69.355854485,11.000000164));
#1634=CARTESIAN_POINT('',(5.47520981,-69.319204794,11.000000164));
#1635=CARTESIAN_POINT('',(5.628009719,-69.299330366,11.000000164));
#1636=CARTESIAN_POINT('',(5.782249078,-69.27926871,11.000000164));
#1637=CARTESIAN_POINT('',(5.935783476,-69.276603181,11.000000164));
#1638=CARTESIAN_POINT('',(6.090043482,-69.273925055,11.000000164));
#1639=CARTESIAN_POINT('',(6.243621,-69.288947844,11.000000164));
#1640=CARTESIAN_POINT('',(6.396894618,-69.303940905,11.000000164));
#1641=CARTESIAN_POINT('',(6.547487876,-69.336298405,11.000000164));
#1642=CARTESIAN_POINT('',(6.698124304,-69.368665181,11.000000164));
#1643=CARTESIAN_POINT('',(6.843392792,-69.417821222,11.000000164));
#1644=CARTESIAN_POINT('',(6.989384101,-69.467221851,11.000000164));
#1645=CARTESIAN_POINT('',(7.127305783,-69.532674871,11.000000164));
#1646=CARTESIAN_POINT('',(7.266525029,-69.598743672,11.000000164));
#1647=CARTESIAN_POINT('',(7.395005735,-69.679966082,11.000000164));
#1648=CARTESIAN_POINT('',(7.526056165,-69.762813009,11.000000164));
#1649=CARTESIAN_POINT('',(7.642046872,-69.858687203,11.000000164));
#1650=B_SPLINE_CURVE_WITH_KNOTS('',2,(#1601,#1602,#1603,#1604,#1605,#1606,#1607,#1608,#1609,#1610,#1611,#1612,#1613,#1614,#1615,#1616,#1617,#1618,#1619,#1620,#1621,#1622,#1623,#1624,#1625,#1626,
#1627,#1628,#1629,#1630,#1631,#1632,#1633,#1634,#1635,#1636,#1637,#1638,#1639,#1640,#1641,#1642,#1643,#1644,#1645,#1646,#1647,#1648,#1649),.UNSPECIFIED.,.F.,.F.,(3,2,2,2,2,2,2,2,2,2,2,2,2,2,2,2,2,2,2,2,2,2,2,2,3),(0.,0.03125,0.0625,0.125,0.1875,0.25,0.3125,0.375,0.4375,0.5,0.53125,0.5625,0.59375,0.625,0.6875,0.71875,0.75,0.78125,0.8125,0.84375,0.875,0.90625,0.9375,0.96875,1.),.UNSPECIFIED.);
#1651=EDGE_CURVE('',#1598,#1600,#1650,.T.);
#1652=ORIENTED_EDGE('',*,*,#1651,.F.);
#1653=CARTESIAN_POINT('',(7.642004689,-69.85880046,11.000000164));
#1654=CARTESIAN_POINT('',(7.789492905,-69.913740746,11.000000164));
#1655=CARTESIAN_POINT('',(7.928735273,-69.987110038,11.000000164));
#1656=CARTESIAN_POINT('',(8.064871773,-70.058842791,11.000000164));
#1657=CARTESIAN_POINT('',(8.194092124,-70.149142961,11.000000164));
#1658=CARTESIAN_POINT('',(8.32107896,-70.237882334,11.000000164));
#1659=CARTESIAN_POINT('',(8.438864144,-70.3432645,11.000000164));
#1660=CARTESIAN_POINT('',(8.555107135,-70.447266871,11.000000164));
#1661=CARTESIAN_POINT('',(8.659956452,-70.565814981,11.000000164));
#1662=CARTESIAN_POINT('',(8.762675211,-70.681954171,11.000000164));
#1663=CARTESIAN_POINT('',(8.852289094,-70.810162599,11.000000164));
#1664=CARTESIAN_POINT('',(8.941700784,-70.938081755,11.000000164));
#1665=CARTESIAN_POINT('',(9.016130113,-71.075894824,11.000000164));
#1666=CARTESIAN_POINT('',(9.090146892,-71.212944017,11.000000164));
#1667=CARTESIAN_POINT('',(9.149049074,-71.360284232,11.000000164));
#1668=CARTESIAN_POINT('',(9.206363792,-71.503653502,11.000000164));
#1669=CARTESIAN_POINT('',(9.248335295,-71.65503101,11.000000164));
#1670=CARTESIAN_POINT('',(9.289729698,-71.804327106,11.000000164));
#1671=CARTESIAN_POINT('',(9.315271739,-71.959349112,11.000000164));
#1672=CARTESIAN_POINT('',(9.340705806,-72.113715795,11.000000164));
#1673=CARTESIAN_POINT('',(9.349696584,-72.271489451,11.000000164));
#1674=CARTESIAN_POINT('',(9.358532548,-72.426546362,11.000000164));
#1675=CARTESIAN_POINT('',(9.351016895,-72.582653758,11.000000164));
#1676=CARTESIAN_POINT('',(9.343562828,-72.737481956,11.000000164));
#1677=CARTESIAN_POINT('',(9.319719104,-72.89162842,11.000000164));
#1678=CARTESIAN_POINT('',(9.29595943,-73.045231516,11.000000164));
#1679=CARTESIAN_POINT('',(9.255681725,-73.198345792,11.000000164));
#1680=CARTESIAN_POINT('',(9.216162679,-73.348576048,11.000000164));
#1681=CARTESIAN_POINT('',(9.160947514,-73.496344377,11.000000164));
#1682=CARTESIAN_POINT('',(9.106832684,-73.641167958,11.000000164));
#1683=CARTESIAN_POINT('',(9.038023449,-73.781709174,11.000000164));
#1684=CARTESIAN_POINT('',(8.969687325,-73.921284069,11.000000164));
#1685=CARTESIAN_POINT('',(8.887461608,-74.054687607,11.000000164));
#1686=CARTESIAN_POINT('',(8.805208321,-74.188135876,11.000000164));
#1687=CARTESIAN_POINT('',(8.709851385,-74.313513518,11.000000164));
#1688=CARTESIAN_POINT('',(8.615811732,-74.437159165,11.000000164));
#1689=CARTESIAN_POINT('',(8.509655146,-74.551548564,11.000000164));
#1690=CARTESIAN_POINT('',(8.404959041,-74.664364216,11.000000164));
#1691=CARTESIAN_POINT('',(8.287894128,-74.768501144,11.000000164));
#1692=CARTESIAN_POINT('',(8.172005472,-74.871591714,11.000000164));
#1693=CARTESIAN_POINT('',(8.045044675,-74.964836951,11.000000164));
#1694=CARTESIAN_POINT('',(7.919431618,-75.057092353,11.000000164));
#1695=CARTESIAN_POINT('',(7.784193781,-75.138447854,11.000000164));
#1696=CARTESIAN_POINT('',(7.651578786,-75.218225522,11.000000164));
#1697=CARTESIAN_POINT('',(7.51100775,-75.286399363,11.000000164));
#1698=CARTESIAN_POINT('',(7.371635566,-75.353991788,11.000000164));
#1699=CARTESIAN_POINT('',(7.225841384,-75.409176905,11.000000164));
#1700=CARTESIAN_POINT('',(7.079677376,-75.464502006,11.000000164));
#1701=CARTESIAN_POINT('',(6.928550735,-75.506478006,11.000000164));
#1702=CARTESIAN_POINT('',(6.778791539,-75.548074192,11.000000164));
#1703=CARTESIAN_POINT('',(6.623554242,-75.57632046,11.000000164));
#1704=CARTESIAN_POINT('',(6.471911583,-75.603912665,11.000000164));
#1705=CARTESIAN_POINT('',(6.315986011,-75.618335855,11.000000164));
#1706=CARTESIAN_POINT('',(6.162337064,-75.632548456,11.000000164));
#1707=CARTESIAN_POINT('',(6.005943393,-75.633563809,11.000000164));
#1708=CARTESIAN_POINT('',(5.850302111,-75.634574278,11.000000164));
#1709=CARTESIAN_POINT('',(5.693447111,-75.62222864,11.000000164));
#1710=CARTESIAN_POINT('',(5.537994181,-75.609993355,11.000000164));
#1711=CARTESIAN_POINT('',(5.382873763,-75.584484587,11.000000164));
#1712=CARTESIAN_POINT('',(5.229909364,-75.559330365,11.000000164));
#1713=CARTESIAN_POINT('',(5.078755812,-75.521238551,11.000000164));
#1714=CARTESIAN_POINT('',(4.776152457,-75.444980267,11.000000164));
#1715=CARTESIAN_POINT('',(4.489876248,-75.318290489,11.000000164));
#1716=B_SPLINE_CURVE_WITH_KNOTS('',2,(#1653,#1654,#1655,#1656,#1657,#1658,#1659,#1660,#1661,#1662,#1663,#1664,#1665,#1666,#1667,#1668,#1669,#1670,#1671,#1672,#1673,#1674,#1675,#1676,#1677,#1678,
#1679,#1680,#1681,#1682,#1683,#1684,#1685,#1686,#1687,#1688,#1689,#1690,#1691,#1692,#1693,#1694,#1695,#1696,#1697,#1698,#1699,#1700,#1701,#1702,#1703,
#1704,#1705,#1706,#1707,#1708,#1709,#1710,#1711,#1712,#1713,#1714,#1715),.UNSPECIFIED.,.F.,.F.,(3,2,2,2,2,2,2,2,2,2,2,2,2,2,2,2,2,2,2,2,2,2,2,2,2,2,
2,2,2,2,2,3),(0.,0.03125,0.0625,0.09375,0.125,0.15625,0.1875,0.21875,0.25,0.28125,0.3125,0.34375,0.375,0.40625,0.4375,0.46875,0.5,0.53125,0.5625,0.59375,0.625,0.65625,0.6875,0.71875,0.75,0.78125,
0.8125,0.84375,0.875,0.90625,0.9375,1.),.UNSPECIFIED.);
#1717=EDGE_CURVE('',#1600,#1598,#1716,.T.);
#1718=ORIENTED_EDGE('',*,*,#1717,.F.);
#1719=EDGE_LOOP('',(#1652,#1718));
#1720=FACE_BOUND('',#1719,.T.);
#1721=CARTESIAN_POINT('',(-8.010075368,-37.818245373,10.999990692));
#1722=VERTEX_POINT('',#1721);
#1723=CARTESIAN_POINT('',(-4.857988985,-32.358758074,11.000006756));
#1724=VERTEX_POINT('',#1723);
#1725=CARTESIAN_POINT('',(-8.009905135,-37.818196346,11.000000164));
#1726=CARTESIAN_POINT('',(-8.140735591,-37.722506555,11.000000164));
#1727=CARTESIAN_POINT('',(-8.257638484,-37.621062037,11.000000164));
#1728=CARTESIAN_POINT('',(-8.377307431,-37.517217228,11.000000164));
#1729=CARTESIAN_POINT('',(-8.487212441,-37.403552413,11.000000164));
#1730=CARTESIAN_POINT('',(-8.706851558,-37.176399531,11.000000164));
#1731=CARTESIAN_POINT('',(-8.885309314,-36.913431307,11.000000164));
#1732=CARTESIAN_POINT('',(-9.063638026,-36.650653238,11.000000164));
#1733=CARTESIAN_POINT('',(-9.193386928,-36.363149875,11.000000164));
#1734=CARTESIAN_POINT('',(-9.32463898,-36.072315768,11.000000164));
#1735=CARTESIAN_POINT('',(-9.400608168,-35.7685527,11.000000164));
#1736=CARTESIAN_POINT('',(-9.477048493,-35.462905788,11.000000164));
#1737=CARTESIAN_POINT('',(-9.496085537,-35.147197281,11.000000164));
#1738=CARTESIAN_POINT('',(-9.515093366,-34.831973296,11.000000164));
#1739=CARTESIAN_POINT('',(-9.476265045,-34.519906228,11.000000164));
#1740=CARTESIAN_POINT('',(-9.437114385,-34.205248487,11.000000164));
#1741=CARTESIAN_POINT('',(-9.34098531,-33.908289692,11.000000164));
#1742=CARTESIAN_POINT('',(-9.244185801,-33.609259819,11.000000164));
#1743=CARTESIAN_POINT('',(-9.091011735,-33.335308005,11.000000164));
#1744=CARTESIAN_POINT('',(-9.01465455,-33.198743179,11.000000164));
#1745=CARTESIAN_POINT('',(-8.925362214,-33.070339542,11.000000164));
#1746=CARTESIAN_POINT('',(-8.835967721,-32.941789003,11.000000164));
#1747=CARTESIAN_POINT('',(-8.734803683,-32.823125813,11.000000164));
#1748=CARTESIAN_POINT('',(-8.633149039,-32.703887154,11.000000164));
#1749=CARTESIAN_POINT('',(-8.52098544,-32.596235033,11.000000164));
#1750=CARTESIAN_POINT('',(-8.407897584,-32.487695832,11.000000164));
#1751=CARTESIAN_POINT('',(-8.285644805,-32.392382872,11.000000164));
#1752=CARTESIAN_POINT('',(-8.039239406,-32.200275764,11.000000164));
#1753=CARTESIAN_POINT('',(-7.758560109,-32.06471796,11.000000164));
#1754=CARTESIAN_POINT('',(-7.618663984,-31.997153264,11.000000164));
#1755=CARTESIAN_POINT('',(-7.472564167,-31.944766122,11.000000164));
#1756=CARTESIAN_POINT('',(-7.326235035,-31.892296754,11.000000164));
#1757=CARTESIAN_POINT('',(-7.175940335,-31.855854485,11.000000164));
#1758=CARTESIAN_POINT('',(-7.02479019,-31.819204794,11.000000164));
#1759=CARTESIAN_POINT('',(-6.871990281,-31.799330366,11.000000164));
#1760=CARTESIAN_POINT('',(-6.717750921,-31.77926871,11.000000164));
#1761=CARTESIAN_POINT('',(-6.564216524,-31.776603181,11.000000164));
#1762=CARTESIAN_POINT('',(-6.409956518,-31.773925055,11.000000164));
#1763=CARTESIAN_POINT('',(-6.256379,-31.788947844,11.000000164));
#1764=CARTESIAN_POINT('',(-6.103105382,-31.803940905,11.000000164));
#1765=CARTESIAN_POINT('',(-5.952512124,-31.836298405,11.000000164));
#1766=CARTESIAN_POINT('',(-5.801875696,-31.868665181,11.000000164));
#1767=CARTESIAN_POINT('',(-5.656607208,-31.917821222,11.000000164));
#1768=CARTESIAN_POINT('',(-5.510615899,-31.967221851,11.000000164));
#1769=CARTESIAN_POINT('',(-5.372694217,-32.032674871,11.000000164));
#1770=CARTESIAN_POINT('',(-5.233474971,-32.098743672,11.000000164));
#1771=CARTESIAN_POINT('',(-5.104994265,-32.179966082,11.000000164));
#1772=CARTESIAN_POINT('',(-4.973943835,-32.262813009,11.000000164));
#1773=CARTESIAN_POINT('',(-4.857953128,-32.358687203,11.000000164));
#1774=B_SPLINE_CURVE_WITH_KNOTS('',2,(#1725,#1726,#1727,#1728,#1729,#1730,#1731,#1732,#1733,#1734,#1735,#1736,#1737,#1738,#1739,#1740,#1741,#1742,#1743,#1744,#1745,#1746,#1747,#1748,#1749,#1750,
#1751,#1752,#1753,#1754,#1755,#1756,#1757,#1758,#1759,#1760,#1761,#1762,#1763,#1764,#1765,#1766,#1767,#1768,#1769,#1770,#1771,#1772,#1773),.UNSPECIFIED.,.F.,.F.,(3,2,2,2,2,2,2,2,2,2,2,2,2,2,2,2,2,2,2,2,2,2,2,2,3),(0.,0.03125,0.0625,0.125,0.1875,0.25,0.3125,0.375,0.4375,0.5,0.53125,0.5625,0.59375,0.625,0.6875,0.71875,0.75,0.78125,0.8125,0.84375,0.875,0.90625,0.9375,0.96875,1.),.UNSPECIFIED.);
#1775=EDGE_CURVE('',#1722,#1724,#1774,.T.);
#1776=ORIENTED_EDGE('',*,*,#1775,.F.);
#1777=CARTESIAN_POINT('',(-4.857995311,-32.35880046,11.000000164));
#1778=CARTESIAN_POINT('',(-4.710507095,-32.413740746,11.000000164));
#1779=CARTESIAN_POINT('',(-4.571264727,-32.487110038,11.000000164));
#1780=CARTESIAN_POINT('',(-4.435128227,-32.558842791,11.000000164));
#1781=CARTESIAN_POINT('',(-4.305907876,-32.649142961,11.000000164));
#1782=CARTESIAN_POINT('',(-4.17892104,-32.737882334,11.000000164));
#1783=CARTESIAN_POINT('',(-4.061135856,-32.8432645,11.000000164));
#1784=CARTESIAN_POINT('',(-3.944892865,-32.947266871,11.000000164));
#1785=CARTESIAN_POINT('',(-3.840043548,-33.065814981,11.000000164));
#1786=CARTESIAN_POINT('',(-3.737324789,-33.181954171,11.000000164));
#1787=CARTESIAN_POINT('',(-3.647710906,-33.310162599,11.000000164));
#1788=CARTESIAN_POINT('',(-3.558299216,-33.438081755,11.000000164));
#1789=CARTESIAN_POINT('',(-3.483869887,-33.575894824,11.000000164));
#1790=CARTESIAN_POINT('',(-3.409853108,-33.712944017,11.000000164));
#1791=CARTESIAN_POINT('',(-3.350950926,-33.860284232,11.000000164));
#1792=CARTESIAN_POINT('',(-3.293636208,-34.003653502,11.000000164));
#1793=CARTESIAN_POINT('',(-3.251664705,-34.15503101,11.000000164));
#1794=CARTESIAN_POINT('',(-3.210270302,-34.304327106,11.000000164));
#1795=CARTESIAN_POINT('',(-3.184728261,-34.459349112,11.000000164));
#1796=CARTESIAN_POINT('',(-3.159294194,-34.613715795,11.000000164));
#1797=CARTESIAN_POINT('',(-3.150303416,-34.771489451,11.000000164));
#1798=CARTESIAN_POINT('',(-3.141467452,-34.926546362,11.000000164));
#1799=CARTESIAN_POINT('',(-3.148983105,-35.082653758,11.000000164));
#1800=CARTESIAN_POINT('',(-3.156437172,-35.237481956,11.000000164));
#1801=CARTESIAN_POINT('',(-3.180280896,-35.39162842,11.000000164));
#1802=CARTESIAN_POINT('',(-3.20404057,-35.545231516,11.000000164));
#1803=CARTESIAN_POINT('',(-3.244318275,-35.698345792,11.000000164));
#1804=CARTESIAN_POINT('',(-3.283837321,-35.848576048,11.000000164));
#1805=CARTESIAN_POINT('',(-3.339052486,-35.996344377,11.000000164));
#1806=CARTESIAN_POINT('',(-3.393167316,-36.141167958,11.000000164));
#1807=CARTESIAN_POINT('',(-3.461976551,-36.281709174,11.000000164));
#1808=CARTESIAN_POINT('',(-3.530312675,-36.421284069,11.000000164));
#1809=CARTESIAN_POINT('',(-3.612538392,-36.554687607,11.000000164));
#1810=CARTESIAN_POINT('',(-3.694791679,-36.688135876,11.000000164));
#1811=CARTESIAN_POINT('',(-3.790148615,-36.813513518,11.000000164));
#1812=CARTESIAN_POINT('',(-3.884188268,-36.937159165,11.000000164));
#1813=CARTESIAN_POINT('',(-3.990344854,-37.051548564,11.000000164));
#1814=CARTESIAN_POINT('',(-4.095040959,-37.164364216,11.000000164));
#1815=CARTESIAN_POINT('',(-4.212105872,-37.268501144,11.000000164));
#1816=CARTESIAN_POINT('',(-4.327994528,-37.371591714,11.000000164));
#1817=CARTESIAN_POINT('',(-4.454955325,-37.464836951,11.000000164));
#1818=CARTESIAN_POINT('',(-4.580568382,-37.557092353,11.000000164));
#1819=CARTESIAN_POINT('',(-4.715806219,-37.638447854,11.000000164));
#1820=CARTESIAN_POINT('',(-4.848421214,-37.718225522,11.000000164));
#1821=CARTESIAN_POINT('',(-4.98899225,-37.786399363,11.000000164));
#1822=CARTESIAN_POINT('',(-5.128364434,-37.853991788,11.000000164));
#1823=CARTESIAN_POINT('',(-5.274158616,-37.909176905,11.000000164));
#1824=CARTESIAN_POINT('',(-5.420322624,-37.964502006,11.000000164));
#1825=CARTESIAN_POINT('',(-5.571449265,-38.006478006,11.000000164));
#1826=CARTESIAN_POINT('',(-5.721208461,-38.048074192,11.000000164));
#1827=CARTESIAN_POINT('',(-5.876445758,-38.07632046,11.000000164));
#1828=CARTESIAN_POINT('',(-6.028088417,-38.103912665,11.000000164));
#1829=CARTESIAN_POINT('',(-6.184013989,-38.118335855,11.000000164));
#1830=CARTESIAN_POINT('',(-6.337662936,-38.132548456,11.000000164));
#1831=CARTESIAN_POINT('',(-6.494056607,-38.133563809,11.000000164));
#1832=CARTESIAN_POINT('',(-6.649697889,-38.134574278,11.000000164));
#1833=CARTESIAN_POINT('',(-6.806552889,-38.12222864,11.000000164));
#1834=CARTESIAN_POINT('',(-6.962005819,-38.109993355,11.000000164));
#1835=CARTESIAN_POINT('',(-7.117126237,-38.084484587,11.000000164));
#1836=CARTESIAN_POINT('',(-7.270090636,-38.059330365,11.000000164));
#1837=CARTESIAN_POINT('',(-7.421244188,-38.021238551,11.000000164));
#1838=CARTESIAN_POINT('',(-7.723847543,-37.944980267,11.000000164));
#1839=CARTESIAN_POINT('',(-8.010123752,-37.818290489,11.000000164));
#1840=B_SPLINE_CURVE_WITH_KNOTS('',2,(#1777,#1778,#1779,#1780,#1781,#1782,#1783,#1784,#1785,#1786,#1787,#1788,#1789,#1790,#1791,#1792,#1793,#1794,#1795,#1796,#1797,#1798,#1799,#1800,#1801,#1802,
#1803,#1804,#1805,#1806,#1807,#1808,#1809,#1810,#1811,#1812,#1813,#1814,#1815,#1816,#1817,#1818,#1819,#1820,#1821,#1822,#1823,#1824,#1825,#1826,#1827,
#1828,#1829,#1830,#1831,#1832,#1833,#1834,#1835,#1836,#1837,#1838,#1839),.UNSPECIFIED.,.F.,.F.,(3,2,2,2,2,2,2,2,2,2,2,2,2,2,2,2,2,2,2,2,2,2,2,2,2,2,
2,2,2,2,2,3),(0.,0.03125,0.0625,0.09375,0.125,0.15625,0.1875,0.21875,0.25,0.28125,0.3125,0.34375,0.375,0.40625,0.4375,0.46875,0.5,0.53125,0.5625,0.59375,0.625,0.65625,0.6875,0.71875,0.75,0.78125,
0.8125,0.84375,0.875,0.90625,0.9375,1.),.UNSPECIFIED.);
#1841=EDGE_CURVE('',#1724,#1722,#1840,.T.);
#1842=ORIENTED_EDGE('',*,*,#1841,.F.);
#1843=EDGE_LOOP('',(#1776,#1842));
#1844=FACE_BOUND('',#1843,.T.);
#1845=CARTESIAN_POINT('',(-8.010075368,-25.318245373,10.999990692));
#1846=VERTEX_POINT('',#1845);
#1847=CARTESIAN_POINT('',(-6.299999784,-19.285036414,11.000000164));
#1848=VERTEX_POINT('',#1847);
#1849=CARTESIAN_POINT('',(-8.009905135,-25.318196346,11.000000164));
#1850=CARTESIAN_POINT('',(-8.119675392,-25.237910048,11.000000164));
#1851=CARTESIAN_POINT('',(-8.219766304,-25.153473736,11.000000164));
#1852=CARTESIAN_POINT('',(-8.320599068,-25.068411601,11.000000164));
#1853=CARTESIAN_POINT('',(-8.415727578,-24.975440035,11.000000164));
#1854=CARTESIAN_POINT('',(-8.604724963,-24.790727977,11.000000164));
#1855=CARTESIAN_POINT('',(-8.766491835,-24.578583659,11.000000164));
#1856=CARTESIAN_POINT('',(-8.846530978,-24.473618722,11.000000164));
#1857=CARTESIAN_POINT('',(-8.919928742,-24.361473245,11.000000164));
#1858=CARTESIAN_POINT('',(-8.992572789,-24.250479382,11.000000164));
#1859=CARTESIAN_POINT('',(-9.057123257,-24.134379565,11.000000164));
#1860=CARTESIAN_POINT('',(-9.186420346,-23.901827137,11.000000164));
#1861=CARTESIAN_POINT('',(-9.280180632,-23.653496632,11.000000164));
#1862=CARTESIAN_POINT('',(-9.373923798,-23.405211473,11.000000164));
#1863=CARTESIAN_POINT('',(-9.428458536,-23.147878355,11.000000164));
#1864=CARTESIAN_POINT('',(-9.483097615,-22.890052884,11.000000164));
#1865=CARTESIAN_POINT('',(-9.497371283,-22.62459274,11.000000164));
#1866=CARTESIAN_POINT('',(-9.511585664,-22.360235208,11.000000164));
#1867=CARTESIAN_POINT('',(-9.485058187,-22.097791115,11.000000164));
#1868=CARTESIAN_POINT('',(-9.458380246,-21.833858442,11.000000164));
#1869=CARTESIAN_POINT('',(-9.391345571,-21.579853823,11.000000164));
#1870=CARTESIAN_POINT('',(-9.323805816,-21.323935382,11.000000164));
#1871=CARTESIAN_POINT('',(-9.216400152,-21.084589969,11.000000164));
#1872=CARTESIAN_POINT('',(-9.109125274,-20.845536004,11.000000164));
#1873=CARTESIAN_POINT('',(-8.962890419,-20.625515828,11.000000164));
#1874=CARTESIAN_POINT('',(-8.817218287,-20.406342304,11.000000164));
#1875=CARTESIAN_POINT('',(-8.637894733,-20.214635994,11.000000164));
#1876=CARTESIAN_POINT('',(-8.578650407,-20.151300693,11.000000164));
#1877=CARTESIAN_POINT('',(-8.515500634,-20.090985438,11.000000164));
#1878=CARTESIAN_POINT('',(-8.388593429,-19.969774543,11.000000164));
#1879=CARTESIAN_POINT('',(-8.250121997,-19.865124207,11.000000164));
#1880=CARTESIAN_POINT('',(-8.041379546,-19.707366268,11.000000164));
#1881=CARTESIAN_POINT('',(-7.808229594,-19.589276705,11.000000164));
#1882=CARTESIAN_POINT('',(-7.575277344,-19.471287278,11.000000164));
#1883=CARTESIAN_POINT('',(-7.324868566,-19.396191145,11.000000164));
#1884=CARTESIAN_POINT('',(-7.242433519,-19.371469355,11.000000164));
#1885=CARTESIAN_POINT('',(-7.15775447,-19.351509935,11.000000164));
#1886=CARTESIAN_POINT('',(-6.988474921,-19.311609608,11.000000164));
#1887=CARTESIAN_POINT('',(-6.816637539,-19.292693885,11.000000164));
#1888=CARTESIAN_POINT('',(-6.556927016,-19.264105156,11.000000164));
#1889=CARTESIAN_POINT('',(-6.3,-19.285033727,11.000000164));
#1890=B_SPLINE_CURVE_WITH_KNOTS('',2,(#1849,#1850,#1851,#1852,#1853,#1854,#1855,#1856,#1857,#1858,#1859,#1860,#1861,#1862,#1863,#1864,#1865,#1866,#1867,#1868,#1869,#1870,#1871,#1872,#1873,#1874,
#1875,#1876,#1877,#1878,#1879,#1880,#1881,#1882,#1883,#1884,#1885,#1886,#1887,#1888,#1889),.UNSPECIFIED.,.F.,.F.,(3,2,2,2,2,2,2,2,2,2,2,2,2,2,2,2,2,2,2,2,3),(0.,0.03125,0.0625,0.125,0.15625,0.1875,0.25,0.3125,0.375,0.4375,0.5,0.5625,0.625,0.6875,0.708333333,0.75,0.8125,0.875,0.895833333,0.9375,1.),.UNSPECIFIED.);
#1891=EDGE_CURVE('',#1846,#1848,#1890,.T.);
#1892=ORIENTED_EDGE('',*,*,#1891,.F.);
#1893=CARTESIAN_POINT('',(-4.857988985,-19.858758074,11.000006756));
#1894=VERTEX_POINT('',#1893);
#1895=CARTESIAN_POINT('',(-4.857995311,-19.85880046,11.000000164));
#1896=CARTESIAN_POINT('',(-4.710507095,-19.913740746,11.000000164));
#1897=CARTESIAN_POINT('',(-4.571264727,-19.987110038,11.000000164));
#1898=CARTESIAN_POINT('',(-4.435128227,-20.058842791,11.000000164));
#1899=CARTESIAN_POINT('',(-4.305907876,-20.149142961,11.000000164));
#1900=CARTESIAN_POINT('',(-4.17892104,-20.237882334,11.000000164));
#1901=CARTESIAN_POINT('',(-4.061135856,-20.3432645,11.000000164));
#1902=CARTESIAN_POINT('',(-3.944892865,-20.447266871,11.000000164));
#1903=CARTESIAN_POINT('',(-3.840043548,-20.565814981,11.000000164));
#1904=CARTESIAN_POINT('',(-3.737324789,-20.681954171,11.000000164));
#1905=CARTESIAN_POINT('',(-3.647710906,-20.810162599,11.000000164));
#1906=CARTESIAN_POINT('',(-3.558299216,-20.938081755,11.000000164));
#1907=CARTESIAN_POINT('',(-3.483869887,-21.075894824,11.000000164));
#1908=CARTESIAN_POINT('',(-3.409853108,-21.212944017,11.000000164));
#1909=CARTESIAN_POINT('',(-3.350950926,-21.360284232,11.000000164));
#1910=CARTESIAN_POINT('',(-3.293636208,-21.503653502,11.000000164));
#1911=CARTESIAN_POINT('',(-3.251664705,-21.65503101,11.000000164));
#1912=CARTESIAN_POINT('',(-3.210270302,-21.804327106,11.000000164));
#1913=CARTESIAN_POINT('',(-3.184728261,-21.959349112,11.000000164));
#1914=CARTESIAN_POINT('',(-3.159294194,-22.113715795,11.000000164));
#1915=CARTESIAN_POINT('',(-3.150303416,-22.271489451,11.000000164));
#1916=CARTESIAN_POINT('',(-3.141467452,-22.426546362,11.000000164));
#1917=CARTESIAN_POINT('',(-3.148983105,-22.582653758,11.000000164));
#1918=CARTESIAN_POINT('',(-3.156437172,-22.737481956,11.000000164));
#1919=CARTESIAN_POINT('',(-3.180280896,-22.89162842,11.000000164));
#1920=CARTESIAN_POINT('',(-3.20404057,-23.045231516,11.000000164));
#1921=CARTESIAN_POINT('',(-3.244318275,-23.198345792,11.000000164));
#1922=CARTESIAN_POINT('',(-3.283837321,-23.348576048,11.000000164));
#1923=CARTESIAN_POINT('',(-3.339052486,-23.496344377,11.000000164));
#1924=CARTESIAN_POINT('',(-3.393167316,-23.641167958,11.000000164));
#1925=CARTESIAN_POINT('',(-3.461976551,-23.781709174,11.000000164));
#1926=CARTESIAN_POINT('',(-3.530312675,-23.921284069,11.000000164));
#1927=CARTESIAN_POINT('',(-3.612538392,-24.054687607,11.000000164));
#1928=CARTESIAN_POINT('',(-3.694791679,-24.188135876,11.000000164));
#1929=CARTESIAN_POINT('',(-3.790148615,-24.313513518,11.000000164));
#1930=CARTESIAN_POINT('',(-3.884188268,-24.437159165,11.000000164));
#1931=CARTESIAN_POINT('',(-3.990344854,-24.551548564,11.000000164));
#1932=CARTESIAN_POINT('',(-4.095040959,-24.664364216,11.000000164));
#1933=CARTESIAN_POINT('',(-4.212105872,-24.768501144,11.000000164));
#1934=CARTESIAN_POINT('',(-4.327994528,-24.871591714,11.000000164));
#1935=CARTESIAN_POINT('',(-4.454955325,-24.964836951,11.000000164));
#1936=CARTESIAN_POINT('',(-4.580568382,-25.057092353,11.000000164));
#1937=CARTESIAN_POINT('',(-4.715806219,-25.138447854,11.000000164));
#1938=CARTESIAN_POINT('',(-4.848421214,-25.218225522,11.000000164));
#1939=CARTESIAN_POINT('',(-4.98899225,-25.286399363,11.000000164));
#1940=CARTESIAN_POINT('',(-5.128364434,-25.353991788,11.000000164));
#1941=CARTESIAN_POINT('',(-5.274158616,-25.409176905,11.000000164));
#1942=CARTESIAN_POINT('',(-5.420322624,-25.464502006,11.000000164));
#1943=CARTESIAN_POINT('',(-5.571449265,-25.506478006,11.000000164));
#1944=CARTESIAN_POINT('',(-5.721208461,-25.548074192,11.000000164));
#1945=CARTESIAN_POINT('',(-5.876445758,-25.57632046,11.000000164));
#1946=CARTESIAN_POINT('',(-6.028088417,-25.603912665,11.000000164));
#1947=CARTESIAN_POINT('',(-6.184013989,-25.618335855,11.000000164));
#1948=CARTESIAN_POINT('',(-6.337662936,-25.632548456,11.000000164));
#1949=CARTESIAN_POINT('',(-6.494056607,-25.633563809,11.000000164));
#1950=CARTESIAN_POINT('',(-6.649697889,-25.634574278,11.000000164));
#1951=CARTESIAN_POINT('',(-6.806552889,-25.62222864,11.000000164));
#1952=CARTESIAN_POINT('',(-6.962005819,-25.609993355,11.000000164));
#1953=CARTESIAN_POINT('',(-7.117126237,-25.584484587,11.000000164));
#1954=CARTESIAN_POINT('',(-7.270090636,-25.559330365,11.000000164));
#1955=CARTESIAN_POINT('',(-7.421244188,-25.521238551,11.000000164));
#1956=CARTESIAN_POINT('',(-7.723847543,-25.444980267,11.000000164));
#1957=CARTESIAN_POINT('',(-8.010123752,-25.318290489,11.000000164));
#1958=B_SPLINE_CURVE_WITH_KNOTS('',2,(#1895,#1896,#1897,#1898,#1899,#1900,#1901,#1902,#1903,#1904,#1905,#1906,#1907,#1908,#1909,#1910,#1911,#1912,#1913,#1914,#1915,#1916,#1917,#1918,#1919,#1920,
#1921,#1922,#1923,#1924,#1925,#1926,#1927,#1928,#1929,#1930,#1931,#1932,#1933,#1934,#1935,#1936,#1937,#1938,#1939,#1940,#1941,#1942,#1943,#1944,#1945,
#1946,#1947,#1948,#1949,#1950,#1951,#1952,#1953,#1954,#1955,#1956,#1957),.UNSPECIFIED.,.F.,.F.,(3,2,2,2,2,2,2,2,2,2,2,2,2,2,2,2,2,2,2,2,2,2,2,2,2,2,
2,2,2,2,2,3),(0.,0.03125,0.0625,0.09375,0.125,0.15625,0.1875,0.21875,0.25,0.28125,0.3125,0.34375,0.375,0.40625,0.4375,0.46875,0.5,0.53125,0.5625,0.59375,0.625,0.65625,0.6875,0.71875,0.75,0.78125,
0.8125,0.84375,0.875,0.90625,0.9375,1.),.UNSPECIFIED.);
#1959=EDGE_CURVE('',#1894,#1846,#1958,.T.);
#1960=ORIENTED_EDGE('',*,*,#1959,.F.);
#1961=CARTESIAN_POINT('',(-5.966797706,-19.333266737,11.000000164));
#1962=CARTESIAN_POINT('',(-5.814011201,-19.365255771,11.000000164));
#1963=CARTESIAN_POINT('',(-5.666944349,-19.414344838,11.000000164));
#1964=CARTESIAN_POINT('',(-5.519055349,-19.463708328,11.000000164));
#1965=CARTESIAN_POINT('',(-5.379236904,-19.529579608,11.000000164));
#1966=CARTESIAN_POINT('',(-5.238198577,-19.596025599,11.000000164));
#1967=CARTESIAN_POINT('',(-5.108040839,-19.678042338,11.000000164));
#1968=CARTESIAN_POINT('',(-4.97532684,-19.761669862,11.000000164));
#1969=CARTESIAN_POINT('',(-4.857953128,-19.858687203,11.000000164));
#1970=B_SPLINE_CURVE_WITH_KNOTS('',2,(#1961,#1962,#1963,#1964,#1965,#1966,#1967,#1968,#1969),.UNSPECIFIED.,.F.,.F.,(3,2,2,2,3),(0.,0.25,0.5,0.75,1.),.UNSPECIFIED.);
#1971=EDGE_CURVE('',#265,#1894,#1970,.T.);
#1972=ORIENTED_EDGE('',*,*,#1971,.F.);
#1973=ORIENTED_EDGE('',*,*,#335,.T.);
#1974=CARTESIAN_POINT('',(4.489924632,-25.318245373,10.999990692));
#1975=VERTEX_POINT('',#1974);
#1976=CARTESIAN_POINT('',(4.490094865,-25.318196346,11.000000164));
#1977=CARTESIAN_POINT('',(4.390664186,-25.245472447,11.000000164));
#1978=CARTESIAN_POINT('',(4.299098835,-25.169283722,11.000000164));
#1979=CARTESIAN_POINT('',(4.207477552,-25.093048458,11.000000164));
#1980=CARTESIAN_POINT('',(4.120165502,-25.010046964,11.000000164));
#1981=CARTESIAN_POINT('',(3.946853777,-24.845291561,11.000000164));
#1982=CARTESIAN_POINT('',(3.795007359,-24.657021234,11.000000164));
#1983=CARTESIAN_POINT('',(3.64443279,-24.470327838,11.000000164));
#1984=CARTESIAN_POINT('',(3.518129673,-24.263493331,11.000000164));
#1985=CARTESIAN_POINT('',(3.393030391,-24.058630231,11.000000164));
#1986=CARTESIAN_POINT('',(3.29576993,-23.838879501,11.000000164));
#1987=CARTESIAN_POINT('',(3.197775537,-23.617470523,11.000000164));
#1988=CARTESIAN_POINT('',(3.131583354,-23.388162875,11.000000164));
#1989=CARTESIAN_POINT('',(3.065127522,-23.157941879,11.000000164));
#1990=CARTESIAN_POINT('',(3.031525907,-22.921304176,11.000000164));
#1991=CARTESIAN_POINT('',(2.997968045,-22.684974597,11.000000164));
#1992=CARTESIAN_POINT('',(2.997676973,-22.443764157,11.000000164));
#1993=CARTESIAN_POINT('',(2.997388964,-22.205091764,11.000000164));
#1994=CARTESIAN_POINT('',(3.0306404,-21.967751336,11.000000164));
#1995=CARTESIAN_POINT('',(3.063903839,-21.730325235,11.000000164));
#1996=CARTESIAN_POINT('',(3.130361397,-21.50157454,11.000000164));
#1997=CARTESIAN_POINT('',(3.197012611,-21.272157272,11.000000164));
#1998=CARTESIAN_POINT('',(3.296628137,-21.055952252,11.000000164));
#1999=CARTESIAN_POINT('',(3.395912455,-20.840466085,11.000000164));
#2000=CARTESIAN_POINT('',(3.527285671,-20.640381473,11.000000164));
#2001=CARTESIAN_POINT('',(3.657939557,-20.441392419,11.000000164));
#2002=CARTESIAN_POINT('',(3.816755962,-20.264153846,11.000000164));
#2003=CARTESIAN_POINT('',(3.976035445,-20.086398481,11.000000164));
#2004=CARTESIAN_POINT('',(4.158869442,-19.936702264,11.000000164));
#2005=CARTESIAN_POINT('',(4.342658419,-19.786224153,11.000000164));
#2006=CARTESIAN_POINT('',(4.547036958,-19.667757402,11.000000164));
#2007=CARTESIAN_POINT('',(4.751025056,-19.549516967,11.000000164));
#2008=CARTESIAN_POINT('',(4.972909595,-19.46492279,11.000000164));
#2009=CARTESIAN_POINT('',(5.194234534,-19.380541962,11.000000164));
#2010=CARTESIAN_POINT('',(5.425121397,-19.333266737,11.000000164));
#2011=B_SPLINE_CURVE_WITH_KNOTS('',2,(#1976,#1977,#1978,#1979,#1980,#1981,#1982,#1983,#1984,#1985,#1986,#1987,#1988,#1989,#1990,#1991,#1992,#1993,#1994,#1995,#1996,#1997,#1998,#1999,#2000,#2001,
#2002,#2003,#2004,#2005,#2006,#2007,#2008,#2009,#2010),.UNSPECIFIED.,.F.,.F.,(3,2,2,2,2,2,2,2,2,2,2,2,2,2,2,2,2,3),(0.,0.03125,0.0625,0.125,0.1875,0.25,0.3125,0.375,0.4375,0.5,0.5625,0.625,0.6875,0.75,0.8125,0.875,0.9375,1.),.UNSPECIFIED.);
#2012=EDGE_CURVE('',#1975,#326,#2011,.T.);
#2013=ORIENTED_EDGE('',*,*,#2012,.F.);
#2014=CARTESIAN_POINT('',(7.642011015,-19.858758074,11.000006756));
#2015=VERTEX_POINT('',#2014);
#2016=CARTESIAN_POINT('',(7.642004689,-19.85880046,11.000000164));
#2017=CARTESIAN_POINT('',(7.789492905,-19.913740746,11.000000164));
#2018=CARTESIAN_POINT('',(7.928735273,-19.987110038,11.000000164));
#2019=CARTESIAN_POINT('',(8.064871773,-20.058842791,11.000000164));
#2020=CARTESIAN_POINT('',(8.194092124,-20.149142961,11.000000164));
#2021=CARTESIAN_POINT('',(8.32107896,-20.237882334,11.000000164));
#2022=CARTESIAN_POINT('',(8.438864144,-20.3432645,11.000000164));
#2023=CARTESIAN_POINT('',(8.555107135,-20.447266871,11.000000164));
#2024=CARTESIAN_POINT('',(8.659956452,-20.565814981,11.000000164));
#2025=CARTESIAN_POINT('',(8.762675211,-20.681954171,11.000000164));
#2026=CARTESIAN_POINT('',(8.852289094,-20.810162599,11.000000164));
#2027=CARTESIAN_POINT('',(8.941700784,-20.938081755,11.000000164));
#2028=CARTESIAN_POINT('',(9.016130113,-21.075894824,11.000000164));
#2029=CARTESIAN_POINT('',(9.090146892,-21.212944017,11.000000164));
#2030=CARTESIAN_POINT('',(9.149049074,-21.360284232,11.000000164));
#2031=CARTESIAN_POINT('',(9.206363792,-21.503653502,11.000000164));
#2032=CARTESIAN_POINT('',(9.248335295,-21.65503101,11.000000164));
#2033=CARTESIAN_POINT('',(9.289729698,-21.804327106,11.000000164));
#2034=CARTESIAN_POINT('',(9.315271739,-21.959349112,11.000000164));
#2035=CARTESIAN_POINT('',(9.340705806,-22.113715795,11.000000164));
#2036=CARTESIAN_POINT('',(9.349696584,-22.271489451,11.000000164));
#2037=CARTESIAN_POINT('',(9.358532548,-22.426546362,11.000000164));
#2038=CARTESIAN_POINT('',(9.351016895,-22.582653758,11.000000164));
#2039=CARTESIAN_POINT('',(9.343562828,-22.737481956,11.000000164));
#2040=CARTESIAN_POINT('',(9.319719104,-22.89162842,11.000000164));
#2041=CARTESIAN_POINT('',(9.29595943,-23.045231516,11.000000164));
#2042=CARTESIAN_POINT('',(9.255681725,-23.198345792,11.000000164));
#2043=CARTESIAN_POINT('',(9.216162679,-23.348576048,11.000000164));
#2044=CARTESIAN_POINT('',(9.160947514,-23.496344377,11.000000164));
#2045=CARTESIAN_POINT('',(9.106832684,-23.641167958,11.000000164));
#2046=CARTESIAN_POINT('',(9.038023449,-23.781709174,11.000000164));
#2047=CARTESIAN_POINT('',(8.969687325,-23.921284069,11.000000164));
#2048=CARTESIAN_POINT('',(8.887461608,-24.054687607,11.000000164));
#2049=CARTESIAN_POINT('',(8.805208321,-24.188135876,11.000000164));
#2050=CARTESIAN_POINT('',(8.709851385,-24.313513518,11.000000164));
#2051=CARTESIAN_POINT('',(8.615811732,-24.437159165,11.000000164));
#2052=CARTESIAN_POINT('',(8.509655146,-24.551548564,11.000000164));
#2053=CARTESIAN_POINT('',(8.404959041,-24.664364216,11.000000164));
#2054=CARTESIAN_POINT('',(8.287894128,-24.768501144,11.000000164));
#2055=CARTESIAN_POINT('',(8.172005472,-24.871591714,11.000000164));
#2056=CARTESIAN_POINT('',(8.045044675,-24.964836951,11.000000164));
#2057=CARTESIAN_POINT('',(7.919431618,-25.057092353,11.000000164));
#2058=CARTESIAN_POINT('',(7.784193781,-25.138447854,11.000000164));
#2059=CARTESIAN_POINT('',(7.651578786,-25.218225522,11.000000164));
#2060=CARTESIAN_POINT('',(7.51100775,-25.286399363,11.000000164));
#2061=CARTESIAN_POINT('',(7.371635566,-25.353991788,11.000000164));
#2062=CARTESIAN_POINT('',(7.225841384,-25.409176905,11.000000164));
#2063=CARTESIAN_POINT('',(7.079677376,-25.464502006,11.000000164));
#2064=CARTESIAN_POINT('',(6.928550735,-25.506478006,11.000000164));
#2065=CARTESIAN_POINT('',(6.778791539,-25.548074192,11.000000164));
#2066=CARTESIAN_POINT('',(6.623554242,-25.57632046,11.000000164));
#2067=CARTESIAN_POINT('',(6.471911583,-25.603912665,11.000000164));
#2068=CARTESIAN_POINT('',(6.315986011,-25.618335855,11.000000164));
#2069=CARTESIAN_POINT('',(6.162337064,-25.632548456,11.000000164));
#2070=CARTESIAN_POINT('',(6.005943393,-25.633563809,11.000000164));
#2071=CARTESIAN_POINT('',(5.850302111,-25.634574278,11.000000164));
#2072=CARTESIAN_POINT('',(5.693447111,-25.62222864,11.000000164));
#2073=CARTESIAN_POINT('',(5.537994181,-25.609993355,11.000000164));
#2074=CARTESIAN_POINT('',(5.382873763,-25.584484587,11.000000164));
#2075=CARTESIAN_POINT('',(5.229909364,-25.559330365,11.000000164));
#2076=CARTESIAN_POINT('',(5.078755812,-25.521238551,11.000000164));
#2077=CARTESIAN_POINT('',(4.776152457,-25.444980267,11.000000164));
#2078=CARTESIAN_POINT('',(4.489876248,-25.318290489,11.000000164));
#2079=B_SPLINE_CURVE_WITH_KNOTS('',2,(#2016,#2017,#2018,#2019,#2020,#2021,#2022,#2023,#2024,#2025,#2026,#2027,#2028,#2029,#2030,#2031,#2032,#2033,#2034,#2035,#2036,#2037,#2038,#2039,#2040,#2041,
#2042,#2043,#2044,#2045,#2046,#2047,#2048,#2049,#2050,#2051,#2052,#2053,#2054,#2055,#2056,#2057,#2058,#2059,#2060,#2061,#2062,#2063,#2064,#2065,#2066,
#2067,#2068,#2069,#2070,#2071,#2072,#2073,#2074,#2075,#2076,#2077,#2078),.UNSPECIFIED.,.F.,.F.,(3,2,2,2,2,2,2,2,2,2,2,2,2,2,2,2,2,2,2,2,2,2,2,2,2,2,
2,2,2,2,2,3),(0.,0.03125,0.0625,0.09375,0.125,0.15625,0.1875,0.21875,0.25,0.28125,0.3125,0.34375,0.375,0.40625,0.4375,0.46875,0.5,0.53125,0.5625,0.59375,0.625,0.65625,0.6875,0.71875,0.75,0.78125,
0.8125,0.84375,0.875,0.90625,0.9375,1.),.UNSPECIFIED.);
#2080=EDGE_CURVE('',#2015,#1975,#2079,.T.);
#2081=ORIENTED_EDGE('',*,*,#2080,.F.);
#2082=CARTESIAN_POINT('',(6.533202294,-19.333266737,11.000000164));
#2083=CARTESIAN_POINT('',(6.685988799,-19.365255771,11.000000164));
#2084=CARTESIAN_POINT('',(6.833055651,-19.414344838,11.000000164));
#2085=CARTESIAN_POINT('',(6.980944651,-19.463708328,11.000000164));
#2086=CARTESIAN_POINT('',(7.120763096,-19.529579608,11.000000164));
#2087=CARTESIAN_POINT('',(7.261801423,-19.596025599,11.000000164));
#2088=CARTESIAN_POINT('',(7.391959161,-19.678042338,11.000000164));
#2089=CARTESIAN_POINT('',(7.52467316,-19.761669862,11.000000164));
#2090=CARTESIAN_POINT('',(7.642046872,-19.858687203,11.000000164));
#2091=B_SPLINE_CURVE_WITH_KNOTS('',2,(#2082,#2083,#2084,#2085,#2086,#2087,#2088,#2089,#2090),.UNSPECIFIED.,.F.,.F.,(3,2,2,2,3),(0.,0.25,0.5,0.75,1.),.UNSPECIFIED.);
#2092=EDGE_CURVE('',#319,#2015,#2091,.T.);
#2093=ORIENTED_EDGE('',*,*,#2092,.F.);
#2094=ORIENTED_EDGE('',*,*,#323,.T.);
#2095=ORIENTED_EDGE('',*,*,#506,.F.);
#2096=ORIENTED_EDGE('',*,*,#695,.F.);
#2097=ORIENTED_EDGE('',*,*,#662,.T.);
#2098=CARTESIAN_POINT('',(-12.,-90.563953582,11.000000164));
#2099=VERTEX_POINT('',#2098);
#2100=CARTESIAN_POINT('',(12.,-90.563953582,11.000000164));
#2101=CARTESIAN_POINT('',(-12.,-90.563953582,11.000000164));
#2102=B_SPLINE_CURVE_WITH_KNOTS('',1,(#2100,#2101),.UNSPECIFIED.,.F.,.F.,(2,2),(-0.012,0.012),.UNSPECIFIED.);
#2103=EDGE_CURVE('',#651,#2099,#2102,.T.);
#2104=ORIENTED_EDGE('',*,*,#2103,.T.);
#2105=CARTESIAN_POINT('',(-12.,-90.563953582,11.000000164));
#2106=CARTESIAN_POINT('',(-12.,-14.533266737,11.000000164));
#2107=B_SPLINE_CURVE_WITH_KNOTS('',1,(#2105,#2106),.UNSPECIFIED.,.F.,.F.,(2,2),(-0.005073102,0.070957585),.UNSPECIFIED.);
#2108=EDGE_CURVE('',#2099,#171,#2107,.T.);
#2109=ORIENTED_EDGE('',*,*,#2108,.T.);
#2110=ORIENTED_EDGE('',*,*,#175,.T.);
#2111=CARTESIAN_POINT('',(-6.3,-19.285039065,11.000000164));
#2112=CARTESIAN_POINT('',(-6.3,-14.533266737,11.000000164));
#2113=B_SPLINE_CURVE_WITH_KNOTS('',1,(#2111,#2112),.UNSPECIFIED.,.F.,.F.,(2,2),(0.018748228,0.0235),.UNSPECIFIED.);
#2114=EDGE_CURVE('',#1848,#164,#2113,.T.);
#2115=ORIENTED_EDGE('',*,*,#2114,.F.);
#2116=EDGE_LOOP('',(#1892,#1960,#1972,#1973,#2013,#2081,#2093,#2094,#2095,#2096,#2097,#2104,#2109,#2110,#2115));
#2117=FACE_BOUND('',#2116,.T.);
#2118=CARTESIAN_POINT('',(-8.010075368,-87.818245373,10.999990692));
#2119=VERTEX_POINT('',#2118);
#2120=CARTESIAN_POINT('',(-4.857988985,-82.358758074,11.000006756));
#2121=VERTEX_POINT('',#2120);
#2122=CARTESIAN_POINT('',(-8.009905135,-87.818196346,11.000000164));
#2123=CARTESIAN_POINT('',(-8.140735591,-87.722506555,11.000000164));
#2124=CARTESIAN_POINT('',(-8.257638484,-87.621062037,11.000000164));
#2125=CARTESIAN_POINT('',(-8.377307431,-87.517217228,11.000000164));
#2126=CARTESIAN_POINT('',(-8.487212441,-87.403552413,11.000000164));
#2127=CARTESIAN_POINT('',(-8.706851558,-87.176399531,11.000000164));
#2128=CARTESIAN_POINT('',(-8.885309314,-86.913431307,11.000000164));
#2129=CARTESIAN_POINT('',(-9.063638026,-86.650653238,11.000000164));
#2130=CARTESIAN_POINT('',(-9.193386928,-86.363149875,11.000000164));
#2131=CARTESIAN_POINT('',(-9.32463898,-86.072315768,11.000000164));
#2132=CARTESIAN_POINT('',(-9.400608168,-85.7685527,11.000000164));
#2133=CARTESIAN_POINT('',(-9.477048493,-85.462905788,11.000000164));
#2134=CARTESIAN_POINT('',(-9.496085537,-85.147197281,11.000000164));
#2135=CARTESIAN_POINT('',(-9.515093366,-84.831973296,11.000000164));
#2136=CARTESIAN_POINT('',(-9.476265045,-84.519906228,11.000000164));
#2137=CARTESIAN_POINT('',(-9.437114385,-84.205248487,11.000000164));
#2138=CARTESIAN_POINT('',(-9.34098531,-83.908289692,11.000000164));
#2139=CARTESIAN_POINT('',(-9.244185801,-83.609259819,11.000000164));
#2140=CARTESIAN_POINT('',(-9.091011735,-83.335308005,11.000000164));
#2141=CARTESIAN_POINT('',(-9.01465455,-83.198743179,11.000000164));
#2142=CARTESIAN_POINT('',(-8.925362214,-83.070339542,11.000000164));
#2143=CARTESIAN_POINT('',(-8.835967721,-82.941789003,11.000000164));
#2144=CARTESIAN_POINT('',(-8.734803683,-82.823125813,11.000000164));
#2145=CARTESIAN_POINT('',(-8.633149039,-82.703887154,11.000000164));
#2146=CARTESIAN_POINT('',(-8.52098544,-82.596235033,11.000000164));
#2147=CARTESIAN_POINT('',(-8.407897584,-82.487695832,11.000000164));
#2148=CARTESIAN_POINT('',(-8.285644805,-82.392382872,11.000000164));
#2149=CARTESIAN_POINT('',(-8.039239406,-82.200275764,11.000000164));
#2150=CARTESIAN_POINT('',(-7.758560109,-82.06471796,11.000000164));
#2151=CARTESIAN_POINT('',(-7.618663984,-81.997153264,11.000000164));
#2152=CARTESIAN_POINT('',(-7.472564167,-81.944766122,11.000000164));
#2153=CARTESIAN_POINT('',(-7.326235035,-81.892296754,11.000000164));
#2154=CARTESIAN_POINT('',(-7.175940335,-81.855854485,11.000000164));
#2155=CARTESIAN_POINT('',(-7.02479019,-81.819204794,11.000000164));
#2156=CARTESIAN_POINT('',(-6.871990281,-81.799330366,11.000000164));
#2157=CARTESIAN_POINT('',(-6.717750922,-81.77926871,11.000000164));
#2158=CARTESIAN_POINT('',(-6.564216524,-81.776603181,11.000000164));
#2159=CARTESIAN_POINT('',(-6.409956518,-81.773925055,11.000000164));
#2160=CARTESIAN_POINT('',(-6.256379,-81.788947844,11.000000164));
#2161=CARTESIAN_POINT('',(-6.103105382,-81.803940905,11.000000164));
#2162=CARTESIAN_POINT('',(-5.952512124,-81.836298405,11.000000164));
#2163=CARTESIAN_POINT('',(-5.801875696,-81.868665181,11.000000164));
#2164=CARTESIAN_POINT('',(-5.656607208,-81.917821222,11.000000164));
#2165=CARTESIAN_POINT('',(-5.510615899,-81.967221851,11.000000164));
#2166=CARTESIAN_POINT('',(-5.372694217,-82.032674871,11.000000164));
#2167=CARTESIAN_POINT('',(-5.233474971,-82.098743672,11.000000164));
#2168=CARTESIAN_POINT('',(-5.104994265,-82.179966082,11.000000164));
#2169=CARTESIAN_POINT('',(-4.973943835,-82.262813009,11.000000164));
#2170=CARTESIAN_POINT('',(-4.857953128,-82.358687203,11.000000164));
#2171=B_SPLINE_CURVE_WITH_KNOTS('',2,(#2122,#2123,#2124,#2125,#2126,#2127,#2128,#2129,#2130,#2131,#2132,#2133,#2134,#2135,#2136,#2137,#2138,#2139,#2140,#2141,#2142,#2143,#2144,#2145,#2146,#2147,
#2148,#2149,#2150,#2151,#2152,#2153,#2154,#2155,#2156,#2157,#2158,#2159,#2160,#2161,#2162,#2163,#2164,#2165,#2166,#2167,#2168,#2169,#2170),.UNSPECIFIED.,.F.,.F.,(3,2,2,2,2,2,2,2,2,2,2,2,2,2,2,2,2,2,2,2,2,2,2,2,3),(0.,0.03125,0.0625,0.125,0.1875,0.25,0.3125,0.375,0.4375,0.5,0.53125,0.5625,0.59375,0.625,0.6875,0.71875,0.75,0.78125,0.8125,0.84375,0.875,0.90625,0.9375,0.96875,1.),.UNSPECIFIED.);
#2172=EDGE_CURVE('',#2119,#2121,#2171,.T.);
#2173=ORIENTED_EDGE('',*,*,#2172,.F.);
#2174=CARTESIAN_POINT('',(-4.857995311,-82.35880046,11.000000164));
#2175=CARTESIAN_POINT('',(-4.710507095,-82.413740746,11.000000164));
#2176=CARTESIAN_POINT('',(-4.571264727,-82.487110038,11.000000164));
#2177=CARTESIAN_POINT('',(-4.435128227,-82.558842791,11.000000164));
#2178=CARTESIAN_POINT('',(-4.305907876,-82.649142961,11.000000164));
#2179=CARTESIAN_POINT('',(-4.17892104,-82.737882334,11.000000164));
#2180=CARTESIAN_POINT('',(-4.061135856,-82.8432645,11.000000164));
#2181=CARTESIAN_POINT('',(-3.944892865,-82.947266871,11.000000164));
#2182=CARTESIAN_POINT('',(-3.840043548,-83.065814981,11.000000164));
#2183=CARTESIAN_POINT('',(-3.737324789,-83.181954171,11.000000164));
#2184=CARTESIAN_POINT('',(-3.647710906,-83.310162599,11.000000164));
#2185=CARTESIAN_POINT('',(-3.558299216,-83.438081755,11.000000164));
#2186=CARTESIAN_POINT('',(-3.483869887,-83.575894824,11.000000164));
#2187=CARTESIAN_POINT('',(-3.409853108,-83.712944017,11.000000164));
#2188=CARTESIAN_POINT('',(-3.350950926,-83.860284232,11.000000164));
#2189=CARTESIAN_POINT('',(-3.293636208,-84.003653502,11.000000164));
#2190=CARTESIAN_POINT('',(-3.251664705,-84.15503101,11.000000164));
#2191=CARTESIAN_POINT('',(-3.210270302,-84.304327106,11.000000164));
#2192=CARTESIAN_POINT('',(-3.184728261,-84.459349112,11.000000164));
#2193=CARTESIAN_POINT('',(-3.159294194,-84.613715795,11.000000164));
#2194=CARTESIAN_POINT('',(-3.150303416,-84.771489451,11.000000164));
#2195=CARTESIAN_POINT('',(-3.141467452,-84.926546362,11.000000164));
#2196=CARTESIAN_POINT('',(-3.148983105,-85.082653758,11.000000164));
#2197=CARTESIAN_POINT('',(-3.156437172,-85.237481956,11.000000164));
#2198=CARTESIAN_POINT('',(-3.180280896,-85.39162842,11.000000164));
#2199=CARTESIAN_POINT('',(-3.20404057,-85.545231516,11.000000164));
#2200=CARTESIAN_POINT('',(-3.244318275,-85.698345792,11.000000164));
#2201=CARTESIAN_POINT('',(-3.283837321,-85.848576048,11.000000164));
#2202=CARTESIAN_POINT('',(-3.339052486,-85.996344377,11.000000164));
#2203=CARTESIAN_POINT('',(-3.393167316,-86.141167958,11.000000164));
#2204=CARTESIAN_POINT('',(-3.461976551,-86.281709174,11.000000164));
#2205=CARTESIAN_POINT('',(-3.530312675,-86.421284069,11.000000164));
#2206=CARTESIAN_POINT('',(-3.612538392,-86.554687607,11.000000164));
#2207=CARTESIAN_POINT('',(-3.694791679,-86.688135876,11.000000164));
#2208=CARTESIAN_POINT('',(-3.790148615,-86.813513518,11.000000164));
#2209=CARTESIAN_POINT('',(-3.884188268,-86.937159165,11.000000164));
#2210=CARTESIAN_POINT('',(-3.990344854,-87.051548564,11.000000164));
#2211=CARTESIAN_POINT('',(-4.095040959,-87.164364216,11.000000164));
#2212=CARTESIAN_POINT('',(-4.212105872,-87.268501144,11.000000164));
#2213=CARTESIAN_POINT('',(-4.327994528,-87.371591714,11.000000164));
#2214=CARTESIAN_POINT('',(-4.454955325,-87.464836951,11.000000164));
#2215=CARTESIAN_POINT('',(-4.580568382,-87.557092353,11.000000164));
#2216=CARTESIAN_POINT('',(-4.715806219,-87.638447854,11.000000164));
#2217=CARTESIAN_POINT('',(-4.848421214,-87.718225522,11.000000164));
#2218=CARTESIAN_POINT('',(-4.98899225,-87.786399363,11.000000164));
#2219=CARTESIAN_POINT('',(-5.128364434,-87.853991788,11.000000164));
#2220=CARTESIAN_POINT('',(-5.274158616,-87.909176905,11.000000164));
#2221=CARTESIAN_POINT('',(-5.420322624,-87.964502006,11.000000164));
#2222=CARTESIAN_POINT('',(-5.571449265,-88.006478006,11.000000164));
#2223=CARTESIAN_POINT('',(-5.721208461,-88.048074192,11.000000164));
#2224=CARTESIAN_POINT('',(-5.876445758,-88.07632046,11.000000164));
#2225=CARTESIAN_POINT('',(-6.028088417,-88.103912665,11.000000164));
#2226=CARTESIAN_POINT('',(-6.184013989,-88.118335855,11.000000164));
#2227=CARTESIAN_POINT('',(-6.337662936,-88.132548456,11.000000164));
#2228=CARTESIAN_POINT('',(-6.494056607,-88.133563809,11.000000164));
#2229=CARTESIAN_POINT('',(-6.649697889,-88.134574278,11.000000164));
#2230=CARTESIAN_POINT('',(-6.806552889,-88.12222864,11.000000164));
#2231=CARTESIAN_POINT('',(-6.962005819,-88.109993355,11.000000164));
#2232=CARTESIAN_POINT('',(-7.117126237,-88.084484587,11.000000164));
#2233=CARTESIAN_POINT('',(-7.270090636,-88.059330365,11.000000164));
#2234=CARTESIAN_POINT('',(-7.421244188,-88.021238551,11.000000164));
#2235=CARTESIAN_POINT('',(-7.723847543,-87.944980267,11.000000164));
#2236=CARTESIAN_POINT('',(-8.010123752,-87.818290489,11.000000164));
#2237=B_SPLINE_CURVE_WITH_KNOTS('',2,(#2174,#2175,#2176,#2177,#2178,#2179,#2180,#2181,#2182,#2183,#2184,#2185,#2186,#2187,#2188,#2189,#2190,#2191,#2192,#2193,#2194,#2195,#2196,#2197,#2198,#2199,
#2200,#2201,#2202,#2203,#2204,#2205,#2206,#2207,#2208,#2209,#2210,#2211,#2212,#2213,#2214,#2215,#2216,#2217,#2218,#2219,#2220,#2221,#2222,#2223,#2224,
#2225,#2226,#2227,#2228,#2229,#2230,#2231,#2232,#2233,#2234,#2235,#2236),.UNSPECIFIED.,.F.,.F.,(3,2,2,2,2,2,2,2,2,2,2,2,2,2,2,2,2,2,2,2,2,2,2,2,2,2,
2,2,2,2,2,3),(0.,0.03125,0.0625,0.09375,0.125,0.15625,0.1875,0.21875,0.25,0.28125,0.3125,0.34375,0.375,0.40625,0.4375,0.46875,0.5,0.53125,0.5625,0.59375,0.625,0.65625,0.6875,0.71875,0.75,0.78125,
0.8125,0.84375,0.875,0.90625,0.9375,1.),.UNSPECIFIED.);
#2238=EDGE_CURVE('',#2121,#2119,#2237,.T.);
#2239=ORIENTED_EDGE('',*,*,#2238,.F.);
#2240=EDGE_LOOP('',(#2173,#2239));
#2241=FACE_BOUND('',#2240,.T.);
#2242=ADVANCED_FACE('',(#852,#976,#1100,#1224,#1348,#1472,#1596,#1720,#1844,#2117,#2241),#728,.T.);
#2243=CARTESIAN_POINT('',(-2.8,-19.333266737,5.379560146));
#2244=CARTESIAN_POINT('',(-2.8,-14.533266737,5.379560146));
#2245=CARTESIAN_POINT('',(-2.8,-19.333266737,-3.882772148));
#2246=CARTESIAN_POINT('',(-2.8,-14.533266737,-3.882772148));
#2247=B_SPLINE_SURFACE_WITH_KNOTS('',1,1,((#2243,#2244),(#2245,#2246)),.UNSPECIFIED.,.F.,.F.,.U.,(2,2),(2,2),(-0.001411735,0.007850598),(-0.0048,0.),.UNSPECIFIED.);
#2248=CARTESIAN_POINT('',(-2.8,-15.406369047,0.000000164));
#2249=VERTEX_POINT('',#2248);
#2250=CARTESIAN_POINT('',(-2.8,-17.056369047,-1.649999836));
#2251=VERTEX_POINT('',#2250);
#2252=CARTESIAN_POINT('',(-2.8,-17.056369047,-1.649999836));
#2253=CARTESIAN_POINT('',(-2.8,-15.406369047,-1.649999836));
#2254=CARTESIAN_POINT('',(-2.8,-15.406369047,0.000000164));
#2255=CARTESIAN_POINT('',(-2.8,-15.406369047,1.650000164));
#2256=CARTESIAN_POINT('',(-2.8,-17.056369047,1.650000164));
#2257=CARTESIAN_POINT('',(-2.8,-18.706369047,1.650000164));
#2258=CARTESIAN_POINT('',(-2.8,-18.706369047,0.000000164));
#2259=CARTESIAN_POINT('',(-2.8,-18.706369047,-1.649999836));
#2260=CARTESIAN_POINT('',(-2.8,-17.056369047,-1.649999836));
#2261=(BOUNDED_CURVE()
B_SPLINE_CURVE(2,(#2252,#2253,#2254,#2255,#2256,#2257,#2258,#2259,#2260),.UNSPECIFIED.,.T.,.F.)
B_SPLINE_CURVE_WITH_KNOTS((3,2,2,2,3),(0.,1.570796327,3.141592654,4.71238898,6.283185307),.UNSPECIFIED.)
CURVE()
GEOMETRIC_REPRESENTATION_ITEM()
RATIONAL_B_SPLINE_CURVE((1.,0.707106781,1.,0.707106781,1.,0.707106781,1.,0.707106781,1.))
REPRESENTATION_ITEM(''));
#2262=EDGE_CURVE('',#2249,#2251,#2261,.T.);
#2263=ORIENTED_EDGE('',*,*,#2262,.F.);
#2264=CARTESIAN_POINT('',(-2.8,-17.056369047,-1.649999836));
#2265=CARTESIAN_POINT('',(-2.8,-15.406369047,-1.649999836));
#2266=CARTESIAN_POINT('',(-2.8,-15.406369047,0.000000164));
#2267=CARTESIAN_POINT('',(-2.8,-15.406369047,1.650000164));
#2268=CARTESIAN_POINT('',(-2.8,-17.056369047,1.650000164));
#2269=CARTESIAN_POINT('',(-2.8,-18.706369047,1.650000164));
#2270=CARTESIAN_POINT('',(-2.8,-18.706369047,0.000000164));
#2271=CARTESIAN_POINT('',(-2.8,-18.706369047,-1.649999836));
#2272=CARTESIAN_POINT('',(-2.8,-17.056369047,-1.649999836));
#2273=(BOUNDED_CURVE()
B_SPLINE_CURVE(2,(#2264,#2265,#2266,#2267,#2268,#2269,#2270,#2271,#2272),.UNSPECIFIED.,.T.,.F.)
B_SPLINE_CURVE_WITH_KNOTS((3,2,2,2,3),(0.,1.570796327,3.141592654,4.71238898,6.283185307),.UNSPECIFIED.)
CURVE()
GEOMETRIC_REPRESENTATION_ITEM()
RATIONAL_B_SPLINE_CURVE((1.,0.707106781,1.,0.707106781,1.,0.707106781,1.,0.707106781,1.))
REPRESENTATION_ITEM(''));
#2274=EDGE_CURVE('',#2251,#2249,#2273,.T.);
#2275=ORIENTED_EDGE('',*,*,#2274,.F.);
#2276=EDGE_LOOP('',(#2263,#2275));
#2277=FACE_BOUND('',#2276,.T.);
#2278=ORIENTED_EDGE('',*,*,#154,.F.);
#2279=ORIENTED_EDGE('',*,*,#362,.T.);
#2280=ORIENTED_EDGE('',*,*,#290,.T.);
#2281=CARTESIAN_POINT('',(-2.8,-14.533266737,-3.882772148));
#2282=CARTESIAN_POINT('',(-2.8,-19.333266737,-3.882772148));
#2283=B_SPLINE_CURVE_WITH_KNOTS('',1,(#2281,#2282),.UNSPECIFIED.,.F.,.F.,(2,2),(-0.0025,0.0023),.UNSPECIFIED.);
#2284=EDGE_CURVE('',#150,#279,#2283,.T.);
#2285=ORIENTED_EDGE('',*,*,#2284,.F.);
#2286=EDGE_LOOP('',(#2278,#2279,#2280,#2285));
#2287=FACE_BOUND('',#2286,.T.);
#2288=ADVANCED_FACE('',(#2277,#2287),#2247,.T.);
#2289=CARTESIAN_POINT('',(-6.3,-19.333266737,-3.882772148));
#2290=CARTESIAN_POINT('',(-6.3,-14.533266737,-3.882772148));
#2291=CARTESIAN_POINT('',(-6.3,-19.333266737,11.000000164));
#2292=CARTESIAN_POINT('',(-6.3,-14.533266737,11.000000164));
#2293=B_SPLINE_SURFACE_WITH_KNOTS('',1,1,((#2289,#2290),(#2291,#2292)),.UNSPECIFIED.,.F.,.F.,.U.,(2,2),(2,2),(-0.007850598,0.007032175),(0.0002,0.005),.UNSPECIFIED.);
#2294=CARTESIAN_POINT('',(-6.3,-15.406369047,0.000000164));
#2295=VERTEX_POINT('',#2294);
#2296=CARTESIAN_POINT('',(-6.3,-17.056369047,1.650000164));
#2297=VERTEX_POINT('',#2296);
#2298=CARTESIAN_POINT('',(-6.3,-17.056369047,1.650000164));
#2299=CARTESIAN_POINT('',(-6.3,-15.406369047,1.650000164));
#2300=CARTESIAN_POINT('',(-6.3,-15.406369047,0.000000164));
#2301=CARTESIAN_POINT('',(-6.3,-15.406369047,-1.649999836));
#2302=CARTESIAN_POINT('',(-6.3,-17.056369047,-1.649999836));
#2303=CARTESIAN_POINT('',(-6.3,-18.706369047,-1.649999836));
#2304=CARTESIAN_POINT('',(-6.3,-18.706369047,0.000000164));
#2305=CARTESIAN_POINT('',(-6.3,-18.706369047,1.650000164));
#2306=CARTESIAN_POINT('',(-6.3,-17.056369047,1.650000164));
#2307=(BOUNDED_CURVE()
B_SPLINE_CURVE(2,(#2298,#2299,#2300,#2301,#2302,#2303,#2304,#2305,#2306),.UNSPECIFIED.,.T.,.F.)
B_SPLINE_CURVE_WITH_KNOTS((3,2,2,2,3),(0.,1.570796327,3.141592654,4.71238898,6.283185307),.UNSPECIFIED.)
CURVE()
GEOMETRIC_REPRESENTATION_ITEM()
RATIONAL_B_SPLINE_CURVE((1.,0.707106781,1.,0.707106781,1.,0.707106781,1.,0.707106781,1.))
REPRESENTATION_ITEM(''));
#2308=EDGE_CURVE('',#2295,#2297,#2307,.T.);
#2309=ORIENTED_EDGE('',*,*,#2308,.F.);
#2310=CARTESIAN_POINT('',(-6.3,-17.056369047,1.650000164));
#2311=CARTESIAN_POINT('',(-6.3,-15.406369047,1.650000164));
#2312=CARTESIAN_POINT('',(-6.3,-15.406369047,0.000000164));
#2313=CARTESIAN_POINT('',(-6.3,-15.406369047,-1.649999836));
#2314=CARTESIAN_POINT('',(-6.3,-17.056369047,-1.649999836));
#2315=CARTESIAN_POINT('',(-6.3,-18.706369047,-1.649999836));
#2316=CARTESIAN_POINT('',(-6.3,-18.706369047,0.000000164));
#2317=CARTESIAN_POINT('',(-6.3,-18.706369047,1.650000164));
#2318=CARTESIAN_POINT('',(-6.3,-17.056369047,1.650000164));
#2319=(BOUNDED_CURVE()
B_SPLINE_CURVE(2,(#2310,#2311,#2312,#2313,#2314,#2315,#2316,#2317,#2318),.UNSPECIFIED.,.T.,.F.)
B_SPLINE_CURVE_WITH_KNOTS((3,2,2,2,3),(0.,1.570796327,3.141592654,4.71238898,6.283185307),.UNSPECIFIED.)
CURVE()
GEOMETRIC_REPRESENTATION_ITEM()
RATIONAL_B_SPLINE_CURVE((1.,0.707106781,1.,0.707106781,1.,0.707106781,1.,0.707106781,1.))
REPRESENTATION_ITEM(''));
#2320=EDGE_CURVE('',#2297,#2295,#2319,.T.);
#2321=ORIENTED_EDGE('',*,*,#2320,.F.);
#2322=EDGE_LOOP('',(#2309,#2321));
#2323=FACE_BOUND('',#2322,.T.);
#2324=ORIENTED_EDGE('',*,*,#168,.T.);
#2325=CARTESIAN_POINT('',(-6.3,-19.333266737,-3.882772148));
#2326=CARTESIAN_POINT('',(-6.3,-14.533266737,-3.882772148));
#2327=B_SPLINE_CURVE_WITH_KNOTS('',1,(#2325,#2326),.UNSPECIFIED.,.F.,.F.,(2,2),(-0.0023,0.0025),.UNSPECIFIED.);
#2328=EDGE_CURVE('',#272,#157,#2327,.T.);
#2329=ORIENTED_EDGE('',*,*,#2328,.F.);
#2330=ORIENTED_EDGE('',*,*,#276,.F.);
#2331=CARTESIAN_POINT('',(-6.3,-19.333266737,11.000000164));
#2332=CARTESIAN_POINT('',(-6.3,-19.285039065,11.000000164));
#2333=B_SPLINE_CURVE_WITH_KNOTS('',1,(#2331,#2332),.UNSPECIFIED.,.F.,.F.,(2,2),(0.0187,0.018748228),.UNSPECIFIED.);
#2334=EDGE_CURVE('',#263,#1848,#2333,.T.);
#2335=ORIENTED_EDGE('',*,*,#2334,.T.);
#2336=ORIENTED_EDGE('',*,*,#2114,.T.);
#2337=EDGE_LOOP('',(#2324,#2329,#2330,#2335,#2336));
#2338=FACE_BOUND('',#2337,.T.);
#2339=ADVANCED_FACE('',(#2323,#2338),#2293,.T.);
#2340=CARTESIAN_POINT('',(-12.,-90.563953582,14.125000164));
#2341=CARTESIAN_POINT('',(12.,-90.563953582,14.125000164));
#2342=CARTESIAN_POINT('',(-12.,-90.563953582,11.000000164));
#2343=CARTESIAN_POINT('',(12.,-90.563953582,11.000000164));
#2344=B_SPLINE_SURFACE_WITH_KNOTS('',1,1,((#2340,#2341),(#2342,#2343)),.UNSPECIFIED.,.F.,.F.,.U.,(2,2),(2,2),(-0.000625,0.0025),(-0.024,0.),.UNSPECIFIED.);
#2345=CARTESIAN_POINT('',(-12.,-90.563953582,14.125000164));
#2346=VERTEX_POINT('',#2345);
#2347=CARTESIAN_POINT('',(-12.,-90.563953582,14.125000164));
#2348=CARTESIAN_POINT('',(-12.,-90.563953582,11.000000164));
#2349=B_SPLINE_CURVE_WITH_KNOTS('',1,(#2347,#2348),.UNSPECIFIED.,.F.,.F.,(2,2),(-0.000625,0.0025),.UNSPECIFIED.);
#2350=EDGE_CURVE('',#2346,#2099,#2349,.T.);
#2351=ORIENTED_EDGE('',*,*,#2350,.T.);
#2352=ORIENTED_EDGE('',*,*,#2103,.F.);
#2353=ORIENTED_EDGE('',*,*,#655,.F.);
#2354=CARTESIAN_POINT('',(12.,-90.563953582,14.125000164));
#2355=CARTESIAN_POINT('',(-12.,-90.563953582,14.125000164));
#2356=B_SPLINE_CURVE_WITH_KNOTS('',1,(#2354,#2355),.UNSPECIFIED.,.F.,.F.,(2,2),(-0.012,0.012),.UNSPECIFIED.);
#2357=EDGE_CURVE('',#644,#2346,#2356,.T.);
#2358=ORIENTED_EDGE('',*,*,#2357,.T.);
#2359=EDGE_LOOP('',(#2351,#2352,#2353,#2358));
#2360=FACE_BOUND('',#2359,.T.);
#2361=ADVANCED_FACE('',(#2360),#2344,.T.);
#2362=CARTESIAN_POINT('',(-12.,-90.563953582,11.000000164));
#2363=CARTESIAN_POINT('',(-12.,-14.533266737,11.000000164));
#2364=CARTESIAN_POINT('',(-12.,-90.563953582,14.125000164));
#2365=CARTESIAN_POINT('',(-12.,-14.533266737,14.125000164));
#2366=B_SPLINE_SURFACE_WITH_KNOTS('',1,1,((#2362,#2363),(#2364,#2365)),.UNSPECIFIED.,.F.,.F.,.U.,(2,2),(2,2),(-0.0025,0.000625),(-0.005073102,0.070957585),.UNSPECIFIED.);
#2367=ORIENTED_EDGE('',*,*,#182,.T.);
#2368=ORIENTED_EDGE('',*,*,#2108,.F.);
#2369=ORIENTED_EDGE('',*,*,#2350,.F.);
#2370=CARTESIAN_POINT('',(-12.,-90.563953582,14.125000164));
#2371=CARTESIAN_POINT('',(-12.,-14.533266737,14.125000164));
#2372=B_SPLINE_CURVE_WITH_KNOTS('',1,(#2370,#2371),.UNSPECIFIED.,.F.,.F.,(2,2),(-0.052530687,0.0235),.UNSPECIFIED.);
#2373=EDGE_CURVE('',#2346,#178,#2372,.T.);
#2374=ORIENTED_EDGE('',*,*,#2373,.T.);
#2375=EDGE_LOOP('',(#2367,#2368,#2369,#2374));
#2376=FACE_BOUND('',#2375,.T.);
#2377=ADVANCED_FACE('',(#2376),#2366,.T.);
#2378=CARTESIAN_POINT('',(12.,-90.563953582,14.125000164));
#2379=CARTESIAN_POINT('',(12.,-14.533266737,14.125000164));
#2380=CARTESIAN_POINT('',(-12.,-90.563953582,14.125000164));
#2381=CARTESIAN_POINT('',(-12.,-14.533266737,14.125000164));
#2382=B_SPLINE_SURFACE_WITH_KNOTS('',1,1,((#2378,#2379),(#2380,#2381)),.UNSPECIFIED.,.F.,.F.,.U.,(2,2),(2,2),(-0.012,0.012),(-0.052530687,0.0235),.UNSPECIFIED.);
#2383=CARTESIAN_POINT('',(6.389901653,-63.325690977,14.124987266));
#2384=VERTEX_POINT('',#2383);
#2385=CARTESIAN_POINT('',(6.391309553,-57.024442683,14.125009496));
#2386=VERTEX_POINT('',#2385);
#2387=CARTESIAN_POINT('',(6.389567236,-63.325678576,14.125000164));
#2388=CARTESIAN_POINT('',(5.972222598,-63.281956113,14.125000164));
#2389=CARTESIAN_POINT('',(5.573023845,-63.172741209,14.125000164));
#2390=CARTESIAN_POINT('',(5.194507815,-62.990770286,14.125000164));
#2391=CARTESIAN_POINT('',(5.0052498,-62.899784825,14.125000164));
#2392=CARTESIAN_POINT('',(4.826837533,-62.793512132,14.125000164));
#2393=CARTESIAN_POINT('',(4.658545531,-62.67297479,14.125000164));
#2394=CARTESIAN_POINT('',(4.490253529,-62.552437448,14.125000164));
#2395=CARTESIAN_POINT('',(4.331722272,-62.417272637,14.125000164));
#2396=CARTESIAN_POINT('',(4.184634913,-62.267776509,14.125000164));
#2397=CARTESIAN_POINT('',(4.037547554,-62.118280381,14.125000164));
#2398=CARTESIAN_POINT('',(3.905522156,-61.958249427,14.125000164));
#2399=CARTESIAN_POINT('',(3.788645143,-61.7876232,14.125000164));
#2400=CARTESIAN_POINT('',(3.671768131,-61.616996973,14.125000164));
#2401=CARTESIAN_POINT('',(3.569561078,-61.434761715,14.125000164));
#2402=CARTESIAN_POINT('',(3.485619126,-61.242646098,14.125000164));
#2403=CARTESIAN_POINT('',(3.401677175,-61.050530482,14.125000164));
#2404=CARTESIAN_POINT('',(3.337939531,-60.853270714,14.125000164));
#2405=CARTESIAN_POINT('',(3.292936451,-60.651241002,14.125000164));
#2406=CARTESIAN_POINT('',(3.270434911,-60.550226146,14.125000164));
#2407=CARTESIAN_POINT('',(3.252660466,-60.44800774,14.125000164));
#2408=CARTESIAN_POINT('',(3.239690872,-60.344565988,14.125000164));
#2409=CARTESIAN_POINT('',(3.226721279,-60.241124235,14.125000164));
#2410=CARTESIAN_POINT('',(3.218573204,-60.135940198,14.125000164));
#2411=CARTESIAN_POINT('',(3.215494424,-60.031576582,14.125000164));
#2412=CARTESIAN_POINT('',(3.209336864,-59.822849351,14.125000164));
#2413=CARTESIAN_POINT('',(3.222895912,-59.616047459,14.125000164));
#2414=CARTESIAN_POINT('',(3.256720936,-59.411224553,14.125000164));
#2415=CARTESIAN_POINT('',(3.29054596,-59.206401646,14.125000164));
#2416=CARTESIAN_POINT('',(3.345763165,-59.001447471,14.125000164));
#2417=CARTESIAN_POINT('',(3.421016075,-58.808014178,14.125000164));
#2418=CARTESIAN_POINT('',(3.496268985,-58.614580885,14.125000164));
#2419=CARTESIAN_POINT('',(3.591616674,-58.431020251,14.125000164));
#2420=CARTESIAN_POINT('',(3.70664006,-58.257126377,14.125000164));
#2421=CARTESIAN_POINT('',(3.764151752,-58.17017944,14.125000164));
#2422=CARTESIAN_POINT('',(3.827015433,-58.085269803,14.125000164));
#2423=CARTESIAN_POINT('',(3.893500478,-58.004750639,14.125000164));
#2424=CARTESIAN_POINT('',(3.959985523,-57.924231476,14.125000164));
#2425=CARTESIAN_POINT('',(4.030284879,-57.847707287,14.125000164));
#2426=CARTESIAN_POINT('',(4.104360341,-57.775138056,14.125000164));
#2427=CARTESIAN_POINT('',(4.178435802,-57.702568825,14.125000164));
#2428=CARTESIAN_POINT('',(4.256286643,-57.633953792,14.125000164));
#2429=CARTESIAN_POINT('',(4.338059533,-57.569446574,14.125000164));
#2430=CARTESIAN_POINT('',(4.419832424,-57.504939356,14.125000164));
#2431=CARTESIAN_POINT('',(4.506143246,-57.444177608,14.125000164));
#2432=CARTESIAN_POINT('',(4.594991442,-57.388935981,14.125000164));
#2433=CARTESIAN_POINT('',(4.772687835,-57.278452727,14.125000164));
#2434=CARTESIAN_POINT('',(4.959801796,-57.189877224,14.125000164));
#2435=CARTESIAN_POINT('',(5.156907941,-57.124546179,14.125000164));
#2436=CARTESIAN_POINT('',(5.354014086,-57.059215133,14.125000164));
#2437=CARTESIAN_POINT('',(5.562671043,-57.017129817,14.125000164));
#2438=CARTESIAN_POINT('',(5.769242286,-57.000372614,14.125000164));
#2439=CARTESIAN_POINT('',(5.872527908,-56.991994012,14.125000164));
#2440=CARTESIAN_POINT('',(5.975993556,-56.989706317,14.125000164));
#2441=CARTESIAN_POINT('',(6.079642364,-56.993615606,14.125000164));
#2442=CARTESIAN_POINT('',(6.131466768,-56.995570251,14.125000164));
#2443=CARTESIAN_POINT('',(6.183337135,-56.999079965,14.125000164));
#2444=CARTESIAN_POINT('',(6.235254944,-57.004194818,14.125000164));
#2445=CARTESIAN_POINT('',(6.287172753,-57.009309672,14.125000164));
#2446=CARTESIAN_POINT('',(6.339922949,-57.016156314,14.125000164));
#2447=CARTESIAN_POINT('',(6.391153031,-57.024433728,14.125000164));
#2448=B_SPLINE_CURVE_WITH_KNOTS('',3,(#2387,#2388,#2389,#2390,#2391,#2392,#2393,#2394,#2395,#2396,#2397,#2398,#2399,#2400,#2401,#2402,#2403,#2404,#2405,#2406,#2407,#2408,#2409,#2410,#2411,#2412,
#2413,#2414,#2415,#2416,#2417,#2418,#2419,#2420,#2421,#2422,#2423,#2424,#2425,#2426,#2427,#2428,#2429,#2430,#2431,#2432,#2433,#2434,#2435,#2436,#2437,
#2438,#2439,#2440,#2441,#2442,#2443,#2444,#2445,#2446,#2447),.UNSPECIFIED.,.F.,.F.,(4,3,3,3,3,3,3,3,3,3,3,3,3,3,3,3,3,3,3,3,4),(0.,0.001241101,0.001861652,0.002482202,0.003102753,0.003723303,0.004343854,0.004654129,0.004964405,0.005584955,0.006205506,0.006826056,0.007136332,0.007446607,0.007756882,0.008067157,0.008687708,0.009308259,0.009618534,0.009773671,0.009928809),.UNSPECIFIED.);
#2449=EDGE_CURVE('',#2384,#2386,#2448,.T.);
#2450=ORIENTED_EDGE('',*,*,#2449,.T.);
#2451=CARTESIAN_POINT('',(6.391464428,-57.024484061,14.125000164));
#2452=CARTESIAN_POINT('',(6.59775819,-56.989686906,14.125000164));
#2453=CARTESIAN_POINT('',(6.804652375,-56.980646171,14.125000164));
#2454=CARTESIAN_POINT('',(7.012155444,-56.997724823,14.125000164));
#2455=CARTESIAN_POINT('',(7.115906978,-57.006264149,14.125000164));
#2456=CARTESIAN_POINT('',(7.220479053,-57.021692004,14.125000164));
#2457=CARTESIAN_POINT('',(7.322665603,-57.043266576,14.125000164));
#2458=CARTESIAN_POINT('',(7.424852154,-57.064841149,14.125000164));
#2459=CARTESIAN_POINT('',(7.525054476,-57.092495091,14.125000164));
#2460=CARTESIAN_POINT('',(7.623398182,-57.125843548,14.125000164));
#2461=CARTESIAN_POINT('',(7.721741888,-57.159192004,14.125000164));
#2462=CARTESIAN_POINT('',(7.818226038,-57.198237853,14.125000164));
#2463=CARTESIAN_POINT('',(7.912873641,-57.2429106,14.125000164));
#2464=CARTESIAN_POINT('',(8.007521244,-57.287583347,14.125000164));
#2465=CARTESIAN_POINT('',(8.100012059,-57.337817098,14.125000164));
#2466=CARTESIAN_POINT('',(8.188614508,-57.392424069,14.125000164));
#2467=CARTESIAN_POINT('',(8.365819407,-57.50163801,14.125000164));
#2468=CARTESIAN_POINT('',(8.529793783,-57.629082357,14.125000164));
#2469=CARTESIAN_POINT('',(8.680177603,-57.775253202,14.125000164));
#2470=CARTESIAN_POINT('',(8.830561422,-57.921424048,14.125000164));
#2471=CARTESIAN_POINT('',(8.962786346,-58.082669199,14.125000164));
#2472=CARTESIAN_POINT('',(9.075847649,-58.256390516,14.125000164));
#2473=CARTESIAN_POINT('',(9.188908953,-58.430111834,14.125000164));
#2474=CARTESIAN_POINT('',(9.28443409,-58.618859739,14.125000164));
#2475=CARTESIAN_POINT('',(9.359126072,-58.813037671,14.125000164));
#2476=CARTESIAN_POINT('',(9.433818053,-59.007215602,14.125000164));
#2477=CARTESIAN_POINT('',(9.488628471,-59.207420797,14.125000164));
#2478=CARTESIAN_POINT('',(9.523877125,-59.413556307,14.125000164));
#2479=CARTESIAN_POINT('',(9.559125778,-59.619691817,14.125000164));
#2480=CARTESIAN_POINT('',(9.573943788,-59.828522437,14.125000164));
#2481=CARTESIAN_POINT('',(9.568309787,-60.035440642,14.125000164));
#2482=CARTESIAN_POINT('',(9.565492786,-60.138899745,14.125000164));
#2483=CARTESIAN_POINT('',(9.557578486,-60.242234721,14.125000164));
#2484=CARTESIAN_POINT('',(9.544373028,-60.345440849,14.125000164));
#2485=CARTESIAN_POINT('',(9.531167571,-60.448646977,14.125000164));
#2486=CARTESIAN_POINT('',(9.512492049,-60.552283827,14.125000164));
#2487=CARTESIAN_POINT('',(9.488912568,-60.65406014,14.125000164));
#2488=CARTESIAN_POINT('',(9.441753606,-60.857612767,14.125000164));
#2489=CARTESIAN_POINT('',(9.375421104,-61.054063481,14.125000164));
#2490=CARTESIAN_POINT('',(9.291502925,-61.244000431,14.125000164));
#2491=CARTESIAN_POINT('',(9.207584746,-61.433937381,14.125000164));
#2492=CARTESIAN_POINT('',(9.104942288,-61.618586207,14.125000164));
#2493=CARTESIAN_POINT('',(8.988367407,-61.790489225,14.125000164));
#2494=CARTESIAN_POINT('',(8.871792526,-61.962392244,14.125000164));
#2495=CARTESIAN_POINT('',(8.740939808,-62.122976498,14.125000164));
#2496=CARTESIAN_POINT('',(8.595575058,-62.272056332,14.125000164));
#2497=CARTESIAN_POINT('',(8.522892684,-62.346596248,14.125000164));
#2498=CARTESIAN_POINT('',(8.446136076,-62.418569831,14.125000164));
#2499=CARTESIAN_POINT('',(8.366812232,-62.486404959,14.125000164));
#2500=CARTESIAN_POINT('',(8.287488387,-62.554240087,14.125000164));
#2501=CARTESIAN_POINT('',(8.205575246,-62.618024213,14.125000164));
#2502=CARTESIAN_POINT('',(8.121103034,-62.677804627,14.125000164));
#2503=CARTESIAN_POINT('',(7.952158611,-62.797365454,14.125000164));
#2504=CARTESIAN_POINT('',(7.773135066,-62.90115731,14.125000164));
#2505=CARTESIAN_POINT('',(7.58450579,-62.989920824,14.125000164));
#2506=CARTESIAN_POINT('',(7.490191152,-63.034302581,14.125000164));
#2507=CARTESIAN_POINT('',(7.393193397,-63.074957378,14.125000164));
#2508=CARTESIAN_POINT('',(7.295575756,-63.111161762,14.125000164));
#2509=CARTESIAN_POINT('',(7.197958114,-63.147366146,14.125000164));
#2510=CARTESIAN_POINT('',(7.09932059,-63.179333992,14.125000164));
#2511=CARTESIAN_POINT('',(6.99970076,-63.207221398,14.125000164));
#2512=CARTESIAN_POINT('',(6.800461102,-63.262996209,14.125000164));
#2513=CARTESIAN_POINT('',(6.597319014,-63.302560544,14.125000164));
#2514=CARTESIAN_POINT('',(6.39023454,-63.325748427,14.125000164));
#2515=B_SPLINE_CURVE_WITH_KNOTS('',3,(#2451,#2452,#2453,#2454,#2455,#2456,#2457,#2458,#2459,#2460,#2461,#2462,#2463,#2464,#2465,#2466,#2467,#2468,#2469,#2470,#2471,#2472,#2473,#2474,#2475,#2476,
#2477,#2478,#2479,#2480,#2481,#2482,#2483,#2484,#2485,#2486,#2487,#2488,#2489,#2490,#2491,#2492,#2493,#2494,#2495,#2496,#2497,#2498,#2499,#2500,#2501,
#2502,#2503,#2504,#2505,#2506,#2507,#2508,#2509,#2510,#2511,#2512,#2513,#2514),.UNSPECIFIED.,.F.,.F.,(4,3,3,3,3,3,3,3,3,3,3,3,3,3,3,3,3,3,3,3,3,4),(0.000081145,0.000702291,0.001012864,0.001323437,0.00163401,0.001944583,0.002565729,0.003186875,0.003808021,0.004429167,0.005050313,0.005360886,0.005671459,0.006292605,0.006913751,0.007534897,0.00784547,0.008156044,0.00877719,0.009087763,0.009398336,0.010019482),.UNSPECIFIED.);
#2516=EDGE_CURVE('',#2386,#2384,#2515,.T.);
#2517=ORIENTED_EDGE('',*,*,#2516,.T.);
#2518=EDGE_LOOP('',(#2450,#2517));
#2519=FACE_BOUND('',#2518,.T.);
#2520=CARTESIAN_POINT('',(6.389901653,-50.825690977,14.124987266));
#2521=VERTEX_POINT('',#2520);
#2522=CARTESIAN_POINT('',(6.391309553,-44.524442683,14.125009496));
#2523=VERTEX_POINT('',#2522);
#2524=CARTESIAN_POINT('',(6.389567236,-50.825678576,14.125000164));
#2525=CARTESIAN_POINT('',(5.972222598,-50.781956113,14.125000164));
#2526=CARTESIAN_POINT('',(5.573023845,-50.672741209,14.125000164));
#2527=CARTESIAN_POINT('',(5.194507815,-50.490770286,14.125000164));
#2528=CARTESIAN_POINT('',(5.0052498,-50.399784825,14.125000164));
#2529=CARTESIAN_POINT('',(4.826837533,-50.293512132,14.125000164));
#2530=CARTESIAN_POINT('',(4.658545531,-50.17297479,14.125000164));
#2531=CARTESIAN_POINT('',(4.490253529,-50.052437448,14.125000164));
#2532=CARTESIAN_POINT('',(4.331722272,-49.917272637,14.125000164));
#2533=CARTESIAN_POINT('',(4.184634913,-49.767776509,14.125000164));
#2534=CARTESIAN_POINT('',(4.037547554,-49.618280381,14.125000164));
#2535=CARTESIAN_POINT('',(3.905522156,-49.458249427,14.125000164));
#2536=CARTESIAN_POINT('',(3.788645143,-49.2876232,14.125000164));
#2537=CARTESIAN_POINT('',(3.671768131,-49.116996973,14.125000164));
#2538=CARTESIAN_POINT('',(3.569561078,-48.934761715,14.125000164));
#2539=CARTESIAN_POINT('',(3.485619126,-48.742646098,14.125000164));
#2540=CARTESIAN_POINT('',(3.401677175,-48.550530482,14.125000164));
#2541=CARTESIAN_POINT('',(3.337939531,-48.353270714,14.125000164));
#2542=CARTESIAN_POINT('',(3.292936451,-48.151241002,14.125000164));
#2543=CARTESIAN_POINT('',(3.270434911,-48.050226146,14.125000164));
#2544=CARTESIAN_POINT('',(3.252660466,-47.94800774,14.125000164));
#2545=CARTESIAN_POINT('',(3.239690872,-47.844565988,14.125000164));
#2546=CARTESIAN_POINT('',(3.226721279,-47.741124235,14.125000164));
#2547=CARTESIAN_POINT('',(3.218573204,-47.635940198,14.125000164));
#2548=CARTESIAN_POINT('',(3.215494424,-47.531576582,14.125000164));
#2549=CARTESIAN_POINT('',(3.209336864,-47.322849351,14.125000164));
#2550=CARTESIAN_POINT('',(3.222895912,-47.116047459,14.125000164));
#2551=CARTESIAN_POINT('',(3.256720936,-46.911224553,14.125000164));
#2552=CARTESIAN_POINT('',(3.29054596,-46.706401646,14.125000164));
#2553=CARTESIAN_POINT('',(3.345763165,-46.501447471,14.125000164));
#2554=CARTESIAN_POINT('',(3.421016075,-46.308014178,14.125000164));
#2555=CARTESIAN_POINT('',(3.496268985,-46.114580885,14.125000164));
#2556=CARTESIAN_POINT('',(3.591616674,-45.931020251,14.125000164));
#2557=CARTESIAN_POINT('',(3.70664006,-45.757126377,14.125000164));
#2558=CARTESIAN_POINT('',(3.764151752,-45.67017944,14.125000164));
#2559=CARTESIAN_POINT('',(3.827015433,-45.585269803,14.125000164));
#2560=CARTESIAN_POINT('',(3.893500478,-45.504750639,14.125000164));
#2561=CARTESIAN_POINT('',(3.959985523,-45.424231476,14.125000164));
#2562=CARTESIAN_POINT('',(4.030284879,-45.347707287,14.125000164));
#2563=CARTESIAN_POINT('',(4.104360341,-45.275138056,14.125000164));
#2564=CARTESIAN_POINT('',(4.178435802,-45.202568825,14.125000164));
#2565=CARTESIAN_POINT('',(4.256286643,-45.133953792,14.125000164));
#2566=CARTESIAN_POINT('',(4.338059533,-45.069446574,14.125000164));
#2567=CARTESIAN_POINT('',(4.419832424,-45.004939356,14.125000164));
#2568=CARTESIAN_POINT('',(4.506143246,-44.944177608,14.125000164));
#2569=CARTESIAN_POINT('',(4.594991442,-44.888935981,14.125000164));
#2570=CARTESIAN_POINT('',(4.772687835,-44.778452727,14.125000164));
#2571=CARTESIAN_POINT('',(4.959801796,-44.689877224,14.125000164));
#2572=CARTESIAN_POINT('',(5.156907941,-44.624546179,14.125000164));
#2573=CARTESIAN_POINT('',(5.354014086,-44.559215133,14.125000164));
#2574=CARTESIAN_POINT('',(5.562671043,-44.517129817,14.125000164));
#2575=CARTESIAN_POINT('',(5.769242286,-44.500372614,14.125000164));
#2576=CARTESIAN_POINT('',(5.872527908,-44.491994012,14.125000164));
#2577=CARTESIAN_POINT('',(5.975993556,-44.489706317,14.125000164));
#2578=CARTESIAN_POINT('',(6.079642364,-44.493615606,14.125000164));
#2579=CARTESIAN_POINT('',(6.131466768,-44.495570251,14.125000164));
#2580=CARTESIAN_POINT('',(6.183337135,-44.499079965,14.125000164));
#2581=CARTESIAN_POINT('',(6.235254944,-44.504194818,14.125000164));
#2582=CARTESIAN_POINT('',(6.287172753,-44.509309672,14.125000164));
#2583=CARTESIAN_POINT('',(6.339922949,-44.516156314,14.125000164));
#2584=CARTESIAN_POINT('',(6.391153031,-44.524433728,14.125000164));
#2585=B_SPLINE_CURVE_WITH_KNOTS('',3,(#2524,#2525,#2526,#2527,#2528,#2529,#2530,#2531,#2532,#2533,#2534,#2535,#2536,#2537,#2538,#2539,#2540,#2541,#2542,#2543,#2544,#2545,#2546,#2547,#2548,#2549,
#2550,#2551,#2552,#2553,#2554,#2555,#2556,#2557,#2558,#2559,#2560,#2561,#2562,#2563,#2564,#2565,#2566,#2567,#2568,#2569,#2570,#2571,#2572,#2573,#2574,
#2575,#2576,#2577,#2578,#2579,#2580,#2581,#2582,#2583,#2584),.UNSPECIFIED.,.F.,.F.,(4,3,3,3,3,3,3,3,3,3,3,3,3,3,3,3,3,3,3,3,4),(0.,0.001241101,0.001861652,0.002482202,0.003102753,0.003723303,0.004343854,0.004654129,0.004964405,0.005584955,0.006205506,0.006826056,0.007136332,0.007446607,0.007756882,0.008067157,0.008687708,0.009308259,0.009618534,0.009773671,0.009928809),.UNSPECIFIED.);
#2586=EDGE_CURVE('',#2521,#2523,#2585,.T.);
#2587=ORIENTED_EDGE('',*,*,#2586,.T.);
#2588=CARTESIAN_POINT('',(6.391464428,-44.524484061,14.125000164));
#2589=CARTESIAN_POINT('',(6.59775819,-44.489686906,14.125000164));
#2590=CARTESIAN_POINT('',(6.804652375,-44.480646171,14.125000164));
#2591=CARTESIAN_POINT('',(7.012155444,-44.497724823,14.125000164));
#2592=CARTESIAN_POINT('',(7.115906978,-44.506264149,14.125000164));
#2593=CARTESIAN_POINT('',(7.220479053,-44.521692004,14.125000164));
#2594=CARTESIAN_POINT('',(7.322665603,-44.543266576,14.125000164));
#2595=CARTESIAN_POINT('',(7.424852154,-44.564841149,14.125000164));
#2596=CARTESIAN_POINT('',(7.525054476,-44.592495091,14.125000164));
#2597=CARTESIAN_POINT('',(7.623398182,-44.625843548,14.125000164));
#2598=CARTESIAN_POINT('',(7.721741888,-44.659192004,14.125000164));
#2599=CARTESIAN_POINT('',(7.818226038,-44.698237853,14.125000164));
#2600=CARTESIAN_POINT('',(7.912873641,-44.7429106,14.125000164));
#2601=CARTESIAN_POINT('',(8.007521244,-44.787583347,14.125000164));
#2602=CARTESIAN_POINT('',(8.100012059,-44.837817098,14.125000164));
#2603=CARTESIAN_POINT('',(8.188614508,-44.892424069,14.125000164));
#2604=CARTESIAN_POINT('',(8.365819407,-45.00163801,14.125000164));
#2605=CARTESIAN_POINT('',(8.529793783,-45.129082357,14.125000164));
#2606=CARTESIAN_POINT('',(8.680177603,-45.275253202,14.125000164));
#2607=CARTESIAN_POINT('',(8.830561422,-45.421424048,14.125000164));
#2608=CARTESIAN_POINT('',(8.962786346,-45.582669199,14.125000164));
#2609=CARTESIAN_POINT('',(9.075847649,-45.756390516,14.125000164));
#2610=CARTESIAN_POINT('',(9.188908953,-45.930111834,14.125000164));
#2611=CARTESIAN_POINT('',(9.28443409,-46.118859739,14.125000164));
#2612=CARTESIAN_POINT('',(9.359126072,-46.313037671,14.125000164));
#2613=CARTESIAN_POINT('',(9.433818053,-46.507215602,14.125000164));
#2614=CARTESIAN_POINT('',(9.488628471,-46.707420797,14.125000164));
#2615=CARTESIAN_POINT('',(9.523877125,-46.913556307,14.125000164));
#2616=CARTESIAN_POINT('',(9.559125778,-47.119691817,14.125000164));
#2617=CARTESIAN_POINT('',(9.573943788,-47.328522437,14.125000164));
#2618=CARTESIAN_POINT('',(9.568309787,-47.535440642,14.125000164));
#2619=CARTESIAN_POINT('',(9.565492786,-47.638899745,14.125000164));
#2620=CARTESIAN_POINT('',(9.557578486,-47.742234721,14.125000164));
#2621=CARTESIAN_POINT('',(9.544373028,-47.845440849,14.125000164));
#2622=CARTESIAN_POINT('',(9.531167571,-47.948646977,14.125000164));
#2623=CARTESIAN_POINT('',(9.512492049,-48.052283827,14.125000164));
#2624=CARTESIAN_POINT('',(9.488912568,-48.15406014,14.125000164));
#2625=CARTESIAN_POINT('',(9.441753606,-48.357612767,14.125000164));
#2626=CARTESIAN_POINT('',(9.375421104,-48.554063481,14.125000164));
#2627=CARTESIAN_POINT('',(9.291502925,-48.744000431,14.125000164));
#2628=CARTESIAN_POINT('',(9.207584746,-48.933937381,14.125000164));
#2629=CARTESIAN_POINT('',(9.104942288,-49.118586207,14.125000164));
#2630=CARTESIAN_POINT('',(8.988367407,-49.290489225,14.125000164));
#2631=CARTESIAN_POINT('',(8.871792526,-49.462392244,14.125000164));
#2632=CARTESIAN_POINT('',(8.740939808,-49.622976498,14.125000164));
#2633=CARTESIAN_POINT('',(8.595575058,-49.772056332,14.125000164));
#2634=CARTESIAN_POINT('',(8.522892684,-49.846596248,14.125000164));
#2635=CARTESIAN_POINT('',(8.446136076,-49.918569831,14.125000164));
#2636=CARTESIAN_POINT('',(8.366812232,-49.986404959,14.125000164));
#2637=CARTESIAN_POINT('',(8.287488387,-50.054240087,14.125000164));
#2638=CARTESIAN_POINT('',(8.205575246,-50.118024213,14.125000164));
#2639=CARTESIAN_POINT('',(8.121103034,-50.177804627,14.125000164));
#2640=CARTESIAN_POINT('',(7.952158611,-50.297365454,14.125000164));
#2641=CARTESIAN_POINT('',(7.773135066,-50.40115731,14.125000164));
#2642=CARTESIAN_POINT('',(7.58450579,-50.489920824,14.125000164));
#2643=CARTESIAN_POINT('',(7.490191152,-50.534302581,14.125000164));
#2644=CARTESIAN_POINT('',(7.393193397,-50.574957378,14.125000164));
#2645=CARTESIAN_POINT('',(7.295575756,-50.611161762,14.125000164));
#2646=CARTESIAN_POINT('',(7.197958114,-50.647366146,14.125000164));
#2647=CARTESIAN_POINT('',(7.09932059,-50.679333992,14.125000164));
#2648=CARTESIAN_POINT('',(6.99970076,-50.707221398,14.125000164));
#2649=CARTESIAN_POINT('',(6.800461102,-50.762996209,14.125000164));
#2650=CARTESIAN_POINT('',(6.597319014,-50.802560544,14.125000164));
#2651=CARTESIAN_POINT('',(6.39023454,-50.825748427,14.125000164));
#2652=B_SPLINE_CURVE_WITH_KNOTS('',3,(#2588,#2589,#2590,#2591,#2592,#2593,#2594,#2595,#2596,#2597,#2598,#2599,#2600,#2601,#2602,#2603,#2604,#2605,#2606,#2607,#2608,#2609,#2610,#2611,#2612,#2613,
#2614,#2615,#2616,#2617,#2618,#2619,#2620,#2621,#2622,#2623,#2624,#2625,#2626,#2627,#2628,#2629,#2630,#2631,#2632,#2633,#2634,#2635,#2636,#2637,#2638,
#2639,#2640,#2641,#2642,#2643,#2644,#2645,#2646,#2647,#2648,#2649,#2650,#2651),.UNSPECIFIED.,.F.,.F.,(4,3,3,3,3,3,3,3,3,3,3,3,3,3,3,3,3,3,3,3,3,4),(0.000081145,0.000702291,0.001012864,0.001323437,0.00163401,0.001944583,0.002565729,0.003186875,0.003808021,0.004429167,0.005050313,0.005360886,0.005671459,0.006292605,0.006913751,0.007534897,0.00784547,0.008156044,0.00877719,0.009087763,0.009398336,0.010019482),.UNSPECIFIED.);
#2653=EDGE_CURVE('',#2523,#2521,#2652,.T.);
#2654=ORIENTED_EDGE('',*,*,#2653,.T.);
#2655=EDGE_LOOP('',(#2587,#2654));
#2656=FACE_BOUND('',#2655,.T.);
#2657=CARTESIAN_POINT('',(-6.110098347,-50.825690977,14.124987266));
#2658=VERTEX_POINT('',#2657);
#2659=CARTESIAN_POINT('',(-6.108690447,-44.524442683,14.125009496));
#2660=VERTEX_POINT('',#2659);
#2661=CARTESIAN_POINT('',(-6.110432764,-50.825678576,14.125000164));
#2662=CARTESIAN_POINT('',(-6.527777402,-50.781956113,14.125000164));
#2663=CARTESIAN_POINT('',(-6.926976155,-50.672741209,14.125000164));
#2664=CARTESIAN_POINT('',(-7.305492185,-50.490770286,14.125000164));
#2665=CARTESIAN_POINT('',(-7.4947502,-50.399784825,14.125000164));
#2666=CARTESIAN_POINT('',(-7.673162467,-50.293512132,14.125000164));
#2667=CARTESIAN_POINT('',(-7.841454469,-50.17297479,14.125000164));
#2668=CARTESIAN_POINT('',(-8.009746471,-50.052437448,14.125000164));
#2669=CARTESIAN_POINT('',(-8.168277728,-49.917272637,14.125000164));
#2670=CARTESIAN_POINT('',(-8.315365087,-49.767776509,14.125000164));
#2671=CARTESIAN_POINT('',(-8.462452446,-49.618280381,14.125000164));
#2672=CARTESIAN_POINT('',(-8.594477844,-49.458249427,14.125000164));
#2673=CARTESIAN_POINT('',(-8.711354857,-49.2876232,14.125000164));
#2674=CARTESIAN_POINT('',(-8.828231869,-49.116996973,14.125000164));
#2675=CARTESIAN_POINT('',(-8.930438922,-48.934761715,14.125000164));
#2676=CARTESIAN_POINT('',(-9.014380874,-48.742646098,14.125000164));
#2677=CARTESIAN_POINT('',(-9.098322825,-48.550530482,14.125000164));
#2678=CARTESIAN_POINT('',(-9.162060469,-48.353270714,14.125000164));
#2679=CARTESIAN_POINT('',(-9.207063549,-48.151241002,14.125000164));
#2680=CARTESIAN_POINT('',(-9.229565089,-48.050226146,14.125000164));
#2681=CARTESIAN_POINT('',(-9.247339534,-47.94800774,14.125000164));
#2682=CARTESIAN_POINT('',(-9.260309128,-47.844565988,14.125000164));
#2683=CARTESIAN_POINT('',(-9.273278721,-47.741124235,14.125000164));
#2684=CARTESIAN_POINT('',(-9.281426796,-47.635940198,14.125000164));
#2685=CARTESIAN_POINT('',(-9.284505576,-47.531576582,14.125000164));
#2686=CARTESIAN_POINT('',(-9.290663136,-47.322849351,14.125000164));
#2687=CARTESIAN_POINT('',(-9.277104088,-47.116047459,14.125000164));
#2688=CARTESIAN_POINT('',(-9.243279064,-46.911224553,14.125000164));
#2689=CARTESIAN_POINT('',(-9.20945404,-46.706401646,14.125000164));
#2690=CARTESIAN_POINT('',(-9.154236835,-46.501447471,14.125000164));
#2691=CARTESIAN_POINT('',(-9.078983925,-46.308014178,14.125000164));
#2692=CARTESIAN_POINT('',(-9.003731015,-46.114580885,14.125000164));
#2693=CARTESIAN_POINT('',(-8.908383326,-45.931020251,14.125000164));
#2694=CARTESIAN_POINT('',(-8.79335994,-45.757126377,14.125000164));
#2695=CARTESIAN_POINT('',(-8.735848248,-45.67017944,14.125000164));
#2696=CARTESIAN_POINT('',(-8.672984567,-45.585269803,14.125000164));
#2697=CARTESIAN_POINT('',(-8.606499522,-45.504750639,14.125000164));
#2698=CARTESIAN_POINT('',(-8.540014477,-45.424231476,14.125000164));
#2699=CARTESIAN_POINT('',(-8.469715121,-45.347707287,14.125000164));
#2700=CARTESIAN_POINT('',(-8.395639659,-45.275138056,14.125000164));
#2701=CARTESIAN_POINT('',(-8.321564198,-45.202568825,14.125000164));
#2702=CARTESIAN_POINT('',(-8.243713357,-45.133953792,14.125000164));
#2703=CARTESIAN_POINT('',(-8.161940467,-45.069446574,14.125000164));
#2704=CARTESIAN_POINT('',(-8.080167576,-45.004939356,14.125000164));
#2705=CARTESIAN_POINT('',(-7.993856754,-44.944177608,14.125000164));
#2706=CARTESIAN_POINT('',(-7.905008558,-44.888935981,14.125000164));
#2707=CARTESIAN_POINT('',(-7.727312165,-44.778452727,14.125000164));
#2708=CARTESIAN_POINT('',(-7.540198204,-44.689877224,14.125000164));
#2709=CARTESIAN_POINT('',(-7.343092059,-44.624546179,14.125000164));
#2710=CARTESIAN_POINT('',(-7.145985914,-44.559215133,14.125000164));
#2711=CARTESIAN_POINT('',(-6.937328957,-44.517129817,14.125000164));
#2712=CARTESIAN_POINT('',(-6.730757714,-44.500372614,14.125000164));
#2713=CARTESIAN_POINT('',(-6.627472092,-44.491994012,14.125000164));
#2714=CARTESIAN_POINT('',(-6.524006444,-44.489706317,14.125000164));
#2715=CARTESIAN_POINT('',(-6.420357636,-44.493615606,14.125000164));
#2716=CARTESIAN_POINT('',(-6.368533232,-44.495570251,14.125000164));
#2717=CARTESIAN_POINT('',(-6.316662865,-44.499079965,14.125000164));
#2718=CARTESIAN_POINT('',(-6.264745056,-44.504194818,14.125000164));
#2719=CARTESIAN_POINT('',(-6.212827247,-44.509309672,14.125000164));
#2720=CARTESIAN_POINT('',(-6.160077051,-44.516156314,14.125000164));
#2721=CARTESIAN_POINT('',(-6.108846969,-44.524433728,14.125000164));
#2722=B_SPLINE_CURVE_WITH_KNOTS('',3,(#2661,#2662,#2663,#2664,#2665,#2666,#2667,#2668,#2669,#2670,#2671,#2672,#2673,#2674,#2675,#2676,#2677,#2678,#2679,#2680,#2681,#2682,#2683,#2684,#2685,#2686,
#2687,#2688,#2689,#2690,#2691,#2692,#2693,#2694,#2695,#2696,#2697,#2698,#2699,#2700,#2701,#2702,#2703,#2704,#2705,#2706,#2707,#2708,#2709,#2710,#2711,
#2712,#2713,#2714,#2715,#2716,#2717,#2718,#2719,#2720,#2721),.UNSPECIFIED.,.F.,.F.,(4,3,3,3,3,3,3,3,3,3,3,3,3,3,3,3,3,3,3,3,4),(0.,0.001241101,0.001861652,0.002482202,0.003102753,0.003723303,0.004343854,0.004654129,0.004964405,0.005584955,0.006205506,0.006826056,0.007136332,0.007446607,0.007756882,0.008067157,0.008687708,0.009308259,0.009618534,0.009773671,0.009928809),.UNSPECIFIED.);
#2723=EDGE_CURVE('',#2658,#2660,#2722,.T.);
#2724=ORIENTED_EDGE('',*,*,#2723,.T.);
#2725=CARTESIAN_POINT('',(-6.108535572,-44.524484061,14.125000164));
#2726=CARTESIAN_POINT('',(-5.90224181,-44.489686906,14.125000164));
#2727=CARTESIAN_POINT('',(-5.695347625,-44.480646171,14.125000164));
#2728=CARTESIAN_POINT('',(-5.487844556,-44.497724823,14.125000164));
#2729=CARTESIAN_POINT('',(-5.384093022,-44.506264149,14.125000164));
#2730=CARTESIAN_POINT('',(-5.279520947,-44.521692004,14.125000164));
#2731=CARTESIAN_POINT('',(-5.177334397,-44.543266576,14.125000164));
#2732=CARTESIAN_POINT('',(-5.075147846,-44.564841149,14.125000164));
#2733=CARTESIAN_POINT('',(-4.974945524,-44.592495091,14.125000164));
#2734=CARTESIAN_POINT('',(-4.876601818,-44.625843548,14.125000164));
#2735=CARTESIAN_POINT('',(-4.778258112,-44.659192004,14.125000164));
#2736=CARTESIAN_POINT('',(-4.681773962,-44.698237853,14.125000164));
#2737=CARTESIAN_POINT('',(-4.587126359,-44.7429106,14.125000164));
#2738=CARTESIAN_POINT('',(-4.492478756,-44.787583347,14.125000164));
#2739=CARTESIAN_POINT('',(-4.399987941,-44.837817098,14.125000164));
#2740=CARTESIAN_POINT('',(-4.311385492,-44.892424069,14.125000164));
#2741=CARTESIAN_POINT('',(-4.134180593,-45.00163801,14.125000164));
#2742=CARTESIAN_POINT('',(-3.970206217,-45.129082357,14.125000164));
#2743=CARTESIAN_POINT('',(-3.819822397,-45.275253202,14.125000164));
#2744=CARTESIAN_POINT('',(-3.669438578,-45.421424048,14.125000164));
#2745=CARTESIAN_POINT('',(-3.537213654,-45.582669199,14.125000164));
#2746=CARTESIAN_POINT('',(-3.424152351,-45.756390516,14.125000164));
#2747=CARTESIAN_POINT('',(-3.311091047,-45.930111834,14.125000164));
#2748=CARTESIAN_POINT('',(-3.21556591,-46.118859739,14.125000164));
#2749=CARTESIAN_POINT('',(-3.140873928,-46.313037671,14.125000164));
#2750=CARTESIAN_POINT('',(-3.066181947,-46.507215602,14.125000164));
#2751=CARTESIAN_POINT('',(-3.011371529,-46.707420797,14.125000164));
#2752=CARTESIAN_POINT('',(-2.976122875,-46.913556307,14.125000164));
#2753=CARTESIAN_POINT('',(-2.940874222,-47.119691817,14.125000164));
#2754=CARTESIAN_POINT('',(-2.926056212,-47.328522437,14.125000164));
#2755=CARTESIAN_POINT('',(-2.931690213,-47.535440642,14.125000164));
#2756=CARTESIAN_POINT('',(-2.934507214,-47.638899745,14.125000164));
#2757=CARTESIAN_POINT('',(-2.942421514,-47.742234721,14.125000164));
#2758=CARTESIAN_POINT('',(-2.955626972,-47.845440849,14.125000164));
#2759=CARTESIAN_POINT('',(-2.968832429,-47.948646977,14.125000164));
#2760=CARTESIAN_POINT('',(-2.987507951,-48.052283827,14.125000164));
#2761=CARTESIAN_POINT('',(-3.011087432,-48.15406014,14.125000164));
#2762=CARTESIAN_POINT('',(-3.058246394,-48.357612767,14.125000164));
#2763=CARTESIAN_POINT('',(-3.124578896,-48.554063481,14.125000164));
#2764=CARTESIAN_POINT('',(-3.208497075,-48.744000431,14.125000164));
#2765=CARTESIAN_POINT('',(-3.292415254,-48.933937381,14.125000164));
#2766=CARTESIAN_POINT('',(-3.395057712,-49.118586207,14.125000164));
#2767=CARTESIAN_POINT('',(-3.511632593,-49.290489225,14.125000164));
#2768=CARTESIAN_POINT('',(-3.628207474,-49.462392244,14.125000164));
#2769=CARTESIAN_POINT('',(-3.759060192,-49.622976498,14.125000164));
#2770=CARTESIAN_POINT('',(-3.904424942,-49.772056332,14.125000164));
#2771=CARTESIAN_POINT('',(-3.977107316,-49.846596248,14.125000164));
#2772=CARTESIAN_POINT('',(-4.053863924,-49.918569831,14.125000164));
#2773=CARTESIAN_POINT('',(-4.133187768,-49.986404959,14.125000164));
#2774=CARTESIAN_POINT('',(-4.212511613,-50.054240087,14.125000164));
#2775=CARTESIAN_POINT('',(-4.294424754,-50.118024213,14.125000164));
#2776=CARTESIAN_POINT('',(-4.378896966,-50.177804627,14.125000164));
#2777=CARTESIAN_POINT('',(-4.547841389,-50.297365454,14.125000164));
#2778=CARTESIAN_POINT('',(-4.726864934,-50.40115731,14.125000164));
#2779=CARTESIAN_POINT('',(-4.91549421,-50.489920824,14.125000164));
#2780=CARTESIAN_POINT('',(-5.009808848,-50.534302581,14.125000164));
#2781=CARTESIAN_POINT('',(-5.106806603,-50.574957378,14.125000164));
#2782=CARTESIAN_POINT('',(-5.204424244,-50.611161762,14.125000164));
#2783=CARTESIAN_POINT('',(-5.302041886,-50.647366146,14.125000164));
#2784=CARTESIAN_POINT('',(-5.40067941,-50.679333992,14.125000164));
#2785=CARTESIAN_POINT('',(-5.50029924,-50.707221398,14.125000164));
#2786=CARTESIAN_POINT('',(-5.699538898,-50.762996209,14.125000164));
#2787=CARTESIAN_POINT('',(-5.902680986,-50.802560544,14.125000164));
#2788=CARTESIAN_POINT('',(-6.10976546,-50.825748427,14.125000164));
#2789=B_SPLINE_CURVE_WITH_KNOTS('',3,(#2725,#2726,#2727,#2728,#2729,#2730,#2731,#2732,#2733,#2734,#2735,#2736,#2737,#2738,#2739,#2740,#2741,#2742,#2743,#2744,#2745,#2746,#2747,#2748,#2749,#2750,
#2751,#2752,#2753,#2754,#2755,#2756,#2757,#2758,#2759,#2760,#2761,#2762,#2763,#2764,#2765,#2766,#2767,#2768,#2769,#2770,#2771,#2772,#2773,#2774,#2775,
#2776,#2777,#2778,#2779,#2780,#2781,#2782,#2783,#2784,#2785,#2786,#2787,#2788),.UNSPECIFIED.,.F.,.F.,(4,3,3,3,3,3,3,3,3,3,3,3,3,3,3,3,3,3,3,3,3,4),(0.000081145,0.000702291,0.001012864,0.001323437,0.00163401,0.001944583,0.002565729,0.003186875,0.003808021,0.004429167,0.005050313,0.005360886,0.005671459,0.006292605,0.006913751,0.007534897,0.00784547,0.008156044,0.00877719,0.009087763,0.009398336,0.010019482),.UNSPECIFIED.);
#2790=EDGE_CURVE('',#2660,#2658,#2789,.T.);
#2791=ORIENTED_EDGE('',*,*,#2790,.T.);
#2792=EDGE_LOOP('',(#2724,#2791));
#2793=FACE_BOUND('',#2792,.T.);
#2794=CARTESIAN_POINT('',(6.389901653,-38.325690977,14.124987266));
#2795=VERTEX_POINT('',#2794);
#2796=CARTESIAN_POINT('',(6.391309553,-32.024442683,14.125009496));
#2797=VERTEX_POINT('',#2796);
#2798=CARTESIAN_POINT('',(6.389567236,-38.325678576,14.125000164));
#2799=CARTESIAN_POINT('',(5.972222598,-38.281956113,14.125000164));
#2800=CARTESIAN_POINT('',(5.573023845,-38.172741209,14.125000164));
#2801=CARTESIAN_POINT('',(5.194507815,-37.990770286,14.125000164));
#2802=CARTESIAN_POINT('',(5.0052498,-37.899784825,14.125000164));
#2803=CARTESIAN_POINT('',(4.826837533,-37.793512132,14.125000164));
#2804=CARTESIAN_POINT('',(4.658545531,-37.67297479,14.125000164));
#2805=CARTESIAN_POINT('',(4.490253529,-37.552437448,14.125000164));
#2806=CARTESIAN_POINT('',(4.331722272,-37.417272637,14.125000164));
#2807=CARTESIAN_POINT('',(4.184634913,-37.267776509,14.125000164));
#2808=CARTESIAN_POINT('',(4.037547554,-37.118280381,14.125000164));
#2809=CARTESIAN_POINT('',(3.905522156,-36.958249427,14.125000164));
#2810=CARTESIAN_POINT('',(3.788645143,-36.7876232,14.125000164));
#2811=CARTESIAN_POINT('',(3.671768131,-36.616996973,14.125000164));
#2812=CARTESIAN_POINT('',(3.569561078,-36.434761715,14.125000164));
#2813=CARTESIAN_POINT('',(3.485619126,-36.242646098,14.125000164));
#2814=CARTESIAN_POINT('',(3.401677175,-36.050530482,14.125000164));
#2815=CARTESIAN_POINT('',(3.337939531,-35.853270714,14.125000164));
#2816=CARTESIAN_POINT('',(3.292936451,-35.651241002,14.125000164));
#2817=CARTESIAN_POINT('',(3.270434911,-35.550226146,14.125000164));
#2818=CARTESIAN_POINT('',(3.252660466,-35.44800774,14.125000164));
#2819=CARTESIAN_POINT('',(3.239690872,-35.344565988,14.125000164));
#2820=CARTESIAN_POINT('',(3.226721279,-35.241124235,14.125000164));
#2821=CARTESIAN_POINT('',(3.218573204,-35.135940198,14.125000164));
#2822=CARTESIAN_POINT('',(3.215494424,-35.031576582,14.125000164));
#2823=CARTESIAN_POINT('',(3.209336864,-34.822849351,14.125000164));
#2824=CARTESIAN_POINT('',(3.222895912,-34.616047459,14.125000164));
#2825=CARTESIAN_POINT('',(3.256720936,-34.411224553,14.125000164));
#2826=CARTESIAN_POINT('',(3.29054596,-34.206401646,14.125000164));
#2827=CARTESIAN_POINT('',(3.345763165,-34.001447471,14.125000164));
#2828=CARTESIAN_POINT('',(3.421016075,-33.808014178,14.125000164));
#2829=CARTESIAN_POINT('',(3.496268985,-33.614580885,14.125000164));
#2830=CARTESIAN_POINT('',(3.591616674,-33.431020251,14.125000164));
#2831=CARTESIAN_POINT('',(3.70664006,-33.257126377,14.125000164));
#2832=CARTESIAN_POINT('',(3.764151752,-33.17017944,14.125000164));
#2833=CARTESIAN_POINT('',(3.827015433,-33.085269803,14.125000164));
#2834=CARTESIAN_POINT('',(3.893500478,-33.004750639,14.125000164));
#2835=CARTESIAN_POINT('',(3.959985523,-32.924231476,14.125000164));
#2836=CARTESIAN_POINT('',(4.030284879,-32.847707287,14.125000164));
#2837=CARTESIAN_POINT('',(4.104360341,-32.775138056,14.125000164));
#2838=CARTESIAN_POINT('',(4.178435802,-32.702568825,14.125000164));
#2839=CARTESIAN_POINT('',(4.256286643,-32.633953792,14.125000164));
#2840=CARTESIAN_POINT('',(4.338059533,-32.569446574,14.125000164));
#2841=CARTESIAN_POINT('',(4.419832424,-32.504939356,14.125000164));
#2842=CARTESIAN_POINT('',(4.506143246,-32.444177608,14.125000164));
#2843=CARTESIAN_POINT('',(4.594991442,-32.388935981,14.125000164));
#2844=CARTESIAN_POINT('',(4.772687835,-32.278452727,14.125000164));
#2845=CARTESIAN_POINT('',(4.959801796,-32.189877224,14.125000164));
#2846=CARTESIAN_POINT('',(5.156907941,-32.124546179,14.125000164));
#2847=CARTESIAN_POINT('',(5.354014086,-32.059215133,14.125000164));
#2848=CARTESIAN_POINT('',(5.562671043,-32.017129817,14.125000164));
#2849=CARTESIAN_POINT('',(5.769242286,-32.000372614,14.125000164));
#2850=CARTESIAN_POINT('',(5.872527908,-31.991994012,14.125000164));
#2851=CARTESIAN_POINT('',(5.975993556,-31.989706317,14.125000164));
#2852=CARTESIAN_POINT('',(6.079642364,-31.993615606,14.125000164));
#2853=CARTESIAN_POINT('',(6.131466768,-31.995570251,14.125000164));
#2854=CARTESIAN_POINT('',(6.183337135,-31.999079965,14.125000164));
#2855=CARTESIAN_POINT('',(6.235254944,-32.004194818,14.125000164));
#2856=CARTESIAN_POINT('',(6.287172753,-32.009309672,14.125000164));
#2857=CARTESIAN_POINT('',(6.339922949,-32.016156314,14.125000164));
#2858=CARTESIAN_POINT('',(6.391153031,-32.024433728,14.125000164));
#2859=B_SPLINE_CURVE_WITH_KNOTS('',3,(#2798,#2799,#2800,#2801,#2802,#2803,#2804,#2805,#2806,#2807,#2808,#2809,#2810,#2811,#2812,#2813,#2814,#2815,#2816,#2817,#2818,#2819,#2820,#2821,#2822,#2823,
#2824,#2825,#2826,#2827,#2828,#2829,#2830,#2831,#2832,#2833,#2834,#2835,#2836,#2837,#2838,#2839,#2840,#2841,#2842,#2843,#2844,#2845,#2846,#2847,#2848,
#2849,#2850,#2851,#2852,#2853,#2854,#2855,#2856,#2857,#2858),.UNSPECIFIED.,.F.,.F.,(4,3,3,3,3,3,3,3,3,3,3,3,3,3,3,3,3,3,3,3,4),(0.,0.001241101,0.001861652,0.002482202,0.003102753,0.003723303,0.004343854,0.004654129,0.004964405,0.005584955,0.006205506,0.006826056,0.007136332,0.007446607,0.007756882,0.008067157,0.008687708,0.009308259,0.009618534,0.009773671,0.009928809),.UNSPECIFIED.);
#2860=EDGE_CURVE('',#2795,#2797,#2859,.T.);
#2861=ORIENTED_EDGE('',*,*,#2860,.T.);
#2862=CARTESIAN_POINT('',(6.391464428,-32.024484061,14.125000164));
#2863=CARTESIAN_POINT('',(6.59775819,-31.989686906,14.125000164));
#2864=CARTESIAN_POINT('',(6.804652375,-31.980646171,14.125000164));
#2865=CARTESIAN_POINT('',(7.012155444,-31.997724823,14.125000164));
#2866=CARTESIAN_POINT('',(7.115906978,-32.006264149,14.125000164));
#2867=CARTESIAN_POINT('',(7.220479053,-32.021692004,14.125000164));
#2868=CARTESIAN_POINT('',(7.322665603,-32.043266576,14.125000164));
#2869=CARTESIAN_POINT('',(7.424852154,-32.064841149,14.125000164));
#2870=CARTESIAN_POINT('',(7.525054476,-32.092495091,14.125000164));
#2871=CARTESIAN_POINT('',(7.623398182,-32.125843548,14.125000164));
#2872=CARTESIAN_POINT('',(7.721741888,-32.159192004,14.125000164));
#2873=CARTESIAN_POINT('',(7.818226038,-32.198237853,14.125000164));
#2874=CARTESIAN_POINT('',(7.912873641,-32.2429106,14.125000164));
#2875=CARTESIAN_POINT('',(8.007521244,-32.287583347,14.125000164));
#2876=CARTESIAN_POINT('',(8.100012059,-32.337817098,14.125000164));
#2877=CARTESIAN_POINT('',(8.188614508,-32.392424069,14.125000164));
#2878=CARTESIAN_POINT('',(8.365819407,-32.50163801,14.125000164));
#2879=CARTESIAN_POINT('',(8.529793783,-32.629082357,14.125000164));
#2880=CARTESIAN_POINT('',(8.680177603,-32.775253202,14.125000164));
#2881=CARTESIAN_POINT('',(8.830561422,-32.921424048,14.125000164));
#2882=CARTESIAN_POINT('',(8.962786346,-33.082669199,14.125000164));
#2883=CARTESIAN_POINT('',(9.075847649,-33.256390516,14.125000164));
#2884=CARTESIAN_POINT('',(9.188908953,-33.430111834,14.125000164));
#2885=CARTESIAN_POINT('',(9.28443409,-33.618859739,14.125000164));
#2886=CARTESIAN_POINT('',(9.359126072,-33.813037671,14.125000164));
#2887=CARTESIAN_POINT('',(9.433818053,-34.007215602,14.125000164));
#2888=CARTESIAN_POINT('',(9.488628471,-34.207420797,14.125000164));
#2889=CARTESIAN_POINT('',(9.523877125,-34.413556307,14.125000164));
#2890=CARTESIAN_POINT('',(9.559125778,-34.619691817,14.125000164));
#2891=CARTESIAN_POINT('',(9.573943788,-34.828522437,14.125000164));
#2892=CARTESIAN_POINT('',(9.568309787,-35.035440642,14.125000164));
#2893=CARTESIAN_POINT('',(9.565492786,-35.138899745,14.125000164));
#2894=CARTESIAN_POINT('',(9.557578486,-35.242234721,14.125000164));
#2895=CARTESIAN_POINT('',(9.544373028,-35.345440849,14.125000164));
#2896=CARTESIAN_POINT('',(9.531167571,-35.448646977,14.125000164));
#2897=CARTESIAN_POINT('',(9.512492049,-35.552283827,14.125000164));
#2898=CARTESIAN_POINT('',(9.488912568,-35.65406014,14.125000164));
#2899=CARTESIAN_POINT('',(9.441753606,-35.857612767,14.125000164));
#2900=CARTESIAN_POINT('',(9.375421104,-36.054063481,14.125000164));
#2901=CARTESIAN_POINT('',(9.291502925,-36.244000431,14.125000164));
#2902=CARTESIAN_POINT('',(9.207584746,-36.433937381,14.125000164));
#2903=CARTESIAN_POINT('',(9.104942288,-36.618586207,14.125000164));
#2904=CARTESIAN_POINT('',(8.988367407,-36.790489225,14.125000164));
#2905=CARTESIAN_POINT('',(8.871792526,-36.962392244,14.125000164));
#2906=CARTESIAN_POINT('',(8.740939808,-37.122976498,14.125000164));
#2907=CARTESIAN_POINT('',(8.595575058,-37.272056332,14.125000164));
#2908=CARTESIAN_POINT('',(8.522892684,-37.346596248,14.125000164));
#2909=CARTESIAN_POINT('',(8.446136076,-37.418569831,14.125000164));
#2910=CARTESIAN_POINT('',(8.366812232,-37.486404959,14.125000164));
#2911=CARTESIAN_POINT('',(8.287488387,-37.554240087,14.125000164));
#2912=CARTESIAN_POINT('',(8.205575246,-37.618024213,14.125000164));
#2913=CARTESIAN_POINT('',(8.121103034,-37.677804627,14.125000164));
#2914=CARTESIAN_POINT('',(7.952158611,-37.797365454,14.125000164));
#2915=CARTESIAN_POINT('',(7.773135066,-37.90115731,14.125000164));
#2916=CARTESIAN_POINT('',(7.58450579,-37.989920824,14.125000164));
#2917=CARTESIAN_POINT('',(7.490191152,-38.034302581,14.125000164));
#2918=CARTESIAN_POINT('',(7.393193397,-38.074957378,14.125000164));
#2919=CARTESIAN_POINT('',(7.295575756,-38.111161762,14.125000164));
#2920=CARTESIAN_POINT('',(7.197958114,-38.147366146,14.125000164));
#2921=CARTESIAN_POINT('',(7.09932059,-38.179333992,14.125000164));
#2922=CARTESIAN_POINT('',(6.99970076,-38.207221398,14.125000164));
#2923=CARTESIAN_POINT('',(6.800461102,-38.262996209,14.125000164));
#2924=CARTESIAN_POINT('',(6.597319014,-38.302560544,14.125000164));
#2925=CARTESIAN_POINT('',(6.39023454,-38.325748427,14.125000164));
#2926=B_SPLINE_CURVE_WITH_KNOTS('',3,(#2862,#2863,#2864,#2865,#2866,#2867,#2868,#2869,#2870,#2871,#2872,#2873,#2874,#2875,#2876,#2877,#2878,#2879,#2880,#2881,#2882,#2883,#2884,#2885,#2886,#2887,
#2888,#2889,#2890,#2891,#2892,#2893,#2894,#2895,#2896,#2897,#2898,#2899,#2900,#2901,#2902,#2903,#2904,#2905,#2906,#2907,#2908,#2909,#2910,#2911,#2912,
#2913,#2914,#2915,#2916,#2917,#2918,#2919,#2920,#2921,#2922,#2923,#2924,#2925),.UNSPECIFIED.,.F.,.F.,(4,3,3,3,3,3,3,3,3,3,3,3,3,3,3,3,3,3,3,3,3,4),(0.000081145,0.000702291,0.001012864,0.001323437,0.00163401,0.001944583,0.002565729,0.003186875,0.003808021,0.004429167,0.005050313,0.005360886,0.005671459,0.006292605,0.006913751,0.007534897,0.00784547,0.008156044,0.00877719,0.009087763,0.009398336,0.010019482),.UNSPECIFIED.);
#2927=EDGE_CURVE('',#2797,#2795,#2926,.T.);
#2928=ORIENTED_EDGE('',*,*,#2927,.T.);
#2929=EDGE_LOOP('',(#2861,#2928));
#2930=FACE_BOUND('',#2929,.T.);
#2931=CARTESIAN_POINT('',(-6.110098347,-63.325690977,14.124987266));
#2932=VERTEX_POINT('',#2931);
#2933=CARTESIAN_POINT('',(-6.108690447,-57.024442683,14.125009496));
#2934=VERTEX_POINT('',#2933);
#2935=CARTESIAN_POINT('',(-6.110432764,-63.325678576,14.125000164));
#2936=CARTESIAN_POINT('',(-6.527777402,-63.281956113,14.125000164));
#2937=CARTESIAN_POINT('',(-6.926976155,-63.172741209,14.125000164));
#2938=CARTESIAN_POINT('',(-7.305492185,-62.990770286,14.125000164));
#2939=CARTESIAN_POINT('',(-7.4947502,-62.899784825,14.125000164));
#2940=CARTESIAN_POINT('',(-7.673162467,-62.793512132,14.125000164));
#2941=CARTESIAN_POINT('',(-7.841454469,-62.67297479,14.125000164));
#2942=CARTESIAN_POINT('',(-8.009746471,-62.552437448,14.125000164));
#2943=CARTESIAN_POINT('',(-8.168277728,-62.417272637,14.125000164));
#2944=CARTESIAN_POINT('',(-8.315365087,-62.267776509,14.125000164));
#2945=CARTESIAN_POINT('',(-8.462452446,-62.118280381,14.125000164));
#2946=CARTESIAN_POINT('',(-8.594477844,-61.958249427,14.125000164));
#2947=CARTESIAN_POINT('',(-8.711354857,-61.7876232,14.125000164));
#2948=CARTESIAN_POINT('',(-8.828231869,-61.616996973,14.125000164));
#2949=CARTESIAN_POINT('',(-8.930438922,-61.434761715,14.125000164));
#2950=CARTESIAN_POINT('',(-9.014380874,-61.242646098,14.125000164));
#2951=CARTESIAN_POINT('',(-9.098322825,-61.050530482,14.125000164));
#2952=CARTESIAN_POINT('',(-9.162060469,-60.853270714,14.125000164));
#2953=CARTESIAN_POINT('',(-9.207063549,-60.651241002,14.125000164));
#2954=CARTESIAN_POINT('',(-9.229565089,-60.550226146,14.125000164));
#2955=CARTESIAN_POINT('',(-9.247339534,-60.44800774,14.125000164));
#2956=CARTESIAN_POINT('',(-9.260309128,-60.344565988,14.125000164));
#2957=CARTESIAN_POINT('',(-9.273278721,-60.241124235,14.125000164));
#2958=CARTESIAN_POINT('',(-9.281426796,-60.135940198,14.125000164));
#2959=CARTESIAN_POINT('',(-9.284505576,-60.031576582,14.125000164));
#2960=CARTESIAN_POINT('',(-9.290663136,-59.822849351,14.125000164));
#2961=CARTESIAN_POINT('',(-9.277104088,-59.616047459,14.125000164));
#2962=CARTESIAN_POINT('',(-9.243279064,-59.411224553,14.125000164));
#2963=CARTESIAN_POINT('',(-9.20945404,-59.206401646,14.125000164));
#2964=CARTESIAN_POINT('',(-9.154236835,-59.001447471,14.125000164));
#2965=CARTESIAN_POINT('',(-9.078983925,-58.808014178,14.125000164));
#2966=CARTESIAN_POINT('',(-9.003731015,-58.614580885,14.125000164));
#2967=CARTESIAN_POINT('',(-8.908383326,-58.431020251,14.125000164));
#2968=CARTESIAN_POINT('',(-8.79335994,-58.257126377,14.125000164));
#2969=CARTESIAN_POINT('',(-8.735848248,-58.17017944,14.125000164));
#2970=CARTESIAN_POINT('',(-8.672984567,-58.085269803,14.125000164));
#2971=CARTESIAN_POINT('',(-8.606499522,-58.004750639,14.125000164));
#2972=CARTESIAN_POINT('',(-8.540014477,-57.924231476,14.125000164));
#2973=CARTESIAN_POINT('',(-8.469715121,-57.847707287,14.125000164));
#2974=CARTESIAN_POINT('',(-8.395639659,-57.775138056,14.125000164));
#2975=CARTESIAN_POINT('',(-8.321564198,-57.702568825,14.125000164));
#2976=CARTESIAN_POINT('',(-8.243713357,-57.633953792,14.125000164));
#2977=CARTESIAN_POINT('',(-8.161940467,-57.569446574,14.125000164));
#2978=CARTESIAN_POINT('',(-8.080167576,-57.504939356,14.125000164));
#2979=CARTESIAN_POINT('',(-7.993856754,-57.444177608,14.125000164));
#2980=CARTESIAN_POINT('',(-7.905008558,-57.388935981,14.125000164));
#2981=CARTESIAN_POINT('',(-7.727312165,-57.278452727,14.125000164));
#2982=CARTESIAN_POINT('',(-7.540198204,-57.189877224,14.125000164));
#2983=CARTESIAN_POINT('',(-7.343092059,-57.124546179,14.125000164));
#2984=CARTESIAN_POINT('',(-7.145985914,-57.059215133,14.125000164));
#2985=CARTESIAN_POINT('',(-6.937328957,-57.017129817,14.125000164));
#2986=CARTESIAN_POINT('',(-6.730757714,-57.000372614,14.125000164));
#2987=CARTESIAN_POINT('',(-6.627472092,-56.991994012,14.125000164));
#2988=CARTESIAN_POINT('',(-6.524006444,-56.989706317,14.125000164));
#2989=CARTESIAN_POINT('',(-6.420357636,-56.993615606,14.125000164));
#2990=CARTESIAN_POINT('',(-6.368533232,-56.995570251,14.125000164));
#2991=CARTESIAN_POINT('',(-6.316662865,-56.999079965,14.125000164));
#2992=CARTESIAN_POINT('',(-6.264745056,-57.004194818,14.125000164));
#2993=CARTESIAN_POINT('',(-6.212827247,-57.009309672,14.125000164));
#2994=CARTESIAN_POINT('',(-6.160077051,-57.016156314,14.125000164));
#2995=CARTESIAN_POINT('',(-6.108846969,-57.024433728,14.125000164));
#2996=B_SPLINE_CURVE_WITH_KNOTS('',3,(#2935,#2936,#2937,#2938,#2939,#2940,#2941,#2942,#2943,#2944,#2945,#2946,#2947,#2948,#2949,#2950,#2951,#2952,#2953,#2954,#2955,#2956,#2957,#2958,#2959,#2960,
#2961,#2962,#2963,#2964,#2965,#2966,#2967,#2968,#2969,#2970,#2971,#2972,#2973,#2974,#2975,#2976,#2977,#2978,#2979,#2980,#2981,#2982,#2983,#2984,#2985,
#2986,#2987,#2988,#2989,#2990,#2991,#2992,#2993,#2994,#2995),.UNSPECIFIED.,.F.,.F.,(4,3,3,3,3,3,3,3,3,3,3,3,3,3,3,3,3,3,3,3,4),(0.,0.001241101,0.001861652,0.002482202,0.003102753,0.003723303,0.004343854,0.004654129,0.004964405,0.005584955,0.006205506,0.006826056,0.007136332,0.007446607,0.007756882,0.008067157,0.008687708,0.009308259,0.009618534,0.009773671,0.009928809),.UNSPECIFIED.);
#2997=EDGE_CURVE('',#2932,#2934,#2996,.T.);
#2998=ORIENTED_EDGE('',*,*,#2997,.T.);
#2999=CARTESIAN_POINT('',(-6.108535572,-57.024484061,14.125000164));
#3000=CARTESIAN_POINT('',(-5.90224181,-56.989686906,14.125000164));
#3001=CARTESIAN_POINT('',(-5.695347625,-56.980646171,14.125000164));
#3002=CARTESIAN_POINT('',(-5.487844556,-56.997724823,14.125000164));
#3003=CARTESIAN_POINT('',(-5.384093022,-57.006264149,14.125000164));
#3004=CARTESIAN_POINT('',(-5.279520947,-57.021692004,14.125000164));
#3005=CARTESIAN_POINT('',(-5.177334397,-57.043266576,14.125000164));
#3006=CARTESIAN_POINT('',(-5.075147846,-57.064841149,14.125000164));
#3007=CARTESIAN_POINT('',(-4.974945524,-57.092495091,14.125000164));
#3008=CARTESIAN_POINT('',(-4.876601818,-57.125843548,14.125000164));
#3009=CARTESIAN_POINT('',(-4.778258112,-57.159192004,14.125000164));
#3010=CARTESIAN_POINT('',(-4.681773962,-57.198237853,14.125000164));
#3011=CARTESIAN_POINT('',(-4.587126359,-57.2429106,14.125000164));
#3012=CARTESIAN_POINT('',(-4.492478756,-57.287583347,14.125000164));
#3013=CARTESIAN_POINT('',(-4.399987941,-57.337817098,14.125000164));
#3014=CARTESIAN_POINT('',(-4.311385492,-57.392424069,14.125000164));
#3015=CARTESIAN_POINT('',(-4.134180593,-57.50163801,14.125000164));
#3016=CARTESIAN_POINT('',(-3.970206217,-57.629082357,14.125000164));
#3017=CARTESIAN_POINT('',(-3.819822397,-57.775253202,14.125000164));
#3018=CARTESIAN_POINT('',(-3.669438578,-57.921424048,14.125000164));
#3019=CARTESIAN_POINT('',(-3.537213654,-58.082669199,14.125000164));
#3020=CARTESIAN_POINT('',(-3.424152351,-58.256390516,14.125000164));
#3021=CARTESIAN_POINT('',(-3.311091047,-58.430111834,14.125000164));
#3022=CARTESIAN_POINT('',(-3.21556591,-58.618859739,14.125000164));
#3023=CARTESIAN_POINT('',(-3.140873928,-58.813037671,14.125000164));
#3024=CARTESIAN_POINT('',(-3.066181947,-59.007215602,14.125000164));
#3025=CARTESIAN_POINT('',(-3.011371529,-59.207420797,14.125000164));
#3026=CARTESIAN_POINT('',(-2.976122875,-59.413556307,14.125000164));
#3027=CARTESIAN_POINT('',(-2.940874222,-59.619691817,14.125000164));
#3028=CARTESIAN_POINT('',(-2.926056212,-59.828522437,14.125000164));
#3029=CARTESIAN_POINT('',(-2.931690213,-60.035440642,14.125000164));
#3030=CARTESIAN_POINT('',(-2.934507214,-60.138899745,14.125000164));
#3031=CARTESIAN_POINT('',(-2.942421514,-60.242234721,14.125000164));
#3032=CARTESIAN_POINT('',(-2.955626972,-60.345440849,14.125000164));
#3033=CARTESIAN_POINT('',(-2.968832429,-60.448646977,14.125000164));
#3034=CARTESIAN_POINT('',(-2.987507951,-60.552283827,14.125000164));
#3035=CARTESIAN_POINT('',(-3.011087432,-60.65406014,14.125000164));
#3036=CARTESIAN_POINT('',(-3.058246394,-60.857612767,14.125000164));
#3037=CARTESIAN_POINT('',(-3.124578896,-61.054063481,14.125000164));
#3038=CARTESIAN_POINT('',(-3.208497075,-61.244000431,14.125000164));
#3039=CARTESIAN_POINT('',(-3.292415254,-61.433937381,14.125000164));
#3040=CARTESIAN_POINT('',(-3.395057712,-61.618586207,14.125000164));
#3041=CARTESIAN_POINT('',(-3.511632593,-61.790489225,14.125000164));
#3042=CARTESIAN_POINT('',(-3.628207474,-61.962392244,14.125000164));
#3043=CARTESIAN_POINT('',(-3.759060192,-62.122976498,14.125000164));
#3044=CARTESIAN_POINT('',(-3.904424942,-62.272056332,14.125000164));
#3045=CARTESIAN_POINT('',(-3.977107316,-62.346596248,14.125000164));
#3046=CARTESIAN_POINT('',(-4.053863924,-62.418569831,14.125000164));
#3047=CARTESIAN_POINT('',(-4.133187768,-62.486404959,14.125000164));
#3048=CARTESIAN_POINT('',(-4.212511613,-62.554240087,14.125000164));
#3049=CARTESIAN_POINT('',(-4.294424754,-62.618024213,14.125000164));
#3050=CARTESIAN_POINT('',(-4.378896966,-62.677804627,14.125000164));
#3051=CARTESIAN_POINT('',(-4.547841389,-62.797365454,14.125000164));
#3052=CARTESIAN_POINT('',(-4.726864934,-62.90115731,14.125000164));
#3053=CARTESIAN_POINT('',(-4.91549421,-62.989920824,14.125000164));
#3054=CARTESIAN_POINT('',(-5.009808848,-63.034302581,14.125000164));
#3055=CARTESIAN_POINT('',(-5.106806603,-63.074957378,14.125000164));
#3056=CARTESIAN_POINT('',(-5.204424244,-63.111161762,14.125000164));
#3057=CARTESIAN_POINT('',(-5.302041886,-63.147366146,14.125000164));
#3058=CARTESIAN_POINT('',(-5.40067941,-63.179333992,14.125000164));
#3059=CARTESIAN_POINT('',(-5.50029924,-63.207221398,14.125000164));
#3060=CARTESIAN_POINT('',(-5.699538898,-63.262996209,14.125000164));
#3061=CARTESIAN_POINT('',(-5.902680986,-63.302560544,14.125000164));
#3062=CARTESIAN_POINT('',(-6.10976546,-63.325748427,14.125000164));
#3063=B_SPLINE_CURVE_WITH_KNOTS('',3,(#2999,#3000,#3001,#3002,#3003,#3004,#3005,#3006,#3007,#3008,#3009,#3010,#3011,#3012,#3013,#3014,#3015,#3016,#3017,#3018,#3019,#3020,#3021,#3022,#3023,#3024,
#3025,#3026,#3027,#3028,#3029,#3030,#3031,#3032,#3033,#3034,#3035,#3036,#3037,#3038,#3039,#3040,#3041,#3042,#3043,#3044,#3045,#3046,#3047,#3048,#3049,
#3050,#3051,#3052,#3053,#3054,#3055,#3056,#3057,#3058,#3059,#3060,#3061,#3062),.UNSPECIFIED.,.F.,.F.,(4,3,3,3,3,3,3,3,3,3,3,3,3,3,3,3,3,3,3,3,3,4),(0.000081145,0.000702291,0.001012864,0.001323437,0.00163401,0.001944583,0.002565729,0.003186875,0.003808021,0.004429167,0.005050313,0.005360886,0.005671459,0.006292605,0.006913751,0.007534897,0.00784547,0.008156044,0.00877719,0.009087763,0.009398336,0.010019482),.UNSPECIFIED.);
#3064=EDGE_CURVE('',#2934,#2932,#3063,.T.);
#3065=ORIENTED_EDGE('',*,*,#3064,.T.);
#3066=EDGE_LOOP('',(#2998,#3065));
#3067=FACE_BOUND('',#3066,.T.);
#3068=CARTESIAN_POINT('',(-6.110098347,-75.825690977,14.124987266));
#3069=VERTEX_POINT('',#3068);
#3070=CARTESIAN_POINT('',(-6.108690447,-69.524442683,14.125009496));
#3071=VERTEX_POINT('',#3070);
#3072=CARTESIAN_POINT('',(-6.110432764,-75.825678576,14.125000164));
#3073=CARTESIAN_POINT('',(-6.527777402,-75.781956113,14.125000164));
#3074=CARTESIAN_POINT('',(-6.926976155,-75.672741209,14.125000164));
#3075=CARTESIAN_POINT('',(-7.305492185,-75.490770286,14.125000164));
#3076=CARTESIAN_POINT('',(-7.4947502,-75.399784825,14.125000164));
#3077=CARTESIAN_POINT('',(-7.673162467,-75.293512132,14.125000164));
#3078=CARTESIAN_POINT('',(-7.841454469,-75.17297479,14.125000164));
#3079=CARTESIAN_POINT('',(-8.009746471,-75.052437448,14.125000164));
#3080=CARTESIAN_POINT('',(-8.168277728,-74.917272637,14.125000164));
#3081=CARTESIAN_POINT('',(-8.315365087,-74.767776509,14.125000164));
#3082=CARTESIAN_POINT('',(-8.462452446,-74.618280381,14.125000164));
#3083=CARTESIAN_POINT('',(-8.594477844,-74.458249427,14.125000164));
#3084=CARTESIAN_POINT('',(-8.711354857,-74.2876232,14.125000164));
#3085=CARTESIAN_POINT('',(-8.828231869,-74.116996973,14.125000164));
#3086=CARTESIAN_POINT('',(-8.930438922,-73.934761715,14.125000164));
#3087=CARTESIAN_POINT('',(-9.014380874,-73.742646098,14.125000164));
#3088=CARTESIAN_POINT('',(-9.098322825,-73.550530482,14.125000164));
#3089=CARTESIAN_POINT('',(-9.162060469,-73.353270714,14.125000164));
#3090=CARTESIAN_POINT('',(-9.207063549,-73.151241002,14.125000164));
#3091=CARTESIAN_POINT('',(-9.229565089,-73.050226146,14.125000164));
#3092=CARTESIAN_POINT('',(-9.247339534,-72.94800774,14.125000164));
#3093=CARTESIAN_POINT('',(-9.260309128,-72.844565988,14.125000164));
#3094=CARTESIAN_POINT('',(-9.273278721,-72.741124235,14.125000164));
#3095=CARTESIAN_POINT('',(-9.281426796,-72.635940198,14.125000164));
#3096=CARTESIAN_POINT('',(-9.284505576,-72.531576582,14.125000164));
#3097=CARTESIAN_POINT('',(-9.290663136,-72.322849351,14.125000164));
#3098=CARTESIAN_POINT('',(-9.277104088,-72.116047459,14.125000164));
#3099=CARTESIAN_POINT('',(-9.243279064,-71.911224553,14.125000164));
#3100=CARTESIAN_POINT('',(-9.20945404,-71.706401646,14.125000164));
#3101=CARTESIAN_POINT('',(-9.154236835,-71.501447471,14.125000164));
#3102=CARTESIAN_POINT('',(-9.078983925,-71.308014178,14.125000164));
#3103=CARTESIAN_POINT('',(-9.003731015,-71.114580885,14.125000164));
#3104=CARTESIAN_POINT('',(-8.908383326,-70.931020251,14.125000164));
#3105=CARTESIAN_POINT('',(-8.79335994,-70.757126377,14.125000164));
#3106=CARTESIAN_POINT('',(-8.735848248,-70.67017944,14.125000164));
#3107=CARTESIAN_POINT('',(-8.672984567,-70.585269803,14.125000164));
#3108=CARTESIAN_POINT('',(-8.606499522,-70.504750639,14.125000164));
#3109=CARTESIAN_POINT('',(-8.540014477,-70.424231476,14.125000164));
#3110=CARTESIAN_POINT('',(-8.469715121,-70.347707287,14.125000164));
#3111=CARTESIAN_POINT('',(-8.395639659,-70.275138056,14.125000164));
#3112=CARTESIAN_POINT('',(-8.321564198,-70.202568825,14.125000164));
#3113=CARTESIAN_POINT('',(-8.243713357,-70.133953792,14.125000164));
#3114=CARTESIAN_POINT('',(-8.161940467,-70.069446574,14.125000164));
#3115=CARTESIAN_POINT('',(-8.080167576,-70.004939356,14.125000164));
#3116=CARTESIAN_POINT('',(-7.993856754,-69.944177608,14.125000164));
#3117=CARTESIAN_POINT('',(-7.905008558,-69.888935981,14.125000164));
#3118=CARTESIAN_POINT('',(-7.727312165,-69.778452727,14.125000164));
#3119=CARTESIAN_POINT('',(-7.540198204,-69.689877224,14.125000164));
#3120=CARTESIAN_POINT('',(-7.343092059,-69.624546179,14.125000164));
#3121=CARTESIAN_POINT('',(-7.145985914,-69.559215133,14.125000164));
#3122=CARTESIAN_POINT('',(-6.937328957,-69.517129817,14.125000164));
#3123=CARTESIAN_POINT('',(-6.730757714,-69.500372614,14.125000164));
#3124=CARTESIAN_POINT('',(-6.627472092,-69.491994012,14.125000164));
#3125=CARTESIAN_POINT('',(-6.524006444,-69.489706317,14.125000164));
#3126=CARTESIAN_POINT('',(-6.420357636,-69.493615606,14.125000164));
#3127=CARTESIAN_POINT('',(-6.368533232,-69.495570251,14.125000164));
#3128=CARTESIAN_POINT('',(-6.316662865,-69.499079965,14.125000164));
#3129=CARTESIAN_POINT('',(-6.264745056,-69.504194818,14.125000164));
#3130=CARTESIAN_POINT('',(-6.212827247,-69.509309672,14.125000164));
#3131=CARTESIAN_POINT('',(-6.160077051,-69.516156314,14.125000164));
#3132=CARTESIAN_POINT('',(-6.108846969,-69.524433728,14.125000164));
#3133=B_SPLINE_CURVE_WITH_KNOTS('',3,(#3072,#3073,#3074,#3075,#3076,#3077,#3078,#3079,#3080,#3081,#3082,#3083,#3084,#3085,#3086,#3087,#3088,#3089,#3090,#3091,#3092,#3093,#3094,#3095,#3096,#3097,
#3098,#3099,#3100,#3101,#3102,#3103,#3104,#3105,#3106,#3107,#3108,#3109,#3110,#3111,#3112,#3113,#3114,#3115,#3116,#3117,#3118,#3119,#3120,#3121,#3122,
#3123,#3124,#3125,#3126,#3127,#3128,#3129,#3130,#3131,#3132),.UNSPECIFIED.,.F.,.F.,(4,3,3,3,3,3,3,3,3,3,3,3,3,3,3,3,3,3,3,3,4),(0.,0.001241101,0.001861652,0.002482202,0.003102753,0.003723303,0.004343854,0.004654129,0.004964405,0.005584955,0.006205506,0.006826056,0.007136332,0.007446607,0.007756882,0.008067157,0.008687708,0.009308259,0.009618534,0.009773671,0.009928809),.UNSPECIFIED.);
#3134=EDGE_CURVE('',#3069,#3071,#3133,.T.);
#3135=ORIENTED_EDGE('',*,*,#3134,.T.);
#3136=CARTESIAN_POINT('',(-6.108535572,-69.524484061,14.125000164));
#3137=CARTESIAN_POINT('',(-5.90224181,-69.489686906,14.125000164));
#3138=CARTESIAN_POINT('',(-5.695347625,-69.480646171,14.125000164));
#3139=CARTESIAN_POINT('',(-5.487844556,-69.497724823,14.125000164));
#3140=CARTESIAN_POINT('',(-5.384093022,-69.506264149,14.125000164));
#3141=CARTESIAN_POINT('',(-5.279520947,-69.521692004,14.125000164));
#3142=CARTESIAN_POINT('',(-5.177334397,-69.543266576,14.125000164));
#3143=CARTESIAN_POINT('',(-5.075147846,-69.564841149,14.125000164));
#3144=CARTESIAN_POINT('',(-4.974945524,-69.592495091,14.125000164));
#3145=CARTESIAN_POINT('',(-4.876601818,-69.625843548,14.125000164));
#3146=CARTESIAN_POINT('',(-4.778258112,-69.659192004,14.125000164));
#3147=CARTESIAN_POINT('',(-4.681773962,-69.698237853,14.125000164));
#3148=CARTESIAN_POINT('',(-4.587126359,-69.7429106,14.125000164));
#3149=CARTESIAN_POINT('',(-4.492478756,-69.787583347,14.125000164));
#3150=CARTESIAN_POINT('',(-4.399987941,-69.837817098,14.125000164));
#3151=CARTESIAN_POINT('',(-4.311385492,-69.892424069,14.125000164));
#3152=CARTESIAN_POINT('',(-4.134180593,-70.00163801,14.125000164));
#3153=CARTESIAN_POINT('',(-3.970206217,-70.129082357,14.125000164));
#3154=CARTESIAN_POINT('',(-3.819822397,-70.275253202,14.125000164));
#3155=CARTESIAN_POINT('',(-3.669438578,-70.421424048,14.125000164));
#3156=CARTESIAN_POINT('',(-3.537213654,-70.582669199,14.125000164));
#3157=CARTESIAN_POINT('',(-3.424152351,-70.756390516,14.125000164));
#3158=CARTESIAN_POINT('',(-3.311091047,-70.930111834,14.125000164));
#3159=CARTESIAN_POINT('',(-3.21556591,-71.118859739,14.125000164));
#3160=CARTESIAN_POINT('',(-3.140873928,-71.313037671,14.125000164));
#3161=CARTESIAN_POINT('',(-3.066181947,-71.507215602,14.125000164));
#3162=CARTESIAN_POINT('',(-3.011371529,-71.707420797,14.125000164));
#3163=CARTESIAN_POINT('',(-2.976122875,-71.913556307,14.125000164));
#3164=CARTESIAN_POINT('',(-2.940874222,-72.119691817,14.125000164));
#3165=CARTESIAN_POINT('',(-2.926056212,-72.328522437,14.125000164));
#3166=CARTESIAN_POINT('',(-2.931690213,-72.535440642,14.125000164));
#3167=CARTESIAN_POINT('',(-2.934507214,-72.638899745,14.125000164));
#3168=CARTESIAN_POINT('',(-2.942421514,-72.742234721,14.125000164));
#3169=CARTESIAN_POINT('',(-2.955626972,-72.845440849,14.125000164));
#3170=CARTESIAN_POINT('',(-2.968832429,-72.948646977,14.125000164));
#3171=CARTESIAN_POINT('',(-2.987507951,-73.052283827,14.125000164));
#3172=CARTESIAN_POINT('',(-3.011087432,-73.15406014,14.125000164));
#3173=CARTESIAN_POINT('',(-3.058246394,-73.357612767,14.125000164));
#3174=CARTESIAN_POINT('',(-3.124578896,-73.554063481,14.125000164));
#3175=CARTESIAN_POINT('',(-3.208497075,-73.744000431,14.125000164));
#3176=CARTESIAN_POINT('',(-3.292415254,-73.933937381,14.125000164));
#3177=CARTESIAN_POINT('',(-3.395057712,-74.118586207,14.125000164));
#3178=CARTESIAN_POINT('',(-3.511632593,-74.290489225,14.125000164));
#3179=CARTESIAN_POINT('',(-3.628207474,-74.462392244,14.125000164));
#3180=CARTESIAN_POINT('',(-3.759060192,-74.622976498,14.125000164));
#3181=CARTESIAN_POINT('',(-3.904424942,-74.772056332,14.125000164));
#3182=CARTESIAN_POINT('',(-3.977107316,-74.846596248,14.125000164));
#3183=CARTESIAN_POINT('',(-4.053863924,-74.918569831,14.125000164));
#3184=CARTESIAN_POINT('',(-4.133187768,-74.986404959,14.125000164));
#3185=CARTESIAN_POINT('',(-4.212511613,-75.054240087,14.125000164));
#3186=CARTESIAN_POINT('',(-4.294424754,-75.118024213,14.125000164));
#3187=CARTESIAN_POINT('',(-4.378896966,-75.177804627,14.125000164));
#3188=CARTESIAN_POINT('',(-4.547841389,-75.297365454,14.125000164));
#3189=CARTESIAN_POINT('',(-4.726864934,-75.40115731,14.125000164));
#3190=CARTESIAN_POINT('',(-4.91549421,-75.489920824,14.125000164));
#3191=CARTESIAN_POINT('',(-5.009808848,-75.534302581,14.125000164));
#3192=CARTESIAN_POINT('',(-5.106806603,-75.574957378,14.125000164));
#3193=CARTESIAN_POINT('',(-5.204424244,-75.611161762,14.125000164));
#3194=CARTESIAN_POINT('',(-5.302041886,-75.647366146,14.125000164));
#3195=CARTESIAN_POINT('',(-5.40067941,-75.679333992,14.125000164));
#3196=CARTESIAN_POINT('',(-5.50029924,-75.707221398,14.125000164));
#3197=CARTESIAN_POINT('',(-5.699538898,-75.762996209,14.125000164));
#3198=CARTESIAN_POINT('',(-5.902680986,-75.802560544,14.125000164));
#3199=CARTESIAN_POINT('',(-6.10976546,-75.825748427,14.125000164));
#3200=B_SPLINE_CURVE_WITH_KNOTS('',3,(#3136,#3137,#3138,#3139,#3140,#3141,#3142,#3143,#3144,#3145,#3146,#3147,#3148,#3149,#3150,#3151,#3152,#3153,#3154,#3155,#3156,#3157,#3158,#3159,#3160,#3161,
#3162,#3163,#3164,#3165,#3166,#3167,#3168,#3169,#3170,#3171,#3172,#3173,#3174,#3175,#3176,#3177,#3178,#3179,#3180,#3181,#3182,#3183,#3184,#3185,#3186,
#3187,#3188,#3189,#3190,#3191,#3192,#3193,#3194,#3195,#3196,#3197,#3198,#3199),.UNSPECIFIED.,.F.,.F.,(4,3,3,3,3,3,3,3,3,3,3,3,3,3,3,3,3,3,3,3,3,4),(0.000081145,0.000702291,0.001012864,0.001323437,0.00163401,0.001944583,0.002565729,0.003186875,0.003808021,0.004429167,0.005050313,0.005360886,0.005671459,0.006292605,0.006913751,0.007534897,0.00784547,0.008156044,0.00877719,0.009087763,0.009398336,0.010019482),.UNSPECIFIED.);
#3201=EDGE_CURVE('',#3071,#3069,#3200,.T.);
#3202=ORIENTED_EDGE('',*,*,#3201,.T.);
#3203=EDGE_LOOP('',(#3135,#3202));
#3204=FACE_BOUND('',#3203,.T.);
#3205=CARTESIAN_POINT('',(6.389901653,-88.325690977,14.124987266));
#3206=VERTEX_POINT('',#3205);
#3207=CARTESIAN_POINT('',(6.391309553,-82.024442683,14.125009496));
#3208=VERTEX_POINT('',#3207);
#3209=CARTESIAN_POINT('',(6.389567236,-88.325678576,14.125000164));
#3210=CARTESIAN_POINT('',(5.972222598,-88.281956113,14.125000164));
#3211=CARTESIAN_POINT('',(5.573023845,-88.172741209,14.125000164));
#3212=CARTESIAN_POINT('',(5.194507815,-87.990770286,14.125000164));
#3213=CARTESIAN_POINT('',(5.0052498,-87.899784825,14.125000164));
#3214=CARTESIAN_POINT('',(4.826837533,-87.793512132,14.125000164));
#3215=CARTESIAN_POINT('',(4.658545531,-87.67297479,14.125000164));
#3216=CARTESIAN_POINT('',(4.490253529,-87.552437448,14.125000164));
#3217=CARTESIAN_POINT('',(4.331722272,-87.417272637,14.125000164));
#3218=CARTESIAN_POINT('',(4.184634913,-87.267776509,14.125000164));
#3219=CARTESIAN_POINT('',(4.037547554,-87.118280381,14.125000164));
#3220=CARTESIAN_POINT('',(3.905522156,-86.958249427,14.125000164));
#3221=CARTESIAN_POINT('',(3.788645143,-86.7876232,14.125000164));
#3222=CARTESIAN_POINT('',(3.671768131,-86.616996973,14.125000164));
#3223=CARTESIAN_POINT('',(3.569561078,-86.434761715,14.125000164));
#3224=CARTESIAN_POINT('',(3.485619126,-86.242646098,14.125000164));
#3225=CARTESIAN_POINT('',(3.401677175,-86.050530482,14.125000164));
#3226=CARTESIAN_POINT('',(3.337939531,-85.853270714,14.125000164));
#3227=CARTESIAN_POINT('',(3.292936451,-85.651241002,14.125000164));
#3228=CARTESIAN_POINT('',(3.270434911,-85.550226146,14.125000164));
#3229=CARTESIAN_POINT('',(3.252660466,-85.44800774,14.125000164));
#3230=CARTESIAN_POINT('',(3.239690872,-85.344565988,14.125000164));
#3231=CARTESIAN_POINT('',(3.226721279,-85.241124235,14.125000164));
#3232=CARTESIAN_POINT('',(3.218573204,-85.135940198,14.125000164));
#3233=CARTESIAN_POINT('',(3.215494424,-85.031576582,14.125000164));
#3234=CARTESIAN_POINT('',(3.209336864,-84.822849351,14.125000164));
#3235=CARTESIAN_POINT('',(3.222895912,-84.616047459,14.125000164));
#3236=CARTESIAN_POINT('',(3.256720936,-84.411224553,14.125000164));
#3237=CARTESIAN_POINT('',(3.29054596,-84.206401646,14.125000164));
#3238=CARTESIAN_POINT('',(3.345763165,-84.001447471,14.125000164));
#3239=CARTESIAN_POINT('',(3.421016075,-83.808014178,14.125000164));
#3240=CARTESIAN_POINT('',(3.496268985,-83.614580885,14.125000164));
#3241=CARTESIAN_POINT('',(3.591616674,-83.431020251,14.125000164));
#3242=CARTESIAN_POINT('',(3.70664006,-83.257126377,14.125000164));
#3243=CARTESIAN_POINT('',(3.764151752,-83.17017944,14.125000164));
#3244=CARTESIAN_POINT('',(3.827015433,-83.085269803,14.125000164));
#3245=CARTESIAN_POINT('',(3.893500478,-83.004750639,14.125000164));
#3246=CARTESIAN_POINT('',(3.959985523,-82.924231476,14.125000164));
#3247=CARTESIAN_POINT('',(4.030284879,-82.847707287,14.125000164));
#3248=CARTESIAN_POINT('',(4.104360341,-82.775138056,14.125000164));
#3249=CARTESIAN_POINT('',(4.178435802,-82.702568825,14.125000164));
#3250=CARTESIAN_POINT('',(4.256286643,-82.633953792,14.125000164));
#3251=CARTESIAN_POINT('',(4.338059533,-82.569446574,14.125000164));
#3252=CARTESIAN_POINT('',(4.419832424,-82.504939356,14.125000164));
#3253=CARTESIAN_POINT('',(4.506143246,-82.444177608,14.125000164));
#3254=CARTESIAN_POINT('',(4.594991442,-82.388935981,14.125000164));
#3255=CARTESIAN_POINT('',(4.772687835,-82.278452727,14.125000164));
#3256=CARTESIAN_POINT('',(4.959801796,-82.189877224,14.125000164));
#3257=CARTESIAN_POINT('',(5.156907941,-82.124546179,14.125000164));
#3258=CARTESIAN_POINT('',(5.354014086,-82.059215133,14.125000164));
#3259=CARTESIAN_POINT('',(5.562671043,-82.017129817,14.125000164));
#3260=CARTESIAN_POINT('',(5.769242286,-82.000372614,14.125000164));
#3261=CARTESIAN_POINT('',(5.872527908,-81.991994012,14.125000164));
#3262=CARTESIAN_POINT('',(5.975993556,-81.989706317,14.125000164));
#3263=CARTESIAN_POINT('',(6.079642364,-81.993615606,14.125000164));
#3264=CARTESIAN_POINT('',(6.131466768,-81.995570251,14.125000164));
#3265=CARTESIAN_POINT('',(6.183337135,-81.999079965,14.125000164));
#3266=CARTESIAN_POINT('',(6.235254944,-82.004194818,14.125000164));
#3267=CARTESIAN_POINT('',(6.287172753,-82.009309672,14.125000164));
#3268=CARTESIAN_POINT('',(6.339922949,-82.016156314,14.125000164));
#3269=CARTESIAN_POINT('',(6.391153031,-82.024433728,14.125000164));
#3270=B_SPLINE_CURVE_WITH_KNOTS('',3,(#3209,#3210,#3211,#3212,#3213,#3214,#3215,#3216,#3217,#3218,#3219,#3220,#3221,#3222,#3223,#3224,#3225,#3226,#3227,#3228,#3229,#3230,#3231,#3232,#3233,#3234,
#3235,#3236,#3237,#3238,#3239,#3240,#3241,#3242,#3243,#3244,#3245,#3246,#3247,#3248,#3249,#3250,#3251,#3252,#3253,#3254,#3255,#3256,#3257,#3258,#3259,
#3260,#3261,#3262,#3263,#3264,#3265,#3266,#3267,#3268,#3269),.UNSPECIFIED.,.F.,.F.,(4,3,3,3,3,3,3,3,3,3,3,3,3,3,3,3,3,3,3,3,4),(0.,0.001241101,0.001861652,0.002482202,0.003102753,0.003723303,0.004343854,0.004654129,0.004964405,0.005584955,0.006205506,0.006826056,0.007136332,0.007446607,0.007756882,0.008067157,0.008687708,0.009308259,0.009618534,0.009773671,0.009928809),.UNSPECIFIED.);
#3271=EDGE_CURVE('',#3206,#3208,#3270,.T.);
#3272=ORIENTED_EDGE('',*,*,#3271,.T.);
#3273=CARTESIAN_POINT('',(6.391464428,-82.024484061,14.125000164));
#3274=CARTESIAN_POINT('',(6.59775819,-81.989686906,14.125000164));
#3275=CARTESIAN_POINT('',(6.804652375,-81.980646171,14.125000164));
#3276=CARTESIAN_POINT('',(7.012155444,-81.997724823,14.125000164));
#3277=CARTESIAN_POINT('',(7.115906978,-82.006264149,14.125000164));
#3278=CARTESIAN_POINT('',(7.220479053,-82.021692004,14.125000164));
#3279=CARTESIAN_POINT('',(7.322665603,-82.043266576,14.125000164));
#3280=CARTESIAN_POINT('',(7.424852154,-82.064841149,14.125000164));
#3281=CARTESIAN_POINT('',(7.525054476,-82.092495091,14.125000164));
#3282=CARTESIAN_POINT('',(7.623398182,-82.125843548,14.125000164));
#3283=CARTESIAN_POINT('',(7.721741888,-82.159192004,14.125000164));
#3284=CARTESIAN_POINT('',(7.818226038,-82.198237853,14.125000164));
#3285=CARTESIAN_POINT('',(7.912873641,-82.2429106,14.125000164));
#3286=CARTESIAN_POINT('',(8.007521244,-82.287583347,14.125000164));
#3287=CARTESIAN_POINT('',(8.100012059,-82.337817098,14.125000164));
#3288=CARTESIAN_POINT('',(8.188614508,-82.392424069,14.125000164));
#3289=CARTESIAN_POINT('',(8.365819407,-82.50163801,14.125000164));
#3290=CARTESIAN_POINT('',(8.529793783,-82.629082357,14.125000164));
#3291=CARTESIAN_POINT('',(8.680177603,-82.775253202,14.125000164));
#3292=CARTESIAN_POINT('',(8.830561422,-82.921424048,14.125000164));
#3293=CARTESIAN_POINT('',(8.962786346,-83.082669199,14.125000164));
#3294=CARTESIAN_POINT('',(9.075847649,-83.256390516,14.125000164));
#3295=CARTESIAN_POINT('',(9.188908953,-83.430111834,14.125000164));
#3296=CARTESIAN_POINT('',(9.28443409,-83.618859739,14.125000164));
#3297=CARTESIAN_POINT('',(9.359126072,-83.813037671,14.125000164));
#3298=CARTESIAN_POINT('',(9.433818053,-84.007215602,14.125000164));
#3299=CARTESIAN_POINT('',(9.488628471,-84.207420797,14.125000164));
#3300=CARTESIAN_POINT('',(9.523877125,-84.413556307,14.125000164));
#3301=CARTESIAN_POINT('',(9.559125778,-84.619691817,14.125000164));
#3302=CARTESIAN_POINT('',(9.573943788,-84.828522437,14.125000164));
#3303=CARTESIAN_POINT('',(9.568309787,-85.035440642,14.125000164));
#3304=CARTESIAN_POINT('',(9.565492786,-85.138899745,14.125000164));
#3305=CARTESIAN_POINT('',(9.557578486,-85.242234721,14.125000164));
#3306=CARTESIAN_POINT('',(9.544373028,-85.345440849,14.125000164));
#3307=CARTESIAN_POINT('',(9.531167571,-85.448646977,14.125000164));
#3308=CARTESIAN_POINT('',(9.512492049,-85.552283827,14.125000164));
#3309=CARTESIAN_POINT('',(9.488912568,-85.65406014,14.125000164));
#3310=CARTESIAN_POINT('',(9.441753606,-85.857612767,14.125000164));
#3311=CARTESIAN_POINT('',(9.375421104,-86.054063481,14.125000164));
#3312=CARTESIAN_POINT('',(9.291502925,-86.244000431,14.125000164));
#3313=CARTESIAN_POINT('',(9.207584746,-86.433937381,14.125000164));
#3314=CARTESIAN_POINT('',(9.104942288,-86.618586207,14.125000164));
#3315=CARTESIAN_POINT('',(8.988367407,-86.790489225,14.125000164));
#3316=CARTESIAN_POINT('',(8.871792526,-86.962392244,14.125000164));
#3317=CARTESIAN_POINT('',(8.740939808,-87.122976498,14.125000164));
#3318=CARTESIAN_POINT('',(8.595575058,-87.272056332,14.125000164));
#3319=CARTESIAN_POINT('',(8.522892684,-87.346596248,14.125000164));
#3320=CARTESIAN_POINT('',(8.446136076,-87.418569831,14.125000164));
#3321=CARTESIAN_POINT('',(8.366812232,-87.486404959,14.125000164));
#3322=CARTESIAN_POINT('',(8.287488387,-87.554240087,14.125000164));
#3323=CARTESIAN_POINT('',(8.205575246,-87.618024213,14.125000164));
#3324=CARTESIAN_POINT('',(8.121103034,-87.677804627,14.125000164));
#3325=CARTESIAN_POINT('',(7.952158611,-87.797365454,14.125000164));
#3326=CARTESIAN_POINT('',(7.773135066,-87.90115731,14.125000164));
#3327=CARTESIAN_POINT('',(7.58450579,-87.989920824,14.125000164));
#3328=CARTESIAN_POINT('',(7.490191152,-88.034302581,14.125000164));
#3329=CARTESIAN_POINT('',(7.393193397,-88.074957378,14.125000164));
#3330=CARTESIAN_POINT('',(7.295575756,-88.111161762,14.125000164));
#3331=CARTESIAN_POINT('',(7.197958114,-88.147366146,14.125000164));
#3332=CARTESIAN_POINT('',(7.09932059,-88.179333992,14.125000164));
#3333=CARTESIAN_POINT('',(6.99970076,-88.207221398,14.125000164));
#3334=CARTESIAN_POINT('',(6.800461102,-88.262996209,14.125000164));
#3335=CARTESIAN_POINT('',(6.597319014,-88.302560544,14.125000164));
#3336=CARTESIAN_POINT('',(6.39023454,-88.325748427,14.125000164));
#3337=B_SPLINE_CURVE_WITH_KNOTS('',3,(#3273,#3274,#3275,#3276,#3277,#3278,#3279,#3280,#3281,#3282,#3283,#3284,#3285,#3286,#3287,#3288,#3289,#3290,#3291,#3292,#3293,#3294,#3295,#3296,#3297,#3298,
#3299,#3300,#3301,#3302,#3303,#3304,#3305,#3306,#3307,#3308,#3309,#3310,#3311,#3312,#3313,#3314,#3315,#3316,#3317,#3318,#3319,#3320,#3321,#3322,#3323,
#3324,#3325,#3326,#3327,#3328,#3329,#3330,#3331,#3332,#3333,#3334,#3335,#3336),.UNSPECIFIED.,.F.,.F.,(4,3,3,3,3,3,3,3,3,3,3,3,3,3,3,3,3,3,3,3,3,4),(0.000081145,0.000702291,0.001012864,0.001323437,0.00163401,0.001944583,0.002565729,0.003186875,0.003808021,0.004429167,0.005050313,0.005360886,0.005671459,0.006292605,0.006913751,0.007534897,0.00784547,0.008156044,0.00877719,0.009087763,0.009398336,0.010019482),.UNSPECIFIED.);
#3338=EDGE_CURVE('',#3208,#3206,#3337,.T.);
#3339=ORIENTED_EDGE('',*,*,#3338,.T.);
#3340=EDGE_LOOP('',(#3272,#3339));
#3341=FACE_BOUND('',#3340,.T.);
#3342=CARTESIAN_POINT('',(6.389901653,-75.825690977,14.124987266));
#3343=VERTEX_POINT('',#3342);
#3344=CARTESIAN_POINT('',(6.391309553,-69.524442683,14.125009496));
#3345=VERTEX_POINT('',#3344);
#3346=CARTESIAN_POINT('',(6.389567236,-75.825678576,14.125000164));
#3347=CARTESIAN_POINT('',(5.972222598,-75.781956113,14.125000164));
#3348=CARTESIAN_POINT('',(5.573023845,-75.672741209,14.125000164));
#3349=CARTESIAN_POINT('',(5.194507815,-75.490770286,14.125000164));
#3350=CARTESIAN_POINT('',(5.0052498,-75.399784825,14.125000164));
#3351=CARTESIAN_POINT('',(4.826837533,-75.293512132,14.125000164));
#3352=CARTESIAN_POINT('',(4.658545531,-75.17297479,14.125000164));
#3353=CARTESIAN_POINT('',(4.490253529,-75.052437448,14.125000164));
#3354=CARTESIAN_POINT('',(4.331722272,-74.917272637,14.125000164));
#3355=CARTESIAN_POINT('',(4.184634913,-74.767776509,14.125000164));
#3356=CARTESIAN_POINT('',(4.037547554,-74.618280381,14.125000164));
#3357=CARTESIAN_POINT('',(3.905522156,-74.458249427,14.125000164));
#3358=CARTESIAN_POINT('',(3.788645143,-74.2876232,14.125000164));
#3359=CARTESIAN_POINT('',(3.671768131,-74.116996973,14.125000164));
#3360=CARTESIAN_POINT('',(3.569561078,-73.934761715,14.125000164));
#3361=CARTESIAN_POINT('',(3.485619126,-73.742646098,14.125000164));
#3362=CARTESIAN_POINT('',(3.401677175,-73.550530482,14.125000164));
#3363=CARTESIAN_POINT('',(3.337939531,-73.353270714,14.125000164));
#3364=CARTESIAN_POINT('',(3.292936451,-73.151241002,14.125000164));
#3365=CARTESIAN_POINT('',(3.270434911,-73.050226146,14.125000164));
#3366=CARTESIAN_POINT('',(3.252660466,-72.94800774,14.125000164));
#3367=CARTESIAN_POINT('',(3.239690872,-72.844565988,14.125000164));
#3368=CARTESIAN_POINT('',(3.226721279,-72.741124235,14.125000164));
#3369=CARTESIAN_POINT('',(3.218573204,-72.635940198,14.125000164));
#3370=CARTESIAN_POINT('',(3.215494424,-72.531576582,14.125000164));
#3371=CARTESIAN_POINT('',(3.209336864,-72.322849351,14.125000164));
#3372=CARTESIAN_POINT('',(3.222895912,-72.116047459,14.125000164));
#3373=CARTESIAN_POINT('',(3.256720936,-71.911224553,14.125000164));
#3374=CARTESIAN_POINT('',(3.29054596,-71.706401646,14.125000164));
#3375=CARTESIAN_POINT('',(3.345763165,-71.501447471,14.125000164));
#3376=CARTESIAN_POINT('',(3.421016075,-71.308014178,14.125000164));
#3377=CARTESIAN_POINT('',(3.496268985,-71.114580885,14.125000164));
#3378=CARTESIAN_POINT('',(3.591616674,-70.931020251,14.125000164));
#3379=CARTESIAN_POINT('',(3.70664006,-70.757126377,14.125000164));
#3380=CARTESIAN_POINT('',(3.764151752,-70.67017944,14.125000164));
#3381=CARTESIAN_POINT('',(3.827015433,-70.585269803,14.125000164));
#3382=CARTESIAN_POINT('',(3.893500478,-70.504750639,14.125000164));
#3383=CARTESIAN_POINT('',(3.959985523,-70.424231476,14.125000164));
#3384=CARTESIAN_POINT('',(4.030284879,-70.347707287,14.125000164));
#3385=CARTESIAN_POINT('',(4.104360341,-70.275138056,14.125000164));
#3386=CARTESIAN_POINT('',(4.178435802,-70.202568825,14.125000164));
#3387=CARTESIAN_POINT('',(4.256286643,-70.133953792,14.125000164));
#3388=CARTESIAN_POINT('',(4.338059533,-70.069446574,14.125000164));
#3389=CARTESIAN_POINT('',(4.419832424,-70.004939356,14.125000164));
#3390=CARTESIAN_POINT('',(4.506143246,-69.944177608,14.125000164));
#3391=CARTESIAN_POINT('',(4.594991442,-69.888935981,14.125000164));
#3392=CARTESIAN_POINT('',(4.772687835,-69.778452727,14.125000164));
#3393=CARTESIAN_POINT('',(4.959801796,-69.689877224,14.125000164));
#3394=CARTESIAN_POINT('',(5.156907941,-69.624546179,14.125000164));
#3395=CARTESIAN_POINT('',(5.354014086,-69.559215133,14.125000164));
#3396=CARTESIAN_POINT('',(5.562671043,-69.517129817,14.125000164));
#3397=CARTESIAN_POINT('',(5.769242286,-69.500372614,14.125000164));
#3398=CARTESIAN_POINT('',(5.872527908,-69.491994012,14.125000164));
#3399=CARTESIAN_POINT('',(5.975993556,-69.489706317,14.125000164));
#3400=CARTESIAN_POINT('',(6.079642364,-69.493615606,14.125000164));
#3401=CARTESIAN_POINT('',(6.131466768,-69.495570251,14.125000164));
#3402=CARTESIAN_POINT('',(6.183337135,-69.499079965,14.125000164));
#3403=CARTESIAN_POINT('',(6.235254944,-69.504194818,14.125000164));
#3404=CARTESIAN_POINT('',(6.287172753,-69.509309672,14.125000164));
#3405=CARTESIAN_POINT('',(6.339922949,-69.516156314,14.125000164));
#3406=CARTESIAN_POINT('',(6.391153031,-69.524433728,14.125000164));
#3407=B_SPLINE_CURVE_WITH_KNOTS('',3,(#3346,#3347,#3348,#3349,#3350,#3351,#3352,#3353,#3354,#3355,#3356,#3357,#3358,#3359,#3360,#3361,#3362,#3363,#3364,#3365,#3366,#3367,#3368,#3369,#3370,#3371,
#3372,#3373,#3374,#3375,#3376,#3377,#3378,#3379,#3380,#3381,#3382,#3383,#3384,#3385,#3386,#3387,#3388,#3389,#3390,#3391,#3392,#3393,#3394,#3395,#3396,
#3397,#3398,#3399,#3400,#3401,#3402,#3403,#3404,#3405,#3406),.UNSPECIFIED.,.F.,.F.,(4,3,3,3,3,3,3,3,3,3,3,3,3,3,3,3,3,3,3,3,4),(0.,0.001241101,0.001861652,0.002482202,0.003102753,0.003723303,0.004343854,0.004654129,0.004964405,0.005584955,0.006205506,0.006826056,0.007136332,0.007446607,0.007756882,0.008067157,0.008687708,0.009308259,0.009618534,0.009773671,0.009928809),.UNSPECIFIED.);
#3408=EDGE_CURVE('',#3343,#3345,#3407,.T.);
#3409=ORIENTED_EDGE('',*,*,#3408,.T.);
#3410=CARTESIAN_POINT('',(6.391464428,-69.524484061,14.125000164));
#3411=CARTESIAN_POINT('',(6.59775819,-69.489686906,14.125000164));
#3412=CARTESIAN_POINT('',(6.804652375,-69.480646171,14.125000164));
#3413=CARTESIAN_POINT('',(7.012155444,-69.497724823,14.125000164));
#3414=CARTESIAN_POINT('',(7.115906978,-69.506264149,14.125000164));
#3415=CARTESIAN_POINT('',(7.220479053,-69.521692004,14.125000164));
#3416=CARTESIAN_POINT('',(7.322665603,-69.543266576,14.125000164));
#3417=CARTESIAN_POINT('',(7.424852154,-69.564841149,14.125000164));
#3418=CARTESIAN_POINT('',(7.525054476,-69.592495091,14.125000164));
#3419=CARTESIAN_POINT('',(7.623398182,-69.625843548,14.125000164));
#3420=CARTESIAN_POINT('',(7.721741888,-69.659192004,14.125000164));
#3421=CARTESIAN_POINT('',(7.818226038,-69.698237853,14.125000164));
#3422=CARTESIAN_POINT('',(7.912873641,-69.7429106,14.125000164));
#3423=CARTESIAN_POINT('',(8.007521244,-69.787583347,14.125000164));
#3424=CARTESIAN_POINT('',(8.100012059,-69.837817098,14.125000164));
#3425=CARTESIAN_POINT('',(8.188614508,-69.892424069,14.125000164));
#3426=CARTESIAN_POINT('',(8.365819407,-70.00163801,14.125000164));
#3427=CARTESIAN_POINT('',(8.529793783,-70.129082357,14.125000164));
#3428=CARTESIAN_POINT('',(8.680177603,-70.275253202,14.125000164));
#3429=CARTESIAN_POINT('',(8.830561422,-70.421424048,14.125000164));
#3430=CARTESIAN_POINT('',(8.962786346,-70.582669199,14.125000164));
#3431=CARTESIAN_POINT('',(9.075847649,-70.756390516,14.125000164));
#3432=CARTESIAN_POINT('',(9.188908953,-70.930111834,14.125000164));
#3433=CARTESIAN_POINT('',(9.28443409,-71.118859739,14.125000164));
#3434=CARTESIAN_POINT('',(9.359126072,-71.313037671,14.125000164));
#3435=CARTESIAN_POINT('',(9.433818053,-71.507215602,14.125000164));
#3436=CARTESIAN_POINT('',(9.488628471,-71.707420797,14.125000164));
#3437=CARTESIAN_POINT('',(9.523877125,-71.913556307,14.125000164));
#3438=CARTESIAN_POINT('',(9.559125778,-72.119691817,14.125000164));
#3439=CARTESIAN_POINT('',(9.573943788,-72.328522437,14.125000164));
#3440=CARTESIAN_POINT('',(9.568309787,-72.535440642,14.125000164));
#3441=CARTESIAN_POINT('',(9.565492786,-72.638899745,14.125000164));
#3442=CARTESIAN_POINT('',(9.557578486,-72.742234721,14.125000164));
#3443=CARTESIAN_POINT('',(9.544373028,-72.845440849,14.125000164));
#3444=CARTESIAN_POINT('',(9.531167571,-72.948646977,14.125000164));
#3445=CARTESIAN_POINT('',(9.512492049,-73.052283827,14.125000164));
#3446=CARTESIAN_POINT('',(9.488912568,-73.15406014,14.125000164));
#3447=CARTESIAN_POINT('',(9.441753606,-73.357612767,14.125000164));
#3448=CARTESIAN_POINT('',(9.375421104,-73.554063481,14.125000164));
#3449=CARTESIAN_POINT('',(9.291502925,-73.744000431,14.125000164));
#3450=CARTESIAN_POINT('',(9.207584746,-73.933937381,14.125000164));
#3451=CARTESIAN_POINT('',(9.104942288,-74.118586207,14.125000164));
#3452=CARTESIAN_POINT('',(8.988367407,-74.290489225,14.125000164));
#3453=CARTESIAN_POINT('',(8.871792526,-74.462392244,14.125000164));
#3454=CARTESIAN_POINT('',(8.740939808,-74.622976498,14.125000164));
#3455=CARTESIAN_POINT('',(8.595575058,-74.772056332,14.125000164));
#3456=CARTESIAN_POINT('',(8.522892684,-74.846596248,14.125000164));
#3457=CARTESIAN_POINT('',(8.446136076,-74.918569831,14.125000164));
#3458=CARTESIAN_POINT('',(8.366812232,-74.986404959,14.125000164));
#3459=CARTESIAN_POINT('',(8.287488387,-75.054240087,14.125000164));
#3460=CARTESIAN_POINT('',(8.205575246,-75.118024213,14.125000164));
#3461=CARTESIAN_POINT('',(8.121103034,-75.177804627,14.125000164));
#3462=CARTESIAN_POINT('',(7.952158611,-75.297365454,14.125000164));
#3463=CARTESIAN_POINT('',(7.773135066,-75.40115731,14.125000164));
#3464=CARTESIAN_POINT('',(7.58450579,-75.489920824,14.125000164));
#3465=CARTESIAN_POINT('',(7.490191152,-75.534302581,14.125000164));
#3466=CARTESIAN_POINT('',(7.393193397,-75.574957378,14.125000164));
#3467=CARTESIAN_POINT('',(7.295575756,-75.611161762,14.125000164));
#3468=CARTESIAN_POINT('',(7.197958114,-75.647366146,14.125000164));
#3469=CARTESIAN_POINT('',(7.09932059,-75.679333992,14.125000164));
#3470=CARTESIAN_POINT('',(6.99970076,-75.707221398,14.125000164));
#3471=CARTESIAN_POINT('',(6.800461102,-75.762996209,14.125000164));
#3472=CARTESIAN_POINT('',(6.597319014,-75.802560544,14.125000164));
#3473=CARTESIAN_POINT('',(6.39023454,-75.825748427,14.125000164));
#3474=B_SPLINE_CURVE_WITH_KNOTS('',3,(#3410,#3411,#3412,#3413,#3414,#3415,#3416,#3417,#3418,#3419,#3420,#3421,#3422,#3423,#3424,#3425,#3426,#3427,#3428,#3429,#3430,#3431,#3432,#3433,#3434,#3435,
#3436,#3437,#3438,#3439,#3440,#3441,#3442,#3443,#3444,#3445,#3446,#3447,#3448,#3449,#3450,#3451,#3452,#3453,#3454,#3455,#3456,#3457,#3458,#3459,#3460,
#3461,#3462,#3463,#3464,#3465,#3466,#3467,#3468,#3469,#3470,#3471,#3472,#3473),.UNSPECIFIED.,.F.,.F.,(4,3,3,3,3,3,3,3,3,3,3,3,3,3,3,3,3,3,3,3,3,4),(0.000081145,0.000702291,0.001012864,0.001323437,0.00163401,0.001944583,0.002565729,0.003186875,0.003808021,0.004429167,0.005050313,0.005360886,0.005671459,0.006292605,0.006913751,0.007534897,0.00784547,0.008156044,0.00877719,0.009087763,0.009398336,0.010019482),.UNSPECIFIED.);
#3475=EDGE_CURVE('',#3345,#3343,#3474,.T.);
#3476=ORIENTED_EDGE('',*,*,#3475,.T.);
#3477=EDGE_LOOP('',(#3409,#3476));
#3478=FACE_BOUND('',#3477,.T.);
#3479=CARTESIAN_POINT('',(-6.110098347,-38.325690977,14.124987266));
#3480=VERTEX_POINT('',#3479);
#3481=CARTESIAN_POINT('',(-6.108690447,-32.024442683,14.125009496));
#3482=VERTEX_POINT('',#3481);
#3483=CARTESIAN_POINT('',(-6.110432764,-38.325678576,14.125000164));
#3484=CARTESIAN_POINT('',(-6.527777402,-38.281956113,14.125000164));
#3485=CARTESIAN_POINT('',(-6.926976155,-38.172741209,14.125000164));
#3486=CARTESIAN_POINT('',(-7.305492185,-37.990770286,14.125000164));
#3487=CARTESIAN_POINT('',(-7.4947502,-37.899784825,14.125000164));
#3488=CARTESIAN_POINT('',(-7.673162467,-37.793512132,14.125000164));
#3489=CARTESIAN_POINT('',(-7.841454469,-37.67297479,14.125000164));
#3490=CARTESIAN_POINT('',(-8.009746471,-37.552437448,14.125000164));
#3491=CARTESIAN_POINT('',(-8.168277728,-37.417272637,14.125000164));
#3492=CARTESIAN_POINT('',(-8.315365087,-37.267776509,14.125000164));
#3493=CARTESIAN_POINT('',(-8.462452446,-37.118280381,14.125000164));
#3494=CARTESIAN_POINT('',(-8.594477844,-36.958249427,14.125000164));
#3495=CARTESIAN_POINT('',(-8.711354857,-36.7876232,14.125000164));
#3496=CARTESIAN_POINT('',(-8.828231869,-36.616996973,14.125000164));
#3497=CARTESIAN_POINT('',(-8.930438922,-36.434761715,14.125000164));
#3498=CARTESIAN_POINT('',(-9.014380874,-36.242646098,14.125000164));
#3499=CARTESIAN_POINT('',(-9.098322825,-36.050530482,14.125000164));
#3500=CARTESIAN_POINT('',(-9.162060469,-35.853270714,14.125000164));
#3501=CARTESIAN_POINT('',(-9.207063549,-35.651241002,14.125000164));
#3502=CARTESIAN_POINT('',(-9.229565089,-35.550226146,14.125000164));
#3503=CARTESIAN_POINT('',(-9.247339534,-35.44800774,14.125000164));
#3504=CARTESIAN_POINT('',(-9.260309128,-35.344565988,14.125000164));
#3505=CARTESIAN_POINT('',(-9.273278721,-35.241124235,14.125000164));
#3506=CARTESIAN_POINT('',(-9.281426796,-35.135940198,14.125000164));
#3507=CARTESIAN_POINT('',(-9.284505576,-35.031576582,14.125000164));
#3508=CARTESIAN_POINT('',(-9.290663136,-34.822849351,14.125000164));
#3509=CARTESIAN_POINT('',(-9.277104088,-34.616047459,14.125000164));
#3510=CARTESIAN_POINT('',(-9.243279064,-34.411224553,14.125000164));
#3511=CARTESIAN_POINT('',(-9.20945404,-34.206401646,14.125000164));
#3512=CARTESIAN_POINT('',(-9.154236835,-34.001447471,14.125000164));
#3513=CARTESIAN_POINT('',(-9.078983925,-33.808014178,14.125000164));
#3514=CARTESIAN_POINT('',(-9.003731015,-33.614580885,14.125000164));
#3515=CARTESIAN_POINT('',(-8.908383326,-33.431020251,14.125000164));
#3516=CARTESIAN_POINT('',(-8.79335994,-33.257126377,14.125000164));
#3517=CARTESIAN_POINT('',(-8.735848248,-33.17017944,14.125000164));
#3518=CARTESIAN_POINT('',(-8.672984567,-33.085269803,14.125000164));
#3519=CARTESIAN_POINT('',(-8.606499522,-33.004750639,14.125000164));
#3520=CARTESIAN_POINT('',(-8.540014477,-32.924231476,14.125000164));
#3521=CARTESIAN_POINT('',(-8.469715121,-32.847707287,14.125000164));
#3522=CARTESIAN_POINT('',(-8.395639659,-32.775138056,14.125000164));
#3523=CARTESIAN_POINT('',(-8.321564198,-32.702568825,14.125000164));
#3524=CARTESIAN_POINT('',(-8.243713357,-32.633953792,14.125000164));
#3525=CARTESIAN_POINT('',(-8.161940467,-32.569446574,14.125000164));
#3526=CARTESIAN_POINT('',(-8.080167576,-32.504939356,14.125000164));
#3527=CARTESIAN_POINT('',(-7.993856754,-32.444177608,14.125000164));
#3528=CARTESIAN_POINT('',(-7.905008558,-32.388935981,14.125000164));
#3529=CARTESIAN_POINT('',(-7.727312165,-32.278452727,14.125000164));
#3530=CARTESIAN_POINT('',(-7.540198204,-32.189877224,14.125000164));
#3531=CARTESIAN_POINT('',(-7.343092059,-32.124546179,14.125000164));
#3532=CARTESIAN_POINT('',(-7.145985914,-32.059215133,14.125000164));
#3533=CARTESIAN_POINT('',(-6.937328957,-32.017129817,14.125000164));
#3534=CARTESIAN_POINT('',(-6.730757714,-32.000372614,14.125000164));
#3535=CARTESIAN_POINT('',(-6.627472092,-31.991994012,14.125000164));
#3536=CARTESIAN_POINT('',(-6.524006444,-31.989706317,14.125000164));
#3537=CARTESIAN_POINT('',(-6.420357636,-31.993615606,14.125000164));
#3538=CARTESIAN_POINT('',(-6.368533232,-31.995570251,14.125000164));
#3539=CARTESIAN_POINT('',(-6.316662865,-31.999079965,14.125000164));
#3540=CARTESIAN_POINT('',(-6.264745056,-32.004194818,14.125000164));
#3541=CARTESIAN_POINT('',(-6.212827247,-32.009309672,14.125000164));
#3542=CARTESIAN_POINT('',(-6.160077051,-32.016156314,14.125000164));
#3543=CARTESIAN_POINT('',(-6.108846969,-32.024433728,14.125000164));
#3544=B_SPLINE_CURVE_WITH_KNOTS('',3,(#3483,#3484,#3485,#3486,#3487,#3488,#3489,#3490,#3491,#3492,#3493,#3494,#3495,#3496,#3497,#3498,#3499,#3500,#3501,#3502,#3503,#3504,#3505,#3506,#3507,#3508,
#3509,#3510,#3511,#3512,#3513,#3514,#3515,#3516,#3517,#3518,#3519,#3520,#3521,#3522,#3523,#3524,#3525,#3526,#3527,#3528,#3529,#3530,#3531,#3532,#3533,
#3534,#3535,#3536,#3537,#3538,#3539,#3540,#3541,#3542,#3543),.UNSPECIFIED.,.F.,.F.,(4,3,3,3,3,3,3,3,3,3,3,3,3,3,3,3,3,3,3,3,4),(0.,0.001241101,0.001861652,0.002482202,0.003102753,0.003723303,0.004343854,0.004654129,0.004964405,0.005584955,0.006205506,0.006826056,0.007136332,0.007446607,0.007756882,0.008067157,0.008687708,0.009308259,0.009618534,0.009773671,0.009928809),.UNSPECIFIED.);
#3545=EDGE_CURVE('',#3480,#3482,#3544,.T.);
#3546=ORIENTED_EDGE('',*,*,#3545,.T.);
#3547=CARTESIAN_POINT('',(-6.108535572,-32.024484061,14.125000164));
#3548=CARTESIAN_POINT('',(-5.90224181,-31.989686906,14.125000164));
#3549=CARTESIAN_POINT('',(-5.695347625,-31.980646171,14.125000164));
#3550=CARTESIAN_POINT('',(-5.487844556,-31.997724823,14.125000164));
#3551=CARTESIAN_POINT('',(-5.384093022,-32.006264149,14.125000164));
#3552=CARTESIAN_POINT('',(-5.279520947,-32.021692004,14.125000164));
#3553=CARTESIAN_POINT('',(-5.177334397,-32.043266576,14.125000164));
#3554=CARTESIAN_POINT('',(-5.075147846,-32.064841149,14.125000164));
#3555=CARTESIAN_POINT('',(-4.974945524,-32.092495091,14.125000164));
#3556=CARTESIAN_POINT('',(-4.876601818,-32.125843548,14.125000164));
#3557=CARTESIAN_POINT('',(-4.778258112,-32.159192004,14.125000164));
#3558=CARTESIAN_POINT('',(-4.681773962,-32.198237853,14.125000164));
#3559=CARTESIAN_POINT('',(-4.587126359,-32.2429106,14.125000164));
#3560=CARTESIAN_POINT('',(-4.492478756,-32.287583347,14.125000164));
#3561=CARTESIAN_POINT('',(-4.399987941,-32.337817098,14.125000164));
#3562=CARTESIAN_POINT('',(-4.311385492,-32.392424069,14.125000164));
#3563=CARTESIAN_POINT('',(-4.134180593,-32.50163801,14.125000164));
#3564=CARTESIAN_POINT('',(-3.970206217,-32.629082357,14.125000164));
#3565=CARTESIAN_POINT('',(-3.819822397,-32.775253202,14.125000164));
#3566=CARTESIAN_POINT('',(-3.669438578,-32.921424048,14.125000164));
#3567=CARTESIAN_POINT('',(-3.537213654,-33.082669199,14.125000164));
#3568=CARTESIAN_POINT('',(-3.424152351,-33.256390516,14.125000164));
#3569=CARTESIAN_POINT('',(-3.311091047,-33.430111834,14.125000164));
#3570=CARTESIAN_POINT('',(-3.21556591,-33.618859739,14.125000164));
#3571=CARTESIAN_POINT('',(-3.140873928,-33.813037671,14.125000164));
#3572=CARTESIAN_POINT('',(-3.066181947,-34.007215602,14.125000164));
#3573=CARTESIAN_POINT('',(-3.011371529,-34.207420797,14.125000164));
#3574=CARTESIAN_POINT('',(-2.976122875,-34.413556307,14.125000164));
#3575=CARTESIAN_POINT('',(-2.940874222,-34.619691817,14.125000164));
#3576=CARTESIAN_POINT('',(-2.926056212,-34.828522437,14.125000164));
#3577=CARTESIAN_POINT('',(-2.931690213,-35.035440642,14.125000164));
#3578=CARTESIAN_POINT('',(-2.934507214,-35.138899745,14.125000164));
#3579=CARTESIAN_POINT('',(-2.942421514,-35.242234721,14.125000164));
#3580=CARTESIAN_POINT('',(-2.955626972,-35.345440849,14.125000164));
#3581=CARTESIAN_POINT('',(-2.968832429,-35.448646977,14.125000164));
#3582=CARTESIAN_POINT('',(-2.987507951,-35.552283827,14.125000164));
#3583=CARTESIAN_POINT('',(-3.011087432,-35.65406014,14.125000164));
#3584=CARTESIAN_POINT('',(-3.058246394,-35.857612767,14.125000164));
#3585=CARTESIAN_POINT('',(-3.124578896,-36.054063481,14.125000164));
#3586=CARTESIAN_POINT('',(-3.208497075,-36.244000431,14.125000164));
#3587=CARTESIAN_POINT('',(-3.292415254,-36.433937381,14.125000164));
#3588=CARTESIAN_POINT('',(-3.395057712,-36.618586207,14.125000164));
#3589=CARTESIAN_POINT('',(-3.511632593,-36.790489225,14.125000164));
#3590=CARTESIAN_POINT('',(-3.628207474,-36.962392244,14.125000164));
#3591=CARTESIAN_POINT('',(-3.759060192,-37.122976498,14.125000164));
#3592=CARTESIAN_POINT('',(-3.904424942,-37.272056332,14.125000164));
#3593=CARTESIAN_POINT('',(-3.977107316,-37.346596248,14.125000164));
#3594=CARTESIAN_POINT('',(-4.053863924,-37.418569831,14.125000164));
#3595=CARTESIAN_POINT('',(-4.133187768,-37.486404959,14.125000164));
#3596=CARTESIAN_POINT('',(-4.212511613,-37.554240087,14.125000164));
#3597=CARTESIAN_POINT('',(-4.294424754,-37.618024213,14.125000164));
#3598=CARTESIAN_POINT('',(-4.378896966,-37.677804627,14.125000164));
#3599=CARTESIAN_POINT('',(-4.547841389,-37.797365454,14.125000164));
#3600=CARTESIAN_POINT('',(-4.726864934,-37.90115731,14.125000164));
#3601=CARTESIAN_POINT('',(-4.91549421,-37.989920824,14.125000164));
#3602=CARTESIAN_POINT('',(-5.009808848,-38.034302581,14.125000164));
#3603=CARTESIAN_POINT('',(-5.106806603,-38.074957378,14.125000164));
#3604=CARTESIAN_POINT('',(-5.204424244,-38.111161762,14.125000164));
#3605=CARTESIAN_POINT('',(-5.302041886,-38.147366146,14.125000164));
#3606=CARTESIAN_POINT('',(-5.40067941,-38.179333992,14.125000164));
#3607=CARTESIAN_POINT('',(-5.50029924,-38.207221398,14.125000164));
#3608=CARTESIAN_POINT('',(-5.699538898,-38.262996209,14.125000164));
#3609=CARTESIAN_POINT('',(-5.902680986,-38.302560544,14.125000164));
#3610=CARTESIAN_POINT('',(-6.10976546,-38.325748427,14.125000164));
#3611=B_SPLINE_CURVE_WITH_KNOTS('',3,(#3547,#3548,#3549,#3550,#3551,#3552,#3553,#3554,#3555,#3556,#3557,#3558,#3559,#3560,#3561,#3562,#3563,#3564,#3565,#3566,#3567,#3568,#3569,#3570,#3571,#3572,
#3573,#3574,#3575,#3576,#3577,#3578,#3579,#3580,#3581,#3582,#3583,#3584,#3585,#3586,#3587,#3588,#3589,#3590,#3591,#3592,#3593,#3594,#3595,#3596,#3597,
#3598,#3599,#3600,#3601,#3602,#3603,#3604,#3605,#3606,#3607,#3608,#3609,#3610),.UNSPECIFIED.,.F.,.F.,(4,3,3,3,3,3,3,3,3,3,3,3,3,3,3,3,3,3,3,3,3,4),(0.000081145,0.000702291,0.001012864,0.001323437,0.00163401,0.001944583,0.002565729,0.003186875,0.003808021,0.004429167,0.005050313,0.005360886,0.005671459,0.006292605,0.006913751,0.007534897,0.00784547,0.008156044,0.00877719,0.009087763,0.009398336,0.010019482),.UNSPECIFIED.);
#3612=EDGE_CURVE('',#3482,#3480,#3611,.T.);
#3613=ORIENTED_EDGE('',*,*,#3612,.T.);
#3614=EDGE_LOOP('',(#3546,#3613));
#3615=FACE_BOUND('',#3614,.T.);
#3616=CARTESIAN_POINT('',(-6.110098347,-25.825690977,14.124987266));
#3617=VERTEX_POINT('',#3616);
#3618=CARTESIAN_POINT('',(-6.108690447,-19.524442683,14.125009496));
#3619=VERTEX_POINT('',#3618);
#3620=CARTESIAN_POINT('',(-6.110432764,-25.825678576,14.125000164));
#3621=CARTESIAN_POINT('',(-6.527777402,-25.781956113,14.125000164));
#3622=CARTESIAN_POINT('',(-6.926976155,-25.672741209,14.125000164));
#3623=CARTESIAN_POINT('',(-7.305492185,-25.490770286,14.125000164));
#3624=CARTESIAN_POINT('',(-7.4947502,-25.399784825,14.125000164));
#3625=CARTESIAN_POINT('',(-7.673162467,-25.293512132,14.125000164));
#3626=CARTESIAN_POINT('',(-7.841454469,-25.17297479,14.125000164));
#3627=CARTESIAN_POINT('',(-8.009746471,-25.052437448,14.125000164));
#3628=CARTESIAN_POINT('',(-8.168277728,-24.917272637,14.125000164));
#3629=CARTESIAN_POINT('',(-8.315365087,-24.767776509,14.125000164));
#3630=CARTESIAN_POINT('',(-8.462452446,-24.618280381,14.125000164));
#3631=CARTESIAN_POINT('',(-8.594477844,-24.458249427,14.125000164));
#3632=CARTESIAN_POINT('',(-8.711354857,-24.2876232,14.125000164));
#3633=CARTESIAN_POINT('',(-8.828231869,-24.116996973,14.125000164));
#3634=CARTESIAN_POINT('',(-8.930438922,-23.934761715,14.125000164));
#3635=CARTESIAN_POINT('',(-9.014380874,-23.742646098,14.125000164));
#3636=CARTESIAN_POINT('',(-9.098322825,-23.550530482,14.125000164));
#3637=CARTESIAN_POINT('',(-9.162060469,-23.353270714,14.125000164));
#3638=CARTESIAN_POINT('',(-9.207063549,-23.151241002,14.125000164));
#3639=CARTESIAN_POINT('',(-9.229565089,-23.050226146,14.125000164));
#3640=CARTESIAN_POINT('',(-9.247339534,-22.94800774,14.125000164));
#3641=CARTESIAN_POINT('',(-9.260309128,-22.844565988,14.125000164));
#3642=CARTESIAN_POINT('',(-9.273278721,-22.741124235,14.125000164));
#3643=CARTESIAN_POINT('',(-9.281426796,-22.635940198,14.125000164));
#3644=CARTESIAN_POINT('',(-9.284505576,-22.531576582,14.125000164));
#3645=CARTESIAN_POINT('',(-9.290663136,-22.322849351,14.125000164));
#3646=CARTESIAN_POINT('',(-9.277104088,-22.116047459,14.125000164));
#3647=CARTESIAN_POINT('',(-9.243279064,-21.911224553,14.125000164));
#3648=CARTESIAN_POINT('',(-9.20945404,-21.706401646,14.125000164));
#3649=CARTESIAN_POINT('',(-9.154236835,-21.501447471,14.125000164));
#3650=CARTESIAN_POINT('',(-9.078983925,-21.308014178,14.125000164));
#3651=CARTESIAN_POINT('',(-9.003731015,-21.114580885,14.125000164));
#3652=CARTESIAN_POINT('',(-8.908383326,-20.931020251,14.125000164));
#3653=CARTESIAN_POINT('',(-8.79335994,-20.757126377,14.125000164));
#3654=CARTESIAN_POINT('',(-8.735848248,-20.67017944,14.125000164));
#3655=CARTESIAN_POINT('',(-8.672984567,-20.585269803,14.125000164));
#3656=CARTESIAN_POINT('',(-8.606499522,-20.504750639,14.125000164));
#3657=CARTESIAN_POINT('',(-8.540014477,-20.424231476,14.125000164));
#3658=CARTESIAN_POINT('',(-8.469715121,-20.347707287,14.125000164));
#3659=CARTESIAN_POINT('',(-8.395639659,-20.275138056,14.125000164));
#3660=CARTESIAN_POINT('',(-8.321564198,-20.202568825,14.125000164));
#3661=CARTESIAN_POINT('',(-8.243713357,-20.133953792,14.125000164));
#3662=CARTESIAN_POINT('',(-8.161940467,-20.069446574,14.125000164));
#3663=CARTESIAN_POINT('',(-8.080167576,-20.004939356,14.125000164));
#3664=CARTESIAN_POINT('',(-7.993856754,-19.944177608,14.125000164));
#3665=CARTESIAN_POINT('',(-7.905008558,-19.888935981,14.125000164));
#3666=CARTESIAN_POINT('',(-7.727312165,-19.778452727,14.125000164));
#3667=CARTESIAN_POINT('',(-7.540198204,-19.689877224,14.125000164));
#3668=CARTESIAN_POINT('',(-7.343092059,-19.624546179,14.125000164));
#3669=CARTESIAN_POINT('',(-7.145985914,-19.559215133,14.125000164));
#3670=CARTESIAN_POINT('',(-6.937328957,-19.517129817,14.125000164));
#3671=CARTESIAN_POINT('',(-6.730757714,-19.500372614,14.125000164));
#3672=CARTESIAN_POINT('',(-6.627472092,-19.491994012,14.125000164));
#3673=CARTESIAN_POINT('',(-6.524006444,-19.489706317,14.125000164));
#3674=CARTESIAN_POINT('',(-6.420357636,-19.493615606,14.125000164));
#3675=CARTESIAN_POINT('',(-6.368533232,-19.495570251,14.125000164));
#3676=CARTESIAN_POINT('',(-6.316662865,-19.499079965,14.125000164));
#3677=CARTESIAN_POINT('',(-6.264745056,-19.504194818,14.125000164));
#3678=CARTESIAN_POINT('',(-6.212827247,-19.509309672,14.125000164));
#3679=CARTESIAN_POINT('',(-6.160077051,-19.516156314,14.125000164));
#3680=CARTESIAN_POINT('',(-6.108846969,-19.524433728,14.125000164));
#3681=B_SPLINE_CURVE_WITH_KNOTS('',3,(#3620,#3621,#3622,#3623,#3624,#3625,#3626,#3627,#3628,#3629,#3630,#3631,#3632,#3633,#3634,#3635,#3636,#3637,#3638,#3639,#3640,#3641,#3642,#3643,#3644,#3645,
#3646,#3647,#3648,#3649,#3650,#3651,#3652,#3653,#3654,#3655,#3656,#3657,#3658,#3659,#3660,#3661,#3662,#3663,#3664,#3665,#3666,#3667,#3668,#3669,#3670,
#3671,#3672,#3673,#3674,#3675,#3676,#3677,#3678,#3679,#3680),.UNSPECIFIED.,.F.,.F.,(4,3,3,3,3,3,3,3,3,3,3,3,3,3,3,3,3,3,3,3,4),(0.,0.001241101,0.001861652,0.002482202,0.003102753,0.003723303,0.004343854,0.004654129,0.004964405,0.005584955,0.006205506,0.006826056,0.007136332,0.007446607,0.007756882,0.008067157,0.008687708,0.009308259,0.009618534,0.009773671,0.009928809),.UNSPECIFIED.);
#3682=EDGE_CURVE('',#3617,#3619,#3681,.T.);
#3683=ORIENTED_EDGE('',*,*,#3682,.T.);
#3684=CARTESIAN_POINT('',(-6.108535572,-19.524484061,14.125000164));
#3685=CARTESIAN_POINT('',(-5.90224181,-19.489686906,14.125000164));
#3686=CARTESIAN_POINT('',(-5.695347625,-19.480646171,14.125000164));
#3687=CARTESIAN_POINT('',(-5.487844556,-19.497724823,14.125000164));
#3688=CARTESIAN_POINT('',(-5.384093022,-19.506264149,14.125000164));
#3689=CARTESIAN_POINT('',(-5.279520947,-19.521692004,14.125000164));
#3690=CARTESIAN_POINT('',(-5.177334397,-19.543266576,14.125000164));
#3691=CARTESIAN_POINT('',(-5.075147846,-19.564841149,14.125000164));
#3692=CARTESIAN_POINT('',(-4.974945524,-19.592495091,14.125000164));
#3693=CARTESIAN_POINT('',(-4.876601818,-19.625843548,14.125000164));
#3694=CARTESIAN_POINT('',(-4.778258112,-19.659192004,14.125000164));
#3695=CARTESIAN_POINT('',(-4.681773962,-19.698237853,14.125000164));
#3696=CARTESIAN_POINT('',(-4.587126359,-19.7429106,14.125000164));
#3697=CARTESIAN_POINT('',(-4.492478756,-19.787583347,14.125000164));
#3698=CARTESIAN_POINT('',(-4.399987941,-19.837817098,14.125000164));
#3699=CARTESIAN_POINT('',(-4.311385492,-19.892424069,14.125000164));
#3700=CARTESIAN_POINT('',(-4.134180593,-20.00163801,14.125000164));
#3701=CARTESIAN_POINT('',(-3.970206217,-20.129082357,14.125000164));
#3702=CARTESIAN_POINT('',(-3.819822397,-20.275253202,14.125000164));
#3703=CARTESIAN_POINT('',(-3.669438578,-20.421424048,14.125000164));
#3704=CARTESIAN_POINT('',(-3.537213654,-20.582669199,14.125000164));
#3705=CARTESIAN_POINT('',(-3.424152351,-20.756390516,14.125000164));
#3706=CARTESIAN_POINT('',(-3.311091047,-20.930111834,14.125000164));
#3707=CARTESIAN_POINT('',(-3.21556591,-21.118859739,14.125000164));
#3708=CARTESIAN_POINT('',(-3.140873928,-21.313037671,14.125000164));
#3709=CARTESIAN_POINT('',(-3.066181947,-21.507215602,14.125000164));
#3710=CARTESIAN_POINT('',(-3.011371529,-21.707420797,14.125000164));
#3711=CARTESIAN_POINT('',(-2.976122875,-21.913556307,14.125000164));
#3712=CARTESIAN_POINT('',(-2.940874222,-22.119691817,14.125000164));
#3713=CARTESIAN_POINT('',(-2.926056212,-22.328522437,14.125000164));
#3714=CARTESIAN_POINT('',(-2.931690213,-22.535440642,14.125000164));
#3715=CARTESIAN_POINT('',(-2.934507214,-22.638899745,14.125000164));
#3716=CARTESIAN_POINT('',(-2.942421514,-22.742234721,14.125000164));
#3717=CARTESIAN_POINT('',(-2.955626972,-22.845440849,14.125000164));
#3718=CARTESIAN_POINT('',(-2.968832429,-22.948646977,14.125000164));
#3719=CARTESIAN_POINT('',(-2.987507951,-23.052283827,14.125000164));
#3720=CARTESIAN_POINT('',(-3.011087432,-23.15406014,14.125000164));
#3721=CARTESIAN_POINT('',(-3.058246394,-23.357612767,14.125000164));
#3722=CARTESIAN_POINT('',(-3.124578896,-23.554063481,14.125000164));
#3723=CARTESIAN_POINT('',(-3.208497075,-23.744000431,14.125000164));
#3724=CARTESIAN_POINT('',(-3.292415254,-23.933937381,14.125000164));
#3725=CARTESIAN_POINT('',(-3.395057712,-24.118586207,14.125000164));
#3726=CARTESIAN_POINT('',(-3.511632593,-24.290489225,14.125000164));
#3727=CARTESIAN_POINT('',(-3.628207474,-24.462392244,14.125000164));
#3728=CARTESIAN_POINT('',(-3.759060192,-24.622976498,14.125000164));
#3729=CARTESIAN_POINT('',(-3.904424942,-24.772056332,14.125000164));
#3730=CARTESIAN_POINT('',(-3.977107316,-24.846596248,14.125000164));
#3731=CARTESIAN_POINT('',(-4.053863924,-24.918569831,14.125000164));
#3732=CARTESIAN_POINT('',(-4.133187768,-24.986404959,14.125000164));
#3733=CARTESIAN_POINT('',(-4.212511613,-25.054240087,14.125000164));
#3734=CARTESIAN_POINT('',(-4.294424754,-25.118024213,14.125000164));
#3735=CARTESIAN_POINT('',(-4.378896966,-25.177804627,14.125000164));
#3736=CARTESIAN_POINT('',(-4.547841389,-25.297365454,14.125000164));
#3737=CARTESIAN_POINT('',(-4.726864934,-25.40115731,14.125000164));
#3738=CARTESIAN_POINT('',(-4.91549421,-25.489920824,14.125000164));
#3739=CARTESIAN_POINT('',(-5.009808848,-25.534302581,14.125000164));
#3740=CARTESIAN_POINT('',(-5.106806603,-25.574957378,14.125000164));
#3741=CARTESIAN_POINT('',(-5.204424244,-25.611161762,14.125000164));
#3742=CARTESIAN_POINT('',(-5.302041886,-25.647366146,14.125000164));
#3743=CARTESIAN_POINT('',(-5.40067941,-25.679333992,14.125000164));
#3744=CARTESIAN_POINT('',(-5.50029924,-25.707221398,14.125000164));
#3745=CARTESIAN_POINT('',(-5.699538898,-25.762996209,14.125000164));
#3746=CARTESIAN_POINT('',(-5.902680986,-25.802560544,14.125000164));
#3747=CARTESIAN_POINT('',(-6.10976546,-25.825748427,14.125000164));
#3748=B_SPLINE_CURVE_WITH_KNOTS('',3,(#3684,#3685,#3686,#3687,#3688,#3689,#3690,#3691,#3692,#3693,#3694,#3695,#3696,#3697,#3698,#3699,#3700,#3701,#3702,#3703,#3704,#3705,#3706,#3707,#3708,#3709,
#3710,#3711,#3712,#3713,#3714,#3715,#3716,#3717,#3718,#3719,#3720,#3721,#3722,#3723,#3724,#3725,#3726,#3727,#3728,#3729,#3730,#3731,#3732,#3733,#3734,
#3735,#3736,#3737,#3738,#3739,#3740,#3741,#3742,#3743,#3744,#3745,#3746,#3747),.UNSPECIFIED.,.F.,.F.,(4,3,3,3,3,3,3,3,3,3,3,3,3,3,3,3,3,3,3,3,3,4),(0.000081145,0.000702291,0.001012864,0.001323437,0.00163401,0.001944583,0.002565729,0.003186875,0.003808021,0.004429167,0.005050313,0.005360886,0.005671459,0.006292605,0.006913751,0.007534897,0.00784547,0.008156044,0.00877719,0.009087763,0.009398336,0.010019482),.UNSPECIFIED.);
#3749=EDGE_CURVE('',#3619,#3617,#3748,.T.);
#3750=ORIENTED_EDGE('',*,*,#3749,.T.);
#3751=EDGE_LOOP('',(#3683,#3750));
#3752=FACE_BOUND('',#3751,.T.);
#3753=CARTESIAN_POINT('',(6.389901653,-25.825690977,14.124987266));
#3754=VERTEX_POINT('',#3753);
#3755=CARTESIAN_POINT('',(6.391309553,-19.524442683,14.125009496));
#3756=VERTEX_POINT('',#3755);
#3757=CARTESIAN_POINT('',(6.389567236,-25.825678576,14.125000164));
#3758=CARTESIAN_POINT('',(5.972222598,-25.781956113,14.125000164));
#3759=CARTESIAN_POINT('',(5.573023845,-25.672741209,14.125000164));
#3760=CARTESIAN_POINT('',(5.194507815,-25.490770286,14.125000164));
#3761=CARTESIAN_POINT('',(5.0052498,-25.399784825,14.125000164));
#3762=CARTESIAN_POINT('',(4.826837533,-25.293512132,14.125000164));
#3763=CARTESIAN_POINT('',(4.658545531,-25.17297479,14.125000164));
#3764=CARTESIAN_POINT('',(4.490253529,-25.052437448,14.125000164));
#3765=CARTESIAN_POINT('',(4.331722272,-24.917272637,14.125000164));
#3766=CARTESIAN_POINT('',(4.184634913,-24.767776509,14.125000164));
#3767=CARTESIAN_POINT('',(4.037547554,-24.618280381,14.125000164));
#3768=CARTESIAN_POINT('',(3.905522156,-24.458249427,14.125000164));
#3769=CARTESIAN_POINT('',(3.788645143,-24.2876232,14.125000164));
#3770=CARTESIAN_POINT('',(3.671768131,-24.116996973,14.125000164));
#3771=CARTESIAN_POINT('',(3.569561078,-23.934761715,14.125000164));
#3772=CARTESIAN_POINT('',(3.485619126,-23.742646098,14.125000164));
#3773=CARTESIAN_POINT('',(3.401677175,-23.550530482,14.125000164));
#3774=CARTESIAN_POINT('',(3.337939531,-23.353270714,14.125000164));
#3775=CARTESIAN_POINT('',(3.292936451,-23.151241002,14.125000164));
#3776=CARTESIAN_POINT('',(3.270434911,-23.050226146,14.125000164));
#3777=CARTESIAN_POINT('',(3.252660466,-22.94800774,14.125000164));
#3778=CARTESIAN_POINT('',(3.239690872,-22.844565988,14.125000164));
#3779=CARTESIAN_POINT('',(3.226721279,-22.741124235,14.125000164));
#3780=CARTESIAN_POINT('',(3.218573204,-22.635940198,14.125000164));
#3781=CARTESIAN_POINT('',(3.215494424,-22.531576582,14.125000164));
#3782=CARTESIAN_POINT('',(3.209336864,-22.322849351,14.125000164));
#3783=CARTESIAN_POINT('',(3.222895912,-22.116047459,14.125000164));
#3784=CARTESIAN_POINT('',(3.256720936,-21.911224553,14.125000164));
#3785=CARTESIAN_POINT('',(3.29054596,-21.706401646,14.125000164));
#3786=CARTESIAN_POINT('',(3.345763165,-21.501447471,14.125000164));
#3787=CARTESIAN_POINT('',(3.421016075,-21.308014178,14.125000164));
#3788=CARTESIAN_POINT('',(3.496268985,-21.114580885,14.125000164));
#3789=CARTESIAN_POINT('',(3.591616674,-20.931020251,14.125000164));
#3790=CARTESIAN_POINT('',(3.70664006,-20.757126377,14.125000164));
#3791=CARTESIAN_POINT('',(3.764151752,-20.67017944,14.125000164));
#3792=CARTESIAN_POINT('',(3.827015433,-20.585269803,14.125000164));
#3793=CARTESIAN_POINT('',(3.893500478,-20.504750639,14.125000164));
#3794=CARTESIAN_POINT('',(3.959985523,-20.424231476,14.125000164));
#3795=CARTESIAN_POINT('',(4.030284879,-20.347707287,14.125000164));
#3796=CARTESIAN_POINT('',(4.104360341,-20.275138056,14.125000164));
#3797=CARTESIAN_POINT('',(4.178435802,-20.202568825,14.125000164));
#3798=CARTESIAN_POINT('',(4.256286643,-20.133953792,14.125000164));
#3799=CARTESIAN_POINT('',(4.338059533,-20.069446574,14.125000164));
#3800=CARTESIAN_POINT('',(4.419832424,-20.004939356,14.125000164));
#3801=CARTESIAN_POINT('',(4.506143246,-19.944177608,14.125000164));
#3802=CARTESIAN_POINT('',(4.594991442,-19.888935981,14.125000164));
#3803=CARTESIAN_POINT('',(4.772687835,-19.778452727,14.125000164));
#3804=CARTESIAN_POINT('',(4.959801796,-19.689877224,14.125000164));
#3805=CARTESIAN_POINT('',(5.156907941,-19.624546179,14.125000164));
#3806=CARTESIAN_POINT('',(5.354014086,-19.559215133,14.125000164));
#3807=CARTESIAN_POINT('',(5.562671043,-19.517129817,14.125000164));
#3808=CARTESIAN_POINT('',(5.769242286,-19.500372614,14.125000164));
#3809=CARTESIAN_POINT('',(5.872527908,-19.491994012,14.125000164));
#3810=CARTESIAN_POINT('',(5.975993556,-19.489706317,14.125000164));
#3811=CARTESIAN_POINT('',(6.079642364,-19.493615606,14.125000164));
#3812=CARTESIAN_POINT('',(6.131466768,-19.495570251,14.125000164));
#3813=CARTESIAN_POINT('',(6.183337135,-19.499079965,14.125000164));
#3814=CARTESIAN_POINT('',(6.235254944,-19.504194818,14.125000164));
#3815=CARTESIAN_POINT('',(6.287172753,-19.509309672,14.125000164));
#3816=CARTESIAN_POINT('',(6.339922949,-19.516156314,14.125000164));
#3817=CARTESIAN_POINT('',(6.391153031,-19.524433728,14.125000164));
#3818=B_SPLINE_CURVE_WITH_KNOTS('',3,(#3757,#3758,#3759,#3760,#3761,#3762,#3763,#3764,#3765,#3766,#3767,#3768,#3769,#3770,#3771,#3772,#3773,#3774,#3775,#3776,#3777,#3778,#3779,#3780,#3781,#3782,
#3783,#3784,#3785,#3786,#3787,#3788,#3789,#3790,#3791,#3792,#3793,#3794,#3795,#3796,#3797,#3798,#3799,#3800,#3801,#3802,#3803,#3804,#3805,#3806,#3807,
#3808,#3809,#3810,#3811,#3812,#3813,#3814,#3815,#3816,#3817),.UNSPECIFIED.,.F.,.F.,(4,3,3,3,3,3,3,3,3,3,3,3,3,3,3,3,3,3,3,3,4),(0.,0.001241101,0.001861652,0.002482202,0.003102753,0.003723303,0.004343854,0.004654129,0.004964405,0.005584955,0.006205506,0.006826056,0.007136332,0.007446607,0.007756882,0.008067157,0.008687708,0.009308259,0.009618534,0.009773671,0.009928809),.UNSPECIFIED.);
#3819=EDGE_CURVE('',#3754,#3756,#3818,.T.);
#3820=ORIENTED_EDGE('',*,*,#3819,.T.);
#3821=CARTESIAN_POINT('',(6.391464428,-19.524484061,14.125000164));
#3822=CARTESIAN_POINT('',(6.59775819,-19.489686906,14.125000164));
#3823=CARTESIAN_POINT('',(6.804652375,-19.480646171,14.125000164));
#3824=CARTESIAN_POINT('',(7.012155444,-19.497724823,14.125000164));
#3825=CARTESIAN_POINT('',(7.115906978,-19.506264149,14.125000164));
#3826=CARTESIAN_POINT('',(7.220479053,-19.521692004,14.125000164));
#3827=CARTESIAN_POINT('',(7.322665603,-19.543266576,14.125000164));
#3828=CARTESIAN_POINT('',(7.424852154,-19.564841149,14.125000164));
#3829=CARTESIAN_POINT('',(7.525054476,-19.592495091,14.125000164));
#3830=CARTESIAN_POINT('',(7.623398182,-19.625843548,14.125000164));
#3831=CARTESIAN_POINT('',(7.721741888,-19.659192004,14.125000164));
#3832=CARTESIAN_POINT('',(7.818226038,-19.698237853,14.125000164));
#3833=CARTESIAN_POINT('',(7.912873641,-19.7429106,14.125000164));
#3834=CARTESIAN_POINT('',(8.007521244,-19.787583347,14.125000164));
#3835=CARTESIAN_POINT('',(8.100012059,-19.837817098,14.125000164));
#3836=CARTESIAN_POINT('',(8.188614508,-19.892424069,14.125000164));
#3837=CARTESIAN_POINT('',(8.365819407,-20.00163801,14.125000164));
#3838=CARTESIAN_POINT('',(8.529793783,-20.129082357,14.125000164));
#3839=CARTESIAN_POINT('',(8.680177603,-20.275253202,14.125000164));
#3840=CARTESIAN_POINT('',(8.830561422,-20.421424048,14.125000164));
#3841=CARTESIAN_POINT('',(8.962786346,-20.582669199,14.125000164));
#3842=CARTESIAN_POINT('',(9.075847649,-20.756390516,14.125000164));
#3843=CARTESIAN_POINT('',(9.188908953,-20.930111834,14.125000164));
#3844=CARTESIAN_POINT('',(9.28443409,-21.118859739,14.125000164));
#3845=CARTESIAN_POINT('',(9.359126072,-21.313037671,14.125000164));
#3846=CARTESIAN_POINT('',(9.433818053,-21.507215602,14.125000164));
#3847=CARTESIAN_POINT('',(9.488628471,-21.707420797,14.125000164));
#3848=CARTESIAN_POINT('',(9.523877125,-21.913556307,14.125000164));
#3849=CARTESIAN_POINT('',(9.559125778,-22.119691817,14.125000164));
#3850=CARTESIAN_POINT('',(9.573943788,-22.328522437,14.125000164));
#3851=CARTESIAN_POINT('',(9.568309787,-22.535440642,14.125000164));
#3852=CARTESIAN_POINT('',(9.565492786,-22.638899745,14.125000164));
#3853=CARTESIAN_POINT('',(9.557578486,-22.742234721,14.125000164));
#3854=CARTESIAN_POINT('',(9.544373028,-22.845440849,14.125000164));
#3855=CARTESIAN_POINT('',(9.531167571,-22.948646977,14.125000164));
#3856=CARTESIAN_POINT('',(9.512492049,-23.052283827,14.125000164));
#3857=CARTESIAN_POINT('',(9.488912568,-23.15406014,14.125000164));
#3858=CARTESIAN_POINT('',(9.441753606,-23.357612767,14.125000164));
#3859=CARTESIAN_POINT('',(9.375421104,-23.554063481,14.125000164));
#3860=CARTESIAN_POINT('',(9.291502925,-23.744000431,14.125000164));
#3861=CARTESIAN_POINT('',(9.207584746,-23.933937381,14.125000164));
#3862=CARTESIAN_POINT('',(9.104942288,-24.118586207,14.125000164));
#3863=CARTESIAN_POINT('',(8.988367407,-24.290489225,14.125000164));
#3864=CARTESIAN_POINT('',(8.871792526,-24.462392244,14.125000164));
#3865=CARTESIAN_POINT('',(8.740939808,-24.622976498,14.125000164));
#3866=CARTESIAN_POINT('',(8.595575058,-24.772056332,14.125000164));
#3867=CARTESIAN_POINT('',(8.522892684,-24.846596248,14.125000164));
#3868=CARTESIAN_POINT('',(8.446136076,-24.918569831,14.125000164));
#3869=CARTESIAN_POINT('',(8.366812232,-24.986404959,14.125000164));
#3870=CARTESIAN_POINT('',(8.287488387,-25.054240087,14.125000164));
#3871=CARTESIAN_POINT('',(8.205575246,-25.118024213,14.125000164));
#3872=CARTESIAN_POINT('',(8.121103034,-25.177804627,14.125000164));
#3873=CARTESIAN_POINT('',(7.952158611,-25.297365454,14.125000164));
#3874=CARTESIAN_POINT('',(7.773135066,-25.40115731,14.125000164));
#3875=CARTESIAN_POINT('',(7.58450579,-25.489920824,14.125000164));
#3876=CARTESIAN_POINT('',(7.490191152,-25.534302581,14.125000164));
#3877=CARTESIAN_POINT('',(7.393193397,-25.574957378,14.125000164));
#3878=CARTESIAN_POINT('',(7.295575756,-25.611161762,14.125000164));
#3879=CARTESIAN_POINT('',(7.197958114,-25.647366146,14.125000164));
#3880=CARTESIAN_POINT('',(7.09932059,-25.679333992,14.125000164));
#3881=CARTESIAN_POINT('',(6.99970076,-25.707221398,14.125000164));
#3882=CARTESIAN_POINT('',(6.800461102,-25.762996209,14.125000164));
#3883=CARTESIAN_POINT('',(6.597319014,-25.802560544,14.125000164));
#3884=CARTESIAN_POINT('',(6.39023454,-25.825748427,14.125000164));
#3885=B_SPLINE_CURVE_WITH_KNOTS('',3,(#3821,#3822,#3823,#3824,#3825,#3826,#3827,#3828,#3829,#3830,#3831,#3832,#3833,#3834,#3835,#3836,#3837,#3838,#3839,#3840,#3841,#3842,#3843,#3844,#3845,#3846,
#3847,#3848,#3849,#3850,#3851,#3852,#3853,#3854,#3855,#3856,#3857,#3858,#3859,#3860,#3861,#3862,#3863,#3864,#3865,#3866,#3867,#3868,#3869,#3870,#3871,
#3872,#3873,#3874,#3875,#3876,#3877,#3878,#3879,#3880,#3881,#3882,#3883,#3884),.UNSPECIFIED.,.F.,.F.,(4,3,3,3,3,3,3,3,3,3,3,3,3,3,3,3,3,3,3,3,3,4),(0.000081145,0.000702291,0.001012864,0.001323437,0.00163401,0.001944583,0.002565729,0.003186875,0.003808021,0.004429167,0.005050313,0.005360886,0.005671459,0.006292605,0.006913751,0.007534897,0.00784547,0.008156044,0.00877719,0.009087763,0.009398336,0.010019482),.UNSPECIFIED.);
#3886=EDGE_CURVE('',#3756,#3754,#3885,.T.);
#3887=ORIENTED_EDGE('',*,*,#3886,.T.);
#3888=EDGE_LOOP('',(#3820,#3887));
#3889=FACE_BOUND('',#3888,.T.);
#3890=CARTESIAN_POINT('',(-6.110098347,-88.325690977,14.124987266));
#3891=VERTEX_POINT('',#3890);
#3892=CARTESIAN_POINT('',(-6.108690447,-82.024442683,14.125009496));
#3893=VERTEX_POINT('',#3892);
#3894=CARTESIAN_POINT('',(-6.110432764,-88.325678576,14.125000164));
#3895=CARTESIAN_POINT('',(-6.527777402,-88.281956113,14.125000164));
#3896=CARTESIAN_POINT('',(-6.926976155,-88.172741209,14.125000164));
#3897=CARTESIAN_POINT('',(-7.305492185,-87.990770286,14.125000164));
#3898=CARTESIAN_POINT('',(-7.4947502,-87.899784825,14.125000164));
#3899=CARTESIAN_POINT('',(-7.673162467,-87.793512132,14.125000164));
#3900=CARTESIAN_POINT('',(-7.841454469,-87.67297479,14.125000164));
#3901=CARTESIAN_POINT('',(-8.009746471,-87.552437448,14.125000164));
#3902=CARTESIAN_POINT('',(-8.168277728,-87.417272637,14.125000164));
#3903=CARTESIAN_POINT('',(-8.315365087,-87.267776509,14.125000164));
#3904=CARTESIAN_POINT('',(-8.462452446,-87.118280381,14.125000164));
#3905=CARTESIAN_POINT('',(-8.594477844,-86.958249427,14.125000164));
#3906=CARTESIAN_POINT('',(-8.711354857,-86.7876232,14.125000164));
#3907=CARTESIAN_POINT('',(-8.828231869,-86.616996973,14.125000164));
#3908=CARTESIAN_POINT('',(-8.930438922,-86.434761715,14.125000164));
#3909=CARTESIAN_POINT('',(-9.014380874,-86.242646098,14.125000164));
#3910=CARTESIAN_POINT('',(-9.098322825,-86.050530482,14.125000164));
#3911=CARTESIAN_POINT('',(-9.162060469,-85.853270714,14.125000164));
#3912=CARTESIAN_POINT('',(-9.207063549,-85.651241002,14.125000164));
#3913=CARTESIAN_POINT('',(-9.229565089,-85.550226146,14.125000164));
#3914=CARTESIAN_POINT('',(-9.247339534,-85.44800774,14.125000164));
#3915=CARTESIAN_POINT('',(-9.260309128,-85.344565988,14.125000164));
#3916=CARTESIAN_POINT('',(-9.273278721,-85.241124235,14.125000164));
#3917=CARTESIAN_POINT('',(-9.281426796,-85.135940198,14.125000164));
#3918=CARTESIAN_POINT('',(-9.284505576,-85.031576582,14.125000164));
#3919=CARTESIAN_POINT('',(-9.290663136,-84.822849351,14.125000164));
#3920=CARTESIAN_POINT('',(-9.277104088,-84.616047459,14.125000164));
#3921=CARTESIAN_POINT('',(-9.243279064,-84.411224553,14.125000164));
#3922=CARTESIAN_POINT('',(-9.20945404,-84.206401646,14.125000164));
#3923=CARTESIAN_POINT('',(-9.154236835,-84.001447471,14.125000164));
#3924=CARTESIAN_POINT('',(-9.078983925,-83.808014178,14.125000164));
#3925=CARTESIAN_POINT('',(-9.003731015,-83.614580885,14.125000164));
#3926=CARTESIAN_POINT('',(-8.908383326,-83.431020251,14.125000164));
#3927=CARTESIAN_POINT('',(-8.79335994,-83.257126377,14.125000164));
#3928=CARTESIAN_POINT('',(-8.735848248,-83.17017944,14.125000164));
#3929=CARTESIAN_POINT('',(-8.672984567,-83.085269803,14.125000164));
#3930=CARTESIAN_POINT('',(-8.606499522,-83.004750639,14.125000164));
#3931=CARTESIAN_POINT('',(-8.540014477,-82.924231476,14.125000164));
#3932=CARTESIAN_POINT('',(-8.469715121,-82.847707287,14.125000164));
#3933=CARTESIAN_POINT('',(-8.395639659,-82.775138056,14.125000164));
#3934=CARTESIAN_POINT('',(-8.321564198,-82.702568825,14.125000164));
#3935=CARTESIAN_POINT('',(-8.243713357,-82.633953792,14.125000164));
#3936=CARTESIAN_POINT('',(-8.161940467,-82.569446574,14.125000164));
#3937=CARTESIAN_POINT('',(-8.080167576,-82.504939356,14.125000164));
#3938=CARTESIAN_POINT('',(-7.993856754,-82.444177608,14.125000164));
#3939=CARTESIAN_POINT('',(-7.905008558,-82.388935981,14.125000164));
#3940=CARTESIAN_POINT('',(-7.727312165,-82.278452727,14.125000164));
#3941=CARTESIAN_POINT('',(-7.540198204,-82.189877224,14.125000164));
#3942=CARTESIAN_POINT('',(-7.343092059,-82.124546179,14.125000164));
#3943=CARTESIAN_POINT('',(-7.145985914,-82.059215133,14.125000164));
#3944=CARTESIAN_POINT('',(-6.937328957,-82.017129817,14.125000164));
#3945=CARTESIAN_POINT('',(-6.730757714,-82.000372614,14.125000164));
#3946=CARTESIAN_POINT('',(-6.627472092,-81.991994012,14.125000164));
#3947=CARTESIAN_POINT('',(-6.524006444,-81.989706317,14.125000164));
#3948=CARTESIAN_POINT('',(-6.420357636,-81.993615606,14.125000164));
#3949=CARTESIAN_POINT('',(-6.368533232,-81.995570251,14.125000164));
#3950=CARTESIAN_POINT('',(-6.316662865,-81.999079965,14.125000164));
#3951=CARTESIAN_POINT('',(-6.264745056,-82.004194818,14.125000164));
#3952=CARTESIAN_POINT('',(-6.212827247,-82.009309672,14.125000164));
#3953=CARTESIAN_POINT('',(-6.160077051,-82.016156314,14.125000164));
#3954=CARTESIAN_POINT('',(-6.108846969,-82.024433728,14.125000164));
#3955=B_SPLINE_CURVE_WITH_KNOTS('',3,(#3894,#3895,#3896,#3897,#3898,#3899,#3900,#3901,#3902,#3903,#3904,#3905,#3906,#3907,#3908,#3909,#3910,#3911,#3912,#3913,#3914,#3915,#3916,#3917,#3918,#3919,
#3920,#3921,#3922,#3923,#3924,#3925,#3926,#3927,#3928,#3929,#3930,#3931,#3932,#3933,#3934,#3935,#3936,#3937,#3938,#3939,#3940,#3941,#3942,#3943,#3944,
#3945,#3946,#3947,#3948,#3949,#3950,#3951,#3952,#3953,#3954),.UNSPECIFIED.,.F.,.F.,(4,3,3,3,3,3,3,3,3,3,3,3,3,3,3,3,3,3,3,3,4),(0.,0.001241101,0.001861652,0.002482202,0.003102753,0.003723303,0.004343854,0.004654129,0.004964405,0.005584955,0.006205506,0.006826056,0.007136332,0.007446607,0.007756882,0.008067157,0.008687708,0.009308259,0.009618534,0.009773671,0.009928809),.UNSPECIFIED.);
#3956=EDGE_CURVE('',#3891,#3893,#3955,.T.);
#3957=ORIENTED_EDGE('',*,*,#3956,.T.);
#3958=CARTESIAN_POINT('',(-6.108535572,-82.024484061,14.125000164));
#3959=CARTESIAN_POINT('',(-5.90224181,-81.989686906,14.125000164));
#3960=CARTESIAN_POINT('',(-5.695347625,-81.980646171,14.125000164));
#3961=CARTESIAN_POINT('',(-5.487844556,-81.997724823,14.125000164));
#3962=CARTESIAN_POINT('',(-5.384093022,-82.006264149,14.125000164));
#3963=CARTESIAN_POINT('',(-5.279520947,-82.021692004,14.125000164));
#3964=CARTESIAN_POINT('',(-5.177334397,-82.043266576,14.125000164));
#3965=CARTESIAN_POINT('',(-5.075147846,-82.064841149,14.125000164));
#3966=CARTESIAN_POINT('',(-4.974945524,-82.092495091,14.125000164));
#3967=CARTESIAN_POINT('',(-4.876601818,-82.125843548,14.125000164));
#3968=CARTESIAN_POINT('',(-4.778258112,-82.159192004,14.125000164));
#3969=CARTESIAN_POINT('',(-4.681773962,-82.198237853,14.125000164));
#3970=CARTESIAN_POINT('',(-4.587126359,-82.2429106,14.125000164));
#3971=CARTESIAN_POINT('',(-4.492478756,-82.287583347,14.125000164));
#3972=CARTESIAN_POINT('',(-4.399987941,-82.337817098,14.125000164));
#3973=CARTESIAN_POINT('',(-4.311385492,-82.392424069,14.125000164));
#3974=CARTESIAN_POINT('',(-4.134180593,-82.50163801,14.125000164));
#3975=CARTESIAN_POINT('',(-3.970206217,-82.629082357,14.125000164));
#3976=CARTESIAN_POINT('',(-3.819822397,-82.775253202,14.125000164));
#3977=CARTESIAN_POINT('',(-3.669438578,-82.921424048,14.125000164));
#3978=CARTESIAN_POINT('',(-3.537213654,-83.082669199,14.125000164));
#3979=CARTESIAN_POINT('',(-3.424152351,-83.256390516,14.125000164));
#3980=CARTESIAN_POINT('',(-3.311091047,-83.430111834,14.125000164));
#3981=CARTESIAN_POINT('',(-3.21556591,-83.618859739,14.125000164));
#3982=CARTESIAN_POINT('',(-3.140873928,-83.813037671,14.125000164));
#3983=CARTESIAN_POINT('',(-3.066181947,-84.007215602,14.125000164));
#3984=CARTESIAN_POINT('',(-3.011371529,-84.207420797,14.125000164));
#3985=CARTESIAN_POINT('',(-2.976122875,-84.413556307,14.125000164));
#3986=CARTESIAN_POINT('',(-2.940874222,-84.619691817,14.125000164));
#3987=CARTESIAN_POINT('',(-2.926056212,-84.828522437,14.125000164));
#3988=CARTESIAN_POINT('',(-2.931690213,-85.035440642,14.125000164));
#3989=CARTESIAN_POINT('',(-2.934507214,-85.138899745,14.125000164));
#3990=CARTESIAN_POINT('',(-2.942421514,-85.242234721,14.125000164));
#3991=CARTESIAN_POINT('',(-2.955626972,-85.345440849,14.125000164));
#3992=CARTESIAN_POINT('',(-2.968832429,-85.448646977,14.125000164));
#3993=CARTESIAN_POINT('',(-2.987507951,-85.552283827,14.125000164));
#3994=CARTESIAN_POINT('',(-3.011087432,-85.65406014,14.125000164));
#3995=CARTESIAN_POINT('',(-3.058246394,-85.857612767,14.125000164));
#3996=CARTESIAN_POINT('',(-3.124578896,-86.054063481,14.125000164));
#3997=CARTESIAN_POINT('',(-3.208497075,-86.244000431,14.125000164));
#3998=CARTESIAN_POINT('',(-3.292415254,-86.433937381,14.125000164));
#3999=CARTESIAN_POINT('',(-3.395057712,-86.618586207,14.125000164));
#4000=CARTESIAN_POINT('',(-3.511632593,-86.790489225,14.125000164));
#4001=CARTESIAN_POINT('',(-3.628207474,-86.962392244,14.125000164));
#4002=CARTESIAN_POINT('',(-3.759060192,-87.122976498,14.125000164));
#4003=CARTESIAN_POINT('',(-3.904424942,-87.272056332,14.125000164));
#4004=CARTESIAN_POINT('',(-3.977107316,-87.346596248,14.125000164));
#4005=CARTESIAN_POINT('',(-4.053863924,-87.418569831,14.125000164));
#4006=CARTESIAN_POINT('',(-4.133187768,-87.486404959,14.125000164));
#4007=CARTESIAN_POINT('',(-4.212511613,-87.554240087,14.125000164));
#4008=CARTESIAN_POINT('',(-4.294424754,-87.618024213,14.125000164));
#4009=CARTESIAN_POINT('',(-4.378896966,-87.677804627,14.125000164));
#4010=CARTESIAN_POINT('',(-4.547841389,-87.797365454,14.125000164));
#4011=CARTESIAN_POINT('',(-4.726864934,-87.90115731,14.125000164));
#4012=CARTESIAN_POINT('',(-4.91549421,-87.989920824,14.125000164));
#4013=CARTESIAN_POINT('',(-5.009808848,-88.034302581,14.125000164));
#4014=CARTESIAN_POINT('',(-5.106806603,-88.074957378,14.125000164));
#4015=CARTESIAN_POINT('',(-5.204424244,-88.111161762,14.125000164));
#4016=CARTESIAN_POINT('',(-5.302041886,-88.147366146,14.125000164));
#4017=CARTESIAN_POINT('',(-5.40067941,-88.179333992,14.125000164));
#4018=CARTESIAN_POINT('',(-5.50029924,-88.207221398,14.125000164));
#4019=CARTESIAN_POINT('',(-5.699538898,-88.262996209,14.125000164));
#4020=CARTESIAN_POINT('',(-5.902680986,-88.302560544,14.125000164));
#4021=CARTESIAN_POINT('',(-6.10976546,-88.325748427,14.125000164));
#4022=B_SPLINE_CURVE_WITH_KNOTS('',3,(#3958,#3959,#3960,#3961,#3962,#3963,#3964,#3965,#3966,#3967,#3968,#3969,#3970,#3971,#3972,#3973,#3974,#3975,#3976,#3977,#3978,#3979,#3980,#3981,#3982,#3983,
#3984,#3985,#3986,#3987,#3988,#3989,#3990,#3991,#3992,#3993,#3994,#3995,#3996,#3997,#3998,#3999,#4000,#4001,#4002,#4003,#4004,#4005,#4006,#4007,#4008,
#4009,#4010,#4011,#4012,#4013,#4014,#4015,#4016,#4017,#4018,#4019,#4020,#4021),.UNSPECIFIED.,.F.,.F.,(4,3,3,3,3,3,3,3,3,3,3,3,3,3,3,3,3,3,3,3,3,4),(0.000081145,0.000702291,0.001012864,0.001323437,0.00163401,0.001944583,0.002565729,0.003186875,0.003808021,0.004429167,0.005050313,0.005360886,0.005671459,0.006292605,0.006913751,0.007534897,0.00784547,0.008156044,0.00877719,0.009087763,0.009398336,0.010019482),.UNSPECIFIED.);
#4023=EDGE_CURVE('',#3893,#3891,#4022,.T.);
#4024=ORIENTED_EDGE('',*,*,#4023,.T.);
#4025=EDGE_LOOP('',(#3957,#4024));
#4026=FACE_BOUND('',#4025,.T.);
#4027=ORIENTED_EDGE('',*,*,#2357,.F.);
#4028=ORIENTED_EDGE('',*,*,#648,.F.);
#4029=ORIENTED_EDGE('',*,*,#189,.F.);
#4030=ORIENTED_EDGE('',*,*,#2373,.F.);
#4031=EDGE_LOOP('',(#4027,#4028,#4029,#4030));
#4032=FACE_BOUND('',#4031,.T.);
#4033=ADVANCED_FACE('',(#2519,#2656,#2793,#2930,#3067,#3204,#3341,#3478,#3615,#3752,#3889,#4026,#4032),#2382,.F.);
#4034=CARTESIAN_POINT('',(-2.8,-19.333266737,-3.882772148));
#4035=CARTESIAN_POINT('',(-2.8,-14.533266737,-3.882772148));
#4036=CARTESIAN_POINT('',(-6.3,-19.333266737,-3.882772148));
#4037=CARTESIAN_POINT('',(-6.3,-14.533266737,-3.882772148));
#4038=B_SPLINE_SURFACE_WITH_KNOTS('',1,1,((#4034,#4035),(#4036,#4037)),.UNSPECIFIED.,.F.,.F.,.U.,(2,2),(2,2),(-0.0002,0.0033),(-0.0023,0.0025),.UNSPECIFIED.);
#4039=ORIENTED_EDGE('',*,*,#161,.T.);
#4040=ORIENTED_EDGE('',*,*,#2284,.T.);
#4041=ORIENTED_EDGE('',*,*,#283,.T.);
#4042=ORIENTED_EDGE('',*,*,#2328,.T.);
#4043=EDGE_LOOP('',(#4039,#4040,#4041,#4042));
#4044=FACE_BOUND('',#4043,.T.);
#4045=ADVANCED_FACE('',(#4044),#4038,.T.);
#4046=CARTESIAN_POINT('',(-6.3,-15.406369047,0.000000164));
#4047=CARTESIAN_POINT('',(-2.8,-15.406369047,0.000000164));
#4048=CARTESIAN_POINT('',(-6.3,-15.406369047,2.857883996));
#4049=CARTESIAN_POINT('',(-2.8,-15.406369047,2.857883996));
#4050=CARTESIAN_POINT('',(-6.3,-17.881369047,1.42894208));
#4051=CARTESIAN_POINT('',(-2.8,-17.881369047,1.42894208));
#4052=CARTESIAN_POINT('',(-6.3,-20.356369047,0.000000164));
#4053=CARTESIAN_POINT('',(-2.8,-20.356369047,0.000000164));
#4054=CARTESIAN_POINT('',(-6.3,-17.881369047,-1.428941752));
#4055=CARTESIAN_POINT('',(-2.8,-17.881369047,-1.428941752));
#4056=CARTESIAN_POINT('',(-6.3,-15.406369047,-2.857883669));
#4057=CARTESIAN_POINT('',(-2.8,-15.406369047,-2.857883669));
#4058=CARTESIAN_POINT('',(-6.3,-15.406369047,0.000000164));
#4059=CARTESIAN_POINT('',(-2.8,-15.406369047,0.000000164));
#4060=(BOUNDED_SURFACE()
B_SPLINE_SURFACE(2,1,((#4046,#4047),(#4048,#4049),(#4050,#4051),(#4052,#4053),(#4054,#4055),(#4056,#4057),(#4058,#4059)),.UNSPECIFIED.,.T.,.F.,.U.)
B_SPLINE_SURFACE_WITH_KNOTS((3,2,2,3),(2,2),(0.,2.094395102,4.188790205,6.283185307),(0.07743505,0.08093505),.UNSPECIFIED.)
GEOMETRIC_REPRESENTATION_ITEM()
RATIONAL_B_SPLINE_SURFACE(((1.,1.),(0.5,0.5),(1.,1.),(0.5,0.5),(1.,1.),(0.5,0.5),(1.,1.)))
REPRESENTATION_ITEM('')
SURFACE()
);
#4061=CARTESIAN_POINT('',(-2.8,-15.406369047,0.000000164));
#4062=CARTESIAN_POINT('',(-6.3,-15.406369047,0.000000164));
#4063=B_SPLINE_CURVE_WITH_KNOTS('',1,(#4061,#4062),.UNSPECIFIED.,.F.,.F.,(2,2),(0.08543505,0.08893505),.UNSPECIFIED.);
#4064=EDGE_CURVE('',#2249,#2295,#4063,.T.);
#4065=ORIENTED_EDGE('',*,*,#4064,.F.);
#4066=ORIENTED_EDGE('',*,*,#2262,.T.);
#4067=ORIENTED_EDGE('',*,*,#2274,.T.);
#4068=ORIENTED_EDGE('',*,*,#4064,.T.);
#4069=ORIENTED_EDGE('',*,*,#2308,.T.);
#4070=ORIENTED_EDGE('',*,*,#2320,.T.);
#4071=EDGE_LOOP('',(#4065,#4066,#4067,#4068,#4069,#4070));
#4072=FACE_BOUND('',#4071,.T.);
#4073=ADVANCED_FACE('',(#4072),#4060,.F.);
#4074=CARTESIAN_POINT('',(9.7,-49.383266655,-8.500000127));
#4075=CARTESIAN_POINT('',(12.,-49.383266655,-8.500000127));
#4076=CARTESIAN_POINT('',(9.7,-49.383266655,-5.642116294));
#4077=CARTESIAN_POINT('',(12.,-49.383266655,-5.642116294));
#4078=CARTESIAN_POINT('',(9.7,-51.858266655,-7.07105821));
#4079=CARTESIAN_POINT('',(12.,-51.858266655,-7.07105821));
#4080=CARTESIAN_POINT('',(9.7,-54.333266655,-8.500000127));
#4081=CARTESIAN_POINT('',(12.,-54.333266655,-8.500000127));
#4082=CARTESIAN_POINT('',(9.7,-51.858266655,-9.928942043));
#4083=CARTESIAN_POINT('',(12.,-51.858266655,-9.928942043));
#4084=CARTESIAN_POINT('',(9.7,-49.383266655,-11.357883959));
#4085=CARTESIAN_POINT('',(12.,-49.383266655,-11.357883959));
#4086=CARTESIAN_POINT('',(9.7,-49.383266655,-8.500000127));
#4087=CARTESIAN_POINT('',(12.,-49.383266655,-8.500000127));
#4088=(BOUNDED_SURFACE()
B_SPLINE_SURFACE(2,1,((#4074,#4075),(#4076,#4077),(#4078,#4079),(#4080,#4081),(#4082,#4083),(#4084,#4085),(#4086,#4087)),.UNSPECIFIED.,.T.,.F.,.U.)
B_SPLINE_SURFACE_WITH_KNOTS((3,2,2,3),(2,2),(0.,2.094395102,4.188790205,6.283185307),(0.1057915,0.1080915),.UNSPECIFIED.)
GEOMETRIC_REPRESENTATION_ITEM()
RATIONAL_B_SPLINE_SURFACE(((1.,1.),(0.5,0.5),(1.,1.),(0.5,0.5),(1.,1.),(0.5,0.5),(1.,1.)))
REPRESENTATION_ITEM('')
SURFACE()
);
#4089=CARTESIAN_POINT('',(12.,-49.383266655,-8.500000127));
#4090=CARTESIAN_POINT('',(9.7,-49.383266655,-8.500000127));
#4091=B_SPLINE_CURVE_WITH_KNOTS('',1,(#4089,#4090),.UNSPECIFIED.,.F.,.F.,(2,2),(0.1057915,0.1080915),.UNSPECIFIED.);
#4092=EDGE_CURVE('',#606,#436,#4091,.T.);
#4093=ORIENTED_EDGE('',*,*,#4092,.F.);
#4094=ORIENTED_EDGE('',*,*,#619,.T.);
#4095=ORIENTED_EDGE('',*,*,#631,.T.);
#4096=ORIENTED_EDGE('',*,*,#4092,.T.);
#4097=ORIENTED_EDGE('',*,*,#447,.F.);
#4098=ORIENTED_EDGE('',*,*,#459,.F.);
#4099=EDGE_LOOP('',(#4093,#4094,#4095,#4096,#4097,#4098));
#4100=FACE_BOUND('',#4099,.T.);
#4101=ADVANCED_FACE('',(#4100),#4088,.F.);
#4102=CARTESIAN_POINT('',(9.7,-49.383266678,8.500000164));
#4103=CARTESIAN_POINT('',(12.,-49.383266678,8.500000164));
#4104=CARTESIAN_POINT('',(9.7,-49.383266678,11.357883996));
#4105=CARTESIAN_POINT('',(12.,-49.383266678,11.357883996));
#4106=CARTESIAN_POINT('',(9.7,-51.858266678,9.92894208));
#4107=CARTESIAN_POINT('',(12.,-51.858266678,9.92894208));
#4108=CARTESIAN_POINT('',(9.7,-54.333266678,8.500000164));
#4109=CARTESIAN_POINT('',(12.,-54.333266678,8.500000164));
#4110=CARTESIAN_POINT('',(9.7,-51.858266678,7.071058248));
#4111=CARTESIAN_POINT('',(12.,-51.858266678,7.071058248));
#4112=CARTESIAN_POINT('',(9.7,-49.383266678,5.642116331));
#4113=CARTESIAN_POINT('',(12.,-49.383266678,5.642116331));
#4114=CARTESIAN_POINT('',(9.7,-49.383266678,8.500000164));
#4115=CARTESIAN_POINT('',(12.,-49.383266678,8.500000164));
#4116=(BOUNDED_SURFACE()
B_SPLINE_SURFACE(2,1,((#4102,#4103),(#4104,#4105),(#4106,#4107),(#4108,#4109),(#4110,#4111),(#4112,#4113),(#4114,#4115)),.UNSPECIFIED.,.T.,.F.,.U.)
B_SPLINE_SURFACE_WITH_KNOTS((3,2,2,3),(2,2),(0.,2.094395102,4.188790205,6.283185307),(0.1057915,0.1080915),.UNSPECIFIED.)
GEOMETRIC_REPRESENTATION_ITEM()
RATIONAL_B_SPLINE_SURFACE(((1.,1.),(0.5,0.5),(1.,1.),(0.5,0.5),(1.,1.),(0.5,0.5),(1.,1.)))
REPRESENTATION_ITEM('')
SURFACE()
);
#4117=CARTESIAN_POINT('',(12.,-49.383266678,8.500000164));
#4118=CARTESIAN_POINT('',(9.7,-49.383266678,8.500000164));
#4119=B_SPLINE_CURVE_WITH_KNOTS('',1,(#4117,#4118),.UNSPECIFIED.,.F.,.F.,(2,2),(0.1057915,0.1080915),.UNSPECIFIED.);
#4120=EDGE_CURVE('',#576,#406,#4119,.T.);
#4121=ORIENTED_EDGE('',*,*,#4120,.F.);
#4122=ORIENTED_EDGE('',*,*,#589,.T.);
#4123=ORIENTED_EDGE('',*,*,#601,.T.);
#4124=ORIENTED_EDGE('',*,*,#4120,.T.);
#4125=ORIENTED_EDGE('',*,*,#417,.F.);
#4126=ORIENTED_EDGE('',*,*,#429,.F.);
#4127=EDGE_LOOP('',(#4121,#4122,#4123,#4124,#4125,#4126));
#4128=FACE_BOUND('',#4127,.T.);
#4129=ADVANCED_FACE('',(#4128),#4116,.F.);
#4130=CARTESIAN_POINT('',(1.7,-15.406369047,0.000000164));
#4131=CARTESIAN_POINT('',(5.2,-15.406369047,0.000000164));
#4132=CARTESIAN_POINT('',(1.7,-15.406369047,2.857883996));
#4133=CARTESIAN_POINT('',(5.2,-15.406369047,2.857883996));
#4134=CARTESIAN_POINT('',(1.7,-17.881369047,1.42894208));
#4135=CARTESIAN_POINT('',(5.2,-17.881369047,1.42894208));
#4136=CARTESIAN_POINT('',(1.7,-20.356369047,0.000000164));
#4137=CARTESIAN_POINT('',(5.2,-20.356369047,0.000000164));
#4138=CARTESIAN_POINT('',(1.7,-17.881369047,-1.428941752));
#4139=CARTESIAN_POINT('',(5.2,-17.881369047,-1.428941752));
#4140=CARTESIAN_POINT('',(1.7,-15.406369047,-2.857883669));
#4141=CARTESIAN_POINT('',(5.2,-15.406369047,-2.857883669));
#4142=CARTESIAN_POINT('',(1.7,-15.406369047,0.000000164));
#4143=CARTESIAN_POINT('',(5.2,-15.406369047,0.000000164));
#4144=(BOUNDED_SURFACE()
B_SPLINE_SURFACE(2,1,((#4130,#4131),(#4132,#4133),(#4134,#4135),(#4136,#4137),(#4138,#4139),(#4140,#4141),(#4142,#4143)),.UNSPECIFIED.,.T.,.F.,.U.)
B_SPLINE_SURFACE_WITH_KNOTS((3,2,2,3),(2,2),(0.,2.094395102,4.188790205,6.283185307),(0.08543505,0.08893505),.UNSPECIFIED.)
GEOMETRIC_REPRESENTATION_ITEM()
RATIONAL_B_SPLINE_SURFACE(((1.,1.),(0.5,0.5),(1.,1.),(0.5,0.5),(1.,1.),(0.5,0.5),(1.,1.)))
REPRESENTATION_ITEM('')
SURFACE()
);
#4145=CARTESIAN_POINT('',(5.2,-15.406369047,0.000000164));
#4146=CARTESIAN_POINT('',(1.7,-15.406369047,0.000000164));
#4147=B_SPLINE_CURVE_WITH_KNOTS('',1,(#4145,#4146),.UNSPECIFIED.,.F.,.F.,(2,2),(0.07743505,0.08093505),.UNSPECIFIED.);
#4148=EDGE_CURVE('',#207,#57,#4147,.T.);
#4149=ORIENTED_EDGE('',*,*,#4148,.F.);
#4150=ORIENTED_EDGE('',*,*,#218,.F.);
#4151=ORIENTED_EDGE('',*,*,#230,.F.);
#4152=ORIENTED_EDGE('',*,*,#4148,.T.);
#4153=ORIENTED_EDGE('',*,*,#68,.F.);
#4154=ORIENTED_EDGE('',*,*,#80,.F.);
#4155=EDGE_LOOP('',(#4149,#4150,#4151,#4152,#4153,#4154));
#4156=FACE_BOUND('',#4155,.T.);
#4157=ADVANCED_FACE('',(#4156),#4144,.F.);
#4158=CARTESIAN_POINT('',(-8.009981179,-87.818336292,10.999990981));
#4159=CARTESIAN_POINT('',(-7.93865105,-87.859651415,11.005170671));
#4160=CARTESIAN_POINT('',(-7.208266301,-88.25114265,11.057221838));
#4161=CARTESIAN_POINT('',(-5.585632091,-88.519460506,11.156144483));
#4162=CARTESIAN_POINT('',(-3.454941624,-87.556334105,11.296758915));
#4163=CARTESIAN_POINT('',(-2.220203964,-85.569731314,11.437373347));
#4164=CARTESIAN_POINT('',(-2.293509584,-83.236027205,11.577987778));
#4165=CARTESIAN_POINT('',(-3.658001124,-81.328363014,11.71860221));
#4166=CARTESIAN_POINT('',(-5.838582949,-80.515360866,11.859216642));
#4167=CARTESIAN_POINT('',(-8.723633116,-81.155561025,12.036286668));
#4168=CARTESIAN_POINT('',(-10.683532483,-84.517000906,12.249812286));
#4169=CARTESIAN_POINT('',(-8.389951379,-88.49010018,12.499793499));
#4170=CARTESIAN_POINT('',(-4.219255976,-88.476995188,12.728942943));
#4171=CARTESIAN_POINT('',(-2.042080716,-85.614962106,12.93726062));
#4172=CARTESIAN_POINT('',(-2.45564095,-82.426583097,13.124746529));
#4173=CARTESIAN_POINT('',(-5.015077514,-80.454932166,13.312232438));
#4174=CARTESIAN_POINT('',(-8.211746583,-80.875102563,13.499718348));
#4175=CARTESIAN_POINT('',(-10.179087004,-83.430007765,13.687204257));
#4176=CARTESIAN_POINT('',(-9.761703748,-86.629071069,13.874690166));
#4177=CARTESIAN_POINT('',(-7.205818041,-88.595388938,14.062176075));
#4178=CARTESIAN_POINT('',(-4.007252791,-88.17926343,14.249661984));
#4179=CARTESIAN_POINT('',(-2.040509375,-85.622783957,14.437147894));
#4180=CARTESIAN_POINT('',(-2.456010289,-82.425310823,14.624633803));
#4181=CARTESIAN_POINT('',(-4.441137533,-80.896647159,14.770188714));
#4182=CARTESIAN_POINT('',(-5.761975755,-80.727390132,14.853248323));
#4183=CARTESIAN_POINT('',(-6.089480111,-80.72704423,14.873812629));
#4184=CARTESIAN_POINT('',(-7.790828816,-87.445232208,10.750308428));
#4185=CARTESIAN_POINT('',(-7.727582882,-87.481783545,10.755488118));
#4186=CARTESIAN_POINT('',(-7.080003182,-87.82808788,10.807539285));
#4187=CARTESIAN_POINT('',(-5.641843527,-88.06447772,10.90646193));
#4188=CARTESIAN_POINT('',(-3.754510883,-87.209164181,11.047076362));
#4189=CARTESIAN_POINT('',(-2.662019099,-85.447641139,11.187690794));
#4190=CARTESIAN_POINT('',(-2.728973066,-83.37964393,11.328305226));
#4191=CARTESIAN_POINT('',(-3.939774076,-81.690293473,11.468919657));
#4192=CARTESIAN_POINT('',(-5.872835614,-80.971696564,11.609534089));
#4193=CARTESIAN_POINT('',(-8.428934923,-81.541487404,11.786604115));
#4194=CARTESIAN_POINT('',(-10.162870457,-84.521968584,12.000129733));
#4195=CARTESIAN_POINT('',(-8.126973314,-88.040854384,12.250110946));
#4196=CARTESIAN_POINT('',(-4.431037855,-88.025678996,12.47926039));
#4197=CARTESIAN_POINT('',(-2.504132293,-85.487571627,12.687578067));
#4198=CARTESIAN_POINT('',(-2.873341096,-82.662476797,12.875063976));
#4199=CARTESIAN_POINT('',(-5.143120466,-80.917443554,13.062549886));
#4200=CARTESIAN_POINT('',(-7.975556232,-81.292515592,13.250035795));
#4201=CARTESIAN_POINT('',(-9.716773319,-83.558277111,13.437521704));
#4202=CARTESIAN_POINT('',(-9.344169224,-86.392836173,13.625007613));
#4203=CARTESIAN_POINT('',(-7.077539621,-88.133146723,13.812493522));
#4204=CARTESIAN_POINT('',(-4.243420891,-87.761657313,13.999979431));
#4205=CARTESIAN_POINT('',(-2.502733692,-85.494501491,14.187465341));
#4206=CARTESIAN_POINT('',(-2.87366875,-82.661349557,14.37495125));
#4207=CARTESIAN_POINT('',(-4.634134946,-81.308388539,14.520506162));
#4208=CARTESIAN_POINT('',(-5.804767512,-81.159525402,14.60356577));
#4209=CARTESIAN_POINT('',(-6.094992553,-81.159498424,14.624130076));
#4210=CARTESIAN_POINT('',(-7.571316621,-87.072326182,10.500643055));
#4211=CARTESIAN_POINT('',(-7.516150577,-87.104105936,10.505822745));
#4212=CARTESIAN_POINT('',(-6.951335247,-87.405143597,10.557873912));
#4213=CARTESIAN_POINT('',(-5.697624734,-87.60942954,10.656796556));
#4214=CARTESIAN_POINT('',(-4.053758665,-86.861700813,10.797410988));
#4215=CARTESIAN_POINT('',(-3.103730097,-85.32512849,10.93802542));
#4216=CARTESIAN_POINT('',(-3.164584356,-83.522851298,11.078639852));
#4217=CARTESIAN_POINT('',(-4.221897927,-82.051966095,11.219254284));
#4218=CARTESIAN_POINT('',(-5.907522159,-81.428011985,11.359868716));
#4219=CARTESIAN_POINT('',(-8.134595296,-81.927703233,11.536938741));
#4220=CARTESIAN_POINT('',(-9.642199081,-84.52743072,11.75046436));
#4221=CARTESIAN_POINT('',(-7.863562173,-87.591845975,12.000445572));
#4222=CARTESIAN_POINT('',(-4.642396954,-87.574150196,12.229595017));
#4223=CARTESIAN_POINT('',(-2.966075605,-85.359739094,12.437912693));
#4224=CARTESIAN_POINT('',(-3.291275639,-82.897980501,12.625398603));
#4225=CARTESIAN_POINT('',(-5.271605956,-81.379845658,12.812884512));
#4226=CARTESIAN_POINT('',(-7.739755539,-81.710163821,13.000370421));
#4227=CARTESIAN_POINT('',(-9.254569174,-83.686988512,13.18785633));
#4228=CARTESIAN_POINT('',(-8.926399435,-86.156991217,13.375342239));
#4229=CARTESIAN_POINT('',(-6.948819227,-87.671013952,13.562828149));
#4230=CARTESIAN_POINT('',(-4.479198971,-87.343816078,13.750314058));
#4231=CARTESIAN_POINT('',(-2.964848575,-85.365776961,13.937799967));
#4232=CARTESIAN_POINT('',(-3.291562182,-82.896998392,14.125285876));
#4233=CARTESIAN_POINT('',(-4.827528249,-81.719957504,14.270840788));
#4234=CARTESIAN_POINT('',(-5.847970423,-81.591631549,14.353900396));
#4235=CARTESIAN_POINT('',(-6.100915436,-81.591958934,14.374464702));
#4236=CARTESIAN_POINT('',(-7.350147572,-86.700253378,10.25117461));
#4237=CARTESIAN_POINT('',(-7.303043298,-86.727225643,10.256354299));
#4238=CARTESIAN_POINT('',(-6.820822183,-86.982629867,10.308405467));
#4239=CARTESIAN_POINT('',(-5.751475692,-87.154014043,10.407328111));
#4240=CARTESIAN_POINT('',(-4.351605194,-86.5128594,10.547942543));
#4241=CARTESIAN_POINT('',(-3.545042167,-85.200692138,10.688556975));
#4242=CARTESIAN_POINT('',(-3.600931329,-83.664236388,10.829171407));
#4243=CARTESIAN_POINT('',(-4.50564835,-82.412534358,10.969785839));
#4244=CARTESIAN_POINT('',(-5.944169867,-81.884308588,11.11040027));
#4245=CARTESIAN_POINT('',(-7.841824634,-82.315285885,11.287470296));
#4246=CARTESIAN_POINT('',(-9.121402899,-84.535121925,11.500995915));
#4247=CARTESIAN_POINT('',(-7.598156818,-87.143836277,11.750977127));
#4248=CARTESIAN_POINT('',(-4.851884396,-87.121590653,11.980126571));
#4249=CARTESIAN_POINT('',(-3.427604088,-85.229894137,12.188444248));
#4250=CARTESIAN_POINT('',(-3.710334053,-83.131763784,12.375930157));
#4251=CARTESIAN_POINT('',(-5.402106142,-81.841829024,12.563416067));
#4252=CARTESIAN_POINT('',(-7.505673743,-82.128938707,12.750901976));
#4253=CARTESIAN_POINT('',(-8.792784917,-83.817712916,12.938387885));
#4254=CARTESIAN_POINT('',(-8.507502691,-85.922866171,13.125873794));
#4255=CARTESIAN_POINT('',(-6.818086179,-87.209300815,13.313359703));
#4256=CARTESIAN_POINT('',(-4.713256775,-86.924848415,13.500845613));
#4257=CARTESIAN_POINT('',(-3.426543856,-85.23503953,13.688331522));
#4258=CARTESIAN_POINT('',(-3.710581408,-83.130927224,13.875817431));
#4259=CARTESIAN_POINT('',(-5.022736647,-82.130815288,14.021372343));
#4260=CARTESIAN_POINT('',(-5.893033419,-82.023675297,14.104431951));
#4261=CARTESIAN_POINT('',(-6.108689278,-82.024516747,14.124996257));
#4262=B_SPLINE_SURFACE_WITH_KNOTS('',3,3,((#4158,#4159,#4160,#4161,#4162,#4163,#4164,#4165,#4166,#4167,#4168,#4169,#4170,#4171,#4172,#4173,#4174,#4175,#4176,#4177,#4178,#4179,#4180,#4181,#4182,#4183),(#4184,#4185,#4186,#4187,#4188,#4189,#4190,#4191,#4192,#4193,#4194,#4195,#4196,#4197,#4198,#4199,#4200,#4201,#4202,#4203,#4204,#4205,#4206,#4207,#4208,#4209),(#4210,#4211,#4212,#4213,#4214,#4215,#4216,#4217,#4218,#4219,#4220,#4221,#4222,#4223,#4224,#4225,#4226,#4227,#4228,#4229,#4230,#4231,#4232,#4233,#4234,#4235),(#4236,#4237,#4238,#4239,#4240,#4241,#4242,#4243,#4244,#4245,#4246,#4247,#4248,#4249,#4250,#4251,#4252,#4253,#4254,#4255,#4256,#4257,#4258,#4259,#4260,#4261)),.UNSPECIFIED.,.F.,.F.,.U.,(4,4),(4,1,1,1,1,1,1,1,1,1,1,1,1,1,1,1,1,1,1,1,1,1,1,4),(-0.043409303,0.10644836),(10.468243376,10.533333278,11.122337633,11.711341988,12.300346343,12.889350698,13.478355053,14.067359408,14.656363763,15.703482616,16.750601469,17.797720323,18.583059463,19.368398603,20.153737742,20.939076882,21.724416022,22.509755162,23.295094302,24.080433442,24.865772582,25.651111722,26.436450862,26.694869547),.UNSPECIFIED.);
#4263=CARTESIAN_POINT('',(-6.108688117,-82.02445213,14.125033523));
#4264=CARTESIAN_POINT('',(-5.767164313,-82.023282266,14.092373635));
#4265=CARTESIAN_POINT('',(-5.426494777,-82.092425505,14.059854762));
#4266=CARTESIAN_POINT('',(-5.114165487,-82.229452753,14.027304559));
#4267=CARTESIAN_POINT('',(-4.801836198,-82.36648,13.994754357));
#4268=CARTESIAN_POINT('',(-4.516917923,-82.568028764,13.962218116));
#4269=CARTESIAN_POINT('',(-4.28259279,-82.816314297,13.929676532));
#4270=CARTESIAN_POINT('',(-4.048267657,-83.06459983,13.897134948));
#4271=CARTESIAN_POINT('',(-3.866702039,-83.3608841,13.864587559));
#4272=CARTESIAN_POINT('',(-3.753101507,-83.682674038,13.83203158));
#4273=CARTESIAN_POINT('',(-3.639500976,-84.004463975,13.799475602));
#4274=CARTESIAN_POINT('',(-3.591236786,-84.350248846,13.766903654));
#4275=CARTESIAN_POINT('',(-3.612177924,-84.690906482,13.734359669));
#4276=CARTESIAN_POINT('',(-3.633119062,-85.031564119,13.701815685));
#4277=CARTESIAN_POINT('',(-3.726029658,-85.366311614,13.669339459));
#4278=CARTESIAN_POINT('',(-3.883247606,-85.66922267,13.636750336));
#4279=CARTESIAN_POINT('',(-4.040465554,-85.972133727,13.604161213));
#4280=CARTESIAN_POINT('',(-4.259251628,-86.244073585,13.57161323));
#4281=CARTESIAN_POINT('',(-4.522058873,-86.461654368,13.539055773));
#4282=CARTESIAN_POINT('',(-4.784866118,-86.679235151,13.506498316));
#4283=CARTESIAN_POINT('',(-5.093266899,-86.839486789,13.473907922));
#4284=CARTESIAN_POINT('',(-5.421877384,-86.932166146,13.441435216));
#4285=CARTESIAN_POINT('',(-5.750487869,-87.024845502,13.408962509));
#4286=CARTESIAN_POINT('',(-6.098387011,-87.051587941,13.376466093));
#4287=CARTESIAN_POINT('',(-6.436647081,-87.00844057,13.34390839));
#4288=CARTESIAN_POINT('',(-6.77490715,-86.965293199,13.311350687));
#4289=CARTESIAN_POINT('',(-7.102679805,-86.848943679,13.278667964));
#4290=CARTESIAN_POINT('',(-7.395383443,-86.672294521,13.246072092));
#4291=CARTESIAN_POINT('',(-7.688087081,-86.495645363,13.21347622));
#4292=CARTESIAN_POINT('',(-7.945965777,-86.259947585,13.180875289));
#4293=CARTESIAN_POINT('',(-8.145400245,-85.983495013,13.148340296));
#4294=CARTESIAN_POINT('',(-8.54426918,-85.430589868,13.08327031));
#4295=CARTESIAN_POINT('',(-8.696512087,-84.707948098,13.018397467));
#4296=CARTESIAN_POINT('',(-8.565444008,-84.038398429,12.953221763));
#4297=CARTESIAN_POINT('',(-8.434375929,-83.36884876,12.88804606));
#4298=CARTESIAN_POINT('',(-8.010004911,-82.757028326,12.824585581));
#4299=CARTESIAN_POINT('',(-7.432355536,-82.398093673,12.758931966));
#4300=CARTESIAN_POINT('',(-7.287943193,-82.308360009,12.742518562));
#4301=CARTESIAN_POINT('',(-7.133715077,-82.235051866,12.725643277));
#4302=CARTESIAN_POINT('',(-6.973494346,-82.177236176,12.709180072));
#4303=CARTESIAN_POINT('',(-6.813273615,-82.119420486,12.692716868));
#4304=CARTESIAN_POINT('',(-6.646987401,-82.076087416,12.677199181));
#4305=CARTESIAN_POINT('',(-6.477457332,-82.051996278,12.660238158));
#4306=CARTESIAN_POINT('',(-6.307927263,-82.02790514,12.643277134));
#4307=CARTESIAN_POINT('',(-6.135855782,-82.01868416,12.627440908));
#4308=CARTESIAN_POINT('',(-5.964693205,-82.027595636,12.611230181));
#4309=CARTESIAN_POINT('',(-5.793530629,-82.036507112,12.595019454));
#4310=CARTESIAN_POINT('',(-5.624302671,-82.065914101,12.57704114));
#4311=CARTESIAN_POINT('',(-5.459077566,-82.107782792,12.562263195));
#4312=CARTESIAN_POINT('',(-5.128627356,-82.191520174,12.532707304));
#4313=CARTESIAN_POINT('',(-4.820860701,-82.348567211,12.501423369));
#4314=CARTESIAN_POINT('',(-4.556160292,-82.56181033,12.467240952));
#4315=CARTESIAN_POINT('',(-4.291459883,-82.77505345,12.433058534));
#4316=CARTESIAN_POINT('',(-4.064196893,-83.041914587,12.399592425));
#4317=CARTESIAN_POINT('',(-3.901206735,-83.345313031,12.367296166));
#4318=CARTESIAN_POINT('',(-3.819711656,-83.497012254,12.351148037));
#4319=CARTESIAN_POINT('',(-3.757802148,-83.658377947,12.333135651));
#4320=CARTESIAN_POINT('',(-3.7082412,-83.822257238,12.318029427));
#4321=CARTESIAN_POINT('',(-3.658680251,-83.986136529,12.302923203));
#4322=CARTESIAN_POINT('',(-3.626391807,-84.154378597,12.287657462));
#4323=CARTESIAN_POINT('',(-3.611603406,-84.323495587,12.272028522));
#4324=CARTESIAN_POINT('',(-3.582026605,-84.661729568,12.240770642));
#4325=CARTESIAN_POINT('',(-3.624454986,-85.004767046,12.206696902));
#4326=CARTESIAN_POINT('',(-3.737460283,-85.327059804,12.172195081));
#4327=CARTESIAN_POINT('',(-3.793962931,-85.488206183,12.15494417));
#4328=CARTESIAN_POINT('',(-3.864299584,-85.645484828,12.139689013));
#4329=CARTESIAN_POINT('',(-3.951437706,-85.793385359,12.12326234));
#4330=CARTESIAN_POINT('',(-4.038575829,-85.94128589,12.106835666));
#4331=CARTESIAN_POINT('',(-4.140732428,-86.080363863,12.09028277));
#4332=CARTESIAN_POINT('',(-4.254838314,-86.208286217,12.07428554));
#4333=CARTESIAN_POINT('',(-4.483050086,-86.464130925,12.04229108));
#4334=CARTESIAN_POINT('',(-4.763831168,-86.66947656,12.008781027));
#4335=CARTESIAN_POINT('',(-5.074898715,-86.808849054,11.977249127));
#4336=CARTESIAN_POINT('',(-5.697033808,-87.087594041,11.914185326));
#4337=CARTESIAN_POINT('',(-6.43785366,-87.100435092,11.848689898));
#4338=CARTESIAN_POINT('',(-7.069393693,-86.842106965,11.781224138));
#4339=CARTESIAN_POINT('',(-7.700933726,-86.583778839,11.713758377));
#4340=CARTESIAN_POINT('',(-8.209161212,-86.045108102,11.655170976));
#4341=CARTESIAN_POINT('',(-8.451413996,-85.407156453,11.587720068));
#4342=CARTESIAN_POINT('',(-8.572540387,-85.088180628,11.553994614));
#4343=CARTESIAN_POINT('',(-8.631465463,-84.744710986,11.520102245));
#4344=CARTESIAN_POINT('',(-8.614554049,-84.403162191,11.488161951));
#4345=CARTESIAN_POINT('',(-8.606098342,-84.232387793,11.472191804));
#4346=CARTESIAN_POINT('',(-8.576815458,-84.063118294,11.455220482));
#4347=CARTESIAN_POINT('',(-8.532591268,-83.898372471,11.439363592));
#4348=CARTESIAN_POINT('',(-8.488367078,-83.733626648,11.423506702));
#4349=CARTESIAN_POINT('',(-8.428562786,-83.57300602,11.408424195));
#4350=CARTESIAN_POINT('',(-8.352681883,-83.420147546,11.39255655));
#4351=CARTESIAN_POINT('',(-8.200920078,-83.114430598,11.36082126));
#4352=CARTESIAN_POINT('',(-7.987494353,-82.839623079,11.327216256));
#4353=CARTESIAN_POINT('',(-7.728751184,-82.617622058,11.293494911));
#4354=CARTESIAN_POINT('',(-7.599379599,-82.506621548,11.276634239));
#4355=CARTESIAN_POINT('',(-7.459683013,-82.406681864,11.261157138));
#4356=CARTESIAN_POINT('',(-7.309204737,-82.325617146,11.244176601));
#4357=CARTESIAN_POINT('',(-7.158726461,-82.244552428,11.227196064));
#4358=CARTESIAN_POINT('',(-6.99999902,-82.17872376,11.211064673));
#4359=CARTESIAN_POINT('',(-6.836442417,-82.129319411,11.195224551));
#4360=CARTESIAN_POINT('',(-6.182216007,-81.931702016,11.131864065));
#4361=CARTESIAN_POINT('',(-5.449155949,-82.016166386,11.067269631));
#4362=CARTESIAN_POINT('',(-4.857963917,-82.358716181,11.0000529));
#4363=B_SPLINE_CURVE_WITH_KNOTS('',3,(#4263,#4264,#4265,#4266,#4267,#4268,#4269,#4270,#4271,#4272,#4273,#4274,#4275,#4276,#4277,#4278,#4279,#4280,#4281,#4282,#4283,#4284,#4285,#4286,#4287,#4288,
#4289,#4290,#4291,#4292,#4293,#4294,#4295,#4296,#4297,#4298,#4299,#4300,#4301,#4302,#4303,#4304,#4305,#4306,#4307,#4308,#4309,#4310,#4311,#4312,#4313,
#4314,#4315,#4316,#4317,#4318,#4319,#4320,#4321,#4322,#4323,#4324,#4325,#4326,#4327,#4328,#4329,#4330,#4331,#4332,#4333,#4334,#4335,#4336,#4337,#4338,
#4339,#4340,#4341,#4342,#4343,#4344,#4345,#4346,#4347,#4348,#4349,#4350,#4351,#4352,#4353,#4354,#4355,#4356,#4357,#4358,#4359,#4360,#4361,#4362),.UNSPECIFIED.,.F.,.F.,(4,3,3,3,3,3,3,3,3,3,3,3,3,3,3,3,3,3,3,3,3,3,3,3,3,3,
3,3,3,3,3,3,3,4),(12.283488069,12.386656764,12.489825458,12.592994153,12.696162847,12.799331541,12.902500236,13.00566893,13.108837625,13.212006319,13.315175014,13.521512403,13.727849792,13.779434139,13.831018486,13.882602833,13.93418718,14.037355875,14.140524569,14.192108917,14.243693264,14.346861958,14.398446305,14.450030653,14.553199347,14.759536736,
14.965874125,15.069042819,15.120627167,15.172211514,15.275380208,15.326964555,15.378548903,15.584886292),.UNSPECIFIED.);
#4364=EDGE_CURVE('',#3893,#2121,#4363,.T.);
#4365=ORIENTED_EDGE('',*,*,#4364,.T.);
#4366=ORIENTED_EDGE('',*,*,#2238,.T.);
#4367=CARTESIAN_POINT('',(-6.110096173,-88.325704693,14.124953505));
#4368=CARTESIAN_POINT('',(-6.628534468,-88.327653244,14.092562365));
#4369=CARTESIAN_POINT('',(-7.14548971,-88.222617601,14.059943354));
#4370=CARTESIAN_POINT('',(-7.619900248,-88.014715489,14.027389284));
#4371=CARTESIAN_POINT('',(-8.094310786,-87.806813377,13.994835213));
#4372=CARTESIAN_POINT('',(-8.527293673,-87.500686981,13.962267195));
#4373=CARTESIAN_POINT('',(-8.883293954,-87.123545487,13.929704555));
#4374=CARTESIAN_POINT('',(-9.239294236,-86.746403993,13.897141916));
#4375=CARTESIAN_POINT('',(-9.515146348,-86.296449812,13.864580627));
#4376=CARTESIAN_POINT('',(-9.687673176,-85.807829036,13.832036402));
#4377=CARTESIAN_POINT('',(-9.860200004,-85.319208261,13.799492178));
#4378=CARTESIAN_POINT('',(-9.933531335,-84.794288338,13.766974353));
#4379=CARTESIAN_POINT('',(-9.901801536,-84.277062504,13.734393438));
#4380=CARTESIAN_POINT('',(-9.870071737,-83.75983667,13.701812523));
#4381=CARTESIAN_POINT('',(-9.728979722,-83.251405187,13.669160923));
#4382=CARTESIAN_POINT('',(-9.49028801,-82.791197142,13.636669243));
#4383=CARTESIAN_POINT('',(-9.251596298,-82.330989098,13.604177563));
#4384=CARTESIAN_POINT('',(-8.919005909,-81.918206186,13.571621489));
#4385=CARTESIAN_POINT('',(-8.519997894,-81.587886265,13.539074765));
#4386=CARTESIAN_POINT('',(-8.120989879,-81.257566343,13.506528042));
#4387=CARTESIAN_POINT('',(-7.653052188,-81.013651191,13.47403192));
#4388=CARTESIAN_POINT('',(-7.153910247,-80.87294354,13.441361468));
#4389=CARTESIAN_POINT('',(-6.654768306,-80.73223589,13.408691015));
#4390=CARTESIAN_POINT('',(-6.126255614,-80.691652116,13.376059417));
#4391=CARTESIAN_POINT('',(-5.612529051,-80.757155895,13.343518027));
#4392=CARTESIAN_POINT('',(-4.585075924,-80.888163453,13.278435246));
#4393=CARTESIAN_POINT('',(-3.625221993,-81.473082159,13.213684258));
#4394=CARTESIAN_POINT('',(-3.018749105,-82.312095379,13.148538971));
#4395=CARTESIAN_POINT('',(-2.412276217,-83.1511086,13.083393685));
#4396=CARTESIAN_POINT('',(-2.18179062,-84.253107685,13.018064542));
#4397=CARTESIAN_POINT('',(-2.380935321,-85.268435282,12.953032376));
#4398=CARTESIAN_POINT('',(-2.580080022,-86.28376288,12.88800021));
#4399=CARTESIAN_POINT('',(-3.222414399,-87.208602126,12.820302926));
#4400=CARTESIAN_POINT('',(-4.100817826,-87.756283667,12.756099489));
#4401=CARTESIAN_POINT('',(-4.979221252,-88.303965209,12.691896052));
#4402=CARTESIAN_POINT('',(-6.09102311,-88.454954239,12.629353639));
#4403=CARTESIAN_POINT('',(-7.092626216,-88.197730898,12.56272294));
#4404=CARTESIAN_POINT('',(-7.593427769,-88.069119228,12.52940759));
#4405=CARTESIAN_POINT('',(-8.066016312,-87.826888298,12.49139905));
#4406=CARTESIAN_POINT('',(-8.472301695,-87.502645216,12.461434368));
#4407=CARTESIAN_POINT('',(-8.878587078,-87.178402134,12.431469686));
#4408=CARTESIAN_POINT('',(-9.211980072,-86.76824592,12.400303239));
#4409=CARTESIAN_POINT('',(-9.454301469,-86.313250667,12.367087605));
#4410=CARTESIAN_POINT('',(-9.575462167,-86.085753041,12.350479789));
#4411=CARTESIAN_POINT('',(-9.677590693,-85.847647863,12.335416825));
#4412=CARTESIAN_POINT('',(-9.752480932,-85.600113167,12.318418175));
#4413=CARTESIAN_POINT('',(-9.827371172,-85.35257847,12.301419526));
#4414=CARTESIAN_POINT('',(-9.875287676,-85.096584799,12.282872302));
#4415=CARTESIAN_POINT('',(-9.897393197,-84.83826476,12.265689805));
#4416=CARTESIAN_POINT('',(-9.919498718,-84.57994472,12.248507309));
#4417=CARTESIAN_POINT('',(-9.914894956,-84.319236413,12.232723391));
#4418=CARTESIAN_POINT('',(-9.883288659,-84.062031649,12.217828836));
#4419=CARTESIAN_POINT('',(-9.851682362,-83.804826886,12.20293428));
#4420=CARTESIAN_POINT('',(-9.789393259,-83.552126415,12.186326052));
#4421=CARTESIAN_POINT('',(-9.705722364,-83.306970196,12.171558866));
#4422=CARTESIAN_POINT('',(-9.622051469,-83.061813977,12.156791679));
#4423=CARTESIAN_POINT('',(-9.508943703,-82.826965523,12.138908587));
#4424=CARTESIAN_POINT('',(-9.377233866,-82.603591583,12.122837277));
#4425=CARTESIAN_POINT('',(-9.245524029,-82.380217644,12.106765966));
#4426=CARTESIAN_POINT('',(-9.09244528,-82.169164444,12.090875977));
#4427=CARTESIAN_POINT('',(-8.919501527,-81.976282319,12.074157065));
#4428=CARTESIAN_POINT('',(-8.57361402,-81.59051807,12.040719241));
#4429=CARTESIAN_POINT('',(-8.153736871,-81.271923301,12.009590155));
#4430=CARTESIAN_POINT('',(-7.681477469,-81.06208608,11.975482003));
#4431=CARTESIAN_POINT('',(-7.209218068,-80.852248859,11.94137385));
#4432=CARTESIAN_POINT('',(-6.690676191,-80.741721424,11.90741375));
#4433=CARTESIAN_POINT('',(-6.170715636,-80.73289992,11.875602893));
#4434=CARTESIAN_POINT('',(-5.910735359,-80.728489167,11.859697464));
#4435=CARTESIAN_POINT('',(-5.650395279,-80.749477801,11.844579992));
#4436=CARTESIAN_POINT('',(-5.395700524,-80.796809193,11.829205823));
#4437=CARTESIAN_POINT('',(-5.141005768,-80.844140586,11.813831655));
#4438=CARTESIAN_POINT('',(-4.893099067,-80.919950783,11.796697527));
#4439=CARTESIAN_POINT('',(-4.654801353,-81.016529029,11.781282236));
#4440=CARTESIAN_POINT('',(-4.178205926,-81.209685521,11.750451654));
#4441=CARTESIAN_POINT('',(-3.743197322,-81.502589365,11.717777803));
#4442=CARTESIAN_POINT('',(-3.385031823,-81.878484039,11.682867992));
#4443=CARTESIAN_POINT('',(-3.026866324,-82.254378712,11.64795818));
#4444=CARTESIAN_POINT('',(-2.741474112,-82.705397772,11.614049351));
#4445=CARTESIAN_POINT('',(-2.554552463,-83.191488999,11.583345641));
#4446=CARTESIAN_POINT('',(-2.180709166,-84.163671454,11.52193822));
#4447=CARTESIAN_POINT('',(-2.240899351,-85.268972356,11.455125291));
#4448=CARTESIAN_POINT('',(-2.704181805,-86.200148619,11.387600035));
#4449=CARTESIAN_POINT('',(-2.935823032,-86.665736751,11.353837408));
#4450=CARTESIAN_POINT('',(-3.259285519,-87.088036964,11.322653023));
#4451=CARTESIAN_POINT('',(-3.652370185,-87.425790649,11.292209616));
#4452=CARTESIAN_POINT('',(-4.045454851,-87.763544334,11.261766209));
#4453=CARTESIAN_POINT('',(-4.508784507,-88.013459747,11.2290571));
#4454=CARTESIAN_POINT('',(-5.004995488,-88.162932182,11.195402161));
#4455=CARTESIAN_POINT('',(-5.501206469,-88.312404618,11.161747222));
#4456=CARTESIAN_POINT('',(-6.03022,-88.360566815,11.129748565));
#4457=CARTESIAN_POINT('',(-6.545203652,-88.300444657,11.097011541));
#4458=CARTESIAN_POINT('',(-7.060187304,-88.240322499,11.064274518));
#4459=CARTESIAN_POINT('',(-7.561815348,-88.075528412,11.031266474));
#4460=CARTESIAN_POINT('',(-8.009922713,-87.818236754,10.99992437));
#4461=B_SPLINE_CURVE_WITH_KNOTS('',3,(#4367,#4368,#4369,#4370,#4371,#4372,#4373,#4374,#4375,#4376,#4377,#4378,#4379,#4380,#4381,#4382,#4383,#4384,#4385,#4386,#4387,#4388,#4389,#4390,#4391,#4392,
#4393,#4394,#4395,#4396,#4397,#4398,#4399,#4400,#4401,#4402,#4403,#4404,#4405,#4406,#4407,#4408,#4409,#4410,#4411,#4412,#4413,#4414,#4415,#4416,#4417,
#4418,#4419,#4420,#4421,#4422,#4423,#4424,#4425,#4426,#4427,#4428,#4429,#4430,#4431,#4432,#4433,#4434,#4435,#4436,#4437,#4438,#4439,#4440,#4441,#4442,
#4443,#4444,#4445,#4446,#4447,#4448,#4449,#4450,#4451,#4452,#4453,#4454,#4455,#4456,#4457,#4458,#4459,#4460),.UNSPECIFIED.,.F.,.F.,(4,3,3,3,3,3,3,3,3,3,3,3,3,3,3,3,3,3,3,3,3,3,3,3,3,3,
3,3,3,3,3,4),(4.802176942,4.958451445,5.114725947,5.271000449,5.427274952,5.583549454,5.739823956,5.896098459,6.052372961,6.364921966,6.677470971,6.990019975,7.30256898,7.458843483,7.615117985,7.693255236,7.771392487,7.849529739,7.92766699,8.005804241,8.083941492,8.240215995,8.396490497,8.474627748,8.552764999,8.709039502,
8.865314004,9.177863009,9.334137511,9.490412014,9.646686516,9.802961018),.UNSPECIFIED.);
#4462=EDGE_CURVE('',#3891,#2119,#4461,.T.);
#4463=ORIENTED_EDGE('',*,*,#4462,.F.);
#4464=ORIENTED_EDGE('',*,*,#4023,.F.);
#4465=EDGE_LOOP('',(#4365,#4366,#4463,#4464));
#4466=FACE_BOUND('',#4465,.T.);
#4467=ADVANCED_FACE('',(#4466),#4262,.F.);
#4468=CARTESIAN_POINT('',(-4.857986889,-82.358545655,11.000000164));
#4469=CARTESIAN_POINT('',(-4.904930151,-82.331358094,11.005176793));
#4470=CARTESIAN_POINT('',(-5.385855503,-82.073591133,11.0572249));
#4471=CARTESIAN_POINT('',(-6.45430531,-81.896914354,11.156144483));
#4472=CARTESIAN_POINT('',(-7.857339166,-82.531116777,11.296758915));
#4473=CARTESIAN_POINT('',(-8.670395073,-83.839275437,11.437373347));
#4474=CARTESIAN_POINT('',(-8.622128667,-85.375978848,11.577987779));
#4475=CARTESIAN_POINT('',(-7.723622406,-86.632167313,11.718602211));
#4476=CARTESIAN_POINT('',(-6.287744813,-87.167497029,11.859216643));
#4477=CARTESIAN_POINT('',(-4.387971268,-86.745956225,12.036286668));
#4478=CARTESIAN_POINT('',(-3.097392648,-84.532478637,12.249812287));
#4479=CARTESIAN_POINT('',(-4.607714368,-81.916236428,12.499793499));
#4480=CARTESIAN_POINT('',(-7.354036849,-81.924891509,12.728942944));
#4481=CARTESIAN_POINT('',(-8.787695839,-83.809482168,12.937260621));
#4482=CARTESIAN_POINT('',(-8.515356927,-85.908995805,13.12474653));
#4483=CARTESIAN_POINT('',(-6.830012371,-87.207300107,13.312232439));
#4484=CARTESIAN_POINT('',(-4.725041963,-86.930623282,13.499718348));
#4485=CARTESIAN_POINT('',(-3.429576272,-85.248251999,13.687204257));
#4486=CARTESIAN_POINT('',(-3.704416528,-83.141709654,13.874690167));
#4487=CARTESIAN_POINT('',(-5.38743486,-81.8469153,14.062176076));
#4488=CARTESIAN_POINT('',(-7.493647812,-82.120928361,14.249661985));
#4489=CARTESIAN_POINT('',(-8.788724169,-83.804336704,14.437147894));
#4490=CARTESIAN_POINT('',(-8.515119529,-85.909832348,14.624633803));
#4491=CARTESIAN_POINT('',(-7.207869271,-86.916492361,14.770196971));
#4492=CARTESIAN_POINT('',(-6.338012497,-87.027913195,14.853264836));
#4493=CARTESIAN_POINT('',(-6.122267556,-87.028119579,14.873837398));
#4494=CARTESIAN_POINT('',(-4.648247113,-81.979912341,10.750531719));
#4495=CARTESIAN_POINT('',(-4.703389912,-81.948167641,10.755708348));
#4496=CARTESIAN_POINT('',(-5.26825457,-81.647303785,10.807756454));
#4497=CARTESIAN_POINT('',(-6.52197767,-81.443346923,10.906676038));
#4498=CARTESIAN_POINT('',(-8.165654327,-82.19149189,11.04729047));
#4499=CARTESIAN_POINT('',(-9.115286149,-83.728314984,11.187904902));
#4500=CARTESIAN_POINT('',(-9.053975743,-85.530563953,11.328519334));
#4501=CARTESIAN_POINT('',(-7.996278281,-87.001197981,11.469133766));
#4502=CARTESIAN_POINT('',(-6.310503163,-87.624694263,11.609748198));
#4503=CARTESIAN_POINT('',(-4.083550845,-87.124462102,11.786818223));
#4504=CARTESIAN_POINT('',(-2.576602498,-84.524330259,12.000343842));
#4505=CARTESIAN_POINT('',(-4.356055095,-81.460363973,12.250325054));
#4506=CARTESIAN_POINT('',(-7.577185869,-81.478911674,12.479474498));
#4507=CARTESIAN_POINT('',(-9.252958362,-83.693729844,12.687792175));
#4508=CARTESIAN_POINT('',(-8.927114644,-86.155411798,12.875278085));
#4509=CARTESIAN_POINT('',(-6.946405453,-87.673037833,13.062763994));
#4510=CARTESIAN_POINT('',(-4.47833641,-87.342087345,13.250249903));
#4511=CARTESIAN_POINT('',(-2.964030757,-85.364876085,13.437735812));
#4512=CARTESIAN_POINT('',(-3.292831907,-82.894956626,13.625221721));
#4513=CARTESIAN_POINT('',(-5.270800056,-81.381440987,13.81270763));
#4514=CARTESIAN_POINT('',(-7.74033569,-81.709270476,14.00019354));
#4515=CARTESIAN_POINT('',(-9.254180901,-83.687697375,14.187679449));
#4516=CARTESIAN_POINT('',(-8.926832641,-86.156392275,14.375165358));
#4517=CARTESIAN_POINT('',(-7.390482836,-87.333105614,14.520728526));
#4518=CARTESIAN_POINT('',(-6.369888856,-87.461130576,14.603796391));
#4519=CARTESIAN_POINT('',(-6.116841417,-87.460712814,14.624368953));
#4520=CARTESIAN_POINT('',(-4.4369522,-81.602289504,10.500866345));
#4521=CARTESIAN_POINT('',(-4.50027259,-81.56595399,10.506042974));
#4522=CARTESIAN_POINT('',(-5.148867078,-81.221647443,10.55809108));
#4523=CARTESIAN_POINT('',(-6.587691057,-80.989626861,10.657010664));
#4524=CARTESIAN_POINT('',(-8.472425051,-81.850651543,10.797625096));
#4525=CARTESIAN_POINT('',(-9.559568977,-83.615486402,10.938239528));
#4526=CARTESIAN_POINT('',(-9.486353467,-85.683256849,11.07885396));
#4527=CARTESIAN_POINT('',(-8.270429305,-87.368951959,11.219468392));
#4528=CARTESIAN_POINT('',(-6.335208734,-88.081656921,11.360082824));
#4529=CARTESIAN_POINT('',(-3.780840225,-87.504153837,11.537152849));
#4530=CARTESIAN_POINT('',(-2.055933735,-84.518411196,11.750678468));
#4531=CARTESIAN_POINT('',(-4.102523552,-81.005703657,12.00065968));
#4532=CARTESIAN_POINT('',(-7.798361215,-81.032113357,12.229809125));
#4533=CARTESIAN_POINT('',(-9.717586973,-83.576022912,12.438126801));
#4534=CARTESIAN_POINT('',(-9.339800133,-86.399994192,12.625612711));
#4535=CARTESIAN_POINT('',(-7.064754885,-88.138137554,12.81309862));
#4536=CARTESIAN_POINT('',(-4.233463361,-87.754482067,13.000584529));
#4537=CARTESIAN_POINT('',(-2.49912414,-85.483454739,13.188070438));
#4538=CARTESIAN_POINT('',(-2.88031648,-82.650037128,13.375556347));
#4539=CARTESIAN_POINT('',(-5.152210981,-80.916605289,13.563042257));
#4540=CARTESIAN_POINT('',(-7.98518975,-81.296682341,13.750528166));
#4541=CARTESIAN_POINT('',(-9.718999002,-83.569103535,13.938014075));
#4542=CARTESIAN_POINT('',(-9.339475442,-86.401118712,14.125499984));
#4543=CARTESIAN_POINT('',(-7.574822208,-87.74881227,14.271063152));
#4544=CARTESIAN_POINT('',(-6.403607186,-87.894081328,14.354131017));
#4545=CARTESIAN_POINT('',(-6.113265759,-87.893199222,14.374703579));
#4546=CARTESIAN_POINT('',(-4.225304777,-81.224877497,10.251183792));
#4547=CARTESIAN_POINT('',(-4.296798178,-81.183943535,10.256360421));
#4548=CARTESIAN_POINT('',(-5.029078986,-80.796116038,10.308408527));
#4549=CARTESIAN_POINT('',(-6.652972137,-80.535856883,10.407328111));
#4550=CARTESIAN_POINT('',(-8.778863971,-81.509529469,10.547942543));
#4551=CARTESIAN_POINT('',(-10.003732575,-83.502239348,10.688556975));
#4552=CARTESIAN_POINT('',(-9.918864223,-85.835535339,10.829171407));
#4553=CARTESIAN_POINT('',(-8.544921755,-87.736435674,10.969785839));
#4554=CARTESIAN_POINT('',(-6.360347196,-88.538583745,11.110400271));
#4555=CARTESIAN_POINT('',(-3.478498291,-87.884121977,11.287470296));
#4556=CARTESIAN_POINT('',(-1.535273405,-84.512986633,11.500995915));
#4557=CARTESIAN_POINT('',(-3.84856769,-80.551296108,11.750977127));
#4558=CARTESIAN_POINT('',(-8.019106452,-80.585117737,11.980126572));
#4559=CARTESIAN_POINT('',(-10.18209149,-83.457878064,12.188444248));
#4560=CARTESIAN_POINT('',(-9.752705909,-86.644178467,12.375930158));
#4561=CARTESIAN_POINT('',(-7.183542643,-88.603112157,12.563416067));
#4562=CARTESIAN_POINT('',(-3.988988173,-88.167097875,12.750901976));
#4563=CARTESIAN_POINT('',(-2.034342849,-85.602471234,12.938387885));
#4564=CARTESIAN_POINT('',(-2.467579928,-82.405515771,13.125873794));
#4565=CARTESIAN_POINT('',(-5.033184132,-80.451894822,13.313359704));
#4566=CARTESIAN_POINT('',(-8.229645602,-80.88387323,13.500845613));
#4567=CARTESIAN_POINT('',(-10.183691868,-83.450071832,13.688331522));
#4568=CARTESIAN_POINT('',(-9.752339094,-86.645447065,13.875817431));
#4569=CARTESIAN_POINT('',(-7.759551024,-88.164332426,14.021380599));
#4570=CARTESIAN_POINT('',(-6.437735376,-88.326988252,14.104448464));
#4571=CARTESIAN_POINT('',(-6.110100522,-88.32567726,14.125021026));
#4572=B_SPLINE_SURFACE_WITH_KNOTS('',3,3,((#4468,#4469,#4470,#4471,#4472,#4473,#4474,#4475,#4476,#4477,#4478,#4479,#4480,#4481,#4482,#4483,#4484,#4485,#4486,#4487,#4488,#4489,#4490,#4491,#4492,#4493),(#4494,#4495,#4496,#4497,#4498,#4499,#4500,#4501,#4502,#4503,#4504,#4505,#4506,#4507,#4508,#4509,#4510,#4511,#4512,#4513,#4514,#4515,#4516,#4517,#4518,#4519),(#4520,#4521,#4522,#4523,#4524,#4525,#4526,#4527,#4528,#4529,#4530,#4531,#4532,#4533,#4534,#4535,#4536,#4537,#4538,#4539,#4540,#4541,#4542,#4543,#4544,#4545),(#4546,#4547,#4548,#4549,#4550,#4551,#4552,#4553,#4554,#4555,#4556,#4557,#4558,#4559,#4560,#4561,#4562,#4563,#4564,#4565,#4566,#4567,#4568,#4569,#4570,#4571)),.UNSPECIFIED.,.F.,.F.,.U.,(4,4),(4,1,1,1,1,1,1,1,1,1,1,1,1,1,1,1,1,1,1,1,1,1,1,4),(0.170679769,0.320537433),(7.339034499,7.40408594,7.993090295,8.58209465,9.171099005,9.76010336,10.349107715,10.93811207,11.527116425,12.574235278,13.621354131,14.668472984,15.453812124,16.239151264,17.024490404,17.809829544,18.595168684,19.380507824,20.165846964,20.951186104,21.736525244,22.521864384,23.307203524,23.56572596),.UNSPECIFIED.);
#4573=ORIENTED_EDGE('',*,*,#4462,.T.);
#4574=ORIENTED_EDGE('',*,*,#2172,.T.);
#4575=ORIENTED_EDGE('',*,*,#4364,.F.);
#4576=ORIENTED_EDGE('',*,*,#3956,.F.);
#4577=EDGE_LOOP('',(#4573,#4574,#4575,#4576));
#4578=FACE_BOUND('',#4577,.T.);
#4579=ADVANCED_FACE('',(#4578),#4572,.F.);
#4580=CARTESIAN_POINT('',(5.425116195,-19.333267802,11.000000164));
#4581=CARTESIAN_POINT('',(5.425116195,-19.273945885,11.000000164));
#4582=CARTESIAN_POINT('',(6.533196101,-19.333267802,11.000000164));
#4583=CARTESIAN_POINT('',(6.533196101,-19.273945885,11.000000164));
#4584=B_SPLINE_SURFACE_WITH_KNOTS('',1,1,((#4580,#4581),(#4582,#4583)),.UNSPECIFIED.,.F.,.F.,.U.,(2,2),(2,2),(0.005284523,0.006392603),(-0.003556933,-0.003497611),.UNSPECIFIED.);
#4585=ORIENTED_EDGE('',*,*,#330,.T.);
#4586=CARTESIAN_POINT('',(5.425116195,-19.333267802,11.000000164));
#4587=CARTESIAN_POINT('',(5.526425932,-19.312523938,11.000000164));
#4588=CARTESIAN_POINT('',(5.628009719,-19.299330366,11.000000164));
#4589=CARTESIAN_POINT('',(5.782771557,-19.279230096,11.000000164));
#4590=CARTESIAN_POINT('',(5.935783476,-19.276603181,11.000000164));
#4591=CARTESIAN_POINT('',(6.090565106,-19.273945885,11.000000164));
#4592=CARTESIAN_POINT('',(6.243621,-19.288947844,11.000000164));
#4593=CARTESIAN_POINT('',(6.390095629,-19.303304732,11.000000164));
#4594=CARTESIAN_POINT('',(6.533196101,-19.333265441,11.000000164));
#4595=B_SPLINE_CURVE_WITH_KNOTS('',2,(#4586,#4587,#4588,#4589,#4590,#4591,#4592,#4593,#4594),.UNSPECIFIED.,.F.,.F.,(3,2,2,2,3),(0.12648712,0.147333138,0.178583138,0.209833138,0.239596018),.UNSPECIFIED.);
#4596=EDGE_CURVE('',#326,#319,#4595,.T.);
#4597=ORIENTED_EDGE('',*,*,#4596,.F.);
#4598=EDGE_LOOP('',(#4585,#4597));
#4599=FACE_BOUND('',#4598,.T.);
#4600=ADVANCED_FACE('',(#4599),#4584,.T.);
#4601=CARTESIAN_POINT('',(4.490018821,-25.318336292,10.999990981));
#4602=CARTESIAN_POINT('',(4.56134895,-25.359651415,11.005170671));
#4603=CARTESIAN_POINT('',(5.291733699,-25.75114265,11.057221838));
#4604=CARTESIAN_POINT('',(6.914367909,-26.019460506,11.156144483));
#4605=CARTESIAN_POINT('',(9.045058376,-25.056334105,11.296758915));
#4606=CARTESIAN_POINT('',(10.279796036,-23.069731314,11.437373347));
#4607=CARTESIAN_POINT('',(10.206490416,-20.736027205,11.577987778));
#4608=CARTESIAN_POINT('',(8.841998876,-18.828363014,11.71860221));
#4609=CARTESIAN_POINT('',(6.661417051,-18.015360866,11.859216642));
#4610=CARTESIAN_POINT('',(3.776366884,-18.655561025,12.036286668));
#4611=CARTESIAN_POINT('',(1.816467517,-22.017000906,12.249812286));
#4612=CARTESIAN_POINT('',(4.110048621,-25.99010018,12.499793499));
#4613=CARTESIAN_POINT('',(8.280744024,-25.976995188,12.728942943));
#4614=CARTESIAN_POINT('',(10.457919284,-23.114962106,12.93726062));
#4615=CARTESIAN_POINT('',(10.04435905,-19.926583097,13.124746529));
#4616=CARTESIAN_POINT('',(7.484922486,-17.954932166,13.312232438));
#4617=CARTESIAN_POINT('',(4.288253417,-18.375102563,13.499718348));
#4618=CARTESIAN_POINT('',(2.320912996,-20.930007765,13.687204257));
#4619=CARTESIAN_POINT('',(2.738296252,-24.129071069,13.874690166));
#4620=CARTESIAN_POINT('',(5.294181959,-26.095388938,14.062176075));
#4621=CARTESIAN_POINT('',(8.492747209,-25.67926343,14.249661984));
#4622=CARTESIAN_POINT('',(10.459490625,-23.122783957,14.437147894));
#4623=CARTESIAN_POINT('',(10.043989711,-19.925310823,14.624633803));
#4624=CARTESIAN_POINT('',(8.058862467,-18.396647159,14.770188714));
#4625=CARTESIAN_POINT('',(6.738024245,-18.227390132,14.853248323));
#4626=CARTESIAN_POINT('',(6.410519889,-18.22704423,14.873812629));
#4627=CARTESIAN_POINT('',(4.709171184,-24.945232208,10.750308428));
#4628=CARTESIAN_POINT('',(4.772417118,-24.981783545,10.755488118));
#4629=CARTESIAN_POINT('',(5.419996818,-25.32808788,10.807539285));
#4630=CARTESIAN_POINT('',(6.858156473,-25.56447772,10.90646193));
#4631=CARTESIAN_POINT('',(8.745489117,-24.709164181,11.047076362));
#4632=CARTESIAN_POINT('',(9.837980901,-22.947641139,11.187690794));
#4633=CARTESIAN_POINT('',(9.771026934,-20.87964393,11.328305226));
#4634=CARTESIAN_POINT('',(8.560225924,-19.190293473,11.468919657));
#4635=CARTESIAN_POINT('',(6.627164386,-18.471696564,11.609534089));
#4636=CARTESIAN_POINT('',(4.071065077,-19.041487404,11.786604115));
#4637=CARTESIAN_POINT('',(2.337129543,-22.021968584,12.000129733));
#4638=CARTESIAN_POINT('',(4.373026686,-25.540854384,12.250110946));
#4639=CARTESIAN_POINT('',(8.068962145,-25.525678996,12.47926039));
#4640=CARTESIAN_POINT('',(9.995867707,-22.987571627,12.687578067));
#4641=CARTESIAN_POINT('',(9.626658904,-20.162476797,12.875063976));
#4642=CARTESIAN_POINT('',(7.356879534,-18.417443554,13.062549886));
#4643=CARTESIAN_POINT('',(4.524443768,-18.792515592,13.250035795));
#4644=CARTESIAN_POINT('',(2.783226681,-21.058277111,13.437521704));
#4645=CARTESIAN_POINT('',(3.155830776,-23.892836173,13.625007613));
#4646=CARTESIAN_POINT('',(5.422460379,-25.633146723,13.812493522));
#4647=CARTESIAN_POINT('',(8.256579109,-25.261657313,13.999979431));
#4648=CARTESIAN_POINT('',(9.997266308,-22.994501491,14.187465341));
#4649=CARTESIAN_POINT('',(9.62633125,-20.161349557,14.37495125));
#4650=CARTESIAN_POINT('',(7.865865054,-18.808388539,14.520506162));
#4651=CARTESIAN_POINT('',(6.695232488,-18.659525402,14.60356577));
#4652=CARTESIAN_POINT('',(6.405007447,-18.659498424,14.624130076));
#4653=CARTESIAN_POINT('',(4.928683379,-24.572326182,10.500643055));
#4654=CARTESIAN_POINT('',(4.983849423,-24.604105936,10.505822745));
#4655=CARTESIAN_POINT('',(5.548664753,-24.905143597,10.557873912));
#4656=CARTESIAN_POINT('',(6.802375266,-25.10942954,10.656796556));
#4657=CARTESIAN_POINT('',(8.446241335,-24.361700813,10.797410988));
#4658=CARTESIAN_POINT('',(9.396269903,-22.82512849,10.93802542));
#4659=CARTESIAN_POINT('',(9.335415644,-21.022851298,11.078639852));
#4660=CARTESIAN_POINT('',(8.278102073,-19.551966095,11.219254284));
#4661=CARTESIAN_POINT('',(6.592477841,-18.928011985,11.359868716));
#4662=CARTESIAN_POINT('',(4.365404704,-19.427703233,11.536938741));
#4663=CARTESIAN_POINT('',(2.857800919,-22.02743072,11.75046436));
#4664=CARTESIAN_POINT('',(4.636437827,-25.091845975,12.000445572));
#4665=CARTESIAN_POINT('',(7.857603046,-25.074150196,12.229595017));
#4666=CARTESIAN_POINT('',(9.533924395,-22.859739094,12.437912693));
#4667=CARTESIAN_POINT('',(9.208724361,-20.397980501,12.625398603));
#4668=CARTESIAN_POINT('',(7.228394044,-18.879845658,12.812884512));
#4669=CARTESIAN_POINT('',(4.760244461,-19.210163821,13.000370421));
#4670=CARTESIAN_POINT('',(3.245430826,-21.186988512,13.18785633));
#4671=CARTESIAN_POINT('',(3.573600565,-23.656991217,13.375342239));
#4672=CARTESIAN_POINT('',(5.551180773,-25.171013952,13.562828149));
#4673=CARTESIAN_POINT('',(8.020801029,-24.843816078,13.750314058));
#4674=CARTESIAN_POINT('',(9.535151425,-22.865776961,13.937799967));
#4675=CARTESIAN_POINT('',(9.208437818,-20.396998392,14.125285876));
#4676=CARTESIAN_POINT('',(7.672471751,-19.219957504,14.270840788));
#4677=CARTESIAN_POINT('',(6.652029577,-19.091631549,14.353900396));
#4678=CARTESIAN_POINT('',(6.399084564,-19.091958934,14.374464702));
#4679=CARTESIAN_POINT('',(5.149852428,-24.200253378,10.25117461));
#4680=CARTESIAN_POINT('',(5.196956702,-24.227225643,10.256354299));
#4681=CARTESIAN_POINT('',(5.679177817,-24.482629867,10.308405467));
#4682=CARTESIAN_POINT('',(6.748524308,-24.654014043,10.407328111));
#4683=CARTESIAN_POINT('',(8.148394806,-24.0128594,10.547942543));
#4684=CARTESIAN_POINT('',(8.954957833,-22.700692138,10.688556975));
#4685=CARTESIAN_POINT('',(8.899068671,-21.164236388,10.829171407));
#4686=CARTESIAN_POINT('',(7.99435165,-19.912534358,10.969785839));
#4687=CARTESIAN_POINT('',(6.555830133,-19.384308588,11.11040027));
#4688=CARTESIAN_POINT('',(4.658175366,-19.815285885,11.287470296));
#4689=CARTESIAN_POINT('',(3.378597101,-22.035121925,11.500995915));
#4690=CARTESIAN_POINT('',(4.901843182,-24.643836277,11.750977127));
#4691=CARTESIAN_POINT('',(7.648115604,-24.621590653,11.980126571));
#4692=CARTESIAN_POINT('',(9.072395912,-22.729894137,12.188444248));
#4693=CARTESIAN_POINT('',(8.789665947,-20.631763784,12.375930157));
#4694=CARTESIAN_POINT('',(7.097893858,-19.341829024,12.563416067));
#4695=CARTESIAN_POINT('',(4.994326257,-19.628938707,12.750901976));
#4696=CARTESIAN_POINT('',(3.707215083,-21.317712916,12.938387885));
#4697=CARTESIAN_POINT('',(3.992497309,-23.422866171,13.125873794));
#4698=CARTESIAN_POINT('',(5.681913821,-24.709300815,13.313359703));
#4699=CARTESIAN_POINT('',(7.786743225,-24.424848415,13.500845613));
#4700=CARTESIAN_POINT('',(9.073456144,-22.73503953,13.688331522));
#4701=CARTESIAN_POINT('',(8.789418592,-20.630927224,13.875817431));
#4702=CARTESIAN_POINT('',(7.477263353,-19.630815288,14.021372343));
#4703=CARTESIAN_POINT('',(6.606966581,-19.523675297,14.104431951));
#4704=CARTESIAN_POINT('',(6.391310722,-19.524516747,14.124996257));
#4705=B_SPLINE_SURFACE_WITH_KNOTS('',3,3,((#4601,#4602,#4603,#4604,#4605,#4606,#4607,#4608,#4609,#4610,#4611,#4612,#4613,#4614,#4615,#4616,#4617,#4618,#4619,#4620,#4621,#4622,#4623,#4624,#4625,#4626),(#4627,#4628,#4629,#4630,#4631,#4632,#4633,#4634,#4635,#4636,#4637,#4638,#4639,#4640,#4641,#4642,#4643,#4644,#4645,#4646,#4647,#4648,#4649,#4650,#4651,#4652),(#4653,#4654,#4655,#4656,#4657,#4658,#4659,#4660,#4661,#4662,#4663,#4664,#4665,#4666,#4667,#4668,#4669,#4670,#4671,#4672,#4673,#4674,#4675,#4676,#4677,#4678),(#4679,#4680,#4681,#4682,#4683,#4684,#4685,#4686,#4687,#4688,#4689,#4690,#4691,#4692,#4693,#4694,#4695,#4696,#4697,#4698,#4699,#4700,#4701,#4702,#4703,#4704)),.UNSPECIFIED.,.F.,.F.,.U.,(4,4),(4,1,1,1,1,1,1,1,1,1,1,1,1,1,1,1,1,1,1,1,1,1,1,4),(-0.043409303,0.10644836),(10.468243376,10.533333278,11.122337633,11.711341988,12.300346343,12.889350698,13.478355053,14.067359408,14.656363763,15.703482616,16.750601469,17.797720323,18.583059463,19.368398603,20.153737742,20.939076882,21.724416022,22.509755162,23.295094302,24.080433442,24.865772582,25.651111722,26.436450862,26.694869547),.UNSPECIFIED.);
#4706=CARTESIAN_POINT('',(6.391311883,-19.52445213,14.125033523));
#4707=CARTESIAN_POINT('',(6.732835687,-19.523282266,14.092373635));
#4708=CARTESIAN_POINT('',(7.073505223,-19.592425505,14.059854762));
#4709=CARTESIAN_POINT('',(7.385834513,-19.729452753,14.027304559));
#4710=CARTESIAN_POINT('',(7.698163802,-19.86648,13.994754357));
#4711=CARTESIAN_POINT('',(7.983082077,-20.068028764,13.962218116));
#4712=CARTESIAN_POINT('',(8.21740721,-20.316314297,13.929676532));
#4713=CARTESIAN_POINT('',(8.451732343,-20.56459983,13.897134948));
#4714=CARTESIAN_POINT('',(8.633297961,-20.8608841,13.864587559));
#4715=CARTESIAN_POINT('',(8.746898493,-21.182674038,13.83203158));
#4716=CARTESIAN_POINT('',(8.860499024,-21.504463975,13.799475602));
#4717=CARTESIAN_POINT('',(8.908763214,-21.850248846,13.766903654));
#4718=CARTESIAN_POINT('',(8.887822076,-22.190906482,13.734359669));
#4719=CARTESIAN_POINT('',(8.866880938,-22.531564119,13.701815685));
#4720=CARTESIAN_POINT('',(8.773970342,-22.866311614,13.669339459));
#4721=CARTESIAN_POINT('',(8.616752394,-23.16922267,13.636750336));
#4722=CARTESIAN_POINT('',(8.459534446,-23.472133727,13.604161213));
#4723=CARTESIAN_POINT('',(8.240748372,-23.744073585,13.57161323));
#4724=CARTESIAN_POINT('',(7.977941127,-23.961654368,13.539055773));
#4725=CARTESIAN_POINT('',(7.715133882,-24.179235151,13.506498316));
#4726=CARTESIAN_POINT('',(7.406733101,-24.339486789,13.473907922));
#4727=CARTESIAN_POINT('',(7.078122616,-24.432166146,13.441435216));
#4728=CARTESIAN_POINT('',(6.749512131,-24.524845502,13.408962509));
#4729=CARTESIAN_POINT('',(6.401612989,-24.551587941,13.376466093));
#4730=CARTESIAN_POINT('',(6.063352919,-24.50844057,13.34390839));
#4731=CARTESIAN_POINT('',(5.72509285,-24.465293199,13.311350687));
#4732=CARTESIAN_POINT('',(5.397320195,-24.348943679,13.278667964));
#4733=CARTESIAN_POINT('',(5.104616557,-24.172294521,13.246072092));
#4734=CARTESIAN_POINT('',(4.811912919,-23.995645363,13.21347622));
#4735=CARTESIAN_POINT('',(4.554034223,-23.759947585,13.180875289));
#4736=CARTESIAN_POINT('',(4.354599755,-23.483495013,13.148340296));
#4737=CARTESIAN_POINT('',(3.95573082,-22.930589868,13.08327031));
#4738=CARTESIAN_POINT('',(3.803487913,-22.207948098,13.018397467));
#4739=CARTESIAN_POINT('',(3.934555992,-21.538398429,12.953221763));
#4740=CARTESIAN_POINT('',(4.065624071,-20.86884876,12.88804606));
#4741=CARTESIAN_POINT('',(4.489995089,-20.257028326,12.824585581));
#4742=CARTESIAN_POINT('',(5.067644464,-19.898093673,12.758931966));
#4743=CARTESIAN_POINT('',(5.212056807,-19.808360009,12.742518562));
#4744=CARTESIAN_POINT('',(5.366284923,-19.735051866,12.725643277));
#4745=CARTESIAN_POINT('',(5.526505654,-19.677236176,12.709180072));
#4746=CARTESIAN_POINT('',(5.686726385,-19.619420486,12.692716868));
#4747=CARTESIAN_POINT('',(5.853012599,-19.576087416,12.677199181));
#4748=CARTESIAN_POINT('',(6.022542668,-19.551996278,12.660238158));
#4749=CARTESIAN_POINT('',(6.192072737,-19.52790514,12.643277134));
#4750=CARTESIAN_POINT('',(6.364144218,-19.51868416,12.627440908));
#4751=CARTESIAN_POINT('',(6.535306795,-19.527595636,12.611230181));
#4752=CARTESIAN_POINT('',(6.706469371,-19.536507112,12.595019454));
#4753=CARTESIAN_POINT('',(6.875697329,-19.565914101,12.57704114));
#4754=CARTESIAN_POINT('',(7.040922434,-19.607782792,12.562263195));
#4755=CARTESIAN_POINT('',(7.371372644,-19.691520174,12.532707304));
#4756=CARTESIAN_POINT('',(7.679139299,-19.848567211,12.501423369));
#4757=CARTESIAN_POINT('',(7.943839708,-20.06181033,12.467240952));
#4758=CARTESIAN_POINT('',(8.208540117,-20.27505345,12.433058534));
#4759=CARTESIAN_POINT('',(8.435803107,-20.541914587,12.399592425));
#4760=CARTESIAN_POINT('',(8.598793265,-20.845313031,12.367296166));
#4761=CARTESIAN_POINT('',(8.680288344,-20.997012254,12.351148037));
#4762=CARTESIAN_POINT('',(8.742197852,-21.158377947,12.333135651));
#4763=CARTESIAN_POINT('',(8.7917588,-21.322257238,12.318029427));
#4764=CARTESIAN_POINT('',(8.841319749,-21.486136529,12.302923203));
#4765=CARTESIAN_POINT('',(8.873608193,-21.654378597,12.287657462));
#4766=CARTESIAN_POINT('',(8.888396594,-21.823495587,12.272028522));
#4767=CARTESIAN_POINT('',(8.917973395,-22.161729568,12.240770642));
#4768=CARTESIAN_POINT('',(8.875545014,-22.504767046,12.206696902));
#4769=CARTESIAN_POINT('',(8.762539717,-22.827059804,12.172195081));
#4770=CARTESIAN_POINT('',(8.706037069,-22.988206183,12.15494417));
#4771=CARTESIAN_POINT('',(8.635700416,-23.145484828,12.139689013));
#4772=CARTESIAN_POINT('',(8.548562294,-23.293385359,12.12326234));
#4773=CARTESIAN_POINT('',(8.461424171,-23.44128589,12.106835666));
#4774=CARTESIAN_POINT('',(8.359267572,-23.580363863,12.09028277));
#4775=CARTESIAN_POINT('',(8.245161686,-23.708286217,12.07428554));
#4776=CARTESIAN_POINT('',(8.016949914,-23.964130925,12.04229108));
#4777=CARTESIAN_POINT('',(7.736168832,-24.16947656,12.008781027));
#4778=CARTESIAN_POINT('',(7.425101285,-24.308849054,11.977249127));
#4779=CARTESIAN_POINT('',(6.802966192,-24.587594041,11.914185326));
#4780=CARTESIAN_POINT('',(6.06214634,-24.600435092,11.848689898));
#4781=CARTESIAN_POINT('',(5.430606307,-24.342106965,11.781224138));
#4782=CARTESIAN_POINT('',(4.799066274,-24.083778839,11.713758377));
#4783=CARTESIAN_POINT('',(4.290838788,-23.545108102,11.655170976));
#4784=CARTESIAN_POINT('',(4.048586004,-22.907156453,11.587720068));
#4785=CARTESIAN_POINT('',(3.927459613,-22.588180628,11.553994614));
#4786=CARTESIAN_POINT('',(3.868534537,-22.244710986,11.520102245));
#4787=CARTESIAN_POINT('',(3.885445951,-21.903162191,11.488161951));
#4788=CARTESIAN_POINT('',(3.893901658,-21.732387793,11.472191804));
#4789=CARTESIAN_POINT('',(3.923184542,-21.563118294,11.455220482));
#4790=CARTESIAN_POINT('',(3.967408732,-21.398372471,11.439363592));
#4791=CARTESIAN_POINT('',(4.011632922,-21.233626648,11.423506702));
#4792=CARTESIAN_POINT('',(4.071437214,-21.07300602,11.408424195));
#4793=CARTESIAN_POINT('',(4.147318117,-20.920147546,11.39255655));
#4794=CARTESIAN_POINT('',(4.299079922,-20.614430598,11.36082126));
#4795=CARTESIAN_POINT('',(4.512505647,-20.339623079,11.327216256));
#4796=CARTESIAN_POINT('',(4.771248816,-20.117622058,11.293494911));
#4797=CARTESIAN_POINT('',(4.900620401,-20.006621548,11.276634239));
#4798=CARTESIAN_POINT('',(5.040316987,-19.906681864,11.261157138));
#4799=CARTESIAN_POINT('',(5.190795263,-19.825617146,11.244176601));
#4800=CARTESIAN_POINT('',(5.341273539,-19.744552428,11.227196064));
#4801=CARTESIAN_POINT('',(5.50000098,-19.67872376,11.211064673));
#4802=CARTESIAN_POINT('',(5.663557583,-19.629319411,11.195224551));
#4803=CARTESIAN_POINT('',(6.317783993,-19.431702016,11.131864065));
#4804=CARTESIAN_POINT('',(7.050844051,-19.516166386,11.067269631));
#4805=CARTESIAN_POINT('',(7.642036083,-19.858716181,11.0000529));
#4806=B_SPLINE_CURVE_WITH_KNOTS('',3,(#4706,#4707,#4708,#4709,#4710,#4711,#4712,#4713,#4714,#4715,#4716,#4717,#4718,#4719,#4720,#4721,#4722,#4723,#4724,#4725,#4726,#4727,#4728,#4729,#4730,#4731,
#4732,#4733,#4734,#4735,#4736,#4737,#4738,#4739,#4740,#4741,#4742,#4743,#4744,#4745,#4746,#4747,#4748,#4749,#4750,#4751,#4752,#4753,#4754,#4755,#4756,
#4757,#4758,#4759,#4760,#4761,#4762,#4763,#4764,#4765,#4766,#4767,#4768,#4769,#4770,#4771,#4772,#4773,#4774,#4775,#4776,#4777,#4778,#4779,#4780,#4781,
#4782,#4783,#4784,#4785,#4786,#4787,#4788,#4789,#4790,#4791,#4792,#4793,#4794,#4795,#4796,#4797,#4798,#4799,#4800,#4801,#4802,#4803,#4804,#4805),.UNSPECIFIED.,.F.,.F.,(4,3,3,3,3,3,3,3,3,3,3,3,3,3,3,3,3,3,3,3,3,3,3,3,3,3,
3,3,3,3,3,3,3,4),(12.283488069,12.386656764,12.489825458,12.592994153,12.696162847,12.799331541,12.902500236,13.00566893,13.108837625,13.212006319,13.315175014,13.521512403,13.727849792,13.779434139,13.831018486,13.882602833,13.93418718,14.037355875,14.140524569,14.192108917,14.243693264,14.346861958,14.398446305,14.450030653,14.553199347,14.759536736,
14.965874125,15.069042819,15.120627167,15.172211514,15.275380208,15.326964555,15.378548903,15.584886292),.UNSPECIFIED.);
#4807=EDGE_CURVE('',#3756,#2015,#4806,.T.);
#4808=ORIENTED_EDGE('',*,*,#4807,.T.);
#4809=ORIENTED_EDGE('',*,*,#2080,.T.);
#4810=CARTESIAN_POINT('',(6.389903827,-25.825704693,14.124953505));
#4811=CARTESIAN_POINT('',(5.871465532,-25.827653244,14.092562365));
#4812=CARTESIAN_POINT('',(5.35451029,-25.722617601,14.059943354));
#4813=CARTESIAN_POINT('',(4.880099752,-25.514715489,14.027389284));
#4814=CARTESIAN_POINT('',(4.405689214,-25.306813377,13.994835213));
#4815=CARTESIAN_POINT('',(3.972706327,-25.000686981,13.962267195));
#4816=CARTESIAN_POINT('',(3.616706046,-24.623545487,13.929704555));
#4817=CARTESIAN_POINT('',(3.260705764,-24.246403993,13.897141916));
#4818=CARTESIAN_POINT('',(2.984853652,-23.796449812,13.864580627));
#4819=CARTESIAN_POINT('',(2.812326824,-23.307829036,13.832036402));
#4820=CARTESIAN_POINT('',(2.639799996,-22.819208261,13.799492178));
#4821=CARTESIAN_POINT('',(2.566468665,-22.294288338,13.766974353));
#4822=CARTESIAN_POINT('',(2.598198464,-21.777062504,13.734393438));
#4823=CARTESIAN_POINT('',(2.629928263,-21.25983667,13.701812523));
#4824=CARTESIAN_POINT('',(2.771020278,-20.751405187,13.669160923));
#4825=CARTESIAN_POINT('',(3.00971199,-20.291197142,13.636669243));
#4826=CARTESIAN_POINT('',(3.248403702,-19.830989098,13.604177563));
#4827=CARTESIAN_POINT('',(3.580994091,-19.418206186,13.571621489));
#4828=CARTESIAN_POINT('',(3.980002106,-19.087886265,13.539074765));
#4829=CARTESIAN_POINT('',(4.379010121,-18.757566343,13.506528042));
#4830=CARTESIAN_POINT('',(4.846947812,-18.513651191,13.47403192));
#4831=CARTESIAN_POINT('',(5.346089753,-18.37294354,13.441361468));
#4832=CARTESIAN_POINT('',(5.845231694,-18.23223589,13.408691015));
#4833=CARTESIAN_POINT('',(6.373744386,-18.191652116,13.376059417));
#4834=CARTESIAN_POINT('',(6.887470949,-18.257155895,13.343518027));
#4835=CARTESIAN_POINT('',(7.914924076,-18.388163453,13.278435246));
#4836=CARTESIAN_POINT('',(8.874778007,-18.973082159,13.213684258));
#4837=CARTESIAN_POINT('',(9.481250895,-19.812095379,13.148538971));
#4838=CARTESIAN_POINT('',(10.087723783,-20.6511086,13.083393685));
#4839=CARTESIAN_POINT('',(10.31820938,-21.753107685,13.018064542));
#4840=CARTESIAN_POINT('',(10.119064679,-22.768435282,12.953032376));
#4841=CARTESIAN_POINT('',(9.919919978,-23.78376288,12.88800021));
#4842=CARTESIAN_POINT('',(9.277585601,-24.708602126,12.820302926));
#4843=CARTESIAN_POINT('',(8.399182174,-25.256283667,12.756099489));
#4844=CARTESIAN_POINT('',(7.520778748,-25.803965209,12.691896052));
#4845=CARTESIAN_POINT('',(6.40897689,-25.954954239,12.629353639));
#4846=CARTESIAN_POINT('',(5.407373784,-25.697730898,12.56272294));
#4847=CARTESIAN_POINT('',(4.906572231,-25.569119228,12.52940759));
#4848=CARTESIAN_POINT('',(4.433983688,-25.326888298,12.49139905));
#4849=CARTESIAN_POINT('',(4.027698305,-25.002645216,12.461434368));
#4850=CARTESIAN_POINT('',(3.621412922,-24.678402134,12.431469686));
#4851=CARTESIAN_POINT('',(3.288019928,-24.26824592,12.400303239));
#4852=CARTESIAN_POINT('',(3.045698531,-23.813250667,12.367087605));
#4853=CARTESIAN_POINT('',(2.924537833,-23.585753041,12.350479789));
#4854=CARTESIAN_POINT('',(2.822409307,-23.347647863,12.335416825));
#4855=CARTESIAN_POINT('',(2.747519068,-23.100113167,12.318418175));
#4856=CARTESIAN_POINT('',(2.672628828,-22.85257847,12.301419526));
#4857=CARTESIAN_POINT('',(2.624712324,-22.596584799,12.282872302));
#4858=CARTESIAN_POINT('',(2.602606803,-22.33826476,12.265689805));
#4859=CARTESIAN_POINT('',(2.580501282,-22.07994472,12.248507309));
#4860=CARTESIAN_POINT('',(2.585105044,-21.819236413,12.232723391));
#4861=CARTESIAN_POINT('',(2.616711341,-21.562031649,12.217828836));
#4862=CARTESIAN_POINT('',(2.648317638,-21.304826886,12.20293428));
#4863=CARTESIAN_POINT('',(2.710606741,-21.052126415,12.186326052));
#4864=CARTESIAN_POINT('',(2.794277636,-20.806970196,12.171558866));
#4865=CARTESIAN_POINT('',(2.877948531,-20.561813977,12.156791679));
#4866=CARTESIAN_POINT('',(2.991056297,-20.326965523,12.138908587));
#4867=CARTESIAN_POINT('',(3.122766134,-20.103591583,12.122837277));
#4868=CARTESIAN_POINT('',(3.254475971,-19.880217644,12.106765966));
#4869=CARTESIAN_POINT('',(3.40755472,-19.669164444,12.090875977));
#4870=CARTESIAN_POINT('',(3.580498473,-19.476282319,12.074157065));
#4871=CARTESIAN_POINT('',(3.92638598,-19.09051807,12.040719241));
#4872=CARTESIAN_POINT('',(4.346263129,-18.771923301,12.009590155));
#4873=CARTESIAN_POINT('',(4.818522531,-18.56208608,11.975482003));
#4874=CARTESIAN_POINT('',(5.290781932,-18.352248859,11.94137385));
#4875=CARTESIAN_POINT('',(5.809323809,-18.241721424,11.90741375));
#4876=CARTESIAN_POINT('',(6.329284364,-18.23289992,11.875602893));
#4877=CARTESIAN_POINT('',(6.589264641,-18.228489167,11.859697464));
#4878=CARTESIAN_POINT('',(6.849604721,-18.249477801,11.844579992));
#4879=CARTESIAN_POINT('',(7.104299476,-18.296809193,11.829205823));
#4880=CARTESIAN_POINT('',(7.358994232,-18.344140586,11.813831655));
#4881=CARTESIAN_POINT('',(7.606900933,-18.419950783,11.796697527));
#4882=CARTESIAN_POINT('',(7.845198647,-18.516529029,11.781282236));
#4883=CARTESIAN_POINT('',(8.321794074,-18.709685521,11.750451654));
#4884=CARTESIAN_POINT('',(8.756802678,-19.002589365,11.717777803));
#4885=CARTESIAN_POINT('',(9.114968177,-19.378484039,11.682867992));
#4886=CARTESIAN_POINT('',(9.473133676,-19.754378712,11.64795818));
#4887=CARTESIAN_POINT('',(9.758525888,-20.205397772,11.614049351));
#4888=CARTESIAN_POINT('',(9.945447537,-20.691488999,11.583345641));
#4889=CARTESIAN_POINT('',(10.319290834,-21.663671454,11.52193822));
#4890=CARTESIAN_POINT('',(10.259100649,-22.768972356,11.455125291));
#4891=CARTESIAN_POINT('',(9.795818195,-23.700148619,11.387600035));
#4892=CARTESIAN_POINT('',(9.564176968,-24.165736751,11.353837408));
#4893=CARTESIAN_POINT('',(9.240714481,-24.588036964,11.322653023));
#4894=CARTESIAN_POINT('',(8.847629815,-24.925790649,11.292209616));
#4895=CARTESIAN_POINT('',(8.454545149,-25.263544334,11.261766209));
#4896=CARTESIAN_POINT('',(7.991215493,-25.513459747,11.2290571));
#4897=CARTESIAN_POINT('',(7.495004512,-25.662932182,11.195402161));
#4898=CARTESIAN_POINT('',(6.998793531,-25.812404618,11.161747222));
#4899=CARTESIAN_POINT('',(6.46978,-25.860566815,11.129748565));
#4900=CARTESIAN_POINT('',(5.954796348,-25.800444657,11.097011541));
#4901=CARTESIAN_POINT('',(5.439812696,-25.740322499,11.064274518));
#4902=CARTESIAN_POINT('',(4.938184652,-25.575528412,11.031266474));
#4903=CARTESIAN_POINT('',(4.490077287,-25.318236754,10.99992437));
#4904=B_SPLINE_CURVE_WITH_KNOTS('',3,(#4810,#4811,#4812,#4813,#4814,#4815,#4816,#4817,#4818,#4819,#4820,#4821,#4822,#4823,#4824,#4825,#4826,#4827,#4828,#4829,#4830,#4831,#4832,#4833,#4834,#4835,
#4836,#4837,#4838,#4839,#4840,#4841,#4842,#4843,#4844,#4845,#4846,#4847,#4848,#4849,#4850,#4851,#4852,#4853,#4854,#4855,#4856,#4857,#4858,#4859,#4860,
#4861,#4862,#4863,#4864,#4865,#4866,#4867,#4868,#4869,#4870,#4871,#4872,#4873,#4874,#4875,#4876,#4877,#4878,#4879,#4880,#4881,#4882,#4883,#4884,#4885,
#4886,#4887,#4888,#4889,#4890,#4891,#4892,#4893,#4894,#4895,#4896,#4897,#4898,#4899,#4900,#4901,#4902,#4903),.UNSPECIFIED.,.F.,.F.,(4,3,3,3,3,3,3,3,3,3,3,3,3,3,3,3,3,3,3,3,3,3,3,3,3,3,
3,3,3,3,3,4),(4.802176942,4.958451445,5.114725947,5.271000449,5.427274952,5.583549454,5.739823956,5.896098459,6.052372961,6.364921966,6.677470971,6.990019975,7.30256898,7.458843483,7.615117985,7.693255236,7.771392487,7.849529739,7.92766699,8.005804241,8.083941492,8.240215995,8.396490497,8.474627748,8.552764999,8.709039502,
8.865314004,9.177863009,9.334137511,9.490412014,9.646686516,9.802961018),.UNSPECIFIED.);
#4905=EDGE_CURVE('',#3754,#1975,#4904,.T.);
#4906=ORIENTED_EDGE('',*,*,#4905,.F.);
#4907=ORIENTED_EDGE('',*,*,#3886,.F.);
#4908=EDGE_LOOP('',(#4808,#4809,#4906,#4907));
#4909=FACE_BOUND('',#4908,.T.);
#4910=ADVANCED_FACE('',(#4909),#4705,.F.);
#4911=CARTESIAN_POINT('',(7.642013111,-19.858545655,11.000000164));
#4912=CARTESIAN_POINT('',(7.595069849,-19.831358094,11.005176793));
#4913=CARTESIAN_POINT('',(7.114144497,-19.573591133,11.0572249));
#4914=CARTESIAN_POINT('',(6.04569469,-19.396914354,11.156144483));
#4915=CARTESIAN_POINT('',(4.642660834,-20.031116777,11.296758915));
#4916=CARTESIAN_POINT('',(3.829604927,-21.339275437,11.437373347));
#4917=CARTESIAN_POINT('',(3.877871333,-22.875978848,11.577987779));
#4918=CARTESIAN_POINT('',(4.776377594,-24.132167313,11.718602211));
#4919=CARTESIAN_POINT('',(6.212255187,-24.667497029,11.859216643));
#4920=CARTESIAN_POINT('',(8.112028732,-24.245956225,12.036286668));
#4921=CARTESIAN_POINT('',(9.402607352,-22.032478637,12.249812287));
#4922=CARTESIAN_POINT('',(7.892285632,-19.416236428,12.499793499));
#4923=CARTESIAN_POINT('',(5.145963151,-19.424891509,12.728942944));
#4924=CARTESIAN_POINT('',(3.712304161,-21.309482168,12.937260621));
#4925=CARTESIAN_POINT('',(3.984643073,-23.408995805,13.12474653));
#4926=CARTESIAN_POINT('',(5.669987629,-24.707300107,13.312232439));
#4927=CARTESIAN_POINT('',(7.774958037,-24.430623282,13.499718348));
#4928=CARTESIAN_POINT('',(9.070423728,-22.748251999,13.687204257));
#4929=CARTESIAN_POINT('',(8.795583472,-20.641709654,13.874690167));
#4930=CARTESIAN_POINT('',(7.11256514,-19.3469153,14.062176076));
#4931=CARTESIAN_POINT('',(5.006352188,-19.620928361,14.249661985));
#4932=CARTESIAN_POINT('',(3.711275831,-21.304336704,14.437147894));
#4933=CARTESIAN_POINT('',(3.984880471,-23.409832348,14.624633803));
#4934=CARTESIAN_POINT('',(5.292130729,-24.416492361,14.770196971));
#4935=CARTESIAN_POINT('',(6.161987503,-24.527913195,14.853264836));
#4936=CARTESIAN_POINT('',(6.377732444,-24.528119579,14.873837398));
#4937=CARTESIAN_POINT('',(7.851752887,-19.479912341,10.750531719));
#4938=CARTESIAN_POINT('',(7.796610088,-19.448167641,10.755708348));
#4939=CARTESIAN_POINT('',(7.23174543,-19.147303785,10.807756454));
#4940=CARTESIAN_POINT('',(5.97802233,-18.943346923,10.906676038));
#4941=CARTESIAN_POINT('',(4.334345673,-19.69149189,11.04729047));
#4942=CARTESIAN_POINT('',(3.384713851,-21.228314984,11.187904902));
#4943=CARTESIAN_POINT('',(3.446024257,-23.030563953,11.328519334));
#4944=CARTESIAN_POINT('',(4.503721719,-24.501197981,11.469133766));
#4945=CARTESIAN_POINT('',(6.189496837,-25.124694263,11.609748198));
#4946=CARTESIAN_POINT('',(8.416449155,-24.624462102,11.786818223));
#4947=CARTESIAN_POINT('',(9.923397502,-22.024330259,12.000343842));
#4948=CARTESIAN_POINT('',(8.143944905,-18.960363973,12.250325054));
#4949=CARTESIAN_POINT('',(4.922814131,-18.978911674,12.479474498));
#4950=CARTESIAN_POINT('',(3.247041638,-21.193729844,12.687792175));
#4951=CARTESIAN_POINT('',(3.572885356,-23.655411798,12.875278085));
#4952=CARTESIAN_POINT('',(5.553594547,-25.173037833,13.062763994));
#4953=CARTESIAN_POINT('',(8.02166359,-24.842087345,13.250249903));
#4954=CARTESIAN_POINT('',(9.535969243,-22.864876085,13.437735812));
#4955=CARTESIAN_POINT('',(9.207168093,-20.394956626,13.625221721));
#4956=CARTESIAN_POINT('',(7.229199944,-18.881440987,13.81270763));
#4957=CARTESIAN_POINT('',(4.75966431,-19.209270476,14.00019354));
#4958=CARTESIAN_POINT('',(3.245819099,-21.187697375,14.187679449));
#4959=CARTESIAN_POINT('',(3.573167359,-23.656392275,14.375165358));
#4960=CARTESIAN_POINT('',(5.109517164,-24.833105614,14.520728526));
#4961=CARTESIAN_POINT('',(6.130111144,-24.961130576,14.603796391));
#4962=CARTESIAN_POINT('',(6.383158583,-24.960712814,14.624368953));
#4963=CARTESIAN_POINT('',(8.0630478,-19.102289504,10.500866345));
#4964=CARTESIAN_POINT('',(7.99972741,-19.06595399,10.506042974));
#4965=CARTESIAN_POINT('',(7.351132922,-18.721647443,10.55809108));
#4966=CARTESIAN_POINT('',(5.912308943,-18.489626861,10.657010664));
#4967=CARTESIAN_POINT('',(4.027574949,-19.350651543,10.797625096));
#4968=CARTESIAN_POINT('',(2.940431023,-21.115486402,10.938239528));
#4969=CARTESIAN_POINT('',(3.013646533,-23.183256849,11.07885396));
#4970=CARTESIAN_POINT('',(4.229570695,-24.868951959,11.219468392));
#4971=CARTESIAN_POINT('',(6.164791266,-25.581656921,11.360082824));
#4972=CARTESIAN_POINT('',(8.719159775,-25.004153837,11.537152849));
#4973=CARTESIAN_POINT('',(10.444066265,-22.018411196,11.750678468));
#4974=CARTESIAN_POINT('',(8.397476448,-18.505703657,12.00065968));
#4975=CARTESIAN_POINT('',(4.701638785,-18.532113357,12.229809125));
#4976=CARTESIAN_POINT('',(2.782413027,-21.076022912,12.438126801));
#4977=CARTESIAN_POINT('',(3.160199867,-23.899994192,12.625612711));
#4978=CARTESIAN_POINT('',(5.435245115,-25.638137554,12.81309862));
#4979=CARTESIAN_POINT('',(8.266536639,-25.254482067,13.000584529));
#4980=CARTESIAN_POINT('',(10.00087586,-22.983454739,13.188070438));
#4981=CARTESIAN_POINT('',(9.61968352,-20.150037128,13.375556347));
#4982=CARTESIAN_POINT('',(7.347789019,-18.416605289,13.563042257));
#4983=CARTESIAN_POINT('',(4.51481025,-18.796682341,13.750528166));
#4984=CARTESIAN_POINT('',(2.781000998,-21.069103535,13.938014075));
#4985=CARTESIAN_POINT('',(3.160524558,-23.901118712,14.125499984));
#4986=CARTESIAN_POINT('',(4.925177792,-25.24881227,14.271063152));
#4987=CARTESIAN_POINT('',(6.096392814,-25.394081328,14.354131017));
#4988=CARTESIAN_POINT('',(6.386734241,-25.393199222,14.374703579));
#4989=CARTESIAN_POINT('',(8.274695223,-18.724877497,10.251183792));
#4990=CARTESIAN_POINT('',(8.203201822,-18.683943535,10.256360421));
#4991=CARTESIAN_POINT('',(7.470921014,-18.296116038,10.308408527));
#4992=CARTESIAN_POINT('',(5.847027863,-18.035856883,10.407328111));
#4993=CARTESIAN_POINT('',(3.721136029,-19.009529469,10.547942543));
#4994=CARTESIAN_POINT('',(2.496267425,-21.002239348,10.688556975));
#4995=CARTESIAN_POINT('',(2.581135777,-23.335535339,10.829171407));
#4996=CARTESIAN_POINT('',(3.955078245,-25.236435674,10.969785839));
#4997=CARTESIAN_POINT('',(6.139652804,-26.038583745,11.110400271));
#4998=CARTESIAN_POINT('',(9.021501709,-25.384121977,11.287470296));
#4999=CARTESIAN_POINT('',(10.964726595,-22.012986633,11.500995915));
#5000=CARTESIAN_POINT('',(8.65143231,-18.051296108,11.750977127));
#5001=CARTESIAN_POINT('',(4.480893548,-18.085117737,11.980126572));
#5002=CARTESIAN_POINT('',(2.31790851,-20.957878064,12.188444248));
#5003=CARTESIAN_POINT('',(2.747294091,-24.144178467,12.375930158));
#5004=CARTESIAN_POINT('',(5.316457357,-26.103112157,12.563416067));
#5005=CARTESIAN_POINT('',(8.511011827,-25.667097875,12.750901976));
#5006=CARTESIAN_POINT('',(10.465657151,-23.102471234,12.938387885));
#5007=CARTESIAN_POINT('',(10.032420072,-19.905515771,13.125873794));
#5008=CARTESIAN_POINT('',(7.466815868,-17.951894822,13.313359704));
#5009=CARTESIAN_POINT('',(4.270354398,-18.38387323,13.500845613));
#5010=CARTESIAN_POINT('',(2.316308132,-20.950071832,13.688331522));
#5011=CARTESIAN_POINT('',(2.747660906,-24.145447065,13.875817431));
#5012=CARTESIAN_POINT('',(4.740448976,-25.664332426,14.021380599));
#5013=CARTESIAN_POINT('',(6.062264624,-25.826988252,14.104448464));
#5014=CARTESIAN_POINT('',(6.389899478,-25.82567726,14.125021026));
#5015=B_SPLINE_SURFACE_WITH_KNOTS('',3,3,((#4911,#4912,#4913,#4914,#4915,#4916,#4917,#4918,#4919,#4920,#4921,#4922,#4923,#4924,#4925,#4926,#4927,#4928,#4929,#4930,#4931,#4932,#4933,#4934,#4935,#4936),(#4937,#4938,#4939,#4940,#4941,#4942,#4943,#4944,#4945,#4946,#4947,#4948,#4949,#4950,#4951,#4952,#4953,#4954,#4955,#4956,#4957,#4958,#4959,#4960,#4961,#4962),(#4963,#4964,#4965,#4966,#4967,#4968,#4969,#4970,#4971,#4972,#4973,#4974,#4975,#4976,#4977,#4978,#4979,#4980,#4981,#4982,#4983,#4984,#4985,#4986,#4987,#4988),(#4989,#4990,#4991,#4992,#4993,#4994,#4995,#4996,#4997,#4998,#4999,#5000,#5001,#5002,#5003,#5004,#5005,#5006,#5007,#5008,#5009,#5010,#5011,#5012,#5013,#5014)),.UNSPECIFIED.,.F.,.F.,.U.,(4,4),(4,1,1,1,1,1,1,1,1,1,1,1,1,1,1,1,1,1,1,1,1,1,1,4),(0.170679769,0.320537433),(7.339034499,7.40408594,7.993090295,8.58209465,9.171099005,9.76010336,10.349107715,10.93811207,11.527116425,12.574235278,13.621354131,14.668472984,15.453812124,16.239151264,17.024490404,17.809829544,18.595168684,19.380507824,20.165846964,20.951186104,21.736525244,22.521864384,23.307203524,23.56572596),.UNSPECIFIED.);
#5016=ORIENTED_EDGE('',*,*,#4905,.T.);
#5017=ORIENTED_EDGE('',*,*,#2012,.T.);
#5018=ORIENTED_EDGE('',*,*,#4596,.T.);
#5019=ORIENTED_EDGE('',*,*,#2092,.T.);
#5020=ORIENTED_EDGE('',*,*,#4807,.F.);
#5021=ORIENTED_EDGE('',*,*,#3819,.F.);
#5022=EDGE_LOOP('',(#5016,#5017,#5018,#5019,#5020,#5021));
#5023=FACE_BOUND('',#5022,.T.);
#5024=ADVANCED_FACE('',(#5023),#5015,.F.);
#5025=CARTESIAN_POINT('',(-8.009981179,-25.318336292,10.999990981));
#5026=CARTESIAN_POINT('',(-7.93865105,-25.359651415,11.005170671));
#5027=CARTESIAN_POINT('',(-7.208266301,-25.75114265,11.057221838));
#5028=CARTESIAN_POINT('',(-5.585632091,-26.019460506,11.156144483));
#5029=CARTESIAN_POINT('',(-3.454941624,-25.056334105,11.296758915));
#5030=CARTESIAN_POINT('',(-2.220203964,-23.069731314,11.437373347));
#5031=CARTESIAN_POINT('',(-2.293509584,-20.736027205,11.577987778));
#5032=CARTESIAN_POINT('',(-3.658001124,-18.828363014,11.71860221));
#5033=CARTESIAN_POINT('',(-5.838582949,-18.015360866,11.859216642));
#5034=CARTESIAN_POINT('',(-8.723633116,-18.655561025,12.036286668));
#5035=CARTESIAN_POINT('',(-10.683532483,-22.017000906,12.249812286));
#5036=CARTESIAN_POINT('',(-8.389951379,-25.99010018,12.499793499));
#5037=CARTESIAN_POINT('',(-4.219255976,-25.976995188,12.728942943));
#5038=CARTESIAN_POINT('',(-2.042080716,-23.114962106,12.93726062));
#5039=CARTESIAN_POINT('',(-2.45564095,-19.926583097,13.124746529));
#5040=CARTESIAN_POINT('',(-5.015077514,-17.954932166,13.312232438));
#5041=CARTESIAN_POINT('',(-8.211746583,-18.375102563,13.499718348));
#5042=CARTESIAN_POINT('',(-10.179087004,-20.930007765,13.687204257));
#5043=CARTESIAN_POINT('',(-9.761703748,-24.129071069,13.874690166));
#5044=CARTESIAN_POINT('',(-7.205818041,-26.095388938,14.062176075));
#5045=CARTESIAN_POINT('',(-4.007252791,-25.67926343,14.249661984));
#5046=CARTESIAN_POINT('',(-2.040509375,-23.122783957,14.437147894));
#5047=CARTESIAN_POINT('',(-2.456010289,-19.925310823,14.624633803));
#5048=CARTESIAN_POINT('',(-4.441137533,-18.396647159,14.770188714));
#5049=CARTESIAN_POINT('',(-5.761975755,-18.227390132,14.853248323));
#5050=CARTESIAN_POINT('',(-6.089480111,-18.22704423,14.873812629));
#5051=CARTESIAN_POINT('',(-7.790828816,-24.945232208,10.750308428));
#5052=CARTESIAN_POINT('',(-7.727582882,-24.981783545,10.755488118));
#5053=CARTESIAN_POINT('',(-7.080003182,-25.32808788,10.807539285));
#5054=CARTESIAN_POINT('',(-5.641843527,-25.56447772,10.90646193));
#5055=CARTESIAN_POINT('',(-3.754510883,-24.709164181,11.047076362));
#5056=CARTESIAN_POINT('',(-2.662019099,-22.947641139,11.187690794));
#5057=CARTESIAN_POINT('',(-2.728973066,-20.87964393,11.328305226));
#5058=CARTESIAN_POINT('',(-3.939774076,-19.190293473,11.468919657));
#5059=CARTESIAN_POINT('',(-5.872835614,-18.471696564,11.609534089));
#5060=CARTESIAN_POINT('',(-8.428934923,-19.041487404,11.786604115));
#5061=CARTESIAN_POINT('',(-10.162870457,-22.021968584,12.000129733));
#5062=CARTESIAN_POINT('',(-8.126973314,-25.540854384,12.250110946));
#5063=CARTESIAN_POINT('',(-4.431037855,-25.525678996,12.47926039));
#5064=CARTESIAN_POINT('',(-2.504132293,-22.987571627,12.687578067));
#5065=CARTESIAN_POINT('',(-2.873341096,-20.162476797,12.875063976));
#5066=CARTESIAN_POINT('',(-5.143120466,-18.417443554,13.062549886));
#5067=CARTESIAN_POINT('',(-7.975556232,-18.792515592,13.250035795));
#5068=CARTESIAN_POINT('',(-9.716773319,-21.058277111,13.437521704));
#5069=CARTESIAN_POINT('',(-9.344169224,-23.892836173,13.625007613));
#5070=CARTESIAN_POINT('',(-7.077539621,-25.633146723,13.812493522));
#5071=CARTESIAN_POINT('',(-4.243420891,-25.261657313,13.999979431));
#5072=CARTESIAN_POINT('',(-2.502733692,-22.994501491,14.187465341));
#5073=CARTESIAN_POINT('',(-2.87366875,-20.161349557,14.37495125));
#5074=CARTESIAN_POINT('',(-4.634134946,-18.808388539,14.520506162));
#5075=CARTESIAN_POINT('',(-5.804767512,-18.659525402,14.60356577));
#5076=CARTESIAN_POINT('',(-6.094992553,-18.659498424,14.624130076));
#5077=CARTESIAN_POINT('',(-7.571316621,-24.572326182,10.500643055));
#5078=CARTESIAN_POINT('',(-7.516150577,-24.604105936,10.505822745));
#5079=CARTESIAN_POINT('',(-6.951335247,-24.905143597,10.557873912));
#5080=CARTESIAN_POINT('',(-5.697624734,-25.10942954,10.656796556));
#5081=CARTESIAN_POINT('',(-4.053758665,-24.361700813,10.797410988));
#5082=CARTESIAN_POINT('',(-3.103730097,-22.82512849,10.93802542));
#5083=CARTESIAN_POINT('',(-3.164584356,-21.022851298,11.078639852));
#5084=CARTESIAN_POINT('',(-4.221897927,-19.551966095,11.219254284));
#5085=CARTESIAN_POINT('',(-5.907522159,-18.928011985,11.359868716));
#5086=CARTESIAN_POINT('',(-8.134595296,-19.427703233,11.536938741));
#5087=CARTESIAN_POINT('',(-9.642199081,-22.02743072,11.75046436));
#5088=CARTESIAN_POINT('',(-7.863562173,-25.091845975,12.000445572));
#5089=CARTESIAN_POINT('',(-4.642396954,-25.074150196,12.229595017));
#5090=CARTESIAN_POINT('',(-2.966075605,-22.859739094,12.437912693));
#5091=CARTESIAN_POINT('',(-3.291275639,-20.397980501,12.625398603));
#5092=CARTESIAN_POINT('',(-5.271605956,-18.879845658,12.812884512));
#5093=CARTESIAN_POINT('',(-7.739755539,-19.210163821,13.000370421));
#5094=CARTESIAN_POINT('',(-9.254569174,-21.186988512,13.18785633));
#5095=CARTESIAN_POINT('',(-8.926399435,-23.656991217,13.375342239));
#5096=CARTESIAN_POINT('',(-6.948819227,-25.171013952,13.562828149));
#5097=CARTESIAN_POINT('',(-4.479198971,-24.843816078,13.750314058));
#5098=CARTESIAN_POINT('',(-2.964848575,-22.865776961,13.937799967));
#5099=CARTESIAN_POINT('',(-3.291562182,-20.396998392,14.125285876));
#5100=CARTESIAN_POINT('',(-4.827528249,-19.219957504,14.270840788));
#5101=CARTESIAN_POINT('',(-5.847970423,-19.091631549,14.353900396));
#5102=CARTESIAN_POINT('',(-6.100915436,-19.091958934,14.374464702));
#5103=CARTESIAN_POINT('',(-7.350147572,-24.200253378,10.25117461));
#5104=CARTESIAN_POINT('',(-7.303043298,-24.227225643,10.256354299));
#5105=CARTESIAN_POINT('',(-6.820822183,-24.482629867,10.308405467));
#5106=CARTESIAN_POINT('',(-5.751475692,-24.654014043,10.407328111));
#5107=CARTESIAN_POINT('',(-4.351605194,-24.0128594,10.547942543));
#5108=CARTESIAN_POINT('',(-3.545042167,-22.700692138,10.688556975));
#5109=CARTESIAN_POINT('',(-3.600931329,-21.164236388,10.829171407));
#5110=CARTESIAN_POINT('',(-4.50564835,-19.912534358,10.969785839));
#5111=CARTESIAN_POINT('',(-5.944169867,-19.384308588,11.11040027));
#5112=CARTESIAN_POINT('',(-7.841824634,-19.815285885,11.287470296));
#5113=CARTESIAN_POINT('',(-9.121402899,-22.035121925,11.500995915));
#5114=CARTESIAN_POINT('',(-7.598156818,-24.643836277,11.750977127));
#5115=CARTESIAN_POINT('',(-4.851884396,-24.621590653,11.980126571));
#5116=CARTESIAN_POINT('',(-3.427604088,-22.729894137,12.188444248));
#5117=CARTESIAN_POINT('',(-3.710334053,-20.631763784,12.375930157));
#5118=CARTESIAN_POINT('',(-5.402106142,-19.341829024,12.563416067));
#5119=CARTESIAN_POINT('',(-7.505673743,-19.628938707,12.750901976));
#5120=CARTESIAN_POINT('',(-8.792784917,-21.317712916,12.938387885));
#5121=CARTESIAN_POINT('',(-8.507502691,-23.422866171,13.125873794));
#5122=CARTESIAN_POINT('',(-6.818086179,-24.709300815,13.313359703));
#5123=CARTESIAN_POINT('',(-4.713256775,-24.424848415,13.500845613));
#5124=CARTESIAN_POINT('',(-3.426543856,-22.73503953,13.688331522));
#5125=CARTESIAN_POINT('',(-3.710581408,-20.630927224,13.875817431));
#5126=CARTESIAN_POINT('',(-5.022736647,-19.630815288,14.021372343));
#5127=CARTESIAN_POINT('',(-5.893033419,-19.523675297,14.104431951));
#5128=CARTESIAN_POINT('',(-6.108689278,-19.524516747,14.124996257));
#5129=B_SPLINE_SURFACE_WITH_KNOTS('',3,3,((#5025,#5026,#5027,#5028,#5029,#5030,#5031,#5032,#5033,#5034,#5035,#5036,#5037,#5038,#5039,#5040,#5041,#5042,#5043,#5044,#5045,#5046,#5047,#5048,#5049,#5050),(#5051,#5052,#5053,#5054,#5055,#5056,#5057,#5058,#5059,#5060,#5061,#5062,#5063,#5064,#5065,#5066,#5067,#5068,#5069,#5070,#5071,#5072,#5073,#5074,#5075,#5076),(#5077,#5078,#5079,#5080,#5081,#5082,#5083,#5084,#5085,#5086,#5087,#5088,#5089,#5090,#5091,#5092,#5093,#5094,#5095,#5096,#5097,#5098,#5099,#5100,#5101,#5102),(#5103,#5104,#5105,#5106,#5107,#5108,#5109,#5110,#5111,#5112,#5113,#5114,#5115,#5116,#5117,#5118,#5119,#5120,#5121,#5122,#5123,#5124,#5125,#5126,#5127,#5128)),.UNSPECIFIED.,.F.,.F.,.U.,(4,4),(4,1,1,1,1,1,1,1,1,1,1,1,1,1,1,1,1,1,1,1,1,1,1,4),(-0.043409303,0.10644836),(10.468243376,10.533333278,11.122337633,11.711341988,12.300346343,12.889350698,13.478355053,14.067359408,14.656363763,15.703482616,16.750601469,17.797720323,18.583059463,19.368398603,20.153737742,20.939076882,21.724416022,22.509755162,23.295094302,24.080433442,24.865772582,25.651111722,26.436450862,26.694869547),.UNSPECIFIED.);
#5130=CARTESIAN_POINT('',(-6.108688117,-19.52445213,14.125033523));
#5131=CARTESIAN_POINT('',(-5.767164313,-19.523282266,14.092373635));
#5132=CARTESIAN_POINT('',(-5.426494777,-19.592425505,14.059854762));
#5133=CARTESIAN_POINT('',(-5.114165487,-19.729452753,14.027304559));
#5134=CARTESIAN_POINT('',(-4.801836198,-19.86648,13.994754357));
#5135=CARTESIAN_POINT('',(-4.516917923,-20.068028764,13.962218116));
#5136=CARTESIAN_POINT('',(-4.28259279,-20.316314297,13.929676532));
#5137=CARTESIAN_POINT('',(-4.048267657,-20.56459983,13.897134948));
#5138=CARTESIAN_POINT('',(-3.866702039,-20.8608841,13.864587559));
#5139=CARTESIAN_POINT('',(-3.753101507,-21.182674038,13.83203158));
#5140=CARTESIAN_POINT('',(-3.639500976,-21.504463975,13.799475602));
#5141=CARTESIAN_POINT('',(-3.591236786,-21.850248846,13.766903654));
#5142=CARTESIAN_POINT('',(-3.612177924,-22.190906482,13.734359669));
#5143=CARTESIAN_POINT('',(-3.633119062,-22.531564119,13.701815685));
#5144=CARTESIAN_POINT('',(-3.726029658,-22.866311614,13.669339459));
#5145=CARTESIAN_POINT('',(-3.883247606,-23.16922267,13.636750336));
#5146=CARTESIAN_POINT('',(-4.040465554,-23.472133727,13.604161213));
#5147=CARTESIAN_POINT('',(-4.259251628,-23.744073585,13.57161323));
#5148=CARTESIAN_POINT('',(-4.522058873,-23.961654368,13.539055773));
#5149=CARTESIAN_POINT('',(-4.784866118,-24.179235151,13.506498316));
#5150=CARTESIAN_POINT('',(-5.093266899,-24.339486789,13.473907922));
#5151=CARTESIAN_POINT('',(-5.421877384,-24.432166146,13.441435216));
#5152=CARTESIAN_POINT('',(-5.750487869,-24.524845502,13.408962509));
#5153=CARTESIAN_POINT('',(-6.098387011,-24.551587941,13.376466093));
#5154=CARTESIAN_POINT('',(-6.436647081,-24.50844057,13.34390839));
#5155=CARTESIAN_POINT('',(-6.77490715,-24.465293199,13.311350687));
#5156=CARTESIAN_POINT('',(-7.102679805,-24.348943679,13.278667964));
#5157=CARTESIAN_POINT('',(-7.395383443,-24.172294521,13.246072092));
#5158=CARTESIAN_POINT('',(-7.688087081,-23.995645363,13.21347622));
#5159=CARTESIAN_POINT('',(-7.945965777,-23.759947585,13.180875289));
#5160=CARTESIAN_POINT('',(-8.145400245,-23.483495013,13.148340296));
#5161=CARTESIAN_POINT('',(-8.54426918,-22.930589868,13.08327031));
#5162=CARTESIAN_POINT('',(-8.696512087,-22.207948098,13.018397467));
#5163=CARTESIAN_POINT('',(-8.565444008,-21.538398429,12.953221763));
#5164=CARTESIAN_POINT('',(-8.434375929,-20.86884876,12.88804606));
#5165=CARTESIAN_POINT('',(-8.010004911,-20.257028326,12.824585581));
#5166=CARTESIAN_POINT('',(-7.432355536,-19.898093673,12.758931966));
#5167=CARTESIAN_POINT('',(-7.287943193,-19.808360009,12.742518562));
#5168=CARTESIAN_POINT('',(-7.133715077,-19.735051866,12.725643277));
#5169=CARTESIAN_POINT('',(-6.973494346,-19.677236176,12.709180072));
#5170=CARTESIAN_POINT('',(-6.813273615,-19.619420486,12.692716868));
#5171=CARTESIAN_POINT('',(-6.646987401,-19.576087416,12.677199181));
#5172=CARTESIAN_POINT('',(-6.477457332,-19.551996278,12.660238158));
#5173=CARTESIAN_POINT('',(-6.307927263,-19.52790514,12.643277134));
#5174=CARTESIAN_POINT('',(-6.135855782,-19.51868416,12.627440908));
#5175=CARTESIAN_POINT('',(-5.964693205,-19.527595636,12.611230181));
#5176=CARTESIAN_POINT('',(-5.793530629,-19.536507112,12.595019454));
#5177=CARTESIAN_POINT('',(-5.624302671,-19.565914101,12.57704114));
#5178=CARTESIAN_POINT('',(-5.459077566,-19.607782792,12.562263195));
#5179=CARTESIAN_POINT('',(-5.128627356,-19.691520174,12.532707304));
#5180=CARTESIAN_POINT('',(-4.820860701,-19.848567211,12.501423369));
#5181=CARTESIAN_POINT('',(-4.556160292,-20.06181033,12.467240952));
#5182=CARTESIAN_POINT('',(-4.291459883,-20.27505345,12.433058534));
#5183=CARTESIAN_POINT('',(-4.064196893,-20.541914587,12.399592425));
#5184=CARTESIAN_POINT('',(-3.901206735,-20.845313031,12.367296166));
#5185=CARTESIAN_POINT('',(-3.819711656,-20.997012254,12.351148037));
#5186=CARTESIAN_POINT('',(-3.757802148,-21.158377947,12.333135651));
#5187=CARTESIAN_POINT('',(-3.7082412,-21.322257238,12.318029427));
#5188=CARTESIAN_POINT('',(-3.658680251,-21.486136529,12.302923203));
#5189=CARTESIAN_POINT('',(-3.626391807,-21.654378597,12.287657462));
#5190=CARTESIAN_POINT('',(-3.611603406,-21.823495587,12.272028522));
#5191=CARTESIAN_POINT('',(-3.582026605,-22.161729568,12.240770642));
#5192=CARTESIAN_POINT('',(-3.624454986,-22.504767046,12.206696902));
#5193=CARTESIAN_POINT('',(-3.737460283,-22.827059804,12.172195081));
#5194=CARTESIAN_POINT('',(-3.793962931,-22.988206183,12.15494417));
#5195=CARTESIAN_POINT('',(-3.864299584,-23.145484828,12.139689013));
#5196=CARTESIAN_POINT('',(-3.951437706,-23.293385359,12.12326234));
#5197=CARTESIAN_POINT('',(-4.038575829,-23.44128589,12.106835666));
#5198=CARTESIAN_POINT('',(-4.140732428,-23.580363863,12.09028277));
#5199=CARTESIAN_POINT('',(-4.254838314,-23.708286217,12.07428554));
#5200=CARTESIAN_POINT('',(-4.483050086,-23.964130925,12.04229108));
#5201=CARTESIAN_POINT('',(-4.763831168,-24.16947656,12.008781027));
#5202=CARTESIAN_POINT('',(-5.074898715,-24.308849054,11.977249127));
#5203=CARTESIAN_POINT('',(-5.697033808,-24.587594041,11.914185326));
#5204=CARTESIAN_POINT('',(-6.43785366,-24.600435092,11.848689898));
#5205=CARTESIAN_POINT('',(-7.069393693,-24.342106965,11.781224138));
#5206=CARTESIAN_POINT('',(-7.700933726,-24.083778839,11.713758377));
#5207=CARTESIAN_POINT('',(-8.209161212,-23.545108102,11.655170976));
#5208=CARTESIAN_POINT('',(-8.451413996,-22.907156453,11.587720068));
#5209=CARTESIAN_POINT('',(-8.572540387,-22.588180628,11.553994614));
#5210=CARTESIAN_POINT('',(-8.631465463,-22.244710986,11.520102245));
#5211=CARTESIAN_POINT('',(-8.614554049,-21.903162191,11.488161951));
#5212=CARTESIAN_POINT('',(-8.606098342,-21.732387793,11.472191804));
#5213=CARTESIAN_POINT('',(-8.576815458,-21.563118294,11.455220482));
#5214=CARTESIAN_POINT('',(-8.532591268,-21.398372471,11.439363592));
#5215=CARTESIAN_POINT('',(-8.488367078,-21.233626648,11.423506702));
#5216=CARTESIAN_POINT('',(-8.428562786,-21.07300602,11.408424195));
#5217=CARTESIAN_POINT('',(-8.352681883,-20.920147546,11.39255655));
#5218=CARTESIAN_POINT('',(-8.200920078,-20.614430598,11.36082126));
#5219=CARTESIAN_POINT('',(-7.987494353,-20.339623079,11.327216256));
#5220=CARTESIAN_POINT('',(-7.728751184,-20.117622058,11.293494911));
#5221=CARTESIAN_POINT('',(-7.599379599,-20.006621548,11.276634239));
#5222=CARTESIAN_POINT('',(-7.459683013,-19.906681864,11.261157138));
#5223=CARTESIAN_POINT('',(-7.309204737,-19.825617146,11.244176601));
#5224=CARTESIAN_POINT('',(-7.158726461,-19.744552428,11.227196064));
#5225=CARTESIAN_POINT('',(-6.99999902,-19.67872376,11.211064673));
#5226=CARTESIAN_POINT('',(-6.836442417,-19.629319411,11.195224551));
#5227=CARTESIAN_POINT('',(-6.182216007,-19.431702016,11.131864065));
#5228=CARTESIAN_POINT('',(-5.449155949,-19.516166386,11.067269631));
#5229=CARTESIAN_POINT('',(-4.857963917,-19.858716181,11.0000529));
#5230=B_SPLINE_CURVE_WITH_KNOTS('',3,(#5130,#5131,#5132,#5133,#5134,#5135,#5136,#5137,#5138,#5139,#5140,#5141,#5142,#5143,#5144,#5145,#5146,#5147,#5148,#5149,#5150,#5151,#5152,#5153,#5154,#5155,
#5156,#5157,#5158,#5159,#5160,#5161,#5162,#5163,#5164,#5165,#5166,#5167,#5168,#5169,#5170,#5171,#5172,#5173,#5174,#5175,#5176,#5177,#5178,#5179,#5180,
#5181,#5182,#5183,#5184,#5185,#5186,#5187,#5188,#5189,#5190,#5191,#5192,#5193,#5194,#5195,#5196,#5197,#5198,#5199,#5200,#5201,#5202,#5203,#5204,#5205,
#5206,#5207,#5208,#5209,#5210,#5211,#5212,#5213,#5214,#5215,#5216,#5217,#5218,#5219,#5220,#5221,#5222,#5223,#5224,#5225,#5226,#5227,#5228,#5229),.UNSPECIFIED.,.F.,.F.,(4,3,3,3,3,3,3,3,3,3,3,3,3,3,3,3,3,3,3,3,3,3,3,3,3,3,
3,3,3,3,3,3,3,4),(12.283488069,12.386656764,12.489825458,12.592994153,12.696162847,12.799331541,12.902500236,13.00566893,13.108837625,13.212006319,13.315175014,13.521512403,13.727849792,13.779434139,13.831018486,13.882602833,13.93418718,14.037355875,14.140524569,14.192108917,14.243693264,14.346861958,14.398446305,14.450030653,14.553199347,14.759536736,
14.965874125,15.069042819,15.120627167,15.172211514,15.275380208,15.326964555,15.378548903,15.584886292),.UNSPECIFIED.);
#5231=EDGE_CURVE('',#3619,#1894,#5230,.T.);
#5232=ORIENTED_EDGE('',*,*,#5231,.T.);
#5233=ORIENTED_EDGE('',*,*,#1959,.T.);
#5234=CARTESIAN_POINT('',(-6.110096173,-25.825704693,14.124953505));
#5235=CARTESIAN_POINT('',(-6.628534468,-25.827653244,14.092562365));
#5236=CARTESIAN_POINT('',(-7.14548971,-25.722617601,14.059943354));
#5237=CARTESIAN_POINT('',(-7.619900248,-25.514715489,14.027389284));
#5238=CARTESIAN_POINT('',(-8.094310786,-25.306813377,13.994835213));
#5239=CARTESIAN_POINT('',(-8.527293673,-25.000686981,13.962267195));
#5240=CARTESIAN_POINT('',(-8.883293954,-24.623545487,13.929704555));
#5241=CARTESIAN_POINT('',(-9.239294236,-24.246403993,13.897141916));
#5242=CARTESIAN_POINT('',(-9.515146348,-23.796449812,13.864580627));
#5243=CARTESIAN_POINT('',(-9.687673176,-23.307829036,13.832036402));
#5244=CARTESIAN_POINT('',(-9.860200004,-22.819208261,13.799492178));
#5245=CARTESIAN_POINT('',(-9.933531335,-22.294288338,13.766974353));
#5246=CARTESIAN_POINT('',(-9.901801536,-21.777062504,13.734393438));
#5247=CARTESIAN_POINT('',(-9.870071737,-21.25983667,13.701812523));
#5248=CARTESIAN_POINT('',(-9.728979722,-20.751405187,13.669160923));
#5249=CARTESIAN_POINT('',(-9.49028801,-20.291197142,13.636669243));
#5250=CARTESIAN_POINT('',(-9.251596298,-19.830989098,13.604177563));
#5251=CARTESIAN_POINT('',(-8.919005909,-19.418206186,13.571621489));
#5252=CARTESIAN_POINT('',(-8.519997894,-19.087886265,13.539074765));
#5253=CARTESIAN_POINT('',(-8.120989879,-18.757566343,13.506528042));
#5254=CARTESIAN_POINT('',(-7.653052188,-18.513651191,13.47403192));
#5255=CARTESIAN_POINT('',(-7.153910247,-18.37294354,13.441361468));
#5256=CARTESIAN_POINT('',(-6.654768306,-18.23223589,13.408691015));
#5257=CARTESIAN_POINT('',(-6.126255614,-18.191652116,13.376059417));
#5258=CARTESIAN_POINT('',(-5.612529051,-18.257155895,13.343518027));
#5259=CARTESIAN_POINT('',(-4.585075924,-18.388163453,13.278435246));
#5260=CARTESIAN_POINT('',(-3.625221993,-18.973082159,13.213684258));
#5261=CARTESIAN_POINT('',(-3.018749105,-19.812095379,13.148538971));
#5262=CARTESIAN_POINT('',(-2.412276217,-20.6511086,13.083393685));
#5263=CARTESIAN_POINT('',(-2.18179062,-21.753107685,13.018064542));
#5264=CARTESIAN_POINT('',(-2.380935321,-22.768435282,12.953032376));
#5265=CARTESIAN_POINT('',(-2.580080022,-23.78376288,12.88800021));
#5266=CARTESIAN_POINT('',(-3.222414399,-24.708602126,12.820302926));
#5267=CARTESIAN_POINT('',(-4.100817826,-25.256283667,12.756099489));
#5268=CARTESIAN_POINT('',(-4.979221252,-25.803965209,12.691896052));
#5269=CARTESIAN_POINT('',(-6.09102311,-25.954954239,12.629353639));
#5270=CARTESIAN_POINT('',(-7.092626216,-25.697730898,12.56272294));
#5271=CARTESIAN_POINT('',(-7.593427769,-25.569119228,12.52940759));
#5272=CARTESIAN_POINT('',(-8.066016312,-25.326888298,12.49139905));
#5273=CARTESIAN_POINT('',(-8.472301695,-25.002645216,12.461434368));
#5274=CARTESIAN_POINT('',(-8.878587078,-24.678402134,12.431469686));
#5275=CARTESIAN_POINT('',(-9.211980072,-24.26824592,12.400303239));
#5276=CARTESIAN_POINT('',(-9.454301469,-23.813250667,12.367087605));
#5277=CARTESIAN_POINT('',(-9.575462167,-23.585753041,12.350479789));
#5278=CARTESIAN_POINT('',(-9.677590693,-23.347647863,12.335416825));
#5279=CARTESIAN_POINT('',(-9.752480932,-23.100113167,12.318418175));
#5280=CARTESIAN_POINT('',(-9.827371172,-22.85257847,12.301419526));
#5281=CARTESIAN_POINT('',(-9.875287676,-22.596584799,12.282872302));
#5282=CARTESIAN_POINT('',(-9.897393197,-22.33826476,12.265689805));
#5283=CARTESIAN_POINT('',(-9.919498718,-22.07994472,12.248507309));
#5284=CARTESIAN_POINT('',(-9.914894956,-21.819236413,12.232723391));
#5285=CARTESIAN_POINT('',(-9.883288659,-21.562031649,12.217828836));
#5286=CARTESIAN_POINT('',(-9.851682362,-21.304826886,12.20293428));
#5287=CARTESIAN_POINT('',(-9.789393259,-21.052126415,12.186326052));
#5288=CARTESIAN_POINT('',(-9.705722364,-20.806970196,12.171558866));
#5289=CARTESIAN_POINT('',(-9.622051469,-20.561813977,12.156791679));
#5290=CARTESIAN_POINT('',(-9.508943703,-20.326965523,12.138908587));
#5291=CARTESIAN_POINT('',(-9.377233866,-20.103591583,12.122837277));
#5292=CARTESIAN_POINT('',(-9.245524029,-19.880217644,12.106765966));
#5293=CARTESIAN_POINT('',(-9.09244528,-19.669164444,12.090875977));
#5294=CARTESIAN_POINT('',(-8.919501527,-19.476282319,12.074157065));
#5295=CARTESIAN_POINT('',(-8.57361402,-19.09051807,12.040719241));
#5296=CARTESIAN_POINT('',(-8.153736871,-18.771923301,12.009590155));
#5297=CARTESIAN_POINT('',(-7.681477469,-18.56208608,11.975482003));
#5298=CARTESIAN_POINT('',(-7.209218068,-18.352248859,11.94137385));
#5299=CARTESIAN_POINT('',(-6.690676191,-18.241721424,11.90741375));
#5300=CARTESIAN_POINT('',(-6.170715636,-18.23289992,11.875602893));
#5301=CARTESIAN_POINT('',(-5.910735359,-18.228489167,11.859697464));
#5302=CARTESIAN_POINT('',(-5.650395279,-18.249477801,11.844579992));
#5303=CARTESIAN_POINT('',(-5.395700524,-18.296809193,11.829205823));
#5304=CARTESIAN_POINT('',(-5.141005768,-18.344140586,11.813831655));
#5305=CARTESIAN_POINT('',(-4.893099067,-18.419950783,11.796697527));
#5306=CARTESIAN_POINT('',(-4.654801353,-18.516529029,11.781282236));
#5307=CARTESIAN_POINT('',(-4.178205926,-18.709685521,11.750451654));
#5308=CARTESIAN_POINT('',(-3.743197322,-19.002589365,11.717777803));
#5309=CARTESIAN_POINT('',(-3.385031823,-19.378484039,11.682867992));
#5310=CARTESIAN_POINT('',(-3.026866324,-19.754378712,11.64795818));
#5311=CARTESIAN_POINT('',(-2.741474112,-20.205397772,11.614049351));
#5312=CARTESIAN_POINT('',(-2.554552463,-20.691488999,11.583345641));
#5313=CARTESIAN_POINT('',(-2.180709166,-21.663671454,11.52193822));
#5314=CARTESIAN_POINT('',(-2.240899351,-22.768972356,11.455125291));
#5315=CARTESIAN_POINT('',(-2.704181805,-23.700148619,11.387600035));
#5316=CARTESIAN_POINT('',(-2.935823032,-24.165736751,11.353837408));
#5317=CARTESIAN_POINT('',(-3.259285519,-24.588036964,11.322653023));
#5318=CARTESIAN_POINT('',(-3.652370185,-24.925790649,11.292209616));
#5319=CARTESIAN_POINT('',(-4.045454851,-25.263544334,11.261766209));
#5320=CARTESIAN_POINT('',(-4.508784507,-25.513459747,11.2290571));
#5321=CARTESIAN_POINT('',(-5.004995488,-25.662932182,11.195402161));
#5322=CARTESIAN_POINT('',(-5.501206469,-25.812404618,11.161747222));
#5323=CARTESIAN_POINT('',(-6.03022,-25.860566815,11.129748565));
#5324=CARTESIAN_POINT('',(-6.545203652,-25.800444657,11.097011541));
#5325=CARTESIAN_POINT('',(-7.060187304,-25.740322499,11.064274518));
#5326=CARTESIAN_POINT('',(-7.561815348,-25.575528412,11.031266474));
#5327=CARTESIAN_POINT('',(-8.009922713,-25.318236754,10.99992437));
#5328=B_SPLINE_CURVE_WITH_KNOTS('',3,(#5234,#5235,#5236,#5237,#5238,#5239,#5240,#5241,#5242,#5243,#5244,#5245,#5246,#5247,#5248,#5249,#5250,#5251,#5252,#5253,#5254,#5255,#5256,#5257,#5258,#5259,
#5260,#5261,#5262,#5263,#5264,#5265,#5266,#5267,#5268,#5269,#5270,#5271,#5272,#5273,#5274,#5275,#5276,#5277,#5278,#5279,#5280,#5281,#5282,#5283,#5284,
#5285,#5286,#5287,#5288,#5289,#5290,#5291,#5292,#5293,#5294,#5295,#5296,#5297,#5298,#5299,#5300,#5301,#5302,#5303,#5304,#5305,#5306,#5307,#5308,#5309,
#5310,#5311,#5312,#5313,#5314,#5315,#5316,#5317,#5318,#5319,#5320,#5321,#5322,#5323,#5324,#5325,#5326,#5327),.UNSPECIFIED.,.F.,.F.,(4,3,3,3,3,3,3,3,3,3,3,3,3,3,3,3,3,3,3,3,3,3,3,3,3,3,
3,3,3,3,3,4),(4.802176942,4.958451445,5.114725947,5.271000449,5.427274952,5.583549454,5.739823956,5.896098459,6.052372961,6.364921966,6.677470971,6.990019975,7.30256898,7.458843483,7.615117985,7.693255236,7.771392487,7.849529739,7.92766699,8.005804241,8.083941492,8.240215995,8.396490497,8.474627748,8.552764999,8.709039502,
8.865314004,9.177863009,9.334137511,9.490412014,9.646686516,9.802961018),.UNSPECIFIED.);
#5329=EDGE_CURVE('',#3617,#1846,#5328,.T.);
#5330=ORIENTED_EDGE('',*,*,#5329,.F.);
#5331=ORIENTED_EDGE('',*,*,#3749,.F.);
#5332=EDGE_LOOP('',(#5232,#5233,#5330,#5331));
#5333=FACE_BOUND('',#5332,.T.);
#5334=ADVANCED_FACE('',(#5333),#5129,.F.);
#5335=CARTESIAN_POINT('',(-4.857986889,-19.858545655,11.000000164));
#5336=CARTESIAN_POINT('',(-4.904930151,-19.831358094,11.005176793));
#5337=CARTESIAN_POINT('',(-5.385855503,-19.573591133,11.0572249));
#5338=CARTESIAN_POINT('',(-6.45430531,-19.396914354,11.156144483));
#5339=CARTESIAN_POINT('',(-7.857339166,-20.031116777,11.296758915));
#5340=CARTESIAN_POINT('',(-8.670395073,-21.339275437,11.437373347));
#5341=CARTESIAN_POINT('',(-8.622128667,-22.875978848,11.577987779));
#5342=CARTESIAN_POINT('',(-7.723622406,-24.132167313,11.718602211));
#5343=CARTESIAN_POINT('',(-6.287744813,-24.667497029,11.859216643));
#5344=CARTESIAN_POINT('',(-4.387971268,-24.245956225,12.036286668));
#5345=CARTESIAN_POINT('',(-3.097392648,-22.032478637,12.249812287));
#5346=CARTESIAN_POINT('',(-4.607714368,-19.416236428,12.499793499));
#5347=CARTESIAN_POINT('',(-7.354036849,-19.424891509,12.728942944));
#5348=CARTESIAN_POINT('',(-8.787695839,-21.309482168,12.937260621));
#5349=CARTESIAN_POINT('',(-8.515356927,-23.408995805,13.12474653));
#5350=CARTESIAN_POINT('',(-6.830012371,-24.707300107,13.312232439));
#5351=CARTESIAN_POINT('',(-4.725041963,-24.430623282,13.499718348));
#5352=CARTESIAN_POINT('',(-3.429576272,-22.748251999,13.687204257));
#5353=CARTESIAN_POINT('',(-3.704416528,-20.641709654,13.874690167));
#5354=CARTESIAN_POINT('',(-5.38743486,-19.3469153,14.062176076));
#5355=CARTESIAN_POINT('',(-7.493647812,-19.620928361,14.249661985));
#5356=CARTESIAN_POINT('',(-8.788724169,-21.304336704,14.437147894));
#5357=CARTESIAN_POINT('',(-8.515119529,-23.409832348,14.624633803));
#5358=CARTESIAN_POINT('',(-7.207869271,-24.416492361,14.770196971));
#5359=CARTESIAN_POINT('',(-6.338012497,-24.527913195,14.853264836));
#5360=CARTESIAN_POINT('',(-6.122267556,-24.528119579,14.873837398));
#5361=CARTESIAN_POINT('',(-4.648247113,-19.479912341,10.750531719));
#5362=CARTESIAN_POINT('',(-4.703389912,-19.448167641,10.755708348));
#5363=CARTESIAN_POINT('',(-5.26825457,-19.147303785,10.807756454));
#5364=CARTESIAN_POINT('',(-6.52197767,-18.943346923,10.906676038));
#5365=CARTESIAN_POINT('',(-8.165654327,-19.69149189,11.04729047));
#5366=CARTESIAN_POINT('',(-9.115286149,-21.228314984,11.187904902));
#5367=CARTESIAN_POINT('',(-9.053975743,-23.030563953,11.328519334));
#5368=CARTESIAN_POINT('',(-7.996278281,-24.501197981,11.469133766));
#5369=CARTESIAN_POINT('',(-6.310503163,-25.124694263,11.609748198));
#5370=CARTESIAN_POINT('',(-4.083550845,-24.624462102,11.786818223));
#5371=CARTESIAN_POINT('',(-2.576602498,-22.024330259,12.000343842));
#5372=CARTESIAN_POINT('',(-4.356055095,-18.960363973,12.250325054));
#5373=CARTESIAN_POINT('',(-7.577185869,-18.978911674,12.479474498));
#5374=CARTESIAN_POINT('',(-9.252958362,-21.193729844,12.687792175));
#5375=CARTESIAN_POINT('',(-8.927114644,-23.655411798,12.875278085));
#5376=CARTESIAN_POINT('',(-6.946405453,-25.173037833,13.062763994));
#5377=CARTESIAN_POINT('',(-4.47833641,-24.842087345,13.250249903));
#5378=CARTESIAN_POINT('',(-2.964030757,-22.864876085,13.437735812));
#5379=CARTESIAN_POINT('',(-3.292831907,-20.394956626,13.625221721));
#5380=CARTESIAN_POINT('',(-5.270800056,-18.881440987,13.81270763));
#5381=CARTESIAN_POINT('',(-7.74033569,-19.209270476,14.00019354));
#5382=CARTESIAN_POINT('',(-9.254180901,-21.187697375,14.187679449));
#5383=CARTESIAN_POINT('',(-8.926832641,-23.656392275,14.375165358));
#5384=CARTESIAN_POINT('',(-7.390482836,-24.833105614,14.520728526));
#5385=CARTESIAN_POINT('',(-6.369888856,-24.961130576,14.603796391));
#5386=CARTESIAN_POINT('',(-6.116841417,-24.960712814,14.624368953));
#5387=CARTESIAN_POINT('',(-4.4369522,-19.102289504,10.500866345));
#5388=CARTESIAN_POINT('',(-4.50027259,-19.06595399,10.506042974));
#5389=CARTESIAN_POINT('',(-5.148867078,-18.721647443,10.55809108));
#5390=CARTESIAN_POINT('',(-6.587691057,-18.489626861,10.657010664));
#5391=CARTESIAN_POINT('',(-8.472425051,-19.350651543,10.797625096));
#5392=CARTESIAN_POINT('',(-9.559568977,-21.115486402,10.938239528));
#5393=CARTESIAN_POINT('',(-9.486353467,-23.183256849,11.07885396));
#5394=CARTESIAN_POINT('',(-8.270429305,-24.868951959,11.219468392));
#5395=CARTESIAN_POINT('',(-6.335208734,-25.581656921,11.360082824));
#5396=CARTESIAN_POINT('',(-3.780840225,-25.004153837,11.537152849));
#5397=CARTESIAN_POINT('',(-2.055933735,-22.018411196,11.750678468));
#5398=CARTESIAN_POINT('',(-4.102523552,-18.505703657,12.00065968));
#5399=CARTESIAN_POINT('',(-7.798361215,-18.532113357,12.229809125));
#5400=CARTESIAN_POINT('',(-9.717586973,-21.076022912,12.438126801));
#5401=CARTESIAN_POINT('',(-9.339800133,-23.899994192,12.625612711));
#5402=CARTESIAN_POINT('',(-7.064754885,-25.638137554,12.81309862));
#5403=CARTESIAN_POINT('',(-4.233463361,-25.254482067,13.000584529));
#5404=CARTESIAN_POINT('',(-2.49912414,-22.983454739,13.188070438));
#5405=CARTESIAN_POINT('',(-2.88031648,-20.150037128,13.375556347));
#5406=CARTESIAN_POINT('',(-5.152210981,-18.416605289,13.563042257));
#5407=CARTESIAN_POINT('',(-7.98518975,-18.796682341,13.750528166));
#5408=CARTESIAN_POINT('',(-9.718999002,-21.069103535,13.938014075));
#5409=CARTESIAN_POINT('',(-9.339475442,-23.901118712,14.125499984));
#5410=CARTESIAN_POINT('',(-7.574822208,-25.24881227,14.271063152));
#5411=CARTESIAN_POINT('',(-6.403607186,-25.394081328,14.354131017));
#5412=CARTESIAN_POINT('',(-6.113265759,-25.393199222,14.374703579));
#5413=CARTESIAN_POINT('',(-4.225304777,-18.724877497,10.251183792));
#5414=CARTESIAN_POINT('',(-4.296798178,-18.683943535,10.256360421));
#5415=CARTESIAN_POINT('',(-5.029078986,-18.296116038,10.308408527));
#5416=CARTESIAN_POINT('',(-6.652972137,-18.035856883,10.407328111));
#5417=CARTESIAN_POINT('',(-8.778863971,-19.009529469,10.547942543));
#5418=CARTESIAN_POINT('',(-10.003732575,-21.002239348,10.688556975));
#5419=CARTESIAN_POINT('',(-9.918864223,-23.335535339,10.829171407));
#5420=CARTESIAN_POINT('',(-8.544921755,-25.236435674,10.969785839));
#5421=CARTESIAN_POINT('',(-6.360347196,-26.038583745,11.110400271));
#5422=CARTESIAN_POINT('',(-3.478498291,-25.384121977,11.287470296));
#5423=CARTESIAN_POINT('',(-1.535273405,-22.012986633,11.500995915));
#5424=CARTESIAN_POINT('',(-3.84856769,-18.051296108,11.750977127));
#5425=CARTESIAN_POINT('',(-8.019106452,-18.085117737,11.980126572));
#5426=CARTESIAN_POINT('',(-10.18209149,-20.957878064,12.188444248));
#5427=CARTESIAN_POINT('',(-9.752705909,-24.144178467,12.375930158));
#5428=CARTESIAN_POINT('',(-7.183542643,-26.103112157,12.563416067));
#5429=CARTESIAN_POINT('',(-3.988988173,-25.667097875,12.750901976));
#5430=CARTESIAN_POINT('',(-2.034342849,-23.102471234,12.938387885));
#5431=CARTESIAN_POINT('',(-2.467579928,-19.905515771,13.125873794));
#5432=CARTESIAN_POINT('',(-5.033184132,-17.951894822,13.313359704));
#5433=CARTESIAN_POINT('',(-8.229645602,-18.38387323,13.500845613));
#5434=CARTESIAN_POINT('',(-10.183691868,-20.950071832,13.688331522));
#5435=CARTESIAN_POINT('',(-9.752339094,-24.145447065,13.875817431));
#5436=CARTESIAN_POINT('',(-7.759551024,-25.664332426,14.021380599));
#5437=CARTESIAN_POINT('',(-6.437735376,-25.826988252,14.104448464));
#5438=CARTESIAN_POINT('',(-6.110100522,-25.82567726,14.125021026));
#5439=B_SPLINE_SURFACE_WITH_KNOTS('',3,3,((#5335,#5336,#5337,#5338,#5339,#5340,#5341,#5342,#5343,#5344,#5345,#5346,#5347,#5348,#5349,#5350,#5351,#5352,#5353,#5354,#5355,#5356,#5357,#5358,#5359,#5360),(#5361,#5362,#5363,#5364,#5365,#5366,#5367,#5368,#5369,#5370,#5371,#5372,#5373,#5374,#5375,#5376,#5377,#5378,#5379,#5380,#5381,#5382,#5383,#5384,#5385,#5386),(#5387,#5388,#5389,#5390,#5391,#5392,#5393,#5394,#5395,#5396,#5397,#5398,#5399,#5400,#5401,#5402,#5403,#5404,#5405,#5406,#5407,#5408,#5409,#5410,#5411,#5412),(#5413,#5414,#5415,#5416,#5417,#5418,#5419,#5420,#5421,#5422,#5423,#5424,#5425,#5426,#5427,#5428,#5429,#5430,#5431,#5432,#5433,#5434,#5435,#5436,#5437,#5438)),.UNSPECIFIED.,.F.,.F.,.U.,(4,4),(4,1,1,1,1,1,1,1,1,1,1,1,1,1,1,1,1,1,1,1,1,1,1,4),(0.170679769,0.320537433),(7.339034499,7.40408594,7.993090295,8.58209465,9.171099005,9.76010336,10.349107715,10.93811207,11.527116425,12.574235278,13.621354131,14.668472984,15.453812124,16.239151264,17.024490404,17.809829544,18.595168684,19.380507824,20.165846964,20.951186104,21.736525244,22.521864384,23.307203524,23.56572596),.UNSPECIFIED.);
#5440=ORIENTED_EDGE('',*,*,#5329,.T.);
#5441=ORIENTED_EDGE('',*,*,#1891,.T.);
#5442=CARTESIAN_POINT('',(-6.299999568,-19.285033762,11.000000164));
#5443=CARTESIAN_POINT('',(-6.278171791,-19.286811797,11.000000164));
#5444=CARTESIAN_POINT('',(-6.256379,-19.288947844,11.000000164));
#5445=CARTESIAN_POINT('',(-6.109904371,-19.303304732,11.000000164));
#5446=CARTESIAN_POINT('',(-5.966803899,-19.333265441,11.000000164));
#5447=B_SPLINE_CURVE_WITH_KNOTS('',2,(#5442,#5443,#5444,#5445,#5446),.UNSPECIFIED.,.F.,.F.,(3,2,3),(0.12648712,0.130936636,0.160699516),.UNSPECIFIED.);
#5448=EDGE_CURVE('',#1848,#265,#5447,.T.);
#5449=ORIENTED_EDGE('',*,*,#5448,.T.);
#5450=ORIENTED_EDGE('',*,*,#1971,.T.);
#5451=ORIENTED_EDGE('',*,*,#5231,.F.);
#5452=ORIENTED_EDGE('',*,*,#3682,.F.);
#5453=EDGE_LOOP('',(#5440,#5441,#5449,#5450,#5451,#5452));
#5454=FACE_BOUND('',#5453,.T.);
#5455=ADVANCED_FACE('',(#5454),#5439,.F.);
#5456=CARTESIAN_POINT('',(-6.3,-19.333266737,11.000000164));
#5457=CARTESIAN_POINT('',(-6.3,-19.285033762,11.000000164));
#5458=CARTESIAN_POINT('',(-5.966803899,-19.333266737,11.000000164));
#5459=CARTESIAN_POINT('',(-5.966803899,-19.285033762,11.000000164));
#5460=B_SPLINE_SURFACE_WITH_KNOTS('',1,1,((#5456,#5457),(#5458,#5459)),.UNSPECIFIED.,.F.,.F.,.U.,(2,2),(2,2),(0.006059407,0.006392603),(-0.003556932,-0.003508699),.UNSPECIFIED.);
#5461=ORIENTED_EDGE('',*,*,#269,.T.);
#5462=ORIENTED_EDGE('',*,*,#5448,.F.);
#5463=ORIENTED_EDGE('',*,*,#2334,.F.);
#5464=EDGE_LOOP('',(#5461,#5462,#5463));
#5465=FACE_BOUND('',#5464,.T.);
#5466=ADVANCED_FACE('',(#5465),#5460,.T.);
#5467=CARTESIAN_POINT('',(-8.009981179,-37.818336292,10.999990981));
#5468=CARTESIAN_POINT('',(-7.93865105,-37.859651415,11.005170671));
#5469=CARTESIAN_POINT('',(-7.208266301,-38.25114265,11.057221838));
#5470=CARTESIAN_POINT('',(-5.585632091,-38.519460506,11.156144483));
#5471=CARTESIAN_POINT('',(-3.454941624,-37.556334105,11.296758915));
#5472=CARTESIAN_POINT('',(-2.220203964,-35.569731314,11.437373347));
#5473=CARTESIAN_POINT('',(-2.293509584,-33.236027205,11.577987778));
#5474=CARTESIAN_POINT('',(-3.658001124,-31.328363014,11.71860221));
#5475=CARTESIAN_POINT('',(-5.838582949,-30.515360866,11.859216642));
#5476=CARTESIAN_POINT('',(-8.723633116,-31.155561025,12.036286668));
#5477=CARTESIAN_POINT('',(-10.683532483,-34.517000906,12.249812286));
#5478=CARTESIAN_POINT('',(-8.389951379,-38.49010018,12.499793499));
#5479=CARTESIAN_POINT('',(-4.219255976,-38.476995188,12.728942943));
#5480=CARTESIAN_POINT('',(-2.042080716,-35.614962106,12.93726062));
#5481=CARTESIAN_POINT('',(-2.45564095,-32.426583097,13.124746529));
#5482=CARTESIAN_POINT('',(-5.015077514,-30.454932166,13.312232438));
#5483=CARTESIAN_POINT('',(-8.211746583,-30.875102563,13.499718348));
#5484=CARTESIAN_POINT('',(-10.179087004,-33.430007765,13.687204257));
#5485=CARTESIAN_POINT('',(-9.761703748,-36.629071069,13.874690166));
#5486=CARTESIAN_POINT('',(-7.205818041,-38.595388938,14.062176075));
#5487=CARTESIAN_POINT('',(-4.007252791,-38.17926343,14.249661984));
#5488=CARTESIAN_POINT('',(-2.040509375,-35.622783957,14.437147894));
#5489=CARTESIAN_POINT('',(-2.456010289,-32.425310823,14.624633803));
#5490=CARTESIAN_POINT('',(-4.441137533,-30.896647159,14.770188714));
#5491=CARTESIAN_POINT('',(-5.761975755,-30.727390132,14.853248323));
#5492=CARTESIAN_POINT('',(-6.089480111,-30.72704423,14.873812629));
#5493=CARTESIAN_POINT('',(-7.790828816,-37.445232208,10.750308428));
#5494=CARTESIAN_POINT('',(-7.727582882,-37.481783545,10.755488118));
#5495=CARTESIAN_POINT('',(-7.080003182,-37.82808788,10.807539285));
#5496=CARTESIAN_POINT('',(-5.641843527,-38.06447772,10.90646193));
#5497=CARTESIAN_POINT('',(-3.754510883,-37.209164181,11.047076362));
#5498=CARTESIAN_POINT('',(-2.662019099,-35.447641139,11.187690794));
#5499=CARTESIAN_POINT('',(-2.728973066,-33.37964393,11.328305226));
#5500=CARTESIAN_POINT('',(-3.939774076,-31.690293473,11.468919657));
#5501=CARTESIAN_POINT('',(-5.872835614,-30.971696564,11.609534089));
#5502=CARTESIAN_POINT('',(-8.428934923,-31.541487404,11.786604115));
#5503=CARTESIAN_POINT('',(-10.162870457,-34.521968584,12.000129733));
#5504=CARTESIAN_POINT('',(-8.126973314,-38.040854384,12.250110946));
#5505=CARTESIAN_POINT('',(-4.431037855,-38.025678996,12.47926039));
#5506=CARTESIAN_POINT('',(-2.504132293,-35.487571627,12.687578067));
#5507=CARTESIAN_POINT('',(-2.873341096,-32.662476797,12.875063976));
#5508=CARTESIAN_POINT('',(-5.143120466,-30.917443554,13.062549886));
#5509=CARTESIAN_POINT('',(-7.975556232,-31.292515592,13.250035795));
#5510=CARTESIAN_POINT('',(-9.716773319,-33.558277111,13.437521704));
#5511=CARTESIAN_POINT('',(-9.344169224,-36.392836173,13.625007613));
#5512=CARTESIAN_POINT('',(-7.077539621,-38.133146723,13.812493522));
#5513=CARTESIAN_POINT('',(-4.243420891,-37.761657313,13.999979431));
#5514=CARTESIAN_POINT('',(-2.502733692,-35.494501491,14.187465341));
#5515=CARTESIAN_POINT('',(-2.87366875,-32.661349557,14.37495125));
#5516=CARTESIAN_POINT('',(-4.634134946,-31.308388539,14.520506162));
#5517=CARTESIAN_POINT('',(-5.804767512,-31.159525402,14.60356577));
#5518=CARTESIAN_POINT('',(-6.094992553,-31.159498424,14.624130076));
#5519=CARTESIAN_POINT('',(-7.571316621,-37.072326182,10.500643055));
#5520=CARTESIAN_POINT('',(-7.516150577,-37.104105936,10.505822745));
#5521=CARTESIAN_POINT('',(-6.951335247,-37.405143597,10.557873912));
#5522=CARTESIAN_POINT('',(-5.697624734,-37.60942954,10.656796556));
#5523=CARTESIAN_POINT('',(-4.053758665,-36.861700813,10.797410988));
#5524=CARTESIAN_POINT('',(-3.103730097,-35.32512849,10.93802542));
#5525=CARTESIAN_POINT('',(-3.164584356,-33.522851298,11.078639852));
#5526=CARTESIAN_POINT('',(-4.221897927,-32.051966095,11.219254284));
#5527=CARTESIAN_POINT('',(-5.907522159,-31.428011985,11.359868716));
#5528=CARTESIAN_POINT('',(-8.134595296,-31.927703233,11.536938741));
#5529=CARTESIAN_POINT('',(-9.642199081,-34.52743072,11.75046436));
#5530=CARTESIAN_POINT('',(-7.863562173,-37.591845975,12.000445572));
#5531=CARTESIAN_POINT('',(-4.642396954,-37.574150196,12.229595017));
#5532=CARTESIAN_POINT('',(-2.966075605,-35.359739094,12.437912693));
#5533=CARTESIAN_POINT('',(-3.291275639,-32.897980501,12.625398603));
#5534=CARTESIAN_POINT('',(-5.271605956,-31.379845658,12.812884512));
#5535=CARTESIAN_POINT('',(-7.739755539,-31.710163821,13.000370421));
#5536=CARTESIAN_POINT('',(-9.254569174,-33.686988512,13.18785633));
#5537=CARTESIAN_POINT('',(-8.926399435,-36.156991217,13.375342239));
#5538=CARTESIAN_POINT('',(-6.948819227,-37.671013952,13.562828149));
#5539=CARTESIAN_POINT('',(-4.479198971,-37.343816078,13.750314058));
#5540=CARTESIAN_POINT('',(-2.964848575,-35.365776961,13.937799967));
#5541=CARTESIAN_POINT('',(-3.291562182,-32.896998392,14.125285876));
#5542=CARTESIAN_POINT('',(-4.827528249,-31.719957504,14.270840788));
#5543=CARTESIAN_POINT('',(-5.847970423,-31.591631549,14.353900396));
#5544=CARTESIAN_POINT('',(-6.100915436,-31.591958934,14.374464702));
#5545=CARTESIAN_POINT('',(-7.350147572,-36.700253378,10.25117461));
#5546=CARTESIAN_POINT('',(-7.303043298,-36.727225643,10.256354299));
#5547=CARTESIAN_POINT('',(-6.820822183,-36.982629867,10.308405467));
#5548=CARTESIAN_POINT('',(-5.751475692,-37.154014043,10.407328111));
#5549=CARTESIAN_POINT('',(-4.351605194,-36.5128594,10.547942543));
#5550=CARTESIAN_POINT('',(-3.545042167,-35.200692138,10.688556975));
#5551=CARTESIAN_POINT('',(-3.600931329,-33.664236388,10.829171407));
#5552=CARTESIAN_POINT('',(-4.50564835,-32.412534358,10.969785839));
#5553=CARTESIAN_POINT('',(-5.944169867,-31.884308588,11.11040027));
#5554=CARTESIAN_POINT('',(-7.841824634,-32.315285885,11.287470296));
#5555=CARTESIAN_POINT('',(-9.121402899,-34.535121925,11.500995915));
#5556=CARTESIAN_POINT('',(-7.598156818,-37.143836277,11.750977127));
#5557=CARTESIAN_POINT('',(-4.851884396,-37.121590653,11.980126571));
#5558=CARTESIAN_POINT('',(-3.427604088,-35.229894137,12.188444248));
#5559=CARTESIAN_POINT('',(-3.710334053,-33.131763784,12.375930157));
#5560=CARTESIAN_POINT('',(-5.402106142,-31.841829024,12.563416067));
#5561=CARTESIAN_POINT('',(-7.505673743,-32.128938707,12.750901976));
#5562=CARTESIAN_POINT('',(-8.792784917,-33.817712916,12.938387885));
#5563=CARTESIAN_POINT('',(-8.507502691,-35.922866171,13.125873794));
#5564=CARTESIAN_POINT('',(-6.818086179,-37.209300815,13.313359703));
#5565=CARTESIAN_POINT('',(-4.713256775,-36.924848415,13.500845613));
#5566=CARTESIAN_POINT('',(-3.426543856,-35.23503953,13.688331522));
#5567=CARTESIAN_POINT('',(-3.710581408,-33.130927224,13.875817431));
#5568=CARTESIAN_POINT('',(-5.022736647,-32.130815288,14.021372343));
#5569=CARTESIAN_POINT('',(-5.893033419,-32.023675297,14.104431951));
#5570=CARTESIAN_POINT('',(-6.108689278,-32.024516747,14.124996257));
#5571=B_SPLINE_SURFACE_WITH_KNOTS('',3,3,((#5467,#5468,#5469,#5470,#5471,#5472,#5473,#5474,#5475,#5476,#5477,#5478,#5479,#5480,#5481,#5482,#5483,#5484,#5485,#5486,#5487,#5488,#5489,#5490,#5491,#5492),(#5493,#5494,#5495,#5496,#5497,#5498,#5499,#5500,#5501,#5502,#5503,#5504,#5505,#5506,#5507,#5508,#5509,#5510,#5511,#5512,#5513,#5514,#5515,#5516,#5517,#5518),(#5519,#5520,#5521,#5522,#5523,#5524,#5525,#5526,#5527,#5528,#5529,#5530,#5531,#5532,#5533,#5534,#5535,#5536,#5537,#5538,#5539,#5540,#5541,#5542,#5543,#5544),(#5545,#5546,#5547,#5548,#5549,#5550,#5551,#5552,#5553,#5554,#5555,#5556,#5557,#5558,#5559,#5560,#5561,#5562,#5563,#5564,#5565,#5566,#5567,#5568,#5569,#5570)),.UNSPECIFIED.,.F.,.F.,.U.,(4,4),(4,1,1,1,1,1,1,1,1,1,1,1,1,1,1,1,1,1,1,1,1,1,1,4),(-0.043409303,0.10644836),(10.468243376,10.533333278,11.122337633,11.711341988,12.300346343,12.889350698,13.478355053,14.067359408,14.656363763,15.703482616,16.750601469,17.797720323,18.583059463,19.368398603,20.153737742,20.939076882,21.724416022,22.509755162,23.295094302,24.080433442,24.865772582,25.651111722,26.436450862,26.694869547),.UNSPECIFIED.);
#5572=CARTESIAN_POINT('',(-6.108688117,-32.02445213,14.125033523));
#5573=CARTESIAN_POINT('',(-5.767164313,-32.023282266,14.092373635));
#5574=CARTESIAN_POINT('',(-5.426494777,-32.092425505,14.059854762));
#5575=CARTESIAN_POINT('',(-5.114165487,-32.229452753,14.027304559));
#5576=CARTESIAN_POINT('',(-4.801836198,-32.36648,13.994754357));
#5577=CARTESIAN_POINT('',(-4.516917923,-32.568028764,13.962218116));
#5578=CARTESIAN_POINT('',(-4.28259279,-32.816314297,13.929676532));
#5579=CARTESIAN_POINT('',(-4.048267657,-33.06459983,13.897134948));
#5580=CARTESIAN_POINT('',(-3.866702039,-33.3608841,13.864587559));
#5581=CARTESIAN_POINT('',(-3.753101507,-33.682674038,13.83203158));
#5582=CARTESIAN_POINT('',(-3.639500976,-34.004463975,13.799475602));
#5583=CARTESIAN_POINT('',(-3.591236786,-34.350248846,13.766903654));
#5584=CARTESIAN_POINT('',(-3.612177924,-34.690906482,13.734359669));
#5585=CARTESIAN_POINT('',(-3.633119062,-35.031564119,13.701815685));
#5586=CARTESIAN_POINT('',(-3.726029658,-35.366311614,13.669339459));
#5587=CARTESIAN_POINT('',(-3.883247606,-35.66922267,13.636750336));
#5588=CARTESIAN_POINT('',(-4.040465554,-35.972133727,13.604161213));
#5589=CARTESIAN_POINT('',(-4.259251628,-36.244073585,13.57161323));
#5590=CARTESIAN_POINT('',(-4.522058873,-36.461654368,13.539055773));
#5591=CARTESIAN_POINT('',(-4.784866118,-36.679235151,13.506498316));
#5592=CARTESIAN_POINT('',(-5.093266899,-36.839486789,13.473907922));
#5593=CARTESIAN_POINT('',(-5.421877384,-36.932166146,13.441435216));
#5594=CARTESIAN_POINT('',(-5.750487869,-37.024845502,13.408962509));
#5595=CARTESIAN_POINT('',(-6.098387011,-37.051587941,13.376466093));
#5596=CARTESIAN_POINT('',(-6.436647081,-37.00844057,13.34390839));
#5597=CARTESIAN_POINT('',(-6.77490715,-36.965293199,13.311350687));
#5598=CARTESIAN_POINT('',(-7.102679805,-36.848943679,13.278667964));
#5599=CARTESIAN_POINT('',(-7.395383443,-36.672294521,13.246072092));
#5600=CARTESIAN_POINT('',(-7.688087081,-36.495645363,13.21347622));
#5601=CARTESIAN_POINT('',(-7.945965777,-36.259947585,13.180875289));
#5602=CARTESIAN_POINT('',(-8.145400245,-35.983495013,13.148340296));
#5603=CARTESIAN_POINT('',(-8.54426918,-35.430589868,13.08327031));
#5604=CARTESIAN_POINT('',(-8.696512087,-34.707948098,13.018397467));
#5605=CARTESIAN_POINT('',(-8.565444008,-34.038398429,12.953221763));
#5606=CARTESIAN_POINT('',(-8.434375929,-33.36884876,12.88804606));
#5607=CARTESIAN_POINT('',(-8.010004911,-32.757028326,12.824585581));
#5608=CARTESIAN_POINT('',(-7.432355536,-32.398093673,12.758931966));
#5609=CARTESIAN_POINT('',(-7.287943193,-32.308360009,12.742518562));
#5610=CARTESIAN_POINT('',(-7.133715077,-32.235051866,12.725643277));
#5611=CARTESIAN_POINT('',(-6.973494346,-32.177236176,12.709180072));
#5612=CARTESIAN_POINT('',(-6.813273615,-32.119420486,12.692716868));
#5613=CARTESIAN_POINT('',(-6.646987401,-32.076087416,12.677199181));
#5614=CARTESIAN_POINT('',(-6.477457332,-32.051996278,12.660238158));
#5615=CARTESIAN_POINT('',(-6.307927263,-32.02790514,12.643277134));
#5616=CARTESIAN_POINT('',(-6.135855782,-32.01868416,12.627440908));
#5617=CARTESIAN_POINT('',(-5.964693205,-32.027595636,12.611230181));
#5618=CARTESIAN_POINT('',(-5.793530629,-32.036507112,12.595019454));
#5619=CARTESIAN_POINT('',(-5.624302671,-32.065914101,12.57704114));
#5620=CARTESIAN_POINT('',(-5.459077566,-32.107782792,12.562263195));
#5621=CARTESIAN_POINT('',(-5.128627356,-32.191520174,12.532707304));
#5622=CARTESIAN_POINT('',(-4.820860701,-32.348567211,12.501423369));
#5623=CARTESIAN_POINT('',(-4.556160292,-32.56181033,12.467240952));
#5624=CARTESIAN_POINT('',(-4.291459883,-32.77505345,12.433058534));
#5625=CARTESIAN_POINT('',(-4.064196893,-33.041914587,12.399592425));
#5626=CARTESIAN_POINT('',(-3.901206735,-33.345313031,12.367296166));
#5627=CARTESIAN_POINT('',(-3.819711656,-33.497012254,12.351148037));
#5628=CARTESIAN_POINT('',(-3.757802148,-33.658377947,12.333135651));
#5629=CARTESIAN_POINT('',(-3.7082412,-33.822257238,12.318029427));
#5630=CARTESIAN_POINT('',(-3.658680251,-33.986136529,12.302923203));
#5631=CARTESIAN_POINT('',(-3.626391807,-34.154378597,12.287657462));
#5632=CARTESIAN_POINT('',(-3.611603406,-34.323495587,12.272028522));
#5633=CARTESIAN_POINT('',(-3.582026605,-34.661729568,12.240770642));
#5634=CARTESIAN_POINT('',(-3.624454986,-35.004767046,12.206696902));
#5635=CARTESIAN_POINT('',(-3.737460283,-35.327059804,12.172195081));
#5636=CARTESIAN_POINT('',(-3.793962931,-35.488206183,12.15494417));
#5637=CARTESIAN_POINT('',(-3.864299584,-35.645484828,12.139689013));
#5638=CARTESIAN_POINT('',(-3.951437706,-35.793385359,12.12326234));
#5639=CARTESIAN_POINT('',(-4.038575829,-35.94128589,12.106835666));
#5640=CARTESIAN_POINT('',(-4.140732428,-36.080363863,12.09028277));
#5641=CARTESIAN_POINT('',(-4.254838314,-36.208286217,12.07428554));
#5642=CARTESIAN_POINT('',(-4.483050086,-36.464130925,12.04229108));
#5643=CARTESIAN_POINT('',(-4.763831168,-36.66947656,12.008781027));
#5644=CARTESIAN_POINT('',(-5.074898715,-36.808849054,11.977249127));
#5645=CARTESIAN_POINT('',(-5.697033808,-37.087594041,11.914185326));
#5646=CARTESIAN_POINT('',(-6.43785366,-37.100435092,11.848689898));
#5647=CARTESIAN_POINT('',(-7.069393693,-36.842106965,11.781224138));
#5648=CARTESIAN_POINT('',(-7.700933726,-36.583778839,11.713758377));
#5649=CARTESIAN_POINT('',(-8.209161212,-36.045108102,11.655170976));
#5650=CARTESIAN_POINT('',(-8.451413996,-35.407156453,11.587720068));
#5651=CARTESIAN_POINT('',(-8.572540387,-35.088180628,11.553994614));
#5652=CARTESIAN_POINT('',(-8.631465463,-34.744710986,11.520102245));
#5653=CARTESIAN_POINT('',(-8.614554049,-34.403162191,11.488161951));
#5654=CARTESIAN_POINT('',(-8.606098342,-34.232387793,11.472191804));
#5655=CARTESIAN_POINT('',(-8.576815458,-34.063118294,11.455220482));
#5656=CARTESIAN_POINT('',(-8.532591268,-33.898372471,11.439363592));
#5657=CARTESIAN_POINT('',(-8.488367078,-33.733626648,11.423506702));
#5658=CARTESIAN_POINT('',(-8.428562786,-33.57300602,11.408424195));
#5659=CARTESIAN_POINT('',(-8.352681883,-33.420147546,11.39255655));
#5660=CARTESIAN_POINT('',(-8.200920078,-33.114430598,11.36082126));
#5661=CARTESIAN_POINT('',(-7.987494353,-32.839623079,11.327216256));
#5662=CARTESIAN_POINT('',(-7.728751184,-32.617622058,11.293494911));
#5663=CARTESIAN_POINT('',(-7.599379599,-32.506621548,11.276634239));
#5664=CARTESIAN_POINT('',(-7.459683013,-32.406681864,11.261157138));
#5665=CARTESIAN_POINT('',(-7.309204737,-32.325617146,11.244176601));
#5666=CARTESIAN_POINT('',(-7.158726461,-32.244552428,11.227196064));
#5667=CARTESIAN_POINT('',(-6.99999902,-32.17872376,11.211064673));
#5668=CARTESIAN_POINT('',(-6.836442417,-32.129319411,11.195224551));
#5669=CARTESIAN_POINT('',(-6.182216007,-31.931702016,11.131864065));
#5670=CARTESIAN_POINT('',(-5.449155949,-32.016166386,11.067269631));
#5671=CARTESIAN_POINT('',(-4.857963917,-32.358716181,11.0000529));
#5672=B_SPLINE_CURVE_WITH_KNOTS('',3,(#5572,#5573,#5574,#5575,#5576,#5577,#5578,#5579,#5580,#5581,#5582,#5583,#5584,#5585,#5586,#5587,#5588,#5589,#5590,#5591,#5592,#5593,#5594,#5595,#5596,#5597,
#5598,#5599,#5600,#5601,#5602,#5603,#5604,#5605,#5606,#5607,#5608,#5609,#5610,#5611,#5612,#5613,#5614,#5615,#5616,#5617,#5618,#5619,#5620,#5621,#5622,
#5623,#5624,#5625,#5626,#5627,#5628,#5629,#5630,#5631,#5632,#5633,#5634,#5635,#5636,#5637,#5638,#5639,#5640,#5641,#5642,#5643,#5644,#5645,#5646,#5647,
#5648,#5649,#5650,#5651,#5652,#5653,#5654,#5655,#5656,#5657,#5658,#5659,#5660,#5661,#5662,#5663,#5664,#5665,#5666,#5667,#5668,#5669,#5670,#5671),.UNSPECIFIED.,.F.,.F.,(4,3,3,3,3,3,3,3,3,3,3,3,3,3,3,3,3,3,3,3,3,3,3,3,3,3,
3,3,3,3,3,3,3,4),(12.283488069,12.386656764,12.489825458,12.592994153,12.696162847,12.799331541,12.902500236,13.00566893,13.108837625,13.212006319,13.315175014,13.521512403,13.727849792,13.779434139,13.831018486,13.882602833,13.93418718,14.037355875,14.140524569,14.192108917,14.243693264,14.346861958,14.398446305,14.450030653,14.553199347,14.759536736,
14.965874125,15.069042819,15.120627167,15.172211514,15.275380208,15.326964555,15.378548903,15.584886292),.UNSPECIFIED.);
#5673=EDGE_CURVE('',#3482,#1724,#5672,.T.);
#5674=ORIENTED_EDGE('',*,*,#5673,.T.);
#5675=ORIENTED_EDGE('',*,*,#1841,.T.);
#5676=CARTESIAN_POINT('',(-6.110096173,-38.325704693,14.124953505));
#5677=CARTESIAN_POINT('',(-6.628534468,-38.327653244,14.092562365));
#5678=CARTESIAN_POINT('',(-7.14548971,-38.222617601,14.059943354));
#5679=CARTESIAN_POINT('',(-7.619900248,-38.014715489,14.027389284));
#5680=CARTESIAN_POINT('',(-8.094310786,-37.806813377,13.994835213));
#5681=CARTESIAN_POINT('',(-8.527293673,-37.500686981,13.962267195));
#5682=CARTESIAN_POINT('',(-8.883293954,-37.123545487,13.929704555));
#5683=CARTESIAN_POINT('',(-9.239294236,-36.746403993,13.897141916));
#5684=CARTESIAN_POINT('',(-9.515146348,-36.296449812,13.864580627));
#5685=CARTESIAN_POINT('',(-9.687673176,-35.807829036,13.832036402));
#5686=CARTESIAN_POINT('',(-9.860200004,-35.319208261,13.799492178));
#5687=CARTESIAN_POINT('',(-9.933531335,-34.794288338,13.766974353));
#5688=CARTESIAN_POINT('',(-9.901801536,-34.277062504,13.734393438));
#5689=CARTESIAN_POINT('',(-9.870071737,-33.75983667,13.701812523));
#5690=CARTESIAN_POINT('',(-9.728979722,-33.251405187,13.669160923));
#5691=CARTESIAN_POINT('',(-9.49028801,-32.791197142,13.636669243));
#5692=CARTESIAN_POINT('',(-9.251596298,-32.330989098,13.604177563));
#5693=CARTESIAN_POINT('',(-8.919005909,-31.918206186,13.571621489));
#5694=CARTESIAN_POINT('',(-8.519997894,-31.587886265,13.539074765));
#5695=CARTESIAN_POINT('',(-8.120989879,-31.257566343,13.506528042));
#5696=CARTESIAN_POINT('',(-7.653052188,-31.013651191,13.47403192));
#5697=CARTESIAN_POINT('',(-7.153910247,-30.87294354,13.441361468));
#5698=CARTESIAN_POINT('',(-6.654768306,-30.73223589,13.408691015));
#5699=CARTESIAN_POINT('',(-6.126255614,-30.691652116,13.376059417));
#5700=CARTESIAN_POINT('',(-5.612529051,-30.757155895,13.343518027));
#5701=CARTESIAN_POINT('',(-4.585075924,-30.888163453,13.278435246));
#5702=CARTESIAN_POINT('',(-3.625221993,-31.473082159,13.213684258));
#5703=CARTESIAN_POINT('',(-3.018749105,-32.312095379,13.148538971));
#5704=CARTESIAN_POINT('',(-2.412276217,-33.1511086,13.083393685));
#5705=CARTESIAN_POINT('',(-2.18179062,-34.253107685,13.018064542));
#5706=CARTESIAN_POINT('',(-2.380935321,-35.268435282,12.953032376));
#5707=CARTESIAN_POINT('',(-2.580080022,-36.28376288,12.88800021));
#5708=CARTESIAN_POINT('',(-3.222414399,-37.208602126,12.820302926));
#5709=CARTESIAN_POINT('',(-4.100817826,-37.756283667,12.756099489));
#5710=CARTESIAN_POINT('',(-4.979221252,-38.303965209,12.691896052));
#5711=CARTESIAN_POINT('',(-6.09102311,-38.454954239,12.629353639));
#5712=CARTESIAN_POINT('',(-7.092626216,-38.197730898,12.56272294));
#5713=CARTESIAN_POINT('',(-7.593427769,-38.069119228,12.52940759));
#5714=CARTESIAN_POINT('',(-8.066016312,-37.826888298,12.49139905));
#5715=CARTESIAN_POINT('',(-8.472301695,-37.502645216,12.461434368));
#5716=CARTESIAN_POINT('',(-8.878587078,-37.178402134,12.431469686));
#5717=CARTESIAN_POINT('',(-9.211980072,-36.76824592,12.400303239));
#5718=CARTESIAN_POINT('',(-9.454301469,-36.313250667,12.367087605));
#5719=CARTESIAN_POINT('',(-9.575462167,-36.085753041,12.350479789));
#5720=CARTESIAN_POINT('',(-9.677590693,-35.847647863,12.335416825));
#5721=CARTESIAN_POINT('',(-9.752480932,-35.600113167,12.318418175));
#5722=CARTESIAN_POINT('',(-9.827371172,-35.35257847,12.301419526));
#5723=CARTESIAN_POINT('',(-9.875287676,-35.096584799,12.282872302));
#5724=CARTESIAN_POINT('',(-9.897393197,-34.83826476,12.265689805));
#5725=CARTESIAN_POINT('',(-9.919498718,-34.57994472,12.248507309));
#5726=CARTESIAN_POINT('',(-9.914894956,-34.319236413,12.232723391));
#5727=CARTESIAN_POINT('',(-9.883288659,-34.062031649,12.217828836));
#5728=CARTESIAN_POINT('',(-9.851682362,-33.804826886,12.20293428));
#5729=CARTESIAN_POINT('',(-9.789393259,-33.552126415,12.186326052));
#5730=CARTESIAN_POINT('',(-9.705722364,-33.306970196,12.171558866));
#5731=CARTESIAN_POINT('',(-9.622051469,-33.061813977,12.156791679));
#5732=CARTESIAN_POINT('',(-9.508943703,-32.826965523,12.138908587));
#5733=CARTESIAN_POINT('',(-9.377233866,-32.603591583,12.122837277));
#5734=CARTESIAN_POINT('',(-9.245524029,-32.380217644,12.106765966));
#5735=CARTESIAN_POINT('',(-9.09244528,-32.169164444,12.090875977));
#5736=CARTESIAN_POINT('',(-8.919501527,-31.976282319,12.074157065));
#5737=CARTESIAN_POINT('',(-8.57361402,-31.59051807,12.040719241));
#5738=CARTESIAN_POINT('',(-8.153736871,-31.271923301,12.009590155));
#5739=CARTESIAN_POINT('',(-7.681477469,-31.06208608,11.975482003));
#5740=CARTESIAN_POINT('',(-7.209218068,-30.852248859,11.94137385));
#5741=CARTESIAN_POINT('',(-6.690676191,-30.741721424,11.90741375));
#5742=CARTESIAN_POINT('',(-6.170715636,-30.73289992,11.875602893));
#5743=CARTESIAN_POINT('',(-5.910735359,-30.728489167,11.859697464));
#5744=CARTESIAN_POINT('',(-5.650395279,-30.749477801,11.844579992));
#5745=CARTESIAN_POINT('',(-5.395700524,-30.796809193,11.829205823));
#5746=CARTESIAN_POINT('',(-5.141005768,-30.844140586,11.813831655));
#5747=CARTESIAN_POINT('',(-4.893099067,-30.919950783,11.796697527));
#5748=CARTESIAN_POINT('',(-4.654801353,-31.016529029,11.781282236));
#5749=CARTESIAN_POINT('',(-4.178205926,-31.209685521,11.750451654));
#5750=CARTESIAN_POINT('',(-3.743197322,-31.502589365,11.717777803));
#5751=CARTESIAN_POINT('',(-3.385031823,-31.878484039,11.682867992));
#5752=CARTESIAN_POINT('',(-3.026866324,-32.254378712,11.64795818));
#5753=CARTESIAN_POINT('',(-2.741474112,-32.705397772,11.614049351));
#5754=CARTESIAN_POINT('',(-2.554552463,-33.191488999,11.583345641));
#5755=CARTESIAN_POINT('',(-2.180709166,-34.163671454,11.52193822));
#5756=CARTESIAN_POINT('',(-2.240899351,-35.268972356,11.455125291));
#5757=CARTESIAN_POINT('',(-2.704181805,-36.200148619,11.387600035));
#5758=CARTESIAN_POINT('',(-2.935823032,-36.665736751,11.353837408));
#5759=CARTESIAN_POINT('',(-3.259285519,-37.088036964,11.322653023));
#5760=CARTESIAN_POINT('',(-3.652370185,-37.425790649,11.292209616));
#5761=CARTESIAN_POINT('',(-4.045454851,-37.763544334,11.261766209));
#5762=CARTESIAN_POINT('',(-4.508784507,-38.013459747,11.2290571));
#5763=CARTESIAN_POINT('',(-5.004995488,-38.162932182,11.195402161));
#5764=CARTESIAN_POINT('',(-5.501206469,-38.312404618,11.161747222));
#5765=CARTESIAN_POINT('',(-6.03022,-38.360566815,11.129748565));
#5766=CARTESIAN_POINT('',(-6.545203652,-38.300444657,11.097011541));
#5767=CARTESIAN_POINT('',(-7.060187304,-38.240322499,11.064274518));
#5768=CARTESIAN_POINT('',(-7.561815348,-38.075528412,11.031266474));
#5769=CARTESIAN_POINT('',(-8.009922713,-37.818236754,10.99992437));
#5770=B_SPLINE_CURVE_WITH_KNOTS('',3,(#5676,#5677,#5678,#5679,#5680,#5681,#5682,#5683,#5684,#5685,#5686,#5687,#5688,#5689,#5690,#5691,#5692,#5693,#5694,#5695,#5696,#5697,#5698,#5699,#5700,#5701,
#5702,#5703,#5704,#5705,#5706,#5707,#5708,#5709,#5710,#5711,#5712,#5713,#5714,#5715,#5716,#5717,#5718,#5719,#5720,#5721,#5722,#5723,#5724,#5725,#5726,
#5727,#5728,#5729,#5730,#5731,#5732,#5733,#5734,#5735,#5736,#5737,#5738,#5739,#5740,#5741,#5742,#5743,#5744,#5745,#5746,#5747,#5748,#5749,#5750,#5751,
#5752,#5753,#5754,#5755,#5756,#5757,#5758,#5759,#5760,#5761,#5762,#5763,#5764,#5765,#5766,#5767,#5768,#5769),.UNSPECIFIED.,.F.,.F.,(4,3,3,3,3,3,3,3,3,3,3,3,3,3,3,3,3,3,3,3,3,3,3,3,3,3,
3,3,3,3,3,4),(4.802176942,4.958451445,5.114725947,5.271000449,5.427274952,5.583549454,5.739823956,5.896098459,6.052372961,6.364921966,6.677470971,6.990019975,7.30256898,7.458843483,7.615117985,7.693255236,7.771392487,7.849529739,7.92766699,8.005804241,8.083941492,8.240215995,8.396490497,8.474627748,8.552764999,8.709039502,
8.865314004,9.177863009,9.334137511,9.490412014,9.646686516,9.802961018),.UNSPECIFIED.);
#5771=EDGE_CURVE('',#3480,#1722,#5770,.T.);
#5772=ORIENTED_EDGE('',*,*,#5771,.F.);
#5773=ORIENTED_EDGE('',*,*,#3612,.F.);
#5774=EDGE_LOOP('',(#5674,#5675,#5772,#5773));
#5775=FACE_BOUND('',#5774,.T.);
#5776=ADVANCED_FACE('',(#5775),#5571,.F.);
#5777=CARTESIAN_POINT('',(-4.857986889,-32.358545655,11.000000164));
#5778=CARTESIAN_POINT('',(-4.904930151,-32.331358094,11.005176793));
#5779=CARTESIAN_POINT('',(-5.385855503,-32.073591133,11.0572249));
#5780=CARTESIAN_POINT('',(-6.45430531,-31.896914354,11.156144483));
#5781=CARTESIAN_POINT('',(-7.857339166,-32.531116777,11.296758915));
#5782=CARTESIAN_POINT('',(-8.670395073,-33.839275437,11.437373347));
#5783=CARTESIAN_POINT('',(-8.622128667,-35.375978848,11.577987779));
#5784=CARTESIAN_POINT('',(-7.723622406,-36.632167313,11.718602211));
#5785=CARTESIAN_POINT('',(-6.287744813,-37.167497029,11.859216643));
#5786=CARTESIAN_POINT('',(-4.387971268,-36.745956225,12.036286668));
#5787=CARTESIAN_POINT('',(-3.097392648,-34.532478637,12.249812287));
#5788=CARTESIAN_POINT('',(-4.607714368,-31.916236428,12.499793499));
#5789=CARTESIAN_POINT('',(-7.354036849,-31.924891509,12.728942944));
#5790=CARTESIAN_POINT('',(-8.787695839,-33.809482168,12.937260621));
#5791=CARTESIAN_POINT('',(-8.515356927,-35.908995805,13.12474653));
#5792=CARTESIAN_POINT('',(-6.830012371,-37.207300107,13.312232439));
#5793=CARTESIAN_POINT('',(-4.725041963,-36.930623282,13.499718348));
#5794=CARTESIAN_POINT('',(-3.429576272,-35.248251999,13.687204257));
#5795=CARTESIAN_POINT('',(-3.704416528,-33.141709654,13.874690167));
#5796=CARTESIAN_POINT('',(-5.38743486,-31.8469153,14.062176076));
#5797=CARTESIAN_POINT('',(-7.493647812,-32.120928361,14.249661985));
#5798=CARTESIAN_POINT('',(-8.788724169,-33.804336704,14.437147894));
#5799=CARTESIAN_POINT('',(-8.515119529,-35.909832348,14.624633803));
#5800=CARTESIAN_POINT('',(-7.207869271,-36.916492361,14.770196971));
#5801=CARTESIAN_POINT('',(-6.338012497,-37.027913195,14.853264836));
#5802=CARTESIAN_POINT('',(-6.122267556,-37.028119579,14.873837398));
#5803=CARTESIAN_POINT('',(-4.648247113,-31.979912341,10.750531719));
#5804=CARTESIAN_POINT('',(-4.703389912,-31.948167641,10.755708348));
#5805=CARTESIAN_POINT('',(-5.26825457,-31.647303785,10.807756454));
#5806=CARTESIAN_POINT('',(-6.52197767,-31.443346923,10.906676038));
#5807=CARTESIAN_POINT('',(-8.165654327,-32.19149189,11.04729047));
#5808=CARTESIAN_POINT('',(-9.115286149,-33.728314984,11.187904902));
#5809=CARTESIAN_POINT('',(-9.053975743,-35.530563953,11.328519334));
#5810=CARTESIAN_POINT('',(-7.996278281,-37.001197981,11.469133766));
#5811=CARTESIAN_POINT('',(-6.310503163,-37.624694263,11.609748198));
#5812=CARTESIAN_POINT('',(-4.083550845,-37.124462102,11.786818223));
#5813=CARTESIAN_POINT('',(-2.576602498,-34.524330259,12.000343842));
#5814=CARTESIAN_POINT('',(-4.356055095,-31.460363973,12.250325054));
#5815=CARTESIAN_POINT('',(-7.577185869,-31.478911674,12.479474498));
#5816=CARTESIAN_POINT('',(-9.252958362,-33.693729844,12.687792175));
#5817=CARTESIAN_POINT('',(-8.927114644,-36.155411798,12.875278085));
#5818=CARTESIAN_POINT('',(-6.946405453,-37.673037833,13.062763994));
#5819=CARTESIAN_POINT('',(-4.47833641,-37.342087345,13.250249903));
#5820=CARTESIAN_POINT('',(-2.964030757,-35.364876085,13.437735812));
#5821=CARTESIAN_POINT('',(-3.292831907,-32.894956626,13.625221721));
#5822=CARTESIAN_POINT('',(-5.270800056,-31.381440987,13.81270763));
#5823=CARTESIAN_POINT('',(-7.74033569,-31.709270476,14.00019354));
#5824=CARTESIAN_POINT('',(-9.254180901,-33.687697375,14.187679449));
#5825=CARTESIAN_POINT('',(-8.926832641,-36.156392275,14.375165358));
#5826=CARTESIAN_POINT('',(-7.390482836,-37.333105614,14.520728526));
#5827=CARTESIAN_POINT('',(-6.369888856,-37.461130576,14.603796391));
#5828=CARTESIAN_POINT('',(-6.116841417,-37.460712814,14.624368953));
#5829=CARTESIAN_POINT('',(-4.4369522,-31.602289504,10.500866345));
#5830=CARTESIAN_POINT('',(-4.50027259,-31.56595399,10.506042974));
#5831=CARTESIAN_POINT('',(-5.148867078,-31.221647443,10.55809108));
#5832=CARTESIAN_POINT('',(-6.587691057,-30.989626861,10.657010664));
#5833=CARTESIAN_POINT('',(-8.472425051,-31.850651543,10.797625096));
#5834=CARTESIAN_POINT('',(-9.559568977,-33.615486402,10.938239528));
#5835=CARTESIAN_POINT('',(-9.486353467,-35.683256849,11.07885396));
#5836=CARTESIAN_POINT('',(-8.270429305,-37.368951959,11.219468392));
#5837=CARTESIAN_POINT('',(-6.335208734,-38.081656921,11.360082824));
#5838=CARTESIAN_POINT('',(-3.780840225,-37.504153837,11.537152849));
#5839=CARTESIAN_POINT('',(-2.055933735,-34.518411196,11.750678468));
#5840=CARTESIAN_POINT('',(-4.102523552,-31.005703657,12.00065968));
#5841=CARTESIAN_POINT('',(-7.798361215,-31.032113357,12.229809125));
#5842=CARTESIAN_POINT('',(-9.717586973,-33.576022912,12.438126801));
#5843=CARTESIAN_POINT('',(-9.339800133,-36.399994192,12.625612711));
#5844=CARTESIAN_POINT('',(-7.064754885,-38.138137554,12.81309862));
#5845=CARTESIAN_POINT('',(-4.233463361,-37.754482067,13.000584529));
#5846=CARTESIAN_POINT('',(-2.49912414,-35.483454739,13.188070438));
#5847=CARTESIAN_POINT('',(-2.88031648,-32.650037128,13.375556347));
#5848=CARTESIAN_POINT('',(-5.152210981,-30.916605289,13.563042257));
#5849=CARTESIAN_POINT('',(-7.98518975,-31.296682341,13.750528166));
#5850=CARTESIAN_POINT('',(-9.718999002,-33.569103535,13.938014075));
#5851=CARTESIAN_POINT('',(-9.339475442,-36.401118712,14.125499984));
#5852=CARTESIAN_POINT('',(-7.574822208,-37.74881227,14.271063152));
#5853=CARTESIAN_POINT('',(-6.403607186,-37.894081328,14.354131017));
#5854=CARTESIAN_POINT('',(-6.113265759,-37.893199222,14.374703579));
#5855=CARTESIAN_POINT('',(-4.225304777,-31.224877497,10.251183792));
#5856=CARTESIAN_POINT('',(-4.296798178,-31.183943535,10.256360421));
#5857=CARTESIAN_POINT('',(-5.029078986,-30.796116038,10.308408527));
#5858=CARTESIAN_POINT('',(-6.652972137,-30.535856883,10.407328111));
#5859=CARTESIAN_POINT('',(-8.778863971,-31.509529469,10.547942543));
#5860=CARTESIAN_POINT('',(-10.003732575,-33.502239348,10.688556975));
#5861=CARTESIAN_POINT('',(-9.918864223,-35.835535339,10.829171407));
#5862=CARTESIAN_POINT('',(-8.544921755,-37.736435674,10.969785839));
#5863=CARTESIAN_POINT('',(-6.360347196,-38.538583745,11.110400271));
#5864=CARTESIAN_POINT('',(-3.478498291,-37.884121977,11.287470296));
#5865=CARTESIAN_POINT('',(-1.535273405,-34.512986633,11.500995915));
#5866=CARTESIAN_POINT('',(-3.84856769,-30.551296108,11.750977127));
#5867=CARTESIAN_POINT('',(-8.019106452,-30.585117737,11.980126572));
#5868=CARTESIAN_POINT('',(-10.18209149,-33.457878064,12.188444248));
#5869=CARTESIAN_POINT('',(-9.752705909,-36.644178467,12.375930158));
#5870=CARTESIAN_POINT('',(-7.183542643,-38.603112157,12.563416067));
#5871=CARTESIAN_POINT('',(-3.988988173,-38.167097875,12.750901976));
#5872=CARTESIAN_POINT('',(-2.034342849,-35.602471234,12.938387885));
#5873=CARTESIAN_POINT('',(-2.467579928,-32.405515771,13.125873794));
#5874=CARTESIAN_POINT('',(-5.033184132,-30.451894822,13.313359704));
#5875=CARTESIAN_POINT('',(-8.229645602,-30.88387323,13.500845613));
#5876=CARTESIAN_POINT('',(-10.183691868,-33.450071832,13.688331522));
#5877=CARTESIAN_POINT('',(-9.752339094,-36.645447065,13.875817431));
#5878=CARTESIAN_POINT('',(-7.759551024,-38.164332426,14.021380599));
#5879=CARTESIAN_POINT('',(-6.437735376,-38.326988252,14.104448464));
#5880=CARTESIAN_POINT('',(-6.110100522,-38.32567726,14.125021026));
#5881=B_SPLINE_SURFACE_WITH_KNOTS('',3,3,((#5777,#5778,#5779,#5780,#5781,#5782,#5783,#5784,#5785,#5786,#5787,#5788,#5789,#5790,#5791,#5792,#5793,#5794,#5795,#5796,#5797,#5798,#5799,#5800,#5801,#5802),(#5803,#5804,#5805,#5806,#5807,#5808,#5809,#5810,#5811,#5812,#5813,#5814,#5815,#5816,#5817,#5818,#5819,#5820,#5821,#5822,#5823,#5824,#5825,#5826,#5827,#5828),(#5829,#5830,#5831,#5832,#5833,#5834,#5835,#5836,#5837,#5838,#5839,#5840,#5841,#5842,#5843,#5844,#5845,#5846,#5847,#5848,#5849,#5850,#5851,#5852,#5853,#5854),(#5855,#5856,#5857,#5858,#5859,#5860,#5861,#5862,#5863,#5864,#5865,#5866,#5867,#5868,#5869,#5870,#5871,#5872,#5873,#5874,#5875,#5876,#5877,#5878,#5879,#5880)),.UNSPECIFIED.,.F.,.F.,.U.,(4,4),(4,1,1,1,1,1,1,1,1,1,1,1,1,1,1,1,1,1,1,1,1,1,1,4),(0.170679769,0.320537433),(7.339034499,7.40408594,7.993090295,8.58209465,9.171099005,9.76010336,10.349107715,10.93811207,11.527116425,12.574235278,13.621354131,14.668472984,15.453812124,16.239151264,17.024490404,17.809829544,18.595168684,19.380507824,20.165846964,20.951186104,21.736525244,22.521864384,23.307203524,23.56572596),.UNSPECIFIED.);
#5882=ORIENTED_EDGE('',*,*,#5771,.T.);
#5883=ORIENTED_EDGE('',*,*,#1775,.T.);
#5884=ORIENTED_EDGE('',*,*,#5673,.F.);
#5885=ORIENTED_EDGE('',*,*,#3545,.F.);
#5886=EDGE_LOOP('',(#5882,#5883,#5884,#5885));
#5887=FACE_BOUND('',#5886,.T.);
#5888=ADVANCED_FACE('',(#5887),#5881,.F.);
#5889=CARTESIAN_POINT('',(4.490018821,-75.318336292,10.999990981));
#5890=CARTESIAN_POINT('',(4.56134895,-75.359651415,11.005170671));
#5891=CARTESIAN_POINT('',(5.291733699,-75.75114265,11.057221838));
#5892=CARTESIAN_POINT('',(6.914367909,-76.019460506,11.156144483));
#5893=CARTESIAN_POINT('',(9.045058376,-75.056334105,11.296758915));
#5894=CARTESIAN_POINT('',(10.279796036,-73.069731314,11.437373347));
#5895=CARTESIAN_POINT('',(10.206490416,-70.736027205,11.577987778));
#5896=CARTESIAN_POINT('',(8.841998876,-68.828363014,11.71860221));
#5897=CARTESIAN_POINT('',(6.661417051,-68.015360866,11.859216642));
#5898=CARTESIAN_POINT('',(3.776366884,-68.655561025,12.036286668));
#5899=CARTESIAN_POINT('',(1.816467517,-72.017000906,12.249812286));
#5900=CARTESIAN_POINT('',(4.110048621,-75.99010018,12.499793499));
#5901=CARTESIAN_POINT('',(8.280744024,-75.976995188,12.728942943));
#5902=CARTESIAN_POINT('',(10.457919284,-73.114962106,12.93726062));
#5903=CARTESIAN_POINT('',(10.04435905,-69.926583097,13.124746529));
#5904=CARTESIAN_POINT('',(7.484922486,-67.954932166,13.312232438));
#5905=CARTESIAN_POINT('',(4.288253417,-68.375102563,13.499718348));
#5906=CARTESIAN_POINT('',(2.320912996,-70.930007765,13.687204257));
#5907=CARTESIAN_POINT('',(2.738296252,-74.129071069,13.874690166));
#5908=CARTESIAN_POINT('',(5.294181959,-76.095388938,14.062176075));
#5909=CARTESIAN_POINT('',(8.492747209,-75.67926343,14.249661984));
#5910=CARTESIAN_POINT('',(10.459490625,-73.122783957,14.437147894));
#5911=CARTESIAN_POINT('',(10.043989711,-69.925310823,14.624633803));
#5912=CARTESIAN_POINT('',(8.058862467,-68.396647159,14.770188714));
#5913=CARTESIAN_POINT('',(6.738024245,-68.227390132,14.853248323));
#5914=CARTESIAN_POINT('',(6.410519889,-68.22704423,14.873812629));
#5915=CARTESIAN_POINT('',(4.709171184,-74.945232208,10.750308428));
#5916=CARTESIAN_POINT('',(4.772417118,-74.981783545,10.755488118));
#5917=CARTESIAN_POINT('',(5.419996818,-75.32808788,10.807539285));
#5918=CARTESIAN_POINT('',(6.858156473,-75.56447772,10.90646193));
#5919=CARTESIAN_POINT('',(8.745489117,-74.709164181,11.047076362));
#5920=CARTESIAN_POINT('',(9.837980901,-72.947641139,11.187690794));
#5921=CARTESIAN_POINT('',(9.771026934,-70.87964393,11.328305226));
#5922=CARTESIAN_POINT('',(8.560225924,-69.190293473,11.468919657));
#5923=CARTESIAN_POINT('',(6.627164386,-68.471696564,11.609534089));
#5924=CARTESIAN_POINT('',(4.071065077,-69.041487404,11.786604115));
#5925=CARTESIAN_POINT('',(2.337129543,-72.021968584,12.000129733));
#5926=CARTESIAN_POINT('',(4.373026686,-75.540854384,12.250110946));
#5927=CARTESIAN_POINT('',(8.068962145,-75.525678996,12.47926039));
#5928=CARTESIAN_POINT('',(9.995867707,-72.987571627,12.687578067));
#5929=CARTESIAN_POINT('',(9.626658904,-70.162476797,12.875063976));
#5930=CARTESIAN_POINT('',(7.356879534,-68.417443554,13.062549886));
#5931=CARTESIAN_POINT('',(4.524443768,-68.792515592,13.250035795));
#5932=CARTESIAN_POINT('',(2.783226681,-71.058277111,13.437521704));
#5933=CARTESIAN_POINT('',(3.155830776,-73.892836173,13.625007613));
#5934=CARTESIAN_POINT('',(5.422460379,-75.633146723,13.812493522));
#5935=CARTESIAN_POINT('',(8.256579109,-75.261657313,13.999979431));
#5936=CARTESIAN_POINT('',(9.997266308,-72.994501491,14.187465341));
#5937=CARTESIAN_POINT('',(9.62633125,-70.161349557,14.37495125));
#5938=CARTESIAN_POINT('',(7.865865054,-68.808388539,14.520506162));
#5939=CARTESIAN_POINT('',(6.695232488,-68.659525402,14.60356577));
#5940=CARTESIAN_POINT('',(6.405007447,-68.659498424,14.624130076));
#5941=CARTESIAN_POINT('',(4.928683379,-74.572326182,10.500643055));
#5942=CARTESIAN_POINT('',(4.983849423,-74.604105936,10.505822745));
#5943=CARTESIAN_POINT('',(5.548664753,-74.905143597,10.557873912));
#5944=CARTESIAN_POINT('',(6.802375266,-75.10942954,10.656796556));
#5945=CARTESIAN_POINT('',(8.446241335,-74.361700813,10.797410988));
#5946=CARTESIAN_POINT('',(9.396269903,-72.82512849,10.93802542));
#5947=CARTESIAN_POINT('',(9.335415644,-71.022851298,11.078639852));
#5948=CARTESIAN_POINT('',(8.278102073,-69.551966095,11.219254284));
#5949=CARTESIAN_POINT('',(6.592477841,-68.928011985,11.359868716));
#5950=CARTESIAN_POINT('',(4.365404704,-69.427703233,11.536938741));
#5951=CARTESIAN_POINT('',(2.857800919,-72.02743072,11.75046436));
#5952=CARTESIAN_POINT('',(4.636437827,-75.091845975,12.000445572));
#5953=CARTESIAN_POINT('',(7.857603046,-75.074150196,12.229595017));
#5954=CARTESIAN_POINT('',(9.533924395,-72.859739094,12.437912693));
#5955=CARTESIAN_POINT('',(9.208724361,-70.397980501,12.625398603));
#5956=CARTESIAN_POINT('',(7.228394044,-68.879845658,12.812884512));
#5957=CARTESIAN_POINT('',(4.760244461,-69.210163821,13.000370421));
#5958=CARTESIAN_POINT('',(3.245430826,-71.186988512,13.18785633));
#5959=CARTESIAN_POINT('',(3.573600565,-73.656991217,13.375342239));
#5960=CARTESIAN_POINT('',(5.551180773,-75.171013952,13.562828149));
#5961=CARTESIAN_POINT('',(8.020801029,-74.843816078,13.750314058));
#5962=CARTESIAN_POINT('',(9.535151425,-72.865776961,13.937799967));
#5963=CARTESIAN_POINT('',(9.208437818,-70.396998392,14.125285876));
#5964=CARTESIAN_POINT('',(7.672471751,-69.219957504,14.270840788));
#5965=CARTESIAN_POINT('',(6.652029577,-69.091631549,14.353900396));
#5966=CARTESIAN_POINT('',(6.399084564,-69.091958934,14.374464702));
#5967=CARTESIAN_POINT('',(5.149852428,-74.200253378,10.25117461));
#5968=CARTESIAN_POINT('',(5.196956702,-74.227225643,10.256354299));
#5969=CARTESIAN_POINT('',(5.679177817,-74.482629867,10.308405467));
#5970=CARTESIAN_POINT('',(6.748524308,-74.654014043,10.407328111));
#5971=CARTESIAN_POINT('',(8.148394806,-74.0128594,10.547942543));
#5972=CARTESIAN_POINT('',(8.954957833,-72.700692138,10.688556975));
#5973=CARTESIAN_POINT('',(8.899068671,-71.164236388,10.829171407));
#5974=CARTESIAN_POINT('',(7.99435165,-69.912534358,10.969785839));
#5975=CARTESIAN_POINT('',(6.555830133,-69.384308588,11.11040027));
#5976=CARTESIAN_POINT('',(4.658175366,-69.815285885,11.287470296));
#5977=CARTESIAN_POINT('',(3.378597101,-72.035121925,11.500995915));
#5978=CARTESIAN_POINT('',(4.901843182,-74.643836277,11.750977127));
#5979=CARTESIAN_POINT('',(7.648115604,-74.621590653,11.980126571));
#5980=CARTESIAN_POINT('',(9.072395912,-72.729894137,12.188444248));
#5981=CARTESIAN_POINT('',(8.789665947,-70.631763784,12.375930157));
#5982=CARTESIAN_POINT('',(7.097893858,-69.341829024,12.563416067));
#5983=CARTESIAN_POINT('',(4.994326257,-69.628938707,12.750901976));
#5984=CARTESIAN_POINT('',(3.707215083,-71.317712916,12.938387885));
#5985=CARTESIAN_POINT('',(3.992497309,-73.422866171,13.125873794));
#5986=CARTESIAN_POINT('',(5.681913821,-74.709300815,13.313359703));
#5987=CARTESIAN_POINT('',(7.786743225,-74.424848415,13.500845613));
#5988=CARTESIAN_POINT('',(9.073456144,-72.73503953,13.688331522));
#5989=CARTESIAN_POINT('',(8.789418592,-70.630927224,13.875817431));
#5990=CARTESIAN_POINT('',(7.477263353,-69.630815288,14.021372343));
#5991=CARTESIAN_POINT('',(6.606966581,-69.523675297,14.104431951));
#5992=CARTESIAN_POINT('',(6.391310722,-69.524516747,14.124996257));
#5993=B_SPLINE_SURFACE_WITH_KNOTS('',3,3,((#5889,#5890,#5891,#5892,#5893,#5894,#5895,#5896,#5897,#5898,#5899,#5900,#5901,#5902,#5903,#5904,#5905,#5906,#5907,#5908,#5909,#5910,#5911,#5912,#5913,#5914),(#5915,#5916,#5917,#5918,#5919,#5920,#5921,#5922,#5923,#5924,#5925,#5926,#5927,#5928,#5929,#5930,#5931,#5932,#5933,#5934,#5935,#5936,#5937,#5938,#5939,#5940),(#5941,#5942,#5943,#5944,#5945,#5946,#5947,#5948,#5949,#5950,#5951,#5952,#5953,#5954,#5955,#5956,#5957,#5958,#5959,#5960,#5961,#5962,#5963,#5964,#5965,#5966),(#5967,#5968,#5969,#5970,#5971,#5972,#5973,#5974,#5975,#5976,#5977,#5978,#5979,#5980,#5981,#5982,#5983,#5984,#5985,#5986,#5987,#5988,#5989,#5990,#5991,#5992)),.UNSPECIFIED.,.F.,.F.,.U.,(4,4),(4,1,1,1,1,1,1,1,1,1,1,1,1,1,1,1,1,1,1,1,1,1,1,4),(-0.043409303,0.10644836),(10.468243376,10.533333278,11.122337633,11.711341988,12.300346343,12.889350698,13.478355053,14.067359408,14.656363763,15.703482616,16.750601469,17.797720323,18.583059463,19.368398603,20.153737742,20.939076882,21.724416022,22.509755162,23.295094302,24.080433442,24.865772582,25.651111722,26.436450862,26.694869547),.UNSPECIFIED.);
#5994=CARTESIAN_POINT('',(6.391311883,-69.52445213,14.125033523));
#5995=CARTESIAN_POINT('',(6.732835687,-69.523282266,14.092373635));
#5996=CARTESIAN_POINT('',(7.073505223,-69.592425505,14.059854762));
#5997=CARTESIAN_POINT('',(7.385834513,-69.729452753,14.027304559));
#5998=CARTESIAN_POINT('',(7.698163802,-69.86648,13.994754357));
#5999=CARTESIAN_POINT('',(7.983082077,-70.068028764,13.962218116));
#6000=CARTESIAN_POINT('',(8.21740721,-70.316314297,13.929676532));
#6001=CARTESIAN_POINT('',(8.451732343,-70.56459983,13.897134948));
#6002=CARTESIAN_POINT('',(8.633297961,-70.8608841,13.864587559));
#6003=CARTESIAN_POINT('',(8.746898493,-71.182674038,13.83203158));
#6004=CARTESIAN_POINT('',(8.860499024,-71.504463975,13.799475602));
#6005=CARTESIAN_POINT('',(8.908763214,-71.850248846,13.766903654));
#6006=CARTESIAN_POINT('',(8.887822076,-72.190906482,13.734359669));
#6007=CARTESIAN_POINT('',(8.866880938,-72.531564119,13.701815685));
#6008=CARTESIAN_POINT('',(8.773970342,-72.866311614,13.669339459));
#6009=CARTESIAN_POINT('',(8.616752394,-73.16922267,13.636750336));
#6010=CARTESIAN_POINT('',(8.459534446,-73.472133727,13.604161213));
#6011=CARTESIAN_POINT('',(8.240748372,-73.744073585,13.57161323));
#6012=CARTESIAN_POINT('',(7.977941127,-73.961654368,13.539055773));
#6013=CARTESIAN_POINT('',(7.715133882,-74.179235151,13.506498316));
#6014=CARTESIAN_POINT('',(7.406733101,-74.339486789,13.473907922));
#6015=CARTESIAN_POINT('',(7.078122616,-74.432166146,13.441435216));
#6016=CARTESIAN_POINT('',(6.749512131,-74.524845502,13.408962509));
#6017=CARTESIAN_POINT('',(6.401612989,-74.551587941,13.376466093));
#6018=CARTESIAN_POINT('',(6.063352919,-74.50844057,13.34390839));
#6019=CARTESIAN_POINT('',(5.72509285,-74.465293199,13.311350687));
#6020=CARTESIAN_POINT('',(5.397320195,-74.348943679,13.278667964));
#6021=CARTESIAN_POINT('',(5.104616557,-74.172294521,13.246072092));
#6022=CARTESIAN_POINT('',(4.811912919,-73.995645363,13.21347622));
#6023=CARTESIAN_POINT('',(4.554034223,-73.759947585,13.180875289));
#6024=CARTESIAN_POINT('',(4.354599755,-73.483495013,13.148340296));
#6025=CARTESIAN_POINT('',(3.95573082,-72.930589868,13.08327031));
#6026=CARTESIAN_POINT('',(3.803487913,-72.207948098,13.018397467));
#6027=CARTESIAN_POINT('',(3.934555992,-71.538398429,12.953221763));
#6028=CARTESIAN_POINT('',(4.065624071,-70.86884876,12.88804606));
#6029=CARTESIAN_POINT('',(4.489995089,-70.257028326,12.824585581));
#6030=CARTESIAN_POINT('',(5.067644464,-69.898093673,12.758931966));
#6031=CARTESIAN_POINT('',(5.212056807,-69.808360009,12.742518562));
#6032=CARTESIAN_POINT('',(5.366284923,-69.735051866,12.725643277));
#6033=CARTESIAN_POINT('',(5.526505654,-69.677236176,12.709180072));
#6034=CARTESIAN_POINT('',(5.686726385,-69.619420486,12.692716868));
#6035=CARTESIAN_POINT('',(5.853012599,-69.576087416,12.677199181));
#6036=CARTESIAN_POINT('',(6.022542668,-69.551996278,12.660238158));
#6037=CARTESIAN_POINT('',(6.192072737,-69.52790514,12.643277134));
#6038=CARTESIAN_POINT('',(6.364144218,-69.51868416,12.627440908));
#6039=CARTESIAN_POINT('',(6.535306795,-69.527595636,12.611230181));
#6040=CARTESIAN_POINT('',(6.706469371,-69.536507112,12.595019454));
#6041=CARTESIAN_POINT('',(6.875697329,-69.565914101,12.57704114));
#6042=CARTESIAN_POINT('',(7.040922434,-69.607782792,12.562263195));
#6043=CARTESIAN_POINT('',(7.371372644,-69.691520174,12.532707304));
#6044=CARTESIAN_POINT('',(7.679139299,-69.848567211,12.501423369));
#6045=CARTESIAN_POINT('',(7.943839708,-70.06181033,12.467240952));
#6046=CARTESIAN_POINT('',(8.208540117,-70.27505345,12.433058534));
#6047=CARTESIAN_POINT('',(8.435803107,-70.541914587,12.399592425));
#6048=CARTESIAN_POINT('',(8.598793265,-70.845313031,12.367296166));
#6049=CARTESIAN_POINT('',(8.680288344,-70.997012254,12.351148037));
#6050=CARTESIAN_POINT('',(8.742197852,-71.158377947,12.333135651));
#6051=CARTESIAN_POINT('',(8.7917588,-71.322257238,12.318029427));
#6052=CARTESIAN_POINT('',(8.841319749,-71.486136529,12.302923203));
#6053=CARTESIAN_POINT('',(8.873608193,-71.654378597,12.287657462));
#6054=CARTESIAN_POINT('',(8.888396594,-71.823495587,12.272028522));
#6055=CARTESIAN_POINT('',(8.917973395,-72.161729568,12.240770642));
#6056=CARTESIAN_POINT('',(8.875545014,-72.504767046,12.206696902));
#6057=CARTESIAN_POINT('',(8.762539717,-72.827059804,12.172195081));
#6058=CARTESIAN_POINT('',(8.706037069,-72.988206183,12.15494417));
#6059=CARTESIAN_POINT('',(8.635700416,-73.145484828,12.139689013));
#6060=CARTESIAN_POINT('',(8.548562294,-73.293385359,12.12326234));
#6061=CARTESIAN_POINT('',(8.461424171,-73.44128589,12.106835666));
#6062=CARTESIAN_POINT('',(8.359267572,-73.580363863,12.09028277));
#6063=CARTESIAN_POINT('',(8.245161686,-73.708286217,12.07428554));
#6064=CARTESIAN_POINT('',(8.016949914,-73.964130925,12.04229108));
#6065=CARTESIAN_POINT('',(7.736168832,-74.16947656,12.008781027));
#6066=CARTESIAN_POINT('',(7.425101285,-74.308849054,11.977249127));
#6067=CARTESIAN_POINT('',(6.802966192,-74.587594041,11.914185326));
#6068=CARTESIAN_POINT('',(6.06214634,-74.600435092,11.848689898));
#6069=CARTESIAN_POINT('',(5.430606307,-74.342106965,11.781224138));
#6070=CARTESIAN_POINT('',(4.799066274,-74.083778839,11.713758377));
#6071=CARTESIAN_POINT('',(4.290838788,-73.545108102,11.655170976));
#6072=CARTESIAN_POINT('',(4.048586004,-72.907156453,11.587720068));
#6073=CARTESIAN_POINT('',(3.927459613,-72.588180628,11.553994614));
#6074=CARTESIAN_POINT('',(3.868534537,-72.244710986,11.520102245));
#6075=CARTESIAN_POINT('',(3.885445951,-71.903162191,11.488161951));
#6076=CARTESIAN_POINT('',(3.893901658,-71.732387793,11.472191804));
#6077=CARTESIAN_POINT('',(3.923184542,-71.563118294,11.455220482));
#6078=CARTESIAN_POINT('',(3.967408732,-71.398372471,11.439363592));
#6079=CARTESIAN_POINT('',(4.011632922,-71.233626648,11.423506702));
#6080=CARTESIAN_POINT('',(4.071437214,-71.07300602,11.408424195));
#6081=CARTESIAN_POINT('',(4.147318117,-70.920147546,11.39255655));
#6082=CARTESIAN_POINT('',(4.299079922,-70.614430598,11.36082126));
#6083=CARTESIAN_POINT('',(4.512505647,-70.339623079,11.327216256));
#6084=CARTESIAN_POINT('',(4.771248816,-70.117622058,11.293494911));
#6085=CARTESIAN_POINT('',(4.900620401,-70.006621548,11.276634239));
#6086=CARTESIAN_POINT('',(5.040316987,-69.906681864,11.261157138));
#6087=CARTESIAN_POINT('',(5.190795263,-69.825617146,11.244176601));
#6088=CARTESIAN_POINT('',(5.341273539,-69.744552428,11.227196064));
#6089=CARTESIAN_POINT('',(5.50000098,-69.67872376,11.211064673));
#6090=CARTESIAN_POINT('',(5.663557583,-69.629319411,11.195224551));
#6091=CARTESIAN_POINT('',(6.317783993,-69.431702016,11.131864065));
#6092=CARTESIAN_POINT('',(7.050844051,-69.516166386,11.067269631));
#6093=CARTESIAN_POINT('',(7.642036083,-69.858716181,11.0000529));
#6094=B_SPLINE_CURVE_WITH_KNOTS('',3,(#5994,#5995,#5996,#5997,#5998,#5999,#6000,#6001,#6002,#6003,#6004,#6005,#6006,#6007,#6008,#6009,#6010,#6011,#6012,#6013,#6014,#6015,#6016,#6017,#6018,#6019,
#6020,#6021,#6022,#6023,#6024,#6025,#6026,#6027,#6028,#6029,#6030,#6031,#6032,#6033,#6034,#6035,#6036,#6037,#6038,#6039,#6040,#6041,#6042,#6043,#6044,
#6045,#6046,#6047,#6048,#6049,#6050,#6051,#6052,#6053,#6054,#6055,#6056,#6057,#6058,#6059,#6060,#6061,#6062,#6063,#6064,#6065,#6066,#6067,#6068,#6069,
#6070,#6071,#6072,#6073,#6074,#6075,#6076,#6077,#6078,#6079,#6080,#6081,#6082,#6083,#6084,#6085,#6086,#6087,#6088,#6089,#6090,#6091,#6092,#6093),.UNSPECIFIED.,.F.,.F.,(4,3,3,3,3,3,3,3,3,3,3,3,3,3,3,3,3,3,3,3,3,3,3,3,3,3,
3,3,3,3,3,3,3,4),(12.283488069,12.386656764,12.489825458,12.592994153,12.696162847,12.799331541,12.902500236,13.00566893,13.108837625,13.212006319,13.315175014,13.521512403,13.727849792,13.779434139,13.831018486,13.882602833,13.93418718,14.037355875,14.140524569,14.192108917,14.243693264,14.346861958,14.398446305,14.450030653,14.553199347,14.759536736,
14.965874125,15.069042819,15.120627167,15.172211514,15.275380208,15.326964555,15.378548903,15.584886292),.UNSPECIFIED.);
#6095=EDGE_CURVE('',#3345,#1600,#6094,.T.);
#6096=ORIENTED_EDGE('',*,*,#6095,.T.);
#6097=ORIENTED_EDGE('',*,*,#1717,.T.);
#6098=CARTESIAN_POINT('',(6.389903827,-75.825704693,14.124953505));
#6099=CARTESIAN_POINT('',(5.871465532,-75.827653244,14.092562365));
#6100=CARTESIAN_POINT('',(5.35451029,-75.722617601,14.059943354));
#6101=CARTESIAN_POINT('',(4.880099752,-75.514715489,14.027389284));
#6102=CARTESIAN_POINT('',(4.405689214,-75.306813377,13.994835213));
#6103=CARTESIAN_POINT('',(3.972706327,-75.000686981,13.962267195));
#6104=CARTESIAN_POINT('',(3.616706046,-74.623545487,13.929704555));
#6105=CARTESIAN_POINT('',(3.260705764,-74.246403993,13.897141916));
#6106=CARTESIAN_POINT('',(2.984853652,-73.796449812,13.864580627));
#6107=CARTESIAN_POINT('',(2.812326824,-73.307829036,13.832036402));
#6108=CARTESIAN_POINT('',(2.639799996,-72.819208261,13.799492178));
#6109=CARTESIAN_POINT('',(2.566468665,-72.294288338,13.766974353));
#6110=CARTESIAN_POINT('',(2.598198464,-71.777062504,13.734393438));
#6111=CARTESIAN_POINT('',(2.629928263,-71.25983667,13.701812523));
#6112=CARTESIAN_POINT('',(2.771020278,-70.751405187,13.669160923));
#6113=CARTESIAN_POINT('',(3.00971199,-70.291197142,13.636669243));
#6114=CARTESIAN_POINT('',(3.248403702,-69.830989098,13.604177563));
#6115=CARTESIAN_POINT('',(3.580994091,-69.418206186,13.571621489));
#6116=CARTESIAN_POINT('',(3.980002106,-69.087886265,13.539074765));
#6117=CARTESIAN_POINT('',(4.379010121,-68.757566343,13.506528042));
#6118=CARTESIAN_POINT('',(4.846947812,-68.513651191,13.47403192));
#6119=CARTESIAN_POINT('',(5.346089753,-68.37294354,13.441361468));
#6120=CARTESIAN_POINT('',(5.845231694,-68.23223589,13.408691015));
#6121=CARTESIAN_POINT('',(6.373744386,-68.191652116,13.376059417));
#6122=CARTESIAN_POINT('',(6.887470949,-68.257155895,13.343518027));
#6123=CARTESIAN_POINT('',(7.914924076,-68.388163453,13.278435246));
#6124=CARTESIAN_POINT('',(8.874778007,-68.973082159,13.213684258));
#6125=CARTESIAN_POINT('',(9.481250895,-69.812095379,13.148538971));
#6126=CARTESIAN_POINT('',(10.087723783,-70.6511086,13.083393685));
#6127=CARTESIAN_POINT('',(10.31820938,-71.753107685,13.018064542));
#6128=CARTESIAN_POINT('',(10.119064679,-72.768435282,12.953032376));
#6129=CARTESIAN_POINT('',(9.919919978,-73.78376288,12.88800021));
#6130=CARTESIAN_POINT('',(9.277585601,-74.708602126,12.820302926));
#6131=CARTESIAN_POINT('',(8.399182174,-75.256283667,12.756099489));
#6132=CARTESIAN_POINT('',(7.520778748,-75.803965209,12.691896052));
#6133=CARTESIAN_POINT('',(6.40897689,-75.954954239,12.629353639));
#6134=CARTESIAN_POINT('',(5.407373784,-75.697730898,12.56272294));
#6135=CARTESIAN_POINT('',(4.906572231,-75.569119228,12.52940759));
#6136=CARTESIAN_POINT('',(4.433983688,-75.326888298,12.49139905));
#6137=CARTESIAN_POINT('',(4.027698305,-75.002645216,12.461434368));
#6138=CARTESIAN_POINT('',(3.621412922,-74.678402134,12.431469686));
#6139=CARTESIAN_POINT('',(3.288019928,-74.26824592,12.400303239));
#6140=CARTESIAN_POINT('',(3.045698531,-73.813250667,12.367087605));
#6141=CARTESIAN_POINT('',(2.924537833,-73.585753041,12.350479789));
#6142=CARTESIAN_POINT('',(2.822409307,-73.347647863,12.335416825));
#6143=CARTESIAN_POINT('',(2.747519068,-73.100113167,12.318418175));
#6144=CARTESIAN_POINT('',(2.672628828,-72.85257847,12.301419526));
#6145=CARTESIAN_POINT('',(2.624712324,-72.596584799,12.282872302));
#6146=CARTESIAN_POINT('',(2.602606803,-72.33826476,12.265689805));
#6147=CARTESIAN_POINT('',(2.580501282,-72.07994472,12.248507309));
#6148=CARTESIAN_POINT('',(2.585105044,-71.819236413,12.232723391));
#6149=CARTESIAN_POINT('',(2.616711341,-71.562031649,12.217828836));
#6150=CARTESIAN_POINT('',(2.648317638,-71.304826886,12.20293428));
#6151=CARTESIAN_POINT('',(2.710606741,-71.052126415,12.186326052));
#6152=CARTESIAN_POINT('',(2.794277636,-70.806970196,12.171558866));
#6153=CARTESIAN_POINT('',(2.877948531,-70.561813977,12.156791679));
#6154=CARTESIAN_POINT('',(2.991056297,-70.326965523,12.138908587));
#6155=CARTESIAN_POINT('',(3.122766134,-70.103591583,12.122837277));
#6156=CARTESIAN_POINT('',(3.254475971,-69.880217644,12.106765966));
#6157=CARTESIAN_POINT('',(3.40755472,-69.669164444,12.090875977));
#6158=CARTESIAN_POINT('',(3.580498473,-69.476282319,12.074157065));
#6159=CARTESIAN_POINT('',(3.92638598,-69.09051807,12.040719241));
#6160=CARTESIAN_POINT('',(4.346263129,-68.771923301,12.009590155));
#6161=CARTESIAN_POINT('',(4.818522531,-68.56208608,11.975482003));
#6162=CARTESIAN_POINT('',(5.290781932,-68.352248859,11.94137385));
#6163=CARTESIAN_POINT('',(5.809323809,-68.241721424,11.90741375));
#6164=CARTESIAN_POINT('',(6.329284364,-68.23289992,11.875602893));
#6165=CARTESIAN_POINT('',(6.589264641,-68.228489167,11.859697464));
#6166=CARTESIAN_POINT('',(6.849604721,-68.249477801,11.844579992));
#6167=CARTESIAN_POINT('',(7.104299476,-68.296809193,11.829205823));
#6168=CARTESIAN_POINT('',(7.358994232,-68.344140586,11.813831655));
#6169=CARTESIAN_POINT('',(7.606900933,-68.419950783,11.796697527));
#6170=CARTESIAN_POINT('',(7.845198647,-68.516529029,11.781282236));
#6171=CARTESIAN_POINT('',(8.321794074,-68.709685521,11.750451654));
#6172=CARTESIAN_POINT('',(8.756802678,-69.002589365,11.717777803));
#6173=CARTESIAN_POINT('',(9.114968177,-69.378484039,11.682867992));
#6174=CARTESIAN_POINT('',(9.473133676,-69.754378712,11.64795818));
#6175=CARTESIAN_POINT('',(9.758525888,-70.205397772,11.614049351));
#6176=CARTESIAN_POINT('',(9.945447537,-70.691488999,11.583345641));
#6177=CARTESIAN_POINT('',(10.319290834,-71.663671454,11.52193822));
#6178=CARTESIAN_POINT('',(10.259100649,-72.768972356,11.455125291));
#6179=CARTESIAN_POINT('',(9.795818195,-73.700148619,11.387600035));
#6180=CARTESIAN_POINT('',(9.564176968,-74.165736751,11.353837408));
#6181=CARTESIAN_POINT('',(9.240714481,-74.588036964,11.322653023));
#6182=CARTESIAN_POINT('',(8.847629815,-74.925790649,11.292209616));
#6183=CARTESIAN_POINT('',(8.454545149,-75.263544334,11.261766209));
#6184=CARTESIAN_POINT('',(7.991215493,-75.513459747,11.2290571));
#6185=CARTESIAN_POINT('',(7.495004512,-75.662932182,11.195402161));
#6186=CARTESIAN_POINT('',(6.998793531,-75.812404618,11.161747222));
#6187=CARTESIAN_POINT('',(6.46978,-75.860566815,11.129748565));
#6188=CARTESIAN_POINT('',(5.954796348,-75.800444657,11.097011541));
#6189=CARTESIAN_POINT('',(5.439812696,-75.740322499,11.064274518));
#6190=CARTESIAN_POINT('',(4.938184652,-75.575528412,11.031266474));
#6191=CARTESIAN_POINT('',(4.490077287,-75.318236754,10.99992437));
#6192=B_SPLINE_CURVE_WITH_KNOTS('',3,(#6098,#6099,#6100,#6101,#6102,#6103,#6104,#6105,#6106,#6107,#6108,#6109,#6110,#6111,#6112,#6113,#6114,#6115,#6116,#6117,#6118,#6119,#6120,#6121,#6122,#6123,
#6124,#6125,#6126,#6127,#6128,#6129,#6130,#6131,#6132,#6133,#6134,#6135,#6136,#6137,#6138,#6139,#6140,#6141,#6142,#6143,#6144,#6145,#6146,#6147,#6148,
#6149,#6150,#6151,#6152,#6153,#6154,#6155,#6156,#6157,#6158,#6159,#6160,#6161,#6162,#6163,#6164,#6165,#6166,#6167,#6168,#6169,#6170,#6171,#6172,#6173,
#6174,#6175,#6176,#6177,#6178,#6179,#6180,#6181,#6182,#6183,#6184,#6185,#6186,#6187,#6188,#6189,#6190,#6191),.UNSPECIFIED.,.F.,.F.,(4,3,3,3,3,3,3,3,3,3,3,3,3,3,3,3,3,3,3,3,3,3,3,3,3,3,
3,3,3,3,3,4),(4.802176942,4.958451445,5.114725947,5.271000449,5.427274952,5.583549454,5.739823956,5.896098459,6.052372961,6.364921966,6.677470971,6.990019975,7.30256898,7.458843483,7.615117985,7.693255236,7.771392487,7.849529739,7.92766699,8.005804241,8.083941492,8.240215995,8.396490497,8.474627748,8.552764999,8.709039502,
8.865314004,9.177863009,9.334137511,9.490412014,9.646686516,9.802961018),.UNSPECIFIED.);
#6193=EDGE_CURVE('',#3343,#1598,#6192,.T.);
#6194=ORIENTED_EDGE('',*,*,#6193,.F.);
#6195=ORIENTED_EDGE('',*,*,#3475,.F.);
#6196=EDGE_LOOP('',(#6096,#6097,#6194,#6195));
#6197=FACE_BOUND('',#6196,.T.);
#6198=ADVANCED_FACE('',(#6197),#5993,.F.);
#6199=CARTESIAN_POINT('',(7.642013111,-69.858545655,11.000000164));
#6200=CARTESIAN_POINT('',(7.595069849,-69.831358094,11.005176793));
#6201=CARTESIAN_POINT('',(7.114144497,-69.573591133,11.0572249));
#6202=CARTESIAN_POINT('',(6.04569469,-69.396914354,11.156144483));
#6203=CARTESIAN_POINT('',(4.642660834,-70.031116777,11.296758915));
#6204=CARTESIAN_POINT('',(3.829604927,-71.339275437,11.437373347));
#6205=CARTESIAN_POINT('',(3.877871333,-72.875978848,11.577987779));
#6206=CARTESIAN_POINT('',(4.776377594,-74.132167313,11.718602211));
#6207=CARTESIAN_POINT('',(6.212255187,-74.667497029,11.859216643));
#6208=CARTESIAN_POINT('',(8.112028732,-74.245956225,12.036286668));
#6209=CARTESIAN_POINT('',(9.402607352,-72.032478637,12.249812287));
#6210=CARTESIAN_POINT('',(7.892285632,-69.416236428,12.499793499));
#6211=CARTESIAN_POINT('',(5.145963151,-69.424891509,12.728942944));
#6212=CARTESIAN_POINT('',(3.712304161,-71.309482168,12.937260621));
#6213=CARTESIAN_POINT('',(3.984643073,-73.408995805,13.12474653));
#6214=CARTESIAN_POINT('',(5.669987629,-74.707300107,13.312232439));
#6215=CARTESIAN_POINT('',(7.774958037,-74.430623282,13.499718348));
#6216=CARTESIAN_POINT('',(9.070423728,-72.748251999,13.687204257));
#6217=CARTESIAN_POINT('',(8.795583472,-70.641709654,13.874690167));
#6218=CARTESIAN_POINT('',(7.11256514,-69.3469153,14.062176076));
#6219=CARTESIAN_POINT('',(5.006352188,-69.620928361,14.249661985));
#6220=CARTESIAN_POINT('',(3.711275831,-71.304336704,14.437147894));
#6221=CARTESIAN_POINT('',(3.984880471,-73.409832348,14.624633803));
#6222=CARTESIAN_POINT('',(5.292130729,-74.416492361,14.770196971));
#6223=CARTESIAN_POINT('',(6.161987503,-74.527913195,14.853264836));
#6224=CARTESIAN_POINT('',(6.377732444,-74.528119579,14.873837398));
#6225=CARTESIAN_POINT('',(7.851752887,-69.479912341,10.750531719));
#6226=CARTESIAN_POINT('',(7.796610088,-69.448167641,10.755708348));
#6227=CARTESIAN_POINT('',(7.23174543,-69.147303785,10.807756454));
#6228=CARTESIAN_POINT('',(5.97802233,-68.943346923,10.906676038));
#6229=CARTESIAN_POINT('',(4.334345673,-69.69149189,11.04729047));
#6230=CARTESIAN_POINT('',(3.384713851,-71.228314984,11.187904902));
#6231=CARTESIAN_POINT('',(3.446024257,-73.030563953,11.328519334));
#6232=CARTESIAN_POINT('',(4.503721719,-74.501197981,11.469133766));
#6233=CARTESIAN_POINT('',(6.189496837,-75.124694263,11.609748198));
#6234=CARTESIAN_POINT('',(8.416449155,-74.624462102,11.786818223));
#6235=CARTESIAN_POINT('',(9.923397502,-72.024330259,12.000343842));
#6236=CARTESIAN_POINT('',(8.143944905,-68.960363973,12.250325054));
#6237=CARTESIAN_POINT('',(4.922814131,-68.978911674,12.479474498));
#6238=CARTESIAN_POINT('',(3.247041638,-71.193729844,12.687792175));
#6239=CARTESIAN_POINT('',(3.572885356,-73.655411798,12.875278085));
#6240=CARTESIAN_POINT('',(5.553594547,-75.173037833,13.062763994));
#6241=CARTESIAN_POINT('',(8.02166359,-74.842087345,13.250249903));
#6242=CARTESIAN_POINT('',(9.535969243,-72.864876085,13.437735812));
#6243=CARTESIAN_POINT('',(9.207168093,-70.394956626,13.625221721));
#6244=CARTESIAN_POINT('',(7.229199944,-68.881440987,13.81270763));
#6245=CARTESIAN_POINT('',(4.75966431,-69.209270476,14.00019354));
#6246=CARTESIAN_POINT('',(3.245819099,-71.187697375,14.187679449));
#6247=CARTESIAN_POINT('',(3.573167359,-73.656392275,14.375165358));
#6248=CARTESIAN_POINT('',(5.109517164,-74.833105614,14.520728526));
#6249=CARTESIAN_POINT('',(6.130111144,-74.961130576,14.603796391));
#6250=CARTESIAN_POINT('',(6.383158583,-74.960712814,14.624368953));
#6251=CARTESIAN_POINT('',(8.0630478,-69.102289504,10.500866345));
#6252=CARTESIAN_POINT('',(7.99972741,-69.06595399,10.506042974));
#6253=CARTESIAN_POINT('',(7.351132922,-68.721647443,10.55809108));
#6254=CARTESIAN_POINT('',(5.912308943,-68.489626861,10.657010664));
#6255=CARTESIAN_POINT('',(4.027574949,-69.350651543,10.797625096));
#6256=CARTESIAN_POINT('',(2.940431023,-71.115486402,10.938239528));
#6257=CARTESIAN_POINT('',(3.013646533,-73.183256849,11.07885396));
#6258=CARTESIAN_POINT('',(4.229570695,-74.868951959,11.219468392));
#6259=CARTESIAN_POINT('',(6.164791266,-75.581656921,11.360082824));
#6260=CARTESIAN_POINT('',(8.719159775,-75.004153837,11.537152849));
#6261=CARTESIAN_POINT('',(10.444066265,-72.018411196,11.750678468));
#6262=CARTESIAN_POINT('',(8.397476448,-68.505703657,12.00065968));
#6263=CARTESIAN_POINT('',(4.701638785,-68.532113357,12.229809125));
#6264=CARTESIAN_POINT('',(2.782413027,-71.076022912,12.438126801));
#6265=CARTESIAN_POINT('',(3.160199867,-73.899994192,12.625612711));
#6266=CARTESIAN_POINT('',(5.435245115,-75.638137554,12.81309862));
#6267=CARTESIAN_POINT('',(8.266536639,-75.254482067,13.000584529));
#6268=CARTESIAN_POINT('',(10.00087586,-72.983454739,13.188070438));
#6269=CARTESIAN_POINT('',(9.61968352,-70.150037128,13.375556347));
#6270=CARTESIAN_POINT('',(7.347789019,-68.416605289,13.563042257));
#6271=CARTESIAN_POINT('',(4.51481025,-68.796682341,13.750528166));
#6272=CARTESIAN_POINT('',(2.781000998,-71.069103535,13.938014075));
#6273=CARTESIAN_POINT('',(3.160524558,-73.901118712,14.125499984));
#6274=CARTESIAN_POINT('',(4.925177792,-75.24881227,14.271063152));
#6275=CARTESIAN_POINT('',(6.096392814,-75.394081328,14.354131017));
#6276=CARTESIAN_POINT('',(6.386734241,-75.393199222,14.374703579));
#6277=CARTESIAN_POINT('',(8.274695223,-68.724877497,10.251183792));
#6278=CARTESIAN_POINT('',(8.203201822,-68.683943535,10.256360421));
#6279=CARTESIAN_POINT('',(7.470921014,-68.296116038,10.308408527));
#6280=CARTESIAN_POINT('',(5.847027863,-68.035856883,10.407328111));
#6281=CARTESIAN_POINT('',(3.721136029,-69.009529469,10.547942543));
#6282=CARTESIAN_POINT('',(2.496267425,-71.002239348,10.688556975));
#6283=CARTESIAN_POINT('',(2.581135777,-73.335535339,10.829171407));
#6284=CARTESIAN_POINT('',(3.955078245,-75.236435674,10.969785839));
#6285=CARTESIAN_POINT('',(6.139652804,-76.038583745,11.110400271));
#6286=CARTESIAN_POINT('',(9.021501709,-75.384121977,11.287470296));
#6287=CARTESIAN_POINT('',(10.964726595,-72.012986633,11.500995915));
#6288=CARTESIAN_POINT('',(8.65143231,-68.051296108,11.750977127));
#6289=CARTESIAN_POINT('',(4.480893548,-68.085117737,11.980126572));
#6290=CARTESIAN_POINT('',(2.31790851,-70.957878064,12.188444248));
#6291=CARTESIAN_POINT('',(2.747294091,-74.144178467,12.375930158));
#6292=CARTESIAN_POINT('',(5.316457357,-76.103112157,12.563416067));
#6293=CARTESIAN_POINT('',(8.511011827,-75.667097875,12.750901976));
#6294=CARTESIAN_POINT('',(10.465657151,-73.102471234,12.938387885));
#6295=CARTESIAN_POINT('',(10.032420072,-69.905515771,13.125873794));
#6296=CARTESIAN_POINT('',(7.466815868,-67.951894822,13.313359704));
#6297=CARTESIAN_POINT('',(4.270354398,-68.38387323,13.500845613));
#6298=CARTESIAN_POINT('',(2.316308132,-70.950071832,13.688331522));
#6299=CARTESIAN_POINT('',(2.747660906,-74.145447065,13.875817431));
#6300=CARTESIAN_POINT('',(4.740448976,-75.664332426,14.021380599));
#6301=CARTESIAN_POINT('',(6.062264624,-75.826988252,14.104448464));
#6302=CARTESIAN_POINT('',(6.389899478,-75.82567726,14.125021026));
#6303=B_SPLINE_SURFACE_WITH_KNOTS('',3,3,((#6199,#6200,#6201,#6202,#6203,#6204,#6205,#6206,#6207,#6208,#6209,#6210,#6211,#6212,#6213,#6214,#6215,#6216,#6217,#6218,#6219,#6220,#6221,#6222,#6223,#6224),(#6225,#6226,#6227,#6228,#6229,#6230,#6231,#6232,#6233,#6234,#6235,#6236,#6237,#6238,#6239,#6240,#6241,#6242,#6243,#6244,#6245,#6246,#6247,#6248,#6249,#6250),(#6251,#6252,#6253,#6254,#6255,#6256,#6257,#6258,#6259,#6260,#6261,#6262,#6263,#6264,#6265,#6266,#6267,#6268,#6269,#6270,#6271,#6272,#6273,#6274,#6275,#6276),(#6277,#6278,#6279,#6280,#6281,#6282,#6283,#6284,#6285,#6286,#6287,#6288,#6289,#6290,#6291,#6292,#6293,#6294,#6295,#6296,#6297,#6298,#6299,#6300,#6301,#6302)),.UNSPECIFIED.,.F.,.F.,.U.,(4,4),(4,1,1,1,1,1,1,1,1,1,1,1,1,1,1,1,1,1,1,1,1,1,1,4),(0.170679769,0.320537433),(7.339034499,7.40408594,7.993090295,8.58209465,9.171099005,9.76010336,10.349107715,10.93811207,11.527116425,12.574235278,13.621354131,14.668472984,15.453812124,16.239151264,17.024490404,17.809829544,18.595168684,19.380507824,20.165846964,20.951186104,21.736525244,22.521864384,23.307203524,23.56572596),.UNSPECIFIED.);
#6304=ORIENTED_EDGE('',*,*,#6193,.T.);
#6305=ORIENTED_EDGE('',*,*,#1651,.T.);
#6306=ORIENTED_EDGE('',*,*,#6095,.F.);
#6307=ORIENTED_EDGE('',*,*,#3408,.F.);
#6308=EDGE_LOOP('',(#6304,#6305,#6306,#6307));
#6309=FACE_BOUND('',#6308,.T.);
#6310=ADVANCED_FACE('',(#6309),#6303,.F.);
#6311=CARTESIAN_POINT('',(4.490018821,-87.818336292,10.999990981));
#6312=CARTESIAN_POINT('',(4.56134895,-87.859651415,11.005170671));
#6313=CARTESIAN_POINT('',(5.291733699,-88.25114265,11.057221838));
#6314=CARTESIAN_POINT('',(6.914367909,-88.519460506,11.156144483));
#6315=CARTESIAN_POINT('',(9.045058376,-87.556334105,11.296758915));
#6316=CARTESIAN_POINT('',(10.279796036,-85.569731314,11.437373347));
#6317=CARTESIAN_POINT('',(10.206490416,-83.236027205,11.577987778));
#6318=CARTESIAN_POINT('',(8.841998876,-81.328363014,11.71860221));
#6319=CARTESIAN_POINT('',(6.661417051,-80.515360866,11.859216642));
#6320=CARTESIAN_POINT('',(3.776366884,-81.155561025,12.036286668));
#6321=CARTESIAN_POINT('',(1.816467517,-84.517000906,12.249812286));
#6322=CARTESIAN_POINT('',(4.110048621,-88.49010018,12.499793499));
#6323=CARTESIAN_POINT('',(8.280744024,-88.476995188,12.728942943));
#6324=CARTESIAN_POINT('',(10.457919284,-85.614962106,12.93726062));
#6325=CARTESIAN_POINT('',(10.04435905,-82.426583097,13.124746529));
#6326=CARTESIAN_POINT('',(7.484922486,-80.454932166,13.312232438));
#6327=CARTESIAN_POINT('',(4.288253417,-80.875102563,13.499718348));
#6328=CARTESIAN_POINT('',(2.320912996,-83.430007765,13.687204257));
#6329=CARTESIAN_POINT('',(2.738296252,-86.629071069,13.874690166));
#6330=CARTESIAN_POINT('',(5.294181959,-88.595388938,14.062176075));
#6331=CARTESIAN_POINT('',(8.492747209,-88.17926343,14.249661984));
#6332=CARTESIAN_POINT('',(10.459490625,-85.622783957,14.437147894));
#6333=CARTESIAN_POINT('',(10.043989711,-82.425310823,14.624633803));
#6334=CARTESIAN_POINT('',(8.058862467,-80.896647159,14.770188714));
#6335=CARTESIAN_POINT('',(6.738024245,-80.727390132,14.853248323));
#6336=CARTESIAN_POINT('',(6.410519889,-80.72704423,14.873812629));
#6337=CARTESIAN_POINT('',(4.709171184,-87.445232208,10.750308428));
#6338=CARTESIAN_POINT('',(4.772417118,-87.481783545,10.755488118));
#6339=CARTESIAN_POINT('',(5.419996818,-87.82808788,10.807539285));
#6340=CARTESIAN_POINT('',(6.858156473,-88.06447772,10.90646193));
#6341=CARTESIAN_POINT('',(8.745489117,-87.209164181,11.047076362));
#6342=CARTESIAN_POINT('',(9.837980901,-85.447641139,11.187690794));
#6343=CARTESIAN_POINT('',(9.771026934,-83.37964393,11.328305226));
#6344=CARTESIAN_POINT('',(8.560225924,-81.690293473,11.468919657));
#6345=CARTESIAN_POINT('',(6.627164386,-80.971696564,11.609534089));
#6346=CARTESIAN_POINT('',(4.071065077,-81.541487404,11.786604115));
#6347=CARTESIAN_POINT('',(2.337129543,-84.521968584,12.000129733));
#6348=CARTESIAN_POINT('',(4.373026686,-88.040854384,12.250110946));
#6349=CARTESIAN_POINT('',(8.068962145,-88.025678996,12.47926039));
#6350=CARTESIAN_POINT('',(9.995867707,-85.487571627,12.687578067));
#6351=CARTESIAN_POINT('',(9.626658904,-82.662476797,12.875063976));
#6352=CARTESIAN_POINT('',(7.356879534,-80.917443554,13.062549886));
#6353=CARTESIAN_POINT('',(4.524443768,-81.292515592,13.250035795));
#6354=CARTESIAN_POINT('',(2.783226681,-83.558277111,13.437521704));
#6355=CARTESIAN_POINT('',(3.155830776,-86.392836173,13.625007613));
#6356=CARTESIAN_POINT('',(5.422460379,-88.133146723,13.812493522));
#6357=CARTESIAN_POINT('',(8.256579109,-87.761657313,13.999979431));
#6358=CARTESIAN_POINT('',(9.997266308,-85.494501491,14.187465341));
#6359=CARTESIAN_POINT('',(9.62633125,-82.661349557,14.37495125));
#6360=CARTESIAN_POINT('',(7.865865054,-81.308388539,14.520506162));
#6361=CARTESIAN_POINT('',(6.695232488,-81.159525402,14.60356577));
#6362=CARTESIAN_POINT('',(6.405007447,-81.159498424,14.624130076));
#6363=CARTESIAN_POINT('',(4.928683379,-87.072326182,10.500643055));
#6364=CARTESIAN_POINT('',(4.983849423,-87.104105936,10.505822745));
#6365=CARTESIAN_POINT('',(5.548664753,-87.405143597,10.557873912));
#6366=CARTESIAN_POINT('',(6.802375266,-87.60942954,10.656796556));
#6367=CARTESIAN_POINT('',(8.446241335,-86.861700813,10.797410988));
#6368=CARTESIAN_POINT('',(9.396269903,-85.32512849,10.93802542));
#6369=CARTESIAN_POINT('',(9.335415644,-83.522851298,11.078639852));
#6370=CARTESIAN_POINT('',(8.278102073,-82.051966095,11.219254284));
#6371=CARTESIAN_POINT('',(6.592477841,-81.428011985,11.359868716));
#6372=CARTESIAN_POINT('',(4.365404704,-81.927703233,11.536938741));
#6373=CARTESIAN_POINT('',(2.857800919,-84.52743072,11.75046436));
#6374=CARTESIAN_POINT('',(4.636437827,-87.591845975,12.000445572));
#6375=CARTESIAN_POINT('',(7.857603046,-87.574150196,12.229595017));
#6376=CARTESIAN_POINT('',(9.533924395,-85.359739094,12.437912693));
#6377=CARTESIAN_POINT('',(9.208724361,-82.897980501,12.625398603));
#6378=CARTESIAN_POINT('',(7.228394044,-81.379845658,12.812884512));
#6379=CARTESIAN_POINT('',(4.760244461,-81.710163821,13.000370421));
#6380=CARTESIAN_POINT('',(3.245430826,-83.686988512,13.18785633));
#6381=CARTESIAN_POINT('',(3.573600565,-86.156991217,13.375342239));
#6382=CARTESIAN_POINT('',(5.551180773,-87.671013952,13.562828149));
#6383=CARTESIAN_POINT('',(8.020801029,-87.343816078,13.750314058));
#6384=CARTESIAN_POINT('',(9.535151425,-85.365776961,13.937799967));
#6385=CARTESIAN_POINT('',(9.208437818,-82.896998392,14.125285876));
#6386=CARTESIAN_POINT('',(7.672471751,-81.719957504,14.270840788));
#6387=CARTESIAN_POINT('',(6.652029577,-81.591631549,14.353900396));
#6388=CARTESIAN_POINT('',(6.399084564,-81.591958934,14.374464702));
#6389=CARTESIAN_POINT('',(5.149852428,-86.700253378,10.25117461));
#6390=CARTESIAN_POINT('',(5.196956702,-86.727225643,10.256354299));
#6391=CARTESIAN_POINT('',(5.679177817,-86.982629867,10.308405467));
#6392=CARTESIAN_POINT('',(6.748524308,-87.154014043,10.407328111));
#6393=CARTESIAN_POINT('',(8.148394806,-86.5128594,10.547942543));
#6394=CARTESIAN_POINT('',(8.954957833,-85.200692138,10.688556975));
#6395=CARTESIAN_POINT('',(8.899068671,-83.664236388,10.829171407));
#6396=CARTESIAN_POINT('',(7.99435165,-82.412534358,10.969785839));
#6397=CARTESIAN_POINT('',(6.555830133,-81.884308588,11.11040027));
#6398=CARTESIAN_POINT('',(4.658175366,-82.315285885,11.287470296));
#6399=CARTESIAN_POINT('',(3.378597101,-84.535121925,11.500995915));
#6400=CARTESIAN_POINT('',(4.901843182,-87.143836277,11.750977127));
#6401=CARTESIAN_POINT('',(7.648115604,-87.121590653,11.980126571));
#6402=CARTESIAN_POINT('',(9.072395912,-85.229894137,12.188444248));
#6403=CARTESIAN_POINT('',(8.789665947,-83.131763784,12.375930157));
#6404=CARTESIAN_POINT('',(7.097893858,-81.841829024,12.563416067));
#6405=CARTESIAN_POINT('',(4.994326257,-82.128938707,12.750901976));
#6406=CARTESIAN_POINT('',(3.707215083,-83.817712916,12.938387885));
#6407=CARTESIAN_POINT('',(3.992497309,-85.922866171,13.125873794));
#6408=CARTESIAN_POINT('',(5.681913821,-87.209300815,13.313359703));
#6409=CARTESIAN_POINT('',(7.786743225,-86.924848415,13.500845613));
#6410=CARTESIAN_POINT('',(9.073456144,-85.23503953,13.688331522));
#6411=CARTESIAN_POINT('',(8.789418592,-83.130927224,13.875817431));
#6412=CARTESIAN_POINT('',(7.477263353,-82.130815288,14.021372343));
#6413=CARTESIAN_POINT('',(6.606966581,-82.023675297,14.104431951));
#6414=CARTESIAN_POINT('',(6.391310722,-82.024516747,14.124996257));
#6415=B_SPLINE_SURFACE_WITH_KNOTS('',3,3,((#6311,#6312,#6313,#6314,#6315,#6316,#6317,#6318,#6319,#6320,#6321,#6322,#6323,#6324,#6325,#6326,#6327,#6328,#6329,#6330,#6331,#6332,#6333,#6334,#6335,#6336),(#6337,#6338,#6339,#6340,#6341,#6342,#6343,#6344,#6345,#6346,#6347,#6348,#6349,#6350,#6351,#6352,#6353,#6354,#6355,#6356,#6357,#6358,#6359,#6360,#6361,#6362),(#6363,#6364,#6365,#6366,#6367,#6368,#6369,#6370,#6371,#6372,#6373,#6374,#6375,#6376,#6377,#6378,#6379,#6380,#6381,#6382,#6383,#6384,#6385,#6386,#6387,#6388),(#6389,#6390,#6391,#6392,#6393,#6394,#6395,#6396,#6397,#6398,#6399,#6400,#6401,#6402,#6403,#6404,#6405,#6406,#6407,#6408,#6409,#6410,#6411,#6412,#6413,#6414)),.UNSPECIFIED.,.F.,.F.,.U.,(4,4),(4,1,1,1,1,1,1,1,1,1,1,1,1,1,1,1,1,1,1,1,1,1,1,4),(-0.043409303,0.10644836),(10.468243376,10.533333278,11.122337633,11.711341988,12.300346343,12.889350698,13.478355053,14.067359408,14.656363763,15.703482616,16.750601469,17.797720323,18.583059463,19.368398603,20.153737742,20.939076882,21.724416022,22.509755162,23.295094302,24.080433442,24.865772582,25.651111722,26.436450862,26.694869547),.UNSPECIFIED.);
#6416=CARTESIAN_POINT('',(6.391311883,-82.02445213,14.125033523));
#6417=CARTESIAN_POINT('',(6.732835687,-82.023282266,14.092373635));
#6418=CARTESIAN_POINT('',(7.073505223,-82.092425505,14.059854762));
#6419=CARTESIAN_POINT('',(7.385834513,-82.229452753,14.027304559));
#6420=CARTESIAN_POINT('',(7.698163802,-82.36648,13.994754357));
#6421=CARTESIAN_POINT('',(7.983082077,-82.568028764,13.962218116));
#6422=CARTESIAN_POINT('',(8.21740721,-82.816314297,13.929676532));
#6423=CARTESIAN_POINT('',(8.451732343,-83.06459983,13.897134948));
#6424=CARTESIAN_POINT('',(8.633297961,-83.3608841,13.864587559));
#6425=CARTESIAN_POINT('',(8.746898493,-83.682674038,13.83203158));
#6426=CARTESIAN_POINT('',(8.860499024,-84.004463975,13.799475602));
#6427=CARTESIAN_POINT('',(8.908763214,-84.350248846,13.766903654));
#6428=CARTESIAN_POINT('',(8.887822076,-84.690906482,13.734359669));
#6429=CARTESIAN_POINT('',(8.866880938,-85.031564119,13.701815685));
#6430=CARTESIAN_POINT('',(8.773970342,-85.366311614,13.669339459));
#6431=CARTESIAN_POINT('',(8.616752394,-85.66922267,13.636750336));
#6432=CARTESIAN_POINT('',(8.459534446,-85.972133727,13.604161213));
#6433=CARTESIAN_POINT('',(8.240748372,-86.244073585,13.57161323));
#6434=CARTESIAN_POINT('',(7.977941127,-86.461654368,13.539055773));
#6435=CARTESIAN_POINT('',(7.715133882,-86.679235151,13.506498316));
#6436=CARTESIAN_POINT('',(7.406733101,-86.839486789,13.473907922));
#6437=CARTESIAN_POINT('',(7.078122616,-86.932166146,13.441435216));
#6438=CARTESIAN_POINT('',(6.749512131,-87.024845502,13.408962509));
#6439=CARTESIAN_POINT('',(6.401612989,-87.051587941,13.376466093));
#6440=CARTESIAN_POINT('',(6.063352919,-87.00844057,13.34390839));
#6441=CARTESIAN_POINT('',(5.72509285,-86.965293199,13.311350687));
#6442=CARTESIAN_POINT('',(5.397320195,-86.848943679,13.278667964));
#6443=CARTESIAN_POINT('',(5.104616557,-86.672294521,13.246072092));
#6444=CARTESIAN_POINT('',(4.811912919,-86.495645363,13.21347622));
#6445=CARTESIAN_POINT('',(4.554034223,-86.259947585,13.180875289));
#6446=CARTESIAN_POINT('',(4.354599755,-85.983495013,13.148340296));
#6447=CARTESIAN_POINT('',(3.95573082,-85.430589868,13.08327031));
#6448=CARTESIAN_POINT('',(3.803487913,-84.707948098,13.018397467));
#6449=CARTESIAN_POINT('',(3.934555992,-84.038398429,12.953221763));
#6450=CARTESIAN_POINT('',(4.065624071,-83.36884876,12.88804606));
#6451=CARTESIAN_POINT('',(4.489995089,-82.757028326,12.824585581));
#6452=CARTESIAN_POINT('',(5.067644464,-82.398093673,12.758931966));
#6453=CARTESIAN_POINT('',(5.212056807,-82.308360009,12.742518562));
#6454=CARTESIAN_POINT('',(5.366284923,-82.235051866,12.725643277));
#6455=CARTESIAN_POINT('',(5.526505654,-82.177236176,12.709180072));
#6456=CARTESIAN_POINT('',(5.686726385,-82.119420486,12.692716868));
#6457=CARTESIAN_POINT('',(5.853012599,-82.076087416,12.677199181));
#6458=CARTESIAN_POINT('',(6.022542668,-82.051996278,12.660238158));
#6459=CARTESIAN_POINT('',(6.192072737,-82.02790514,12.643277134));
#6460=CARTESIAN_POINT('',(6.364144218,-82.01868416,12.627440908));
#6461=CARTESIAN_POINT('',(6.535306795,-82.027595636,12.611230181));
#6462=CARTESIAN_POINT('',(6.706469371,-82.036507112,12.595019454));
#6463=CARTESIAN_POINT('',(6.875697329,-82.065914101,12.57704114));
#6464=CARTESIAN_POINT('',(7.040922434,-82.107782792,12.562263195));
#6465=CARTESIAN_POINT('',(7.371372644,-82.191520174,12.532707304));
#6466=CARTESIAN_POINT('',(7.679139299,-82.348567211,12.501423369));
#6467=CARTESIAN_POINT('',(7.943839708,-82.56181033,12.467240952));
#6468=CARTESIAN_POINT('',(8.208540117,-82.77505345,12.433058534));
#6469=CARTESIAN_POINT('',(8.435803107,-83.041914587,12.399592425));
#6470=CARTESIAN_POINT('',(8.598793265,-83.345313031,12.367296166));
#6471=CARTESIAN_POINT('',(8.680288344,-83.497012254,12.351148037));
#6472=CARTESIAN_POINT('',(8.742197852,-83.658377947,12.333135651));
#6473=CARTESIAN_POINT('',(8.7917588,-83.822257238,12.318029427));
#6474=CARTESIAN_POINT('',(8.841319749,-83.986136529,12.302923203));
#6475=CARTESIAN_POINT('',(8.873608193,-84.154378597,12.287657462));
#6476=CARTESIAN_POINT('',(8.888396594,-84.323495587,12.272028522));
#6477=CARTESIAN_POINT('',(8.917973395,-84.661729568,12.240770642));
#6478=CARTESIAN_POINT('',(8.875545014,-85.004767046,12.206696902));
#6479=CARTESIAN_POINT('',(8.762539717,-85.327059804,12.172195081));
#6480=CARTESIAN_POINT('',(8.706037069,-85.488206183,12.15494417));
#6481=CARTESIAN_POINT('',(8.635700416,-85.645484828,12.139689013));
#6482=CARTESIAN_POINT('',(8.548562294,-85.793385359,12.12326234));
#6483=CARTESIAN_POINT('',(8.461424171,-85.94128589,12.106835666));
#6484=CARTESIAN_POINT('',(8.359267572,-86.080363863,12.09028277));
#6485=CARTESIAN_POINT('',(8.245161686,-86.208286217,12.07428554));
#6486=CARTESIAN_POINT('',(8.016949914,-86.464130925,12.04229108));
#6487=CARTESIAN_POINT('',(7.736168832,-86.66947656,12.008781027));
#6488=CARTESIAN_POINT('',(7.425101285,-86.808849054,11.977249127));
#6489=CARTESIAN_POINT('',(6.802966192,-87.087594041,11.914185326));
#6490=CARTESIAN_POINT('',(6.06214634,-87.100435092,11.848689898));
#6491=CARTESIAN_POINT('',(5.430606307,-86.842106965,11.781224138));
#6492=CARTESIAN_POINT('',(4.799066274,-86.583778839,11.713758377));
#6493=CARTESIAN_POINT('',(4.290838788,-86.045108102,11.655170976));
#6494=CARTESIAN_POINT('',(4.048586004,-85.407156453,11.587720068));
#6495=CARTESIAN_POINT('',(3.927459613,-85.088180628,11.553994614));
#6496=CARTESIAN_POINT('',(3.868534537,-84.744710986,11.520102245));
#6497=CARTESIAN_POINT('',(3.885445951,-84.403162191,11.488161951));
#6498=CARTESIAN_POINT('',(3.893901658,-84.232387793,11.472191804));
#6499=CARTESIAN_POINT('',(3.923184542,-84.063118294,11.455220482));
#6500=CARTESIAN_POINT('',(3.967408732,-83.898372471,11.439363592));
#6501=CARTESIAN_POINT('',(4.011632922,-83.733626648,11.423506702));
#6502=CARTESIAN_POINT('',(4.071437214,-83.57300602,11.408424195));
#6503=CARTESIAN_POINT('',(4.147318117,-83.420147546,11.39255655));
#6504=CARTESIAN_POINT('',(4.299079922,-83.114430598,11.36082126));
#6505=CARTESIAN_POINT('',(4.512505647,-82.839623079,11.327216256));
#6506=CARTESIAN_POINT('',(4.771248816,-82.617622058,11.293494911));
#6507=CARTESIAN_POINT('',(4.900620401,-82.506621548,11.276634239));
#6508=CARTESIAN_POINT('',(5.040316987,-82.406681864,11.261157138));
#6509=CARTESIAN_POINT('',(5.190795263,-82.325617146,11.244176601));
#6510=CARTESIAN_POINT('',(5.341273539,-82.244552428,11.227196064));
#6511=CARTESIAN_POINT('',(5.50000098,-82.17872376,11.211064673));
#6512=CARTESIAN_POINT('',(5.663557583,-82.129319411,11.195224551));
#6513=CARTESIAN_POINT('',(6.317783993,-81.931702016,11.131864065));
#6514=CARTESIAN_POINT('',(7.050844051,-82.016166386,11.067269631));
#6515=CARTESIAN_POINT('',(7.642036083,-82.358716181,11.0000529));
#6516=B_SPLINE_CURVE_WITH_KNOTS('',3,(#6416,#6417,#6418,#6419,#6420,#6421,#6422,#6423,#6424,#6425,#6426,#6427,#6428,#6429,#6430,#6431,#6432,#6433,#6434,#6435,#6436,#6437,#6438,#6439,#6440,#6441,
#6442,#6443,#6444,#6445,#6446,#6447,#6448,#6449,#6450,#6451,#6452,#6453,#6454,#6455,#6456,#6457,#6458,#6459,#6460,#6461,#6462,#6463,#6464,#6465,#6466,
#6467,#6468,#6469,#6470,#6471,#6472,#6473,#6474,#6475,#6476,#6477,#6478,#6479,#6480,#6481,#6482,#6483,#6484,#6485,#6486,#6487,#6488,#6489,#6490,#6491,
#6492,#6493,#6494,#6495,#6496,#6497,#6498,#6499,#6500,#6501,#6502,#6503,#6504,#6505,#6506,#6507,#6508,#6509,#6510,#6511,#6512,#6513,#6514,#6515),.UNSPECIFIED.,.F.,.F.,(4,3,3,3,3,3,3,3,3,3,3,3,3,3,3,3,3,3,3,3,3,3,3,3,3,3,
3,3,3,3,3,3,3,4),(12.283488069,12.386656764,12.489825458,12.592994153,12.696162847,12.799331541,12.902500236,13.00566893,13.108837625,13.212006319,13.315175014,13.521512403,13.727849792,13.779434139,13.831018486,13.882602833,13.93418718,14.037355875,14.140524569,14.192108917,14.243693264,14.346861958,14.398446305,14.450030653,14.553199347,14.759536736,
14.965874125,15.069042819,15.120627167,15.172211514,15.275380208,15.326964555,15.378548903,15.584886292),.UNSPECIFIED.);
#6517=EDGE_CURVE('',#3208,#1476,#6516,.T.);
#6518=ORIENTED_EDGE('',*,*,#6517,.T.);
#6519=ORIENTED_EDGE('',*,*,#1593,.T.);
#6520=CARTESIAN_POINT('',(6.389903827,-88.325704693,14.124953505));
#6521=CARTESIAN_POINT('',(5.871465532,-88.327653244,14.092562365));
#6522=CARTESIAN_POINT('',(5.35451029,-88.222617601,14.059943354));
#6523=CARTESIAN_POINT('',(4.880099752,-88.014715489,14.027389284));
#6524=CARTESIAN_POINT('',(4.405689214,-87.806813377,13.994835213));
#6525=CARTESIAN_POINT('',(3.972706327,-87.500686981,13.962267195));
#6526=CARTESIAN_POINT('',(3.616706046,-87.123545487,13.929704555));
#6527=CARTESIAN_POINT('',(3.260705764,-86.746403993,13.897141916));
#6528=CARTESIAN_POINT('',(2.984853652,-86.296449812,13.864580627));
#6529=CARTESIAN_POINT('',(2.812326824,-85.807829036,13.832036402));
#6530=CARTESIAN_POINT('',(2.639799996,-85.319208261,13.799492178));
#6531=CARTESIAN_POINT('',(2.566468665,-84.794288338,13.766974353));
#6532=CARTESIAN_POINT('',(2.598198464,-84.277062504,13.734393438));
#6533=CARTESIAN_POINT('',(2.629928263,-83.75983667,13.701812523));
#6534=CARTESIAN_POINT('',(2.771020278,-83.251405187,13.669160923));
#6535=CARTESIAN_POINT('',(3.00971199,-82.791197142,13.636669243));
#6536=CARTESIAN_POINT('',(3.248403702,-82.330989098,13.604177563));
#6537=CARTESIAN_POINT('',(3.580994091,-81.918206186,13.571621489));
#6538=CARTESIAN_POINT('',(3.980002106,-81.587886265,13.539074765));
#6539=CARTESIAN_POINT('',(4.379010121,-81.257566343,13.506528042));
#6540=CARTESIAN_POINT('',(4.846947812,-81.013651191,13.47403192));
#6541=CARTESIAN_POINT('',(5.346089753,-80.87294354,13.441361468));
#6542=CARTESIAN_POINT('',(5.845231694,-80.73223589,13.408691015));
#6543=CARTESIAN_POINT('',(6.373744386,-80.691652116,13.376059417));
#6544=CARTESIAN_POINT('',(6.887470949,-80.757155895,13.343518027));
#6545=CARTESIAN_POINT('',(7.914924076,-80.888163453,13.278435246));
#6546=CARTESIAN_POINT('',(8.874778007,-81.473082159,13.213684258));
#6547=CARTESIAN_POINT('',(9.481250895,-82.312095379,13.148538971));
#6548=CARTESIAN_POINT('',(10.087723783,-83.1511086,13.083393685));
#6549=CARTESIAN_POINT('',(10.31820938,-84.253107685,13.018064542));
#6550=CARTESIAN_POINT('',(10.119064679,-85.268435282,12.953032376));
#6551=CARTESIAN_POINT('',(9.919919978,-86.28376288,12.88800021));
#6552=CARTESIAN_POINT('',(9.277585601,-87.208602126,12.820302926));
#6553=CARTESIAN_POINT('',(8.399182174,-87.756283667,12.756099489));
#6554=CARTESIAN_POINT('',(7.520778748,-88.303965209,12.691896052));
#6555=CARTESIAN_POINT('',(6.40897689,-88.454954239,12.629353639));
#6556=CARTESIAN_POINT('',(5.407373784,-88.197730898,12.56272294));
#6557=CARTESIAN_POINT('',(4.906572231,-88.069119228,12.52940759));
#6558=CARTESIAN_POINT('',(4.433983688,-87.826888298,12.49139905));
#6559=CARTESIAN_POINT('',(4.027698305,-87.502645216,12.461434368));
#6560=CARTESIAN_POINT('',(3.621412922,-87.178402134,12.431469686));
#6561=CARTESIAN_POINT('',(3.288019928,-86.76824592,12.400303239));
#6562=CARTESIAN_POINT('',(3.045698531,-86.313250667,12.367087605));
#6563=CARTESIAN_POINT('',(2.924537833,-86.085753041,12.350479789));
#6564=CARTESIAN_POINT('',(2.822409307,-85.847647863,12.335416825));
#6565=CARTESIAN_POINT('',(2.747519068,-85.600113167,12.318418175));
#6566=CARTESIAN_POINT('',(2.672628828,-85.35257847,12.301419526));
#6567=CARTESIAN_POINT('',(2.624712324,-85.096584799,12.282872302));
#6568=CARTESIAN_POINT('',(2.602606803,-84.83826476,12.265689805));
#6569=CARTESIAN_POINT('',(2.580501282,-84.57994472,12.248507309));
#6570=CARTESIAN_POINT('',(2.585105044,-84.319236413,12.232723391));
#6571=CARTESIAN_POINT('',(2.616711341,-84.062031649,12.217828836));
#6572=CARTESIAN_POINT('',(2.648317638,-83.804826886,12.20293428));
#6573=CARTESIAN_POINT('',(2.710606741,-83.552126415,12.186326052));
#6574=CARTESIAN_POINT('',(2.794277636,-83.306970196,12.171558866));
#6575=CARTESIAN_POINT('',(2.877948531,-83.061813977,12.156791679));
#6576=CARTESIAN_POINT('',(2.991056297,-82.826965523,12.138908587));
#6577=CARTESIAN_POINT('',(3.122766134,-82.603591583,12.122837277));
#6578=CARTESIAN_POINT('',(3.254475971,-82.380217644,12.106765966));
#6579=CARTESIAN_POINT('',(3.40755472,-82.169164444,12.090875977));
#6580=CARTESIAN_POINT('',(3.580498473,-81.976282319,12.074157065));
#6581=CARTESIAN_POINT('',(3.92638598,-81.59051807,12.040719241));
#6582=CARTESIAN_POINT('',(4.346263129,-81.271923301,12.009590155));
#6583=CARTESIAN_POINT('',(4.818522531,-81.06208608,11.975482003));
#6584=CARTESIAN_POINT('',(5.290781932,-80.852248859,11.94137385));
#6585=CARTESIAN_POINT('',(5.809323809,-80.741721424,11.90741375));
#6586=CARTESIAN_POINT('',(6.329284364,-80.73289992,11.875602893));
#6587=CARTESIAN_POINT('',(6.589264641,-80.728489167,11.859697464));
#6588=CARTESIAN_POINT('',(6.849604721,-80.749477801,11.844579992));
#6589=CARTESIAN_POINT('',(7.104299476,-80.796809193,11.829205823));
#6590=CARTESIAN_POINT('',(7.358994232,-80.844140586,11.813831655));
#6591=CARTESIAN_POINT('',(7.606900933,-80.919950783,11.796697527));
#6592=CARTESIAN_POINT('',(7.845198647,-81.016529029,11.781282236));
#6593=CARTESIAN_POINT('',(8.321794074,-81.209685521,11.750451654));
#6594=CARTESIAN_POINT('',(8.756802678,-81.502589365,11.717777803));
#6595=CARTESIAN_POINT('',(9.114968177,-81.878484039,11.682867992));
#6596=CARTESIAN_POINT('',(9.473133676,-82.254378712,11.64795818));
#6597=CARTESIAN_POINT('',(9.758525888,-82.705397772,11.614049351));
#6598=CARTESIAN_POINT('',(9.945447537,-83.191488999,11.583345641));
#6599=CARTESIAN_POINT('',(10.319290834,-84.163671454,11.52193822));
#6600=CARTESIAN_POINT('',(10.259100649,-85.268972356,11.455125291));
#6601=CARTESIAN_POINT('',(9.795818195,-86.200148619,11.387600035));
#6602=CARTESIAN_POINT('',(9.564176968,-86.665736751,11.353837408));
#6603=CARTESIAN_POINT('',(9.240714481,-87.088036964,11.322653023));
#6604=CARTESIAN_POINT('',(8.847629815,-87.425790649,11.292209616));
#6605=CARTESIAN_POINT('',(8.454545149,-87.763544334,11.261766209));
#6606=CARTESIAN_POINT('',(7.991215493,-88.013459747,11.2290571));
#6607=CARTESIAN_POINT('',(7.495004512,-88.162932182,11.195402161));
#6608=CARTESIAN_POINT('',(6.998793531,-88.312404618,11.161747222));
#6609=CARTESIAN_POINT('',(6.46978,-88.360566815,11.129748565));
#6610=CARTESIAN_POINT('',(5.954796348,-88.300444657,11.097011541));
#6611=CARTESIAN_POINT('',(5.439812696,-88.240322499,11.064274518));
#6612=CARTESIAN_POINT('',(4.938184652,-88.075528412,11.031266474));
#6613=CARTESIAN_POINT('',(4.490077287,-87.818236754,10.99992437));
#6614=B_SPLINE_CURVE_WITH_KNOTS('',3,(#6520,#6521,#6522,#6523,#6524,#6525,#6526,#6527,#6528,#6529,#6530,#6531,#6532,#6533,#6534,#6535,#6536,#6537,#6538,#6539,#6540,#6541,#6542,#6543,#6544,#6545,
#6546,#6547,#6548,#6549,#6550,#6551,#6552,#6553,#6554,#6555,#6556,#6557,#6558,#6559,#6560,#6561,#6562,#6563,#6564,#6565,#6566,#6567,#6568,#6569,#6570,
#6571,#6572,#6573,#6574,#6575,#6576,#6577,#6578,#6579,#6580,#6581,#6582,#6583,#6584,#6585,#6586,#6587,#6588,#6589,#6590,#6591,#6592,#6593,#6594,#6595,
#6596,#6597,#6598,#6599,#6600,#6601,#6602,#6603,#6604,#6605,#6606,#6607,#6608,#6609,#6610,#6611,#6612,#6613),.UNSPECIFIED.,.F.,.F.,(4,3,3,3,3,3,3,3,3,3,3,3,3,3,3,3,3,3,3,3,3,3,3,3,3,3,
3,3,3,3,3,4),(4.802176942,4.958451445,5.114725947,5.271000449,5.427274952,5.583549454,5.739823956,5.896098459,6.052372961,6.364921966,6.677470971,6.990019975,7.30256898,7.458843483,7.615117985,7.693255236,7.771392487,7.849529739,7.92766699,8.005804241,8.083941492,8.240215995,8.396490497,8.474627748,8.552764999,8.709039502,
8.865314004,9.177863009,9.334137511,9.490412014,9.646686516,9.802961018),.UNSPECIFIED.);
#6615=EDGE_CURVE('',#3206,#1474,#6614,.T.);
#6616=ORIENTED_EDGE('',*,*,#6615,.F.);
#6617=ORIENTED_EDGE('',*,*,#3338,.F.);
#6618=EDGE_LOOP('',(#6518,#6519,#6616,#6617));
#6619=FACE_BOUND('',#6618,.T.);
#6620=ADVANCED_FACE('',(#6619),#6415,.F.);
#6621=CARTESIAN_POINT('',(7.642013111,-82.358545655,11.000000164));
#6622=CARTESIAN_POINT('',(7.595069849,-82.331358094,11.005176793));
#6623=CARTESIAN_POINT('',(7.114144497,-82.073591133,11.0572249));
#6624=CARTESIAN_POINT('',(6.04569469,-81.896914354,11.156144483));
#6625=CARTESIAN_POINT('',(4.642660834,-82.531116777,11.296758915));
#6626=CARTESIAN_POINT('',(3.829604927,-83.839275437,11.437373347));
#6627=CARTESIAN_POINT('',(3.877871333,-85.375978848,11.577987779));
#6628=CARTESIAN_POINT('',(4.776377594,-86.632167313,11.718602211));
#6629=CARTESIAN_POINT('',(6.212255187,-87.167497029,11.859216643));
#6630=CARTESIAN_POINT('',(8.112028732,-86.745956225,12.036286668));
#6631=CARTESIAN_POINT('',(9.402607352,-84.532478637,12.249812287));
#6632=CARTESIAN_POINT('',(7.892285632,-81.916236428,12.499793499));
#6633=CARTESIAN_POINT('',(5.145963151,-81.924891509,12.728942944));
#6634=CARTESIAN_POINT('',(3.712304161,-83.809482168,12.937260621));
#6635=CARTESIAN_POINT('',(3.984643073,-85.908995805,13.12474653));
#6636=CARTESIAN_POINT('',(5.669987629,-87.207300107,13.312232439));
#6637=CARTESIAN_POINT('',(7.774958037,-86.930623282,13.499718348));
#6638=CARTESIAN_POINT('',(9.070423728,-85.248251999,13.687204257));
#6639=CARTESIAN_POINT('',(8.795583472,-83.141709654,13.874690167));
#6640=CARTESIAN_POINT('',(7.11256514,-81.8469153,14.062176076));
#6641=CARTESIAN_POINT('',(5.006352188,-82.120928361,14.249661985));
#6642=CARTESIAN_POINT('',(3.711275831,-83.804336704,14.437147894));
#6643=CARTESIAN_POINT('',(3.984880471,-85.909832348,14.624633803));
#6644=CARTESIAN_POINT('',(5.292130729,-86.916492361,14.770196971));
#6645=CARTESIAN_POINT('',(6.161987503,-87.027913195,14.853264836));
#6646=CARTESIAN_POINT('',(6.377732444,-87.028119579,14.873837398));
#6647=CARTESIAN_POINT('',(7.851752887,-81.979912341,10.750531719));
#6648=CARTESIAN_POINT('',(7.796610088,-81.948167641,10.755708348));
#6649=CARTESIAN_POINT('',(7.23174543,-81.647303785,10.807756454));
#6650=CARTESIAN_POINT('',(5.97802233,-81.443346923,10.906676038));
#6651=CARTESIAN_POINT('',(4.334345673,-82.19149189,11.04729047));
#6652=CARTESIAN_POINT('',(3.384713851,-83.728314984,11.187904902));
#6653=CARTESIAN_POINT('',(3.446024257,-85.530563953,11.328519334));
#6654=CARTESIAN_POINT('',(4.503721719,-87.001197981,11.469133766));
#6655=CARTESIAN_POINT('',(6.189496837,-87.624694263,11.609748198));
#6656=CARTESIAN_POINT('',(8.416449155,-87.124462102,11.786818223));
#6657=CARTESIAN_POINT('',(9.923397502,-84.524330259,12.000343842));
#6658=CARTESIAN_POINT('',(8.143944905,-81.460363973,12.250325054));
#6659=CARTESIAN_POINT('',(4.922814131,-81.478911674,12.479474498));
#6660=CARTESIAN_POINT('',(3.247041638,-83.693729844,12.687792175));
#6661=CARTESIAN_POINT('',(3.572885356,-86.155411798,12.875278085));
#6662=CARTESIAN_POINT('',(5.553594547,-87.673037833,13.062763994));
#6663=CARTESIAN_POINT('',(8.02166359,-87.342087345,13.250249903));
#6664=CARTESIAN_POINT('',(9.535969243,-85.364876085,13.437735812));
#6665=CARTESIAN_POINT('',(9.207168093,-82.894956626,13.625221721));
#6666=CARTESIAN_POINT('',(7.229199944,-81.381440987,13.81270763));
#6667=CARTESIAN_POINT('',(4.75966431,-81.709270476,14.00019354));
#6668=CARTESIAN_POINT('',(3.245819099,-83.687697375,14.187679449));
#6669=CARTESIAN_POINT('',(3.573167359,-86.156392275,14.375165358));
#6670=CARTESIAN_POINT('',(5.109517164,-87.333105614,14.520728526));
#6671=CARTESIAN_POINT('',(6.130111144,-87.461130576,14.603796391));
#6672=CARTESIAN_POINT('',(6.383158583,-87.460712814,14.624368953));
#6673=CARTESIAN_POINT('',(8.0630478,-81.602289504,10.500866345));
#6674=CARTESIAN_POINT('',(7.99972741,-81.56595399,10.506042974));
#6675=CARTESIAN_POINT('',(7.351132922,-81.221647443,10.55809108));
#6676=CARTESIAN_POINT('',(5.912308943,-80.989626861,10.657010664));
#6677=CARTESIAN_POINT('',(4.027574949,-81.850651543,10.797625096));
#6678=CARTESIAN_POINT('',(2.940431023,-83.615486402,10.938239528));
#6679=CARTESIAN_POINT('',(3.013646533,-85.683256849,11.07885396));
#6680=CARTESIAN_POINT('',(4.229570695,-87.368951959,11.219468392));
#6681=CARTESIAN_POINT('',(6.164791266,-88.081656921,11.360082824));
#6682=CARTESIAN_POINT('',(8.719159775,-87.504153837,11.537152849));
#6683=CARTESIAN_POINT('',(10.444066265,-84.518411196,11.750678468));
#6684=CARTESIAN_POINT('',(8.397476448,-81.005703657,12.00065968));
#6685=CARTESIAN_POINT('',(4.701638785,-81.032113357,12.229809125));
#6686=CARTESIAN_POINT('',(2.782413027,-83.576022912,12.438126801));
#6687=CARTESIAN_POINT('',(3.160199867,-86.399994192,12.625612711));
#6688=CARTESIAN_POINT('',(5.435245115,-88.138137554,12.81309862));
#6689=CARTESIAN_POINT('',(8.266536639,-87.754482067,13.000584529));
#6690=CARTESIAN_POINT('',(10.00087586,-85.483454739,13.188070438));
#6691=CARTESIAN_POINT('',(9.61968352,-82.650037128,13.375556347));
#6692=CARTESIAN_POINT('',(7.347789019,-80.916605289,13.563042257));
#6693=CARTESIAN_POINT('',(4.51481025,-81.296682341,13.750528166));
#6694=CARTESIAN_POINT('',(2.781000998,-83.569103535,13.938014075));
#6695=CARTESIAN_POINT('',(3.160524558,-86.401118712,14.125499984));
#6696=CARTESIAN_POINT('',(4.925177792,-87.74881227,14.271063152));
#6697=CARTESIAN_POINT('',(6.096392814,-87.894081328,14.354131017));
#6698=CARTESIAN_POINT('',(6.386734241,-87.893199222,14.374703579));
#6699=CARTESIAN_POINT('',(8.274695223,-81.224877497,10.251183792));
#6700=CARTESIAN_POINT('',(8.203201822,-81.183943535,10.256360421));
#6701=CARTESIAN_POINT('',(7.470921014,-80.796116038,10.308408527));
#6702=CARTESIAN_POINT('',(5.847027863,-80.535856883,10.407328111));
#6703=CARTESIAN_POINT('',(3.721136029,-81.509529469,10.547942543));
#6704=CARTESIAN_POINT('',(2.496267425,-83.502239348,10.688556975));
#6705=CARTESIAN_POINT('',(2.581135777,-85.835535339,10.829171407));
#6706=CARTESIAN_POINT('',(3.955078245,-87.736435674,10.969785839));
#6707=CARTESIAN_POINT('',(6.139652804,-88.538583745,11.110400271));
#6708=CARTESIAN_POINT('',(9.021501709,-87.884121977,11.287470296));
#6709=CARTESIAN_POINT('',(10.964726595,-84.512986633,11.500995915));
#6710=CARTESIAN_POINT('',(8.65143231,-80.551296108,11.750977127));
#6711=CARTESIAN_POINT('',(4.480893548,-80.585117737,11.980126572));
#6712=CARTESIAN_POINT('',(2.31790851,-83.457878064,12.188444248));
#6713=CARTESIAN_POINT('',(2.747294091,-86.644178467,12.375930158));
#6714=CARTESIAN_POINT('',(5.316457357,-88.603112157,12.563416067));
#6715=CARTESIAN_POINT('',(8.511011827,-88.167097875,12.750901976));
#6716=CARTESIAN_POINT('',(10.465657151,-85.602471234,12.938387885));
#6717=CARTESIAN_POINT('',(10.032420072,-82.405515771,13.125873794));
#6718=CARTESIAN_POINT('',(7.466815868,-80.451894822,13.313359704));
#6719=CARTESIAN_POINT('',(4.270354398,-80.88387323,13.500845613));
#6720=CARTESIAN_POINT('',(2.316308132,-83.450071832,13.688331522));
#6721=CARTESIAN_POINT('',(2.747660906,-86.645447065,13.875817431));
#6722=CARTESIAN_POINT('',(4.740448976,-88.164332426,14.021380599));
#6723=CARTESIAN_POINT('',(6.062264624,-88.326988252,14.104448464));
#6724=CARTESIAN_POINT('',(6.389899478,-88.32567726,14.125021026));
#6725=B_SPLINE_SURFACE_WITH_KNOTS('',3,3,((#6621,#6622,#6623,#6624,#6625,#6626,#6627,#6628,#6629,#6630,#6631,#6632,#6633,#6634,#6635,#6636,#6637,#6638,#6639,#6640,#6641,#6642,#6643,#6644,#6645,#6646),(#6647,#6648,#6649,#6650,#6651,#6652,#6653,#6654,#6655,#6656,#6657,#6658,#6659,#6660,#6661,#6662,#6663,#6664,#6665,#6666,#6667,#6668,#6669,#6670,#6671,#6672),(#6673,#6674,#6675,#6676,#6677,#6678,#6679,#6680,#6681,#6682,#6683,#6684,#6685,#6686,#6687,#6688,#6689,#6690,#6691,#6692,#6693,#6694,#6695,#6696,#6697,#6698),(#6699,#6700,#6701,#6702,#6703,#6704,#6705,#6706,#6707,#6708,#6709,#6710,#6711,#6712,#6713,#6714,#6715,#6716,#6717,#6718,#6719,#6720,#6721,#6722,#6723,#6724)),.UNSPECIFIED.,.F.,.F.,.U.,(4,4),(4,1,1,1,1,1,1,1,1,1,1,1,1,1,1,1,1,1,1,1,1,1,1,4),(0.170679769,0.320537433),(7.339034499,7.40408594,7.993090295,8.58209465,9.171099005,9.76010336,10.349107715,10.93811207,11.527116425,12.574235278,13.621354131,14.668472984,15.453812124,16.239151264,17.024490404,17.809829544,18.595168684,19.380507824,20.165846964,20.951186104,21.736525244,22.521864384,23.307203524,23.56572596),.UNSPECIFIED.);
#6726=ORIENTED_EDGE('',*,*,#6615,.T.);
#6727=ORIENTED_EDGE('',*,*,#1527,.T.);
#6728=ORIENTED_EDGE('',*,*,#6517,.F.);
#6729=ORIENTED_EDGE('',*,*,#3271,.F.);
#6730=EDGE_LOOP('',(#6726,#6727,#6728,#6729));
#6731=FACE_BOUND('',#6730,.T.);
#6732=ADVANCED_FACE('',(#6731),#6725,.F.);
#6733=CARTESIAN_POINT('',(-8.009981179,-75.318336292,10.999990981));
#6734=CARTESIAN_POINT('',(-7.93865105,-75.359651415,11.005170671));
#6735=CARTESIAN_POINT('',(-7.208266301,-75.75114265,11.057221838));
#6736=CARTESIAN_POINT('',(-5.585632091,-76.019460506,11.156144483));
#6737=CARTESIAN_POINT('',(-3.454941624,-75.056334105,11.296758915));
#6738=CARTESIAN_POINT('',(-2.220203964,-73.069731314,11.437373347));
#6739=CARTESIAN_POINT('',(-2.293509584,-70.736027205,11.577987778));
#6740=CARTESIAN_POINT('',(-3.658001124,-68.828363014,11.71860221));
#6741=CARTESIAN_POINT('',(-5.838582949,-68.015360866,11.859216642));
#6742=CARTESIAN_POINT('',(-8.723633116,-68.655561025,12.036286668));
#6743=CARTESIAN_POINT('',(-10.683532483,-72.017000906,12.249812286));
#6744=CARTESIAN_POINT('',(-8.389951379,-75.99010018,12.499793499));
#6745=CARTESIAN_POINT('',(-4.219255976,-75.976995188,12.728942943));
#6746=CARTESIAN_POINT('',(-2.042080716,-73.114962106,12.93726062));
#6747=CARTESIAN_POINT('',(-2.45564095,-69.926583097,13.124746529));
#6748=CARTESIAN_POINT('',(-5.015077514,-67.954932166,13.312232438));
#6749=CARTESIAN_POINT('',(-8.211746583,-68.375102563,13.499718348));
#6750=CARTESIAN_POINT('',(-10.179087004,-70.930007765,13.687204257));
#6751=CARTESIAN_POINT('',(-9.761703748,-74.129071069,13.874690166));
#6752=CARTESIAN_POINT('',(-7.205818041,-76.095388938,14.062176075));
#6753=CARTESIAN_POINT('',(-4.007252791,-75.67926343,14.249661984));
#6754=CARTESIAN_POINT('',(-2.040509375,-73.122783957,14.437147894));
#6755=CARTESIAN_POINT('',(-2.456010289,-69.925310823,14.624633803));
#6756=CARTESIAN_POINT('',(-4.441137533,-68.396647159,14.770188714));
#6757=CARTESIAN_POINT('',(-5.761975755,-68.227390132,14.853248323));
#6758=CARTESIAN_POINT('',(-6.089480111,-68.22704423,14.873812629));
#6759=CARTESIAN_POINT('',(-7.790828816,-74.945232208,10.750308428));
#6760=CARTESIAN_POINT('',(-7.727582882,-74.981783545,10.755488118));
#6761=CARTESIAN_POINT('',(-7.080003182,-75.32808788,10.807539285));
#6762=CARTESIAN_POINT('',(-5.641843527,-75.56447772,10.90646193));
#6763=CARTESIAN_POINT('',(-3.754510883,-74.709164181,11.047076362));
#6764=CARTESIAN_POINT('',(-2.662019099,-72.947641139,11.187690794));
#6765=CARTESIAN_POINT('',(-2.728973066,-70.87964393,11.328305226));
#6766=CARTESIAN_POINT('',(-3.939774076,-69.190293473,11.468919657));
#6767=CARTESIAN_POINT('',(-5.872835614,-68.471696564,11.609534089));
#6768=CARTESIAN_POINT('',(-8.428934923,-69.041487404,11.786604115));
#6769=CARTESIAN_POINT('',(-10.162870457,-72.021968584,12.000129733));
#6770=CARTESIAN_POINT('',(-8.126973314,-75.540854384,12.250110946));
#6771=CARTESIAN_POINT('',(-4.431037855,-75.525678996,12.47926039));
#6772=CARTESIAN_POINT('',(-2.504132293,-72.987571627,12.687578067));
#6773=CARTESIAN_POINT('',(-2.873341096,-70.162476797,12.875063976));
#6774=CARTESIAN_POINT('',(-5.143120466,-68.417443554,13.062549886));
#6775=CARTESIAN_POINT('',(-7.975556232,-68.792515592,13.250035795));
#6776=CARTESIAN_POINT('',(-9.716773319,-71.058277111,13.437521704));
#6777=CARTESIAN_POINT('',(-9.344169224,-73.892836173,13.625007613));
#6778=CARTESIAN_POINT('',(-7.077539621,-75.633146723,13.812493522));
#6779=CARTESIAN_POINT('',(-4.243420891,-75.261657313,13.999979431));
#6780=CARTESIAN_POINT('',(-2.502733692,-72.994501491,14.187465341));
#6781=CARTESIAN_POINT('',(-2.87366875,-70.161349557,14.37495125));
#6782=CARTESIAN_POINT('',(-4.634134946,-68.808388539,14.520506162));
#6783=CARTESIAN_POINT('',(-5.804767512,-68.659525402,14.60356577));
#6784=CARTESIAN_POINT('',(-6.094992553,-68.659498424,14.624130076));
#6785=CARTESIAN_POINT('',(-7.571316621,-74.572326182,10.500643055));
#6786=CARTESIAN_POINT('',(-7.516150577,-74.604105936,10.505822745));
#6787=CARTESIAN_POINT('',(-6.951335247,-74.905143597,10.557873912));
#6788=CARTESIAN_POINT('',(-5.697624734,-75.10942954,10.656796556));
#6789=CARTESIAN_POINT('',(-4.053758665,-74.361700813,10.797410988));
#6790=CARTESIAN_POINT('',(-3.103730097,-72.82512849,10.93802542));
#6791=CARTESIAN_POINT('',(-3.164584356,-71.022851298,11.078639852));
#6792=CARTESIAN_POINT('',(-4.221897927,-69.551966095,11.219254284));
#6793=CARTESIAN_POINT('',(-5.907522159,-68.928011985,11.359868716));
#6794=CARTESIAN_POINT('',(-8.134595296,-69.427703233,11.536938741));
#6795=CARTESIAN_POINT('',(-9.642199081,-72.02743072,11.75046436));
#6796=CARTESIAN_POINT('',(-7.863562173,-75.091845975,12.000445572));
#6797=CARTESIAN_POINT('',(-4.642396954,-75.074150196,12.229595017));
#6798=CARTESIAN_POINT('',(-2.966075605,-72.859739094,12.437912693));
#6799=CARTESIAN_POINT('',(-3.291275639,-70.397980501,12.625398603));
#6800=CARTESIAN_POINT('',(-5.271605956,-68.879845658,12.812884512));
#6801=CARTESIAN_POINT('',(-7.739755539,-69.210163821,13.000370421));
#6802=CARTESIAN_POINT('',(-9.254569174,-71.186988512,13.18785633));
#6803=CARTESIAN_POINT('',(-8.926399435,-73.656991217,13.375342239));
#6804=CARTESIAN_POINT('',(-6.948819227,-75.171013952,13.562828149));
#6805=CARTESIAN_POINT('',(-4.479198971,-74.843816078,13.750314058));
#6806=CARTESIAN_POINT('',(-2.964848575,-72.865776961,13.937799967));
#6807=CARTESIAN_POINT('',(-3.291562182,-70.396998392,14.125285876));
#6808=CARTESIAN_POINT('',(-4.827528249,-69.219957504,14.270840788));
#6809=CARTESIAN_POINT('',(-5.847970423,-69.091631549,14.353900396));
#6810=CARTESIAN_POINT('',(-6.100915436,-69.091958934,14.374464702));
#6811=CARTESIAN_POINT('',(-7.350147572,-74.200253378,10.25117461));
#6812=CARTESIAN_POINT('',(-7.303043298,-74.227225643,10.256354299));
#6813=CARTESIAN_POINT('',(-6.820822183,-74.482629867,10.308405467));
#6814=CARTESIAN_POINT('',(-5.751475692,-74.654014043,10.407328111));
#6815=CARTESIAN_POINT('',(-4.351605194,-74.0128594,10.547942543));
#6816=CARTESIAN_POINT('',(-3.545042167,-72.700692138,10.688556975));
#6817=CARTESIAN_POINT('',(-3.600931329,-71.164236388,10.829171407));
#6818=CARTESIAN_POINT('',(-4.50564835,-69.912534358,10.969785839));
#6819=CARTESIAN_POINT('',(-5.944169867,-69.384308588,11.11040027));
#6820=CARTESIAN_POINT('',(-7.841824634,-69.815285885,11.287470296));
#6821=CARTESIAN_POINT('',(-9.121402899,-72.035121925,11.500995915));
#6822=CARTESIAN_POINT('',(-7.598156818,-74.643836277,11.750977127));
#6823=CARTESIAN_POINT('',(-4.851884396,-74.621590653,11.980126571));
#6824=CARTESIAN_POINT('',(-3.427604088,-72.729894137,12.188444248));
#6825=CARTESIAN_POINT('',(-3.710334053,-70.631763784,12.375930157));
#6826=CARTESIAN_POINT('',(-5.402106142,-69.341829024,12.563416067));
#6827=CARTESIAN_POINT('',(-7.505673743,-69.628938707,12.750901976));
#6828=CARTESIAN_POINT('',(-8.792784917,-71.317712916,12.938387885));
#6829=CARTESIAN_POINT('',(-8.507502691,-73.422866171,13.125873794));
#6830=CARTESIAN_POINT('',(-6.818086179,-74.709300815,13.313359703));
#6831=CARTESIAN_POINT('',(-4.713256775,-74.424848415,13.500845613));
#6832=CARTESIAN_POINT('',(-3.426543856,-72.73503953,13.688331522));
#6833=CARTESIAN_POINT('',(-3.710581408,-70.630927224,13.875817431));
#6834=CARTESIAN_POINT('',(-5.022736647,-69.630815288,14.021372343));
#6835=CARTESIAN_POINT('',(-5.893033419,-69.523675297,14.104431951));
#6836=CARTESIAN_POINT('',(-6.108689278,-69.524516747,14.124996257));
#6837=B_SPLINE_SURFACE_WITH_KNOTS('',3,3,((#6733,#6734,#6735,#6736,#6737,#6738,#6739,#6740,#6741,#6742,#6743,#6744,#6745,#6746,#6747,#6748,#6749,#6750,#6751,#6752,#6753,#6754,#6755,#6756,#6757,#6758),(#6759,#6760,#6761,#6762,#6763,#6764,#6765,#6766,#6767,#6768,#6769,#6770,#6771,#6772,#6773,#6774,#6775,#6776,#6777,#6778,#6779,#6780,#6781,#6782,#6783,#6784),(#6785,#6786,#6787,#6788,#6789,#6790,#6791,#6792,#6793,#6794,#6795,#6796,#6797,#6798,#6799,#6800,#6801,#6802,#6803,#6804,#6805,#6806,#6807,#6808,#6809,#6810),(#6811,#6812,#6813,#6814,#6815,#6816,#6817,#6818,#6819,#6820,#6821,#6822,#6823,#6824,#6825,#6826,#6827,#6828,#6829,#6830,#6831,#6832,#6833,#6834,#6835,#6836)),.UNSPECIFIED.,.F.,.F.,.U.,(4,4),(4,1,1,1,1,1,1,1,1,1,1,1,1,1,1,1,1,1,1,1,1,1,1,4),(-0.043409303,0.10644836),(10.468243376,10.533333278,11.122337633,11.711341988,12.300346343,12.889350698,13.478355053,14.067359408,14.656363763,15.703482616,16.750601469,17.797720323,18.583059463,19.368398603,20.153737742,20.939076882,21.724416022,22.509755162,23.295094302,24.080433442,24.865772582,25.651111722,26.436450862,26.694869547),.UNSPECIFIED.);
#6838=CARTESIAN_POINT('',(-6.108688117,-69.52445213,14.125033523));
#6839=CARTESIAN_POINT('',(-5.767164313,-69.523282266,14.092373635));
#6840=CARTESIAN_POINT('',(-5.426494777,-69.592425505,14.059854762));
#6841=CARTESIAN_POINT('',(-5.114165487,-69.729452753,14.027304559));
#6842=CARTESIAN_POINT('',(-4.801836198,-69.86648,13.994754357));
#6843=CARTESIAN_POINT('',(-4.516917923,-70.068028764,13.962218116));
#6844=CARTESIAN_POINT('',(-4.28259279,-70.316314297,13.929676532));
#6845=CARTESIAN_POINT('',(-4.048267657,-70.56459983,13.897134948));
#6846=CARTESIAN_POINT('',(-3.866702039,-70.8608841,13.864587559));
#6847=CARTESIAN_POINT('',(-3.753101507,-71.182674038,13.83203158));
#6848=CARTESIAN_POINT('',(-3.639500976,-71.504463975,13.799475602));
#6849=CARTESIAN_POINT('',(-3.591236786,-71.850248846,13.766903654));
#6850=CARTESIAN_POINT('',(-3.612177924,-72.190906482,13.734359669));
#6851=CARTESIAN_POINT('',(-3.633119062,-72.531564119,13.701815685));
#6852=CARTESIAN_POINT('',(-3.726029658,-72.866311614,13.669339459));
#6853=CARTESIAN_POINT('',(-3.883247606,-73.16922267,13.636750336));
#6854=CARTESIAN_POINT('',(-4.040465554,-73.472133727,13.604161213));
#6855=CARTESIAN_POINT('',(-4.259251628,-73.744073585,13.57161323));
#6856=CARTESIAN_POINT('',(-4.522058873,-73.961654368,13.539055773));
#6857=CARTESIAN_POINT('',(-4.784866118,-74.179235151,13.506498316));
#6858=CARTESIAN_POINT('',(-5.093266899,-74.339486789,13.473907922));
#6859=CARTESIAN_POINT('',(-5.421877384,-74.432166146,13.441435216));
#6860=CARTESIAN_POINT('',(-5.750487869,-74.524845502,13.408962509));
#6861=CARTESIAN_POINT('',(-6.098387011,-74.551587941,13.376466093));
#6862=CARTESIAN_POINT('',(-6.436647081,-74.50844057,13.34390839));
#6863=CARTESIAN_POINT('',(-6.77490715,-74.465293199,13.311350687));
#6864=CARTESIAN_POINT('',(-7.102679805,-74.348943679,13.278667964));
#6865=CARTESIAN_POINT('',(-7.395383443,-74.172294521,13.246072092));
#6866=CARTESIAN_POINT('',(-7.688087081,-73.995645363,13.21347622));
#6867=CARTESIAN_POINT('',(-7.945965777,-73.759947585,13.180875289));
#6868=CARTESIAN_POINT('',(-8.145400245,-73.483495013,13.148340296));
#6869=CARTESIAN_POINT('',(-8.54426918,-72.930589868,13.08327031));
#6870=CARTESIAN_POINT('',(-8.696512087,-72.207948098,13.018397467));
#6871=CARTESIAN_POINT('',(-8.565444008,-71.538398429,12.953221763));
#6872=CARTESIAN_POINT('',(-8.434375929,-70.86884876,12.88804606));
#6873=CARTESIAN_POINT('',(-8.010004911,-70.257028326,12.824585581));
#6874=CARTESIAN_POINT('',(-7.432355536,-69.898093673,12.758931966));
#6875=CARTESIAN_POINT('',(-7.287943193,-69.808360009,12.742518562));
#6876=CARTESIAN_POINT('',(-7.133715077,-69.735051866,12.725643277));
#6877=CARTESIAN_POINT('',(-6.973494346,-69.677236176,12.709180072));
#6878=CARTESIAN_POINT('',(-6.813273615,-69.619420486,12.692716868));
#6879=CARTESIAN_POINT('',(-6.646987401,-69.576087416,12.677199181));
#6880=CARTESIAN_POINT('',(-6.477457332,-69.551996278,12.660238158));
#6881=CARTESIAN_POINT('',(-6.307927263,-69.52790514,12.643277134));
#6882=CARTESIAN_POINT('',(-6.135855782,-69.51868416,12.627440908));
#6883=CARTESIAN_POINT('',(-5.964693205,-69.527595636,12.611230181));
#6884=CARTESIAN_POINT('',(-5.793530629,-69.536507112,12.595019454));
#6885=CARTESIAN_POINT('',(-5.624302671,-69.565914101,12.57704114));
#6886=CARTESIAN_POINT('',(-5.459077566,-69.607782792,12.562263195));
#6887=CARTESIAN_POINT('',(-5.128627356,-69.691520174,12.532707304));
#6888=CARTESIAN_POINT('',(-4.820860701,-69.848567211,12.501423369));
#6889=CARTESIAN_POINT('',(-4.556160292,-70.06181033,12.467240952));
#6890=CARTESIAN_POINT('',(-4.291459883,-70.27505345,12.433058534));
#6891=CARTESIAN_POINT('',(-4.064196893,-70.541914587,12.399592425));
#6892=CARTESIAN_POINT('',(-3.901206735,-70.845313031,12.367296166));
#6893=CARTESIAN_POINT('',(-3.819711656,-70.997012254,12.351148037));
#6894=CARTESIAN_POINT('',(-3.757802148,-71.158377947,12.333135651));
#6895=CARTESIAN_POINT('',(-3.7082412,-71.322257238,12.318029427));
#6896=CARTESIAN_POINT('',(-3.658680251,-71.486136529,12.302923203));
#6897=CARTESIAN_POINT('',(-3.626391807,-71.654378597,12.287657462));
#6898=CARTESIAN_POINT('',(-3.611603406,-71.823495587,12.272028522));
#6899=CARTESIAN_POINT('',(-3.582026605,-72.161729568,12.240770642));
#6900=CARTESIAN_POINT('',(-3.624454986,-72.504767046,12.206696902));
#6901=CARTESIAN_POINT('',(-3.737460283,-72.827059804,12.172195081));
#6902=CARTESIAN_POINT('',(-3.793962931,-72.988206183,12.15494417));
#6903=CARTESIAN_POINT('',(-3.864299584,-73.145484828,12.139689013));
#6904=CARTESIAN_POINT('',(-3.951437706,-73.293385359,12.12326234));
#6905=CARTESIAN_POINT('',(-4.038575829,-73.44128589,12.106835666));
#6906=CARTESIAN_POINT('',(-4.140732428,-73.580363863,12.09028277));
#6907=CARTESIAN_POINT('',(-4.254838314,-73.708286217,12.07428554));
#6908=CARTESIAN_POINT('',(-4.483050086,-73.964130925,12.04229108));
#6909=CARTESIAN_POINT('',(-4.763831168,-74.16947656,12.008781027));
#6910=CARTESIAN_POINT('',(-5.074898715,-74.308849054,11.977249127));
#6911=CARTESIAN_POINT('',(-5.697033808,-74.587594041,11.914185326));
#6912=CARTESIAN_POINT('',(-6.43785366,-74.600435092,11.848689898));
#6913=CARTESIAN_POINT('',(-7.069393693,-74.342106965,11.781224138));
#6914=CARTESIAN_POINT('',(-7.700933726,-74.083778839,11.713758377));
#6915=CARTESIAN_POINT('',(-8.209161212,-73.545108102,11.655170976));
#6916=CARTESIAN_POINT('',(-8.451413996,-72.907156453,11.587720068));
#6917=CARTESIAN_POINT('',(-8.572540387,-72.588180628,11.553994614));
#6918=CARTESIAN_POINT('',(-8.631465463,-72.244710986,11.520102245));
#6919=CARTESIAN_POINT('',(-8.614554049,-71.903162191,11.488161951));
#6920=CARTESIAN_POINT('',(-8.606098342,-71.732387793,11.472191804));
#6921=CARTESIAN_POINT('',(-8.576815458,-71.563118294,11.455220482));
#6922=CARTESIAN_POINT('',(-8.532591268,-71.398372471,11.439363592));
#6923=CARTESIAN_POINT('',(-8.488367078,-71.233626648,11.423506702));
#6924=CARTESIAN_POINT('',(-8.428562786,-71.07300602,11.408424195));
#6925=CARTESIAN_POINT('',(-8.352681883,-70.920147546,11.39255655));
#6926=CARTESIAN_POINT('',(-8.200920078,-70.614430598,11.36082126));
#6927=CARTESIAN_POINT('',(-7.987494353,-70.339623079,11.327216256));
#6928=CARTESIAN_POINT('',(-7.728751184,-70.117622058,11.293494911));
#6929=CARTESIAN_POINT('',(-7.599379599,-70.006621548,11.276634239));
#6930=CARTESIAN_POINT('',(-7.459683013,-69.906681864,11.261157138));
#6931=CARTESIAN_POINT('',(-7.309204737,-69.825617146,11.244176601));
#6932=CARTESIAN_POINT('',(-7.158726461,-69.744552428,11.227196064));
#6933=CARTESIAN_POINT('',(-6.99999902,-69.67872376,11.211064673));
#6934=CARTESIAN_POINT('',(-6.836442417,-69.629319411,11.195224551));
#6935=CARTESIAN_POINT('',(-6.182216007,-69.431702016,11.131864065));
#6936=CARTESIAN_POINT('',(-5.449155949,-69.516166386,11.067269631));
#6937=CARTESIAN_POINT('',(-4.857963917,-69.858716181,11.0000529));
#6938=B_SPLINE_CURVE_WITH_KNOTS('',3,(#6838,#6839,#6840,#6841,#6842,#6843,#6844,#6845,#6846,#6847,#6848,#6849,#6850,#6851,#6852,#6853,#6854,#6855,#6856,#6857,#6858,#6859,#6860,#6861,#6862,#6863,
#6864,#6865,#6866,#6867,#6868,#6869,#6870,#6871,#6872,#6873,#6874,#6875,#6876,#6877,#6878,#6879,#6880,#6881,#6882,#6883,#6884,#6885,#6886,#6887,#6888,
#6889,#6890,#6891,#6892,#6893,#6894,#6895,#6896,#6897,#6898,#6899,#6900,#6901,#6902,#6903,#6904,#6905,#6906,#6907,#6908,#6909,#6910,#6911,#6912,#6913,
#6914,#6915,#6916,#6917,#6918,#6919,#6920,#6921,#6922,#6923,#6924,#6925,#6926,#6927,#6928,#6929,#6930,#6931,#6932,#6933,#6934,#6935,#6936,#6937),.UNSPECIFIED.,.F.,.F.,(4,3,3,3,3,3,3,3,3,3,3,3,3,3,3,3,3,3,3,3,3,3,3,3,3,3,
3,3,3,3,3,3,3,4),(12.283488069,12.386656764,12.489825458,12.592994153,12.696162847,12.799331541,12.902500236,13.00566893,13.108837625,13.212006319,13.315175014,13.521512403,13.727849792,13.779434139,13.831018486,13.882602833,13.93418718,14.037355875,14.140524569,14.192108917,14.243693264,14.346861958,14.398446305,14.450030653,14.553199347,14.759536736,
14.965874125,15.069042819,15.120627167,15.172211514,15.275380208,15.326964555,15.378548903,15.584886292),.UNSPECIFIED.);
#6939=EDGE_CURVE('',#3071,#1352,#6938,.T.);
#6940=ORIENTED_EDGE('',*,*,#6939,.T.);
#6941=ORIENTED_EDGE('',*,*,#1469,.T.);
#6942=CARTESIAN_POINT('',(-6.110096173,-75.825704693,14.124953505));
#6943=CARTESIAN_POINT('',(-6.628534468,-75.827653244,14.092562365));
#6944=CARTESIAN_POINT('',(-7.14548971,-75.722617601,14.059943354));
#6945=CARTESIAN_POINT('',(-7.619900248,-75.514715489,14.027389284));
#6946=CARTESIAN_POINT('',(-8.094310786,-75.306813377,13.994835213));
#6947=CARTESIAN_POINT('',(-8.527293673,-75.000686981,13.962267195));
#6948=CARTESIAN_POINT('',(-8.883293954,-74.623545487,13.929704555));
#6949=CARTESIAN_POINT('',(-9.239294236,-74.246403993,13.897141916));
#6950=CARTESIAN_POINT('',(-9.515146348,-73.796449812,13.864580627));
#6951=CARTESIAN_POINT('',(-9.687673176,-73.307829036,13.832036402));
#6952=CARTESIAN_POINT('',(-9.860200004,-72.819208261,13.799492178));
#6953=CARTESIAN_POINT('',(-9.933531335,-72.294288338,13.766974353));
#6954=CARTESIAN_POINT('',(-9.901801536,-71.777062504,13.734393438));
#6955=CARTESIAN_POINT('',(-9.870071737,-71.25983667,13.701812523));
#6956=CARTESIAN_POINT('',(-9.728979722,-70.751405187,13.669160923));
#6957=CARTESIAN_POINT('',(-9.49028801,-70.291197142,13.636669243));
#6958=CARTESIAN_POINT('',(-9.251596298,-69.830989098,13.604177563));
#6959=CARTESIAN_POINT('',(-8.919005909,-69.418206186,13.571621489));
#6960=CARTESIAN_POINT('',(-8.519997894,-69.087886265,13.539074765));
#6961=CARTESIAN_POINT('',(-8.120989879,-68.757566343,13.506528042));
#6962=CARTESIAN_POINT('',(-7.653052188,-68.513651191,13.47403192));
#6963=CARTESIAN_POINT('',(-7.153910247,-68.37294354,13.441361468));
#6964=CARTESIAN_POINT('',(-6.654768306,-68.23223589,13.408691015));
#6965=CARTESIAN_POINT('',(-6.126255614,-68.191652116,13.376059417));
#6966=CARTESIAN_POINT('',(-5.612529051,-68.257155895,13.343518027));
#6967=CARTESIAN_POINT('',(-4.585075924,-68.388163453,13.278435246));
#6968=CARTESIAN_POINT('',(-3.625221993,-68.973082159,13.213684258));
#6969=CARTESIAN_POINT('',(-3.018749105,-69.812095379,13.148538971));
#6970=CARTESIAN_POINT('',(-2.412276217,-70.6511086,13.083393685));
#6971=CARTESIAN_POINT('',(-2.18179062,-71.753107685,13.018064542));
#6972=CARTESIAN_POINT('',(-2.380935321,-72.768435282,12.953032376));
#6973=CARTESIAN_POINT('',(-2.580080022,-73.78376288,12.88800021));
#6974=CARTESIAN_POINT('',(-3.222414399,-74.708602126,12.820302926));
#6975=CARTESIAN_POINT('',(-4.100817826,-75.256283667,12.756099489));
#6976=CARTESIAN_POINT('',(-4.979221252,-75.803965209,12.691896052));
#6977=CARTESIAN_POINT('',(-6.09102311,-75.954954239,12.629353639));
#6978=CARTESIAN_POINT('',(-7.092626216,-75.697730898,12.56272294));
#6979=CARTESIAN_POINT('',(-7.593427769,-75.569119228,12.52940759));
#6980=CARTESIAN_POINT('',(-8.066016312,-75.326888298,12.49139905));
#6981=CARTESIAN_POINT('',(-8.472301695,-75.002645216,12.461434368));
#6982=CARTESIAN_POINT('',(-8.878587078,-74.678402134,12.431469686));
#6983=CARTESIAN_POINT('',(-9.211980072,-74.26824592,12.400303239));
#6984=CARTESIAN_POINT('',(-9.454301469,-73.813250667,12.367087605));
#6985=CARTESIAN_POINT('',(-9.575462167,-73.585753041,12.350479789));
#6986=CARTESIAN_POINT('',(-9.677590693,-73.347647863,12.335416825));
#6987=CARTESIAN_POINT('',(-9.752480932,-73.100113167,12.318418175));
#6988=CARTESIAN_POINT('',(-9.827371172,-72.85257847,12.301419526));
#6989=CARTESIAN_POINT('',(-9.875287676,-72.596584799,12.282872302));
#6990=CARTESIAN_POINT('',(-9.897393197,-72.33826476,12.265689805));
#6991=CARTESIAN_POINT('',(-9.919498718,-72.07994472,12.248507309));
#6992=CARTESIAN_POINT('',(-9.914894956,-71.819236413,12.232723391));
#6993=CARTESIAN_POINT('',(-9.883288659,-71.562031649,12.217828836));
#6994=CARTESIAN_POINT('',(-9.851682362,-71.304826886,12.20293428));
#6995=CARTESIAN_POINT('',(-9.789393259,-71.052126415,12.186326052));
#6996=CARTESIAN_POINT('',(-9.705722364,-70.806970196,12.171558866));
#6997=CARTESIAN_POINT('',(-9.622051469,-70.561813977,12.156791679));
#6998=CARTESIAN_POINT('',(-9.508943703,-70.326965523,12.138908587));
#6999=CARTESIAN_POINT('',(-9.377233866,-70.103591583,12.122837277));
#7000=CARTESIAN_POINT('',(-9.245524029,-69.880217644,12.106765966));
#7001=CARTESIAN_POINT('',(-9.09244528,-69.669164444,12.090875977));
#7002=CARTESIAN_POINT('',(-8.919501527,-69.476282319,12.074157065));
#7003=CARTESIAN_POINT('',(-8.57361402,-69.09051807,12.040719241));
#7004=CARTESIAN_POINT('',(-8.153736871,-68.771923301,12.009590155));
#7005=CARTESIAN_POINT('',(-7.681477469,-68.56208608,11.975482003));
#7006=CARTESIAN_POINT('',(-7.209218068,-68.352248859,11.94137385));
#7007=CARTESIAN_POINT('',(-6.690676191,-68.241721424,11.90741375));
#7008=CARTESIAN_POINT('',(-6.170715636,-68.23289992,11.875602893));
#7009=CARTESIAN_POINT('',(-5.910735359,-68.228489167,11.859697464));
#7010=CARTESIAN_POINT('',(-5.650395279,-68.249477801,11.844579992));
#7011=CARTESIAN_POINT('',(-5.395700524,-68.296809193,11.829205823));
#7012=CARTESIAN_POINT('',(-5.141005768,-68.344140586,11.813831655));
#7013=CARTESIAN_POINT('',(-4.893099067,-68.419950783,11.796697527));
#7014=CARTESIAN_POINT('',(-4.654801353,-68.516529029,11.781282236));
#7015=CARTESIAN_POINT('',(-4.178205926,-68.709685521,11.750451654));
#7016=CARTESIAN_POINT('',(-3.743197322,-69.002589365,11.717777803));
#7017=CARTESIAN_POINT('',(-3.385031823,-69.378484039,11.682867992));
#7018=CARTESIAN_POINT('',(-3.026866324,-69.754378712,11.64795818));
#7019=CARTESIAN_POINT('',(-2.741474112,-70.205397772,11.614049351));
#7020=CARTESIAN_POINT('',(-2.554552463,-70.691488999,11.583345641));
#7021=CARTESIAN_POINT('',(-2.180709166,-71.663671454,11.52193822));
#7022=CARTESIAN_POINT('',(-2.240899351,-72.768972356,11.455125291));
#7023=CARTESIAN_POINT('',(-2.704181805,-73.700148619,11.387600035));
#7024=CARTESIAN_POINT('',(-2.935823032,-74.165736751,11.353837408));
#7025=CARTESIAN_POINT('',(-3.259285519,-74.588036964,11.322653023));
#7026=CARTESIAN_POINT('',(-3.652370185,-74.925790649,11.292209616));
#7027=CARTESIAN_POINT('',(-4.045454851,-75.263544334,11.261766209));
#7028=CARTESIAN_POINT('',(-4.508784507,-75.513459747,11.2290571));
#7029=CARTESIAN_POINT('',(-5.004995488,-75.662932182,11.195402161));
#7030=CARTESIAN_POINT('',(-5.501206469,-75.812404618,11.161747222));
#7031=CARTESIAN_POINT('',(-6.03022,-75.860566815,11.129748565));
#7032=CARTESIAN_POINT('',(-6.545203652,-75.800444657,11.097011541));
#7033=CARTESIAN_POINT('',(-7.060187304,-75.740322499,11.064274518));
#7034=CARTESIAN_POINT('',(-7.561815348,-75.575528412,11.031266474));
#7035=CARTESIAN_POINT('',(-8.009922713,-75.318236754,10.99992437));
#7036=B_SPLINE_CURVE_WITH_KNOTS('',3,(#6942,#6943,#6944,#6945,#6946,#6947,#6948,#6949,#6950,#6951,#6952,#6953,#6954,#6955,#6956,#6957,#6958,#6959,#6960,#6961,#6962,#6963,#6964,#6965,#6966,#6967,
#6968,#6969,#6970,#6971,#6972,#6973,#6974,#6975,#6976,#6977,#6978,#6979,#6980,#6981,#6982,#6983,#6984,#6985,#6986,#6987,#6988,#6989,#6990,#6991,#6992,
#6993,#6994,#6995,#6996,#6997,#6998,#6999,#7000,#7001,#7002,#7003,#7004,#7005,#7006,#7007,#7008,#7009,#7010,#7011,#7012,#7013,#7014,#7015,#7016,#7017,
#7018,#7019,#7020,#7021,#7022,#7023,#7024,#7025,#7026,#7027,#7028,#7029,#7030,#7031,#7032,#7033,#7034,#7035),.UNSPECIFIED.,.F.,.F.,(4,3,3,3,3,3,3,3,3,3,3,3,3,3,3,3,3,3,3,3,3,3,3,3,3,3,
3,3,3,3,3,4),(4.802176942,4.958451445,5.114725947,5.271000449,5.427274952,5.583549454,5.739823956,5.896098459,6.052372961,6.364921966,6.677470971,6.990019975,7.30256898,7.458843483,7.615117985,7.693255236,7.771392487,7.849529739,7.92766699,8.005804241,8.083941492,8.240215995,8.396490497,8.474627748,8.552764999,8.709039502,
8.865314004,9.177863009,9.334137511,9.490412014,9.646686516,9.802961018),.UNSPECIFIED.);
#7037=EDGE_CURVE('',#3069,#1350,#7036,.T.);
#7038=ORIENTED_EDGE('',*,*,#7037,.F.);
#7039=ORIENTED_EDGE('',*,*,#3201,.F.);
#7040=EDGE_LOOP('',(#6940,#6941,#7038,#7039));
#7041=FACE_BOUND('',#7040,.T.);
#7042=ADVANCED_FACE('',(#7041),#6837,.F.);
#7043=CARTESIAN_POINT('',(-4.857986889,-69.858545655,11.000000164));
#7044=CARTESIAN_POINT('',(-4.904930151,-69.831358094,11.005176793));
#7045=CARTESIAN_POINT('',(-5.385855503,-69.573591133,11.0572249));
#7046=CARTESIAN_POINT('',(-6.45430531,-69.396914354,11.156144483));
#7047=CARTESIAN_POINT('',(-7.857339166,-70.031116777,11.296758915));
#7048=CARTESIAN_POINT('',(-8.670395073,-71.339275437,11.437373347));
#7049=CARTESIAN_POINT('',(-8.622128667,-72.875978848,11.577987779));
#7050=CARTESIAN_POINT('',(-7.723622406,-74.132167313,11.718602211));
#7051=CARTESIAN_POINT('',(-6.287744813,-74.667497029,11.859216643));
#7052=CARTESIAN_POINT('',(-4.387971268,-74.245956225,12.036286668));
#7053=CARTESIAN_POINT('',(-3.097392648,-72.032478637,12.249812287));
#7054=CARTESIAN_POINT('',(-4.607714368,-69.416236428,12.499793499));
#7055=CARTESIAN_POINT('',(-7.354036849,-69.424891509,12.728942944));
#7056=CARTESIAN_POINT('',(-8.787695839,-71.309482168,12.937260621));
#7057=CARTESIAN_POINT('',(-8.515356927,-73.408995805,13.12474653));
#7058=CARTESIAN_POINT('',(-6.830012371,-74.707300107,13.312232439));
#7059=CARTESIAN_POINT('',(-4.725041963,-74.430623282,13.499718348));
#7060=CARTESIAN_POINT('',(-3.429576272,-72.748251999,13.687204257));
#7061=CARTESIAN_POINT('',(-3.704416528,-70.641709654,13.874690167));
#7062=CARTESIAN_POINT('',(-5.38743486,-69.3469153,14.062176076));
#7063=CARTESIAN_POINT('',(-7.493647812,-69.620928361,14.249661985));
#7064=CARTESIAN_POINT('',(-8.788724169,-71.304336704,14.437147894));
#7065=CARTESIAN_POINT('',(-8.515119529,-73.409832348,14.624633803));
#7066=CARTESIAN_POINT('',(-7.207869271,-74.416492361,14.770196971));
#7067=CARTESIAN_POINT('',(-6.338012497,-74.527913195,14.853264836));
#7068=CARTESIAN_POINT('',(-6.122267556,-74.528119579,14.873837398));
#7069=CARTESIAN_POINT('',(-4.648247113,-69.479912341,10.750531719));
#7070=CARTESIAN_POINT('',(-4.703389912,-69.448167641,10.755708348));
#7071=CARTESIAN_POINT('',(-5.26825457,-69.147303785,10.807756454));
#7072=CARTESIAN_POINT('',(-6.52197767,-68.943346923,10.906676038));
#7073=CARTESIAN_POINT('',(-8.165654327,-69.69149189,11.04729047));
#7074=CARTESIAN_POINT('',(-9.115286149,-71.228314984,11.187904902));
#7075=CARTESIAN_POINT('',(-9.053975743,-73.030563953,11.328519334));
#7076=CARTESIAN_POINT('',(-7.996278281,-74.501197981,11.469133766));
#7077=CARTESIAN_POINT('',(-6.310503163,-75.124694263,11.609748198));
#7078=CARTESIAN_POINT('',(-4.083550845,-74.624462102,11.786818223));
#7079=CARTESIAN_POINT('',(-2.576602498,-72.024330259,12.000343842));
#7080=CARTESIAN_POINT('',(-4.356055095,-68.960363973,12.250325054));
#7081=CARTESIAN_POINT('',(-7.577185869,-68.978911674,12.479474498));
#7082=CARTESIAN_POINT('',(-9.252958362,-71.193729844,12.687792175));
#7083=CARTESIAN_POINT('',(-8.927114644,-73.655411798,12.875278085));
#7084=CARTESIAN_POINT('',(-6.946405453,-75.173037833,13.062763994));
#7085=CARTESIAN_POINT('',(-4.47833641,-74.842087345,13.250249903));
#7086=CARTESIAN_POINT('',(-2.964030757,-72.864876085,13.437735812));
#7087=CARTESIAN_POINT('',(-3.292831907,-70.394956626,13.625221721));
#7088=CARTESIAN_POINT('',(-5.270800056,-68.881440987,13.81270763));
#7089=CARTESIAN_POINT('',(-7.74033569,-69.209270476,14.00019354));
#7090=CARTESIAN_POINT('',(-9.254180901,-71.187697375,14.187679449));
#7091=CARTESIAN_POINT('',(-8.926832641,-73.656392275,14.375165358));
#7092=CARTESIAN_POINT('',(-7.390482836,-74.833105614,14.520728526));
#7093=CARTESIAN_POINT('',(-6.369888856,-74.961130576,14.603796391));
#7094=CARTESIAN_POINT('',(-6.116841417,-74.960712814,14.624368953));
#7095=CARTESIAN_POINT('',(-4.4369522,-69.102289504,10.500866345));
#7096=CARTESIAN_POINT('',(-4.50027259,-69.06595399,10.506042974));
#7097=CARTESIAN_POINT('',(-5.148867078,-68.721647443,10.55809108));
#7098=CARTESIAN_POINT('',(-6.587691057,-68.489626861,10.657010664));
#7099=CARTESIAN_POINT('',(-8.472425051,-69.350651543,10.797625096));
#7100=CARTESIAN_POINT('',(-9.559568977,-71.115486402,10.938239528));
#7101=CARTESIAN_POINT('',(-9.486353467,-73.183256849,11.07885396));
#7102=CARTESIAN_POINT('',(-8.270429305,-74.868951959,11.219468392));
#7103=CARTESIAN_POINT('',(-6.335208734,-75.581656921,11.360082824));
#7104=CARTESIAN_POINT('',(-3.780840225,-75.004153837,11.537152849));
#7105=CARTESIAN_POINT('',(-2.055933735,-72.018411196,11.750678468));
#7106=CARTESIAN_POINT('',(-4.102523552,-68.505703657,12.00065968));
#7107=CARTESIAN_POINT('',(-7.798361215,-68.532113357,12.229809125));
#7108=CARTESIAN_POINT('',(-9.717586973,-71.076022912,12.438126801));
#7109=CARTESIAN_POINT('',(-9.339800133,-73.899994192,12.625612711));
#7110=CARTESIAN_POINT('',(-7.064754885,-75.638137554,12.81309862));
#7111=CARTESIAN_POINT('',(-4.233463361,-75.254482067,13.000584529));
#7112=CARTESIAN_POINT('',(-2.49912414,-72.983454739,13.188070438));
#7113=CARTESIAN_POINT('',(-2.88031648,-70.150037128,13.375556347));
#7114=CARTESIAN_POINT('',(-5.152210981,-68.416605289,13.563042257));
#7115=CARTESIAN_POINT('',(-7.98518975,-68.796682341,13.750528166));
#7116=CARTESIAN_POINT('',(-9.718999002,-71.069103535,13.938014075));
#7117=CARTESIAN_POINT('',(-9.339475442,-73.901118712,14.125499984));
#7118=CARTESIAN_POINT('',(-7.574822208,-75.24881227,14.271063152));
#7119=CARTESIAN_POINT('',(-6.403607186,-75.394081328,14.354131017));
#7120=CARTESIAN_POINT('',(-6.113265759,-75.393199222,14.374703579));
#7121=CARTESIAN_POINT('',(-4.225304777,-68.724877497,10.251183792));
#7122=CARTESIAN_POINT('',(-4.296798178,-68.683943535,10.256360421));
#7123=CARTESIAN_POINT('',(-5.029078986,-68.296116038,10.308408527));
#7124=CARTESIAN_POINT('',(-6.652972137,-68.035856883,10.407328111));
#7125=CARTESIAN_POINT('',(-8.778863971,-69.009529469,10.547942543));
#7126=CARTESIAN_POINT('',(-10.003732575,-71.002239348,10.688556975));
#7127=CARTESIAN_POINT('',(-9.918864223,-73.335535339,10.829171407));
#7128=CARTESIAN_POINT('',(-8.544921755,-75.236435674,10.969785839));
#7129=CARTESIAN_POINT('',(-6.360347196,-76.038583745,11.110400271));
#7130=CARTESIAN_POINT('',(-3.478498291,-75.384121977,11.287470296));
#7131=CARTESIAN_POINT('',(-1.535273405,-72.012986633,11.500995915));
#7132=CARTESIAN_POINT('',(-3.84856769,-68.051296108,11.750977127));
#7133=CARTESIAN_POINT('',(-8.019106452,-68.085117737,11.980126572));
#7134=CARTESIAN_POINT('',(-10.18209149,-70.957878064,12.188444248));
#7135=CARTESIAN_POINT('',(-9.752705909,-74.144178467,12.375930158));
#7136=CARTESIAN_POINT('',(-7.183542643,-76.103112157,12.563416067));
#7137=CARTESIAN_POINT('',(-3.988988173,-75.667097875,12.750901976));
#7138=CARTESIAN_POINT('',(-2.034342849,-73.102471234,12.938387885));
#7139=CARTESIAN_POINT('',(-2.467579928,-69.905515771,13.125873794));
#7140=CARTESIAN_POINT('',(-5.033184132,-67.951894822,13.313359704));
#7141=CARTESIAN_POINT('',(-8.229645602,-68.38387323,13.500845613));
#7142=CARTESIAN_POINT('',(-10.183691868,-70.950071832,13.688331522));
#7143=CARTESIAN_POINT('',(-9.752339094,-74.145447065,13.875817431));
#7144=CARTESIAN_POINT('',(-7.759551024,-75.664332426,14.021380599));
#7145=CARTESIAN_POINT('',(-6.437735376,-75.826988252,14.104448464));
#7146=CARTESIAN_POINT('',(-6.110100522,-75.82567726,14.125021026));
#7147=B_SPLINE_SURFACE_WITH_KNOTS('',3,3,((#7043,#7044,#7045,#7046,#7047,#7048,#7049,#7050,#7051,#7052,#7053,#7054,#7055,#7056,#7057,#7058,#7059,#7060,#7061,#7062,#7063,#7064,#7065,#7066,#7067,#7068),(#7069,#7070,#7071,#7072,#7073,#7074,#7075,#7076,#7077,#7078,#7079,#7080,#7081,#7082,#7083,#7084,#7085,#7086,#7087,#7088,#7089,#7090,#7091,#7092,#7093,#7094),(#7095,#7096,#7097,#7098,#7099,#7100,#7101,#7102,#7103,#7104,#7105,#7106,#7107,#7108,#7109,#7110,#7111,#7112,#7113,#7114,#7115,#7116,#7117,#7118,#7119,#7120),(#7121,#7122,#7123,#7124,#7125,#7126,#7127,#7128,#7129,#7130,#7131,#7132,#7133,#7134,#7135,#7136,#7137,#7138,#7139,#7140,#7141,#7142,#7143,#7144,#7145,#7146)),.UNSPECIFIED.,.F.,.F.,.U.,(4,4),(4,1,1,1,1,1,1,1,1,1,1,1,1,1,1,1,1,1,1,1,1,1,1,4),(0.170679769,0.320537433),(7.339034499,7.40408594,7.993090295,8.58209465,9.171099005,9.76010336,10.349107715,10.93811207,11.527116425,12.574235278,13.621354131,14.668472984,15.453812124,16.239151264,17.024490404,17.809829544,18.595168684,19.380507824,20.165846964,20.951186104,21.736525244,22.521864384,23.307203524,23.56572596),.UNSPECIFIED.);
#7148=ORIENTED_EDGE('',*,*,#7037,.T.);
#7149=ORIENTED_EDGE('',*,*,#1403,.T.);
#7150=ORIENTED_EDGE('',*,*,#6939,.F.);
#7151=ORIENTED_EDGE('',*,*,#3134,.F.);
#7152=EDGE_LOOP('',(#7148,#7149,#7150,#7151));
#7153=FACE_BOUND('',#7152,.T.);
#7154=ADVANCED_FACE('',(#7153),#7147,.F.);
#7155=CARTESIAN_POINT('',(-8.009981179,-62.818336292,10.999990981));
#7156=CARTESIAN_POINT('',(-7.93865105,-62.859651415,11.005170671));
#7157=CARTESIAN_POINT('',(-7.208266301,-63.25114265,11.057221838));
#7158=CARTESIAN_POINT('',(-5.585632091,-63.519460506,11.156144483));
#7159=CARTESIAN_POINT('',(-3.454941624,-62.556334105,11.296758915));
#7160=CARTESIAN_POINT('',(-2.220203964,-60.569731314,11.437373347));
#7161=CARTESIAN_POINT('',(-2.293509584,-58.236027205,11.577987778));
#7162=CARTESIAN_POINT('',(-3.658001124,-56.328363014,11.71860221));
#7163=CARTESIAN_POINT('',(-5.838582949,-55.515360866,11.859216642));
#7164=CARTESIAN_POINT('',(-8.723633116,-56.155561025,12.036286668));
#7165=CARTESIAN_POINT('',(-10.683532483,-59.517000906,12.249812286));
#7166=CARTESIAN_POINT('',(-8.389951379,-63.49010018,12.499793499));
#7167=CARTESIAN_POINT('',(-4.219255976,-63.476995188,12.728942943));
#7168=CARTESIAN_POINT('',(-2.042080716,-60.614962106,12.93726062));
#7169=CARTESIAN_POINT('',(-2.45564095,-57.426583097,13.124746529));
#7170=CARTESIAN_POINT('',(-5.015077514,-55.454932166,13.312232438));
#7171=CARTESIAN_POINT('',(-8.211746583,-55.875102563,13.499718348));
#7172=CARTESIAN_POINT('',(-10.179087004,-58.430007765,13.687204257));
#7173=CARTESIAN_POINT('',(-9.761703748,-61.629071069,13.874690166));
#7174=CARTESIAN_POINT('',(-7.205818041,-63.595388938,14.062176075));
#7175=CARTESIAN_POINT('',(-4.007252791,-63.17926343,14.249661984));
#7176=CARTESIAN_POINT('',(-2.040509375,-60.622783957,14.437147894));
#7177=CARTESIAN_POINT('',(-2.456010289,-57.425310823,14.624633803));
#7178=CARTESIAN_POINT('',(-4.441137533,-55.896647159,14.770188714));
#7179=CARTESIAN_POINT('',(-5.761975755,-55.727390132,14.853248323));
#7180=CARTESIAN_POINT('',(-6.089480111,-55.72704423,14.873812629));
#7181=CARTESIAN_POINT('',(-7.790828816,-62.445232208,10.750308428));
#7182=CARTESIAN_POINT('',(-7.727582882,-62.481783545,10.755488118));
#7183=CARTESIAN_POINT('',(-7.080003182,-62.82808788,10.807539285));
#7184=CARTESIAN_POINT('',(-5.641843527,-63.06447772,10.90646193));
#7185=CARTESIAN_POINT('',(-3.754510883,-62.209164181,11.047076362));
#7186=CARTESIAN_POINT('',(-2.662019099,-60.447641139,11.187690794));
#7187=CARTESIAN_POINT('',(-2.728973066,-58.37964393,11.328305226));
#7188=CARTESIAN_POINT('',(-3.939774076,-56.690293473,11.468919657));
#7189=CARTESIAN_POINT('',(-5.872835614,-55.971696564,11.609534089));
#7190=CARTESIAN_POINT('',(-8.428934923,-56.541487404,11.786604115));
#7191=CARTESIAN_POINT('',(-10.162870457,-59.521968584,12.000129733));
#7192=CARTESIAN_POINT('',(-8.126973314,-63.040854384,12.250110946));
#7193=CARTESIAN_POINT('',(-4.431037855,-63.025678996,12.47926039));
#7194=CARTESIAN_POINT('',(-2.504132293,-60.487571627,12.687578067));
#7195=CARTESIAN_POINT('',(-2.873341096,-57.662476797,12.875063976));
#7196=CARTESIAN_POINT('',(-5.143120466,-55.917443554,13.062549886));
#7197=CARTESIAN_POINT('',(-7.975556232,-56.292515592,13.250035795));
#7198=CARTESIAN_POINT('',(-9.716773319,-58.558277111,13.437521704));
#7199=CARTESIAN_POINT('',(-9.344169224,-61.392836173,13.625007613));
#7200=CARTESIAN_POINT('',(-7.077539621,-63.133146723,13.812493522));
#7201=CARTESIAN_POINT('',(-4.243420891,-62.761657313,13.999979431));
#7202=CARTESIAN_POINT('',(-2.502733692,-60.494501491,14.187465341));
#7203=CARTESIAN_POINT('',(-2.87366875,-57.661349557,14.37495125));
#7204=CARTESIAN_POINT('',(-4.634134946,-56.308388539,14.520506162));
#7205=CARTESIAN_POINT('',(-5.804767512,-56.159525402,14.60356577));
#7206=CARTESIAN_POINT('',(-6.094992553,-56.159498424,14.624130076));
#7207=CARTESIAN_POINT('',(-7.571316621,-62.072326182,10.500643055));
#7208=CARTESIAN_POINT('',(-7.516150577,-62.104105936,10.505822745));
#7209=CARTESIAN_POINT('',(-6.951335247,-62.405143597,10.557873912));
#7210=CARTESIAN_POINT('',(-5.697624734,-62.60942954,10.656796556));
#7211=CARTESIAN_POINT('',(-4.053758665,-61.861700813,10.797410988));
#7212=CARTESIAN_POINT('',(-3.103730097,-60.32512849,10.93802542));
#7213=CARTESIAN_POINT('',(-3.164584356,-58.522851298,11.078639852));
#7214=CARTESIAN_POINT('',(-4.221897927,-57.051966095,11.219254284));
#7215=CARTESIAN_POINT('',(-5.907522159,-56.428011985,11.359868716));
#7216=CARTESIAN_POINT('',(-8.134595296,-56.927703233,11.536938741));
#7217=CARTESIAN_POINT('',(-9.642199081,-59.52743072,11.75046436));
#7218=CARTESIAN_POINT('',(-7.863562173,-62.591845975,12.000445572));
#7219=CARTESIAN_POINT('',(-4.642396954,-62.574150196,12.229595017));
#7220=CARTESIAN_POINT('',(-2.966075605,-60.359739094,12.437912693));
#7221=CARTESIAN_POINT('',(-3.291275639,-57.897980501,12.625398603));
#7222=CARTESIAN_POINT('',(-5.271605956,-56.379845658,12.812884512));
#7223=CARTESIAN_POINT('',(-7.739755539,-56.710163821,13.000370421));
#7224=CARTESIAN_POINT('',(-9.254569174,-58.686988512,13.18785633));
#7225=CARTESIAN_POINT('',(-8.926399435,-61.156991217,13.375342239));
#7226=CARTESIAN_POINT('',(-6.948819227,-62.671013952,13.562828149));
#7227=CARTESIAN_POINT('',(-4.479198971,-62.343816078,13.750314058));
#7228=CARTESIAN_POINT('',(-2.964848575,-60.365776961,13.937799967));
#7229=CARTESIAN_POINT('',(-3.291562182,-57.896998392,14.125285876));
#7230=CARTESIAN_POINT('',(-4.827528249,-56.719957504,14.270840788));
#7231=CARTESIAN_POINT('',(-5.847970423,-56.591631549,14.353900396));
#7232=CARTESIAN_POINT('',(-6.100915436,-56.591958934,14.374464702));
#7233=CARTESIAN_POINT('',(-7.350147572,-61.700253378,10.25117461));
#7234=CARTESIAN_POINT('',(-7.303043298,-61.727225643,10.256354299));
#7235=CARTESIAN_POINT('',(-6.820822183,-61.982629867,10.308405467));
#7236=CARTESIAN_POINT('',(-5.751475692,-62.154014043,10.407328111));
#7237=CARTESIAN_POINT('',(-4.351605194,-61.5128594,10.547942543));
#7238=CARTESIAN_POINT('',(-3.545042167,-60.200692138,10.688556975));
#7239=CARTESIAN_POINT('',(-3.600931329,-58.664236388,10.829171407));
#7240=CARTESIAN_POINT('',(-4.50564835,-57.412534358,10.969785839));
#7241=CARTESIAN_POINT('',(-5.944169867,-56.884308588,11.11040027));
#7242=CARTESIAN_POINT('',(-7.841824634,-57.315285885,11.287470296));
#7243=CARTESIAN_POINT('',(-9.121402899,-59.535121925,11.500995915));
#7244=CARTESIAN_POINT('',(-7.598156818,-62.143836277,11.750977127));
#7245=CARTESIAN_POINT('',(-4.851884396,-62.121590653,11.980126571));
#7246=CARTESIAN_POINT('',(-3.427604088,-60.229894137,12.188444248));
#7247=CARTESIAN_POINT('',(-3.710334053,-58.131763784,12.375930157));
#7248=CARTESIAN_POINT('',(-5.402106142,-56.841829024,12.563416067));
#7249=CARTESIAN_POINT('',(-7.505673743,-57.128938707,12.750901976));
#7250=CARTESIAN_POINT('',(-8.792784917,-58.817712916,12.938387885));
#7251=CARTESIAN_POINT('',(-8.507502691,-60.922866171,13.125873794));
#7252=CARTESIAN_POINT('',(-6.818086179,-62.209300815,13.313359703));
#7253=CARTESIAN_POINT('',(-4.713256775,-61.924848415,13.500845613));
#7254=CARTESIAN_POINT('',(-3.426543856,-60.23503953,13.688331522));
#7255=CARTESIAN_POINT('',(-3.710581408,-58.130927224,13.875817431));
#7256=CARTESIAN_POINT('',(-5.022736647,-57.130815288,14.021372343));
#7257=CARTESIAN_POINT('',(-5.893033419,-57.023675297,14.104431951));
#7258=CARTESIAN_POINT('',(-6.108689278,-57.024516747,14.124996257));
#7259=B_SPLINE_SURFACE_WITH_KNOTS('',3,3,((#7155,#7156,#7157,#7158,#7159,#7160,#7161,#7162,#7163,#7164,#7165,#7166,#7167,#7168,#7169,#7170,#7171,#7172,#7173,#7174,#7175,#7176,#7177,#7178,#7179,#7180),(#7181,#7182,#7183,#7184,#7185,#7186,#7187,#7188,#7189,#7190,#7191,#7192,#7193,#7194,#7195,#7196,#7197,#7198,#7199,#7200,#7201,#7202,#7203,#7204,#7205,#7206),(#7207,#7208,#7209,#7210,#7211,#7212,#7213,#7214,#7215,#7216,#7217,#7218,#7219,#7220,#7221,#7222,#7223,#7224,#7225,#7226,#7227,#7228,#7229,#7230,#7231,#7232),(#7233,#7234,#7235,#7236,#7237,#7238,#7239,#7240,#7241,#7242,#7243,#7244,#7245,#7246,#7247,#7248,#7249,#7250,#7251,#7252,#7253,#7254,#7255,#7256,#7257,#7258)),.UNSPECIFIED.,.F.,.F.,.U.,(4,4),(4,1,1,1,1,1,1,1,1,1,1,1,1,1,1,1,1,1,1,1,1,1,1,4),(-0.043409303,0.10644836),(10.468243376,10.533333278,11.122337633,11.711341988,12.300346343,12.889350698,13.478355053,14.067359408,14.656363763,15.703482616,16.750601469,17.797720323,18.583059463,19.368398603,20.153737742,20.939076882,21.724416022,22.509755162,23.295094302,24.080433442,24.865772582,25.651111722,26.436450862,26.694869547),.UNSPECIFIED.);
#7260=CARTESIAN_POINT('',(-6.108688117,-57.02445213,14.125033523));
#7261=CARTESIAN_POINT('',(-5.767164313,-57.023282266,14.092373635));
#7262=CARTESIAN_POINT('',(-5.426494777,-57.092425505,14.059854762));
#7263=CARTESIAN_POINT('',(-5.114165487,-57.229452753,14.027304559));
#7264=CARTESIAN_POINT('',(-4.801836198,-57.36648,13.994754357));
#7265=CARTESIAN_POINT('',(-4.516917923,-57.568028764,13.962218116));
#7266=CARTESIAN_POINT('',(-4.28259279,-57.816314297,13.929676532));
#7267=CARTESIAN_POINT('',(-4.048267657,-58.06459983,13.897134948));
#7268=CARTESIAN_POINT('',(-3.866702039,-58.3608841,13.864587559));
#7269=CARTESIAN_POINT('',(-3.753101507,-58.682674038,13.83203158));
#7270=CARTESIAN_POINT('',(-3.639500976,-59.004463975,13.799475602));
#7271=CARTESIAN_POINT('',(-3.591236786,-59.350248846,13.766903654));
#7272=CARTESIAN_POINT('',(-3.612177924,-59.690906482,13.734359669));
#7273=CARTESIAN_POINT('',(-3.633119062,-60.031564119,13.701815685));
#7274=CARTESIAN_POINT('',(-3.726029658,-60.366311614,13.669339459));
#7275=CARTESIAN_POINT('',(-3.883247606,-60.66922267,13.636750336));
#7276=CARTESIAN_POINT('',(-4.040465554,-60.972133727,13.604161213));
#7277=CARTESIAN_POINT('',(-4.259251628,-61.244073585,13.57161323));
#7278=CARTESIAN_POINT('',(-4.522058873,-61.461654368,13.539055773));
#7279=CARTESIAN_POINT('',(-4.784866118,-61.679235151,13.506498316));
#7280=CARTESIAN_POINT('',(-5.093266899,-61.839486789,13.473907922));
#7281=CARTESIAN_POINT('',(-5.421877384,-61.932166146,13.441435216));
#7282=CARTESIAN_POINT('',(-5.750487869,-62.024845502,13.408962509));
#7283=CARTESIAN_POINT('',(-6.098387011,-62.051587941,13.376466093));
#7284=CARTESIAN_POINT('',(-6.436647081,-62.00844057,13.34390839));
#7285=CARTESIAN_POINT('',(-6.77490715,-61.965293199,13.311350687));
#7286=CARTESIAN_POINT('',(-7.102679805,-61.848943679,13.278667964));
#7287=CARTESIAN_POINT('',(-7.395383443,-61.672294521,13.246072092));
#7288=CARTESIAN_POINT('',(-7.688087081,-61.495645363,13.21347622));
#7289=CARTESIAN_POINT('',(-7.945965777,-61.259947585,13.180875289));
#7290=CARTESIAN_POINT('',(-8.145400245,-60.983495013,13.148340296));
#7291=CARTESIAN_POINT('',(-8.54426918,-60.430589868,13.08327031));
#7292=CARTESIAN_POINT('',(-8.696512087,-59.707948098,13.018397467));
#7293=CARTESIAN_POINT('',(-8.565444008,-59.038398429,12.953221763));
#7294=CARTESIAN_POINT('',(-8.434375929,-58.36884876,12.88804606));
#7295=CARTESIAN_POINT('',(-8.010004911,-57.757028326,12.824585581));
#7296=CARTESIAN_POINT('',(-7.432355536,-57.398093673,12.758931966));
#7297=CARTESIAN_POINT('',(-7.287943193,-57.308360009,12.742518562));
#7298=CARTESIAN_POINT('',(-7.133715077,-57.235051866,12.725643277));
#7299=CARTESIAN_POINT('',(-6.973494346,-57.177236176,12.709180072));
#7300=CARTESIAN_POINT('',(-6.813273615,-57.119420486,12.692716868));
#7301=CARTESIAN_POINT('',(-6.646987401,-57.076087416,12.677199181));
#7302=CARTESIAN_POINT('',(-6.477457332,-57.051996278,12.660238158));
#7303=CARTESIAN_POINT('',(-6.307927263,-57.02790514,12.643277134));
#7304=CARTESIAN_POINT('',(-6.135855782,-57.01868416,12.627440908));
#7305=CARTESIAN_POINT('',(-5.964693205,-57.027595636,12.611230181));
#7306=CARTESIAN_POINT('',(-5.793530629,-57.036507112,12.595019454));
#7307=CARTESIAN_POINT('',(-5.624302671,-57.065914101,12.57704114));
#7308=CARTESIAN_POINT('',(-5.459077566,-57.107782792,12.562263195));
#7309=CARTESIAN_POINT('',(-5.128627356,-57.191520174,12.532707304));
#7310=CARTESIAN_POINT('',(-4.820860701,-57.348567211,12.501423369));
#7311=CARTESIAN_POINT('',(-4.556160292,-57.56181033,12.467240952));
#7312=CARTESIAN_POINT('',(-4.291459883,-57.77505345,12.433058534));
#7313=CARTESIAN_POINT('',(-4.064196893,-58.041914587,12.399592425));
#7314=CARTESIAN_POINT('',(-3.901206735,-58.345313031,12.367296166));
#7315=CARTESIAN_POINT('',(-3.819711656,-58.497012254,12.351148037));
#7316=CARTESIAN_POINT('',(-3.757802148,-58.658377947,12.333135651));
#7317=CARTESIAN_POINT('',(-3.7082412,-58.822257238,12.318029427));
#7318=CARTESIAN_POINT('',(-3.658680251,-58.986136529,12.302923203));
#7319=CARTESIAN_POINT('',(-3.626391807,-59.154378597,12.287657462));
#7320=CARTESIAN_POINT('',(-3.611603406,-59.323495587,12.272028522));
#7321=CARTESIAN_POINT('',(-3.582026605,-59.661729568,12.240770642));
#7322=CARTESIAN_POINT('',(-3.624454986,-60.004767046,12.206696902));
#7323=CARTESIAN_POINT('',(-3.737460283,-60.327059804,12.172195081));
#7324=CARTESIAN_POINT('',(-3.793962931,-60.488206183,12.15494417));
#7325=CARTESIAN_POINT('',(-3.864299584,-60.645484828,12.139689013));
#7326=CARTESIAN_POINT('',(-3.951437706,-60.793385359,12.12326234));
#7327=CARTESIAN_POINT('',(-4.038575829,-60.94128589,12.106835666));
#7328=CARTESIAN_POINT('',(-4.140732428,-61.080363863,12.09028277));
#7329=CARTESIAN_POINT('',(-4.254838314,-61.208286217,12.07428554));
#7330=CARTESIAN_POINT('',(-4.483050086,-61.464130925,12.04229108));
#7331=CARTESIAN_POINT('',(-4.763831168,-61.66947656,12.008781027));
#7332=CARTESIAN_POINT('',(-5.074898715,-61.808849054,11.977249127));
#7333=CARTESIAN_POINT('',(-5.697033808,-62.087594041,11.914185326));
#7334=CARTESIAN_POINT('',(-6.43785366,-62.100435092,11.848689898));
#7335=CARTESIAN_POINT('',(-7.069393693,-61.842106965,11.781224138));
#7336=CARTESIAN_POINT('',(-7.700933726,-61.583778839,11.713758377));
#7337=CARTESIAN_POINT('',(-8.209161212,-61.045108102,11.655170976));
#7338=CARTESIAN_POINT('',(-8.451413996,-60.407156453,11.587720068));
#7339=CARTESIAN_POINT('',(-8.572540387,-60.088180628,11.553994614));
#7340=CARTESIAN_POINT('',(-8.631465463,-59.744710986,11.520102245));
#7341=CARTESIAN_POINT('',(-8.614554049,-59.403162191,11.488161951));
#7342=CARTESIAN_POINT('',(-8.606098342,-59.232387793,11.472191804));
#7343=CARTESIAN_POINT('',(-8.576815458,-59.063118294,11.455220482));
#7344=CARTESIAN_POINT('',(-8.532591268,-58.898372471,11.439363592));
#7345=CARTESIAN_POINT('',(-8.488367078,-58.733626648,11.423506702));
#7346=CARTESIAN_POINT('',(-8.428562786,-58.57300602,11.408424195));
#7347=CARTESIAN_POINT('',(-8.352681883,-58.420147546,11.39255655));
#7348=CARTESIAN_POINT('',(-8.200920078,-58.114430598,11.36082126));
#7349=CARTESIAN_POINT('',(-7.987494353,-57.839623079,11.327216256));
#7350=CARTESIAN_POINT('',(-7.728751184,-57.617622058,11.293494911));
#7351=CARTESIAN_POINT('',(-7.599379599,-57.506621548,11.276634239));
#7352=CARTESIAN_POINT('',(-7.459683013,-57.406681864,11.261157138));
#7353=CARTESIAN_POINT('',(-7.309204737,-57.325617146,11.244176601));
#7354=CARTESIAN_POINT('',(-7.158726461,-57.244552428,11.227196064));
#7355=CARTESIAN_POINT('',(-6.99999902,-57.17872376,11.211064673));
#7356=CARTESIAN_POINT('',(-6.836442417,-57.129319411,11.195224551));
#7357=CARTESIAN_POINT('',(-6.182216007,-56.931702016,11.131864065));
#7358=CARTESIAN_POINT('',(-5.449155949,-57.016166386,11.067269631));
#7359=CARTESIAN_POINT('',(-4.857963917,-57.358716181,11.0000529));
#7360=B_SPLINE_CURVE_WITH_KNOTS('',3,(#7260,#7261,#7262,#7263,#7264,#7265,#7266,#7267,#7268,#7269,#7270,#7271,#7272,#7273,#7274,#7275,#7276,#7277,#7278,#7279,#7280,#7281,#7282,#7283,#7284,#7285,
#7286,#7287,#7288,#7289,#7290,#7291,#7292,#7293,#7294,#7295,#7296,#7297,#7298,#7299,#7300,#7301,#7302,#7303,#7304,#7305,#7306,#7307,#7308,#7309,#7310,
#7311,#7312,#7313,#7314,#7315,#7316,#7317,#7318,#7319,#7320,#7321,#7322,#7323,#7324,#7325,#7326,#7327,#7328,#7329,#7330,#7331,#7332,#7333,#7334,#7335,
#7336,#7337,#7338,#7339,#7340,#7341,#7342,#7343,#7344,#7345,#7346,#7347,#7348,#7349,#7350,#7351,#7352,#7353,#7354,#7355,#7356,#7357,#7358,#7359),.UNSPECIFIED.,.F.,.F.,(4,3,3,3,3,3,3,3,3,3,3,3,3,3,3,3,3,3,3,3,3,3,3,3,3,3,
3,3,3,3,3,3,3,4),(12.283488069,12.386656764,12.489825458,12.592994153,12.696162847,12.799331541,12.902500236,13.00566893,13.108837625,13.212006319,13.315175014,13.521512403,13.727849792,13.779434139,13.831018486,13.882602833,13.93418718,14.037355875,14.140524569,14.192108917,14.243693264,14.346861958,14.398446305,14.450030653,14.553199347,14.759536736,
14.965874125,15.069042819,15.120627167,15.172211514,15.275380208,15.326964555,15.378548903,15.584886292),.UNSPECIFIED.);
#7361=EDGE_CURVE('',#2934,#1228,#7360,.T.);
#7362=ORIENTED_EDGE('',*,*,#7361,.T.);
#7363=ORIENTED_EDGE('',*,*,#1345,.T.);
#7364=CARTESIAN_POINT('',(-6.110096173,-63.325704693,14.124953505));
#7365=CARTESIAN_POINT('',(-6.628534468,-63.327653244,14.092562365));
#7366=CARTESIAN_POINT('',(-7.14548971,-63.222617601,14.059943354));
#7367=CARTESIAN_POINT('',(-7.619900248,-63.014715489,14.027389284));
#7368=CARTESIAN_POINT('',(-8.094310786,-62.806813377,13.994835213));
#7369=CARTESIAN_POINT('',(-8.527293673,-62.500686981,13.962267195));
#7370=CARTESIAN_POINT('',(-8.883293954,-62.123545487,13.929704555));
#7371=CARTESIAN_POINT('',(-9.239294236,-61.746403993,13.897141916));
#7372=CARTESIAN_POINT('',(-9.515146348,-61.296449812,13.864580627));
#7373=CARTESIAN_POINT('',(-9.687673176,-60.807829036,13.832036402));
#7374=CARTESIAN_POINT('',(-9.860200004,-60.319208261,13.799492178));
#7375=CARTESIAN_POINT('',(-9.933531335,-59.794288338,13.766974353));
#7376=CARTESIAN_POINT('',(-9.901801536,-59.277062504,13.734393438));
#7377=CARTESIAN_POINT('',(-9.870071737,-58.75983667,13.701812523));
#7378=CARTESIAN_POINT('',(-9.728979722,-58.251405187,13.669160923));
#7379=CARTESIAN_POINT('',(-9.49028801,-57.791197142,13.636669243));
#7380=CARTESIAN_POINT('',(-9.251596298,-57.330989098,13.604177563));
#7381=CARTESIAN_POINT('',(-8.919005909,-56.918206186,13.571621489));
#7382=CARTESIAN_POINT('',(-8.519997894,-56.587886265,13.539074765));
#7383=CARTESIAN_POINT('',(-8.120989879,-56.257566343,13.506528042));
#7384=CARTESIAN_POINT('',(-7.653052188,-56.013651191,13.47403192));
#7385=CARTESIAN_POINT('',(-7.153910247,-55.87294354,13.441361468));
#7386=CARTESIAN_POINT('',(-6.654768306,-55.73223589,13.408691015));
#7387=CARTESIAN_POINT('',(-6.126255614,-55.691652116,13.376059417));
#7388=CARTESIAN_POINT('',(-5.612529051,-55.757155895,13.343518027));
#7389=CARTESIAN_POINT('',(-4.585075924,-55.888163453,13.278435246));
#7390=CARTESIAN_POINT('',(-3.625221993,-56.473082159,13.213684258));
#7391=CARTESIAN_POINT('',(-3.018749105,-57.312095379,13.148538971));
#7392=CARTESIAN_POINT('',(-2.412276217,-58.1511086,13.083393685));
#7393=CARTESIAN_POINT('',(-2.18179062,-59.253107685,13.018064542));
#7394=CARTESIAN_POINT('',(-2.380935321,-60.268435282,12.953032376));
#7395=CARTESIAN_POINT('',(-2.580080022,-61.28376288,12.88800021));
#7396=CARTESIAN_POINT('',(-3.222414399,-62.208602126,12.820302926));
#7397=CARTESIAN_POINT('',(-4.100817826,-62.756283667,12.756099489));
#7398=CARTESIAN_POINT('',(-4.979221252,-63.303965209,12.691896052));
#7399=CARTESIAN_POINT('',(-6.09102311,-63.454954239,12.629353639));
#7400=CARTESIAN_POINT('',(-7.092626216,-63.197730898,12.56272294));
#7401=CARTESIAN_POINT('',(-7.593427769,-63.069119228,12.52940759));
#7402=CARTESIAN_POINT('',(-8.066016312,-62.826888298,12.49139905));
#7403=CARTESIAN_POINT('',(-8.472301695,-62.502645216,12.461434368));
#7404=CARTESIAN_POINT('',(-8.878587078,-62.178402134,12.431469686));
#7405=CARTESIAN_POINT('',(-9.211980072,-61.76824592,12.400303239));
#7406=CARTESIAN_POINT('',(-9.454301469,-61.313250667,12.367087605));
#7407=CARTESIAN_POINT('',(-9.575462167,-61.085753041,12.350479789));
#7408=CARTESIAN_POINT('',(-9.677590693,-60.847647863,12.335416825));
#7409=CARTESIAN_POINT('',(-9.752480932,-60.600113167,12.318418175));
#7410=CARTESIAN_POINT('',(-9.827371172,-60.35257847,12.301419526));
#7411=CARTESIAN_POINT('',(-9.875287676,-60.096584799,12.282872302));
#7412=CARTESIAN_POINT('',(-9.897393197,-59.83826476,12.265689805));
#7413=CARTESIAN_POINT('',(-9.919498718,-59.57994472,12.248507309));
#7414=CARTESIAN_POINT('',(-9.914894956,-59.319236413,12.232723391));
#7415=CARTESIAN_POINT('',(-9.883288659,-59.062031649,12.217828836));
#7416=CARTESIAN_POINT('',(-9.851682362,-58.804826886,12.20293428));
#7417=CARTESIAN_POINT('',(-9.789393259,-58.552126415,12.186326052));
#7418=CARTESIAN_POINT('',(-9.705722364,-58.306970196,12.171558866));
#7419=CARTESIAN_POINT('',(-9.622051469,-58.061813977,12.156791679));
#7420=CARTESIAN_POINT('',(-9.508943703,-57.826965523,12.138908587));
#7421=CARTESIAN_POINT('',(-9.377233866,-57.603591583,12.122837277));
#7422=CARTESIAN_POINT('',(-9.245524029,-57.380217644,12.106765966));
#7423=CARTESIAN_POINT('',(-9.09244528,-57.169164444,12.090875977));
#7424=CARTESIAN_POINT('',(-8.919501527,-56.976282319,12.074157065));
#7425=CARTESIAN_POINT('',(-8.57361402,-56.59051807,12.040719241));
#7426=CARTESIAN_POINT('',(-8.153736871,-56.271923301,12.009590155));
#7427=CARTESIAN_POINT('',(-7.681477469,-56.06208608,11.975482003));
#7428=CARTESIAN_POINT('',(-7.209218068,-55.852248859,11.94137385));
#7429=CARTESIAN_POINT('',(-6.690676191,-55.741721424,11.90741375));
#7430=CARTESIAN_POINT('',(-6.170715636,-55.73289992,11.875602893));
#7431=CARTESIAN_POINT('',(-5.910735359,-55.728489167,11.859697464));
#7432=CARTESIAN_POINT('',(-5.650395279,-55.749477801,11.844579992));
#7433=CARTESIAN_POINT('',(-5.395700524,-55.796809193,11.829205823));
#7434=CARTESIAN_POINT('',(-5.141005768,-55.844140586,11.813831655));
#7435=CARTESIAN_POINT('',(-4.893099067,-55.919950783,11.796697527));
#7436=CARTESIAN_POINT('',(-4.654801353,-56.016529029,11.781282236));
#7437=CARTESIAN_POINT('',(-4.178205926,-56.209685521,11.750451654));
#7438=CARTESIAN_POINT('',(-3.743197322,-56.502589365,11.717777803));
#7439=CARTESIAN_POINT('',(-3.385031823,-56.878484039,11.682867992));
#7440=CARTESIAN_POINT('',(-3.026866324,-57.254378712,11.64795818));
#7441=CARTESIAN_POINT('',(-2.741474112,-57.705397772,11.614049351));
#7442=CARTESIAN_POINT('',(-2.554552463,-58.191488999,11.583345641));
#7443=CARTESIAN_POINT('',(-2.180709166,-59.163671454,11.52193822));
#7444=CARTESIAN_POINT('',(-2.240899351,-60.268972356,11.455125291));
#7445=CARTESIAN_POINT('',(-2.704181805,-61.200148619,11.387600035));
#7446=CARTESIAN_POINT('',(-2.935823032,-61.665736751,11.353837408));
#7447=CARTESIAN_POINT('',(-3.259285519,-62.088036964,11.322653023));
#7448=CARTESIAN_POINT('',(-3.652370185,-62.425790649,11.292209616));
#7449=CARTESIAN_POINT('',(-4.045454851,-62.763544334,11.261766209));
#7450=CARTESIAN_POINT('',(-4.508784507,-63.013459747,11.2290571));
#7451=CARTESIAN_POINT('',(-5.004995488,-63.162932182,11.195402161));
#7452=CARTESIAN_POINT('',(-5.501206469,-63.312404618,11.161747222));
#7453=CARTESIAN_POINT('',(-6.03022,-63.360566815,11.129748565));
#7454=CARTESIAN_POINT('',(-6.545203652,-63.300444657,11.097011541));
#7455=CARTESIAN_POINT('',(-7.060187304,-63.240322499,11.064274518));
#7456=CARTESIAN_POINT('',(-7.561815348,-63.075528412,11.031266474));
#7457=CARTESIAN_POINT('',(-8.009922713,-62.818236754,10.99992437));
#7458=B_SPLINE_CURVE_WITH_KNOTS('',3,(#7364,#7365,#7366,#7367,#7368,#7369,#7370,#7371,#7372,#7373,#7374,#7375,#7376,#7377,#7378,#7379,#7380,#7381,#7382,#7383,#7384,#7385,#7386,#7387,#7388,#7389,
#7390,#7391,#7392,#7393,#7394,#7395,#7396,#7397,#7398,#7399,#7400,#7401,#7402,#7403,#7404,#7405,#7406,#7407,#7408,#7409,#7410,#7411,#7412,#7413,#7414,
#7415,#7416,#7417,#7418,#7419,#7420,#7421,#7422,#7423,#7424,#7425,#7426,#7427,#7428,#7429,#7430,#7431,#7432,#7433,#7434,#7435,#7436,#7437,#7438,#7439,
#7440,#7441,#7442,#7443,#7444,#7445,#7446,#7447,#7448,#7449,#7450,#7451,#7452,#7453,#7454,#7455,#7456,#7457),.UNSPECIFIED.,.F.,.F.,(4,3,3,3,3,3,3,3,3,3,3,3,3,3,3,3,3,3,3,3,3,3,3,3,3,3,
3,3,3,3,3,4),(4.802176942,4.958451445,5.114725947,5.271000449,5.427274952,5.583549454,5.739823956,5.896098459,6.052372961,6.364921966,6.677470971,6.990019975,7.30256898,7.458843483,7.615117985,7.693255236,7.771392487,7.849529739,7.92766699,8.005804241,8.083941492,8.240215995,8.396490497,8.474627748,8.552764999,8.709039502,
8.865314004,9.177863009,9.334137511,9.490412014,9.646686516,9.802961018),.UNSPECIFIED.);
#7459=EDGE_CURVE('',#2932,#1226,#7458,.T.);
#7460=ORIENTED_EDGE('',*,*,#7459,.F.);
#7461=ORIENTED_EDGE('',*,*,#3064,.F.);
#7462=EDGE_LOOP('',(#7362,#7363,#7460,#7461));
#7463=FACE_BOUND('',#7462,.T.);
#7464=ADVANCED_FACE('',(#7463),#7259,.F.);
#7465=CARTESIAN_POINT('',(-4.857986889,-57.358545655,11.000000164));
#7466=CARTESIAN_POINT('',(-4.904930151,-57.331358094,11.005176793));
#7467=CARTESIAN_POINT('',(-5.385855503,-57.073591133,11.0572249));
#7468=CARTESIAN_POINT('',(-6.45430531,-56.896914354,11.156144483));
#7469=CARTESIAN_POINT('',(-7.857339166,-57.531116777,11.296758915));
#7470=CARTESIAN_POINT('',(-8.670395073,-58.839275437,11.437373347));
#7471=CARTESIAN_POINT('',(-8.622128667,-60.375978848,11.577987779));
#7472=CARTESIAN_POINT('',(-7.723622406,-61.632167313,11.718602211));
#7473=CARTESIAN_POINT('',(-6.287744813,-62.167497029,11.859216643));
#7474=CARTESIAN_POINT('',(-4.387971268,-61.745956225,12.036286668));
#7475=CARTESIAN_POINT('',(-3.097392648,-59.532478637,12.249812287));
#7476=CARTESIAN_POINT('',(-4.607714368,-56.916236428,12.499793499));
#7477=CARTESIAN_POINT('',(-7.354036849,-56.924891509,12.728942944));
#7478=CARTESIAN_POINT('',(-8.787695839,-58.809482168,12.937260621));
#7479=CARTESIAN_POINT('',(-8.515356927,-60.908995805,13.12474653));
#7480=CARTESIAN_POINT('',(-6.830012371,-62.207300107,13.312232439));
#7481=CARTESIAN_POINT('',(-4.725041963,-61.930623282,13.499718348));
#7482=CARTESIAN_POINT('',(-3.429576272,-60.248251999,13.687204257));
#7483=CARTESIAN_POINT('',(-3.704416528,-58.141709654,13.874690167));
#7484=CARTESIAN_POINT('',(-5.38743486,-56.8469153,14.062176076));
#7485=CARTESIAN_POINT('',(-7.493647812,-57.120928361,14.249661985));
#7486=CARTESIAN_POINT('',(-8.788724169,-58.804336704,14.437147894));
#7487=CARTESIAN_POINT('',(-8.515119529,-60.909832348,14.624633803));
#7488=CARTESIAN_POINT('',(-7.207869271,-61.916492361,14.770196971));
#7489=CARTESIAN_POINT('',(-6.338012497,-62.027913195,14.853264836));
#7490=CARTESIAN_POINT('',(-6.122267556,-62.028119579,14.873837398));
#7491=CARTESIAN_POINT('',(-4.648247113,-56.979912341,10.750531719));
#7492=CARTESIAN_POINT('',(-4.703389912,-56.948167641,10.755708348));
#7493=CARTESIAN_POINT('',(-5.26825457,-56.647303785,10.807756454));
#7494=CARTESIAN_POINT('',(-6.52197767,-56.443346923,10.906676038));
#7495=CARTESIAN_POINT('',(-8.165654327,-57.19149189,11.04729047));
#7496=CARTESIAN_POINT('',(-9.115286149,-58.728314984,11.187904902));
#7497=CARTESIAN_POINT('',(-9.053975743,-60.530563953,11.328519334));
#7498=CARTESIAN_POINT('',(-7.996278281,-62.001197981,11.469133766));
#7499=CARTESIAN_POINT('',(-6.310503163,-62.624694263,11.609748198));
#7500=CARTESIAN_POINT('',(-4.083550845,-62.124462102,11.786818223));
#7501=CARTESIAN_POINT('',(-2.576602498,-59.524330259,12.000343842));
#7502=CARTESIAN_POINT('',(-4.356055095,-56.460363973,12.250325054));
#7503=CARTESIAN_POINT('',(-7.577185869,-56.478911674,12.479474498));
#7504=CARTESIAN_POINT('',(-9.252958362,-58.693729844,12.687792175));
#7505=CARTESIAN_POINT('',(-8.927114644,-61.155411798,12.875278085));
#7506=CARTESIAN_POINT('',(-6.946405453,-62.673037833,13.062763994));
#7507=CARTESIAN_POINT('',(-4.47833641,-62.342087345,13.250249903));
#7508=CARTESIAN_POINT('',(-2.964030757,-60.364876085,13.437735812));
#7509=CARTESIAN_POINT('',(-3.292831907,-57.894956626,13.625221721));
#7510=CARTESIAN_POINT('',(-5.270800056,-56.381440987,13.81270763));
#7511=CARTESIAN_POINT('',(-7.74033569,-56.709270476,14.00019354));
#7512=CARTESIAN_POINT('',(-9.254180901,-58.687697375,14.187679449));
#7513=CARTESIAN_POINT('',(-8.926832641,-61.156392275,14.375165358));
#7514=CARTESIAN_POINT('',(-7.390482836,-62.333105614,14.520728526));
#7515=CARTESIAN_POINT('',(-6.369888856,-62.461130576,14.603796391));
#7516=CARTESIAN_POINT('',(-6.116841417,-62.460712814,14.624368953));
#7517=CARTESIAN_POINT('',(-4.4369522,-56.602289504,10.500866345));
#7518=CARTESIAN_POINT('',(-4.50027259,-56.56595399,10.506042974));
#7519=CARTESIAN_POINT('',(-5.148867078,-56.221647443,10.55809108));
#7520=CARTESIAN_POINT('',(-6.587691057,-55.989626861,10.657010664));
#7521=CARTESIAN_POINT('',(-8.472425051,-56.850651543,10.797625096));
#7522=CARTESIAN_POINT('',(-9.559568977,-58.615486402,10.938239528));
#7523=CARTESIAN_POINT('',(-9.486353467,-60.683256849,11.07885396));
#7524=CARTESIAN_POINT('',(-8.270429305,-62.368951959,11.219468392));
#7525=CARTESIAN_POINT('',(-6.335208734,-63.081656921,11.360082824));
#7526=CARTESIAN_POINT('',(-3.780840225,-62.504153837,11.537152849));
#7527=CARTESIAN_POINT('',(-2.055933735,-59.518411196,11.750678468));
#7528=CARTESIAN_POINT('',(-4.102523552,-56.005703657,12.00065968));
#7529=CARTESIAN_POINT('',(-7.798361215,-56.032113357,12.229809125));
#7530=CARTESIAN_POINT('',(-9.717586973,-58.576022912,12.438126801));
#7531=CARTESIAN_POINT('',(-9.339800133,-61.399994192,12.625612711));
#7532=CARTESIAN_POINT('',(-7.064754885,-63.138137554,12.81309862));
#7533=CARTESIAN_POINT('',(-4.233463361,-62.754482067,13.000584529));
#7534=CARTESIAN_POINT('',(-2.49912414,-60.483454739,13.188070438));
#7535=CARTESIAN_POINT('',(-2.88031648,-57.650037128,13.375556347));
#7536=CARTESIAN_POINT('',(-5.152210981,-55.916605289,13.563042257));
#7537=CARTESIAN_POINT('',(-7.98518975,-56.296682341,13.750528166));
#7538=CARTESIAN_POINT('',(-9.718999002,-58.569103535,13.938014075));
#7539=CARTESIAN_POINT('',(-9.339475442,-61.401118712,14.125499984));
#7540=CARTESIAN_POINT('',(-7.574822208,-62.74881227,14.271063152));
#7541=CARTESIAN_POINT('',(-6.403607186,-62.894081328,14.354131017));
#7542=CARTESIAN_POINT('',(-6.113265759,-62.893199222,14.374703579));
#7543=CARTESIAN_POINT('',(-4.225304777,-56.224877497,10.251183792));
#7544=CARTESIAN_POINT('',(-4.296798178,-56.183943535,10.256360421));
#7545=CARTESIAN_POINT('',(-5.029078986,-55.796116038,10.308408527));
#7546=CARTESIAN_POINT('',(-6.652972137,-55.535856883,10.407328111));
#7547=CARTESIAN_POINT('',(-8.778863971,-56.509529469,10.547942543));
#7548=CARTESIAN_POINT('',(-10.003732575,-58.502239348,10.688556975));
#7549=CARTESIAN_POINT('',(-9.918864223,-60.835535339,10.829171407));
#7550=CARTESIAN_POINT('',(-8.544921755,-62.736435674,10.969785839));
#7551=CARTESIAN_POINT('',(-6.360347196,-63.538583745,11.110400271));
#7552=CARTESIAN_POINT('',(-3.478498291,-62.884121977,11.287470296));
#7553=CARTESIAN_POINT('',(-1.535273405,-59.512986633,11.500995915));
#7554=CARTESIAN_POINT('',(-3.84856769,-55.551296108,11.750977127));
#7555=CARTESIAN_POINT('',(-8.019106452,-55.585117737,11.980126572));
#7556=CARTESIAN_POINT('',(-10.18209149,-58.457878064,12.188444248));
#7557=CARTESIAN_POINT('',(-9.752705909,-61.644178467,12.375930158));
#7558=CARTESIAN_POINT('',(-7.183542643,-63.603112157,12.563416067));
#7559=CARTESIAN_POINT('',(-3.988988173,-63.167097875,12.750901976));
#7560=CARTESIAN_POINT('',(-2.034342849,-60.602471234,12.938387885));
#7561=CARTESIAN_POINT('',(-2.467579928,-57.405515771,13.125873794));
#7562=CARTESIAN_POINT('',(-5.033184132,-55.451894822,13.313359704));
#7563=CARTESIAN_POINT('',(-8.229645602,-55.88387323,13.500845613));
#7564=CARTESIAN_POINT('',(-10.183691868,-58.450071832,13.688331522));
#7565=CARTESIAN_POINT('',(-9.752339094,-61.645447065,13.875817431));
#7566=CARTESIAN_POINT('',(-7.759551024,-63.164332426,14.021380599));
#7567=CARTESIAN_POINT('',(-6.437735376,-63.326988252,14.104448464));
#7568=CARTESIAN_POINT('',(-6.110100522,-63.32567726,14.125021026));
#7569=B_SPLINE_SURFACE_WITH_KNOTS('',3,3,((#7465,#7466,#7467,#7468,#7469,#7470,#7471,#7472,#7473,#7474,#7475,#7476,#7477,#7478,#7479,#7480,#7481,#7482,#7483,#7484,#7485,#7486,#7487,#7488,#7489,#7490),(#7491,#7492,#7493,#7494,#7495,#7496,#7497,#7498,#7499,#7500,#7501,#7502,#7503,#7504,#7505,#7506,#7507,#7508,#7509,#7510,#7511,#7512,#7513,#7514,#7515,#7516),(#7517,#7518,#7519,#7520,#7521,#7522,#7523,#7524,#7525,#7526,#7527,#7528,#7529,#7530,#7531,#7532,#7533,#7534,#7535,#7536,#7537,#7538,#7539,#7540,#7541,#7542),(#7543,#7544,#7545,#7546,#7547,#7548,#7549,#7550,#7551,#7552,#7553,#7554,#7555,#7556,#7557,#7558,#7559,#7560,#7561,#7562,#7563,#7564,#7565,#7566,#7567,#7568)),.UNSPECIFIED.,.F.,.F.,.U.,(4,4),(4,1,1,1,1,1,1,1,1,1,1,1,1,1,1,1,1,1,1,1,1,1,1,4),(0.170679769,0.320537433),(7.339034499,7.40408594,7.993090295,8.58209465,9.171099005,9.76010336,10.349107715,10.93811207,11.527116425,12.574235278,13.621354131,14.668472984,15.453812124,16.239151264,17.024490404,17.809829544,18.595168684,19.380507824,20.165846964,20.951186104,21.736525244,22.521864384,23.307203524,23.56572596),.UNSPECIFIED.);
#7570=ORIENTED_EDGE('',*,*,#7459,.T.);
#7571=ORIENTED_EDGE('',*,*,#1279,.T.);
#7572=ORIENTED_EDGE('',*,*,#7361,.F.);
#7573=ORIENTED_EDGE('',*,*,#2997,.F.);
#7574=EDGE_LOOP('',(#7570,#7571,#7572,#7573));
#7575=FACE_BOUND('',#7574,.T.);
#7576=ADVANCED_FACE('',(#7575),#7569,.F.);
#7577=CARTESIAN_POINT('',(4.490018821,-37.818336292,10.999990981));
#7578=CARTESIAN_POINT('',(4.56134895,-37.859651415,11.005170671));
#7579=CARTESIAN_POINT('',(5.291733699,-38.25114265,11.057221838));
#7580=CARTESIAN_POINT('',(6.914367909,-38.519460506,11.156144483));
#7581=CARTESIAN_POINT('',(9.045058376,-37.556334105,11.296758915));
#7582=CARTESIAN_POINT('',(10.279796036,-35.569731314,11.437373347));
#7583=CARTESIAN_POINT('',(10.206490416,-33.236027205,11.577987778));
#7584=CARTESIAN_POINT('',(8.841998876,-31.328363014,11.71860221));
#7585=CARTESIAN_POINT('',(6.661417051,-30.515360866,11.859216642));
#7586=CARTESIAN_POINT('',(3.776366884,-31.155561025,12.036286668));
#7587=CARTESIAN_POINT('',(1.816467517,-34.517000906,12.249812286));
#7588=CARTESIAN_POINT('',(4.110048621,-38.49010018,12.499793499));
#7589=CARTESIAN_POINT('',(8.280744024,-38.476995188,12.728942943));
#7590=CARTESIAN_POINT('',(10.457919284,-35.614962106,12.93726062));
#7591=CARTESIAN_POINT('',(10.04435905,-32.426583097,13.124746529));
#7592=CARTESIAN_POINT('',(7.484922486,-30.454932166,13.312232438));
#7593=CARTESIAN_POINT('',(4.288253417,-30.875102563,13.499718348));
#7594=CARTESIAN_POINT('',(2.320912996,-33.430007765,13.687204257));
#7595=CARTESIAN_POINT('',(2.738296252,-36.629071069,13.874690166));
#7596=CARTESIAN_POINT('',(5.294181959,-38.595388938,14.062176075));
#7597=CARTESIAN_POINT('',(8.492747209,-38.17926343,14.249661984));
#7598=CARTESIAN_POINT('',(10.459490625,-35.622783957,14.437147894));
#7599=CARTESIAN_POINT('',(10.043989711,-32.425310823,14.624633803));
#7600=CARTESIAN_POINT('',(8.058862467,-30.896647159,14.770188714));
#7601=CARTESIAN_POINT('',(6.738024245,-30.727390132,14.853248323));
#7602=CARTESIAN_POINT('',(6.410519889,-30.72704423,14.873812629));
#7603=CARTESIAN_POINT('',(4.709171184,-37.445232208,10.750308428));
#7604=CARTESIAN_POINT('',(4.772417118,-37.481783545,10.755488118));
#7605=CARTESIAN_POINT('',(5.419996818,-37.82808788,10.807539285));
#7606=CARTESIAN_POINT('',(6.858156473,-38.06447772,10.90646193));
#7607=CARTESIAN_POINT('',(8.745489117,-37.209164181,11.047076362));
#7608=CARTESIAN_POINT('',(9.837980901,-35.447641139,11.187690794));
#7609=CARTESIAN_POINT('',(9.771026934,-33.37964393,11.328305226));
#7610=CARTESIAN_POINT('',(8.560225924,-31.690293473,11.468919657));
#7611=CARTESIAN_POINT('',(6.627164386,-30.971696564,11.609534089));
#7612=CARTESIAN_POINT('',(4.071065077,-31.541487404,11.786604115));
#7613=CARTESIAN_POINT('',(2.337129543,-34.521968584,12.000129733));
#7614=CARTESIAN_POINT('',(4.373026686,-38.040854384,12.250110946));
#7615=CARTESIAN_POINT('',(8.068962145,-38.025678996,12.47926039));
#7616=CARTESIAN_POINT('',(9.995867707,-35.487571627,12.687578067));
#7617=CARTESIAN_POINT('',(9.626658904,-32.662476797,12.875063976));
#7618=CARTESIAN_POINT('',(7.356879534,-30.917443554,13.062549886));
#7619=CARTESIAN_POINT('',(4.524443768,-31.292515592,13.250035795));
#7620=CARTESIAN_POINT('',(2.783226681,-33.558277111,13.437521704));
#7621=CARTESIAN_POINT('',(3.155830776,-36.392836173,13.625007613));
#7622=CARTESIAN_POINT('',(5.422460379,-38.133146723,13.812493522));
#7623=CARTESIAN_POINT('',(8.256579109,-37.761657313,13.999979431));
#7624=CARTESIAN_POINT('',(9.997266308,-35.494501491,14.187465341));
#7625=CARTESIAN_POINT('',(9.62633125,-32.661349557,14.37495125));
#7626=CARTESIAN_POINT('',(7.865865054,-31.308388539,14.520506162));
#7627=CARTESIAN_POINT('',(6.695232488,-31.159525402,14.60356577));
#7628=CARTESIAN_POINT('',(6.405007447,-31.159498424,14.624130076));
#7629=CARTESIAN_POINT('',(4.928683379,-37.072326182,10.500643055));
#7630=CARTESIAN_POINT('',(4.983849423,-37.104105936,10.505822745));
#7631=CARTESIAN_POINT('',(5.548664753,-37.405143597,10.557873912));
#7632=CARTESIAN_POINT('',(6.802375266,-37.60942954,10.656796556));
#7633=CARTESIAN_POINT('',(8.446241335,-36.861700813,10.797410988));
#7634=CARTESIAN_POINT('',(9.396269903,-35.32512849,10.93802542));
#7635=CARTESIAN_POINT('',(9.335415644,-33.522851298,11.078639852));
#7636=CARTESIAN_POINT('',(8.278102073,-32.051966095,11.219254284));
#7637=CARTESIAN_POINT('',(6.592477841,-31.428011985,11.359868716));
#7638=CARTESIAN_POINT('',(4.365404704,-31.927703233,11.536938741));
#7639=CARTESIAN_POINT('',(2.857800919,-34.52743072,11.75046436));
#7640=CARTESIAN_POINT('',(4.636437827,-37.591845975,12.000445572));
#7641=CARTESIAN_POINT('',(7.857603046,-37.574150196,12.229595017));
#7642=CARTESIAN_POINT('',(9.533924395,-35.359739094,12.437912693));
#7643=CARTESIAN_POINT('',(9.208724361,-32.897980501,12.625398603));
#7644=CARTESIAN_POINT('',(7.228394044,-31.379845658,12.812884512));
#7645=CARTESIAN_POINT('',(4.760244461,-31.710163821,13.000370421));
#7646=CARTESIAN_POINT('',(3.245430826,-33.686988512,13.18785633));
#7647=CARTESIAN_POINT('',(3.573600565,-36.156991217,13.375342239));
#7648=CARTESIAN_POINT('',(5.551180773,-37.671013952,13.562828149));
#7649=CARTESIAN_POINT('',(8.020801029,-37.343816078,13.750314058));
#7650=CARTESIAN_POINT('',(9.535151425,-35.365776961,13.937799967));
#7651=CARTESIAN_POINT('',(9.208437818,-32.896998392,14.125285876));
#7652=CARTESIAN_POINT('',(7.672471751,-31.719957504,14.270840788));
#7653=CARTESIAN_POINT('',(6.652029577,-31.591631549,14.353900396));
#7654=CARTESIAN_POINT('',(6.399084564,-31.591958934,14.374464702));
#7655=CARTESIAN_POINT('',(5.149852428,-36.700253378,10.25117461));
#7656=CARTESIAN_POINT('',(5.196956702,-36.727225643,10.256354299));
#7657=CARTESIAN_POINT('',(5.679177817,-36.982629867,10.308405467));
#7658=CARTESIAN_POINT('',(6.748524308,-37.154014043,10.407328111));
#7659=CARTESIAN_POINT('',(8.148394806,-36.5128594,10.547942543));
#7660=CARTESIAN_POINT('',(8.954957833,-35.200692138,10.688556975));
#7661=CARTESIAN_POINT('',(8.899068671,-33.664236388,10.829171407));
#7662=CARTESIAN_POINT('',(7.99435165,-32.412534358,10.969785839));
#7663=CARTESIAN_POINT('',(6.555830133,-31.884308588,11.11040027));
#7664=CARTESIAN_POINT('',(4.658175366,-32.315285885,11.287470296));
#7665=CARTESIAN_POINT('',(3.378597101,-34.535121925,11.500995915));
#7666=CARTESIAN_POINT('',(4.901843182,-37.143836277,11.750977127));
#7667=CARTESIAN_POINT('',(7.648115604,-37.121590653,11.980126571));
#7668=CARTESIAN_POINT('',(9.072395912,-35.229894137,12.188444248));
#7669=CARTESIAN_POINT('',(8.789665947,-33.131763784,12.375930157));
#7670=CARTESIAN_POINT('',(7.097893858,-31.841829024,12.563416067));
#7671=CARTESIAN_POINT('',(4.994326257,-32.128938707,12.750901976));
#7672=CARTESIAN_POINT('',(3.707215083,-33.817712916,12.938387885));
#7673=CARTESIAN_POINT('',(3.992497309,-35.922866171,13.125873794));
#7674=CARTESIAN_POINT('',(5.681913821,-37.209300815,13.313359703));
#7675=CARTESIAN_POINT('',(7.786743225,-36.924848415,13.500845613));
#7676=CARTESIAN_POINT('',(9.073456144,-35.23503953,13.688331522));
#7677=CARTESIAN_POINT('',(8.789418592,-33.130927224,13.875817431));
#7678=CARTESIAN_POINT('',(7.477263353,-32.130815288,14.021372343));
#7679=CARTESIAN_POINT('',(6.606966581,-32.023675297,14.104431951));
#7680=CARTESIAN_POINT('',(6.391310722,-32.024516747,14.124996257));
#7681=B_SPLINE_SURFACE_WITH_KNOTS('',3,3,((#7577,#7578,#7579,#7580,#7581,#7582,#7583,#7584,#7585,#7586,#7587,#7588,#7589,#7590,#7591,#7592,#7593,#7594,#7595,#7596,#7597,#7598,#7599,#7600,#7601,#7602),(#7603,#7604,#7605,#7606,#7607,#7608,#7609,#7610,#7611,#7612,#7613,#7614,#7615,#7616,#7617,#7618,#7619,#7620,#7621,#7622,#7623,#7624,#7625,#7626,#7627,#7628),(#7629,#7630,#7631,#7632,#7633,#7634,#7635,#7636,#7637,#7638,#7639,#7640,#7641,#7642,#7643,#7644,#7645,#7646,#7647,#7648,#7649,#7650,#7651,#7652,#7653,#7654),(#7655,#7656,#7657,#7658,#7659,#7660,#7661,#7662,#7663,#7664,#7665,#7666,#7667,#7668,#7669,#7670,#7671,#7672,#7673,#7674,#7675,#7676,#7677,#7678,#7679,#7680)),.UNSPECIFIED.,.F.,.F.,.U.,(4,4),(4,1,1,1,1,1,1,1,1,1,1,1,1,1,1,1,1,1,1,1,1,1,1,4),(-0.043409303,0.10644836),(10.468243376,10.533333278,11.122337633,11.711341988,12.300346343,12.889350698,13.478355053,14.067359408,14.656363763,15.703482616,16.750601469,17.797720323,18.583059463,19.368398603,20.153737742,20.939076882,21.724416022,22.509755162,23.295094302,24.080433442,24.865772582,25.651111722,26.436450862,26.694869547),.UNSPECIFIED.);
#7682=CARTESIAN_POINT('',(6.391311883,-32.02445213,14.125033523));
#7683=CARTESIAN_POINT('',(6.732835687,-32.023282266,14.092373635));
#7684=CARTESIAN_POINT('',(7.073505223,-32.092425505,14.059854762));
#7685=CARTESIAN_POINT('',(7.385834513,-32.229452753,14.027304559));
#7686=CARTESIAN_POINT('',(7.698163802,-32.36648,13.994754357));
#7687=CARTESIAN_POINT('',(7.983082077,-32.568028764,13.962218116));
#7688=CARTESIAN_POINT('',(8.21740721,-32.816314297,13.929676532));
#7689=CARTESIAN_POINT('',(8.451732343,-33.06459983,13.897134948));
#7690=CARTESIAN_POINT('',(8.633297961,-33.3608841,13.864587559));
#7691=CARTESIAN_POINT('',(8.746898493,-33.682674038,13.83203158));
#7692=CARTESIAN_POINT('',(8.860499024,-34.004463975,13.799475602));
#7693=CARTESIAN_POINT('',(8.908763214,-34.350248846,13.766903654));
#7694=CARTESIAN_POINT('',(8.887822076,-34.690906482,13.734359669));
#7695=CARTESIAN_POINT('',(8.866880938,-35.031564119,13.701815685));
#7696=CARTESIAN_POINT('',(8.773970342,-35.366311614,13.669339459));
#7697=CARTESIAN_POINT('',(8.616752394,-35.66922267,13.636750336));
#7698=CARTESIAN_POINT('',(8.459534446,-35.972133727,13.604161213));
#7699=CARTESIAN_POINT('',(8.240748372,-36.244073585,13.57161323));
#7700=CARTESIAN_POINT('',(7.977941127,-36.461654368,13.539055773));
#7701=CARTESIAN_POINT('',(7.715133882,-36.679235151,13.506498316));
#7702=CARTESIAN_POINT('',(7.406733101,-36.839486789,13.473907922));
#7703=CARTESIAN_POINT('',(7.078122616,-36.932166146,13.441435216));
#7704=CARTESIAN_POINT('',(6.749512131,-37.024845502,13.408962509));
#7705=CARTESIAN_POINT('',(6.401612989,-37.051587941,13.376466093));
#7706=CARTESIAN_POINT('',(6.063352919,-37.00844057,13.34390839));
#7707=CARTESIAN_POINT('',(5.72509285,-36.965293199,13.311350687));
#7708=CARTESIAN_POINT('',(5.397320195,-36.848943679,13.278667964));
#7709=CARTESIAN_POINT('',(5.104616557,-36.672294521,13.246072092));
#7710=CARTESIAN_POINT('',(4.811912919,-36.495645363,13.21347622));
#7711=CARTESIAN_POINT('',(4.554034223,-36.259947585,13.180875289));
#7712=CARTESIAN_POINT('',(4.354599755,-35.983495013,13.148340296));
#7713=CARTESIAN_POINT('',(3.95573082,-35.430589868,13.08327031));
#7714=CARTESIAN_POINT('',(3.803487913,-34.707948098,13.018397467));
#7715=CARTESIAN_POINT('',(3.934555992,-34.038398429,12.953221763));
#7716=CARTESIAN_POINT('',(4.065624071,-33.36884876,12.88804606));
#7717=CARTESIAN_POINT('',(4.489995089,-32.757028326,12.824585581));
#7718=CARTESIAN_POINT('',(5.067644464,-32.398093673,12.758931966));
#7719=CARTESIAN_POINT('',(5.212056807,-32.308360009,12.742518562));
#7720=CARTESIAN_POINT('',(5.366284923,-32.235051866,12.725643277));
#7721=CARTESIAN_POINT('',(5.526505654,-32.177236176,12.709180072));
#7722=CARTESIAN_POINT('',(5.686726385,-32.119420486,12.692716868));
#7723=CARTESIAN_POINT('',(5.853012599,-32.076087416,12.677199181));
#7724=CARTESIAN_POINT('',(6.022542668,-32.051996278,12.660238158));
#7725=CARTESIAN_POINT('',(6.192072737,-32.02790514,12.643277134));
#7726=CARTESIAN_POINT('',(6.364144218,-32.01868416,12.627440908));
#7727=CARTESIAN_POINT('',(6.535306795,-32.027595636,12.611230181));
#7728=CARTESIAN_POINT('',(6.706469371,-32.036507112,12.595019454));
#7729=CARTESIAN_POINT('',(6.875697329,-32.065914101,12.57704114));
#7730=CARTESIAN_POINT('',(7.040922434,-32.107782792,12.562263195));
#7731=CARTESIAN_POINT('',(7.371372644,-32.191520174,12.532707304));
#7732=CARTESIAN_POINT('',(7.679139299,-32.348567211,12.501423369));
#7733=CARTESIAN_POINT('',(7.943839708,-32.56181033,12.467240952));
#7734=CARTESIAN_POINT('',(8.208540117,-32.77505345,12.433058534));
#7735=CARTESIAN_POINT('',(8.435803107,-33.041914587,12.399592425));
#7736=CARTESIAN_POINT('',(8.598793265,-33.345313031,12.367296166));
#7737=CARTESIAN_POINT('',(8.680288344,-33.497012254,12.351148037));
#7738=CARTESIAN_POINT('',(8.742197852,-33.658377947,12.333135651));
#7739=CARTESIAN_POINT('',(8.7917588,-33.822257238,12.318029427));
#7740=CARTESIAN_POINT('',(8.841319749,-33.986136529,12.302923203));
#7741=CARTESIAN_POINT('',(8.873608193,-34.154378597,12.287657462));
#7742=CARTESIAN_POINT('',(8.888396594,-34.323495587,12.272028522));
#7743=CARTESIAN_POINT('',(8.917973395,-34.661729568,12.240770642));
#7744=CARTESIAN_POINT('',(8.875545014,-35.004767046,12.206696902));
#7745=CARTESIAN_POINT('',(8.762539717,-35.327059804,12.172195081));
#7746=CARTESIAN_POINT('',(8.706037069,-35.488206183,12.15494417));
#7747=CARTESIAN_POINT('',(8.635700416,-35.645484828,12.139689013));
#7748=CARTESIAN_POINT('',(8.548562294,-35.793385359,12.12326234));
#7749=CARTESIAN_POINT('',(8.461424171,-35.94128589,12.106835666));
#7750=CARTESIAN_POINT('',(8.359267572,-36.080363863,12.09028277));
#7751=CARTESIAN_POINT('',(8.245161686,-36.208286217,12.07428554));
#7752=CARTESIAN_POINT('',(8.016949914,-36.464130925,12.04229108));
#7753=CARTESIAN_POINT('',(7.736168832,-36.66947656,12.008781027));
#7754=CARTESIAN_POINT('',(7.425101285,-36.808849054,11.977249127));
#7755=CARTESIAN_POINT('',(6.802966192,-37.087594041,11.914185326));
#7756=CARTESIAN_POINT('',(6.06214634,-37.100435092,11.848689898));
#7757=CARTESIAN_POINT('',(5.430606307,-36.842106965,11.781224138));
#7758=CARTESIAN_POINT('',(4.799066274,-36.583778839,11.713758377));
#7759=CARTESIAN_POINT('',(4.290838788,-36.045108102,11.655170976));
#7760=CARTESIAN_POINT('',(4.048586004,-35.407156453,11.587720068));
#7761=CARTESIAN_POINT('',(3.927459613,-35.088180628,11.553994614));
#7762=CARTESIAN_POINT('',(3.868534537,-34.744710986,11.520102245));
#7763=CARTESIAN_POINT('',(3.885445951,-34.403162191,11.488161951));
#7764=CARTESIAN_POINT('',(3.893901658,-34.232387793,11.472191804));
#7765=CARTESIAN_POINT('',(3.923184542,-34.063118294,11.455220482));
#7766=CARTESIAN_POINT('',(3.967408732,-33.898372471,11.439363592));
#7767=CARTESIAN_POINT('',(4.011632922,-33.733626648,11.423506702));
#7768=CARTESIAN_POINT('',(4.071437214,-33.57300602,11.408424195));
#7769=CARTESIAN_POINT('',(4.147318117,-33.420147546,11.39255655));
#7770=CARTESIAN_POINT('',(4.299079922,-33.114430598,11.36082126));
#7771=CARTESIAN_POINT('',(4.512505647,-32.839623079,11.327216256));
#7772=CARTESIAN_POINT('',(4.771248816,-32.617622058,11.293494911));
#7773=CARTESIAN_POINT('',(4.900620401,-32.506621548,11.276634239));
#7774=CARTESIAN_POINT('',(5.040316987,-32.406681864,11.261157138));
#7775=CARTESIAN_POINT('',(5.190795263,-32.325617146,11.244176601));
#7776=CARTESIAN_POINT('',(5.341273539,-32.244552428,11.227196064));
#7777=CARTESIAN_POINT('',(5.50000098,-32.17872376,11.211064673));
#7778=CARTESIAN_POINT('',(5.663557583,-32.129319411,11.195224551));
#7779=CARTESIAN_POINT('',(6.317783993,-31.931702016,11.131864065));
#7780=CARTESIAN_POINT('',(7.050844051,-32.016166386,11.067269631));
#7781=CARTESIAN_POINT('',(7.642036083,-32.358716181,11.0000529));
#7782=B_SPLINE_CURVE_WITH_KNOTS('',3,(#7682,#7683,#7684,#7685,#7686,#7687,#7688,#7689,#7690,#7691,#7692,#7693,#7694,#7695,#7696,#7697,#7698,#7699,#7700,#7701,#7702,#7703,#7704,#7705,#7706,#7707,
#7708,#7709,#7710,#7711,#7712,#7713,#7714,#7715,#7716,#7717,#7718,#7719,#7720,#7721,#7722,#7723,#7724,#7725,#7726,#7727,#7728,#7729,#7730,#7731,#7732,
#7733,#7734,#7735,#7736,#7737,#7738,#7739,#7740,#7741,#7742,#7743,#7744,#7745,#7746,#7747,#7748,#7749,#7750,#7751,#7752,#7753,#7754,#7755,#7756,#7757,
#7758,#7759,#7760,#7761,#7762,#7763,#7764,#7765,#7766,#7767,#7768,#7769,#7770,#7771,#7772,#7773,#7774,#7775,#7776,#7777,#7778,#7779,#7780,#7781),.UNSPECIFIED.,.F.,.F.,(4,3,3,3,3,3,3,3,3,3,3,3,3,3,3,3,3,3,3,3,3,3,3,3,3,3,
3,3,3,3,3,3,3,4),(12.283488069,12.386656764,12.489825458,12.592994153,12.696162847,12.799331541,12.902500236,13.00566893,13.108837625,13.212006319,13.315175014,13.521512403,13.727849792,13.779434139,13.831018486,13.882602833,13.93418718,14.037355875,14.140524569,14.192108917,14.243693264,14.346861958,14.398446305,14.450030653,14.553199347,14.759536736,
14.965874125,15.069042819,15.120627167,15.172211514,15.275380208,15.326964555,15.378548903,15.584886292),.UNSPECIFIED.);
#7783=EDGE_CURVE('',#2797,#1104,#7782,.T.);
#7784=ORIENTED_EDGE('',*,*,#7783,.T.);
#7785=ORIENTED_EDGE('',*,*,#1221,.T.);
#7786=CARTESIAN_POINT('',(6.389903827,-38.325704693,14.124953505));
#7787=CARTESIAN_POINT('',(5.871465532,-38.327653244,14.092562365));
#7788=CARTESIAN_POINT('',(5.35451029,-38.222617601,14.059943354));
#7789=CARTESIAN_POINT('',(4.880099752,-38.014715489,14.027389284));
#7790=CARTESIAN_POINT('',(4.405689214,-37.806813377,13.994835213));
#7791=CARTESIAN_POINT('',(3.972706327,-37.500686981,13.962267195));
#7792=CARTESIAN_POINT('',(3.616706046,-37.123545487,13.929704555));
#7793=CARTESIAN_POINT('',(3.260705764,-36.746403993,13.897141916));
#7794=CARTESIAN_POINT('',(2.984853652,-36.296449812,13.864580627));
#7795=CARTESIAN_POINT('',(2.812326824,-35.807829036,13.832036402));
#7796=CARTESIAN_POINT('',(2.639799996,-35.319208261,13.799492178));
#7797=CARTESIAN_POINT('',(2.566468665,-34.794288338,13.766974353));
#7798=CARTESIAN_POINT('',(2.598198464,-34.277062504,13.734393438));
#7799=CARTESIAN_POINT('',(2.629928263,-33.75983667,13.701812523));
#7800=CARTESIAN_POINT('',(2.771020278,-33.251405187,13.669160923));
#7801=CARTESIAN_POINT('',(3.00971199,-32.791197142,13.636669243));
#7802=CARTESIAN_POINT('',(3.248403702,-32.330989098,13.604177563));
#7803=CARTESIAN_POINT('',(3.580994091,-31.918206186,13.571621489));
#7804=CARTESIAN_POINT('',(3.980002106,-31.587886265,13.539074765));
#7805=CARTESIAN_POINT('',(4.379010121,-31.257566343,13.506528042));
#7806=CARTESIAN_POINT('',(4.846947812,-31.013651191,13.47403192));
#7807=CARTESIAN_POINT('',(5.346089753,-30.87294354,13.441361468));
#7808=CARTESIAN_POINT('',(5.845231694,-30.73223589,13.408691015));
#7809=CARTESIAN_POINT('',(6.373744386,-30.691652116,13.376059417));
#7810=CARTESIAN_POINT('',(6.887470949,-30.757155895,13.343518027));
#7811=CARTESIAN_POINT('',(7.914924076,-30.888163453,13.278435246));
#7812=CARTESIAN_POINT('',(8.874778007,-31.473082159,13.213684258));
#7813=CARTESIAN_POINT('',(9.481250895,-32.312095379,13.148538971));
#7814=CARTESIAN_POINT('',(10.087723783,-33.1511086,13.083393685));
#7815=CARTESIAN_POINT('',(10.31820938,-34.253107685,13.018064542));
#7816=CARTESIAN_POINT('',(10.119064679,-35.268435282,12.953032376));
#7817=CARTESIAN_POINT('',(9.919919978,-36.28376288,12.88800021));
#7818=CARTESIAN_POINT('',(9.277585601,-37.208602126,12.820302926));
#7819=CARTESIAN_POINT('',(8.399182174,-37.756283667,12.756099489));
#7820=CARTESIAN_POINT('',(7.520778748,-38.303965209,12.691896052));
#7821=CARTESIAN_POINT('',(6.40897689,-38.454954239,12.629353639));
#7822=CARTESIAN_POINT('',(5.407373784,-38.197730898,12.56272294));
#7823=CARTESIAN_POINT('',(4.906572231,-38.069119228,12.52940759));
#7824=CARTESIAN_POINT('',(4.433983688,-37.826888298,12.49139905));
#7825=CARTESIAN_POINT('',(4.027698305,-37.502645216,12.461434368));
#7826=CARTESIAN_POINT('',(3.621412922,-37.178402134,12.431469686));
#7827=CARTESIAN_POINT('',(3.288019928,-36.76824592,12.400303239));
#7828=CARTESIAN_POINT('',(3.045698531,-36.313250667,12.367087605));
#7829=CARTESIAN_POINT('',(2.924537833,-36.085753041,12.350479789));
#7830=CARTESIAN_POINT('',(2.822409307,-35.847647863,12.335416825));
#7831=CARTESIAN_POINT('',(2.747519068,-35.600113167,12.318418175));
#7832=CARTESIAN_POINT('',(2.672628828,-35.35257847,12.301419526));
#7833=CARTESIAN_POINT('',(2.624712324,-35.096584799,12.282872302));
#7834=CARTESIAN_POINT('',(2.602606803,-34.83826476,12.265689805));
#7835=CARTESIAN_POINT('',(2.580501282,-34.57994472,12.248507309));
#7836=CARTESIAN_POINT('',(2.585105044,-34.319236413,12.232723391));
#7837=CARTESIAN_POINT('',(2.616711341,-34.062031649,12.217828836));
#7838=CARTESIAN_POINT('',(2.648317638,-33.804826886,12.20293428));
#7839=CARTESIAN_POINT('',(2.710606741,-33.552126415,12.186326052));
#7840=CARTESIAN_POINT('',(2.794277636,-33.306970196,12.171558866));
#7841=CARTESIAN_POINT('',(2.877948531,-33.061813977,12.156791679));
#7842=CARTESIAN_POINT('',(2.991056297,-32.826965523,12.138908587));
#7843=CARTESIAN_POINT('',(3.122766134,-32.603591583,12.122837277));
#7844=CARTESIAN_POINT('',(3.254475971,-32.380217644,12.106765966));
#7845=CARTESIAN_POINT('',(3.40755472,-32.169164444,12.090875977));
#7846=CARTESIAN_POINT('',(3.580498473,-31.976282319,12.074157065));
#7847=CARTESIAN_POINT('',(3.92638598,-31.59051807,12.040719241));
#7848=CARTESIAN_POINT('',(4.346263129,-31.271923301,12.009590155));
#7849=CARTESIAN_POINT('',(4.818522531,-31.06208608,11.975482003));
#7850=CARTESIAN_POINT('',(5.290781932,-30.852248859,11.94137385));
#7851=CARTESIAN_POINT('',(5.809323809,-30.741721424,11.90741375));
#7852=CARTESIAN_POINT('',(6.329284364,-30.73289992,11.875602893));
#7853=CARTESIAN_POINT('',(6.589264641,-30.728489167,11.859697464));
#7854=CARTESIAN_POINT('',(6.849604721,-30.749477801,11.844579992));
#7855=CARTESIAN_POINT('',(7.104299476,-30.796809193,11.829205823));
#7856=CARTESIAN_POINT('',(7.358994232,-30.844140586,11.813831655));
#7857=CARTESIAN_POINT('',(7.606900933,-30.919950783,11.796697527));
#7858=CARTESIAN_POINT('',(7.845198647,-31.016529029,11.781282236));
#7859=CARTESIAN_POINT('',(8.321794074,-31.209685521,11.750451654));
#7860=CARTESIAN_POINT('',(8.756802678,-31.502589365,11.717777803));
#7861=CARTESIAN_POINT('',(9.114968177,-31.878484039,11.682867992));
#7862=CARTESIAN_POINT('',(9.473133676,-32.254378712,11.64795818));
#7863=CARTESIAN_POINT('',(9.758525888,-32.705397772,11.614049351));
#7864=CARTESIAN_POINT('',(9.945447537,-33.191488999,11.583345641));
#7865=CARTESIAN_POINT('',(10.319290834,-34.163671454,11.52193822));
#7866=CARTESIAN_POINT('',(10.259100649,-35.268972356,11.455125291));
#7867=CARTESIAN_POINT('',(9.795818195,-36.200148619,11.387600035));
#7868=CARTESIAN_POINT('',(9.564176968,-36.665736751,11.353837408));
#7869=CARTESIAN_POINT('',(9.240714481,-37.088036964,11.322653023));
#7870=CARTESIAN_POINT('',(8.847629815,-37.425790649,11.292209616));
#7871=CARTESIAN_POINT('',(8.454545149,-37.763544334,11.261766209));
#7872=CARTESIAN_POINT('',(7.991215493,-38.013459747,11.2290571));
#7873=CARTESIAN_POINT('',(7.495004512,-38.162932182,11.195402161));
#7874=CARTESIAN_POINT('',(6.998793531,-38.312404618,11.161747222));
#7875=CARTESIAN_POINT('',(6.46978,-38.360566815,11.129748565));
#7876=CARTESIAN_POINT('',(5.954796348,-38.300444657,11.097011541));
#7877=CARTESIAN_POINT('',(5.439812696,-38.240322499,11.064274518));
#7878=CARTESIAN_POINT('',(4.938184652,-38.075528412,11.031266474));
#7879=CARTESIAN_POINT('',(4.490077287,-37.818236754,10.99992437));
#7880=B_SPLINE_CURVE_WITH_KNOTS('',3,(#7786,#7787,#7788,#7789,#7790,#7791,#7792,#7793,#7794,#7795,#7796,#7797,#7798,#7799,#7800,#7801,#7802,#7803,#7804,#7805,#7806,#7807,#7808,#7809,#7810,#7811,
#7812,#7813,#7814,#7815,#7816,#7817,#7818,#7819,#7820,#7821,#7822,#7823,#7824,#7825,#7826,#7827,#7828,#7829,#7830,#7831,#7832,#7833,#7834,#7835,#7836,
#7837,#7838,#7839,#7840,#7841,#7842,#7843,#7844,#7845,#7846,#7847,#7848,#7849,#7850,#7851,#7852,#7853,#7854,#7855,#7856,#7857,#7858,#7859,#7860,#7861,
#7862,#7863,#7864,#7865,#7866,#7867,#7868,#7869,#7870,#7871,#7872,#7873,#7874,#7875,#7876,#7877,#7878,#7879),.UNSPECIFIED.,.F.,.F.,(4,3,3,3,3,3,3,3,3,3,3,3,3,3,3,3,3,3,3,3,3,3,3,3,3,3,
3,3,3,3,3,4),(4.802176942,4.958451445,5.114725947,5.271000449,5.427274952,5.583549454,5.739823956,5.896098459,6.052372961,6.364921966,6.677470971,6.990019975,7.30256898,7.458843483,7.615117985,7.693255236,7.771392487,7.849529739,7.92766699,8.005804241,8.083941492,8.240215995,8.396490497,8.474627748,8.552764999,8.709039502,
8.865314004,9.177863009,9.334137511,9.490412014,9.646686516,9.802961018),.UNSPECIFIED.);
#7881=EDGE_CURVE('',#2795,#1102,#7880,.T.);
#7882=ORIENTED_EDGE('',*,*,#7881,.F.);
#7883=ORIENTED_EDGE('',*,*,#2927,.F.);
#7884=EDGE_LOOP('',(#7784,#7785,#7882,#7883));
#7885=FACE_BOUND('',#7884,.T.);
#7886=ADVANCED_FACE('',(#7885),#7681,.F.);
#7887=CARTESIAN_POINT('',(7.642013111,-32.358545655,11.000000164));
#7888=CARTESIAN_POINT('',(7.595069849,-32.331358094,11.005176793));
#7889=CARTESIAN_POINT('',(7.114144497,-32.073591133,11.0572249));
#7890=CARTESIAN_POINT('',(6.04569469,-31.896914354,11.156144483));
#7891=CARTESIAN_POINT('',(4.642660834,-32.531116777,11.296758915));
#7892=CARTESIAN_POINT('',(3.829604927,-33.839275437,11.437373347));
#7893=CARTESIAN_POINT('',(3.877871333,-35.375978848,11.577987779));
#7894=CARTESIAN_POINT('',(4.776377594,-36.632167313,11.718602211));
#7895=CARTESIAN_POINT('',(6.212255187,-37.167497029,11.859216643));
#7896=CARTESIAN_POINT('',(8.112028732,-36.745956225,12.036286668));
#7897=CARTESIAN_POINT('',(9.402607352,-34.532478637,12.249812287));
#7898=CARTESIAN_POINT('',(7.892285632,-31.916236428,12.499793499));
#7899=CARTESIAN_POINT('',(5.145963151,-31.924891509,12.728942944));
#7900=CARTESIAN_POINT('',(3.712304161,-33.809482168,12.937260621));
#7901=CARTESIAN_POINT('',(3.984643073,-35.908995805,13.12474653));
#7902=CARTESIAN_POINT('',(5.669987629,-37.207300107,13.312232439));
#7903=CARTESIAN_POINT('',(7.774958037,-36.930623282,13.499718348));
#7904=CARTESIAN_POINT('',(9.070423728,-35.248251999,13.687204257));
#7905=CARTESIAN_POINT('',(8.795583472,-33.141709654,13.874690167));
#7906=CARTESIAN_POINT('',(7.11256514,-31.8469153,14.062176076));
#7907=CARTESIAN_POINT('',(5.006352188,-32.120928361,14.249661985));
#7908=CARTESIAN_POINT('',(3.711275831,-33.804336704,14.437147894));
#7909=CARTESIAN_POINT('',(3.984880471,-35.909832348,14.624633803));
#7910=CARTESIAN_POINT('',(5.292130729,-36.916492361,14.770196971));
#7911=CARTESIAN_POINT('',(6.161987503,-37.027913195,14.853264836));
#7912=CARTESIAN_POINT('',(6.377732444,-37.028119579,14.873837398));
#7913=CARTESIAN_POINT('',(7.851752887,-31.979912341,10.750531719));
#7914=CARTESIAN_POINT('',(7.796610088,-31.948167641,10.755708348));
#7915=CARTESIAN_POINT('',(7.23174543,-31.647303785,10.807756454));
#7916=CARTESIAN_POINT('',(5.97802233,-31.443346923,10.906676038));
#7917=CARTESIAN_POINT('',(4.334345673,-32.19149189,11.04729047));
#7918=CARTESIAN_POINT('',(3.384713851,-33.728314984,11.187904902));
#7919=CARTESIAN_POINT('',(3.446024257,-35.530563953,11.328519334));
#7920=CARTESIAN_POINT('',(4.503721719,-37.001197981,11.469133766));
#7921=CARTESIAN_POINT('',(6.189496837,-37.624694263,11.609748198));
#7922=CARTESIAN_POINT('',(8.416449155,-37.124462102,11.786818223));
#7923=CARTESIAN_POINT('',(9.923397502,-34.524330259,12.000343842));
#7924=CARTESIAN_POINT('',(8.143944905,-31.460363973,12.250325054));
#7925=CARTESIAN_POINT('',(4.922814131,-31.478911674,12.479474498));
#7926=CARTESIAN_POINT('',(3.247041638,-33.693729844,12.687792175));
#7927=CARTESIAN_POINT('',(3.572885356,-36.155411798,12.875278085));
#7928=CARTESIAN_POINT('',(5.553594547,-37.673037833,13.062763994));
#7929=CARTESIAN_POINT('',(8.02166359,-37.342087345,13.250249903));
#7930=CARTESIAN_POINT('',(9.535969243,-35.364876085,13.437735812));
#7931=CARTESIAN_POINT('',(9.207168093,-32.894956626,13.625221721));
#7932=CARTESIAN_POINT('',(7.229199944,-31.381440987,13.81270763));
#7933=CARTESIAN_POINT('',(4.75966431,-31.709270476,14.00019354));
#7934=CARTESIAN_POINT('',(3.245819099,-33.687697375,14.187679449));
#7935=CARTESIAN_POINT('',(3.573167359,-36.156392275,14.375165358));
#7936=CARTESIAN_POINT('',(5.109517164,-37.333105614,14.520728526));
#7937=CARTESIAN_POINT('',(6.130111144,-37.461130576,14.603796391));
#7938=CARTESIAN_POINT('',(6.383158583,-37.460712814,14.624368953));
#7939=CARTESIAN_POINT('',(8.0630478,-31.602289504,10.500866345));
#7940=CARTESIAN_POINT('',(7.99972741,-31.56595399,10.506042974));
#7941=CARTESIAN_POINT('',(7.351132922,-31.221647443,10.55809108));
#7942=CARTESIAN_POINT('',(5.912308943,-30.989626861,10.657010664));
#7943=CARTESIAN_POINT('',(4.027574949,-31.850651543,10.797625096));
#7944=CARTESIAN_POINT('',(2.940431023,-33.615486402,10.938239528));
#7945=CARTESIAN_POINT('',(3.013646533,-35.683256849,11.07885396));
#7946=CARTESIAN_POINT('',(4.229570695,-37.368951959,11.219468392));
#7947=CARTESIAN_POINT('',(6.164791266,-38.081656921,11.360082824));
#7948=CARTESIAN_POINT('',(8.719159775,-37.504153837,11.537152849));
#7949=CARTESIAN_POINT('',(10.444066265,-34.518411196,11.750678468));
#7950=CARTESIAN_POINT('',(8.397476448,-31.005703657,12.00065968));
#7951=CARTESIAN_POINT('',(4.701638785,-31.032113357,12.229809125));
#7952=CARTESIAN_POINT('',(2.782413027,-33.576022912,12.438126801));
#7953=CARTESIAN_POINT('',(3.160199867,-36.399994192,12.625612711));
#7954=CARTESIAN_POINT('',(5.435245115,-38.138137554,12.81309862));
#7955=CARTESIAN_POINT('',(8.266536639,-37.754482067,13.000584529));
#7956=CARTESIAN_POINT('',(10.00087586,-35.483454739,13.188070438));
#7957=CARTESIAN_POINT('',(9.61968352,-32.650037128,13.375556347));
#7958=CARTESIAN_POINT('',(7.347789019,-30.916605289,13.563042257));
#7959=CARTESIAN_POINT('',(4.51481025,-31.296682341,13.750528166));
#7960=CARTESIAN_POINT('',(2.781000998,-33.569103535,13.938014075));
#7961=CARTESIAN_POINT('',(3.160524558,-36.401118712,14.125499984));
#7962=CARTESIAN_POINT('',(4.925177792,-37.74881227,14.271063152));
#7963=CARTESIAN_POINT('',(6.096392814,-37.894081328,14.354131017));
#7964=CARTESIAN_POINT('',(6.386734241,-37.893199222,14.374703579));
#7965=CARTESIAN_POINT('',(8.274695223,-31.224877497,10.251183792));
#7966=CARTESIAN_POINT('',(8.203201822,-31.183943535,10.256360421));
#7967=CARTESIAN_POINT('',(7.470921014,-30.796116038,10.308408527));
#7968=CARTESIAN_POINT('',(5.847027863,-30.535856883,10.407328111));
#7969=CARTESIAN_POINT('',(3.721136029,-31.509529469,10.547942543));
#7970=CARTESIAN_POINT('',(2.496267425,-33.502239348,10.688556975));
#7971=CARTESIAN_POINT('',(2.581135777,-35.835535339,10.829171407));
#7972=CARTESIAN_POINT('',(3.955078245,-37.736435674,10.969785839));
#7973=CARTESIAN_POINT('',(6.139652804,-38.538583745,11.110400271));
#7974=CARTESIAN_POINT('',(9.021501709,-37.884121977,11.287470296));
#7975=CARTESIAN_POINT('',(10.964726595,-34.512986633,11.500995915));
#7976=CARTESIAN_POINT('',(8.65143231,-30.551296108,11.750977127));
#7977=CARTESIAN_POINT('',(4.480893548,-30.585117737,11.980126572));
#7978=CARTESIAN_POINT('',(2.31790851,-33.457878064,12.188444248));
#7979=CARTESIAN_POINT('',(2.747294091,-36.644178467,12.375930158));
#7980=CARTESIAN_POINT('',(5.316457357,-38.603112157,12.563416067));
#7981=CARTESIAN_POINT('',(8.511011827,-38.167097875,12.750901976));
#7982=CARTESIAN_POINT('',(10.465657151,-35.602471234,12.938387885));
#7983=CARTESIAN_POINT('',(10.032420072,-32.405515771,13.125873794));
#7984=CARTESIAN_POINT('',(7.466815868,-30.451894822,13.313359704));
#7985=CARTESIAN_POINT('',(4.270354398,-30.88387323,13.500845613));
#7986=CARTESIAN_POINT('',(2.316308132,-33.450071832,13.688331522));
#7987=CARTESIAN_POINT('',(2.747660906,-36.645447065,13.875817431));
#7988=CARTESIAN_POINT('',(4.740448976,-38.164332426,14.021380599));
#7989=CARTESIAN_POINT('',(6.062264624,-38.326988252,14.104448464));
#7990=CARTESIAN_POINT('',(6.389899478,-38.32567726,14.125021026));
#7991=B_SPLINE_SURFACE_WITH_KNOTS('',3,3,((#7887,#7888,#7889,#7890,#7891,#7892,#7893,#7894,#7895,#7896,#7897,#7898,#7899,#7900,#7901,#7902,#7903,#7904,#7905,#7906,#7907,#7908,#7909,#7910,#7911,#7912),(#7913,#7914,#7915,#7916,#7917,#7918,#7919,#7920,#7921,#7922,#7923,#7924,#7925,#7926,#7927,#7928,#7929,#7930,#7931,#7932,#7933,#7934,#7935,#7936,#7937,#7938),(#7939,#7940,#7941,#7942,#7943,#7944,#7945,#7946,#7947,#7948,#7949,#7950,#7951,#7952,#7953,#7954,#7955,#7956,#7957,#7958,#7959,#7960,#7961,#7962,#7963,#7964),(#7965,#7966,#7967,#7968,#7969,#7970,#7971,#7972,#7973,#7974,#7975,#7976,#7977,#7978,#7979,#7980,#7981,#7982,#7983,#7984,#7985,#7986,#7987,#7988,#7989,#7990)),.UNSPECIFIED.,.F.,.F.,.U.,(4,4),(4,1,1,1,1,1,1,1,1,1,1,1,1,1,1,1,1,1,1,1,1,1,1,4),(0.170679769,0.320537433),(7.339034499,7.40408594,7.993090295,8.58209465,9.171099005,9.76010336,10.349107715,10.93811207,11.527116425,12.574235278,13.621354131,14.668472984,15.453812124,16.239151264,17.024490404,17.809829544,18.595168684,19.380507824,20.165846964,20.951186104,21.736525244,22.521864384,23.307203524,23.56572596),.UNSPECIFIED.);
#7992=ORIENTED_EDGE('',*,*,#7881,.T.);
#7993=ORIENTED_EDGE('',*,*,#1155,.T.);
#7994=ORIENTED_EDGE('',*,*,#7783,.F.);
#7995=ORIENTED_EDGE('',*,*,#2860,.F.);
#7996=EDGE_LOOP('',(#7992,#7993,#7994,#7995));
#7997=FACE_BOUND('',#7996,.T.);
#7998=ADVANCED_FACE('',(#7997),#7991,.F.);
#7999=CARTESIAN_POINT('',(-8.009981179,-50.318336292,10.999990981));
#8000=CARTESIAN_POINT('',(-7.93865105,-50.359651415,11.005170671));
#8001=CARTESIAN_POINT('',(-7.208266301,-50.75114265,11.057221838));
#8002=CARTESIAN_POINT('',(-5.585632091,-51.019460506,11.156144483));
#8003=CARTESIAN_POINT('',(-3.454941624,-50.056334105,11.296758915));
#8004=CARTESIAN_POINT('',(-2.220203964,-48.069731314,11.437373347));
#8005=CARTESIAN_POINT('',(-2.293509584,-45.736027205,11.577987778));
#8006=CARTESIAN_POINT('',(-3.658001124,-43.828363014,11.71860221));
#8007=CARTESIAN_POINT('',(-5.838582949,-43.015360866,11.859216642));
#8008=CARTESIAN_POINT('',(-8.723633116,-43.655561025,12.036286668));
#8009=CARTESIAN_POINT('',(-10.683532483,-47.017000906,12.249812286));
#8010=CARTESIAN_POINT('',(-8.389951379,-50.99010018,12.499793499));
#8011=CARTESIAN_POINT('',(-4.219255976,-50.976995188,12.728942943));
#8012=CARTESIAN_POINT('',(-2.042080716,-48.114962106,12.93726062));
#8013=CARTESIAN_POINT('',(-2.45564095,-44.926583097,13.124746529));
#8014=CARTESIAN_POINT('',(-5.015077514,-42.954932166,13.312232438));
#8015=CARTESIAN_POINT('',(-8.211746583,-43.375102563,13.499718348));
#8016=CARTESIAN_POINT('',(-10.179087004,-45.930007765,13.687204257));
#8017=CARTESIAN_POINT('',(-9.761703748,-49.129071069,13.874690166));
#8018=CARTESIAN_POINT('',(-7.205818041,-51.095388938,14.062176075));
#8019=CARTESIAN_POINT('',(-4.007252791,-50.67926343,14.249661984));
#8020=CARTESIAN_POINT('',(-2.040509375,-48.122783957,14.437147894));
#8021=CARTESIAN_POINT('',(-2.456010289,-44.925310823,14.624633803));
#8022=CARTESIAN_POINT('',(-4.441137533,-43.396647159,14.770188714));
#8023=CARTESIAN_POINT('',(-5.761975755,-43.227390132,14.853248323));
#8024=CARTESIAN_POINT('',(-6.089480111,-43.22704423,14.873812629));
#8025=CARTESIAN_POINT('',(-7.790828816,-49.945232208,10.750308428));
#8026=CARTESIAN_POINT('',(-7.727582882,-49.981783545,10.755488118));
#8027=CARTESIAN_POINT('',(-7.080003182,-50.32808788,10.807539285));
#8028=CARTESIAN_POINT('',(-5.641843527,-50.56447772,10.90646193));
#8029=CARTESIAN_POINT('',(-3.754510883,-49.709164181,11.047076362));
#8030=CARTESIAN_POINT('',(-2.662019099,-47.947641139,11.187690794));
#8031=CARTESIAN_POINT('',(-2.728973066,-45.87964393,11.328305226));
#8032=CARTESIAN_POINT('',(-3.939774076,-44.190293473,11.468919657));
#8033=CARTESIAN_POINT('',(-5.872835614,-43.471696564,11.609534089));
#8034=CARTESIAN_POINT('',(-8.428934923,-44.041487404,11.786604115));
#8035=CARTESIAN_POINT('',(-10.162870457,-47.021968584,12.000129733));
#8036=CARTESIAN_POINT('',(-8.126973314,-50.540854384,12.250110946));
#8037=CARTESIAN_POINT('',(-4.431037855,-50.525678996,12.47926039));
#8038=CARTESIAN_POINT('',(-2.504132293,-47.987571627,12.687578067));
#8039=CARTESIAN_POINT('',(-2.873341096,-45.162476797,12.875063976));
#8040=CARTESIAN_POINT('',(-5.143120466,-43.417443554,13.062549886));
#8041=CARTESIAN_POINT('',(-7.975556232,-43.792515592,13.250035795));
#8042=CARTESIAN_POINT('',(-9.716773319,-46.058277111,13.437521704));
#8043=CARTESIAN_POINT('',(-9.344169224,-48.892836173,13.625007613));
#8044=CARTESIAN_POINT('',(-7.077539621,-50.633146723,13.812493522));
#8045=CARTESIAN_POINT('',(-4.243420891,-50.261657313,13.999979431));
#8046=CARTESIAN_POINT('',(-2.502733692,-47.994501491,14.187465341));
#8047=CARTESIAN_POINT('',(-2.87366875,-45.161349557,14.37495125));
#8048=CARTESIAN_POINT('',(-4.634134946,-43.808388539,14.520506162));
#8049=CARTESIAN_POINT('',(-5.804767512,-43.659525402,14.60356577));
#8050=CARTESIAN_POINT('',(-6.094992553,-43.659498424,14.624130076));
#8051=CARTESIAN_POINT('',(-7.571316621,-49.572326182,10.500643055));
#8052=CARTESIAN_POINT('',(-7.516150577,-49.604105936,10.505822745));
#8053=CARTESIAN_POINT('',(-6.951335247,-49.905143597,10.557873912));
#8054=CARTESIAN_POINT('',(-5.697624734,-50.10942954,10.656796556));
#8055=CARTESIAN_POINT('',(-4.053758665,-49.361700813,10.797410988));
#8056=CARTESIAN_POINT('',(-3.103730097,-47.82512849,10.93802542));
#8057=CARTESIAN_POINT('',(-3.164584356,-46.022851298,11.078639852));
#8058=CARTESIAN_POINT('',(-4.221897927,-44.551966095,11.219254284));
#8059=CARTESIAN_POINT('',(-5.907522159,-43.928011985,11.359868716));
#8060=CARTESIAN_POINT('',(-8.134595296,-44.427703233,11.536938741));
#8061=CARTESIAN_POINT('',(-9.642199081,-47.02743072,11.75046436));
#8062=CARTESIAN_POINT('',(-7.863562173,-50.091845975,12.000445572));
#8063=CARTESIAN_POINT('',(-4.642396954,-50.074150196,12.229595017));
#8064=CARTESIAN_POINT('',(-2.966075605,-47.859739094,12.437912693));
#8065=CARTESIAN_POINT('',(-3.291275639,-45.397980501,12.625398603));
#8066=CARTESIAN_POINT('',(-5.271605956,-43.879845658,12.812884512));
#8067=CARTESIAN_POINT('',(-7.739755539,-44.210163821,13.000370421));
#8068=CARTESIAN_POINT('',(-9.254569174,-46.186988512,13.18785633));
#8069=CARTESIAN_POINT('',(-8.926399435,-48.656991217,13.375342239));
#8070=CARTESIAN_POINT('',(-6.948819227,-50.171013952,13.562828149));
#8071=CARTESIAN_POINT('',(-4.479198971,-49.843816078,13.750314058));
#8072=CARTESIAN_POINT('',(-2.964848575,-47.865776961,13.937799967));
#8073=CARTESIAN_POINT('',(-3.291562182,-45.396998392,14.125285876));
#8074=CARTESIAN_POINT('',(-4.827528249,-44.219957504,14.270840788));
#8075=CARTESIAN_POINT('',(-5.847970423,-44.091631549,14.353900396));
#8076=CARTESIAN_POINT('',(-6.100915436,-44.091958934,14.374464702));
#8077=CARTESIAN_POINT('',(-7.350147572,-49.200253378,10.25117461));
#8078=CARTESIAN_POINT('',(-7.303043298,-49.227225643,10.256354299));
#8079=CARTESIAN_POINT('',(-6.820822183,-49.482629867,10.308405467));
#8080=CARTESIAN_POINT('',(-5.751475692,-49.654014043,10.407328111));
#8081=CARTESIAN_POINT('',(-4.351605194,-49.0128594,10.547942543));
#8082=CARTESIAN_POINT('',(-3.545042167,-47.700692138,10.688556975));
#8083=CARTESIAN_POINT('',(-3.600931329,-46.164236388,10.829171407));
#8084=CARTESIAN_POINT('',(-4.50564835,-44.912534358,10.969785839));
#8085=CARTESIAN_POINT('',(-5.944169867,-44.384308588,11.11040027));
#8086=CARTESIAN_POINT('',(-7.841824634,-44.815285885,11.287470296));
#8087=CARTESIAN_POINT('',(-9.121402899,-47.035121925,11.500995915));
#8088=CARTESIAN_POINT('',(-7.598156818,-49.643836277,11.750977127));
#8089=CARTESIAN_POINT('',(-4.851884396,-49.621590653,11.980126571));
#8090=CARTESIAN_POINT('',(-3.427604088,-47.729894137,12.188444248));
#8091=CARTESIAN_POINT('',(-3.710334053,-45.631763784,12.375930157));
#8092=CARTESIAN_POINT('',(-5.402106142,-44.341829024,12.563416067));
#8093=CARTESIAN_POINT('',(-7.505673743,-44.628938707,12.750901976));
#8094=CARTESIAN_POINT('',(-8.792784917,-46.317712916,12.938387885));
#8095=CARTESIAN_POINT('',(-8.507502691,-48.422866171,13.125873794));
#8096=CARTESIAN_POINT('',(-6.818086179,-49.709300815,13.313359703));
#8097=CARTESIAN_POINT('',(-4.713256775,-49.424848415,13.500845613));
#8098=CARTESIAN_POINT('',(-3.426543856,-47.73503953,13.688331522));
#8099=CARTESIAN_POINT('',(-3.710581408,-45.630927224,13.875817431));
#8100=CARTESIAN_POINT('',(-5.022736647,-44.630815288,14.021372343));
#8101=CARTESIAN_POINT('',(-5.893033419,-44.523675297,14.104431951));
#8102=CARTESIAN_POINT('',(-6.108689278,-44.524516747,14.124996257));
#8103=B_SPLINE_SURFACE_WITH_KNOTS('',3,3,((#7999,#8000,#8001,#8002,#8003,#8004,#8005,#8006,#8007,#8008,#8009,#8010,#8011,#8012,#8013,#8014,#8015,#8016,#8017,#8018,#8019,#8020,#8021,#8022,#8023,#8024),(#8025,#8026,#8027,#8028,#8029,#8030,#8031,#8032,#8033,#8034,#8035,#8036,#8037,#8038,#8039,#8040,#8041,#8042,#8043,#8044,#8045,#8046,#8047,#8048,#8049,#8050),(#8051,#8052,#8053,#8054,#8055,#8056,#8057,#8058,#8059,#8060,#8061,#8062,#8063,#8064,#8065,#8066,#8067,#8068,#8069,#8070,#8071,#8072,#8073,#8074,#8075,#8076),(#8077,#8078,#8079,#8080,#8081,#8082,#8083,#8084,#8085,#8086,#8087,#8088,#8089,#8090,#8091,#8092,#8093,#8094,#8095,#8096,#8097,#8098,#8099,#8100,#8101,#8102)),.UNSPECIFIED.,.F.,.F.,.U.,(4,4),(4,1,1,1,1,1,1,1,1,1,1,1,1,1,1,1,1,1,1,1,1,1,1,4),(-0.043409303,0.10644836),(10.468243376,10.533333278,11.122337633,11.711341988,12.300346343,12.889350698,13.478355053,14.067359408,14.656363763,15.703482616,16.750601469,17.797720323,18.583059463,19.368398603,20.153737742,20.939076882,21.724416022,22.509755162,23.295094302,24.080433442,24.865772582,25.651111722,26.436450862,26.694869547),.UNSPECIFIED.);
#8104=CARTESIAN_POINT('',(-6.108688117,-44.52445213,14.125033523));
#8105=CARTESIAN_POINT('',(-5.767164313,-44.523282266,14.092373635));
#8106=CARTESIAN_POINT('',(-5.426494777,-44.592425505,14.059854762));
#8107=CARTESIAN_POINT('',(-5.114165487,-44.729452753,14.027304559));
#8108=CARTESIAN_POINT('',(-4.801836198,-44.86648,13.994754357));
#8109=CARTESIAN_POINT('',(-4.516917923,-45.068028764,13.962218116));
#8110=CARTESIAN_POINT('',(-4.28259279,-45.316314297,13.929676532));
#8111=CARTESIAN_POINT('',(-4.048267657,-45.56459983,13.897134948));
#8112=CARTESIAN_POINT('',(-3.866702039,-45.8608841,13.864587559));
#8113=CARTESIAN_POINT('',(-3.753101507,-46.182674038,13.83203158));
#8114=CARTESIAN_POINT('',(-3.639500976,-46.504463975,13.799475602));
#8115=CARTESIAN_POINT('',(-3.591236786,-46.850248846,13.766903654));
#8116=CARTESIAN_POINT('',(-3.612177924,-47.190906482,13.734359669));
#8117=CARTESIAN_POINT('',(-3.633119062,-47.531564119,13.701815685));
#8118=CARTESIAN_POINT('',(-3.726029658,-47.866311614,13.669339459));
#8119=CARTESIAN_POINT('',(-3.883247606,-48.16922267,13.636750336));
#8120=CARTESIAN_POINT('',(-4.040465554,-48.472133727,13.604161213));
#8121=CARTESIAN_POINT('',(-4.259251628,-48.744073585,13.57161323));
#8122=CARTESIAN_POINT('',(-4.522058873,-48.961654368,13.539055773));
#8123=CARTESIAN_POINT('',(-4.784866118,-49.179235151,13.506498316));
#8124=CARTESIAN_POINT('',(-5.093266899,-49.339486789,13.473907922));
#8125=CARTESIAN_POINT('',(-5.421877384,-49.432166146,13.441435216));
#8126=CARTESIAN_POINT('',(-5.750487869,-49.524845502,13.408962509));
#8127=CARTESIAN_POINT('',(-6.098387011,-49.551587941,13.376466093));
#8128=CARTESIAN_POINT('',(-6.436647081,-49.50844057,13.34390839));
#8129=CARTESIAN_POINT('',(-6.77490715,-49.465293199,13.311350687));
#8130=CARTESIAN_POINT('',(-7.102679805,-49.348943679,13.278667964));
#8131=CARTESIAN_POINT('',(-7.395383443,-49.172294521,13.246072092));
#8132=CARTESIAN_POINT('',(-7.688087081,-48.995645363,13.21347622));
#8133=CARTESIAN_POINT('',(-7.945965777,-48.759947585,13.180875289));
#8134=CARTESIAN_POINT('',(-8.145400245,-48.483495013,13.148340296));
#8135=CARTESIAN_POINT('',(-8.54426918,-47.930589868,13.08327031));
#8136=CARTESIAN_POINT('',(-8.696512087,-47.207948098,13.018397467));
#8137=CARTESIAN_POINT('',(-8.565444008,-46.538398429,12.953221763));
#8138=CARTESIAN_POINT('',(-8.434375929,-45.86884876,12.88804606));
#8139=CARTESIAN_POINT('',(-8.010004911,-45.257028326,12.824585581));
#8140=CARTESIAN_POINT('',(-7.432355536,-44.898093673,12.758931966));
#8141=CARTESIAN_POINT('',(-7.287943193,-44.808360009,12.742518562));
#8142=CARTESIAN_POINT('',(-7.133715077,-44.735051866,12.725643277));
#8143=CARTESIAN_POINT('',(-6.973494346,-44.677236176,12.709180072));
#8144=CARTESIAN_POINT('',(-6.813273615,-44.619420486,12.692716868));
#8145=CARTESIAN_POINT('',(-6.646987401,-44.576087416,12.677199181));
#8146=CARTESIAN_POINT('',(-6.477457332,-44.551996278,12.660238158));
#8147=CARTESIAN_POINT('',(-6.307927263,-44.52790514,12.643277134));
#8148=CARTESIAN_POINT('',(-6.135855782,-44.51868416,12.627440908));
#8149=CARTESIAN_POINT('',(-5.964693205,-44.527595636,12.611230181));
#8150=CARTESIAN_POINT('',(-5.793530629,-44.536507112,12.595019454));
#8151=CARTESIAN_POINT('',(-5.624302671,-44.565914101,12.57704114));
#8152=CARTESIAN_POINT('',(-5.459077566,-44.607782792,12.562263195));
#8153=CARTESIAN_POINT('',(-5.128627356,-44.691520174,12.532707304));
#8154=CARTESIAN_POINT('',(-4.820860701,-44.848567211,12.501423369));
#8155=CARTESIAN_POINT('',(-4.556160292,-45.06181033,12.467240952));
#8156=CARTESIAN_POINT('',(-4.291459883,-45.27505345,12.433058534));
#8157=CARTESIAN_POINT('',(-4.064196893,-45.541914587,12.399592425));
#8158=CARTESIAN_POINT('',(-3.901206735,-45.845313031,12.367296166));
#8159=CARTESIAN_POINT('',(-3.819711656,-45.997012254,12.351148037));
#8160=CARTESIAN_POINT('',(-3.757802148,-46.158377947,12.333135651));
#8161=CARTESIAN_POINT('',(-3.7082412,-46.322257238,12.318029427));
#8162=CARTESIAN_POINT('',(-3.658680251,-46.486136529,12.302923203));
#8163=CARTESIAN_POINT('',(-3.626391807,-46.654378597,12.287657462));
#8164=CARTESIAN_POINT('',(-3.611603406,-46.823495587,12.272028522));
#8165=CARTESIAN_POINT('',(-3.582026605,-47.161729568,12.240770642));
#8166=CARTESIAN_POINT('',(-3.624454986,-47.504767046,12.206696902));
#8167=CARTESIAN_POINT('',(-3.737460283,-47.827059804,12.172195081));
#8168=CARTESIAN_POINT('',(-3.793962931,-47.988206183,12.15494417));
#8169=CARTESIAN_POINT('',(-3.864299584,-48.145484828,12.139689013));
#8170=CARTESIAN_POINT('',(-3.951437706,-48.293385359,12.12326234));
#8171=CARTESIAN_POINT('',(-4.038575829,-48.44128589,12.106835666));
#8172=CARTESIAN_POINT('',(-4.140732428,-48.580363863,12.09028277));
#8173=CARTESIAN_POINT('',(-4.254838314,-48.708286217,12.07428554));
#8174=CARTESIAN_POINT('',(-4.483050086,-48.964130925,12.04229108));
#8175=CARTESIAN_POINT('',(-4.763831168,-49.16947656,12.008781027));
#8176=CARTESIAN_POINT('',(-5.074898715,-49.308849054,11.977249127));
#8177=CARTESIAN_POINT('',(-5.697033808,-49.587594041,11.914185326));
#8178=CARTESIAN_POINT('',(-6.43785366,-49.600435092,11.848689898));
#8179=CARTESIAN_POINT('',(-7.069393693,-49.342106965,11.781224138));
#8180=CARTESIAN_POINT('',(-7.700933726,-49.083778839,11.713758377));
#8181=CARTESIAN_POINT('',(-8.209161212,-48.545108102,11.655170976));
#8182=CARTESIAN_POINT('',(-8.451413996,-47.907156453,11.587720068));
#8183=CARTESIAN_POINT('',(-8.572540387,-47.588180628,11.553994614));
#8184=CARTESIAN_POINT('',(-8.631465463,-47.244710986,11.520102245));
#8185=CARTESIAN_POINT('',(-8.614554049,-46.903162191,11.488161951));
#8186=CARTESIAN_POINT('',(-8.606098342,-46.732387793,11.472191804));
#8187=CARTESIAN_POINT('',(-8.576815458,-46.563118294,11.455220482));
#8188=CARTESIAN_POINT('',(-8.532591268,-46.398372471,11.439363592));
#8189=CARTESIAN_POINT('',(-8.488367078,-46.233626648,11.423506702));
#8190=CARTESIAN_POINT('',(-8.428562786,-46.07300602,11.408424195));
#8191=CARTESIAN_POINT('',(-8.352681883,-45.920147546,11.39255655));
#8192=CARTESIAN_POINT('',(-8.200920078,-45.614430598,11.36082126));
#8193=CARTESIAN_POINT('',(-7.987494353,-45.339623079,11.327216256));
#8194=CARTESIAN_POINT('',(-7.728751184,-45.117622058,11.293494911));
#8195=CARTESIAN_POINT('',(-7.599379599,-45.006621548,11.276634239));
#8196=CARTESIAN_POINT('',(-7.459683013,-44.906681864,11.261157138));
#8197=CARTESIAN_POINT('',(-7.309204737,-44.825617146,11.244176601));
#8198=CARTESIAN_POINT('',(-7.158726461,-44.744552428,11.227196064));
#8199=CARTESIAN_POINT('',(-6.99999902,-44.67872376,11.211064673));
#8200=CARTESIAN_POINT('',(-6.836442417,-44.629319411,11.195224551));
#8201=CARTESIAN_POINT('',(-6.182216007,-44.431702016,11.131864065));
#8202=CARTESIAN_POINT('',(-5.449155949,-44.516166386,11.067269631));
#8203=CARTESIAN_POINT('',(-4.857963917,-44.858716181,11.0000529));
#8204=B_SPLINE_CURVE_WITH_KNOTS('',3,(#8104,#8105,#8106,#8107,#8108,#8109,#8110,#8111,#8112,#8113,#8114,#8115,#8116,#8117,#8118,#8119,#8120,#8121,#8122,#8123,#8124,#8125,#8126,#8127,#8128,#8129,
#8130,#8131,#8132,#8133,#8134,#8135,#8136,#8137,#8138,#8139,#8140,#8141,#8142,#8143,#8144,#8145,#8146,#8147,#8148,#8149,#8150,#8151,#8152,#8153,#8154,
#8155,#8156,#8157,#8158,#8159,#8160,#8161,#8162,#8163,#8164,#8165,#8166,#8167,#8168,#8169,#8170,#8171,#8172,#8173,#8174,#8175,#8176,#8177,#8178,#8179,
#8180,#8181,#8182,#8183,#8184,#8185,#8186,#8187,#8188,#8189,#8190,#8191,#8192,#8193,#8194,#8195,#8196,#8197,#8198,#8199,#8200,#8201,#8202,#8203),.UNSPECIFIED.,.F.,.F.,(4,3,3,3,3,3,3,3,3,3,3,3,3,3,3,3,3,3,3,3,3,3,3,3,3,3,
3,3,3,3,3,3,3,4),(12.283488069,12.386656764,12.489825458,12.592994153,12.696162847,12.799331541,12.902500236,13.00566893,13.108837625,13.212006319,13.315175014,13.521512403,13.727849792,13.779434139,13.831018486,13.882602833,13.93418718,14.037355875,14.140524569,14.192108917,14.243693264,14.346861958,14.398446305,14.450030653,14.553199347,14.759536736,
14.965874125,15.069042819,15.120627167,15.172211514,15.275380208,15.326964555,15.378548903,15.584886292),.UNSPECIFIED.);
#8205=EDGE_CURVE('',#2660,#980,#8204,.T.);
#8206=ORIENTED_EDGE('',*,*,#8205,.T.);
#8207=ORIENTED_EDGE('',*,*,#1097,.T.);
#8208=CARTESIAN_POINT('',(-6.110096173,-50.825704693,14.124953505));
#8209=CARTESIAN_POINT('',(-6.628534468,-50.827653244,14.092562365));
#8210=CARTESIAN_POINT('',(-7.14548971,-50.722617601,14.059943354));
#8211=CARTESIAN_POINT('',(-7.619900248,-50.514715489,14.027389284));
#8212=CARTESIAN_POINT('',(-8.094310786,-50.306813377,13.994835213));
#8213=CARTESIAN_POINT('',(-8.527293673,-50.000686981,13.962267195));
#8214=CARTESIAN_POINT('',(-8.883293954,-49.623545487,13.929704555));
#8215=CARTESIAN_POINT('',(-9.239294236,-49.246403993,13.897141916));
#8216=CARTESIAN_POINT('',(-9.515146348,-48.796449812,13.864580627));
#8217=CARTESIAN_POINT('',(-9.687673176,-48.307829036,13.832036402));
#8218=CARTESIAN_POINT('',(-9.860200004,-47.819208261,13.799492178));
#8219=CARTESIAN_POINT('',(-9.933531335,-47.294288338,13.766974353));
#8220=CARTESIAN_POINT('',(-9.901801536,-46.777062504,13.734393438));
#8221=CARTESIAN_POINT('',(-9.870071737,-46.25983667,13.701812523));
#8222=CARTESIAN_POINT('',(-9.728979722,-45.751405187,13.669160923));
#8223=CARTESIAN_POINT('',(-9.49028801,-45.291197142,13.636669243));
#8224=CARTESIAN_POINT('',(-9.251596298,-44.830989098,13.604177563));
#8225=CARTESIAN_POINT('',(-8.919005909,-44.418206186,13.571621489));
#8226=CARTESIAN_POINT('',(-8.519997894,-44.087886265,13.539074765));
#8227=CARTESIAN_POINT('',(-8.120989879,-43.757566343,13.506528042));
#8228=CARTESIAN_POINT('',(-7.653052188,-43.513651191,13.47403192));
#8229=CARTESIAN_POINT('',(-7.153910247,-43.37294354,13.441361468));
#8230=CARTESIAN_POINT('',(-6.654768306,-43.23223589,13.408691015));
#8231=CARTESIAN_POINT('',(-6.126255614,-43.191652116,13.376059417));
#8232=CARTESIAN_POINT('',(-5.612529051,-43.257155895,13.343518027));
#8233=CARTESIAN_POINT('',(-4.585075924,-43.388163453,13.278435246));
#8234=CARTESIAN_POINT('',(-3.625221993,-43.973082159,13.213684258));
#8235=CARTESIAN_POINT('',(-3.018749105,-44.812095379,13.148538971));
#8236=CARTESIAN_POINT('',(-2.412276217,-45.6511086,13.083393685));
#8237=CARTESIAN_POINT('',(-2.18179062,-46.753107685,13.018064542));
#8238=CARTESIAN_POINT('',(-2.380935321,-47.768435282,12.953032376));
#8239=CARTESIAN_POINT('',(-2.580080022,-48.78376288,12.88800021));
#8240=CARTESIAN_POINT('',(-3.222414399,-49.708602126,12.820302926));
#8241=CARTESIAN_POINT('',(-4.100817826,-50.256283667,12.756099489));
#8242=CARTESIAN_POINT('',(-4.979221252,-50.803965209,12.691896052));
#8243=CARTESIAN_POINT('',(-6.09102311,-50.954954239,12.629353639));
#8244=CARTESIAN_POINT('',(-7.092626216,-50.697730898,12.56272294));
#8245=CARTESIAN_POINT('',(-7.593427769,-50.569119228,12.52940759));
#8246=CARTESIAN_POINT('',(-8.066016312,-50.326888298,12.49139905));
#8247=CARTESIAN_POINT('',(-8.472301695,-50.002645216,12.461434368));
#8248=CARTESIAN_POINT('',(-8.878587078,-49.678402134,12.431469686));
#8249=CARTESIAN_POINT('',(-9.211980072,-49.26824592,12.400303239));
#8250=CARTESIAN_POINT('',(-9.454301469,-48.813250667,12.367087605));
#8251=CARTESIAN_POINT('',(-9.575462167,-48.585753041,12.350479789));
#8252=CARTESIAN_POINT('',(-9.677590693,-48.347647863,12.335416825));
#8253=CARTESIAN_POINT('',(-9.752480932,-48.100113167,12.318418175));
#8254=CARTESIAN_POINT('',(-9.827371172,-47.85257847,12.301419526));
#8255=CARTESIAN_POINT('',(-9.875287676,-47.596584799,12.282872302));
#8256=CARTESIAN_POINT('',(-9.897393197,-47.33826476,12.265689805));
#8257=CARTESIAN_POINT('',(-9.919498718,-47.07994472,12.248507309));
#8258=CARTESIAN_POINT('',(-9.914894956,-46.819236413,12.232723391));
#8259=CARTESIAN_POINT('',(-9.883288659,-46.562031649,12.217828836));
#8260=CARTESIAN_POINT('',(-9.851682362,-46.304826886,12.20293428));
#8261=CARTESIAN_POINT('',(-9.789393259,-46.052126415,12.186326052));
#8262=CARTESIAN_POINT('',(-9.705722364,-45.806970196,12.171558866));
#8263=CARTESIAN_POINT('',(-9.622051469,-45.561813977,12.156791679));
#8264=CARTESIAN_POINT('',(-9.508943703,-45.326965523,12.138908587));
#8265=CARTESIAN_POINT('',(-9.377233866,-45.103591583,12.122837277));
#8266=CARTESIAN_POINT('',(-9.245524029,-44.880217644,12.106765966));
#8267=CARTESIAN_POINT('',(-9.09244528,-44.669164444,12.090875977));
#8268=CARTESIAN_POINT('',(-8.919501527,-44.476282319,12.074157065));
#8269=CARTESIAN_POINT('',(-8.57361402,-44.09051807,12.040719241));
#8270=CARTESIAN_POINT('',(-8.153736871,-43.771923301,12.009590155));
#8271=CARTESIAN_POINT('',(-7.681477469,-43.56208608,11.975482003));
#8272=CARTESIAN_POINT('',(-7.209218068,-43.352248859,11.94137385));
#8273=CARTESIAN_POINT('',(-6.690676191,-43.241721424,11.90741375));
#8274=CARTESIAN_POINT('',(-6.170715636,-43.23289992,11.875602893));
#8275=CARTESIAN_POINT('',(-5.910735359,-43.228489167,11.859697464));
#8276=CARTESIAN_POINT('',(-5.650395279,-43.249477801,11.844579992));
#8277=CARTESIAN_POINT('',(-5.395700524,-43.296809193,11.829205823));
#8278=CARTESIAN_POINT('',(-5.141005768,-43.344140586,11.813831655));
#8279=CARTESIAN_POINT('',(-4.893099067,-43.419950783,11.796697527));
#8280=CARTESIAN_POINT('',(-4.654801353,-43.516529029,11.781282236));
#8281=CARTESIAN_POINT('',(-4.178205926,-43.709685521,11.750451654));
#8282=CARTESIAN_POINT('',(-3.743197322,-44.002589365,11.717777803));
#8283=CARTESIAN_POINT('',(-3.385031823,-44.378484039,11.682867992));
#8284=CARTESIAN_POINT('',(-3.026866324,-44.754378712,11.64795818));
#8285=CARTESIAN_POINT('',(-2.741474112,-45.205397772,11.614049351));
#8286=CARTESIAN_POINT('',(-2.554552463,-45.691488999,11.583345641));
#8287=CARTESIAN_POINT('',(-2.180709166,-46.663671454,11.52193822));
#8288=CARTESIAN_POINT('',(-2.240899351,-47.768972356,11.455125291));
#8289=CARTESIAN_POINT('',(-2.704181805,-48.700148619,11.387600035));
#8290=CARTESIAN_POINT('',(-2.935823032,-49.165736751,11.353837408));
#8291=CARTESIAN_POINT('',(-3.259285519,-49.588036964,11.322653023));
#8292=CARTESIAN_POINT('',(-3.652370185,-49.925790649,11.292209616));
#8293=CARTESIAN_POINT('',(-4.045454851,-50.263544334,11.261766209));
#8294=CARTESIAN_POINT('',(-4.508784507,-50.513459747,11.2290571));
#8295=CARTESIAN_POINT('',(-5.004995488,-50.662932182,11.195402161));
#8296=CARTESIAN_POINT('',(-5.501206469,-50.812404618,11.161747222));
#8297=CARTESIAN_POINT('',(-6.03022,-50.860566815,11.129748565));
#8298=CARTESIAN_POINT('',(-6.545203652,-50.800444657,11.097011541));
#8299=CARTESIAN_POINT('',(-7.060187304,-50.740322499,11.064274518));
#8300=CARTESIAN_POINT('',(-7.561815348,-50.575528412,11.031266474));
#8301=CARTESIAN_POINT('',(-8.009922713,-50.318236754,10.99992437));
#8302=B_SPLINE_CURVE_WITH_KNOTS('',3,(#8208,#8209,#8210,#8211,#8212,#8213,#8214,#8215,#8216,#8217,#8218,#8219,#8220,#8221,#8222,#8223,#8224,#8225,#8226,#8227,#8228,#8229,#8230,#8231,#8232,#8233,
#8234,#8235,#8236,#8237,#8238,#8239,#8240,#8241,#8242,#8243,#8244,#8245,#8246,#8247,#8248,#8249,#8250,#8251,#8252,#8253,#8254,#8255,#8256,#8257,#8258,
#8259,#8260,#8261,#8262,#8263,#8264,#8265,#8266,#8267,#8268,#8269,#8270,#8271,#8272,#8273,#8274,#8275,#8276,#8277,#8278,#8279,#8280,#8281,#8282,#8283,
#8284,#8285,#8286,#8287,#8288,#8289,#8290,#8291,#8292,#8293,#8294,#8295,#8296,#8297,#8298,#8299,#8300,#8301),.UNSPECIFIED.,.F.,.F.,(4,3,3,3,3,3,3,3,3,3,3,3,3,3,3,3,3,3,3,3,3,3,3,3,3,3,
3,3,3,3,3,4),(4.802176942,4.958451445,5.114725947,5.271000449,5.427274952,5.583549454,5.739823956,5.896098459,6.052372961,6.364921966,6.677470971,6.990019975,7.30256898,7.458843483,7.615117985,7.693255236,7.771392487,7.849529739,7.92766699,8.005804241,8.083941492,8.240215995,8.396490497,8.474627748,8.552764999,8.709039502,
8.865314004,9.177863009,9.334137511,9.490412014,9.646686516,9.802961018),.UNSPECIFIED.);
#8303=EDGE_CURVE('',#2658,#978,#8302,.T.);
#8304=ORIENTED_EDGE('',*,*,#8303,.F.);
#8305=ORIENTED_EDGE('',*,*,#2790,.F.);
#8306=EDGE_LOOP('',(#8206,#8207,#8304,#8305));
#8307=FACE_BOUND('',#8306,.T.);
#8308=ADVANCED_FACE('',(#8307),#8103,.F.);
#8309=CARTESIAN_POINT('',(-4.857986889,-44.858545655,11.000000164));
#8310=CARTESIAN_POINT('',(-4.904930151,-44.831358094,11.005176793));
#8311=CARTESIAN_POINT('',(-5.385855503,-44.573591133,11.0572249));
#8312=CARTESIAN_POINT('',(-6.45430531,-44.396914354,11.156144483));
#8313=CARTESIAN_POINT('',(-7.857339166,-45.031116777,11.296758915));
#8314=CARTESIAN_POINT('',(-8.670395073,-46.339275437,11.437373347));
#8315=CARTESIAN_POINT('',(-8.622128667,-47.875978848,11.577987779));
#8316=CARTESIAN_POINT('',(-7.723622406,-49.132167313,11.718602211));
#8317=CARTESIAN_POINT('',(-6.287744813,-49.667497029,11.859216643));
#8318=CARTESIAN_POINT('',(-4.387971268,-49.245956225,12.036286668));
#8319=CARTESIAN_POINT('',(-3.097392648,-47.032478637,12.249812287));
#8320=CARTESIAN_POINT('',(-4.607714368,-44.416236428,12.499793499));
#8321=CARTESIAN_POINT('',(-7.354036849,-44.424891509,12.728942944));
#8322=CARTESIAN_POINT('',(-8.787695839,-46.309482168,12.937260621));
#8323=CARTESIAN_POINT('',(-8.515356927,-48.408995805,13.12474653));
#8324=CARTESIAN_POINT('',(-6.830012371,-49.707300107,13.312232439));
#8325=CARTESIAN_POINT('',(-4.725041963,-49.430623282,13.499718348));
#8326=CARTESIAN_POINT('',(-3.429576272,-47.748251999,13.687204257));
#8327=CARTESIAN_POINT('',(-3.704416528,-45.641709654,13.874690167));
#8328=CARTESIAN_POINT('',(-5.38743486,-44.3469153,14.062176076));
#8329=CARTESIAN_POINT('',(-7.493647812,-44.620928361,14.249661985));
#8330=CARTESIAN_POINT('',(-8.788724169,-46.304336704,14.437147894));
#8331=CARTESIAN_POINT('',(-8.515119529,-48.409832348,14.624633803));
#8332=CARTESIAN_POINT('',(-7.207869271,-49.416492361,14.770196971));
#8333=CARTESIAN_POINT('',(-6.338012497,-49.527913195,14.853264836));
#8334=CARTESIAN_POINT('',(-6.122267556,-49.528119579,14.873837398));
#8335=CARTESIAN_POINT('',(-4.648247113,-44.479912341,10.750531719));
#8336=CARTESIAN_POINT('',(-4.703389912,-44.448167641,10.755708348));
#8337=CARTESIAN_POINT('',(-5.26825457,-44.147303785,10.807756454));
#8338=CARTESIAN_POINT('',(-6.52197767,-43.943346923,10.906676038));
#8339=CARTESIAN_POINT('',(-8.165654327,-44.69149189,11.04729047));
#8340=CARTESIAN_POINT('',(-9.115286149,-46.228314984,11.187904902));
#8341=CARTESIAN_POINT('',(-9.053975743,-48.030563953,11.328519334));
#8342=CARTESIAN_POINT('',(-7.996278281,-49.501197981,11.469133766));
#8343=CARTESIAN_POINT('',(-6.310503163,-50.124694263,11.609748198));
#8344=CARTESIAN_POINT('',(-4.083550845,-49.624462102,11.786818223));
#8345=CARTESIAN_POINT('',(-2.576602498,-47.024330259,12.000343842));
#8346=CARTESIAN_POINT('',(-4.356055095,-43.960363973,12.250325054));
#8347=CARTESIAN_POINT('',(-7.577185869,-43.978911674,12.479474498));
#8348=CARTESIAN_POINT('',(-9.252958362,-46.193729844,12.687792175));
#8349=CARTESIAN_POINT('',(-8.927114644,-48.655411798,12.875278085));
#8350=CARTESIAN_POINT('',(-6.946405453,-50.173037833,13.062763994));
#8351=CARTESIAN_POINT('',(-4.47833641,-49.842087345,13.250249903));
#8352=CARTESIAN_POINT('',(-2.964030757,-47.864876085,13.437735812));
#8353=CARTESIAN_POINT('',(-3.292831907,-45.394956626,13.625221721));
#8354=CARTESIAN_POINT('',(-5.270800056,-43.881440987,13.81270763));
#8355=CARTESIAN_POINT('',(-7.74033569,-44.209270476,14.00019354));
#8356=CARTESIAN_POINT('',(-9.254180901,-46.187697375,14.187679449));
#8357=CARTESIAN_POINT('',(-8.926832641,-48.656392275,14.375165358));
#8358=CARTESIAN_POINT('',(-7.390482836,-49.833105614,14.520728526));
#8359=CARTESIAN_POINT('',(-6.369888856,-49.961130576,14.603796391));
#8360=CARTESIAN_POINT('',(-6.116841417,-49.960712814,14.624368953));
#8361=CARTESIAN_POINT('',(-4.4369522,-44.102289504,10.500866345));
#8362=CARTESIAN_POINT('',(-4.50027259,-44.06595399,10.506042974));
#8363=CARTESIAN_POINT('',(-5.148867078,-43.721647443,10.55809108));
#8364=CARTESIAN_POINT('',(-6.587691057,-43.489626861,10.657010664));
#8365=CARTESIAN_POINT('',(-8.472425051,-44.350651543,10.797625096));
#8366=CARTESIAN_POINT('',(-9.559568977,-46.115486402,10.938239528));
#8367=CARTESIAN_POINT('',(-9.486353467,-48.183256849,11.07885396));
#8368=CARTESIAN_POINT('',(-8.270429305,-49.868951959,11.219468392));
#8369=CARTESIAN_POINT('',(-6.335208734,-50.581656921,11.360082824));
#8370=CARTESIAN_POINT('',(-3.780840225,-50.004153837,11.537152849));
#8371=CARTESIAN_POINT('',(-2.055933735,-47.018411196,11.750678468));
#8372=CARTESIAN_POINT('',(-4.102523552,-43.505703657,12.00065968));
#8373=CARTESIAN_POINT('',(-7.798361215,-43.532113357,12.229809125));
#8374=CARTESIAN_POINT('',(-9.717586973,-46.076022912,12.438126801));
#8375=CARTESIAN_POINT('',(-9.339800133,-48.899994192,12.625612711));
#8376=CARTESIAN_POINT('',(-7.064754885,-50.638137554,12.81309862));
#8377=CARTESIAN_POINT('',(-4.233463361,-50.254482067,13.000584529));
#8378=CARTESIAN_POINT('',(-2.49912414,-47.983454739,13.188070438));
#8379=CARTESIAN_POINT('',(-2.88031648,-45.150037128,13.375556347));
#8380=CARTESIAN_POINT('',(-5.152210981,-43.416605289,13.563042257));
#8381=CARTESIAN_POINT('',(-7.98518975,-43.796682341,13.750528166));
#8382=CARTESIAN_POINT('',(-9.718999002,-46.069103535,13.938014075));
#8383=CARTESIAN_POINT('',(-9.339475442,-48.901118712,14.125499984));
#8384=CARTESIAN_POINT('',(-7.574822208,-50.24881227,14.271063152));
#8385=CARTESIAN_POINT('',(-6.403607186,-50.394081328,14.354131017));
#8386=CARTESIAN_POINT('',(-6.113265759,-50.393199222,14.374703579));
#8387=CARTESIAN_POINT('',(-4.225304777,-43.724877497,10.251183792));
#8388=CARTESIAN_POINT('',(-4.296798178,-43.683943535,10.256360421));
#8389=CARTESIAN_POINT('',(-5.029078986,-43.296116038,10.308408527));
#8390=CARTESIAN_POINT('',(-6.652972137,-43.035856883,10.407328111));
#8391=CARTESIAN_POINT('',(-8.778863971,-44.009529469,10.547942543));
#8392=CARTESIAN_POINT('',(-10.003732575,-46.002239348,10.688556975));
#8393=CARTESIAN_POINT('',(-9.918864223,-48.335535339,10.829171407));
#8394=CARTESIAN_POINT('',(-8.544921755,-50.236435674,10.969785839));
#8395=CARTESIAN_POINT('',(-6.360347196,-51.038583745,11.110400271));
#8396=CARTESIAN_POINT('',(-3.478498291,-50.384121977,11.287470296));
#8397=CARTESIAN_POINT('',(-1.535273405,-47.012986633,11.500995915));
#8398=CARTESIAN_POINT('',(-3.84856769,-43.051296108,11.750977127));
#8399=CARTESIAN_POINT('',(-8.019106452,-43.085117737,11.980126572));
#8400=CARTESIAN_POINT('',(-10.18209149,-45.957878064,12.188444248));
#8401=CARTESIAN_POINT('',(-9.752705909,-49.144178467,12.375930158));
#8402=CARTESIAN_POINT('',(-7.183542643,-51.103112157,12.563416067));
#8403=CARTESIAN_POINT('',(-3.988988173,-50.667097875,12.750901976));
#8404=CARTESIAN_POINT('',(-2.034342849,-48.102471234,12.938387885));
#8405=CARTESIAN_POINT('',(-2.467579928,-44.905515771,13.125873794));
#8406=CARTESIAN_POINT('',(-5.033184132,-42.951894822,13.313359704));
#8407=CARTESIAN_POINT('',(-8.229645602,-43.38387323,13.500845613));
#8408=CARTESIAN_POINT('',(-10.183691868,-45.950071832,13.688331522));
#8409=CARTESIAN_POINT('',(-9.752339094,-49.145447065,13.875817431));
#8410=CARTESIAN_POINT('',(-7.759551024,-50.664332426,14.021380599));
#8411=CARTESIAN_POINT('',(-6.437735376,-50.826988252,14.104448464));
#8412=CARTESIAN_POINT('',(-6.110100522,-50.82567726,14.125021026));
#8413=B_SPLINE_SURFACE_WITH_KNOTS('',3,3,((#8309,#8310,#8311,#8312,#8313,#8314,#8315,#8316,#8317,#8318,#8319,#8320,#8321,#8322,#8323,#8324,#8325,#8326,#8327,#8328,#8329,#8330,#8331,#8332,#8333,#8334),(#8335,#8336,#8337,#8338,#8339,#8340,#8341,#8342,#8343,#8344,#8345,#8346,#8347,#8348,#8349,#8350,#8351,#8352,#8353,#8354,#8355,#8356,#8357,#8358,#8359,#8360),(#8361,#8362,#8363,#8364,#8365,#8366,#8367,#8368,#8369,#8370,#8371,#8372,#8373,#8374,#8375,#8376,#8377,#8378,#8379,#8380,#8381,#8382,#8383,#8384,#8385,#8386),(#8387,#8388,#8389,#8390,#8391,#8392,#8393,#8394,#8395,#8396,#8397,#8398,#8399,#8400,#8401,#8402,#8403,#8404,#8405,#8406,#8407,#8408,#8409,#8410,#8411,#8412)),.UNSPECIFIED.,.F.,.F.,.U.,(4,4),(4,1,1,1,1,1,1,1,1,1,1,1,1,1,1,1,1,1,1,1,1,1,1,4),(0.170679769,0.320537433),(7.339034499,7.40408594,7.993090295,8.58209465,9.171099005,9.76010336,10.349107715,10.93811207,11.527116425,12.574235278,13.621354131,14.668472984,15.453812124,16.239151264,17.024490404,17.809829544,18.595168684,19.380507824,20.165846964,20.951186104,21.736525244,22.521864384,23.307203524,23.56572596),.UNSPECIFIED.);
#8414=ORIENTED_EDGE('',*,*,#8303,.T.);
#8415=ORIENTED_EDGE('',*,*,#1031,.T.);
#8416=ORIENTED_EDGE('',*,*,#8205,.F.);
#8417=ORIENTED_EDGE('',*,*,#2723,.F.);
#8418=EDGE_LOOP('',(#8414,#8415,#8416,#8417));
#8419=FACE_BOUND('',#8418,.T.);
#8420=ADVANCED_FACE('',(#8419),#8413,.F.);
#8421=CARTESIAN_POINT('',(4.490018821,-50.318336292,10.999990981));
#8422=CARTESIAN_POINT('',(4.56134895,-50.359651415,11.005170671));
#8423=CARTESIAN_POINT('',(5.291733699,-50.75114265,11.057221838));
#8424=CARTESIAN_POINT('',(6.914367909,-51.019460506,11.156144483));
#8425=CARTESIAN_POINT('',(9.045058376,-50.056334105,11.296758915));
#8426=CARTESIAN_POINT('',(10.279796036,-48.069731314,11.437373347));
#8427=CARTESIAN_POINT('',(10.206490416,-45.736027205,11.577987778));
#8428=CARTESIAN_POINT('',(8.841998876,-43.828363014,11.71860221));
#8429=CARTESIAN_POINT('',(6.661417051,-43.015360866,11.859216642));
#8430=CARTESIAN_POINT('',(3.776366884,-43.655561025,12.036286668));
#8431=CARTESIAN_POINT('',(1.816467517,-47.017000906,12.249812286));
#8432=CARTESIAN_POINT('',(4.110048621,-50.99010018,12.499793499));
#8433=CARTESIAN_POINT('',(8.280744024,-50.976995188,12.728942943));
#8434=CARTESIAN_POINT('',(10.457919284,-48.114962106,12.93726062));
#8435=CARTESIAN_POINT('',(10.04435905,-44.926583097,13.124746529));
#8436=CARTESIAN_POINT('',(7.484922486,-42.954932166,13.312232438));
#8437=CARTESIAN_POINT('',(4.288253417,-43.375102563,13.499718348));
#8438=CARTESIAN_POINT('',(2.320912996,-45.930007765,13.687204257));
#8439=CARTESIAN_POINT('',(2.738296252,-49.129071069,13.874690166));
#8440=CARTESIAN_POINT('',(5.294181959,-51.095388938,14.062176075));
#8441=CARTESIAN_POINT('',(8.492747209,-50.67926343,14.249661984));
#8442=CARTESIAN_POINT('',(10.459490625,-48.122783957,14.437147894));
#8443=CARTESIAN_POINT('',(10.043989711,-44.925310823,14.624633803));
#8444=CARTESIAN_POINT('',(8.058862467,-43.396647159,14.770188714));
#8445=CARTESIAN_POINT('',(6.738024245,-43.227390132,14.853248323));
#8446=CARTESIAN_POINT('',(6.410519889,-43.22704423,14.873812629));
#8447=CARTESIAN_POINT('',(4.709171184,-49.945232208,10.750308428));
#8448=CARTESIAN_POINT('',(4.772417118,-49.981783545,10.755488118));
#8449=CARTESIAN_POINT('',(5.419996818,-50.32808788,10.807539285));
#8450=CARTESIAN_POINT('',(6.858156473,-50.56447772,10.90646193));
#8451=CARTESIAN_POINT('',(8.745489117,-49.709164181,11.047076362));
#8452=CARTESIAN_POINT('',(9.837980901,-47.947641139,11.187690794));
#8453=CARTESIAN_POINT('',(9.771026934,-45.87964393,11.328305226));
#8454=CARTESIAN_POINT('',(8.560225924,-44.190293473,11.468919657));
#8455=CARTESIAN_POINT('',(6.627164386,-43.471696564,11.609534089));
#8456=CARTESIAN_POINT('',(4.071065077,-44.041487404,11.786604115));
#8457=CARTESIAN_POINT('',(2.337129543,-47.021968584,12.000129733));
#8458=CARTESIAN_POINT('',(4.373026686,-50.540854384,12.250110946));
#8459=CARTESIAN_POINT('',(8.068962145,-50.525678996,12.47926039));
#8460=CARTESIAN_POINT('',(9.995867707,-47.987571627,12.687578067));
#8461=CARTESIAN_POINT('',(9.626658904,-45.162476797,12.875063976));
#8462=CARTESIAN_POINT('',(7.356879534,-43.417443554,13.062549886));
#8463=CARTESIAN_POINT('',(4.524443768,-43.792515592,13.250035795));
#8464=CARTESIAN_POINT('',(2.783226681,-46.058277111,13.437521704));
#8465=CARTESIAN_POINT('',(3.155830776,-48.892836173,13.625007613));
#8466=CARTESIAN_POINT('',(5.422460379,-50.633146723,13.812493522));
#8467=CARTESIAN_POINT('',(8.256579109,-50.261657313,13.999979431));
#8468=CARTESIAN_POINT('',(9.997266308,-47.994501491,14.187465341));
#8469=CARTESIAN_POINT('',(9.62633125,-45.161349557,14.37495125));
#8470=CARTESIAN_POINT('',(7.865865054,-43.808388539,14.520506162));
#8471=CARTESIAN_POINT('',(6.695232488,-43.659525402,14.60356577));
#8472=CARTESIAN_POINT('',(6.405007447,-43.659498424,14.624130076));
#8473=CARTESIAN_POINT('',(4.928683379,-49.572326182,10.500643055));
#8474=CARTESIAN_POINT('',(4.983849423,-49.604105936,10.505822745));
#8475=CARTESIAN_POINT('',(5.548664753,-49.905143597,10.557873912));
#8476=CARTESIAN_POINT('',(6.802375266,-50.10942954,10.656796556));
#8477=CARTESIAN_POINT('',(8.446241335,-49.361700813,10.797410988));
#8478=CARTESIAN_POINT('',(9.396269903,-47.82512849,10.93802542));
#8479=CARTESIAN_POINT('',(9.335415644,-46.022851298,11.078639852));
#8480=CARTESIAN_POINT('',(8.278102073,-44.551966095,11.219254284));
#8481=CARTESIAN_POINT('',(6.592477841,-43.928011985,11.359868716));
#8482=CARTESIAN_POINT('',(4.365404704,-44.427703233,11.536938741));
#8483=CARTESIAN_POINT('',(2.857800919,-47.02743072,11.75046436));
#8484=CARTESIAN_POINT('',(4.636437827,-50.091845975,12.000445572));
#8485=CARTESIAN_POINT('',(7.857603046,-50.074150196,12.229595017));
#8486=CARTESIAN_POINT('',(9.533924395,-47.859739094,12.437912693));
#8487=CARTESIAN_POINT('',(9.208724361,-45.397980501,12.625398603));
#8488=CARTESIAN_POINT('',(7.228394044,-43.879845658,12.812884512));
#8489=CARTESIAN_POINT('',(4.760244461,-44.210163821,13.000370421));
#8490=CARTESIAN_POINT('',(3.245430826,-46.186988512,13.18785633));
#8491=CARTESIAN_POINT('',(3.573600565,-48.656991217,13.375342239));
#8492=CARTESIAN_POINT('',(5.551180773,-50.171013952,13.562828149));
#8493=CARTESIAN_POINT('',(8.020801029,-49.843816078,13.750314058));
#8494=CARTESIAN_POINT('',(9.535151425,-47.865776961,13.937799967));
#8495=CARTESIAN_POINT('',(9.208437818,-45.396998392,14.125285876));
#8496=CARTESIAN_POINT('',(7.672471751,-44.219957504,14.270840788));
#8497=CARTESIAN_POINT('',(6.652029577,-44.091631549,14.353900396));
#8498=CARTESIAN_POINT('',(6.399084564,-44.091958934,14.374464702));
#8499=CARTESIAN_POINT('',(5.149852428,-49.200253378,10.25117461));
#8500=CARTESIAN_POINT('',(5.196956702,-49.227225643,10.256354299));
#8501=CARTESIAN_POINT('',(5.679177817,-49.482629867,10.308405467));
#8502=CARTESIAN_POINT('',(6.748524308,-49.654014043,10.407328111));
#8503=CARTESIAN_POINT('',(8.148394806,-49.0128594,10.547942543));
#8504=CARTESIAN_POINT('',(8.954957833,-47.700692138,10.688556975));
#8505=CARTESIAN_POINT('',(8.899068671,-46.164236388,10.829171407));
#8506=CARTESIAN_POINT('',(7.99435165,-44.912534358,10.969785839));
#8507=CARTESIAN_POINT('',(6.555830133,-44.384308588,11.11040027));
#8508=CARTESIAN_POINT('',(4.658175366,-44.815285885,11.287470296));
#8509=CARTESIAN_POINT('',(3.378597101,-47.035121925,11.500995915));
#8510=CARTESIAN_POINT('',(4.901843182,-49.643836277,11.750977127));
#8511=CARTESIAN_POINT('',(7.648115604,-49.621590653,11.980126571));
#8512=CARTESIAN_POINT('',(9.072395912,-47.729894137,12.188444248));
#8513=CARTESIAN_POINT('',(8.789665947,-45.631763784,12.375930157));
#8514=CARTESIAN_POINT('',(7.097893858,-44.341829024,12.563416067));
#8515=CARTESIAN_POINT('',(4.994326257,-44.628938707,12.750901976));
#8516=CARTESIAN_POINT('',(3.707215083,-46.317712916,12.938387885));
#8517=CARTESIAN_POINT('',(3.992497309,-48.422866171,13.125873794));
#8518=CARTESIAN_POINT('',(5.681913821,-49.709300815,13.313359703));
#8519=CARTESIAN_POINT('',(7.786743225,-49.424848415,13.500845613));
#8520=CARTESIAN_POINT('',(9.073456144,-47.73503953,13.688331522));
#8521=CARTESIAN_POINT('',(8.789418592,-45.630927224,13.875817431));
#8522=CARTESIAN_POINT('',(7.477263353,-44.630815288,14.021372343));
#8523=CARTESIAN_POINT('',(6.606966581,-44.523675297,14.104431951));
#8524=CARTESIAN_POINT('',(6.391310722,-44.524516747,14.124996257));
#8525=B_SPLINE_SURFACE_WITH_KNOTS('',3,3,((#8421,#8422,#8423,#8424,#8425,#8426,#8427,#8428,#8429,#8430,#8431,#8432,#8433,#8434,#8435,#8436,#8437,#8438,#8439,#8440,#8441,#8442,#8443,#8444,#8445,#8446),(#8447,#8448,#8449,#8450,#8451,#8452,#8453,#8454,#8455,#8456,#8457,#8458,#8459,#8460,#8461,#8462,#8463,#8464,#8465,#8466,#8467,#8468,#8469,#8470,#8471,#8472),(#8473,#8474,#8475,#8476,#8477,#8478,#8479,#8480,#8481,#8482,#8483,#8484,#8485,#8486,#8487,#8488,#8489,#8490,#8491,#8492,#8493,#8494,#8495,#8496,#8497,#8498),(#8499,#8500,#8501,#8502,#8503,#8504,#8505,#8506,#8507,#8508,#8509,#8510,#8511,#8512,#8513,#8514,#8515,#8516,#8517,#8518,#8519,#8520,#8521,#8522,#8523,#8524)),.UNSPECIFIED.,.F.,.F.,.U.,(4,4),(4,1,1,1,1,1,1,1,1,1,1,1,1,1,1,1,1,1,1,1,1,1,1,4),(-0.043409303,0.10644836),(10.468243376,10.533333278,11.122337633,11.711341988,12.300346343,12.889350698,13.478355053,14.067359408,14.656363763,15.703482616,16.750601469,17.797720323,18.583059463,19.368398603,20.153737742,20.939076882,21.724416022,22.509755162,23.295094302,24.080433442,24.865772582,25.651111722,26.436450862,26.694869547),.UNSPECIFIED.);
#8526=CARTESIAN_POINT('',(6.391311883,-44.52445213,14.125033523));
#8527=CARTESIAN_POINT('',(6.732835687,-44.523282266,14.092373635));
#8528=CARTESIAN_POINT('',(7.073505223,-44.592425505,14.059854762));
#8529=CARTESIAN_POINT('',(7.385834513,-44.729452753,14.027304559));
#8530=CARTESIAN_POINT('',(7.698163802,-44.86648,13.994754357));
#8531=CARTESIAN_POINT('',(7.983082077,-45.068028764,13.962218116));
#8532=CARTESIAN_POINT('',(8.21740721,-45.316314297,13.929676532));
#8533=CARTESIAN_POINT('',(8.451732343,-45.56459983,13.897134948));
#8534=CARTESIAN_POINT('',(8.633297961,-45.8608841,13.864587559));
#8535=CARTESIAN_POINT('',(8.746898493,-46.182674038,13.83203158));
#8536=CARTESIAN_POINT('',(8.860499024,-46.504463975,13.799475602));
#8537=CARTESIAN_POINT('',(8.908763214,-46.850248846,13.766903654));
#8538=CARTESIAN_POINT('',(8.887822076,-47.190906482,13.734359669));
#8539=CARTESIAN_POINT('',(8.866880938,-47.531564119,13.701815685));
#8540=CARTESIAN_POINT('',(8.773970342,-47.866311614,13.669339459));
#8541=CARTESIAN_POINT('',(8.616752394,-48.16922267,13.636750336));
#8542=CARTESIAN_POINT('',(8.459534446,-48.472133727,13.604161213));
#8543=CARTESIAN_POINT('',(8.240748372,-48.744073585,13.57161323));
#8544=CARTESIAN_POINT('',(7.977941127,-48.961654368,13.539055773));
#8545=CARTESIAN_POINT('',(7.715133882,-49.179235151,13.506498316));
#8546=CARTESIAN_POINT('',(7.406733101,-49.339486789,13.473907922));
#8547=CARTESIAN_POINT('',(7.078122616,-49.432166146,13.441435216));
#8548=CARTESIAN_POINT('',(6.749512131,-49.524845502,13.408962509));
#8549=CARTESIAN_POINT('',(6.401612989,-49.551587941,13.376466093));
#8550=CARTESIAN_POINT('',(6.063352919,-49.50844057,13.34390839));
#8551=CARTESIAN_POINT('',(5.72509285,-49.465293199,13.311350687));
#8552=CARTESIAN_POINT('',(5.397320195,-49.348943679,13.278667964));
#8553=CARTESIAN_POINT('',(5.104616557,-49.172294521,13.246072092));
#8554=CARTESIAN_POINT('',(4.811912919,-48.995645363,13.21347622));
#8555=CARTESIAN_POINT('',(4.554034223,-48.759947585,13.180875289));
#8556=CARTESIAN_POINT('',(4.354599755,-48.483495013,13.148340296));
#8557=CARTESIAN_POINT('',(3.95573082,-47.930589868,13.08327031));
#8558=CARTESIAN_POINT('',(3.803487913,-47.207948098,13.018397467));
#8559=CARTESIAN_POINT('',(3.934555992,-46.538398429,12.953221763));
#8560=CARTESIAN_POINT('',(4.065624071,-45.86884876,12.88804606));
#8561=CARTESIAN_POINT('',(4.489995089,-45.257028326,12.824585581));
#8562=CARTESIAN_POINT('',(5.067644464,-44.898093673,12.758931966));
#8563=CARTESIAN_POINT('',(5.212056807,-44.808360009,12.742518562));
#8564=CARTESIAN_POINT('',(5.366284923,-44.735051866,12.725643277));
#8565=CARTESIAN_POINT('',(5.526505654,-44.677236176,12.709180072));
#8566=CARTESIAN_POINT('',(5.686726385,-44.619420486,12.692716868));
#8567=CARTESIAN_POINT('',(5.853012599,-44.576087416,12.677199181));
#8568=CARTESIAN_POINT('',(6.022542668,-44.551996278,12.660238158));
#8569=CARTESIAN_POINT('',(6.192072737,-44.52790514,12.643277134));
#8570=CARTESIAN_POINT('',(6.364144218,-44.51868416,12.627440908));
#8571=CARTESIAN_POINT('',(6.535306795,-44.527595636,12.611230181));
#8572=CARTESIAN_POINT('',(6.706469371,-44.536507112,12.595019454));
#8573=CARTESIAN_POINT('',(6.875697329,-44.565914101,12.57704114));
#8574=CARTESIAN_POINT('',(7.040922434,-44.607782792,12.562263195));
#8575=CARTESIAN_POINT('',(7.371372644,-44.691520174,12.532707304));
#8576=CARTESIAN_POINT('',(7.679139299,-44.848567211,12.501423369));
#8577=CARTESIAN_POINT('',(7.943839708,-45.06181033,12.467240952));
#8578=CARTESIAN_POINT('',(8.208540117,-45.27505345,12.433058534));
#8579=CARTESIAN_POINT('',(8.435803107,-45.541914587,12.399592425));
#8580=CARTESIAN_POINT('',(8.598793265,-45.845313031,12.367296166));
#8581=CARTESIAN_POINT('',(8.680288344,-45.997012254,12.351148037));
#8582=CARTESIAN_POINT('',(8.742197852,-46.158377947,12.333135651));
#8583=CARTESIAN_POINT('',(8.7917588,-46.322257238,12.318029427));
#8584=CARTESIAN_POINT('',(8.841319749,-46.486136529,12.302923203));
#8585=CARTESIAN_POINT('',(8.873608193,-46.654378597,12.287657462));
#8586=CARTESIAN_POINT('',(8.888396594,-46.823495587,12.272028522));
#8587=CARTESIAN_POINT('',(8.917973395,-47.161729568,12.240770642));
#8588=CARTESIAN_POINT('',(8.875545014,-47.504767046,12.206696902));
#8589=CARTESIAN_POINT('',(8.762539717,-47.827059804,12.172195081));
#8590=CARTESIAN_POINT('',(8.706037069,-47.988206183,12.15494417));
#8591=CARTESIAN_POINT('',(8.635700416,-48.145484828,12.139689013));
#8592=CARTESIAN_POINT('',(8.548562294,-48.293385359,12.12326234));
#8593=CARTESIAN_POINT('',(8.461424171,-48.44128589,12.106835666));
#8594=CARTESIAN_POINT('',(8.359267572,-48.580363863,12.09028277));
#8595=CARTESIAN_POINT('',(8.245161686,-48.708286217,12.07428554));
#8596=CARTESIAN_POINT('',(8.016949914,-48.964130925,12.04229108));
#8597=CARTESIAN_POINT('',(7.736168832,-49.16947656,12.008781027));
#8598=CARTESIAN_POINT('',(7.425101285,-49.308849054,11.977249127));
#8599=CARTESIAN_POINT('',(6.802966192,-49.587594041,11.914185326));
#8600=CARTESIAN_POINT('',(6.06214634,-49.600435092,11.848689898));
#8601=CARTESIAN_POINT('',(5.430606307,-49.342106965,11.781224138));
#8602=CARTESIAN_POINT('',(4.799066274,-49.083778839,11.713758377));
#8603=CARTESIAN_POINT('',(4.290838788,-48.545108102,11.655170976));
#8604=CARTESIAN_POINT('',(4.048586004,-47.907156453,11.587720068));
#8605=CARTESIAN_POINT('',(3.927459613,-47.588180628,11.553994614));
#8606=CARTESIAN_POINT('',(3.868534537,-47.244710986,11.520102245));
#8607=CARTESIAN_POINT('',(3.885445951,-46.903162191,11.488161951));
#8608=CARTESIAN_POINT('',(3.893901658,-46.732387793,11.472191804));
#8609=CARTESIAN_POINT('',(3.923184542,-46.563118294,11.455220482));
#8610=CARTESIAN_POINT('',(3.967408732,-46.398372471,11.439363592));
#8611=CARTESIAN_POINT('',(4.011632922,-46.233626648,11.423506702));
#8612=CARTESIAN_POINT('',(4.071437214,-46.07300602,11.408424195));
#8613=CARTESIAN_POINT('',(4.147318117,-45.920147546,11.39255655));
#8614=CARTESIAN_POINT('',(4.299079922,-45.614430598,11.36082126));
#8615=CARTESIAN_POINT('',(4.512505647,-45.339623079,11.327216256));
#8616=CARTESIAN_POINT('',(4.771248816,-45.117622058,11.293494911));
#8617=CARTESIAN_POINT('',(4.900620401,-45.006621548,11.276634239));
#8618=CARTESIAN_POINT('',(5.040316987,-44.906681864,11.261157138));
#8619=CARTESIAN_POINT('',(5.190795263,-44.825617146,11.244176601));
#8620=CARTESIAN_POINT('',(5.341273539,-44.744552428,11.227196064));
#8621=CARTESIAN_POINT('',(5.50000098,-44.67872376,11.211064673));
#8622=CARTESIAN_POINT('',(5.663557583,-44.629319411,11.195224551));
#8623=CARTESIAN_POINT('',(6.317783993,-44.431702016,11.131864065));
#8624=CARTESIAN_POINT('',(7.050844051,-44.516166386,11.067269631));
#8625=CARTESIAN_POINT('',(7.642036083,-44.858716181,11.0000529));
#8626=B_SPLINE_CURVE_WITH_KNOTS('',3,(#8526,#8527,#8528,#8529,#8530,#8531,#8532,#8533,#8534,#8535,#8536,#8537,#8538,#8539,#8540,#8541,#8542,#8543,#8544,#8545,#8546,#8547,#8548,#8549,#8550,#8551,
#8552,#8553,#8554,#8555,#8556,#8557,#8558,#8559,#8560,#8561,#8562,#8563,#8564,#8565,#8566,#8567,#8568,#8569,#8570,#8571,#8572,#8573,#8574,#8575,#8576,
#8577,#8578,#8579,#8580,#8581,#8582,#8583,#8584,#8585,#8586,#8587,#8588,#8589,#8590,#8591,#8592,#8593,#8594,#8595,#8596,#8597,#8598,#8599,#8600,#8601,
#8602,#8603,#8604,#8605,#8606,#8607,#8608,#8609,#8610,#8611,#8612,#8613,#8614,#8615,#8616,#8617,#8618,#8619,#8620,#8621,#8622,#8623,#8624,#8625),.UNSPECIFIED.,.F.,.F.,(4,3,3,3,3,3,3,3,3,3,3,3,3,3,3,3,3,3,3,3,3,3,3,3,3,3,
3,3,3,3,3,3,3,4),(12.283488069,12.386656764,12.489825458,12.592994153,12.696162847,12.799331541,12.902500236,13.00566893,13.108837625,13.212006319,13.315175014,13.521512403,13.727849792,13.779434139,13.831018486,13.882602833,13.93418718,14.037355875,14.140524569,14.192108917,14.243693264,14.346861958,14.398446305,14.450030653,14.553199347,14.759536736,
14.965874125,15.069042819,15.120627167,15.172211514,15.275380208,15.326964555,15.378548903,15.584886292),.UNSPECIFIED.);
#8627=EDGE_CURVE('',#2523,#856,#8626,.T.);
#8628=ORIENTED_EDGE('',*,*,#8627,.T.);
#8629=ORIENTED_EDGE('',*,*,#973,.T.);
#8630=CARTESIAN_POINT('',(6.389903827,-50.825704693,14.124953505));
#8631=CARTESIAN_POINT('',(5.871465532,-50.827653244,14.092562365));
#8632=CARTESIAN_POINT('',(5.35451029,-50.722617601,14.059943354));
#8633=CARTESIAN_POINT('',(4.880099752,-50.514715489,14.027389284));
#8634=CARTESIAN_POINT('',(4.405689214,-50.306813377,13.994835213));
#8635=CARTESIAN_POINT('',(3.972706327,-50.000686981,13.962267195));
#8636=CARTESIAN_POINT('',(3.616706046,-49.623545487,13.929704555));
#8637=CARTESIAN_POINT('',(3.260705764,-49.246403993,13.897141916));
#8638=CARTESIAN_POINT('',(2.984853652,-48.796449812,13.864580627));
#8639=CARTESIAN_POINT('',(2.812326824,-48.307829036,13.832036402));
#8640=CARTESIAN_POINT('',(2.639799996,-47.819208261,13.799492178));
#8641=CARTESIAN_POINT('',(2.566468665,-47.294288338,13.766974353));
#8642=CARTESIAN_POINT('',(2.598198464,-46.777062504,13.734393438));
#8643=CARTESIAN_POINT('',(2.629928263,-46.25983667,13.701812523));
#8644=CARTESIAN_POINT('',(2.771020278,-45.751405187,13.669160923));
#8645=CARTESIAN_POINT('',(3.00971199,-45.291197142,13.636669243));
#8646=CARTESIAN_POINT('',(3.248403702,-44.830989098,13.604177563));
#8647=CARTESIAN_POINT('',(3.580994091,-44.418206186,13.571621489));
#8648=CARTESIAN_POINT('',(3.980002106,-44.087886265,13.539074765));
#8649=CARTESIAN_POINT('',(4.379010121,-43.757566343,13.506528042));
#8650=CARTESIAN_POINT('',(4.846947812,-43.513651191,13.47403192));
#8651=CARTESIAN_POINT('',(5.346089753,-43.37294354,13.441361468));
#8652=CARTESIAN_POINT('',(5.845231694,-43.23223589,13.408691015));
#8653=CARTESIAN_POINT('',(6.373744386,-43.191652116,13.376059417));
#8654=CARTESIAN_POINT('',(6.887470949,-43.257155895,13.343518027));
#8655=CARTESIAN_POINT('',(7.914924076,-43.388163453,13.278435246));
#8656=CARTESIAN_POINT('',(8.874778007,-43.973082159,13.213684258));
#8657=CARTESIAN_POINT('',(9.481250895,-44.812095379,13.148538971));
#8658=CARTESIAN_POINT('',(10.087723783,-45.6511086,13.083393685));
#8659=CARTESIAN_POINT('',(10.31820938,-46.753107685,13.018064542));
#8660=CARTESIAN_POINT('',(10.119064679,-47.768435282,12.953032376));
#8661=CARTESIAN_POINT('',(9.919919978,-48.78376288,12.88800021));
#8662=CARTESIAN_POINT('',(9.277585601,-49.708602126,12.820302926));
#8663=CARTESIAN_POINT('',(8.399182174,-50.256283667,12.756099489));
#8664=CARTESIAN_POINT('',(7.520778748,-50.803965209,12.691896052));
#8665=CARTESIAN_POINT('',(6.40897689,-50.954954239,12.629353639));
#8666=CARTESIAN_POINT('',(5.407373784,-50.697730898,12.56272294));
#8667=CARTESIAN_POINT('',(4.906572231,-50.569119228,12.52940759));
#8668=CARTESIAN_POINT('',(4.433983688,-50.326888298,12.49139905));
#8669=CARTESIAN_POINT('',(4.027698305,-50.002645216,12.461434368));
#8670=CARTESIAN_POINT('',(3.621412922,-49.678402134,12.431469686));
#8671=CARTESIAN_POINT('',(3.288019928,-49.26824592,12.400303239));
#8672=CARTESIAN_POINT('',(3.045698531,-48.813250667,12.367087605));
#8673=CARTESIAN_POINT('',(2.924537833,-48.585753041,12.350479789));
#8674=CARTESIAN_POINT('',(2.822409307,-48.347647863,12.335416825));
#8675=CARTESIAN_POINT('',(2.747519068,-48.100113167,12.318418175));
#8676=CARTESIAN_POINT('',(2.672628828,-47.85257847,12.301419526));
#8677=CARTESIAN_POINT('',(2.624712324,-47.596584799,12.282872302));
#8678=CARTESIAN_POINT('',(2.602606803,-47.33826476,12.265689805));
#8679=CARTESIAN_POINT('',(2.580501282,-47.07994472,12.248507309));
#8680=CARTESIAN_POINT('',(2.585105044,-46.819236413,12.232723391));
#8681=CARTESIAN_POINT('',(2.616711341,-46.562031649,12.217828836));
#8682=CARTESIAN_POINT('',(2.648317638,-46.304826886,12.20293428));
#8683=CARTESIAN_POINT('',(2.710606741,-46.052126415,12.186326052));
#8684=CARTESIAN_POINT('',(2.794277636,-45.806970196,12.171558866));
#8685=CARTESIAN_POINT('',(2.877948531,-45.561813977,12.156791679));
#8686=CARTESIAN_POINT('',(2.991056297,-45.326965523,12.138908587));
#8687=CARTESIAN_POINT('',(3.122766134,-45.103591583,12.122837277));
#8688=CARTESIAN_POINT('',(3.254475971,-44.880217644,12.106765966));
#8689=CARTESIAN_POINT('',(3.40755472,-44.669164444,12.090875977));
#8690=CARTESIAN_POINT('',(3.580498473,-44.476282319,12.074157065));
#8691=CARTESIAN_POINT('',(3.92638598,-44.09051807,12.040719241));
#8692=CARTESIAN_POINT('',(4.346263129,-43.771923301,12.009590155));
#8693=CARTESIAN_POINT('',(4.818522531,-43.56208608,11.975482003));
#8694=CARTESIAN_POINT('',(5.290781932,-43.352248859,11.94137385));
#8695=CARTESIAN_POINT('',(5.809323809,-43.241721424,11.90741375));
#8696=CARTESIAN_POINT('',(6.329284364,-43.23289992,11.875602893));
#8697=CARTESIAN_POINT('',(6.589264641,-43.228489167,11.859697464));
#8698=CARTESIAN_POINT('',(6.849604721,-43.249477801,11.844579992));
#8699=CARTESIAN_POINT('',(7.104299476,-43.296809193,11.829205823));
#8700=CARTESIAN_POINT('',(7.358994232,-43.344140586,11.813831655));
#8701=CARTESIAN_POINT('',(7.606900933,-43.419950783,11.796697527));
#8702=CARTESIAN_POINT('',(7.845198647,-43.516529029,11.781282236));
#8703=CARTESIAN_POINT('',(8.321794074,-43.709685521,11.750451654));
#8704=CARTESIAN_POINT('',(8.756802678,-44.002589365,11.717777803));
#8705=CARTESIAN_POINT('',(9.114968177,-44.378484039,11.682867992));
#8706=CARTESIAN_POINT('',(9.473133676,-44.754378712,11.64795818));
#8707=CARTESIAN_POINT('',(9.758525888,-45.205397772,11.614049351));
#8708=CARTESIAN_POINT('',(9.945447537,-45.691488999,11.583345641));
#8709=CARTESIAN_POINT('',(10.319290834,-46.663671454,11.52193822));
#8710=CARTESIAN_POINT('',(10.259100649,-47.768972356,11.455125291));
#8711=CARTESIAN_POINT('',(9.795818195,-48.700148619,11.387600035));
#8712=CARTESIAN_POINT('',(9.564176968,-49.165736751,11.353837408));
#8713=CARTESIAN_POINT('',(9.240714481,-49.588036964,11.322653023));
#8714=CARTESIAN_POINT('',(8.847629815,-49.925790649,11.292209616));
#8715=CARTESIAN_POINT('',(8.454545149,-50.263544334,11.261766209));
#8716=CARTESIAN_POINT('',(7.991215493,-50.513459747,11.2290571));
#8717=CARTESIAN_POINT('',(7.495004512,-50.662932182,11.195402161));
#8718=CARTESIAN_POINT('',(6.998793531,-50.812404618,11.161747222));
#8719=CARTESIAN_POINT('',(6.46978,-50.860566815,11.129748565));
#8720=CARTESIAN_POINT('',(5.954796348,-50.800444657,11.097011541));
#8721=CARTESIAN_POINT('',(5.439812696,-50.740322499,11.064274518));
#8722=CARTESIAN_POINT('',(4.938184652,-50.575528412,11.031266474));
#8723=CARTESIAN_POINT('',(4.490077287,-50.318236754,10.99992437));
#8724=B_SPLINE_CURVE_WITH_KNOTS('',3,(#8630,#8631,#8632,#8633,#8634,#8635,#8636,#8637,#8638,#8639,#8640,#8641,#8642,#8643,#8644,#8645,#8646,#8647,#8648,#8649,#8650,#8651,#8652,#8653,#8654,#8655,
#8656,#8657,#8658,#8659,#8660,#8661,#8662,#8663,#8664,#8665,#8666,#8667,#8668,#8669,#8670,#8671,#8672,#8673,#8674,#8675,#8676,#8677,#8678,#8679,#8680,
#8681,#8682,#8683,#8684,#8685,#8686,#8687,#8688,#8689,#8690,#8691,#8692,#8693,#8694,#8695,#8696,#8697,#8698,#8699,#8700,#8701,#8702,#8703,#8704,#8705,
#8706,#8707,#8708,#8709,#8710,#8711,#8712,#8713,#8714,#8715,#8716,#8717,#8718,#8719,#8720,#8721,#8722,#8723),.UNSPECIFIED.,.F.,.F.,(4,3,3,3,3,3,3,3,3,3,3,3,3,3,3,3,3,3,3,3,3,3,3,3,3,3,
3,3,3,3,3,4),(4.802176942,4.958451445,5.114725947,5.271000449,5.427274952,5.583549454,5.739823956,5.896098459,6.052372961,6.364921966,6.677470971,6.990019975,7.30256898,7.458843483,7.615117985,7.693255236,7.771392487,7.849529739,7.92766699,8.005804241,8.083941492,8.240215995,8.396490497,8.474627748,8.552764999,8.709039502,
8.865314004,9.177863009,9.334137511,9.490412014,9.646686516,9.802961018),.UNSPECIFIED.);
#8725=EDGE_CURVE('',#2521,#854,#8724,.T.);
#8726=ORIENTED_EDGE('',*,*,#8725,.F.);
#8727=ORIENTED_EDGE('',*,*,#2653,.F.);
#8728=EDGE_LOOP('',(#8628,#8629,#8726,#8727));
#8729=FACE_BOUND('',#8728,.T.);
#8730=ADVANCED_FACE('',(#8729),#8525,.F.);
#8731=CARTESIAN_POINT('',(7.642013111,-44.858545655,11.000000164));
#8732=CARTESIAN_POINT('',(7.595069849,-44.831358094,11.005176793));
#8733=CARTESIAN_POINT('',(7.114144497,-44.573591133,11.0572249));
#8734=CARTESIAN_POINT('',(6.04569469,-44.396914354,11.156144483));
#8735=CARTESIAN_POINT('',(4.642660834,-45.031116777,11.296758915));
#8736=CARTESIAN_POINT('',(3.829604927,-46.339275437,11.437373347));
#8737=CARTESIAN_POINT('',(3.877871333,-47.875978848,11.577987779));
#8738=CARTESIAN_POINT('',(4.776377594,-49.132167313,11.718602211));
#8739=CARTESIAN_POINT('',(6.212255187,-49.667497029,11.859216643));
#8740=CARTESIAN_POINT('',(8.112028732,-49.245956225,12.036286668));
#8741=CARTESIAN_POINT('',(9.402607352,-47.032478637,12.249812287));
#8742=CARTESIAN_POINT('',(7.892285632,-44.416236428,12.499793499));
#8743=CARTESIAN_POINT('',(5.145963151,-44.424891509,12.728942944));
#8744=CARTESIAN_POINT('',(3.712304161,-46.309482168,12.937260621));
#8745=CARTESIAN_POINT('',(3.984643073,-48.408995805,13.12474653));
#8746=CARTESIAN_POINT('',(5.669987629,-49.707300107,13.312232439));
#8747=CARTESIAN_POINT('',(7.774958037,-49.430623282,13.499718348));
#8748=CARTESIAN_POINT('',(9.070423728,-47.748251999,13.687204257));
#8749=CARTESIAN_POINT('',(8.795583472,-45.641709654,13.874690167));
#8750=CARTESIAN_POINT('',(7.11256514,-44.3469153,14.062176076));
#8751=CARTESIAN_POINT('',(5.006352188,-44.620928361,14.249661985));
#8752=CARTESIAN_POINT('',(3.711275831,-46.304336704,14.437147894));
#8753=CARTESIAN_POINT('',(3.984880471,-48.409832348,14.624633803));
#8754=CARTESIAN_POINT('',(5.292130729,-49.416492361,14.770196971));
#8755=CARTESIAN_POINT('',(6.161987503,-49.527913195,14.853264836));
#8756=CARTESIAN_POINT('',(6.377732444,-49.528119579,14.873837398));
#8757=CARTESIAN_POINT('',(7.851752887,-44.479912341,10.750531719));
#8758=CARTESIAN_POINT('',(7.796610088,-44.448167641,10.755708348));
#8759=CARTESIAN_POINT('',(7.23174543,-44.147303785,10.807756454));
#8760=CARTESIAN_POINT('',(5.97802233,-43.943346923,10.906676038));
#8761=CARTESIAN_POINT('',(4.334345673,-44.69149189,11.04729047));
#8762=CARTESIAN_POINT('',(3.384713851,-46.228314984,11.187904902));
#8763=CARTESIAN_POINT('',(3.446024257,-48.030563953,11.328519334));
#8764=CARTESIAN_POINT('',(4.503721719,-49.501197981,11.469133766));
#8765=CARTESIAN_POINT('',(6.189496837,-50.124694263,11.609748198));
#8766=CARTESIAN_POINT('',(8.416449155,-49.624462102,11.786818223));
#8767=CARTESIAN_POINT('',(9.923397502,-47.024330259,12.000343842));
#8768=CARTESIAN_POINT('',(8.143944905,-43.960363973,12.250325054));
#8769=CARTESIAN_POINT('',(4.922814131,-43.978911674,12.479474498));
#8770=CARTESIAN_POINT('',(3.247041638,-46.193729844,12.687792175));
#8771=CARTESIAN_POINT('',(3.572885356,-48.655411798,12.875278085));
#8772=CARTESIAN_POINT('',(5.553594547,-50.173037833,13.062763994));
#8773=CARTESIAN_POINT('',(8.02166359,-49.842087345,13.250249903));
#8774=CARTESIAN_POINT('',(9.535969243,-47.864876085,13.437735812));
#8775=CARTESIAN_POINT('',(9.207168093,-45.394956626,13.625221721));
#8776=CARTESIAN_POINT('',(7.229199944,-43.881440987,13.81270763));
#8777=CARTESIAN_POINT('',(4.75966431,-44.209270476,14.00019354));
#8778=CARTESIAN_POINT('',(3.245819099,-46.187697375,14.187679449));
#8779=CARTESIAN_POINT('',(3.573167359,-48.656392275,14.375165358));
#8780=CARTESIAN_POINT('',(5.109517164,-49.833105614,14.520728526));
#8781=CARTESIAN_POINT('',(6.130111144,-49.961130576,14.603796391));
#8782=CARTESIAN_POINT('',(6.383158583,-49.960712814,14.624368953));
#8783=CARTESIAN_POINT('',(8.0630478,-44.102289504,10.500866345));
#8784=CARTESIAN_POINT('',(7.99972741,-44.06595399,10.506042974));
#8785=CARTESIAN_POINT('',(7.351132922,-43.721647443,10.55809108));
#8786=CARTESIAN_POINT('',(5.912308943,-43.489626861,10.657010664));
#8787=CARTESIAN_POINT('',(4.027574949,-44.350651543,10.797625096));
#8788=CARTESIAN_POINT('',(2.940431023,-46.115486402,10.938239528));
#8789=CARTESIAN_POINT('',(3.013646533,-48.183256849,11.07885396));
#8790=CARTESIAN_POINT('',(4.229570695,-49.868951959,11.219468392));
#8791=CARTESIAN_POINT('',(6.164791266,-50.581656921,11.360082824));
#8792=CARTESIAN_POINT('',(8.719159775,-50.004153837,11.537152849));
#8793=CARTESIAN_POINT('',(10.444066265,-47.018411196,11.750678468));
#8794=CARTESIAN_POINT('',(8.397476448,-43.505703657,12.00065968));
#8795=CARTESIAN_POINT('',(4.701638785,-43.532113357,12.229809125));
#8796=CARTESIAN_POINT('',(2.782413027,-46.076022912,12.438126801));
#8797=CARTESIAN_POINT('',(3.160199867,-48.899994192,12.625612711));
#8798=CARTESIAN_POINT('',(5.435245115,-50.638137554,12.81309862));
#8799=CARTESIAN_POINT('',(8.266536639,-50.254482067,13.000584529));
#8800=CARTESIAN_POINT('',(10.00087586,-47.983454739,13.188070438));
#8801=CARTESIAN_POINT('',(9.61968352,-45.150037128,13.375556347));
#8802=CARTESIAN_POINT('',(7.347789019,-43.416605289,13.563042257));
#8803=CARTESIAN_POINT('',(4.51481025,-43.796682341,13.750528166));
#8804=CARTESIAN_POINT('',(2.781000998,-46.069103535,13.938014075));
#8805=CARTESIAN_POINT('',(3.160524558,-48.901118712,14.125499984));
#8806=CARTESIAN_POINT('',(4.925177792,-50.24881227,14.271063152));
#8807=CARTESIAN_POINT('',(6.096392814,-50.394081328,14.354131017));
#8808=CARTESIAN_POINT('',(6.386734241,-50.393199222,14.374703579));
#8809=CARTESIAN_POINT('',(8.274695223,-43.724877497,10.251183792));
#8810=CARTESIAN_POINT('',(8.203201822,-43.683943535,10.256360421));
#8811=CARTESIAN_POINT('',(7.470921014,-43.296116038,10.308408527));
#8812=CARTESIAN_POINT('',(5.847027863,-43.035856883,10.407328111));
#8813=CARTESIAN_POINT('',(3.721136029,-44.009529469,10.547942543));
#8814=CARTESIAN_POINT('',(2.496267425,-46.002239348,10.688556975));
#8815=CARTESIAN_POINT('',(2.581135777,-48.335535339,10.829171407));
#8816=CARTESIAN_POINT('',(3.955078245,-50.236435674,10.969785839));
#8817=CARTESIAN_POINT('',(6.139652804,-51.038583745,11.110400271));
#8818=CARTESIAN_POINT('',(9.021501709,-50.384121977,11.287470296));
#8819=CARTESIAN_POINT('',(10.964726595,-47.012986633,11.500995915));
#8820=CARTESIAN_POINT('',(8.65143231,-43.051296108,11.750977127));
#8821=CARTESIAN_POINT('',(4.480893548,-43.085117737,11.980126572));
#8822=CARTESIAN_POINT('',(2.31790851,-45.957878064,12.188444248));
#8823=CARTESIAN_POINT('',(2.747294091,-49.144178467,12.375930158));
#8824=CARTESIAN_POINT('',(5.316457357,-51.103112157,12.563416067));
#8825=CARTESIAN_POINT('',(8.511011827,-50.667097875,12.750901976));
#8826=CARTESIAN_POINT('',(10.465657151,-48.102471234,12.938387885));
#8827=CARTESIAN_POINT('',(10.032420072,-44.905515771,13.125873794));
#8828=CARTESIAN_POINT('',(7.466815868,-42.951894822,13.313359704));
#8829=CARTESIAN_POINT('',(4.270354398,-43.38387323,13.500845613));
#8830=CARTESIAN_POINT('',(2.316308132,-45.950071832,13.688331522));
#8831=CARTESIAN_POINT('',(2.747660906,-49.145447065,13.875817431));
#8832=CARTESIAN_POINT('',(4.740448976,-50.664332426,14.021380599));
#8833=CARTESIAN_POINT('',(6.062264624,-50.826988252,14.104448464));
#8834=CARTESIAN_POINT('',(6.389899478,-50.82567726,14.125021026));
#8835=B_SPLINE_SURFACE_WITH_KNOTS('',3,3,((#8731,#8732,#8733,#8734,#8735,#8736,#8737,#8738,#8739,#8740,#8741,#8742,#8743,#8744,#8745,#8746,#8747,#8748,#8749,#8750,#8751,#8752,#8753,#8754,#8755,#8756),(#8757,#8758,#8759,#8760,#8761,#8762,#8763,#8764,#8765,#8766,#8767,#8768,#8769,#8770,#8771,#8772,#8773,#8774,#8775,#8776,#8777,#8778,#8779,#8780,#8781,#8782),(#8783,#8784,#8785,#8786,#8787,#8788,#8789,#8790,#8791,#8792,#8793,#8794,#8795,#8796,#8797,#8798,#8799,#8800,#8801,#8802,#8803,#8804,#8805,#8806,#8807,#8808),(#8809,#8810,#8811,#8812,#8813,#8814,#8815,#8816,#8817,#8818,#8819,#8820,#8821,#8822,#8823,#8824,#8825,#8826,#8827,#8828,#8829,#8830,#8831,#8832,#8833,#8834)),.UNSPECIFIED.,.F.,.F.,.U.,(4,4),(4,1,1,1,1,1,1,1,1,1,1,1,1,1,1,1,1,1,1,1,1,1,1,4),(0.170679769,0.320537433),(7.339034499,7.40408594,7.993090295,8.58209465,9.171099005,9.76010336,10.349107715,10.93811207,11.527116425,12.574235278,13.621354131,14.668472984,15.453812124,16.239151264,17.024490404,17.809829544,18.595168684,19.380507824,20.165846964,20.951186104,21.736525244,22.521864384,23.307203524,23.56572596),.UNSPECIFIED.);
#8836=ORIENTED_EDGE('',*,*,#8725,.T.);
#8837=ORIENTED_EDGE('',*,*,#907,.T.);
#8838=ORIENTED_EDGE('',*,*,#8627,.F.);
#8839=ORIENTED_EDGE('',*,*,#2586,.F.);
#8840=EDGE_LOOP('',(#8836,#8837,#8838,#8839));
#8841=FACE_BOUND('',#8840,.T.);
#8842=ADVANCED_FACE('',(#8841),#8835,.F.);
#8843=CARTESIAN_POINT('',(4.490018821,-62.818336292,10.999990981));
#8844=CARTESIAN_POINT('',(4.56134895,-62.859651415,11.005170671));
#8845=CARTESIAN_POINT('',(5.291733699,-63.25114265,11.057221838));
#8846=CARTESIAN_POINT('',(6.914367909,-63.519460506,11.156144483));
#8847=CARTESIAN_POINT('',(9.045058376,-62.556334105,11.296758915));
#8848=CARTESIAN_POINT('',(10.279796036,-60.569731314,11.437373347));
#8849=CARTESIAN_POINT('',(10.206490416,-58.236027205,11.577987778));
#8850=CARTESIAN_POINT('',(8.841998876,-56.328363014,11.71860221));
#8851=CARTESIAN_POINT('',(6.661417051,-55.515360866,11.859216642));
#8852=CARTESIAN_POINT('',(3.776366884,-56.155561025,12.036286668));
#8853=CARTESIAN_POINT('',(1.816467517,-59.517000906,12.249812286));
#8854=CARTESIAN_POINT('',(4.110048621,-63.49010018,12.499793499));
#8855=CARTESIAN_POINT('',(8.280744024,-63.476995188,12.728942943));
#8856=CARTESIAN_POINT('',(10.457919284,-60.614962106,12.93726062));
#8857=CARTESIAN_POINT('',(10.04435905,-57.426583097,13.124746529));
#8858=CARTESIAN_POINT('',(7.484922486,-55.454932166,13.312232438));
#8859=CARTESIAN_POINT('',(4.288253417,-55.875102563,13.499718348));
#8860=CARTESIAN_POINT('',(2.320912996,-58.430007765,13.687204257));
#8861=CARTESIAN_POINT('',(2.738296252,-61.629071069,13.874690166));
#8862=CARTESIAN_POINT('',(5.294181959,-63.595388938,14.062176075));
#8863=CARTESIAN_POINT('',(8.492747209,-63.17926343,14.249661984));
#8864=CARTESIAN_POINT('',(10.459490625,-60.622783957,14.437147894));
#8865=CARTESIAN_POINT('',(10.043989711,-57.425310823,14.624633803));
#8866=CARTESIAN_POINT('',(8.058862467,-55.896647159,14.770188714));
#8867=CARTESIAN_POINT('',(6.738024245,-55.727390132,14.853248323));
#8868=CARTESIAN_POINT('',(6.410519889,-55.72704423,14.873812629));
#8869=CARTESIAN_POINT('',(4.709171184,-62.445232208,10.750308428));
#8870=CARTESIAN_POINT('',(4.772417118,-62.481783545,10.755488118));
#8871=CARTESIAN_POINT('',(5.419996818,-62.82808788,10.807539285));
#8872=CARTESIAN_POINT('',(6.858156473,-63.06447772,10.90646193));
#8873=CARTESIAN_POINT('',(8.745489117,-62.209164181,11.047076362));
#8874=CARTESIAN_POINT('',(9.837980901,-60.447641139,11.187690794));
#8875=CARTESIAN_POINT('',(9.771026934,-58.37964393,11.328305226));
#8876=CARTESIAN_POINT('',(8.560225924,-56.690293473,11.468919657));
#8877=CARTESIAN_POINT('',(6.627164386,-55.971696564,11.609534089));
#8878=CARTESIAN_POINT('',(4.071065077,-56.541487404,11.786604115));
#8879=CARTESIAN_POINT('',(2.337129543,-59.521968584,12.000129733));
#8880=CARTESIAN_POINT('',(4.373026686,-63.040854384,12.250110946));
#8881=CARTESIAN_POINT('',(8.068962145,-63.025678996,12.47926039));
#8882=CARTESIAN_POINT('',(9.995867707,-60.487571627,12.687578067));
#8883=CARTESIAN_POINT('',(9.626658904,-57.662476797,12.875063976));
#8884=CARTESIAN_POINT('',(7.356879534,-55.917443554,13.062549886));
#8885=CARTESIAN_POINT('',(4.524443768,-56.292515592,13.250035795));
#8886=CARTESIAN_POINT('',(2.783226681,-58.558277111,13.437521704));
#8887=CARTESIAN_POINT('',(3.155830776,-61.392836173,13.625007613));
#8888=CARTESIAN_POINT('',(5.422460379,-63.133146723,13.812493522));
#8889=CARTESIAN_POINT('',(8.256579109,-62.761657313,13.999979431));
#8890=CARTESIAN_POINT('',(9.997266308,-60.494501491,14.187465341));
#8891=CARTESIAN_POINT('',(9.62633125,-57.661349557,14.37495125));
#8892=CARTESIAN_POINT('',(7.865865054,-56.308388539,14.520506162));
#8893=CARTESIAN_POINT('',(6.695232488,-56.159525402,14.60356577));
#8894=CARTESIAN_POINT('',(6.405007447,-56.159498424,14.624130076));
#8895=CARTESIAN_POINT('',(4.928683379,-62.072326182,10.500643055));
#8896=CARTESIAN_POINT('',(4.983849423,-62.104105936,10.505822745));
#8897=CARTESIAN_POINT('',(5.548664753,-62.405143597,10.557873912));
#8898=CARTESIAN_POINT('',(6.802375266,-62.60942954,10.656796556));
#8899=CARTESIAN_POINT('',(8.446241335,-61.861700813,10.797410988));
#8900=CARTESIAN_POINT('',(9.396269903,-60.32512849,10.93802542));
#8901=CARTESIAN_POINT('',(9.335415644,-58.522851298,11.078639852));
#8902=CARTESIAN_POINT('',(8.278102073,-57.051966095,11.219254284));
#8903=CARTESIAN_POINT('',(6.592477841,-56.428011985,11.359868716));
#8904=CARTESIAN_POINT('',(4.365404704,-56.927703233,11.536938741));
#8905=CARTESIAN_POINT('',(2.857800919,-59.52743072,11.75046436));
#8906=CARTESIAN_POINT('',(4.636437827,-62.591845975,12.000445572));
#8907=CARTESIAN_POINT('',(7.857603046,-62.574150196,12.229595017));
#8908=CARTESIAN_POINT('',(9.533924395,-60.359739094,12.437912693));
#8909=CARTESIAN_POINT('',(9.208724361,-57.897980501,12.625398603));
#8910=CARTESIAN_POINT('',(7.228394044,-56.379845658,12.812884512));
#8911=CARTESIAN_POINT('',(4.760244461,-56.710163821,13.000370421));
#8912=CARTESIAN_POINT('',(3.245430826,-58.686988512,13.18785633));
#8913=CARTESIAN_POINT('',(3.573600565,-61.156991217,13.375342239));
#8914=CARTESIAN_POINT('',(5.551180773,-62.671013952,13.562828149));
#8915=CARTESIAN_POINT('',(8.020801029,-62.343816078,13.750314058));
#8916=CARTESIAN_POINT('',(9.535151425,-60.365776961,13.937799967));
#8917=CARTESIAN_POINT('',(9.208437818,-57.896998392,14.125285876));
#8918=CARTESIAN_POINT('',(7.672471751,-56.719957504,14.270840788));
#8919=CARTESIAN_POINT('',(6.652029577,-56.591631549,14.353900396));
#8920=CARTESIAN_POINT('',(6.399084564,-56.591958934,14.374464702));
#8921=CARTESIAN_POINT('',(5.149852428,-61.700253378,10.25117461));
#8922=CARTESIAN_POINT('',(5.196956702,-61.727225643,10.256354299));
#8923=CARTESIAN_POINT('',(5.679177817,-61.982629867,10.308405467));
#8924=CARTESIAN_POINT('',(6.748524308,-62.154014043,10.407328111));
#8925=CARTESIAN_POINT('',(8.148394806,-61.5128594,10.547942543));
#8926=CARTESIAN_POINT('',(8.954957833,-60.200692138,10.688556975));
#8927=CARTESIAN_POINT('',(8.899068671,-58.664236388,10.829171407));
#8928=CARTESIAN_POINT('',(7.99435165,-57.412534358,10.969785839));
#8929=CARTESIAN_POINT('',(6.555830133,-56.884308588,11.11040027));
#8930=CARTESIAN_POINT('',(4.658175366,-57.315285885,11.287470296));
#8931=CARTESIAN_POINT('',(3.378597101,-59.535121925,11.500995915));
#8932=CARTESIAN_POINT('',(4.901843182,-62.143836277,11.750977127));
#8933=CARTESIAN_POINT('',(7.648115604,-62.121590653,11.980126571));
#8934=CARTESIAN_POINT('',(9.072395912,-60.229894137,12.188444248));
#8935=CARTESIAN_POINT('',(8.789665947,-58.131763784,12.375930157));
#8936=CARTESIAN_POINT('',(7.097893858,-56.841829024,12.563416067));
#8937=CARTESIAN_POINT('',(4.994326257,-57.128938707,12.750901976));
#8938=CARTESIAN_POINT('',(3.707215083,-58.817712916,12.938387885));
#8939=CARTESIAN_POINT('',(3.992497309,-60.922866171,13.125873794));
#8940=CARTESIAN_POINT('',(5.681913821,-62.209300815,13.313359703));
#8941=CARTESIAN_POINT('',(7.786743225,-61.924848415,13.500845613));
#8942=CARTESIAN_POINT('',(9.073456144,-60.23503953,13.688331522));
#8943=CARTESIAN_POINT('',(8.789418592,-58.130927224,13.875817431));
#8944=CARTESIAN_POINT('',(7.477263353,-57.130815288,14.021372343));
#8945=CARTESIAN_POINT('',(6.606966581,-57.023675297,14.104431951));
#8946=CARTESIAN_POINT('',(6.391310722,-57.024516747,14.124996257));
#8947=B_SPLINE_SURFACE_WITH_KNOTS('',3,3,((#8843,#8844,#8845,#8846,#8847,#8848,#8849,#8850,#8851,#8852,#8853,#8854,#8855,#8856,#8857,#8858,#8859,#8860,#8861,#8862,#8863,#8864,#8865,#8866,#8867,#8868),(#8869,#8870,#8871,#8872,#8873,#8874,#8875,#8876,#8877,#8878,#8879,#8880,#8881,#8882,#8883,#8884,#8885,#8886,#8887,#8888,#8889,#8890,#8891,#8892,#8893,#8894),(#8895,#8896,#8897,#8898,#8899,#8900,#8901,#8902,#8903,#8904,#8905,#8906,#8907,#8908,#8909,#8910,#8911,#8912,#8913,#8914,#8915,#8916,#8917,#8918,#8919,#8920),(#8921,#8922,#8923,#8924,#8925,#8926,#8927,#8928,#8929,#8930,#8931,#8932,#8933,#8934,#8935,#8936,#8937,#8938,#8939,#8940,#8941,#8942,#8943,#8944,#8945,#8946)),.UNSPECIFIED.,.F.,.F.,.U.,(4,4),(4,1,1,1,1,1,1,1,1,1,1,1,1,1,1,1,1,1,1,1,1,1,1,4),(-0.043409303,0.10644836),(10.468243376,10.533333278,11.122337633,11.711341988,12.300346343,12.889350698,13.478355053,14.067359408,14.656363763,15.703482616,16.750601469,17.797720323,18.583059463,19.368398603,20.153737742,20.939076882,21.724416022,22.509755162,23.295094302,24.080433442,24.865772582,25.651111722,26.436450862,26.694869547),.UNSPECIFIED.);
#8948=CARTESIAN_POINT('',(6.391311883,-57.02445213,14.125033523));
#8949=CARTESIAN_POINT('',(6.732835687,-57.023282266,14.092373635));
#8950=CARTESIAN_POINT('',(7.073505223,-57.092425505,14.059854762));
#8951=CARTESIAN_POINT('',(7.385834513,-57.229452753,14.027304559));
#8952=CARTESIAN_POINT('',(7.698163802,-57.36648,13.994754357));
#8953=CARTESIAN_POINT('',(7.983082077,-57.568028764,13.962218116));
#8954=CARTESIAN_POINT('',(8.21740721,-57.816314297,13.929676532));
#8955=CARTESIAN_POINT('',(8.451732343,-58.06459983,13.897134948));
#8956=CARTESIAN_POINT('',(8.633297961,-58.3608841,13.864587559));
#8957=CARTESIAN_POINT('',(8.746898493,-58.682674038,13.83203158));
#8958=CARTESIAN_POINT('',(8.860499024,-59.004463975,13.799475602));
#8959=CARTESIAN_POINT('',(8.908763214,-59.350248846,13.766903654));
#8960=CARTESIAN_POINT('',(8.887822076,-59.690906482,13.734359669));
#8961=CARTESIAN_POINT('',(8.866880938,-60.031564119,13.701815685));
#8962=CARTESIAN_POINT('',(8.773970342,-60.366311614,13.669339459));
#8963=CARTESIAN_POINT('',(8.616752394,-60.66922267,13.636750336));
#8964=CARTESIAN_POINT('',(8.459534446,-60.972133727,13.604161213));
#8965=CARTESIAN_POINT('',(8.240748372,-61.244073585,13.57161323));
#8966=CARTESIAN_POINT('',(7.977941127,-61.461654368,13.539055773));
#8967=CARTESIAN_POINT('',(7.715133882,-61.679235151,13.506498316));
#8968=CARTESIAN_POINT('',(7.406733101,-61.839486789,13.473907922));
#8969=CARTESIAN_POINT('',(7.078122616,-61.932166146,13.441435216));
#8970=CARTESIAN_POINT('',(6.749512131,-62.024845502,13.408962509));
#8971=CARTESIAN_POINT('',(6.401612989,-62.051587941,13.376466093));
#8972=CARTESIAN_POINT('',(6.063352919,-62.00844057,13.34390839));
#8973=CARTESIAN_POINT('',(5.72509285,-61.965293199,13.311350687));
#8974=CARTESIAN_POINT('',(5.397320195,-61.848943679,13.278667964));
#8975=CARTESIAN_POINT('',(5.104616557,-61.672294521,13.246072092));
#8976=CARTESIAN_POINT('',(4.811912919,-61.495645363,13.21347622));
#8977=CARTESIAN_POINT('',(4.554034223,-61.259947585,13.180875289));
#8978=CARTESIAN_POINT('',(4.354599755,-60.983495013,13.148340296));
#8979=CARTESIAN_POINT('',(3.95573082,-60.430589868,13.08327031));
#8980=CARTESIAN_POINT('',(3.803487913,-59.707948098,13.018397467));
#8981=CARTESIAN_POINT('',(3.934555992,-59.038398429,12.953221763));
#8982=CARTESIAN_POINT('',(4.065624071,-58.36884876,12.88804606));
#8983=CARTESIAN_POINT('',(4.489995089,-57.757028326,12.824585581));
#8984=CARTESIAN_POINT('',(5.067644464,-57.398093673,12.758931966));
#8985=CARTESIAN_POINT('',(5.212056807,-57.308360009,12.742518562));
#8986=CARTESIAN_POINT('',(5.366284923,-57.235051866,12.725643277));
#8987=CARTESIAN_POINT('',(5.526505654,-57.177236176,12.709180072));
#8988=CARTESIAN_POINT('',(5.686726385,-57.119420486,12.692716868));
#8989=CARTESIAN_POINT('',(5.853012599,-57.076087416,12.677199181));
#8990=CARTESIAN_POINT('',(6.022542668,-57.051996278,12.660238158));
#8991=CARTESIAN_POINT('',(6.192072737,-57.02790514,12.643277134));
#8992=CARTESIAN_POINT('',(6.364144218,-57.01868416,12.627440908));
#8993=CARTESIAN_POINT('',(6.535306795,-57.027595636,12.611230181));
#8994=CARTESIAN_POINT('',(6.706469371,-57.036507112,12.595019454));
#8995=CARTESIAN_POINT('',(6.875697329,-57.065914101,12.57704114));
#8996=CARTESIAN_POINT('',(7.040922434,-57.107782792,12.562263195));
#8997=CARTESIAN_POINT('',(7.371372644,-57.191520174,12.532707304));
#8998=CARTESIAN_POINT('',(7.679139299,-57.348567211,12.501423369));
#8999=CARTESIAN_POINT('',(7.943839708,-57.56181033,12.467240952));
#9000=CARTESIAN_POINT('',(8.208540117,-57.77505345,12.433058534));
#9001=CARTESIAN_POINT('',(8.435803107,-58.041914587,12.399592425));
#9002=CARTESIAN_POINT('',(8.598793265,-58.345313031,12.367296166));
#9003=CARTESIAN_POINT('',(8.680288344,-58.497012254,12.351148037));
#9004=CARTESIAN_POINT('',(8.742197852,-58.658377947,12.333135651));
#9005=CARTESIAN_POINT('',(8.7917588,-58.822257238,12.318029427));
#9006=CARTESIAN_POINT('',(8.841319749,-58.986136529,12.302923203));
#9007=CARTESIAN_POINT('',(8.873608193,-59.154378597,12.287657462));
#9008=CARTESIAN_POINT('',(8.888396594,-59.323495587,12.272028522));
#9009=CARTESIAN_POINT('',(8.917973395,-59.661729568,12.240770642));
#9010=CARTESIAN_POINT('',(8.875545014,-60.004767046,12.206696902));
#9011=CARTESIAN_POINT('',(8.762539717,-60.327059804,12.172195081));
#9012=CARTESIAN_POINT('',(8.706037069,-60.488206183,12.15494417));
#9013=CARTESIAN_POINT('',(8.635700416,-60.645484828,12.139689013));
#9014=CARTESIAN_POINT('',(8.548562294,-60.793385359,12.12326234));
#9015=CARTESIAN_POINT('',(8.461424171,-60.94128589,12.106835666));
#9016=CARTESIAN_POINT('',(8.359267572,-61.080363863,12.09028277));
#9017=CARTESIAN_POINT('',(8.245161686,-61.208286217,12.07428554));
#9018=CARTESIAN_POINT('',(8.016949914,-61.464130925,12.04229108));
#9019=CARTESIAN_POINT('',(7.736168832,-61.66947656,12.008781027));
#9020=CARTESIAN_POINT('',(7.425101285,-61.808849054,11.977249127));
#9021=CARTESIAN_POINT('',(6.802966192,-62.087594041,11.914185326));
#9022=CARTESIAN_POINT('',(6.06214634,-62.100435092,11.848689898));
#9023=CARTESIAN_POINT('',(5.430606307,-61.842106965,11.781224138));
#9024=CARTESIAN_POINT('',(4.799066274,-61.583778839,11.713758377));
#9025=CARTESIAN_POINT('',(4.290838788,-61.045108102,11.655170976));
#9026=CARTESIAN_POINT('',(4.048586004,-60.407156453,11.587720068));
#9027=CARTESIAN_POINT('',(3.927459613,-60.088180628,11.553994614));
#9028=CARTESIAN_POINT('',(3.868534537,-59.744710986,11.520102245));
#9029=CARTESIAN_POINT('',(3.885445951,-59.403162191,11.488161951));
#9030=CARTESIAN_POINT('',(3.893901658,-59.232387793,11.472191804));
#9031=CARTESIAN_POINT('',(3.923184542,-59.063118294,11.455220482));
#9032=CARTESIAN_POINT('',(3.967408732,-58.898372471,11.439363592));
#9033=CARTESIAN_POINT('',(4.011632922,-58.733626648,11.423506702));
#9034=CARTESIAN_POINT('',(4.071437214,-58.57300602,11.408424195));
#9035=CARTESIAN_POINT('',(4.147318117,-58.420147546,11.39255655));
#9036=CARTESIAN_POINT('',(4.299079922,-58.114430598,11.36082126));
#9037=CARTESIAN_POINT('',(4.512505647,-57.839623079,11.327216256));
#9038=CARTESIAN_POINT('',(4.771248816,-57.617622058,11.293494911));
#9039=CARTESIAN_POINT('',(4.900620401,-57.506621548,11.276634239));
#9040=CARTESIAN_POINT('',(5.040316987,-57.406681864,11.261157138));
#9041=CARTESIAN_POINT('',(5.190795263,-57.325617146,11.244176601));
#9042=CARTESIAN_POINT('',(5.341273539,-57.244552428,11.227196064));
#9043=CARTESIAN_POINT('',(5.50000098,-57.17872376,11.211064673));
#9044=CARTESIAN_POINT('',(5.663557583,-57.129319411,11.195224551));
#9045=CARTESIAN_POINT('',(6.317783993,-56.931702016,11.131864065));
#9046=CARTESIAN_POINT('',(7.050844051,-57.016166386,11.067269631));
#9047=CARTESIAN_POINT('',(7.642036083,-57.358716181,11.0000529));
#9048=B_SPLINE_CURVE_WITH_KNOTS('',3,(#8948,#8949,#8950,#8951,#8952,#8953,#8954,#8955,#8956,#8957,#8958,#8959,#8960,#8961,#8962,#8963,#8964,#8965,#8966,#8967,#8968,#8969,#8970,#8971,#8972,#8973,
#8974,#8975,#8976,#8977,#8978,#8979,#8980,#8981,#8982,#8983,#8984,#8985,#8986,#8987,#8988,#8989,#8990,#8991,#8992,#8993,#8994,#8995,#8996,#8997,#8998,
#8999,#9000,#9001,#9002,#9003,#9004,#9005,#9006,#9007,#9008,#9009,#9010,#9011,#9012,#9013,#9014,#9015,#9016,#9017,#9018,#9019,#9020,#9021,#9022,#9023,
#9024,#9025,#9026,#9027,#9028,#9029,#9030,#9031,#9032,#9033,#9034,#9035,#9036,#9037,#9038,#9039,#9040,#9041,#9042,#9043,#9044,#9045,#9046,#9047),.UNSPECIFIED.,.F.,.F.,(4,3,3,3,3,3,3,3,3,3,3,3,3,3,3,3,3,3,3,3,3,3,3,3,3,3,
3,3,3,3,3,3,3,4),(12.283488069,12.386656764,12.489825458,12.592994153,12.696162847,12.799331541,12.902500236,13.00566893,13.108837625,13.212006319,13.315175014,13.521512403,13.727849792,13.779434139,13.831018486,13.882602833,13.93418718,14.037355875,14.140524569,14.192108917,14.243693264,14.346861958,14.398446305,14.450030653,14.553199347,14.759536736,
14.965874125,15.069042819,15.120627167,15.172211514,15.275380208,15.326964555,15.378548903,15.584886292),.UNSPECIFIED.);
#9049=EDGE_CURVE('',#2386,#732,#9048,.T.);
#9050=ORIENTED_EDGE('',*,*,#9049,.T.);
#9051=ORIENTED_EDGE('',*,*,#849,.T.);
#9052=CARTESIAN_POINT('',(6.389903827,-63.325704693,14.124953505));
#9053=CARTESIAN_POINT('',(5.871465532,-63.327653244,14.092562365));
#9054=CARTESIAN_POINT('',(5.35451029,-63.222617601,14.059943354));
#9055=CARTESIAN_POINT('',(4.880099752,-63.014715489,14.027389284));
#9056=CARTESIAN_POINT('',(4.405689214,-62.806813377,13.994835213));
#9057=CARTESIAN_POINT('',(3.972706327,-62.500686981,13.962267195));
#9058=CARTESIAN_POINT('',(3.616706046,-62.123545487,13.929704555));
#9059=CARTESIAN_POINT('',(3.260705764,-61.746403993,13.897141916));
#9060=CARTESIAN_POINT('',(2.984853652,-61.296449812,13.864580627));
#9061=CARTESIAN_POINT('',(2.812326824,-60.807829036,13.832036402));
#9062=CARTESIAN_POINT('',(2.639799996,-60.319208261,13.799492178));
#9063=CARTESIAN_POINT('',(2.566468665,-59.794288338,13.766974353));
#9064=CARTESIAN_POINT('',(2.598198464,-59.277062504,13.734393438));
#9065=CARTESIAN_POINT('',(2.629928263,-58.75983667,13.701812523));
#9066=CARTESIAN_POINT('',(2.771020278,-58.251405187,13.669160923));
#9067=CARTESIAN_POINT('',(3.00971199,-57.791197142,13.636669243));
#9068=CARTESIAN_POINT('',(3.248403702,-57.330989098,13.604177563));
#9069=CARTESIAN_POINT('',(3.580994091,-56.918206186,13.571621489));
#9070=CARTESIAN_POINT('',(3.980002106,-56.587886265,13.539074765));
#9071=CARTESIAN_POINT('',(4.379010121,-56.257566343,13.506528042));
#9072=CARTESIAN_POINT('',(4.846947812,-56.013651191,13.47403192));
#9073=CARTESIAN_POINT('',(5.346089753,-55.87294354,13.441361468));
#9074=CARTESIAN_POINT('',(5.845231694,-55.73223589,13.408691015));
#9075=CARTESIAN_POINT('',(6.373744386,-55.691652116,13.376059417));
#9076=CARTESIAN_POINT('',(6.887470949,-55.757155895,13.343518027));
#9077=CARTESIAN_POINT('',(7.914924076,-55.888163453,13.278435246));
#9078=CARTESIAN_POINT('',(8.874778007,-56.473082159,13.213684258));
#9079=CARTESIAN_POINT('',(9.481250895,-57.312095379,13.148538971));
#9080=CARTESIAN_POINT('',(10.087723783,-58.1511086,13.083393685));
#9081=CARTESIAN_POINT('',(10.31820938,-59.253107685,13.018064542));
#9082=CARTESIAN_POINT('',(10.119064679,-60.268435282,12.953032376));
#9083=CARTESIAN_POINT('',(9.919919978,-61.28376288,12.88800021));
#9084=CARTESIAN_POINT('',(9.277585601,-62.208602126,12.820302926));
#9085=CARTESIAN_POINT('',(8.399182174,-62.756283667,12.756099489));
#9086=CARTESIAN_POINT('',(7.520778748,-63.303965209,12.691896052));
#9087=CARTESIAN_POINT('',(6.40897689,-63.454954239,12.629353639));
#9088=CARTESIAN_POINT('',(5.407373784,-63.197730898,12.56272294));
#9089=CARTESIAN_POINT('',(4.906572231,-63.069119228,12.52940759));
#9090=CARTESIAN_POINT('',(4.433983688,-62.826888298,12.49139905));
#9091=CARTESIAN_POINT('',(4.027698305,-62.502645216,12.461434368));
#9092=CARTESIAN_POINT('',(3.621412922,-62.178402134,12.431469686));
#9093=CARTESIAN_POINT('',(3.288019928,-61.76824592,12.400303239));
#9094=CARTESIAN_POINT('',(3.045698531,-61.313250667,12.367087605));
#9095=CARTESIAN_POINT('',(2.924537833,-61.085753041,12.350479789));
#9096=CARTESIAN_POINT('',(2.822409307,-60.847647863,12.335416825));
#9097=CARTESIAN_POINT('',(2.747519068,-60.600113167,12.318418175));
#9098=CARTESIAN_POINT('',(2.672628828,-60.35257847,12.301419526));
#9099=CARTESIAN_POINT('',(2.624712324,-60.096584799,12.282872302));
#9100=CARTESIAN_POINT('',(2.602606803,-59.83826476,12.265689805));
#9101=CARTESIAN_POINT('',(2.580501282,-59.57994472,12.248507309));
#9102=CARTESIAN_POINT('',(2.585105044,-59.319236413,12.232723391));
#9103=CARTESIAN_POINT('',(2.616711341,-59.062031649,12.217828836));
#9104=CARTESIAN_POINT('',(2.648317638,-58.804826886,12.20293428));
#9105=CARTESIAN_POINT('',(2.710606741,-58.552126415,12.186326052));
#9106=CARTESIAN_POINT('',(2.794277636,-58.306970196,12.171558866));
#9107=CARTESIAN_POINT('',(2.877948531,-58.061813977,12.156791679));
#9108=CARTESIAN_POINT('',(2.991056297,-57.826965523,12.138908587));
#9109=CARTESIAN_POINT('',(3.122766134,-57.603591583,12.122837277));
#9110=CARTESIAN_POINT('',(3.254475971,-57.380217644,12.106765966));
#9111=CARTESIAN_POINT('',(3.40755472,-57.169164444,12.090875977));
#9112=CARTESIAN_POINT('',(3.580498473,-56.976282319,12.074157065));
#9113=CARTESIAN_POINT('',(3.92638598,-56.59051807,12.040719241));
#9114=CARTESIAN_POINT('',(4.346263129,-56.271923301,12.009590155));
#9115=CARTESIAN_POINT('',(4.818522531,-56.06208608,11.975482003));
#9116=CARTESIAN_POINT('',(5.290781932,-55.852248859,11.94137385));
#9117=CARTESIAN_POINT('',(5.809323809,-55.741721424,11.90741375));
#9118=CARTESIAN_POINT('',(6.329284364,-55.73289992,11.875602893));
#9119=CARTESIAN_POINT('',(6.589264641,-55.728489167,11.859697464));
#9120=CARTESIAN_POINT('',(6.849604721,-55.749477801,11.844579992));
#9121=CARTESIAN_POINT('',(7.104299476,-55.796809193,11.829205823));
#9122=CARTESIAN_POINT('',(7.358994232,-55.844140586,11.813831655));
#9123=CARTESIAN_POINT('',(7.606900933,-55.919950783,11.796697527));
#9124=CARTESIAN_POINT('',(7.845198647,-56.016529029,11.781282236));
#9125=CARTESIAN_POINT('',(8.321794074,-56.209685521,11.750451654));
#9126=CARTESIAN_POINT('',(8.756802678,-56.502589365,11.717777803));
#9127=CARTESIAN_POINT('',(9.114968177,-56.878484039,11.682867992));
#9128=CARTESIAN_POINT('',(9.473133676,-57.254378712,11.64795818));
#9129=CARTESIAN_POINT('',(9.758525888,-57.705397772,11.614049351));
#9130=CARTESIAN_POINT('',(9.945447537,-58.191488999,11.583345641));
#9131=CARTESIAN_POINT('',(10.319290834,-59.163671454,11.52193822));
#9132=CARTESIAN_POINT('',(10.259100649,-60.268972356,11.455125291));
#9133=CARTESIAN_POINT('',(9.795818195,-61.200148619,11.387600035));
#9134=CARTESIAN_POINT('',(9.564176968,-61.665736751,11.353837408));
#9135=CARTESIAN_POINT('',(9.240714481,-62.088036964,11.322653023));
#9136=CARTESIAN_POINT('',(8.847629815,-62.425790649,11.292209616));
#9137=CARTESIAN_POINT('',(8.454545149,-62.763544334,11.261766209));
#9138=CARTESIAN_POINT('',(7.991215493,-63.013459747,11.2290571));
#9139=CARTESIAN_POINT('',(7.495004512,-63.162932182,11.195402161));
#9140=CARTESIAN_POINT('',(6.998793531,-63.312404618,11.161747222));
#9141=CARTESIAN_POINT('',(6.46978,-63.360566815,11.129748565));
#9142=CARTESIAN_POINT('',(5.954796348,-63.300444657,11.097011541));
#9143=CARTESIAN_POINT('',(5.439812696,-63.240322499,11.064274518));
#9144=CARTESIAN_POINT('',(4.938184652,-63.075528412,11.031266474));
#9145=CARTESIAN_POINT('',(4.490077287,-62.818236754,10.99992437));
#9146=B_SPLINE_CURVE_WITH_KNOTS('',3,(#9052,#9053,#9054,#9055,#9056,#9057,#9058,#9059,#9060,#9061,#9062,#9063,#9064,#9065,#9066,#9067,#9068,#9069,#9070,#9071,#9072,#9073,#9074,#9075,#9076,#9077,
#9078,#9079,#9080,#9081,#9082,#9083,#9084,#9085,#9086,#9087,#9088,#9089,#9090,#9091,#9092,#9093,#9094,#9095,#9096,#9097,#9098,#9099,#9100,#9101,#9102,
#9103,#9104,#9105,#9106,#9107,#9108,#9109,#9110,#9111,#9112,#9113,#9114,#9115,#9116,#9117,#9118,#9119,#9120,#9121,#9122,#9123,#9124,#9125,#9126,#9127,
#9128,#9129,#9130,#9131,#9132,#9133,#9134,#9135,#9136,#9137,#9138,#9139,#9140,#9141,#9142,#9143,#9144,#9145),.UNSPECIFIED.,.F.,.F.,(4,3,3,3,3,3,3,3,3,3,3,3,3,3,3,3,3,3,3,3,3,3,3,3,3,3,
3,3,3,3,3,4),(4.802176942,4.958451445,5.114725947,5.271000449,5.427274952,5.583549454,5.739823956,5.896098459,6.052372961,6.364921966,6.677470971,6.990019975,7.30256898,7.458843483,7.615117985,7.693255236,7.771392487,7.849529739,7.92766699,8.005804241,8.083941492,8.240215995,8.396490497,8.474627748,8.552764999,8.709039502,
8.865314004,9.177863009,9.334137511,9.490412014,9.646686516,9.802961018),.UNSPECIFIED.);
#9147=EDGE_CURVE('',#2384,#730,#9146,.T.);
#9148=ORIENTED_EDGE('',*,*,#9147,.F.);
#9149=ORIENTED_EDGE('',*,*,#2516,.F.);
#9150=EDGE_LOOP('',(#9050,#9051,#9148,#9149));
#9151=FACE_BOUND('',#9150,.T.);
#9152=ADVANCED_FACE('',(#9151),#8947,.F.);
#9153=CARTESIAN_POINT('',(7.642013111,-57.358545655,11.000000164));
#9154=CARTESIAN_POINT('',(7.595069849,-57.331358094,11.005176793));
#9155=CARTESIAN_POINT('',(7.114144497,-57.073591133,11.0572249));
#9156=CARTESIAN_POINT('',(6.04569469,-56.896914354,11.156144483));
#9157=CARTESIAN_POINT('',(4.642660834,-57.531116777,11.296758915));
#9158=CARTESIAN_POINT('',(3.829604927,-58.839275437,11.437373347));
#9159=CARTESIAN_POINT('',(3.877871333,-60.375978848,11.577987779));
#9160=CARTESIAN_POINT('',(4.776377594,-61.632167313,11.718602211));
#9161=CARTESIAN_POINT('',(6.212255187,-62.167497029,11.859216643));
#9162=CARTESIAN_POINT('',(8.112028732,-61.745956225,12.036286668));
#9163=CARTESIAN_POINT('',(9.402607352,-59.532478637,12.249812287));
#9164=CARTESIAN_POINT('',(7.892285632,-56.916236428,12.499793499));
#9165=CARTESIAN_POINT('',(5.145963151,-56.924891509,12.728942944));
#9166=CARTESIAN_POINT('',(3.712304161,-58.809482168,12.937260621));
#9167=CARTESIAN_POINT('',(3.984643073,-60.908995805,13.12474653));
#9168=CARTESIAN_POINT('',(5.669987629,-62.207300107,13.312232439));
#9169=CARTESIAN_POINT('',(7.774958037,-61.930623282,13.499718348));
#9170=CARTESIAN_POINT('',(9.070423728,-60.248251999,13.687204257));
#9171=CARTESIAN_POINT('',(8.795583472,-58.141709654,13.874690167));
#9172=CARTESIAN_POINT('',(7.11256514,-56.8469153,14.062176076));
#9173=CARTESIAN_POINT('',(5.006352188,-57.120928361,14.249661985));
#9174=CARTESIAN_POINT('',(3.711275831,-58.804336704,14.437147894));
#9175=CARTESIAN_POINT('',(3.984880471,-60.909832348,14.624633803));
#9176=CARTESIAN_POINT('',(5.292130729,-61.916492361,14.770196971));
#9177=CARTESIAN_POINT('',(6.161987503,-62.027913195,14.853264836));
#9178=CARTESIAN_POINT('',(6.377732444,-62.028119579,14.873837398));
#9179=CARTESIAN_POINT('',(7.851752887,-56.979912341,10.750531719));
#9180=CARTESIAN_POINT('',(7.796610088,-56.948167641,10.755708348));
#9181=CARTESIAN_POINT('',(7.23174543,-56.647303785,10.807756454));
#9182=CARTESIAN_POINT('',(5.97802233,-56.443346923,10.906676038));
#9183=CARTESIAN_POINT('',(4.334345673,-57.19149189,11.04729047));
#9184=CARTESIAN_POINT('',(3.384713851,-58.728314984,11.187904902));
#9185=CARTESIAN_POINT('',(3.446024257,-60.530563953,11.328519334));
#9186=CARTESIAN_POINT('',(4.503721719,-62.001197981,11.469133766));
#9187=CARTESIAN_POINT('',(6.189496837,-62.624694263,11.609748198));
#9188=CARTESIAN_POINT('',(8.416449155,-62.124462102,11.786818223));
#9189=CARTESIAN_POINT('',(9.923397502,-59.524330259,12.000343842));
#9190=CARTESIAN_POINT('',(8.143944905,-56.460363973,12.250325054));
#9191=CARTESIAN_POINT('',(4.922814131,-56.478911674,12.479474498));
#9192=CARTESIAN_POINT('',(3.247041638,-58.693729844,12.687792175));
#9193=CARTESIAN_POINT('',(3.572885356,-61.155411798,12.875278085));
#9194=CARTESIAN_POINT('',(5.553594547,-62.673037833,13.062763994));
#9195=CARTESIAN_POINT('',(8.02166359,-62.342087345,13.250249903));
#9196=CARTESIAN_POINT('',(9.535969243,-60.364876085,13.437735812));
#9197=CARTESIAN_POINT('',(9.207168093,-57.894956626,13.625221721));
#9198=CARTESIAN_POINT('',(7.229199944,-56.381440987,13.81270763));
#9199=CARTESIAN_POINT('',(4.75966431,-56.709270476,14.00019354));
#9200=CARTESIAN_POINT('',(3.245819099,-58.687697375,14.187679449));
#9201=CARTESIAN_POINT('',(3.573167359,-61.156392275,14.375165358));
#9202=CARTESIAN_POINT('',(5.109517164,-62.333105614,14.520728526));
#9203=CARTESIAN_POINT('',(6.130111144,-62.461130576,14.603796391));
#9204=CARTESIAN_POINT('',(6.383158583,-62.460712814,14.624368953));
#9205=CARTESIAN_POINT('',(8.0630478,-56.602289504,10.500866345));
#9206=CARTESIAN_POINT('',(7.99972741,-56.56595399,10.506042974));
#9207=CARTESIAN_POINT('',(7.351132922,-56.221647443,10.55809108));
#9208=CARTESIAN_POINT('',(5.912308943,-55.989626861,10.657010664));
#9209=CARTESIAN_POINT('',(4.027574949,-56.850651543,10.797625096));
#9210=CARTESIAN_POINT('',(2.940431023,-58.615486402,10.938239528));
#9211=CARTESIAN_POINT('',(3.013646533,-60.683256849,11.07885396));
#9212=CARTESIAN_POINT('',(4.229570695,-62.368951959,11.219468392));
#9213=CARTESIAN_POINT('',(6.164791266,-63.081656921,11.360082824));
#9214=CARTESIAN_POINT('',(8.719159775,-62.504153837,11.537152849));
#9215=CARTESIAN_POINT('',(10.444066265,-59.518411196,11.750678468));
#9216=CARTESIAN_POINT('',(8.397476448,-56.005703657,12.00065968));
#9217=CARTESIAN_POINT('',(4.701638785,-56.032113357,12.229809125));
#9218=CARTESIAN_POINT('',(2.782413027,-58.576022912,12.438126801));
#9219=CARTESIAN_POINT('',(3.160199867,-61.399994192,12.625612711));
#9220=CARTESIAN_POINT('',(5.435245115,-63.138137554,12.81309862));
#9221=CARTESIAN_POINT('',(8.266536639,-62.754482067,13.000584529));
#9222=CARTESIAN_POINT('',(10.00087586,-60.483454739,13.188070438));
#9223=CARTESIAN_POINT('',(9.61968352,-57.650037128,13.375556347));
#9224=CARTESIAN_POINT('',(7.347789019,-55.916605289,13.563042257));
#9225=CARTESIAN_POINT('',(4.51481025,-56.296682341,13.750528166));
#9226=CARTESIAN_POINT('',(2.781000998,-58.569103535,13.938014075));
#9227=CARTESIAN_POINT('',(3.160524558,-61.401118712,14.125499984));
#9228=CARTESIAN_POINT('',(4.925177792,-62.74881227,14.271063152));
#9229=CARTESIAN_POINT('',(6.096392814,-62.894081328,14.354131017));
#9230=CARTESIAN_POINT('',(6.386734241,-62.893199222,14.374703579));
#9231=CARTESIAN_POINT('',(8.274695223,-56.224877497,10.251183792));
#9232=CARTESIAN_POINT('',(8.203201822,-56.183943535,10.256360421));
#9233=CARTESIAN_POINT('',(7.470921014,-55.796116038,10.308408527));
#9234=CARTESIAN_POINT('',(5.847027863,-55.535856883,10.407328111));
#9235=CARTESIAN_POINT('',(3.721136029,-56.509529469,10.547942543));
#9236=CARTESIAN_POINT('',(2.496267425,-58.502239348,10.688556975));
#9237=CARTESIAN_POINT('',(2.581135777,-60.835535339,10.829171407));
#9238=CARTESIAN_POINT('',(3.955078245,-62.736435674,10.969785839));
#9239=CARTESIAN_POINT('',(6.139652804,-63.538583745,11.110400271));
#9240=CARTESIAN_POINT('',(9.021501709,-62.884121977,11.287470296));
#9241=CARTESIAN_POINT('',(10.964726595,-59.512986633,11.500995915));
#9242=CARTESIAN_POINT('',(8.65143231,-55.551296108,11.750977127));
#9243=CARTESIAN_POINT('',(4.480893548,-55.585117737,11.980126572));
#9244=CARTESIAN_POINT('',(2.31790851,-58.457878064,12.188444248));
#9245=CARTESIAN_POINT('',(2.747294091,-61.644178467,12.375930158));
#9246=CARTESIAN_POINT('',(5.316457357,-63.603112157,12.563416067));
#9247=CARTESIAN_POINT('',(8.511011827,-63.167097875,12.750901976));
#9248=CARTESIAN_POINT('',(10.465657151,-60.602471234,12.938387885));
#9249=CARTESIAN_POINT('',(10.032420072,-57.405515771,13.125873794));
#9250=CARTESIAN_POINT('',(7.466815868,-55.451894822,13.313359704));
#9251=CARTESIAN_POINT('',(4.270354398,-55.88387323,13.500845613));
#9252=CARTESIAN_POINT('',(2.316308132,-58.450071832,13.688331522));
#9253=CARTESIAN_POINT('',(2.747660906,-61.645447065,13.875817431));
#9254=CARTESIAN_POINT('',(4.740448976,-63.164332426,14.021380599));
#9255=CARTESIAN_POINT('',(6.062264624,-63.326988252,14.104448464));
#9256=CARTESIAN_POINT('',(6.389899478,-63.32567726,14.125021026));
#9257=B_SPLINE_SURFACE_WITH_KNOTS('',3,3,((#9153,#9154,#9155,#9156,#9157,#9158,#9159,#9160,#9161,#9162,#9163,#9164,#9165,#9166,#9167,#9168,#9169,#9170,#9171,#9172,#9173,#9174,#9175,#9176,#9177,#9178),(#9179,#9180,#9181,#9182,#9183,#9184,#9185,#9186,#9187,#9188,#9189,#9190,#9191,#9192,#9193,#9194,#9195,#9196,#9197,#9198,#9199,#9200,#9201,#9202,#9203,#9204),(#9205,#9206,#9207,#9208,#9209,#9210,#9211,#9212,#9213,#9214,#9215,#9216,#9217,#9218,#9219,#9220,#9221,#9222,#9223,#9224,#9225,#9226,#9227,#9228,#9229,#9230),(#9231,#9232,#9233,#9234,#9235,#9236,#9237,#9238,#9239,#9240,#9241,#9242,#9243,#9244,#9245,#9246,#9247,#9248,#9249,#9250,#9251,#9252,#9253,#9254,#9255,#9256)),.UNSPECIFIED.,.F.,.F.,.U.,(4,4),(4,1,1,1,1,1,1,1,1,1,1,1,1,1,1,1,1,1,1,1,1,1,1,4),(0.170679769,0.320537433),(7.339034499,7.40408594,7.993090295,8.58209465,9.171099005,9.76010336,10.349107715,10.93811207,11.527116425,12.574235278,13.621354131,14.668472984,15.453812124,16.239151264,17.024490404,17.809829544,18.595168684,19.380507824,20.165846964,20.951186104,21.736525244,22.521864384,23.307203524,23.56572596),.UNSPECIFIED.);
#9258=ORIENTED_EDGE('',*,*,#9147,.T.);
#9259=ORIENTED_EDGE('',*,*,#783,.T.);
#9260=ORIENTED_EDGE('',*,*,#9049,.F.);
#9261=ORIENTED_EDGE('',*,*,#2449,.F.);
#9262=EDGE_LOOP('',(#9258,#9259,#9260,#9261));
#9263=FACE_BOUND('',#9262,.T.);
#9264=ADVANCED_FACE('',(#9263),#9257,.F.);
#9265=CLOSED_SHELL('',(#114,#198,#256,#339,#351,#367,#397,#510,#547,#569,#679,#699,#711,#723,#2242,#2288,#2339,#2361,#2377,#4033,#4045,#4073,#4101,#4129,#4157,#4467,
#4579,#4600,#4910,#5024,#5334,#5455,#5466,#5776,#5888,#6198,#6310,#6620,#6732,#7042,#7154,#7464,#7576,#7886,#7998,#8308,#8420,#8730,#8842,#9152,#9264));
#9266=MANIFOLD_SOLID_BREP('Extruded.001',#9265);
#48=STYLED_ITEM('',(),#9266);
#9267=GEOMETRIC_CURVE_SET('',(#28,#44,#47));
#16=SHAPE_REPRESENTATION('root',(#15),#10);
#17=ADVANCED_BREP_SHAPE_REPRESENTATION('root',(#9266),#10);
#9275=SHAPE_REPRESENTATION_RELATIONSHIP('','',#16,#17);
#18=GEOMETRICALLY_BOUNDED_WIREFRAME_SHAPE_REPRESENTATION('root',(#41,#9267),#10);
#9283=SHAPE_REPRESENTATION_RELATIONSHIP('','',#16,#18);
#9284=APPLICATION_CONTEXT('configuration controlled 3D design of mechanical parts and assemblies');
#9285=APPLICATION_PROTOCOL_DEFINITION('international standard','configuration_control_3d_design_ed2_mim',2004,#9284);
#9286=PRODUCT_CONTEXT('',#9284,'mechanical');
#9287=PRODUCT_DEFINITION_CONTEXT('part definition',#9284,'design');
#24=PRODUCT('root','root','',(#9286));
#9288=PRODUCT_RELATED_PRODUCT_CATEGORY('part','',(#24));
#9289=PRODUCT_DEFINITION_FORMATION_WITH_SPECIFIED_SOURCE('','',#24,.NOT_KNOWN.);
#25=PRODUCT_DEFINITION('design','',#9289,#9287);
#23=PRODUCT_DEFINITION_SHAPE('','',#25);
#9290=SHAPE_DEFINITION_REPRESENTATION(#23,#16);
#11=DRAUGHTING_MODEL('',(),#10);
#1=MECHANICAL_DESIGN_GEOMETRIC_PRESENTATION_REPRESENTATION('',(#48),#10);
ENDSEC;
END-ISO-10303-21;
